fold,user,rank,item,score
0,1,1,948,0.5409868955612183
0,1,2,1142,0.4524875283241272
0,1,3,1332,-0.04776091128587723
0,1,4,1586,-0.14371222257614136
0,1,5,264,-0.17934921383857727
0,1,6,1754,-0.7273005843162537
0,1,7,2640,-1.1774702072143555
0,2,1,1621,1.261762261390686
0,2,2,2755,0.7694158554077148
0,2,3,2546,0.38767534494400024
0,2,4,1374,0.21405431628227234
0,2,5,1778,0.06508705019950867
0,2,6,853,-0.07087604701519012
0,2,7,510,-0.07103467732667923
0,2,8,2727,-0.19056396186351776
0,2,9,2234,-0.3798103928565979
0,3,1,316,2.4828929901123047
0,3,2,2780,0.5474478602409363
0,3,3,2899,0.24400946497917175
0,3,4,1018,-0.03195878118276596
0,3,5,701,-0.03519284725189209
0,3,6,655,-0.054586052894592285
0,3,7,1407,-0.42190343141555786
0,3,8,1465,-1.0177819728851318
0,4,1,2556,3.4449219703674316
0,4,2,2073,2.8434367179870605
0,4,3,1665,1.3754498958587646
0,4,4,2405,1.1358394622802734
0,4,5,1449,0.2401486039161682
0,4,6,612,0.20936521887779236
0,4,7,2044,-0.08217886090278625
0,4,8,2661,-0.12892559170722961
0,4,9,1413,-1.0609867572784424
0,4,10,852,-1.2882158756256104
0,7,1,2095,1.3371156454086304
0,7,2,2098,0.7081744074821472
0,7,3,1341,0.5843088626861572
0,7,4,2358,0.4992292821407318
0,7,5,95,0.49875056743621826
0,7,6,1067,0.1873968243598938
0,7,7,2441,0.12483513355255127
0,7,8,851,-0.2390514612197876
0,9,1,3018,2.235165596008301
0,9,2,1518,1.4624345302581787
0,9,3,2952,0.3921777606010437
0,9,4,2431,0.1081056147813797
0,9,5,1984,-0.07340163737535477
0,9,6,1247,-0.10090416669845581
0,9,7,2272,-1.662405014038086
0,11,1,1435,1.1522547006607056
0,11,2,3037,0.5480455756187439
0,11,3,1881,0.3979535400867462
0,11,4,2306,0.3792809545993805
0,11,5,1481,0.22652530670166016
0,11,6,2951,0.11508697271347046
0,11,7,1681,-0.2018730640411377
0,11,8,1781,-0.49152231216430664
0,11,9,1368,-1.1163498163223267
0,11,10,1062,-1.2782561779022217
0,12,1,2751,1.193131685256958
0,12,2,2448,0.1846778690814972
0,12,3,1838,0.10566787421703339
0,12,4,365,-0.04661409556865692
0,12,5,2914,-0.3190619945526123
0,12,6,333,-0.6673825979232788
0,12,7,31,-1.3789085149765015
0,13,1,2792,2.349485397338867
0,13,2,2299,0.34999334812164307
0,13,3,155,0.14232392609119415
0,13,4,2995,-0.020830295979976654
0,13,5,975,-0.052382051944732666
0,13,6,1917,-0.06921247392892838
0,13,7,1587,-0.9171320199966431
0,13,8,2961,-0.9605021476745605
0,13,9,2484,-1.1818983554840088
0,14,1,2097,1.153354525566101
0,14,2,2372,0.6022712588310242
0,14,3,174,0.3507421910762787
0,14,4,2742,0.19593694806098938
0,14,5,612,-0.07299143075942993
0,14,6,1442,-0.3719857931137085
0,14,7,356,-0.48106467723846436
0,14,8,1171,-0.4905228614807129
0,15,1,1312,2.334517478942871
0,15,2,2877,2.1826331615448
0,15,3,953,2.0824172496795654
0,15,4,1535,1.6662522554397583
0,15,5,861,1.4758472442626953
0,15,6,2989,1.1469441652297974
0,15,7,1335,1.0128341913223267
0,15,8,137,0.8655010461807251
0,15,9,2387,0.3417862057685852
0,15,10,327,0.0824756771326065
0,16,1,993,1.1496696472167969
0,16,2,1395,0.9496074914932251
0,16,3,2045,0.7933886051177979
0,16,4,1507,0.7133513689041138
0,16,5,364,-0.3059924244880676
0,16,6,2997,-0.37014123797416687
0,16,7,2270,-0.41486117243766785
0,16,8,1744,-0.43023282289505005
0,16,9,2196,-0.8364894986152649
0,16,10,261,-1.2566900253295898
0,17,1,530,0.870948314666748
0,17,2,2297,0.21567946672439575
0,17,3,80,-0.04814331978559494
0,17,4,20,-0.05287092179059982
0,17,5,1332,-0.06832696497440338
0,17,6,1287,-0.15797165036201477
0,17,7,512,-0.31352871656417847
0,17,8,1833,-0.4469529986381531
0,17,9,2396,-0.5297181010246277
0,17,10,2474,-0.7017465829849243
0,18,1,1202,3.58858060836792
0,18,2,364,0.7656817436218262
0,18,3,348,0.66932213306427
0,18,4,1308,0.4141886234283447
0,18,5,2476,0.3147980570793152
0,18,6,1265,0.2985973656177521
0,18,7,1550,0.09592151641845703
0,18,8,727,-0.22256484627723694
0,18,9,2669,-0.37035900354385376
0,21,1,1388,4.073056221008301
0,21,2,556,2.806121349334717
0,21,3,615,0.7786867618560791
0,21,4,1760,-0.07067909836769104
0,21,5,22,-0.6498327851295471
0,21,6,1517,-0.819831371307373
0,21,7,853,-1.1941604614257812
0,21,8,1978,-1.8013288974761963
0,22,1,2674,1.7831484079360962
0,22,2,2369,0.25024551153182983
0,22,3,2237,0.18445150554180145
0,22,4,1778,0.12592151761054993
0,22,5,2274,-0.48679959774017334
0,22,6,1651,-0.6389923691749573
0,22,7,2464,-0.655787467956543
0,22,8,2397,-2.378941059112549
0,23,1,969,2.3994200229644775
0,23,2,1638,2.2325868606567383
0,23,3,756,2.0462751388549805
0,23,4,2067,1.8250882625579834
0,23,5,2442,1.1391146183013916
0,23,6,1127,0.709237277507782
0,23,7,1335,0.707834780216217
0,23,8,2634,0.5903902053833008
0,23,9,916,-0.046087946742773056
0,23,10,563,-0.239812970161438
0,24,1,1792,0.5150160789489746
0,24,2,1836,0.05388683080673218
0,24,3,2559,-0.005027651786804199
0,24,4,2016,-0.07355637848377228
0,24,5,1547,-0.08412173390388489
0,24,6,1869,-0.09128893911838531
0,24,7,108,-0.1464107483625412
0,24,8,544,-0.502623975276947
0,24,9,1893,-0.5204315781593323
0,24,10,2136,-1.132704734802246
0,25,1,1812,1.4810981750488281
0,25,2,1601,1.0477702617645264
0,25,3,25,0.5501946210861206
0,25,4,1496,0.5445368885993958
0,25,5,2050,0.1499572992324829
0,25,6,155,0.14545246958732605
0,25,7,1554,-0.10986045002937317
0,25,8,779,-0.5747830271720886
0,25,9,293,-1.4706647396087646
0,25,10,527,-1.5146034955978394
0,26,1,177,4.723210334777832
0,26,2,271,4.546195983886719
0,26,3,1287,1.1630730628967285
0,26,4,128,0.7844374775886536
0,26,5,2238,0.7649285793304443
0,26,6,2212,0.4801085293292999
0,26,7,2706,0.4453883767127991
0,26,8,2769,-0.3688385784626007
0,26,9,1501,-0.5138415694236755
0,26,10,2273,-0.5640716552734375
0,27,1,1881,3.3818507194519043
0,27,2,2352,2.077828884124756
0,27,3,2876,1.8955401182174683
0,27,4,2114,1.5748953819274902
0,27,5,93,-0.03161425143480301
0,27,6,539,-0.30877190828323364
0,27,7,430,-0.4016052484512329
0,27,8,3040,-0.6633126735687256
0,27,9,2007,-1.2954788208007812
0,27,10,2916,-1.3313190937042236
0,28,1,1365,2.9872491359710693
0,28,2,2410,1.2168469429016113
0,28,3,38,1.0134143829345703
0,28,4,1327,0.8941285610198975
0,28,5,524,0.43325597047805786
0,28,6,996,-0.009795832447707653
0,28,7,2006,-0.026530755683779716
0,28,8,911,-0.044370297342538834
0,28,9,2975,-0.1921209692955017
0,28,10,1592,-0.5442862510681152
0,29,1,559,1.9452898502349854
0,29,2,1424,1.450894832611084
0,29,3,2653,0.9971188306808472
0,29,4,893,-0.010045530274510384
0,29,5,2025,-0.022947730496525764
0,29,6,2808,-0.023231176659464836
0,29,7,845,-0.03272517770528793
0,29,8,742,-0.3340901732444763
0,29,9,613,-0.363982617855072
0,29,10,2090,-0.8801041841506958
0,31,1,14,3.8473567962646484
0,31,2,1415,1.479986310005188
0,31,3,1970,1.2783632278442383
0,31,4,2963,1.1236149072647095
0,31,5,536,0.8228660821914673
0,31,6,2303,0.33538734912872314
0,31,7,459,0.15764236450195312
0,31,8,169,-0.04523593559861183
0,31,9,3010,-0.07315933704376221
0,31,10,2188,-0.46957042813301086
0,32,1,2405,2.24221134185791
0,32,2,1775,0.7175170183181763
0,32,3,1600,0.5522504448890686
0,32,4,792,0.28106939792633057
0,32,5,2897,0.26308178901672363
0,32,6,2127,-0.38700756430625916
0,33,1,2920,3.4241833686828613
0,33,2,865,3.0148048400878906
0,33,3,2719,2.260444402694702
0,33,4,672,0.6254385709762573
0,33,5,645,0.5290895700454712
0,33,6,1258,0.3602602183818817
0,33,7,980,0.13620710372924805
0,33,8,1267,0.027956485748291016
0,33,9,1853,-0.057915765792131424
0,33,10,112,-1.268088459968567
0,34,1,598,1.5171427726745605
0,34,2,1112,1.495032548904419
0,34,3,1621,1.0082248449325562
0,34,4,1374,0.9894171357154846
0,34,5,129,0.9281730651855469
0,34,6,1055,0.6293706893920898
0,34,7,2622,0.34422725439071655
0,34,8,2841,-0.04230528324842453
0,34,9,1926,-0.04663719981908798
0,34,10,2488,-0.05802862346172333
0,35,1,1518,2.86626935005188
0,35,2,46,2.0050487518310547
0,35,3,2287,1.2057982683181763
0,35,4,2552,0.9849516153335571
0,35,5,205,0.9804803133010864
0,35,6,1496,0.7783448100090027
0,35,7,2344,0.698002278804779
0,35,8,239,-0.03982143849134445
0,35,9,1500,-0.07496248185634613
0,35,10,860,-0.4950261116027832
0,36,1,542,2.0512263774871826
0,36,2,2370,1.0570714473724365
0,36,3,2367,1.0349986553192139
0,36,4,2315,0.6207283735275269
0,36,5,645,-0.029709190130233765
0,36,6,2937,-0.22413969039916992
0,36,7,954,-0.35687994956970215
0,36,8,1301,-0.41990330815315247
0,36,9,2078,-0.6775820255279541
0,36,10,453,-1.2347919940948486
0,37,1,557,3.1744284629821777
0,37,2,1543,1.7758516073226929
0,37,3,674,1.6360769271850586
0,37,4,464,1.1134653091430664
0,37,5,1446,1.006629228591919
0,37,6,1112,0.16368544101715088
0,37,7,2832,0.022557199001312256
0,37,8,2751,-0.04867944121360779
0,37,9,1009,-0.39136362075805664
0,37,10,1336,-0.4442541301250458
0,38,1,530,5.376669406890869
0,38,2,1308,4.420190334320068
0,38,3,736,3.380004644393921
0,38,4,2448,1.119332194328308
0,38,5,748,0.7503198385238647
0,38,6,1891,-0.007217686623334885
0,38,7,1250,-0.017281554639339447
0,39,1,2074,7.926874160766602
0,39,2,1327,7.643001556396484
0,39,3,1946,2.90311861038208
0,39,4,1939,2.0240044593811035
0,39,5,1045,1.4704493284225464
0,39,6,1317,0.764091968536377
0,39,7,1802,0.7433494925498962
0,39,8,1792,0.15122252702713013
0,39,9,368,-0.030795622617006302
0,39,10,2609,-0.2854958176612854
0,40,1,3057,4.40508508682251
0,40,2,2369,4.38818883895874
0,40,3,2161,1.1867557764053345
0,40,4,1317,0.7588616013526917
0,40,5,1910,0.6296226382255554
0,40,6,1739,0.09456473588943481
0,40,7,1275,0.0675358772277832
0,40,8,2196,0.05029985308647156
0,40,9,853,-0.43918460607528687
0,40,10,2007,-0.5432267189025879
0,42,1,1738,6.687430381774902
0,42,2,1417,6.498842239379883
0,42,3,390,6.335000991821289
0,42,4,2844,0.28916388750076294
0,42,5,2533,-0.14747720956802368
0,42,6,1707,-0.8868598937988281
0,42,7,1368,-0.9067087769508362
0,43,1,471,8.071578025817871
0,43,2,1417,7.366466522216797
0,43,3,1165,4.974177360534668
0,43,4,2087,0.19027531147003174
0,43,5,2160,-0.3265289068222046
0,43,6,315,-0.38209766149520874
0,43,7,1635,-0.8950862884521484
0,43,8,2344,-1.1390491724014282
0,45,1,2273,5.284820079803467
0,45,2,1818,4.842900276184082
0,45,3,248,3.5458831787109375
0,45,4,1053,0.6963514089584351
0,45,5,1310,-0.23338985443115234
0,45,6,2212,-0.8214558362960815
0,45,7,2490,-0.8339864015579224
0,45,8,579,-1.0878989696502686
0,46,1,390,5.817193031311035
0,46,2,667,5.535744667053223
0,46,3,2193,3.9538049697875977
0,46,4,1398,0.9831544160842896
0,46,5,1528,0.96788090467453
0,46,6,415,0.8712074756622314
0,46,7,208,0.586010754108429
0,46,8,624,0.23486530780792236
0,46,9,319,-0.02131665125489235
0,47,1,667,7.351923942565918
0,47,2,2193,5.247271537780762
0,47,3,248,5.055700302124023
0,47,4,666,1.0886199474334717
0,47,5,2793,-0.02209024876356125
0,47,6,2736,-0.08256648480892181
0,47,7,2286,-0.4039103388786316
0,47,8,1911,-0.7917961478233337
0,47,9,78,-1.1750023365020752
0,47,10,1721,-1.2462137937545776
0,48,1,1738,6.818414211273193
0,48,2,2273,6.300903797149658
0,48,3,2,5.841180801391602
0,48,4,316,0.7483096122741699
0,48,5,3054,0.11197451502084732
0,48,6,987,-0.050810668617486954
0,48,7,1811,-0.17726895213127136
0,48,8,2075,-0.3161427974700928
0,48,9,530,-0.4057374894618988
0,48,10,788,-0.5216668844223022
0,49,1,390,7.549434661865234
0,49,2,667,7.201023101806641
0,49,3,1818,6.725237846374512
0,49,4,1758,0.36486634612083435
0,49,5,346,0.014530591666698456
0,49,6,148,-0.031801894307136536
0,49,7,3079,-0.23369580507278442
0,49,8,1962,-0.6325517892837524
0,49,9,1399,-0.657502293586731
0,49,10,203,-0.8698168992996216
0,50,1,1417,6.883941650390625
0,50,2,1848,6.698196887969971
0,50,3,113,5.130265235900879
0,50,4,1507,2.1913132667541504
0,50,5,2594,1.8634625673294067
0,50,6,2407,0.5337114334106445
0,50,7,1263,0.5234181880950928
0,50,8,5,0.4609900116920471
0,50,9,1442,0.26648980379104614
0,50,10,2649,0.16649268567562103
0,51,1,2273,5.633906364440918
0,51,2,1818,5.15505313873291
0,51,3,113,4.407024383544922
0,51,4,2830,0.7510370016098022
0,51,5,2876,0.5416048169136047
0,51,6,64,0.3227405846118927
0,51,7,2521,0.2710983157157898
0,51,8,30,0.24546706676483154
0,51,9,2654,0.17638717591762543
0,52,1,1821,5.798272132873535
0,52,2,2206,5.471093654632568
0,52,3,137,4.227537155151367
0,52,4,766,1.6795767545700073
0,52,5,2985,1.5488982200622559
0,52,6,502,0.67145174741745
0,52,7,1717,0.6603376865386963
0,52,8,1638,0.4799395799636841
0,52,9,3061,-0.11906455457210541
0,52,10,2757,-0.5127265453338623
0,53,1,1279,4.759747505187988
0,53,2,484,4.666420936584473
0,53,3,1805,3.8621745109558105
0,53,4,2649,0.7672409415245056
0,53,5,2163,0.5173958539962769
0,53,6,2237,0.38029739260673523
0,53,7,59,-0.06826895475387573
0,53,8,2185,-0.11644510924816132
0,53,9,1067,-0.22889895737171173
0,53,10,512,-0.5993748903274536
0,54,1,2353,4.75126314163208
0,54,2,484,4.713939189910889
0,54,3,380,3.8776040077209473
0,54,4,1197,1.049888014793396
0,54,5,1779,0.5421556234359741
0,54,6,3054,0.13513529300689697
0,54,7,2841,-0.04008394479751587
0,54,8,13,-0.5928787589073181
0,54,9,1558,-1.0819926261901855
0,55,1,2353,6.199667453765869
0,55,2,1279,5.8939337730407715
0,55,3,3059,4.688661575317383
0,55,4,584,2.9375360012054443
0,55,5,2583,2.2264907360076904
0,55,6,481,1.6921582221984863
0,55,7,1223,1.3746416568756104
0,55,8,1620,0.944603443145752
0,55,9,1910,0.2032686024904251
0,55,10,572,-0.017019260674715042
0,56,1,645,5.828484535217285
0,56,2,890,5.038392066955566
0,56,3,1100,2.4520840644836426
0,56,4,2444,1.4109077453613281
0,56,5,2738,1.0828402042388916
0,56,6,461,0.6834872961044312
0,56,7,1109,0.1168285608291626
0,56,8,289,0.07660657167434692
0,56,9,2025,-0.007501358166337013
0,56,10,319,-0.06200574338436127
0,57,1,2341,5.498618125915527
0,57,2,1546,4.850277900695801
0,57,3,746,3.6266367435455322
0,57,4,2159,1.6109366416931152
0,57,5,1267,1.0174870491027832
0,57,6,1645,0.9988507032394409
0,57,7,1757,0.6412385106086731
0,57,8,273,0.2632030248641968
0,57,9,1163,0.2561098337173462
0,57,10,2788,-0.851165771484375
0,58,1,271,7.205231189727783
0,58,2,1365,7.008586883544922
0,58,3,1438,6.167380332946777
0,58,4,32,0.2787225842475891
0,58,5,1260,0.21274718642234802
0,58,6,1928,-0.024355459958314896
0,58,7,1875,-0.02759331464767456
0,58,8,1760,-0.17033015191555023
0,58,9,1212,-0.21454346179962158
0,58,10,1778,-0.2511611580848694
0,59,1,1438,5.337636947631836
0,59,2,645,5.2845282554626465
0,59,3,1454,2.2663307189941406
0,59,4,2234,0.9595342874526978
0,59,5,572,0.8056969046592712
0,59,6,857,0.5700151920318604
0,59,7,608,0.20230436325073242
0,59,8,2016,-0.043387625366449356
0,59,9,1059,-0.11897549033164978
0,59,10,2931,-0.38479849696159363
0,60,1,99,6.738560199737549
0,60,2,1388,6.720961570739746
0,60,3,1012,6.1072845458984375
0,60,4,718,0.6954742670059204
0,60,5,416,0.11517617106437683
0,60,6,339,-0.004289478994905949
0,60,7,3032,-0.4030866026878357
0,60,8,905,-0.4306538999080658
0,60,9,3027,-0.7996083498001099
0,61,1,2583,5.9895524978637695
0,61,2,584,5.595798015594482
0,61,3,3037,1.44881010055542
0,61,4,1153,0.3459858298301697
0,61,5,1145,0.09097030758857727
0,61,6,911,-0.033856481313705444
0,61,7,1395,-0.07048796117305756
0,61,8,493,-0.09779362380504608
0,61,9,1612,-0.257530152797699
0,61,10,507,-0.2846551537513733
0,62,1,2914,6.303433418273926
0,62,2,1012,5.6640119552612305
0,62,3,2050,4.182582855224609
0,62,4,551,0.6573728322982788
0,62,5,2706,0.5882246494293213
0,62,6,414,0.3825460970401764
0,62,7,1383,-0.052595943212509155
0,62,8,2697,-0.44097015261650085
0,62,9,755,-0.6366738080978394
0,62,10,546,-0.7486170530319214
0,63,1,584,6.071394920349121
0,63,2,2723,5.3963751792907715
0,63,3,3037,1.5278253555297852
0,63,4,1112,1.1061761379241943
0,63,5,1108,0.6694632768630981
0,63,6,1006,-0.010835937224328518
0,63,7,1587,-0.11157786846160889
0,63,8,1386,-0.279615193605423
0,63,9,1336,-0.5052213668823242
0,63,10,562,-1.617570400238037
0,64,1,2405,5.422220230102539
0,64,2,1833,3.571387767791748
0,64,3,6,1.3884738683700562
0,64,4,439,0.6992145776748657
0,64,5,1869,-0.019790560007095337
0,64,6,1801,-0.0324275903403759
0,64,7,987,-0.05865523964166641
0,64,8,1429,-0.073873370885849
0,64,9,220,-0.1610713005065918
0,64,10,3048,-0.2804322838783264
0,65,1,2481,3.2439112663269043
0,65,2,2358,2.7836709022521973
0,65,3,2435,2.5846896171569824
0,65,4,2319,0.5596114993095398
0,65,5,1701,0.5170859098434448
0,65,6,1907,0.13120537996292114
0,65,7,8,0.12834525108337402
0,65,8,1751,-0.018197307363152504
0,65,9,166,-0.022207550704479218
0,65,10,884,-0.5313609838485718
0,66,1,2742,4.902562141418457
0,66,2,2792,0.5070697665214539
0,66,3,2228,0.4790751338005066
0,66,4,1270,0.3095119297504425
0,66,5,1984,0.004713809117674828
0,66,6,1751,-0.013026777654886246
0,66,7,224,-0.022426076233386993
0,66,8,1618,-0.38760048151016235
0,66,9,2209,-0.4415763020515442
0,66,10,2028,-0.7998870015144348
0,67,1,2259,1.9918395280838013
0,67,2,461,1.7027348279953003
0,67,3,1127,1.348514199256897
0,67,4,1628,1.2129899263381958
0,67,5,2303,0.6756183505058289
0,67,6,2914,0.6665328741073608
0,67,7,1388,0.6615934371948242
0,67,8,530,0.49269992113113403
0,67,9,2776,0.0191052183508873
0,67,10,1751,-0.019629957154393196
0,68,1,1055,3.853731870651245
0,68,2,939,0.0909234881401062
0,68,3,2776,0.006144830957055092
0,68,4,750,-0.022532133385539055
0,68,5,2048,-0.26454195380210876
0,68,6,387,-0.4202730655670166
0,68,7,502,-0.7096810936927795
0,68,8,283,-1.0327801704406738
0,69,1,2410,5.7920684814453125
0,69,2,1300,4.192072868347168
0,69,3,1910,3.694746494293213
0,69,4,2933,1.757309913635254
0,69,5,2796,1.5657238960266113
0,69,6,2952,0.02614682912826538
0,69,7,1928,-0.025913964956998825
0,69,8,2156,-0.549054741859436
0,69,9,1878,-0.8161865472793579
0,69,10,784,-1.5088071823120117
0,70,1,1300,4.5749006271362305
0,70,2,1362,2.971940755844116
0,70,3,2167,1.8593000173568726
0,70,4,1673,0.12545481324195862
0,70,5,1006,-0.003047322854399681
0,70,6,2677,-0.0345195047557354
0,70,7,1801,-0.0368896909058094
0,70,8,2496,-0.06464288383722305
0,70,9,540,-0.4163728654384613
0,70,10,2603,-0.6278011202812195
0,71,1,461,2.1469950675964355
0,71,2,2366,2.091992139816284
0,71,3,674,0.8597320318222046
0,71,4,1116,0.320870578289032
0,71,5,2677,-0.03877712041139603
0,71,6,1981,-0.20065346360206604
0,71,7,1400,-0.2623404264450073
0,71,8,792,-0.7069178223609924
0,72,1,599,5.951468467712402
0,72,2,1461,5.197719573974609
0,72,3,1127,4.758091926574707
0,72,4,1236,1.5053186416625977
0,72,5,356,0.5267282724380493
0,72,6,476,0.45127516984939575
0,72,7,1861,0.01964513212442398
0,72,8,1303,-0.2895919978618622
0,72,9,594,-0.6432200074195862
0,72,10,2911,-0.8821538686752319
0,73,1,1127,5.233874320983887
0,73,2,2184,2.545973777770996
0,73,3,481,1.4984517097473145
0,73,4,1302,1.2867615222930908
0,73,5,2557,0.9315252304077148
0,73,6,2368,0.7863677144050598
0,73,7,3059,0.29103490710258484
0,73,8,1745,-0.039912059903144836
0,73,9,1771,-0.052389759570360184
0,73,10,1542,-0.4884999096393585
0,74,1,1730,6.475572109222412
0,74,2,6,4.272010326385498
0,74,3,2789,2.17838454246521
0,74,4,2098,1.871422529220581
0,74,5,2368,0.7578856945037842
0,74,6,2562,0.3171422481536865
0,74,7,2067,-0.038923561573028564
0,74,8,996,-0.04754853993654251
0,74,9,727,-0.16470873355865479
0,74,10,2312,-0.4641302824020386
0,75,1,1461,6.061298370361328
0,75,2,6,4.354366302490234
0,75,3,1342,1.2603424787521362
0,75,4,2368,0.9601043462753296
0,75,5,2,0.6393966674804688
0,75,6,699,0.4559832811355591
0,75,7,164,-0.07615616917610168
0,75,8,1567,-0.11999160051345825
0,75,9,108,-0.14411228895187378
0,76,1,2161,6.08479118347168
0,76,2,732,5.5976152420043945
0,76,3,1427,4.2590813636779785
0,76,4,2313,0.9626873135566711
0,76,5,1927,0.9322490096092224
0,76,6,675,0.46559104323387146
0,76,7,1266,-0.6068289279937744
0,76,8,1655,-0.9750200510025024
0,77,1,1427,4.168758869171143
0,77,2,551,1.3294777870178223
0,77,3,2695,1.0038840770721436
0,77,4,1007,0.7968405485153198
0,77,5,421,0.4179157018661499
0,77,6,2622,0.23308569192886353
0,77,7,889,-0.07426310330629349
0,77,8,1379,-0.5437976121902466
0,77,9,1400,-0.6647620797157288
0,77,10,1208,-0.7656633257865906
0,78,1,2098,6.552044868469238
0,78,2,1628,2.523439884185791
0,78,3,1848,2.283365488052368
0,78,4,1495,0.962952196598053
0,78,5,1007,0.42304909229278564
0,78,6,887,-0.019393546506762505
0,78,7,319,-0.0520920529961586
0,78,8,889,-0.07797389477491379
0,78,9,82,-1.288870096206665
0,80,1,1513,4.262050628662109
0,80,2,2684,3.623659610748291
0,80,3,1979,2.5632119178771973
0,80,4,2739,1.4731686115264893
0,80,5,1446,0.1909504234790802
0,80,6,1466,-0.1379566192626953
0,80,7,295,-0.4388258457183838
0,80,8,2583,-0.5313079357147217
0,80,9,2590,-0.7374017834663391
0,80,10,2377,-1.3009514808654785
0,81,1,2695,4.778573513031006
0,81,2,2789,3.717517375946045
0,81,3,1618,0.17779506742954254
0,81,4,553,0.03202744573354721
0,81,5,239,-0.02241939678788185
0,81,6,80,-0.07179725170135498
0,81,7,1600,-0.44460129737854004
0,81,8,2640,-0.6370225548744202
0,81,9,1102,-0.6459041833877563
0,81,10,540,-0.8373885154724121
0,82,1,2985,6.287959575653076
0,82,2,2660,4.729230880737305
0,82,3,2654,4.280523777008057
0,82,4,2315,0.8346661329269409
0,82,5,612,0.6571749448776245
0,82,6,1236,0.4663158655166626
0,82,7,319,-0.051265813410282135
0,82,8,2956,-0.2920170724391937
0,82,9,3069,-0.31238865852355957
0,82,10,375,-0.7287718057632446
0,83,1,1254,5.353842258453369
0,83,2,2660,4.375755310058594
0,83,3,2654,3.960219621658325
0,83,4,319,-0.04447099566459656
0,83,5,668,-0.1894579827785492
0,83,6,2669,-0.2663067579269409
0,83,7,394,-0.29150623083114624
0,83,8,2978,-0.6011333465576172
0,84,1,2302,6.248356819152832
0,84,2,3032,5.823408126831055
0,84,3,62,5.674657344818115
0,84,4,2024,0.8158371448516846
0,84,5,2368,0.5930777788162231
0,84,6,1078,0.3852819502353668
0,84,7,2990,-0.5395727157592773
0,85,1,2323,5.553107738494873
0,85,2,954,4.843074798583984
0,85,3,3054,2.748227596282959
0,85,4,559,2.492267608642578
0,85,5,1615,0.40331804752349854
0,85,6,1836,0.13635864853858948
0,85,7,164,-0.03395610675215721
0,85,8,325,-0.0369948148727417
0,85,9,158,-0.04978451505303383
0,85,10,3084,-0.06440770626068115
0,86,1,1428,0.5106393098831177
0,86,2,736,0.253220796585083
0,86,3,158,-0.03025202453136444
0,86,4,80,-0.03075290471315384
0,86,5,2622,-0.3380971848964691
0,86,6,624,-0.34041374921798706
0,86,7,1521,-0.48961541056632996
0,86,8,2706,-0.7028754949569702
0,86,9,1744,-1.0616235733032227
0,87,1,2839,4.963460922241211
0,87,2,754,1.0506017208099365
0,87,3,2956,0.8117426037788391
0,87,4,1739,0.7856730818748474
0,87,5,1781,0.2804724872112274
0,87,6,1151,0.05940133333206177
0,87,7,2496,-0.005200883373618126
0,87,8,362,-0.018558692187070847
0,87,9,158,-0.04655585438013077
0,87,10,1521,-0.32689976692199707
0,89,1,2734,5.7321014404296875
0,89,2,1146,3.7342028617858887
0,89,3,756,0.8383468985557556
0,89,4,611,0.2190341353416443
0,89,5,1246,-0.12138362228870392
0,89,6,174,-0.22834385931491852
0,89,7,298,-0.30486834049224854
0,89,8,249,-0.5323328971862793
0,89,9,2910,-0.7275373935699463
0,89,10,1278,-0.742627739906311
0,91,1,2755,1.4915668964385986
0,91,2,2560,0.8664097785949707
0,91,3,2431,0.23395094275474548
0,91,4,955,-0.019467506557703018
0,91,5,1780,-0.023085806518793106
0,91,6,887,-0.03618352487683296
0,91,7,1984,-0.06238831579685211
0,91,8,1669,-0.06763491034507751
0,91,9,2972,-0.07564904540777206
0,91,10,2183,-0.19022440910339355
0,92,1,474,3.216390609741211
0,92,2,1038,2.5140774250030518
0,92,3,1311,2.4031591415405273
0,92,4,2167,0.8101342916488647
0,92,5,2654,0.4078502357006073
0,92,6,1409,0.252716064453125
0,92,7,351,-0.02341420389711857
0,92,8,663,-0.13313616812229156
0,92,9,863,-0.49183014035224915
0,92,10,1116,-0.5513595342636108
0,93,1,474,6.266057968139648
0,93,2,1395,6.044182777404785
0,93,3,2755,3.812255859375
0,93,4,2045,1.7570407390594482
0,93,5,1738,0.5331365466117859
0,93,6,2994,0.3215278387069702
0,93,7,196,-1.1941423416137695
0,93,8,475,-1.2795507907867432
0,95,1,1223,7.784451484680176
0,95,2,2844,4.957959175109863
0,95,3,55,1.7269153594970703
0,95,4,98,1.4037556648254395
0,95,5,2347,1.0601848363876343
0,95,6,518,0.9296153783798218
0,95,7,1352,0.30107641220092773
0,95,8,330,0.0017955624498426914
0,95,9,1817,-0.22757554054260254
0,95,10,1571,-0.3981197476387024
0,97,1,426,7.0286407470703125
0,97,2,1013,4.825323104858398
0,97,3,2347,4.803091526031494
0,97,4,186,1.4001390933990479
0,97,5,1522,1.2662562131881714
0,97,6,1836,-0.012318134307861328
0,97,7,157,-0.03393419831991196
0,97,8,2759,-0.2354833036661148
0,97,9,1999,-1.655099630355835
0,97,10,1466,-2.44978404045105
0,98,1,559,5.793055534362793
0,98,2,1013,4.000288486480713
0,98,3,2347,3.984776496887207
0,98,4,1642,1.8749163150787354
0,98,5,668,0.7585562467575073
0,98,6,1142,0.599806010723114
0,98,7,1558,0.4275251626968384
0,98,8,2163,0.27748483419418335
0,98,9,2267,-0.2541465163230896
0,100,1,612,5.803945541381836
0,100,2,1273,4.855913162231445
0,100,3,2087,2.774118423461914
0,100,4,746,0.4355909526348114
0,100,5,1300,0.20733124017715454
0,100,6,742,0.07136289030313492
0,100,7,1381,-0.3407338559627533
0,100,8,1478,-0.48415496945381165
0,101,1,2087,3.700714349746704
0,101,2,2367,3.633117198944092
0,101,3,766,3.0766618251800537
0,101,4,1982,0.2832286059856415
0,102,1,2159,7.209864616394043
0,102,2,2448,4.780311584472656
0,102,3,2087,4.1732330322265625
0,102,4,1254,0.9210365414619446
0,102,5,698,0.607835054397583
0,102,6,2200,0.11003348231315613
0,102,7,1749,0.0798431932926178
0,102,8,49,0.057747602462768555
0,102,9,336,-0.02149907872080803
0,102,10,1701,-0.03466960787773132
0,103,1,2143,6.309360504150391
0,103,2,2482,6.26823091506958
0,103,3,2367,4.16652774810791
0,103,4,1327,2.9218344688415527
0,103,5,2303,1.0859050750732422
0,103,6,524,0.5530565977096558
0,103,7,1940,0.461958646774292
0,103,8,664,-1.0045011043548584
0,104,1,2095,5.482276916503906
0,104,2,766,2.7200331687927246
0,104,3,1295,1.616944670677185
0,104,4,727,0.30331361293792725
0,104,5,432,0.16896969079971313
0,104,6,2804,0.07650640606880188
0,104,7,231,-0.0325341671705246
0,104,8,2972,-0.03719562292098999
0,104,9,855,-0.03943566977977753
0,104,10,1328,-0.2907848358154297
0,105,1,2095,6.753080368041992
0,105,2,379,4.293124198913574
0,105,3,2406,3.135991334915161
0,105,4,644,1.180225133895874
0,105,5,434,0.9750943779945374
0,105,6,1754,0.3213430643081665
0,105,7,2496,-0.02884598821401596
0,105,8,3053,-0.4530003070831299
0,105,9,121,-0.45706191658973694
0,105,10,2365,-1.8255441188812256
0,106,1,2238,4.727196216583252
0,106,2,534,4.651541709899902
0,106,3,2482,4.528265476226807
0,106,4,414,0.3766368627548218
0,106,5,750,-0.017455115914344788
0,106,6,222,-0.02478804625570774
0,106,7,2118,-0.10808434337377548
0,106,8,1267,-0.10917001962661743
0,106,9,2990,-0.5853288769721985
0,106,10,3019,-0.7140468955039978
0,108,1,2287,6.587037086486816
0,108,2,2951,5.242976188659668
0,108,3,1848,0.9285483360290527
0,108,4,368,-0.021436719223856926
0,108,5,93,-0.06060709059238434
0,108,6,1582,-0.47935882210731506
0,108,7,787,-1.2787199020385742
0,108,8,696,-1.3898448944091797
0,108,9,852,-1.433113694190979
0,109,1,556,5.32670783996582
0,109,2,1812,4.646309852600098
0,109,3,379,2.5349292755126953
0,109,4,1657,1.0883543491363525
0,109,5,2668,0.9952437877655029
0,109,6,2410,0.4727165102958679
0,109,7,1858,0.1336531937122345
0,109,8,158,-0.021571435034275055
0,109,9,169,-0.026670388877391815
0,109,10,703,-0.2945423126220703
0,112,1,991,4.196743965148926
0,112,2,986,0.5683690309524536
0,112,3,1891,-0.03321658819913864
0,112,4,2811,-0.049773283302783966
0,112,5,1400,-0.3214326500892639
0,112,6,1858,-0.6188036203384399
0,112,7,2916,-0.6986504197120667
0,113,1,2661,5.743168830871582
0,113,2,2315,4.83709716796875
0,113,3,2370,4.211092948913574
0,113,4,1650,3.0384247303009033
0,113,5,915,0.937088131904602
0,113,6,1683,0.44623827934265137
0,113,7,664,-0.17472267150878906
0,113,8,1260,-0.22929877042770386
0,113,9,2256,-0.616622805595398
0,113,10,2290,-0.9428861141204834
0,114,1,2258,6.300470352172852
0,114,2,14,5.141894817352295
0,114,3,2738,4.858315467834473
0,114,4,954,0.08756905794143677
0,114,5,397,-0.22524240612983704
0,114,6,1781,-0.24076063930988312
0,114,7,2574,-0.6706773638725281
0,114,8,621,-1.3046258687973022
0,114,9,1964,-1.352861762046814
0,115,1,2848,6.382946014404297
0,115,2,601,5.6691694259643555
0,115,3,1374,2.242074489593506
0,115,4,1785,0.786343514919281
0,115,5,94,0.09923270344734192
0,115,6,189,0.031286001205444336
0,115,7,270,-0.09831003844738007
0,115,8,220,-0.19779250025749207
0,115,9,229,-1.3812822103500366
0,116,1,2127,5.840212345123291
0,116,2,14,4.384308338165283
0,116,3,1374,2.07859468460083
0,116,4,1016,0.5464925765991211
0,116,5,2397,-1.0229212045669556
0,117,1,1691,7.146643161773682
0,117,2,2738,4.930266857147217
0,117,3,230,3.584129810333252
0,117,4,1374,2.2783055305480957
0,117,5,2844,0.7516737580299377
0,117,6,1723,0.15994781255722046
0,117,7,1007,0.09918033331632614
0,117,8,1907,0.08587461709976196
0,117,9,1899,-0.7779654860496521
0,118,1,857,4.672027587890625
0,118,2,364,4.476014137268066
0,118,3,2144,4.391180992126465
0,118,4,1428,1.5432898998260498
0,118,5,1678,0.3674018979072571
0,118,6,1982,0.3648729622364044
0,118,7,1665,0.17213943600654602
0,118,8,2952,-0.1147361695766449
0,118,9,2956,-1.0786552429199219
0,119,1,1176,5.8882527351379395
0,119,2,2344,5.123539447784424
0,119,3,756,5.06739616394043
0,119,4,1388,0.8406481742858887
0,119,5,1809,0.21920368075370789
0,119,6,1811,-0.2651437819004059
0,119,7,2952,-0.3367580771446228
0,119,8,2264,-0.4953979253768921
0,119,9,666,-0.9900936484336853
0,119,10,1991,-1.0317778587341309
0,120,1,969,6.767135143280029
0,120,2,1340,4.912084579467773
0,120,3,2144,4.466793060302734
0,120,4,1543,0.8466466665267944
0,120,5,1270,0.22322648763656616
0,120,6,482,-0.024184927344322205
0,120,7,2490,-0.04493214190006256
0,120,8,2906,-0.22345995903015137
0,120,9,769,-0.4217583239078522
0,121,1,1340,4.260416030883789
0,121,2,857,4.112401008605957
0,121,3,2144,3.8435721397399902
0,121,4,1360,1.2496517896652222
0,121,5,2892,0.4364253282546997
0,121,6,2642,0.41539379954338074
0,121,7,3040,0.35778307914733887
0,121,8,2866,-0.062380265444517136
0,121,9,1962,-0.31420791149139404
0,122,1,1601,5.747131824493408
0,122,2,2736,4.4500732421875
0,122,3,429,4.354639530181885
0,122,4,1644,2.4078192710876465
0,122,5,2623,0.9280368089675903
0,122,6,1308,0.3600243926048279
0,122,7,390,0.04108969867229462
0,122,8,1270,0.001862645149230957
0,122,9,1627,-0.04999176412820816
0,122,10,2303,-0.12911802530288696
0,123,1,1359,4.532174110412598
0,123,2,2632,4.380054473876953
0,123,3,1871,0.9395650029182434
0,123,4,69,0.20513449609279633
0,123,5,479,0.17343515157699585
0,123,6,317,-0.06737129390239716
0,123,7,1247,-0.07536308467388153
0,123,8,31,-0.7698366045951843
0,123,9,168,-1.1134757995605469
0,124,1,1087,6.613812446594238
0,124,2,2736,4.726422309875488
0,124,3,2684,1.2521662712097168
0,124,4,1785,0.29897230863571167
0,124,5,2955,0.05477723479270935
0,124,6,2841,-0.053127188235521317
0,124,7,2030,-0.5114601254463196
0,124,8,2093,-0.5781973600387573
0,125,1,2299,6.617563247680664
0,125,2,864,4.804896354675293
0,125,3,1487,4.594309329986572
0,125,4,2143,0.9780181646347046
0,125,5,315,0.6271498799324036
0,125,6,2387,0.5112684965133667
0,125,7,1861,0.48948004841804504
0,125,8,1875,-0.4944309592247009
0,125,9,1978,-1.036323070526123
0,125,10,759,-1.0448055267333984
0,127,1,1352,4.720614433288574
0,127,2,2876,4.306571006774902
0,127,3,1535,4.244147777557373
0,127,4,55,2.293520450592041
0,127,5,2206,1.470371127128601
0,127,6,1871,1.1204031705856323
0,127,7,716,0.27157309651374817
0,127,8,2990,-0.8269217014312744
0,129,1,1683,5.199564456939697
0,129,2,2877,4.2307562828063965
0,129,3,2162,2.522066116333008
0,129,4,471,1.7721807956695557
0,129,5,1785,1.0173742771148682
0,129,6,231,-0.10490351170301437
0,129,7,2272,-0.4711582064628601
0,129,8,1456,-1.7883812189102173
0,131,1,1839,5.392158508300781
0,131,2,1435,3.3553643226623535
0,131,3,634,2.834768295288086
0,131,4,612,1.361215591430664
0,131,5,2618,0.8753504753112793
0,131,6,1469,0.13749489188194275
0,131,7,293,-0.07245946675539017
0,131,8,742,-0.2727065086364746
0,131,9,793,-0.6217222809791565
0,131,10,2906,-0.6325357556343079
0,132,1,1435,2.338954448699951
0,132,2,2340,0.351398229598999
0,132,3,774,0.19138509035110474
0,132,4,584,0.10092036426067352
0,132,5,342,-0.0292026586830616
0,132,6,1570,-0.3311367332935333
0,132,7,2599,-0.6645273566246033
0,132,8,2007,-0.8005210757255554
0,132,9,1028,-0.9363932609558105
0,133,1,644,2.9701828956604004
0,133,2,1435,2.3670358657836914
0,133,3,1308,1.1227089166641235
0,133,4,1013,0.6419585943222046
0,133,5,2340,0.3860453963279724
0,133,6,1665,0.22818459570407867
0,133,7,1603,-0.012648234143853188
0,133,8,342,-0.03102095238864422
0,133,9,99,-0.14145968854427338
0,133,10,2111,-0.3542138636112213
0,134,1,1435,2.39532470703125
0,134,2,2340,0.3900703191757202
0,134,3,2326,0.1418328881263733
0,134,4,342,-0.0303395614027977
0,134,5,1582,-0.38636934757232666
0,134,6,1059,-0.4246538579463959
0,134,7,2272,-0.6321240663528442
0,134,8,1823,-0.6873521208763123
0,134,9,69,-0.7736448049545288
0,134,10,2628,-0.826084554195404
0,135,1,1435,2.362567901611328
0,135,2,2441,0.45539987087249756
0,135,3,2340,0.37802961468696594
0,135,4,1034,0.3018800616264343
0,135,5,317,-0.021051621064543724
0,135,6,342,-0.0302182175219059
0,135,7,3040,-0.04599323868751526
0,135,8,239,-0.05304497480392456
0,135,9,585,-0.14279945194721222
0,135,10,1580,-0.5046716928482056
0,136,1,2536,5.385354995727539
0,136,2,1892,4.261057376861572
0,136,3,2877,3.495443344116211
0,136,4,1546,1.343746304512024
0,136,5,2713,1.1927573680877686
0,136,6,2238,0.2597930431365967
0,136,7,278,-0.20560601353645325
0,136,8,2990,-0.8532466292381287
0,136,9,1682,-1.102224349975586
0,137,1,2303,5.780646800994873
0,137,2,1197,5.414853572845459
0,137,3,615,1.5085607767105103
0,137,4,1236,1.2309449911117554
0,137,5,612,1.0382261276245117
0,137,6,845,-0.05233180150389671
0,137,7,2078,-0.33966490626335144
0,137,8,2197,-0.8570533394813538
0,137,9,96,-0.8914640545845032
0,137,10,1422,-1.1171791553497314
0,138,1,38,5.196789264678955
0,138,2,634,3.8592305183410645
0,138,3,1059,1.7130385637283325
0,138,4,402,0.8012357950210571
0,138,5,381,-0.060646116733551025
0,138,6,2002,-0.060777902603149414
0,138,7,915,-0.2371322512626648
0,138,8,121,-0.6744364500045776
0,139,1,1507,5.3773322105407715
0,139,2,1816,1.030524730682373
0,139,3,2343,0.20188096165657043
0,139,4,123,0.0851789340376854
0,139,5,2002,-0.06068974733352661
0,139,6,333,-0.1285485029220581
0,139,7,2911,-0.1558760404586792
0,139,8,1379,-1.1551437377929688
0,140,1,38,3.836210012435913
0,140,2,1872,0.8106966018676758
0,140,3,845,-0.036159224808216095
0,140,4,2328,-0.10832953453063965
0,140,5,3048,-0.15783822536468506
0,140,6,971,-0.36013513803482056
0,140,7,275,-1.7456523180007935
0,141,1,476,5.26777458190918
0,141,2,2211,4.574527263641357
0,141,3,2804,3.982025384902954
0,141,4,2368,1.7755650281906128
0,141,5,2019,0.8336583375930786
0,141,6,113,0.6559953093528748
0,141,7,106,0.2511749863624573
0,141,8,1368,-0.19048787653446198
0,141,9,2280,-0.21177488565444946
0,141,10,852,-0.38284575939178467
0,142,1,2447,6.745965003967285
0,142,2,1341,6.567008018493652
0,142,3,2804,4.4699835777282715
0,142,4,1548,1.1174761056900024
0,142,5,2751,0.5619664192199707
0,142,6,149,-0.032923996448516846
0,142,7,2283,-0.8319811224937439
0,142,8,1310,-0.9165370464324951
0,142,9,2704,-1.0554474592208862
0,142,10,1304,-1.2469375133514404
0,143,1,476,5.942694664001465
0,143,2,2211,5.1794891357421875
0,143,3,1424,4.2152628898620605
0,143,4,1621,1.6429955959320068
0,143,5,699,1.2489440441131592
0,143,6,438,0.8388386964797974
0,143,7,788,0.6766067147254944
0,143,8,2053,0.4294421672821045
0,143,9,2580,-0.11240708827972412
0,143,10,512,-0.8323925733566284
0,144,1,421,7.398359298706055
0,144,2,2668,6.519888877868652
0,144,3,38,2.5166380405426025
0,144,4,1165,0.26368385553359985
0,144,5,555,0.2517050504684448
0,144,6,795,0.17536503076553345
0,144,7,3047,-0.03789946064352989
0,144,8,365,-0.0589563250541687
0,144,9,1831,-0.18053202331066132
0,144,10,906,-0.24440988898277283
0,145,1,2717,5.340193748474121
0,145,2,414,5.308453559875488
0,145,3,2832,0.9075554609298706
0,145,4,2341,0.07761305570602417
0,145,5,2677,0.001375556574203074
0,145,6,351,-0.015568793751299381
0,145,7,3047,-0.027252063155174255
0,145,8,270,-0.19097939133644104
0,145,9,1395,-0.20729117095470428
0,145,10,1481,-0.30335336923599243
0,147,1,2717,6.104982852935791
0,147,2,1454,2.4337964057922363
0,147,3,1063,0.9233156442642212
0,147,4,2377,0.21017944812774658
0,147,5,1926,-0.011462817899882793
0,147,6,1014,-0.024393590167164803
0,147,7,3047,-0.04106892645359039
0,147,8,2137,-0.11366969347000122
0,147,9,579,-0.3662133812904358
0,148,1,2089,4.724276065826416
0,148,2,46,3.810983657836914
0,148,3,2435,3.5115766525268555
0,148,4,2143,0.6817691922187805
0,148,5,94,0.6474853754043579
0,148,6,93,0.018713977187871933
0,148,7,2315,-0.08396367728710175
0,148,8,1408,-0.24041691422462463
0,148,9,59,-1.5211886167526245
0,149,1,560,5.830277442932129
0,149,2,1717,4.966296195983887
0,149,3,1861,3.5777554512023926
0,149,4,1044,2.0895562171936035
0,149,5,2642,1.8533073663711548
0,149,6,2134,1.1807844638824463
0,149,7,479,0.2179853618144989
0,149,8,2306,0.19453495740890503
0,149,9,954,-0.02111177146434784
0,149,10,665,-0.2334781289100647
0,150,1,1717,5.101024627685547
0,150,2,780,4.656815052032471
0,150,3,1721,1.4442323446273804
0,150,4,2925,0.793517529964447
0,150,5,918,0.5556989908218384
0,150,6,2942,0.060842156410217285
0,150,7,135,-0.02334470860660076
0,150,8,123,-1.367585301399231
0,151,1,2751,7.119016647338867
0,151,2,2089,5.45651912689209
0,151,3,2234,2.183795690536499
0,151,4,3054,1.5457522869110107
0,151,5,2356,1.4873697757720947
0,151,6,2345,0.6165011525154114
0,151,7,538,0.00048328936100006104
0,151,8,243,-0.0310837309807539
0,151,9,555,-0.5041937828063965
0,151,10,2543,-0.8319563269615173
0,152,1,2604,3.836402654647827
0,152,2,2234,3.05411434173584
0,152,3,480,1.3285259008407593
0,152,4,2559,0.27924978733062744
0,152,5,2006,-0.01680643856525421
0,152,6,430,-0.0916242003440857
0,152,7,1786,-0.8545520901679993
0,152,8,1159,-1.1207040548324585
0,152,9,1320,-1.4817085266113281
0,153,1,2234,4.688755989074707
0,153,2,2654,2.4063644409179688
0,153,3,25,0.5066640973091125
0,153,4,2911,0.37380146980285645
0,153,5,2739,0.11489412188529968
0,153,6,1939,0.0952564924955368
0,153,7,2006,-0.020570600405335426
0,153,8,235,-0.3761632740497589
0,153,9,208,-1.1872080564498901
0,153,10,176,-1.2624831199645996
0,154,1,1644,6.35373067855835
0,154,2,791,3.7608847618103027
0,154,3,2352,1.4701874256134033
0,154,4,1467,0.2175898551940918
0,154,5,348,0.19953009486198425
0,154,6,1939,0.08282201737165451
0,154,7,2112,-0.20629620552062988
0,154,8,2830,-0.48291993141174316
0,155,1,2604,4.059059143066406
0,155,2,1775,2.6219215393066406
0,155,3,652,1.8059426546096802
0,155,4,2412,1.360142707824707
0,155,5,2678,0.6993534564971924
0,155,6,466,0.13694649934768677
0,155,7,414,0.06859758496284485
0,155,8,1759,-0.02239544875919819
0,155,9,2136,-0.1669270098209381
0,155,10,732,-0.4592631161212921
0,156,1,2604,4.0826921463012695
0,156,2,1775,2.631706476211548
0,156,3,2412,1.3699462413787842
0,156,4,1840,0.2814927399158478
0,156,5,1102,0.07670090347528458
0,156,6,585,-0.03008299320936203
0,156,7,3048,-0.6393238306045532
0,156,8,1829,-0.8581563234329224
0,157,1,2604,4.088696002960205
0,157,2,1775,2.637674570083618
0,157,3,2412,1.3632347583770752
0,157,4,1654,0.8542207479476929
0,157,5,1535,0.6293426752090454
0,157,6,731,0.4885464310646057
0,157,7,2792,0.43936172127723694
0,157,8,1656,0.24783548712730408
0,157,9,2862,-0.2955399453639984
0,157,10,1201,-0.7944514751434326
0,159,1,1657,6.187272071838379
0,159,2,2184,4.8596391677856445
0,159,3,991,0.07033415138721466
0,159,4,1500,-0.06581106781959534
0,159,5,210,-0.8463601469993591
0,159,6,2228,-1.4748344421386719
0,160,1,2630,6.170401573181152
0,160,2,1898,4.480123519897461
0,160,3,1518,4.19069766998291
0,160,4,2621,0.7084022760391235
0,160,5,20,-0.09350860863924026
0,160,6,1481,-0.2447441667318344
0,160,7,2578,-0.5756731629371643
0,160,8,1758,-0.7992824912071228
0,160,9,1656,-0.9740221500396729
0,160,10,1062,-1.3506320714950562
0,161,1,464,5.375036239624023
0,161,2,1518,4.499688625335693
0,161,3,2516,4.486329078674316
0,161,4,1223,3.19759464263916
0,161,5,560,1.1174428462982178
0,161,6,46,1.1107709407806396
0,161,7,2089,0.9570549726486206
0,161,8,2554,0.7000860571861267
0,161,9,1823,0.04577586054801941
0,161,10,682,-0.0753573477268219
0,162,1,551,5.082711219787598
0,162,2,1871,1.2403829097747803
0,162,3,698,0.6115355491638184
0,162,4,1176,0.5855413675308228
0,162,5,1554,0.31470727920532227
0,162,6,2906,0.14771895110607147
0,162,7,155,0.09473121911287308
0,162,8,3037,0.06279429793357849
0,162,9,365,-0.04396090656518936
0,162,10,326,-0.055533237755298615
0,163,1,773,3.734494686126709
0,163,2,1059,3.3446102142333984
0,163,3,2097,1.1356514692306519
0,163,4,2969,1.038813829421997
0,163,5,2302,0.6041518449783325
0,163,6,1979,0.07084706425666809
0,163,7,157,-0.03716983646154404
0,163,8,1606,-0.07980716228485107
0,163,9,653,-0.6651609539985657
0,163,10,2093,-0.7290257811546326
0,164,1,32,5.937956809997559
0,164,2,2702,4.219140529632568
0,164,3,1059,3.3932056427001953
0,164,4,2706,0.6097923517227173
0,164,5,1111,0.3368283212184906
0,164,6,368,-0.001881671603769064
0,164,7,977,-0.0377662219107151
0,164,8,783,-0.051563143730163574
0,164,9,2163,-0.0680837631225586
0,164,10,2396,-0.40453028678894043
0,165,1,1724,5.554883003234863
0,165,2,464,4.531497478485107
0,165,3,1657,1.7946873903274536
0,165,4,2914,1.1971954107284546
0,165,5,2799,0.6286287903785706
0,165,6,2678,0.09695267677307129
0,165,7,1910,0.05471786856651306
0,165,8,2868,-0.0069659799337387085
0,165,9,1333,-0.03142142295837402
0,166,1,1927,1.972662091255188
0,166,2,1342,1.7084026336669922
0,166,3,2552,0.5562841892242432
0,166,4,533,0.3403030037879944
0,166,5,1597,0.2120785117149353
0,166,6,2894,0.1112317144870758
0,166,7,143,-0.04763639345765114
0,166,8,1323,-0.05560546740889549
0,166,9,2673,-0.05932605639100075
0,166,10,424,-0.4898371398448944
0,167,1,354,4.31828498840332
0,167,2,1250,3.024930477142334
0,167,3,2922,2.878370761871338
0,167,4,95,1.2610738277435303
0,167,5,1898,0.6998107433319092
0,167,6,1792,0.6036626100540161
0,167,7,2299,0.17799733579158783
0,167,8,1422,0.15073296427726746
0,167,9,993,-0.006664961576461792
0,167,10,1891,-0.008364689536392689
0,168,1,544,6.552676200866699
0,168,2,2533,5.77628231048584
0,168,3,2464,0.2898441255092621
0,168,4,2143,0.28683149814605713
0,168,5,1792,0.08260095119476318
0,168,6,80,-0.04740952327847481
0,168,7,424,-0.4753861427307129
0,168,8,2580,-0.9726860523223877
0,168,9,2643,-1.02018404006958
0,169,1,1358,5.498159408569336
0,169,2,1202,5.248404026031494
0,169,3,990,4.387109279632568
0,169,4,272,0.09822124242782593
0,169,5,2743,0.07777386903762817
0,169,6,2888,0.057298243045806885
0,169,7,2006,-0.017582925036549568
0,169,8,2654,-0.3653722405433655
0,169,9,1254,-0.3686399459838867
0,169,10,2257,-0.5292850732803345
0,170,1,1415,6.728113174438477
0,170,2,3041,5.522777557373047
0,170,3,1078,1.6658684015274048
0,170,4,2048,0.3794878125190735
0,170,5,416,0.2707858979701996
0,170,6,1792,0.09583310782909393
0,170,7,1627,-0.052920863032341
0,170,8,158,-0.07117956131696701
0,170,9,957,-1.3640109300613403
0,172,1,2719,5.830320358276367
0,172,2,2922,4.845657825469971
0,172,3,327,1.4619717597961426
0,172,4,3048,-0.4079155921936035
0,172,5,1767,-0.7822420597076416
0,172,6,2188,-0.8417270183563232
0,172,7,2653,-1.1150541305541992
0,173,1,1104,4.745987892150879
0,173,2,327,1.2587530612945557
0,173,3,567,1.1855496168136597
0,173,4,1212,0.8750348091125488
0,173,5,1737,0.6376100778579712
0,173,6,969,0.4212154448032379
0,173,7,1215,0.3812446594238281
0,173,8,2810,0.10701733827590942
0,173,9,325,0.007198410574346781
0,173,10,1323,-0.02581091970205307
0,174,1,123,4.434761047363281
0,174,2,494,4.2084879875183105
0,174,3,853,3.294802188873291
0,174,4,1055,1.845454454421997
0,174,5,1454,0.5278925895690918
0,174,6,699,0.4415130913257599
0,174,7,1543,0.39571303129196167
0,174,8,2516,-0.25523367524147034
0,174,9,375,-0.5247257351875305
0,175,1,1569,5.700578689575195
0,175,2,1047,4.9198431968688965
0,175,3,1104,4.370981693267822
0,175,4,1567,1.143223762512207
0,175,5,551,1.065870761871338
0,175,6,1194,0.2152712345123291
0,175,7,99,-0.014831937849521637
0,175,8,1525,-0.061496198177337646
0,175,9,3037,-0.21481838822364807
0,175,10,509,-0.24043568968772888
0,176,1,2556,6.741349220275879
0,176,2,1558,0.277030348777771
0,176,3,1718,-0.007893450558185577
0,176,4,340,-0.021260054782032967
0,176,5,772,-0.03256186097860336
0,176,6,318,-0.06618842482566833
0,176,7,1977,-0.08097340166568756
0,176,8,2739,-0.7092082500457764
0,176,9,957,-1.0829102993011475
0,177,1,674,6.008961200714111
0,177,2,1650,5.434452056884766
0,177,3,1091,2.0603461265563965
0,177,4,629,0.7879520654678345
0,177,5,1260,0.19159168004989624
0,177,6,1212,0.16087210178375244
0,177,7,421,-0.0177156925201416
0,177,8,949,-0.10177977383136749
0,177,9,2752,-0.18542751669883728
0,177,10,784,-1.5045039653778076
0,178,1,2920,6.354473114013672
0,178,2,1650,5.25419807434082
0,178,3,286,0.23127958178520203
0,178,4,2412,0.2015102207660675
0,178,5,2389,0.01201280951499939
0,178,6,340,-0.020772475749254227
0,178,7,540,-0.04272109270095825
0,178,8,1111,-0.07039707899093628
0,178,9,1766,-0.4414372146129608
0,178,10,637,-0.6377983093261719
0,179,1,1044,5.841054916381836
0,179,2,1708,5.64525032043457
0,179,3,1816,1.7453880310058594
0,179,4,230,0.8066442012786865
0,179,5,2315,0.33630049228668213
0,179,6,975,-0.05360540375113487
0,179,7,1749,-0.28392791748046875
0,179,8,1618,-1.2530741691589355
0,180,1,1142,5.93460750579834
0,180,2,1708,5.534635066986084
0,180,3,1686,5.122079849243164
0,180,4,1586,1.5264005661010742
0,180,5,476,0.5783672332763672
0,180,6,674,0.46779417991638184
0,180,7,314,-0.015065699815750122
0,181,1,1645,6.834600448608398
0,181,2,1686,5.330784797668457
0,181,3,1415,0.6639641523361206
0,181,4,3043,-0.05173502862453461
0,181,5,253,-0.0586756132543087
0,181,6,1936,-0.16792535781860352
0,181,7,2490,-0.4382054805755615
0,181,8,3015,-0.5088850855827332
0,181,9,2869,-1.597241997718811
0,182,1,1267,6.828431129455566
0,182,2,2691,1.3552247285842896
0,182,3,230,0.8592488765716553
0,182,4,2780,0.5288040041923523
0,182,5,1759,-0.03941773250699043
0,182,6,2140,-0.24446868896484375
0,182,7,2452,-0.28405457735061646
0,182,8,641,-0.48291289806365967
0,182,9,851,-0.5661275386810303
0,182,10,1720,-0.7007430791854858
0,183,1,1429,6.792574882507324
0,183,2,1235,6.703791618347168
0,183,3,1525,3.0804800987243652
0,183,4,3016,1.9400615692138672
0,183,5,756,1.2971630096435547
0,183,6,2559,0.602949857711792
0,183,7,166,0.0028698090463876724
0,183,8,2697,-0.4142301678657532
0,183,9,2504,-0.5661300420761108
0,183,10,2272,-0.7666507363319397
0,184,1,1295,4.891393661499023
0,184,2,1882,3.959550619125366
0,184,3,1525,2.6942763328552246
0,184,4,756,1.148796558380127
0,184,5,1674,0.015540999360382557
0,184,6,140,-0.04844992980360985
0,185,1,2897,4.032608985900879
0,185,2,2832,3.769167184829712
0,185,3,1525,2.8481273651123047
0,185,4,3018,1.0449423789978027
0,185,5,1621,0.924875020980835
0,185,6,1327,0.9120506644248962
0,185,7,1409,0.34443554282188416
0,185,8,663,-0.3298462927341461
0,185,9,2033,-0.4768683910369873
0,185,10,980,-0.8113932013511658
0,186,1,1295,5.653463363647461
0,186,2,1525,3.159792900085449
0,186,3,1339,1.7774254083633423
0,186,4,1236,1.65735924243927
0,186,5,668,0.3891627788543701
0,186,6,1018,-0.009607786312699318
0,186,7,366,-0.48155760765075684
0,186,8,1659,-0.6846451163291931
0,186,9,62,-0.6927884221076965
0,187,1,698,5.658086776733398
0,187,2,748,4.709157943725586
0,187,3,1255,4.185046195983887
0,187,4,3041,1.6849396228790283
0,187,5,390,0.9349208474159241
0,187,6,333,0.16102701425552368
0,187,7,2170,-0.38941287994384766
0,187,8,3018,-0.49014198780059814
0,187,9,273,-0.611220121383667
0,187,10,595,-0.6451353430747986
0,188,1,2237,6.495080947875977
0,188,2,2134,6.096230506896973
0,188,3,1763,4.467164993286133
0,188,4,1747,1.8896806240081787
0,188,5,2687,0.7632443904876709
0,188,6,2046,-0.06480573117733002
0,188,7,1163,-0.2367505431175232
0,188,8,1991,-1.8059698343276978
0,189,1,2134,5.219715118408203
0,189,2,3016,4.772610664367676
0,189,3,542,3.577327251434326
0,189,4,1816,1.624863624572754
0,189,5,521,0.5753841996192932
0,189,6,1127,0.5027016401290894
0,189,7,1466,-0.19174256920814514
0,189,8,1270,-0.4515373408794403
0,189,9,495,-1.1637095212936401
0,189,10,185,-1.45924711227417
0,190,1,3016,5.988336086273193
0,190,2,3062,4.616059303283691
0,190,3,2184,3.1897592544555664
0,190,4,1946,2.6394639015197754
0,190,5,2046,-0.07928597927093506
0,190,6,520,-0.12849369645118713
0,190,7,479,-0.23513588309288025
0,190,8,754,-0.2585269808769226
0,190,9,2296,-0.946955680847168
0,190,10,264,-1.0751686096191406
0,191,1,2594,6.717691421508789
0,191,2,1858,6.17513370513916
0,191,3,1594,4.256515026092529
0,191,4,2441,1.4058821201324463
0,191,5,2457,-0.062087029218673706
0,191,6,998,-0.48080915212631226
0,191,7,481,-1.3082385063171387
0,191,8,1587,-1.6902244091033936
0,192,1,2356,5.788027763366699
0,192,2,1246,5.244213104248047
0,192,3,1665,4.709625244140625
0,192,4,2014,3.051734209060669
0,192,5,2876,0.2813876271247864
0,192,6,597,0.14132264256477356
0,192,7,2188,0.08491164445877075
0,192,8,2095,-0.34538233280181885
0,192,9,2862,-0.6115633249282837
0,192,10,612,-1.2445584535598755
0,194,1,1246,4.7266693115234375
0,194,2,1665,4.020107269287109
0,194,3,2799,1.8920522928237915
0,194,4,186,0.8622176051139832
0,194,5,1683,-0.34221988916397095
0,194,6,430,-0.571881115436554
0,194,7,950,-0.7387011051177979
0,194,8,1875,-1.1715161800384521
0,195,1,2099,6.523451805114746
0,195,2,1669,5.394333362579346
0,195,3,1446,5.3636674880981445
0,195,4,2285,1.409967303276062
0,195,5,792,0.2318427860736847
0,195,6,340,0.0036802906543016434
0,195,7,1018,-0.03793931379914284
0,195,8,2016,-0.03861451894044876
0,195,9,975,-0.04634760320186615
0,195,10,259,-0.10009577870368958
0,196,1,2740,7.099068641662598
0,196,2,1669,5.824163436889648
0,196,3,2674,4.612854957580566
0,196,4,717,0.8959082365036011
0,196,5,434,0.45898348093032837
0,196,6,1818,0.45514559745788574
0,196,7,1203,0.15102538466453552
0,196,8,1196,-0.33003145456314087
0,196,9,536,-1.024248719215393
0,197,1,1442,6.1744513511657715
0,197,2,2674,4.694964408874512
0,197,3,1892,-0.020813025534152985
0,197,4,2793,-0.026012402027845383
0,197,5,2760,-0.0512293241918087
0,197,6,1367,-0.3841269612312317
0,197,7,2353,-0.5923826694488525
0,198,1,1446,5.009616851806641
0,198,2,2243,2.2427093982696533
0,198,3,2655,-0.004294172860682011
0,198,4,2457,-0.010744732804596424
0,198,5,1840,-0.24372783303260803
0,198,6,1884,-0.43583735823631287
0,199,1,1028,5.887839317321777
0,199,2,295,5.8048810958862305
0,199,3,1817,5.214979648590088
0,199,4,22,0.3462856113910675
0,199,5,2225,0.0041491128504276276
0,199,6,201,-0.12120603770017624
0,199,7,298,-0.7892857193946838
0,200,1,2283,5.939257621765137
0,200,2,696,5.269931793212891
0,200,3,2170,5.103359699249268
0,200,4,2293,0.04922151565551758
0,200,5,1427,-0.4607960879802704
0,200,6,2975,-0.5315830707550049
0,201,1,696,5.58314323425293
0,201,2,2170,5.395909309387207
0,201,3,575,0.5743598937988281
0,201,4,166,0.02509715035557747
0,201,5,1014,0.02442570962011814
0,201,6,183,-0.08489537239074707
0,202,1,1817,7.1908674240112305
0,202,2,2658,7.105262756347656
0,202,3,192,0.755913257598877
0,202,4,1399,0.4280700981616974
0,202,5,1988,0.051780737936496735
0,202,6,498,-0.036859333515167236
0,202,7,2435,-0.06491543352603912
0,202,8,3061,-0.09660708904266357
0,202,9,1999,-0.14628778398036957
0,202,10,594,-1.1388765573501587
0,203,1,2658,4.804449081420898
0,203,2,696,4.310791015625
0,203,3,221,1.0103474855422974
0,203,4,1161,0.8487633466720581
0,203,5,174,0.7132700681686401
0,203,6,2391,0.333090603351593
0,203,7,1728,0.06750506162643433
0,203,8,2590,-0.520720362663269
0,203,9,534,-0.7280502319335938
0,203,10,1438,-0.9073728322982788
0,204,1,2529,4.937090873718262
0,204,2,2339,3.988710880279541
0,204,3,1913,3.5424671173095703
0,204,4,1484,0.28700658679008484
0,204,5,142,0.025113249197602272
0,204,6,962,0.014198382385075092
0,204,7,2478,-0.022769421339035034
0,204,8,380,-0.3768239915370941
0,204,9,216,-0.43405523896217346
0,204,10,572,-1.3140172958374023
0,205,1,1208,6.550451755523682
0,205,2,747,5.758244514465332
0,205,3,168,2.5375618934631348
0,205,4,536,0.8321930170059204
0,205,5,2024,0.7122402191162109
0,205,6,3079,0.3378037214279175
0,205,7,1720,0.09271359443664551
0,205,8,3032,-1.199636697769165
0,206,1,430,8.329904556274414
0,206,2,2754,4.476309299468994
0,206,3,168,3.2813758850097656
0,206,4,3042,0.17964592576026917
0,206,5,756,0.10501401126384735
0,206,6,889,0.02873595803976059
0,206,7,249,-0.6820000410079956
0,206,8,1871,-0.877466082572937
0,206,9,601,-1.079583764076233
0,207,1,1190,4.5690813064575195
0,207,2,2228,4.5661797523498535
0,207,3,193,0.40191519260406494
0,207,4,12,0.35803288221359253
0,207,5,338,0.16428308188915253
0,207,6,356,0.08043209463357925
0,207,7,2817,-0.13572490215301514
0,207,8,1995,-0.17996208369731903
0,207,9,653,-0.3063535690307617
0,208,1,2339,5.058358669281006
0,208,2,1913,4.689089775085449
0,208,3,863,0.8156153559684753
0,208,4,1651,0.7551048994064331
0,208,5,104,0.42947420477867126
0,208,6,1016,0.32855498790740967
0,208,7,429,-0.035496652126312256
0,208,8,2141,-0.5763277411460876
0,208,9,890,-0.6904038786888123
0,208,10,40,-1.4392399787902832
0,209,1,2923,8.260202407836914
0,209,2,2757,5.846848487854004
0,209,3,2513,5.769762992858887
0,209,4,1737,1.0129480361938477
0,209,5,1379,0.37650492787361145
0,209,6,1579,0.3449553847312927
0,209,7,2025,-0.018395310267806053
0,209,8,746,-0.39262279868125916
0,209,9,49,-0.763716995716095
0,210,1,270,3.7421834468841553
0,210,2,1275,3.4839043617248535
0,210,3,2196,2.724064826965332
0,210,4,1747,0.575946033000946
0,210,5,2078,0.4735531806945801
0,210,6,954,0.40706706047058105
0,210,7,835,0.3442540764808655
0,210,8,851,0.07012219727039337
0,210,9,314,-0.2118816375732422
0,210,10,1273,-0.2357335239648819
0,211,1,1409,7.621136665344238
0,211,2,906,4.153472900390625
0,211,3,2365,2.161219596862793
0,211,4,998,0.46185508370399475
0,211,5,2185,0.4602310359477997
0,211,6,962,0.02585858479142189
0,211,7,1975,0.009688358753919601
0,211,8,2340,-0.24538235366344452
0,211,9,533,-0.4527168869972229
0,211,10,1712,-1.0704212188720703
0,212,1,730,5.745456695556641
0,212,2,63,5.542098045349121
0,212,3,1070,4.428049564361572
0,212,4,1428,0.7707096338272095
0,212,5,1964,0.18242892622947693
0,212,6,494,-0.5331291556358337
0,212,7,118,-1.5166826248168945
0,212,8,1089,-1.7003228664398193
0,212,9,94,-2.0095014572143555
0,214,1,2802,5.3651838302612305
0,214,2,906,4.191834926605225
0,214,3,2196,1.380273461341858
0,214,4,1696,0.5811805725097656
0,214,5,2994,0.20996004343032837
0,214,6,40,0.028979003429412842
0,214,7,1335,-0.12533056735992432
0,214,8,2261,-0.214445561170578
0,214,9,298,-0.5099759101867676
0,215,1,5,5.124985694885254
0,215,2,906,3.4547245502471924
0,215,3,730,2.1501946449279785
0,215,4,1606,1.0269484519958496
0,215,5,1127,0.44930678606033325
0,215,6,575,0.3719494938850403
0,215,7,2286,-0.022423282265663147
0,215,8,900,-0.0893269032239914
0,215,9,1615,-0.6613863706588745
0,215,10,2481,-0.7353715300559998
0,216,1,886,4.885214805603027
0,216,2,356,4.043187141418457
0,216,3,906,3.8094191551208496
0,216,4,2196,0.9237167835235596
0,216,5,1613,0.8185354471206665
0,216,6,1525,0.2495328187942505
0,216,7,2882,-0.16056391596794128
0,216,8,1203,-0.39753830432891846
0,217,1,617,7.144676208496094
0,217,2,2440,5.517422676086426
0,217,3,106,4.4449872970581055
0,217,4,113,0.7288963794708252
0,217,5,504,0.11957791447639465
0,217,6,1988,0.031167063862085342
0,217,7,1145,-0.10058969259262085
0,217,8,416,-0.2254614233970642
0,217,9,8,-0.7722708582878113
0,217,10,2674,-1.089702844619751
0,218,1,617,6.421504497528076
0,218,2,270,5.542092800140381
0,218,3,106,3.95388126373291
0,218,4,2106,0.535680890083313
0,218,5,2969,0.5044825673103333
0,218,6,624,0.15133285522460938
0,218,7,1354,-0.0462232381105423
0,218,8,1688,-0.3954769968986511
0,218,9,1726,-0.6453227996826172
0,219,1,2440,4.990836143493652
0,219,2,1070,3.3999738693237305
0,219,3,2615,2.0175986289978027
0,219,4,2704,1.6129473447799683
0,219,5,1621,0.06100666522979736
0,219,6,2841,0.007286125794053078
0,219,7,2516,-1.4773640632629395
0,221,1,1685,6.399998664855957
0,221,2,1265,4.997958183288574
0,221,3,974,1.0784735679626465
0,221,4,22,0.5130749344825745
0,221,5,1368,0.06761625409126282
0,221,6,3047,0.040032532066106796
0,221,7,977,0.0022705774754285812
0,221,8,1836,-0.26147347688674927
0,221,9,1013,-0.2917095422744751
0,221,10,464,-0.5986291170120239
0,222,1,597,6.614463806152344
0,222,2,1265,5.093212604522705
0,222,3,1332,-0.012100901454687119
0,222,4,2500,-0.22683149576187134
0,222,5,2128,-0.38213708996772766
0,222,6,3053,-0.5274896621704102
0,222,7,1970,-0.5858954191207886
0,222,8,94,-1.9447120428085327
0,223,1,1685,5.350606918334961
0,223,2,1198,0.2588130533695221
0,223,3,2655,-0.013021593913435936
0,223,4,1332,-0.01436239667236805
0,223,5,955,-0.03401908650994301
0,223,6,2442,-0.090981125831604
0,223,7,1446,-0.7747117280960083
0,223,8,1380,-1.48095703125
0,225,1,189,4.274085521697998
0,225,2,2525,4.033184051513672
0,225,3,2478,2.8438355922698975
0,225,4,1275,1.4230096340179443
0,225,5,2,1.0376777648925781
0,225,6,1749,0.3313504755496979
0,225,7,1881,-0.12019842863082886
0,225,8,1206,-0.15838009119033813
0,225,9,2212,-0.5237212181091309
0,225,10,2290,-0.5433964133262634
0,226,1,572,6.546525955200195
0,226,2,2185,5.880903244018555
0,226,3,2355,0.9565682411193848
0,226,4,1872,0.8313274383544922
0,226,5,1878,0.3752995729446411
0,226,6,2738,0.2882213294506073
0,226,7,1671,0.057573407888412476
0,226,8,222,0.002373061142861843
0,226,9,1603,-0.05932138115167618
0,226,10,2490,-0.41923314332962036
0,227,1,2622,5.951400279998779
0,227,2,2185,5.89674186706543
0,227,3,507,1.5247318744659424
0,227,4,827,-0.008433612994849682
0,227,5,2167,-0.013577491044998169
0,227,6,80,-0.03732610493898392
0,227,7,1870,-0.1209312304854393
0,227,8,12,-0.172338604927063
0,227,9,3004,-0.6334947347640991
0,227,10,2194,-0.7091126441955566
0,228,1,1945,4.350759506225586
0,228,2,2622,4.302873134613037
0,228,3,1320,3.5221147537231445
0,228,4,1600,0.9186460971832275
0,228,5,2618,0.7711703181266785
0,228,6,498,0.18076807260513306
0,228,7,1991,0.02415412664413452
0,228,8,869,-0.20123368501663208
0,228,9,3061,-1.3100472688674927
0,229,1,572,6.107559680938721
0,229,2,2938,4.953446865081787
0,229,3,2165,4.0029616355896
0,229,4,3079,0.8229981660842896
0,229,5,2576,0.3631223142147064
0,229,6,2988,0.032611120492219925
0,229,7,987,-0.00542838778346777
0,229,8,557,-0.7646976709365845
0,230,1,1787,4.787720680236816
0,230,2,108,3.290344715118408
0,230,3,2938,3.2817602157592773
0,230,4,2432,0.8981142640113831
0,230,5,354,0.2931520342826843
0,230,6,1202,0.19147393107414246
0,230,7,1812,-0.8480206727981567
0,231,1,30,6.231241226196289
0,231,2,132,5.4095048904418945
0,231,3,2710,1.0800468921661377
0,231,4,957,1.0274156332015991
0,231,5,884,0.8935664892196655
0,231,6,2922,0.2663173973560333
0,231,7,1977,0.034662939608097076
0,231,8,736,-0.18830329179763794
0,231,9,2097,-0.547608494758606
0,231,10,13,-0.5769680738449097
0,232,1,1484,6.404026031494141
0,232,2,2165,6.167628288269043
0,232,3,2808,-0.0029068314470350742
0,232,4,2136,-0.2227887213230133
0,233,1,509,5.2713727951049805
0,233,2,2165,5.118511199951172
0,233,3,1750,1.1037318706512451
0,233,4,1590,0.6331418752670288
0,233,5,670,0.6162376403808594
0,233,6,192,0.1304662823677063
0,233,7,2808,-0.0014177211560308933
0,233,8,1278,-0.07651863992214203
0,233,9,1454,-0.5917131900787354
0,234,1,1465,3.6367135047912598
0,234,2,509,3.5405728816986084
0,234,3,613,3.382394313812256
0,234,4,1196,0.25982385873794556
0,234,5,980,0.11365731805562973
0,234,6,916,0.02575736865401268
0,234,7,2804,-0.22275936603546143
0,234,8,628,-0.2702915370464325
0,234,9,953,-0.528713047504425
0,234,10,2901,-0.5936553478240967
0,235,1,2180,4.9468913078308105
0,235,2,1484,3.293121576309204
0,235,3,1931,2.5220947265625
0,235,4,1109,0.09480035305023193
0,235,5,1203,-0.17510046064853668
0,235,6,739,-0.4720948040485382
0,235,7,769,-0.4979616105556488
0,235,8,1775,-0.529288649559021
0,235,9,1044,-0.5640157461166382
0,235,10,2087,-0.6458420753479004
0,236,1,1465,6.2639479637146
0,236,2,2180,5.793133735656738
0,236,3,1160,5.305527687072754
0,236,4,189,0.7322360873222351
0,236,5,2938,0.4892476797103882
0,236,6,1072,0.04477984458208084
0,236,7,278,-0.1712876409292221
0,236,8,1142,-0.5035556554794312
0,236,9,5,-1.4423513412475586
0,237,1,416,5.747185707092285
0,237,2,2180,5.0894551277160645
0,237,3,514,4.66030740737915
0,237,4,2719,0.6651447415351868
0,237,5,2112,0.4174034595489502
0,237,6,1821,0.3753628134727478
0,237,7,1771,0.047056250274181366
0,237,8,3043,0.02865586429834366
0,237,9,2296,-0.36676308512687683
0,239,1,1632,5.542389869689941
0,239,2,514,4.291172504425049
0,239,3,2345,3.800957202911377
0,239,4,786,0.4516180753707886
0,239,5,2788,0.44070133566856384
0,239,6,2030,0.10295285284519196
0,239,7,308,0.013834835961461067
0,239,8,1376,0.010644137859344482
0,239,9,2876,-0.1927236169576645
0,239,10,1781,-0.4098586142063141
0,240,1,483,4.931643486022949
0,240,2,793,4.701065540313721
0,240,3,514,4.247986793518066
0,240,4,1577,-0.13064134120941162
0,240,5,769,-0.18515929579734802
0,240,6,2642,-0.48217472434043884
0,240,7,1391,-0.6155490875244141
0,240,8,2695,-1.2944129705429077
0,241,1,2293,6.408606052398682
0,241,2,447,6.080326080322266
0,241,3,2009,3.644451856613159
0,241,4,2566,1.7604968547821045
0,241,5,2432,1.1657277345657349
0,241,6,270,0.7854859828948975
0,241,7,900,-0.045079901814460754
0,242,1,1413,5.04710578918457
0,242,2,2118,4.338128089904785
0,242,3,1893,3.6147496700286865
0,242,4,599,-0.06771132349967957
0,242,5,2121,-0.09625321626663208
0,242,6,2030,-0.1029016524553299
0,242,7,2328,-0.44498878717422485
0,242,8,859,-0.5316599011421204
0,242,9,2871,-0.7671591639518738
0,243,1,1615,5.946994781494141
0,243,2,1413,5.701806545257568
0,243,3,2118,5.057278633117676
0,243,4,1275,0.7121412754058838
0,243,5,2395,-0.17488008737564087
0,243,6,3079,-0.20870369672775269
0,243,7,1982,-0.4521539807319641
0,243,8,364,-0.9056186676025391
0,244,1,2270,4.819423675537109
0,244,2,1936,4.393951416015625
0,244,3,1893,3.884984016418457
0,244,4,953,0.32861897349357605
0,244,5,189,0.13147787749767303
0,244,6,446,-0.3742082715034485
0,244,7,1201,-0.8872711062431335
0,244,8,681,-1.1274113655090332
0,245,1,1654,5.63711404800415
0,245,2,447,5.35941219329834
0,245,3,1448,2.9439353942871094
0,245,4,1465,1.594739556312561
0,245,5,2416,0.43589547276496887
0,245,6,1913,0.31031209230422974
0,245,7,243,0.01914209872484207
0,245,8,1745,0.013233320787549019
0,245,9,895,0.00035048695281147957
0,245,10,2200,-0.1102275401353836
0,246,1,1654,5.485334396362305
0,246,2,1893,3.5532915592193604
0,246,3,727,0.28562748432159424
0,246,4,855,0.0343308225274086
0,246,5,916,0.0187027920037508
0,247,1,2270,4.496313095092773
0,247,2,2160,3.7570199966430664
0,247,3,1739,0.7984129190444946
0,247,4,2488,0.5843797922134399
0,247,5,916,0.015149632468819618
0,247,6,25,-0.23736993968486786
0,247,7,795,-0.5243865251541138
0,247,8,2727,-0.5313522219657898
0,247,9,857,-0.5869437456130981
0,247,10,2078,-0.8230850696563721
0,248,1,627,6.151888370513916
0,248,2,2160,4.7571282386779785
0,248,3,1448,3.948944568634033
0,248,4,701,0.9442615509033203
0,248,5,3004,-0.01097647100687027
0,248,6,1612,-0.11140872538089752
0,248,7,2708,-0.1351313292980194
0,248,8,1287,-0.5702517032623291
0,248,9,122,-0.6805897355079651
0,248,10,2197,-0.9525914192199707
0,249,1,656,6.54469633102417
0,249,2,1232,6.1952714920043945
0,249,3,1310,5.531981468200684
0,249,4,1448,4.356431007385254
0,249,5,1907,0.6887779235839844
0,249,6,2917,0.34146979451179504
0,249,7,2684,0.1333678513765335
0,249,8,2267,0.12873919308185577
0,249,9,2500,-0.32650530338287354
0,249,10,2839,-0.36016371846199036
0,250,1,283,4.437613487243652
0,250,2,2664,4.005900859832764
0,250,3,2297,2.6691813468933105
0,250,4,1682,0.6807078719139099
0,250,5,1698,0.56410813331604
0,250,6,93,0.005783555097877979
0,250,7,2659,-0.19754765927791595
0,250,8,1194,-0.6328895092010498
0,250,9,2500,-0.6828537583351135
0,250,10,1600,-0.9600183367729187
0,251,1,31,5.276000022888184
0,251,2,563,4.6046833992004395
0,251,3,289,3.399290084838867
0,251,4,1870,2.949617385864258
0,251,5,2293,1.3227384090423584
0,251,6,112,0.7122387886047363
0,251,7,306,0.3973808288574219
0,251,8,295,0.04717865586280823
0,251,9,2796,-0.4165003001689911
0,251,10,1805,-0.9152220487594604
0,252,1,664,4.660961627960205
0,252,2,1015,3.958146810531616
0,252,3,2297,3.9504194259643555
0,252,4,354,1.033785104751587
0,252,5,1868,-0.4809446930885315
0,252,6,2668,-0.5431731939315796
0,252,7,2287,-1.1533781290054321
0,253,1,2042,5.81391716003418
0,253,2,998,5.744665145874023
0,253,3,563,5.031302452087402
0,253,4,2136,0.8601509928703308
0,253,5,1307,0.5814715623855591
0,253,6,971,0.33641308546066284
0,253,7,2867,0.31532496213912964
0,253,8,1625,0.02327466942369938
0,253,9,845,-0.0016502831131219864
0,253,10,2047,-0.1563587188720703
0,254,1,31,5.549834251403809
0,254,2,664,4.913223743438721
0,254,3,1015,4.085166931152344
0,254,4,1360,0.6279284358024597
0,254,5,1792,0.35322052240371704
0,254,6,169,-0.01674431562423706
0,254,7,270,-0.028980299830436707
0,254,8,1151,-0.1793970763683319
0,254,9,2974,-0.47293978929519653
0,254,10,429,-1.0527143478393555
0,255,1,653,6.347867965698242
0,255,2,44,4.896552085876465
0,255,3,1558,3.8857438564300537
0,255,4,1015,3.667165756225586
0,255,5,995,0.5950779914855957
0,255,6,2211,0.33015650510787964
0,255,7,747,-0.1095290333032608
0,255,8,2578,-0.11869007349014282
0,255,9,295,-0.38534724712371826
0,255,10,1991,-0.45732569694519043
0,256,1,504,5.320521354675293
0,256,2,2743,4.3475422859191895
0,256,3,1015,3.6785099506378174
0,256,4,1999,0.9850146770477295
0,256,5,1742,-0.010017565451562405
0,256,6,783,-0.13972759246826172
0,256,7,1400,-0.21369828283786774
0,256,8,532,-0.2192273586988449
0,256,9,1691,-0.23944947123527527
0,256,10,584,-0.6907398700714111
0,257,1,273,6.66404390335083
0,257,2,2429,6.28870964050293
0,257,3,8,4.587485313415527
0,257,4,1999,1.262805461883545
0,257,5,1336,0.7934991121292114
0,257,6,1200,0.6288562417030334
0,257,7,2033,0.48313724994659424
0,257,8,2140,0.15882396697998047
0,257,9,1683,-0.7077881097793579
0,257,10,652,-0.7602167129516602
0,258,1,2590,5.869135856628418
0,258,2,1716,4.617795467376709
0,258,3,1558,4.593057632446289
0,258,4,2929,1.1379204988479614
0,258,5,2033,0.585192084312439
0,258,6,746,0.359854519367218
0,258,7,1478,-0.26137983798980713
0,258,8,2839,-0.4067786931991577
0,258,9,1055,-0.7172215580940247
0,259,1,194,5.521893501281738
0,259,2,2093,5.2005181312561035
0,259,3,1558,5.17488956451416
0,259,4,869,4.427554130554199
0,259,5,2160,1.898768424987793
0,259,6,1381,0.9784443378448486
0,259,7,1802,0.15651147067546844
0,259,8,368,0.02143831178545952
0,259,9,1302,-0.0689535140991211
0,259,10,2272,-0.4053804278373718
0,260,1,44,7.2452497482299805
0,260,2,194,5.91942024230957
0,260,3,8,4.6495561599731445
0,260,4,2867,1.64626944065094
0,260,5,484,-1.416576862335205
0,261,1,2328,3.788759708404541
0,261,2,1716,3.77000093460083
0,261,3,8,3.2323451042175293
0,261,4,1344,0.024802863597869873
0,261,5,663,-0.010375380516052246
0,261,6,1359,-0.22850865125656128
0,261,7,576,-0.3102792799472809
0,261,8,461,-0.3551639914512634
0,261,9,2792,-0.5244207382202148
0,261,10,1034,-0.798525869846344
0,262,1,939,5.713369369506836
0,262,2,2093,5.636756420135498
0,262,3,8,4.843699932098389
0,262,4,1878,1.0718083381652832
0,262,5,2372,0.32585757970809937
0,262,6,993,0.28977465629577637
0,262,7,971,0.2524515390396118
0,262,8,1542,-0.005734086036682129
0,262,9,2366,-0.24722570180892944
0,262,10,1594,-0.40996962785720825
0,263,1,1716,5.079348564147949
0,263,2,2640,4.557914733886719
0,263,3,12,4.317182540893555
0,263,4,2476,0.2275766134262085
0,263,5,158,5.3318217396736145e-05
0,263,6,2407,-0.042305171489715576
0,263,7,1590,-0.1386365294456482
0,263,8,129,-0.7450809478759766
0,263,9,1724,-1.0282402038574219
0,263,10,471,-2.2172608375549316
0,264,1,105,5.249482154846191
0,264,2,2212,4.56355619430542
0,264,3,1907,2.6576600074768066
0,264,4,97,0.7624043226242065
0,264,5,786,0.42950427532196045
0,264,6,1311,-0.03686225414276123
0,264,7,306,-0.08768641948699951
0,264,8,104,-0.5582396388053894
0,264,9,1176,-0.7445508241653442
0,264,10,1341,-0.9764721393585205
0,265,1,105,5.503080368041992
0,265,2,2480,4.84404182434082
0,265,3,1907,2.7538108825683594
0,265,4,2197,1.3154351711273193
0,265,5,707,1.118260383605957
0,265,6,504,0.9842695593833923
0,265,7,2082,0.5435360670089722
0,265,8,101,0.26724785566329956
0,265,9,860,-0.22766698896884918
0,265,10,766,-0.24711745977401733
0,266,1,65,5.065493583679199
0,266,2,2480,4.540095806121826
0,266,3,1907,2.4152426719665527
0,266,4,1063,1.0951014757156372
0,266,5,2235,1.063018798828125
0,266,6,2157,-0.576249361038208
0,266,7,397,-0.8121433258056641
0,266,8,567,-0.9279336929321289
0,266,9,2717,-0.9943661689758301
0,267,1,65,4.942316055297852
0,267,2,105,4.680507659912109
0,267,3,2480,4.429586410522461
0,267,4,3054,1.2138794660568237
0,267,5,1698,1.157127857208252
0,267,6,2073,0.3529285788536072
0,267,7,2761,-0.336317241191864
0,267,8,1866,-0.3752509355545044
0,267,9,364,-0.4305095076560974
0,267,10,2727,-0.8648844361305237
0,268,1,2710,5.305219650268555
0,268,2,2212,4.945241928100586
0,268,3,1907,2.6212921142578125
0,268,4,192,1.3602721691131592
0,268,5,206,1.2000091075897217
0,268,6,351,0.052747942507267
0,268,7,622,-0.06889943778514862
0,268,8,1749,-0.45714136958122253
0,268,9,1725,-0.6442816257476807
0,268,10,2286,-0.7447010278701782
0,269,1,2274,7.0458879470825195
0,269,2,2212,5.3767852783203125
0,269,3,103,0.8663262128829956
0,269,4,671,0.7058331966400146
0,269,5,3009,0.5601991415023804
0,269,6,1448,0.5135025978088379
0,269,7,164,0.023188265040516853
0,269,8,2296,-0.15477800369262695
0,269,9,788,-0.31705957651138306
0,269,10,2127,-0.8451470136642456
0,271,1,65,4.494207382202148
0,271,2,2197,1.703470230102539
0,271,3,1408,0.28272098302841187
0,271,4,1625,0.01679958589375019
0,271,5,3011,0.014361513778567314
0,271,6,64,-0.14639921486377716
0,271,7,2206,-0.17459607124328613
0,271,8,957,-0.39508169889450073
0,271,9,2632,-0.6229446530342102
0,272,1,701,6.8478193283081055
0,272,2,49,6.372137546539307
0,272,3,2710,5.211458206176758
0,272,4,2243,0.016590476036071777
0,272,5,2938,-0.1974935382604599
0,272,6,2951,-0.26860928535461426
0,272,7,1543,-0.5857957005500793
0,272,8,1721,-1.4744365215301514
0,272,9,1429,-1.6984902620315552
0,273,1,2710,4.77421236038208
0,273,2,1750,3.2415308952331543
0,273,3,286,3.155290126800537
0,273,4,308,0.05637223273515701
0,273,5,1247,0.0033510401844978333
0,273,6,2695,-0.572360634803772
0,273,7,2761,-0.6782739758491516
0,273,8,2157,-0.7334045171737671
0,273,9,1812,-1.205880880355835
0,274,1,65,5.267985820770264
0,274,2,2212,4.730737686157227
0,274,3,259,2.489938974380493
0,274,4,286,1.2881625890731812
0,274,5,538,0.07571902871131897
0,274,6,1817,0.030697405338287354
0,274,7,231,0.02984568104147911
0,274,8,599,-0.021379239857196808
0,274,9,637,-0.5812382698059082
0,274,10,2344,-0.5994631052017212
0,276,1,663,6.563333034515381
0,276,2,192,5.155775547027588
0,276,3,2578,3.999746799468994
0,276,4,718,0.9501631855964661
0,276,5,2704,0.5191507935523987
0,276,6,44,0.5060324668884277
0,276,7,1600,0.2450772523880005
0,276,8,1927,-0.539177656173706
0,276,9,2368,-0.8379445672035217
0,278,1,1582,4.118587017059326
0,278,2,1516,4.08635139465332
0,278,3,2578,3.810527801513672
0,278,4,1655,-0.07307279109954834
0,278,5,1059,-0.4518153667449951
0,278,6,393,-0.4718989133834839
0,278,7,1749,-0.5411437749862671
0,278,8,2098,-0.6040526628494263
0,278,9,2706,-0.8978351354598999
0,278,10,2925,-0.9431980848312378
0,279,1,1400,6.2053728103637695
0,279,2,192,5.140262126922607
0,279,3,2867,0.9862887263298035
0,279,4,1928,0.025057988241314888
0,279,5,2923,0.0047283172607421875
0,279,6,288,-0.010096753016114235
0,279,7,2184,-0.055685609579086304
0,279,8,3068,-0.345456600189209
0,279,9,3018,-0.470469206571579
0,279,10,1496,-0.5138686895370483
0,280,1,608,4.818144798278809
0,280,2,1303,3.7720448970794678
0,280,3,843,3.4943556785583496
0,280,4,1817,0.34254592657089233
0,280,5,1613,0.22002850472927094
0,280,6,524,0.17555692791938782
0,280,7,1312,0.06439879536628723
0,280,8,259,0.019064724445343018
0,280,9,81,-0.30264657735824585
0,280,10,2957,-0.5281103849411011
0,282,1,1875,1.7075200080871582
0,282,2,1354,1.3460030555725098
0,282,3,1109,0.20500241219997406
0,282,4,1787,0.10479694604873657
0,282,5,308,0.053904760628938675
0,282,6,135,0.033557966351509094
0,282,7,765,0.0060234214179217815
0,282,8,379,-0.11496871709823608
0,282,9,455,-0.23821774125099182
0,282,10,559,-0.9561116695404053
0,283,1,2580,6.390241622924805
0,283,2,1516,4.777407646179199
0,283,3,1992,0.17280909419059753
0,283,4,2200,0.1616818755865097
0,283,5,135,0.03573072329163551
0,283,6,1827,-0.2802245318889618
0,283,7,2326,-0.8297935724258423
0,284,1,1516,4.064394950866699
0,284,2,1582,2.7039146423339844
0,284,3,787,0.2575881779193878
0,284,4,3011,0.04169781506061554
0,284,5,887,0.016216134652495384
0,284,6,288,0.004565424285829067
0,284,7,704,-0.2301769256591797
0,284,8,742,-0.35623475909233093
0,284,9,1754,-0.5654113292694092
0,284,10,1091,-2.9248900413513184
0,285,1,553,5.767460823059082
0,285,2,1437,4.665323257446289
0,285,3,783,3.9648277759552
0,285,4,2787,1.2866299152374268
0,285,5,2111,1.0329477787017822
0,285,6,1413,0.15647023916244507
0,285,7,340,0.026901669800281525
0,285,8,2080,-0.3080521523952484
0,286,1,1277,6.7531843185424805
0,286,2,1437,4.719296455383301
0,286,3,1760,1.6409012079238892
0,286,4,950,0.3891606330871582
0,286,5,2016,0.04429168254137039
0,286,6,1280,-0.9025164842605591
0,286,7,2067,-1.0673497915267944
0,286,8,724,-1.4361270666122437
0,287,1,1437,4.142204284667969
0,287,2,1760,1.4545947313308716
0,287,3,1995,0.6521927118301392
0,287,4,59,0.4342115521430969
0,287,5,1654,0.25707459449768066
0,287,6,1992,0.21118830144405365
0,287,7,2016,0.03811417520046234
0,287,8,3011,0.02182149700820446
0,287,9,2769,-0.05267883837223053
0,287,10,857,-0.7459233999252319
0,288,1,553,5.335441589355469
0,288,2,1053,4.767132759094238
0,288,3,2668,0.12650343775749207
0,288,4,3011,0.024704663082957268
0,288,5,330,0.020038072019815445
0,288,6,887,0.006067590322345495
0,288,7,2297,-0.11693868041038513
0,288,8,3073,-0.3701223134994507
0,288,9,1642,-0.500527024269104
0,288,10,652,-0.5753464698791504
0,289,1,2090,3.9002685546875
0,289,2,2407,3.3970794677734375
0,289,3,783,2.4186084270477295
0,289,4,1592,0.6147882342338562
0,289,5,2708,0.15333212912082672
0,289,6,1266,-0.025692448019981384
0,289,7,2328,-0.03668774664402008
0,289,8,1817,-0.2142915278673172
0,289,9,2441,-0.21788138151168823
0,289,10,1409,-0.34348154067993164
0,290,1,2554,6.338624954223633
0,290,2,375,4.980416774749756
0,290,3,2616,3.8600029945373535
0,290,4,2258,0.9904019832611084
0,290,5,95,0.8486387133598328
0,290,6,2377,0.6748107075691223
0,290,7,325,0.008481471799314022
0,290,8,1720,-0.21276116371154785
0,290,9,1266,-0.2940753698348999
0,290,10,1671,-1.0995854139328003
0,291,1,2952,4.720033168792725
0,291,2,860,3.5939223766326904
0,291,3,2830,1.2649121284484863
0,291,4,1100,0.17364004254341125
0,291,5,438,0.07627803087234497
0,291,6,852,0.05421021580696106
0,291,7,325,0.003773667383939028
0,291,8,308,-0.008568741381168365
0,291,9,3047,-0.009038398042321205
0,291,10,2157,-0.4101135730743408
0,292,1,2554,5.159744739532471
0,292,2,2952,5.007701873779297
0,292,3,13,3.744748115539551
0,292,4,1597,1.0848455429077148
0,292,5,1063,0.7266601324081421
0,292,6,31,0.243971586227417
0,292,7,2293,0.08343957364559174
0,292,8,773,0.06647133827209473
0,292,9,477,-0.4044310450553894
0,292,10,2366,-0.4154425859451294
0,293,1,2090,5.840846538543701
0,293,2,533,5.640392303466797
0,293,3,2691,0.13468725979328156
0,293,4,325,0.0072324140928685665
0,293,5,2165,-1.0110135078430176
0,294,1,1344,4.902340888977051
0,294,2,375,3.277099609375
0,294,3,2431,3.031036853790283
0,294,4,627,0.08701097965240479
0,294,5,222,-0.007406203076243401
0,294,6,2799,-0.05011509358882904
0,294,7,2989,-0.12599456310272217
0,294,8,410,-0.23513153195381165
0,294,9,2713,-0.23537570238113403
0,294,10,106,-0.40017110109329224
0,295,1,1101,5.799487590789795
0,295,2,2431,4.159589767456055
0,295,3,670,1.1531063318252563
0,295,4,2750,1.0938684940338135
0,295,5,327,0.4947035610675812
0,295,6,2288,0.13236838579177856
0,295,7,987,-0.0011091157793998718
0,295,8,325,-0.0036858106032013893
0,295,9,2025,-0.008727017790079117
0,295,10,2998,-0.34297388792037964
0,297,1,2616,6.681671619415283
0,297,2,3061,5.716838836669922
0,297,3,2140,3.9052248001098633
0,297,4,853,0.24959313869476318
0,297,5,336,-0.008597208186984062
0,297,6,1018,-0.05663488060235977
0,297,7,2312,-0.1100197434425354
0,297,8,1985,-0.2067389190196991
0,297,9,1469,-0.5635717511177063
0,297,10,2615,-2.074354648590088
0,298,1,1794,5.867306709289551
0,298,2,2431,4.487070083618164
0,298,3,540,4.163071155548096
0,298,4,2140,3.6798181533813477
0,298,5,527,1.0255335569381714
0,298,6,3009,0.15996110439300537
0,298,7,381,-0.020302889868617058
0,298,8,617,-0.5478017330169678
0,299,1,2128,5.045938491821289
0,299,2,2672,4.256275653839111
0,299,3,2090,1.4419233798980713
0,299,4,2674,0.23550423979759216
0,299,5,3059,0.07828474044799805
0,299,6,340,0.03653598204255104
0,299,7,1072,-0.037620242685079575
0,299,8,2713,-0.3100888729095459
0,299,9,479,-0.3154030442237854
0,299,10,1280,-0.34964028000831604
0,300,1,2969,5.809361934661865
0,300,2,2899,4.5771918296813965
0,300,3,1379,0.31633490324020386
0,300,4,863,0.14023590087890625
0,300,5,342,0.0015561385080218315
0,300,6,1072,-0.028179198503494263
0,300,7,438,-0.16257309913635254
0,300,8,483,-0.3219743072986603
0,300,9,939,-0.5505719780921936
0,300,10,2634,-1.0316840410232544
0,301,1,1592,5.431891441345215
0,301,2,2978,4.717101573944092
0,301,3,1295,0.8069117069244385
0,301,4,861,0.1591506004333496
0,301,5,368,0.000532953068614006
0,301,6,1327,-0.5691946744918823
0,301,7,2632,-0.6717908382415771
0,301,8,1310,-0.7213195562362671
0,301,9,2634,-0.9570876359939575
0,302,1,315,5.096809387207031
0,302,2,1597,4.722887992858887
0,302,3,1542,0.5632004141807556
0,302,4,2448,0.09850345551967621
0,302,5,227,-0.026548510417342186
0,302,6,1072,-0.028703350573778152
0,302,7,1352,-0.6483643054962158
0,302,8,793,-1.009812831878662
0,302,9,1067,-1.257637619972229
0,303,1,2978,5.652212142944336
0,303,2,2365,0.6130515336990356
0,303,3,2294,0.4000714421272278
0,303,4,1037,0.3772090673446655
0,303,5,215,0.25390514731407166
0,303,6,1671,0.017116069793701172
0,303,7,368,0.001237090677022934
0,303,8,772,-0.012315183877944946
0,303,9,2480,-0.02317310869693756
0,303,10,1072,-0.02720749005675316
0,304,1,2343,5.3262786865234375
0,304,2,2899,4.548781394958496
0,304,3,1811,3.273998975753784
0,304,4,1812,0.18051402270793915
0,304,5,1400,-0.451682984828949
0,304,6,55,-0.6460732221603394
0,304,7,645,-0.6604382991790771
0,305,1,2343,5.040214538574219
0,305,2,1189,3.6602797508239746
0,305,3,1990,3.1651740074157715
0,305,4,599,0.5926434397697449
0,305,5,1278,0.32159507274627686
0,305,6,3047,0.03015773370862007
0,305,7,2839,-0.4212202727794647
0,305,8,201,-0.5475011467933655
0,305,9,91,-0.5904957056045532
0,306,1,1449,6.175580024719238
0,306,2,2686,5.101436138153076
0,306,3,1189,4.12246036529541
0,306,4,2431,0.7167513370513916
0,306,5,1685,0.4675641655921936
0,306,6,136,0.14523449540138245
0,306,7,231,0.03209725767374039
0,306,8,14,-0.19956842064857483
0,306,9,1980,-0.34619295597076416
0,306,10,2925,-0.9037382006645203
0,307,1,59,4.92496919631958
0,307,2,2188,0.7907319664955139
0,307,3,980,0.7323199510574341
0,307,4,2328,0.369995653629303
0,307,5,2513,0.15527121722698212
0,307,6,502,0.14787381887435913
0,307,7,2665,0.05708834528923035
0,307,8,1498,0.021479394286870956
0,307,9,2306,0.0211334228515625
0,307,10,351,0.00517857912927866
0,308,1,1995,6.9541544914245605
0,308,2,2686,5.844371795654297
0,308,3,1833,0.43603116273880005
0,308,4,641,0.42280012369155884
0,308,5,1409,0.1699107140302658
0,308,6,1786,0.03421437740325928
0,308,7,351,0.006965218111872673
0,308,8,142,0.005427972413599491
0,308,9,1251,-1.1806581020355225
0,309,1,2686,5.686507701873779
0,309,2,1823,5.542172908782959
0,309,3,2170,0.2683752179145813
0,309,4,1380,0.2656160295009613
0,309,5,1266,0.11395731568336487
0,309,6,351,0.006544286385178566
0,309,7,845,-0.009803542867302895
0,309,8,1156,-0.5943491458892822
0,309,9,1696,-0.8099321722984314
0,309,10,910,-0.840914249420166
0,310,1,1701,6.405670642852783
0,310,2,59,4.650097846984863
0,310,3,1990,3.744722843170166
0,310,4,2078,0.9694671034812927
0,310,5,2708,0.6802589893341064
0,310,6,33,0.18760089576244354
0,310,7,482,0.08586323261260986
0,310,8,381,0.010678407736122608
0,310,9,2721,-0.013176530599594116
0,310,10,1310,-0.09161925315856934
0,311,1,2974,6.621286392211914
0,311,2,1116,6.337380409240723
0,311,3,1990,3.954775094985962
0,311,4,400,0.49851858615875244
0,311,5,2922,0.2446356862783432
0,311,6,2474,0.07957009971141815
0,311,7,387,0.05880403518676758
0,311,8,2655,0.03454304486513138
0,311,9,1424,-0.7308433651924133
0,311,10,1892,-0.9515069723129272
0,312,1,1611,5.499551773071289
0,312,2,1541,4.7239089012146
0,312,3,1635,0.4895283877849579
0,312,4,900,0.3830080032348633
0,312,5,750,0.02922426536679268
0,312,6,975,0.027776937931776047
0,312,7,1335,-0.2496890127658844
0,312,8,1957,-0.5107831954956055
0,312,9,731,-0.7395918369293213
0,312,10,1805,-0.9703296422958374
0,314,1,633,6.564194679260254
0,314,2,1481,3.7846107482910156
0,314,3,1212,0.7031057476997375
0,314,4,864,0.18209382891654968
0,314,5,1977,0.039052583277225494
0,314,6,1498,0.024358674883842468
0,314,7,2141,-0.2038998007774353
0,314,8,3079,-0.2389039546251297
0,314,9,2640,-0.34729117155075073
0,314,10,2594,-0.5140388607978821
0,315,1,1781,5.27705192565918
0,315,2,1198,5.060183525085449
0,315,3,2188,0.5888769626617432
0,315,4,553,0.5136162638664246
0,315,5,2736,0.4814223349094391
0,315,6,1498,0.01824915036559105
0,315,7,1766,-0.01815381646156311
0,315,8,375,-0.08711585402488708
0,315,9,1048,-0.1675662398338318
0,315,10,886,-0.2105141431093216
0,316,1,1367,4.737745761871338
0,316,2,3069,4.440315246582031
0,316,3,1198,3.8410770893096924
0,316,4,1767,0.753300130367279
0,316,5,3043,0.02121884748339653
0,316,6,314,-0.20224350690841675
0,316,7,1258,-0.42983460426330566
0,316,8,2042,-0.5342696905136108
0,316,9,1202,-0.9527156352996826
0,317,1,1964,5.0399088859558105
0,317,2,1206,4.970651149749756
0,317,3,1198,4.109799861907959
0,317,4,579,0.4717005789279938
0,317,5,1627,0.06598155200481415
0,317,6,164,0.06368987262248993
0,317,7,1939,-0.44818568229675293
0,317,8,1946,-0.5184029340744019
0,317,9,1231,-0.5643488168716431
0,318,1,446,6.525455474853516
0,318,2,1206,4.9970293045043945
0,318,3,984,3.7157816886901855
0,318,4,876,0.4226909279823303
0,318,5,703,0.3882707357406616
0,318,6,2700,0.03623327612876892
0,318,7,1902,0.03281187266111374
0,318,8,2888,0.027530312538146973
0,318,9,1928,0.026263298466801643
0,318,10,248,-0.08640062808990479
0,319,1,2176,6.630797386169434
0,319,2,2106,6.202472686767578
0,319,3,2363,6.172954082489014
0,319,4,2490,0.44428151845932007
0,319,5,523,-0.03409373760223389
0,319,6,96,-0.13057774305343628
0,319,7,1927,-0.20672768354415894
0,319,8,1794,-0.4711684584617615
0,319,9,1897,-0.5143653154373169
0,319,10,2832,-1.8458967208862305
0,321,1,2176,5.1195478439331055
0,321,2,2106,4.679293155670166
0,321,3,637,4.345869064331055
0,321,4,1400,0.76025390625
0,321,5,319,0.05443025007843971
0,321,6,624,-0.12414488941431046
0,321,7,22,-0.5175135135650635
0,321,8,494,-0.6298081278800964
0,321,9,1946,-0.7598106265068054
0,321,10,584,-0.8471551537513733
0,322,1,1367,6.096109390258789
0,322,2,859,5.376822471618652
0,322,3,33,2.583503246307373
0,322,4,1963,0.7585011720657349
0,322,5,672,0.6039596796035767
0,322,6,2888,-0.06224757432937622
0,322,7,1354,-0.11109045147895813
0,322,8,136,-0.23436009883880615
0,322,9,2007,-0.4348372220993042
0,322,10,2014,-1.2645313739776611
0,323,1,2106,4.723293304443359
0,323,2,1368,4.551231384277344
0,323,3,1964,4.294919013977051
0,323,4,1498,0.03163433074951172
0,323,5,1346,-0.4120682179927826
0,323,6,2412,-0.7211439609527588
0,323,7,1650,-0.8609455823898315
0,323,8,2632,-1.4612765312194824
0,324,1,1964,4.355815887451172
0,324,2,859,4.261852264404297
0,324,3,1688,2.2939276695251465
0,324,4,2725,0.5445720553398132
0,324,5,2352,0.2901933193206787
0,324,6,142,0.03500867262482643
0,324,7,950,-0.49499523639678955
0,324,8,2931,-0.6314714550971985
0,324,9,2755,-0.7822202444076538
0,324,10,611,-1.529068946838379
0,325,1,2084,5.936127185821533
0,325,2,637,5.509953498840332
0,325,3,2917,5.1462202072143555
0,325,4,1962,3.268481492996216
0,325,5,2170,0.8083651065826416
0,325,6,174,0.5138858556747437
0,325,7,1717,-0.18731434643268585
0,325,8,1502,-0.4598226547241211
0,325,9,2743,-0.699199914932251
0,325,10,2476,-0.9761395454406738
0,326,1,104,5.293611526489258
0,326,2,239,0.048912469297647476
0,326,3,330,0.04432221129536629
0,326,4,1547,0.0046971142292022705
0,326,5,1161,-0.06220021843910217
0,326,6,1189,-0.08569523692131042
0,326,7,1059,-0.2446669638156891
0,326,8,129,-0.3945637345314026
0,326,9,1395,-0.7093203067779541
0,326,10,706,-0.8195419311523438
0,327,1,1671,7.023432731628418
0,327,2,1991,6.247063636779785
0,327,3,1064,6.135461807250977
0,327,4,1333,1.1992487907409668
0,327,5,249,0.6515630483627319
0,327,6,2866,0.070304274559021
0,327,7,2559,-0.10270117968320847
0,327,8,1280,-0.6547059416770935
0,327,9,2521,-1.3510470390319824
0,327,10,1273,-2.054469585418701
0,328,1,1062,5.5662760734558105
0,328,2,33,4.4551472663879395
0,328,3,3027,3.8293917179107666
0,328,4,2990,0.6745451092720032
0,328,5,906,0.35451987385749817
0,328,6,508,0.22562915086746216
0,328,7,1891,0.01254527922719717
0,328,8,674,-0.12768632173538208
0,328,9,2700,-0.1972293257713318
0,328,10,2078,-0.8471376895904541
0,329,1,203,6.244192123413086
0,329,2,2484,4.950820446014404
0,329,3,982,4.794430255889893
0,329,4,1252,0.3350508213043213
0,329,5,554,0.066413015127182
0,329,6,1917,0.03926846385002136
0,329,7,166,0.031459636986255646
0,329,8,1726,-0.1438983678817749
0,329,9,2844,-0.2518555819988251
0,329,10,2144,-0.8340879082679749
0,330,1,1064,6.577648639678955
0,330,2,33,5.516843795776367
0,330,3,674,0.4513382017612457
0,330,4,362,0.014398980885744095
0,330,5,701,-0.10329669713973999
0,330,6,2640,-0.11189115047454834
0,330,7,2024,-0.14692366123199463
0,330,8,538,-0.31216299533843994
0,330,9,1538,-1.8381532430648804
0,331,1,2484,5.120128631591797
0,331,2,982,4.963135242462158
0,331,3,1791,0.8661149740219116
0,331,4,362,0.012192877940833569
0,331,5,2024,-0.13202941417694092
0,331,6,272,-0.17581123113632202
0,331,7,12,-0.21744155883789062
0,331,8,194,-0.26198849081993103
0,331,9,314,-0.9201778173446655
0,331,10,1295,-1.3780295848846436
0,332,1,2659,4.094435691833496
0,332,2,1962,3.959822177886963
0,332,3,788,3.058133125305176
0,332,4,2253,0.9629826545715332
0,332,5,1992,0.5162666440010071
0,332,6,766,0.39939484000205994
0,332,7,916,0.027548614889383316
0,332,8,2583,-0.17089895904064178
0,332,9,2184,-0.38570165634155273
0,332,10,1538,-1.4278967380523682
0,333,1,1635,5.009512901306152
0,333,2,2705,3.9550976753234863
0,333,3,2309,3.567742347717285
0,333,4,1016,1.1752480268478394
0,333,5,1809,0.11855617165565491
0,333,6,168,0.09102848172187805
0,333,7,2760,0.005564182996749878
0,333,8,2666,-0.04207891970872879
0,333,9,1391,-0.3155076503753662
0,333,10,969,-0.3397231101989746
0,334,1,523,6.70509147644043
0,334,2,1491,6.158127784729004
0,334,3,2705,4.545581817626953
0,334,4,2543,4.0081562995910645
0,334,5,2296,2.3752169609069824
0,334,6,2312,0.7807286381721497
0,334,7,2566,-0.2643904387950897
0,335,1,2107,5.985641002655029
0,335,2,249,4.799751281738281
0,335,3,788,4.761563301086426
0,335,4,982,1.4713687896728516
0,335,5,315,1.1534550189971924
0,335,6,216,1.0273401737213135
0,335,7,1063,0.518937885761261
0,335,8,1034,0.5030084848403931
0,335,9,1872,0.4346005320549011
0,335,10,1153,-0.028637349605560303
0,336,1,1635,5.682039737701416
0,336,2,2705,4.513459205627441
0,336,3,2543,3.978667736053467
0,336,4,1827,0.8385000228881836
0,336,5,2170,0.048727184534072876
0,336,6,629,0.04207330942153931
0,336,7,2811,0.022531451657414436
0,336,8,1347,-1.0426496267318726
0,336,9,566,-1.1869431734085083
0,337,1,2384,6.50942325592041
0,337,2,2602,6.385379791259766
0,337,3,2309,3.843639850616455
0,337,4,1368,1.539679765701294
0,337,5,2525,0.8172784447669983
0,337,6,285,0.3977523446083069
0,337,7,316,0.3914245665073395
0,337,8,1686,0.2992325723171234
0,337,9,793,-0.08044174313545227
0,337,10,1197,-0.12793120741844177
0,338,1,2107,5.705110549926758
0,338,2,2145,5.6157050132751465
0,338,3,2309,3.6365575790405273
0,338,4,2717,0.07387861609458923
0,338,5,2700,-0.21691709756851196
0,338,6,2562,-0.3477795422077179
0,338,7,394,-0.4297090172767639
0,338,8,786,-0.5423201322555542
0,338,9,1007,-0.6639754772186279
0,339,1,2145,5.047191143035889
0,339,2,2309,3.275142192840576
0,339,3,2543,3.2694647312164307
0,339,4,2917,0.6497290134429932
0,339,5,2940,0.12256808578968048
0,339,6,3031,0.024662766605615616
0,339,7,346,-0.23671555519104004
0,339,8,2410,-0.3165062665939331
0,339,9,553,-0.4460122883319855
0,339,10,2642,-0.5045261979103088
0,340,1,2384,5.912870407104492
0,340,2,2261,5.464874744415283
0,340,3,2309,3.4807395935058594
0,340,4,285,0.39337876439094543
0,340,5,2234,0.23019641637802124
0,340,6,38,0.11226718127727509
0,340,7,1975,0.02844659984111786
0,340,8,1625,0.006151929497718811
0,340,9,974,-0.224075049161911
0,340,10,2562,-0.26634567975997925
0,341,1,387,5.325799942016602
0,341,2,11,3.9282889366149902
0,341,3,1063,0.8457903861999512
0,341,4,2355,0.30732402205467224
0,341,5,2988,0.03312968462705612
0,341,6,1015,0.016491960734128952
0,341,7,243,0.0069534434005618095
0,341,8,112,-0.1569443941116333
0,341,9,1255,-0.22295492887496948
0,341,10,414,-0.942124605178833
0,342,1,2163,3.118283748626709
0,342,2,2353,0.11880628764629364
0,342,3,2391,0.06534162163734436
0,342,4,20,0.033128153532743454
0,342,5,3031,0.0297299325466156
0,342,6,1247,0.013201717287302017
0,342,7,1794,-0.17564399540424347
0,342,8,2144,-0.2644253373146057
0,342,9,498,-0.35057729482650757
0,342,10,865,-0.7613307237625122
0,343,1,2602,6.926275730133057
0,343,2,2107,6.522640228271484
0,343,3,671,2.0793511867523193
0,343,4,2140,0.9856993556022644
0,343,5,1275,0.5882364511489868
0,343,6,2319,0.3418208956718445
0,343,7,2347,0.15243971347808838
0,343,8,1928,0.036119431257247925
0,343,9,2044,0.031022129580378532
0,343,10,2811,0.024850305169820786
0,345,1,1472,6.316962242126465
0,345,2,482,5.7326226234436035
0,345,3,622,0.42921745777130127
0,345,4,2484,0.33447909355163574
0,345,5,2546,0.13017091155052185
0,345,6,20,0.046218641102313995
0,345,7,584,-0.40748655796051025
0,345,8,2042,-0.4155619740486145
0,345,9,2412,-0.4281550645828247
0,345,10,2143,-0.7224692106246948
0,346,1,671,6.521261692047119
0,346,2,2264,5.17194938659668
0,346,3,2272,0.8699198961257935
0,346,4,127,0.7731406688690186
0,346,5,1189,0.7497441172599792
0,346,6,622,0.544060468673706
0,346,7,20,0.05364934727549553
0,346,8,1928,0.03547988086938858
0,346,9,1006,0.02849728986620903
0,346,10,1267,-0.34977954626083374
0,347,1,2403,6.8657755851745605
0,347,2,646,6.7486419677734375
0,347,3,2956,0.16119453310966492
0,347,4,1408,0.11746448278427124
0,347,5,3032,0.055575281381607056
0,347,6,20,0.05009515956044197
0,347,7,394,-0.23331694304943085
0,347,8,1826,-0.38972237706184387
0,347,9,2237,-0.48389512300491333
0,347,10,97,-0.5420562624931335
0,348,1,2163,5.336803913116455
0,348,2,2007,3.4279699325561523
0,348,3,1897,1.03049898147583
0,348,4,2256,0.8004494905471802
0,348,5,977,0.009919501841068268
0,348,6,2846,0.008864251896739006
0,348,7,286,-0.06783537566661835
0,348,8,78,-0.6751970052719116
0,348,9,1100,-0.6791476011276245
0,348,10,1315,-0.7168089151382446
0,349,1,1911,6.004586219787598
0,349,2,11,5.295266151428223
0,349,3,1786,5.067598819732666
0,349,4,749,0.6378026008605957
0,349,5,833,0.3117736876010895
0,349,6,1769,0.23154225945472717
0,349,7,2044,0.04091883823275566
0,349,8,2759,-0.12330134212970734
0,349,9,201,-0.24597062170505524
0,349,10,123,-0.848843514919281
0,350,1,1827,5.8303351402282715
0,350,2,1897,1.5084679126739502
0,350,3,2309,0.9236453771591187
0,350,4,342,0.025847578421235085
0,350,5,3043,0.008752206340432167
0,350,6,2452,-0.09125854074954987
0,350,7,2877,-0.3506224751472473
0,350,8,444,-0.45411843061447144
0,350,9,129,-0.4686726927757263
0,350,10,984,-0.9957062005996704
0,351,1,2007,3.67415714263916
0,351,2,1,1.2333414554595947
0,351,3,1897,1.1411212682724
0,351,4,2723,0.6208183765411377
0,351,5,96,0.07013183832168579
0,351,6,82,0.055861473083496094
0,351,7,3043,0.007638505659997463
0,351,8,1757,-0.3258184790611267
0,351,9,1611,-0.3682953715324402
0,351,10,2024,-0.4640704393386841
0,352,1,622,6.982024192810059
0,352,2,2562,6.144299507141113
0,352,3,432,5.786166191101074
0,352,4,527,1.3114330768585205
0,352,5,2640,0.016843944787979126
0,352,6,347,0.00473171379417181
0,352,7,2615,-0.01571798324584961
0,352,8,2963,-1.0283679962158203
0,352,9,1091,-2.1779978275299072
0,353,1,1,6.2072649002075195
0,353,2,2653,5.174249649047852
0,353,3,842,4.263986110687256
0,353,4,1007,1.1674985885620117
0,353,5,1911,1.119173288345337
0,353,6,339,-0.0432315394282341
0,353,7,1650,-0.08945679664611816
0,353,8,542,-0.3418769836425781
0,353,9,629,-1.3744220733642578
0,354,1,432,4.223837852478027
0,354,2,2653,4.19200325012207
0,354,3,754,3.2491402626037598
0,354,4,2578,0.03364509344100952
0,354,5,608,0.0061897337436676025
0,354,6,1070,-0.24869404733181
0,355,1,2869,6.063447952270508
0,355,2,432,4.458586692810059
0,355,3,2697,3.6670327186584473
0,355,4,2358,0.9940199851989746
0,355,5,2997,0.13805188238620758
0,355,6,2738,0.13336193561553955
0,355,7,2180,-0.06421177089214325
0,355,8,168,-0.34184280037879944
0,355,9,1775,-0.6445233821868896
0,355,10,127,-0.6950876116752625
0,356,1,2574,7.506639003753662
0,356,2,842,4.581937313079834
0,356,3,2697,4.568657875061035
0,356,4,481,1.3939522504806519
0,356,5,598,0.48479950428009033
0,356,6,2324,-0.16410312056541443
0,356,7,1931,-0.5154212713241577
0,356,8,1898,-0.5748583078384399
0,356,9,2871,-0.8578747510910034
0,357,1,506,5.839879989624023
0,357,2,1167,4.448932647705078
0,357,3,2219,0.7850823402404785
0,357,4,1383,0.7074114084243774
0,357,5,2312,0.5553697943687439
0,357,6,2225,0.007383555173873901
0,357,7,1674,-0.004124507308006287
0,357,8,1829,-0.1920609474182129
0,357,9,1831,-1.5185604095458984
0,358,1,579,6.647826194763184
0,358,2,595,6.004890441894531
0,358,3,434,4.375430583953857
0,358,4,1750,0.5289785861968994
0,358,5,105,0.4754917025566101
0,358,6,1546,-0.13217200338840485
0,358,7,1769,-0.24574561417102814
0,358,8,1275,-0.3765385150909424
0,358,9,555,-1.0972654819488525
0,359,1,2294,4.1038818359375
0,359,2,1931,0.9472233057022095
0,359,3,701,0.7603442668914795
0,359,4,1391,0.37893611192703247
0,359,5,2578,0.2944384515285492
0,359,6,1359,0.22496390342712402
0,359,7,2183,0.15630489587783813
0,359,8,2645,-0.0008326554670929909
0,359,9,1928,-0.036570675671100616
0,359,10,884,-0.4913043975830078
0,360,1,2294,4.117178916931152
0,360,2,2997,0.32807457447052
0,360,3,2645,-0.0005740327760577202
0,360,4,1928,-0.03671078011393547
0,360,5,554,-0.050982460379600525
0,360,6,464,-0.0780266523361206
0,360,7,249,-0.30569174885749817
0,361,1,2294,4.101366996765137
0,361,2,701,0.7579833269119263
0,361,3,1340,0.4552699327468872
0,361,4,865,0.4490637183189392
0,361,5,1913,0.1849517524242401
0,361,6,2368,0.04266011714935303
0,361,7,2645,-0.0015695802867412567
0,361,8,1928,-0.03672429174184799
0,361,9,1786,-0.2579485774040222
0,361,10,249,-0.3238217532634735
0,362,1,2294,4.117609024047852
0,362,2,795,0.3832840919494629
0,362,3,2645,-0.0019067320972681046
0,362,4,1928,-0.03682404384016991
0,362,5,2144,-0.08719871938228607
0,362,6,2291,-0.4572613835334778
0,362,7,400,-0.5411916971206665
0,362,8,1287,-0.7724148631095886
0,362,9,2923,-1.1650270223617554
0,363,1,2294,4.108030319213867
0,363,2,2661,0.35046643018722534
0,363,3,2321,0.03138077259063721
0,363,4,1801,0.02571410872042179
0,363,5,2645,-0.0007927436381578445
0,363,6,507,-0.031038105487823486
0,363,7,1928,-0.036641862243413925
0,363,8,2672,-0.10147454589605331
0,363,9,535,-0.3064320981502533
0,363,10,884,-0.5087083578109741
0,364,1,2759,4.574286937713623
0,364,2,418,3.8247008323669434
0,364,3,510,0.8129871487617493
0,364,4,541,0.5062294006347656
0,364,5,1070,0.1653052270412445
0,364,6,253,0.021953394636511803
0,364,7,383,-0.3162999749183655
0,364,8,1802,-0.4310567378997803
0,364,9,1671,-0.4497859477996826
0,364,10,1826,-1.6503825187683105
0,365,1,1653,4.935441017150879
0,365,2,418,4.040539741516113
0,365,3,1478,3.8575057983398438
0,365,4,696,0.13004975020885468
0,365,5,1975,0.009612783789634705
0,365,6,1696,-0.031124964356422424
0,365,7,1671,-0.44572412967681885
0,365,8,613,-0.552028238773346
0,365,9,2114,-1.561181664466858
0,366,1,1653,5.622653007507324
0,366,2,418,4.604048728942871
0,366,3,2788,1.4371153116226196
0,366,4,2365,1.1554127931594849
0,366,5,471,0.6756123900413513
0,366,6,1831,0.5284786224365234
0,366,7,993,0.08548739552497864
0,366,8,253,0.027726631611585617
0,366,9,2705,-0.2624410390853882
0,367,1,2078,6.773591995239258
0,367,2,1203,5.933333396911621
0,367,3,1478,4.042819023132324
0,367,4,566,0.6511547565460205
0,367,5,1266,0.15757670998573303
0,367,6,2093,-0.14256227016448975
0,367,7,2938,-0.268054336309433
0,367,8,2985,-1.4335793256759644
0,368,1,1203,4.689756393432617
0,368,2,1494,4.124150276184082
0,368,3,1653,4.0874810218811035
0,368,4,1277,0.10781659185886383
0,368,5,2870,-0.0863364040851593
0,368,6,2802,-0.2867393493652344
0,368,7,2112,-0.3006853461265564
0,368,8,55,-0.38590991497039795
0,368,9,738,-0.6392675638198853
0,368,10,2293,-0.7186967134475708
0,369,1,1398,7.134720802307129
0,369,2,2888,6.170558452606201
0,369,3,1108,5.5982561111450195
0,369,4,2654,0.7222222685813904
0,369,5,402,0.5721167325973511
0,369,6,2225,-0.008252996951341629
0,369,7,2173,-0.7744489908218384
0,370,1,1398,6.516103267669678
0,370,2,2321,5.23290491104126
0,370,3,1108,5.112273216247559
0,370,4,2372,0.682232141494751
0,370,5,2118,0.3148602545261383
0,370,6,1038,0.041332900524139404
0,370,7,2760,-0.01592068374156952
0,370,8,351,-0.06431341171264648
0,370,9,1761,-0.17141610383987427
0,370,10,314,-0.33218446373939514
0,371,1,272,5.4169793128967285
0,371,2,1826,5.262932777404785
0,371,3,1108,4.500715255737305
0,371,4,766,0.5618762373924255
0,371,5,1513,0.5312193632125854
0,371,6,2089,0.41521796584129333
0,371,7,192,0.10658980906009674
0,371,8,1613,-0.09852397441864014
0,371,9,1981,-0.23343637585639954
0,371,10,229,-0.2657579481601715
0,372,1,2464,7.139177322387695
0,372,2,1826,6.680959701538086
0,372,3,2321,5.845114707946777
0,372,4,2237,0.9634131789207458
0,372,5,1454,0.8099720478057861
0,372,6,2723,0.31550878286361694
0,372,7,1522,0.08896753191947937
0,372,8,1200,-0.38698041439056396
0,373,1,1347,6.099336624145508
0,373,2,2441,5.67738151550293
0,373,3,2321,5.059597969055176
0,373,4,1744,0.7121440172195435
0,373,5,675,0.3841637969017029
0,373,6,2736,0.29771873354911804
0,373,7,2697,-0.22664903104305267
0,373,8,1881,-0.2743477523326874
0,374,1,477,6.431873321533203
0,374,2,1678,6.418190956115723
0,374,3,2321,5.365535259246826
0,374,4,2074,0.8103529810905457
0,374,5,94,0.5272658467292786
0,374,6,2136,0.08420592546463013
0,374,7,1988,-0.019607290625572205
0,374,8,1368,-0.20256707072257996
0,374,9,1787,-0.40465736389160156
0,374,10,774,-0.41575926542282104
0,375,1,1347,6.482662200927734
0,375,2,477,6.4449381828308105
0,375,3,1678,6.431118965148926
0,375,4,542,0.888939619064331
0,375,5,864,0.7976783514022827
0,375,6,2191,0.5188986659049988
0,375,7,235,0.16090092062950134
0,375,8,508,-0.29241687059402466
0,375,9,64,-0.7927546501159668
0,375,10,1467,-1.6328742504119873
0,378,1,1606,6.2110676765441895
0,378,2,2739,5.989071846008301
0,378,3,2321,4.851508617401123
0,378,4,1632,0.5838547945022583
0,378,5,359,0.5213868021965027
0,378,6,1379,0.12848055362701416
0,378,7,986,0.049510762095451355
0,378,8,916,-0.00417073629796505
0,378,9,1627,-0.02458590641617775
0,378,10,438,-0.15407821536064148
0,379,1,1606,7.4188737869262695
0,379,2,272,6.814842224121094
0,379,3,918,5.57774543762207
0,379,4,2957,1.0964468717575073
0,379,5,2355,0.4400396943092346
0,379,6,1628,0.2947689890861511
0,379,7,1745,0.012772264890372753
0,379,8,1781,-0.08499419689178467
0,379,9,1721,-0.22885993123054504
0,379,10,2210,-0.39319944381713867
0,380,1,2739,7.234148979187012
0,380,2,1678,7.009227752685547
0,380,3,2321,5.860381126403809
0,380,4,520,0.7530258893966675
0,380,5,953,0.6696246862411499
0,380,6,1465,0.6340188384056091
0,380,7,3059,0.4717591404914856
0,380,8,1724,0.03945663571357727
0,380,9,1975,-0.025031931698322296
0,380,10,2514,-0.026089247316122055
0,381,1,1678,5.902091979980469
0,381,2,1826,5.640572547912598
0,381,3,918,4.749546051025391
0,381,4,1638,0.7410431504249573
0,381,5,453,0.6532135009765625
0,381,6,2745,0.42824673652648926
0,381,7,699,0.3342670798301697
0,381,8,1926,-0.00815853476524353
0,383,1,1606,6.970282554626465
0,383,2,1678,6.513425350189209
0,383,3,272,6.404118537902832
0,383,4,948,0.768708348274231
0,383,5,2141,0.645567774772644
0,383,6,230,0.6071881651878357
0,383,7,962,-0.006792906671762466
0,383,8,2990,-0.12547160685062408
0,383,9,1293,-0.15486487746238708
0,383,10,479,-0.17220216989517212
0,384,1,1347,5.930752754211426
0,384,2,477,5.896015644073486
0,384,3,918,4.735011100769043
0,384,4,2323,0.6837924122810364
0,384,5,416,0.5143032073974609
0,384,6,2089,0.42394566535949707
0,384,7,494,-0.03560176491737366
0,384,8,1543,-0.605682909488678
0,385,1,477,5.514481544494629
0,385,2,1826,5.258220672607422
0,385,3,1108,4.494884490966797
0,385,4,2355,0.3845692276954651
0,385,5,1760,-0.08914145827293396
0,385,6,2112,-0.13024409115314484
0,385,7,1158,-0.1587408185005188
0,385,8,2097,-0.30254048109054565
0,386,1,1678,5.940896034240723
0,386,2,272,5.841096878051758
0,386,3,2888,5.349274158477783
0,386,4,1165,0.4993512034416199
0,386,5,294,0.47742730379104614
0,386,6,32,0.2154376059770584
0,386,7,1893,-0.053115300834178925
0,386,8,2989,-0.060002654790878296
0,386,9,3015,-0.30514800548553467
0,386,10,2623,-1.3293414115905762
0,387,1,2464,6.496010780334473
0,387,2,2321,5.318888187408447
0,387,3,2687,4.302129745483398
0,387,4,359,0.572238564491272
0,387,5,634,0.5220507383346558
0,387,6,1302,0.2314145267009735
0,387,7,536,0.11727443337440491
0,387,8,2234,0.06838151812553406
0,387,9,2846,-0.00885823741555214
0,387,10,2677,-0.010042937472462654
0,388,1,2739,6.521078109741211
0,388,2,2441,5.92750358581543
0,388,3,1108,5.161717891693115
0,388,4,2395,1.202276349067688
0,388,5,1766,0.13855551183223724
0,388,6,2407,0.08385956287384033
0,388,7,1627,-0.027207866311073303
0,388,8,1435,-0.18036553263664246
0,388,9,2306,-0.47534728050231934
0,388,10,1391,-0.614999532699585
0,391,1,1398,6.8587846755981445
0,391,2,1347,6.640841007232666
0,391,3,2321,5.507684707641602
0,391,4,2025,-0.012537289410829544
0,391,5,475,-0.10218459367752075
0,391,6,727,-0.18886882066726685
0,391,7,1236,-0.20539972186088562
0,392,1,2558,5.737397193908691
0,392,2,2108,4.966892242431641
0,392,3,2104,4.892159461975098
0,392,4,210,1.833857536315918
0,392,5,2740,0.6864873766899109
0,392,6,1606,0.25986889004707336
0,392,7,2007,0.08502241969108582
0,392,8,330,0.019374694675207138
0,392,9,40,-0.04478684067726135
0,392,10,1100,-0.1955552101135254
0,395,1,716,5.783022880554199
0,395,2,2156,5.697482109069824
0,395,3,2104,4.932562351226807
0,395,4,203,0.4115152955055237
0,395,5,2235,0.40394431352615356
0,395,6,540,0.38807976245880127
0,395,7,2095,0.34625327587127686
0,395,8,357,0.29141557216644287
0,395,9,2237,0.14913567900657654
0,395,10,157,0.016513153910636902
0,396,1,2082,5.730391979217529
0,396,2,641,5.716275215148926
0,396,3,3010,0.3218735456466675
0,396,4,895,0.022979794070124626
0,396,5,8,-0.03522220253944397
0,396,6,1586,-0.4093528389930725
0,396,7,1893,-0.420672744512558
0,397,1,1379,6.27939510345459
0,397,2,1570,5.711324691772461
0,397,3,1301,4.9450883865356445
0,397,4,755,0.3242393434047699
0,397,5,2108,0.2784157991409302
0,397,6,362,0.030549058690667152
0,397,7,977,-0.0001578233204782009
0,397,8,2988,-0.003639310598373413
0,397,9,2922,-0.05402614176273346
0,397,10,544,-0.322802871465683
0,398,1,527,5.307232856750488
0,398,2,2112,5.125001430511475
0,398,3,2643,4.608157157897949
0,398,4,2665,0.6638542413711548
0,398,5,2405,-1.8291711807250977
0,399,1,2136,6.7048234939575195
0,399,2,1307,5.394537925720215
0,399,3,2830,5.266554832458496
0,399,4,471,1.287989616394043
0,399,5,13,1.0199556350708008
0,399,6,645,0.08096158504486084
0,399,7,2868,0.03037697821855545
0,400,1,2080,5.470109462738037
0,400,2,1307,5.0637383460998535
0,400,3,2112,4.575996398925781
0,400,4,1109,0.5299620628356934
0,400,5,1823,0.13599449396133423
0,400,6,2997,-0.06174181401729584
0,400,7,3063,-0.1096087321639061
0,400,8,1206,-0.4170421361923218
0,400,9,2412,-0.7057948708534241
0,400,10,1311,-1.3255832195281982
0,401,1,2108,5.101395606994629
0,401,2,2490,4.1699981689453125
0,401,3,1494,1.3220508098602295
0,401,4,2170,1.1237982511520386
0,401,5,2706,0.41052672266960144
0,401,6,136,0.12042006850242615
0,401,7,1280,0.11318044364452362
0,401,8,2666,0.07656450569629669
0,401,9,1907,0.03141924738883972
0,401,10,1872,-0.4626867175102234
0,403,1,89,6.062077522277832
0,403,2,206,5.47883415222168
0,403,3,2080,5.336771488189697
0,403,4,2830,5.299078464508057
0,403,5,2590,1.229038119316101
0,403,6,101,0.6396257877349854
0,403,7,887,0.026676882058382034
0,403,8,453,-0.14043301343917847
0,403,9,455,-0.5258556604385376
0,403,10,98,-0.6312986612319946
0,404,1,206,4.319022178649902
0,404,2,1307,4.173398017883301
0,404,3,2758,4.110594749450684
0,404,4,1738,0.9530911445617676
0,404,5,1571,0.0393710732460022
0,404,6,1498,0.03170780465006828
0,404,7,962,0.021752120926976204
0,404,8,704,0.005303293466567993
0,404,9,2009,-0.32583123445510864
0,404,10,481,-0.5315136909484863
0,405,1,275,5.405440330505371
0,405,2,1301,4.994505882263184
0,405,3,1738,1.0257811546325684
0,405,4,69,0.42545464634895325
0,405,5,518,0.28177040815353394
0,405,6,224,0.0170292891561985
0,405,7,2576,-0.6675585508346558
0,405,8,2440,-0.9018211364746094
0,405,9,1966,-0.9784168004989624
0,406,1,2235,5.912600994110107
0,406,2,196,5.227880477905273
0,406,3,1301,4.635051250457764
0,406,4,2923,0.6980703473091125
0,406,5,1484,0.11741757392883301
0,406,6,342,0.050399892032146454
0,406,7,2826,0.001361072063446045
0,406,8,1781,-0.12754058837890625
0,406,9,1386,-0.21801552176475525
0,406,10,2197,-0.3142348527908325
0,407,1,261,6.177070140838623
0,407,2,527,5.87725830078125
0,407,3,2504,5.303988456726074
0,407,4,2042,1.410065770149231
0,407,5,1215,0.8158839344978333
0,407,6,1417,0.43081188201904297
0,407,7,80,0.051763199269771576
0,407,8,2025,0.012902891263365746
0,407,9,1893,-0.0859157145023346
0,407,10,216,-0.7298991680145264
0,408,1,475,6.361078262329102
0,408,2,103,6.073757648468018
0,408,3,1999,4.725805282592773
0,408,4,2974,0.896331787109375
0,408,5,2923,0.7634763717651367
0,408,6,2739,-0.3694723844528198
0,408,7,410,-0.4203936457633972
0,408,8,1030,-0.4386024475097656
0,408,9,1982,-2.1937594413757324
0,409,1,82,5.172491073608398
0,409,2,2643,4.4470391273498535
0,409,3,493,3.8680427074432373
0,409,4,239,0.026934120804071426
0,409,5,2645,0.023982804268598557
0,409,6,2184,-0.020794585347175598
0,409,7,1002,-0.035945743322372437
0,409,8,1078,-1.2927480936050415
0,410,1,1333,5.7590460777282715
0,410,2,1408,5.293042182922363
0,410,3,2752,3.491626262664795
0,410,4,2607,0.7463175654411316
0,410,5,1840,0.6947707533836365
0,410,6,572,0.3786556124687195
0,410,7,1787,0.3235791027545929
0,410,8,738,0.3036332428455353
0,410,9,2658,0.19469165802001953
0,410,10,2616,0.16896659135818481
0,411,1,1878,5.580303192138672
0,411,2,2423,5.481485843658447
0,411,3,1391,0.9802578687667847
0,411,4,1310,0.7962872982025146
0,411,5,1721,0.734912633895874
0,411,6,1028,0.3206061124801636
0,411,7,1034,-0.051633983850479126
0,411,8,285,-0.1388605833053589
0,411,9,2787,-0.5009941458702087
0,411,10,1767,-0.513286828994751
0,412,1,1878,5.8303728103637695
0,412,2,493,5.147830009460449
0,412,3,1328,0.8420950770378113
0,412,4,315,0.7217493653297424
0,412,5,1072,0.023567063733935356
0,412,6,2901,0.023113325238227844
0,412,7,1742,0.0017195353284478188
0,412,8,1203,-0.045451536774635315
0,412,9,1009,-0.35199102759361267
0,412,10,2790,-0.4669727683067322
0,413,1,493,5.305757522583008
0,413,2,2785,5.241571426391602
0,413,3,2595,0.45343017578125
0,413,4,1977,0.016700193285942078
0,413,5,158,0.008764270693063736
0,413,6,876,-0.027559667825698853
0,413,7,2704,-0.06803262233734131
0,413,8,857,-0.21647551655769348
0,413,9,2163,-0.2373650074005127
0,413,10,1767,-0.5460340976715088
0,414,1,2423,5.3160319328308105
0,414,2,3017,4.66301155090332
0,414,3,982,0.5316603779792786
0,414,4,1592,0.3308834433555603
0,414,5,393,0.22712746262550354
0,414,6,1926,0.042443059384822845
0,414,7,410,-0.45339033007621765
0,414,8,1767,-0.47857677936553955
0,414,9,438,-1.0598576068878174
0,414,10,1287,-1.120804786682129
0,415,1,112,7.082912445068359
0,415,2,201,6.439619064331055
0,415,3,1884,5.297088623046875
0,415,4,653,0.8561142086982727
0,415,5,2228,0.2698345482349396
0,415,6,364,0.10498477518558502
0,415,7,8,-0.3089512586593628
0,415,8,402,-1.0752872228622437
0,415,9,599,-2.0385818481445312
0,416,1,538,2.4376626014709473
0,416,2,3073,2.2270755767822266
0,416,3,1018,-0.0012597721070051193
0,416,4,362,-0.025325413793325424
0,416,5,1273,-0.27194148302078247
0,416,6,2121,-0.7245122194290161
0,416,7,2410,-1.0340659618377686
0,416,8,2137,-1.1647945642471313
0,417,1,264,5.606053352355957
0,417,2,826,5.217663288116455
0,417,3,755,3.8013153076171875
0,417,4,1899,3.5007896423339844
0,417,5,2581,-0.7436505556106567
0,417,6,2299,-0.9170154333114624
0,418,1,535,4.481653213500977
0,418,2,2047,3.3053362369537354
0,418,3,2609,2.732239246368408
0,418,4,842,0.22831106185913086
0,418,5,1352,-0.3939353823661804
0,418,6,2297,-0.43531519174575806
0,418,7,2053,-0.8784606456756592
0,418,8,1454,-1.069077730178833
0,419,1,2028,5.706844806671143
0,419,2,3010,5.04893684387207
0,419,3,1196,4.874570846557617
0,419,4,2659,0.602332592010498
0,419,5,2927,0.42779919505119324
0,419,6,1897,0.31079337000846863
0,419,7,356,0.30705973505973816
0,419,8,193,0.23837348818778992
0,419,9,142,0.004438471980392933
0,419,10,2789,-0.19278846681118011
0,420,1,201,6.431097984313965
0,420,2,2790,5.577125549316406
0,420,3,1884,5.280327796936035
0,420,4,755,5.025998115539551
0,420,5,784,0.7601007223129272
0,420,6,835,0.24264200031757355
0,420,7,1412,0.15032005310058594
0,420,8,2050,-0.051967620849609375
0,420,9,63,-0.20737427473068237
0,420,10,2258,-0.41292572021484375
0,421,1,566,5.176834583282471
0,421,2,670,5.153983116149902
0,421,3,2826,3.169524669647217
0,421,4,613,1.147071361541748
0,421,5,1781,0.5227630138397217
0,421,6,2697,0.40382927656173706
0,421,7,773,0.26918864250183105
0,421,8,360,0.005972273647785187
0,421,9,1638,-0.4533912241458893
0,421,10,2100,-0.872626781463623
0,422,1,2028,5.722441673278809
0,422,2,3019,5.702061653137207
0,422,3,755,4.3293914794921875
0,422,4,1381,1.1525288820266724
0,422,5,2323,0.09803428500890732
0,422,6,1999,0.034371644258499146
0,422,7,2978,-0.44106125831604004
0,422,8,2780,-0.8790041208267212
0,423,1,704,4.824547290802002
0,423,2,1196,4.782061576843262
0,423,3,1263,3.722562074661255
0,423,4,2851,2.289259433746338
0,423,5,842,0.3561583459377289
0,423,6,479,-0.05587363243103027
0,423,7,572,-0.24624352157115936
0,423,8,1429,-0.2936479449272156
0,423,9,379,-0.4840238690376282
0,423,10,1538,-2.7646291255950928
0,424,1,826,6.798802375793457
0,424,2,576,4.6731343269348145
0,424,3,1952,3.169080972671509
0,424,4,1802,0.3365780711174011
0,424,5,1347,0.18596968054771423
0,424,6,2632,-0.16176074743270874
0,424,7,426,-0.2577046751976013
0,424,8,444,-0.29570698738098145
0,424,9,2581,-0.41455671191215515
0,424,10,740,-0.7253048419952393
0,425,1,566,6.65013313293457
0,425,2,2700,5.616332054138184
0,425,3,2359,5.326272964477539
0,425,4,1911,0.6288028955459595
0,425,5,1541,0.48826757073402405
0,425,6,703,0.3950350284576416
0,425,7,905,0.22155457735061646
0,425,8,1869,-0.4808821678161621
0,425,9,1104,-1.0412465333938599
0,425,10,98,-1.1867454051971436
0,426,1,566,5.913032054901123
0,426,2,1899,3.5046448707580566
0,426,3,1472,0.6627694964408875
0,426,4,1738,0.5593385100364685
0,426,5,11,0.5017195343971252
0,426,6,793,0.49087241291999817
0,426,7,2660,0.2991015315055847
0,426,8,786,0.27097898721694946
0,426,9,1018,-0.036624837666749954
0,426,10,95,-0.038716912269592285
0,427,1,518,6.602683067321777
0,427,2,3073,3.7239675521850586
0,427,3,1899,3.698862075805664
0,427,4,326,-0.024067040532827377
0,427,5,339,-0.0355524979531765
0,427,6,1685,-0.18481802940368652
0,427,7,2599,-0.23393133282661438
0,427,8,2669,-0.23409166932106018
0,427,9,2254,-0.6388789415359497
0,427,10,1691,-0.7256007194519043
0,428,1,538,5.059971332550049
0,428,2,2609,3.758732795715332
0,428,3,742,2.934603691101074
0,428,4,2616,0.7303905487060547
0,428,5,1266,0.64292311668396
0,428,6,1793,0.5598124265670776
0,428,7,557,-0.022270895540714264
0,428,8,39,-0.37365758419036865
0,428,9,1048,-0.746738851070404
0,428,10,2488,-1.154552936553955
0,429,1,538,5.045590400695801
0,429,2,2609,3.740363121032715
0,429,3,742,2.9366543292999268
0,429,4,2851,2.9081010818481445
0,429,5,2163,0.5997188687324524
0,429,6,1780,0.0028731748461723328
0,429,7,1507,-0.037437424063682556
0,429,8,2435,-0.2594357430934906
0,429,9,1009,-0.6090232133865356
0,429,10,2188,-0.9932280778884888
0,430,1,538,5.047153472900391
0,430,2,2609,3.7496261596679688
0,430,3,742,2.929560422897339
0,430,4,3040,0.4612690210342407
0,430,5,2031,-0.04876035451889038
0,430,6,900,-0.6697407364845276
0,430,7,1546,-0.8500712513923645
0,430,8,2280,-1.6366782188415527
0,435,1,518,5.453845024108887
0,435,2,585,5.100354194641113
0,435,3,1029,3.6407980918884277
0,435,4,759,0.08592619001865387
0,435,5,1980,-0.4493182897567749
0,435,6,991,-0.5879678726196289
0,435,7,2727,-1.0156502723693848
0,436,1,1029,4.443428039550781
0,436,2,742,3.4143760204315186
0,436,3,1469,1.3835734128952026
0,436,4,1395,0.6129013299942017
0,436,5,1823,0.19795341789722443
0,436,6,2898,0.026402384042739868
0,436,7,2496,0.012723018415272236
0,436,8,984,-0.0934068113565445
0,436,9,1721,-0.13226760923862457
0,436,10,1817,-0.3678760230541229
0,437,1,621,6.129058837890625
0,437,2,1029,4.282102108001709
0,437,3,742,3.327260732650757
0,437,4,514,0.7989155650138855
0,437,5,3011,0.011577829718589783
0,437,6,1757,-0.4414818286895752
0,437,7,1415,-0.7161985635757446
0,437,8,184,-1.184278964996338
0,438,1,585,5.155220985412598
0,438,2,1029,3.712674856185913
0,438,3,742,2.857516050338745
0,438,4,1386,1.4992854595184326
0,438,5,1113,0.28680261969566345
0,438,6,1920,0.20957404375076294
0,438,7,1171,-0.028923586010932922
0,438,8,1215,-0.13712821900844574
0,438,9,2583,-0.43221384286880493
0,439,1,2205,5.605633735656738
0,439,2,1467,5.440406322479248
0,439,3,884,4.325928688049316
0,439,4,1884,1.2925398349761963
0,439,5,46,0.4066564440727234
0,439,6,646,0.14458733797073364
0,439,7,432,0.09200646728277206
0,439,8,1839,-0.09248265624046326
0,439,9,301,-0.17541593313217163
0,439,10,2442,-0.6337453126907349
0,441,1,2761,6.513158798217773
0,441,2,884,5.9315361976623535
0,441,3,2725,5.891200065612793
0,441,4,2554,0.6882483959197998
0,441,5,2752,0.2489345520734787
0,441,6,1494,-0.3561830520629883
0,441,7,271,-1.307639718055725
0,443,1,58,4.501148223876953
0,443,2,1590,4.278306007385254
0,443,3,2761,4.037234783172607
0,443,4,2384,0.07030878961086273
0,443,5,911,0.0254162959754467
0,443,6,2603,0.01200500875711441
0,443,7,980,-0.038859859108924866
0,443,8,1171,-0.2885422706604004
0,443,9,1708,-0.6270493268966675
0,443,10,2353,-1.3485932350158691
0,444,1,2173,3.5486011505126953
0,444,2,581,3.485468864440918
0,444,3,3027,0.41179072856903076
0,444,4,78,0.03375963866710663
0,444,5,326,0.004645266570150852
0,444,6,1802,-0.09064796566963196
0,444,7,1223,-0.14725551009178162
0,444,8,991,-0.48479896783828735
0,444,9,2031,-0.658158540725708
0,444,10,595,-0.7779672145843506
0,445,1,2018,4.747781276702881
0,445,2,581,4.74719762802124
0,445,3,2173,4.340231895446777
0,445,4,173,3.4277913570404053
0,445,5,1963,0.5550122857093811
0,445,6,727,-0.09688994288444519
0,445,7,2752,-0.31361714005470276
0,445,8,2817,-0.46384197473526
0,446,1,466,5.547577857971191
0,446,2,2173,3.8443827629089355
0,446,3,624,1.2695859670639038
0,446,4,1787,0.853061854839325
0,446,5,1778,0.36014220118522644
0,446,6,78,0.05676752328872681
0,446,7,1018,0.02403600513935089
0,446,8,1603,-0.0029487982392311096
0,446,9,432,-0.4144185185432434
0,446,10,3061,-0.5446231365203857
0,448,1,394,5.829270362854004
0,448,2,173,5.24217414855957
0,448,3,410,4.002578258514404
0,448,4,876,0.49154943227767944
0,448,5,2073,0.4404575824737549
0,448,6,1738,0.3253835439682007
0,448,7,1625,0.04755464941263199
0,448,8,2144,-0.44635075330734253
0,448,9,1621,-0.6327396631240845
0,448,10,2100,-0.7820595502853394
0,449,1,665,5.095561981201172
0,449,2,672,5.060779571533203
0,449,3,289,0.45148175954818726
0,449,4,195,0.3491957187652588
0,449,5,2452,0.031554631888866425
0,449,6,1603,0.013538727536797523
0,450,1,2704,5.129514217376709
0,450,2,173,4.816862106323242
0,450,3,2911,0.7477102875709534
0,450,4,2205,0.16993781924247742
0,450,5,980,0.14523425698280334
0,450,6,1601,0.06977221369743347
0,450,7,1603,0.013159428723156452
0,450,8,2653,-0.18888452649116516
0,450,9,2583,-0.23124277591705322
0,450,10,2141,-0.601280927658081
0,451,1,672,6.335386276245117
0,451,2,949,3.5153748989105225
0,451,3,2440,1.562206506729126
0,451,4,2165,0.8457415103912354
0,451,5,221,0.511839747428894
0,451,6,142,0.03307434171438217
0,451,7,1603,0.015170920640230179
0,451,8,2303,-0.486951619386673
0,451,9,1872,-0.9363369941711426
0,453,1,1718,4.582982540130615
0,453,2,1200,4.532214641571045
0,453,3,1048,4.023011207580566
0,453,4,1171,0.46235254406929016
0,453,5,2212,0.22107279300689697
0,453,6,2194,0.17366497218608856
0,453,7,366,-0.16652549803256989
0,453,8,1833,-0.44235581159591675
0,453,9,2998,-0.5634133815765381
0,453,10,2738,-0.6043236255645752
0,454,1,507,6.30568790435791
0,454,2,2391,5.9658522605896
0,454,3,2814,5.314899921417236
0,454,4,295,0.2905549108982086
0,454,5,1749,0.12694181501865387
0,454,6,2046,0.01145614217966795
0,454,7,2621,-0.5137578845024109
0,454,8,2384,-0.6935431957244873
0,454,9,1655,-0.7387605905532837
0,454,10,534,-1.0767143964767456
0,455,1,949,3.914788246154785
0,455,2,168,1.45088529586792
0,455,3,132,0.7915765643119812
0,455,4,2975,0.7020394206047058
0,455,5,842,0.0555439293384552
0,455,6,1759,0.043372076004743576
0,455,7,893,0.03785685822367668
0,455,8,975,0.036812301725149155
0,455,9,1939,-0.07722383737564087
0,455,10,2359,-0.5132126808166504
0,456,1,2704,6.098667144775391
0,456,2,1048,5.3763628005981445
0,456,3,581,3.6345443725585938
0,456,4,2256,0.12346255779266357
0,456,5,1759,0.04346751421689987
0,456,6,2655,0.03721579909324646
0,456,7,1231,-0.10755413770675659
0,456,8,1203,-0.3355576992034912
0,456,9,2661,-0.501853346824646
0,456,10,2287,-0.6516949534416199
0,458,1,665,6.018462181091309
0,458,2,173,4.901418685913086
0,458,3,1009,4.182669162750244
0,458,4,512,0.17171239852905273
0,458,5,2486,0.13111811876296997
0,458,6,1542,0.09920644760131836
0,458,7,318,0.0277023334056139
0,458,8,2488,-0.13459542393684387
0,458,9,3019,-0.1919376254081726
0,458,10,646,-0.19399875402450562
0,459,1,863,6.758064270019531
0,459,2,1723,6.609692573547363
0,459,3,444,5.248541831970215
0,459,4,1494,0.706523060798645
0,459,5,682,-0.009498732164502144
0,459,6,3042,-0.023271024227142334
0,459,7,2952,-0.10902245342731476
0,459,8,1570,-0.48838359117507935
0,460,1,1153,6.821491241455078
0,460,2,2493,3.6887927055358887
0,460,3,1674,0.021761475130915642
0,460,4,2917,-0.1045205295085907
0,460,5,439,-0.10671848058700562
0,460,6,385,-0.3510068655014038
0,460,7,2185,-0.5474586486816406
0,460,8,189,-0.5729568004608154
0,460,9,1180,-0.9064046740531921
0,460,10,1159,-0.9629483222961426
0,461,1,1157,5.075146675109863
0,461,2,1260,4.058396339416504
0,461,3,1674,0.024340663105249405
0,461,4,518,-0.049955785274505615
0,461,5,779,-0.2129194438457489
0,461,6,2581,-0.40245556831359863
0,461,7,2302,-0.540922999382019
0,461,8,2447,-0.6336919665336609
0,461,9,641,-0.7184283137321472
0,461,10,2254,-0.7200048565864563
0,462,1,444,5.4750657081604
0,462,2,3084,4.280343532562256
0,462,3,32,1.1567375659942627
0,462,4,2628,1.121119499206543
0,462,5,1030,0.999902069568634
0,462,6,1766,0.7195761203765869
0,462,7,2578,0.5402878522872925
0,462,8,2556,0.39812445640563965
0,462,9,1045,0.16282379627227783
0,462,10,1674,0.025411970913410187
0,463,1,1723,4.8856892585754395
0,463,2,1157,3.7822508811950684
0,463,3,192,0.7205641269683838
0,463,4,2481,0.4468335211277008
0,463,5,2162,0.19291889667510986
0,463,6,905,0.17783764004707336
0,463,7,2390,0.021712899208068848
0,463,8,1674,0.0177766103297472
0,463,9,1836,-0.009250521659851074
0,463,10,2128,-0.24408063292503357
0,465,1,1476,6.570928573608398
0,465,2,954,0.4837254285812378
0,465,3,1301,0.08949390053749084
0,465,4,2046,0.03952294960618019
0,465,5,765,0.03456345945596695
0,465,6,2846,0.024638358503580093
0,465,7,3031,0.016025053337216377
0,465,8,80,0.013711642473936081
0,465,9,1335,-0.08689683675765991
0,465,10,2882,-0.4866096079349518
0,467,1,905,5.305484771728516
0,467,2,91,1.5728662014007568
0,467,3,249,0.801055908203125
0,467,4,2347,0.7101665139198303
0,467,5,2264,0.7003218531608582
0,467,6,765,0.031566016376018524
0,467,7,2846,0.023427799344062805
0,467,8,645,-0.2937765419483185
0,468,1,2931,5.2836174964904785
0,468,2,575,5.190910339355469
0,468,3,1513,0.5780274868011475
0,468,4,1379,0.14540386199951172
0,468,5,2026,0.043381672352552414
0,468,6,765,0.02675282396376133
0,468,7,2866,0.014691757969558239
0,468,8,1308,-0.18077930808067322
0,468,9,1080,-0.19334770739078522
0,468,10,530,-0.2827908992767334
0,469,1,554,6.391397476196289
0,469,2,536,5.816912651062012
0,469,3,1151,1.2692248821258545
0,469,4,3009,0.1673952341079712
0,469,5,208,0.15507188439369202
0,469,6,2127,0.12400680780410767
0,469,7,2832,-0.09637695550918579
0,469,8,127,-0.5038021206855774
0,469,9,2985,-0.7865632772445679
0,469,10,1376,-0.9982162714004517
0,470,1,2355,5.515895843505859
0,470,2,2862,5.4701337814331055
0,470,3,1758,3.7882323265075684
0,470,4,1153,0.3429996967315674
0,470,5,784,0.11186684668064117
0,470,6,2937,-0.13448764383792877
0,470,7,2717,-0.5665321350097656
0,470,8,2710,-0.8078020215034485
0,470,9,1194,-0.8245885372161865
0,470,10,2412,-0.9808905124664307
0,471,1,2256,6.479384899139404
0,471,2,1063,6.454926490783691
0,471,3,2048,4.3691277503967285
0,471,4,2026,0.02622227929532528
0,471,5,1579,-0.015550240874290466
0,471,6,3010,-0.6493337154388428
0,471,7,2894,-1.4152538776397705
0,472,1,2432,6.382951259613037
0,472,2,2048,4.251375198364258
0,472,3,950,3.4359686374664307
0,472,4,727,0.6211379766464233
0,472,5,682,0.048711225390434265
0,472,6,2952,0.025875627994537354
0,472,7,2406,-0.09083250164985657
0,472,8,1869,-0.2682076692581177
0,472,9,2366,-0.3882541060447693
0,472,10,2369,-0.3943006694316864
0,474,1,1829,5.892908096313477
0,474,2,2048,3.730804920196533
0,474,3,950,3.0159661769866943
0,474,4,2156,0.27601051330566406
0,474,5,2609,0.1463981568813324
0,474,6,1899,0.07942923903465271
0,474,7,2705,0.05649127811193466
0,474,8,1586,-0.17914366722106934
0,474,9,438,-1.1621572971343994
0,474,10,1428,-1.2617263793945312
0,475,1,1063,6.150688648223877
0,475,2,2048,4.163496971130371
0,475,3,1412,0.531920313835144
0,475,4,2542,0.048198796808719635
0,475,5,168,-0.26568353176116943
0,475,6,986,-0.3510275185108185
0,475,7,1940,-0.3882085382938385
0,475,8,1007,-0.9519443511962891
0,475,9,69,-1.4672234058380127
0,476,1,1447,6.706015586853027
0,476,2,707,6.6553144454956055
0,476,3,1203,0.7769899368286133
0,476,4,1881,0.7321762442588806
0,476,5,2141,0.5239917039871216
0,476,6,2877,-0.46503692865371704
0,477,1,2432,5.539847373962402
0,477,2,1698,5.472659111022949
0,477,3,646,0.7746564745903015
0,477,4,101,0.568994402885437
0,477,5,717,0.31003880500793457
0,477,6,2448,-0.17830608785152435
0,478,1,1698,7.444635391235352
0,478,2,1981,4.166600704193115
0,478,3,2995,0.665793240070343
0,478,4,860,0.5687853097915649
0,478,5,520,0.5043278932571411
0,478,6,1237,0.35291728377342224
0,478,7,78,0.2996271252632141
0,478,8,1716,0.23399664461612701
0,478,9,1902,0.03517221286892891
0,478,10,2225,0.0202881321310997
0,479,1,1613,5.510649681091309
0,479,2,424,4.461845397949219
0,479,3,1739,0.6966261267662048
0,479,4,1332,0.08452776074409485
0,479,5,2606,0.05915209650993347
0,479,6,2972,0.03686204552650452
0,479,7,851,0.018666326999664307
0,479,8,652,-0.5994738936424255
0,479,9,513,-1.2815834283828735
0,479,10,1113,-1.9883646965026855
0,480,1,1447,6.060693740844727
0,480,2,229,4.451727867126465
0,480,3,1102,0.41633206605911255
0,480,4,1742,0.02168269269168377
0,480,5,1650,-0.00800943374633789
0,480,6,1044,-0.012817934155464172
0,480,7,1467,-0.021952927112579346
0,480,8,55,-0.5271382331848145
0,480,9,2237,-0.7486154437065125
0,480,10,400,-1.6950080394744873
0,481,1,2100,5.137588977813721
0,481,2,479,3.3765764236450195
0,481,3,1760,0.49384742975234985
0,481,4,2196,0.206915944814682
0,481,5,2369,0.13398465514183044
0,481,6,2972,0.024245161563158035
0,481,7,2760,0.01824060082435608
0,481,8,2578,-0.19787386059761047
0,481,9,2536,-0.8379462957382202
0,483,1,306,5.161826133728027
0,483,2,1252,3.5805411338806152
0,483,3,1547,3.354820966720581
0,483,4,1080,0.7096400260925293
0,483,5,193,0.25615745782852173
0,483,6,194,0.1750771552324295
0,483,7,2972,0.02409912273287773
0,483,8,1899,-0.09829330444335938
0,483,9,1311,-1.84782075881958
0,484,1,306,5.195131301879883
0,484,2,1547,3.3899030685424805
0,484,3,986,0.7669326066970825
0,484,4,2940,0.5091915130615234
0,484,5,2630,0.05049686133861542
0,484,6,2972,0.024516936391592026
0,484,7,703,-0.00287705659866333
0,484,8,1201,-0.45410603284835815
0,484,9,666,-0.783305287361145
0,485,1,1163,5.468374252319336
0,485,2,1547,4.0574164390563965
0,485,3,2031,0.608640730381012
0,485,4,653,0.5619957447052002
0,485,5,2270,0.3310960829257965
0,485,6,2972,0.032419487833976746
0,485,7,1601,-0.09596097469329834
0,485,8,910,-1.1353724002838135
0,485,9,2353,-1.213789463043213
0,485,10,293,-1.2417628765106201
0,486,1,512,4.042630672454834
0,486,2,2264,0.8417255878448486
0,486,3,1999,0.5226287841796875
0,486,4,950,0.21892601251602173
0,486,5,2606,0.04628472030162811
0,486,6,1742,-0.010259626433253288
0,487,1,1252,5.436157703399658
0,487,2,512,3.8473243713378906
0,487,3,2254,1.0775846242904663
0,487,4,2606,0.04612160846590996
0,487,5,148,-0.0037102680653333664
0,487,6,1979,-0.03692939132452011
0,487,7,2194,-0.2510731816291809
0,487,8,2205,-0.3973333239555359
0,487,9,2014,-0.7082270383834839
0,487,10,2623,-0.8024618625640869
0,492,1,1831,6.529994964599609
0,492,2,495,4.468356132507324
0,492,3,1145,4.442450523376465
0,492,4,1376,1.3119980096817017
0,492,5,123,1.0583629608154297
0,492,6,1701,0.853701114654541
0,492,7,72,0.09031981229782104
0,492,8,1127,-0.2860044836997986
0,492,9,1311,-1.2919198274612427
0,493,1,1682,6.319188117980957
0,493,2,495,4.508862018585205
0,493,3,1501,4.475675582885742
0,493,4,3069,0.33645099401474
0,493,5,2344,-0.41426175832748413
0,493,6,2045,-0.5511889457702637
0,494,1,1836,6.0382585525512695
0,494,2,495,4.1126251220703125
0,494,3,1577,2.9982075691223145
0,494,4,2405,0.7330952286720276
0,494,5,397,0.5049593448638916
0,494,6,1913,0.48431140184402466
0,494,7,2604,0.14351621270179749
0,494,8,95,0.13119074702262878
0,494,9,2161,-0.33671799302101135
0,494,10,2212,-0.937010645866394
0,495,1,664,0.2755970358848572
0,495,2,2866,0.060027532279491425
0,495,3,2514,0.05965602397918701
0,495,4,1728,0.04415228217840195
0,495,5,2772,-0.1418377161026001
0,495,6,579,-1.044641137123108
0,495,7,2202,-1.7689014673233032
1,1,1,2319,1.3065247535705566
1,1,2,1142,0.7868566513061523
1,1,3,62,0.4677664041519165
1,1,4,2006,0.447213351726532
1,1,5,2922,0.2686508893966675
1,1,6,948,0.10188789665699005
1,1,7,135,-0.04151443392038345
1,1,8,1811,-0.7893186807632446
1,1,9,2609,-1.117974042892456
1,1,10,843,-1.1717171669006348
1,2,1,2877,1.751950740814209
1,2,2,1645,1.3264424800872803
1,2,3,991,1.0846288204193115
1,2,4,1446,0.9750441908836365
1,2,5,1621,0.5486072301864624
1,2,6,2234,0.508819043636322
1,2,7,2159,0.15925821661949158
1,2,8,1494,0.06052529811859131
1,2,9,1682,-0.06388188898563385
1,2,10,2910,-0.1918359398841858
1,3,1,235,1.2859514951705933
1,3,2,1013,0.8426210284233093
1,3,3,655,0.768979549407959
1,3,4,1407,0.1300382912158966
1,3,5,368,-0.029659556224942207
1,3,6,1278,-0.1142277717590332
1,3,7,430,-0.18989607691764832
1,3,8,826,-0.39455464482307434
1,3,9,1707,-0.40966421365737915
1,3,10,103,-1.1308348178863525
1,4,1,1302,2.86509370803833
1,4,2,464,2.5153229236602783
1,4,3,2073,1.9841246604919434
1,4,4,1665,1.410099744796753
1,4,5,2933,1.2722513675689697
1,4,6,1881,0.6020498871803284
1,4,7,1970,0.1396862268447876
1,4,8,253,-0.040175873786211014
1,4,9,13,-0.2274804711341858
1,4,10,633,-0.45482057332992554
1,7,1,2098,1.0826282501220703
1,7,2,2095,0.9923917055130005
1,7,3,1525,0.931908369064331
1,7,4,2691,0.7814587950706482
1,7,5,2134,0.7669384479522705
1,7,6,2760,-0.061688099056482315
1,9,1,3018,1.6924159526824951
1,9,2,2344,0.3761228919029236
1,9,3,2868,-0.06795356422662735
1,9,4,1543,-0.07151908427476883
1,9,5,1984,-0.09430673718452454
1,9,6,2309,-0.45462727546691895
1,9,7,672,-1.022841453552246
1,9,8,621,-1.149388074874878
1,10,1,1869,1.645425796508789
1,10,2,2933,1.5607467889785767
1,10,3,14,1.21296226978302
1,10,4,321,0.5657374858856201
1,10,5,1398,0.09890696406364441
1,10,6,1780,-0.10249008983373642
1,10,7,2322,-0.1695767641067505
1,10,8,2290,-0.3019968867301941
1,10,9,538,-0.44120222330093384
1,10,10,1723,-1.1335728168487549
1,11,1,2951,1.3237266540527344
1,11,2,2306,0.32479676604270935
1,11,3,1708,0.2465432733297348
1,11,4,1466,-0.19986778497695923
1,11,5,444,-0.20480406284332275
1,11,6,308,-0.2988693416118622
1,11,7,31,-0.7276915907859802
1,11,8,1310,-0.8870705962181091
1,12,1,2448,0.2901919484138489
1,12,2,2684,0.2538193464279175
1,12,3,1838,0.21312537789344788
1,12,4,1832,0.015659302473068237
1,12,5,158,-0.04074157774448395
1,12,6,2876,-0.0575861781835556
1,12,7,1656,-0.10750618577003479
1,12,8,2188,-0.5963137149810791
1,13,1,155,0.6554521918296814
1,13,2,2396,0.4529429078102112
1,13,3,2299,0.10176780819892883
1,13,4,1014,-0.03558860346674919
1,13,5,142,-0.05945158004760742
1,13,6,2478,-0.2631261944770813
1,13,7,539,-0.7466158866882324
1,13,8,622,-0.9310563802719116
1,13,9,672,-1.057560682296753
1,13,10,2176,-1.0772230625152588
1,14,1,2408,0.7182996273040771
1,14,2,612,0.6470043659210205
1,14,3,174,0.2243393361568451
1,14,4,1091,0.08522075414657593
1,14,5,22,-0.6847379803657532
1,14,6,637,-0.7612299919128418
1,14,7,356,-0.8445826768875122
1,15,1,2238,1.0860129594802856
1,15,2,1946,1.0627706050872803
1,15,3,1518,0.9013307094573975
1,15,4,2583,0.8642432689666748
1,15,5,2882,0.7675573825836182
1,15,6,2136,0.5435446500778198
1,15,7,327,0.12108758836984634
1,15,8,2253,-0.2292386293411255
1,15,9,321,-0.2510276734828949
1,15,10,2432,-0.6392979025840759
1,16,1,205,2.776214599609375
1,16,2,1362,1.5574140548706055
1,16,3,2003,1.3299610614776611
1,16,4,769,1.214873194694519
1,16,5,993,0.8900519609451294
1,16,6,1395,0.8727289438247681
1,16,7,99,0.1591273546218872
1,16,8,1336,-0.43732455372810364
1,16,9,1448,-0.522829532623291
1,16,10,393,-0.6010673642158508
1,17,1,1012,1.4344068765640259
1,17,2,530,1.3621312379837036
1,17,3,1246,1.2992587089538574
1,17,4,2792,1.1430416107177734
1,17,5,857,0.6217017769813538
1,17,6,359,0.5543585419654846
1,17,7,2396,0.1053059995174408
1,17,8,149,-0.07490479946136475
1,17,9,166,-0.07809650897979736
1,17,10,1654,-0.4554031789302826
1,18,1,60,3.330171585083008
1,18,2,1202,3.049046516418457
1,18,3,1550,0.36233603954315186
1,18,4,1156,-0.03140382468700409
1,18,5,987,-0.04190492630004883
1,18,6,1913,-0.29156872630119324
1,18,7,173,-0.6728283166885376
1,18,8,633,-0.8618324398994446
1,18,9,1016,-1.1073654890060425
1,18,10,617,-1.7238507270812988
1,20,1,2285,2.1487393379211426
1,20,2,2560,1.3064332008361816
1,20,3,3042,1.2774808406829834
1,20,4,738,1.1331881284713745
1,20,5,415,1.0426456928253174
1,20,6,3068,0.5838098526000977
1,20,7,567,0.29459646344184875
1,20,8,2862,0.04847187548875809
1,20,9,381,-0.024226175621151924
1,20,10,627,-0.3902163505554199
1,21,1,1388,3.0392770767211914
1,21,2,1881,1.1605695486068726
1,21,3,2396,0.4729663133621216
1,21,4,853,0.35194912552833557
1,21,5,2030,0.2535596489906311
1,21,6,286,-0.6010011434555054
1,21,7,754,-0.6955007910728455
1,22,1,2674,2.416081428527832
1,22,2,1628,2.1093602180480957
1,22,3,2369,0.35787874460220337
1,22,4,2994,0.315274715423584
1,22,5,3032,0.09358091652393341
1,22,6,641,0.036281391978263855
1,22,7,2423,-8.21426510810852e-06
1,22,8,2743,-0.2539396286010742
1,22,9,261,-0.2572075426578522
1,23,1,969,1.4656177759170532
1,23,2,756,1.4233534336090088
1,23,3,500,1.2248111963272095
1,23,4,1761,0.9487223625183105
1,23,5,3015,0.3665872812271118
1,23,6,1062,0.038218021392822266
1,23,7,634,-0.045911163091659546
1,23,8,2452,-0.4149831235408783
1,23,9,2429,-0.5077173113822937
1,23,10,740,-0.6289055347442627
1,24,1,769,1.7603864669799805
1,24,2,98,1.0196200609207153
1,24,3,704,0.45164138078689575
1,24,4,40,0.23570430278778076
1,24,5,2016,-0.07521944493055344
1,24,6,655,-0.08003734797239304
1,24,7,1252,-0.08479654788970947
1,24,8,1928,-0.10203660279512405
1,24,9,1165,-0.25155267119407654
1,24,10,2559,-0.39204931259155273
1,25,1,2727,1.9674828052520752
1,25,2,1816,1.190382957458496
1,25,3,2074,1.1292732954025269
1,25,4,2137,0.7280606031417847
1,25,5,1496,0.11729796975851059
1,25,6,1891,-0.019359588623046875
1,25,7,2050,-0.07288862764835358
1,25,8,2366,-0.07392673194408417
1,25,9,1379,-0.540330171585083
1,25,10,2035,-0.6821038126945496
1,26,1,177,3.420248031616211
1,26,2,2143,2.311567544937134
1,26,3,2804,1.8929932117462158
1,26,4,2706,1.7005958557128906
1,26,5,2387,0.9406166076660156
1,26,6,1415,0.5880415439605713
1,26,7,584,0.561454713344574
1,26,8,2922,0.43279916048049927
1,26,9,2723,0.16459038853645325
1,26,10,2514,-0.07068784534931183
1,27,1,2474,1.6787281036376953
1,27,2,2352,1.2880500555038452
1,27,3,1044,1.2341563701629639
1,27,4,459,0.6721545457839966
1,27,5,93,-0.028923410922288895
1,27,6,2366,-0.04505665600299835
1,27,7,2407,-0.16819465160369873
1,27,8,338,-0.5218032002449036
1,27,9,1767,-0.9008322954177856
1,28,1,524,1.2631219625473022
1,28,2,2326,1.1332749128341675
1,28,3,2925,0.9531265497207642
1,28,4,113,0.21045327186584473
1,28,5,996,-0.03140667453408241
1,28,6,2016,-0.057078342884778976
1,28,7,1263,-0.39216265082359314
1,29,1,55,1.6256053447723389
1,29,2,559,1.0590662956237793
1,29,3,953,0.2952483892440796
1,29,4,383,0.26581206917762756
1,29,5,1203,0.1001056581735611
1,29,6,1082,-0.014504611492156982
1,29,7,845,-0.0486474335193634
1,29,8,2423,-1.0354828834533691
1,29,9,183,-1.3083562850952148
1,29,10,44,-2.122927665710449
1,30,1,1518,1.7394859790802002
1,30,2,2111,1.5272572040557861
1,30,3,773,0.9387041330337524
1,30,4,1176,0.5107550621032715
1,30,5,2955,0.45150408148765564
1,30,6,1447,-0.05242936313152313
1,30,7,627,-0.17278613150119781
1,30,8,767,-0.19294796884059906
1,30,9,2228,-0.3203714191913605
1,30,10,22,-0.3259744644165039
1,31,1,271,2.2617225646972656
1,31,2,1970,1.021713376045227
1,31,3,459,0.6362522840499878
1,31,4,2668,0.3110646605491638
1,31,5,230,-0.04291848465800285
1,31,6,288,-0.04997970163822174
1,31,7,1685,-0.24110621213912964
1,31,8,1837,-0.41434913873672485
1,31,9,270,-0.5403521060943604
1,31,10,1200,-0.8076515197753906
1,32,1,1600,1.444403886795044
1,32,2,1341,1.405335545539856
1,32,3,1342,1.2634167671203613
1,32,4,2127,0.697140097618103
1,32,5,2951,0.6729714870452881
1,32,6,379,0.60309898853302
1,32,7,2002,-0.12145063281059265
1,32,8,842,-0.18880361318588257
1,32,9,1160,-0.6387310028076172
1,32,10,196,-0.722969651222229
1,33,1,2654,1.3537492752075195
1,33,2,2719,1.2257872819900513
1,33,3,865,1.0725502967834473
1,33,4,969,0.8469020128250122
1,33,5,250,0.5217950344085693
1,33,6,2002,-0.09381774812936783
1,33,7,201,-0.20663097500801086
1,33,8,786,-0.27814507484436035
1,33,9,1840,-0.6753380298614502
1,33,10,665,-1.1859126091003418
1,34,1,1374,2.4172191619873047
1,34,2,864,1.380173683166504
1,34,3,1194,0.31707364320755005
1,34,4,1671,0.2933848202228546
1,34,5,2441,0.257935494184494
1,34,6,129,0.13166554272174835
1,34,7,1979,0.09678253531455994
1,34,8,351,-0.012004751712083817
1,34,9,1975,-0.04321763664484024
1,34,10,2752,-0.13449323177337646
1,35,1,2074,3.01513409614563
1,35,2,1586,2.5919852256774902
1,35,3,1500,-0.03051610291004181
1,35,4,2344,-0.08023171126842499
1,35,5,453,-0.2561282515525818
1,35,6,1999,-0.5002847909927368
1,35,7,1111,-0.5334568619728088
1,35,8,788,-0.8444253206253052
1,36,1,2937,1.4318251609802246
1,36,2,1518,1.1594536304473877
1,36,3,2273,0.7752761840820312
1,36,4,2922,-0.013287059962749481
1,36,5,1632,-0.02910974621772766
1,36,6,453,-0.04922962188720703
1,36,7,863,-0.17423668503761292
1,36,8,1145,-0.6397207379341125
1,36,9,539,-1.4998629093170166
1,37,1,2751,1.2901787757873535
1,37,2,193,0.9905175566673279
1,37,3,1881,0.848321795463562
1,37,4,1112,0.24818551540374756
1,37,5,235,0.1851070076227188
1,37,6,948,-0.20682328939437866
1,38,1,530,5.29945182800293
1,38,2,2442,4.493717193603516
1,38,3,736,3.346057891845703
1,38,4,2789,1.536609172821045
1,38,5,480,1.0876710414886475
1,38,6,2546,0.4802197217941284
1,38,7,2047,0.010277748107910156
1,38,8,1606,-1.0153716802597046
1,38,9,1688,-1.1960281133651733
1,39,1,2074,7.0395941734313965
1,39,2,1327,7.001912593841553
1,39,3,2442,5.935642242431641
1,39,4,1659,0.4983562231063843
1,39,5,845,0.026993311941623688
1,39,6,271,-0.046592533588409424
1,39,7,1332,-0.08836261928081512
1,39,8,2390,-0.3942239284515381
1,39,9,2205,-1.3938233852386475
1,39,10,1368,-1.5649688243865967
1,40,1,1308,5.2555389404296875
1,40,2,3057,3.8862152099609375
1,40,3,2369,3.8689327239990234
1,40,4,1312,1.1815977096557617
1,40,5,2914,1.1097078323364258
1,40,6,1487,0.7008640766143799
1,40,7,681,0.37793129682540894
1,40,8,1945,0.34323906898498535
1,40,9,1517,0.28006505966186523
1,40,10,532,0.14906755089759827
1,41,1,1621,4.4582624435424805
1,41,2,736,2.829023599624634
1,41,3,2369,2.786193609237671
1,41,4,991,-0.022324860095977783
1,41,5,2225,-0.034775976091623306
1,41,6,2969,-0.1046133041381836
1,42,1,1738,6.120573997497559
1,42,2,1417,5.694890975952148
1,42,3,1818,4.314177513122559
1,42,4,2713,1.4166288375854492
1,42,5,2757,0.8587867617607117
1,42,6,430,0.750812292098999
1,42,7,1831,0.5019174814224243
1,42,8,194,0.08918243646621704
1,42,9,2225,-0.034034304320812225
1,42,10,2019,-0.5013362169265747
1,43,1,390,6.795815944671631
1,43,2,471,6.710888385772705
1,43,3,1165,4.285449028015137
1,43,4,168,1.349246621131897
1,43,5,1922,-0.08305803686380386
1,43,6,459,-0.3245295286178589
1,43,7,2961,-0.3307950496673584
1,43,8,1871,-0.3491143584251404
1,43,9,220,-0.6834797859191895
1,45,1,471,5.0033416748046875
1,45,2,1818,3.5689868927001953
1,45,3,248,3.054534435272217
1,45,4,1831,0.4568210244178772
1,45,5,2804,0.35860562324523926
1,45,6,2552,0.24055416882038116
1,45,7,326,-0.061424799263477325
1,45,8,164,-0.06561198085546494
1,45,9,55,-0.23511794209480286
1,45,10,1611,-0.3172622621059418
1,46,1,667,4.985942840576172
1,46,2,1165,3.6134445667266846
1,46,3,2193,3.5154294967651367
1,46,4,1302,0.6061379909515381
1,46,5,1476,0.22429242730140686
1,46,6,1153,-0.28883567452430725
1,46,7,3010,-0.505436897277832
1,46,8,2173,-1.2246949672698975
1,47,1,667,6.099174499511719
1,47,2,113,4.302803993225098
1,47,3,248,4.238262176513672
1,47,4,1966,1.8438575267791748
1,47,5,506,0.18639282882213593
1,47,6,2007,-0.1190730631351471
1,47,7,954,-0.13405650854110718
1,47,8,2095,-0.5516040921211243
1,48,1,1738,5.549313545227051
1,48,2,2273,5.530311584472656
1,48,3,1818,3.907148838043213
1,48,4,1461,0.7067275047302246
1,48,5,2780,0.3727695345878601
1,48,6,1087,0.07204005122184753
1,48,7,2933,0.002353258430957794
1,48,8,1333,-0.032966986298561096
1,48,9,1811,-0.35009923577308655
1,48,10,11,-0.3885745406150818
1,49,1,2273,7.19891357421875
1,49,2,667,6.240228652954102
1,49,3,1818,5.069123268127441
1,49,4,2578,0.3958466053009033
1,49,5,2552,0.3282955288887024
1,49,6,3048,0.2934993505477905
1,49,7,2927,-0.07477286458015442
1,49,8,1158,-0.11787021160125732
1,49,9,2630,-0.46605873107910156
1,49,10,2163,-0.5821820497512817
1,50,1,390,6.345170974731445
1,50,2,1417,5.9250335693359375
1,50,3,113,3.8866562843322754
1,50,4,438,1.5166192054748535
1,50,5,974,1.277369499206543
1,50,6,2841,-0.04905903339385986
1,50,7,1250,-0.07245256006717682
1,50,8,3004,-0.15513761341571808
1,50,9,1063,-0.6556176543235779
1,50,10,1013,-0.7288525700569153
1,51,1,1417,5.0895867347717285
1,51,2,1818,3.85992431640625
1,51,3,113,3.3328990936279297
1,51,4,415,1.033289909362793
1,51,5,1769,0.7170587778091431
1,51,6,1231,0.2669142782688141
1,51,7,2684,-0.05865545570850372
1,51,8,2801,-0.355380117893219
1,51,9,1111,-0.37275874614715576
1,51,10,507,-0.887413501739502
1,52,1,2206,4.921130180358887
1,52,2,137,3.615035057067871
1,52,3,2313,0.9624505639076233
1,52,4,1525,0.6434122920036316
1,52,5,1805,-0.06515337526798248
1,52,6,3011,-0.14068740606307983
1,52,7,1121,-1.1622810363769531
1,52,8,1070,-1.2787216901779175
1,52,9,2603,-1.3207240104675293
1,53,1,216,4.564544200897217
1,53,2,1279,4.014476776123047
1,53,3,484,3.8511533737182617
1,53,4,1521,0.055468589067459106
1,53,5,55,-0.004748612642288208
1,53,6,1014,-0.010233711451292038
1,53,7,1102,-0.28777995705604553
1,53,8,2140,-0.3959144949913025
1,53,9,2042,-0.5364413857460022
1,54,1,484,4.515693664550781
1,54,2,380,3.439845561981201
1,54,3,1034,3.00656795501709
1,54,4,1717,0.19218403100967407
1,54,5,899,0.08468908071517944
1,54,6,2841,-0.04467625916004181
1,54,7,1165,-0.050025831907987595
1,54,8,2814,-1.6128904819488525
1,55,1,1279,5.315237045288086
1,55,2,3059,4.077887535095215
1,55,3,1726,2.1326584815979004
1,55,4,1669,1.3519078493118286
1,55,5,2121,1.021104097366333
1,55,6,2787,0.7219603061676025
1,55,7,1087,0.6957179307937622
1,55,8,444,0.5970362424850464
1,55,9,1369,0.45285043120384216
1,55,10,2956,0.40314823389053345
1,56,1,2618,4.921431064605713
1,56,2,890,3.4584522247314453
1,56,3,2352,2.2021613121032715
1,56,4,319,-0.003931062296032906
1,56,5,434,-0.2586037516593933
1,56,6,2078,-0.405438631772995
1,56,7,1277,-0.5478932857513428
1,57,1,1546,3.681725025177002
1,57,2,1279,0.8043735027313232
1,57,3,319,-0.0025110775604844093
1,57,4,746,-0.01393919251859188
1,57,5,325,-0.04132052883505821
1,57,6,1302,-0.061319537460803986
1,57,7,698,-0.25089043378829956
1,57,8,72,-0.5376071929931641
1,57,9,1481,-0.5564846992492676
1,57,10,1541,-0.7624591588973999
1,58,1,1365,5.599247455596924
1,58,2,1438,5.120034694671631
1,58,3,1926,-0.015566001646220684
1,58,4,746,-0.042271774262189865
1,58,5,148,-0.051895394921302795
1,58,6,787,-0.16719646751880646
1,58,7,998,-0.2677540183067322
1,58,8,2607,-0.452457070350647
1,59,1,645,4.709541320800781
1,59,2,1438,4.3468475341796875
1,59,3,2341,3.7491157054901123
1,59,4,2634,1.0714530944824219
1,59,5,2793,1.014708161354065
1,59,6,2474,0.7390333414077759
1,59,7,91,0.2086256742477417
1,59,8,532,-0.40383440256118774
1,59,9,2599,-0.5166497230529785
1,60,1,1012,5.924376487731934
1,60,2,1388,5.773039817810059
1,60,3,1007,0.4154338836669922
1,60,4,1435,0.4040549397468567
1,60,5,2050,-0.15045425295829773
1,60,6,1692,-0.32329174876213074
1,61,1,2583,5.117149829864502
1,61,2,584,4.519181251525879
1,61,3,2045,3.174710273742676
1,61,4,1710,1.034098505973816
1,61,5,2030,0.5758454203605652
1,61,6,975,-0.022563036531209946
1,61,7,336,-0.06504285335540771
1,61,8,2028,-0.1579042673110962
1,61,9,2257,-0.39878812432289124
1,61,10,594,-0.7162678837776184
1,62,1,2409,5.573633193969727
1,62,2,2914,5.312373161315918
1,62,3,1513,0.003104597330093384
1,62,4,78,-0.0018209517002105713
1,62,5,1853,-0.06149645522236824
1,62,6,2050,-0.1331101357936859
1,62,7,2267,-0.3174619674682617
1,62,8,2093,-0.40859150886535645
1,62,9,2163,-0.4805261790752411
1,63,1,99,5.631243705749512
1,63,2,584,4.944820404052734
1,63,3,95,0.9970927238464355
1,63,4,3037,0.16186091303825378
1,63,5,1161,0.06687185168266296
1,63,6,33,-0.15801984071731567
1,63,7,176,-0.32088685035705566
1,63,8,106,-0.4305121600627899
1,63,9,58,-1.2360987663269043
1,63,10,2035,-1.391636848449707
1,64,1,2405,4.942404747009277
1,64,2,1833,3.203385353088379
1,64,3,534,1.415022373199463
1,64,4,1910,1.0623745918273926
1,64,5,2030,0.6562188863754272
1,64,6,1335,0.43334102630615234
1,64,7,1013,0.19204460084438324
1,64,8,2888,0.18152812123298645
1,64,9,330,-0.026055673137307167
1,64,10,326,-0.10184331238269806
1,65,1,2481,2.9392597675323486
1,65,2,1751,2.8250107765197754
1,65,3,321,0.9418878555297852
1,65,4,699,0.8617889881134033
1,65,5,1518,0.6114082336425781
1,65,6,1341,0.32423311471939087
1,65,7,415,0.29379478096961975
1,65,8,227,-0.04669340327382088
1,65,9,1270,-0.34623983502388
1,65,10,2867,-0.4027649760246277
1,66,1,1751,2.836472988128662
1,66,2,1586,0.5161996483802795
1,66,3,2792,0.13795766234397888
1,66,4,584,0.11457153409719467
1,66,5,3057,0.01443105936050415
1,66,6,2776,0.01394860353320837
1,66,7,2841,0.013409849256277084
1,66,8,148,-0.02304021641612053
1,66,9,1064,-0.13117142021656036
1,66,10,2347,-0.48888322710990906
1,67,1,480,6.015073299407959
1,67,2,1600,1.9775036573410034
1,67,3,2799,0.7033663392066956
1,67,4,1063,0.5728592276573181
1,67,5,1665,0.4152146577835083
1,67,6,895,0.020095448940992355
1,67,7,2776,0.009219091385602951
1,67,8,750,-0.04851382225751877
1,67,9,524,-0.2530265152454376
1,67,10,2743,-1.701366901397705
1,68,1,2742,3.6744022369384766
1,68,2,1359,0.7676862478256226
1,68,3,1642,0.5485480427742004
1,68,4,2989,0.44239675998687744
1,68,5,272,0.26962170004844666
1,68,6,2704,0.19611090421676636
1,68,7,2776,0.010910374112427235
1,68,8,2645,-0.009886058047413826
1,68,9,750,-0.04890177771449089
1,68,10,2047,-0.49465838074684143
1,69,1,2410,4.3727922439575195
1,69,2,1045,4.216065406799316
1,69,3,1424,1.6698825359344482
1,69,4,1910,1.346602439880371
1,69,5,1861,1.175821304321289
1,69,6,2136,-0.9116856455802917
1,69,7,2160,-1.1546850204467773
1,69,8,249,-1.1908926963806152
1,71,1,1045,3.6392836570739746
1,71,2,2738,0.6586815118789673
1,71,3,889,-0.039789192378520966
1,71,4,2677,-0.04504391551017761
1,71,5,2366,-0.05043463408946991
1,71,6,2423,-0.06474751234054565
1,71,7,784,-0.1975514143705368
1,71,8,1307,-0.7749840021133423
1,72,1,2368,5.140076637268066
1,72,2,1461,4.674637317657471
1,72,3,1127,4.262789726257324
1,72,4,1710,2.1182618141174316
1,72,5,2734,1.7840416431427002
1,72,6,1312,1.2777445316314697
1,72,7,1059,1.172804594039917
1,72,8,2678,0.6225001215934753
1,72,9,148,0.005781259387731552
1,72,10,1048,-0.617348313331604
1,73,1,1428,5.467597007751465
1,73,2,1127,4.712230682373047
1,73,3,1669,1.0789824724197388
1,73,4,2211,0.5501188635826111
1,73,5,333,0.3672003746032715
1,73,6,1745,-0.07166822254657745
1,73,7,135,-0.09878643602132797
1,73,8,1826,-0.481416255235672
1,73,9,581,-0.6167755126953125
1,73,10,3019,-0.9028147459030151
1,74,1,1730,5.968421936035156
1,74,2,6,3.50445818901062
1,74,3,1725,1.0335326194763184
1,74,4,2114,0.5139799118041992
1,74,5,63,0.32915765047073364
1,74,6,1173,-0.024506419897079468
1,74,7,1745,-0.07878713309764862
1,74,8,842,-0.22349771857261658
1,74,9,854,-0.9332482218742371
1,74,10,1541,-1.2895033359527588
1,75,1,599,5.778177738189697
1,75,2,1461,5.259407043457031
1,75,3,6,3.3628602027893066
1,75,4,1507,0.9714168310165405
1,75,5,1720,0.744462788105011
1,75,6,2254,0.47434550523757935
1,75,7,2093,-0.16473206877708435
1,75,8,2061,-0.30705276131629944
1,75,9,2173,-0.4938521683216095
1,75,10,982,-0.5859647989273071
1,76,1,2161,5.037782669067383
1,76,2,2387,3.5188040733337402
1,76,3,1427,3.4476218223571777
1,76,4,1055,1.7266876697540283
1,76,5,1645,1.4273488521575928
1,76,6,1939,0.1768459528684616
1,76,7,421,0.1743762046098709
1,76,8,2209,0.12603476643562317
1,76,9,2080,-0.07814845442771912
1,76,10,1977,-0.08719449490308762
1,77,1,1362,4.525256156921387
1,77,2,1427,3.2066760063171387
1,77,3,1302,1.8444609642028809
1,77,4,174,0.6784775257110596
1,77,5,1078,0.5417331457138062
1,77,6,1751,0.4575784206390381
1,77,7,889,-0.02935102954506874
1,77,8,2452,-0.2949426770210266
1,77,9,2196,-0.7720755934715271
1,77,10,2343,-2.212911605834961
1,78,1,2162,5.60105037689209
1,78,2,2098,5.467540740966797
1,78,3,1254,3.04837703704834
1,78,4,1202,1.9307575225830078
1,78,5,1127,1.7410898208618164
1,78,6,2952,0.07703918218612671
1,78,7,2170,-0.010943681001663208
1,78,8,889,-0.031906962394714355
1,78,9,2016,-0.06492945551872253
1,78,10,1999,-0.19253946840763092
1,80,1,1513,3.3037545680999756
1,80,2,3032,2.8612029552459717
1,80,3,1979,2.5265309810638428
1,80,4,1726,1.262312889099121
1,80,5,853,0.3646133840084076
1,80,6,231,-0.031505826860666275
1,80,7,1682,-0.0424785315990448
1,80,8,2606,-0.09200611710548401
1,80,9,2552,-0.20426210761070251
1,80,10,1628,-0.31994253396987915
1,81,1,2695,4.721263885498047
1,81,2,2789,3.3945260047912598
1,81,3,2660,3.3732528686523438
1,81,4,954,3.0250134468078613
1,81,5,1829,1.5177109241485596
1,81,6,155,0.7596354484558105
1,81,7,2099,0.16663694381713867
1,81,8,1001,-0.019652649760246277
1,81,9,459,-0.11021226644515991
1,82,1,2933,5.023885250091553
1,82,2,2985,4.771096229553223
1,82,3,2660,4.0204291343688965
1,82,4,2161,1.9120274782180786
1,82,5,509,0.5197842121124268
1,82,6,193,-0.6264889240264893
1,82,7,1749,-0.7683433294296265
1,82,8,2529,-0.8811525702476501
1,82,9,121,-1.3198878765106201
1,82,10,527,-1.8180170059204102
1,83,1,2933,4.576956748962402
1,83,2,2654,4.0708723068237305
1,83,3,2660,3.6425790786743164
1,83,4,2003,0.09883606433868408
1,83,5,368,-0.014933616854250431
1,83,6,2286,-0.5331950187683105
1,84,1,567,5.6136884689331055
1,84,2,2302,5.457917213439941
1,84,3,3032,3.8833634853363037
1,84,4,14,0.49480581283569336
1,84,5,1002,0.09636163711547852
1,84,6,1260,-0.33431607484817505
1,84,7,3015,-0.4692772924900055
1,84,8,3062,-0.6200509071350098
1,84,9,2092,-0.747671365737915
1,84,10,2084,-0.7914087176322937
1,85,1,1513,5.580550193786621
1,85,2,2323,4.771507263183594
1,85,3,1427,0.7643440961837769
1,85,4,575,0.4811493754386902
1,85,5,1158,0.02650761604309082
1,85,6,3043,0.013329192996025085
1,85,7,2340,-0.05038520693778992
1,85,8,158,-0.086432084441185
1,85,9,692,-0.25906825065612793
1,85,10,1380,-0.3278505206108093
1,87,1,1980,5.097769260406494
1,87,2,2839,3.388014316558838
1,87,3,1644,0.30543023347854614
1,87,4,357,0.23318937420845032
1,87,5,1627,0.010037126019597054
1,87,6,1780,-0.007392893545329571
1,87,7,158,-0.0827566385269165
1,87,8,1759,-0.14655934274196625
1,87,9,756,-0.5417115092277527
1,87,10,1196,-0.6228594183921814
1,89,1,2734,5.030550003051758
1,89,2,278,4.2554144859313965
1,89,3,174,0.6323937773704529
1,89,4,1300,0.5688458681106567
1,89,5,272,0.5234007239341736
1,89,6,1875,0.21803921461105347
1,89,7,996,-0.016161315143108368
1,89,8,314,-0.7813929915428162
1,89,9,2623,-0.817607045173645
1,89,10,622,-0.834705114364624
1,91,1,1146,2.916541576385498
1,91,2,1007,0.9097198247909546
1,91,3,2912,0.14107704162597656
1,91,4,1984,-0.004607162903994322
1,91,5,1780,-0.032711539417505264
1,91,6,2145,-0.2574024498462677
1,91,7,2090,-0.9743496775627136
1,93,1,1395,3.268354892730713
1,93,2,2755,2.886899948120117
1,93,3,2713,0.8608284592628479
1,93,4,2225,-0.032155007123947144
1,93,5,2844,-0.047200970351696014
1,93,6,194,-0.40520957112312317
1,93,7,523,-0.7630000114440918
1,93,8,2183,-0.9468986988067627
1,93,9,2923,-1.4488418102264404
1,93,10,1016,-1.4691410064697266
1,94,1,1223,4.188979148864746
1,94,2,2405,1.6419965028762817
1,94,3,2940,1.4987603425979614
1,94,4,2988,-0.005891144275665283
1,94,5,996,-0.030205316841602325
1,94,6,2844,-0.0336756706237793
1,94,7,2363,-0.8064556121826172
1,95,1,1223,4.693330764770508
1,95,2,1395,3.2856011390686035
1,95,3,2951,0.8422269821166992
1,95,4,2844,-0.04215225949883461
1,95,5,1101,-0.8899738192558289
1,95,6,221,-1.1713676452636719
1,97,1,498,5.02486515045166
1,97,2,2347,4.016969680786133
1,97,3,1013,4.006536483764648
1,97,4,2961,0.31417059898376465
1,97,5,1723,-0.6844972372055054
1,97,6,82,-0.7729123830795288
1,97,7,2431,-0.8335901498794556
1,97,8,2554,-0.916875422000885
1,97,9,65,-1.6649705171585083
1,97,10,2480,-1.8116408586502075
1,98,1,498,4.3328351974487305
1,98,2,2347,3.462470531463623
1,98,3,1013,3.453352928161621
1,98,4,2661,1.1367824077606201
1,98,5,624,0.7466484904289246
1,98,6,2047,0.5770405530929565
1,98,7,2234,0.5068222284317017
1,98,8,1946,0.4892377257347107
1,98,9,1412,0.2728676497936249
1,98,10,220,0.24319693446159363
1,100,1,612,5.0123772621154785
1,100,2,559,4.936190605163574
1,100,3,1273,4.1068010330200195
1,100,4,2632,1.6149227619171143
1,100,5,366,0.2600735127925873
1,100,6,1925,-0.030233267694711685
1,100,7,1827,-0.05721333622932434
1,100,8,747,-0.562850832939148
1,100,9,1064,-0.5797023773193359
1,100,10,65,-1.3486182689666748
1,101,1,2095,3.963592767715454
1,101,2,2367,3.551740884780884
1,101,3,2087,2.993232011795044
1,101,4,880,0.03681003674864769
1,101,5,351,-0.008680785074830055
1,101,6,3061,-0.148917555809021
1,101,7,2708,-0.23666031658649445
1,101,8,2653,-0.4745597541332245
1,102,1,2448,4.676661014556885
1,102,2,2087,3.857426643371582
1,102,3,94,3.7231826782226562
1,102,4,1946,1.6637475490570068
1,102,5,398,0.36958885192871094
1,102,6,348,0.13863056898117065
1,102,7,1279,-0.06304307281970978
1,102,8,887,-0.08084111660718918
1,102,9,948,-0.5108919143676758
1,102,10,1837,-0.5772840976715088
1,103,1,2482,5.020045280456543
1,103,2,2367,4.390002727508545
1,103,3,94,3.747480869293213
1,103,4,2341,0.5668437480926514
1,103,5,2963,0.4938378632068634
1,103,6,2529,0.10854099690914154
1,103,7,717,0.01962842047214508
1,103,8,2811,0.00019254162907600403
1,103,9,1793,-0.4133845567703247
1,103,10,2397,-1.3685351610183716
1,104,1,2159,5.387243747711182
1,104,2,2095,3.6579322814941406
1,104,3,766,2.533669948577881
1,104,4,3037,1.1351978778839111
1,104,5,298,0.6622955799102783
1,104,6,3009,0.05581635236740112
1,104,7,308,-0.30244624614715576
1,104,8,2622,-0.4115406572818756
1,104,9,2321,-0.7547796964645386
1,104,10,2653,-0.8269919753074646
1,105,1,2482,4.823030471801758
1,105,2,2095,4.819624423980713
1,105,3,379,3.8813843727111816
1,105,4,2073,1.1202081441879272
1,105,5,2536,0.5900762677192688
1,105,6,2533,0.5536660552024841
1,105,7,2006,0.3676360845565796
1,105,8,1201,0.19226397573947906
1,105,9,2225,-0.02040170505642891
1,105,10,286,-0.8617579340934753
1,106,1,534,4.252695083618164
1,106,2,2482,3.5516700744628906
1,106,3,2095,3.5512051582336426
1,106,4,2192,0.630921483039856
1,106,5,415,0.5893576145172119
1,106,6,2111,0.20639917254447937
1,106,7,996,0.035547904670238495
1,106,8,1771,-0.0022862490732222795
1,106,9,2090,-0.17435608804225922
1,106,10,665,-0.22740685939788818
1,108,1,2287,5.139964580535889
1,108,2,2521,5.075891494750977
1,108,3,2144,0.8482846021652222
1,108,4,1317,0.411710649728775
1,108,5,1029,0.020420566201210022
1,108,6,93,-0.005677046254277229
1,108,7,1979,-0.27682504057884216
1,108,8,779,-0.3911389410495758
1,108,9,1758,-0.4973107874393463
1,108,10,30,-1.1683015823364258
1,109,1,556,3.9591102600097656
1,109,2,769,3.8282790184020996
1,109,3,1812,3.7142515182495117
1,109,4,1594,0.46568816900253296
1,109,5,520,-0.5337060689926147
1,109,6,2165,-0.5597326755523682
1,109,7,664,-1.4370445013046265
1,111,1,1940,4.788456916809082
1,111,2,644,4.7626824378967285
1,111,3,534,0.6904244422912598
1,111,4,2134,0.5519686937332153
1,111,5,1979,0.4389490485191345
1,111,6,2808,0.021713584661483765
1,111,7,962,-0.012245968915522099
1,111,8,1627,-0.025788642466068268
1,111,9,2410,-0.04587799310684204
1,111,10,1891,-0.07166114449501038
1,112,1,1869,3.720553398132324
1,112,2,2285,2.1763956546783447
1,112,3,2406,1.0283235311508179
1,112,4,137,0.7896240949630737
1,112,5,2940,0.5280518531799316
1,112,6,2452,0.48378002643585205
1,112,7,1793,0.23473624885082245
1,112,8,2811,0.010232944041490555
1,112,9,1891,-0.06680447608232498
1,112,10,939,-0.1305534541606903
1,113,1,644,5.267080307006836
1,113,2,2315,4.131793975830078
1,113,3,2370,3.4534478187561035
1,113,4,2914,0.4216671884059906
1,113,5,1346,0.2871411144733429
1,113,6,1080,0.22066214680671692
1,113,7,1251,0.1370733231306076
1,113,8,2410,-0.09041935205459595
1,113,9,2923,-0.2142632007598877
1,113,10,509,-0.4766296148300171
1,114,1,2738,3.692288398742676
1,114,2,14,3.5807945728302
1,114,3,986,1.3144073486328125
1,114,4,2957,1.2479597330093384
1,114,5,2080,0.16853071749210358
1,114,6,208,-0.017664263024926186
1,114,7,2841,-0.10521157085895538
1,114,8,2324,-0.5526449680328369
1,114,9,664,-0.584867000579834
1,114,10,466,-0.975601077079773
1,115,1,2848,4.553816795349121
1,115,2,601,4.444955825805664
1,115,3,732,2.3598060607910156
1,115,4,1871,1.2807917594909668
1,115,5,2804,1.1001975536346436
1,115,6,1202,0.932102382183075
1,115,7,767,0.7388911247253418
1,115,8,674,0.6613987684249878
1,115,9,348,0.308224618434906
1,115,10,208,-0.013752669095993042
1,116,1,2127,4.891709327697754
1,116,2,14,3.2371509075164795
1,116,3,2695,0.8182272911071777
1,116,4,641,0.7237650156021118
1,116,5,1013,0.22966106235980988
1,116,6,89,0.06426411867141724
1,116,7,208,-0.012521801516413689
1,116,8,2514,-0.0645989328622818
1,116,9,2628,-0.25181692838668823
1,116,10,359,-0.27042025327682495
1,117,1,1691,6.1782026290893555
1,117,2,2848,4.792949676513672
1,117,3,2738,3.8046071529388428
1,117,4,118,0.8007680177688599
1,117,5,1531,0.02345159649848938
1,117,6,362,-0.1067267656326294
1,117,7,1902,-0.13261263072490692
1,117,8,121,-0.18699637055397034
1,118,1,861,4.5300092697143555
1,118,2,857,3.7633583545684814
1,118,3,364,3.708928108215332
1,118,4,1427,1.7171648740768433
1,118,5,2114,0.6559067368507385
1,118,6,1760,-0.3626495897769928
1,118,7,82,-0.7936428785324097
1,118,8,1053,-0.828911542892456
1,118,9,2568,-0.9233443737030029
1,119,1,1176,5.168620586395264
1,119,2,2344,4.423990249633789
1,119,3,861,4.203763008117676
1,119,4,2104,0.8084847331047058
1,119,5,2303,0.325153648853302
1,119,6,1801,0.3028157353401184
1,119,7,906,-0.05064458027482033
1,119,8,1655,-0.1894146203994751
1,119,9,89,-0.679594874382019
1,119,10,1053,-0.6964960694313049
1,120,1,969,5.910127639770508
1,120,2,1078,5.016098499298096
1,120,3,2144,4.815395355224609
1,120,4,2894,0.6960256695747375
1,120,5,1247,0.4719557762145996
1,120,6,208,-0.027383852750062943
1,120,7,1952,-0.09583011269569397
1,120,8,3017,-0.14751718938350677
1,120,9,359,-0.1720709502696991
1,120,10,1040,-0.48838144540786743
1,121,1,2989,5.037036895751953
1,121,2,2144,4.118629455566406
1,121,3,857,3.526092052459717
1,121,4,1435,1.3707146644592285
1,121,5,1153,0.5609009861946106
1,121,6,1518,0.28299659490585327
1,121,7,2496,-0.04257404804229736
1,121,8,1671,-0.4631320834159851
1,121,9,2911,-0.5939847230911255
1,121,10,1369,-0.6329975128173828
1,122,1,550,3.593560218811035
1,122,2,2736,3.5376341342926025
1,122,3,429,2.73423171043396
1,122,4,612,1.3083970546722412
1,122,5,2183,1.2945810556411743
1,122,6,1653,0.40145015716552734
1,122,7,1317,0.38645678758621216
1,122,8,2167,0.20757247507572174
1,122,9,1580,-0.3010907769203186
1,122,10,792,-0.3736892342567444
1,123,1,1359,3.8356857299804688
1,123,2,1970,2.5251314640045166
1,123,3,2258,1.1231648921966553
1,123,4,1247,0.8218097686767578
1,123,5,2995,0.4901147484779358
1,123,6,1407,0.05851632356643677
1,123,7,1902,-0.05667867511510849
1,123,8,2082,-0.41226300597190857
1,123,9,1053,-0.6931918263435364
1,123,10,278,-0.8759555220603943
1,124,1,1087,5.624480247497559
1,124,2,2736,4.121193885803223
1,124,3,980,4.06176233291626
1,124,4,1248,0.254383385181427
1,124,5,1698,0.24382805824279785
1,124,6,1018,-0.18462833762168884
1,124,7,2867,-0.20028278231620789
1,124,8,2603,-0.6571487784385681
1,124,9,1718,-0.8320387601852417
1,124,10,33,-0.9221916198730469
1,125,1,2299,5.836381912231445
1,125,2,681,5.822197914123535
1,125,3,177,4.530203819274902
1,125,4,864,3.863546371459961
1,125,5,1946,1.4917621612548828
1,125,6,2556,0.7124511003494263
1,125,7,2045,0.20497778058052063
1,125,8,1113,0.15378934144973755
1,125,9,2862,-0.3998657763004303
1,125,10,553,-0.4637027978897095
1,127,1,1342,4.246734142303467
1,127,2,1535,3.3412485122680664
1,127,3,2998,0.7631149291992188
1,127,4,306,0.4432763159275055
1,127,5,444,0.06440284848213196
1,127,6,2047,0.05517846345901489
1,127,7,2876,-0.013154489919543266
1,127,8,2590,-0.33786171674728394
1,127,9,507,-0.610071063041687
1,129,1,1683,4.255881309509277
1,129,2,1966,3.245728015899658
1,129,3,1785,2.809452772140503
1,129,4,629,1.3035179376602173
1,129,5,414,1.1070131063461304
1,129,6,530,0.7696186304092407
1,129,7,786,0.059134699404239655
1,129,8,2653,0.02699834108352661
1,129,9,2876,-0.02078283578157425
1,129,10,2664,-1.224083423614502
1,131,1,2780,3.711885452270508
1,131,2,1341,3.009523391723633
1,131,3,1435,2.871079444885254
1,131,4,310,1.9314769506454468
1,131,5,2799,0.3052018880844116
1,131,6,765,-0.0426945798099041
1,131,7,634,-0.04762072488665581
1,131,8,1376,-0.4410552680492401
1,131,9,78,-0.5029962062835693
1,131,10,63,-0.5816428661346436
1,132,1,1435,1.725926399230957
1,132,2,195,0.9032717347145081
1,132,3,2219,0.764073371887207
1,132,4,99,0.1152559220790863
1,132,5,986,0.008673369884490967
1,132,6,342,-0.010987747460603714
1,132,7,1977,-0.03295356035232544
1,132,8,754,-0.22895655035972595
1,132,9,507,-0.33631449937820435
1,132,10,2743,-0.39030224084854126
1,133,1,1435,1.7891108989715576
1,133,2,2219,0.7765923738479614
1,133,3,1817,0.2642570436000824
1,133,4,780,0.23377558588981628
1,133,5,1884,0.17925769090652466
1,133,6,2228,0.1305047571659088
1,133,7,342,-0.013390690088272095
1,133,8,508,-0.21234893798828125
1,133,9,1840,-0.8203344345092773
1,134,1,1435,1.7704287767410278
1,134,2,542,1.5552031993865967
1,134,3,2219,0.7615692615509033
1,134,4,2533,0.49974167346954346
1,134,5,1781,0.10926598310470581
1,134,6,2978,0.09777413308620453
1,134,7,1570,0.05211326479911804
1,134,8,342,-0.012173841707408428
1,134,9,827,-0.021744508296251297
1,134,10,1759,-0.12160597741603851
1,135,1,1435,1.746424674987793
1,135,2,2219,0.7362483739852905
1,135,3,1142,0.6505222320556641
1,135,4,969,0.34893137216567993
1,135,5,584,0.21007156372070312
1,135,6,748,0.014286860823631287
1,135,7,1891,0.007728999480605125
1,135,8,342,-0.012318966910243034
1,135,9,2504,-0.04415184259414673
1,135,10,164,-0.07083121687173843
1,136,1,2882,4.813337326049805
1,136,2,2536,4.668448448181152
1,136,3,2877,3.5265235900878906
1,136,4,1518,1.9409494400024414
1,136,5,2045,1.2496408224105835
1,136,6,2111,0.6819635629653931
1,136,7,1635,0.6679048538208008
1,136,8,1793,0.579136312007904
1,136,9,2841,-0.022950975224375725
1,136,10,2623,-0.8662879467010498
1,137,1,2303,4.862501621246338
1,137,2,1197,3.7386226654052734
1,137,3,2940,1.9542865753173828
1,137,4,2723,1.5369571447372437
1,137,5,1308,1.3633239269256592
1,137,6,459,0.9500542879104614
1,137,7,546,0.030267328023910522
1,137,8,634,-0.02573840320110321
1,137,9,1869,-0.03336428105831146
1,137,10,339,-0.04618065804243088
1,138,1,1197,4.240106582641602
1,138,2,38,3.3643245697021484
1,138,3,1395,1.6292771100997925
1,138,4,1487,1.1558725833892822
1,138,5,2261,0.262733519077301
1,138,6,2002,-0.08098918199539185
1,138,7,2743,-0.5961300134658813
1,138,8,627,-0.6249455213546753
1,138,9,11,-1.2739028930664062
1,139,1,1507,4.602766036987305
1,139,2,38,3.379739761352539
1,139,3,55,1.0196833610534668
1,139,4,2482,0.37351617217063904
1,139,5,1567,-0.05715377628803253
1,139,6,2645,-0.07108938694000244
1,139,7,2002,-0.07807045429944992
1,139,8,239,-0.12493500113487244
1,139,9,576,-0.44813624024391174
1,139,10,2188,-0.8612720966339111
1,140,1,2288,4.955785274505615
1,140,2,38,2.746687412261963
1,140,3,459,0.9369774460792542
1,140,4,1613,0.21296946704387665
1,140,5,845,-0.05247565731406212
1,140,6,2677,-0.06932541728019714
1,140,7,1957,-0.14097201824188232
1,140,8,1913,-0.28193554282188416
1,140,9,1386,-0.9843372106552124
1,141,1,98,4.625146389007568
1,141,2,476,4.5769877433776855
1,141,3,2211,3.596536874771118
1,141,4,1300,1.4020814895629883
1,141,5,991,0.5980533361434937
1,141,6,986,0.5289666652679443
1,141,7,104,0.23725560307502747
1,141,8,1674,0.200790673494339
1,141,9,498,-0.12436223030090332
1,141,10,475,-0.4687180519104004
1,142,1,2447,5.678197860717773
1,142,2,1341,4.868255615234375
1,142,3,1683,1.5447648763656616
1,142,4,336,-0.07221902161836624
1,142,5,1587,-0.42195427417755127
1,142,6,1002,-0.4666387140750885
1,142,7,1632,-0.5928120613098145
1,142,8,2297,-1.0856072902679443
1,143,1,476,4.893441200256348
1,143,2,1341,4.744596481323242
1,143,3,2288,4.0767292976379395
1,143,4,2211,3.884161949157715
1,143,5,257,2.2788166999816895
1,143,6,1327,1.9719316959381104
1,143,7,2661,1.0780081748962402
1,143,8,2810,0.759994626045227
1,143,9,194,-1.5204696655273438
1,143,10,44,-1.897226333618164
1,144,1,421,4.851134300231934
1,144,2,2668,4.752915859222412
1,144,3,2792,1.009032130241394
1,144,4,2995,1.0047643184661865
1,144,5,1665,0.8127925395965576
1,144,6,444,0.14431101083755493
1,144,7,510,-0.0552593469619751
1,144,8,1040,-0.7945677638053894
1,145,1,421,4.538290023803711
1,145,2,414,2.9407339096069336
1,145,3,2661,0.41468486189842224
1,145,4,2024,0.26754212379455566
1,145,5,1984,-0.05000617355108261
1,145,6,3047,-0.07211960107088089
1,145,7,1303,-0.648717999458313
1,145,8,2108,-1.0660121440887451
1,145,9,31,-1.426819086074829
1,145,10,2769,-1.8869643211364746
1,146,1,2717,3.7610654830932617
1,146,2,2649,2.8477306365966797
1,146,3,414,2.5864529609680176
1,146,4,1429,0.9927133321762085
1,146,5,2161,0.5614491701126099
1,146,6,248,0.5409010648727417
1,146,7,2897,0.41223931312561035
1,146,8,863,0.20913539826869965
1,146,9,2283,-0.231251060962677
1,146,10,1725,-0.24339205026626587
1,147,1,2717,4.961366653442383
1,147,2,414,3.3274176120758057
1,147,3,2087,1.3153767585754395
1,147,4,579,1.267724871635437
1,147,5,1723,0.30944857001304626
1,147,6,717,0.03257152438163757
1,147,7,158,-0.05248190462589264
1,147,8,3047,-0.07793530821800232
1,147,9,2623,-0.2728184759616852
1,147,10,1161,-0.35497599840164185
1,148,1,2089,4.061903953552246
1,148,2,46,2.9533886909484863
1,148,3,186,2.0731916427612305
1,148,4,2780,1.2796094417572021
1,148,5,1100,0.38469603657722473
1,148,6,2910,0.28933146595954895
1,148,7,910,-0.025800444185733795
1,148,8,1925,-0.03254810348153114
1,148,9,2486,-0.04434603452682495
1,148,10,1029,-0.1364685446023941
1,149,1,1717,4.4932661056518555
1,149,2,2669,3.642913579940796
1,149,3,1861,3.1864326000213623
1,149,4,40,1.0559080839157104
1,149,5,348,0.4077759087085724
1,149,6,347,-0.03340338170528412
1,149,7,1786,-0.39889445900917053
1,149,8,364,-0.5360465049743652
1,149,9,220,-0.6227198243141174
1,149,10,1701,-1.3662132024765015
1,150,1,1717,4.436351299285889
1,150,2,780,4.387194633483887
1,150,3,46,3.1721882820129395
1,150,4,1391,1.1256732940673828
1,150,5,1248,0.5798335671424866
1,150,6,3032,0.3428163528442383
1,150,7,1745,-0.05614631623029709
1,150,8,1153,-0.17486172914505005
1,150,9,2736,-0.19379712641239166
1,150,10,2140,-0.3421284556388855
1,151,1,2751,5.916450500488281
1,151,2,2089,4.704212188720703
1,151,3,2135,0.7396271824836731
1,151,4,2435,0.5916365385055542
1,151,5,827,-0.04371637850999832
1,151,6,595,-0.423304945230484
1,151,7,502,-0.6821373701095581
1,152,1,1554,3.1452059745788574
1,152,2,2006,2.5306291580200195
1,152,3,2234,2.277453899383545
1,152,4,1638,1.5902000665664673
1,152,5,2780,0.4304194152355194
1,152,6,2684,0.11440657079219818
1,152,7,208,-0.018926706165075302
1,152,8,2988,-0.027274325489997864
1,152,9,2176,-0.3371512293815613
1,152,10,1781,-0.6940714716911316
1,153,1,186,6.549696922302246
1,153,2,2234,3.8633639812469482
1,153,3,1939,0.7123191356658936
1,153,4,1742,0.3816358745098114
1,153,5,954,0.11877293139696121
1,153,6,1966,0.07984797656536102
1,153,7,193,0.02919924259185791
1,153,8,149,-0.015883397310972214
1,153,9,318,-0.12451653182506561
1,153,10,206,-0.18159660696983337
1,154,1,39,6.948347091674805
1,154,2,1644,5.031716823577881
1,154,3,118,2.631091833114624
1,154,4,1236,1.153057336807251
1,154,5,257,0.7811037302017212
1,154,6,1939,0.6525189876556396
1,154,7,624,-0.6090896129608154
1,154,8,168,-1.990180253982544
1,154,9,1701,-2.496838092803955
1,155,1,2604,3.8179097175598145
1,155,2,1775,3.1720099449157715
1,155,3,2432,0.7555720806121826
1,155,4,235,0.5158004760742188
1,155,5,1939,0.45991644263267517
1,155,6,1260,0.308027446269989
1,155,7,1323,-0.004981536418199539
1,155,8,746,-0.08889315277338028
1,155,9,96,-0.18375015258789062
1,155,10,121,-0.2807648777961731
1,156,1,2604,3.8015832901000977
1,156,2,1775,3.1679584980010986
1,156,3,556,0.729529857635498
1,156,4,1671,0.567823052406311
1,156,5,1939,0.45469993352890015
1,156,6,546,0.1922096610069275
1,156,7,1754,0.15232694149017334
1,156,8,308,-0.18871822953224182
1,156,9,196,-0.390392005443573
1,156,10,538,-0.4963446855545044
1,157,1,2604,3.76682710647583
1,157,2,1775,3.1350440979003906
1,157,3,1683,1.193326711654663
1,157,4,2706,0.8350769877433777
1,157,5,421,0.6485812067985535
1,157,6,1939,0.44402116537094116
1,157,7,1542,0.050789594650268555
1,157,8,1456,-0.3382597267627716
1,157,9,646,-0.7067549824714661
1,157,10,1399,-0.7416353225708008
1,159,1,1315,3.569611072540283
1,159,2,2184,3.5627126693725586
1,159,3,2006,2.6692261695861816
1,159,4,1235,1.7256839275360107
1,159,5,1500,-0.035691361874341965
1,159,6,750,-0.04230009764432907
1,159,7,1029,-0.556437611579895
1,159,8,410,-0.6095831394195557
1,159,9,1040,-0.9058205485343933
1,159,10,8,-1.4298293590545654
1,160,1,2630,4.948443412780762
1,160,2,2184,3.6234664916992188
1,160,3,1518,3.467169761657715
1,160,4,1358,1.5006047487258911
1,160,5,1945,0.11379784345626831
1,160,6,899,-0.6162722110748291
1,160,7,103,-1.0465888977050781
1,160,8,2590,-1.9583076238632202
1,161,1,1391,4.900981903076172
1,161,2,1518,3.570570945739746
1,161,3,2516,3.5246946811676025
1,161,4,1538,0.8864184617996216
1,161,5,2896,0.5064478516578674
1,161,6,1963,-0.08979086577892303
1,161,7,1278,-0.177202045917511
1,161,8,2785,-0.46632254123687744
1,161,9,1517,-0.5025720596313477
1,161,10,8,-1.1667890548706055
1,163,1,1567,4.81607723236084
1,163,2,1059,2.771450996398926
1,163,3,2097,1.914131999015808
1,163,4,1892,1.1412957906723022
1,163,5,231,-0.020368050783872604
1,163,6,249,-0.14796119928359985
1,163,7,555,-0.20407670736312866
1,163,8,1685,-0.8899593353271484
1,164,1,32,5.351817607879639
1,164,2,1059,3.072345733642578
1,164,3,2868,-0.09612588584423065
1,164,4,89,-0.1712823212146759
1,164,5,1328,-0.5953581929206848
1,164,6,2092,-0.8095529079437256
1,164,7,272,-1.2504570484161377
1,164,8,670,-2.6172094345092773
1,165,1,551,6.6988067626953125
1,165,2,1502,2.4527273178100586
1,165,3,6,1.6646076440811157
1,165,4,2678,0.8130208849906921
1,165,5,644,0.6560952067375183
1,165,6,1332,-0.09819591045379639
1,165,7,2868,-0.11437827348709106
1,165,8,1760,-0.3023376166820526
1,165,9,1618,-2.704800605773926
1,165,10,585,-2.8521413803100586
1,166,1,1415,5.123171806335449
1,166,2,1927,2.3549067974090576
1,166,3,1417,0.780867874622345
1,166,4,2673,-0.016030678525567055
1,166,5,2899,-0.39685943722724915
1,166,6,2363,-0.4711913466453552
1,166,7,221,-0.5939823389053345
1,166,8,1606,-0.7462584972381592
1,166,9,2912,-0.9704433679580688
1,167,1,1250,3.1263370513916016
1,167,2,773,3.0848922729492188
1,167,3,453,1.8095343112945557
1,167,4,2922,1.3995379209518433
1,167,5,2894,0.369629442691803
1,167,6,158,-0.0394568033516407
1,167,7,80,-0.12689626216888428
1,167,8,555,-0.4961783289909363
1,167,9,33,-0.6923609375953674
1,167,10,1449,-0.7427449226379395
1,168,1,1237,5.704084873199463
1,168,2,544,5.560614585876465
1,168,3,1495,2.4966421127319336
1,168,4,2734,1.1097900867462158
1,168,5,1435,0.6499509215354919
1,168,6,2167,0.2424391806125641
1,168,7,950,0.1713106781244278
1,168,8,2811,-0.048025794327259064
1,168,9,1792,-0.11240553110837936
1,168,10,2484,-0.2804775536060333
1,169,1,1202,4.748560428619385
1,169,2,990,3.4872384071350098
1,169,3,2030,3.332235336303711
1,169,4,1300,2.3461248874664307
1,169,5,438,0.8905166983604431
1,169,6,987,-0.0213007889688015
1,169,7,2328,-0.5798872113227844
1,169,8,1716,-0.7116101980209351
1,169,9,2308,-1.8273130655288696
1,170,1,3041,5.12752628326416
1,170,2,990,4.415088176727295
1,170,3,137,1.0904574394226074
1,170,4,1829,0.4418192505836487
1,170,5,1167,0.24998128414154053
1,170,6,3037,0.04745990037918091
1,170,7,495,-0.009039446711540222
1,170,8,1805,-0.05144228786230087
1,170,9,1332,-0.08566860854625702
1,170,10,1792,-0.10911368578672409
1,171,1,1104,2.7463254928588867
1,171,2,2562,1.1598650217056274
1,171,3,2288,0.8163643479347229
1,171,4,270,0.4972626864910126
1,171,5,500,0.461331844329834
1,171,6,327,0.24984580278396606
1,171,7,1323,1.9680708646774292e-05
1,171,8,2480,-0.17689251899719238
1,171,9,1547,-0.3297010362148285
1,171,10,2623,-1.3692127466201782
1,172,1,2922,4.19512939453125
1,172,2,1104,3.254084587097168
1,172,3,784,0.9983493685722351
1,172,4,572,0.4176535904407501
1,172,5,2606,-0.06436194479465485
1,172,6,327,-0.11127984523773193
1,172,7,201,-0.6703294515609741
1,173,1,2560,4.752342224121094
1,173,2,1323,0.001872040331363678
1,173,3,327,-0.051783978939056396
1,173,4,1472,-0.08188110589981079
1,173,5,46,-0.165058434009552
1,173,6,1742,-0.7381801605224609
1,174,1,123,3.9071080684661865
1,174,2,853,3.041353464126587
1,174,3,383,3.009510040283203
1,174,4,732,1.6357572078704834
1,174,5,278,0.7914495468139648
1,174,6,3057,0.27472037076950073
1,174,7,72,0.24011296033859253
1,174,8,3062,0.15483257174491882
1,175,1,1047,4.956448554992676
1,175,2,123,3.5524909496307373
1,175,3,1104,3.0316572189331055
1,175,4,1427,0.77113276720047
1,175,5,78,-0.4564843773841858
1,175,6,585,-0.6018933057785034
1,175,7,314,-0.6234315633773804
1,175,8,1173,-0.7477754950523376
1,175,9,1248,-1.1190311908721924
1,175,10,2397,-1.3201569318771362
1,176,1,689,5.742793560028076
1,176,2,2556,4.5355095863342285
1,176,3,1295,1.2029855251312256
1,176,4,1812,0.8473149538040161
1,176,5,318,-0.0990452691912651
1,176,6,624,-0.474727600812912
1,176,7,2042,-1.4259225130081177
1,176,8,2384,-2.0590529441833496
1,177,1,674,4.953424453735352
1,177,2,2556,3.9599034786224365
1,177,3,1650,3.9363832473754883
1,177,4,615,0.7353686094284058
1,177,5,1340,0.6363928318023682
1,177,6,880,0.20418936014175415
1,177,7,1922,-0.00681191124022007
1,177,8,1380,-0.3720424175262451
1,177,9,2754,-0.4329800009727478
1,177,10,2075,-1.5202057361602783
1,178,1,2920,5.054289817810059
1,178,2,1569,4.740049362182617
1,178,3,1650,3.9504990577697754
1,178,4,2660,0.6654496192932129
1,178,5,148,-0.03617170453071594
1,178,6,533,-0.46996524930000305
1,178,7,2157,-0.6057018041610718
1,178,8,357,-0.714139461517334
1,179,1,2713,4.738913536071777
1,179,2,1708,3.8825523853302
1,179,3,991,0.4869421422481537
1,179,4,2368,0.14714735746383667
1,179,5,105,0.02422112226486206
1,179,6,1990,0.0007567815482616425
1,179,7,230,-0.00393059104681015
1,179,8,1577,-0.6382031440734863
1,179,9,2176,-1.2784769535064697
1,180,1,1156,4.750324726104736
1,180,2,1686,4.68288516998291
1,180,3,1708,3.7099862098693848
1,180,4,2894,1.427046775817871
1,180,5,1352,1.302229881286621
1,180,6,1429,1.178182601928711
1,180,7,380,1.0518721342086792
1,180,8,2435,0.2167491912841797
1,180,9,1344,-0.008122831583023071
1,180,10,727,-0.01311570405960083
1,181,1,1645,5.971158504486084
1,181,2,1267,5.200378894805908
1,181,3,1686,4.935710430145264
1,181,4,1792,0.9261243939399719
1,181,5,2293,0.08837801218032837
1,181,6,2967,0.022722840309143066
1,181,7,360,-0.04315014183521271
1,181,8,512,-0.12114322185516357
1,181,9,826,-0.9786311984062195
1,181,10,1678,-1.111459493637085
1,182,1,1267,5.014707565307617
1,182,2,1708,3.7318875789642334
1,182,3,2604,1.7654471397399902
1,182,4,1454,1.5829771757125854
1,182,5,2121,1.5502952337265015
1,182,6,230,-0.006071612238883972
1,182,7,681,-0.1547515094280243
1,182,8,2235,-0.3760792315006256
1,182,9,278,-0.6723365783691406
1,182,10,11,-1.0107347965240479
1,183,1,1429,6.40558385848999
1,183,2,1525,4.598865509033203
1,183,3,1882,4.120868682861328
1,183,4,2184,2.1254022121429443
1,183,5,346,1.3745237588882446
1,183,6,736,0.828752875328064
1,183,7,2525,0.13312220573425293
1,183,8,1917,-0.02678096666932106
1,183,9,2758,-0.7898073196411133
1,183,10,1376,-1.7983366250991821
1,184,1,193,5.1993727684021
1,184,2,1295,4.517234802246094
1,184,3,1882,3.31471586227417
1,184,4,2444,1.350592851638794
1,184,5,1730,1.0152587890625
1,184,6,185,0.43819788098335266
1,184,7,148,0.009613164700567722
1,184,8,289,-0.7701570987701416
1,184,9,585,-0.8309209942817688
1,184,10,608,-1.2799581289291382
1,185,1,1620,4.975557327270508
1,185,2,1525,3.7746875286102295
1,185,3,2897,3.542475700378418
1,185,4,2303,1.6123871803283691
1,185,5,2882,1.5157405138015747
1,185,6,2848,0.5810577869415283
1,185,7,1,-0.19665345549583435
1,185,8,1196,-0.8700490593910217
1,186,1,257,5.759119987487793
1,186,2,1295,4.977312088012695
1,186,3,1525,4.0732574462890625
1,186,4,1651,0.6209554672241211
1,186,5,786,0.36928892135620117
1,186,6,356,0.36800187826156616
1,186,7,317,-0.09680542349815369
1,186,8,2971,-0.6866909265518188
1,186,9,884,-1.6857677698135376
1,187,1,615,5.596100807189941
1,187,2,698,5.051180839538574
1,187,3,1255,3.379523515701294
1,187,4,2640,0.8665961027145386
1,187,5,216,0.5016027688980103
1,187,6,629,0.06621108949184418
1,187,7,2128,-0.2752738893032074
1,188,1,2237,6.084465026855469
1,188,2,1763,4.080438613891602
1,188,3,1255,3.4453775882720947
1,188,4,2143,0.645654559135437
1,188,5,991,0.2531656324863434
1,188,6,2219,0.03222818672657013
1,188,7,1190,-0.24602825939655304
1,188,8,1333,-0.5639247894287109
1,188,9,2660,-0.6925463080406189
1,189,1,2957,4.781193733215332
1,189,2,3016,4.1376848220825195
1,189,3,2134,4.0427374839782715
1,189,4,2751,0.8504500389099121
1,189,5,2340,0.4103752374649048
1,189,6,132,0.2221737951040268
1,190,1,3016,5.292994022369385
1,190,2,3062,4.068208694458008
1,190,3,748,3.7240443229675293
1,190,4,2045,2.1063313484191895
1,190,5,1038,0.707959771156311
1,190,6,1927,0.6479870676994324
1,190,7,962,-0.09726819396018982
1,190,8,1113,-0.4347045421600342
1,190,9,101,-0.626939058303833
1,190,10,398,-0.6958208084106445
1,191,1,2594,4.143756866455078
1,191,2,1548,3.840190887451172
1,191,3,1594,3.685856342315674
1,191,4,2745,0.8219574689865112
1,191,5,201,0.5072076320648193
1,191,6,1977,-0.1164996325969696
1,191,7,1811,-0.9834155440330505
1,191,8,2321,-1.105677843093872
1,191,9,2974,-1.243957757949829
1,191,10,1701,-1.4438998699188232
1,192,1,1246,4.264892578125
1,192,2,1665,4.101926326751709
1,192,3,1548,3.9483261108398438
1,192,4,556,1.3660838603973389
1,192,5,2717,1.0681496858596802
1,192,6,1686,0.8657901883125305
1,192,7,1791,0.40131592750549316
1,192,8,1985,0.31745457649230957
1,192,9,783,0.006748557090759277
1,192,10,982,-0.4586537480354309
1,194,1,1246,3.346681833267212
1,194,2,2594,3.306800365447998
1,194,3,1665,3.244174003601074
1,194,4,1712,2.2769057750701904
1,194,5,1757,0.8967102766036987
1,194,6,2407,0.06371712684631348
1,194,7,910,-0.5586516261100769
1,194,8,1380,-0.5941499471664429
1,194,9,444,-0.8356766104698181
1,195,1,2099,5.34754753112793
1,195,2,1446,4.488372802734375
1,195,3,3068,3.5623908042907715
1,195,4,1487,1.6243071556091309
1,195,5,864,1.3968336582183838
1,195,6,2933,0.3084525763988495
1,195,7,950,-0.2817143499851227
1,195,8,78,-0.37175917625427246
1,195,9,2911,-0.4976458251476288
1,195,10,359,-0.7344876527786255
1,196,1,2740,5.866233825683594
1,196,2,2925,5.188368797302246
1,196,3,2674,4.07424259185791
1,196,4,310,1.8406070470809937
1,196,5,1127,1.2406346797943115
1,196,6,1151,0.8999537825584412
1,196,7,1606,0.7792777419090271
1,196,8,2347,0.6049599051475525
1,196,9,1792,0.5113477110862732
1,196,10,210,0.23243357241153717
1,197,1,1442,5.170941352844238
1,197,2,2674,4.176445007324219
1,197,3,925,1.279282808303833
1,197,4,1254,0.6464226841926575
1,197,5,2007,0.29285097122192383
1,197,6,1165,0.15521830320358276
1,197,7,893,-0.06171589344739914
1,197,8,1975,-0.08407285809516907
1,197,9,338,-0.09177753329277039
1,197,10,538,-0.22194750607013702
1,198,1,2925,3.9699578285217285
1,198,2,1446,3.6821866035461426
1,198,3,1910,1.9617500305175781
1,198,4,2994,0.14578235149383545
1,198,5,792,-0.05411893129348755
1,198,6,2457,-0.09585565328598022
1,198,7,2649,-0.10980923473834991
1,198,8,1931,-0.19604255259037018
1,198,9,2156,-0.5106006860733032
1,198,10,1742,-0.5173543095588684
1,199,1,1817,4.556131362915039
1,199,2,295,4.463520050048828
1,199,3,1442,1.6456828117370605
1,199,4,1344,0.25402146577835083
1,199,5,2291,0.16752365231513977
1,199,6,2384,0.15761235356330872
1,199,7,962,0.0232465248554945
1,199,8,2504,-0.03233864903450012
1,199,9,1108,-0.10572416335344315
1,199,10,2792,-0.16063296794891357
1,200,1,295,5.227209091186523
1,200,2,696,4.410333156585693
1,200,3,2283,4.353730201721191
1,200,4,833,0.04844948649406433
1,200,5,1759,-0.005072295665740967
1,200,6,149,-0.013795170933008194
1,200,7,2192,-0.4931296706199646
1,200,8,1127,-0.8231656551361084
1,200,9,560,-0.9090940356254578
1,201,1,2658,4.690243721008301
1,201,2,696,4.677433013916016
1,201,3,2339,0.775233805179596
1,201,4,670,0.6034318208694458
1,201,5,969,0.3874276280403137
1,201,6,1200,0.04110056161880493
1,201,7,351,0.013239152729511261
1,201,8,2655,0.008223162032663822
1,201,9,1014,0.006243541836738586
1,201,10,1769,-0.061692386865615845
1,202,1,1817,6.470221519470215
1,202,2,2658,5.344708442687988
1,202,3,2283,5.265268802642822
1,202,4,1618,0.8778635263442993
1,202,5,727,0.6357216835021973
1,202,6,466,0.5849084258079529
1,202,7,453,0.17232801020145416
1,202,8,2599,0.05873465538024902
1,202,9,340,0.015547499060630798
1,202,10,1601,-0.6591761708259583
1,203,1,696,3.5238099098205566
1,203,2,2658,3.5233466625213623
1,203,3,2283,3.473095655441284
1,203,4,2280,0.5514755249023438
1,203,5,1984,0.04055708274245262
1,203,6,1064,-0.009374618530273438
1,203,7,2356,-1.4996089935302734
1,204,1,1190,3.766153335571289
1,204,2,2339,3.5507307052612305
1,204,3,1913,2.978494167327881
1,204,4,2464,0.5803266167640686
1,204,5,1995,0.3624120354652405
1,204,6,1374,0.2788549065589905
1,204,7,1832,0.1072850376367569
1,204,8,2846,0.027015164494514465
1,204,9,1521,-0.7177878618240356
1,204,10,2302,-0.7470961809158325
1,205,1,1208,5.3566203117370605
1,205,2,747,4.5435075759887695
1,205,3,1190,3.691380739212036
1,205,4,1072,0.3624608516693115
1,205,5,3027,0.17693601548671722
1,205,6,1498,0.1704718917608261
1,205,7,2108,-0.05615934729576111
1,205,8,1751,-0.1473359614610672
1,205,9,698,-0.41282522678375244
1,206,1,430,6.553492546081543
1,206,2,2529,4.810803413391113
1,206,3,2754,3.833865165710449
1,206,4,1359,0.18768300116062164
1,206,5,1258,-0.1580115258693695
1,206,6,869,-0.3113713264465332
1,206,7,949,-0.3613407015800476
1,206,8,2719,-0.3922920227050781
1,206,9,2448,-0.396906316280365
1,207,1,1190,3.2170846462249756
1,207,2,2228,3.206963300704956
1,207,3,2788,2.3878753185272217
1,207,4,755,0.4462748169898987
1,207,5,1966,-0.040901586413383484
1,208,1,2557,6.0515265464782715
1,208,2,1913,4.228104114532471
1,208,3,2339,3.9932167530059814
1,208,4,2193,1.0128769874572754
1,208,5,1102,0.4089302122592926
1,208,6,572,0.22171875834465027
1,208,7,1328,0.20949000120162964
1,208,8,2998,0.17747488617897034
1,208,9,1926,-0.0055608004331588745
1,208,10,2406,-0.230126291513443
1,209,1,2923,6.414755344390869
1,209,2,2757,3.828805446624756
1,209,3,2228,2.8039355278015137
1,209,4,2185,0.025784984230995178
1,209,5,906,-0.027898414060473442
1,209,6,692,-0.050492703914642334
1,209,7,1571,-0.13294728100299835
1,210,1,1275,3.4675521850585938
1,210,2,2196,3.447575569152832
1,210,3,2197,0.5031980276107788
1,210,4,1748,0.4659270644187927
1,210,5,1780,0.08976198732852936
1,210,6,1332,0.05551304668188095
1,210,7,379,-0.05427250266075134
1,210,8,1836,-0.07588398456573486
1,210,9,2971,-0.3754405379295349
1,210,10,186,-2.1189522743225098
1,211,1,1409,6.327300071716309
1,211,2,2757,3.405205249786377
1,211,3,2672,0.7769444584846497
1,211,4,1354,0.19581058621406555
1,211,5,906,-0.017960356548428535
1,211,6,1884,-0.07389086484909058
1,211,7,2212,-0.28006118535995483
1,212,1,393,5.148879051208496
1,212,2,1070,4.369297504425049
1,212,3,63,4.330180644989014
1,212,4,1428,0.4269562065601349
1,212,5,1121,0.3123176395893097
1,212,6,1632,0.15369337797164917
1,212,7,1437,0.10588417202234268
1,212,8,3031,0.037073977291584015
1,212,9,2817,-0.32080793380737305
1,212,10,1487,-0.4748365581035614
1,213,1,2923,4.059940338134766
1,213,2,2513,3.6411967277526855
1,213,3,2802,3.1353085041046143
1,213,4,575,0.6230590343475342
1,213,5,2653,0.575417160987854
1,213,6,1246,-0.19212862849235535
1,213,7,633,-0.38038867712020874
1,213,8,1878,-0.5136306881904602
1,213,9,2176,-0.9168875217437744
1,216,1,2871,4.4667463302612305
1,216,2,886,4.330728530883789
1,216,3,356,4.0009236335754395
1,216,4,2952,1.022992491722107
1,216,5,575,0.9459927678108215
1,216,6,550,0.4511684477329254
1,216,7,2700,0.1550869196653366
1,216,8,1612,-0.00975329801440239
1,216,9,906,-0.02154591865837574
1,216,10,480,-0.16374927759170532
1,217,1,2440,4.703095436096191
1,217,2,106,4.4809722900390625
1,217,3,1102,1.2541714906692505
1,217,4,2082,1.2235016822814941
1,217,5,2841,0.07316190749406815
1,217,6,2760,-0.028033411130309105
1,217,7,2114,-0.036453574895858765
1,217,8,58,-0.11615599691867828
1,217,9,25,-0.13472101092338562
1,217,10,438,-0.14337149262428284
1,218,1,270,5.011318206787109
1,218,2,106,4.131147861480713
1,218,3,1673,0.29341116547584534
1,218,4,2841,0.06735941022634506
1,218,5,1196,-0.2655947506427765
1,218,6,1040,-0.2833007872104645
1,218,7,1044,-0.9456936120986938
1,218,8,598,-0.9758923053741455
1,218,9,1710,-1.074476957321167
1,219,1,2365,4.974600791931152
1,219,2,2440,3.9270567893981934
1,219,3,1,0.9596124887466431
1,219,4,1047,0.7773312330245972
1,219,5,2841,0.06735365092754364
1,219,6,1157,0.05928484722971916
1,219,7,1469,-0.11372578144073486
1,219,8,645,-0.6559920310974121
1,219,9,2341,-1.086092472076416
1,219,10,2006,-1.9552158117294312
1,220,1,617,3.7903409004211426
1,220,2,1275,2.9380416870117188
1,220,3,2440,2.925579786300659
1,220,4,1902,0.0715087279677391
1,220,5,149,0.020296748727560043
1,220,6,158,0.01938823238015175
1,220,7,2014,-0.014322876930236816
1,220,8,1781,-0.014986515045166016
1,220,9,2370,-0.5488862991333008
1,220,10,1034,-1.1527113914489746
1,221,1,1685,4.333864212036133
1,221,2,1265,3.9951331615448
1,221,3,2772,0.1865426003932953
1,221,4,1254,0.06523919105529785
1,221,5,288,0.061734389513731
1,221,6,3069,0.039656758308410645
1,221,7,855,0.03179871290922165
1,221,8,1681,-0.3156895041465759
1,221,9,1287,-0.35831427574157715
1,221,10,1080,-0.42969292402267456
1,222,1,1685,4.266549110412598
1,222,2,1265,3.9499666690826416
1,222,3,2672,0.5298826098442078
1,222,4,1827,0.2382597178220749
1,222,5,1332,0.07336163520812988
1,222,6,1671,0.06628572940826416
1,222,7,739,-0.1857481598854065
1,222,8,1333,-0.4531683921813965
1,223,1,1685,3.6663742065429688
1,223,2,1913,0.9266117811203003
1,223,3,2920,0.25984442234039307
1,223,4,1521,0.25570589303970337
1,223,5,1332,0.06780984997749329
1,223,6,977,0.0004967197310179472
1,223,7,1962,-0.018848061561584473
1,226,1,572,5.4632720947265625
1,226,2,189,5.4071269035339355
1,226,3,730,0.6719603538513184
1,226,4,1121,0.3827364444732666
1,226,5,793,0.34196019172668457
1,226,6,1047,0.12013307213783264
1,226,7,222,0.0061296988278627396
1,226,8,390,-2.3376665115356445
1,227,1,2622,5.33109188079834
1,227,2,1945,4.622162818908691
1,227,3,2353,0.07832653820514679
1,227,4,827,0.016217296943068504
1,227,5,273,-0.14813971519470215
1,227,6,308,-0.5419593453407288
1,228,1,2622,3.600642681121826
1,228,2,108,3.2004199028015137
1,228,3,1945,3.157435178756714
1,228,4,1911,0.16897977888584137
1,228,5,2536,0.06168496608734131
1,228,6,1082,0.05375443398952484
1,228,7,953,-0.2967148423194885
1,229,1,2185,5.4468889236450195
1,229,2,572,5.16932487487793
1,229,3,2938,4.5055694580078125
1,229,4,2431,0.9065577983856201
1,229,5,1063,0.5892272591590881
1,229,6,1827,0.2009592056274414
1,229,7,2754,-0.09501396864652634
1,229,8,1588,-0.13944539427757263
1,229,9,2556,-0.15287992358207703
1,229,10,1407,-2.382683515548706
1,230,1,1320,5.5410332679748535
1,230,2,2938,3.3250772953033447
1,230,3,108,3.324167013168335
1,230,4,1881,0.29350563883781433
1,230,5,1627,0.05308578163385391
1,230,6,2780,0.009312793612480164
1,230,7,55,-0.05863310396671295
1,230,8,2097,-0.193853497505188
1,230,9,2073,-0.41950106620788574
1,230,10,910,-0.5102511048316956
1,231,1,30,5.2130608558654785
1,231,2,1580,4.9525837898254395
1,231,3,1744,1.8871902227401733
1,231,4,1977,0.04108878970146179
1,231,5,227,0.017053265124559402
1,231,6,2025,-0.005266990512609482
1,231,7,364,-0.17776283621788025
1,231,8,1651,-0.4251507818698883
1,231,9,5,-0.5837427377700806
1,231,10,2104,-0.7689110040664673
1,232,1,2165,5.595921993255615
1,232,2,348,1.1450164318084717
1,232,3,1611,1.0415393114089966
1,232,4,949,0.6021638512611389
1,232,5,972,0.36491814255714417
1,232,6,2554,0.0739026665687561
1,232,7,1977,0.045486658811569214
1,232,8,827,0.02736823260784149
1,232,9,2808,-0.0016724932938814163
1,232,10,2788,-0.41774997115135193
1,233,1,2165,4.473865032196045
1,233,2,1787,3.2796883583068848
1,233,3,2721,0.9889043569564819
1,233,4,2649,0.3479698896408081
1,233,5,210,0.2500453293323517
1,233,6,2808,-0.0002739131450653076
1,233,7,278,-0.04803897440433502
1,233,8,1688,-0.16870993375778198
1,233,9,731,-0.2848030626773834
1,234,1,509,2.665189266204834
1,234,2,613,2.1785998344421387
1,234,3,1931,1.394262671470642
1,234,4,387,0.38915354013442993
1,234,5,1922,0.03082628920674324
1,234,6,385,-0.014885824173688889
1,234,7,2372,-0.01842707395553589
1,234,8,498,-0.10881197452545166
1,234,9,2640,-0.3124089241027832
1,234,10,434,-0.342017263174057
1,235,1,1111,5.353821754455566
1,235,2,2092,4.354631423950195
1,235,3,1484,2.087066650390625
1,235,4,1931,1.73259437084198
1,235,5,827,0.051179446280002594
1,235,6,1221,-0.050398945808410645
1,235,7,298,-0.21847456693649292
1,235,8,2972,-0.7757946252822876
1,235,9,33,-1.0370396375656128
1,236,1,1465,6.240403175354004
1,236,2,2180,5.57149600982666
1,236,3,1632,5.558812618255615
1,236,4,2990,2.941819190979004
1,236,5,333,0.7885211110115051
1,236,6,1381,0.14142096042633057
1,236,7,3004,-0.031495243310928345
1,236,8,2191,-0.35453569889068604
1,236,9,2793,-0.5368155241012573
1,236,10,2817,-0.8977781534194946
1,237,1,416,5.174565315246582
1,237,2,2180,5.095852851867676
1,237,3,663,0.42488014698028564
1,237,4,2562,0.3619872033596039
1,237,5,1926,0.02542697824537754
1,237,6,2287,-0.1004716157913208
1,237,7,1952,-0.2235875427722931
1,237,8,1724,-0.5812388062477112
1,237,9,1644,-0.6210891604423523
1,237,10,2290,-1.2723931074142456
1,238,1,2916,5.963932991027832
1,238,2,416,5.423912525177002
1,238,3,2047,0.29469218850135803
1,238,4,716,0.24282173812389374
1,238,5,1159,0.07768970727920532
1,238,6,1926,0.027255166321992874
1,238,7,1006,-0.03771930932998657
1,238,8,2796,-0.1577323079109192
1,239,1,483,4.25218391418457
1,239,2,514,4.231169700622559
1,239,3,1632,4.128087043762207
1,239,4,746,0.07727625221014023
1,239,5,1159,-0.049121856689453125
1,239,6,2406,-0.208112895488739
1,239,7,1383,-0.23886308073997498
1,239,8,80,-0.33768877387046814
1,239,9,2493,-0.5137487649917603
1,239,10,2326,-0.5578994154930115
1,240,1,483,4.142110347747803
1,240,2,514,4.103394508361816
1,240,3,2118,3.841968536376953
1,240,4,184,0.19327563047409058
1,240,5,2031,0.1590951383113861
1,240,6,1542,-0.26222407817840576
1,240,7,484,-0.6451075077056885
1,240,8,2590,-0.6552931070327759
1,240,9,400,-0.9015566110610962
1,240,10,859,-1.3096845149993896
1,241,1,447,5.352671146392822
1,241,2,1067,4.756381034851074
1,241,3,2009,2.64241361618042
1,241,4,736,0.29609620571136475
1,241,5,22,0.13561159372329712
1,241,6,319,-0.029991574585437775
1,242,1,1413,4.852537155151367
1,242,2,1067,4.280294418334961
1,242,3,2118,3.195450782775879
1,242,4,1398,0.9441540241241455
1,242,5,1823,-0.419611394405365
1,242,6,1558,-0.47897860407829285
1,242,7,2769,-0.6487135291099548
1,242,8,1153,-1.0363750457763672
1,242,9,1158,-1.5639827251434326
1,243,1,1413,5.193387985229492
1,243,2,2118,3.4315290451049805
1,243,3,1936,2.551607131958008
1,243,4,918,0.7496633529663086
1,243,5,1189,0.07912890613079071
1,243,6,1926,-0.011643712408840656
1,243,7,2228,-0.10412454605102539
1,243,8,1628,-0.15447218716144562
1,243,9,664,-0.21392397582530975
1,243,10,1059,-0.3493666350841522
1,244,1,1232,6.324887275695801
1,244,2,1893,4.415618419647217
1,244,3,1936,2.6586496829986572
1,244,4,2739,1.010246992111206
1,244,5,2700,0.5135416984558105
1,244,6,653,0.3682323098182678
1,244,7,415,0.2215917408466339
1,244,8,887,0.03440028801560402
1,244,9,253,-0.05376632511615753
1,244,10,2488,-0.3508199453353882
1,245,1,2576,6.140721321105957
1,245,2,1654,5.620759010314941
1,245,3,447,5.361130714416504
1,245,4,1467,0.45562273263931274
1,245,5,1127,0.3971141576766968
1,245,6,128,-0.5029816031455994
1,245,7,205,-0.5256446003913879
1,245,8,2028,-1.0826160907745361
1,246,1,1654,5.666745185852051
1,246,2,1456,5.31795597076416
1,246,3,2270,5.23075008392334
1,246,4,1893,4.350133895874023
1,246,5,1632,1.4610508680343628
1,246,6,3079,0.3095467686653137
1,246,7,1827,0.26608899235725403
1,246,8,1785,-0.4461727738380432
1,246,9,2097,-0.671284019947052
1,246,10,2543,-0.7383301258087158
1,247,1,2270,3.895397186279297
1,247,2,508,3.7727646827697754
1,247,3,1632,1.0497294664382935
1,247,4,1200,0.5789563655853271
1,247,5,784,0.1980190873146057
1,247,6,113,0.055571675300598145
1,247,7,916,0.02227054536342621
1,247,8,1869,-0.20431284606456757
1,247,9,1109,-0.4227977991104126
1,247,10,1554,-0.5685580372810364
1,248,1,627,5.528665542602539
1,248,2,508,4.773128032684326
1,248,3,1448,4.0679802894592285
1,248,4,1651,0.6012269258499146
1,248,5,1988,0.5287964344024658
1,248,6,2750,0.44574183225631714
1,248,7,2432,0.04788672924041748
1,248,8,1853,0.040451835840940475
1,248,9,362,0.02955193817615509
1,248,10,2751,-0.00543743371963501
1,249,1,656,5.929726600646973
1,249,2,97,5.355228424072266
1,249,3,1448,4.279860496520996
1,249,4,397,0.3796592950820923
1,249,5,1978,0.3388034701347351
1,249,6,707,0.07975417375564575
1,249,7,1878,-0.25357526540756226
1,249,8,1250,-0.49876660108566284
1,249,9,512,-0.7268702983856201
1,249,10,1692,-1.2789603471755981
1,250,1,97,3.7985026836395264
1,250,2,283,3.752239227294922
1,250,3,2664,3.206693649291992
1,250,4,740,0.34173834323883057
1,250,5,1570,0.20165273547172546
1,250,6,609,0.19077536463737488
1,250,7,129,0.0881863534450531
1,250,8,2788,0.08383619785308838
1,250,9,2677,0.016953501850366592
1,250,10,2705,-0.3533075153827667
1,251,1,183,4.61409854888916
1,251,2,31,3.8528659343719482
1,251,3,563,3.5475072860717773
1,251,4,2615,0.2864535450935364
1,251,5,1794,0.05810919404029846
1,251,6,2634,-0.39097586274147034
1,251,7,1525,-0.7405786514282227
1,251,8,835,-1.0130265951156616
1,253,1,998,4.691428184509277
1,253,2,504,4.0521039962768555
1,253,3,563,4.035951137542725
1,253,4,1333,0.28915297985076904
1,253,5,2615,0.27680227160453796
1,253,6,957,-0.09933982044458389
1,253,7,1223,-0.6030064821243286
1,253,8,2691,-0.8421422243118286
1,253,9,1898,-1.5345258712768555
1,254,1,2961,5.933671951293945
1,254,2,2769,4.8342390060424805
1,254,3,31,4.3300604820251465
1,254,4,1015,3.330627918243408
1,254,5,229,-0.042911648750305176
1,254,6,1494,-0.23964177072048187
1,254,7,1748,-0.5006766319274902
1,254,8,2089,-1.0037918090820312
1,254,9,2882,-1.2564260959625244
1,254,10,2410,-1.270756721496582
1,255,1,1376,6.050772190093994
1,255,2,653,6.043265342712402
1,255,3,1015,3.3231000900268555
1,255,4,510,0.14358937740325928
1,255,5,1157,0.006051121279597282
1,255,6,1927,-0.062238529324531555
1,255,7,1407,-0.1330024003982544
1,255,8,2106,-0.5985584259033203
1,255,9,2556,-1.1979427337646484
1,255,10,2161,-1.9329150915145874
1,256,1,183,5.434870719909668
1,256,2,2801,4.8266754150390625
1,256,3,504,4.223690032958984
1,256,4,1015,3.2685935497283936
1,256,5,173,0.27963536977767944
1,256,6,1926,0.051013994961977005
1,256,7,1408,0.04284575581550598
1,256,8,2500,-0.41353023052215576
1,256,9,2006,-0.8761746287345886
1,256,10,2482,-1.003069281578064
1,257,1,2590,5.107242584228516
1,257,2,273,4.9913177490234375
1,257,3,8,3.3745970726013184
1,257,4,2559,0.9677647352218628
1,257,5,2607,0.5507194995880127
1,257,6,1977,0.07081124186515808
1,257,7,96,-0.24526526033878326
1,257,8,1109,-0.2929573655128479
1,258,1,2590,4.775581359863281
1,258,2,1558,4.720288276672363
1,258,3,1907,2.9521234035491943
1,258,4,2212,2.6648366451263428
1,258,5,553,0.1980142891407013
1,258,6,646,0.136647567152977
1,258,7,1273,-0.3717852830886841
1,258,8,1882,-0.7415404319763184
1,259,1,44,6.073253631591797
1,259,2,2743,5.431865692138672
1,259,3,194,4.854527473449707
1,259,4,1558,4.840248107910156
1,259,5,2082,0.4825206398963928
1,259,6,2659,0.15915289521217346
1,259,7,375,-0.4780120253562927
1,259,8,177,-0.5688784718513489
1,260,1,194,5.219977378845215
1,260,2,273,5.142751693725586
1,260,3,2042,4.8784027099609375
1,260,4,8,3.4469003677368164
1,260,5,2354,1.425459623336792
1,260,6,1409,0.7043007612228394
1,260,7,1870,0.3435775637626648
1,260,8,1255,-0.43576157093048096
1,260,9,1816,-1.3914417028427124
1,261,1,259,3.4401168823242188
1,261,2,2328,3.038465976715088
1,261,3,8,2.2728958129882812
1,261,4,474,-0.6802641153335571
1,262,1,2093,5.130235195159912
1,262,2,787,4.330338478088379
1,262,3,8,3.3629817962646484
1,262,4,2623,1.0355514287948608
1,262,5,765,0.11525290459394455
1,262,6,2922,-0.36075687408447266
1,262,7,346,-0.38951653242111206
1,262,8,1001,-0.4531826972961426
1,262,9,1528,-0.4873602092266083
1,263,1,1716,4.789638042449951
1,263,2,12,2.9411678314208984
1,263,3,939,2.794525623321533
1,263,4,2574,0.7127977609634399
1,263,5,5,0.303962767124176
1,263,6,553,0.24813148379325867
1,263,7,2016,0.025195054709911346
1,263,8,634,0.004622379317879677
1,263,9,482,-0.011796489357948303
1,263,10,1567,-0.3008243441581726
1,264,1,49,5.076216697692871
1,264,2,105,4.50277853012085
1,264,3,1907,2.5341548919677734
1,264,4,93,-0.0016037910245358944
1,264,5,2653,-0.01909881830215454
1,264,6,1940,-0.17776119709014893
1,264,7,1615,-0.37120699882507324
1,264,8,3018,-0.5796629786491394
1,264,9,2882,-1.0928692817687988
1,265,1,105,4.889544486999512
1,265,2,1907,2.7193357944488525
1,265,3,196,0.40519118309020996
1,265,4,248,0.31386759877204895
1,265,5,1625,0.06502231955528259
1,265,6,524,-0.7347295880317688
1,265,7,2412,-0.9289491772651672
1,265,8,55,-1.3786942958831787
1,266,1,701,5.282489776611328
1,266,2,65,4.421088218688965
1,266,3,1907,2.373955488204956
1,266,4,2801,1.3304197788238525
1,266,5,1009,0.7450359463691711
1,266,6,455,0.6726857423782349
1,266,7,1978,0.017670437693595886
1,266,8,2286,-0.48243364691734314
1,266,9,46,-0.6295236349105835
1,266,10,2848,-1.182798147201538
1,267,1,2480,4.395733833312988
1,267,2,2212,3.8717784881591797
1,267,3,105,3.816891670227051
1,267,4,1542,-0.26191335916519165
1,267,5,1327,-1.0692490339279175
1,268,1,2710,5.257221221923828
1,268,2,1907,2.6354687213897705
1,268,3,2194,0.23294740915298462
1,268,4,1381,0.21582618355751038
1,268,5,2188,0.11406821012496948
1,268,6,164,0.09112614393234253
1,268,7,774,-0.005617916584014893
1,268,8,1111,-0.21551620960235596
1,268,9,1927,-0.5852801203727722
1,268,10,2516,-0.849027156829834
1,269,1,1180,6.145550727844238
1,269,2,2274,6.025948524475098
1,269,3,1540,0.6855682730674744
1,269,4,2,0.5257170796394348
1,269,5,1603,0.4868322014808655
1,269,6,129,0.17406785488128662
1,269,7,164,0.08651428669691086
1,269,8,1665,-0.3296639323234558
1,269,9,2099,-0.758774995803833
1,269,10,1754,-1.6792018413543701
1,272,1,701,5.435927867889404
1,272,2,49,5.084723472595215
1,272,3,2212,4.336326599121094
1,272,4,2391,1.0310735702514648
1,272,5,1778,-0.3487955331802368
1,272,6,2167,-0.658562183380127
1,272,7,1882,-0.6859387159347534
1,272,8,421,-0.8248873949050903
1,273,1,2710,4.73201322555542
1,273,2,122,3.755128860473633
1,273,3,1750,3.017740249633789
1,273,4,2324,1.3289319276809692
1,273,5,1625,0.060886017978191376
1,273,6,149,-0.0056524621322751045
1,273,7,1212,-0.0878210961818695
1,273,8,2496,-0.83523029088974
1,273,9,3037,-0.959381639957428
1,273,10,724,-1.6291637420654297
1,274,1,65,4.604400157928467
1,274,2,2212,4.3838090896606445
1,274,3,1750,3.8583221435546875
1,274,4,1184,1.2622517347335815
1,274,5,2899,0.9732973575592041
1,274,6,667,0.6591376066207886
1,274,7,1656,0.3521725535392761
1,274,8,1978,0.23484143614768982
1,274,9,2311,-0.12090983986854553
1,274,10,1513,-0.13629816472530365
1,276,1,192,5.401800155639648
1,276,2,121,3.5591917037963867
1,276,3,2578,3.372145891189575
1,276,4,2906,0.5658888816833496
1,276,5,2007,-0.6346728801727295
1,276,6,1255,-0.7228772640228271
1,276,7,2299,-1.1798486709594727
1,277,1,663,5.536454200744629
1,277,2,795,4.163708686828613
1,277,3,2578,3.1748175621032715
1,277,4,1346,0.2900558412075043
1,277,5,2862,0.08011376857757568
1,277,6,158,0.07370343804359436
1,277,7,1082,-0.3192019462585449
1,277,8,1047,-0.4371931254863739
1,277,9,612,-0.953574538230896
1,277,10,2706,-1.3890562057495117
1,278,1,2580,5.258243560791016
1,278,2,2578,3.394120216369629
1,278,3,1215,0.997754693031311
1,278,4,562,0.78101646900177
1,278,5,2871,0.6449828147888184
1,278,6,1582,0.0018006372265517712
1,278,7,1737,-0.500973641872406
1,278,8,2738,-0.5191142559051514
1,278,9,2098,-0.767001211643219
1,279,1,1400,5.731662273406982
1,279,2,2997,3.583850860595703
1,279,3,1738,0.30914074182510376
1,279,4,1625,0.06860685348510742
1,279,5,288,0.056392572820186615
1,279,6,1358,-0.009973287582397461
1,279,7,991,-0.12819179892539978
1,279,8,1212,-0.30038267374038696
1,279,9,2882,-1.8053464889526367
1,280,1,608,4.246085166931152
1,280,2,1303,3.3675320148468018
1,280,3,665,0.96495521068573
1,280,4,957,0.0922778844833374
1,280,5,317,0.08692631870508194
1,280,6,2841,0.017301205545663834
1,280,7,1582,0.004279928281903267
1,280,8,2206,-0.06509324908256531
1,280,9,2546,-0.3107607662677765
1,280,10,46,-0.3811118006706238
1,282,1,121,3.542543411254883
1,282,2,1875,1.8130935430526733
1,282,3,1701,1.0971348285675049
1,282,4,555,0.9158415794372559
1,282,5,2026,0.043162476271390915
1,282,6,135,-0.003704187460243702
1,282,7,338,-0.6269036531448364
1,282,8,2956,-0.7810735106468201
1,282,9,2028,-0.8392980098724365
1,282,10,1698,-1.413927435874939
1,283,1,2580,5.230527877807617
1,283,2,121,3.52339506149292
1,283,3,58,0.8105136156082153
1,283,4,2061,0.3054336905479431
1,283,5,135,-0.0005666445940732956
1,283,6,2206,-0.1508561074733734
1,283,7,756,-0.2834271490573883
1,283,8,1778,-0.5148248672485352
1,283,9,2106,-0.9907474517822266
1,284,1,1516,4.412550449371338
1,284,2,308,2.314296245574951
1,284,3,1760,1.5741972923278809
1,284,4,2772,1.480057954788208
1,284,5,2769,0.9934861063957214
1,284,6,514,0.9290499687194824
1,284,7,2200,0.0486518070101738
1,284,8,288,0.04864925891160965
1,284,9,136,0.03742867708206177
1,284,10,249,-0.18256595730781555
1,285,1,1277,5.005868911743164
1,285,2,553,4.9748992919921875
1,285,3,1437,3.81807279586792
1,285,4,2267,0.3536075949668884
1,285,5,1189,-0.046919599175453186
1,285,6,1231,-0.0734129548072815
1,285,7,464,-0.12767890095710754
1,285,8,3062,-0.23332974314689636
1,285,9,2194,-0.5436016321182251
1,285,10,2018,-0.8266597390174866
1,286,1,1277,5.136344909667969
1,286,2,1437,3.8742711544036865
1,286,3,447,0.08372035622596741
1,286,4,339,-0.026833519339561462
1,286,5,1407,-0.03468257188796997
1,286,6,1315,-0.4112932085990906
1,286,7,2659,-0.5396705865859985
1,287,1,783,4.080808639526367
1,287,2,1437,3.4759984016418457
1,287,3,1612,0.1469167172908783
1,287,4,2016,0.0013767643831670284
1,287,5,3011,-0.025214124470949173
1,287,6,905,-0.10239855945110321
1,287,7,476,-0.12216489017009735
1,287,8,644,-0.41481098532676697
1,288,1,1466,4.97339391708374
1,288,2,553,4.407519817352295
1,288,3,2140,0.5723427534103394
1,288,4,2288,0.30057454109191895
1,288,5,665,0.2574812173843384
1,288,6,2622,0.17238008975982666
1,288,7,2654,0.019889861345291138
1,288,8,975,-0.0017722472548484802
1,288,9,3011,-0.02060617133975029
1,288,10,2365,-0.11322380602359772
1,289,1,2407,3.3706185817718506
1,289,2,783,2.870474338531494
1,289,3,1760,2.683053493499756
1,289,4,1198,0.6581815481185913
1,289,5,739,0.6291391849517822
1,289,6,1801,0.08858245611190796
1,289,7,2664,0.05821707844734192
1,289,8,1030,0.05497816205024719
1,289,9,368,0.01213724073022604
1,289,10,231,-0.022766560316085815
1,290,1,1528,7.097971439361572
1,290,2,2554,5.496566295623779
1,290,3,774,0.6176199913024902
1,290,4,1988,0.37710899114608765
1,290,5,325,0.033280640840530396
1,290,6,1267,0.012007474899291992
1,290,7,2998,-0.007365763187408447
1,290,8,330,-0.02667703852057457
1,290,9,1821,-0.4268782138824463
1,290,10,32,-0.43084031343460083
1,291,1,555,3.8584423065185547
1,291,2,860,3.2350854873657227
1,291,3,975,0.054882049560546875
1,291,4,1902,0.03956767916679382
1,291,5,325,0.02602078579366207
1,291,6,717,0.0009345971047878265
1,291,7,969,-0.24763783812522888
1,291,8,95,-0.4718815088272095
1,291,9,990,-0.7426499128341675
1,291,10,1388,-0.8717114925384521
1,292,1,1053,4.619841575622559
1,292,2,2554,4.438302993774414
1,292,3,555,4.093604564666748
1,292,4,13,3.392796516418457
1,292,5,1878,0.48789918422698975
1,292,6,1161,0.130889892578125
1,292,7,2542,0.003605923615396023
1,292,8,1644,-0.45699024200439453
1,292,9,1,-0.9462904930114746
1,292,10,1669,-1.0029823780059814
1,293,1,2090,5.329444885253906
1,293,2,555,3.7323994636535645
1,293,3,325,0.02450406178832054
1,293,4,2998,0.0009568929672241211
1,293,5,475,-0.42685431241989136
1,293,6,2961,-0.4381539225578308
1,293,7,1461,-0.48386549949645996
1,293,8,1047,-0.5997068881988525
1,293,9,1029,-0.623721718788147
1,293,10,2084,-0.8709726929664612
1,294,1,1344,4.157786846160889
1,294,2,533,4.0183868408203125
1,294,3,375,3.2384142875671387
1,294,4,2283,0.3410481810569763
1,294,5,1374,-0.21981406211853027
1,294,6,1899,-0.29953908920288086
1,294,7,2159,-0.48639553785324097
1,294,8,3042,-0.5317245721817017
1,294,9,494,-0.6316308379173279
1,294,10,667,-0.9303308725357056
1,295,1,2431,4.594414710998535
1,295,2,3061,3.5650877952575684
1,295,3,1811,1.565687656402588
1,295,4,581,1.027036190032959
1,295,5,1655,0.23233547806739807
1,295,6,634,0.025702673941850662
1,295,7,2025,-0.0157107375562191
1,295,8,767,-0.48370397090911865
1,295,9,749,-0.6308196783065796
1,295,10,271,-1.4298641681671143
1,297,1,2616,6.039157390594482
1,297,2,1101,5.670580863952637
1,297,3,3061,4.134152412414551
1,297,4,1571,2.5908594131469727
1,297,5,2704,1.0150127410888672
1,297,6,33,0.06180855631828308
1,297,7,599,-1.0071558952331543
1,297,8,1786,-1.149487018585205
1,297,9,1063,-1.2162938117980957
1,298,1,1794,4.946459770202637
1,298,2,2431,4.894269943237305
1,298,3,510,4.436861038208008
1,298,4,2986,1.0787324905395508
1,298,5,339,0.035225093364715576
1,298,6,2134,-0.2941029667854309
1,298,7,3010,-0.6809704303741455
1,299,1,2128,4.293581485748291
1,299,2,2672,3.6176276206970215
1,299,3,2140,2.9818217754364014
1,299,4,666,1.1083704233169556
1,299,5,3043,0.036894701421260834
1,299,6,953,-0.22516180574893951
1,299,7,2994,-0.28938719630241394
1,299,8,1518,-0.5722174644470215
1,299,9,2888,-0.5798335671424866
1,299,10,2810,-0.9351162314414978
1,300,1,2969,5.3259429931640625
1,300,2,1072,2.7872252464294434
1,300,3,2493,0.0687742531299591
1,300,4,1260,0.032710179686546326
1,300,5,368,-0.01120121031999588
1,300,6,2630,-0.9186791181564331
1,300,7,629,-0.9365549683570862
1,302,1,1597,3.8837530612945557
1,302,2,1189,3.2729053497314453
1,302,3,510,2.878157615661621
1,302,4,1072,2.719175100326538
1,302,5,97,0.2904401123523712
1,302,6,2050,0.10618392378091812
1,302,7,325,0.02035234495997429
1,302,8,1893,0.016463369131088257
1,302,9,38,-0.3167876601219177
1,302,10,2340,-1.2576125860214233
1,303,1,1920,4.277348518371582
1,303,2,1072,2.9580767154693604
1,303,3,1180,1.0872652530670166
1,303,4,2173,0.466922402381897
1,303,5,368,-0.008644865825772285
1,303,6,2666,-0.038189858198165894
1,303,7,364,-0.11486846208572388
1,303,8,235,-0.2070968598127365
1,303,9,2137,-0.7174023985862732
1,303,10,2745,-0.7312548160552979
1,304,1,2978,4.650533199310303
1,304,2,2343,4.6156463623046875
1,304,3,2899,3.730837821960449
1,304,4,89,0.06793949007987976
1,304,5,129,-0.08853895217180252
1,304,6,641,-0.37637901306152344
1,304,7,1872,-0.7733949422836304
1,304,8,1461,-1.3002445697784424
1,304,9,500,-1.326316475868225
1,304,10,2799,-1.4254000186920166
1,305,1,2343,3.748781442642212
1,305,2,315,3.102508783340454
1,305,3,1189,2.153499126434326
1,305,4,90,0.9796807169914246
1,305,5,1516,0.7695605158805847
1,305,6,78,0.43162670731544495
1,305,7,2254,0.14118419587612152
1,305,8,2713,-0.43339017033576965
1,305,9,2303,-0.750662088394165
1,306,1,1449,5.236213684082031
1,306,2,315,3.8286666870117188
1,306,3,1189,2.752743721008301
1,306,4,2725,0.8643383979797363
1,306,5,1926,0.00948411226272583
1,306,6,1582,-0.014661571010947227
1,306,7,1827,-0.14180581271648407
1,306,8,2235,-0.217457577586174
1,306,9,235,-0.5293077230453491
1,306,10,2156,-0.5441867113113403
1,307,1,59,5.5228271484375
1,307,2,1823,4.872320175170898
1,307,3,387,1.0547553300857544
1,307,4,3048,0.9847686290740967
1,307,5,1301,0.6404772400856018
1,307,6,351,0.019403690472245216
1,307,7,2841,0.015148810110986233
1,307,8,2750,-0.20655781030654907
1,307,9,2706,-2.209754705429077
1,308,1,2686,6.197941303253174
1,308,2,69,5.949003219604492
1,308,3,1995,5.917353630065918
1,308,4,2480,1.06113862991333
1,308,5,483,0.888229250907898
1,308,6,1875,0.8209158182144165
1,308,7,1766,0.5442237854003906
1,308,8,295,0.43824273347854614
1,308,9,1780,0.158125638961792
1,308,10,1625,0.08798391371965408
1,309,1,1571,6.64595890045166
1,309,2,1823,4.676549911499023
1,309,3,351,0.019278857856988907
1,309,4,319,-0.025184428319334984
1,309,5,1957,-0.1643712967634201
1,309,6,2319,-0.31688472628593445
1,309,7,698,-0.5649758577346802
1,309,8,2723,-0.9269469976425171
1,309,9,400,-2.1310062408447266
1,310,1,1701,6.438146591186523
1,310,2,2974,5.7181243896484375
1,310,3,1990,3.5985219478607178
1,310,4,105,1.0671367645263672
1,310,5,132,0.7772301435470581
1,310,6,2923,0.04876616597175598
1,310,7,477,-0.03236159682273865
1,310,8,1723,-0.1375749707221985
1,310,9,1354,-0.19325894117355347
1,310,10,97,-0.44527891278266907
1,311,1,1995,5.559154510498047
1,311,2,2974,5.427914619445801
1,311,3,1990,3.4188694953918457
1,311,4,1206,1.5470162630081177
1,311,5,90,1.2446213960647583
1,311,6,82,0.5523387789726257
1,311,7,998,0.35602307319641113
1,311,8,81,0.0523199737071991
1,311,9,2452,-0.2655690014362335
1,311,10,670,-0.6275671124458313
1,312,1,1611,4.280355930328369
1,312,2,1498,2.350433826446533
1,312,3,671,0.8802525401115417
1,312,4,2898,0.8055717945098877
1,312,5,2397,0.35901084542274475
1,312,6,975,0.044455595314502716
1,312,7,2871,-0.16740021109580994
1,312,8,576,-0.2233206331729889
1,312,9,653,-0.361655592918396
1,312,10,2137,-0.7412680387496948
1,314,1,1158,6.122439861297607
1,314,2,1481,2.493109703063965
1,314,3,1498,2.012139320373535
1,314,4,294,0.6027035713195801
1,314,5,2810,-0.8820980191230774
1,314,6,1251,-1.0037622451782227
1,314,7,2552,-1.146301031112671
1,314,8,2410,-1.226454496383667
1,314,9,732,-1.2726736068725586
1,314,10,2925,-1.4593150615692139
1,315,1,1198,4.108786582946777
1,315,2,385,3.4575388431549072
1,315,3,1498,1.3143713474273682
1,315,4,1579,0.8706861734390259
1,315,5,2750,0.22688955068588257
1,315,6,1550,0.18986964225769043
1,315,7,2559,-0.5035589933395386
1,315,8,2127,-0.6115291118621826
1,315,9,1594,-0.8442833423614502
1,316,1,3069,3.8550047874450684
1,316,2,1781,3.799299478530884
1,316,3,2500,3.412631034851074
1,316,4,1198,3.1790058612823486
1,316,5,2659,1.3774583339691162
1,316,6,2697,0.890537679195404
1,316,7,1653,0.28270357847213745
1,316,8,1339,0.18209326267242432
1,316,9,1341,-0.01702481508255005
1,316,10,675,-0.35302892327308655
1,317,1,1369,5.334042549133301
1,317,2,1206,4.168268203735352
1,317,3,1198,3.2382287979125977
1,317,4,2974,1.1831910610198975
1,317,5,132,-0.17845425009727478
1,317,6,2568,-0.1842641979455948
1,317,7,1981,-0.18434838950634003
1,317,8,136,-0.41932258009910583
1,317,9,3053,-0.4987225830554962
1,317,10,853,-0.6999099254608154
1,318,1,195,6.0643815994262695
1,318,2,1206,4.194579601287842
1,318,3,1991,3.9172844886779785
1,318,4,984,3.041257858276367
1,318,5,835,0.2451658844947815
1,318,6,2817,0.11762775480747223
1,318,7,2673,0.06846688687801361
1,318,8,2734,-0.1128443256020546
1,318,9,2344,-0.43634718656539917
1,318,10,2089,-1.571580171585083
1,319,1,2176,5.738880157470703
1,319,2,2106,5.376315116882324
1,319,3,446,4.609896183013916
1,319,4,1221,2.8714208602905273
1,319,5,2206,0.19862183928489685
1,319,6,2817,0.13823077082633972
1,319,7,2754,0.06742733716964722
1,319,8,1917,0.05071496218442917
1,319,9,2044,-0.009821601212024689
1,319,10,1659,-0.1210571825504303
1,321,1,2176,4.360306262969971
1,321,2,2106,3.9764318466186523
1,321,3,446,3.6193742752075195
1,321,4,1278,0.40164411067962646
1,321,5,3062,0.38843733072280884
1,321,6,1408,0.10757000744342804
1,321,7,2673,0.03492310643196106
1,321,8,1627,0.011213498190045357
1,321,9,2819,-0.008992144837975502
1,321,10,2684,-0.6834324598312378
1,322,1,1367,5.817241191864014
1,322,2,859,4.7631425857543945
1,322,3,495,0.2553620934486389
1,322,4,2752,0.09943688660860062
1,322,5,330,-0.05449942499399185
1,323,1,2106,4.10500955581665
1,323,2,1964,3.925236225128174
1,323,3,446,3.7330408096313477
1,323,4,1196,0.7947498559951782
1,323,5,1793,0.12945649027824402
1,323,6,1202,-0.3174707293510437
1,323,7,1002,-0.3479262590408325
1,323,8,2391,-0.44991883635520935
1,323,9,2607,-0.6148350238800049
1,324,1,1964,3.9267630577087402
1,324,2,859,3.5280795097351074
1,324,3,297,0.6176334023475647
1,324,4,2568,0.021484263241291046
1,324,5,230,0.013369793072342873
1,324,6,1925,0.003139152191579342
1,324,7,1902,-0.045533567667007446
1,324,8,2444,-0.15528777241706848
1,324,9,613,-0.222093403339386
1,324,10,2452,-0.3946003019809723
1,325,1,2084,5.6332316398620605
1,325,2,637,4.676564693450928
1,325,3,2500,3.7037301063537598
1,325,4,249,0.9868876934051514
1,325,5,1001,0.07828068733215332
1,325,6,563,-0.10647103190422058
1,325,7,1015,-0.1955181062221527
1,325,8,718,-0.4173276126384735
1,325,9,1620,-0.8381435871124268
1,326,1,2075,4.5640411376953125
1,326,2,2602,1.161336898803711
1,326,3,2750,0.622951865196228
1,326,4,39,0.5569859743118286
1,326,5,248,0.3222932815551758
1,326,6,1992,0.045203179121017456
1,326,7,239,0.006214432418346405
1,326,8,1920,-0.03739495575428009
1,326,9,330,-0.060754723846912384
1,326,10,1173,-0.3283672332763672
1,327,1,1671,6.010863304138184
1,327,2,637,5.310528755187988
1,327,3,1991,5.2886152267456055
1,327,4,562,0.29694440960884094
1,327,5,1728,0.2884715497493744
1,327,6,707,-0.14102117717266083
1,327,7,533,-0.517837643623352
1,328,1,1062,4.9930925369262695
1,328,2,851,3.346992254257202
1,328,3,3027,3.3395156860351562
1,328,4,1884,1.0309994220733643
1,328,5,2237,0.6382839679718018
1,328,6,1116,0.36289483308792114
1,328,7,1400,-0.5129033923149109
1,328,8,2407,-0.5819680690765381
1,328,9,2137,-1.0762040615081787
1,328,10,32,-1.1148607730865479
1,329,1,2484,4.213901996612549
1,329,2,982,4.133123874664307
1,329,3,2659,3.484492778778076
1,329,4,535,0.06345642358064651
1,329,5,2529,-0.06479975581169128
1,329,6,1359,-0.1160840392112732
1,329,7,1957,-0.14486335217952728
1,329,8,2191,-0.1812518835067749
1,329,9,1310,-0.7192633152008057
1,329,10,1409,-0.7734053134918213
1,330,1,1064,6.4696760177612305
1,330,2,2296,5.312709808349609
1,330,3,33,5.080749034881592
1,330,4,671,1.0355137586593628
1,330,5,1657,0.7825385928153992
1,330,6,653,0.4255595803260803
1,330,7,285,0.08873224258422852
1,330,8,754,0.0319279283285141
1,330,9,2387,-0.2913844585418701
1,331,1,2484,4.222999572753906
1,331,2,982,4.14097261428833
1,331,3,1962,3.4262773990631104
1,331,4,1301,0.7206424474716187
1,331,5,306,0.0747632384300232
1,331,6,3031,0.04648231342434883
1,331,7,1627,0.018931858241558075
1,331,8,1922,0.01377338171005249
1,331,9,2700,-0.23849739134311676
1,331,10,1720,-0.6936448812484741
1,332,1,203,4.18786096572876
1,332,2,2659,2.638382911682129
1,332,3,1962,2.6153666973114014
1,332,4,1278,0.6934572458267212
1,332,5,949,0.13766711950302124
1,332,6,1089,-0.260850191116333
1,332,7,2998,-0.45284074544906616
1,332,8,2896,-1.5654621124267578
1,333,1,2107,5.290566921234131
1,333,2,1635,4.41378116607666
1,333,3,2705,3.6613428592681885
1,333,4,44,1.6100561618804932
1,333,5,2136,0.46151843667030334
1,333,6,1332,0.0356718972325325
1,333,7,1070,-0.29023778438568115
1,333,8,2702,-0.5904114842414856
1,333,9,62,-1.4561313390731812
1,334,1,1655,6.772689342498779
1,334,2,1491,5.565114498138428
1,334,3,2705,4.009279727935791
1,334,4,562,1.500031590461731
1,334,5,2578,0.17706409096717834
1,334,6,362,0.025764741003513336
1,334,7,996,-0.07005994021892548
1,334,8,2622,-0.13041287660598755
1,334,9,63,-0.19696179032325745
1,334,10,1778,-0.21772362291812897
1,335,1,2927,6.023988246917725
1,335,2,249,4.387318134307861
1,335,3,788,4.379997253417969
1,335,4,1422,2.7925069332122803
1,335,5,1831,0.7696579098701477
1,335,6,3047,0.016538454219698906
1,335,7,1978,-0.17341583967208862
1,335,8,2359,-0.501144528388977
1,335,9,1936,-0.6416917443275452
1,335,10,1588,-1.188690423965454
1,336,1,2384,4.995512008666992
1,336,2,1635,4.7965087890625
1,336,3,2705,3.9907000064849854
1,336,4,1472,1.8793554306030273
1,336,5,1383,0.6255416870117188
1,336,6,1750,0.43844807147979736
1,336,7,1030,0.30363497138023376
1,336,8,2303,0.20296666026115417
1,336,9,2725,0.03182300925254822
1,336,10,2876,-0.0018104538321495056
1,337,1,2602,5.846275329589844
1,337,2,2261,4.745699882507324
1,337,3,2384,4.745098114013672
1,337,4,2830,0.12384967505931854
1,337,5,2914,-0.3838849663734436
1,337,6,2599,-0.5662264823913574
1,337,7,1273,-0.8917384147644043
1,338,1,2107,5.464114665985107
1,338,2,2145,4.83065938949585
1,338,3,2384,4.792148113250732
1,338,4,2761,-0.11878609657287598
1,338,5,2609,-0.3770902752876282
1,338,6,749,-0.4035032391548157
1,338,7,1315,-0.9034151434898376
1,338,8,1683,-1.1294591426849365
1,338,9,2285,-1.1677792072296143
1,338,10,2742,-1.3670117855072021
1,339,1,2927,5.294961929321289
1,339,2,2145,4.359508514404297
1,339,3,2543,3.057340621948242
1,339,4,203,1.9363374710083008
1,339,5,12,0.9145967364311218
1,339,6,3069,0.8279238939285278
1,339,7,168,-0.09960182756185532
1,339,8,63,-0.1748211681842804
1,339,9,740,-0.34297969937324524
1,339,10,615,-0.7227296829223633
1,340,1,523,4.9872541427612305
1,340,2,2261,4.567890644073486
1,340,3,2384,4.566927909851074
1,340,4,195,1.2915312051773071
1,340,5,1260,0.7547297477722168
1,340,6,1767,0.5598465204238892
1,340,7,2867,0.3045450448989868
1,340,8,1786,0.11340810358524323
1,340,9,509,0.10494467616081238
1,340,10,1926,-0.005677857436239719
1,341,1,11,1.8093628883361816
1,341,2,2312,1.7881217002868652
1,341,3,895,0.03958320617675781
1,341,4,2988,0.019727598875761032
1,341,5,845,-0.0017118141986429691
1,341,6,748,-0.2672674059867859
1,341,7,1761,-0.41426917910575867
1,342,1,2163,2.3765244483947754
1,342,2,1911,2.1376736164093018
1,342,3,3031,0.02395581267774105
1,342,4,158,0.022793138399720192
1,342,5,748,-0.023575693368911743
1,342,6,2345,-0.22366183996200562
1,342,7,1359,-0.24604324996471405
1,342,8,2341,-0.27320653200149536
1,342,9,2140,-0.28785479068756104
1,343,1,2602,6.215508460998535
1,343,2,2107,5.746410369873047
1,343,3,2145,5.078176021575928
1,343,4,2997,0.10379733145236969
1,343,5,1197,-0.2152998298406601
1,343,6,1246,-0.859065055847168
1,345,1,1472,4.968306064605713
1,345,2,482,4.414321422576904
1,345,3,1793,3.0411875247955322
1,345,4,857,-0.06504780054092407
1,345,5,783,-0.0671934187412262
1,345,6,2727,-0.42125529050827026
1,345,7,1467,-0.5731451511383057
1,345,8,136,-0.9285497069358826
1,346,1,671,6.131267547607422
1,346,2,2264,5.198360443115234
1,346,3,112,1.230228304862976
1,346,4,622,0.8536081314086914
1,346,5,1946,0.3224574327468872
1,346,6,765,0.07057588547468185
1,346,7,1928,0.009417304769158363
1,346,8,955,-0.011289280839264393
1,346,9,94,-0.44999828934669495
1,346,10,1682,-0.6405381560325623
1,347,1,646,5.598825454711914
1,347,2,387,5.5874738693237305
1,347,3,2403,5.584874629974365
1,347,4,613,1.2873783111572266
1,347,5,1571,1.0708012580871582
1,347,6,1263,0.38407331705093384
1,347,7,194,0.26349976658821106
1,347,8,166,0.04300360754132271
1,347,9,1738,-0.00835677981376648
1,347,10,121,-0.5584516525268555
1,348,1,1897,3.6395273208618164
1,348,2,333,2.9156103134155273
1,348,3,2007,1.5157110691070557
1,348,4,1383,0.11147654056549072
1,348,5,554,0.10904616117477417
1,348,6,1910,-0.1120261400938034
1,348,7,393,-0.19701610505580902
1,348,8,998,-0.3147500157356262
1,348,9,2686,-0.3572547435760498
1,348,10,220,-0.5509573817253113
1,349,1,1911,5.312010288238525
1,349,2,11,4.577663421630859
1,349,3,333,3.3820440769195557
1,349,4,2183,0.12553389370441437
1,349,5,2493,0.0900643989443779
1,349,6,595,-0.28760644793510437
1,349,7,2409,-0.3112483620643616
1,349,8,2294,-0.312915563583374
1,349,9,534,-0.33305180072784424
1,349,10,104,-0.4297525882720947
1,350,1,1827,4.098924160003662
1,350,2,2007,1.9137418270111084
1,350,3,759,0.32181113958358765
1,350,4,1725,0.2469041347503662
1,350,5,3043,-0.016250604763627052
1,350,6,1739,-0.16103965044021606
1,350,7,925,-0.18172146379947662
1,350,8,1821,-0.5303540825843811
1,350,9,203,-0.5991247296333313
1,351,1,1827,3.2324955463409424
1,351,2,2007,1.579817295074463
1,351,3,210,0.5307704210281372
1,351,4,1018,0.40938377380371094
1,351,5,293,0.2018274962902069
1,351,6,2559,0.1934877634048462
1,351,7,910,0.17015540599822998
1,351,8,788,0.09689652919769287
1,351,9,3043,-0.013220833614468575
1,351,10,731,-0.08676072210073471
1,352,1,622,5.9180803298950195
1,352,2,432,5.0027995109558105
1,352,3,772,0.05018848553299904
1,352,4,1037,-0.0051694936119019985
1,352,5,155,-0.09802636504173279
1,352,6,2634,-0.3830232620239258
1,352,7,480,-0.39659786224365234
1,352,8,2734,-0.4988756775856018
1,352,9,475,-0.8849060535430908
1,352,10,2306,-0.9388486742973328
1,353,1,1,5.426486492156982
1,353,2,754,3.5042223930358887
1,353,3,842,3.4174892902374268
1,353,4,1978,0.46981287002563477
1,353,5,2441,0.46353551745414734
1,353,6,2677,0.022141549736261368
1,353,7,2031,-0.09138381481170654
1,354,1,2869,3.9698688983917236
1,354,2,432,3.4586849212646484
1,354,3,754,2.6219615936279297
1,354,4,646,0.7290884256362915
1,354,5,1535,0.08812685310840607
1,354,6,227,0.05715211480855942
1,354,7,1635,0.006379842758178711
1,354,8,2668,-0.5456252098083496
1,354,9,1878,-0.6614596843719482
1,354,10,2121,-1.6151224374771118
1,355,1,1266,4.671866416931152
1,355,2,2869,4.665377140045166
1,355,3,432,4.0635294914245605
1,355,4,2769,0.7406049966812134
1,355,5,2322,0.6159414649009705
1,355,6,1868,-0.07382291555404663
1,356,1,2574,6.732876777648926
1,356,2,842,3.7693629264831543
1,356,3,123,1.4479656219482422
1,356,4,2196,1.3752381801605225
1,356,5,434,1.2937326431274414
1,356,6,2916,0.35437628626823425
1,356,7,1037,-0.008233090862631798
1,356,8,421,-0.28523358702659607
1,356,9,286,-0.7858771085739136
1,359,1,910,3.003537178039551
1,359,2,2927,0.25124508142471313
1,359,3,2602,0.23091918230056763
1,359,4,2080,0.11237293481826782
1,359,5,1928,0.031819626688957214
1,359,6,2645,-0.0016611721366643906
1,359,7,177,-0.20749010145664215
1,359,8,2761,-0.6176121830940247
1,360,1,910,2.982736587524414
1,360,2,1833,0.46569424867630005
1,360,3,1928,0.031010042876005173
1,360,4,2645,-0.0036525391042232513
1,360,5,59,-0.5503197908401489
1,360,6,2607,-0.5576155185699463
1,360,7,221,-0.7038645148277283
1,361,1,910,2.973973512649536
1,361,2,1300,0.9811484813690186
1,361,3,536,0.7102807760238647
1,361,4,1415,0.5798469185829163
1,361,5,2649,0.47178980708122253
1,361,6,3053,0.27083417773246765
1,361,7,2502,0.0993974357843399
1,361,8,1928,0.032667696475982666
1,361,9,2645,-0.004078259691596031
1,361,10,2603,-0.08853861689567566
1,362,1,910,2.9915876388549805
1,362,2,3042,0.7023681402206421
1,362,3,1408,0.5592809915542603
1,362,4,2684,0.45856964588165283
1,362,5,196,0.22818243503570557
1,362,6,1928,0.03255785256624222
1,362,7,2645,-0.0010372726246714592
1,362,8,2514,-0.03473325073719025
1,362,9,551,-0.3379911184310913
1,363,1,910,2.9751133918762207
1,363,2,1472,0.8810819387435913
1,363,3,1354,0.8052006959915161
1,363,4,1928,0.03245338425040245
1,363,5,2645,-0.0013042781502008438
1,363,6,134,-0.0240038875490427
1,363,7,1618,-0.18628934025764465
1,363,8,1295,-0.29524752497673035
1,363,9,756,-0.6010249853134155
1,364,1,2759,3.8389148712158203
1,364,2,418,3.824568271636963
1,364,3,1653,3.7274699211120605
1,364,4,1642,0.4762725234031677
1,364,5,2287,0.3140754699707031
1,364,6,2484,0.29945868253707886
1,364,7,541,0.22883760929107666
1,364,8,1899,0.2056713104248047
1,364,9,183,-0.33324748277664185
1,364,10,719,-0.4027448296546936
1,365,1,2078,5.871608734130859
1,365,2,1653,4.468822479248047
1,365,3,1478,3.5131611824035645
1,365,4,2283,1.216705322265625
1,365,5,2529,0.5746607780456543
1,365,6,1465,0.48573067784309387
1,365,7,2087,0.30310332775115967
1,365,8,356,0.2908068895339966
1,365,9,1013,0.2392069548368454
1,365,10,740,-0.05797870457172394
1,366,1,1030,6.567146301269531
1,366,2,418,5.099038124084473
1,366,3,1893,0.7475804090499878
1,366,4,884,0.3100399374961853
1,366,5,253,-0.030551912263035774
1,366,6,2994,-0.13806386291980743
1,366,7,1171,-0.27018412947654724
1,366,8,1,-0.3407038450241089
1,366,9,186,-0.7489511966705322
1,366,10,1202,-0.8132762908935547
1,367,1,1203,5.713066101074219
1,367,2,1494,3.4248623847961426
1,367,3,1478,3.3819289207458496
1,367,4,1760,-0.021083928644657135
1,367,5,1507,-0.21885313093662262
1,367,6,663,-0.4442247748374939
1,367,7,560,-1.8395589590072632
1,368,1,418,3.826087474822998
1,368,2,1653,3.725468158721924
1,368,3,1494,2.967203140258789
1,368,4,195,0.4665524661540985
1,368,5,2595,0.24178004264831543
1,368,6,984,0.1691759079694748
1,368,7,2738,0.022362560033798218
1,368,8,347,-0.00042496854439377785
1,368,9,1898,-0.4160044193267822
1,368,10,1407,-0.6005548238754272
1,369,1,2464,6.228960990905762
1,369,2,2888,5.423142433166504
1,369,3,1108,5.0787811279296875
1,369,4,351,0.001380047993734479
1,369,5,340,-0.0005903150886297226
1,369,6,2556,-0.1134149432182312
1,369,7,1002,-0.18411538004875183
1,369,8,1531,-0.20822152495384216
1,369,9,1308,-0.6245724558830261
1,369,10,2442,-0.6354693174362183
1,370,1,1398,5.953420162200928
1,370,2,477,4.929121017456055
1,370,3,1108,4.7132697105407715
1,370,4,2112,1.138439655303955
1,370,5,2212,0.5861547589302063
1,370,6,1304,0.3819863200187683
1,370,7,2339,0.2929016351699829
1,370,8,1498,-0.008628353476524353
1,370,9,327,-0.2976434826850891
1,370,10,2994,-0.6195672750473022
1,371,1,1606,4.710676193237305
1,371,2,272,4.67424201965332
1,371,3,1108,3.991248846054077
1,371,4,2719,0.2277478277683258
1,371,5,140,-0.007413875311613083
1,371,6,2315,-0.13409361243247986
1,371,7,1632,-0.1407826840877533
1,371,8,1029,-0.23535549640655518
1,371,9,2084,-0.24813275039196014
1,371,10,2286,-0.4144079089164734
1,372,1,1678,6.2918701171875
1,372,2,1826,6.084833145141602
1,372,3,2321,5.668845176696777
1,372,4,176,0.20471203327178955
1,372,5,2200,0.0032351273111999035
1,372,6,95,-0.19224020838737488
1,372,7,2078,-0.5742296576499939
1,372,8,692,-0.6819846630096436
1,372,9,3015,-0.7601913213729858
1,372,10,321,-0.8592718243598938
1,373,1,1347,5.222062110900879
1,373,2,2441,4.725680828094482
1,373,3,477,4.659550666809082
1,373,4,183,0.8495717644691467
1,373,5,2867,0.5302245616912842
1,373,6,2574,0.3128757178783417
1,373,7,127,0.2405448853969574
1,373,8,890,-0.18179680407047272
1,373,9,1546,-0.22082960605621338
1,373,10,1957,-0.3284350037574768
1,374,1,1678,5.837286949157715
1,374,2,1606,5.645403861999512
1,374,3,2321,5.258068084716797
1,374,4,2922,0.26856938004493713
1,374,5,2581,0.1667506992816925
1,374,6,2048,-0.07607854157686234
1,374,7,645,-0.2527740001678467
1,374,8,1547,-0.5159962177276611
1,374,9,3069,-0.9425287842750549
1,375,1,1678,5.743467330932617
1,375,2,272,5.5132927894592285
1,375,3,477,4.922674179077148
1,375,4,653,1.0685514211654663
1,375,5,2016,-0.003040835028514266
1,375,6,471,-0.1304955780506134
1,375,7,2484,-0.14182747900485992
1,375,8,1546,-0.22267022728919983
1,375,9,704,-0.28605419397354126
1,375,10,585,-0.532768726348877
1,378,1,1606,4.973180770874023
1,378,2,2321,4.631316184997559
1,378,3,2441,4.466534614562988
1,378,4,2390,0.43132898211479187
1,378,5,2734,0.36067289113998413
1,378,6,2291,0.22317102551460266
1,378,7,1780,-4.392070695757866e-05
1,378,8,899,-0.10399302840232849
1,378,9,1794,-0.115261010825634
1,378,10,865,-0.25434738397598267
1,379,1,2739,6.4738616943359375
1,379,2,1606,6.069220542907715
1,379,3,918,5.090263366699219
1,379,4,103,1.559683918952942
1,379,5,1448,0.748942494392395
1,379,6,157,0.01557086780667305
1,379,7,2089,-0.09948824346065521
1,379,8,1554,-0.19999706745147705
1,379,9,2144,-0.4586983919143677
1,379,10,2814,-0.5838007926940918
1,380,1,2739,6.487581253051758
1,380,2,272,6.031024932861328
1,380,3,2321,5.660867214202881
1,380,4,1159,0.9706015586853027
1,380,5,1232,0.6790627837181091
1,380,6,184,-0.09562736749649048
1,380,7,948,-0.19285592436790466
1,380,8,2191,-0.4158575236797333
1,380,9,1203,-0.6142622232437134
1,380,10,1979,-0.7160735130310059
1,381,1,1678,4.98966121673584
1,381,2,1347,4.789396286010742
1,381,3,918,4.048730373382568
1,381,4,1875,0.38067248463630676
1,381,5,354,-0.23704831302165985
1,381,6,1521,-0.27153682708740234
1,381,7,584,-0.44407522678375244
1,383,1,1606,5.69222354888916
1,383,2,272,5.650053977966309
1,383,3,477,5.045762062072754
1,383,4,554,0.8974752426147461
1,383,5,1558,0.33340078592300415
1,383,6,459,0.19184815883636475
1,383,7,1730,-0.24311430752277374
1,383,8,645,-0.2666521668434143
1,383,9,670,-0.47984495759010315
1,383,10,2704,-0.5297333598136902
1,385,1,1826,5.0209059715271
1,385,2,477,4.451105117797852
1,385,3,2687,3.3113088607788086
1,385,4,986,0.3096335232257843
1,385,5,1487,-0.016234099864959717
1,385,6,5,-0.021290600299835205
1,385,7,1063,-0.1920526772737503
1,385,8,3063,-0.20337823033332825
1,385,9,652,-0.2667347192764282
1,386,1,1678,5.482564449310303
1,386,2,2888,4.797243118286133
1,386,3,2687,3.496629476547241
1,386,4,49,0.644891083240509
1,386,5,1160,0.13207435607910156
1,386,6,2776,-0.006745161022990942
1,386,7,1708,-0.3590138554573059
1,387,1,2464,5.718339443206787
1,387,2,477,4.873715877532959
1,387,3,2687,3.627748966217041
1,387,4,1472,0.44116759300231934
1,387,5,2754,0.19003798067569733
1,387,6,1590,-0.39849257469177246
1,387,7,1062,-0.5980352759361267
1,387,8,1992,-0.6653328537940979
1,387,9,1980,-0.8501977920532227
1,387,10,2938,-1.0487017631530762
1,388,1,2441,5.191716194152832
1,388,2,1108,4.897125720977783
1,388,3,2687,3.812926769256592
1,388,4,439,0.4790274500846863
1,388,5,1190,0.2864402234554291
1,388,6,1335,0.13842478394508362
1,388,7,253,0.0026025772094726562
1,388,8,3061,-0.1583532840013504
1,388,9,551,-0.9682866334915161
1,391,1,1398,6.180508613586426
1,391,2,1347,5.7336602210998535
1,391,3,2888,5.225899696350098
1,391,4,2488,1.2752206325531006
1,391,5,2603,0.88032466173172
1,391,6,2769,0.3502991497516632
1,391,7,176,0.12648572027683258
1,391,8,140,-0.011008541099727154
1,391,9,2026,-0.04286954551935196
1,391,10,1692,-0.13326305150985718
1,392,1,2558,5.248202323913574
1,392,2,2156,5.241280555725098
1,392,3,2104,4.486020088195801
1,392,4,1112,1.1958198547363281
1,392,5,1606,0.8261450529098511
1,392,6,166,0.006771118845790625
1,392,7,1767,-0.24286527931690216
1,392,8,1495,-0.751883864402771
1,392,9,2502,-1.0214719772338867
1,395,1,716,5.484158515930176
1,395,2,2104,4.64218807220459
1,395,3,1360,1.2904551029205322
1,395,4,1159,0.47880834341049194
1,395,5,169,0.0712067112326622
1,395,6,220,0.04459203779697418
1,395,7,895,-0.008974801748991013
1,395,8,1872,-1.96519136428833
1,396,1,1102,4.952461242675781
1,396,2,641,4.933328628540039
1,396,3,2082,4.913215637207031
1,396,4,2441,0.6551069021224976
1,396,5,2093,0.6131590008735657
1,396,6,939,0.396203875541687
1,396,7,78,0.16676968336105347
1,396,8,845,0.05735938996076584
1,396,9,295,-0.03066834807395935
1,396,10,2046,-0.04096860811114311
1,397,1,1379,4.396036148071289
1,397,2,89,3.816895008087158
1,397,3,1301,3.795105457305908
1,397,4,191,0.4237786531448364
1,397,5,2261,0.18537703156471252
1,397,6,2710,0.1743747889995575
1,397,7,164,0.0013475455343723297
1,397,8,2183,-0.043313443660736084
1,397,9,2792,-0.11608126759529114
1,397,10,535,-0.5817959308624268
1,398,1,2112,4.793671607971191
1,398,2,2504,4.473944664001465
1,398,3,2643,3.698665142059326
1,398,4,368,0.020758211612701416
1,398,5,1833,-0.43607786297798157
1,398,6,2370,-0.9157074689865112
1,399,1,2136,6.170123100280762
1,399,2,2830,3.7251362800598145
1,399,3,1145,0.5653558373451233
1,399,4,286,0.36150670051574707
1,399,5,149,0.022723043337464333
1,399,6,3016,-0.2390287220478058
1,399,7,546,-0.6917008757591248
1,399,8,205,-0.8518943190574646
1,399,9,646,-0.8986189365386963
1,400,1,2080,5.193047523498535
1,400,2,1307,4.677821159362793
1,400,3,2830,3.2621450424194336
1,400,4,863,0.40092313289642334
1,400,5,2673,0.024707738310098648
1,400,6,22,-0.02661527693271637
1,400,7,1742,-0.12525689601898193
1,400,8,2448,-0.255923330783844
1,400,9,2882,-0.2934322953224182
1,400,10,321,-0.9659122228622437
1,401,1,2108,5.465375900268555
1,401,2,2607,5.436963081359863
1,401,3,2580,1.9359016418457031
1,401,4,2566,0.39363905787467957
1,401,5,2788,0.27296358346939087
1,401,6,2180,0.18275821208953857
1,401,7,2666,0.010107412934303284
1,401,8,1461,-0.22854305803775787
1,401,9,1311,-0.6088446974754333
1,403,1,1379,4.827192306518555
1,403,2,89,4.190979480743408
1,403,3,2830,3.4297385215759277
1,403,4,58,0.19806137681007385
1,403,5,2366,0.01837647333741188
1,403,6,1928,0.010267043486237526
1,403,7,1427,-0.022814378142356873
1,403,8,400,-0.7274516224861145
1,404,1,1307,4.168333053588867
1,404,2,1570,4.119845867156982
1,404,3,2758,3.570666790008545
1,404,4,410,0.06218460202217102
1,404,5,1696,-0.0394090861082077
1,404,6,1250,-0.11668592691421509
1,404,7,555,-0.38094478845596313
1,404,8,2839,-0.6839084029197693
1,405,1,1301,4.182755947113037
1,405,2,1999,3.221566677093506
1,405,3,477,1.6955485343933105
1,405,4,1907,0.17038217186927795
1,405,5,169,0.04136218875646591
1,405,6,224,0.028606075793504715
1,405,7,325,0.024067819118499756
1,405,8,2916,-0.241402730345726
1,405,9,221,-0.34809938073158264
1,405,10,509,-1.4899203777313232
1,406,1,2235,5.206017017364502
1,406,2,2112,4.611888885498047
1,406,3,1301,3.933202028274536
1,406,4,843,0.7033700942993164
1,406,5,2267,0.47949981689453125
1,406,6,2075,0.4676910638809204
1,406,7,2801,0.25769495964050293
1,406,8,1964,0.011938042938709259
1,406,9,512,-0.2996702194213867
1,406,10,2521,-0.4117175340652466
1,407,1,527,6.024941921234131
1,407,2,196,4.981263160705566
1,407,3,2504,4.827247619628906
1,407,4,1831,0.8851576447486877
1,407,5,656,0.027486711740493774
1,407,6,1891,0.010469460859894753
1,407,7,597,-0.8033510446548462
1,407,8,2933,-1.3512533903121948
1,407,9,1550,-1.7289972305297852
1,408,1,475,5.568224906921387
1,408,2,196,4.5637688636779785
1,408,3,1999,3.2898781299591064
1,408,4,1692,0.8460155725479126
1,408,5,1766,0.6465612649917603
1,408,6,58,0.5459824204444885
1,408,7,1062,0.28995996713638306
1,408,8,2407,-0.030209079384803772
1,408,9,2006,-0.22140353918075562
1,408,10,1775,-0.2218334972858429
1,409,1,2643,3.3200535774230957
1,409,2,82,3.2397193908691406
1,409,3,1333,3.2326769828796387
1,409,4,2658,0.40329617261886597
1,409,5,2956,0.2639189064502716
1,409,6,2988,-0.014317771419882774
1,409,7,1644,-0.564820408821106
1,409,8,1518,-0.9269692897796631
1,410,1,82,3.565166473388672
1,410,2,1333,3.5532922744750977
1,410,3,2752,2.4532105922698975
1,410,4,2830,1.9917012453079224
1,410,5,439,0.803926944732666
1,410,6,1836,0.7926923036575317
1,410,7,1212,0.6861834526062012
1,410,8,1730,-0.2712412476539612
1,411,1,2488,4.951183319091797
1,411,2,1878,4.859696388244629
1,411,3,2423,4.213484287261963
1,411,4,1571,0.4331211447715759
1,411,5,1278,0.2656405568122864
1,411,6,2106,0.21003788709640503
1,411,7,682,0.07023101300001144
1,411,8,1063,-0.0061511993408203125
1,411,9,1102,-0.32590386271476746
1,411,10,974,-0.5808811783790588
1,412,1,493,5.140013694763184
1,412,2,1878,5.105075836181641
1,412,3,2423,4.427868366241455
1,412,4,2254,0.04280403256416321
1,412,5,356,-0.44367751479148865
1,412,6,3015,-0.4460834562778473
1,413,1,774,5.5233564376831055
1,413,2,493,5.412631511688232
1,413,3,2785,4.714876174926758
1,413,4,2975,0.37390270829200745
1,413,5,105,0.3463842570781708
1,413,6,1781,0.22232064604759216
1,413,7,39,-0.5338828563690186
1,413,8,1594,-0.7810364961624146
1,413,9,699,-0.8885856866836548
1,414,1,2488,4.8393964767456055
1,414,2,3017,4.327138423919678
1,414,3,2423,4.129758358001709
1,414,4,995,0.24008497595787048
1,414,5,2297,-0.18944038450717926
1,414,6,597,-0.8604966402053833
1,415,1,201,5.603282928466797
1,415,2,112,5.494317054748535
1,415,3,1791,5.430361747741699
1,415,4,2740,1.0597147941589355
1,415,5,2925,0.8512223958969116
1,415,6,2423,0.7805461883544922
1,415,7,2366,-0.0008291732519865036
1,415,8,2583,-0.20005092024803162
1,415,9,1597,-0.6632394194602966
1,416,1,1040,3.661522626876831
1,416,2,1018,1.9007060527801514
1,416,3,3073,1.880695104598999
1,416,4,398,1.0924780368804932
1,416,5,2658,1.0245994329452515
1,416,6,1654,0.5312927961349487
1,416,7,1897,0.4757360517978668
1,416,8,2640,-0.3540581464767456
1,416,9,3018,-0.7990768551826477
1,416,10,136,-1.106002688407898
1,417,1,264,4.314411163330078
1,417,2,1899,2.7086868286132812
1,417,3,2035,2.179379463195801
1,417,4,1438,0.1747283935546875
1,417,5,2940,-0.05764150619506836
1,417,6,2916,-0.06748157739639282
1,417,7,555,-0.6008448600769043
1,417,8,129,-0.7993872165679932
1,418,1,535,4.8457136154174805
1,418,2,1293,4.744285583496094
1,418,3,2047,2.7847707271575928
1,418,4,1448,0.2418232560157776
1,418,5,3017,0.21029415726661682
1,418,6,224,0.015677355229854584
1,418,7,2074,-0.13290852308273315
1,418,8,2867,-0.4545033574104309
1,418,9,1388,-0.990568995475769
1,419,1,2183,5.822790145874023
1,419,2,3010,4.507363319396973
1,419,3,1196,4.320374965667725
1,419,4,1487,1.2596503496170044
1,419,5,1707,0.7330796122550964
1,419,6,103,0.40636149048805237
1,419,7,3018,0.2641546428203583
1,419,8,1745,0.027089353650808334
1,419,9,2044,0.012426585890352726
1,419,10,273,-0.3842434883117676
1,420,1,201,5.569180965423584
1,420,2,2826,4.808470726013184
1,420,3,1884,4.6740546226501465
1,420,4,863,0.6062957048416138
1,420,5,1606,-0.6394802927970886
1,420,6,453,-0.7497178316116333
1,420,7,1101,-0.818899929523468
1,420,8,400,-1.1172833442687988
1,421,1,670,5.212341785430908
1,421,2,594,3.5367698669433594
1,421,3,3010,2.371696710586548
1,421,4,333,0.27250564098358154
1,421,5,360,0.025287870317697525
1,421,6,2480,-0.4421447217464447
1,421,7,1831,-0.6883866190910339
1,421,8,749,-0.8443655967712402
1,422,1,2028,6.175414562225342
1,422,2,1696,5.488710880279541
1,422,3,3019,5.348597526550293
1,422,4,876,0.39621400833129883
1,422,5,336,0.03497568145394325
1,422,6,1759,-0.43912437558174133
1,422,7,1160,-0.6399715542793274
1,422,8,869,-1.0132269859313965
1,422,9,2801,-1.0237188339233398
1,422,10,627,-1.1631677150726318
1,423,1,112,4.631688594818115
1,423,2,704,4.03702449798584
1,423,3,1196,3.901409864425659
1,423,4,1038,-0.09597654640674591
1,423,5,2755,-0.2711155116558075
1,423,6,1053,-1.6004152297973633
1,424,1,2721,6.069594383239746
1,424,2,826,5.810834884643555
1,424,3,576,4.289046287536621
1,424,4,2817,0.08017586171627045
1,424,5,1601,-0.15658479928970337
1,424,6,1409,-0.23570558428764343
1,424,7,2687,-0.34738337993621826
1,424,8,2740,-0.3791940212249756
1,424,9,216,-1.1729108095169067
1,424,10,32,-2.191216230392456
1,425,1,1029,4.242116928100586
1,425,2,2700,4.209781169891357
1,425,3,2359,3.821171760559082
1,425,4,1412,1.1639292240142822
1,425,5,1160,0.544045090675354
1,425,6,1612,0.0006518661975860596
1,425,7,675,-0.2501744031906128
1,427,1,518,6.127931594848633
1,427,2,264,4.504172325134277
1,427,3,1899,2.9909725189208984
1,427,4,3019,2.325779914855957
1,427,5,699,-0.06784704327583313
1,427,6,206,-0.4647741913795471
1,427,7,129,-0.5548279881477356
1,427,8,1237,-1.1657350063323975
1,427,9,1250,-1.6719982624053955
1,428,1,538,4.635989189147949
1,428,2,2609,3.768493175506592
1,428,3,594,3.7612075805664062
1,428,4,1897,0.6610811352729797
1,428,5,1597,0.47046470642089844
1,428,6,336,0.02719959244132042
1,428,7,108,-0.11308696866035461
1,428,8,953,-0.15532338619232178
1,428,9,2923,-0.20181377232074738
1,428,10,675,-0.2562061846256256
1,429,1,538,4.646910190582275
1,429,2,2609,3.771022319793701
1,429,3,594,3.7688961029052734
1,429,4,2969,0.5265141725540161
1,429,5,2432,0.4028574228286743
1,429,6,2180,0.2955665588378906
1,429,7,288,-0.03608180209994316
1,429,8,2590,-0.6747169494628906
1,429,9,2914,-0.8663135170936584
1,429,10,2894,-1.4384536743164062
1,430,1,538,4.662112236022949
1,430,2,2609,3.7968132495880127
1,430,3,594,3.780149459838867
1,430,4,2912,0.41268014907836914
1,430,5,2050,0.05565379932522774
1,430,6,2793,-0.08721049875020981
1,430,7,1280,-0.3323306739330292
1,430,8,629,-0.6868322491645813
1,435,1,518,4.888227462768555
1,435,2,264,3.881985902786255
1,435,3,1029,3.0928597450256348
1,435,4,1163,0.9983009696006775
1,435,5,628,0.7329890727996826
1,435,6,1221,0.25729280710220337
1,435,7,2050,0.066317118704319
1,435,8,1990,-0.21196991205215454
1,435,9,2755,-0.3748685419559479
1,435,10,193,-0.5250775814056396
1,436,1,535,5.4947075843811035
1,436,2,624,4.436579704284668
1,436,3,1029,4.254582405090332
1,436,4,742,3.1400532722473145
1,436,5,1048,0.14869076013565063
1,436,6,2706,0.054821908473968506
1,436,7,1970,-0.02003052830696106
1,436,8,2666,-0.02653363160789013
1,436,9,644,-0.2958516776561737
1,436,10,174,-0.6116792559623718
1,437,1,2700,4.037833213806152
1,437,2,1029,3.941584825515747
1,437,3,742,2.917994976043701
1,437,4,1749,1.5017839670181274
1,437,5,294,1.0973364114761353
1,437,6,1080,0.1766413450241089
1,437,7,148,0.008772647008299828
1,437,8,2225,-0.048831507563591
1,437,9,434,-0.07101672887802124
1,437,10,504,-0.5446045398712158
1,438,1,585,4.807456016540527
1,438,2,2359,3.4061200618743896
1,438,3,742,2.6207680702209473
1,438,4,81,0.8853105306625366
1,438,5,11,0.6452629566192627
1,438,6,283,0.567184567451477
1,438,7,747,0.5388773679733276
1,438,8,1543,0.032851316034793854
1,438,9,375,-0.49164608120918274
1,438,10,453,-0.9135931730270386
1,439,1,2205,5.220758438110352
1,439,2,1467,4.865045547485352
1,439,3,507,0.2909475564956665
1,439,4,1718,0.1639125496149063
1,439,5,326,0.03932192176580429
1,439,6,1376,-0.12753932178020477
1,439,7,910,-0.33405035734176636
1,439,8,681,-0.45417094230651855
1,439,9,1538,-1.1581017971038818
1,439,10,1594,-1.2050613164901733
1,441,1,884,5.6021318435668945
1,441,2,2725,4.938172340393066
1,441,3,1040,4.89882755279541
1,441,4,1870,0.5424761772155762
1,441,5,1159,0.3551028370857239
1,441,6,3011,0.04756510257720947
1,441,7,1600,0.014304190874099731
1,441,8,1792,-0.5838302373886108
1,441,9,572,-1.1910701990127563
1,441,10,1978,-1.2184619903564453
1,443,1,1590,3.6396145820617676
1,443,2,2761,3.3057100772857666
1,443,3,82,0.7822162508964539
1,443,4,3063,0.6029506921768188
1,443,5,1541,0.22220680117607117
1,443,6,703,0.16794121265411377
1,443,7,326,0.05405368655920029
1,443,8,1546,-0.3737167716026306
1,443,9,189,-0.5709501504898071
1,443,10,461,-1.155791997909546
1,445,1,58,4.3193488121032715
1,445,2,2018,3.714590549468994
1,445,3,2173,3.2646095752716064
1,445,4,112,0.9542112946510315
1,445,5,1907,0.17756977677345276
1,445,6,682,0.08916567265987396
1,445,7,1659,-0.17574045062065125
1,445,8,1801,-0.6076599359512329
1,445,9,1376,-0.6641454696655273
1,445,10,2994,-0.8926185369491577
1,446,1,466,4.513626575469971
1,446,2,581,4.430356025695801
1,446,3,2173,3.2388854026794434
1,446,4,1231,0.41360026597976685
1,446,5,2758,0.24869871139526367
1,446,6,1691,-1.2737884521484375
1,446,7,1872,-1.61085045337677
1,448,1,394,5.152970314025879
1,448,2,191,5.149584770202637
1,448,3,410,3.3029732704162598
1,448,4,1517,0.8396461606025696
1,448,5,2867,0.7656893730163574
1,448,6,2407,0.2610464096069336
1,448,7,1728,-0.2426074594259262
1,448,8,562,-0.27165716886520386
1,448,9,2100,-0.3396102488040924
1,449,1,672,4.5352325439453125
1,449,2,301,4.192829132080078
1,449,3,949,2.598879814147949
1,449,4,1603,1.7425909042358398
1,449,5,532,0.8762330412864685
1,449,6,2243,-0.13343626260757446
1,449,7,2192,-0.40179863572120667
1,450,1,507,5.045629978179932
1,450,2,173,5.015944004058838
1,450,3,1603,2.1256046295166016
1,450,4,696,0.09225332736968994
1,450,5,339,-0.003136448096483946
1,450,6,1871,-0.1035277470946312
1,450,7,1962,-0.12813928723335266
1,450,8,562,-0.2308201789855957
1,450,9,2521,-0.2984547019004822
1,450,10,717,-0.3990856111049652
1,451,1,2391,6.285634517669678
1,451,2,672,5.851604461669922
1,451,3,301,5.413482666015625
1,451,4,1603,2.3396167755126953
1,451,5,1301,0.40747201442718506
1,451,6,1341,-0.48707664012908936
1,451,7,364,-0.6004414558410645
1,451,8,567,-0.9540020823478699
1,452,1,507,5.289375305175781
1,452,2,1009,4.104388236999512
1,452,3,1603,2.270927667617798
1,452,4,2490,0.6314718127250671
1,452,5,535,0.40534883737564087
1,452,6,2355,0.12117302417755127
1,452,7,2219,0.10392984747886658
1,452,8,1062,-0.10649168491363525
1,452,9,1978,-0.10693323612213135
1,452,10,1481,-0.1374228298664093
1,453,1,1048,4.154953956604004
1,453,2,1718,4.144276142120361
1,453,3,1587,3.709181308746338
1,453,4,1447,0.60445237159729
1,453,5,2112,0.05983753502368927
1,453,6,1395,-0.2332441210746765
1,453,7,859,-0.6934747695922852
1,454,1,507,5.293268203735352
1,454,2,2814,5.190652847290039
1,454,3,2704,4.813567161560059
1,454,4,621,0.20447146892547607
1,454,5,1332,0.005807484500110149
1,454,6,2686,-0.23437654972076416
1,454,7,2228,-0.40798234939575195
1,455,1,665,6.297453880310059
1,455,2,949,3.5942845344543457
1,455,3,513,3.1087307929992676
1,455,4,1248,0.9782739281654358
1,455,5,1698,0.9570447206497192
1,455,6,1456,0.6656074523925781
1,455,7,2272,0.2535266876220703
1,455,8,893,-0.03381475433707237
1,455,9,2673,-0.053002335131168365
1,455,10,1720,-0.27985942363739014
1,456,1,2704,5.023745536804199
1,456,2,1587,4.96586799621582
1,456,3,1759,3.407531261444092
1,456,4,2758,0.35549962520599365
1,456,5,1683,-0.36350539326667786
1,457,1,1200,5.356739044189453
1,457,2,2033,4.036592483520508
1,457,3,2978,0.4551336169242859
1,457,4,893,-0.02965705841779709
1,457,5,1521,-0.14493601024150848
1,457,6,1156,-0.4173263907432556
1,457,7,398,-0.431002140045166
1,457,8,2206,-1.5033884048461914
1,457,9,595,-2.6160190105438232
1,458,1,173,5.220173358917236
1,458,2,2704,4.796422958374023
1,458,3,1009,4.117007255554199
1,458,4,833,4.013202667236328
1,458,5,664,0.33261069655418396
1,458,6,2309,0.18351052701473236
1,458,7,1006,-0.03425274044275284
1,458,8,2303,-0.054104119539260864
1,458,9,321,-0.15651828050613403
1,458,10,2267,-0.17863833904266357
1,459,1,1723,5.8040242195129395
1,459,2,863,5.227606773376465
1,459,3,1360,0.23136305809020996
1,459,4,1708,0.19749540090560913
1,459,5,2632,0.1462399810552597
1,459,6,1157,0.030068010091781616
1,459,7,975,0.008054985664784908
1,459,8,2406,-0.017360299825668335
1,459,9,1833,-0.18350782990455627
1,459,10,2476,-0.9344618916511536
1,460,1,1354,5.982142448425293
1,460,2,1153,5.931118011474609
1,460,3,2493,3.2269561290740967
1,460,4,193,0.1493440568447113
1,460,5,2457,0.021802784875035286
1,460,6,381,-0.0156865157186985
1,460,7,1738,-0.1858937293291092
1,460,8,2920,-0.8218995332717896
1,461,1,554,5.902008056640625
1,461,2,1260,3.5063328742980957
1,461,3,1344,0.3520030975341797
1,461,4,2442,0.18731161952018738
1,461,5,1157,0.03178771212697029
1,461,6,2134,-0.04284745454788208
1,462,1,444,5.480418682098389
1,462,2,3084,3.6390113830566406
1,462,3,584,0.8596136569976807
1,462,4,25,0.12337422370910645
1,462,5,398,0.08041730523109436
1,462,6,1030,0.03942418098449707
1,462,7,1157,0.033617112785577774
1,462,8,911,-0.05850805342197418
1,462,9,1840,-0.24085427820682526
1,462,10,1362,-1.348118543624878
1,463,1,1723,4.676798343658447
1,463,2,3084,2.8051199913024902
1,463,3,2206,0.2260819971561432
1,463,4,1977,0.03480259329080582
1,463,5,1157,0.02575070597231388
1,463,6,2514,-0.02353668212890625
1,463,7,59,-0.0316653847694397
1,463,8,32,-1.321398377418518
1,467,1,2931,5.356812000274658
1,467,2,905,4.58892822265625
1,467,3,184,0.6851913332939148
1,467,4,1554,0.5139385461807251
1,467,5,1980,0.4367408752441406
1,467,6,2892,0.1338576078414917
1,467,7,2025,0.05313894525170326
1,467,8,2846,0.011315439827740192
1,467,9,13,-0.1085091382265091
1,467,10,137,-0.3514353036880493
1,468,1,575,4.702091693878174
1,468,2,2157,4.66865348815918
1,468,3,118,0.6469644904136658
1,468,4,1654,0.21896100044250488
1,468,5,3032,0.10964013636112213
1,468,6,38,0.05565333366394043
1,468,7,2985,0.010876700282096863
1,468,8,2844,-0.008109932765364647
1,468,9,765,-0.039466485381126404
1,468,10,333,-0.051293909549713135
1,469,1,536,4.747180938720703
1,469,2,554,4.7277631759643555
1,469,3,863,4.201476097106934
1,469,4,343,0.24826303124427795
1,469,5,2104,-0.09096793830394745
1,469,6,1659,-0.3579251170158386
1,469,7,696,-0.3972441554069519
1,469,8,1038,-0.45469948649406433
1,470,1,2355,4.762597560882568
1,470,2,668,4.693181037902832
1,470,3,2862,4.687402725219727
1,470,4,189,0.2661375105381012
1,470,5,2234,0.12452104687690735
1,470,6,1153,0.11070451140403748
1,470,7,1,-0.1886157989501953
1,470,8,2967,-0.1934039294719696
1,470,9,598,-0.4460175037384033
1,470,10,2261,-0.7054935693740845
1,471,1,2256,5.59968376159668
1,471,2,1981,3.1636791229248047
1,471,3,2048,3.1243252754211426
1,471,4,1866,0.9354241490364075
1,471,5,1927,0.6337910890579224
1,471,6,2352,0.27345001697540283
1,471,7,765,0.022820662707090378
1,471,8,1745,-0.009369839914143085
1,471,9,195,-0.3561481237411499
1,471,10,886,-0.7095725536346436
1,472,1,229,3.127516746520996
1,472,2,2048,3.046320676803589
1,472,3,950,2.9751272201538086
1,472,4,1742,2.772764205932617
1,472,5,495,0.16523166000843048
1,472,6,1461,0.06473928689956665
1,472,7,2176,-0.25528255105018616
1,474,1,1829,4.616754531860352
1,474,2,2256,4.355974197387695
1,474,3,2048,2.4302945137023926
1,474,4,1550,1.0465614795684814
1,474,5,2933,0.8097282648086548
1,474,6,2655,-0.005835517309606075
1,474,7,637,-0.039540570229291916
1,474,8,1793,-0.27965018153190613
1,474,9,1368,-0.35715019702911377
1,474,10,523,-0.4205513894557953
1,475,1,1063,6.02675724029541
1,475,2,2048,2.9425907135009766
1,475,3,950,2.873464584350586
1,475,4,136,0.7750378847122192
1,475,5,1546,0.5845377445220947
1,475,6,459,0.09984719753265381
1,475,7,365,0.008735327050089836
1,475,8,1826,-0.21296383440494537
1,475,9,33,-0.23765285313129425
1,475,10,540,-0.26630619168281555
1,476,1,1447,5.71875
1,476,2,707,5.68267297744751
1,476,3,2048,3.2050187587738037
1,476,4,2660,0.8281187415122986
1,476,5,2546,0.7991437911987305
1,476,6,1201,0.19109509885311127
1,476,7,3073,0.1468932330608368
1,476,8,1278,0.059606991708278656
1,476,9,2098,-0.07886575907468796
1,476,10,2917,-0.254531592130661
1,477,1,2432,5.013983726501465
1,477,2,1698,4.747775554656982
1,477,3,1829,4.7008867263793945
1,477,4,39,0.7339174151420593
1,477,5,1761,0.036533817648887634
1,477,6,977,0.029707077890634537
1,477,7,2003,-0.020973652601242065
1,477,8,2955,-0.10950100421905518
1,477,9,1542,-0.11499257385730743
1,477,10,416,-0.3453347384929657
1,478,1,1698,6.480017185211182
1,478,2,229,3.450901746749878
1,478,3,1981,3.443340301513672
1,478,4,1223,0.3610365092754364
1,478,5,189,0.23265913128852844
1,478,6,495,0.19900524616241455
1,478,7,2760,0.07384014874696732
1,478,8,381,-0.021191425621509552
1,478,9,2961,-0.09849756956100464
1,478,10,1333,-0.29613468050956726
1,479,1,1613,5.318778038024902
1,479,2,2377,3.962172746658325
1,479,3,2061,1.5755020380020142
1,479,4,2672,0.03670032322406769
1,479,5,2606,0.019933566451072693
1,479,6,2578,-0.28921714425086975
1,479,7,2312,-0.6758740544319153
1,479,8,2664,-0.7083291411399841
1,479,9,2157,-0.955065906047821
1,479,10,96,-0.972900390625
1,480,1,1447,5.720991611480713
1,480,2,229,3.2587692737579346
1,480,3,950,3.124837875366211
1,480,4,954,1.0316791534423828
1,480,5,1898,0.596703290939331
1,480,6,2814,0.5687336325645447
1,480,7,3059,0.39883631467819214
1,480,8,2429,-0.0972139835357666
1,480,9,2157,-0.2115045189857483
1,480,10,2,-0.5639783143997192
1,481,1,479,4.093395233154297
1,481,2,2100,3.355095386505127
1,481,3,1992,3.0173721313476562
1,481,4,2927,1.010962963104248
1,481,5,438,0.18321824073791504
1,481,6,1550,0.01464301347732544
1,481,7,595,0.009197384119033813
1,481,8,235,-0.035067737102508545
1,481,9,546,-0.1451352834701538
1,481,10,2814,-0.5043197274208069
1,483,1,306,4.5279998779296875
1,483,2,2100,3.367006778717041
1,483,3,1547,3.072317600250244
1,483,4,2053,1.0930237770080566
1,483,5,2367,0.37783244252204895
1,483,6,1215,-0.14439737796783447
1,483,7,1438,-0.427594929933548
1,483,8,1339,-0.5742506980895996
1,483,9,730,-0.6307764649391174
1,483,10,2595,-0.6751571893692017
1,484,1,306,4.502758502960205
1,484,2,2100,3.3509438037872314
1,484,3,1547,3.0626235008239746
1,484,4,2272,1.024827241897583
1,484,5,1940,0.17256379127502441
1,484,6,2368,0.07153487205505371
1,484,7,2046,0.049961719661951065
1,484,8,132,0.0078107863664627075
1,484,9,1360,-0.009333863854408264
1,484,10,1836,-0.18299467861652374
1,485,1,2972,5.823944568634033
1,485,2,1109,3.989316940307617
1,485,3,1985,3.879629135131836
1,485,4,1547,3.8303492069244385
1,485,5,1221,0.8348809480667114
1,485,6,220,0.5103261470794678
1,485,7,1157,0.028765935450792313
1,485,8,1173,0.02152755856513977
1,485,9,2009,-0.6654057502746582
1,485,10,2237,-0.710208535194397
1,486,1,512,4.870547294616699
1,486,2,1109,3.954831838607788
1,486,3,621,1.2597824335098267
1,486,4,249,0.8162594437599182
1,486,5,2035,0.7472823262214661
1,486,6,2876,0.02707483619451523
1,486,7,2606,0.018536722287535667
1,486,8,939,-0.2529636025428772
1,486,9,259,-0.36901646852493286
1,487,1,1252,4.812011241912842
1,487,2,2377,3.6902618408203125
1,487,3,876,0.7707163095474243
1,487,4,731,0.633810818195343
1,487,5,1590,0.1259061098098755
1,487,6,2937,0.08016300201416016
1,487,7,2606,0.012963619083166122
1,487,8,1513,-0.35952028632164
1,491,1,1212,4.597362518310547
1,491,2,1682,4.564603328704834
1,491,3,1278,4.564024925231934
1,491,4,2653,1.4181044101715088
1,491,5,1893,0.08982376754283905
1,491,6,1012,-0.0508752167224884
1,491,7,925,-0.33717241883277893
1,491,8,1801,-0.5339988470077515
1,491,9,572,-0.6079840660095215
1,491,10,2272,-1.3880704641342163
1,492,1,2898,5.085260391235352
1,492,2,1831,5.030672550201416
1,492,3,495,3.8882999420166016
1,492,4,1848,1.0767426490783691
1,492,5,2016,0.0199608001857996
1,492,6,359,-0.21114178001880646
1,492,7,2087,-0.7289106249809265
1,492,8,1009,-0.9728710651397705
1,493,1,1831,4.90010929107666
1,493,2,1682,4.874177932739258
1,493,3,495,3.7789807319641113
1,493,4,1369,1.2696845531463623
1,493,5,1730,0.680540919303894
1,493,6,772,0.020690832287073135
1,493,7,1275,0.0009403228759765625
1,493,8,1250,-0.41051971912384033
1,493,9,1055,-0.4979584813117981
1,493,10,2087,-0.6625776290893555
1,494,1,1836,5.612602710723877
1,494,2,1212,4.790794372558594
1,494,3,495,3.690904140472412
1,494,4,738,0.31998127698898315
1,494,5,950,0.11587053537368774
1,494,6,2590,0.11012566089630127
1,494,7,2606,0.0022083204239606857
1,494,8,1200,-0.9233568906784058
1,495,1,3048,0.517791748046875
1,495,2,2870,0.405551552772522
1,495,3,2866,0.06708185374736786
1,495,4,2514,0.02241441234946251
1,495,5,2200,0.015750348567962646
1,495,6,634,-0.043696291744709015
1,495,7,2566,-0.39213067293167114
1,495,8,1246,-0.4316408038139343
1,495,9,2322,-0.846159815788269
1,495,10,2288,-1.1521257162094116
2,1,1,500,2.9752044677734375
2,1,2,791,1.8929567337036133
2,1,3,55,1.1707875728607178
2,1,4,272,0.8488600850105286
2,1,5,502,0.7000152468681335
2,1,6,318,-0.056461580097675323
2,1,7,1738,-0.4238264560699463
2,1,8,1055,-1.0168168544769287
2,2,1,559,1.8004356622695923
2,2,2,2135,0.7517687082290649
2,2,3,2370,0.7243220806121826
2,2,4,2285,0.354094922542572
2,2,5,25,-0.05212235450744629
2,2,6,609,-0.38499993085861206
2,2,7,667,-1.134350061416626
2,2,8,270,-1.184153437614441
2,3,1,2287,2.068742275238037
2,3,2,1612,1.2098054885864258
2,3,3,1927,0.9238183498382568
2,3,4,354,0.314832866191864
2,3,5,1747,0.10477067530155182
2,3,6,2184,0.040905773639678955
2,3,7,1347,-0.03914377838373184
2,3,8,886,-0.09770533442497253
2,3,9,2595,-0.3327788710594177
2,3,10,1990,-0.5261967182159424
2,4,1,2144,2.0292930603027344
2,4,2,494,1.509805679321289
2,4,3,766,-0.033068325370550156
2,4,4,2901,-0.058574143797159195
2,4,5,2493,-0.5475814342498779
2,4,6,2170,-1.07283353805542
2,4,7,998,-1.0923027992248535
2,4,8,2974,-1.7928743362426758
2,7,1,461,3.0551819801330566
2,7,2,480,2.701712131500244
2,7,3,2839,2.034379005432129
2,7,4,429,0.3082599639892578
2,7,5,1173,0.21281380951404572
2,7,6,1215,-0.005413942039012909
2,7,7,2046,-0.08000560104846954
2,7,8,362,-0.08135882765054703
2,7,9,843,-0.30760711431503296
2,7,10,1198,-0.6092005968093872
2,8,1,612,2.7676608562469482
2,8,2,706,2.5315866470336914
2,8,3,1237,0.8982680439949036
2,8,4,2313,0.6083989143371582
2,8,5,2355,0.40064093470573425
2,8,6,2516,-0.05905216187238693
2,8,7,1303,-0.06897079199552536
2,8,8,1449,-0.3506762981414795
2,8,9,2956,-0.5129612684249878
2,8,10,2212,-0.7651504874229431
2,9,1,2677,1.9369243383407593
2,9,2,1839,1.5043842792510986
2,9,3,476,0.9898937940597534
2,9,4,2272,0.06906473636627197
2,9,5,1001,-0.02241036295890808
2,9,6,2046,-0.07290620356798172
2,9,7,2387,-0.36413609981536865
2,9,8,1167,-0.7191829681396484
2,9,9,387,-1.0987045764923096
2,9,10,1466,-1.1207044124603271
2,10,1,2738,3.466783046722412
2,10,2,1538,0.7264062762260437
2,10,3,2894,0.5876839756965637
2,10,4,732,0.5100213289260864
2,11,1,1151,1.075150489807129
2,11,2,3054,0.9891840219497681
2,11,3,1963,0.584394097328186
2,11,4,1821,0.07325541973114014
2,11,5,2002,-0.035278983414173126
2,11,6,3015,-0.05995854735374451
2,11,7,2355,-1.01096773147583
2,11,8,189,-1.3559374809265137
2,11,9,1558,-1.6235647201538086
2,12,1,1858,0.6899937987327576
2,12,2,2955,0.4612886905670166
2,12,3,2028,0.2820218503475189
2,12,4,1145,0.10188765823841095
2,12,5,1902,-0.0360095240175724
2,12,6,366,-0.05010680481791496
2,12,7,1018,-0.5528397560119629
2,12,8,2322,-0.625956654548645
2,12,9,1407,-0.9737622737884521
2,12,10,315,-1.0090882778167725
2,13,1,1645,3.283474922180176
2,13,2,1089,1.0216431617736816
2,13,3,2474,0.783835768699646
2,13,4,3063,0.022493846714496613
2,13,5,876,-0.03613703325390816
2,13,6,140,-0.04637796804308891
2,13,7,563,-0.49043142795562744
2,13,8,3040,-0.8093210458755493
2,14,1,675,2.9288320541381836
2,14,2,2736,2.1238458156585693
2,14,3,1279,1.0999525785446167
2,14,4,2533,0.9546694755554199
2,14,5,2045,0.5257012844085693
2,14,6,2481,0.24205803871154785
2,14,7,554,-0.18323612213134766
2,14,8,736,-0.37741827964782715
2,14,9,513,-1.2135567665100098
2,15,1,1778,3.810218334197998
2,15,2,346,1.9586224555969238
2,15,3,689,1.1745156049728394
2,15,4,2920,1.143203616142273
2,15,5,2677,0.07811206579208374
2,15,6,1062,-0.2876994013786316
2,16,1,2111,3.4000158309936523
2,16,2,1833,2.4952540397644043
2,16,3,1606,2.2431089878082275
2,16,4,272,2.098233222961426
2,16,5,2435,0.5490918159484863
2,16,6,2431,0.23311327397823334
2,16,7,2259,0.0591043084859848
2,16,8,143,-0.035527631640434265
2,16,9,2228,-0.05612005665898323
2,16,10,1920,-0.11264432966709137
2,17,1,257,2.0997583866119385
2,17,2,476,1.3201258182525635
2,17,3,2804,0.956352710723877
2,17,4,2192,0.6534671783447266
2,17,5,1221,0.443623423576355
2,17,6,852,-0.7361342310905457
2,17,7,64,-0.9379594326019287
2,18,1,990,2.6861705780029297
2,18,2,3016,1.774862289428711
2,18,3,1127,1.7156769037246704
2,18,4,1502,0.8610217571258545
2,18,5,704,0.12813088297843933
2,18,6,314,-0.18306219577789307
2,18,7,294,-0.35191524028778076
2,18,8,1380,-0.7203923463821411
2,18,9,1739,-0.8227444291114807
2,18,10,2622,-1.0811846256256104
2,20,1,1979,1.8036656379699707
2,20,2,2192,0.4156329035758972
2,20,3,2444,0.15784719586372375
2,20,4,880,-0.001424148678779602
2,20,5,44,-0.0681644082069397
2,20,6,1751,-0.14853408932685852
2,20,7,1739,-0.2736159861087799
2,20,8,869,-0.5929272770881653
2,20,9,177,-0.8427375555038452
2,20,10,864,-0.9086387157440186
2,21,1,1311,1.3315248489379883
2,21,2,55,1.2222001552581787
2,21,3,1044,0.7329114675521851
2,21,4,2792,-0.05583847686648369
2,21,5,2324,-0.3139210343360901
2,21,6,668,-0.5149347186088562
2,21,7,739,-0.5254548788070679
2,22,1,1428,2.0566415786743164
2,22,2,2211,1.7508199214935303
2,22,3,1429,1.723215103149414
2,22,4,415,1.3417912721633911
2,22,5,2291,0.7910841703414917
2,22,6,2367,0.7856128811836243
2,22,7,1270,-0.03302870690822601
2,22,8,969,-0.3542688488960266
2,22,9,90,-0.44767069816589355
2,22,10,321,-0.4850877523422241
2,23,1,1315,0.4960172176361084
2,23,2,2159,0.30626797676086426
2,23,3,534,-0.09860192239284515
2,23,4,39,-0.24883663654327393
2,23,5,2927,-0.8364472389221191
2,23,6,1189,-1.0587345361709595
2,24,1,1644,3.379397392272949
2,24,2,278,2.71587872505188
2,24,3,1812,2.5334994792938232
2,24,4,1521,2.3659067153930664
2,24,5,1487,2.298585891723633
2,24,6,1087,2.1920828819274902
2,24,7,1657,1.0392454862594604
2,24,8,2377,0.5815333127975464
2,24,9,2219,0.4600302577018738
2,24,10,696,0.03318732976913452
2,26,1,681,2.7612030506134033
2,26,2,14,1.1322094202041626
2,26,3,748,1.0086243152618408
2,26,4,2742,0.48932111263275146
2,26,5,1588,0.12978145480155945
2,26,6,1438,0.1092877984046936
2,26,7,2719,-0.03866441547870636
2,26,8,955,-0.06583267450332642
2,26,9,1484,-0.6188141107559204
2,26,10,1728,-0.7261123657226562
2,27,1,3018,3.529801607131958
2,27,2,2521,2.0257136821746826
2,27,3,1194,1.4144959449768066
2,27,4,1775,1.229379415512085
2,27,5,2892,0.7627120018005371
2,27,6,1340,0.7250304222106934
2,27,7,89,-0.09660851955413818
2,27,8,2031,-0.36064204573631287
2,27,9,2429,-2.5328707695007324
2,28,1,184,2.9775471687316895
2,28,2,1333,0.5736167430877686
2,28,3,1992,0.268737256526947
2,28,4,1853,-0.0284010898321867
2,28,5,1386,-0.11314992606639862
2,28,6,58,-0.2758827209472656
2,28,7,1028,-0.4480338394641876
2,28,8,3016,-0.4847410023212433
2,28,9,2170,-0.769864022731781
2,28,10,1362,-0.7824628353118896
2,29,1,557,2.745563507080078
2,29,2,481,1.7745859622955322
2,29,3,560,0.9583991169929504
2,29,4,1939,0.71800696849823
2,29,5,2658,-0.03793078660964966
2,29,6,157,-0.06510908156633377
2,29,7,203,-0.12715451419353485
2,31,1,2258,3.8168280124664307
2,31,2,2238,2.732990264892578
2,31,3,2073,1.3067660331726074
2,31,4,421,0.17871242761611938
2,31,5,32,0.059069037437438965
2,31,6,1726,-0.18396788835525513
2,31,7,1427,-0.751580536365509
2,31,8,1102,-0.9433157444000244
2,31,9,1341,-1.0042476654052734
2,31,10,98,-1.4995331764221191
2,32,1,1246,2.564401865005493
2,32,2,1982,0.6627334356307983
2,32,3,1992,0.24492144584655762
2,32,4,1601,-0.04402097314596176
2,32,5,2504,-0.34798577427864075
2,32,6,471,-0.3540971279144287
2,32,7,2623,-0.6613895297050476
2,32,8,2772,-1.522282361984253
2,33,1,1712,2.854989528656006
2,33,2,644,2.581258773803711
2,33,3,1374,1.982514500617981
2,33,4,2985,1.8601900339126587
2,33,5,38,0.7000157833099365
2,33,6,390,0.6421687602996826
2,33,7,724,0.6032602787017822
2,33,8,2745,0.28640446066856384
2,33,9,148,-0.040257640182971954
2,33,10,2490,-0.5905512571334839
2,34,1,402,3.348917007446289
2,34,2,550,1.7474936246871948
2,34,3,2493,0.4505714476108551
2,34,4,1034,0.44062790274620056
2,34,5,2810,0.16222456097602844
2,34,6,379,-0.05205082520842552
2,34,7,2225,-0.08853157609701157
2,34,8,193,-0.2376386672258377
2,34,9,2296,-0.4542238712310791
2,34,10,523,-0.5904940366744995
2,35,1,652,2.3505847454071045
2,35,2,2502,0.7020198702812195
2,35,3,1200,0.05950036644935608
2,35,4,1928,-0.03639114648103714
2,35,5,1223,-0.10147112607955933
2,35,6,2197,-0.42762941122055054
2,35,7,186,-0.7296925783157349
2,35,8,2099,-0.8759370446205139
2,36,1,1681,3.738257884979248
2,36,2,298,1.963558316230774
2,36,3,137,1.1083838939666748
2,36,4,2259,0.6936483383178711
2,36,5,2969,0.31735411286354065
2,36,6,510,-0.035566188395023346
2,36,7,2673,-0.1017814427614212
2,36,8,482,-0.26839396357536316
2,36,9,1620,-0.40891319513320923
2,36,10,1173,-1.1341874599456787
2,37,1,2395,2.844233512878418
2,37,2,1300,2.015252113342285
2,37,3,954,0.9882766008377075
2,37,4,2408,0.5336345434188843
2,37,5,1892,0.37779009342193604
2,37,6,1818,0.05104929208755493
2,37,7,667,0.008493006229400635
2,37,8,1311,-0.5706760883331299
2,37,9,905,-0.6327410340309143
2,37,10,550,-0.7549658417701721
2,38,1,1621,6.2437543869018555
2,38,2,2195,3.825496196746826
2,38,3,2369,3.698601484298706
2,38,4,773,0.5702545642852783
2,38,5,599,0.4745389521121979
2,38,6,222,-0.028961943462491035
2,38,7,2846,-0.037931881844997406
2,38,8,3043,-0.17050263285636902
2,38,9,1728,-1.0171595811843872
2,38,10,581,-1.1347136497497559
2,39,1,530,5.738950729370117
2,39,2,736,5.193977355957031
2,39,3,2369,4.690373420715332
2,39,4,2340,1.9807974100112915
2,39,5,2706,1.954408884048462
2,39,6,2406,1.467047929763794
2,39,7,400,1.3562538623809814
2,39,8,1881,0.995789647102356
2,39,9,1007,0.9129979014396667
2,39,10,2235,-0.9747444987297058
2,40,1,530,5.3853559494018555
2,40,2,736,4.749364376068115
2,40,3,2195,4.231727600097656
2,40,4,298,1.5507855415344238
2,40,5,2745,0.981194019317627
2,40,6,1456,0.37210971117019653
2,40,7,2258,0.30437129735946655
2,40,8,2025,-0.06603783369064331
2,40,9,1744,-0.4424895644187927
2,40,10,2496,-1.3090447187423706
2,42,1,667,6.151039123535156
2,42,2,1848,5.218194961547852
2,42,3,113,4.656486988067627
2,42,4,1359,0.6789734363555908
2,42,5,203,0.5794541835784912
2,42,6,2435,-0.06941795349121094
2,42,7,551,-0.22406142950057983
2,43,1,1818,7.544456481933594
2,43,2,1738,7.346005916595459
2,43,3,2193,5.008733749389648
2,43,4,2738,1.408193588256836
2,43,5,2975,0.12866488099098206
2,43,6,1034,-0.061591267585754395
2,43,7,656,-0.2768982946872711
2,43,8,2955,-0.3797827959060669
2,45,1,1738,5.1682586669921875
2,45,2,667,5.055438041687012
2,45,3,390,5.051373481750488
2,45,4,2937,1.4616724252700806
2,45,5,2197,1.0624432563781738
2,45,6,2184,0.4490863084793091
2,45,7,2206,0.13422010838985443
2,45,8,953,0.048370957374572754
2,45,9,383,-0.044247377663850784
2,45,10,1388,-0.17989525198936462
2,46,1,1848,5.2232561111450195
2,46,2,2,5.190716743469238
2,46,3,113,4.653886795043945
2,46,4,2599,1.0670737028121948
2,46,5,2558,1.0523858070373535
2,46,6,1408,0.5969361662864685
2,46,7,414,0.22143243253231049
2,46,8,356,0.0747603327035904
2,46,9,1780,-0.028860874474048615
2,46,10,2053,-0.11730396747589111
2,47,1,2273,7.8943634033203125
2,47,2,1818,7.2706685066223145
2,47,3,1848,5.879873275756836
2,47,4,601,1.2280420064926147
2,47,5,1295,1.009561538696289
2,47,6,629,0.49353641271591187
2,47,7,368,-0.021074078977108
2,47,8,851,-0.0326664000749588
2,47,9,2645,-0.08606506139039993
2,47,10,1481,-0.6840616464614868
2,48,1,471,6.48616361618042
2,48,2,1417,6.482157230377197
2,48,3,390,5.657599449157715
2,48,4,477,0.51203453540802
2,48,5,25,-0.018051492050290108
2,48,6,2257,-0.03764159977436066
2,48,7,22,-0.04151752591133118
2,48,8,953,-0.045903950929641724
2,48,9,1720,-1.3199385404586792
2,49,1,1738,7.012507438659668
2,49,2,1848,5.822418212890625
2,49,3,2193,4.7832536697387695
2,49,4,1408,0.660883903503418
2,49,5,2801,0.31288719177246094
2,49,6,2933,0.2851783335208893
2,49,7,381,-0.0047315796837210655
2,49,8,2792,-0.009885010309517384
2,50,1,2,5.551662921905518
2,50,2,248,4.986425399780273
2,50,3,2193,4.581220626831055
2,50,4,481,0.326492041349411
2,50,5,2674,0.0026956675574183464
2,50,6,1379,-0.02184407413005829
2,50,7,2343,-0.18084323406219482
2,50,8,1395,-0.19452017545700073
2,50,9,2832,-0.7565351724624634
2,51,1,667,5.412461280822754
2,51,2,390,5.406650543212891
2,51,3,2,4.5702619552612305
2,51,4,1725,0.6693031787872314
2,51,5,1970,0.4819231331348419
2,51,6,2290,-0.007765360176563263
2,51,7,13,-0.023573296144604683
2,51,8,1055,-0.17991653084754944
2,51,9,845,-0.5598105788230896
2,51,10,2533,-0.5953467488288879
2,52,1,484,6.6024274826049805
2,52,2,948,5.708429336547852
2,52,3,1710,1.1601831912994385
2,52,4,2725,0.45659855008125305
2,52,5,566,0.3953862190246582
2,52,6,2294,0.21642714738845825
2,52,7,380,-0.061411913484334946
2,52,8,316,-0.355151504278183
2,52,9,1344,-1.3044092655181885
2,53,1,2206,5.95106840133667
2,53,2,1082,5.717977046966553
2,53,3,137,4.791893005371094
2,53,4,2677,0.6844898462295532
2,53,5,273,0.5292848944664001
2,53,6,2669,-0.03412855044007301
2,53,7,1006,-0.04099106788635254
2,53,8,984,-0.35580915212631226
2,53,9,1570,-0.8375999331474304
2,53,10,59,-1.4436776638031006
2,54,1,1279,5.757503986358643
2,54,2,1821,5.728798866271973
2,54,3,3059,3.8568005561828613
2,54,4,1251,1.2278897762298584
2,54,5,333,0.8114927411079407
2,54,6,2687,0.6410216093063354
2,54,7,321,0.5797183513641357
2,54,8,2030,0.5079747438430786
2,54,9,1750,-0.41159579157829285
2,54,10,2090,-1.1317873001098633
2,55,1,1495,7.061819076538086
2,55,2,948,6.101273536682129
2,55,3,736,0.92225581407547
2,55,4,301,0.3785191774368286
2,55,5,576,0.3047228455543518
2,55,6,2740,0.18407022953033447
2,55,7,482,0.01929667592048645
2,55,8,893,-0.03748128563165665
2,55,9,380,-0.05709715932607651
2,56,1,271,5.943964004516602
2,56,2,1546,5.059281826019287
2,56,3,2963,5.032727241516113
2,56,4,2391,1.487529993057251
2,56,5,2098,1.0818191766738892
2,56,6,2366,0.8699007034301758
2,56,7,2998,0.8580562472343445
2,56,8,504,0.8039518594741821
2,56,9,149,-0.011715324595570564
2,56,10,381,-0.07486958056688309
2,57,1,890,5.115851402282715
2,57,2,1628,5.112674713134766
2,57,3,1600,4.475246429443359
2,57,4,791,0.9061434864997864
2,57,5,414,0.2853092551231384
2,57,6,1558,0.2738797962665558
2,57,7,530,0.17127302289009094
2,57,8,2080,0.011286705732345581
2,57,9,2691,-0.577796220779419
2,58,1,1628,6.6380815505981445
2,58,2,2016,2.1449782848358154
2,58,3,319,-0.04530266299843788
2,58,4,379,-0.04889480769634247
2,58,5,158,-0.20907045900821686
2,58,6,2906,-1.068921446800232
2,58,7,2157,-1.1658333539962769
2,59,1,1365,5.61843204498291
2,59,2,1546,4.8108015060424805
2,59,3,1600,4.690670967102051
2,59,4,1415,1.0330126285552979
2,59,5,2933,0.9457024335861206
2,59,6,1173,-0.1931597888469696
2,60,1,584,7.680454730987549
2,60,2,2914,5.82896614074707
2,60,3,2583,4.7920918464660645
2,60,4,1657,1.2636620998382568
2,60,5,732,1.2575286626815796
2,60,6,1059,1.1155085563659668
2,60,7,2478,-0.07434432953596115
2,60,8,792,-0.44011062383651733
2,60,9,1738,-0.6558728218078613
2,60,10,1809,-0.746849775314331
2,61,1,1012,5.207266807556152
2,61,2,1089,4.53243350982666
2,61,3,2914,4.3945465087890625
2,61,4,2554,0.5690703392028809
2,61,5,333,0.46824896335601807
2,61,6,59,0.10215872526168823
2,61,7,2253,-0.0803823173046112
2,61,8,196,-1.4514801502227783
2,62,1,2121,6.596495628356934
2,62,2,99,6.399608135223389
2,62,3,2408,3.895470142364502
2,62,4,2448,1.9315440654754639
2,62,5,177,0.19657106697559357
2,62,6,342,-0.01761949248611927
2,62,7,2457,-0.06311190873384476
2,62,8,222,-0.07531090080738068
2,62,9,1116,-0.19623839855194092
2,62,10,1632,-0.8894136548042297
2,63,1,1012,6.687665939331055
2,63,2,2583,4.779203414916992
2,63,3,346,4.697251319885254
2,63,4,1691,2.2903764247894287
2,63,5,1775,1.550511121749878
2,63,6,972,0.09705448150634766
2,63,7,1597,0.029945552349090576
2,63,8,62,-1.284876823425293
2,63,9,2345,-1.3783345222473145
2,64,1,1055,6.111536979675293
2,64,2,2742,4.292534828186035
2,64,3,250,0.41606563329696655
2,64,4,1437,0.25875788927078247
2,64,5,2848,0.15183579921722412
2,64,6,2574,0.12683022022247314
2,64,7,1635,-0.8346704840660095
2,64,8,2293,-0.8608556985855103
2,64,9,308,-0.954388439655304
2,64,10,954,-1.169538140296936
2,65,1,205,4.668796539306641
2,65,2,2776,3.651721477508545
2,65,3,2554,0.6276804208755493
2,65,4,2395,0.4932849407196045
2,65,5,1359,0.46686071157455444
2,65,6,1985,0.37094035744667053
2,65,7,2792,-0.013138309121131897
2,65,8,3079,-0.05059371143579483
2,65,9,46,-0.06995123624801636
2,65,10,104,-0.43805527687072754
2,66,1,750,4.946656227111816
2,66,2,2352,4.48656702041626
2,66,3,250,0.5404062271118164
2,66,4,2482,0.5311792492866516
2,66,5,718,0.38385412096977234
2,66,6,2660,0.22459377348423004
2,66,7,1853,-0.002904307097196579
2,66,8,766,-0.02052175998687744
2,66,9,339,-0.02411167323589325
2,66,10,2290,-0.031134843826293945
2,67,1,2581,6.921813011169434
2,67,2,1055,6.765048980712891
2,67,3,2352,6.1832756996154785
2,67,4,2742,5.419346809387207
2,67,5,2536,1.2839027643203735
2,67,6,595,1.1737180948257446
2,67,7,2901,-0.023524556308984756
2,67,8,900,-0.20305302739143372
2,67,9,173,-1.0190156698226929
2,67,10,2297,-1.5049490928649902
2,68,1,480,6.247885704040527
2,68,2,2581,5.283170223236084
2,68,3,2998,3.677699089050293
2,68,4,1461,2.534414052963257
2,68,5,1427,1.3331553936004639
2,68,6,1543,1.1162371635437012
2,68,7,730,0.972143292427063
2,68,8,1275,0.7434001564979553
2,68,9,310,-0.011308759450912476
2,68,10,12,-0.06086893752217293
2,69,1,205,5.382796764373779
2,69,2,1538,5.359240531921387
2,69,3,1833,4.070858478546143
2,69,4,2742,4.055044174194336
2,69,5,1594,1.2417716979980469
2,69,6,1235,1.2173271179199219
2,69,7,316,0.5979411602020264
2,69,8,1742,0.5761396288871765
2,69,9,550,0.4873959422111511
2,69,10,294,0.38302502036094666
2,70,1,1538,5.626755237579346
2,70,2,2481,5.32520055770874
2,70,3,2366,4.62161922454834
2,70,4,601,0.9885916709899902
2,70,5,1038,0.7904454469680786
2,70,6,2792,-0.02365953102707863
2,70,7,3011,-0.03143469989299774
2,70,8,1627,-0.05675312131643295
2,70,9,666,-1.4593026638031006
2,70,10,532,-1.7111570835113525
2,72,1,3042,4.654201507568359
2,72,2,6,4.092318058013916
2,72,3,1153,1.1376397609710693
2,72,4,2738,0.5482519865036011
2,72,5,479,0.22775064408779144
2,72,6,1745,-0.01710432395339012
2,72,7,843,-0.07261244207620621
2,72,8,364,-0.4343689978122711
2,72,9,2922,-0.5606061220169067
2,72,10,1160,-0.8314644694328308
2,73,1,3042,4.950638771057129
2,73,2,1737,3.8500609397888184
2,73,3,560,1.6308786869049072
2,73,4,2929,1.0896127223968506
2,73,5,1868,0.6340763568878174
2,73,6,2030,0.2975943982601166
2,73,7,319,-0.04171852022409439
2,73,8,148,-0.055864688009023666
2,73,9,1541,-0.3438556492328644
2,74,1,3042,5.0060834884643555
2,74,2,2003,4.136532306671143
2,74,3,1737,4.014966011047363
2,74,4,2405,3.9112229347229004
2,74,5,2111,3.129659414291382
2,74,6,890,1.575016975402832
2,74,7,2892,1.488303780555725
2,74,8,1979,1.002483606338501
2,74,9,2672,0.8069615364074707
2,74,10,2866,0.22913281619548798
2,75,1,400,6.1580963134765625
2,75,2,1737,3.8967676162719727
2,75,3,1388,0.9665631055831909
2,75,4,2684,0.6449398994445801
2,75,5,987,0.009158504195511341
2,75,6,1781,-0.02576589584350586
2,75,7,148,-0.0592169463634491
2,75,8,652,-0.17135089635849
2,75,9,2321,-0.18389779329299927
2,75,10,653,-0.5926106572151184
2,76,1,1362,6.141299247741699
2,76,2,1710,6.037925720214844
2,76,3,2162,4.336939811706543
2,76,4,2442,1.2146376371383667
2,76,5,1341,0.9536125063896179
2,76,6,2200,0.5357151031494141
2,76,7,359,0.20749014616012573
2,76,8,1173,0.041050225496292114
2,76,9,845,0.009123235940933228
2,76,10,2228,0.00035040080547332764
2,77,1,732,5.569517135620117
2,77,2,2387,5.518596649169922
2,77,3,2162,4.040432929992676
2,77,4,748,0.9134783148765564
2,77,5,2067,0.218258798122406
2,77,6,2234,-0.36997172236442566
2,77,7,394,-0.4490768015384674
2,77,8,2616,-0.7886359095573425
2,77,9,1606,-0.8425208330154419
2,77,10,2297,-1.2135475873947144
2,78,1,1427,7.003113746643066
2,78,2,2161,6.943844795227051
2,78,3,1254,2.401545763015747
2,78,4,2727,1.2978589534759521
2,78,5,381,-0.012740436010062695
2,78,6,854,-0.012950620613992214
2,78,7,2719,-0.28915122151374817
2,78,8,667,-0.5512031316757202
2,80,1,62,3.9131414890289307
2,80,2,128,3.3440165519714355
2,80,3,1254,0.7998906373977661
2,80,4,622,0.41990047693252563
2,80,5,1928,-0.025445442646741867
2,80,6,2225,-0.05389196053147316
2,80,7,2793,-0.7329608201980591
2,81,1,567,6.026091575622559
2,81,2,2892,5.652456283569336
2,81,3,655,4.077242851257324
2,81,4,2368,1.8397974967956543
2,81,5,459,0.10138624906539917
2,81,6,1570,0.022268712520599365
2,81,7,1546,-0.027075104415416718
2,81,8,2606,-0.10753023624420166
2,81,9,562,-0.9730443358421326
2,81,10,101,-1.7319759130477905
2,82,1,2114,5.805079936981201
2,82,2,3032,5.792673110961914
2,82,3,1254,0.9101551175117493
2,82,4,1588,0.49185609817504883
2,82,5,3079,0.01999187283217907
2,82,6,2754,-0.03969144821166992
2,82,7,1613,-0.283137708902359
2,82,8,2975,-0.38785192370414734
2,82,9,509,-1.4179226160049438
2,83,1,2302,6.7024102210998535
2,83,2,1335,6.528120517730713
2,83,3,2985,6.249360084533691
2,83,4,2406,0.391776978969574
2,83,5,2019,0.34856945276260376
2,83,6,1522,0.1501779854297638
2,83,7,134,-0.00426850002259016
2,83,8,2967,-0.1015823632478714
2,83,9,925,-0.1361839473247528
2,83,10,1866,-0.4810850918292999
2,84,1,2660,5.13311767578125
2,84,2,2654,4.776937484741211
2,84,3,2114,4.7339935302734375
2,84,4,954,2.7221946716308594
2,84,5,3057,0.7261391878128052
2,84,6,2989,0.6632183790206909
2,84,7,193,0.4645536243915558
2,84,8,1070,0.44943609833717346
2,84,9,1456,0.23331114649772644
2,84,10,2478,-0.05301988497376442
2,85,1,2684,5.6512064933776855
2,85,2,321,4.453879356384277
2,85,3,2135,4.182659149169922
2,85,4,1535,0.34012627601623535
2,85,5,429,0.10700464248657227
2,85,6,2185,0.07848632335662842
2,85,7,1012,-0.31802675127983093
2,86,1,1979,4.278985023498535
2,86,2,2684,4.195387840270996
2,86,3,2789,3.926631450653076
2,86,4,2087,0.8033978343009949
2,86,5,1543,0.6670817732810974
2,86,6,127,0.11334070563316345
2,86,7,977,-0.0056503526866436005
2,86,8,65,-0.42515793442726135
2,87,1,1979,6.130906105041504
2,87,2,2789,5.544763565063477
2,87,3,2135,4.2056145668029785
2,87,4,1395,1.1260051727294922
2,87,5,740,0.3610765337944031
2,87,6,134,-0.03354146331548691
2,87,7,2743,-0.07271906733512878
2,87,8,3018,-0.14497163891792297
2,87,9,793,-0.467507541179657
2,87,10,581,-0.898108720779419
2,88,1,1091,5.115411281585693
2,88,2,2660,1.0231175422668457
2,88,3,2288,0.2250436544418335
2,88,4,1780,-0.04062015563249588
2,88,5,1840,-0.05095510557293892
2,88,6,2776,-0.15230703353881836
2,88,7,81,-0.32362937927246094
2,88,8,513,-0.572721540927887
2,89,1,738,5.845566749572754
2,89,2,1712,0.7984760999679565
2,89,3,732,0.13623622059822083
2,89,4,347,-0.042338576167821884
2,89,5,1780,-0.04439036175608635
2,89,6,2019,-0.42727431654930115
2,89,7,2754,-0.42796429991722107
2,89,8,1600,-0.4652990698814392
2,89,9,533,-0.6097790002822876
2,89,10,2804,-0.7172998189926147
2,90,1,2734,5.70503568649292
2,90,2,2750,0.43487676978111267
2,90,3,2603,0.11728134751319885
2,90,4,1780,-0.038066424429416656
2,90,5,1840,-0.04850705713033676
2,90,6,1208,-0.41313937306404114
2,90,7,1809,-0.6358528137207031
2,90,8,1827,-1.157371997833252
2,90,9,1580,-1.3211679458618164
2,91,1,1091,6.027575492858887
2,91,2,278,4.486096382141113
2,91,3,559,1.91592538356781
2,91,4,2988,-0.01516916323453188
2,91,5,3009,-0.43108803033828735
2,91,6,1408,-0.4817541837692261
2,91,7,2942,-0.4872146546840668
2,91,8,1590,-0.5541782379150391
2,93,1,1223,7.2488813400268555
2,93,2,1778,4.393309593200684
2,93,3,2937,1.1457313299179077
2,93,4,2615,0.6234395503997803
2,93,5,524,0.2904372811317444
2,93,6,196,0.2839635908603668
2,93,7,701,-0.0884084701538086
2,93,8,1592,-0.3977551758289337
2,94,1,993,5.857694625854492
2,94,2,474,5.498744010925293
2,94,3,1984,2.1251754760742188
2,94,4,2134,1.0492995977401733
2,94,5,500,0.9051715731620789
2,94,6,136,0.7600822448730469
2,94,7,835,0.24765411019325256
2,94,8,480,-0.019376158714294434
2,94,9,2725,-0.02945190668106079
2,94,10,222,-0.04073766618967056
2,95,1,474,5.568586349487305
2,95,2,453,1.6446595191955566
2,95,3,2739,1.2446199655532837
2,95,4,2370,0.6724753379821777
2,95,5,2167,0.5740976333618164
2,95,6,524,0.2088201940059662
2,95,7,2618,0.13270878791809082
2,95,8,134,-0.07262696325778961
2,95,9,749,-0.09423672407865524
2,95,10,1615,-0.9500359296798706
2,97,1,612,6.3372650146484375
2,97,2,559,6.2997283935546875
2,97,3,2416,6.105579853057861
2,97,4,2367,4.683475494384766
2,97,5,453,2.4659340381622314
2,97,6,2839,2.2758002281188965
2,97,7,1645,1.1623971462249756
2,97,8,916,-0.08184707164764404
2,97,9,128,-0.37897616624832153
2,97,10,667,-0.5451714992523193
2,98,1,426,5.597434043884277
2,98,2,612,5.157045841217041
2,98,3,3054,5.0015764236450195
2,98,4,189,-0.15362140536308289
2,98,5,520,-0.45549026131629944
2,98,6,2790,-0.9011110067367554
2,98,7,504,-1.1800293922424316
2,99,1,498,5.716646671295166
2,99,2,559,5.634422779083252
2,99,3,3054,5.43562126159668
2,99,4,2521,1.8895864486694336
2,99,5,351,-0.08300016820430756
2,99,6,1656,-0.6768205761909485
2,100,1,426,5.653257369995117
2,100,2,498,5.343142986297607
2,100,3,1612,3.6101183891296387
2,100,4,2355,0.7451472282409668
2,100,5,1928,-0.055466651916503906
2,100,6,842,-0.20667582750320435
2,100,7,701,-1.6274559497833252
2,100,8,1265,-2.3548026084899902
2,101,1,2482,4.355137825012207
2,101,2,1642,3.8587818145751953
2,101,3,94,3.5947179794311523
2,101,4,3037,1.6107618808746338
2,101,5,2723,1.3724696636199951
2,101,6,1588,0.1639118790626526
2,101,7,3059,0.0730104148387909
2,101,8,1613,0.03591501712799072
2,101,9,2140,-0.13111770153045654
2,102,1,675,6.13234806060791
2,102,2,1642,4.803353309631348
2,102,3,1087,1.9097180366516113
2,102,4,2653,0.20811498165130615
2,102,5,2697,-0.05299174785614014
2,102,6,766,-0.06022626534104347
2,102,7,1601,-0.07211878895759583
2,102,8,2985,-0.1066368818283081
2,102,9,2929,-0.18745118379592896
2,102,10,698,-0.2097194939851761
2,103,1,2159,7.009462356567383
2,103,2,1642,5.056916236877441
2,103,3,2074,1.6841455698013306
2,103,4,136,1.251267433166504
2,103,5,2658,0.7414611577987671
2,103,6,641,0.6009172797203064
2,103,7,379,-0.04277341067790985
2,103,8,1802,-0.1494423896074295
2,103,9,2053,-0.5433721542358398
2,103,10,773,-0.6521259546279907
2,104,1,1642,4.782930850982666
2,104,2,2143,4.413827896118164
2,104,3,113,1.5434261560440063
2,104,4,481,0.822787880897522
2,104,5,2607,-0.03420931100845337
2,104,6,2546,-0.035776663571596146
2,104,7,379,-0.036883920431137085
2,104,8,1,-0.3137553930282593
2,104,9,1868,-0.7099373936653137
2,104,10,2107,-1.6341588497161865
2,105,1,2143,5.361968040466309
2,105,2,534,5.023523330688477
2,105,3,94,4.113142967224121
2,105,4,2704,-0.3400471806526184
2,105,5,1654,-0.38663578033447266
2,105,6,637,-0.5301151275634766
2,105,7,532,-0.693128228187561
2,105,8,1760,-0.8282428979873657
2,105,9,905,-0.9358432292938232
2,105,10,2761,-2.506376266479492
2,106,1,2159,5.525766372680664
2,106,2,1681,4.909726142883301
2,106,3,1946,1.5758353471755981
2,106,4,1502,1.4296380281448364
2,106,5,2464,0.1439080387353897
2,106,6,359,0.058975666761398315
2,106,7,911,-0.04164370149374008
2,106,8,766,-0.04795021936297417
2,106,9,222,-0.05463503673672676
2,106,10,1270,-0.07055266201496124
2,108,1,556,6.781552314758301
2,108,2,2406,4.720731735229492
2,108,3,40,0.7410025596618652
2,108,4,326,-0.052104104310274124
2,108,5,25,-0.10417149215936661
2,108,6,633,-0.8519428372383118
2,108,7,1275,-1.2590570449829102
2,109,1,2287,4.753708839416504
2,109,2,2521,4.339145660400391
2,109,3,93,3.4105255603790283
2,109,4,1657,1.1245392560958862
2,109,5,3048,-0.21283438801765442
2,109,6,354,-0.48270243406295776
2,109,7,1465,-0.5263231992721558
2,109,8,1328,-0.5559927225112915
2,109,9,1116,-0.82645583152771
2,109,10,270,-1.3307563066482544
2,110,1,953,3.9688634872436523
2,110,2,2315,3.635561227798462
2,110,3,481,2.8847804069519043
2,110,4,2287,2.1566619873046875
2,110,5,2989,0.7521703243255615
2,110,6,1588,0.26139509677886963
2,110,7,1254,0.2023586481809616
2,110,8,1754,0.08786503970623016
2,110,9,2176,-0.1824980080127716
2,110,10,773,-0.5800013542175293
2,111,1,2895,5.712267875671387
2,111,2,2370,5.693132400512695
2,111,3,1869,4.186837196350098
2,111,4,2219,2.3627922534942627
2,111,5,1327,2.3488330841064453
2,111,6,2087,1.4596991539001465
2,111,7,2706,1.3925933837890625
2,111,8,1427,1.1776561737060547
2,111,9,2047,-0.05459954962134361
2,111,10,2018,-0.5270674228668213
2,112,1,644,6.901062965393066
2,112,2,953,5.719408988952637
2,112,3,481,4.293593406677246
2,112,4,755,0.6675910949707031
2,112,5,2137,0.6405928134918213
2,112,6,2243,0.33643582463264465
2,112,7,1766,-0.32856541872024536
2,112,8,1059,-0.3330286741256714
2,112,9,2687,-0.3332267701625824
2,112,10,795,-0.34854042530059814
2,113,1,2372,7.89802360534668
2,113,2,1940,5.3476667404174805
2,113,3,481,4.538132667541504
2,113,4,1964,0.20894454419612885
2,113,5,2942,-0.07599484920501709
2,113,6,121,-0.5452807545661926
2,113,7,2525,-0.6758440732955933
2,113,8,2708,-1.786063313484192
2,114,1,601,5.520654678344727
2,114,2,2727,4.88196325302124
2,114,3,2285,4.7255096435546875
2,114,4,1312,2.6956653594970703
2,114,5,1778,1.3864556550979614
2,114,6,1362,1.2273353338241577
2,114,7,2254,0.4951387047767639
2,114,8,1250,-0.5858888030052185
2,115,1,14,6.9748945236206055
2,115,2,2727,5.224631309509277
2,115,3,2127,5.135611534118652
2,115,4,1818,2.069399833679199
2,115,5,1522,0.5195323824882507
2,115,6,1317,0.05358770489692688
2,115,7,1836,-0.0752686858177185
2,115,8,2297,-0.14684531092643738
2,115,9,416,-0.5743467807769775
2,115,10,65,-0.5762944221496582
2,116,1,1691,6.330981731414795
2,116,2,2738,6.1940412521362305
2,116,3,2285,4.481649398803711
2,116,4,2315,2.56028151512146
2,116,5,1791,0.3394893705844879
2,116,6,2078,-0.5051552057266235
2,116,7,2990,-1.0352973937988281
2,116,8,984,-1.1889100074768066
2,116,9,30,-1.6122784614562988
2,117,1,208,7.042065143585205
2,117,2,2127,5.394593238830566
2,117,3,2285,5.19873046875
2,117,4,675,2.5079922676086426
2,117,5,1550,1.3169150352478027
2,117,6,155,0.03152972459793091
2,117,7,1472,-1.2919431924819946
2,117,8,1409,-1.6397790908813477
2,118,1,706,5.20262336730957
2,118,2,235,3.8088772296905518
2,118,3,2344,3.7691640853881836
2,118,4,644,1.7040693759918213
2,118,5,2780,1.2483961582183838
2,118,6,2739,0.5906783938407898
2,118,7,2389,-0.10263454914093018
2,118,8,1597,-0.8701614141464233
2,118,9,430,-1.165949821472168
2,119,1,969,6.805497169494629
2,119,2,1112,5.337159156799316
2,119,3,364,4.336363792419434
2,119,4,2896,2.0447778701782227
2,119,5,1785,1.4905790090560913
2,119,6,653,0.5475381016731262
2,119,7,1273,0.39984726905822754
2,119,8,2536,0.36124423146247864
2,119,9,1558,-0.1559416651725769
2,119,10,65,-0.18839681148529053
2,120,1,1176,6.929996013641357
2,120,2,1112,5.68881893157959
2,120,3,2344,4.626248359680176
2,120,4,390,2.0823864936828613
2,120,5,1398,0.9555366039276123
2,120,6,155,0.4027746617794037
2,120,7,157,-0.04542158544063568
2,120,8,339,-0.06436750292778015
2,120,9,393,-0.3338461220264435
2,120,10,2513,-0.339289128780365
2,121,1,861,6.344826698303223
2,121,2,706,5.351426601409912
2,121,3,364,4.104393482208252
2,121,4,738,2.228458881378174
2,121,5,1091,1.2736661434173584
2,121,6,615,1.1560182571411133
2,121,7,2321,0.8195579051971436
2,121,8,681,0.6120931506156921
2,121,9,1920,0.134456068277359
2,121,10,2841,-0.04297859966754913
2,122,1,1087,5.501882076263428
2,122,2,980,4.335806846618652
2,122,3,681,4.222941875457764
2,122,4,2159,2.7947542667388916
2,122,5,1194,0.7725919485092163
2,122,6,1779,-0.07072117924690247
2,122,7,2705,-0.12244836986064911
2,122,8,1018,-0.21441352367401123
2,122,9,387,-0.26388564705848694
2,122,10,1072,-1.1425162553787231
2,123,1,1342,4.441643714904785
2,123,2,1535,4.328421592712402
2,123,3,2621,3.47141170501709
2,123,4,2464,1.3635021448135376
2,123,5,1327,1.0949211120605469
2,123,6,2594,0.7507251501083374
2,123,7,2347,0.542513370513916
2,123,8,1763,0.12855549156665802
2,123,9,895,-0.05306290090084076
2,123,10,103,-0.21922573447227478
2,124,1,429,4.679553985595703
2,124,2,864,4.154142379760742
2,124,3,2844,0.6725295186042786
2,124,4,2237,0.3334870934486389
2,124,5,1601,-0.128611221909523
2,124,6,78,-1.1358131170272827
2,124,7,730,-1.204336404800415
2,124,8,1730,-1.6363619565963745
2,124,9,2566,-1.7252898216247559
2,125,1,2937,6.288050174713135
2,125,2,699,5.268021583557129
2,125,3,1535,4.1851019859313965
2,125,4,2283,0.7366023063659668
2,125,5,1601,-0.11783578246831894
2,127,1,2552,4.401107311248779
2,127,2,177,4.337614059448242
2,127,3,724,4.284361839294434
2,127,4,1247,1.649731159210205
2,127,5,1980,0.3507591485977173
2,127,6,2141,-0.4943039119243622
2,127,7,2429,-0.7993626594543457
2,129,1,2632,5.491527557373047
2,129,2,177,4.168369770050049
2,129,3,1087,4.150583267211914
2,129,4,2074,0.9891869425773621
2,129,5,2862,0.5936859250068665
2,129,6,514,0.5619320869445801
2,129,7,310,0.0637870654463768
2,129,8,1280,-0.03116169571876526
2,129,9,1062,-0.40230295062065125
2,129,10,103,-0.589381754398346
2,131,1,98,3.146101474761963
2,131,2,2474,3.0974698066711426
2,131,3,2167,2.475438117980957
2,131,4,2989,1.439618468284607
2,131,5,216,1.1324396133422852
2,131,6,1287,0.6400243639945984
2,131,7,2264,0.3124404549598694
2,131,8,538,0.10061591863632202
2,131,9,231,-0.04648692160844803
2,131,10,996,-0.048127271234989166
2,132,1,1543,2.8269238471984863
2,132,2,767,1.8606711626052856
2,132,3,991,1.1370140314102173
2,132,4,544,0.9348773956298828
2,132,5,3041,0.72419673204422
2,132,6,2556,0.565422534942627
2,132,7,1848,0.05370059609413147
2,132,8,415,-0.048187270760536194
2,132,9,1627,-0.08017459511756897
2,132,10,1992,-0.09865698218345642
2,133,1,1543,2.8295016288757324
2,133,2,767,1.8708367347717285
2,133,3,2159,0.6206054091453552
2,133,4,99,-0.015136301517486572
2,133,5,2760,-0.015302951447665691
2,133,6,1745,-0.042772866785526276
2,133,7,1627,-0.07979952543973923
2,133,8,1376,-1.0618394613265991
2,134,1,1543,2.8160781860351562
2,134,2,767,1.875083565711975
2,134,3,601,0.860589861869812
2,134,4,2441,0.5843449234962463
2,134,5,1981,0.31734490394592285
2,134,6,1627,-0.07937197387218475
2,134,7,1769,-0.47507527470588684
2,134,8,1577,-0.8267207145690918
2,135,1,1543,2.8099899291992188
2,135,2,835,2.493359088897705
2,135,3,767,1.8509013652801514
2,135,4,1151,1.673828125
2,135,5,2286,0.6063276529312134
2,135,6,1142,0.1029917299747467
2,135,7,1627,-0.07938499748706818
2,135,8,1449,-0.35297754406929016
2,135,9,2354,-0.35644370317459106
2,135,10,2259,-0.9784969091415405
2,136,1,2804,5.3676910400390625
2,136,2,2202,5.088171005249023
2,136,3,1424,4.152020454406738
2,136,4,2796,1.493013620376587
2,136,5,2672,0.16317719221115112
2,136,6,330,-0.030714936554431915
2,136,7,336,-0.047234274446964264
2,136,8,2163,-0.10260225832462311
2,136,9,1449,-1.3471019268035889
2,137,1,1839,6.436031341552734
2,137,2,1395,1.7133868932724
2,137,3,1644,0.41257444024086
2,137,4,2002,-0.05112418532371521
2,137,5,887,-0.05857648700475693
2,137,6,2739,-0.559701681137085
2,137,7,1739,-1.0232733488082886
2,137,8,2590,-1.6132019758224487
2,138,1,557,6.559074401855469
2,138,2,2288,6.002272605895996
2,138,3,1982,5.801668167114258
2,138,4,3018,1.5472584962844849
2,138,5,1963,0.402669757604599
2,138,6,1869,0.22682282328605652
2,138,7,173,-0.06033974885940552
2,138,8,534,-0.26739412546157837
2,138,9,89,-0.26849597692489624
2,138,10,2061,-0.2785215973854065
2,139,1,1197,6.714081764221191
2,139,2,2303,4.6021928787231445
2,139,3,3018,2.366457462310791
2,139,4,2632,1.953272819519043
2,139,5,887,-0.05785452574491501
2,140,1,1839,4.148192882537842
2,140,2,1507,3.631476402282715
2,140,3,2303,2.8391528129577637
2,140,4,2237,1.2160557508468628
2,140,5,1064,0.3768582344055176
2,140,6,2839,0.2719570994377136
2,140,7,597,0.2145754098892212
2,140,8,1717,0.1963997483253479
2,140,9,2478,-0.01650455966591835
2,140,10,3053,-0.020765483379364014
2,141,1,1341,6.015922546386719
2,141,2,2536,4.936496734619141
2,141,3,2826,0.9402225017547607
2,141,4,1952,0.6834000945091248
2,141,5,2882,0.3189176023006439
2,141,6,2672,0.27427613735198975
2,141,7,177,0.2633979618549347
2,141,8,354,0.22065554559230804
2,141,9,1723,-0.5580992102622986
2,141,10,2448,-0.7951801419258118
2,142,1,2202,5.924193859100342
2,142,2,2211,2.393141269683838
2,142,3,1720,1.2129069566726685
2,142,4,257,0.9440756440162659
2,142,5,2898,0.47135257720947266
2,142,6,2882,0.41115713119506836
2,142,7,1642,0.2062232494354248
2,142,8,895,-0.023159384727478027
2,142,9,142,-0.05410740524530411
2,142,10,1866,-0.805387020111084
2,143,1,2067,5.909832000732422
2,143,2,1892,5.353984832763672
2,143,3,2882,0.3681027889251709
2,143,4,2672,0.2684348523616791
2,143,5,2844,0.028804093599319458
2,143,6,1747,-0.24497611820697784
2,143,7,2969,-0.45432645082473755
2,143,8,508,-0.5840270519256592
2,143,9,554,-0.7955721616744995
2,143,10,2141,-1.204761028289795
2,144,1,2319,4.257175445556641
2,144,2,2395,1.6307154893875122
2,144,3,2649,-0.0069642337039113045
2,144,4,253,-0.024724315851926804
2,144,5,142,-0.03404749184846878
2,144,6,336,-0.053933244198560715
2,144,7,326,-0.06439533829689026
2,144,8,1977,-0.31122928857803345
2,144,9,1461,-0.6522778272628784
2,144,10,2484,-0.9475429058074951
2,145,1,1881,4.520018100738525
2,145,2,2319,4.088627815246582
2,145,3,865,1.764080286026001
2,145,4,1476,1.3678176403045654
2,145,5,2234,1.2898178100585938
2,145,6,1013,0.9260669946670532
2,145,7,2998,0.40759706497192383
2,145,8,474,0.4037901759147644
2,145,9,3015,0.17433756589889526
2,145,10,142,-0.0238335058093071
2,146,1,2940,4.8056535720825195
2,146,2,1881,3.400017261505127
2,146,3,2319,3.216322422027588
2,146,4,1592,0.9028178453445435
2,146,5,742,0.301806777715683
2,146,6,2897,-0.07820811867713928
2,146,7,69,-0.2861291170120239
2,146,8,220,-0.30820727348327637
2,146,9,394,-0.346222460269928
2,146,10,2867,-0.5741642713546753
2,147,1,1194,5.422274589538574
2,147,2,2668,4.006780624389648
2,147,3,2796,3.9589452743530273
2,147,4,1447,0.9413913488388062
2,147,5,2790,0.04406684637069702
2,147,6,957,-0.6263134479522705
2,148,1,560,5.023343086242676
2,148,2,780,4.152371406555176
2,148,3,1861,3.272568702697754
2,148,4,94,0.5350727438926697
2,148,5,2957,0.2921319007873535
2,148,6,1868,0.20483475923538208
2,148,7,2047,-0.06348514556884766
2,148,8,1931,-0.32238173484802246
2,148,9,1161,-0.41586607694625854
2,148,10,11,-1.4472695589065552
2,150,1,2751,5.872123718261719
2,150,2,1861,4.309741497039795
2,150,3,1267,1.2084630727767944
2,150,4,483,0.32698261737823486
2,150,5,2669,-0.016603313386440277
2,150,6,827,-0.029194112867116928
2,150,7,1198,-0.6285494565963745
2,150,8,168,-0.9786491394042969
2,150,9,2140,-1.0499756336212158
2,150,10,1386,-1.1711890697479248
2,151,1,1717,7.128993988037109
2,151,2,118,3.1416053771972656
2,151,3,1554,1.2287099361419678
2,151,4,1255,0.4558141231536865
2,151,5,674,0.3546757102012634
2,151,6,22,-0.03507202863693237
2,151,7,46,-0.07158292084932327
2,151,8,2440,-0.9793215394020081
2,151,9,387,-1.5934182405471802
2,153,1,2604,6.550128936767578
2,153,2,791,3.95687198638916
2,153,3,415,1.87317955493927
2,153,4,2099,1.074866771697998
2,153,5,2,0.6864007711410522
2,153,6,429,0.37230056524276733
2,153,7,1554,0.16893628239631653
2,153,8,2047,-0.05250491201877594
2,153,9,1671,-0.4316018521785736
2,153,10,957,-0.5470513105392456
2,154,1,136,6.659598350524902
2,154,2,2006,4.8746819496154785
2,154,3,2167,1.0973796844482422
2,154,4,1554,0.35186025500297546
2,154,5,231,-0.02705306187272072
2,154,6,2659,-0.060682132840156555
2,154,7,2493,-0.1199527382850647
2,155,1,186,3.9238224029541016
2,155,2,2006,2.9968104362487793
2,155,3,791,2.353111743927002
2,155,4,2184,1.9850833415985107
2,155,5,595,0.8569531440734863
2,155,6,609,0.8052847981452942
2,155,7,1422,0.2123028188943863
2,155,8,2176,0.1770513355731964
2,155,9,2802,0.08143991231918335
2,155,10,140,-0.011484944261610508
2,156,1,186,3.9580929279327393
2,156,2,2006,3.0669240951538086
2,156,3,791,2.4076461791992188
2,156,4,1087,0.25450098514556885
2,156,5,1002,0.07211625576019287
2,156,6,3084,-0.07693836092948914
2,156,7,338,-0.087525375187397
2,156,8,544,-0.41211771965026855
2,156,9,439,-1.0897364616394043
2,156,10,795,-1.2904610633850098
2,157,1,186,3.9431169033050537
2,157,2,2006,2.9978814125061035
2,157,3,791,2.3775227069854736
2,157,4,2112,0.9146867394447327
2,157,5,1698,0.25058549642562866
2,157,6,2923,0.03303748369216919
2,157,7,383,-0.021298691630363464
2,157,8,2326,-0.06202790141105652
2,157,9,1522,-0.5614575147628784
2,157,10,298,-0.8989606499671936
2,159,1,1586,1.5963973999023438
2,159,2,1087,0.7494977712631226
2,159,3,1701,0.4888269603252411
2,159,4,2516,0.00660165399312973
2,159,5,854,-0.006083888933062553
2,159,6,2363,-0.023636192083358765
2,159,7,1922,-0.03972816467285156
2,159,8,1902,-0.04164606332778931
2,159,9,283,-0.17045140266418457
2,159,10,2257,-1.0784281492233276
2,160,1,1315,4.167762756347656
2,160,2,1586,1.746121883392334
2,160,3,2686,0.6328416466712952
2,160,4,724,0.3672703206539154
2,160,5,1922,-0.04669308662414551
2,160,6,1422,-0.4476381838321686
2,160,7,1685,-0.7502050399780273
2,160,8,1696,-1.0370266437530518
2,160,9,2990,-1.8329696655273438
2,161,1,1657,5.646244049072266
2,161,2,1588,4.43447208404541
2,161,3,1586,1.862926959991455
2,161,4,2273,1.0896754264831543
2,161,5,2326,0.48373275995254517
2,161,6,644,0.47551822662353516
2,161,7,2128,0.28277891874313354
2,161,8,724,0.06774717569351196
2,161,9,164,0.032807931303977966
2,161,10,977,-0.01484953984618187
2,162,1,773,4.6536664962768555
2,162,2,1726,4.369499683380127
2,162,3,2053,3.281834125518799
2,162,4,477,0.46238869428634644
2,162,5,1542,0.44637876749038696
2,162,6,318,-0.046848900616168976
2,162,7,3073,-0.5393679141998291
2,162,8,1145,-1.0198160409927368
2,162,9,424,-1.112215518951416
2,163,1,32,5.433719635009766
2,163,2,551,4.879117012023926
2,163,3,1726,4.526158332824707
2,163,4,158,0.7602441310882568
2,163,5,90,0.2875784635543823
2,163,6,2630,0.2822868824005127
2,163,7,2655,-0.004420584067702293
2,163,8,854,-0.02607082575559616
2,163,9,2751,-0.4385676383972168
2,163,10,2283,-0.4715031385421753
2,164,1,551,5.86356258392334
2,164,2,2053,4.18159818649292
2,164,3,2678,3.7508957386016846
2,164,4,2923,0.1449381411075592
2,164,5,2543,-0.06787598133087158
2,164,6,1275,-0.11751717329025269
2,164,7,1442,-0.5712835788726807
2,164,8,2170,-0.7235298156738281
2,164,9,2787,-1.45770263671875
2,165,1,1059,8.333992958068848
2,165,2,2053,5.182232856750488
2,165,3,1078,2.6228113174438477
2,165,4,2341,1.2032573223114014
2,165,5,628,0.7944586277008057
2,165,6,1470,-0.025522684678435326
2,165,7,962,-0.03184757009148598
2,165,8,2026,-0.03677117079496384
2,165,9,2546,-0.04181177541613579
2,165,10,2673,-0.05737948790192604
2,166,1,1757,5.799168586730957
2,166,2,354,5.026514053344727
2,166,3,1237,4.9172258377075195
2,166,4,2804,0.37871649861335754
2,166,5,766,-0.027732428163290024
2,166,6,336,-0.045160047709941864
2,166,7,1531,-0.23725895583629608
2,166,8,755,-0.6264231204986572
2,166,9,2609,-0.8592305183410645
2,166,10,555,-0.927049458026886
2,167,1,1725,4.719866752624512
2,167,2,2030,3.274658679962158
2,167,3,2533,3.1352696418762207
2,167,4,1395,2.1253695487976074
2,167,5,6,1.1088817119598389
2,167,6,2355,0.9059141874313354
2,167,7,2963,0.47916078567504883
2,167,8,316,0.32021477818489075
2,167,9,1006,-0.08414733409881592
2,167,10,297,-0.11341378092765808
2,168,1,1302,6.107880592346191
2,168,2,3041,5.580807685852051
2,168,3,990,4.298318386077881
2,168,4,2121,1.8712403774261475
2,168,5,955,-0.021203339099884033
2,168,6,2225,-0.05505784973502159
2,168,7,1478,-0.14375540614128113
2,168,8,1518,-0.1833873689174652
2,168,9,980,-0.28858697414398193
2,168,10,2975,-0.6535380482673645
2,169,1,2286,5.647916793823242
2,169,2,1415,5.4955291748046875
2,169,3,354,5.021912574768066
2,169,4,321,0.7709736227989197
2,169,5,402,0.534337043762207
2,169,6,2352,0.3594825267791748
2,169,7,783,-0.5650849342346191
2,169,8,998,-0.7732582092285156
2,169,9,185,-1.0858864784240723
2,169,10,1232,-1.688966155052185
2,170,1,1202,7.329744338989258
2,170,2,1302,6.438753604888916
2,170,3,1237,6.175814628601074
2,170,4,2868,2.6168198585510254
2,170,5,186,0.6943767070770264
2,170,6,835,0.5173508524894714
2,170,7,1840,-0.07550721615552902
2,170,8,1399,-0.46447309851646423
2,170,9,664,-0.8127033710479736
2,170,10,1265,-1.5198878049850464
2,171,1,2719,5.877958297729492
2,171,2,453,5.187714099884033
2,171,3,2560,4.557445526123047
2,171,4,2848,1.1885616779327393
2,171,5,1871,1.1017968654632568
2,171,6,1424,0.23539888858795166
2,171,7,1012,-0.02005353569984436
2,171,8,987,-0.05005001649260521
2,171,9,3009,-0.09562135487794876
2,171,10,106,-0.3741692304611206
2,172,1,2137,5.986359119415283
2,172,2,2846,-0.03302299231290817
2,172,3,383,-0.07656839489936829
2,172,4,853,-0.09027446806430817
2,172,5,3053,-0.09706997871398926
2,172,6,2324,-0.2974280118942261
2,172,7,1866,-0.34636640548706055
2,172,8,536,-0.777431070804596
2,172,9,2112,-1.1792422533035278
2,173,1,2922,5.459752082824707
2,173,2,1047,5.342006683349609
2,173,3,93,0.38669514656066895
2,173,4,2759,0.3488066792488098
2,173,5,2706,0.12255352735519409
2,173,6,2354,0.07784682512283325
2,173,7,143,-0.030204150825738907
2,173,8,698,-0.0419996976852417
2,173,9,383,-0.06410032510757446
2,173,10,2997,-0.27613401412963867
2,174,1,1047,5.1730499267578125
2,174,2,1518,1.4638222455978394
2,174,3,459,1.1201426982879639
2,174,4,398,0.19372445344924927
2,174,5,911,-0.024847304448485374
2,174,6,318,-0.0652143582701683
2,174,7,2708,-0.10759949684143066
2,174,8,1522,-0.14974083006381989
2,174,9,1939,-0.297605037689209
2,174,10,2111,-0.6118530035018921
2,175,1,2719,5.413025379180908
2,175,2,1650,5.226315021514893
2,175,3,2073,4.783185958862305
2,175,4,310,2.31162166595459
2,175,5,402,1.642920970916748
2,175,6,498,1.462852954864502
2,175,7,608,0.02048039436340332
2,175,8,3057,-0.029929935932159424
2,175,9,975,-0.6231083869934082
2,176,1,674,6.1829705238342285
2,176,2,1650,5.635927677154541
2,176,3,2073,5.310288429260254
2,176,4,2789,1.8326454162597656
2,176,5,1362,0.29319459199905396
2,176,6,157,-0.02951342985033989
2,176,7,2673,-0.030204199254512787
2,176,8,595,-0.20220482349395752
2,176,9,3004,-0.3619218170642853
2,176,10,2377,-0.6030582785606384
2,177,1,2920,6.083373069763184
2,177,2,2315,1.6394538879394531
2,177,3,459,1.0246516466140747
2,177,4,343,-0.06255263090133667
2,177,5,318,-0.06440406292676926
2,177,6,1522,-0.0747503936290741
2,177,7,1145,-0.207556813955307
2,177,8,289,-0.33579424023628235
2,177,9,325,-0.7028906941413879
2,177,10,2363,-1.103696346282959
2,178,1,2192,5.283587455749512
2,178,2,494,4.150928020477295
2,178,3,2989,2.582514762878418
2,178,4,1645,1.9765855073928833
2,178,5,2751,0.7933078408241272
2,178,6,1771,-0.07398360222578049
2,178,7,2616,-1.0769106149673462
2,178,8,1491,-1.300582766532898
2,179,1,415,6.506651878356934
2,179,2,1156,5.41829776763916
2,179,3,129,3.6167218685150146
2,179,4,2286,1.3674181699752808
2,179,5,2702,1.3593374490737915
2,179,6,1621,0.7573419809341431
2,179,7,509,-0.27064085006713867
2,179,8,81,-0.5626739263534546
2,179,9,1985,-0.6261740922927856
2,180,1,1287,5.697882652282715
2,180,2,2713,5.39073371887207
2,180,3,2951,2.0873544216156006
2,180,4,184,1.1080832481384277
2,180,5,434,0.6353855133056641
2,180,6,2817,0.2381041944026947
2,180,7,230,0.04309356212615967
2,180,8,2942,-0.0032335221767425537
2,180,9,962,-0.04242395609617233
2,180,10,509,-0.3925570249557495
2,181,1,1287,5.888125419616699
2,181,2,129,3.8216233253479004
2,181,3,346,0.43014591932296753
2,181,4,230,0.01946479082107544
2,181,5,169,-0.054547250270843506
2,181,6,1866,-0.739322304725647
2,181,7,1448,-1.1644995212554932
2,182,1,1044,5.981659889221191
2,182,2,1686,5.9190673828125
2,182,3,2713,4.868412494659424
2,182,4,2167,2.100971221923828
2,182,5,1721,1.2022899389266968
2,182,6,93,0.5809464454650879
2,182,7,2321,0.3217950463294983
2,182,8,2819,-0.018969768658280373
2,182,9,142,-0.03131668269634247
2,182,10,889,-0.051420439034700394
2,183,1,193,7.255443572998047
2,183,2,2994,4.891290664672852
2,183,3,1295,4.247047424316406
2,183,4,1202,2.0509109497070312
2,183,5,3009,0.8254679441452026
2,183,6,1278,0.6665599942207336
2,183,7,699,0.6046339273452759
2,183,8,766,-0.05653839185833931
2,183,9,2542,-0.07694364339113235
2,183,10,3069,-0.15672534704208374
2,184,1,1620,6.322298049926758
2,184,2,1235,6.074423789978027
2,184,3,2994,4.2871527671813965
2,184,4,1454,0.8316515684127808
2,184,5,2896,0.7835153341293335
2,184,6,2882,0.5825382471084595
2,184,7,1112,0.4134104251861572
2,184,8,128,0.24208274483680725
2,184,9,216,0.1996673047542572
2,184,10,1360,-0.1312371790409088
2,185,1,257,5.7447075843811035
2,185,2,1235,5.462247371673584
2,185,3,1295,3.4179553985595703
2,185,4,2702,1.8870387077331543
2,185,5,1910,1.0759632587432861
2,185,6,1163,-0.6229380369186401
2,186,1,1429,7.000426292419434
2,186,2,1754,6.685348987579346
2,186,3,2897,4.403938293457031
2,186,4,1461,2.1916005611419678
2,186,5,2121,1.5380192995071411
2,186,6,1839,1.1413893699645996
2,186,7,1212,0.8669943809509277
2,186,8,1817,0.7178272604942322
2,186,9,375,0.27840280532836914
2,186,10,520,-0.4722810387611389
2,187,1,40,7.237723350524902
2,187,2,2237,6.938986301422119
2,187,3,3062,5.946619033813477
2,187,4,2989,1.7851811647415161
2,187,5,1223,1.7652783393859863
2,187,6,991,0.8273023962974548
2,187,7,2776,0.7142008543014526
2,187,8,560,0.3848843276500702
2,187,9,1928,-0.0253914725035429
2,187,10,3069,-0.12248559296131134
2,188,1,2957,6.848227500915527
2,188,2,3016,5.686766624450684
2,188,3,615,5.479955196380615
2,188,4,861,1.6862260103225708
2,188,5,2599,0.45688608288764954
2,188,6,990,0.4373752474784851
2,188,7,2234,0.274533748626709
2,188,8,1082,0.03407084941864014
2,188,9,1685,-0.1280740201473236
2,188,10,1015,-1.3971914052963257
2,189,1,2502,4.429930686950684
2,189,2,748,4.4270734786987305
2,189,3,615,4.325203895568848
2,189,4,2285,1.0149657726287842
2,189,5,2974,-0.365180104970932
2,189,6,1160,-0.6492605209350586
2,189,7,504,-1.0301141738891602
2,189,8,168,-1.1560454368591309
2,189,9,1409,-1.2471116781234741
2,189,10,1063,-1.5121643543243408
2,190,1,2502,5.857156753540039
2,190,2,698,5.788883209228516
2,190,3,316,4.673558235168457
2,190,4,1513,1.4910595417022705
2,190,5,629,1.1809377670288086
2,190,6,2922,0.8104796409606934
2,190,7,1833,0.4579061269760132
2,190,8,1570,0.3526044189929962
2,190,9,429,0.33838772773742676
2,190,10,859,0.08303993940353394
2,191,1,2356,5.906158924102783
2,191,2,1638,4.560366630554199
2,191,3,584,1.5405302047729492
2,191,4,2369,1.2013273239135742
2,191,5,731,0.14731979370117188
2,191,6,25,-0.07653400301933289
2,191,7,2590,-2.441458225250244
2,192,1,1858,4.792471885681152
2,192,2,1525,1.3813693523406982
2,192,3,1044,1.1581279039382935
2,192,4,731,0.2808091342449188
2,192,5,2901,-0.042113613337278366
2,192,6,1992,-0.2887507975101471
2,192,7,1769,-0.3558082580566406
2,192,8,783,-0.9018281102180481
2,192,9,633,-1.000232219696045
2,192,10,447,-2.150282382965088
2,194,1,1638,4.002492904663086
2,194,2,2191,3.773130416870117
2,194,3,615,3.1765058040618896
2,194,4,2552,1.2152099609375
2,194,5,2285,1.049700379371643
2,194,6,864,0.4052391052246094
2,194,7,2708,0.3792272210121155
2,194,8,731,0.2040136307477951
2,194,9,286,-0.5480587482452393
2,194,10,2743,-2.5066545009613037
2,195,1,986,4.314173221588135
2,195,2,2925,4.071992874145508
2,195,3,1525,2.469034194946289
2,195,4,2356,2.3027267456054688
2,195,5,2674,-0.03650643303990364
2,195,6,634,-0.2198875993490219
2,195,7,906,-0.6208133697509766
2,195,8,672,-0.6942965984344482
2,195,9,1449,-0.9230992197990417
2,195,10,2911,-1.867202639579773
2,196,1,2191,0.5205922722816467
2,196,2,2107,0.4751662015914917
2,196,3,1412,0.2351909875869751
2,196,4,1236,0.16208471357822418
2,196,5,3068,-0.04892688989639282
2,196,6,1369,-0.2319980263710022
2,196,7,2326,-0.35947859287261963
2,196,8,2112,-0.41269421577453613
2,196,9,1724,-0.5067925453186035
2,196,10,2496,-0.8118093013763428
2,197,1,1080,1.529954195022583
2,197,2,3061,0.6368982195854187
2,197,3,1236,0.1381530463695526
2,197,4,3068,-0.052577678114175797
2,197,5,1365,-0.1812368482351303
2,197,6,1592,-0.35750821232795715
2,197,7,2326,-0.5054987668991089
2,197,8,2566,-0.5857105255126953
2,197,9,30,-0.6990733742713928
2,198,1,2099,5.274866104125977
2,198,2,1638,0.42010971903800964
2,198,3,1053,0.17567875981330872
2,198,4,1975,-0.03086649812757969
2,198,5,1236,-0.11337888985872269
2,198,6,2209,-0.49956604838371277
2,198,7,1571,-0.5713357329368591
2,198,8,566,-0.759452223777771
2,199,1,2658,5.716536045074463
2,199,2,972,4.400566101074219
2,199,3,1793,1.0331168174743652
2,199,4,2642,0.8172181248664856
2,199,5,1014,-0.0015043644234538078
2,199,6,2819,-0.0026896903291344643
2,199,7,1726,-0.44494834542274475
2,199,8,1899,-0.4667147397994995
2,199,9,2183,-0.9822949171066284
2,201,1,2283,5.274137020111084
2,201,2,972,5.106201171875
2,201,3,1831,1.1906204223632812
2,201,4,3037,0.6538482904434204
2,201,5,962,-0.005280990153551102
2,201,6,1881,-0.20190653204917908
2,201,7,2303,-0.24000896513462067
2,201,8,2328,-0.4370134472846985
2,202,1,696,7.872818470001221
2,202,2,1028,7.018625259399414
2,202,3,2253,5.973320960998535
2,202,4,1002,0.8879445791244507
2,202,5,1340,0.6106089353561401
2,202,6,864,0.2948138415813446
2,202,7,314,-0.07096949219703674
2,202,8,1059,-0.6905149817466736
2,202,9,1275,-0.7312929034233093
2,202,10,2817,-0.8078383207321167
2,203,1,1028,4.8440470695495605
2,203,2,220,3.3654377460479736
2,203,3,1812,0.6741691827774048
2,203,4,1723,0.5830100178718567
2,203,5,982,0.39868196845054626
2,203,6,520,0.2526093125343323
2,203,7,1014,0.0012992145493626595
2,203,8,1528,-0.09764911234378815
2,203,9,65,-0.2137857973575592
2,203,10,906,-0.2187822163105011
2,204,1,1208,4.881011962890625
2,204,2,2557,4.667508602142334
2,204,3,2788,4.297635555267334
2,204,4,1360,1.0817410945892334
2,204,5,1811,0.39919620752334595
2,204,6,1346,0.1427038013935089
2,204,7,1985,-0.0075807273387908936
2,204,8,2961,-0.284952312707901
2,204,9,1310,-0.5043610334396362
2,204,10,1315,-0.5088768005371094
2,205,1,2788,4.637473106384277
2,205,2,2339,4.290846824645996
2,205,3,1913,3.323901653289795
2,205,4,2384,1.3694610595703125
2,205,5,2078,1.1893692016601562
2,205,6,143,0.004749257117509842
2,205,7,98,0.0039114803075790405
2,205,8,1791,-0.21328704059123993
2,205,9,611,-0.5699394941329956
2,206,1,1913,4.20738410949707
2,206,2,1116,0.22185611724853516
2,206,3,786,0.013369807973504066
2,206,4,2228,-0.028449414297938347
2,206,5,996,-0.04040282964706421
2,206,6,1435,-0.07578492164611816
2,206,7,1809,-0.1728953719139099
2,206,8,1064,-0.578014612197876
2,206,9,44,-0.7887457609176636
2,206,10,2315,-1.1294032335281372
2,207,1,1208,5.452905178070068
2,207,2,747,5.262897491455078
2,207,3,2339,4.4203267097473145
2,207,4,2196,1.0875970125198364
2,207,5,149,0.0328289158642292
2,207,6,176,-0.09280799329280853
2,207,7,1543,-0.6523959040641785
2,207,8,1045,-0.8450890779495239
2,208,1,2754,4.495558738708496
2,208,2,482,1.3659131526947021
2,208,3,2759,1.2051361799240112
2,208,4,2165,0.9683060646057129
2,208,5,1988,0.5280905961990356
2,208,6,434,0.0332048237323761
2,208,7,786,0.016645368188619614
2,208,8,2228,-0.026221338659524918
2,209,1,1409,7.699054718017578
2,209,2,1360,7.640882968902588
2,209,3,2802,4.750002861022949
2,209,4,2042,0.8672406673431396
2,209,5,1176,-0.5664841532707214
2,209,6,2844,-0.8321834206581116
2,209,7,426,-1.630401849746704
2,209,8,1594,-1.746140480041504
2,210,1,1978,3.8186421394348145
2,210,2,974,3.146367073059082
2,210,3,2188,0.5829943418502808
2,210,4,375,0.37677615880966187
2,210,5,2615,0.3479541540145874
2,210,6,2911,0.07553750276565552
2,210,7,2819,0.024569129571318626
2,210,8,134,0.010873718187212944
2,210,9,1255,-1.165460467338562
2,211,1,2923,7.424528121948242
2,211,2,1215,6.770280838012695
2,211,3,2513,4.072824001312256
2,211,4,2557,1.4596590995788574
2,211,5,1521,0.28261780738830566
2,211,6,455,0.23417946696281433
2,211,7,143,0.011977608315646648
2,211,8,193,-0.1759135127067566
2,211,9,1127,-0.7400813698768616
2,212,1,2322,5.625124931335449
2,212,2,2257,4.323325157165527
2,212,3,1739,3.655778646469116
2,212,4,2090,0.5043690800666809
2,212,5,58,0.1300959289073944
2,212,6,1758,0.03510788828134537
2,212,7,2323,-0.052122488617897034
2,212,8,767,-0.28031525015830994
2,212,9,1428,-0.41772550344467163
2,212,10,585,-0.5933085083961487
2,214,1,2986,6.400710582733154
2,214,2,2757,4.8794145584106445
2,214,3,2513,3.861431121826172
2,214,4,1190,1.5942070484161377
2,214,5,2194,0.9320794939994812
2,214,6,2197,0.7537991404533386
2,214,7,2649,0.02918398752808571
2,214,8,2793,-0.3662137985229492
2,214,9,2092,-0.3881648778915405
2,214,10,1535,-1.0287877321243286
2,216,1,1409,6.917937755584717
2,216,2,1360,6.866788864135742
2,216,3,5,5.199212551116943
2,216,4,2790,-0.023981869220733643
2,216,5,2686,-0.27822306752204895
2,216,6,1531,-0.32809093594551086
2,216,7,1588,-0.5645425915718079
2,216,8,2184,-0.8970709443092346
2,217,1,393,5.563149452209473
2,217,2,1275,5.312032222747803
2,217,3,198,0.8268819451332092
2,217,4,1977,0.7031322717666626
2,217,5,2353,0.19744965434074402
2,217,6,466,0.05590185523033142
2,217,7,2819,0.03334485739469528
2,217,8,1481,-0.04450833797454834
2,217,9,523,-0.5028610229492188
2,217,10,2740,-0.576261043548584
2,218,1,2440,5.787862300872803
2,218,2,1739,3.8961267471313477
2,218,3,540,0.8148511052131653
2,218,4,2713,0.4314718246459961
2,218,5,2819,0.03166892006993294
2,218,6,2758,0.02610842138528824
2,218,7,1688,-0.41167593002319336
2,219,1,617,6.166558742523193
2,219,2,1769,3.5199050903320312
2,219,3,1739,3.4219613075256348
2,219,4,2757,3.3585023880004883
2,219,5,736,0.0412096232175827
2,219,6,1538,0.02062806487083435
2,219,7,471,-0.12943872809410095
2,219,8,2603,-0.259642630815506
2,219,9,1550,-0.3892645835876465
2,219,10,2309,-0.576080322265625
2,220,1,270,4.102437973022461
2,220,2,1769,2.5314056873321533
2,220,3,3043,0.2361411601305008
2,220,4,1082,0.08118565380573273
2,220,5,2819,0.022112051025032997
2,220,6,2107,-0.43041670322418213
2,220,7,1737,-0.46104127168655396
2,220,8,2621,-0.6316761374473572
2,220,9,2412,-0.8227134943008423
2,220,10,1255,-1.2152650356292725
2,221,1,759,6.248412132263184
2,221,2,63,6.177717208862305
2,221,3,597,5.652088165283203
2,221,4,1303,0.03448060527443886
2,221,5,1726,-0.07357066869735718
2,221,6,385,-0.5016704201698303
2,222,1,63,6.322188377380371
2,222,2,1171,6.032954216003418
2,222,3,430,1.0245203971862793
2,222,4,447,0.35998815298080444
2,222,5,2270,0.21379590034484863
2,222,6,394,0.18211165070533752
2,222,7,855,0.04565054178237915
2,222,8,736,-0.11670272052288055
2,222,9,2536,-0.24045732617378235
2,222,10,1030,-0.36783191561698914
2,224,1,666,5.6988630294799805
2,224,2,597,4.805298805236816
2,224,3,2339,0.6959691047668457
2,224,4,860,0.5451774597167969
2,224,5,1335,0.41865769028663635
2,224,6,2478,0.0029914136976003647
2,224,7,479,-0.19616490602493286
2,224,8,512,-0.23554253578186035
2,225,1,2708,5.106278419494629
2,225,2,2145,0.12156784534454346
2,225,3,827,0.051873378455638885
2,225,4,1926,0.03519400954246521
2,225,5,222,-0.01290981750935316
2,225,6,2156,-0.01655082404613495
2,225,7,429,-0.31249451637268066
2,225,8,80,-0.31954294443130493
2,225,9,2739,-0.3334265947341919
2,225,10,186,-0.9407275915145874
2,226,1,1659,6.038124084472656
2,226,2,1673,5.531325817108154
2,226,3,1945,5.381726264953613
2,226,4,1682,0.7077939510345459
2,226,5,1809,0.30622124671936035
2,226,6,49,0.18938440084457397
2,226,7,319,0.08268801867961884
2,226,8,1247,-0.1403806358575821
2,226,9,2687,-0.20696455240249634
2,226,10,113,-0.7411542534828186
2,227,1,572,7.010362148284912
2,227,2,1659,6.1241912841796875
2,227,3,108,5.449005603790283
2,227,4,1101,1.039812684059143
2,227,5,2922,0.7283236980438232
2,227,6,308,0.21548879146575928
2,227,7,46,0.0443791002035141
2,227,8,1206,-1.790204644203186
2,228,1,2938,4.928293228149414
2,228,2,189,4.796916961669922
2,228,3,2185,4.296332359313965
2,228,4,1582,0.17024260759353638
2,228,5,1838,-0.1460513174533844
2,228,6,354,-0.3003212511539459
2,228,7,699,-0.4327121675014496
2,228,8,1988,-0.713935375213623
2,228,9,1407,-0.7306065559387207
2,229,1,2595,6.43911075592041
2,229,2,1673,5.644224166870117
2,229,3,108,5.47873592376709
2,229,4,1632,1.7415119409561157
2,229,5,393,1.6362369060516357
2,229,6,2188,0.5820975303649902
2,229,7,2669,0.002788238227367401
2,229,8,880,-0.28267902135849
2,229,9,699,-0.6232534646987915
2,229,10,2576,-0.7118833065032959
2,230,1,2165,5.127091884613037
2,230,2,30,5.091637134552002
2,230,3,2708,4.779727935791016
2,230,4,198,3.6717171669006348
2,230,5,1682,0.7349251508712769
2,230,6,264,0.4483470022678375
2,230,7,1963,0.29679030179977417
2,230,8,362,0.014206434600055218
2,230,9,2502,-0.09864592552185059
2,230,10,750,-0.47660118341445923
2,231,1,613,4.851341247558594
2,231,2,1931,4.488428115844727
2,231,3,1787,4.319785118103027
2,231,4,2866,0.08537714183330536
2,231,5,1861,-0.11548471450805664
2,231,6,1582,-0.12521576881408691
2,231,7,1354,-0.2281266152858734
2,231,8,2882,-0.4836433529853821
2,231,9,1447,-0.7394340634346008
2,231,10,2303,-0.9037381410598755
2,232,1,2990,5.325963497161865
2,232,2,613,5.082866191864014
2,232,3,1787,4.682791233062744
2,232,4,270,1.169328212738037
2,232,5,360,0.6326848864555359
2,232,6,1780,0.046201903373003006
2,232,7,1158,0.041259825229644775
2,232,8,1541,-0.2849886417388916
2,232,9,2668,-0.3594604730606079
2,232,10,550,-1.1202244758605957
2,233,1,613,4.561606407165527
2,233,2,2938,4.35463809967041
2,233,3,1977,4.271347522735596
2,233,4,1931,4.244348049163818
2,233,5,2911,0.45762327313423157
2,233,6,861,0.24274057149887085
2,233,7,1163,-0.34071624279022217
2,233,8,1970,-0.647784948348999
2,233,9,155,-1.2427152395248413
2,235,1,1465,6.005886077880859
2,235,2,416,5.460474967956543
2,235,3,2389,4.504480838775635
2,235,4,8,0.5567258596420288
2,235,5,1159,0.14101819694042206
2,235,6,2296,-0.2716694176197052
2,235,7,599,-0.5239459276199341
2,235,8,400,-0.7263127565383911
2,235,9,1007,-0.8935261964797974
2,236,1,1744,6.711850166320801
2,236,2,1346,4.0099287033081055
2,236,3,2093,0.6471831798553467
2,236,4,1478,0.5645110607147217
2,236,5,1490,0.4044472277164459
2,236,6,1579,0.21580523252487183
2,236,7,1926,0.02229894883930683
2,236,8,314,-0.10287213325500488
2,236,9,500,-0.31506940722465515
2,236,10,1089,-0.8472119569778442
2,237,1,2916,5.892720699310303
2,237,2,1632,5.31678581237793
2,237,3,1160,4.439023494720459
2,237,4,1754,0.11979318410158157
2,237,5,1917,0.012283064424991608
2,237,6,2048,-0.30167266726493835
2,237,7,948,-0.5637615919113159
2,237,8,1399,-0.8499306440353394
2,237,9,2341,-0.9034278392791748
2,237,10,2191,-1.0014424324035645
2,238,1,514,6.15820837020874
2,238,2,1744,5.614703178405762
2,238,3,2180,5.511528968811035
2,238,4,754,0.35596978664398193
2,238,5,1579,0.22312745451927185
2,238,6,506,-0.14518097043037415
2,238,7,2387,-0.3751627802848816
2,238,8,542,-1.3156986236572266
2,238,9,1979,-1.4041476249694824
2,239,1,532,5.192142486572266
2,239,2,2092,4.603893280029297
2,239,3,1346,3.119004726409912
2,239,4,221,0.5731853246688843
2,239,5,343,0.022938333451747894
2,239,6,773,-0.04208308458328247
2,239,7,1251,-0.05599813163280487
2,239,8,833,-0.258591890335083
2,239,9,471,-1.1045114994049072
2,240,1,2345,6.0500593185424805
2,240,2,2209,3.4794912338256836
2,240,3,2009,3.376023769378662
2,240,4,2084,0.9510012269020081
2,240,5,184,0.658227801322937
2,240,6,1535,0.2596018314361572
2,240,7,730,0.23304715752601624
2,240,8,2659,0.1149749755859375
2,240,9,169,0.06273484230041504
2,240,10,2184,-1.0618051290512085
2,241,1,1413,6.614278316497803
2,241,2,1615,5.121433258056641
2,241,3,793,4.559484958648682
2,241,4,1952,0.2047102004289627
2,241,5,2312,0.16141952574253082
2,241,6,2019,-0.3970617353916168
2,241,7,843,-0.4048267900943756
2,241,8,1761,-0.5266517400741577
2,242,1,447,6.222652435302734
2,242,2,1615,4.815532684326172
2,242,3,1936,4.580437660217285
2,242,4,2156,0.9784330725669861
2,242,5,198,0.6543189287185669
2,242,6,2654,0.47053027153015137
2,242,7,2841,0.018695104867219925
2,242,8,833,-0.08378316462039948
2,242,9,788,-0.4494629502296448
2,242,10,1945,-0.5918623208999634
2,243,1,1067,6.262621879577637
2,243,2,2576,6.142666816711426
2,243,3,793,4.627117156982422
2,243,4,852,0.3379160761833191
2,243,5,149,0.012951379641890526
2,243,6,3042,-0.3374801278114319
2,243,7,1698,-0.5387513041496277
2,243,8,1657,-0.5858157873153687
2,243,9,2705,-0.6663764715194702
2,243,10,1980,-0.9058966636657715
2,244,1,1654,5.764115333557129
2,244,2,2576,5.406719207763672
2,244,3,2293,5.143540382385254
2,244,4,2092,2.2142486572265625
2,244,5,2727,0.2940288484096527
2,244,6,1332,0.052352093160152435
2,244,7,1917,0.013216882944107056
2,244,8,342,-0.003743438981473446
2,244,9,980,-0.5166427493095398
2,244,10,634,-0.5259346961975098
2,245,1,2293,6.272944450378418
2,245,2,1615,5.7879180908203125
2,245,3,1893,4.966598033905029
2,245,4,2759,0.5767056941986084
2,245,5,112,0.44007179141044617
2,245,6,861,0.08701834082603455
2,245,7,538,0.07493168115615845
2,245,8,2868,0.06471158564090729
2,245,9,534,-0.31765225529670715
2,245,10,1818,-0.47030317783355713
2,246,1,656,5.962025165557861
2,246,2,627,5.916409015655518
2,246,3,1121,5.237716197967529
2,246,4,514,2.6462833881378174
2,246,5,2007,-0.014092087745666504
2,246,6,3063,-0.7293808460235596
2,246,7,81,-0.8350085616111755
2,246,8,1692,-0.8613667488098145
2,246,9,294,-1.0448001623153687
2,247,1,97,4.730430603027344
2,247,2,1870,4.0631537437438965
2,247,3,1456,2.8610212802886963
2,247,4,1429,0.6354039907455444
2,247,5,321,0.11988897621631622
2,247,6,1304,0.0952153429389
2,247,7,536,-0.007967352867126465
2,247,8,1957,-0.023967117071151733
2,247,9,1165,-0.21232695877552032
2,247,10,513,-0.5062753558158875
2,248,1,283,5.000148773193359
2,248,2,1456,3.4680612087249756
2,248,3,539,0.4673589766025543
2,248,4,916,0.04552294686436653
2,248,5,3031,-0.007596432697027922
2,248,6,272,-0.5626932978630066
2,248,7,2793,-1.5142621994018555
2,249,1,2664,5.2400336265563965
2,249,2,283,5.212044715881348
2,249,3,1456,3.6729750633239746
2,249,4,3084,0.06266254186630249
2,249,5,1538,-0.19919511675834656
2,249,6,524,-0.20841366052627563
2,249,7,652,-0.23426035046577454
2,249,8,93,-0.34096840023994446
2,249,9,1638,-0.788109540939331
2,249,10,1344,-1.8990135192871094
2,250,1,2160,5.935295104980469
2,250,2,1870,4.423959732055664
2,250,3,259,1.599128246307373
2,250,4,916,0.05608807131648064
2,250,5,2974,-0.15394091606140137
2,250,6,2931,-0.366546094417572
2,250,7,2787,-0.6014294624328613
2,250,8,1635,-1.0120311975479126
2,250,9,2303,-1.0265921354293823
2,250,10,1300,-1.1158947944641113
2,251,1,1376,5.6558332443237305
2,251,2,2324,5.362811088562012
2,251,3,1015,5.027156829833984
2,251,4,2888,0.2327190637588501
2,251,5,2830,0.11846528947353363
2,251,6,1231,-0.500978946685791
2,251,7,634,-0.5408589243888855
2,252,1,504,5.732410907745361
2,252,2,2324,5.272208213806152
2,252,3,2961,5.238536834716797
2,252,4,1380,1.7278285026550293
2,252,5,1472,0.3043186068534851
2,252,6,482,0.28833597898483276
2,252,7,2604,0.22661542892456055
2,252,8,1656,0.04881855845451355
2,252,9,1775,-0.423319935798645
2,252,10,1157,-0.5473589301109314
2,253,1,1376,5.734479904174805
2,253,2,1015,5.103343486785889
2,253,3,289,3.235286235809326
2,253,4,1251,-0.24710384011268616
2,253,5,535,-0.9958750009536743
2,253,6,750,-1.071042537689209
2,253,7,566,-1.2499706745147705
2,254,1,183,7.02353572845459
2,254,2,653,6.486905097961426
2,254,3,289,3.6933159828186035
2,254,4,1180,1.7896686792373657
2,254,5,1006,0.053690917789936066
2,254,6,895,-0.014588081277906895
2,254,7,1089,-0.3059622347354889
2,254,8,2053,-0.4990028142929077
2,254,9,1091,-0.5712059736251831
2,254,10,91,-1.79794180393219
2,255,1,2324,5.30085563659668
2,255,2,664,5.241506576538086
2,255,3,2961,4.935429096221924
2,255,4,46,0.08799717575311661
2,255,5,1644,-0.42751461267471313
2,255,6,536,-0.5421053767204285
2,255,7,2442,-0.5939571261405945
2,255,8,539,-0.7037465572357178
2,255,9,1435,-1.7045261859893799
2,255,10,297,-2.203847646713257
2,256,1,653,5.905079364776611
2,256,2,664,5.316189765930176
2,256,3,2961,5.2505035400390625
2,256,4,890,0.6224339008331299
2,256,5,3079,0.08234570175409317
2,256,6,3068,0.03411842882633209
2,256,7,621,-0.552841067314148
2,256,8,2700,-0.6177253723144531
2,256,9,1037,-0.6308419108390808
2,256,10,2237,-1.5421675443649292
2,257,1,2769,6.513300895690918
2,257,2,2772,4.358687400817871
2,257,3,78,4.044460296630859
2,257,4,1902,0.02602173388004303
2,257,5,2347,-1.2480980157852173
2,258,1,44,5.569799423217773
2,258,2,105,4.559943199157715
2,258,3,3059,0.32539206743240356
2,258,4,239,0.06350859999656677
2,258,5,380,0.051242392510175705
2,258,6,12,0.01616485044360161
2,258,7,1569,-0.5370453596115112
2,258,8,2219,-1.2963509559631348
2,258,9,2014,-1.310914158821106
2,258,10,556,-1.563539981842041
2,259,1,852,6.337367057800293
2,259,2,273,5.464437484741211
2,259,3,2328,3.6598267555236816
2,259,4,1580,1.0688196420669556
2,259,5,1871,-0.10233193635940552
2,259,6,890,-0.3333893120288849
2,259,7,1194,-0.35924816131591797
2,259,8,2630,-0.46779412031173706
2,259,9,1341,-0.8859822154045105
2,259,10,1045,-1.7103769779205322
2,260,1,787,5.4398369789123535
2,260,2,2975,4.864882469177246
2,260,3,2328,4.195097923278809
2,260,4,2988,0.09827356785535812
2,260,5,1332,0.05565205216407776
2,260,6,2568,-0.04909507930278778
2,260,7,3010,-0.2842254340648651
2,260,8,2412,-0.42152267694473267
2,261,1,44,4.185361862182617
2,261,2,2772,2.944176197052002
2,261,3,78,2.7986910343170166
2,261,4,1484,0.6469563841819763
2,261,5,1018,0.5087683796882629
2,261,6,1467,0.3921011984348297
2,261,7,1603,0.15233546495437622
2,261,8,977,0.03310322016477585
2,261,9,1116,0.006621301174163818
2,261,10,890,-0.20210428535938263
2,262,1,1716,6.861701965332031
2,262,2,259,6.307454586029053
2,262,3,1293,0.7787941694259644
2,262,4,2974,0.32946449518203735
2,262,5,645,0.030116528272628784
2,262,6,772,0.01806892640888691
2,262,7,12,0.00990807730704546
2,262,8,196,-0.19418030977249146
2,262,9,2090,-0.26442381739616394
2,262,10,692,-1.464529037475586
2,263,1,2429,6.147226333618164
2,263,2,259,5.454868793487549
2,263,3,2772,5.053222179412842
2,263,4,2910,0.8611129522323608
2,263,5,2210,0.26371994614601135
2,263,6,911,0.04619783163070679
2,263,7,3063,-0.22060167789459229
2,263,8,857,-0.24750745296478271
2,263,9,1518,-0.4817980229854584
2,263,10,599,-0.7262788414955139
2,264,1,2710,6.440267086029053
2,264,2,2640,5.897683143615723
2,264,3,164,3.8714089393615723
2,264,4,72,0.4647063612937927
2,264,5,447,-0.239095538854599
2,264,6,1203,-0.44465309381484985
2,264,7,1201,-0.6731433868408203
2,264,8,434,-0.8130031824111938
2,264,9,1435,-1.038362741470337
2,265,1,1383,6.466726303100586
2,265,2,2640,5.906650066375732
2,265,3,1750,3.6931710243225098
2,265,4,2595,0.2934771478176117
2,265,5,2359,0.237454354763031
2,265,6,2106,0.16525912284851074
2,265,7,1853,0.019512008875608444
2,265,8,1936,-0.09205889701843262
2,265,9,249,-0.6637132167816162
2,265,10,1246,-0.7597094774246216
2,266,1,1180,6.512317180633545
2,266,2,49,6.190019130706787
2,266,3,2867,3.8914525508880615
2,266,4,2595,0.330640971660614
2,266,5,2513,0.2510506510734558
2,266,6,1659,0.23089730739593506
2,266,7,980,-0.583066463470459
2,266,8,2972,-0.7129386067390442
2,266,9,1547,-0.7734123468399048
2,266,10,2256,-0.9276738166809082
2,267,1,49,5.461409568786621
2,267,2,2603,4.800620079040527
2,267,3,164,3.4757473468780518
2,267,4,1682,0.656615138053894
2,267,5,11,0.5344603657722473
2,267,6,2971,0.15348681807518005
2,267,7,987,0.03734659403562546
2,267,8,2673,0.022154074162244797
2,267,9,1496,0.009549200534820557
2,267,10,2321,-0.2737865746021271
2,268,1,1380,6.688014984130859
2,268,2,701,6.665153503417969
2,268,3,2867,3.8598501682281494
2,268,4,1301,1.4894815683364868
2,268,5,502,0.5144768357276917
2,268,6,2308,0.2915053963661194
2,268,7,3011,0.049277596175670624
2,268,8,955,0.024812793359160423
2,268,9,231,0.016722330823540688
2,268,10,321,-0.23616528511047363
2,269,1,1159,6.982620716094971
2,269,2,869,6.8764543533325195
2,269,3,2603,6.3621625900268555
2,269,4,1145,0.7288790941238403
2,269,5,1625,0.06692724674940109
2,269,6,342,-0.02785041555762291
2,269,7,1839,-0.291767954826355
2,269,8,1821,-0.43834105134010315
2,269,9,2604,-1.1121301651000977
2,269,10,2340,-2.078289031982422
2,271,1,1180,5.160014629364014
2,271,2,1159,4.702048301696777
2,271,3,2603,4.344231605529785
2,271,4,3079,0.050222739577293396
2,271,5,2308,-0.0029252171516418457
2,271,6,2739,-0.2563525438308716
2,271,7,359,-0.3965417146682739
2,271,8,1358,-1.5707662105560303
2,272,1,1380,6.177587985992432
2,272,2,65,5.68165922164917
2,272,3,2867,3.5412397384643555
2,272,4,289,1.1234047412872314
2,272,5,1892,0.23590892553329468
2,272,6,1902,0.011134997941553593
2,272,7,2356,-0.47056037187576294
2,272,8,2082,-0.7643635869026184
2,272,9,2104,-0.7853738069534302
2,273,1,1437,2.420625686645508
2,273,2,718,1.0899133682250977
2,273,3,2080,0.9040730595588684
2,273,4,191,0.7145810723304749
2,273,5,2306,0.4748731255531311
2,273,6,2200,0.4093254804611206
2,273,7,2759,0.10267232358455658
2,273,8,140,0.0045933471992611885
2,273,9,3059,-0.15251098573207855
2,273,10,1447,-0.6386047005653381
2,274,1,2274,5.8236846923828125
2,274,2,1159,5.690014839172363
2,274,3,2480,5.586704254150391
2,274,4,2603,5.247119426727295
2,274,5,410,0.39005738496780396
2,274,6,2193,0.31707727909088135
2,274,7,2387,0.16810669004917145
2,274,8,2306,0.14947159588336945
2,274,9,2846,0.04121732711791992
2,274,10,1816,-0.16771343350410461
2,276,1,2628,6.589107990264893
2,276,2,2580,6.311144828796387
2,276,3,418,0.29671624302864075
2,276,4,3053,0.07543560862541199
2,276,5,342,-0.01713322289288044
2,276,6,453,-0.8500020503997803
2,276,7,1742,-0.9202852845191956
2,276,8,2299,-0.9543085098266602
2,276,9,2533,-1.2071281671524048
2,277,1,1582,4.463624477386475
2,277,2,608,3.480208158493042
2,277,3,706,0.07063835859298706
2,277,4,1303,0.025928188115358353
2,277,5,880,-0.12051209807395935
2,277,6,2162,-0.26215100288391113
2,277,7,2009,-0.30608344078063965
2,277,8,645,-0.5514088869094849
2,277,9,55,-1.3276245594024658
2,277,10,1655,-1.4138141870498657
2,278,1,663,6.411102294921875
2,278,2,122,4.962835311889648
2,278,3,1818,1.7496728897094727
2,278,4,2444,0.7141143679618835
2,278,5,1469,0.5877926349639893
2,278,6,1554,0.41154202818870544
2,278,7,1656,0.09742099046707153
2,278,8,3053,0.0677022784948349
2,278,9,477,-0.2715435028076172
2,278,10,1391,-0.37695515155792236
2,279,1,2280,6.425897598266602
2,279,2,663,6.1253509521484375
2,279,3,608,3.868910789489746
2,279,4,270,0.9266462326049805
2,279,5,1287,0.5507813692092896
2,279,6,2910,0.34776657819747925
2,279,7,2045,-0.3984759747982025
2,280,1,122,4.803800582885742
2,280,2,1766,4.153560638427734
2,280,3,1716,1.3704674243927002
2,280,4,2923,0.8568137884140015
2,280,5,1279,0.06878727674484253
2,280,6,135,0.03418309614062309
2,280,7,12,-0.010649279691278934
2,280,8,2019,-0.3322228789329529
2,280,9,2111,-0.38400840759277344
2,280,10,3004,-1.3069393634796143
2,282,1,192,6.706699848175049
2,282,2,2580,5.940197944641113
2,282,3,719,5.530789375305176
2,282,4,2772,2.7303121089935303
2,282,5,2018,0.6371595859527588
2,282,6,641,0.45706456899642944
2,282,7,2270,0.4335460960865021
2,282,8,3073,-0.34197741746902466
2,282,9,1312,-0.4048568904399872
2,282,10,249,-0.8364516496658325
2,283,1,1963,5.8378214836120605
2,283,2,2628,5.831953048706055
2,283,3,3053,0.06487998366355896
2,283,4,30,-0.01650404930114746
2,283,5,129,-0.06987956166267395
2,283,6,1273,-1.8715049028396606
2,284,1,176,4.183452129364014
2,284,2,740,2.8134188652038574
2,284,3,2480,2.055760145187378
2,284,4,998,0.8265248537063599
2,284,5,1275,0.6285908818244934
2,284,6,3053,0.057361021637916565
2,284,7,2478,0.03053438663482666
2,284,8,1496,-0.13559459149837494
2,284,9,1112,-0.555138111114502
2,284,10,2705,-0.7973061203956604
2,285,1,2407,5.9359893798828125
2,285,2,718,5.398291110992432
2,285,3,905,0.6588922739028931
2,285,4,481,0.08262097835540771
2,285,5,3011,0.02378656715154648
2,285,6,566,-0.02954617142677307
2,285,7,2287,-0.05685676634311676
2,285,8,755,-0.0714312195777893
2,285,9,2474,-0.12466675043106079
2,285,10,1507,-0.5934587717056274
2,286,1,1540,4.874336242675781
2,286,2,783,3.8772189617156982
2,286,3,1685,0.7109054327011108
2,286,4,2583,0.6400547027587891
2,286,5,2408,0.514536440372467
2,286,6,500,0.429105281829834
2,286,7,2121,0.3435835540294647
2,286,8,974,0.13881653547286987
2,286,9,2044,0.0231291726231575
2,286,10,3011,0.014951257966458797
2,287,1,2407,4.937854766845703
2,287,2,1277,4.071089267730713
2,287,3,1866,0.8372241258621216
2,287,4,1212,0.5598245859146118
2,287,5,2738,0.4801293611526489
2,287,6,2542,0.030788619071245193
2,287,7,2969,-0.4569414258003235
2,287,8,273,-0.4942863881587982
2,288,1,1277,4.316214561462402
2,288,2,783,3.8782708644866943
2,288,3,439,0.669326663017273
2,288,4,2951,0.31955647468566895
2,288,5,1683,0.14828628301620483
2,288,6,2366,0.043864935636520386
2,288,7,2542,0.03158491849899292
2,288,8,2030,-0.6357839107513428
2,288,9,1248,-1.4729266166687012
2,289,1,1053,4.47435188293457
2,289,2,860,3.152482271194458
2,289,3,3040,1.1248209476470947
2,289,4,512,0.8958448171615601
2,289,5,2496,0.8268276453018188
2,289,6,166,0.050715118646621704
2,289,7,319,0.04760599508881569
2,289,8,134,0.03681815788149834
2,289,9,2666,0.016656989231705666
2,289,10,792,-0.022807151079177856
2,290,1,555,8.16869831085205
2,290,2,2090,7.458339691162109
2,290,3,553,4.18634033203125
2,290,4,13,0.07336489856243134
2,290,5,351,0.0338798351585865
2,290,6,2288,-0.8714721202850342
2,290,7,2521,-1.3253740072250366
2,290,8,407,-1.327079176902771
2,291,1,1528,5.788852214813232
2,291,2,727,5.055200099945068
2,291,3,375,3.894019365310669
2,291,4,1072,0.4014816880226135
2,291,5,1970,0.1053311824798584
2,291,6,1982,-0.34559425711631775
2,291,7,2684,-0.483855664730072
2,291,8,1248,-0.5069839954376221
2,291,9,2814,-0.5994215607643127
2,291,10,1600,-0.6243847608566284
2,292,1,2090,6.168322563171387
2,292,2,314,5.4726948738098145
2,292,3,375,4.189996719360352
2,292,4,2674,0.048427000641822815
2,292,5,2760,0.004565018229186535
2,292,6,3063,-0.04029589891433716
2,292,7,446,-0.05857771635055542
2,292,8,3057,-0.673811674118042
2,292,9,2745,-0.6894159317016602
2,293,1,1344,6.167731285095215
2,293,2,1528,5.54396915435791
2,293,3,375,3.722809076309204
2,293,4,1878,0.3353577256202698
2,293,5,2161,0.11511866748332977
2,293,6,1926,-0.013804280199110508
2,293,7,2695,-0.22796395421028137
2,293,8,1612,-0.47795000672340393
2,293,9,1360,-0.49158093333244324
2,293,10,1151,-1.0034916400909424
2,294,1,2952,5.576979160308838
2,294,2,2929,3.67673397064209
2,294,3,2616,3.5292701721191406
2,294,4,2581,0.9665855169296265
2,294,5,910,0.2706488370895386
2,294,6,2328,0.023395031690597534
2,294,7,1303,0.01612694375216961
2,294,8,2389,-0.19027315080165863
2,295,1,285,6.3847503662109375
2,295,2,2616,5.498517036437988
2,295,3,2128,4.950643539428711
2,295,4,2141,0.32225799560546875
2,295,5,1898,0.1264616996049881
2,295,6,1780,0.07055968046188354
2,295,7,2403,0.047952234745025635
2,295,8,910,0.00016546249389648438
2,295,9,464,-0.20517000555992126
2,295,10,559,-0.7146581411361694
2,297,1,1381,6.669534683227539
2,297,2,1336,5.806997299194336
2,297,3,1794,4.607502460479736
2,297,4,397,-0.6640256643295288
2,297,5,95,-0.794303834438324
2,297,6,1362,-0.9454971551895142
2,297,7,1721,-1.425405502319336
2,298,1,2929,5.312303066253662
2,298,2,2128,5.114234447479248
2,298,3,2672,4.154746055603027
2,298,4,2312,0.3903388977050781
2,298,5,1028,0.13543520867824554
2,298,6,779,0.05393071472644806
2,298,7,786,0.039299629628658295
2,298,8,2710,-0.0795963704586029
2,298,9,699,-0.3959581255912781
2,298,10,990,-0.5884072780609131
2,299,1,540,6.656752586364746
2,299,2,3040,4.233649253845215
2,299,3,455,1.252663016319275
2,299,4,2754,0.7497515082359314
2,299,5,915,0.472304105758667
2,299,6,787,0.37517765164375305
2,299,7,2841,0.024500520899891853
2,299,8,368,0.007590554654598236
2,299,9,1952,-0.36148202419281006
2,299,10,2009,-0.533211350440979
2,300,1,1449,5.277214050292969
2,300,2,1113,5.045082092285156
2,300,3,1592,4.769078254699707
2,300,4,2019,1.3653514385223389
2,300,5,1827,0.5084290504455566
2,300,6,1707,0.230637788772583
2,300,7,668,-0.21028679609298706
2,300,8,1615,-0.37467318773269653
2,300,9,1312,-0.43070822954177856
2,300,10,2906,-0.5492297410964966
2,301,1,2969,4.9177703857421875
2,301,2,1449,4.481987953186035
2,301,3,1016,3.932809829711914
2,301,4,2140,3.1510674953460693
2,301,5,562,1.8198707103729248
2,301,6,750,0.6037118434906006
2,301,7,314,0.29691168665885925
2,301,8,1089,0.06429456174373627
2,301,9,1064,-0.039003729820251465
2,301,10,984,-0.04648205637931824
2,302,1,1113,5.74082088470459
2,302,2,1016,4.823789119720459
2,302,3,1920,4.356451034545898
2,302,4,653,0.6318430304527283
2,302,5,1070,0.48761653900146484
2,302,6,78,-0.020662575960159302
2,302,7,1012,-0.22674867510795593
2,302,8,701,-0.2912708520889282
2,302,9,755,-0.6321856379508972
2,302,10,1767,-0.938351035118103
2,303,1,1189,7.17098331451416
2,303,2,2969,6.516106605529785
2,303,3,1016,5.733316898345947
2,303,4,2128,3.702241897583008
2,303,5,2739,1.580784559249878
2,303,6,2787,0.12900853157043457
2,303,7,2911,-0.08390074968338013
2,303,8,731,-0.6318724751472473
2,303,9,1442,-0.7184551954269409
2,303,10,675,-0.7843763828277588
2,304,1,1571,5.392740726470947
2,304,2,2974,4.801454544067383
2,304,3,315,4.67323112487793
2,304,4,1206,0.9693406224250793
2,304,5,2405,-0.05116450786590576
2,304,6,1738,-0.10247139632701874
2,304,7,974,-0.2960057854652405
2,304,8,2118,-0.7956961989402771
2,304,9,1791,-0.8564118146896362
2,305,1,2978,5.437281608581543
2,305,2,562,4.067384719848633
2,305,3,357,0.05000884830951691
2,305,4,646,0.008614033460617065
2,305,5,2387,-0.13956083357334137
2,305,6,2923,-0.384539395570755
2,305,7,656,-0.42291101813316345
2,305,8,3016,-0.6199851036071777
2,305,9,1710,-0.7470574975013733
2,306,1,2978,5.563639163970947
2,306,2,975,3.3986709117889404
2,306,3,1481,3.010222911834717
2,306,4,2267,0.05515996366739273
2,306,5,2811,0.011416411958634853
2,306,6,483,-0.1669287085533142
2,306,7,1696,-0.5399672985076904
2,306,8,2560,-0.880643367767334
2,306,9,1891,-0.9778631329536438
2,306,10,38,-1.2837347984313965
2,307,1,562,5.585310935974121
2,307,2,1995,5.566977500915527
2,307,3,1990,5.516262531280518
2,307,4,1964,0.6051483154296875
2,307,5,2975,0.29746174812316895
2,307,6,78,0.1656668782234192
2,307,7,421,-0.5984764099121094
2,307,8,2209,-0.6661151647567749
2,307,9,609,-0.6734108328819275
2,307,10,2370,-1.1182239055633545
2,308,1,1116,5.333069801330566
2,308,2,975,3.769864559173584
2,308,3,1254,0.13631442189216614
2,308,4,357,0.050408490002155304
2,308,5,253,-0.006510557606816292
2,308,6,2917,-0.07426595687866211
2,308,7,1223,-0.21113499999046326
2,308,8,783,-0.6215858459472656
2,308,9,298,-1.0026130676269531
2,308,10,953,-1.5822234153747559
2,309,1,1701,6.390517711639404
2,309,2,1995,5.346676826477051
2,309,3,1811,4.6514129638671875
2,309,4,2033,0.6451814770698547
2,309,5,336,0.02237752079963684
2,309,6,118,-0.07997502386569977
2,309,7,308,-0.346642404794693
2,309,8,480,-0.5087041258811951
2,309,9,795,-0.5675091743469238
2,309,10,1232,-1.0870115756988525
2,310,1,1995,5.674406051635742
2,310,2,1811,4.932501792907715
2,310,3,2972,1.8776142597198486
2,310,4,2435,0.6664639115333557
2,310,5,2107,0.34009450674057007
2,310,6,351,0.029821651056408882
2,310,7,166,0.003749515861272812
2,310,8,1476,-0.1472128927707672
2,310,9,2684,-0.3167670965194702
2,310,10,1875,-0.4014541208744049
2,311,1,69,5.421021461486816
2,311,2,1811,4.441729545593262
2,311,3,827,0.051996417343616486
2,311,4,357,0.0427679643034935
2,311,5,2308,-0.18424385786056519
2,311,6,480,-0.39358556270599365
2,311,7,667,-0.4384639859199524
2,311,8,2967,-0.8413572907447815
2,312,1,455,5.055578231811523
2,312,2,1868,4.901335716247559
2,312,3,1221,3.2512388229370117
2,312,4,1991,0.653422474861145
2,312,5,3042,0.17604020237922668
2,312,6,1190,0.13825169205665588
2,312,7,2609,0.078208327293396
2,312,8,362,0.04412955790758133
2,312,9,641,-0.18886661529541016
2,312,10,2235,-0.1954939067363739
2,314,1,1198,7.2199907302856445
2,314,2,1221,5.076447486877441
2,314,3,1541,3.7362420558929443
2,314,4,2075,1.3630138635635376
2,314,5,906,0.3802282214164734
2,314,6,1587,0.25676316022872925
2,314,7,95,-1.36478590965271
2,314,8,1600,-1.9697320461273193
2,315,1,1206,5.183440208435059
2,315,2,633,3.8591806888580322
2,315,3,1541,3.487717628479004
2,315,4,1656,0.36316239833831787
2,315,5,520,0.10125206410884857
2,315,6,2478,0.007651222869753838
2,315,7,1007,-0.5128633379936218
2,315,8,724,-0.6602230668067932
2,316,1,1369,5.320747375488281
2,316,2,338,3.4017703533172607
2,316,3,633,2.7873291969299316
2,316,4,2484,2.0755414962768555
2,316,5,915,0.30048996210098267
2,316,6,1940,-0.06277364492416382
2,316,7,1531,-0.07582376152276993
2,316,8,860,-0.13224278390407562
2,316,9,795,-0.5397695302963257
2,316,10,1342,-0.5399501323699951
2,317,1,984,5.301365852355957
2,317,2,3069,4.8632049560546875
2,317,3,633,3.460106372833252
2,317,4,1786,1.0714609622955322
2,317,5,1981,0.0016476623713970184
2,317,6,520,-0.030425526201725006
2,317,7,314,-0.3694421947002411
2,317,8,2713,-0.4675438404083252
2,317,9,2876,-0.7216925621032715
2,317,10,272,-1.417037010192871
2,318,1,2106,6.95509147644043
2,318,2,2176,6.912002086639404
2,318,3,1781,4.824527263641357
2,318,4,1413,0.8224821090698242
2,318,5,1260,0.40594154596328735
2,318,6,3068,0.03554892539978027
2,318,7,1977,-0.3300221562385559
2,318,8,1861,-0.5413606762886047
2,318,9,2073,-1.1515045166015625
2,319,1,1367,5.8965301513671875
2,319,2,2397,0.6070579290390015
2,319,3,330,0.05512888357043266
2,319,4,1902,0.014123902656137943
2,319,5,2793,-0.008555769920349121
2,319,6,2134,-0.16412407159805298
2,319,7,1766,-0.2485761046409607
2,319,8,183,-0.30430662631988525
2,319,9,1146,-0.49582481384277344
2,321,1,1367,4.573721885681152
2,321,2,2659,2.907315731048584
2,321,3,3027,2.8938369750976562
2,321,4,206,0.9215047955513
2,321,5,2297,0.3563383221626282
2,321,6,319,0.009156854823231697
2,321,7,2257,-0.10574549436569214
2,321,8,1891,-0.10694248974323273
2,321,9,2359,-0.6124584674835205
2,321,10,2796,-0.8351414799690247
2,322,1,446,5.806209564208984
2,322,2,2363,4.9648847579956055
2,322,3,1456,0.7918568849563599
2,322,4,1280,0.21522954106330872
2,322,5,2513,0.13298112154006958
2,322,6,135,0.04508842155337334
2,322,7,239,0.03871387243270874
2,322,8,91,-0.4198126196861267
2,322,9,1146,-0.4601915180683136
2,322,10,2323,-1.060502290725708
2,323,1,1707,3.9071903228759766
2,323,2,1422,3.7825746536254883
2,323,3,32,0.31184816360473633
2,323,4,143,0.015351786278188229
2,323,5,1963,-0.2506374418735504
2,323,6,1151,-0.4706437289714813
2,324,1,446,4.524106502532959
2,324,2,2956,3.8676466941833496
2,324,3,330,0.03914916515350342
2,324,4,2267,0.017555763944983482
2,324,5,779,-0.1951984018087387
2,324,6,3004,-0.36792588233947754
2,324,7,3009,-0.5087813138961792
2,325,1,104,5.206679344177246
2,325,2,2956,4.985097408294678
2,325,3,554,0.9530075192451477
2,325,4,2092,0.6497640609741211
2,325,5,239,0.04400750249624252
2,325,6,1922,0.015156829729676247
2,325,7,1102,0.0032131075859069824
2,325,8,2067,-0.22984205186367035
2,325,9,2985,-1.6100280284881592
2,326,1,1991,4.880660057067871
2,326,2,2363,4.602953910827637
2,326,3,3027,3.4784460067749023
2,326,4,2752,0.7010895013809204
2,326,5,2050,-0.11286896467208862
2,326,6,2205,-0.12718018889427185
2,326,7,1446,-0.3754640221595764
2,326,8,2285,-0.7062152028083801
2,326,9,129,-1.0018484592437744
2,327,1,2075,5.795270919799805
2,327,2,3027,3.9473419189453125
2,327,3,385,0.859316349029541
2,327,4,1037,0.3667934536933899
2,327,5,1465,0.3151750862598419
2,327,6,719,0.11034882068634033
2,327,7,851,0.017833832651376724
2,327,8,2324,-0.07684293389320374
2,327,9,2408,-0.2817246913909912
2,327,10,1881,-0.516534686088562
2,328,1,2084,6.805508613586426
2,328,2,2917,6.3786420822143555
2,328,3,1671,5.858074188232422
2,328,4,540,-0.02438420057296753
2,328,5,3016,-0.1638466715812683
2,328,6,2745,-0.2592012882232666
2,328,7,63,-0.6614176034927368
2,328,8,2390,-0.7201699018478394
2,329,1,1422,5.826414108276367
2,329,2,2296,4.322875022888184
2,329,3,984,1.859163761138916
2,329,4,362,0.028069455176591873
2,329,5,584,-0.360779732465744
2,329,6,2045,-0.6858994960784912
2,329,7,918,-0.9893179535865784
2,329,8,2098,-1.7587199211120605
2,329,9,62,-2.2291502952575684
2,330,1,2484,5.959758758544922
2,330,2,1368,5.37872314453125
2,330,3,2659,5.311317443847656
2,330,4,418,0.677645206451416
2,330,5,493,0.06463348865509033
2,330,6,3011,0.03039184771478176
2,330,7,756,-0.3486763536930084
2,330,8,272,-1.2126171588897705
2,330,9,1606,-1.2825387716293335
2,330,10,1200,-1.4148880243301392
2,331,1,33,5.583303928375244
2,331,2,1368,5.126962661743164
2,331,3,2296,4.167603969573975
2,331,4,1221,0.9900386929512024
2,331,5,663,0.12019246071577072
2,331,6,2792,0.021763265132904053
2,331,7,149,-0.03511577099561691
2,331,8,1898,-0.2948501706123352
2,331,9,652,-0.3193936049938202
2,331,10,1018,-0.4557534456253052
2,332,1,2296,3.723888874053955
2,332,2,2705,3.5148468017578125
2,332,3,1635,3.439362049102783
2,332,4,2170,1.016685962677002
2,332,5,2557,0.2402920424938202
2,332,6,2990,-0.7130099534988403
2,332,7,2556,-1.38228440284729
2,332,8,1156,-1.3925716876983643
2,333,1,1491,5.647573471069336
2,333,2,523,5.1161603927612305
2,333,3,90,5.093754768371582
2,333,4,1962,2.1283204555511475
2,333,5,2416,0.24800246953964233
2,333,6,2002,0.03562743961811066
2,333,7,2315,-1.017473816871643
2,333,8,192,-1.2163196802139282
2,334,1,2602,6.215302467346191
2,334,2,2261,5.9941511154174805
2,334,3,2061,5.383036136627197
2,334,4,3040,0.9013724327087402
2,334,5,2502,0.6547554731369019
2,334,6,2272,0.03410308063030243
2,334,7,3015,-0.19335128366947174
2,334,8,731,-0.3088276982307434
2,334,9,500,-0.3295394480228424
2,334,10,1870,-0.7161069512367249
2,335,1,523,5.028924942016602
2,335,2,2061,4.975918769836426
2,335,3,2870,4.326253890991211
2,335,4,972,0.5476574897766113
2,335,5,2666,0.05329585820436478
2,335,6,2546,0.004971606656908989
2,335,7,2988,-0.0022065863013267517
2,335,8,1429,-0.5064440965652466
2,335,9,1569,-1.1326318979263306
2,335,10,2197,-1.468270182609558
2,336,1,2870,4.810206413269043
2,336,2,249,4.177089214324951
2,336,3,899,4.113348960876465
2,336,4,203,2.5663318634033203
2,336,5,2691,0.7004440426826477
2,336,6,1163,0.5832406878471375
2,336,7,2448,-0.3340010344982147
2,336,8,1696,-0.4994474947452545
2,336,9,60,-0.9143235683441162
2,336,10,1301,-2.464890480041504
2,337,1,2145,5.9378461837768555
2,337,2,900,3.321453332901001
2,337,3,1412,0.6097500920295715
2,337,4,2802,0.05050712823867798
2,337,5,347,0.04422863572835922
2,337,6,383,0.04118332266807556
2,337,7,2542,0.03755143657326698
2,337,8,2543,-0.03682919964194298
2,337,9,1194,-0.5387512445449829
2,338,1,2927,6.812245845794678
2,338,2,2602,6.057908058166504
2,338,3,168,0.48143625259399414
2,338,4,2686,0.3500097692012787
2,338,5,1304,0.11671462655067444
2,338,6,887,-0.028677430003881454
2,338,7,2543,-0.042471010237932205
2,338,8,1696,-0.3049027621746063
2,338,9,2143,-0.5850867629051208
2,338,10,2796,-0.614968478679657
2,339,1,2384,5.760218620300293
2,339,2,523,4.646618843078613
2,339,3,900,3.1625635623931885
2,339,4,101,1.4046013355255127
2,339,5,1478,1.0594642162322998
2,339,6,1669,0.5319662094116211
2,339,7,294,0.4220770299434662
2,339,8,707,0.36908432841300964
2,339,9,851,0.023111240938305855
2,339,10,1014,0.023018788546323776
2,340,1,1692,6.201578140258789
2,340,2,2145,6.050550937652588
2,340,3,900,3.398085594177246
2,340,4,566,0.40738335251808167
2,340,5,1221,0.15683983266353607
2,340,6,2358,-0.22857055068016052
2,340,7,1615,-0.5537563562393188
2,340,8,2560,-0.6031802296638489
2,340,9,235,-0.8990445137023926
2,340,10,2073,-0.9020192623138428
2,341,1,1827,4.9466094970703125
2,341,2,646,4.244790077209473
2,341,3,348,0.6752543449401855
2,341,4,1429,0.5570486187934875
2,341,5,2288,0.20037172734737396
2,341,6,400,0.08226247876882553
2,341,7,2998,0.06271542608737946
2,341,8,854,0.005045467056334019
2,341,9,3054,-0.8303629755973816
2,341,10,1513,-1.5114097595214844
2,343,1,2927,7.141030788421631
2,343,2,1692,7.04473876953125
2,343,3,1442,0.8599115014076233
2,343,4,1251,0.5245957970619202
2,343,5,1925,0.04436301440000534
2,343,6,2543,-0.05242568626999855
2,343,7,2826,-0.2954763174057007
2,343,8,791,-0.37498190999031067
2,343,9,2328,-0.4509832262992859
2,343,10,1725,-1.0690183639526367
2,344,1,646,5.363558769226074
2,344,2,633,0.541888952255249
2,344,3,666,0.33438166975975037
2,344,4,343,0.0390576496720314
2,344,5,2457,0.015602648258209229
2,344,6,827,0.014514083042740822
2,344,7,854,0.008720343932509422
2,344,8,2704,-0.06819454580545425
2,344,9,2200,-0.14829233288764954
2,344,10,2862,-0.6471683979034424
2,345,1,387,6.337298393249512
2,345,2,2264,4.794939994812012
2,345,3,779,3.9172441959381104
2,345,4,1779,1.113099217414856
2,345,5,1498,0.4756479859352112
2,345,6,2141,0.4219883680343628
2,345,7,1448,0.22316208481788635
2,345,8,354,-0.3740984797477722
2,345,9,2963,-0.4177711308002472
2,345,10,2408,-0.46514108777046204
2,346,1,1472,7.625690937042236
2,346,2,779,4.700033664703369
2,346,3,2297,0.23757314682006836
2,346,4,1785,0.10044717788696289
2,346,5,3031,0.030797891318798065
2,346,6,2031,-0.5468201637268066
2,346,7,2580,-1.0972011089324951
2,346,8,2144,-1.1547690629959106
2,347,1,482,6.209367752075195
2,347,2,502,4.215195655822754
2,347,3,1339,1.697952389717102
2,347,4,1221,0.4447735846042633
2,347,5,1295,0.1657731533050537
2,347,6,380,0.022908758372068405
2,347,7,955,0.02223365753889084
2,347,8,854,0.013891031965613365
2,347,9,1341,-0.06057208776473999
2,348,1,72,6.1215620040893555
2,348,2,502,6.054967403411865
2,348,3,3059,0.7027254104614258
2,348,4,318,0.040356673300266266
2,348,5,2025,0.023687446489930153
2,348,6,3057,0.014163225889205933
2,348,7,157,0.009029511362314224
2,348,8,364,-0.2939628064632416
2,348,9,2024,-0.5491342544555664
2,348,10,2089,-2.067281484603882
2,349,1,72,6.032783508300781
2,349,2,2007,5.357077598571777
2,349,3,2312,5.040821075439453
2,349,4,1,1.1157267093658447
2,349,5,220,0.5906140804290771
2,349,6,2513,0.24101004004478455
2,349,7,2228,0.03990670293569565
2,349,8,271,-0.2244623303413391
2,349,9,3073,-0.27978163957595825
2,349,10,718,-0.5986614227294922
2,350,1,502,7.230354309082031
2,350,2,333,6.568480968475342
2,350,3,2686,0.8315017223358154
2,350,4,2075,0.3927669823169708
2,350,5,185,0.029838189482688904
2,350,6,157,0.011510690674185753
2,350,7,1761,-0.07541001588106155
2,350,8,2442,-0.1406840682029724
2,350,9,1196,-0.6493275165557861
2,350,10,2755,-1.27804696559906
2,351,1,333,5.284418106079102
2,351,2,1911,5.105792999267578
2,351,3,1002,5.034730911254883
2,351,4,2525,1.3367663621902466
2,351,5,1399,0.6195003986358643
2,351,6,430,0.4108441174030304
2,351,7,5,0.17509204149246216
2,351,8,3027,0.11153902113437653
2,351,9,1368,0.06653910875320435
2,351,10,1928,-0.008871503174304962
2,352,1,1490,6.463864326477051
2,352,2,1266,6.3462700843811035
2,352,3,1,5.951653480529785
2,352,4,1827,3.426614761352539
2,352,5,40,-0.05985569953918457
2,352,6,1446,-0.11861971020698547
2,352,7,2525,-0.3684576153755188
2,352,8,1816,-0.39135563373565674
2,352,9,215,-0.45913341641426086
2,352,10,1417,-1.1667617559432983
2,353,1,432,5.676926612854004
2,353,2,2869,4.787604808807373
2,353,3,2562,3.3534786701202393
2,353,4,2938,0.7423797845840454
2,353,5,701,0.11285670846700668
2,353,6,2345,0.009491831064224243
2,353,7,627,-0.4982236325740814
2,353,8,2896,-0.5763463973999023
2,353,9,2322,-0.76176917552948
2,354,1,1490,5.337623596191406
2,354,2,2665,4.464217185974121
2,354,3,2562,3.417836904525757
2,354,4,2309,0.8151341676712036
2,354,5,1476,0.6351717710494995
2,354,6,1964,0.5808205008506775
2,354,7,3069,0.36351561546325684
2,354,8,2978,0.23088520765304565
2,354,9,2969,0.23048609495162964
2,354,10,1062,0.21527791023254395
2,355,1,754,5.131574630737305
2,355,2,622,4.847574234008789
2,355,3,2665,4.665857315063477
2,355,4,613,0.5331881046295166
2,355,5,2098,-0.12132173776626587
2,355,6,206,-0.24249595403671265
2,355,7,1628,-0.3935092091560364
2,355,8,1644,-0.6660873889923096
2,355,9,1015,-0.7572181820869446
2,355,10,1982,-0.9065184593200684
2,356,1,432,7.0157670974731445
2,356,2,2869,5.910861968994141
2,356,3,622,5.626306533813477
2,356,4,2423,0.7217055559158325
2,356,5,1946,0.03825117647647858
2,356,6,749,0.032374706119298935
2,356,7,2044,0.031822144985198975
2,356,8,1277,-0.22276076674461365
2,356,9,2755,-1.023759126663208
2,356,10,518,-1.3337395191192627
2,357,1,579,6.207788467407227
2,357,2,480,0.862877607345581
2,357,3,2322,0.35197216272354126
2,357,4,1190,0.08298391103744507
2,357,5,1977,0.02833324670791626
2,357,6,772,0.019638031721115112
2,357,7,1928,0.013847900554537773
2,357,8,851,-0.027285872027277946
2,357,9,2140,-0.13273067772388458
2,357,10,1461,-0.2151876986026764
2,358,1,2645,5.597724437713623
2,358,2,2311,5.562308311462402
2,358,3,1317,0.6340432167053223
2,358,4,1910,0.5211442708969116
2,358,5,2264,0.33353281021118164
2,358,6,1541,0.09612932801246643
2,358,7,2486,-0.034308385103940964
2,358,8,2259,-0.11282864212989807
2,358,9,634,-0.4162234961986542
2,358,10,2743,-1.497910499572754
2,359,1,1542,4.925475597381592
2,359,2,506,3.6909067630767822
2,359,3,557,0.7119548916816711
2,359,4,2486,-0.03748677670955658
2,359,5,3053,-0.048742011189460754
2,359,6,655,-0.7943779826164246
2,359,7,2210,-0.8029665946960449
2,359,8,105,-1.6396478414535522
2,360,1,1542,4.9086503982543945
2,360,2,506,3.677713394165039
2,360,3,1791,1.269449234008789
2,360,4,1040,0.9420256614685059
2,360,5,446,0.6441997289657593
2,360,6,739,0.26938435435295105
2,360,7,1487,-0.02449914813041687
2,360,8,2104,-0.032752156257629395
2,360,9,2486,-0.03854553401470184
2,360,10,1435,-0.12405985593795776
2,361,1,1542,4.9607696533203125
2,361,2,506,3.716726064682007
2,361,3,1721,1.0616130828857422
2,361,4,2253,0.47203394770622253
2,361,5,749,-0.03418774530291557
2,361,6,2486,-0.03779081627726555
2,361,7,2345,-0.3884578049182892
2,362,1,1542,4.95628547668457
2,362,2,506,3.716578483581543
2,362,3,2574,1.3589715957641602
2,362,4,2050,0.6903249025344849
2,362,5,3063,0.370964378118515
2,362,6,101,0.17255708575248718
2,362,7,1601,-0.007965799421072006
2,362,8,2486,-0.038516536355018616
2,362,9,1053,-0.22558942437171936
2,362,10,656,-0.7191711664199829
2,363,1,1542,4.938476085662842
2,363,2,506,3.702554702758789
2,363,3,2211,0.9405286312103271
2,363,4,1925,-0.017252549529075623
2,363,5,285,-0.027876749634742737
2,363,6,2486,-0.036669693887233734
2,363,7,316,-0.044829994440078735
2,363,8,438,-0.10884135961532593
2,363,9,1966,-0.5245659351348877
2,363,10,2328,-0.7408835887908936
2,365,1,210,5.368988513946533
2,365,2,397,5.28974723815918
2,365,3,1190,1.417701005935669
2,365,4,2183,0.13888603448867798
2,365,5,25,0.038377080112695694
2,365,6,1006,0.014854656532406807
2,365,7,366,0.011994008906185627
2,365,8,1925,0.011784963309764862
2,365,9,2194,0.006128519773483276
2,365,10,1304,-0.43105649948120117
2,366,1,1494,6.07291841506958
2,366,2,2078,5.946659088134766
2,366,3,536,0.9391030073165894
2,366,4,567,0.8948920965194702
2,366,5,196,0.7372949123382568
2,366,6,416,0.45633089542388916
2,366,7,1927,0.4536794424057007
2,366,8,366,0.012893984094262123
2,366,9,1454,-0.5036783814430237
2,366,10,1611,-0.5577153563499451
2,367,1,210,5.674323081970215
2,367,2,418,5.543323516845703
2,367,3,1062,1.2158920764923096
2,367,4,2106,1.1922719478607178
2,367,5,572,0.1203102171421051
2,367,6,786,0.03541092202067375
2,367,7,911,-0.00860461127012968
2,367,8,1720,-0.18136250972747803
2,367,9,484,-0.44786471128463745
2,367,10,2234,-0.5547683238983154
2,368,1,2078,5.0693583488464355
2,368,2,2759,4.394523620605469
2,368,3,195,0.8994138836860657
2,368,4,1307,0.6098674535751343
2,368,5,2031,0.48496100306510925
2,368,6,253,0.02920527011156082
2,368,7,1501,-0.14045462012290955
2,368,8,563,-0.24414926767349243
2,369,1,1347,6.760687828063965
2,369,2,2739,6.701375961303711
2,369,3,477,6.684478759765625
2,369,4,2623,0.7392961978912354
2,369,5,1176,0.5279833674430847
2,369,6,2143,0.22909578680992126
2,369,7,2882,0.22781091928482056
2,369,8,1946,0.16925324499607086
2,369,9,321,-0.28918781876564026
2,370,1,1606,6.739963531494141
2,370,2,2739,6.414048194885254
2,370,3,918,5.608777046203613
2,370,4,1502,0.35255569219589233
2,370,5,2127,0.15721005201339722
2,370,6,2793,0.014717623591423035
2,370,7,357,-0.020208941772580147
2,370,8,3031,-0.026910459622740746
2,370,9,717,-0.1944836676120758
2,370,10,957,-0.32992902398109436
2,372,1,1398,7.198346138000488
2,372,2,1606,7.1265177726745605
2,372,3,272,6.7904133796691895
2,372,4,2668,0.9449865818023682
2,372,5,2128,0.6524645090103149
2,372,6,1829,0.4476945400238037
2,372,7,1981,0.2169729471206665
2,372,8,1470,0.004380855709314346
2,372,9,2580,-0.23032337427139282
2,372,10,2163,-0.6346805095672607
2,373,1,2464,6.547924518585205
2,373,2,1606,6.437909126281738
2,373,3,2687,4.119001388549805
2,373,4,2704,0.6367156505584717
2,373,5,1792,0.22872565686702728
2,373,6,2340,0.13057298958301544
2,373,7,716,-0.5127665996551514
2,373,8,1293,-0.5205724835395813
2,373,9,132,-0.6261484026908875
2,374,1,918,5.641841411590576
2,374,2,2441,5.317041873931885
2,374,3,2888,5.1198410987854
2,374,4,368,-0.04856157675385475
2,374,5,169,-0.05597865208983421
2,374,6,1500,-0.3883206248283386
2,374,7,72,-0.48551425337791443
2,375,1,2739,6.362555503845215
2,375,2,2321,6.166707992553711
2,375,3,2441,5.241369247436523
2,375,4,1543,0.7539612054824829
2,375,5,216,0.623470664024353
2,375,6,2095,0.5702365636825562
2,375,7,2645,0.04486745595932007
2,375,8,506,0.0022929012775421143
2,375,9,1303,-0.003724152222275734
2,375,10,1651,-0.01525917649269104
2,378,1,1347,5.611018180847168
2,378,2,477,5.54887056350708
2,378,3,2888,4.413400173187256
2,378,4,216,0.6186999082565308
2,378,5,2677,0.6169427633285522
2,378,6,1246,0.6138894557952881
2,378,7,2482,0.29819974303245544
2,378,8,1498,0.11391136050224304
2,378,9,998,0.11038519442081451
2,378,10,2014,0.027053311467170715
2,379,1,1678,7.278469085693359
2,379,2,2321,6.423548698425293
2,379,3,2441,5.45995569229126
2,379,4,248,0.2616312503814697
2,379,5,285,0.25600409507751465
2,379,6,974,-0.002747267484664917
2,379,7,3079,-0.01945161260664463
2,379,8,854,-0.0476793572306633
2,380,1,477,6.64952278137207
2,380,2,918,5.8278656005859375
2,380,3,2441,5.489335060119629
2,380,4,1352,0.6483304500579834
2,380,5,2432,0.4510684013366699
2,380,6,1546,0.2363561987876892
2,380,7,142,0.0059188175946474075
2,380,8,46,-0.013597169890999794
2,380,9,996,-0.02623242698609829
2,380,10,2802,-0.09980650246143341
2,381,1,2739,5.34497594833374
2,381,2,2441,4.402763843536377
2,381,3,2888,4.24066686630249
2,381,4,905,0.8426967859268188
2,381,5,1823,0.5832405090332031
2,381,6,2,0.2640698552131653
2,381,7,1287,0.06577172875404358
2,381,8,148,-0.015531608834862709
2,381,9,581,-0.07539942860603333
2,381,10,2938,-0.254388689994812
2,383,1,1347,6.538591384887695
2,383,2,918,5.667848587036133
2,383,3,2888,5.142961502075195
2,383,4,2481,1.4090123176574707
2,383,5,1247,0.8157367706298828
2,383,6,857,0.33227869868278503
2,383,7,1015,0.03262460231781006
2,383,8,379,-0.03157105669379234
2,383,9,2211,-0.11892126500606537
2,383,10,3042,-0.1329631507396698
2,384,1,1678,5.714994430541992
2,384,2,1826,4.920914649963379
2,384,3,2441,4.286447048187256
2,384,4,2931,0.9552425146102905
2,384,5,2621,0.5785475969314575
2,384,6,2144,0.40154778957366943
2,384,7,2514,-0.5210072994232178
2,384,8,2500,-0.6579785346984863
2,384,9,195,-0.8976649045944214
2,385,1,2464,6.30346155166626
2,385,2,272,5.9049530029296875
2,385,3,2739,5.896793842315674
2,385,4,1757,1.0265628099441528
2,385,5,724,0.5682363510131836
2,385,6,1151,0.4883388876914978
2,385,7,1275,0.3031488358974457
2,385,8,2196,0.11330908536911011
2,385,9,2697,0.020823895931243896
2,385,10,1037,-0.03551214933395386
2,386,1,2464,5.949309349060059
2,386,2,1398,5.908377170562744
2,386,3,1826,5.264159202575684
2,386,4,1858,0.5260462760925293
2,386,5,2727,0.12340793013572693
2,386,6,143,-0.0204320065677166
2,386,7,318,-0.04204638674855232
2,386,8,1758,-0.05077246576547623
2,386,9,2661,-0.27674493193626404
2,386,10,2423,-0.7227783799171448
2,387,1,1678,6.646775245666504
2,387,2,1347,6.105185508728027
2,387,3,918,5.293241500854492
2,387,4,2706,0.7208775281906128
2,387,5,672,0.5457172393798828
2,387,6,229,0.2463388741016388
2,387,7,2653,0.023635953664779663
2,387,8,342,0.013547427020967007
2,387,9,1037,-0.03382226824760437
2,387,10,2078,-0.6250410079956055
2,388,1,272,6.206441879272461
2,388,2,477,6.183235168457031
2,388,3,1826,5.862129211425781
2,388,4,2157,1.0396696329116821
2,388,5,2998,0.6739656329154968
2,388,6,1176,0.4752424657344818
2,388,7,2256,0.4412553906440735
2,388,8,1044,0.08098042011260986
2,388,9,1716,0.0616738498210907
2,388,10,1252,0.055858224630355835
2,391,1,1606,6.443317413330078
2,391,2,272,6.138674259185791
2,391,3,1108,5.889416694641113
2,391,4,2280,-0.22581756114959717
2,391,5,535,-0.30498576164245605
2,391,6,3027,-0.44997134804725647
2,392,1,641,6.360218524932861
2,392,2,2082,6.268074035644531
2,392,3,2490,4.512796878814697
2,392,4,1936,1.0150703191757202
2,392,5,2365,0.7152063250541687
2,392,6,1521,0.6196490526199341
2,392,7,1454,0.5662553310394287
2,392,8,682,0.029595997184515
2,392,9,1811,-0.31827259063720703
2,392,10,1301,-0.49956637620925903
2,395,1,1102,5.9890241622924805
2,395,2,2490,4.205558776855469
2,395,3,2452,3.9969446659088135
2,395,4,2697,0.9491503238677979
2,395,5,1490,0.8998699188232422
2,395,6,2906,0.5380929708480835
2,395,7,707,0.4229471683502197
2,395,8,637,-0.05850726366043091
2,395,9,1108,-0.7223790287971497
2,395,10,584,-1.6040148735046387
2,396,1,2156,5.971451282501221
2,396,2,2607,5.964766979217529
2,396,3,2452,4.00156831741333
2,396,4,390,1.4027715921401978
2,396,5,3032,1.356534481048584
2,396,6,2143,0.27478891611099243
2,396,7,2457,0.026576507836580276
2,396,8,2632,-0.6956638097763062
2,396,9,1805,-0.7274123430252075
2,396,10,1590,-0.7950518727302551
2,397,1,1307,5.471116065979004
2,397,2,2235,5.196642875671387
2,397,3,1999,4.520606994628906
2,397,4,2270,0.7917759418487549
2,397,5,1644,0.7002588510513306
2,397,6,784,0.04356756806373596
2,397,7,2319,-0.1771911382675171
2,397,8,750,-0.20400692522525787
2,397,9,1707,-0.30380627512931824
2,397,10,257,-0.32225731015205383
2,398,1,82,5.950408935546875
2,398,2,206,5.4811811447143555
2,398,3,2752,4.181838035583496
2,398,4,1339,0.5638333559036255
2,398,5,2901,0.011058582924306393
2,398,6,166,-0.025381481274962425
2,398,7,1470,-0.02576626092195511
2,398,8,2882,-0.3351820707321167
2,398,9,220,-0.36142951250076294
2,398,10,1142,-0.45698392391204834
2,399,1,2568,5.204562664031982
2,399,2,89,5.064091682434082
2,399,3,1999,4.82870626449585
2,399,4,1111,1.7823154926300049
2,399,5,1853,-0.03114061988890171
2,399,6,1490,-0.12949737906455994
2,399,7,2311,-0.576129674911499
2,399,8,1055,-0.643224835395813
2,400,1,1379,5.645670413970947
2,400,2,475,5.3341522216796875
2,400,3,390,0.18248020112514496
2,400,4,2296,0.04158756136894226
2,400,5,2542,0.032201431691646576
2,400,6,317,0.010415378957986832
2,400,7,2067,-0.03603255748748779
2,400,8,1613,-0.31145089864730835
2,400,9,1278,-0.34245264530181885
2,400,10,1720,-0.7246211767196655
2,401,1,2599,5.885704040527344
2,401,2,2104,5.875346660614014
2,401,3,2558,5.814946174621582
2,401,4,1829,0.6046972274780273
2,401,5,1833,0.2924923598766327
2,401,6,336,0.004784347489476204
2,401,7,1446,-0.21294572949409485
2,401,8,2623,-0.2733805775642395
2,401,9,1716,-1.5484377145767212
2,403,1,2910,6.064296722412109
2,403,2,1307,5.415472030639648
2,403,3,609,5.012253284454346
2,403,4,1840,-0.010483769699931145
2,403,5,750,-0.21064648032188416
2,403,6,598,-0.2494201958179474
2,403,7,480,-0.3255867660045624
2,403,8,845,-0.32798194885253906
2,403,9,1388,-0.8364284634590149
2,404,1,1301,5.002315521240234
2,404,2,1379,4.782758712768555
2,404,3,609,4.450560092926025
2,404,4,2971,0.8997416496276855
2,404,5,1221,0.3600849509239197
2,404,6,2406,0.12467040121555328
2,404,7,1487,0.05749547481536865
2,404,8,1063,-0.23705722391605377
2,404,9,2210,-1.0165858268737793
2,405,1,2080,5.389019012451172
2,405,2,2568,5.0816850662231445
2,405,3,2235,4.981132507324219
2,405,4,2758,4.1277360916137695
2,405,5,793,0.8394381403923035
2,405,6,3004,0.45283573865890503
2,405,7,1391,0.27850818634033203
2,405,8,731,-0.2053152173757553
2,405,9,2163,-0.6932764053344727
2,406,1,206,5.900732040405273
2,406,2,475,5.502259254455566
2,406,3,2568,5.2735090255737305
2,406,4,2990,0.5869287252426147
2,406,5,385,0.24580207467079163
2,406,6,567,0.2133631408214569
2,406,7,893,0.003280014730989933
2,406,8,681,-0.07787549495697021
2,406,9,692,-0.23319017887115479
2,406,10,2312,-0.39242023229599
2,407,1,2080,6.104323387145996
2,407,2,275,6.073116302490234
2,407,3,103,4.692523002624512
2,407,4,356,0.5201992988586426
2,407,5,1618,-0.31583768129348755
2,407,6,2595,-0.47627606987953186
2,407,7,1145,-0.5256472826004028
2,407,8,1273,-0.8032037615776062
2,408,1,275,5.541051864624023
2,408,2,2504,5.296012878417969
2,408,3,2643,4.957853317260742
2,408,4,1030,0.756788969039917
2,408,5,1255,0.6477082371711731
2,408,6,747,-0.05267801880836487
2,408,7,500,-0.3549947142601013
2,408,8,2191,-0.566706120967865
2,408,9,439,-0.5727728605270386
2,408,10,957,-0.9264557361602783
2,409,1,103,4.558582782745361
2,409,2,774,4.390022277832031
2,409,3,2188,4.252264022827148
2,409,4,1781,0.4063476324081421
2,409,5,863,0.2634410262107849
2,409,6,2082,0.24746963381767273
2,409,7,718,-0.04421478509902954
2,409,8,585,-0.3867741525173187
2,409,9,93,-0.43580102920532227
2,409,10,2556,-0.7576166987419128
2,410,1,521,5.750852584838867
2,410,2,261,5.251657962799072
2,410,3,2785,4.507779598236084
2,410,4,1121,0.6355968713760376
2,410,5,748,0.49745631217956543
2,410,6,1966,-0.05273357033729553
2,410,7,1779,-0.08878502249717712
2,410,8,1040,-0.3208034038543701
2,410,9,1080,-0.8102204203605652
2,410,10,2369,-0.8310608863830566
2,411,1,1408,6.114650249481201
2,411,2,2397,5.901576519012451
2,411,3,2817,5.160582542419434
2,411,4,195,0.601318895816803
2,411,5,754,0.5861636400222778
2,411,6,1029,0.4128246605396271
2,411,7,1749,0.046451568603515625
2,411,8,1040,-0.004510462284088135
2,411,9,387,-0.013323485851287842
2,411,10,1827,-0.6690746545791626
2,412,1,2397,5.826773166656494
2,412,2,774,5.475054740905762
2,412,3,2488,5.047183036804199
2,412,4,560,0.32395249605178833
2,412,5,1601,0.015277807600796223
2,412,6,2961,-0.38529834151268005
2,412,7,502,-0.5180186033248901
2,412,8,438,-0.9477719068527222
2,412,9,2159,-0.966330885887146
2,412,10,295,-1.0169123411178589
2,413,1,539,6.288051128387451
2,413,2,2906,5.592865943908691
2,413,3,2488,5.363228797912598
2,413,4,1379,1.802509069442749
2,413,5,910,1.180864930152893
2,413,6,2870,0.29261112213134766
2,413,7,1683,-0.08663228154182434
2,413,8,2898,-0.26419687271118164
2,413,9,1252,-0.49978452920913696
2,413,10,327,-1.0463752746582031
2,414,1,1408,5.359188079833984
2,414,2,774,4.8630523681640625
2,414,3,2785,4.794705390930176
2,414,4,189,0.5521045923233032
2,414,5,859,0.36042389273643494
2,414,6,3016,0.3376045525074005
2,414,7,736,-0.5561649203300476
2,414,8,3063,-0.5833572149276733
2,414,9,173,-0.6083577275276184
2,414,10,2739,-0.9752261638641357
2,415,1,2183,6.545961856842041
2,415,2,1696,5.148991107940674
2,415,3,3010,5.110853672027588
2,415,4,1644,0.772445023059845
2,415,5,99,0.44882506132125854
2,415,6,1728,0.4134032130241394
2,415,7,2554,0.2854142487049103
2,415,8,1726,0.24136731028556824
2,416,1,2205,5.199962615966797
2,416,2,2725,4.468472003936768
2,416,3,64,2.050048828125
2,416,4,1111,0.257726788520813
2,416,5,1984,0.05329093337059021
2,416,6,1831,-0.06863471865653992
2,416,7,49,-0.17325152456760406
2,416,8,2719,-0.5009828209877014
2,416,9,1379,-1.1931970119476318
2,416,10,2372,-1.2925500869750977
2,417,1,2721,5.517905235290527
2,417,2,585,5.377997875213623
2,417,3,2496,3.590932846069336
2,417,4,1655,1.4236217737197876
2,417,5,2061,0.6602885723114014
2,417,6,326,0.04300708323717117
2,417,7,357,0.019809024408459663
2,417,8,2678,-0.006257645785808563
2,417,9,2895,-0.08776450157165527
2,417,10,562,-0.2527569532394409
2,418,1,538,4.74725341796875
2,418,2,585,4.205414772033691
2,418,3,576,2.995504379272461
2,418,4,1040,2.9339160919189453
2,418,5,755,2.4071578979492188
2,418,6,2033,0.26609474420547485
2,418,7,1531,0.07454103231430054
2,418,8,336,0.03437507525086403
2,418,9,385,-0.19542500376701355
2,418,10,656,-0.3355245292186737
2,419,1,3019,5.587991714477539
2,419,2,1696,4.948020935058594
2,419,3,1884,3.7986226081848145
2,419,4,579,1.7132678031921387
2,419,5,1723,1.3092617988586426
2,419,6,656,0.3000465929508209
2,419,7,2476,0.212812602519989
2,419,8,12,0.016332563012838364
2,419,9,899,-0.16755884885787964
2,419,10,1466,-0.24256710708141327
2,420,1,1196,5.98537540435791
2,420,2,704,5.9298272132873535
2,420,3,3010,5.222531318664551
2,420,4,2802,0.1440058946609497
2,420,5,22,0.006312478333711624
2,420,6,2649,-0.007151017896831036
2,420,7,1197,-0.07007706165313721
2,420,8,2594,-1.0344964265823364
2,420,9,598,-1.3490209579467773
2,420,10,1400,-1.7626349925994873
2,421,1,1040,4.153450965881348
2,421,2,293,3.663182020187378
2,421,3,2272,3.627516746520996
2,421,4,2018,1.7983964681625366
2,421,5,2384,1.0670249462127686
2,421,6,2488,0.40498197078704834
2,421,7,1999,-0.4200989007949829
2,421,8,2658,-0.6719826459884644
2,421,9,1013,-0.9063221216201782
2,421,10,2340,-0.9080665707588196
2,422,1,1196,5.795047760009766
2,422,2,3010,5.058572769165039
2,422,3,1884,3.9277772903442383
2,422,4,538,1.8325326442718506
2,422,5,2810,0.40325111150741577
2,422,6,1977,0.2751666307449341
2,422,7,1494,0.14362835884094238
2,422,8,2002,0.011907445266842842
2,422,9,293,-0.09145322442054749
2,422,10,285,-0.14496749639511108
2,423,1,2028,5.994570732116699
2,423,2,1791,5.948216915130615
2,423,3,3019,5.423407554626465
2,423,4,2047,0.017655406147241592
2,423,5,2452,-0.27172619104385376
2,423,6,1422,-0.7961097955703735
2,423,7,1146,-1.2081151008605957
2,424,1,1517,6.184471130371094
2,424,2,2609,5.520268440246582
2,424,3,1618,4.279146671295166
2,424,4,1809,0.6204699873924255
2,424,5,2019,0.5664095878601074
2,424,6,783,-0.11956146359443665
2,424,7,1659,-0.2727814316749573
2,424,8,2416,-1.056580901145935
2,425,1,1293,6.379159450531006
2,425,2,1018,3.890584945678711
2,425,3,1252,1.2260063886642456
2,425,4,2407,0.9589380621910095
2,425,5,509,0.7584720849990845
2,425,6,176,0.595644474029541
2,425,7,567,0.49748775362968445
2,425,8,707,0.38722261786460876
2,425,9,2003,0.1950412392616272
2,425,10,2047,0.04539116099476814
2,426,1,538,5.821775436401367
2,426,2,826,4.731070518493652
2,426,3,2272,3.682809829711914
2,426,4,2170,0.23694691061973572
2,426,5,248,0.0760849118232727
2,426,6,1270,0.018027763813734055
2,426,7,2995,-0.10515815019607544
2,426,8,1157,-0.18375831842422485
2,426,9,3027,-0.220171719789505
2,426,10,1391,-0.4123240113258362
2,427,1,538,5.048529624938965
2,427,2,585,4.671170234680176
2,427,3,621,4.0386810302734375
2,427,4,2457,0.02420203760266304
2,427,5,2925,-0.15491154789924622
2,427,6,633,-0.2958257794380188
2,427,7,859,-0.6558027267456055
2,427,8,2323,-1.3366246223449707
2,428,1,826,4.370637893676758
2,428,2,1618,3.940819263458252
2,428,3,2272,3.3892526626586914
2,428,4,974,-0.2804531455039978
2,428,5,551,-0.3953132629394531
2,428,6,2280,-0.7975512146949768
2,429,1,826,4.371520519256592
2,429,2,1618,3.9425745010375977
2,429,3,2272,3.3879661560058594
2,429,4,2974,0.2036750316619873
2,429,5,390,0.0009900331497192383
2,429,6,383,-0.005736386403441429
2,429,7,414,-0.0358298122882843
2,429,8,2447,-0.07087863981723785
2,429,9,2444,-0.1318720579147339
2,429,10,1312,-0.39357084035873413
2,430,1,826,4.370417594909668
2,430,2,1618,3.935624599456787
2,430,3,2272,3.3900234699249268
2,430,4,510,0.05259460210800171
2,430,5,3079,0.02533521130681038
2,430,6,2355,-0.26128312945365906
2,430,7,1522,-0.47471147775650024
2,435,1,621,4.058355808258057
2,435,2,624,3.9386770725250244
2,435,3,2496,3.131765604019165
2,435,4,198,0.6948620080947876
2,435,5,2141,0.5500631332397461
2,435,6,127,0.49539828300476074
2,435,7,1323,0.044360674917697906
2,435,8,774,-0.03110732138156891
2,435,9,886,-0.4429551362991333
2,436,1,264,7.090909957885742
2,436,2,670,6.567990303039551
2,436,3,621,5.414532661437988
2,436,4,2256,0.779209315776825
2,436,5,774,0.11849048733711243
2,436,6,1926,0.01766693964600563
2,436,7,1927,-0.8712942600250244
2,436,8,2210,-0.9885344505310059
2,436,9,611,-2.0155296325683594
2,437,1,670,6.248063087463379
2,437,2,624,4.982913970947266
2,437,3,2496,4.056842803955078
2,437,4,58,1.6832339763641357
2,437,5,189,0.3851011097431183
2,437,6,2654,0.1719323992729187
2,437,7,656,-0.14930394291877747
2,437,8,1688,-0.6197075843811035
2,437,9,698,-0.8071808815002441
2,437,10,2464,-0.9384012222290039
2,439,1,1040,6.135698318481445
2,439,2,2035,4.143418788909912
2,439,3,1749,4.059080123901367
2,439,4,112,0.8816568851470947
2,439,5,2053,0.28003090620040894
2,439,6,2296,0.057634979486465454
2,439,7,288,0.01961755007505417
2,439,8,887,-0.00024903612211346626
2,439,9,1108,-0.19445639848709106
2,439,10,1038,-0.9306495189666748
2,440,1,2851,5.671189785003662
2,440,2,2725,5.5703582763671875
2,440,3,1467,5.519381046295166
2,440,4,2264,1.0848557949066162
2,440,5,1567,0.7158091068267822
2,440,6,340,-0.011243697255849838
2,440,7,2988,-0.01820221170783043
2,440,8,2045,-0.25206664204597473
2,440,9,1747,-0.6639444828033447
2,440,10,1861,-0.7225220203399658
2,441,1,1579,7.805293083190918
2,441,2,2205,7.204829692840576
2,441,3,876,-0.025697026401758194
2,441,4,1881,-0.2944384813308716
2,441,5,174,-0.4602646827697754
2,441,6,1946,-0.52911376953125
2,441,7,2925,-1.8847525119781494
2,442,1,1467,4.8946027755737305
2,442,2,792,3.636695384979248
2,442,3,1749,3.474331855773926
2,442,4,1542,0.9326440691947937
2,442,5,672,0.23723271489143372
2,442,6,46,0.026061534881591797
2,442,7,339,0.02368287183344364
2,442,8,1858,-0.09019803255796432
2,442,9,1161,-0.20206086337566376
2,443,1,2566,6.150574684143066
2,443,2,2018,5.362369537353516
2,443,3,1258,4.810105323791504
2,443,4,672,2.841524600982666
2,443,5,2261,1.8295836448669434
2,443,6,2811,0.011633388698101044
2,443,7,2649,-0.016376715153455734
2,443,8,2848,-0.1860460638999939
2,443,9,2727,-0.2873167097568512
2,443,10,1657,-0.3065620958805084
2,444,1,58,4.92758846282959
2,444,2,1258,4.787533283233643
2,444,3,466,4.428715705871582
2,444,4,1501,1.3479055166244507
2,444,5,1836,1.253509283065796
2,444,6,121,0.7815424203872681
2,444,7,432,0.249761164188385
2,444,8,25,0.0776297003030777
2,444,9,393,-0.11276301741600037
2,444,10,506,-0.2599595785140991
2,445,1,513,6.6696906089782715
2,445,2,466,5.442652225494385
2,445,3,1469,4.1835737228393555
2,445,4,2197,0.7106812000274658
2,445,5,2882,0.35518360137939453
2,445,6,1769,0.033633843064308167
2,445,7,633,-0.02237987518310547
2,445,8,2750,-0.468827486038208
2,445,9,2719,-0.875174880027771
2,445,10,2326,-1.0504313707351685
2,446,1,1386,7.018095970153809
2,446,2,58,6.089470863342285
2,446,3,2911,4.026873588562012
2,446,4,1957,3.963408946990967
2,446,5,1692,1.5347166061401367
2,446,6,2738,0.6793692708015442
2,446,7,2543,0.05501241981983185
2,446,8,2745,-0.07180273532867432
2,446,9,1194,-0.45868247747421265
2,446,10,2143,-0.6045166254043579
2,448,1,2912,6.5248494148254395
2,448,2,1603,4.887048721313477
2,448,3,2814,3.55645751953125
2,448,4,2291,1.02183997631073
2,448,5,294,0.348040908575058
2,448,6,1866,0.19304029643535614
2,448,7,2416,-0.00506436824798584
2,448,8,381,-0.00962644349783659
2,448,9,1891,-0.04633679986000061
2,448,10,1725,-0.6049796342849731
2,449,1,507,5.73497200012207
2,449,2,2814,3.5167407989501953
2,449,3,1009,3.308420181274414
2,449,4,1957,3.03549861907959
2,449,5,308,0.31911584734916687
2,449,6,1055,-0.48086345195770264
2,450,1,672,5.385972023010254
2,450,2,1048,5.366481304168701
2,450,3,301,5.345337867736816
2,450,4,2814,3.58945894241333
2,450,5,1653,0.10304731130599976
2,450,6,1635,0.015860989689826965
2,450,7,169,-0.0021565118804574013
2,450,8,1427,-0.23348909616470337
2,450,9,954,-0.33868086338043213
2,450,10,1109,-0.5349490642547607
2,451,1,507,5.93712043762207
2,451,2,2814,3.633352756500244
2,451,3,1009,3.4219160079956055
2,451,4,2416,0.2450042963027954
2,451,5,2384,0.18356116116046906
2,451,6,357,0.042194344103336334
2,451,7,1206,-0.7790584564208984
2,452,1,672,5.1786789894104
2,452,2,301,5.1417555809021
2,452,3,2814,3.4212167263031006
2,452,4,46,0.026828505098819733
2,452,5,655,-0.6111115217208862
2,452,6,1970,-0.6281648278236389
2,452,7,2554,-0.684424638748169
2,452,8,2243,-1.186621904373169
2,452,9,206,-1.285477876663208
2,453,1,665,5.686429977416992
2,453,2,2704,5.475604057312012
2,453,3,508,0.9567854404449463
2,453,4,2089,0.12706653773784637
2,453,5,385,0.11475825309753418
2,453,6,3079,0.010637056082487106
2,453,7,884,-0.3493882417678833
2,453,8,2799,-0.48344099521636963
2,453,9,2496,-0.5082245469093323
2,453,10,1618,-0.5731006860733032
2,454,1,1184,7.60657262802124
2,454,2,173,7.063734531402588
2,454,3,474,0.6467190980911255
2,454,4,95,0.35397765040397644
2,454,5,2429,0.30179473757743835
2,454,6,221,0.1800416260957718
2,454,7,893,0.015658628195524216
2,454,8,2403,-0.2039005160331726
2,454,9,3010,-0.4036933481693268
2,454,10,2283,-1.1619675159454346
2,455,1,1587,6.45103645324707
2,455,2,1048,6.385225296020508
2,455,3,2391,5.602056503295898
2,455,4,1730,0.34516647458076477
2,455,5,387,-0.27274954319000244
2,455,6,1437,-0.6294001936912537
2,456,1,2615,7.083693027496338
2,456,2,1718,6.476287841796875
2,456,3,2391,5.708448886871338
2,456,4,653,1.734419584274292
2,456,5,1708,0.7423079609870911
2,456,6,560,0.19699832797050476
2,456,7,2046,0.013139505870640278
2,456,8,2927,-0.25234705209732056
2,456,9,1839,-0.38529157638549805
2,456,10,2095,-0.4295768141746521
2,457,1,2615,5.928111553192139
2,457,2,2210,5.772942066192627
2,457,3,633,0.1395048350095749
2,457,4,3079,0.008868178352713585
2,457,5,253,0.0016096653416752815
2,457,6,1977,0.0005788728594779968
2,457,7,884,-0.37907058000564575
2,457,8,2957,-0.5546936392784119
2,457,9,1167,-0.5878671407699585
2,458,1,1587,6.005012035369873
2,458,2,672,5.6374969482421875
2,458,3,2391,5.304769515991211
2,458,4,25,-0.0009390244958922267
2,458,5,876,-0.026686474680900574
2,458,6,1513,-0.29763782024383545
2,458,7,2053,-0.600784420967102
2,458,8,325,-0.8780065774917603
2,458,9,1786,-0.9331170320510864
2,459,1,1832,5.911674499511719
2,459,2,1173,4.455122947692871
2,459,3,3084,4.209226608276367
2,459,4,621,0.07858501374721527
2,459,5,2286,0.01669582724571228
2,459,6,253,0.0005883541889488697
2,459,7,2006,-0.34521088004112244
2,459,8,98,-0.6476136445999146
2,459,9,476,-0.7674147486686707
2,459,10,1255,-0.8127801418304443
2,460,1,554,7.503154754638672
2,460,2,444,6.155740737915039
2,460,3,1260,4.111708641052246
2,460,4,1747,1.3791927099227905
2,460,5,1745,0.01947852224111557
2,460,6,1635,-0.17511749267578125
2,460,7,2802,-0.23188957571983337
2,460,8,2341,-0.24885019659996033
2,460,9,974,-0.26817405223846436
2,460,10,1163,-0.34769412875175476
2,461,1,1723,6.399460315704346
2,461,2,444,5.734837055206299
2,461,3,1173,4.282417297363281
2,461,4,2738,0.4517847001552582
2,461,5,727,0.356830894947052
2,461,6,297,-0.04699069261550903
2,461,7,613,-0.09020769596099854
2,461,8,732,-0.1230110228061676
2,461,9,2640,-0.22799164056777954
2,461,10,2986,-0.41747376322746277
2,462,1,1354,6.886215686798096
2,462,2,1153,6.3347601890563965
2,462,3,2296,0.4252980351448059
2,462,4,1346,0.12068454921245575
2,462,5,2209,0.052229732275009155
2,462,6,3011,0.017893191426992416
2,462,7,1922,0.007741442881524563
2,462,8,2044,0.004259308334439993
2,462,9,2808,-0.1736273318529129
2,462,10,1977,-0.21285736560821533
2,463,1,1153,4.903702735900879
2,463,2,863,4.807262420654297
2,463,3,1231,0.6781283020973206
2,463,4,3004,0.46740931272506714
2,463,5,2643,0.40367400646209717
2,463,6,2516,0.014740983955562115
2,463,7,2044,0.0018229000270366669
2,463,8,1558,-0.2898155450820923
2,463,9,767,-0.641822338104248
2,463,10,2969,-1.1160192489624023
2,465,1,2157,6.044708728790283
2,465,2,1266,0.7606033086776733
2,465,3,22,0.021284054964780807
2,465,4,1758,0.0032296795397996902
2,465,5,2212,-0.10133224725723267
2,465,6,20,-0.5688294768333435
2,465,7,1548,-0.7359865307807922
2,465,8,2525,-1.629313349723816
2,467,1,2355,5.759016990661621
2,467,2,668,5.030951023101807
2,467,3,575,4.996663570404053
2,467,4,1014,-0.02839379385113716
2,467,5,2793,-0.15623849630355835
2,467,6,1628,-1.1080402135849
2,468,1,668,4.933146953582764
2,468,2,2031,3.908578395843506
2,468,3,1194,1.30672287940979
2,468,4,1964,1.0826085805892944
2,468,5,1447,0.02915811538696289
2,468,6,351,0.0028842072933912277
2,468,7,2846,0.0003532879054546356
2,468,8,1809,-0.0282333642244339
2,468,9,316,-0.5936364531517029
2,468,10,275,-0.9357220530509949
2,469,1,1354,5.553743839263916
2,469,2,1723,5.5457987785339355
2,469,3,1153,5.106457710266113
2,469,4,1248,1.4526264667510986
2,469,5,1102,0.7358577251434326
2,469,6,203,0.646960973739624
2,469,7,2478,0.01202312856912613
2,469,8,2590,-0.08901515603065491
2,469,9,1336,-0.38204842805862427
2,469,10,1628,-0.4547741115093231
2,470,1,1476,5.667381286621094
2,470,2,575,4.917957305908203
2,470,3,3047,1.0016874074935913
2,470,4,1311,0.5282063484191895
2,470,5,2846,0.0009566051885485649
2,470,6,1601,0.0007808911614120007
2,470,7,2047,-0.01932712271809578
2,470,8,1571,-0.09074661135673523
2,470,9,308,-0.19625431299209595
2,470,10,2111,-0.3955599069595337
2,471,1,1447,5.763262748718262
2,471,2,1248,5.701225280761719
2,471,3,950,3.6036624908447266
2,471,4,550,0.3085000216960907
2,471,5,1231,0.0374906063079834
2,471,6,3068,0.012749113142490387
2,471,7,459,-0.05758783221244812
2,472,1,1248,5.387332439422607
2,472,2,707,4.94667911529541
2,472,3,2019,4.818332672119141
2,472,4,1793,0.41226068139076233
2,472,5,2862,-0.021835148334503174
2,472,6,195,-0.10403983294963837
2,472,7,915,-0.13556277751922607
2,472,8,1792,-0.2530965805053711
2,472,9,611,-0.5492684841156006
2,472,10,2957,-1.4408016204833984
2,474,1,1531,5.00569486618042
2,474,2,1248,4.961281776428223
2,474,3,229,4.005057334899902
2,474,4,1868,0.6945697069168091
2,474,5,2623,0.5681629776954651
2,474,6,2937,0.31311139464378357
2,474,7,1454,0.22566017508506775
2,474,8,330,0.015862856060266495
2,474,9,2486,0.014858986251056194
2,474,10,3031,0.003061151597648859
2,475,1,1698,6.697580814361572
2,475,2,1447,5.399672031402588
2,475,3,2019,4.790600776672363
2,475,4,1127,0.8949460387229919
2,475,5,523,0.3841422200202942
2,475,6,1369,0.10325141251087189
2,475,7,2568,-0.22549527883529663
2,475,8,1465,-0.45450806617736816
2,475,9,1816,-0.8149203062057495
2,476,1,2432,6.722208023071289
2,476,2,1531,5.765045166015625
2,476,3,1981,3.6748809814453125
2,476,4,1422,0.489286869764328
2,476,5,2328,0.33089399337768555
2,476,6,2184,0.19402635097503662
2,476,7,1758,0.02963806316256523
2,476,8,319,-0.032936591655015945
2,476,9,2482,-0.19206476211547852
2,476,10,1112,-0.44048118591308594
2,477,1,1447,5.316526412963867
2,477,2,2048,4.962761878967285
2,477,3,2019,4.718683242797852
2,477,4,14,0.7174453139305115
2,477,5,104,0.1142856776714325
2,477,6,143,0.025546718388795853
2,477,7,342,0.010093707591295242
2,477,8,772,-0.018868187442421913
2,477,9,1254,-0.43042266368865967
2,477,10,72,-0.789574384689331
2,478,1,2432,8.64101791381836
2,478,2,1248,7.326971530914307
2,478,3,707,6.691903114318848
2,478,4,3040,0.7473766803741455
2,478,5,2705,0.5425852537155151
2,478,6,1853,0.023197103291749954
2,478,7,948,-0.397891640663147
2,478,8,301,-0.8775802850723267
2,478,9,1580,-1.178259253501892
2,479,1,1252,5.998932361602783
2,479,2,2173,0.9819282293319702
2,479,3,788,0.4047721326351166
2,479,4,185,0.21413081884384155
2,479,5,11,0.12700273096561432
2,479,6,2406,0.10181298851966858
2,479,7,1070,0.09334427118301392
2,479,8,2802,0.05432292819023132
2,479,9,1270,0.026490705087780952
2,479,10,2165,-0.19666460156440735
2,480,1,1063,7.32045841217041
2,480,2,2048,5.481830596923828
2,480,3,707,5.300003528594971
2,480,4,1571,0.9139959812164307
2,480,5,1435,0.20087593793869019
2,480,6,142,0.008174771443009377
2,480,7,2997,-0.32421737909317017
2,480,8,65,-0.8194200992584229
2,480,9,2832,-0.869098424911499
2,480,10,553,-1.683579921722412
2,483,1,81,3.481326103210449
2,483,2,1597,1.317559003829956
2,483,3,1158,1.1410902738571167
2,483,4,520,0.8307555317878723
2,483,5,72,0.4427967667579651
2,483,6,1358,0.2749009132385254
2,483,7,3063,0.2735040783882141
2,483,8,1246,0.20270350575447083
2,483,9,2161,0.14598441123962402
2,483,10,889,0.07217895239591599
2,484,1,81,3.481731414794922
2,484,2,520,0.8361073136329651
2,484,3,984,0.37699511647224426
2,484,4,1760,0.04318729788064957
2,484,5,148,0.03597933053970337
2,484,6,1270,0.02158045768737793
2,484,7,362,0.013998160138726234
2,484,8,2356,0.00896531343460083
2,484,9,1279,-0.2931598424911499
2,484,10,2078,-0.4766022861003876
2,485,1,81,3.5320944786071777
2,485,2,1592,1.3939770460128784
2,485,3,520,0.6481043696403503
2,485,4,2030,0.5210474133491516
2,485,5,185,0.32409870624542236
2,485,6,2006,0.26126691699028015
2,485,7,2192,0.09913486242294312
2,485,8,2157,0.08621560037136078
2,485,9,173,0.02552807331085205
2,485,10,1270,0.023067042231559753
2,486,1,1613,5.672488212585449
2,486,2,1001,5.56912899017334
2,486,3,585,1.351222038269043
2,486,4,2290,0.06070077419281006
2,486,5,2649,0.04814033955335617
2,486,6,2228,0.03663163632154465
2,486,7,253,0.03284014016389847
2,486,8,876,0.02378891594707966
2,486,9,2084,-0.48236405849456787
2,486,10,193,-0.5916955471038818
2,487,1,1992,4.717298984527588
2,487,2,424,4.133016586303711
2,487,3,1742,3.7040367126464844
2,487,4,20,0.01750926673412323
2,487,5,1332,0.017153386026620865
2,487,6,507,-0.6454042792320251
2,487,7,2097,-0.6725212335586548
2,487,8,653,-0.7997537851333618
2,487,9,1413,-1.6078048944473267
2,487,10,1395,-2.046537399291992
2,491,1,1831,5.326597213745117
2,491,2,1836,4.634039878845215
2,491,3,2658,1.216144323348999
2,491,4,2974,0.7372657060623169
2,491,5,1339,0.2884332537651062
2,491,6,2493,0.26941555738449097
2,491,7,995,0.05361996591091156
2,491,8,1952,0.002076476812362671
2,491,9,1911,-0.018478572368621826
2,491,10,2642,-0.3340293765068054
2,492,1,541,6.424477577209473
2,492,2,1682,6.350069046020508
2,492,3,1212,5.5443925857543945
2,492,4,1656,3.6713950634002686
2,492,5,509,0.9481490254402161
2,492,6,1101,0.8651273250579834
2,492,7,1760,0.6105793714523315
2,492,8,1651,0.43751662969589233
2,492,9,851,0.06622675061225891
2,492,10,2940,-1.1831340789794922
2,493,1,439,6.228780746459961
2,493,2,1836,5.389946937561035
2,493,3,718,0.6803762912750244
2,493,4,1868,0.6022142171859741
2,493,5,995,0.06362378597259521
2,493,6,360,0.017878621816635132
2,493,7,2665,-0.18964141607284546
2,493,8,1190,-0.37099677324295044
2,493,9,560,-0.7716494798660278
2,494,1,1161,6.076326847076416
2,494,2,1278,4.302622318267822
2,494,3,1386,1.8442585468292236
2,494,4,665,1.804758071899414
2,494,5,2554,1.0370585918426514
2,494,6,2024,0.24661952257156372
2,494,7,2892,0.237087681889534
2,494,8,1335,0.23636195063591003
2,494,9,1173,0.1813587248325348
2,494,10,1160,0.18003395199775696
2,495,1,633,0.4150872826576233
2,495,2,1015,0.17839720845222473
2,495,3,2267,0.07439976185560226
2,495,4,682,0.05572587624192238
2,495,5,2047,0.05231499671936035
2,495,6,2801,0.03340823948383331
2,495,7,1470,0.020085182040929794
2,495,8,1014,0.019669126719236374
2,495,9,1047,-0.31550583243370056
2,495,10,2755,-1.0831122398376465
3,1,1,2396,1.5525093078613281
3,1,2,1838,1.2715966701507568
3,1,3,1763,1.0246467590332031
3,1,4,1747,0.8601908087730408
3,1,5,948,0.8464010953903198
3,1,6,1738,0.42504721879959106
3,1,7,318,-0.005920514464378357
3,1,8,1307,-0.4886496067047119
3,1,9,2173,-1.1424756050109863
3,2,1,667,0.7321442365646362
3,2,2,2161,0.6734392642974854
3,2,3,25,0.18558648228645325
3,2,4,2659,-0.22898122668266296
3,2,5,1315,-0.45578011870384216
3,2,6,2359,-0.541029691696167
3,2,7,2165,-0.6172933578491211
3,2,8,2234,-0.6824308633804321
3,2,9,1113,-0.7518280148506165
3,3,1,534,1.6230518817901611
3,3,2,55,0.473270446062088
3,3,3,98,0.27991539239883423
3,3,4,1747,0.06718184798955917
3,3,5,385,0.017181754112243652
3,3,6,1006,-0.04827919229865074
3,3,7,624,-0.16976633667945862
3,3,8,2184,-0.23437893390655518
3,3,9,2156,-0.31798362731933594
3,3,10,1407,-0.5399021506309509
3,4,1,494,1.5804859399795532
3,4,2,2341,1.4289120435714722
3,4,3,2313,0.9389382600784302
3,4,4,977,-0.03023633360862732
3,4,5,1558,-0.052165061235427856
3,4,6,2901,-0.3575178384780884
3,4,7,1665,-0.40957197546958923
3,4,8,2500,-0.4680505394935608
3,4,9,1501,-0.7383288145065308
3,7,1,461,3.373227834701538
3,7,2,1254,1.8335342407226562
3,7,3,2095,1.4549973011016846
3,7,4,560,0.2833900451660156
3,7,5,1913,0.036385416984558105
3,7,6,2046,-0.03722888603806496
3,7,7,1898,-0.1934540569782257
3,7,8,2209,-0.3303714394569397
3,7,9,132,-0.3714178800582886
3,7,10,719,-0.5415927171707153
3,8,1,954,2.3220691680908203
3,8,2,1507,2.166126251220703
3,8,3,354,2.1624231338500977
3,8,4,2313,0.7698625326156616
3,8,5,2170,0.6094151735305786
3,8,6,2808,-0.06771048903465271
3,8,7,2516,-0.07705945521593094
3,8,8,1380,-0.19115975499153137
3,8,9,2665,-0.1938287764787674
3,8,10,49,-0.1994253396987915
3,9,1,1839,2.434020757675171
3,9,2,2299,1.0118566751480103
3,9,3,1809,0.14709168672561646
3,9,4,2387,0.13344575464725494
3,9,5,359,0.09980572760105133
3,9,6,1984,-0.2713926434516907
3,9,7,2273,-0.9623250961303711
3,9,8,2826,-1.034986972808838
3,9,9,471,-1.0734649896621704
3,9,10,2580,-1.2457739114761353
3,10,1,2738,2.768035888671875
3,10,2,1522,1.4945636987686157
3,10,3,1569,1.259926199913025
3,10,4,706,0.8872526288032532
3,10,5,732,0.46755272150039673
3,10,6,703,0.3574228286743164
3,10,7,2978,-0.03235238790512085
3,10,8,1780,-0.0566805936396122
3,10,9,975,-0.10474447906017303
3,10,10,2234,-1.04842209815979
3,11,1,2951,2.003862142562866
3,11,2,3015,0.5837702751159668
3,11,3,1926,-0.021271169185638428
3,11,4,1381,-0.02529071271419525
3,11,5,2002,-0.07340437173843384
3,11,6,2514,-0.5509999394416809
3,11,7,1868,-0.8323941230773926
3,12,1,1374,1.0030882358551025
3,12,2,2448,0.9451850056648254
3,12,3,2868,0.8428187370300293
3,12,4,2989,0.5281326770782471
3,12,5,2717,0.19012373685836792
3,12,6,2955,0.006068333983421326
3,12,7,2665,-0.14657743275165558
3,12,8,354,-0.4865994453430176
3,12,9,1408,-1.092293381690979
3,13,1,1645,3.1218388080596924
3,13,2,1089,1.168111801147461
3,13,3,652,0.9022084474563599
3,13,4,500,0.45287543535232544
3,13,5,2299,0.3636229634284973
3,13,6,887,-0.009121266193687916
3,13,7,2516,-0.07034353166818619
3,13,8,2389,-0.35740044713020325
3,13,9,2429,-0.6528981924057007
3,13,10,2272,-1.258805751800537
3,14,1,174,2.238304376602173
3,14,2,2882,1.8760101795196533
3,14,3,2736,1.7195409536361694
3,14,4,1279,0.8061553239822388
3,14,5,1748,0.5257917642593384
3,14,6,2752,0.08307930082082748
3,14,7,1936,0.06215701997280121
3,14,8,3068,-0.06864960491657257
3,14,9,1484,-0.36959755420684814
3,14,10,480,-0.5179479718208313
3,15,1,689,3.9083917140960693
3,15,2,611,2.6803388595581055
3,15,3,2396,2.2060799598693848
3,15,4,1424,0.9710657000541687
3,15,5,2256,-0.20296649634838104
3,15,6,615,-0.40451580286026
3,15,7,346,-0.4441801905632019
3,15,8,2583,-0.754391610622406
3,16,1,1833,2.542902946472168
3,16,2,1395,1.702073097229004
3,16,3,2736,1.018891453742981
3,16,4,1362,0.9872210621833801
3,16,5,2259,0.7850127220153809
3,16,6,2447,0.6616508960723877
3,16,7,3016,-0.05451613664627075
3,16,8,2801,-0.6186143755912781
3,16,9,1484,-0.775416374206543
3,17,1,257,2.0851974487304688
3,17,2,530,1.843940258026123
3,17,3,476,1.4173974990844727
3,17,4,2045,1.0858607292175293
3,17,5,1546,0.7614214420318604
3,17,6,1831,0.5489327907562256
3,17,7,1278,0.45029518008232117
3,17,8,954,0.23416157066822052
3,17,9,1407,0.18065989017486572
3,17,10,980,0.1457812339067459
3,18,1,3016,1.2087901830673218
3,18,2,1502,0.7686877846717834
3,18,3,1550,0.3610628843307495
3,18,4,3031,-0.031914204359054565
3,18,5,575,-0.3868815302848816
3,18,6,2478,-0.631118893623352
3,18,7,203,-0.8088473081588745
3,18,8,63,-0.8456955552101135
3,20,1,2347,1.0699481964111328
3,20,2,1979,0.837574303150177
3,20,3,3019,0.29422491788864136
3,20,4,381,-0.011554436758160591
3,20,5,2235,-0.017800569534301758
3,20,6,368,-0.02424706146121025
3,20,7,2192,-0.03358623385429382
3,20,8,1447,-0.530368983745575
3,21,1,1089,4.091777324676514
3,21,2,2521,1.8873934745788574
3,21,3,1521,0.7562191486358643
3,21,4,1386,0.3990931510925293
3,21,5,2912,0.2972586452960968
3,21,6,507,0.2706056237220764
3,21,7,2792,0.007697197608649731
3,21,8,853,-0.07009363174438477
3,21,9,739,-0.10113847255706787
3,21,10,333,-0.19292089343070984
3,22,1,1708,1.1874470710754395
3,22,2,2291,0.554223358631134
3,22,3,724,0.15964731574058533
3,22,4,177,-0.012203216552734375
3,22,5,1980,-0.11603812873363495
3,22,6,2369,-0.14593125879764557
3,22,7,2826,-0.6851499080657959
3,22,8,2106,-1.3335950374603271
3,22,9,1028,-1.7512593269348145
3,23,1,756,3.2783849239349365
3,23,2,791,1.544128179550171
3,23,3,2810,1.1064051389694214
3,23,4,2368,0.7348214983940125
3,23,5,1927,0.6666349172592163
3,23,6,461,0.509411633014679
3,23,7,534,0.2794899344444275
3,23,8,1315,-0.02140223979949951
3,23,9,860,-0.17819815874099731
3,23,10,1053,-0.2452763020992279
3,24,1,1487,1.9953639507293701
3,24,2,1087,1.950553059577942
3,24,3,2559,0.901032567024231
3,24,4,2340,0.6137368679046631
3,24,5,1002,0.49277085065841675
3,24,6,2578,0.01992321014404297
3,24,7,368,-0.08315860480070114
3,24,8,122,-0.08397746086120605
3,24,9,2209,-0.5299282073974609
3,24,10,1293,-1.048914909362793
3,26,1,186,2.34439754486084
3,26,2,3063,0.47939959168434143
3,26,3,655,0.34367644786834717
3,26,4,2706,0.2887718677520752
3,26,5,1380,0.14716631174087524
3,26,6,65,0.13746213912963867
3,26,7,1627,-0.005207162816077471
3,26,8,1323,-0.03594430163502693
3,26,9,3041,-0.1382019817829132
3,26,10,2742,-0.19926783442497253
3,27,1,1407,0.5202624201774597
3,27,2,93,0.4733971357345581
3,27,3,1678,0.16965097188949585
3,27,4,1340,0.09160226583480835
3,27,5,2078,0.03998618572950363
3,27,6,1194,-0.009305641055107117
3,27,7,2274,-0.658900260925293
3,27,8,2616,-1.3729246854782104
3,27,9,3010,-1.7691657543182373
3,28,1,184,3.1254167556762695
3,28,2,746,1.8686447143554688
3,28,3,2750,0.4385067820549011
3,28,4,1724,0.3083173930644989
3,28,5,1362,0.2656204104423523
3,28,6,2658,0.052837446331977844
3,28,7,1939,-0.022387489676475525
3,28,8,524,-0.03586713969707489
3,28,9,215,-0.047859445214271545
3,28,10,327,-0.15062963962554932
3,29,1,557,2.1722397804260254
3,29,2,559,1.4706789255142212
3,29,3,2474,1.2457094192504883
3,29,4,1939,-0.07874032109975815
3,29,5,1723,-0.5313661098480225
3,29,6,2986,-0.5439196825027466
3,29,7,122,-0.7122784852981567
3,29,8,1618,-0.966814398765564
3,29,9,375,-1.113229751586914
3,29,10,2911,-1.299702525138855
3,31,1,2258,2.4647598266601562
3,31,2,615,1.9062273502349854
3,31,3,459,0.7750564813613892
3,31,4,1302,0.5016741752624512
3,31,5,701,0.0662948489189148
3,31,6,707,-0.16131846606731415
3,31,7,32,-0.2906041741371155
3,31,8,971,-0.4641273021697998
3,31,9,434,-1.2641681432724
3,32,1,1424,2.4349331855773926
3,32,2,471,1.2362072467803955
3,32,3,1982,0.9058642387390137
3,32,4,1821,0.7842491865158081
3,32,5,249,0.33972084522247314
3,32,6,169,-0.07329306751489639
3,32,7,1171,-0.38754647970199585
3,32,8,1600,-0.4122503995895386
3,32,9,108,-0.955877423286438
3,32,10,1346,-1.4232999086380005
3,33,1,644,3.354408025741577
3,33,2,1816,1.656907320022583
3,33,3,2476,1.4454847574234009
3,33,4,1638,-0.4830113649368286
3,33,5,390,-0.6725955009460449
3,33,6,865,-0.7198867201805115
3,33,7,2176,-0.9821756482124329
3,33,8,2365,-1.8456239700317383
3,34,1,402,2.584907054901123
3,34,2,129,0.5282926559448242
3,34,3,1034,0.4098377227783203
3,34,4,1793,0.10563701391220093
3,34,5,222,-0.016511220484972
3,34,6,195,-0.2976016402244568
3,35,1,652,1.9279097318649292
3,35,2,2844,1.5286734104156494
3,35,3,40,0.9887694716453552
3,35,4,2502,0.6065529584884644
3,35,5,196,0.2694511115550995
3,35,6,2344,0.2161063700914383
3,35,7,95,0.09773674607276917
3,35,8,239,-0.04351183772087097
3,35,9,2673,-0.044219523668289185
3,35,10,2267,-0.07524167746305466
3,36,1,1407,2.099195957183838
3,36,2,953,1.77106511592865
3,36,3,298,0.9670611619949341
3,36,4,2016,0.36482515931129456
3,36,5,2640,0.08154863119125366
3,36,6,2673,-0.02421368844807148
3,36,7,2677,-0.03152652829885483
3,36,8,453,-0.5443820357322693
3,36,9,259,-0.5538056492805481
3,36,10,1685,-0.8349777460098267
3,37,1,1358,1.0246024131774902
3,37,2,1311,0.6451581716537476
3,37,3,2410,0.5914897918701172
3,37,4,1369,0.05911874771118164
3,37,5,2751,0.01892697811126709
3,37,6,25,-0.0970570296049118
3,37,7,1818,-0.13502568006515503
3,37,8,2559,-0.31312862038612366
3,37,9,273,-0.5585436820983887
3,37,10,1171,-0.6094120740890503
3,38,1,1621,5.8711419105529785
3,38,2,2195,4.822634220123291
3,38,3,530,4.264671802520752
3,38,4,2742,1.6358842849731445
3,38,5,905,0.20424720644950867
3,38,6,724,0.18106740713119507
3,38,7,1467,-0.009581685066223145
3,38,8,351,-0.023625090718269348
3,38,9,1977,-0.05428791046142578
3,38,10,671,-0.057726651430130005
3,39,1,1327,7.625585556030273
3,39,2,530,5.509158134460449
3,39,3,257,1.9832911491394043
3,39,4,2832,1.3186428546905518
3,39,5,1156,1.297163486480713
3,39,6,316,0.7941588163375854
3,39,7,2145,0.749657392501831
3,39,8,390,0.48276522755622864
3,39,9,64,-0.016387730836868286
3,39,10,2369,-0.059333931654691696
3,40,1,736,5.756240367889404
3,40,2,530,4.828039169311523
3,40,3,2353,1.0950368642807007
3,40,4,2817,0.5119084119796753
3,40,5,1146,0.29605138301849365
3,40,6,2369,-0.055006980895996094
3,40,7,2297,-0.9311856031417847
3,40,8,1360,-1.1916894912719727
3,40,9,2128,-2.114584445953369
3,42,1,1738,6.060402870178223
3,42,2,667,4.733551502227783
3,42,3,113,4.586332321166992
3,42,4,980,0.38472214341163635
3,42,5,1153,0.26197269558906555
3,42,6,1495,0.19951194524765015
3,42,7,134,0.028665998950600624
3,42,8,2026,-0.018658824265003204
3,42,9,1323,-0.0214306078851223
3,42,10,3054,-0.18255570530891418
3,43,1,1818,6.725732803344727
3,43,2,2193,4.973283767700195
3,43,3,1165,4.856649398803711
3,43,4,2481,0.9673553705215454
3,43,5,1246,0.7804533839225769
3,43,6,910,0.5926614999771118
3,43,7,1829,0.5755499601364136
3,43,8,1597,0.33644095063209534
3,43,9,727,0.03854075074195862
3,43,10,1300,-0.03963680565357208
3,45,1,390,4.848694801330566
3,45,2,1738,4.525075912475586
3,45,3,1818,4.314385414123535
3,45,4,1446,1.2565436363220215
3,45,5,1759,0.22154225409030914
3,45,6,2677,0.0040945434011518955
3,45,7,184,-0.17692813277244568
3,45,8,611,-0.2257900983095169
3,46,1,1848,5.443223476409912
3,46,2,667,4.585568428039551
3,46,3,113,4.441290855407715
3,46,4,1653,0.9849824905395508
3,46,5,1040,0.742933452129364
3,46,6,475,0.5870517492294312
3,46,7,535,0.21605050563812256
3,46,8,509,0.14324435591697693
3,46,9,338,-0.19074475765228271
3,46,10,1827,-0.29419800639152527
3,47,1,2273,7.929143905639648
3,47,2,1818,6.61411190032959
3,47,3,667,5.422947406768799
3,47,4,1757,1.001059651374817
3,47,5,103,0.7529324293136597
3,47,6,434,0.4792509078979492
3,47,7,2496,0.4623674154281616
3,47,8,2705,-0.26012030243873596
3,47,9,2006,-0.6245220899581909
3,47,10,2557,-1.680393934249878
3,48,1,471,6.365929126739502
3,48,2,1417,6.0932135581970215
3,48,3,1738,5.608449935913086
3,48,4,863,0.28354090452194214
3,48,5,2867,-0.2510032057762146
3,48,6,1395,-0.2865864634513855
3,48,7,2745,-0.35297492146492004
3,48,8,2082,-0.8396016359329224
3,48,9,1121,-1.1811962127685547
3,49,1,1848,6.276179313659668
3,49,2,667,5.2937703132629395
3,49,3,2193,4.778163433074951
3,49,4,1386,0.29269158840179443
3,49,5,1897,0.01253652572631836
3,49,6,857,-0.07790497690439224
3,49,7,195,-0.4070037305355072
3,49,8,1521,-0.5140774846076965
3,49,9,2108,-1.1199700832366943
3,49,10,1571,-1.8359439373016357
3,50,1,1417,7.087027072906494
3,50,2,248,4.88643741607666
3,50,3,2193,4.599352836608887
3,50,4,2205,0.6243594288825989
3,50,5,1263,0.28375208377838135
3,50,6,2024,0.2447812855243683
3,50,7,2814,0.21929897367954254
3,50,8,2543,-0.03298023343086243
3,50,9,498,-0.10392060875892639
3,50,10,459,-0.2523154318332672
3,51,1,390,5.700407981872559
3,51,2,667,4.149077892303467
3,51,3,113,4.020803451538086
3,51,4,2911,0.7222734093666077
3,51,5,595,0.4328661561012268
3,51,6,294,0.2926078736782074
3,51,7,1737,0.2064666897058487
3,51,8,3061,0.1629515290260315
3,51,9,2321,0.04229429364204407
3,51,10,1395,-0.23778152465820312
3,52,1,948,5.509438991546631
3,52,2,484,3.717104434967041
3,52,3,137,3.3724236488342285
3,52,4,2211,0.4992079734802246
3,52,5,32,0.0015587210655212402
3,52,6,46,-0.08175358176231384
3,52,7,424,-0.14692437648773193
3,52,8,1293,-0.25394207239151
3,52,9,852,-0.8753759860992432
3,52,10,2253,-0.94952392578125
3,53,1,1082,5.648109436035156
3,53,2,484,3.3176467418670654
3,53,3,137,3.028303384780884
3,53,4,746,0.8640100359916687
3,53,5,1966,0.2022607922554016
3,53,6,1280,0.028830736875534058
3,53,7,2725,-0.20579157769680023
3,53,8,22,-0.9306529760360718
3,53,9,2464,-1.8020544052124023
3,54,1,1279,5.558548927307129
3,54,2,1821,5.449869155883789
3,54,3,484,3.2805328369140625
3,54,4,2819,0.01823587715625763
3,54,5,20,-0.218988835811615
3,54,6,2478,-0.3779846429824829
3,54,7,1265,-1.0495198965072632
3,55,1,948,6.159008502960205
3,55,2,3059,4.79701566696167
3,55,3,1142,2.5732297897338867
3,55,4,2341,1.3823702335357666
3,55,5,380,-0.05229296535253525
3,55,6,1517,-0.413062185049057
3,55,7,316,-0.5916312336921692
3,55,8,3063,-0.7818213701248169
3,55,9,1171,-0.8725765943527222
3,55,10,416,-1.259162425994873
3,56,1,2963,5.236710548400879
3,56,2,1546,3.9677140712738037
3,56,3,235,0.7729780673980713
3,56,4,1158,0.3584430515766144
3,56,5,2687,0.35677045583724976
3,56,6,1308,0.2927815020084381
3,56,7,1327,0.15499258041381836
3,56,8,319,-0.02417932264506817
3,56,9,986,-0.14263981580734253
3,56,10,261,-0.502597451210022
3,57,1,890,4.893842697143555
3,57,2,1628,4.8808512687683105
3,57,3,1546,3.5143003463745117
3,57,4,272,0.6164628267288208
3,57,5,727,-0.14707794785499573
3,57,6,1307,-0.17150437831878662
3,57,7,656,-0.4363250136375427
3,57,8,2894,-0.5803159475326538
3,57,9,466,-0.6045025587081909
3,57,10,2432,-0.6288800239562988
3,58,1,1438,6.730532169342041
3,58,2,1628,6.001343250274658
3,58,3,216,1.679025411605835
3,58,4,557,1.570494294166565
3,58,5,1540,0.4226161241531372
3,58,6,155,0.18706858158111572
3,58,7,1878,0.007958143949508667
3,58,8,319,-0.024898944422602654
3,58,9,2209,-0.039505183696746826
3,58,10,1928,-0.03975777328014374
3,59,1,645,5.701521873474121
3,59,2,1365,5.47260856628418
3,59,3,1546,3.6579833030700684
3,59,4,1112,1.578070878982544
3,59,5,1710,1.5670509338378906
3,59,6,1522,1.3140031099319458
3,59,7,1970,0.3074556589126587
3,59,8,2048,-0.4235236346721649
3,59,9,1632,-0.5880651473999023
3,59,10,2205,-0.6796625256538391
3,60,1,584,6.140614032745361
3,60,2,2914,5.673020362854004
3,60,3,1012,5.290736675262451
3,60,4,1339,2.0854415893554688
3,60,5,2291,0.287615567445755
3,60,6,2848,0.2153879702091217
3,60,7,135,-0.020060237497091293
3,60,8,2830,-0.7557721734046936
3,60,9,2157,-1.541277527809143
3,61,1,584,4.709810256958008
3,61,2,1089,4.415487289428711
3,61,3,1012,4.057279586791992
3,61,4,1347,0.5530775785446167
3,61,5,1263,0.12315553426742554
3,61,6,696,0.12168499827384949
3,61,7,2664,-0.002775520086288452
3,61,8,765,-0.041931167244911194
3,61,9,103,-0.41394343972206116
3,62,1,99,6.478002548217773
3,62,2,2914,5.3082499504089355
3,62,3,2408,3.8175618648529053
3,62,4,962,0.02419065125286579
3,62,5,2272,0.01094616949558258
3,62,6,283,-0.03622835874557495
3,62,7,123,-0.3605978488922119
3,62,8,1945,-0.7063920497894287
3,62,9,579,-1.5541713237762451
3,63,1,1012,5.453072547912598
3,63,2,346,4.520071029663086
3,63,3,3037,1.7270562648773193
3,63,4,257,1.709756851196289
3,63,5,2372,1.0643064975738525
3,63,6,2441,0.7150179147720337
3,63,7,2104,0.6685795783996582
3,63,8,949,0.28522729873657227
3,63,9,1383,-0.3418876528739929
3,63,10,81,-0.6606280207633972
3,64,1,2405,5.573124885559082
3,64,2,1055,5.566046237945557
3,64,3,2089,1.2781298160552979
3,64,4,2319,0.8792333602905273
3,64,5,739,0.5938485264778137
3,64,6,250,0.24199792742729187
3,64,7,224,0.005947239696979523
3,64,8,500,-0.18362677097320557
3,64,9,1569,-0.4183792769908905
3,64,10,701,-0.7730040550231934
3,65,1,1751,4.491575241088867
3,65,2,205,3.9154133796691895
3,65,3,2302,0.5707698464393616
3,65,4,1757,0.500357985496521
3,65,5,2776,-0.02381737530231476
3,65,6,2444,-0.16153313219547272
3,65,7,2377,-0.25107449293136597
3,65,8,2197,-1.7022409439086914
3,67,1,2352,7.558332443237305
3,67,2,2742,5.862659454345703
3,67,3,481,1.2506390810012817
3,67,4,2776,-0.010025175288319588
3,67,5,1723,-0.18949399888515472
3,67,6,2432,-0.3030748665332794
3,67,7,105,-0.5255091190338135
3,67,8,434,-0.6753409504890442
3,67,9,1744,-0.9024059772491455
3,67,10,1159,-0.9606195688247681
3,68,1,480,6.048018932342529
3,68,2,2998,3.223243236541748
3,68,3,541,0.3067365288734436
3,68,4,2776,-0.016281573101878166
3,68,5,1409,-0.15490776300430298
3,68,6,273,-0.22348615527153015
3,68,7,1590,-0.4109111428260803
3,69,1,205,5.237460136413574
3,69,2,1833,4.089416980743408
3,69,3,1910,3.321089506149292
3,69,4,2802,-0.0783359706401825
3,69,5,1840,-0.19368192553520203
3,69,6,65,-0.26222681999206543
3,69,7,1456,-1.0523741245269775
3,70,1,1538,6.441062927246094
3,70,2,2481,4.972700119018555
3,70,3,2702,1.4028477668762207
3,70,4,1156,1.2865227460861206
3,70,5,2649,0.4097047448158264
3,70,6,2750,0.3629012405872345
3,70,7,2677,-0.005624042823910713
3,70,8,1985,-0.2579377293586731
3,70,9,106,-0.3767145872116089
3,70,10,2558,-0.6297065019607544
3,71,1,2410,5.12968635559082
3,71,2,1910,3.388230562210083
3,71,3,2261,1.4208025932312012
3,71,4,72,0.8940153121948242
3,71,5,2562,0.24656206369400024
3,71,6,2677,-0.005862612277269363
3,71,7,336,-0.017926707863807678
3,71,8,2666,-0.03618698567152023
3,71,9,1376,-0.3467828631401062
3,71,10,2042,-0.43221133947372437
3,72,1,1127,4.824249267578125
3,72,2,3042,4.429708957672119
3,72,3,6,3.581122398376465
3,72,4,90,0.39130738377571106
3,72,5,2677,-0.019620146602392197
3,72,6,253,-0.021409986540675163
3,72,7,1823,-0.5477648973464966
3,72,8,2496,-0.5989344716072083
3,73,1,1127,5.282110214233398
3,73,2,1737,4.9204607009887695
3,73,3,3042,4.81439208984375
3,73,4,438,3.568202495574951
3,73,5,2238,0.271413117647171
3,73,6,380,0.012384235858917236
3,73,7,2196,-0.34907782077789307
3,73,8,483,-0.6673660278320312
3,73,9,2028,-0.7893460988998413
3,74,1,1730,6.257354259490967
3,74,2,1737,5.082950592041016
3,74,3,2003,4.120967864990234
3,74,4,2161,3.460181951522827
3,74,5,2787,2.7536282539367676
3,74,6,1838,2.0781502723693848
3,74,7,953,1.2378560304641724
3,74,8,471,0.14213109016418457
3,74,9,2328,-0.2545924782752991
3,74,10,653,-0.2915821075439453
3,75,1,1461,6.541988372802734
3,75,2,400,6.093950271606445
3,75,3,1267,1.867695927619934
3,75,4,1926,0.014946755021810532
3,75,5,148,-0.019708003848791122
3,75,6,2988,-0.029823603108525276
3,75,7,142,-0.08156508207321167
3,75,8,317,-0.0854569748044014
3,75,9,1062,-0.4287974536418915
3,75,10,273,-0.4952032268047333
3,76,1,2162,5.640151023864746
3,76,2,1710,5.223357200622559
3,76,3,1427,3.5833678245544434
3,76,4,1866,0.8114317655563354
3,76,5,893,0.056473322212696075
3,76,6,326,0.02283591777086258
3,76,7,845,0.02123679406940937
3,76,8,351,-0.05553533136844635
3,76,9,1829,-0.5088162422180176
3,77,1,2387,5.061285018920898
3,77,2,732,5.021592140197754
3,77,3,689,2.6851961612701416
3,77,4,767,1.7074450254440308
3,77,5,1312,1.1528542041778564
3,77,6,889,-0.0289103165268898
3,77,7,1540,-0.10043632984161377
3,77,8,514,-0.7700207233428955
3,77,9,293,-1.2768560647964478
3,78,1,2161,5.897902488708496
3,78,2,1427,4.1598711013793945
3,78,3,1926,0.004850698634982109
3,78,4,889,-0.02806069888174534
3,78,5,1582,-0.3087535500526428
3,78,6,3040,-0.6291664242744446
3,78,7,617,-1.0001261234283447
3,80,1,1513,4.479338645935059
3,80,2,62,4.234218597412109
3,80,3,1237,2.1214795112609863
3,80,4,1861,0.9693845510482788
3,80,5,1254,0.5134371519088745
3,80,6,2478,-0.19664601981639862
3,80,7,2440,-0.8270432353019714
3,80,8,716,-0.9336283206939697
3,80,9,1412,-1.1179485321044922
3,80,10,2355,-1.6897050142288208
3,81,1,2892,5.23167610168457
3,81,2,655,2.366152763366699
3,81,3,2789,1.6906882524490356
3,81,4,2313,0.6029887199401855
3,81,5,1751,0.3982137441635132
3,81,6,2078,0.12194192409515381
3,81,7,343,-0.04632588475942612
3,81,8,1787,-0.2554047703742981
3,81,9,613,-0.4689502716064453
3,82,1,3032,5.763845920562744
3,82,2,2985,5.720733642578125
3,82,3,550,0.48758503794670105
3,82,4,2391,0.2869057357311249
3,82,5,1254,0.2542039155960083
3,82,6,916,-0.0354175865650177
3,82,7,140,-0.06828616559505463
3,83,1,2302,6.097011566162109
3,83,2,1335,5.886638164520264
3,83,3,2660,5.015198707580566
3,83,4,559,1.657637596130371
3,83,5,1761,0.8671468496322632
3,83,6,2366,0.6924132108688354
3,83,7,746,0.6768600344657898
3,83,8,2368,0.5948489904403687
3,83,9,235,0.3105553388595581
3,83,10,148,-0.04514577239751816
3,84,1,2114,5.917558670043945
3,84,2,2654,5.129245281219482
3,84,3,3032,4.995142936706543
3,84,4,2323,3.8452250957489014
3,84,5,239,-0.012945067137479782
3,84,6,842,-0.09879826009273529
3,84,7,346,-0.9218034744262695
3,84,8,1198,-1.053446650505066
3,85,1,321,4.7020583152771
3,85,2,158,4.644831657409668
3,85,3,2135,4.052607536315918
3,85,4,689,2.714021682739258
3,85,5,1839,1.2944203615188599
3,85,6,2256,0.047417789697647095
3,85,7,916,-0.048102110624313354
3,85,8,348,-0.1579691469669342
3,86,1,2684,4.645042896270752
3,86,2,2789,2.992525100708008
3,86,3,80,1.3090565204620361
3,86,4,2543,-0.02185717225074768
3,86,5,1739,-0.17662173509597778
3,86,6,2602,-0.42761021852493286
3,86,7,2910,-0.696675181388855
3,86,8,1963,-0.9340846538543701
3,87,1,2839,5.001709938049316
3,87,2,2789,4.276144504547119
3,87,3,2135,3.6143784523010254
3,87,4,2429,1.0240404605865479
3,87,5,972,0.7831768989562988
3,87,6,1538,0.0400395393371582
3,87,7,1780,-0.037297122180461884
3,87,8,1323,-0.04324495047330856
3,87,9,2911,-0.5134881138801575
3,87,10,1163,-1.9642372131347656
3,88,1,1091,5.030681610107422
3,88,2,1984,3.4015843868255615
3,88,3,1254,0.27590760588645935
3,88,4,1587,0.22871778905391693
3,88,5,1780,-0.0343027301132679
3,88,6,2801,-0.7477673888206482
3,88,7,1413,-0.8551143407821655
3,89,1,2734,5.0042314529418945
3,89,2,738,4.714250564575195
3,89,3,1202,1.437502145767212
3,89,4,3017,0.1879671961069107
3,89,5,1780,-0.0355280339717865
3,89,6,2929,-0.09472769498825073
3,89,7,121,-0.18306958675384521
3,89,8,719,-0.22149819135665894
3,89,9,1748,-0.3216792941093445
3,89,10,1467,-0.7761930823326111
3,90,1,1502,5.647740364074707
3,90,2,2734,4.839687347412109
3,90,3,1442,0.713686466217041
3,90,4,2951,0.407785564661026
3,90,5,169,0.014882365241646767
3,90,6,1780,-0.028283799067139626
3,90,7,2691,-0.40978267788887024
3,90,8,1417,-0.5969454050064087
3,90,9,1618,-1.2025291919708252
3,90,10,512,-2.44891357421875
3,91,1,278,4.265033721923828
3,91,2,597,1.7794657945632935
3,91,3,1683,1.2207380533218384
3,91,4,108,0.8889061808586121
3,91,5,2285,0.6860353946685791
3,91,6,1255,0.4898158311843872
3,91,7,2225,-0.020206734538078308
3,91,8,1780,-0.04234436899423599
3,91,9,1277,-0.06020188331604004
3,91,10,105,-0.12245890498161316
3,93,1,1395,5.408054351806641
3,93,2,1223,5.087177276611328
3,93,3,1201,1.607515811920166
3,93,4,2078,0.8444132208824158
3,93,5,783,0.682594895362854
3,93,6,740,0.5375887155532837
3,93,7,524,-0.038219109177589417
3,93,8,2311,-0.9439154863357544
3,93,9,624,-1.2448878288269043
3,93,10,566,-1.5974332094192505
3,95,1,474,6.16514778137207
3,95,2,1223,4.6190643310546875
3,95,3,2719,1.7581266164779663
3,95,4,1832,0.6132790446281433
3,95,5,2159,0.34633755683898926
3,95,6,1917,-0.026633761823177338
3,95,7,343,-0.03036320023238659
3,95,8,524,-0.031238554045557976
3,95,9,646,-0.2254510223865509
3,95,10,1688,-0.2813383936882019
3,97,1,612,5.825312614440918
3,97,2,559,5.500702381134033
3,97,3,2347,4.65180778503418
3,97,4,2353,2.8515737056732178
3,97,5,2285,2.322326183319092
3,97,6,1812,1.310602068901062
3,97,7,1621,1.1467387676239014
3,97,8,2345,-0.24481123685836792
3,97,9,475,-0.4850553274154663
3,97,10,1448,-0.7405210137367249
3,98,1,3054,5.628872394561768
3,98,2,426,4.835649490356445
3,98,3,2347,4.010249137878418
3,98,4,948,1.7247222661972046
3,98,5,2259,1.3275107145309448
3,98,6,2769,0.36028045415878296
3,98,7,1448,-0.48224693536758423
3,98,8,2513,-0.6689417362213135
3,98,9,1811,-0.7659335732460022
3,98,10,466,-2.0259439945220947
3,99,1,1273,6.319924831390381
3,99,2,498,5.635929107666016
3,99,3,559,5.419708728790283
3,99,4,1495,2.4607622623443604
3,99,5,1979,2.0204074382781982
3,99,6,2734,1.4890598058700562
3,99,7,2710,0.8250445127487183
3,99,8,44,0.762810468673706
3,99,9,184,0.5706546902656555
3,99,10,239,-0.11321761459112167
3,100,1,498,4.548039436340332
3,100,2,612,4.476095199584961
3,100,3,426,4.3437089920043945
3,100,4,2933,2.230828285217285
3,100,5,400,1.6500483751296997
3,100,6,2740,0.8013257384300232
3,100,7,2296,-0.23529043793678284
3,100,8,136,-0.4111296236515045
3,100,9,696,-0.7251756191253662
3,101,1,2367,5.194348335266113
3,101,2,2482,4.781495094299316
3,101,3,94,3.530681848526001
3,101,4,1644,1.5894920825958252
3,101,5,738,1.2984771728515625
3,101,6,1848,-0.38685449957847595
3,101,7,1786,-0.510937511920929
3,101,8,2389,-0.5353552103042603
3,101,9,1398,-0.5467127561569214
3,102,1,1642,6.920958518981934
3,102,2,675,6.047459125518799
3,102,3,2448,4.855005264282227
3,102,4,2302,1.7622703313827515
3,102,5,6,0.6547716856002808
3,102,6,2050,0.5303733348846436
3,102,7,791,0.5094224214553833
3,102,8,2677,-0.05409032851457596
3,102,9,343,-0.05422240495681763
3,102,10,1794,-0.23599475622177124
3,103,1,2159,6.865941047668457
3,103,2,2482,5.50970458984375
3,103,3,699,2.4920060634613037
3,103,4,1429,1.6888387203216553
3,103,5,2165,0.03489968180656433
3,103,6,379,-0.010778812691569328
3,103,7,1981,-0.3667956590652466
3,103,8,1655,-0.42634785175323486
3,103,9,843,-0.5127109289169312
3,103,10,2312,-1.0556633472442627
3,104,1,1642,6.054758071899414
3,104,2,766,3.1068313121795654
3,104,3,3054,1.5756968259811401
3,104,4,3048,1.0715000629425049
3,104,5,438,0.8811359405517578
3,104,6,2994,0.7417292594909668
3,104,7,1158,0.008295536041259766
3,104,8,379,-0.004179671406745911
3,104,9,20,-0.3609659969806671
3,104,10,1307,-0.6125668883323669
3,105,1,534,5.41811466217041
3,105,2,94,4.101823329925537
3,105,3,2751,2.114555835723877
3,105,4,2299,1.7753150463104248
3,105,5,1525,1.5227360725402832
3,105,6,1142,0.9409668445587158
3,105,7,1201,0.8152154684066772
3,105,8,379,-0.004843860864639282
3,105,9,1481,-0.11208178102970123
3,105,10,2082,-0.39736324548721313
3,106,1,2159,5.386480808258057
3,106,2,534,4.108985900878906
3,106,3,766,2.7764410972595215
3,106,4,49,1.1632460355758667
3,106,5,1082,0.6755712628364563
3,106,6,1594,0.2503874897956848
3,106,7,2566,-0.054659098386764526
3,106,8,1726,-0.21548360586166382
3,106,9,2609,-0.2925373911857605
3,106,10,1757,-0.9206176996231079
3,108,1,556,6.413369178771973
3,108,2,2287,5.975076675415039
3,108,3,2406,4.609689712524414
3,108,4,2165,0.6059904098510742
3,108,5,2024,0.3934389352798462
3,108,6,2578,0.08446982502937317
3,108,7,2225,-0.020007459446787834
3,108,8,2267,-0.10719768702983856
3,108,9,2576,-0.8128659129142761
3,108,10,295,-1.0169563293457031
3,109,1,1812,4.342132568359375
3,109,2,2521,4.33289909362793
3,109,3,93,3.372621536254883
3,109,4,1521,0.526390790939331
3,109,5,851,0.4597010612487793
3,109,6,2713,0.37795770168304443
3,109,7,1805,0.28075847029685974
3,109,8,1484,0.258472204208374
3,109,9,514,-0.1512773036956787
3,109,10,2923,-0.21588388085365295
3,112,1,481,5.580817222595215
3,112,2,953,5.257406234741211
3,112,3,1374,1.3382357358932495
3,112,4,1931,1.0557079315185547
3,112,5,990,0.9513352513313293
3,112,6,3057,0.7681232690811157
3,112,7,2697,0.22583967447280884
3,112,8,2811,-0.09215007722377777
3,112,9,366,-0.16454273462295532
3,112,10,2355,-0.21964168548583984
3,113,1,481,5.862902641296387
3,113,2,2315,4.5981292724609375
3,113,3,1940,4.479892730712891
3,113,4,1428,1.482815146446228
3,113,5,1203,0.5842756032943726
3,113,6,1712,0.30070534348487854
3,113,7,2514,-0.34592515230178833
3,113,8,1304,-0.389298677444458
3,113,9,1793,-0.7334394454956055
3,113,10,608,-0.8459914922714233
3,114,1,2727,5.517068386077881
3,114,2,2738,5.118515491485596
3,114,3,601,4.072880268096924
3,114,4,2396,1.8592398166656494
3,114,5,1977,-0.03581218048930168
3,114,6,2870,-0.3504995107650757
3,114,7,2956,-0.7887101173400879
3,114,8,2090,-1.0413404703140259
3,115,1,14,6.671692371368408
3,115,2,601,4.33489990234375
3,115,3,2127,3.3206968307495117
3,115,4,1720,1.0929995775222778
3,115,5,32,0.8399887084960938
3,115,6,174,0.3488362729549408
3,115,7,336,-0.018894540145993233
3,115,8,2500,-0.460935115814209
3,115,9,1102,-0.8701840043067932
3,115,10,609,-0.9632782340049744
3,116,1,2285,5.4791975021362305
3,116,2,1691,4.647712230682373
3,116,3,2127,2.923866033554077
3,116,4,3061,0.9090652465820312
3,116,5,96,0.3586379885673523
3,116,6,2723,0.30185002088546753
3,116,7,1012,0.21001079678535461
3,116,8,1897,0.03380933403968811
3,116,9,198,-0.02593734860420227
3,116,10,1277,-0.6378499269485474
3,117,1,208,6.635432243347168
3,117,2,1691,5.600111961364746
3,117,3,2127,3.590843677520752
3,117,4,2408,1.5463197231292725
3,117,5,1818,0.9722574949264526
3,117,6,1091,0.8308913707733154
3,117,7,3015,0.285015732049942
3,117,8,1601,-0.10044686496257782
3,117,9,1001,-0.29754695296287537
3,117,10,1413,-0.5152841210365295
3,118,1,706,5.2139363288879395
3,118,2,235,3.942134380340576
3,118,3,857,3.7207155227661133
3,118,4,2180,0.18654432892799377
3,118,5,1635,-0.9016904830932617
3,119,1,1176,6.139812469482422
3,119,2,1112,5.372912406921387
3,119,3,364,4.229227066040039
3,119,4,780,1.6739500761032104
3,119,5,1080,-0.33678561449050903
3,119,6,2705,-1.0283336639404297
3,120,1,969,6.894824028015137
3,120,2,1112,5.809098720550537
3,120,3,2344,5.549749374389648
3,120,4,2719,1.125916838645935
3,120,5,1034,0.7102780938148499
3,120,6,415,0.5299524068832397
3,120,7,1014,-0.06724032759666443
3,120,8,2672,-0.09117068350315094
3,120,9,1470,-0.3405458629131317
3,120,10,653,-1.7428017854690552
3,121,1,861,5.931407928466797
3,121,2,2144,5.87945032119751
3,121,3,706,5.333536148071289
3,121,4,1708,0.6925078630447388
3,121,5,1620,0.6613008379936218
3,121,6,2901,0.4884692132472992
3,121,7,221,0.309627890586853
3,121,8,2493,-0.13961046934127808
3,121,9,949,-0.22391292452812195
3,121,10,1263,-0.3409230709075928
3,122,1,1087,5.026249885559082
3,122,2,681,3.7902348041534424
3,122,3,1142,1.0753518342971802
3,122,4,953,0.7552529573440552
3,122,5,2192,0.6886857748031616
3,122,6,2622,0.2731141448020935
3,122,7,192,0.22661319375038147
3,122,8,718,0.029839396476745605
3,122,9,429,-0.016674816608428955
3,122,10,2358,-0.591507077217102
3,123,1,1342,4.029025554656982
3,123,2,1535,3.104809522628784
3,123,3,1247,0.7581208944320679
3,123,4,1415,0.7141934633255005
3,123,5,398,0.35845744609832764
3,123,6,455,-0.4294182062149048
3,123,7,2136,-0.4767800271511078
3,123,8,297,-0.6470810770988464
3,124,1,2736,5.599702835083008
3,124,2,534,1.5680969953536987
3,124,3,2668,0.2716049551963806
3,124,4,1723,0.1680379956960678
3,124,5,429,0.06266909837722778
3,124,6,140,-0.01109306886792183
3,124,7,1601,-0.06542259454727173
3,124,8,356,-0.12318819761276245
3,124,9,2888,-0.337634801864624
3,124,10,6,-0.3425217866897583
3,125,1,2937,5.811862468719482
3,125,2,864,4.4270853996276855
3,125,3,948,1.53594970703125
3,125,4,1848,1.3737750053405762
3,125,5,1153,0.51796954870224
3,125,6,2695,0.3019583821296692
3,125,7,346,0.05571991205215454
3,125,8,1601,-0.05574706941843033
3,125,9,915,-0.7285645604133606
3,127,1,177,5.211867332458496
3,127,2,1535,4.12971305847168
3,127,3,1247,1.7259042263031006
3,127,4,2810,0.03949996829032898
3,127,5,1891,0.01876160502433777
3,127,6,827,-0.0506124272942543
3,127,7,579,-0.13202013075351715
3,127,8,1301,-0.4386482238769531
3,127,9,1380,-0.47010374069213867
3,127,10,2104,-0.5403579473495483
3,129,1,2632,5.315589904785156
3,129,2,1683,4.805879592895508
3,129,3,1279,1.4597113132476807
3,129,4,2719,0.871466875076294
3,129,5,354,0.6857907772064209
3,129,6,198,0.31436461210250854
3,129,7,1812,0.2696324586868286
3,129,8,310,0.13655176758766174
3,129,9,253,-0.1001724824309349
3,129,10,1001,-0.10158926248550415
3,131,1,2474,2.8611395359039307
3,131,2,634,2.7257742881774902
3,131,3,2167,2.571071147918701
3,131,4,1518,0.7232940196990967
3,131,5,780,0.6855258941650391
3,131,6,2615,0.33727458119392395
3,131,7,2559,0.25179529190063477
3,131,8,2871,0.19047459959983826
3,131,9,1957,-0.00395561009645462
3,131,10,1014,-0.05121617391705513
3,132,1,1671,0.9321765899658203
3,132,2,779,0.4522470533847809
3,132,3,1655,0.206221342086792
3,132,4,1940,0.02801646664738655
3,132,5,1627,-0.00990414060652256
3,132,6,893,-0.018126046285033226
3,132,7,342,-0.02564787119626999
3,132,8,939,-0.13608106970787048
3,132,9,106,-0.3588072955608368
3,132,10,767,-0.4978170394897461
3,133,1,1246,1.000960111618042
3,133,2,94,0.3486022353172302
3,133,3,1399,0.2101469337940216
3,133,4,1627,-0.009805591776967049
3,133,5,342,-0.02359423227608204
3,133,6,584,-0.13674330711364746
3,133,7,1554,-0.287474662065506
3,133,8,1878,-0.31289398670196533
3,133,9,795,-0.5235579013824463
3,133,10,767,-0.5339692831039429
3,134,1,416,0.7551721930503845
3,134,2,2912,0.3839457035064697
3,134,3,2306,0.37502792477607727
3,134,4,1627,-0.0111490897834301
3,134,5,342,-0.023675719276070595
3,134,6,765,-0.04971896484494209
3,134,7,1091,-0.29800933599472046
3,134,8,2799,-0.3475329875946045
3,134,9,767,-0.5234314203262329
3,134,10,1263,-0.5751270055770874
3,135,1,1001,0.17662428319454193
3,135,2,1627,-0.010522320866584778
3,135,3,342,-0.024012820795178413
3,135,4,224,-0.03685910627245903
3,135,5,432,-0.1980825513601303
3,135,6,1794,-0.3745999336242676
3,135,7,767,-0.516446590423584
3,135,8,1502,-0.5516155958175659
3,135,9,617,-0.586745023727417
3,135,10,553,-0.7856680154800415
3,136,1,2536,4.41230583190918
3,136,2,2804,4.401818752288818
3,136,3,551,0.7943469285964966
3,136,4,2757,0.5530284643173218
3,136,5,2752,0.23236891627311707
3,136,6,336,0.012258123606443405
3,136,7,365,-0.02326222136616707
3,136,8,135,-0.0809197872877121
3,136,9,1160,-0.0842515230178833
3,136,10,1920,-1.3428070545196533
3,137,1,1839,6.183442115783691
3,137,2,1197,4.091426372528076
3,137,3,327,1.5263551473617554
3,137,4,1080,0.5177704691886902
3,137,5,1891,0.3970608115196228
3,137,6,480,0.022219926118850708
3,137,7,887,-0.07293634116649628
3,137,8,2321,-0.533663272857666
3,137,9,1231,-1.0974798202514648
3,138,1,1982,4.95311164855957
3,138,2,2288,4.945516586303711
3,138,3,38,4.917692184448242
3,138,4,346,1.4172685146331787
3,138,5,2259,0.48500126600265503
3,138,6,321,0.439095139503479
3,138,7,2,0.07840856164693832
3,138,8,432,-0.578995406627655
3,138,9,2035,-0.7492771744728088
3,138,10,2256,-1.7212721109390259
3,139,1,1197,4.695809364318848
3,139,2,2303,4.087187767028809
3,139,3,2368,1.0202159881591797
3,139,4,767,0.4280109107494354
3,139,5,530,0.32896238565444946
3,139,6,2557,0.19662660360336304
3,139,7,2002,-0.06521407514810562
3,139,8,2623,-0.8156901597976685
3,139,9,1070,-1.1275644302368164
3,139,10,398,-1.2295690774917603
3,140,1,1507,3.712584972381592
3,140,2,2303,2.6995723247528076
3,140,3,2370,1.202522873878479
3,140,4,601,1.0395532846450806
3,140,5,1792,0.9020026922225952
3,140,6,1100,0.8770831227302551
3,140,7,2315,0.22273853421211243
3,140,8,1165,0.025133758783340454
3,140,9,2655,-0.03145366162061691
3,140,10,845,-0.053860656917095184
3,141,1,476,4.487642288208008
3,141,2,1341,4.029734134674072
3,141,3,2882,1.1566706895828247
3,141,4,5,0.375362753868103
3,141,5,301,0.11714696884155273
3,141,6,746,-0.03834253549575806
3,141,7,1818,-0.3322945535182953
3,141,8,2412,-0.339157372713089
3,141,9,727,-0.3693895936012268
3,141,10,1580,-0.723792314529419
3,142,1,1341,4.529070854187012
3,142,2,2211,1.5575388669967651
3,142,3,2882,1.0988330841064453
3,142,4,1717,0.289176881313324
3,142,5,2136,0.26834309101104736
3,142,6,1407,-0.2976614236831665
3,143,1,1892,5.040903568267822
3,143,2,476,4.938721656799316
3,143,3,629,1.0629452466964722
3,143,4,2882,1.033355474472046
3,143,5,2957,0.8018656969070435
3,143,6,1335,0.6868500113487244
3,143,7,504,0.4035910964012146
3,143,8,987,0.03158384561538696
3,143,9,2111,-0.9772676229476929
3,143,10,1707,-1.1401318311691284
3,144,1,421,6.719300270080566
3,144,2,2319,3.5356523990631104
3,144,3,508,1.2477006912231445
3,144,4,103,0.8231822848320007
3,144,5,1395,0.7244526147842407
3,144,6,2533,0.4343607425689697
3,144,7,749,0.26111119985580444
3,144,8,1159,0.16443675756454468
3,144,9,2046,-0.002489641308784485
3,144,10,142,-0.004256510175764561
3,145,1,414,5.435192108154297
3,145,2,2319,3.434415340423584
3,145,3,766,0.3959733247756958
3,145,4,1399,0.06605933606624603
3,145,5,142,0.012661181390285492
3,145,6,288,-0.0063135866075754166
3,145,7,2708,-0.13850557804107666
3,145,8,327,-0.14106297492980957
3,145,9,1072,-0.24776633083820343
3,146,1,2940,4.668726921081543
3,146,2,2649,3.0333759784698486
3,146,3,2319,2.5929977893829346
3,146,4,11,1.005171298980713
3,146,5,1055,0.3935510218143463
3,146,6,2457,-0.006380336359143257
3,146,7,975,-0.04106493666768074
3,146,8,1236,-0.096550852060318
3,147,1,1194,5.470510482788086
3,147,2,3047,4.282415390014648
3,147,3,2668,3.476426839828491
3,147,4,1310,0.5328236222267151
3,147,5,229,0.04265648126602173
3,147,6,704,0.04166463017463684
3,147,7,1376,-0.041627347469329834
3,147,8,2862,-0.2533954977989197
3,147,9,859,-0.8229858875274658
3,147,10,1611,-0.9365630745887756
3,148,1,560,5.111185073852539
3,148,2,2089,4.064811706542969
3,148,3,1861,3.4718194007873535
3,148,4,2717,3.2517237663269043
3,148,5,1167,0.8041946887969971
3,148,6,2912,-0.1689847707748413
3,148,7,1747,-0.20764581859111786
3,148,8,716,-0.34336596727371216
3,148,9,1417,-0.3592885434627533
3,148,10,327,-0.635106086730957
3,150,1,2751,6.041214466094971
3,150,2,780,4.847789287567139
3,150,3,1861,3.9157848358154297
3,150,4,1812,1.3138855695724487
3,150,5,1737,-0.07028806209564209
3,150,6,176,-0.37644100189208984
3,150,7,575,-0.6879948377609253
3,150,8,183,-1.3528180122375488
3,151,1,1717,6.694888591766357
3,151,2,2089,5.220005035400391
3,151,3,1391,1.5339770317077637
3,151,4,1427,0.37034112215042114
3,151,5,1594,0.19413043558597565
3,151,6,46,-0.04289982467889786
3,151,7,2176,-0.4240425229072571
3,151,8,1787,-0.514958918094635
3,151,9,483,-0.5234534740447998
3,151,10,740,-0.5360229015350342
3,153,1,2604,4.191952705383301
3,153,2,2341,1.7799198627471924
3,153,3,1554,0.9791020750999451
3,153,4,1015,0.09950108826160431
3,153,5,865,0.01696193218231201
3,153,6,1939,-0.030849482864141464
3,153,7,2655,-0.05673981457948685
3,153,8,1300,-0.20761871337890625
3,154,1,2006,4.319665908813477
3,154,2,1823,1.0280954837799072
3,154,3,1554,0.9838805198669434
3,154,4,615,0.7109969258308411
3,154,5,864,0.4378499388694763
3,154,6,1146,0.4363771677017212
3,154,7,128,0.28394031524658203
3,154,8,2866,-0.002935105934739113
3,154,9,1939,-0.031090885400772095
3,154,10,2792,-0.06085808575153351
3,155,1,791,3.616079330444336
3,155,2,2604,3.1612915992736816
3,155,3,2006,2.9625906944274902
3,155,4,2287,0.47247573733329773
3,155,5,2405,0.08108837902545929
3,155,6,1817,0.07786060869693756
3,155,7,1978,-0.021629303693771362
3,155,8,827,-0.025576913729310036
3,155,9,1466,-0.13917094469070435
3,155,10,1650,-0.6525013446807861
3,156,1,791,3.6306519508361816
3,156,2,2604,3.169797420501709
3,156,3,2006,2.9747252464294434
3,156,4,430,1.5415301322937012
3,156,5,235,0.9525580406188965
3,156,6,1044,0.7260072827339172
3,156,7,1587,0.09314393997192383
3,156,8,1082,-0.09964597225189209
3,156,9,1456,-0.13113811612129211
3,156,10,518,-0.34490418434143066
3,157,1,791,3.63305401802063
3,157,2,2604,3.1694817543029785
3,157,3,2006,2.9813694953918457
3,157,4,257,0.5961356163024902
3,157,5,2243,0.13697358965873718
3,157,6,1206,0.0980716347694397
3,157,7,1946,0.06707039475440979
3,157,8,2145,-0.6479554772377014
3,157,9,2162,-0.7792091369628906
3,157,10,950,-0.8298780918121338
3,159,1,2184,4.34339714050293
3,159,2,1586,1.688106656074524
3,159,3,257,0.5742987394332886
3,159,4,2128,0.46474340558052063
3,159,5,278,0.2530074119567871
3,159,6,2516,0.010849811136722565
3,159,7,316,-0.4022671580314636
3,159,8,466,-0.6072452664375305
3,160,1,1518,3.5497090816497803
3,160,2,1586,1.2173466682434082
3,160,3,551,0.83985435962677
3,160,4,310,0.6916598081588745
3,160,5,2372,0.49004673957824707
3,160,6,1044,0.47310900688171387
3,160,7,498,0.17732736468315125
3,160,8,283,0.09384697675704956
3,160,9,2358,0.02709972858428955
3,160,10,786,0.004731964319944382
3,161,1,1518,3.777564525604248
3,161,2,1588,3.597883701324463
3,161,3,1476,1.854051113128662
3,161,4,1586,1.2585294246673584
3,161,5,1380,1.2336041927337646
3,161,6,2409,0.047396644949913025
3,161,7,1030,-0.1917533278465271
3,161,8,2170,-0.4126354157924652
3,161,9,2423,-1.0800728797912598
3,161,10,1650,-1.2450783252716064
3,162,1,773,4.4164018630981445
3,162,2,2053,4.271664142608643
3,162,3,500,1.9382424354553223
3,162,4,2481,0.8948599696159363
3,162,5,2640,0.7998918294906616
3,162,6,1548,0.5250944495201111
3,162,7,2559,0.2657071650028229
3,162,8,1012,0.23698610067367554
3,162,9,365,-0.04697510227560997
3,162,10,1794,-0.26631882786750793
3,163,1,32,5.236826419830322
3,163,2,1726,4.319726943969727
3,163,3,1059,3.6741669178009033
3,163,4,310,0.7747634053230286
3,163,5,2408,0.023588374257087708
3,163,6,2297,-0.1388997733592987
3,163,7,1868,-0.18384945392608643
3,163,8,1376,-0.2791387438774109
3,163,9,2521,-0.3073534667491913
3,164,1,551,6.213679313659668
3,164,2,1059,4.135592937469482
3,164,3,557,1.6179593801498413
3,164,4,766,1.2633858919143677
3,164,5,3032,1.2073523998260498
3,164,6,2898,1.0626463890075684
3,164,7,2678,0.5896540880203247
3,164,8,2287,0.24180397391319275
3,164,9,1592,0.22234982252120972
3,164,10,2562,-0.4055212736129761
3,165,1,2053,6.447673797607422
3,165,2,1059,5.191632270812988
3,165,3,2273,1.5413486957550049
3,165,4,2678,0.6168206334114075
3,165,5,2488,0.4941961467266083
3,165,6,2793,-0.006420224905014038
3,165,7,1683,-0.33427122235298157
3,165,8,1832,-0.4242244362831116
3,165,9,1793,-0.9654124975204468
3,165,10,2972,-1.1805386543273926
3,166,1,1237,5.627525329589844
3,166,2,354,4.56831169128418
3,166,3,993,2.287529468536377
3,166,4,2740,1.396191120147705
3,166,5,835,1.0012325048446655
3,166,6,732,0.4247075319290161
3,166,7,1,0.2428893744945526
3,166,8,2673,-0.052941083908081055
3,166,9,2554,-0.6512500047683716
3,166,10,2801,-0.6637157201766968
3,167,1,1757,5.082167625427246
3,167,2,1725,3.6932966709136963
3,167,3,2922,3.5836551189422607
3,167,4,2030,3.443413734436035
3,167,5,887,-0.037610895931720734
3,167,6,608,-0.08736464381217957
3,167,7,2910,-0.10813689231872559
3,167,8,2898,-0.23610453307628632
3,167,9,2184,-0.4128522276878357
3,167,10,2484,-0.4418787360191345
3,168,1,3041,5.211040496826172
3,168,2,990,4.710934638977051
3,168,3,1792,1.6006934642791748
3,168,4,2014,1.2376418113708496
3,168,5,2618,0.8852306604385376
3,168,6,550,0.7412903904914856
3,168,7,1838,0.23232488334178925
3,168,8,1654,0.15313392877578735
3,168,9,2602,0.05647285282611847
3,168,10,1145,-0.7296717166900635
3,169,1,2286,5.135852813720703
3,169,2,1415,4.987332344055176
3,169,3,990,3.92166805267334
3,169,4,1848,0.9153872728347778
3,169,5,986,0.817804217338562
3,169,6,2684,0.7030717134475708
3,169,7,622,0.6977747678756714
3,169,8,682,-0.06020137667655945
3,169,9,183,-0.6596989631652832
3,169,10,2888,-1.4796355962753296
3,170,1,1302,7.130955696105957
3,170,2,1202,7.084052085876465
3,170,3,1792,1.6604968309402466
3,170,4,1833,1.2443780899047852
3,170,5,1007,1.030712604522705
3,170,6,1478,0.8669968843460083
3,170,7,2431,-0.34166383743286133
3,170,8,1907,-0.6991143226623535
3,170,9,2788,-1.7149759531021118
3,170,10,2308,-1.958868384361267
3,171,1,453,4.9585957527160645
3,171,2,2560,3.7228050231933594
3,171,3,2253,1.1687554121017456
3,171,4,2315,0.557166337966919
3,171,5,1323,-0.043611906468868256
3,171,6,2725,-0.38816267251968384
3,171,7,507,-1.0951358079910278
3,171,8,2183,-1.3235021829605103
3,172,1,2137,5.2437262535095215
3,172,2,327,4.682103633880615
3,172,3,773,0.8090581297874451
3,172,4,853,-0.024702180176973343
3,172,5,128,-0.027807384729385376
3,172,6,2710,-0.07755029201507568
3,172,7,184,-1.4083755016326904
3,174,1,1047,4.924306869506836
3,174,2,2967,0.33259859681129456
3,174,3,103,0.15278904139995575
3,174,4,137,0.12330543994903564
3,174,5,318,0.03055449388921261
3,174,6,853,-0.025245606899261475
3,174,7,1498,-0.12351244688034058
3,174,8,2256,-0.13711518049240112
3,174,9,31,-0.2485387921333313
3,174,10,2165,-0.6846096515655518
3,175,1,1650,5.332530975341797
3,175,2,2719,4.734094619750977
3,175,3,1047,3.578981399536133
3,175,4,2929,0.5691280364990234
3,175,5,1791,-1.3640761375427246
3,176,1,2073,6.321240425109863
3,176,2,2556,5.899580001831055
3,176,3,1650,5.757999420166016
3,176,4,1761,2.599201202392578
3,176,5,1173,0.45062631368637085
3,176,6,887,-0.02890976332128048
3,176,7,1978,-0.25858575105667114
3,176,8,530,-0.39430639147758484
3,176,9,348,-0.6184183359146118
3,177,1,674,6.023963928222656
3,177,2,2920,5.267734050750732
3,177,3,2344,1.7738687992095947
3,177,4,2621,1.2712774276733398
3,177,5,1891,0.8402096033096313
3,177,6,1872,0.7381308078765869
3,177,7,318,0.012159948237240314
3,177,8,719,-0.2090332806110382
3,177,9,112,-1.7743884325027466
3,178,1,2920,5.0375165939331055
3,178,2,2192,4.808785438537598
3,178,3,494,3.8642001152038574
3,178,4,459,0.995905876159668
3,178,5,1866,0.3176459074020386
3,178,6,2772,0.028075747191905975
3,178,7,89,0.014903903007507324
3,178,8,977,-0.019407125189900398
3,178,9,2725,-0.46210208535194397
3,178,10,2296,-0.46304264664649963
3,179,1,415,6.247825622558594
3,179,2,1156,4.980108737945557
3,179,3,2288,1.2155439853668213
3,179,4,230,1.0789611339569092
3,179,5,1683,0.4055953621864319
3,179,6,1028,0.2869150638580322
3,179,7,2328,-0.06185838580131531
3,179,8,1751,-0.2998129427433014
3,180,1,1686,5.213189125061035
3,180,2,2713,5.132932662963867
3,180,3,230,1.1134617328643799
3,180,4,1422,0.8769494891166687
3,180,5,1212,0.1475730836391449
3,180,6,1655,0.10059541463851929
3,180,7,3043,-0.04644586145877838
3,180,8,2225,-0.05877525359392166
3,180,9,2352,-0.20374765992164612
3,180,10,1101,-0.39110106229782104
3,181,1,1686,5.419515609741211
3,181,2,129,4.1522369384765625
3,181,3,402,2.3331708908081055
3,181,4,400,1.3783046007156372
3,181,5,230,1.1749565601348877
3,181,6,2660,1.0658555030822754
3,181,7,2143,0.839631199836731
3,181,8,852,-0.05581262707710266
3,181,9,1766,-0.16912047564983368
3,181,10,357,-0.5137150287628174
3,182,1,1267,6.043640613555908
3,182,2,1044,5.696828365325928
3,182,3,2713,4.896692276000977
3,182,4,890,1.1083816289901733
3,182,5,3004,0.7268197536468506
3,182,6,123,0.42263510823249817
3,182,7,2344,0.3727700710296631
3,182,8,368,-0.05465475469827652
3,182,9,142,-0.05505334213376045
3,182,10,140,-0.09322242438793182
3,183,1,1525,7.621386528015137
3,183,2,193,7.204419136047363
3,183,3,2994,4.666411876678467
3,183,4,3010,1.113218069076538
3,183,5,857,0.4059159755706787
3,183,6,1359,0.3373956084251404
3,183,7,2484,0.03186042606830597
3,183,8,2206,0.0089026540517807
3,183,9,597,-0.3458364009857178
3,183,10,1615,-1.1288948059082031
3,184,1,1235,6.504971981048584
3,184,2,1882,4.065637111663818
3,184,3,2994,4.048758506774902
3,184,4,2319,1.6443148851394653
3,184,5,1696,1.2925351858139038
3,184,6,731,0.4892183542251587
3,184,7,1273,0.45453813672065735
3,184,8,1970,0.3954537510871887
3,184,9,3004,0.35666707158088684
3,184,10,168,-0.5937301516532898
3,185,1,257,5.8674845695495605
3,185,2,1295,5.07106351852417
3,185,3,2897,4.035233020782471
3,185,4,1621,2.0122745037078857
3,185,5,2876,-0.044169604778289795
3,185,6,1945,-0.46403634548187256
3,185,7,2725,-0.5060437917709351
3,185,8,674,-0.5863562822341919
3,185,9,521,-0.6754970550537109
3,186,1,1754,6.749179840087891
3,186,2,1295,5.996574401855469
3,186,3,2897,4.673421859741211
3,186,4,1280,0.7742601633071899
3,186,5,364,0.2695663869380951
3,186,6,624,0.13594980537891388
3,186,7,474,0.04578089714050293
3,186,8,2264,-0.04232293367385864
3,186,9,2705,-0.23797821998596191
3,186,10,275,-0.5292767286300659
3,187,1,40,6.547238349914551
3,187,2,2237,5.594776153564453
3,187,3,698,4.195041656494141
3,187,4,1427,0.9566486477851868
3,187,5,2659,-0.005425199866294861
3,187,6,1265,-0.034625642001628876
3,187,7,1893,-0.5052531361579895
3,187,8,1465,-0.5865164399147034
3,187,9,1875,-0.6052699089050293
3,187,10,504,-1.0393110513687134
3,188,1,2957,6.370967864990234
3,188,2,615,6.2384490966796875
3,188,3,2237,5.567491054534912
3,188,4,736,1.094666600227356
3,188,5,1645,0.5215378403663635
3,188,6,2742,0.46089380979537964
3,188,7,2578,0.38034337759017944
3,188,8,1738,0.12538349628448486
3,188,9,1307,0.10218502581119537
3,188,10,2686,0.05722391605377197
3,189,1,2502,5.343598365783691
3,189,2,2134,4.765598297119141
3,189,3,748,4.712892055511475
3,189,4,736,1.134331226348877
3,189,5,321,0.12702825665473938
3,189,6,682,-0.09397830814123154
3,189,7,890,-0.23380932211875916
3,189,8,2389,-0.5015872716903687
3,189,9,2128,-1.1292245388031006
3,190,1,3062,4.351190567016602
3,190,2,698,4.295324802398682
3,190,3,316,4.288236618041992
3,190,4,94,0.7127450704574585
3,190,5,993,0.09729276597499847
3,190,6,876,0.06118983030319214
3,190,7,889,-0.05377969145774841
3,190,8,652,-0.9042555093765259
3,191,1,2594,6.046553134918213
3,191,2,2356,5.752969741821289
3,191,3,1638,5.606655120849609
3,191,4,2303,0.8538084030151367
3,191,5,1415,0.8097919225692749
3,191,6,716,0.7400933504104614
3,191,7,157,-0.037105493247509
3,191,8,1279,-0.7438451647758484
3,191,9,483,-1.689831256866455
3,192,1,1246,5.421938896179199
3,192,2,1858,4.468214511871338
3,192,3,2738,0.33646589517593384
3,192,4,1208,0.15816634893417358
3,192,5,1781,0.0028573274612426758
3,192,6,731,-0.5130000114440918
3,192,7,2140,-1.735126256942749
3,194,1,1246,4.550799369812012
3,194,2,2191,3.828032970428467
3,194,3,2658,1.7506206035614014
3,194,4,2923,0.7823684811592102
3,194,5,2087,0.7093878984451294
3,194,6,1089,0.5255729556083679
3,194,7,362,-0.08010481297969818
3,194,8,1940,-0.22581389546394348
3,194,9,731,-0.3166310787200928
3,195,1,2099,4.606302261352539
3,195,2,2925,3.1342992782592773
3,195,3,1547,0.9884479641914368
3,195,4,1502,0.6905595064163208
3,195,5,1476,0.5592186450958252
3,195,6,1311,0.5110985636711121
3,195,7,2674,-0.04905953258275986
3,195,8,1212,-0.26176917552948
3,195,9,164,-0.39924824237823486
3,195,10,1786,-0.4535210132598877
3,196,1,94,0.23401479423046112
3,196,2,2674,-0.05614592507481575
3,196,3,2776,-0.0739518254995346
3,196,4,3068,-0.1239401251077652
3,196,5,1236,-0.3221137225627899
3,196,6,1335,-0.5625940561294556
3,196,7,1781,-0.7357742786407471
3,196,8,1018,-0.750594437122345
3,197,1,1757,1.2852932214736938
3,197,2,1627,-0.005831807851791382
3,197,3,1270,-0.053839538246393204
3,197,4,2674,-0.05892644822597504
3,197,5,2776,-0.061643317341804504
3,197,6,3068,-0.1215091347694397
3,197,7,1236,-0.22105920314788818
3,198,1,2099,4.125528812408447
3,198,2,1638,1.7596371173858643
3,198,3,795,0.2839243710041046
3,198,4,286,0.09057734906673431
3,198,5,2457,0.0019110031425952911
3,198,6,2312,-0.14118388295173645
3,198,7,1236,-0.40579503774642944
3,198,8,1232,-0.4700022339820862
3,198,9,273,-0.4786427915096283
3,198,10,2205,-0.6222746968269348
3,199,1,295,5.4615936279296875
3,199,2,2658,5.441654205322266
3,199,3,2632,0.9546409249305725
3,199,4,1009,0.33005911111831665
3,199,5,380,0.0016150111332535744
3,199,6,1925,-0.012908907607197762
3,199,7,1014,-0.021380266174674034
3,199,8,2514,-0.0510251522064209
3,199,9,293,-0.2733539342880249
3,199,10,2410,-0.3134100139141083
3,201,1,2283,5.269478797912598
3,201,2,696,5.154827117919922
3,201,3,1970,0.7395710945129395
3,201,4,2319,0.731387197971344
3,201,5,2839,0.7192886471748352
3,201,6,1295,0.04119467735290527
3,201,7,962,0.017748039215803146
3,201,8,576,-0.442912757396698
3,201,9,1751,-0.7610950469970703
3,201,10,1327,-1.3536633253097534
3,202,1,1028,6.84915828704834
3,202,2,1817,6.78141975402832
3,202,3,696,6.04056453704834
3,202,4,2525,0.4187260866165161
3,202,5,1917,-0.025695376098155975
3,202,6,2031,-0.5781624913215637
3,202,7,498,-0.8655536770820618
3,203,1,1028,4.412276744842529
3,203,2,696,3.875615119934082
3,203,3,1359,1.068915843963623
3,203,4,738,0.2905432879924774
3,203,5,239,0.03745654597878456
3,203,6,1014,-0.021751122549176216
3,203,7,20,-0.21262556314468384
3,203,8,1376,-0.22384977340698242
3,203,9,556,-0.4401547610759735
3,203,10,566,-0.4997173547744751
3,204,1,1208,4.337229251861572
3,204,2,2557,4.029633045196533
3,204,3,2257,1.3578842878341675
3,204,4,2504,0.4884018003940582
3,204,5,724,0.3263704776763916
3,204,6,2615,0.310041606426239
3,204,7,949,0.086658775806427
3,204,8,2339,0.01905507780611515
3,204,9,854,-0.042424678802490234
3,204,10,2738,-0.2565082907676697
3,205,1,747,5.089860439300537
3,205,2,1913,3.331521987915039
3,205,3,563,1.1174185276031494
3,205,4,1775,0.6571536064147949
3,205,5,1548,0.1653178334236145
3,205,6,2185,0.08774048089981079
3,205,7,2339,0.02155773527920246
3,205,8,765,-0.032555583864450455
3,206,1,430,7.831645965576172
3,206,2,1913,4.366189956665039
3,206,3,653,1.428222417831421
3,206,4,1498,0.32057660818099976
3,206,5,1872,0.3119511604309082
3,206,6,786,0.053225576877593994
3,206,7,2867,-0.14247138798236847
3,206,8,2290,-0.1641995906829834
3,206,9,1194,-0.21571451425552368
3,206,10,544,-1.6753323078155518
3,207,1,1208,4.98561954498291
3,207,2,747,4.742378234863281
3,207,3,1190,4.104747295379639
3,207,4,1730,0.601346492767334
3,207,5,2237,0.4153725802898407
3,207,6,1892,0.20648357272148132
3,207,7,542,0.12515169382095337
3,207,8,2074,0.09227144718170166
3,207,9,2866,0.024721236899495125
3,207,10,2128,-0.31137263774871826
3,208,1,2228,4.593836784362793
3,208,2,2754,4.448800563812256
3,208,3,2658,0.9183019399642944
3,208,4,2050,0.4771188497543335
3,208,5,2407,0.46416130661964417
3,208,6,1498,0.2010703980922699
3,208,7,2339,0.03855906426906586
3,208,8,750,0.03755265474319458
3,208,9,224,0.02751259133219719
3,208,10,336,0.02684762515127659
3,209,1,2923,7.855411529541016
3,209,2,1360,7.118495464324951
3,209,3,730,6.160837173461914
3,209,4,2802,4.508944511413574
3,209,5,2478,1.5619710683822632
3,209,6,2108,1.2850641012191772
3,209,7,2566,0.7334284782409668
3,209,8,2725,0.3382449448108673
3,209,9,336,0.05526309087872505
3,209,10,1365,-0.8303979635238647
3,211,1,1215,6.235682487487793
3,211,2,1409,6.1964521408081055
3,211,3,2513,3.794097423553467
3,211,4,860,0.5940546989440918
3,211,5,704,0.3884069323539734
3,211,6,2725,0.2923874258995056
3,211,7,434,0.06673672795295715
3,211,8,754,-0.7276821136474609
3,211,9,2412,-0.7495008707046509
3,211,10,2623,-0.9433954954147339
3,212,1,2322,4.8697285652160645
3,212,2,2257,4.144285678863525
3,212,3,63,3.721224069595337
3,212,4,1328,0.06438648700714111
3,212,5,2846,0.034843429923057556
3,212,6,55,-1.501556634902954
3,214,1,2757,4.685483455657959
3,214,2,2802,3.869886875152588
3,214,3,2513,3.7897214889526367
3,214,4,1712,0.4053674042224884
3,214,5,2870,0.10664166510105133
3,214,6,1167,0.03273743391036987
3,214,7,474,-0.361117422580719
3,214,8,2931,-0.5675146579742432
3,214,9,357,-0.6702223420143127
3,216,1,1409,6.434258460998535
3,216,2,1360,6.32868766784668
3,216,3,906,4.914173603057861
3,216,4,2423,0.46105027198791504
3,216,5,424,0.38491567969322205
3,216,6,149,0.027937432751059532
3,216,7,2408,-0.0003515779972076416
3,216,8,2819,-0.012243930250406265
3,216,9,1038,-0.539776623249054
3,216,10,455,-1.302868366241455
3,217,1,393,5.047628402709961
3,217,2,2440,5.016054153442383
3,217,3,1275,4.787337303161621
3,217,4,64,0.03628453612327576
3,217,5,2998,-0.15756627917289734
3,217,6,2353,-1.5992906093597412
3,218,1,270,5.716424465179443
3,218,2,1739,4.9584197998046875
3,218,3,2082,1.1206947565078735
3,218,4,2830,0.169742614030838
3,218,5,347,0.0035862773656845093
3,218,6,2819,0.0031494460999965668
3,218,7,1792,-0.3151862323284149
3,218,8,2296,-0.5375409722328186
3,218,9,1571,-0.7084460258483887
3,218,10,128,-1.0923476219177246
3,219,1,617,5.83320951461792
3,219,2,2440,4.544893264770508
3,219,3,1769,3.3715600967407227
3,219,4,972,0.7549957036972046
3,219,5,962,0.024220071732997894
3,219,6,2990,-0.43446987867355347
3,219,7,1979,-0.5132853984832764
3,219,8,556,-0.6377061605453491
3,219,9,1588,-0.6589176654815674
3,219,10,104,-0.6726246476173401
3,221,1,1685,5.972927093505859
3,221,2,759,5.899204730987549
3,221,3,63,5.4186625480651855
3,221,4,2826,0.9052757024765015
3,221,5,1988,0.2699117660522461
3,221,6,2159,-0.20608645677566528
3,221,7,1301,-0.524582028388977
3,221,8,1302,-1.1107500791549683
3,222,1,63,5.577592372894287
3,222,2,787,0.3844057321548462
3,222,3,1332,0.03476915508508682
3,222,4,855,0.02929995208978653
3,222,5,986,-0.3165965974330902
3,222,6,980,-0.4050750136375427
3,222,7,338,-0.48948556184768677
3,222,8,1113,-0.5447242856025696
3,222,9,2030,-0.6004687547683716
3,223,1,1685,5.163307189941406
3,223,2,759,5.102140426635742
3,223,3,2478,3.7412426471710205
3,223,4,2107,1.4170353412628174
3,223,5,459,0.158260777592659
3,223,6,500,-0.13487252593040466
3,223,7,2957,-0.1790218949317932
3,223,8,1701,-0.20039768517017365
3,223,9,2412,-0.20078043639659882
3,223,10,444,-0.2933310270309448
3,224,1,597,6.01708984375
3,224,2,666,5.960702896118164
3,224,3,2118,0.5884250402450562
3,224,4,664,0.5759029388427734
3,224,5,977,0.012498646974563599
3,224,6,1985,-0.06733691692352295
3,224,7,750,-0.2470577359199524
3,224,8,2211,-0.4273611307144165
3,224,9,2868,-0.44839274883270264
3,224,10,2920,-0.4756421446800232
3,225,1,2708,4.637447834014893
3,225,2,2525,3.386096715927124
3,225,3,1963,0.29194575548171997
3,225,4,222,0.02422405406832695
3,225,5,1454,-0.57668137550354
3,225,6,774,-0.635542631149292
3,225,7,1821,-1.1274378299713135
3,226,1,572,5.786604881286621
3,226,2,1659,5.6622843742370605
3,226,3,1945,4.857304573059082
3,226,4,39,0.758433997631073
3,226,5,1428,0.7122033834457397
3,226,6,1739,0.6435046792030334
3,226,7,278,0.5404165983200073
3,226,8,2961,0.3232256770133972
3,226,9,2697,0.13733752071857452
3,226,10,2870,-0.12189549207687378
3,227,1,2622,6.521615028381348
3,227,2,572,5.809603691101074
3,227,3,1659,5.685892105102539
3,227,4,2118,1.1967229843139648
3,227,5,121,0.8677763938903809
3,227,6,1067,0.6785328388214111
3,227,7,1979,0.21652185916900635
3,227,8,2630,0.038355469703674316
3,227,9,2623,-0.5198923945426941
3,227,10,2290,-0.6597399711608887
3,229,1,2595,5.847620964050293
3,229,2,1673,5.828193664550781
3,229,3,2938,4.98585319519043
3,229,4,2347,1.2297636270523071
3,229,5,2002,0.051385872066020966
3,229,6,1737,-0.040081560611724854
3,229,7,2750,-0.12338030338287354
3,229,8,3059,-0.737777590751648
3,229,9,261,-1.5502359867095947
3,230,1,30,5.250217437744141
3,230,2,198,4.054988861083984
3,230,3,2938,4.04171085357666
3,230,4,611,1.0207321643829346
3,230,5,2876,0.17465262115001678
3,230,6,148,-0.01994812861084938
3,230,7,2075,-0.07033871114253998
3,230,8,2634,-0.23860885202884674
3,230,9,698,-0.3243439793586731
3,230,10,1206,-0.6150003671646118
3,231,1,613,4.267947673797607
3,231,2,1787,3.7143430709838867
3,231,3,416,3.707923173904419
3,231,4,1160,2.9054574966430664
3,231,5,2866,0.03572482615709305
3,231,6,1977,0.03260358050465584
3,231,7,134,-0.008546814322471619
3,231,8,1237,-0.2556270360946655
3,231,9,1723,-0.5796191096305847
3,231,10,1613,-0.713534414768219
3,232,1,613,4.899623394012451
3,232,2,1787,4.365808486938477
3,232,3,2219,1.6946173906326294
3,232,4,2321,0.23566406965255737
3,232,5,2084,0.12899979948997498
3,232,6,2808,-0.012643087655305862
3,232,7,2870,-0.0887824296951294
3,232,8,1823,-0.38565531373023987
3,233,1,613,4.333963871002197
3,233,2,2389,3.573401927947998
3,233,3,481,1.1869175434112549
3,233,4,1654,0.7979841232299805
3,233,5,1535,0.21691417694091797
3,233,6,1977,0.031421080231666565
3,233,7,1745,-0.007746322080492973
3,233,8,2808,-0.008871335536241531
3,233,9,2377,-1.0302505493164062
3,233,10,2283,-1.3827265501022339
3,234,1,509,4.306743144989014
3,234,2,132,3.0955004692077637
3,234,3,703,2.467306137084961
3,234,4,2270,0.9274951219558716
3,234,5,1381,0.526298999786377
3,234,6,112,-0.28167223930358887
3,234,7,1644,-0.38171839714050293
3,234,8,1104,-0.780688464641571
3,234,9,1540,-1.0613619089126587
3,234,10,1466,-1.3837707042694092
3,235,1,1465,6.097408294677734
3,235,2,416,5.469415187835693
3,235,3,1931,3.0551915168762207
3,235,4,2493,0.027591705322265625
3,235,5,769,0.023772358894348145
3,235,6,2543,0.02035536989569664
3,235,7,2267,-0.024121932685375214
3,235,8,884,-0.37278810143470764
3,235,9,1651,-0.5617004632949829
3,235,10,1718,-1.0080337524414062
3,236,1,1744,6.544256687164307
3,236,2,2180,5.46042537689209
3,236,3,1698,1.6768348217010498
3,236,4,2075,1.1008000373840332
3,236,5,1260,0.33487436175346375
3,236,6,169,0.06046511232852936
3,236,7,1926,0.024652518332004547
3,236,8,1984,-0.2967778742313385
3,236,9,2502,-0.3562551736831665
3,236,10,750,-0.5288591384887695
3,237,1,2916,6.017556190490723
3,237,2,1632,5.304584503173828
3,237,3,2180,4.67806339263916
3,237,4,3018,0.8183064460754395
3,237,5,1153,0.5492444038391113
3,237,6,1516,0.4223519563674927
3,237,7,1215,0.010144934058189392
3,237,8,2801,-0.2626057267189026
3,238,1,1744,5.809898376464844
3,238,2,2180,4.842658042907715
3,238,3,2870,0.6259034872055054
3,238,4,2296,0.5129435658454895
3,238,5,1927,0.23437091708183289
3,238,6,1926,0.021346531808376312
3,238,7,1725,-0.21671201288700104
3,238,8,1990,-0.3418118357658386
3,238,9,1642,-1.0302314758300781
3,239,1,532,4.90659761428833
3,239,2,514,4.339451789855957
3,239,3,2092,4.335154056549072
3,239,4,666,0.8031628131866455
3,239,5,842,0.6210922002792358
3,239,6,2668,0.3845495581626892
3,239,7,1875,0.12750232219696045
3,239,8,326,-0.040980756282806396
3,239,9,69,-0.38063696026802063
3,239,10,972,-0.48023521900177
3,240,1,2345,5.601679801940918
3,240,2,514,4.545562267303467
3,240,3,2209,3.229274272918701
3,240,4,2030,0.472248911857605
3,240,5,746,-0.2260921597480774
3,240,6,2035,-0.35530728101730347
3,240,7,2706,-1.1459119319915771
3,241,1,447,5.853075981140137
3,241,2,1413,5.204342365264893
3,241,3,793,4.433161735534668
3,241,4,899,0.18660539388656616
3,241,5,1082,0.07320919632911682
3,241,6,974,-0.002332538366317749
3,241,7,3084,-0.22750841081142426
3,241,8,2660,-0.5946322083473206
3,241,9,2654,-0.9307621717453003
3,241,10,542,-1.9951727390289307
3,242,1,447,5.516453742980957
3,242,2,1413,4.903996467590332
3,242,3,1936,4.133340835571289
3,242,4,1258,0.42306673526763916
3,242,5,1100,0.32664942741394043
3,242,6,1750,0.24642682075500488
3,242,7,2616,0.11945721507072449
3,242,8,611,-0.21373558044433594
3,242,9,2660,-0.5184643268585205
3,242,10,971,-0.5747050046920776
3,243,1,1067,5.942821502685547
3,243,2,1413,5.309988021850586
3,243,3,793,4.523802280426025
3,243,4,2280,0.8842766284942627
3,243,5,2940,0.6027754545211792
3,243,6,2185,0.5725100636482239
3,243,7,2031,0.406836599111557
3,243,8,995,-0.20612387359142303
3,243,9,402,-0.31052303314208984
3,243,10,1449,-0.5655770301818848
3,244,1,2576,6.1447248458862305
3,244,2,1654,5.5960588455200195
3,244,3,1893,4.1608662605285645
3,244,4,1838,-0.4214315414428711
3,244,5,2660,-0.6326659917831421
3,244,6,727,-0.8014257550239563
3,244,7,1866,-0.9126561284065247
3,245,1,1615,6.534804344177246
3,245,2,2293,6.504720687866211
3,245,3,1654,6.080342769622803
3,245,4,1159,0.566034197807312
3,245,5,318,-0.010001704096794128
3,245,6,674,-0.25965964794158936
3,245,7,2618,-0.4569476842880249
3,245,8,426,-0.6002538204193115
3,245,9,2665,-0.8816360235214233
3,245,10,359,-1.049452304840088
3,246,1,656,5.953054428100586
3,246,2,627,5.931412696838379
3,246,3,1893,4.198859214782715
3,246,4,514,1.5881531238555908
3,246,5,2488,0.9013444185256958
3,246,6,2542,0.0038722120225429535
3,246,7,253,-0.02241484820842743
3,246,8,2429,-0.04243338108062744
3,246,9,481,-0.04445889592170715
3,246,10,1730,-0.09522339701652527
3,247,1,97,4.534662246704102
3,247,2,2576,4.421304225921631
3,247,3,1456,2.756826400756836
3,247,4,521,1.152552843093872
3,247,5,1400,0.6353297233581543
3,247,6,2595,0.11682167649269104
3,247,7,916,-0.026544352993369102
3,247,8,2713,-0.18663007020950317
3,247,9,2137,-0.6800850629806519
3,248,1,1448,4.6434712409973145
3,248,2,1456,3.498307466506958
3,248,3,2209,2.9590978622436523
3,248,4,105,0.4368208646774292
3,248,5,1582,0.36991989612579346
3,248,6,916,-0.032966531813144684
3,248,7,1461,-0.14867091178894043
3,248,8,498,-0.3305792808532715
3,248,9,1165,-1.211868166923523
3,248,10,1490,-1.2955210208892822
3,249,1,283,5.3628997802734375
3,249,2,1448,4.561410427093506
3,249,3,1456,3.5397088527679443
3,249,4,2578,0.657014012336731
3,249,5,1478,0.5076046586036682
3,249,6,1625,0.030432961881160736
3,249,7,227,0.013210220262408257
3,249,8,327,-0.8377681970596313
3,249,9,861,-2.456167221069336
3,250,1,2664,3.3671603202819824
3,250,2,1870,3.3264079093933105
3,250,3,1196,0.5298203825950623
3,250,4,2708,0.42263340950012207
3,250,5,1657,0.06861400604248047
3,250,6,916,-0.031009525060653687
3,250,7,1395,-0.32528674602508545
3,251,1,31,5.415886878967285
3,251,2,1376,5.265429496765137
3,251,3,1015,3.773606300354004
3,251,4,656,2.0310873985290527
3,251,5,2664,1.328383207321167
3,251,6,1265,0.9438166618347168
3,251,7,668,0.3364395499229431
3,251,8,1871,0.23008805513381958
3,251,9,1438,-0.39198988676071167
3,252,1,2961,5.302216529846191
3,252,2,504,5.251574516296387
3,252,3,1015,4.220229148864746
3,252,4,732,0.8378907442092896
3,252,5,1408,0.5002787113189697
3,252,6,668,0.3120567500591278
3,252,7,2536,0.2974247932434082
3,252,8,724,0.03578254580497742
3,252,9,2700,-0.15554746985435486
3,252,10,2559,-0.4816484749317169
3,253,1,1376,5.517626762390137
3,253,2,998,5.0460686683654785
3,253,3,1015,3.957550287246704
3,253,4,2309,-0.08948692679405212
3,253,5,533,-0.3364763855934143
3,253,6,2243,-0.6588033437728882
3,253,7,2578,-0.7161041498184204
3,253,8,1087,-0.7490835189819336
3,253,9,1717,-1.3910869359970093
3,253,10,1080,-1.4662134647369385
3,254,1,183,6.656729221343994
3,254,2,1015,4.424816131591797
3,254,3,289,3.3250861167907715
3,254,4,538,1.0215582847595215
3,254,5,1383,0.6550383567810059
3,254,6,275,0.5243196487426758
3,254,7,1975,0.033700745552778244
3,255,1,2324,5.343283653259277
3,255,2,653,5.255334854125977
3,255,3,2961,4.62051248550415
3,255,4,2274,1.5331692695617676
3,255,5,2228,0.8445392847061157
3,255,6,3047,0.3791891634464264
3,255,7,1718,0.13324227929115295
3,255,8,2046,-0.005923377815634012
3,255,9,1988,-0.3110240697860718
3,255,10,899,-0.4773763418197632
3,256,1,653,5.519294738769531
3,256,2,504,5.0783281326293945
3,256,3,2590,4.9802093505859375
3,256,4,2961,4.86614990234375
3,256,5,1870,0.46192798018455505
3,256,6,2339,0.0058181374333798885
3,256,7,2067,-0.02225726842880249
3,256,8,699,-0.48268747329711914
3,256,9,1723,-0.8910886645317078
3,257,1,2769,6.269621849060059
3,257,2,273,5.463907241821289
3,257,3,2042,4.542264461517334
3,257,4,1015,4.064420223236084
3,257,5,78,3.4765286445617676
3,257,6,541,0.7472555637359619
3,257,7,196,0.15876832604408264
3,257,8,2599,-0.14026105403900146
3,257,9,1761,-0.3437883257865906
3,257,10,672,-0.3856443762779236
3,258,1,44,5.648997783660889
3,258,2,2590,5.478578567504883
3,258,3,105,3.4305150508880615
3,258,4,2423,0.12680581212043762
3,258,5,1400,0.09194478392601013
3,258,6,2002,-0.019841253757476807
3,258,7,2899,-0.23254355788230896
3,258,8,1691,-1.1228222846984863
3,258,9,2927,-1.2258358001708984
3,258,10,2134,-1.2653213739395142
3,259,1,852,6.040680885314941
3,259,2,1558,5.661615371704102
3,259,3,273,5.036198616027832
3,259,4,2817,0.04425057768821716
3,259,5,2674,0.014302304945886135
3,259,6,227,0.00937734916806221
3,259,7,1748,-0.2335040122270584
3,259,8,1507,-0.7809680700302124
3,259,9,2326,-0.8245206475257874
3,259,10,471,-2.351867437362671
3,260,1,8,6.017906665802002
3,260,2,2328,5.333062171936035
3,260,3,2975,4.676501274108887
3,260,4,183,4.669166564941406
3,260,5,2898,0.667782723903656
3,260,6,2025,0.013118568807840347
3,260,7,1870,-0.1760566234588623
3,260,8,665,-0.6089884638786316
3,260,9,2291,-0.7274148464202881
3,260,10,1767,-0.8130360841751099
3,261,1,2772,3.737700939178467
3,261,2,2328,3.730630874633789
3,261,3,78,2.483032703399658
3,261,4,1159,2.427175760269165
3,261,5,3048,1.946484088897705
3,261,6,375,1.012923240661621
3,261,7,1070,0.13202732801437378
3,261,8,538,-0.24360424280166626
3,261,9,1985,-0.32796770334243774
3,261,10,1992,-0.4816576838493347
3,262,1,259,5.859935283660889
3,262,2,2093,5.590526580810547
3,262,3,2684,1.017789363861084
3,262,4,192,0.20216208696365356
3,262,5,2302,0.09552240371704102
3,262,6,1586,0.07226881384849548
3,262,7,12,0.04831124097108841
3,262,8,1580,0.020164087414741516
3,262,9,1592,-0.20699408650398254
3,262,10,2963,-0.6290359497070312
3,263,1,2772,5.300967216491699
3,263,2,259,5.037369728088379
3,263,3,2185,0.7861521244049072
3,263,4,1979,0.7189872860908508
3,263,5,1601,0.033473096787929535
3,263,6,12,0.029938172549009323
3,263,7,360,-0.010773617774248123
3,263,8,2205,-0.9021944999694824
3,263,9,667,-1.127867579460144
3,264,1,105,5.594516754150391
3,264,2,2640,5.378335952758789
3,264,3,164,3.4140443801879883
3,264,4,559,0.6257684230804443
3,264,5,1064,0.08847299963235855
3,264,6,2686,-0.14839774370193481
3,264,7,1899,-0.24696913361549377
3,264,8,3073,-0.2929001748561859
3,264,9,518,-0.539547860622406
3,265,1,1383,6.3652143478393555
3,265,2,105,5.685333728790283
3,265,3,2640,5.47501277923584
3,265,4,2628,1.8329756259918213
3,265,5,3068,0.02852693200111389
3,265,6,1645,-0.09422238171100616
3,265,7,2642,-0.9033355712890625
3,266,1,1180,6.2046308517456055
3,266,2,65,5.366578578948975
3,266,3,2867,3.730462074279785
3,266,4,608,1.113059163093567
3,266,5,2047,0.04686181992292404
3,266,6,2776,-0.006786014884710312
3,266,7,104,-0.08626627922058105
3,266,8,1717,-0.13066309690475464
3,266,9,2632,-0.24779793620109558
3,266,10,20,-0.4511801600456238
3,267,1,49,5.871525764465332
3,267,2,1180,5.584908485412598
3,267,3,2480,5.431631565093994
3,267,4,164,3.2207984924316406
3,267,5,1501,0.7562613487243652
3,267,6,2576,0.26859915256500244
3,267,7,375,0.12493038177490234
3,267,8,2180,0.036484599113464355
3,267,9,977,-0.001337265595793724
3,267,10,230,-0.08995728194713593
3,268,1,701,6.11140775680542
3,268,2,1380,6.100956916809082
3,268,3,2710,5.35336971282959
3,268,4,2955,0.12889428436756134
3,268,5,1104,0.0036813318729400635
3,268,6,2643,-0.07943590730428696
3,268,7,1884,-0.241098552942276
3,268,8,2452,-0.8249574899673462
3,268,9,784,-0.8725137710571289
3,269,1,2603,7.299739837646484
3,269,2,2274,6.58770751953125
3,269,3,185,1.3792098760604858
3,269,4,1501,0.9557052254676819
3,269,5,905,0.5717868208885193
3,269,6,1127,0.08132034540176392
3,269,7,1625,-0.02723284438252449
3,269,8,2974,-0.10187134146690369
3,269,9,1899,-0.2707616984844208
3,269,10,1070,-1.2128663063049316
3,271,1,1180,5.015349388122559
3,271,2,1159,4.95536470413208
3,271,3,65,4.081957817077637
3,271,4,692,0.6348839402198792
3,271,5,1698,0.4898633062839508
3,271,6,229,0.37210601568222046
3,271,7,2514,0.15947121381759644
3,271,8,2785,-0.129247784614563
3,271,9,1196,-0.16029950976371765
3,271,10,2423,-0.16115882992744446
3,272,1,701,6.080275058746338
3,272,2,1380,6.067325592041016
3,272,3,2867,3.549544334411621
3,272,4,786,0.03677915036678314
3,272,5,351,-0.017824897542595863
3,272,6,1708,-0.32691335678100586
3,272,7,2183,-0.33043020963668823
3,272,8,949,-0.3446360230445862
3,272,9,2290,-0.4862266182899475
3,272,10,507,-0.6744743585586548
3,273,1,2710,5.215174674987793
3,273,2,2480,4.135838031768799
3,273,3,1437,1.610660433769226
3,273,4,2031,0.3489420413970947
3,273,5,326,0.04451307654380798
3,273,6,140,-0.016404462978243828
3,273,7,1917,-0.019957805052399635
3,273,8,1006,-0.028168810531497
3,273,9,1270,-0.03674596920609474
3,273,10,1029,-0.3968219757080078
3,274,1,1159,6.007399082183838
3,274,2,2274,5.359463214874268
3,274,3,65,4.980570316314697
3,274,4,1558,2.090641498565674
3,274,5,1957,-0.3774343729019165
3,274,6,550,-0.47194623947143555
3,274,7,1833,-0.47748321294784546
3,274,8,2370,-0.5806410312652588
3,276,1,2580,6.171327114105225
3,276,2,192,5.3426194190979
3,276,3,3053,4.024194717407227
3,276,4,783,1.3250420093536377
3,276,5,1907,1.2330467700958252
3,276,6,2500,0.7989690899848938
3,276,7,1200,0.6311300992965698
3,276,8,2018,0.22329822182655334
3,276,9,2183,0.1340956687927246
3,276,10,2556,-0.12681680917739868
3,277,1,795,4.572719573974609
3,277,2,1582,3.841701030731201
3,277,3,890,0.06137055158615112
3,277,4,1502,-0.019230782985687256
3,277,5,1303,-0.03016696684062481
3,277,6,736,-0.19758111238479614
3,277,7,2211,-0.21713927388191223
3,277,8,1792,-0.21888357400894165
3,277,9,1642,-0.39878374338150024
3,277,10,1293,-0.6206795573234558
3,278,1,663,6.774402618408203
3,278,2,1582,4.220477104187012
3,278,3,3053,3.963606595993042
3,278,4,2994,0.6711947321891785
3,278,5,1206,0.453003466129303
3,278,6,765,0.033807627856731415
3,278,7,11,-0.011361837387084961
3,278,8,14,-0.6306614875793457
3,278,9,2206,-1.0653352737426758
3,278,10,272,-1.189525842666626
3,279,1,2280,6.326992511749268
3,279,2,608,4.157294273376465
3,279,3,1161,1.257787823677063
3,279,4,1465,0.6713354587554932
3,279,5,459,0.15573059022426605
3,279,6,288,0.03521614894270897
3,279,7,1190,-0.42221909761428833
3,279,8,2933,-1.857187032699585
3,280,1,122,5.315732002258301
3,280,2,608,4.082155227661133
3,280,3,1766,3.7970919609069824
3,280,4,2185,0.8282880783081055
3,280,5,2776,-0.0002522803843021393
3,280,6,1007,-0.892898678779602
3,282,1,2580,5.853321075439453
3,282,2,192,5.218442916870117
3,282,3,1875,1.7101188898086548
3,282,4,2452,0.8106508851051331
3,282,5,949,0.46885940432548523
3,282,6,2432,0.1883665919303894
3,282,7,494,-0.06585770845413208
3,282,8,2003,-0.3983873128890991
3,282,9,387,-0.41721290349960327
3,282,10,3047,-0.8555198907852173
3,283,1,2628,6.911304950714111
3,283,2,1963,5.818857192993164
3,283,3,2558,1.3487880229949951
3,283,4,1339,0.5690491795539856
3,283,5,135,0.015906136482954025
3,283,6,2877,-0.8152716159820557
3,283,7,2140,-1.1618293523788452
3,283,8,2888,-1.2192691564559937
3,283,9,2759,-1.4934712648391724
3,283,10,523,-1.5591996908187866
3,284,1,1516,3.8684725761413574
3,284,2,740,3.1418938636779785
3,284,3,3053,2.5900025367736816
3,284,4,2243,0.7696466445922852
3,284,5,2814,0.7519487142562866
3,284,6,895,0.02179696038365364
3,284,7,1962,-0.534024715423584
3,284,8,418,-0.5605039000511169
3,284,9,774,-0.6859567761421204
3,284,10,1376,-1.0173099040985107
3,285,1,553,6.576128005981445
3,285,2,718,5.1528120040893555
3,285,3,498,0.5682274103164673
3,285,4,166,0.049429383128881454
3,285,5,3011,0.01626824587583542
3,285,6,1525,-0.41575193405151367
3,285,7,132,-0.8210495114326477
3,285,8,1320,-0.9297636151313782
3,285,9,655,-1.2611112594604492
3,285,10,1160,-1.3792818784713745
3,286,1,1540,5.101449966430664
3,286,2,1277,4.793829441070557
3,286,3,1628,0.4861915111541748
3,286,4,261,0.061654046177864075
3,286,5,3011,0.013051156885921955
3,286,6,2677,0.001226232387125492
3,286,7,1945,-0.1978488266468048
3,286,8,2219,-1.011823058128357
3,287,1,2407,5.497140884399414
3,287,2,1277,4.232937812805176
3,287,3,2156,0.3314388692378998
3,287,4,1101,0.2567918002605438
3,287,5,3011,0.011218385770916939
3,287,6,905,-0.1753859668970108
3,287,7,186,-0.22312767803668976
3,287,8,793,-0.34343117475509644
3,287,9,1250,-1.2775506973266602
3,287,10,2971,-1.4037036895751953
3,288,1,783,4.710112571716309
3,288,2,1277,4.5449748039245605
3,288,3,527,0.4250813126564026
3,288,4,3011,0.011496148072183132
3,288,5,2408,-0.09093940258026123
3,288,6,1871,-0.8008736968040466
3,288,7,1287,-0.8140964508056641
3,288,8,1688,-1.1362102031707764
3,289,1,1053,4.0531158447265625
3,289,2,783,2.8863658905029297
3,289,3,1805,0.08476829528808594
3,289,4,326,0.010687367990612984
3,289,5,134,-0.006762353703379631
3,289,6,869,-0.048127949237823486
3,289,7,2504,-0.28706789016723633
3,289,8,2435,-0.38975459337234497
3,289,9,1059,-0.8254737854003906
3,290,1,2090,6.681661605834961
3,290,2,325,4.611328125
3,290,3,221,0.7070301175117493
3,290,4,579,0.37280023097991943
3,290,5,2048,0.08834505081176758
3,290,6,13,0.01593724638223648
3,290,7,1376,-0.04538750648498535
3,290,8,2989,-0.562664806842804
3,290,9,1898,-0.698686957359314
3,290,10,1362,-0.7646795511245728
3,291,1,1528,5.278354167938232
3,291,2,727,4.647531986236572
3,291,3,860,3.580770492553711
3,291,4,740,1.4089961051940918
3,291,5,1368,0.5003576278686523
3,291,6,689,0.368719220161438
3,291,7,72,0.2189803421497345
3,291,8,2,0.08954644203186035
3,291,9,39,-0.11768865585327148
3,291,10,2184,-0.35828492045402527
3,292,1,2090,5.900843620300293
3,292,2,375,5.1612701416015625
3,292,3,1466,3.4984803199768066
3,292,4,2033,0.34063419699668884
3,292,5,410,0.27988776564598083
3,292,6,1082,0.22800374031066895
3,292,7,1180,0.19532784819602966
3,292,8,13,0.018560124561190605
3,292,9,82,-0.6621151566505432
3,292,10,2089,-0.9099713563919067
3,293,1,1344,5.156423568725586
3,293,2,1528,4.99926233291626
3,293,3,325,3.650969982147217
3,293,4,827,0.0024006622843444347
3,293,5,2745,-0.00032973289489746094
3,293,6,2396,-0.00969018042087555
3,293,7,2951,-1.4419834613800049
3,294,1,2952,4.62778377532959
3,294,2,1344,3.864661931991577
3,294,3,2616,3.7462105751037598
3,294,4,2312,0.10827338695526123
3,294,5,1518,-0.5070451498031616
3,294,6,103,-0.6356581449508667
3,295,1,285,6.135593414306641
3,295,2,2616,5.471409797668457
3,295,3,860,2.3143203258514404
3,295,4,310,0.5841057300567627
3,295,5,2025,0.011335842311382294
3,295,6,2225,0.005201790481805801
3,295,7,1984,-0.1299659013748169
3,295,8,174,-0.16051557660102844
3,295,9,653,-0.3547890782356262
3,295,10,97,-0.38683420419692993
3,297,1,1381,6.446285247802734
3,297,2,3061,5.678552627563477
3,297,3,1794,4.399548530578613
3,297,4,1248,1.1775617599487305
3,297,5,2989,-0.08368418365716934
3,297,6,294,-0.2579593062400818
3,297,7,769,-0.39293959736824036
3,297,8,2160,-0.4369063079357147
3,297,9,2003,-0.5160683989524841
3,297,10,2546,-0.5236163139343262
3,298,1,2128,6.142168998718262
3,298,2,2929,6.03140926361084
3,298,3,1794,4.210688591003418
3,298,4,1,0.4832095503807068
3,298,5,227,0.027182994410395622
3,298,6,508,-0.33833199739456177
3,298,7,346,-0.5634771585464478
3,298,8,1127,-0.6409614682197571
3,298,9,2442,-2.534191131591797
3,299,1,540,5.695261001586914
3,299,2,2672,5.14063835144043
3,299,3,3040,4.059029579162598
3,299,4,1792,0.4483400881290436
3,299,5,1742,0.3823610544204712
3,299,6,576,0.19191832840442657
3,299,7,2312,0.004448145627975464
3,299,8,438,-0.9382905960083008
3,299,9,2237,-0.984946072101593
3,299,10,1712,-1.1104731559753418
3,300,1,1592,4.676506042480469
3,300,2,1113,4.667515754699707
3,300,3,2969,3.861029863357544
3,300,4,2258,0.2812367379665375
3,300,5,1121,0.029511868953704834
3,300,6,2914,-0.12967923283576965
3,300,7,40,-0.5474772453308105
3,301,1,2969,4.027528285980225
3,301,2,1016,3.9932830333709717
3,301,3,2412,0.34007173776626587
3,301,4,368,0.02013789489865303
3,301,5,342,0.019594375044107437
3,301,6,629,-0.0919041782617569
3,301,7,2474,-0.15849626064300537
3,301,8,1034,-0.43736129999160767
3,301,9,1254,-0.47118014097213745
3,301,10,1359,-0.757023811340332
3,302,1,1113,5.150075912475586
3,302,2,1920,4.181092262268066
3,302,3,1072,2.6255569458007812
3,302,4,1724,-0.1568010449409485
3,302,5,297,-0.18237344920635223
3,302,6,1156,-0.3620308041572571
3,302,7,1247,-0.5826635360717773
3,302,8,2717,-0.8133774995803833
3,302,9,1311,-0.8158866763114929
3,302,10,857,-1.0428813695907593
3,303,1,1189,6.326809883117676
3,303,2,2969,4.851933479309082
3,303,3,1381,3.213468313217163
3,303,4,1072,2.8603427410125732
3,303,5,3073,0.07457979023456573
3,303,6,656,0.015016287565231323
3,303,7,2754,-0.05848953127861023
3,303,8,494,-0.37005043029785156
3,303,9,216,-0.9890854358673096
3,303,10,766,-1.4828461408615112
3,304,1,1571,5.656485080718994
3,304,2,2343,5.578075408935547
3,304,3,315,4.522646427154541
3,304,4,510,2.158709764480591
3,304,5,253,0.05393825098872185
3,304,6,2896,-0.46845489740371704
3,304,7,1034,-0.5381519198417664
3,305,1,2978,5.045947074890137
3,305,2,2343,5.035015106201172
3,305,3,357,3.0275707244873047
3,305,4,2163,0.11179900169372559
3,305,5,2352,-0.011157751083374023
3,305,6,2725,-0.04420565068721771
3,305,7,2595,-0.12738199532032013
3,305,8,1659,-0.1674427092075348
3,305,9,129,-0.2727532982826233
3,305,10,1339,-0.3749867379665375
3,306,1,2978,5.454025745391846
3,306,2,1189,5.082022666931152
3,306,3,1481,2.812060832977295
3,306,4,962,0.049989890307188034
3,306,5,1386,-0.11533397436141968
3,306,6,1870,-0.16011114418506622
3,306,7,2092,-0.37070605158805847
3,306,8,1502,-0.5617848634719849
3,307,1,562,6.337207794189453
3,307,2,1990,4.967118263244629
3,307,3,1028,0.5740594863891602
3,307,4,2700,0.15999427437782288
3,307,5,351,0.0217038132250309
3,307,6,1153,-0.0796424150466919
3,307,7,2559,-0.08045126497745514
3,308,1,2686,6.227756023406982
3,308,2,1116,4.980233669281006
3,308,3,357,3.738030433654785
3,308,4,2687,1.0282715559005737
3,308,5,2009,-0.37147605419158936
3,308,6,2092,-0.3882378041744232
3,308,7,286,-0.41207754611968994
3,308,8,731,-0.9157277345657349
3,309,1,1701,6.324318885803223
3,309,2,1995,5.838827133178711
3,309,3,1940,0.15630564093589783
3,309,4,351,0.017111241817474365
3,309,5,2870,-0.32751917839050293
3,309,6,2395,-0.9115409851074219
3,310,1,1995,5.870912075042725
3,310,2,1990,4.612717628479004
3,310,3,1811,4.494240760803223
3,310,4,655,0.7499759197235107
3,310,5,554,-0.04831135272979736
3,310,6,865,-0.1142587661743164
3,310,7,2188,-0.1253933310508728
3,310,8,740,-0.12969082593917847
3,310,9,2367,-0.552142858505249
3,310,10,3010,-0.6015270352363586
3,311,1,2974,6.270474433898926
3,311,2,69,5.729972839355469
3,311,3,1811,4.612921714782715
3,311,4,1206,2.0695862770080566
3,311,5,1278,-0.03158295154571533
3,311,6,703,-0.1301981508731842
3,311,7,2695,-0.25433582067489624
3,311,8,2194,-0.7131549119949341
3,312,1,1868,4.669975280761719
3,312,2,1221,3.250870704650879
3,312,3,2969,2.13615083694458
3,312,4,173,0.7517287731170654
3,312,5,394,0.6436454057693481
3,312,6,1040,0.3383365273475647
3,312,7,40,0.09711343050003052
3,312,8,975,0.05027363449335098
3,312,9,1758,0.03647005185484886
3,312,10,2267,0.0356631875038147
3,314,1,1198,6.2675275802612305
3,314,2,1221,4.803022861480713
3,314,3,1498,2.9610095024108887
3,314,4,318,-0.03653224557638168
3,314,5,1161,-0.06804358959197998
3,314,6,398,-0.47347480058670044
3,314,7,2994,-0.5966523885726929
3,314,8,1685,-0.9491215348243713
3,314,9,354,-1.5667123794555664
3,315,1,1198,5.102882385253906
3,315,2,1541,4.466197967529297
3,315,3,1206,3.54126238822937
3,315,4,2911,0.7218482494354248
3,315,5,148,0.02804100327193737
3,315,6,495,0.014250218868255615
3,315,7,986,-0.5360103249549866
3,315,8,1091,-1.2484321594238281
3,316,1,633,4.59199333190918
3,316,2,3069,4.542018413543701
3,316,3,338,3.6794333457946777
3,316,4,1592,1.379911184310913
3,316,5,2287,0.24076899886131287
3,316,6,285,-0.09961521625518799
3,316,7,2389,-0.19063979387283325
3,316,8,416,-0.1971166580915451
3,316,9,289,-0.6540398001670837
3,316,10,2302,-1.0641155242919922
3,317,1,633,4.715948581695557
3,317,2,3069,4.667552471160889
3,317,3,1206,3.855745792388916
3,317,4,2205,0.625619649887085
3,317,5,949,0.4363519251346588
3,317,6,2997,0.4273630678653717
3,317,7,1999,-0.045448675751686096
3,317,8,535,-0.12333765625953674
3,317,9,483,-0.12712258100509644
3,317,10,555,-0.27474966645240784
3,318,1,2106,6.652322292327881
3,318,2,1781,4.75710391998291
3,318,3,1206,4.231436729431152
3,318,4,663,0.9492342472076416
3,318,5,746,0.14135515689849854
3,318,6,142,-0.011108429171144962
3,318,7,995,-0.07977369427680969
3,318,8,1522,-0.22936874628067017
3,318,9,2488,-0.32324913144111633
3,318,10,2994,-0.4398951530456543
3,319,1,2176,6.724675178527832
3,319,2,1367,4.952367782592773
3,319,3,1744,0.4809820055961609
3,319,4,2457,0.013326546177268028
3,319,5,330,-0.004503128584474325
3,319,6,2170,-0.128554105758667
3,319,7,1893,-0.25524675846099854
3,319,8,1386,-0.35249465703964233
3,319,9,1984,-0.6114003658294678
3,321,1,2106,4.892313003540039
3,321,2,1367,3.7114779949188232
3,321,3,2659,3.11506986618042
3,321,4,2389,0.47087275981903076
3,321,5,2490,-0.1345708966255188
3,321,6,1728,-0.22256852686405182
3,321,7,261,-0.3277016878128052
3,321,8,2441,-0.6706653833389282
3,321,9,2323,-0.8113324642181396
3,322,1,446,5.882254600524902
3,322,2,1367,4.589548587799072
3,322,3,285,0.13640332221984863
3,322,4,2448,0.1121436059474945
3,322,5,239,-0.03868943452835083
3,322,6,2496,-0.16071271896362305
3,322,7,2642,-0.3147621154785156
3,322,8,118,-0.4636448323726654
3,322,9,2525,-0.5102149248123169
3,322,10,128,-0.7885316610336304
3,323,1,1964,5.511263847351074
3,323,2,1422,4.028175354003906
3,323,3,362,0.018209893256425858
3,323,4,143,-0.026846546679735184
3,323,5,317,-0.043951649218797684
3,323,6,910,-0.057314515113830566
3,323,7,3063,-0.07482998073101044
3,323,8,1882,-0.24038252234458923
3,323,9,2,-0.3526724576950073
3,324,1,446,4.481389045715332
3,324,2,2956,4.046217441558838
3,324,3,859,3.861581325531006
3,324,4,69,1.329801082611084
3,324,5,863,1.1283092498779297
3,324,6,2344,0.0925629734992981
3,324,7,665,0.028986051678657532
3,324,8,1718,0.02020294964313507
3,324,9,2136,-0.505355179309845
3,324,10,128,-0.6243217587471008
3,325,1,2084,6.081045150756836
3,325,2,104,5.525400638580322
3,325,3,1655,1.3901078701019287
3,325,4,69,0.8714584708213806
3,325,5,1089,0.5465496778488159
3,325,6,682,-0.037201765924692154
3,325,7,239,-0.040909625589847565
3,325,8,1882,-0.11055801808834076
3,325,9,2658,-0.2550105154514313
3,325,10,864,-0.26832833886146545
3,326,1,2363,5.154248237609863
3,326,2,1991,4.206592559814453
3,326,3,2659,3.6476128101348877
3,326,4,1156,0.4536953270435333
3,326,5,414,0.11635494232177734
3,326,6,72,-0.0033025741577148438
3,326,7,330,-0.01398638729006052
3,326,8,227,-0.03544369712471962
3,326,9,1928,-0.03601338714361191
3,326,10,30,-0.1593739539384842
3,327,1,2075,5.946844100952148
3,327,2,1991,4.934518814086914
3,327,3,387,1.8916139602661133
3,327,4,1327,0.23104125261306763
3,327,5,2448,0.17277739942073822
3,327,6,1620,0.09848837554454803
3,327,7,1280,0.04988160729408264
3,327,8,3027,0.03444291651248932
3,327,9,1028,-0.329305499792099
3,327,10,1275,-0.7996883988380432
3,328,1,2084,6.436689376831055
3,328,2,1671,6.04488468170166
3,328,3,1635,2.460299491882324
3,328,4,915,0.8630596399307251
3,328,5,2406,0.1333710104227066
3,328,6,3027,0.026547078043222427
3,328,7,2604,-0.18024581670761108
3,328,8,612,-0.5253255367279053
3,329,1,1422,5.610744953155518
3,329,2,2484,3.681990146636963
3,329,3,1632,0.6035473346710205
3,329,4,1812,0.43408387899398804
3,329,5,2480,0.3347892165184021
3,329,6,2157,0.13211897015571594
3,329,7,362,0.007181357592344284
3,329,8,1002,-0.17230761051177979
3,329,9,1836,-0.40402498841285706
3,329,10,2513,-0.4066481292247772
3,330,1,2659,4.838376522064209
3,330,2,33,4.7270188331604
3,330,3,2484,3.683561325073242
3,330,4,1142,1.1551613807678223
3,330,5,2019,0.23931343853473663
3,330,6,950,0.1502799391746521
3,330,7,3027,0.029982242733240128
3,330,8,1167,0.005219459533691406
3,330,9,911,0.004405200481414795
3,330,10,730,-0.7685643434524536
3,331,1,2296,4.8668060302734375
3,331,2,33,4.669632911682129
3,331,3,2484,3.6351122856140137
3,331,4,482,1.864993929862976
3,331,5,2403,1.7345170974731445
3,331,6,534,0.2197020798921585
3,331,7,2031,0.106393963098526
3,331,8,447,-0.08486294001340866
3,331,9,2642,-0.37547188997268677
3,331,10,1263,-0.5305919051170349
3,332,1,2296,3.87815260887146
3,332,2,1962,3.817253351211548
3,332,3,2705,3.330018997192383
3,332,4,81,0.15586376190185547
3,332,5,360,0.018509503453969955
3,332,6,343,0.016348425298929214
3,332,7,703,-0.07655900716781616
3,332,8,579,-0.13650202751159668
3,332,9,1911,-0.17527484893798828
3,332,10,1682,-0.47977763414382935
3,333,1,1491,5.595188617706299
3,333,2,523,4.886714935302734
3,333,3,1635,4.796891689300537
3,333,4,750,1.5257325172424316
3,333,5,880,0.9567455649375916
3,333,6,2776,0.03023075871169567
3,333,7,2543,-0.00668364018201828
3,333,8,189,-0.0686880350112915
3,333,9,1513,-0.46433740854263306
3,333,10,1438,-0.9636992812156677
3,334,1,2261,6.057268142700195
3,334,2,2705,5.667187213897705
3,334,3,2061,5.262508392333984
3,334,4,2998,0.5695189237594604
3,334,5,1428,0.2277926206588745
3,334,6,1002,0.13180072605609894
3,334,7,2802,0.07068906724452972
3,334,8,319,0.009667941369116306
3,334,9,330,-0.008362533524632454
3,334,10,2416,-0.12294340133666992
3,335,1,2061,4.892127990722656
3,335,2,788,4.574979305267334
3,335,3,2870,4.489757061004639
3,335,4,2695,0.445684552192688
3,335,5,1102,0.15486784279346466
3,335,6,318,0.012053467333316803
3,335,7,394,-0.4953089952468872
3,335,8,164,-1.0100114345550537
3,336,1,1635,5.190537452697754
3,336,2,2870,4.732044696807861
3,336,3,249,3.879500150680542
3,336,4,1265,1.4007718563079834
3,336,5,716,0.20091021060943604
3,336,6,827,-0.006198476999998093
3,336,7,2967,-0.029233276844024658
3,336,8,2560,-0.2261108160018921
3,336,9,2912,-0.7704113125801086
3,337,1,2602,5.893425464630127
3,337,2,900,3.2970218658447266
3,337,3,925,1.104794979095459
3,337,4,539,0.5528776049613953
3,337,5,641,0.2646503448486328
3,337,6,1917,0.03423488140106201
3,337,7,2543,-0.005453414283692837
3,337,8,135,-0.041218001395463943
3,337,9,1970,-0.4310119152069092
3,337,10,1091,-0.7233250141143799
3,338,1,2107,7.193489074707031
3,338,2,2927,6.693467140197754
3,338,3,542,0.40895184874534607
3,338,4,2723,0.3734515905380249
3,338,5,2543,-0.007194017991423607
3,338,6,1311,-0.37459802627563477
3,338,7,1884,-0.381473571062088
3,338,8,1569,-0.4149599075317383
3,338,9,2844,-0.5195176601409912
3,338,10,706,-1.251418948173523
3,339,1,2145,5.173483848571777
3,339,2,523,4.430239200592041
3,339,3,900,3.1144144535064697
3,339,4,1632,0.5800990462303162
3,339,5,2452,0.1778344064950943
3,339,6,2645,0.03125658631324768
3,339,7,243,0.00913022831082344
3,339,8,1721,-0.2088848352432251
3,339,9,950,-0.37535277009010315
3,339,10,2876,-0.4298184812068939
3,340,1,2384,6.4528632164001465
3,340,2,1692,5.991873741149902
3,340,3,2145,5.509408950805664
3,340,4,2558,0.324896901845932
3,340,5,1748,0.24715560674667358
3,340,6,1922,0.030509239062666893
3,340,7,1673,-0.14667963981628418
3,340,8,1848,-0.5603899955749512
3,340,9,2640,-1.5395464897155762
3,342,1,2163,2.4862165451049805
3,342,2,1002,1.9333144426345825
3,342,3,865,0.2944527268409729
3,342,4,1669,0.13948863744735718
3,342,5,157,-0.02377636916935444
3,342,6,2654,-0.029839366674423218
3,342,7,1982,-0.07492611557245255
3,342,8,479,-0.1096169650554657
3,342,9,663,-0.19415578246116638
3,342,10,2406,-0.2998430132865906
3,343,1,1692,6.485390663146973
3,343,2,2927,6.474844932556152
3,343,3,2602,6.437065124511719
3,343,4,2288,0.5160395503044128
3,343,5,2140,0.3856581449508667
3,343,6,1435,0.3064769208431244
3,343,7,224,0.0321330763399601
3,343,8,1590,-0.44686177372932434
3,343,9,629,-0.48103052377700806
3,343,10,2095,-0.7290056347846985
3,344,1,646,6.400235176086426
3,344,2,1786,1.8329601287841797
3,344,3,11,1.3479593992233276
3,344,4,2108,1.1940841674804688
3,344,5,1465,1.0226778984069824
3,344,6,863,0.7141392230987549
3,344,7,2799,0.3593369722366333
3,344,8,955,0.014847677201032639
3,344,9,343,0.0010496897157281637
3,344,10,2356,-0.5140172243118286
3,345,1,1472,6.432015895843506
3,345,2,387,6.114634990692139
3,345,3,779,3.72770619392395
3,345,4,1376,1.0304237604141235
3,345,5,2615,0.4037783741950989
3,345,6,198,0.2617047131061554
3,345,7,2099,0.2039366066455841
3,345,8,1014,-0.01551145687699318
3,345,9,1620,-0.09841527044773102
3,345,10,718,-0.3284531831741333
3,346,1,671,6.731492519378662
3,346,2,779,4.525041580200195
3,346,3,594,0.2632865607738495
3,346,4,243,0.03641859069466591
3,346,5,1780,0.021623220294713974
3,346,6,3031,0.013494595885276794
3,346,7,1279,-0.286747545003891
3,346,8,2895,-0.7097737789154053
3,346,9,1078,-0.8129141926765442
3,347,1,2403,6.682222366333008
3,347,2,854,4.280664443969727
3,347,3,1744,0.9289323091506958
3,347,4,597,0.8461571931838989
3,347,5,2294,0.23020392656326294
3,347,6,306,0.2097930610179901
3,347,7,186,0.1760876178741455
3,347,8,1833,0.1735074818134308
3,347,9,955,0.016503147780895233
3,347,10,2002,-0.0058947717770934105
3,348,1,72,4.738524436950684
3,348,2,502,4.610736846923828
3,348,3,2007,2.1835789680480957
3,348,4,2206,0.1960572898387909
3,348,5,2025,0.0466301292181015
3,348,6,343,0.015420464798808098
3,348,7,1270,0.005584017373621464
3,348,8,2196,-0.25023776292800903
3,348,9,410,-0.5945953130722046
3,348,10,1683,-0.5962405204772949
3,349,1,1911,6.009625434875488
3,349,2,72,5.488142013549805
3,349,3,2007,2.7502148151397705
3,349,4,2464,0.6830558776855469
3,349,5,2602,0.22680070996284485
3,349,6,1369,0.0555233359336853
3,349,7,1730,-0.15422788262367249
3,349,8,2480,-0.2730048894882202
3,349,9,229,-0.37487393617630005
3,349,10,2290,-0.41008204221725464
3,350,1,502,5.823502540588379
3,350,2,333,5.744097709655762
3,350,3,792,0.5450888872146606
3,350,4,1040,0.530251681804657
3,350,5,2752,0.525314450263977
3,350,6,2452,0.35278016328811646
3,350,7,2315,0.08633564412593842
3,350,8,3043,-0.0044661033898591995
3,350,9,1517,-0.28667864203453064
3,350,10,306,-0.7280468940734863
3,352,1,1266,6.4665374755859375
3,352,2,1,5.855694770812988
3,352,3,432,4.329333782196045
3,352,4,2092,0.9476202726364136
3,352,5,1072,0.34613144397735596
3,352,6,2235,0.27469706535339355
3,352,7,12,0.0305696539580822
3,352,8,1811,-0.15030542016029358
3,352,9,2170,-0.4452356696128845
3,352,10,2440,-0.5108834505081177
3,353,1,1,5.214162826538086
3,353,2,432,3.854775905609131
3,353,3,2562,3.5134787559509277
3,353,4,2911,0.9479919075965881
3,353,5,2595,0.2748149633407593
3,353,6,466,0.22202476859092712
3,353,7,1399,0.11314904689788818
3,353,8,1628,0.02147512137889862
3,353,9,2267,-0.005903467070311308
3,353,10,520,-0.017098799347877502
3,354,1,1490,5.362687110900879
3,354,2,432,3.302529811859131
3,354,3,2562,2.990957260131836
3,354,4,2990,0.6932002902030945
3,354,5,2616,0.33521556854248047
3,354,6,1758,0.017537899315357208
3,354,7,2107,-0.015628889203071594
3,354,8,2897,-0.10557015240192413
3,354,9,2324,-1.2780903577804565
3,355,1,754,5.127420902252197
3,355,2,2665,4.649995803833008
3,355,3,432,3.802288055419922
3,355,4,544,0.729371190071106
3,355,5,195,0.11773443222045898
3,355,6,2211,-0.001609697937965393
3,355,7,121,-0.09611397981643677
3,355,8,2412,-0.9002051949501038
3,356,1,2574,7.754707336425781
3,356,2,2869,7.008174896240234
3,356,3,622,6.711516380310059
3,356,4,1991,0.9818435907363892
3,356,5,876,0.7569413185119629
3,356,6,315,0.3711814284324646
3,356,7,128,-0.006561532616615295
3,356,8,1034,-0.2192448526620865
3,356,9,1936,-0.37848493456840515
3,356,10,94,-0.49652209877967834
3,357,1,579,5.90699577331543
3,357,2,1167,4.05145788192749
3,357,3,1080,1.2947242259979248
3,357,4,482,0.4887393116950989
3,357,5,1437,0.4613119959831238
3,357,6,1111,0.4377891421318054
3,357,7,1940,0.2258790135383606
3,357,8,319,0.004138296470046043
3,357,9,1928,0.001122521236538887
3,357,10,1939,-0.005555612966418266
3,358,1,2311,5.462821960449219
3,358,2,2645,5.45161247253418
3,358,3,579,5.4331560134887695
3,358,4,81,1.0099741220474243
3,358,5,2956,0.26304662227630615
3,358,6,671,0.18905241787433624
3,358,7,1491,0.08592374622821808
3,358,8,446,0.07346916198730469
3,358,9,1215,0.07108651101589203
3,358,10,2841,-0.005163091700524092
3,359,1,506,3.5202832221984863
3,359,2,2630,1.743322730064392
3,359,3,1981,0.2979605197906494
3,359,4,229,0.258916437625885
3,359,5,2044,0.011418518610298634
3,359,6,1928,-0.006728591397404671
3,359,7,2486,-0.009167767129838467
3,359,8,1522,-0.49643319845199585
3,359,9,95,-0.6907665133476257
3,360,1,506,3.514615774154663
3,360,2,2205,0.7478348612785339
3,360,3,1328,0.16223621368408203
3,360,4,2478,0.018553584814071655
3,360,5,2826,-0.006294563412666321
3,360,6,1928,-0.008118941448628902
3,360,7,2486,-0.009491491131484509
3,360,8,2180,-0.0310792475938797
3,360,9,2084,-0.1237407922744751
3,360,10,1300,-0.4744831621646881
3,361,1,506,3.5154647827148438
3,361,2,2740,0.608396053314209
3,361,3,1469,0.3552224934101105
3,361,4,1612,0.2372628152370453
3,361,5,356,0.029962480068206787
3,361,6,1928,-0.007661806419491768
3,361,7,2486,-0.008409904316067696
3,361,8,1448,-0.191875159740448
3,361,9,2253,-0.49071550369262695
3,361,10,3054,-0.5317100286483765
3,362,1,506,3.5484302043914795
3,362,2,2725,0.5022146701812744
3,362,3,1157,0.30275970697402954
3,362,4,2877,0.2698109745979309
3,362,5,1964,0.020910680294036865
3,362,6,149,0.0004301285371184349
3,362,7,1928,-0.005992258433252573
3,362,8,2486,-0.007737086620181799
3,362,9,12,-0.02241189032793045
3,362,10,1029,-0.16903948783874512
3,363,1,506,3.5444140434265137
3,363,2,2080,0.44225141406059265
3,363,3,1447,0.3373955488204956
3,363,4,2193,0.3186642527580261
3,363,5,215,0.1723213493824005
3,363,6,621,0.07101081311702728
3,363,7,2180,-0.0014448463916778564
3,363,8,827,-0.002068823203444481
3,363,9,1928,-0.007140978239476681
3,363,10,2486,-0.008013445883989334
3,365,1,210,5.70731782913208
3,365,2,1653,5.700816631317139
3,365,3,397,5.104034900665283
3,365,4,1521,0.35301801562309265
3,365,5,2817,0.15331149101257324
3,365,6,2655,0.012775924988090992
3,365,7,2789,-0.04601587355136871
3,365,8,2416,-0.20647785067558289
3,365,9,3054,-0.22557702660560608
3,365,10,1875,-1.290541410446167
3,366,1,2078,5.91988468170166
3,366,2,2618,1.086283564567566
3,366,3,535,0.5418306589126587
3,366,4,1778,0.25916787981987
3,366,5,860,0.15294015407562256
3,366,6,2209,0.07870423793792725
3,366,7,366,0.0006063617765903473
3,366,8,253,-0.009496200829744339
3,366,9,698,-0.5301539897918701
3,366,10,2200,-1.2873196601867676
3,367,1,1203,6.273855209350586
3,367,2,418,5.634695529937744
3,367,3,1215,1.0667507648468018
3,367,4,3063,0.09915409982204437
3,367,5,911,0.038644954562187195
3,367,6,1279,-0.02666105329990387
3,367,7,1673,-0.0606536865234375
3,367,8,2328,-0.48440754413604736
3,367,9,1012,-0.6197103261947632
3,368,1,2078,4.695880889892578
3,368,2,2759,4.053501129150391
3,368,3,1494,4.0174384117126465
3,368,4,1273,0.35041117668151855
3,368,5,954,0.23669475317001343
3,368,6,2397,0.21112430095672607
3,368,7,1015,0.15781527757644653
3,368,8,1881,0.1428837776184082
3,368,9,727,0.13649806380271912
3,368,10,2988,-0.0022837063297629356
3,369,1,1347,6.2386040687561035
3,369,2,477,6.176109790802002
3,369,3,2888,5.357629776000977
3,369,4,742,0.7078361511230469
3,369,5,1255,-0.5290482640266418
3,369,6,2668,-0.6353840231895447
3,369,7,1424,-0.8340749144554138
3,369,8,1146,-1.1937289237976074
3,370,1,1606,5.9954304695129395
3,370,2,2739,5.911140441894531
3,370,3,1108,5.310435771942139
3,370,4,2028,0.16582530736923218
3,370,5,108,-0.25111332535743713
3,370,6,1260,-0.4295949935913086
3,371,1,2321,5.153347015380859
3,371,2,1108,5.017385959625244
3,371,3,918,4.572898864746094
3,371,4,1811,0.8072572350502014
3,371,5,1692,0.12799213826656342
3,371,6,2876,-0.06006813049316406
3,371,7,2502,-0.15905416011810303
3,371,8,63,-0.2726588249206543
3,371,9,1341,-0.7448837161064148
3,371,10,1254,-0.763507604598999
3,372,1,272,6.70259952545166
3,372,2,1606,6.555458068847656
3,372,3,2321,5.965061664581299
3,372,4,430,0.33642804622650146
3,372,5,340,0.05555624142289162
3,372,6,1848,0.03747588396072388
3,372,7,795,-0.6001178026199341
3,372,8,2628,-0.9184337854385376
3,373,1,1606,5.923625469207764
3,373,2,1347,5.728124618530273
3,373,3,2687,3.9406986236572266
3,373,4,541,0.4474185109138489
3,373,5,148,0.055634111166000366
3,373,6,2274,-0.08336672186851501
3,373,7,1491,-0.1572476327419281
3,373,8,2363,-0.5575718879699707
3,373,9,310,-0.7259224653244019
3,373,10,2202,-0.8379610776901245
3,374,1,2321,5.677292823791504
3,374,2,2888,5.181822776794434
3,374,3,918,5.035662651062012
3,374,4,1494,0.732480525970459
3,374,5,1015,0.42308998107910156
3,374,6,221,0.2550688683986664
3,374,7,2666,-0.0072770738042891026
3,374,8,915,-0.21666458249092102
3,374,9,2323,-0.7237272262573242
3,374,10,1461,-0.9432669878005981
3,375,1,1678,6.29068660736084
3,375,2,2739,5.865114212036133
3,375,3,2321,5.413077354431152
3,375,4,1866,0.46420279145240784
3,375,5,416,0.39869195222854614
3,375,6,44,0.10618740320205688
3,375,7,524,0.00691557303071022
3,375,8,1496,-0.015367627143859863
3,375,9,2665,-0.2244197428226471
3,375,10,2447,-0.6853511333465576
3,378,1,1606,5.434240341186523
3,378,2,477,5.201330661773682
3,378,3,2888,4.512365341186523
3,378,4,2345,0.26368072628974915
3,378,5,2529,0.20812305808067322
3,378,6,1718,0.05246290564537048
3,378,7,1159,0.02457129955291748
3,378,8,2655,0.006390423513948917
3,378,9,2095,-0.15432286262512207
3,378,10,1742,-0.2460205852985382
3,379,1,1678,6.828744888305664
3,379,2,2321,5.875998497009277
3,379,3,918,5.212109565734863
3,379,4,186,0.7877810001373291
3,379,5,1831,0.38742831349372864
3,379,6,194,0.29767388105392456
3,379,7,2408,0.10524134337902069
3,379,8,1939,0.03151556849479675
3,379,9,889,0.003608075901865959
3,379,10,2161,-0.36089107394218445
3,380,1,2739,6.434319496154785
3,380,2,477,6.247633457183838
3,380,3,2441,5.868940353393555
3,380,4,742,0.7593267560005188
3,380,5,2235,0.27382147312164307
3,380,6,1926,0.04085700213909149
3,380,7,2659,-0.5048481822013855
3,380,8,2395,-0.808655858039856
3,380,9,1730,-0.9557533264160156
3,381,1,2739,5.143172740936279
3,381,2,2441,4.691967964172363
3,381,3,918,4.211446762084961
3,381,4,2811,0.009747675620019436
3,381,5,889,-3.513973206281662e-05
3,381,6,137,-0.2406066358089447
3,381,7,2659,-0.39743590354919434
3,381,8,599,-0.9237306118011475
3,381,9,1737,-1.008798599243164
3,383,1,272,6.527695655822754
3,383,2,1347,6.172538757324219
3,383,3,918,5.15319299697876
3,383,4,2750,0.845917820930481
3,383,5,2721,0.6145495772361755
3,383,6,584,0.541603684425354
3,383,7,2028,0.18971773982048035
3,383,8,1369,0.007840245962142944
3,383,9,2666,-0.00616409070789814
3,383,10,972,-0.44295573234558105
3,384,1,1678,5.690891742706299
3,384,2,1826,5.328395843505859
3,384,3,477,5.150692939758301
3,384,4,1304,0.2683948278427124
3,384,5,1644,0.24923010170459747
3,384,6,1913,0.1907377541065216
3,384,7,2488,-0.13832858204841614
3,384,8,2668,-0.5493951439857483
3,384,9,122,-0.5712904334068298
3,384,10,285,-0.5866062641143799
3,385,1,2464,5.808396339416504
3,385,2,272,5.577600479125977
3,385,3,477,5.22138786315918
3,385,4,264,0.6892523169517517
3,385,5,1346,0.2870253324508667
3,385,6,112,0.14677852392196655
3,385,7,385,0.13734281063079834
3,385,8,2542,0.0035357438027858734
3,385,9,1275,-0.05188033729791641
3,385,10,1362,-0.6229617595672607
3,386,1,1398,6.153745651245117
3,386,2,2464,6.083299160003662
3,386,3,2888,4.743974685668945
3,386,4,2974,1.040924072265625
3,386,5,2294,0.16385360062122345
3,386,6,2988,0.03485947474837303
3,386,7,231,0.0029875366017222404
3,386,8,2937,-0.2406868040561676
3,386,9,1502,-0.9918935298919678
3,387,1,2464,6.081234931945801
3,387,2,1678,6.040528297424316
3,387,3,918,4.609192848205566
3,387,4,294,0.5151981115341187
3,387,5,1045,0.49656012654304504
3,387,6,39,0.47994959354400635
3,387,7,177,-0.04948943853378296
3,387,8,3016,-0.157060444355011
3,387,9,2067,-0.6497171521186829
3,387,10,2302,-0.7339730262756348
3,388,1,1826,5.80202579498291
3,388,2,477,5.607208251953125
3,388,3,2441,5.269425392150879
3,388,4,563,0.7776525616645813
3,388,5,1232,0.2704143524169922
3,388,6,1966,0.20137697458267212
3,388,7,692,0.1689741611480713
3,388,8,1750,0.039732009172439575
3,388,9,2622,-0.2607822120189667
3,388,10,20,-0.31992530822753906
3,391,1,1606,5.9208984375
3,391,2,1347,5.72529411315918
3,391,3,1108,5.2440409660339355
3,391,4,1869,0.12799829244613647
3,391,5,1738,0.027450501918792725
3,391,6,1567,-0.15055009722709656
3,391,7,2484,-0.5072142481803894
3,391,8,1354,-0.7382760047912598
3,391,9,1521,-0.9063584208488464
3,392,1,641,5.930334091186523
3,392,2,2558,5.918755054473877
3,392,3,2490,4.998165130615234
3,392,4,1109,1.5133851766586304
3,392,5,792,0.8845893740653992
3,392,6,1871,0.6285531520843506
3,392,7,1525,0.545778214931488
3,392,8,1946,0.4820479154586792
3,392,9,539,-0.42929965257644653
3,392,10,2789,-1.2564752101898193
3,395,1,716,5.819854259490967
3,395,2,1102,5.761788368225098
3,395,3,2452,3.919478416442871
3,395,4,2700,0.955501139163971
3,395,5,2157,0.9084472060203552
3,395,6,576,0.6474738717079163
3,395,7,1657,0.6192346811294556
3,395,8,637,0.052980899810791016
3,395,9,1014,0.01597205549478531
3,395,10,1346,-0.8935259580612183
3,396,1,2082,5.576350212097168
3,396,2,2607,5.52836799621582
3,396,3,2452,3.7563724517822266
3,396,4,957,1.2042348384857178
3,396,5,502,0.9222595691680908
3,396,6,2502,0.41376620531082153
3,396,7,765,0.012262847274541855
3,396,8,861,-0.7377325296401978
3,396,9,1738,-1.3371498584747314
3,396,10,3054,-1.74086332321167
3,397,1,1307,4.459715843200684
3,397,2,1301,4.3674092292785645
3,397,3,1999,4.2278594970703125
3,397,4,216,0.9423803687095642
3,397,5,2353,0.8542544841766357
3,397,6,2706,0.3440162241458893
3,397,7,1985,0.3167271018028259
3,397,8,1247,0.10338780283927917
3,397,9,656,-0.37865525484085083
3,397,10,1681,-0.4164186418056488
3,398,1,206,5.30089807510376
3,398,2,2643,4.632623672485352
3,398,3,2752,3.633300304412842
3,398,4,2742,0.6826218366622925
3,398,5,1398,0.5271145105361938
3,398,6,2107,0.4550882577896118
3,398,7,742,0.039954572916030884
3,398,8,996,-0.025792313739657402
3,398,9,447,-0.1509016752243042
3,398,10,1823,-0.36406829953193665
3,399,1,2568,5.408664703369141
3,399,2,2830,4.8042449951171875
3,399,3,1999,4.504573822021484
3,399,4,2609,0.4044228494167328
3,399,5,827,0.01668054610490799
3,399,6,788,-0.38328585028648376
3,399,7,1278,-0.47871071100234985
3,399,8,2895,-0.6081846952438354
3,399,9,230,-0.7115694880485535
3,400,1,1379,5.119138717651367
3,400,2,1307,4.40025520324707
3,400,3,1034,0.5997178554534912
3,400,4,826,0.14744096994400024
3,400,5,317,0.02766469120979309
3,400,6,1449,-0.06591573357582092
3,400,7,859,-0.18800915777683258
3,400,8,982,-0.4902353286743164
3,400,9,14,-0.6478825807571411
3,401,1,2104,5.531307697296143
3,401,2,2599,5.420635223388672
3,401,3,2359,0.9164483547210693
3,401,4,2666,0.03991229832172394
3,401,5,793,-0.2124587744474411
3,401,6,189,-0.8034130334854126
3,403,1,1307,4.728296279907227
3,403,2,609,4.698368549346924
3,403,3,2830,4.291845321655273
3,403,4,2817,2.001068115234375
3,403,5,853,0.02821800298988819
3,403,6,1769,0.0007512122392654419
3,403,7,2090,-0.2501949071884155
3,403,8,1487,-0.39653250575065613
3,403,9,2514,-0.511764645576477
3,403,10,2259,-0.6801796555519104
3,404,1,1379,4.59608268737793
3,404,2,609,4.092262268066406
3,404,3,2758,3.9155328273773193
3,404,4,2042,0.35669785737991333
3,404,5,301,0.3258897066116333
3,404,6,368,0.01757461577653885
3,404,7,44,0.010759525001049042
3,404,8,1569,-0.04605734348297119
3,404,9,2525,-0.5827466249465942
3,404,10,2956,-0.742598295211792
3,405,1,2235,5.627508640289307
3,405,2,2080,5.565258502960205
3,405,3,2481,0.8550135493278503
3,405,4,1100,0.27315664291381836
3,405,5,40,0.2656780481338501
3,405,6,64,0.1275336593389511
3,405,7,975,0.015323910862207413
3,405,8,2035,0.00946781039237976
3,405,9,224,0.0069155339151620865
3,405,10,1708,-0.6022180914878845
3,406,1,206,5.580322265625
3,406,2,2568,5.573600769042969
3,406,3,1301,4.135748863220215
3,406,4,339,-0.02118982933461666
3,406,5,364,-0.12598851323127747
3,406,6,1875,-0.41056758165359497
3,406,7,2868,-0.5603511929512024
3,406,8,2514,-0.9073030352592468
3,406,9,1400,-1.3336596488952637
3,407,1,527,6.633499622344971
3,407,2,2080,6.002371788024902
3,407,3,275,5.7242560386657715
3,407,4,1495,1.3567531108856201
3,407,5,2253,0.4076825976371765
3,407,6,1104,0.03768119215965271
3,407,7,362,0.013121436350047588
3,407,8,612,-0.23241251707077026
3,407,9,738,-0.2948424816131592
3,407,10,22,-0.3946499228477478
3,408,1,475,6.099535942077637
3,408,2,275,5.4351630210876465
3,408,3,2504,5.072297096252441
3,408,4,184,0.5416082739830017
3,408,5,899,0.28612789511680603
3,408,6,1809,0.03188532590866089
3,408,7,2674,0.0019473240245133638
3,408,8,843,-0.8953664302825928
3,409,1,103,4.303419589996338
3,409,2,2643,4.062219619750977
3,409,3,2188,3.855722427368164
3,409,4,2480,-0.0681188553571701
3,409,5,137,-0.07926370203495026
3,409,6,2686,-0.2112373411655426
3,409,7,1437,-0.43058282136917114
3,409,8,716,-0.5248212814331055
3,409,9,295,-0.6439202427864075
3,410,1,521,5.434613227844238
3,410,2,261,5.0848188400268555
3,410,3,1333,4.974330425262451
3,410,4,2192,0.30153244733810425
3,410,5,2441,0.03723791241645813
3,410,6,1600,-0.28919517993927
3,410,7,2167,-0.30797290802001953
3,410,8,1964,-0.33338677883148193
3,410,9,1836,-0.9565401673316956
3,410,10,2583,-0.9714405536651611
3,411,1,2397,6.206107139587402
3,411,2,2423,6.177797317504883
3,411,3,1408,5.624398708343506
3,411,4,1502,0.4537245035171509
3,411,5,1758,-0.0021738605573773384
3,411,6,1427,-0.22066006064414978
3,411,7,1728,-0.26959115266799927
3,411,8,2100,-0.2744373083114624
3,411,9,1945,-0.7516077160835266
3,412,1,1878,6.532160758972168
3,412,2,2488,5.704508304595947
3,412,3,774,5.278556823730469
3,412,4,1840,0.26362404227256775
3,412,5,2754,0.23411577939987183
3,412,6,1335,0.20763620734214783
3,412,7,2104,-0.32359474897384644
3,412,8,2296,-0.6620104312896729
3,412,9,2914,-1.4299864768981934
3,413,1,493,6.8416337966918945
3,413,2,539,6.34024715423584
3,413,3,2906,5.460214138031006
3,413,4,354,1.035055160522461
3,413,5,890,0.04890123009681702
3,413,6,1047,0.04077362269163132
3,413,7,1802,-0.04543100297451019
3,413,8,759,-0.2785291075706482
3,413,9,2599,-0.4073978066444397
3,413,10,1055,-0.6002813577651978
3,414,1,1408,5.080694198608398
3,414,2,774,4.699265003204346
3,414,3,3017,4.517908096313477
3,414,4,1805,0.17140743136405945
3,414,5,105,-0.13934257626533508
3,414,6,40,-0.20486223697662354
3,414,7,2200,-0.20710641145706177
3,414,8,1837,-0.5218400359153748
3,415,1,2183,6.440045356750488
3,415,2,201,6.391783714294434
3,415,3,3010,4.045805931091309
3,415,4,2923,0.46861279010772705
3,415,5,1437,0.24965235590934753
3,415,6,786,0.09268738329410553
3,415,7,169,0.09192049503326416
3,415,8,30,-0.2468090057373047
3,415,9,49,-0.4940243363380432
3,415,10,3037,-0.6249783039093018
3,416,1,2205,4.234166145324707
3,416,2,2725,3.5492866039276123
3,416,3,3073,2.445610523223877
3,416,4,2,0.8309375047683716
3,416,5,3084,0.7091672420501709
3,416,6,2026,-0.021472081542015076
3,416,7,257,-0.39160653948783875
3,416,8,601,-1.4689830541610718
3,417,1,2721,5.288935661315918
3,417,2,2911,4.938462257385254
3,417,3,2496,3.5870652198791504
3,417,4,1899,3.057558536529541
3,417,5,707,0.30749452114105225
3,417,6,510,0.21580368280410767
3,417,7,65,-0.4535638093948364
3,417,8,2743,-1.0881431102752686
3,418,1,755,3.1634156703948975
3,418,2,576,2.9128305912017822
3,418,3,1328,0.8122202157974243
3,418,4,2047,0.06086893752217293
3,418,5,996,0.04317212477326393
3,418,6,2256,-0.08620244264602661
3,418,7,2287,-0.253603994846344
3,418,8,1513,-0.49551859498023987
3,418,9,482,-0.5669859647750854
3,418,10,739,-1.120121717453003
3,419,1,3019,5.068356513977051
3,419,2,1884,3.6777405738830566
3,419,3,3010,3.5886592864990234
3,419,4,2595,0.027551740407943726
3,419,5,1612,-0.16677242517471313
3,419,6,1304,-0.20890721678733826
3,419,7,1600,-0.5871422290802002
3,419,8,982,-0.9295812845230103
3,420,1,704,4.962070465087891
3,420,2,1884,4.103944301605225
3,420,3,3010,4.008038520812988
3,420,4,524,0.046136293560266495
3,420,5,1379,-0.15334340929985046
3,420,6,2705,-0.473940372467041
3,420,7,1112,-0.5014501810073853
3,420,8,1726,-0.7498167157173157
3,420,9,1246,-0.9886977076530457
3,421,1,293,3.6499741077423096
3,421,2,2018,2.3267931938171387
3,421,3,2869,0.21705269813537598
3,421,4,360,0.04729119688272476
3,421,5,1999,-0.06078137457370758
3,421,6,1793,-0.22750824689865112
3,421,7,1028,-0.7325935363769531
3,421,8,2170,-0.8168720006942749
3,421,9,1710,-1.2573683261871338
3,422,1,1196,6.56199836730957
3,422,2,2028,5.800635814666748
3,422,3,3010,4.161123275756836
3,422,4,2576,0.7458286285400391
3,422,5,769,0.0706615149974823
3,422,6,2046,-0.015933029353618622
3,422,7,2482,-0.18299651145935059
3,422,8,1558,-0.31486988067626953
3,422,9,2045,-0.41094130277633667
3,422,10,2061,-0.6780651807785034
3,423,1,1791,5.556259632110596
3,423,2,2028,4.956872940063477
3,423,3,704,4.397308349609375
3,423,4,1400,0.17333725094795227
3,423,5,1203,0.11644262075424194
3,423,6,346,-0.2122064232826233
3,423,7,2695,-0.2899894118309021
3,423,8,512,-0.4702216386795044
3,423,9,736,-1.0047913789749146
3,423,10,1946,-1.3326750993728638
3,424,1,1517,5.700592994689941
3,424,2,826,5.200162410736084
3,424,3,1618,4.071506977081299
3,424,4,3073,3.268848419189453
3,424,5,2757,0.02511850744485855
3,424,6,1409,0.0008772909641265869
3,424,7,250,-0.5211172103881836
3,424,8,1246,-0.9793050289154053
3,424,9,699,-1.0706121921539307
3,425,1,2700,5.289453506469727
3,425,2,2790,4.867987632751465
3,425,3,1018,3.7350997924804688
3,425,4,398,0.5082577466964722
3,425,5,248,0.29095762968063354
3,425,6,1592,0.19218313694000244
3,425,7,2047,0.05299830809235573
3,425,8,319,0.028542710468173027
3,425,9,1754,-0.08934147655963898
3,425,10,1190,-0.2843797206878662
3,426,1,566,6.833702564239502
3,426,2,826,5.5781331062316895
3,426,3,742,5.079982757568359
3,426,4,2272,4.274407386779785
3,426,5,3084,1.2670382261276245
3,426,6,2256,0.6068307757377625
3,426,7,2365,0.2420440912246704
3,426,8,330,0.05056428909301758
3,426,9,2590,-0.009246379137039185
3,426,10,1255,-0.881193995475769
3,427,1,538,5.833675384521484
3,427,2,621,4.639954566955566
3,427,3,1899,3.1444482803344727
3,427,4,2785,1.0368289947509766
3,427,5,1063,0.47086024284362793
3,427,6,1496,-0.0829087346792221
3,427,7,2367,-1.2295712232589722
3,428,1,2272,3.831484317779541
3,428,2,2609,3.7975854873657227
3,428,3,1618,3.795407772064209
3,428,4,1080,-0.53322833776474
3,428,5,2074,-0.7291915416717529
3,428,6,2014,-0.7812749743461609
3,428,7,1442,-1.1502578258514404
3,429,1,2272,3.871840238571167
3,429,2,1618,3.8363184928894043
3,429,3,2609,3.8287789821624756
3,429,4,998,0.751986563205719
3,429,5,507,0.641777753829956
3,429,6,852,-0.19263538718223572
3,429,7,1341,-0.8376411199569702
3,429,8,1979,-1.2566763162612915
3,429,9,1300,-1.8296329975128174
3,430,1,2272,3.818739175796509
3,430,2,2609,3.7837162017822266
3,430,3,1618,3.7810850143432617
3,430,4,1102,0.7419055104255676
3,430,5,418,0.39938414096832275
3,430,6,2830,0.13793106377124786
3,430,7,1745,-0.00022469833493232727
3,430,8,795,-0.24572136998176575
3,430,9,2990,-0.2904631495475769
3,430,10,692,-0.3631611764431
3,435,1,621,4.134458541870117
3,435,2,1029,4.087264537811279
3,435,3,2496,3.036093235015869
3,435,4,1653,0.11266126483678818
3,435,5,1270,0.0369437150657177
3,435,6,1758,0.030877210199832916
3,435,7,2294,-0.11973968148231506
3,435,8,484,-0.555353581905365
3,435,9,1558,-0.7182788252830505
3,435,10,2621,-1.0892655849456787
3,436,1,264,6.7581892013549805
3,436,2,670,6.664945602416992
3,436,3,1029,5.472622871398926
3,436,4,717,0.7886677980422974
3,436,5,698,0.13873130083084106
3,436,6,338,0.007146917283535004
3,436,7,1688,-0.2237403690814972
3,436,8,1754,-0.4431811273097992
3,436,9,289,-0.45106440782546997
3,436,10,2997,-0.5508723258972168
3,437,1,1029,5.269347190856934
3,437,2,624,4.68691349029541
3,437,3,2496,3.9781739711761475
3,437,4,2566,3.643460273742676
3,437,5,1674,1.6644216775894165
3,437,6,2514,0.6056618690490723
3,437,7,1725,-0.7859885692596436
3,437,8,1558,-0.9410561323165894
3,437,9,415,-1.5437986850738525
3,438,1,585,5.570127487182617
3,438,2,2700,5.0977373123168945
3,438,3,621,5.074060440063477
3,438,4,1587,1.2845877408981323
3,438,5,1992,0.27941814064979553
3,438,6,2866,0.022206183522939682
3,438,7,1208,-0.3852168321609497
3,439,1,1040,5.377346038818359
3,439,2,2205,4.7131853103637695
3,439,3,1749,3.614218235015869
3,439,4,665,1.0117366313934326
3,439,5,2704,0.9131982326507568
3,439,6,97,-0.13287174701690674
3,439,7,556,-0.7754051685333252
3,439,8,2727,-1.036586880683899
3,439,9,980,-1.1948707103729248
3,440,1,2851,5.627701759338379
3,440,2,2725,4.243742942810059
3,440,3,876,4.140511989593506
3,440,4,1386,3.0237667560577393
3,440,5,2257,0.4514530599117279
3,440,6,893,-0.02571868523955345
3,440,7,1725,-0.5389764308929443
3,440,8,310,-0.660628080368042
3,440,9,1295,-0.7979207038879395
3,440,10,2660,-1.267686128616333
3,441,1,1579,7.273431777954102
3,441,2,2205,5.580745697021484
3,441,3,2725,4.514303207397461
3,441,4,264,4.249927520751953
3,441,5,471,1.374502420425415
3,441,6,2488,0.7249012589454651
3,441,7,380,0.04893321171402931
3,441,8,2283,-0.20788276195526123
3,441,9,295,-0.23990195989608765
3,441,10,2560,-0.46621155738830566
3,442,1,1467,5.207182884216309
3,442,2,876,3.2397964000701904
3,442,3,1749,3.2176342010498047
3,442,4,2322,0.1653600037097931
3,442,5,1925,0.04869404062628746
3,442,6,2846,-0.03945167362689972
3,442,7,2576,-0.2845487594604492
3,442,8,105,-0.69050133228302
3,442,9,2061,-0.7765364646911621
3,442,10,2328,-0.7956641912460327
3,443,1,2566,5.550136566162109
3,443,2,2018,4.936236381530762
3,443,3,1590,4.057264804840088
3,443,4,196,0.45527735352516174
3,443,5,2161,-1.0442440509796143
3,443,6,3009,-1.3505218029022217
3,444,1,1258,5.001418113708496
3,444,2,58,4.283834457397461
3,444,3,2173,3.0343189239501953
3,444,4,1517,1.6149590015411377
3,444,5,2270,0.8316093683242798
3,444,6,2846,0.0022989409044384956
3,444,7,221,-0.1349862813949585
3,444,8,1594,-0.4830555021762848
3,444,9,2793,-0.8717702627182007
3,444,10,105,-1.1687490940093994
3,445,1,513,6.185417175292969
3,445,2,2173,3.777536153793335
3,445,3,1469,3.766383171081543
3,445,4,833,2.7516167163848877
3,445,5,78,-0.728285014629364
3,445,6,2355,-0.8383580446243286
3,445,7,1295,-1.140095829963684
3,445,8,1487,-1.2212551832199097
3,446,1,58,5.230945110321045
3,446,2,1957,3.754660129547119
3,446,3,2173,3.6895909309387207
3,446,4,2136,0.6274009943008423
3,446,5,2686,0.4515613615512848
3,446,6,671,-0.3643540143966675
3,446,7,1078,-1.3309223651885986
3,448,1,2912,6.839895248413086
3,448,2,394,5.986941337585449
3,448,3,1603,4.879671573638916
3,448,4,365,0.052028484642505646
3,448,5,253,0.044712215662002563
3,448,6,827,0.03526974469423294
3,448,7,13,0.009296353906393051
3,448,8,1644,-0.0044623613357543945
3,448,9,613,-1.2812480926513672
3,448,10,1358,-1.3505406379699707
3,449,1,507,5.255093574523926
3,449,2,672,4.358041286468506
3,449,3,1009,3.907771110534668
3,449,4,1277,0.9407659769058228
3,449,5,1975,-0.039525650441646576
3,449,6,1121,-0.06931102275848389
3,449,7,1339,-0.24253715574741364
3,449,8,861,-0.5325171947479248
3,449,9,2897,-0.7079145312309265
3,449,10,2546,-0.8591728210449219
3,450,1,301,5.813121795654297
3,450,2,173,5.3711323738098145
3,450,3,2814,4.236710548400879
3,450,4,1301,0.40029284358024597
3,450,5,186,0.1494041085243225
3,450,6,1627,0.03645128011703491
3,450,7,524,0.007233686279505491
3,450,8,1869,-0.41294750571250916
3,450,9,544,-1.3623895645141602
3,451,1,507,5.947447776794434
3,451,2,672,4.926236152648926
3,451,3,2814,4.4484968185424805
3,451,4,1435,0.5627537369728088
3,451,5,2042,0.391048789024353
3,451,6,174,0.36670324206352234
3,451,7,278,0.33390772342681885
3,451,8,1728,0.21964478492736816
3,451,9,1615,-0.10279008746147156
3,451,10,1491,-0.6855590343475342
3,452,1,672,4.76432991027832
3,452,2,2814,4.307568073272705
3,452,3,1009,4.276608467102051
3,452,4,390,0.38172048330307007
3,452,5,2914,-0.17886757850646973
3,452,6,294,-0.2612020671367645
3,452,7,155,-0.48416373133659363
3,452,8,129,-0.7934035658836365
3,452,9,1744,-1.0530884265899658
3,452,10,402,-1.5171558856964111
3,453,1,665,4.602227687835693
3,453,2,2704,4.187611103057861
3,453,3,1718,3.854649066925049
3,453,4,1198,0.568598747253418
3,453,5,1303,0.038088761270046234
3,453,6,143,0.01629704236984253
3,453,7,288,0.014906627126038074
3,453,8,2303,-0.015368074178695679
3,453,9,2590,-0.2852879464626312
3,453,10,2045,-0.3532494008541107
3,455,1,1587,6.6001176834106445
3,455,2,1048,6.097160339355469
3,455,3,173,5.970670700073242
3,455,4,949,3.6945583820343018
3,455,5,2672,0.17454591393470764
3,455,6,148,0.0913066416978836
3,455,7,1920,0.0758940577507019
3,455,8,772,0.034452956169843674
3,455,9,1109,-0.03887420892715454
3,456,1,2615,6.68178653717041
3,456,2,2704,5.768022060394287
3,456,3,1718,5.311078071594238
3,456,4,754,0.3221267759799957
3,456,5,1251,-0.9218161702156067
3,457,1,2210,5.413054466247559
3,457,2,157,0.037586696445941925
3,457,3,3079,0.019307579845190048
3,457,4,1265,0.0037026256322860718
3,457,5,893,-0.01764637790620327
3,457,6,1161,-0.3247678279876709
3,458,1,2391,5.785458087921143
3,458,2,173,5.3825531005859375
3,458,3,672,4.719995021820068
3,458,4,2851,1.0123755931854248
3,458,5,1116,0.7234336137771606
3,458,6,308,-0.02752821147441864
3,458,7,2870,-0.5192279815673828
3,459,1,863,6.738163948059082
3,459,2,1832,5.988856315612793
3,459,3,3084,4.008685111999512
3,459,4,538,2.3300247192382812
3,459,5,1742,1.476421594619751
3,459,6,3059,0.4105204939842224
3,459,7,249,0.1716955602169037
3,459,8,157,0.023456869646906853
3,460,1,444,4.897641181945801
3,460,2,1260,3.6885201930999756
3,460,3,2493,3.629441261291504
3,460,4,2971,1.8029520511627197
3,460,5,1040,0.8139702081680298
3,460,6,984,0.7312663793563843
3,460,7,2558,0.6586599349975586
3,460,8,1346,0.45721569657325745
3,460,9,176,0.2863091826438904
3,460,10,3048,-0.7096617221832275
3,461,1,1723,6.096731185913086
3,461,2,444,4.987478256225586
3,461,3,1157,4.609345436096191
3,461,4,1016,0.4361768960952759
3,461,5,1592,0.4256465435028076
3,461,6,2876,0.30448901653289795
3,461,7,2554,-0.05655844509601593
3,461,8,49,-0.9740645885467529
3,462,1,1153,6.438377380371094
3,462,2,444,5.314418792724609
3,462,3,754,0.8531432747840881
3,462,4,1738,0.4905117154121399
3,462,5,2894,0.11953461170196533
3,462,6,2792,0.0518428236246109
3,462,7,318,0.04358768090605736
3,462,8,495,0.030471771955490112
3,462,9,2044,0.0046211127191782
3,462,10,860,-0.0036732852458953857
3,463,1,1153,4.8659868240356445
3,463,2,1157,3.7181482315063477
3,463,3,1189,0.3782353103160858
3,463,4,2107,0.15222333371639252
3,463,5,544,0.09738656878471375
3,463,6,730,0.07848550379276276
3,463,7,1801,0.0552254319190979
3,463,8,2044,0.001011948101222515
3,465,1,2157,6.190518379211426
3,465,2,285,0.31751030683517456
3,465,3,1758,0.07493243366479874
3,465,4,2543,0.06843680888414383
3,465,5,765,0.04244115576148033
3,465,6,366,0.02733602374792099
3,465,7,2804,-0.2877608835697174
3,465,8,455,-0.5920846462249756
3,465,9,1388,-1.9552503824234009
3,465,10,1340,-2.176253318786621
3,467,1,2355,5.621103286743164
3,467,2,668,5.58051061630249
3,467,3,905,4.831196308135986
3,467,4,1251,0.37196001410484314
3,467,5,2672,0.34985923767089844
3,467,6,275,-0.5453146696090698
3,467,7,484,-1.0152537822723389
3,468,1,575,5.542924404144287
3,468,2,2031,3.7035889625549316
3,468,3,2464,1.0613553524017334
3,468,4,1985,0.9384641051292419
3,468,5,2099,0.5558096170425415
3,468,6,2846,0.002198656788095832
3,468,7,476,-0.3069504201412201
3,468,8,581,-1.0980031490325928
3,469,1,554,5.856919765472412
3,469,2,1354,5.801121711730957
3,469,3,1723,5.339075088500977
3,469,4,1992,0.9140485525131226
3,469,5,876,0.47248220443725586
3,469,6,2257,0.13715767860412598
3,469,7,357,0.008592396974563599
3,469,8,397,-0.30747121572494507
3,469,9,2111,-0.37667950987815857
3,469,10,2095,-1.0557814836502075
3,470,1,2862,5.545043468475342
3,470,2,1476,5.540218353271484
3,470,3,198,0.19980975985527039
3,470,4,347,0.10043066740036011
3,470,5,2776,0.050189219415187836
3,470,6,2846,0.002759909722954035
3,470,7,740,-0.1711633801460266
3,470,8,1541,-0.39310741424560547
3,471,1,2256,6.47806453704834
3,471,2,1248,5.531401634216309
3,471,3,1447,4.880478382110596
3,471,4,524,0.044790588319301605
3,471,5,1868,-0.04746473580598831
3,471,6,2488,-0.28472334146499634
3,471,7,31,-0.5891440510749817
3,471,8,2750,-0.7034892439842224
3,471,9,1365,-0.7324692010879517
3,472,1,707,5.415968894958496
3,472,2,1248,5.3650803565979
3,472,3,2048,4.211871147155762
3,472,4,1613,0.5227406024932861
3,472,5,2157,0.01128549873828888
3,472,6,1878,-0.30171769857406616
3,472,7,692,-0.41440290212631226
3,472,8,1494,-0.6446887254714966
3,474,1,1829,5.932432651519775
3,474,2,1531,4.73265266418457
3,474,3,229,3.7567055225372314
3,474,4,2758,0.400544673204422
3,474,5,1725,0.12545335292816162
3,474,6,1535,0.02759973704814911
3,474,7,2868,-0.5564415454864502
3,475,1,1063,6.08333683013916
3,475,2,1698,5.502166748046875
3,475,3,1447,4.526908874511719
3,475,4,2772,0.504868745803833
3,475,5,860,0.06900298595428467
3,475,6,2264,0.06784245371818542
3,475,7,2044,0.02407548762857914
3,475,8,1535,0.012206897139549255
3,475,9,1456,-0.09676896780729294
3,475,10,480,-0.3739057183265686
3,476,1,2432,7.399102687835693
3,476,2,1531,5.929410934448242
3,476,3,1447,5.201816558837891
3,476,4,754,0.6764424443244934
3,476,5,354,0.14371690154075623
3,476,6,2209,-0.04250028729438782
3,476,7,2997,-0.13462769985198975
3,476,8,2814,-0.3202047348022461
3,476,9,984,-0.48721015453338623
3,476,10,906,-0.49380403757095337
3,477,1,1698,5.449392318725586
3,477,2,2019,5.028833389282227
3,477,3,1447,4.483213424682617
3,477,4,2493,0.8268812894821167
3,477,5,535,0.42131298780441284
3,477,6,1417,0.27231988310813904
3,477,7,864,0.22616103291511536
3,477,8,1342,0.21172046661376953
3,477,9,1836,0.19561046361923218
3,477,10,2352,-0.2733529210090637
3,478,1,1698,7.472306728363037
3,478,2,707,7.02028751373291
3,478,3,1248,6.98001766204834
3,478,4,1307,0.6043241024017334
3,478,5,1146,0.013616561889648438
3,478,6,1521,-0.12505263090133667
3,478,7,1730,-0.30420538783073425
3,478,8,2897,-0.6468479633331299
3,478,9,1424,-0.7906324863433838
3,479,1,306,5.296338081359863
3,479,2,1613,4.1645402908325195
3,479,3,2161,0.6956357955932617
3,479,4,185,0.6511984467506409
3,479,5,855,0.0495314784348011
3,479,6,231,0.047615427523851395
3,479,7,1270,0.03909172862768173
3,479,8,772,-0.0016048979014158249
3,479,9,2264,-0.006979726254940033
3,479,10,1751,-0.029566824436187744
3,480,1,1063,7.326872825622559
3,480,2,229,4.938442707061768
3,480,3,2048,4.867797374725342
3,480,4,3048,0.619842529296875
3,480,5,1945,0.5588635206222534
3,480,6,2851,0.43112480640411377
3,480,7,1875,0.24226471781730652
3,480,8,1962,0.17786675691604614
3,480,9,343,0.07268180698156357
3,480,10,319,0.005895657930523157
3,481,1,479,4.384401321411133
3,481,2,1109,4.378800392150879
3,481,3,971,3.7145657539367676
3,481,4,2243,0.5821126699447632
3,481,5,2106,0.42855125665664673
3,481,6,2196,0.3477846384048462
3,481,7,2677,0.03330782428383827
3,481,8,2299,-0.23088188469409943
3,481,9,2974,-0.4158124327659607
3,481,10,1335,-0.5778638124465942
3,483,1,306,4.904548168182373
3,483,2,81,4.715555191040039
3,483,3,93,0.08902910351753235
3,483,4,1270,0.01891176775097847
3,483,5,319,0.008981077931821346
3,483,6,184,-0.6552420258522034
3,483,7,1113,-0.671385645866394
3,483,8,3032,-0.7730772495269775
3,483,9,2293,-1.2058249711990356
3,483,10,97,-1.2468557357788086
3,484,1,306,4.959717750549316
3,484,2,81,4.767553329467773
3,484,3,2104,1.5239129066467285
3,484,4,974,0.31447750329971313
3,484,5,1270,0.018795672804117203
3,484,6,1007,-0.2533135414123535
3,484,7,2429,-0.5627221465110779
3,484,8,2313,-0.666180431842804
3,484,9,60,-1.844833254814148
3,485,1,1547,5.552855491638184
3,485,2,520,4.337007522583008
3,485,3,670,0.8008400797843933
3,485,4,535,0.5326366424560547
3,485,5,1275,0.2101592719554901
3,485,6,1665,0.05406370759010315
3,485,7,1270,0.021814003586769104
3,485,8,1833,-0.3416997492313385
3,485,9,1587,-0.42210233211517334
3,486,1,1001,5.353257179260254
3,486,2,294,4.850186347961426
3,486,3,1613,4.2398905754089355
3,486,4,203,0.9058107137680054
3,486,5,859,0.6660372614860535
3,486,6,538,0.48082831501960754
3,486,7,2606,0.05675884708762169
3,486,8,889,0.01895202323794365
3,486,9,2442,-0.5346226692199707
3,486,10,397,-0.7275027632713318
3,487,1,1992,4.46427059173584
3,487,2,424,3.9516334533691406
3,487,3,1781,0.33676981925964355
3,487,4,3069,0.3241361081600189
3,487,5,1650,0.2707895040512085
3,487,6,1333,0.061461180448532104
3,487,7,2606,0.05153000354766846
3,487,8,1048,-0.08597439527511597
3,487,9,530,-0.18999427556991577
3,487,10,2163,-0.8180798292160034
3,491,1,1831,5.488840579986572
3,491,2,1836,4.761337757110596
3,491,3,1278,3.733159065246582
3,491,4,1500,0.7324797511100769
3,491,5,1109,0.548038125038147
3,491,6,1374,0.32673379778862
3,491,7,567,0.02950119972229004
3,491,8,1270,0.01304180733859539
3,491,9,3063,0.012171179056167603
3,491,10,2339,-0.02062593586742878
3,492,1,1682,6.337984085083008
3,492,2,1212,5.272130012512207
3,492,3,495,4.382112503051758
3,492,4,2743,0.7186688184738159
3,492,5,601,0.6901688575744629
3,492,6,2481,0.4753347635269165
3,492,7,2493,0.0701790452003479
3,492,8,366,-0.0020306792575865984
3,492,9,2363,-0.16224996745586395
3,492,10,2963,-0.8596966862678528
3,493,1,439,6.29435920715332
3,493,2,1836,5.414166450500488
3,493,3,495,4.288024425506592
3,493,4,2969,0.0024153441190719604
3,493,5,455,-0.10937851667404175
3,493,6,518,-0.17091104388237
3,493,7,3019,-0.1738404631614685
3,493,8,2408,-0.20972692966461182
3,493,9,644,-0.7105960249900818
3,493,10,293,-0.7214049100875854
3,494,1,1161,5.752370834350586
3,494,2,495,3.919316530227661
3,494,3,1278,3.849398612976074
3,494,4,2546,0.702311635017395
3,494,5,189,0.27567222714424133
3,494,6,1388,0.0409618616104126
3,494,7,987,-0.006957447621971369
3,494,8,2033,-0.22304511070251465
3,494,9,980,-0.2980497181415558
3,494,10,183,-0.4521421492099762
3,495,1,984,0.12837469577789307
3,495,2,2267,0.06250999867916107
3,495,3,682,0.03641276806592941
3,495,4,1303,0.026645150035619736
3,495,5,2866,-0.005629047751426697
3,495,6,1861,-0.04074147343635559
3,495,7,886,-0.2999131679534912
4,1,1,2780,1.3215243816375732
4,1,2,1785,0.7755248546600342
4,1,3,1738,0.277692973613739
4,1,4,424,0.03165405988693237
4,1,5,889,-0.06595687568187714
4,1,6,2363,-0.2121553272008896
4,2,1,736,2.645904064178467
4,2,2,205,1.0047318935394287
4,2,3,379,0.545288622379303
4,2,4,1062,0.5103241205215454
4,2,5,25,0.4775311350822449
4,2,6,996,-0.04053538292646408
4,2,7,40,-0.065056711435318
4,2,8,1970,-0.07251233607530594
4,2,9,1200,-0.335533082485199
4,2,10,22,-0.7655807733535767
4,3,1,1613,0.48788490891456604
4,3,2,1569,0.41679179668426514
4,3,3,1383,0.3800354599952698
4,3,4,1681,0.25592806935310364
4,3,5,2156,0.20250245928764343
4,3,6,534,-0.04066542536020279
4,3,7,2184,-0.045243293046951294
4,3,8,1197,-0.10985028743743896
4,3,9,675,-0.16364812850952148
4,3,10,132,-0.5619925260543823
4,4,1,484,1.5451977252960205
4,4,2,1250,1.5305927991867065
4,4,3,2901,1.513813853263855
4,4,4,861,1.1086671352386475
4,4,5,1490,0.3663903474807739
4,4,6,1435,0.10955280065536499
4,4,7,1816,0.09628191590309143
4,4,8,1769,-0.07290825992822647
4,4,9,306,-0.17732727527618408
4,4,10,1897,-0.2735539376735687
4,7,1,1461,2.253479480743408
4,7,2,1151,1.6505131721496582
4,7,3,1628,0.6949943900108337
4,7,4,2258,0.3648409843444824
4,7,5,1771,-0.024187494069337845
4,7,6,2046,-0.07083410024642944
4,7,7,2869,-0.18941691517829895
4,7,8,1161,-0.485781729221344
4,8,1,1176,2.2413082122802734
4,8,2,1821,1.1715532541275024
4,8,3,2839,0.6936299800872803
4,8,4,38,0.3858901262283325
4,8,5,2200,0.23753255605697632
4,8,6,2313,0.19560647010803223
4,8,7,1391,0.12122471630573273
4,8,8,3063,-0.14874699711799622
4,8,9,1028,-0.19153660535812378
4,8,10,1618,-0.38640356063842773
4,9,1,599,2.4345908164978027
4,9,2,2358,1.6156361103057861
4,9,3,1839,1.4603962898254395
4,9,4,136,1.4027938842773438
4,9,5,1415,0.7390395998954773
4,9,6,2668,0.32082849740982056
4,9,7,2674,-0.057698193937540054
4,9,8,1367,-0.5186700820922852
4,9,9,869,-0.6895374655723572
4,10,1,1442,1.8655519485473633
4,10,2,2738,1.6922669410705566
4,10,3,155,0.4830639958381653
4,10,4,1720,0.40507450699806213
4,10,5,1047,0.12224096059799194
4,10,6,1761,-0.015012428164482117
4,10,7,555,-0.12207609415054321
4,10,8,1376,-0.20799493789672852
4,10,9,394,-0.27599120140075684
4,10,10,510,-0.560724139213562
4,11,1,980,1.2153878211975098
4,11,2,1802,0.8840388059616089
4,11,3,235,0.8427175283432007
4,11,4,791,0.6554440855979919
4,11,5,2369,0.6153906583786011
4,11,6,1215,0.19553989171981812
4,11,7,1882,0.17302528023719788
4,11,8,3015,0.09658701717853546
4,11,9,1277,-0.22640463709831238
4,11,10,2578,-0.32060134410858154
4,12,1,1235,3.906924247741699
4,12,2,1252,0.9550557136535645
4,12,3,94,0.5990467071533203
4,12,4,1721,0.39181438088417053
4,12,5,239,-0.0033494150266051292
4,12,6,2955,-0.18133382499217987
4,12,7,2956,-0.5909281969070435
4,13,1,2127,2.0925822257995605
4,13,2,1839,1.758225917816162
4,13,3,210,0.5675434470176697
4,13,4,2787,0.4329051375389099
4,13,5,348,0.3818610906600952
4,13,6,1858,0.11094588041305542
4,13,7,2261,-0.020674794912338257
4,13,8,3068,-0.057403065264225006
4,13,9,2914,-0.0670865997672081
4,13,10,1767,-0.22624516487121582
4,14,1,1502,3.5820369720458984
4,14,2,1302,2.5726993083953857
4,14,3,2137,2.199998140335083
4,14,4,1594,1.6438010931015015
4,14,5,1279,1.0538763999938965
4,14,6,2649,0.21679562330245972
4,14,7,2025,-0.04423294588923454
4,14,8,855,-0.06435106694698334
4,14,9,2899,-0.21014462411403656
4,14,10,2464,-0.2976366877555847
4,15,1,2447,1.82444429397583
4,15,2,346,1.068420171737671
4,15,3,1197,0.7926138043403625
4,15,4,129,0.6421040296554565
4,15,5,2225,-0.04590041562914848
4,15,6,336,-0.07087916135787964
4,15,7,493,-0.1813739836215973
4,15,8,1999,-0.5288370847702026
4,15,9,1165,-0.5578199028968811
4,15,10,2961,-0.6748597621917725
4,16,1,60,1.7012438774108887
4,16,2,1247,1.0585848093032837
4,16,3,2259,0.9343290328979492
4,16,4,2604,0.6353495717048645
4,16,5,2313,0.6137109398841858
4,16,6,980,0.49171513319015503
4,16,7,2135,0.42707425355911255
4,16,8,235,0.023811623454093933
4,16,9,2025,-0.06670571118593216
4,16,10,853,-0.09573837369680405
4,17,1,1237,2.560725688934326
4,17,2,476,2.0600745677948
4,17,3,1720,1.5589358806610107
4,17,4,689,1.4093042612075806
4,17,5,2299,0.9015663862228394
4,17,6,2144,0.5760921835899353
4,17,7,1495,0.5093456506729126
4,17,8,1044,0.4333879351615906
4,17,9,1006,-0.0749126672744751
4,17,10,65,-0.25154927372932434
4,18,1,2868,1.5635356903076172
4,18,2,55,1.296150803565979
4,18,3,2074,0.9172052145004272
4,18,4,1594,0.504289448261261
4,18,5,579,0.4347972273826599
4,18,6,2898,0.12917040288448334
4,18,7,3016,-0.3449890613555908
4,18,8,747,-0.3683237135410309
4,18,9,2210,-0.5019761323928833
4,18,10,1016,-0.9048717021942139
4,20,1,3047,1.2910950183868408
4,20,2,1979,0.8996856212615967
4,20,3,2099,0.8947298526763916
4,20,4,2583,0.7141832113265991
4,20,5,2776,0.6550974249839783
4,20,6,6,0.5083616971969604
4,20,7,2136,-0.24635908007621765
4,20,8,1760,-0.5178005695343018
4,21,1,910,0.4323299527168274
4,21,2,2713,0.21279111504554749
4,21,3,2901,0.1433137059211731
4,21,4,2303,-0.005087492987513542
4,21,5,2792,-0.023050270974636078
4,21,6,986,-0.042474888265132904
4,21,7,2894,-0.1657569855451584
4,21,8,1365,-0.3045473098754883
4,21,9,2441,-0.6025067567825317
4,21,10,884,-0.694861650466919
4,22,1,3009,1.325183629989624
4,22,2,1910,0.5595611333847046
4,22,3,2691,0.25688600540161133
4,22,4,2340,-0.028831440955400467
4,22,5,724,-0.5459195971488953
4,22,6,2899,-1.0391484498977661
4,23,1,1127,1.3918821811676025
4,23,2,1518,0.8774275779724121
4,23,3,1315,0.5970807075500488
4,23,4,2347,0.5905562043190002
4,23,5,2723,0.41932275891304016
4,23,6,2326,-0.05475257337093353
4,23,7,2087,-0.3502924144268036
4,23,8,2,-0.7340497970581055
4,24,1,1683,1.503651738166809
4,24,2,1586,1.4403011798858643
4,24,3,1317,1.3797271251678467
4,24,4,1087,1.3685307502746582
4,24,5,1601,1.2026100158691406
4,24,6,3032,1.0659127235412598
4,24,7,1302,0.7126958966255188
4,24,8,1645,0.6769290566444397
4,24,9,1358,0.5247387886047363
4,24,10,1237,0.4532416760921478
4,25,1,2552,1.1684033870697021
4,25,2,2995,0.6566272974014282
4,25,3,1758,0.1527969241142273
4,25,4,2799,0.1463639736175537
4,25,5,629,0.11937534809112549
4,25,6,2237,-0.11396138370037079
4,25,7,2789,-0.13432273268699646
4,25,8,2302,-0.3369399309158325
4,25,9,297,-0.5565570592880249
4,25,10,121,-0.8330906629562378
4,26,1,184,2.7509188652038574
4,26,2,2742,1.2307164669036865
4,26,3,3037,1.1372559070587158
4,26,4,1612,0.7589937448501587
4,26,5,766,0.3261520266532898
4,26,6,243,-0.056434448808431625
4,26,7,72,-0.2982209622859955
4,26,8,2978,-1.0195815563201904
4,27,1,599,2.158694267272949
4,27,2,1569,2.0320188999176025
4,27,3,1940,1.6435554027557373
4,27,4,1966,1.5622024536132812
4,27,5,756,1.4087464809417725
4,27,6,1194,0.3125186264514923
4,27,7,2093,-0.1780310571193695
4,27,8,1369,-0.47569477558135986
4,27,9,2163,-0.735185444355011
4,28,1,791,1.7607601881027222
4,28,2,184,0.7992861866950989
4,28,3,235,0.2364128828048706
4,28,4,415,0.18954885005950928
4,28,5,617,0.07092559337615967
4,28,6,608,0.03856191039085388
4,28,7,2606,-0.14628079533576965
4,28,8,94,-0.20946328341960907
4,28,9,2141,-0.21625792980194092
4,28,10,301,-1.3419135808944702
4,29,1,2238,3.126214027404785
4,29,2,2219,0.8638578653335571
4,29,3,2933,0.7777630090713501
4,29,4,1939,0.5988075733184814
4,29,5,2543,0.5944725275039673
4,29,6,2869,0.006491445004940033
4,29,7,157,-0.043832264840602875
4,29,8,2792,-0.045457594096660614
4,29,9,1447,-0.16553282737731934
4,29,10,198,-0.4419013261795044
4,30,1,1751,2.4401535987854004
4,30,2,1059,1.0721793174743652
4,30,3,1882,0.5580284595489502
4,30,4,2801,0.48286181688308716
4,30,5,1391,0.16604165732860565
4,30,6,248,0.07165944576263428
4,30,7,359,-0.0066353995352983475
4,30,8,2674,-0.03981531411409378
4,30,9,134,-0.04324828088283539
4,30,10,2457,-0.06664156913757324
4,31,1,2258,1.709883451461792
4,31,2,1236,1.595114827156067
4,31,3,2604,0.9667841196060181
4,31,4,1982,0.3450021743774414
4,31,5,2145,0.06973724067211151
4,31,6,2937,-0.32241249084472656
4,31,7,1333,-0.5777993202209473
4,31,8,1848,-1.250709056854248
4,31,9,2721,-1.297048807144165
4,32,1,1872,2.557192802429199
4,32,2,1594,1.6373462677001953
4,32,3,556,0.9837484955787659
4,32,4,2100,0.17752981185913086
4,32,5,3031,0.014028618112206459
4,32,6,20,0.009166955947875977
4,32,7,2988,-0.1456051915884018
4,32,8,319,-0.1676698476076126
4,32,9,1446,-0.32400888204574585
4,32,10,216,-0.3246723413467407
4,33,1,481,2.6869306564331055
4,33,2,2352,1.5533252954483032
4,33,3,1838,0.7714118957519531
4,33,4,767,-0.03503989800810814
4,33,5,1028,-0.7334960699081421
4,33,6,390,-0.7437524795532227
4,34,1,2630,1.4799325466156006
4,34,2,1840,1.0062986612319946
4,34,3,925,0.5739898085594177
4,34,4,1034,0.22588104009628296
4,34,5,1332,-0.0450856015086174
4,34,6,2108,-0.100502148270607
4,34,7,2896,-0.2442149519920349
4,35,1,652,3.4109158515930176
4,35,2,1757,1.985673189163208
4,35,3,2556,1.1706748008728027
4,35,4,707,0.6575820446014404
4,35,5,2191,0.433838814496994
4,35,6,2367,0.2980250120162964
4,35,7,827,-0.043909136205911636
4,35,8,2986,-0.05464094877243042
4,35,9,140,-0.056894451379776
4,35,10,1760,-0.550308346748352
4,36,1,1683,1.005303144454956
4,36,2,1642,0.9975153207778931
4,36,3,2444,0.9638642072677612
4,36,4,1273,0.6107635498046875
4,36,5,2882,0.11002552509307861
4,36,6,523,-0.010488957166671753
4,36,7,1080,-0.01840302348136902
4,36,8,90,-0.04013735055923462
4,36,9,298,-0.1151086688041687
4,36,10,1018,-0.25015854835510254
4,37,1,1748,1.1085102558135986
4,37,2,1287,0.8790004849433899
4,37,3,1665,0.8299418091773987
4,37,4,1311,0.39788132905960083
4,37,5,1681,0.2896524965763092
4,37,6,1254,0.24427443742752075
4,37,7,746,-0.01885700225830078
4,37,8,164,-0.3226231336593628
4,37,9,2704,-0.7114779949188232
4,37,10,2441,-1.4501885175704956
4,38,1,1621,4.765081405639648
4,38,2,2074,4.682250022888184
4,38,3,854,0.11202727258205414
4,38,4,1080,0.0047538671642541885
4,38,5,227,-0.007837777957320213
4,38,6,1001,-0.24894419312477112
4,38,7,424,-0.25772377848625183
4,38,8,1686,-0.8343145847320557
4,39,1,2195,4.121026992797852
4,39,2,2014,3.8713951110839844
4,39,3,530,2.457883358001709
4,39,4,2353,1.6756583452224731
4,39,5,2410,1.3740097284317017
4,39,6,598,0.8781547546386719
4,39,7,2576,0.2725718319416046
4,39,8,949,-0.06665614247322083
4,39,9,2272,-0.9559378027915955
4,40,1,2014,3.5348732471466064
4,40,2,530,2.3230018615722656
4,40,3,990,0.9020638465881348
4,40,4,2599,0.752396821975708
4,40,5,1528,0.6703834533691406
4,40,6,637,0.48042839765548706
4,40,7,1674,0.1156609058380127
4,40,8,1858,0.01794445514678955
4,40,9,1080,-0.009296981617808342
4,40,10,1531,-0.04215806722640991
4,41,1,2195,2.7318007946014404
4,41,2,530,1.6201283931732178
4,41,3,2121,1.4176795482635498
4,41,4,2087,1.3072527647018433
4,41,5,2581,0.8314318656921387
4,41,6,1628,0.6695796251296997
4,41,7,766,0.6578133702278137
4,41,8,2894,0.12570820748806
4,41,9,1745,-0.04663446545600891
4,41,10,1180,-0.46346211433410645
4,42,1,471,5.996443748474121
4,42,2,667,5.927198886871338
4,42,3,248,4.319193363189697
4,42,4,1936,0.6368075609207153
4,42,5,698,0.4523167908191681
4,42,6,2192,0.11769860237836838
4,42,7,359,0.03312792256474495
4,42,8,1034,-0.23861905932426453
4,42,9,546,-0.41731226444244385
4,42,10,1279,-0.47879987955093384
4,43,1,2273,6.0441575050354
4,43,2,2193,5.019079685211182
4,43,3,113,3.441368579864502
4,43,4,2061,0.6455037593841553
4,43,5,1927,0.3039654493331909
4,43,6,1522,0.22500842809677124
4,43,7,1897,-0.12260669469833374
4,43,8,2622,-0.6244003772735596
4,43,9,271,-2.072204113006592
4,45,1,1738,4.8855180740356445
4,45,2,2193,3.791738271713257
4,45,3,1165,3.275845527648926
4,45,4,2897,0.5715422630310059
4,45,5,996,0.003118271939456463
4,45,6,665,-0.028480947017669678
4,45,7,716,-0.14890480041503906
4,46,1,1738,5.2830119132995605
4,46,2,2273,4.944395542144775
4,46,3,113,2.8142027854919434
4,46,4,2370,1.0710556507110596
4,46,5,55,0.847379744052887
4,46,6,1940,0.4898877739906311
4,46,7,1258,0.3722214698791504
4,46,8,1985,0.35802382230758667
4,46,9,594,0.2584018409252167
4,46,10,2410,0.05108121037483215
4,47,1,1417,7.280720233917236
4,47,2,2273,6.067286491394043
4,47,3,1165,4.344455718994141
4,47,4,1723,0.8209530711174011
4,47,5,2978,0.7949503064155579
4,47,6,58,0.3954426348209381
4,47,7,2543,0.3572479784488678
4,47,8,1707,-0.0015922486782073975
4,47,9,1962,-0.026088178157806396
4,47,10,1395,-0.5054267644882202
4,48,1,471,5.66928768157959
4,48,2,1848,4.955290794372559
4,48,3,248,4.081698417663574
4,48,4,1569,-0.2051885724067688
4,48,5,1277,-0.36013495922088623
4,48,6,524,-0.589120626449585
4,48,7,1275,-0.6417211890220642
4,49,1,1848,6.130100727081299
4,49,2,1165,4.390804290771484
4,49,3,113,3.4875435829162598
4,49,4,2145,0.8332704305648804
4,49,5,1615,0.802260160446167
4,49,6,2661,0.6906569004058838
4,49,7,1940,0.6353669166564941
4,49,8,1159,0.4947657585144043
4,49,9,1332,0.021389229223132133
4,49,10,1606,-0.28949183225631714
4,50,1,2273,5.545076370239258
4,50,2,248,4.561833381652832
4,50,3,1165,3.9669857025146484
4,50,4,1567,0.33615875244140625
4,50,5,2792,0.009740250185132027
4,51,1,390,5.431034088134766
4,51,2,1738,4.8205413818359375
4,51,3,2193,3.742377281188965
4,51,4,2895,0.6073827743530273
4,51,5,12,0.4816242456436157
4,51,6,1446,0.12825244665145874
4,51,7,33,0.016573548316955566
4,51,8,1332,0.014143025502562523
4,51,9,142,-0.009701527655124664
4,51,10,397,-0.046814024448394775
4,52,1,2353,5.8460283279418945
4,52,2,484,4.543527603149414
4,52,3,2074,1.6139793395996094
4,52,4,1484,0.9029166102409363
4,52,5,30,0.6904767751693726
4,52,6,325,0.44818687438964844
4,52,7,1606,0.38673749566078186
4,52,8,438,0.3182747960090637
4,52,9,2642,0.034273043274879456
4,52,10,3059,-0.0049969530664384365
4,53,1,1495,5.1944708824157715
4,53,2,1082,4.939091682434082
4,53,3,2595,0.6892514824867249
4,53,4,2734,0.6299417018890381
4,53,5,2219,0.4152545928955078
4,53,6,477,0.288892924785614
4,53,7,3059,-0.005851177964359522
4,53,8,566,-0.10483408719301224
4,53,9,1491,-0.8575230240821838
4,53,10,609,-1.2578908205032349
4,54,1,1821,5.356743335723877
4,54,2,948,4.708454132080078
4,54,3,1280,1.2393304109573364
4,54,4,736,0.9557828307151794
4,54,5,2219,0.45762115716934204
4,54,6,1053,0.44936057925224304
4,54,7,2243,0.2095240354537964
4,54,8,148,-0.004307969473302364
4,54,9,2046,-0.044165462255477905
4,54,10,143,-0.04812125116586685
4,55,1,2206,5.1196208000183105
4,55,2,484,5.008079528808594
4,55,3,665,0.9473139643669128
4,55,4,990,0.8191670179367065
4,55,5,1628,0.5632167458534241
4,55,6,1925,-0.03565758839249611
4,55,7,143,-0.056950509548187256
4,55,8,359,-0.06804972887039185
4,55,9,380,-0.07467631995677948
4,55,10,1265,-0.14091184735298157
4,56,1,2963,4.789613723754883
4,56,2,1600,4.751827239990234
4,56,3,1761,3.342557907104492
4,56,4,461,0.994419515132904
4,56,5,599,0.9746543169021606
4,56,6,860,0.03871629387140274
4,56,7,853,0.004771122243255377
4,56,8,381,-0.0911741703748703
4,56,9,257,-0.65128493309021
4,56,10,2743,-0.9714735746383667
4,58,1,1546,5.415940284729004
4,58,2,1600,5.087487697601318
4,58,3,2811,0.006111434660851955
4,58,4,319,-0.11662204563617706
4,58,5,1266,-0.13092099130153656
4,58,6,2985,-0.5746614336967468
4,58,7,575,-0.7622197270393372
4,60,1,2914,6.016523361206055
4,60,2,1089,5.301026821136475
4,60,3,759,0.15062372386455536
4,60,4,1692,0.07038778066635132
4,60,5,1655,0.043022483587265015
4,60,6,1926,0.011299431324005127
4,60,7,340,-0.008572368882596493
4,60,8,366,-0.013624150305986404
4,60,9,962,-0.024033907800912857
4,60,10,2045,-0.0641053095459938
4,61,1,2409,4.839564800262451
4,61,2,1089,4.166656494140625
4,61,3,2723,3.9433181285858154
4,61,4,2665,0.5745570659637451
4,61,5,429,0.27537909150123596
4,61,6,3084,0.05844870209693909
4,61,7,1151,0.01479324884712696
4,61,8,2161,-0.08185221254825592
4,61,9,645,-0.2594638466835022
4,61,10,2704,-0.9747852087020874
4,62,1,2723,4.683193206787109
4,62,2,346,3.8246893882751465
4,62,3,598,0.9993181228637695
4,62,4,278,0.35042881965637207
4,62,5,2135,0.15656542778015137
4,62,6,2408,-0.12979432940483093
4,62,7,58,-0.44406625628471375
4,62,8,3061,-0.5200912952423096
4,62,9,1611,-0.9743624329566956
4,63,1,1388,6.440700531005859
4,63,2,346,4.044988632202148
4,63,3,1333,1.031575083732605
4,63,4,915,0.656611442565918
4,63,5,493,0.6562747359275818
4,63,6,2484,0.5333372354507446
4,63,7,2533,0.2638455331325531
4,63,8,129,0.09092646837234497
4,63,9,2108,-0.008545629680156708
4,63,10,249,-0.028808847069740295
4,64,1,1045,5.2747907638549805
4,64,2,1055,5.151435852050781
4,64,3,1538,4.607644081115723
4,64,4,2098,1.8568518161773682
4,64,5,736,1.0511503219604492
4,64,6,1250,0.4437572956085205
4,64,7,1358,0.22158601880073547
4,64,8,101,0.14668086171150208
4,65,1,205,3.4308199882507324
4,65,2,461,3.2743003368377686
4,65,3,2677,2.8719019889831543
4,65,4,2998,2.7794384956359863
4,65,5,2448,1.568835735321045
4,65,6,991,-0.041558653116226196
4,65,7,63,-0.2061561942100525
4,65,8,1016,-1.596251368522644
4,66,1,2111,4.763707160949707
4,66,2,250,2.660562038421631
4,66,3,2358,2.6514053344726562
4,66,4,1717,0.8844539523124695
4,66,5,1254,0.41029518842697144
4,66,6,1866,0.0985008031129837
4,66,7,2108,-0.23761548101902008
4,66,8,566,-1.149346113204956
4,67,1,2352,6.902194976806641
4,67,2,2358,3.6927504539489746
4,67,3,567,1.4538772106170654
4,67,4,2961,1.3005799055099487
4,67,5,2137,1.1516467332839966
4,67,6,1273,1.0414495468139648
4,67,7,283,0.6108255386352539
4,67,8,1089,0.469566285610199
4,67,9,1100,0.3418453335762024
4,67,10,1153,0.22764742374420166
4,68,1,480,5.414051532745361
4,68,2,1751,4.721028804779053
4,68,3,500,1.4807918071746826
4,68,4,1638,1.2670708894729614
4,68,5,1507,1.177381992340088
4,68,6,227,-0.03242212533950806
4,68,7,996,-0.07693503797054291
4,68,8,2354,-0.15132996439933777
4,68,9,2514,-0.32320436835289
4,68,10,633,-0.8483660817146301
4,69,1,2481,4.791741371154785
4,69,2,2366,4.300187110900879
4,69,3,1833,3.7919673919677734
4,69,4,1428,2.1438283920288086
4,69,5,2789,1.3917632102966309
4,69,6,2755,1.250208854675293
4,69,7,2416,1.2024986743927002
4,69,8,2723,0.6133694648742676
4,69,9,2478,0.3742174506187439
4,69,10,14,0.2494465708732605
4,70,1,1538,4.983767986297607
4,70,2,205,4.1321306228637695
4,70,3,2787,3.701141357421875
4,70,4,2839,0.11972782015800476
4,70,5,143,-0.0713454931974411
4,70,6,510,-0.8174639940261841
4,70,7,1981,-0.9428936243057251
4,71,1,1300,5.186806678771973
4,71,2,205,3.9989633560180664
4,71,3,1910,3.2288670539855957
4,71,4,2940,0.6148194670677185
4,71,5,1038,0.46745097637176514
4,71,6,1412,-0.11085142195224762
4,71,7,222,-0.11399807035923004
4,71,8,2740,-0.24479031562805176
4,71,9,1333,-0.7300974130630493
4,71,10,1212,-1.0219416618347168
4,72,1,1428,4.232648849487305
4,72,2,6,3.497523784637451
4,72,3,400,2.78193998336792
4,72,4,1724,1.2633988857269287
4,72,5,2046,-0.051437295973300934
4,72,6,2345,-0.19849751889705658
4,72,7,2704,-0.42829155921936035
4,72,8,444,-0.6360748410224915
4,72,9,2112,-1.008232593536377
4,72,10,1449,-1.205049753189087
4,73,1,1461,5.332483291625977
4,73,2,1747,4.47761344909668
4,73,3,1737,4.224836826324463
4,73,4,1984,1.4283075332641602
4,73,5,2951,0.15732428431510925
4,73,6,982,0.10815589129924774
4,73,7,25,0.05463254451751709
4,73,8,1494,0.03610554337501526
4,73,9,863,-0.5550500154495239
4,73,10,308,-0.5635116696357727
4,74,1,599,6.347355842590332
4,74,2,1737,4.912342071533203
4,74,3,400,3.2783353328704834
4,74,4,2826,0.16504955291748047
4,74,5,779,0.16248267889022827
4,74,6,3057,-0.08347135782241821
4,74,7,1720,-0.23740270733833313
4,74,8,512,-0.2909082770347595
4,74,9,137,-0.3162457048892975
4,74,10,1465,-0.6217278242111206
4,75,1,1730,5.699471950531006
4,75,2,1428,4.5254597663879395
4,75,3,400,2.973069429397583
4,75,4,2933,0.6096286177635193
4,75,5,2134,0.3064713478088379
4,75,6,2326,0.14883533120155334
4,75,7,500,0.09986251592636108
4,75,8,1952,0.018398821353912354
4,75,9,447,-0.18549293279647827
4,75,10,869,-0.7141091823577881
4,76,1,2162,4.983829498291016
4,76,2,2259,3.769833564758301
4,76,3,2306,3.1114561557769775
4,76,4,421,1.5047441720962524
4,76,5,183,1.3097763061523438
4,76,6,2073,1.2862707376480103
4,76,7,1881,1.2412636280059814
4,76,8,2989,0.5498816967010498
4,76,9,2270,0.358953595161438
4,76,10,2580,0.34424614906311035
4,77,1,2098,4.4444475173950195
4,77,2,2387,4.242313385009766
4,77,3,2328,0.1307867169380188
4,77,4,438,0.12112784385681152
4,77,5,418,-0.7944159507751465
4,78,1,1362,5.564201354980469
4,78,2,732,5.289545059204102
4,78,3,1427,5.133713722229004
4,78,4,62,1.962382197380066
4,78,5,215,1.6463476419448853
4,78,6,118,1.0494811534881592
4,78,7,453,1.0211727619171143
4,78,8,918,0.22559702396392822
4,78,9,1826,0.19428983330726624
4,78,10,1517,0.10935896635055542
4,80,1,1980,4.736151695251465
4,80,2,2985,3.2228622436523438
4,80,3,62,3.034444808959961
4,80,4,599,1.2873660326004028
4,80,5,2170,0.004031836986541748
4,80,6,1970,-0.09184972941875458
4,80,7,1805,-0.10530263185501099
4,80,8,1494,-0.4532143175601959
4,81,1,2933,4.066339015960693
4,81,2,655,3.578807830810547
4,81,3,2302,3.100231170654297
4,81,4,295,0.06535333395004272
4,81,5,1006,-0.031200125813484192
4,81,6,380,-0.07163967192173004
4,81,7,1203,-1.0736339092254639
4,82,1,567,5.546362400054932
4,82,2,3032,4.92219352722168
4,82,3,2302,4.361483573913574
4,82,4,2286,1.7237926721572876
4,82,5,270,-0.29255032539367676
4,82,6,2321,-0.36874812841415405
4,82,7,3048,-0.7183501720428467
4,82,8,2725,-0.9938682913780212
4,82,9,397,-1.2221238613128662
4,83,1,2892,5.43196439743042
4,83,2,567,4.591750144958496
4,83,3,2302,3.590158224105835
4,83,4,1395,1.7552614212036133
4,83,5,118,1.0696992874145508
4,83,6,2209,-0.017853515222668648
4,83,7,243,-0.04939870536327362
4,83,8,508,-0.4922153353691101
4,84,1,2114,5.323583602905273
4,84,2,2933,4.882633209228516
4,84,3,1254,4.196414947509766
4,84,4,310,2.1330325603485107
4,84,5,2006,1.0103681087493896
4,84,6,3073,-0.9129571318626404
4,84,7,1587,-1.399587869644165
4,84,8,1016,-2.210157871246338
4,85,1,1550,6.067347526550293
4,85,2,2135,5.54768180847168
4,85,3,174,1.3638584613800049
4,85,4,201,0.4732615053653717
4,85,5,2075,0.32601702213287354
4,85,6,1400,0.06636348366737366
4,85,7,1014,-0.023590456694364548
4,85,8,2435,-0.14032235741615295
4,85,9,975,-0.6124488115310669
4,85,10,1498,-0.9071722030639648
4,86,1,2684,4.317765712738037
4,86,2,1980,3.7797048091888428
4,86,3,2559,1.1218371391296387
4,86,4,718,-0.13847848773002625
4,86,5,2990,-0.35622546076774597
4,86,6,2576,-0.4989748001098633
4,86,7,2758,-0.5736042857170105
4,87,1,2789,5.7590250968933105
4,87,2,321,4.2654619216918945
4,87,3,954,4.248322486877441
4,87,4,2695,3.4603750705718994
4,87,5,2444,0.7066197991371155
4,87,6,3063,0.32184311747550964
4,87,7,227,-0.03741329908370972
4,87,8,366,-0.04293125495314598
4,87,9,541,-0.11223766207695007
4,87,10,1251,-0.17120447754859924
4,88,1,738,3.7000234127044678
4,88,2,2559,2.8860247135162354
4,88,3,1044,0.6959741711616516
4,88,4,1600,0.5566003918647766
4,88,5,2895,0.11353972554206848
4,88,6,1323,0.03708609938621521
4,88,7,1780,-0.04240940138697624
4,88,8,1688,-0.44862470030784607
4,88,9,2616,-0.7169671654701233
4,88,10,2917,-0.859107255935669
4,89,1,1840,3.864948272705078
4,89,2,2559,3.665188789367676
4,89,3,655,1.9799302816390991
4,89,4,1374,1.5659019947052002
4,89,5,2191,1.0071371793746948
4,89,6,1682,0.7408702969551086
4,89,7,641,0.4656686782836914
4,89,8,2862,0.332913875579834
4,89,9,1048,-0.04817324876785278
4,89,10,1780,-0.05518808960914612
4,90,1,738,4.540404319763184
4,90,2,60,3.0396888256073
4,90,3,1001,0.6266884207725525
4,90,4,2237,-0.021851807832717896
4,90,5,1780,-0.05263812839984894
4,90,6,1157,-0.845201849937439
4,90,7,1263,-1.1491893529891968
4,90,8,1738,-1.1729816198349
4,91,1,1502,4.50889778137207
4,91,2,278,3.730882406234741
4,91,3,1311,1.5288039445877075
4,91,4,1821,0.7018235921859741
4,91,5,1446,0.4117162525653839
4,91,6,1494,-0.19334983825683594
4,91,7,2432,-0.9882358908653259
4,91,8,2384,-1.2430317401885986
4,93,1,524,4.289436340332031
4,93,2,1311,4.1317243576049805
4,93,3,749,4.053435802459717
4,93,4,2877,1.2118127346038818
4,93,5,1696,0.9248484373092651
4,93,6,2562,0.6491168737411499
4,93,7,1287,0.4807915985584259
4,93,8,1531,0.2821936011314392
4,93,9,340,-0.07007084786891937
4,93,10,2901,-0.19176003336906433
4,94,1,993,4.9870405197143555
4,94,2,524,3.8654239177703857
4,94,3,407,1.7691720724105835
4,94,4,1521,1.584076166152954
4,94,5,2740,1.4446766376495361
4,94,6,321,0.5587473511695862
4,94,7,536,0.2646888494491577
4,94,8,2799,0.16114874184131622
4,94,9,365,-0.02048281393945217
4,94,10,288,-0.12653343379497528
4,95,1,474,6.365525245666504
4,95,2,2202,2.5596818923950195
4,95,3,1427,2.000166654586792
4,95,4,1308,1.9993746280670166
4,95,5,2435,1.871541976928711
4,95,6,611,0.6793985366821289
4,95,7,2048,0.6036415100097656
4,95,8,1408,0.5241072177886963
4,95,9,168,0.2661275565624237
4,95,10,1013,0.06690527498722076
4,97,1,611,6.089033126831055
4,97,2,559,5.921822547912598
4,97,3,55,0.6625750064849854
4,97,4,1754,0.43529680371284485
4,97,5,1625,0.015719525516033173
4,97,6,1763,-0.047369614243507385
4,97,7,22,-0.4914874732494354
4,97,8,563,-0.744412899017334
4,97,9,2345,-1.4857598543167114
4,98,1,2416,5.59487247467041
4,98,2,426,5.115292549133301
4,98,3,2745,3.349858045578003
4,98,4,25,1.724530816078186
4,98,5,1308,0.7745927572250366
4,98,6,707,0.39919912815093994
4,98,7,63,-0.07701036334037781
4,98,8,2832,-0.22666369378566742
4,98,9,579,-0.4947299659252167
4,98,10,82,-0.9146586656570435
4,99,1,498,5.61118221282959
4,99,2,598,3.5542845726013184
4,99,3,769,1.4511637687683105
4,99,4,925,0.8085919618606567
4,99,5,55,0.45511555671691895
4,99,6,2985,0.3965081572532654
4,99,7,137,0.32422369718551636
4,99,8,553,-0.6625162363052368
4,99,9,3048,-1.215122938156128
4,100,1,426,4.8259196281433105
4,100,2,1838,3.2591395378112793
4,100,3,2448,2.465132236480713
4,100,4,2291,1.5049644708633423
4,100,5,1840,0.18748170137405396
4,100,6,1002,-0.32511192560195923
4,100,7,1215,-0.4787059426307678
4,100,8,1386,-1.1144165992736816
4,100,9,2180,-1.4290562868118286
4,100,10,2212,-1.8462703227996826
4,101,1,215,4.198729515075684
4,101,2,534,3.848543643951416
4,101,3,2482,2.9786248207092285
4,101,4,480,0.1811290681362152
4,101,5,2493,0.094610795378685
4,101,6,317,-0.0040061092004179955
4,101,7,3069,-0.005006328225135803
4,101,8,414,-0.06776580214500427
4,101,9,2480,-0.571114182472229
4,101,10,1203,-0.9024813175201416
4,102,1,1642,6.055347442626953
4,102,2,2367,3.882863998413086
4,102,3,2482,3.8484466075897217
4,102,4,1304,0.3346749544143677
4,102,5,599,0.11205288767814636
4,102,6,380,-0.0838463082909584
4,102,7,20,-0.2699279189109802
4,102,8,477,-0.4104388654232025
4,103,1,2159,7.297552108764648
4,103,2,1681,3.782745838165283
4,103,3,2448,3.1903600692749023
4,103,4,1317,1.2352101802825928
4,103,5,2870,0.7190242409706116
4,103,6,2780,0.0607752650976181
4,103,7,2106,0.00829361379146576
4,103,8,1771,-0.006833110004663467
4,103,9,421,-0.2685704827308655
4,103,10,2717,-0.2779202461242676
4,104,1,1642,5.038407325744629
4,104,2,2482,3.202035665512085
4,104,3,1812,2.5040597915649414
4,104,4,559,2.4970974922180176
4,104,5,699,0.6116267442703247
4,104,6,535,0.19672924280166626
4,104,7,142,-0.006245854310691357
4,104,8,707,-0.048963725566864014
4,105,1,675,6.177579879760742
4,105,2,94,4.044960021972656
4,105,3,25,3.8011326789855957
4,105,4,1708,2.2801108360290527
4,105,5,1927,0.49669092893600464
4,105,6,2659,0.3071132004261017
4,105,7,634,0.14300625026226044
4,105,8,1501,-0.03946554660797119
4,105,9,2308,-0.12530624866485596
4,105,10,2752,-0.5943484902381897
4,106,1,1642,4.63617467880249
4,106,2,2287,3.5156655311584473
4,106,3,766,2.3490042686462402
4,106,4,2162,0.7018808126449585
4,106,5,1962,0.19906851649284363
4,106,6,1698,0.0832042396068573
4,106,7,887,0.006314459256827831
4,106,8,6,-0.1108035147190094
4,106,9,315,-0.8900429010391235
4,106,10,31,-1.2233489751815796
4,108,1,2406,3.4418163299560547
4,108,2,769,3.0552120208740234
4,108,3,2355,0.3757334351539612
4,108,4,2191,0.31896770000457764
4,108,5,795,0.1420295536518097
4,108,6,1496,-0.10433389246463776
4,108,7,2493,-0.2907465398311615
4,108,8,754,-0.514897882938385
4,108,9,2568,-0.9800259470939636
4,108,10,2899,-1.4568803310394287
4,109,1,2521,4.070931911468506
4,109,2,25,3.3015642166137695
4,109,3,1395,1.5391669273376465
4,109,4,2053,0.551366925239563
4,109,5,2496,0.13124552369117737
4,109,6,2897,0.12670499086380005
4,109,7,1875,0.0778624564409256
4,109,8,1496,-0.07335761934518814
4,109,9,1728,-0.08609822392463684
4,109,10,2750,-0.22085735201835632
4,110,1,2372,3.745307445526123
4,110,2,953,2.246778726577759
4,110,3,2352,0.8304242491722107
4,110,4,1302,0.6698209643363953
4,110,5,1586,0.6418371796607971
4,110,6,2302,0.5419086813926697
4,110,7,2272,0.11069980263710022
4,110,8,2444,-0.018980398774147034
4,110,9,2951,-0.05703503638505936
4,110,10,998,-0.29641562700271606
4,111,1,2370,4.607205390930176
4,111,2,953,3.31742787361145
4,111,3,1778,1.7098591327667236
4,111,4,1759,0.25665104389190674
4,111,5,2024,0.017774898558855057
4,111,6,991,-0.023231089115142822
4,111,7,243,-0.03703463822603226
4,111,8,1945,-0.05839422345161438
4,111,9,137,-0.16466769576072693
4,111,10,2144,-1.0280671119689941
4,112,1,2315,5.448574066162109
4,112,2,953,3.8793652057647705
4,112,3,674,0.8692277669906616
4,112,4,195,0.4882059395313263
4,112,5,2476,0.3129079043865204
4,112,6,127,0.16458392143249512
4,112,7,1521,0.14672869443893433
4,112,8,3031,0.014519907534122467
4,112,9,2906,-0.5092226266860962
4,112,10,550,-1.2530616521835327
4,113,1,1940,4.62017822265625
4,113,2,1317,2.2384886741638184
4,113,3,1738,1.0834330320358276
4,113,4,1315,0.9890812635421753
4,113,5,2476,0.3722524642944336
4,113,6,692,0.29707860946655273
4,113,7,1840,0.2518838047981262
4,113,8,1198,0.08129408955574036
4,113,9,58,0.005732059478759766
4,113,10,2811,-0.03954998776316643
4,114,1,2727,5.830665111541748
4,114,2,2291,5.068652153015137
4,114,3,1645,1.987658143043518
4,114,4,1985,0.19263863563537598
4,114,5,2661,0.009728312492370605
4,114,6,1339,-0.08075854182243347
4,114,7,64,-0.26298657059669495
4,114,8,3016,-0.5502665042877197
4,114,9,1827,-1.0569084882736206
4,114,10,1301,-1.283998966217041
4,115,1,14,5.926756858825684
4,115,2,2285,5.117740631103516
4,115,3,1201,4.374721527099609
4,115,4,1202,1.6826131343841553
4,115,5,524,1.3399384021759033
4,115,6,692,1.065352201461792
4,115,7,672,0.31495675444602966
4,115,8,347,-0.055969350039958954
4,115,9,134,-0.06138963624835014
4,115,10,481,-0.2424488365650177
4,116,1,402,4.583333969116211
4,116,2,2444,4.370224952697754
4,116,3,2285,4.2678351402282715
4,116,4,55,1.52272367477417
4,116,5,2313,0.8170705437660217
4,116,6,559,0.7664464712142944
4,116,7,2866,0.033743277192115784
4,116,8,283,0.0335618257522583
4,116,9,1922,-0.1026059091091156
4,116,10,482,-0.2926529049873352
4,117,1,402,5.479356288909912
4,117,2,2127,5.405462265014648
4,117,3,1201,4.326504230499268
4,117,4,749,1.1047700643539429
4,117,5,791,0.9378383755683899
4,117,6,264,0.01623418927192688
4,117,7,766,-0.07581868767738342
4,117,8,416,-0.27407974004745483
4,118,1,969,5.6519293785095215
4,118,2,706,3.3969857692718506
4,118,3,2444,2.0884926319122314
4,118,4,1087,-0.3216556906700134
4,118,5,1484,-0.5011242628097534
4,118,6,2080,-0.5944555997848511
4,118,7,1113,-0.8763676285743713
4,119,1,1340,4.698904991149902
4,119,2,364,4.007636547088623
4,119,3,706,3.613496780395508
4,119,4,330,-0.013515504077076912
4,119,5,2988,-0.08615916222333908
4,119,6,2193,-0.3464473485946655
4,119,7,1738,-0.3834938406944275
4,119,8,2978,-0.6374906897544861
4,119,9,1988,-0.7132852077484131
4,119,10,2574,-0.9851396679878235
4,120,1,861,5.6758551597595215
4,120,2,2552,5.430469989776611
4,120,3,2344,4.882584095001221
4,120,4,1821,2.0717921257019043
4,120,5,80,0.32660624384880066
4,120,6,1683,0.2983717918395996
4,120,7,2202,0.290334552526474
4,120,8,1500,-0.43265748023986816
4,120,9,1542,-0.5959360003471375
4,120,10,1328,-1.0813684463500977
4,121,1,861,4.621581554412842
4,121,2,756,4.514106273651123
4,121,3,2344,3.9723761081695557
4,121,4,750,1.0156277418136597
4,121,5,746,0.36530840396881104
4,121,6,65,-0.29118698835372925
4,121,7,2607,-0.42180514335632324
4,121,8,195,-0.8041696548461914
4,122,1,681,3.934069871902466
4,122,2,1748,0.9508417844772339
4,122,3,2087,0.3160455524921417
4,122,4,484,0.28649693727493286
4,122,5,3057,0.051159605383872986
4,122,6,977,-0.034477993845939636
4,122,7,2552,-0.12667256593704224
4,122,8,864,-0.2205888032913208
4,122,9,1792,-0.22126224637031555
4,122,10,633,-0.3796364367008209
4,123,1,1342,3.900386333465576
4,123,2,2552,1.0960516929626465
4,123,3,2490,0.6124064922332764
4,123,4,1339,0.05415681004524231
4,123,5,347,-0.03298306465148926
4,123,6,1674,-0.13132622838020325
4,123,7,1779,-0.39363691210746765
4,123,8,310,-0.7428221106529236
4,123,9,1254,-0.8402025699615479
4,124,1,2621,4.720783233642578
4,124,2,1601,4.326601028442383
4,124,3,136,1.2240514755249023
4,124,4,699,1.2232296466827393
4,124,5,1786,0.7760343551635742
4,124,6,609,0.5583454966545105
4,124,7,854,0.18262553215026855
4,124,8,3063,0.13927572965621948
4,124,9,2440,-0.5459450483322144
4,124,10,390,-0.5661901831626892
4,125,1,1087,5.443731307983398
4,125,2,2937,5.190154552459717
4,125,3,756,0.05330026149749756
4,125,4,169,0.0023744357749819756
4,125,5,3068,-0.010464305058121681
4,125,6,1970,-0.03791147843003273
4,125,7,575,-0.11147350072860718
4,125,8,2365,-0.5863431692123413
4,125,9,128,-0.6212114095687866
4,125,10,2892,-1.166583776473999
4,127,1,177,5.201896667480469
4,127,2,1712,4.633734703063965
4,127,3,1785,4.463055610656738
4,127,4,98,2.3985202312469482
4,127,5,1982,1.7458537817001343
4,127,6,2841,-0.009842755272984505
4,127,7,326,-0.06423431634902954
4,127,8,2347,-0.4091585576534271
4,127,9,1794,-0.48077940940856934
4,127,10,2391,-0.9212780594825745
4,129,1,1535,4.0746989250183105
4,129,2,1435,4.0395402908325195
4,129,3,2998,1.2216243743896484
4,129,4,716,0.861211359500885
4,129,5,1621,0.03037095069885254
4,129,6,1745,-0.045333296060562134
4,129,7,347,-0.04849677160382271
4,129,8,982,-0.20070162415504456
4,129,9,1111,-0.3621214032173157
4,129,10,1891,-0.391977459192276
4,131,1,38,4.246180534362793
4,131,2,2288,3.477900266647339
4,131,3,2877,2.532459259033203
4,131,4,2167,2.300090789794922
4,131,5,1201,0.1487843096256256
4,131,6,1720,-0.030692756175994873
4,131,7,682,-0.06967298686504364
4,131,8,1759,-0.6547197103500366
4,131,9,97,-0.6971781253814697
4,131,10,1758,-0.7327778339385986
4,132,1,2877,1.6553175449371338
4,132,2,1535,1.4584941864013672
4,132,3,2971,0.5931440591812134
4,132,4,767,-0.0044140564277768135
4,132,5,298,-0.020871831104159355
4,132,6,455,-0.6968366503715515
4,132,7,1232,-1.0833871364593506
4,133,1,2877,1.6183711290359497
4,133,2,1600,1.2273156642913818
4,133,3,861,0.35627031326293945
4,133,4,1161,0.24054713547229767
4,133,5,506,0.08257746696472168
4,133,6,2267,0.05653262138366699
4,133,7,767,-0.003940005786716938
4,133,8,298,-0.023149214684963226
4,133,9,1006,-0.032577112317085266
4,133,10,2080,-0.42868828773498535
4,134,1,1872,1.750737190246582
4,134,2,2877,1.6676905155181885
4,134,3,2734,1.3307359218597412
4,134,4,2760,0.03853961080312729
4,134,5,767,-0.005440774839371443
4,134,6,298,-0.020796865224838257
4,134,7,682,-0.06150224432349205
4,135,1,2877,1.648325800895691
4,135,2,524,1.2135576009750366
4,135,3,2776,0.8727269172668457
4,135,4,1270,0.056516364216804504
4,135,5,3031,0.0161884892731905
4,135,6,576,0.0031189918518066406
4,135,7,767,-0.004702900070697069
4,135,8,298,-0.020601972937583923
4,135,9,1970,-0.11085575819015503
4,135,10,2290,-0.44567567110061646
4,136,1,2447,5.859983444213867
4,136,2,2804,4.6564040184021
4,136,3,1435,4.091411590576172
4,136,4,780,2.494353771209717
4,136,5,704,-0.28601327538490295
4,136,6,128,-0.3590976595878601
4,136,7,1015,-0.8560094237327576
4,136,8,502,-0.8856137990951538
4,137,1,1839,4.822373390197754
4,137,2,557,4.33731746673584
4,137,3,2288,4.314334869384766
4,137,4,2877,1.8116816282272339
4,137,5,2366,1.0704314708709717
4,137,6,60,0.536130428314209
4,137,7,1858,0.5342035889625549
4,137,8,2920,0.38915786147117615
4,137,9,2697,-0.030763864517211914
4,137,10,270,-0.6035443544387817
4,138,1,1839,5.724663257598877
4,138,2,1982,5.249227523803711
4,138,3,845,3.998054265975952
4,138,4,1964,0.877442479133606
4,138,5,1013,0.32337626814842224
4,138,6,3068,-0.04883714020252228
4,138,7,2324,-0.7075785398483276
4,139,1,2780,4.859654426574707
4,139,2,2303,4.245431423187256
4,139,3,634,3.3214635848999023
4,139,4,1757,0.6879388093948364
4,139,5,2165,0.6523525714874268
4,139,6,1750,0.49976515769958496
4,139,7,2053,0.21687525510787964
4,140,1,557,3.987628936767578
4,140,2,2780,3.6498193740844727
4,140,3,2447,3.320187568664551
4,140,4,2303,2.9748167991638184
4,140,5,3027,0.8140417337417603
4,140,6,2416,0.08048781752586365
4,140,7,539,-0.22244790196418762
4,140,8,2080,-0.4224947690963745
4,140,9,3019,-0.778752326965332
4,141,1,1341,5.593569755554199
4,141,2,2202,4.531636714935303
4,141,3,1359,1.8860934972763062
4,141,4,2796,1.4531031847000122
4,141,5,3004,1.2202262878417969
4,141,6,1212,0.1232457160949707
4,141,7,39,0.09023170173168182
4,141,8,336,-0.01583172380924225
4,141,9,166,-0.030500927940011024
4,141,10,1258,-1.0189635753631592
4,142,1,2067,4.925146579742432
4,142,2,1892,3.464110851287842
4,142,3,2211,1.3768351078033447
4,142,4,2194,0.814154863357544
4,142,5,1237,0.6018921732902527
4,142,6,1645,0.33342254161834717
4,142,7,1159,0.16847291588783264
4,142,8,1531,0.12283700704574585
4,142,9,2274,0.04859927296638489
4,142,10,2047,-0.7478634715080261
4,143,1,98,5.560451030731201
4,143,2,1892,3.694197177886963
4,143,3,2313,1.739593267440796
4,143,4,1940,0.6250194311141968
4,143,5,550,0.49244722723960876
4,143,6,1358,0.45161721110343933
4,143,7,567,0.25470662117004395
4,143,8,243,-0.07105393707752228
4,143,9,2655,-0.09493395686149597
4,143,10,766,-0.12574279308319092
4,144,1,414,5.352295398712158
4,144,2,1194,4.087893486022949
4,144,3,1362,1.8016777038574219
4,144,4,900,0.6450091600418091
4,144,5,1037,0.32990771532058716
4,144,6,294,0.09390957653522491
4,144,7,142,-0.06886075437068939
4,144,8,1992,-0.124845951795578
4,144,9,2326,-0.18739406764507294
4,144,10,289,-0.569085419178009
4,145,1,2940,6.4770283699035645
4,145,2,2668,5.522265911102295
4,145,3,1570,0.8211414217948914
4,145,4,1278,0.6833482980728149
4,145,5,793,0.20045989751815796
4,145,6,2664,0.1834699511528015
4,145,7,2521,0.028380274772644043
4,145,8,2560,-0.05465799570083618
4,145,9,142,-0.06537026911973953
4,145,10,1344,-1.1497340202331543
4,146,1,2319,3.909583806991577
4,146,2,1194,3.260251045227051
4,146,3,2927,1.185685157775879
4,146,4,184,0.6455585956573486
4,146,5,1496,-0.04877637326717377
4,146,6,854,-0.2492109090089798
4,146,7,410,-0.2918093800544739
4,146,8,1346,-0.6413672566413879
4,146,9,540,-0.692906379699707
4,146,10,285,-0.7922765612602234
4,147,1,2649,4.171830177307129
4,147,2,1194,4.14130163192749
4,147,3,1362,2.1256117820739746
4,147,4,1737,1.4433952569961548
4,147,5,184,0.8499510288238525
4,147,6,3019,0.5784739255905151
4,147,7,674,0.4603782594203949
4,147,8,2745,0.23408696055412292
4,147,9,166,-0.05539741739630699
4,147,10,939,-0.6434959769248962
4,148,1,560,5.067551136016846
4,148,2,2751,4.091392517089844
4,148,3,2669,3.281855583190918
4,148,4,2028,-0.2881515324115753
4,148,5,2191,-0.3123301863670349
4,148,6,1018,-0.3522288203239441
4,148,7,2927,-0.4940791130065918
4,148,8,316,-1.038407802581787
4,149,1,2435,3.424320697784424
4,149,2,118,2.97257661819458
4,149,3,835,1.462619423866272
4,149,4,2882,1.4579015970230103
4,149,5,1247,1.4387900829315186
4,149,6,1151,0.8384299874305725
4,149,7,524,0.7143567800521851
4,149,8,2173,-0.23023074865341187
4,149,9,308,-0.45225608348846436
4,149,10,672,-0.8470306992530823
4,150,1,2089,5.020703315734863
4,150,2,2751,3.9115140438079834
4,150,3,1881,0.659622073173523
4,150,4,1013,0.29719313979148865
4,150,5,795,0.015554428100585938
4,150,6,2811,-0.018143106251955032
4,150,7,2634,-0.04506666958332062
4,150,8,90,-0.16660068929195404
4,150,9,1335,-0.19391384720802307
4,150,10,1913,-0.2761925756931305
4,151,1,1717,6.338658332824707
4,151,2,1644,1.5055899620056152
4,151,3,2933,0.07792934775352478
4,151,4,1861,-0.07070090621709824
4,151,5,707,-1.3419502973556519
4,153,1,2604,6.688474655151367
4,153,2,1644,5.962549209594727
4,153,3,2738,0.7803342938423157
4,153,4,1287,0.1667061597108841
4,153,5,1340,0.1578172892332077
4,153,6,166,-0.01976667158305645
4,153,7,2354,-0.05107811093330383
4,153,8,1470,-0.09334670007228851
4,153,9,2917,-0.1632670760154724
4,153,10,357,-0.9843027591705322
4,154,1,186,7.110116481781006
4,154,2,1721,5.644224643707275
4,154,3,2006,4.034118175506592
4,154,4,1317,1.5456163883209229
4,154,5,415,0.7229419946670532
4,154,6,1429,0.6334877610206604
4,154,7,1966,0.32785141468048096
4,154,8,2188,0.24030616879463196
4,154,9,1696,0.1655881404876709
4,154,10,310,-0.25159144401550293
4,155,1,136,3.8692643642425537
4,155,2,2006,2.7497949600219727
4,155,3,1500,1.9082177877426147
4,155,4,2457,-0.006487492471933365
4,155,5,557,-0.024291306734085083
4,155,6,3017,-0.1052718460559845
4,155,7,2986,-0.2896103858947754
4,155,8,261,-0.44048231840133667
4,155,9,653,-0.8673167824745178
4,156,1,136,3.879343032836914
4,156,2,2006,2.761183738708496
4,156,3,2016,2.0320234298706055
4,156,4,1500,1.9207255840301514
4,156,5,2353,1.3181705474853516
4,156,6,1045,0.49669957160949707
4,156,7,2801,-0.609836757183075
4,157,1,136,3.8807504177093506
4,157,2,2006,2.754822015762329
4,157,3,1500,1.9366364479064941
4,157,4,402,0.3756149411201477
4,157,5,1007,0.2984645664691925
4,157,6,1101,0.033655792474746704
4,157,7,227,-0.013399748131632805
4,157,8,1922,-0.03165380284190178
4,159,1,1518,5.475981712341309
4,159,2,1308,0.811593770980835
4,159,3,1386,0.2346303015947342
4,159,4,2912,0.05031770467758179
4,159,5,2516,0.015362540259957314
4,159,6,2048,-0.04986757040023804
4,159,7,1853,-0.0726764053106308
4,159,8,2931,-0.4347562789916992
4,160,1,1613,0.5256757736206055
4,160,2,2481,0.4145907461643219
4,160,3,2097,0.14007443189620972
4,160,4,2516,0.01635219343006611
4,160,5,772,-0.008097881451249123
4,160,6,1922,-0.07284161448478699
4,160,7,2044,-0.13266213238239288
4,160,8,22,-0.26676100492477417
4,160,9,357,-0.5589197874069214
4,160,10,3053,-0.7661402225494385
4,161,1,1315,5.11627197265625
4,161,2,1898,3.9939966201782227
4,161,3,1588,3.095447063446045
4,161,4,1156,0.945958137512207
4,161,5,2839,0.30651533603668213
4,161,6,755,-0.31011635065078735
4,162,1,32,3.3590216636657715
4,162,2,2053,2.4162373542785645
4,162,3,1201,0.7354909181594849
4,162,4,2167,0.6947989463806152
4,162,5,2097,0.5039478540420532
4,162,6,2095,0.3860374093055725
4,162,7,1270,-0.007248193025588989
4,162,8,1767,-0.7427494525909424
4,163,1,32,4.295820713043213
4,163,2,2053,3.128173351287842
4,163,3,544,1.5385749340057373
4,163,4,1898,0.9697089791297913
4,163,5,210,0.6322247982025146
4,163,6,550,0.5479825735092163
4,163,7,1101,0.42514586448669434
4,163,8,185,0.30548256635665894
4,163,9,2493,0.2751197814941406
4,163,10,2270,0.12349096685647964
4,164,1,1724,4.442026138305664
4,164,2,2546,3.952332019805908
4,164,3,2678,3.769542694091797
4,164,4,137,1.1862554550170898
4,164,5,1738,0.3684641718864441
4,164,6,718,0.06586074829101562
4,164,7,905,-0.5033990740776062
4,165,1,1567,6.484055519104004
4,165,2,1250,4.299888610839844
4,165,3,2053,4.2130231857299805
4,165,4,39,1.764207124710083
4,165,5,2562,1.4192941188812256
4,165,6,555,0.29508543014526367
4,165,7,343,-0.13394102454185486
4,165,8,2504,-0.19197183847427368
4,165,9,2267,-0.6096432209014893
4,166,1,544,4.3987226486206055
4,166,2,354,4.3649115562438965
4,166,3,2702,3.3907394409179688
4,166,4,2211,1.3913710117340088
4,166,5,2738,1.1506437063217163
4,166,6,137,1.12418794631958
4,166,7,2599,0.4491727650165558
4,166,8,2340,-0.023362647742033005
4,166,9,918,-0.6931490898132324
4,167,1,1202,3.792590618133545
4,167,2,1927,3.774235725402832
4,167,3,2030,2.640425682067871
4,167,4,1251,1.298958420753479
4,167,5,1656,-0.049895189702510834
4,167,6,1014,-0.10502378642559052
4,167,7,2141,-0.4228021502494812
4,168,1,1202,5.5409135818481445
4,168,2,1358,4.976171493530273
4,168,3,990,4.328484535217285
4,168,4,2111,0.966646671295166
4,168,5,1543,0.4106888771057129
4,168,6,1925,-0.05060162395238876
4,168,7,2047,-0.1605643332004547
4,168,8,64,-0.5866284966468811
4,168,9,1579,-1.2507476806640625
4,169,1,2286,5.509862899780273
4,169,2,3041,4.960505962371826
4,169,3,2533,2.5670628547668457
4,169,4,46,0.6143730878829956
4,169,5,2721,0.025541067123413086
4,169,6,2513,-0.014537006616592407
4,169,7,1435,-0.05350813269615173
4,169,8,786,-0.06483680009841919
4,169,9,2170,-0.07424259185791016
4,169,10,447,-0.4607548117637634
4,170,1,1302,6.386207580566406
4,170,2,544,5.46414852142334
4,170,3,2533,3.0527122020721436
4,170,4,1055,1.754239797592163
4,170,5,1391,1.6455042362213135
4,170,6,2745,1.2317302227020264
4,170,7,2581,0.7621653079986572
4,170,8,364,0.5037310123443604
4,170,9,1116,-0.7304311990737915
4,170,10,1744,-1.0009907484054565
4,171,1,2560,4.00460147857666
4,171,2,2922,3.921574831008911
4,171,3,2678,1.6116889715194702
4,171,4,1422,0.37780043482780457
4,171,5,2668,0.13796138763427734
4,171,6,2390,-0.04769498482346535
4,171,7,1970,-0.13466674089431763
4,171,8,2554,-0.32717934250831604
4,171,9,1380,-0.3854668140411377
4,171,10,1449,-0.691967248916626
4,172,1,453,5.667471885681152
4,172,2,2868,1.9325239658355713
4,172,3,2985,0.9096888899803162
4,172,4,890,0.6827424764633179
4,172,5,46,0.5076410174369812
4,172,6,2659,-0.001891016960144043
4,172,7,2390,-0.052650004625320435
4,172,8,366,-0.07676628232002258
4,172,9,853,-0.10954974591732025
4,172,10,1981,-0.40327921509742737
4,173,1,1725,4.701057434082031
4,173,2,383,3.3201804161071777
4,173,3,1665,1.4094889163970947
4,173,4,1012,1.2401914596557617
4,173,5,2185,0.781997799873352
4,173,6,1454,0.4725531339645386
4,173,7,2390,-0.04243499040603638
4,173,8,668,-0.25564852356910706
4,173,9,1248,-0.26382318139076233
4,173,10,539,-0.49679505825042725
4,174,1,2556,4.314591884613037
4,174,2,1671,0.02913716435432434
4,174,3,1336,0.00929577648639679
4,174,4,318,-0.02325291931629181
4,174,5,2390,-0.040639039129018784
4,174,6,1899,-0.06007823720574379
4,174,7,1391,-0.34247827529907227
4,174,8,910,-0.8140718936920166
4,174,9,194,-0.9229503870010376
4,175,1,1650,5.557703971862793
4,175,2,383,3.6274824142456055
4,175,3,2192,3.3837313652038574
4,175,4,1100,2.2553915977478027
4,175,5,1250,1.428753137588501
4,175,6,96,0.9649674296379089
4,175,7,447,0.636803150177002
4,175,8,113,-0.015946269035339355
4,175,9,2673,-0.09053515642881393
4,175,10,297,-0.7361913323402405
4,176,1,2073,5.674402236938477
4,176,2,2896,3.4747838973999023
4,176,3,540,0.014059007167816162
4,176,4,1627,-0.016303392127156258
4,176,5,2792,-0.04808130860328674
4,176,6,243,-0.06650622934103012
4,176,7,1481,-1.0243556499481201
4,177,1,2920,5.019952297210693
4,177,2,689,4.965078830718994
4,177,3,1569,4.954046249389648
4,177,4,1487,0.8456124067306519
4,177,5,1840,0.5188452005386353
4,177,6,2211,0.39596596360206604
4,177,7,1109,-0.10793331265449524
4,177,8,78,-0.6724050045013428
4,177,9,579,-0.8360593318939209
4,177,10,259,-0.9846125841140747
4,178,1,2192,3.4071104526519775
4,178,2,1059,1.638792634010315
4,178,3,2734,1.324465274810791
4,178,4,1429,0.2618178725242615
4,178,5,2618,0.2203332930803299
4,178,6,318,-0.03727269172668457
4,178,7,243,-0.058856550604104996
4,178,8,1542,-0.22066497802734375
4,179,1,415,5.059085369110107
4,179,2,1645,4.701154708862305
4,179,3,1287,4.423433303833008
4,179,4,432,1.093709945678711
4,179,5,354,0.9626724720001221
4,179,6,2162,0.495802640914917
4,179,7,765,-0.03546851500868797
4,179,8,977,-0.035572171211242676
4,179,9,2047,-0.09940813481807709
4,179,10,1558,-0.7471845746040344
4,180,1,1645,5.280143737792969
4,180,2,1044,4.261716842651367
4,180,3,2713,3.150729179382324
4,180,4,2678,0.8156969547271729
4,180,5,1882,0.4078275263309479
4,180,6,2673,-0.0670304074883461
4,180,7,3040,-0.08636300265789032
4,180,8,1673,-0.5638520121574402
4,180,9,1159,-0.7673127055168152
4,181,1,1156,4.795658111572266
4,181,2,129,3.750988483428955
4,181,3,2713,3.238084077835083
4,181,4,2161,0.8833764791488647
4,181,5,2447,0.12884044647216797
4,181,6,2841,-0.008550284430384636
4,181,7,1940,-0.4656863808631897
4,181,8,1558,-0.6175477504730225
4,181,9,793,-0.6281667947769165
4,181,10,1701,-0.9504056572914124
4,182,1,1287,4.627178192138672
4,182,2,1044,4.024692535400391
4,182,3,3015,0.964955747127533
4,182,4,136,0.5402493476867676
4,182,5,740,-0.09003790467977524
4,182,6,2723,-0.1829470992088318
4,182,7,49,-0.43581926822662354
4,182,8,1516,-0.577588677406311
4,182,9,563,-0.681255578994751
4,182,10,40,-0.6836010217666626
4,183,1,193,6.509819030761719
4,183,2,257,6.2770094871521
4,183,3,1620,5.490113735198975
4,183,4,2957,1.7968714237213135
4,183,5,2100,0.9140876531600952
4,183,6,1861,0.055298060178756714
4,183,7,599,-0.021943092346191406
4,183,8,2819,-0.06247364729642868
4,183,9,562,-0.5505255460739136
4,183,10,106,-0.6873296499252319
4,184,1,500,5.589138984680176
4,184,2,2897,4.196485996246338
4,184,3,2994,4.004262924194336
4,184,4,1159,1.7416119575500488
4,184,5,2706,1.2607954740524292
4,184,6,2898,0.25018852949142456
4,184,7,2895,0.010615557432174683
4,184,8,459,-0.34154701232910156
4,184,9,1034,-1.1859945058822632
4,185,1,1429,5.348629474639893
4,185,2,500,4.748571395874023
4,185,3,1295,4.4702582359313965
4,185,4,297,1.205329179763794
4,185,5,852,0.8601453900337219
4,185,6,692,0.624111533164978
4,185,7,227,-0.017210576683282852
4,185,8,1367,-0.24675142765045166
4,185,9,2118,-0.3701478838920593
4,186,1,1754,5.86809778213501
4,186,2,1620,5.034212589263916
4,186,3,2502,2.039822578430176
4,186,4,2832,1.1957429647445679
4,186,5,1490,0.6480972766876221
4,186,6,185,0.1586964726448059
4,186,7,231,0.00895761325955391
4,186,8,1428,-0.20934191346168518
4,186,9,90,-0.25221359729766846
4,186,10,285,-1.0246223211288452
4,187,1,2237,5.507236003875732
4,187,2,2502,4.757826805114746
4,187,3,316,4.2022705078125
4,187,4,2583,0.8837795257568359
4,187,5,1151,0.747221827507019
4,187,6,514,0.349671334028244
4,187,7,283,0.11027881503105164
4,187,8,852,-0.586121141910553
4,187,9,2895,-0.6361063718795776
4,187,10,2313,-1.2933231592178345
4,188,1,40,6.152990341186523
4,188,2,2957,6.021271705627441
4,188,3,2502,4.72657585144043
4,188,4,2691,1.3512437343597412
4,188,5,444,1.1687226295471191
4,188,6,2760,0.04282156378030777
4,188,7,1811,-0.09078437089920044
4,188,8,2870,-0.09422586858272552
4,188,9,118,-0.1069541871547699
4,188,10,3061,-0.28853845596313477
4,190,1,2237,5.592694282531738
4,190,2,316,4.239724159240723
4,190,3,542,3.999178409576416
4,190,4,514,0.28843891620635986
4,190,5,2799,0.24428939819335938
4,190,6,2482,0.11877183616161346
4,190,7,2882,-0.35866135358810425
4,190,8,78,-0.43687132000923157
4,190,9,2258,-0.47785383462905884
4,191,1,2356,4.467309951782227
4,191,2,2901,4.315325736999512
4,191,3,2691,4.239899635314941
4,191,4,953,0.4279923439025879
4,191,5,2299,0.018956676125526428
4,191,6,1496,-0.09340060502290726
4,191,7,1528,-1.0374761819839478
4,191,8,2163,-1.2709321975708008
4,191,9,447,-1.481186032295227
4,191,10,1579,-1.900692105293274
4,192,1,1638,5.815694808959961
4,192,2,1594,4.473621368408203
4,192,3,1858,4.091917037963867
4,192,4,2739,2.0376696586608887
4,192,5,500,1.9030685424804688
4,192,6,2209,-0.01727038249373436
4,192,7,949,-1.3073806762695312
4,192,8,196,-1.9535839557647705
4,192,9,1587,-2.343294620513916
4,192,10,301,-2.39994478225708
4,194,1,2356,3.7322514057159424
4,194,2,731,3.6472342014312744
4,194,3,453,1.8125011920928955
4,194,4,644,0.9593781232833862
4,194,5,2706,0.13683977723121643
4,194,6,1064,0.01888790726661682
4,194,7,2971,-0.013246506452560425
4,194,8,2844,-0.17200517654418945
4,194,9,915,-0.3213112950325012
4,194,10,444,-0.6682323813438416
4,195,1,1442,4.647095203399658
4,195,2,2326,3.692472457885742
4,195,3,2897,0.952519416809082
4,195,4,346,0.758013129234314
4,195,5,2184,0.07600340247154236
4,195,6,2674,0.02411116100847721
4,195,7,576,-0.1672235131263733
4,195,8,3041,-0.7193996906280518
4,195,9,1383,-0.8029910922050476
4,195,10,1221,-1.0495495796203613
4,196,1,1446,5.472329616546631
4,196,2,707,0.8376587629318237
4,196,3,459,0.5976660251617432
4,196,4,2654,0.5133291482925415
4,196,5,986,0.026663340628147125
4,196,6,326,0.025277450680732727
4,196,7,3031,0.021393585950136185
4,196,8,3068,-0.0008814844768494368
4,196,9,1541,-1.201084852218628
4,196,10,446,-1.2373307943344116
4,197,1,1669,5.8796491622924805
4,197,2,2740,5.803096771240234
4,197,3,1236,3.277726411819458
4,197,4,193,1.3023760318756104
4,197,5,1779,0.9998859167098999
4,197,6,128,0.432422935962677
4,197,7,554,-0.5142840147018433
4,197,8,69,-0.5152226686477661
4,198,1,2793,3.4755961894989014
4,198,2,1236,2.960641384124756
4,198,3,2384,0.9900690317153931
4,198,4,1013,0.7525827288627625
4,198,5,94,0.47384917736053467
4,198,6,1438,0.20573343336582184
4,198,7,986,0.03584306687116623
4,198,8,566,-0.11874783039093018
4,198,9,1232,-0.2181243896484375
4,198,10,2997,-0.43712884187698364
4,199,1,2243,4.724730491638184
4,199,2,220,2.9972357749938965
4,199,3,1882,0.48176461458206177
4,199,4,1407,0.06907281279563904
4,199,5,1014,0.024988647550344467
4,199,6,495,-0.09286744892597198
4,199,7,668,-0.24068166315555573
4,199,8,2082,-0.3517577350139618
4,199,9,2895,-0.7679994106292725
4,199,10,2447,-1.172019362449646
4,200,1,1028,4.944235801696777
4,200,2,2253,4.195548057556152
4,200,3,3063,3.3313724994659424
4,200,4,3062,0.7173802852630615
4,200,5,1248,0.703678548336029
4,200,6,555,0.5968307852745056
4,200,7,546,0.3441449999809265
4,200,8,1089,0.3099464774131775
4,200,9,90,-0.05172079801559448
4,200,10,2892,-0.07840350270271301
4,201,1,1817,5.640458106994629
4,201,2,220,3.6740450859069824
4,201,3,283,0.7161591053009033
4,201,4,2087,0.6508026123046875
4,201,5,510,0.3520314395427704
4,201,6,1805,0.34672391414642334
4,201,7,962,0.043614886701107025
4,201,8,343,0.008722076192498207
4,201,9,1725,-0.5618581175804138
4,202,1,1028,6.435127258300781
4,202,2,2170,6.1809563636779785
4,202,3,962,0.04622957482933998
4,202,4,3059,0.03552667051553726
4,202,5,1167,-0.036598559468984604
4,202,6,1779,-0.06343710422515869
4,202,7,629,-0.47159311175346375
4,202,8,719,-0.7101638913154602
4,202,9,2978,-0.7308079600334167
4,204,1,2557,4.84953498840332
4,204,2,221,4.278506278991699
4,204,3,2754,4.256490707397461
4,204,4,2997,0.46677327156066895
4,204,5,2145,0.2915557622909546
4,204,6,1487,0.2757645845413208
4,204,7,1683,0.2540150582790375
4,204,8,22,0.10523363947868347
4,204,9,3004,-0.13942444324493408
4,204,10,533,-0.3841894865036011
4,205,1,2529,3.7466959953308105
4,205,2,2339,3.696115016937256
4,205,3,270,1.300734281539917
4,205,4,2347,0.7000424265861511
4,205,5,530,0.2033815085887909
4,205,6,786,0.029509101063013077
4,205,7,1791,-0.0721096619963646
4,205,8,2500,-0.23158606886863708
4,205,9,644,-0.3415714204311371
4,205,10,510,-0.34928804636001587
4,206,1,1208,7.580020904541016
4,206,2,2788,5.639782905578613
4,206,3,1171,1.2566720247268677
4,206,4,791,0.3782339096069336
4,206,5,30,0.2629527449607849
4,206,6,786,0.04622483253479004
4,206,7,1674,-0.014060258865356445
4,206,8,203,-0.20066341757774353
4,206,9,2897,-0.37060126662254333
4,207,1,430,5.726255416870117
4,207,2,747,4.872330665588379
4,207,3,168,2.7696304321289062
4,207,4,2257,0.6495199203491211
4,207,5,1342,0.44062989950180054
4,207,6,1160,0.3880492150783539
4,207,7,1723,0.3186689019203186
4,207,8,2452,0.10312873125076294
4,207,9,2988,0.03313224017620087
4,207,10,955,0.006883938796818256
4,208,1,1190,5.509732246398926
4,208,2,2228,4.005122184753418
4,208,3,168,3.9291086196899414
4,208,4,906,1.4188129901885986
4,208,5,426,0.5125753879547119
4,208,6,2145,0.17760628461837769
4,208,7,1344,-0.14968161284923553
4,208,8,2576,-0.16660907864570618
4,208,9,1793,-0.3049964904785156
4,208,10,2678,-0.6053808927536011
4,209,1,1651,5.451105117797852
4,209,2,2871,4.303890228271484
4,209,3,3016,0.8338198065757751
4,209,4,1196,0.7470476627349854
4,209,5,1992,0.033075928688049316
4,209,6,2802,0.0014184154570102692
4,209,7,136,-0.25894415378570557
4,209,8,2098,-0.5684502124786377
4,209,9,560,-0.6494158506393433
4,210,1,63,4.15215539932251
4,210,2,1685,3.4075140953063965
4,210,3,356,2.005427837371826
4,210,4,394,0.8722411394119263
4,210,5,2961,0.6193436980247498
4,210,6,2183,0.5489351749420166
4,210,7,239,0.005396867170929909
4,210,8,2819,-0.007915045134723186
4,210,9,754,-0.7563849687576294
4,210,10,1730,-1.2150636911392212
4,211,1,2986,6.0788679122924805
4,211,2,1215,5.366827011108398
4,211,3,5,4.6003546714782715
4,211,4,2788,1.144568681716919
4,211,5,3010,0.629890501499176
4,211,6,365,-0.034316305071115494
4,211,7,118,-0.07501420378684998
4,211,8,1818,-0.24082303047180176
4,211,9,59,-0.2990473210811615
4,211,10,773,-0.4694674015045166
4,212,1,2257,3.078904151916504
4,212,2,356,2.199885845184326
4,212,3,1078,0.34859421849250793
4,212,4,1018,0.07864770293235779
4,212,5,2841,-0.025095444172620773
4,212,6,3015,-0.20755212008953094
4,212,7,2288,-0.4142470061779022
4,212,8,851,-0.4688013195991516
4,212,9,3061,-0.7951360940933228
4,212,10,2869,-1.193204402923584
4,213,1,1215,3.856630563735962
4,213,2,2757,3.210587739944458
4,213,3,2871,2.6259682178497314
4,213,4,986,0.022699659690260887
4,213,5,148,-0.00672020111232996
4,213,6,2899,-0.18393972516059875
4,213,7,1002,-0.3243197798728943
4,213,8,6,-0.38602975010871887
4,214,1,1409,5.2376556396484375
4,214,2,2757,4.358035564422607
4,214,3,2257,2.2769458293914795
4,214,4,2321,0.26495009660720825
4,214,5,971,0.03708554059267044
4,214,6,2660,0.03582760691642761
4,214,7,2200,0.03340581804513931
4,214,8,1467,-0.09238028526306152
4,214,9,645,-0.7347216606140137
4,215,1,1409,4.2700347900390625
4,215,2,2757,3.548480987548828
4,215,3,106,2.9165866374969482
4,215,4,546,0.22982239723205566
4,215,5,189,0.114227294921875
4,215,6,123,0.0190170556306839
4,215,7,253,0.004495242610573769
4,215,8,1427,-0.4323107600212097
4,215,9,2521,-0.7515718936920166
4,216,1,1409,5.426885604858398
4,216,2,2257,2.298919439315796
4,216,3,629,0.7731223106384277
4,216,4,2557,0.6347997188568115
4,216,5,1767,0.5544211268424988
4,216,6,494,0.4806078374385834
4,216,7,2552,0.17321544885635376
4,216,8,2801,0.01671767234802246
4,216,9,2802,0.003178561106324196
4,216,10,231,-0.007208740338683128
4,217,1,784,5.226558685302734
4,217,2,730,5.106868743896484
4,217,3,393,4.114238739013672
4,217,4,1913,1.7087955474853516
4,217,5,2560,0.5864866375923157
4,217,6,11,0.28017696738243103
4,217,7,854,0.07518275082111359
4,217,8,1001,0.05650109052658081
4,217,9,1975,0.0560610331594944
4,217,10,1936,-0.26945969462394714
4,218,1,2365,5.907449722290039
4,218,2,1739,4.798513412475586
4,218,3,730,4.5860066413879395
4,218,4,1379,0.4258727431297302
4,218,5,1167,0.035490259528160095
4,218,6,1853,-0.0519312247633934
4,218,7,1995,-0.13330134749412537
4,218,8,1250,-0.1949518471956253
4,218,9,2916,-0.38008880615234375
4,218,10,118,-0.4712863862514496
4,219,1,617,5.414438247680664
4,219,2,2322,3.337064027786255
4,219,3,393,3.2794971466064453
4,219,4,2370,0.3946332633495331
4,219,5,2303,-0.2476588934659958
4,219,6,2645,-0.6943910717964172
4,220,1,784,3.357499599456787
4,220,2,1265,2.314107894897461
4,220,3,354,0.12410039454698563
4,220,4,2664,0.08045454323291779
4,220,5,2819,-0.008772563189268112
4,220,6,2416,-0.23156002163887024
4,220,7,2128,-0.2791905105113983
4,220,8,414,-0.2821286916732788
4,220,9,1266,-0.31054502725601196
4,221,1,759,5.485775947570801
4,221,2,2478,4.0265092849731445
4,221,3,1978,2.6447436809539795
4,221,4,1786,-0.00927707552909851
4,221,5,2994,-0.14719505608081818
4,221,6,1317,-0.17091910541057587
4,221,7,2211,-0.5117141604423523
4,221,8,2604,-0.5860985517501831
4,221,9,2616,-1.050889253616333
4,222,1,2525,4.818686008453369
4,222,2,1978,2.5722179412841797
4,222,3,1438,1.1705739498138428
4,222,4,118,0.13977260887622833
4,222,5,855,0.02326836995780468
4,222,6,1878,0.015354286879301071
4,222,7,2972,-1.4775516986846924
4,223,1,63,5.029117584228516
4,223,2,2478,3.2350664138793945
4,223,3,2708,3.1339364051818848
4,223,4,1931,0.039843108505010605
4,223,5,1665,-0.27864620089530945
4,223,6,2162,-0.31669169664382935
4,224,1,666,5.257516860961914
4,224,2,1685,4.942966461181641
4,224,3,1966,1.1535580158233643
4,224,4,222,0.015185296535491943
4,224,5,1970,-0.1057155430316925
4,224,6,2653,-0.11411675810813904
4,224,7,566,-0.1196441799402237
4,224,8,464,-0.4724656939506531
4,224,9,2140,-0.7481271624565125
4,224,10,2464,-0.9974194765090942
4,225,1,1659,3.1814749240875244
4,225,2,1221,0.629631757736206
4,225,3,1991,0.4802137017250061
4,225,4,1160,0.3524251878261566
4,225,5,532,0.3026454746723175
4,225,6,222,0.01748146116733551
4,225,7,977,0.011032494716346264
4,225,8,2892,-0.44797322154045105
4,226,1,2938,5.528867244720459
4,226,2,1659,4.791110038757324
4,226,3,730,0.18841683864593506
4,226,4,827,0.025786619633436203
4,226,5,740,-0.027025509625673294
4,226,6,319,-0.054546866565942764
4,226,7,106,-0.11110498756170273
4,226,8,2481,-0.20609551668167114
4,226,9,1728,-0.2593282461166382
4,226,10,2704,-0.2960517108440399
4,227,1,572,6.245343208312988
4,227,2,2595,5.497366905212402
4,227,3,2642,0.3341713547706604
4,227,4,3009,0.3157140612602234
4,227,5,222,0.03536049276590347
4,227,6,2340,-0.0959133580327034
4,227,7,629,-0.1629178822040558
4,227,8,1817,-0.45794785022735596
4,228,1,2938,3.7649242877960205
4,228,2,198,3.2579474449157715
4,228,3,1659,3.242079257965088
4,228,4,2576,0.7665146589279175
4,228,5,2363,0.7007458806037903
4,228,6,1920,0.3147486448287964
4,228,7,869,-0.136015847325325
4,228,8,474,-0.2431437075138092
4,228,9,1381,-0.24996796250343323
4,228,10,773,-0.4378758370876312
4,229,1,1673,5.4354753494262695
4,229,2,189,5.30064582824707
4,229,3,613,5.268121719360352
4,229,4,30,2.9092307090759277
4,229,5,637,0.8896836638450623
4,229,6,2135,0.16540241241455078
4,229,7,2033,-0.13537177443504333
4,229,8,1990,-0.3033543527126312
4,229,9,1037,-0.6482704281806946
4,229,10,1613,-1.9494616985321045
4,230,1,2185,5.324522018432617
4,230,2,1580,4.84130859375
4,230,3,30,3.021033525466919
4,230,4,1982,0.8520353436470032
4,230,5,852,0.4511004686355591
4,230,6,1550,-0.08123934268951416
4,230,7,925,-0.08998280763626099
4,230,8,2356,-0.48115402460098267
4,230,9,2486,-1.0170888900756836
4,230,10,2723,-1.285293459892273
4,231,1,2165,5.498444557189941
4,231,2,2990,4.0173749923706055
4,231,3,1787,3.6498262882232666
4,231,4,1763,0.21142379939556122
4,231,5,1167,0.016901010647416115
4,231,6,1383,-0.3623032569885254
4,231,7,655,-0.4909597635269165
4,231,8,2018,-0.9818115234375
4,231,9,1645,-1.3497605323791504
4,231,10,556,-1.485086441040039
4,232,1,30,4.137338638305664
4,232,2,1787,4.022759437561035
4,232,3,2210,0.2530416250228882
4,232,4,1422,0.24472075700759888
4,232,5,1931,0.06844277679920197
4,232,6,1323,0.012883970513939857
4,232,7,1975,-0.005861586891114712
4,232,8,2839,-0.04361867904663086
4,232,9,2870,-0.40846577286720276
4,232,10,2665,-0.6750259399414062
4,233,1,1977,3.4420080184936523
4,233,2,30,3.3976449966430664
4,233,3,132,3.3379578590393066
4,233,4,696,0.5465294718742371
4,233,5,2253,0.40369829535484314
4,233,6,2832,0.26581287384033203
4,233,7,786,0.032212674617767334
4,233,8,173,-0.10746735334396362
4,233,9,2630,-0.616400957107544
4,235,1,416,5.211407661437988
4,235,2,132,2.335228443145752
4,235,3,1190,0.4416867792606354
4,235,4,2112,0.4325803220272064
4,235,5,2846,0.02857865020632744
4,235,6,2134,0.02571655809879303
4,235,7,2044,0.015101508237421513
4,235,8,1926,-0.04827258735895157
4,235,9,2370,-0.1849222332239151
4,235,10,2920,-0.37767621874809265
4,236,1,1744,5.779158592224121
4,236,2,483,5.772692680358887
4,236,3,2389,4.957569599151611
4,236,4,272,1.3528387546539307
4,236,5,1603,0.48252713680267334
4,236,6,2309,-0.010831683874130249
4,236,7,2810,-0.3346930742263794
4,236,8,257,-0.629906177520752
4,236,9,1775,-0.7570754289627075
4,236,10,1791,-1.4048058986663818
4,237,1,1111,5.216939926147461
4,237,2,532,4.881475448608398
4,237,3,1632,4.780974864959717
4,237,4,1587,0.7245131731033325
4,237,5,410,0.5188541412353516
4,237,6,1853,-0.011801354587078094
4,237,7,6,-0.2731887996196747
4,237,8,2050,-0.5984443426132202
4,237,9,560,-0.709632396697998
4,237,10,33,-0.7301095724105835
4,238,1,1465,5.825496673583984
4,238,2,1744,5.406621932983398
4,238,3,1346,5.1834821701049805
4,238,4,410,0.5998368263244629
4,238,5,434,0.4980875849723816
4,238,6,2228,0.2516114115715027
4,238,7,1379,0.20458456873893738
4,238,8,298,0.060115717351436615
4,238,9,1970,0.04503476619720459
4,238,10,1866,-0.13958659768104553
4,239,1,2916,5.136882781982422
4,239,2,2092,4.554868221282959
4,239,3,2009,3.382471799850464
4,239,4,627,1.74642813205719
4,239,5,216,0.3835314214229584
4,239,6,1988,0.1337590217590332
4,239,7,854,0.08175675570964813
4,239,8,2134,0.02298840880393982
4,239,9,1270,-0.2622930705547333
4,239,10,2285,-0.3864377439022064
4,240,1,532,5.155599117279053
4,240,2,1413,5.109958171844482
4,240,3,1659,0.9409847259521484
4,240,4,89,0.15969985723495483
4,240,5,1113,0.1479007601737976
4,240,6,1745,0.07743041217327118
4,240,7,2031,0.03367805853486061
4,240,8,2209,0.03141113370656967
4,240,9,1869,-0.1716068536043167
4,240,10,1300,-0.39340996742248535
4,241,1,1654,5.61421012878418
4,241,2,2345,4.6952223777771
4,241,3,793,4.355277061462402
4,241,4,1400,0.41714099049568176
4,241,5,1766,0.3102329969406128
4,241,6,2368,-0.03663879632949829
4,241,7,2024,-0.04635971784591675
4,241,8,1344,-0.09818229079246521
4,241,9,1891,-0.19738952815532684
4,241,10,2370,-0.30182164907455444
4,242,1,447,5.555835723876953
4,242,2,2576,4.753993988037109
4,242,3,2345,4.132928371429443
4,242,4,483,3.3194632530212402
4,242,5,8,1.0191532373428345
4,242,6,2237,0.6630635261535645
4,242,7,1621,0.2255382239818573
4,242,8,2007,0.19741913676261902
4,242,9,2988,0.10750866681337357
4,242,10,381,-0.0032422076910734177
4,243,1,1654,5.197181701660156
4,243,2,1067,4.7704925537109375
4,243,3,1048,0.4405921697616577
4,243,4,2826,0.21562129259109497
4,243,5,11,0.028767630457878113
4,243,6,2209,0.028684202581644058
4,243,7,2678,-0.2971317768096924
4,243,8,315,-0.5069308280944824
4,243,9,1946,-0.5476473569869995
4,243,10,1212,-1.1236889362335205
4,244,1,1413,5.29046106338501
4,244,2,656,5.00102424621582
4,244,3,2576,4.790902137756348
4,244,4,394,0.03866693377494812
4,244,5,906,-0.11714103817939758
4,244,6,1651,-0.2220190018415451
4,244,7,644,-0.4182904362678528
4,244,8,584,-0.7133041024208069
4,245,1,2293,6.201951026916504
4,245,2,1067,4.879209518432617
4,245,3,97,3.892529010772705
4,245,4,2136,0.5969517230987549
4,245,5,2157,0.4175012707710266
4,245,6,22,0.3171702027320862
4,245,7,208,-0.19859528541564941
4,245,8,742,-0.23166680335998535
4,245,9,2804,-0.7519210577011108
4,246,1,508,5.595152378082275
4,246,2,2576,4.613274097442627
4,246,3,627,4.244278907775879
4,246,4,1570,0.45068395137786865
4,246,5,890,0.08118370175361633
4,246,6,2078,0.03042083978652954
4,246,7,140,0.002620084211230278
4,246,8,2002,-0.021959422156214714
4,246,9,1940,-0.3240717351436615
4,246,10,2609,-0.5009732246398926
4,247,1,97,3.514688014984131
4,247,2,627,3.2977349758148193
4,247,3,1310,2.6648030281066895
4,247,4,483,1.2611923217773438
4,247,5,783,0.5292508602142334
4,247,6,1449,0.3694606423377991
4,247,7,1738,0.12443733215332031
4,247,8,1898,0.07254151999950409
4,247,9,393,0.0688556358218193
4,247,10,530,-0.21217229962348938
4,248,1,1121,4.701785564422607
4,248,2,1310,3.238084077835083
4,248,3,1456,2.815134286880493
4,248,4,1716,1.1101410388946533
4,248,5,621,-0.061495959758758545
4,248,6,1044,-0.5302450060844421
4,248,7,338,-0.5817214250564575
4,248,8,2048,-0.6361379027366638
4,248,9,1858,-1.2070600986480713
4,248,10,1342,-1.4827383756637573
4,249,1,2160,5.602615833282471
4,249,2,627,4.454406261444092
4,249,3,1456,3.136782646179199
4,249,4,2283,0.6555917263031006
4,249,5,2739,0.16429033875465393
4,249,6,784,0.01158878207206726
4,249,7,1917,-0.021214766427874565
4,249,8,3027,-0.3277127742767334
4,249,9,1012,-0.42741715908050537
4,249,10,455,-0.7031142115592957
4,251,1,653,5.195233345031738
4,251,2,1376,5.147921562194824
4,251,3,2297,3.633256435394287
4,251,4,2345,1.5252578258514404
4,251,5,2111,0.9205282926559448
4,251,6,2389,0.7909157872200012
4,251,7,1792,-0.1467711329460144
4,251,8,1317,-0.49940845370292664
4,252,1,2961,5.587900638580322
4,252,2,2042,3.492302417755127
4,252,3,2801,3.3045783042907715
4,252,4,2345,1.126525640487671
4,252,5,1113,1.0258508920669556
4,252,6,2867,0.5478891730308533
4,252,7,2687,0.19908306002616882
4,252,8,169,0.03925113379955292
4,252,9,2280,-0.03503867983818054
4,252,10,3009,-0.33891552686691284
4,253,1,664,5.80177116394043
4,253,2,1376,5.5148210525512695
4,253,3,2801,3.568903684616089
4,253,4,1465,0.9785173535346985
4,253,5,2127,-1.0012400150299072
4,253,6,2412,-1.1248154640197754
4,253,7,1424,-1.201948642730713
4,253,8,2606,-1.281721830368042
4,254,1,2042,4.206534385681152
4,254,2,2801,4.081825256347656
4,254,3,289,3.63217830657959
4,254,4,2830,0.9253613948822021
4,254,5,104,-0.055075764656066895
4,254,6,3073,-0.21422290802001953
4,254,7,128,-0.2988509237766266
4,254,8,2583,-0.519763708114624
4,254,9,1898,-0.5438456535339355
4,254,10,1254,-0.701162576675415
4,255,1,2324,5.279046058654785
4,255,2,504,5.1390604972839355
4,255,3,2590,4.345617294311523
4,255,4,1116,0.20359638333320618
4,255,5,1157,-0.044942572712898254
4,255,6,410,-0.17456279695034027
4,255,7,3047,-0.3945865333080292
4,255,8,1391,-0.8747918605804443
4,255,9,1501,-1.2029340267181396
4,256,1,653,5.753084659576416
4,256,2,2324,5.300383567810059
4,256,3,273,4.500178337097168
4,256,4,1654,1.7191201448440552
4,256,5,2576,1.4813603162765503
4,256,6,609,0.8927196860313416
4,256,7,1710,0.8416022658348083
4,256,8,1438,-0.10415548086166382
4,256,9,3017,-0.6514373421669006
4,256,10,1078,-0.8276186585426331
4,257,1,194,5.815048694610596
4,257,2,2093,5.451849937438965
4,257,3,78,3.3118419647216797
4,257,4,2075,0.5168508291244507
4,257,5,2127,-0.01886218786239624
4,258,1,2769,5.550455093383789
4,258,2,787,4.3798322677612305
4,258,3,998,3.794796943664551
4,258,4,105,3.6746160984039307
4,258,5,257,0.23779037594795227
4,258,6,143,0.06004557013511658
4,258,7,2578,-0.13912039995193481
4,258,8,576,-0.4748728275299072
4,258,9,2476,-1.038699984550476
4,259,1,852,5.3273515701293945
4,259,2,2590,5.073698997497559
4,259,3,2772,4.4443206787109375
4,259,4,2504,0.5904830098152161
4,259,5,288,0.02353639155626297
4,259,6,398,-0.21008069813251495
4,259,7,38,-0.34359657764434814
4,259,8,724,-1.0429010391235352
4,260,1,1558,6.061097145080566
4,260,2,259,5.055947780609131
4,260,3,2328,5.034454345703125
4,260,4,2090,0.5612744092941284
4,260,5,2025,-0.011669171042740345
4,260,6,576,-0.7403236031532288
4,260,7,1767,-0.9403942823410034
4,262,1,2743,5.756104469299316
4,262,2,2429,5.251145362854004
4,262,3,259,5.008550643920898
4,262,4,477,0.40443408489227295
4,262,5,1917,0.03750557824969292
4,262,6,860,-0.04954956844449043
4,262,7,2162,-0.3138251304626465
4,262,8,2780,-0.4744347631931305
4,262,9,2104,-0.8974183797836304
4,262,10,1428,-1.1349858045578003
4,263,1,2772,4.862919330596924
4,263,2,852,4.421217918395996
4,263,3,3048,3.3182473182678223
4,263,4,38,-0.008011668920516968
4,263,5,82,-0.13678932189941406
4,263,6,3054,-1.1143929958343506
4,263,7,39,-1.307807445526123
4,263,8,62,-1.3168694972991943
4,264,1,1380,4.452186107635498
4,264,2,869,3.4930760860443115
4,264,3,164,3.199795722961426
4,264,4,1429,1.1407984495162964
4,264,5,1592,0.480568528175354
4,264,6,1531,0.3084689974784851
4,264,7,1853,-0.015111763030290604
4,264,8,986,-0.01784224808216095
4,265,1,65,5.286342620849609
4,265,2,1383,4.085537910461426
4,265,3,869,3.3794937133789062
4,265,4,434,0.749300479888916
4,265,5,2157,0.7449637651443481
4,265,6,833,0.696157693862915
4,265,7,895,-0.015278417617082596
4,265,8,2196,-0.21859294176101685
4,265,9,1833,-0.4240519404411316
4,265,10,585,-0.4360630214214325
4,266,1,105,6.2251129150390625
4,266,2,2867,4.447686195373535
4,266,3,164,3.393562078475952
4,266,4,2743,2.622455596923828
4,266,5,506,0.6752448081970215
4,266,6,1263,-0.28869393467903137
4,266,7,899,-0.3566893935203552
4,266,8,6,-0.3692820370197296
4,266,9,2678,-0.6650556325912476
4,266,10,2259,-0.7379598617553711
4,267,1,49,4.857234001159668
4,267,2,1383,3.4453821182250977
4,267,3,869,2.685412883758545
4,267,4,663,1.587313175201416
4,267,5,916,-0.0011438175570219755
4,267,6,1300,-0.8816545605659485
4,267,7,1546,-0.9225658178329468
4,268,1,1380,4.494596004486084
4,268,2,869,3.3031558990478516
4,268,3,540,0.9212725162506104
4,268,4,2354,0.8263556361198425
4,268,5,1466,0.7006571888923645
4,268,6,1962,0.041613154113292694
4,268,7,1625,-0.051180340349674225
4,268,8,2441,-0.48645323514938354
4,268,9,948,-0.9459069967269897
4,268,10,1696,-1.4185497760772705
4,269,1,1380,5.036082744598389
4,269,2,1383,4.741946220397949
4,269,3,2191,0.5082729458808899
4,269,4,1866,0.0883616954088211
4,269,5,1258,0.06467807292938232
4,269,6,1625,-0.053979746997356415
4,269,7,1535,-0.0857868418097496
4,269,8,2533,-0.1667909026145935
4,269,9,1381,-0.23332397639751434
4,269,10,2727,-0.43649786710739136
4,271,1,2212,5.302628517150879
4,271,2,1159,5.269469261169434
4,271,3,2578,2.3622231483459473
4,271,4,1064,0.3747948408126831
4,271,5,707,0.04626166820526123
4,271,6,2237,0.04345005750656128
4,271,7,1368,-0.016670383512973785
4,271,8,884,-0.19951289892196655
4,271,9,2448,-0.2635900378227234
4,272,1,1380,4.318142890930176
4,272,2,1750,4.074662685394287
4,272,3,1383,4.019490718841553
4,272,4,1235,1.3932874202728271
4,272,5,59,0.6487539410591125
4,272,6,2432,0.15298941731452942
4,272,7,1091,0.09236571937799454
4,272,8,969,-0.29567331075668335
4,272,9,1644,-0.34352245926856995
4,272,10,1034,-0.6638202667236328
4,273,1,1180,4.319140434265137
4,273,2,1516,4.178221225738525
4,273,3,1376,0.35727018117904663
4,273,4,1496,0.0021952707320451736
4,273,5,140,-0.003184683620929718
4,273,6,1507,-0.13833463191986084
4,273,7,97,-0.4623607397079468
4,273,8,656,-0.5752556920051575
4,273,9,2925,-0.867455005645752
4,273,10,1495,-1.165045976638794
4,274,1,2274,4.863307952880859
4,274,2,1380,4.105693817138672
4,274,3,259,1.7012200355529785
4,274,4,1875,1.2674853801727295
4,274,5,742,-0.13810008764266968
4,274,6,2543,-0.22017820179462433
4,274,7,2870,-0.229207843542099
4,274,8,25,-0.25018447637557983
4,274,9,1104,-0.6920303702354431
4,274,10,2435,-0.8601433038711548
4,277,1,2197,4.171181678771973
4,277,2,1582,4.050533771514893
4,277,3,1963,3.131765604019165
4,277,4,502,0.9797022938728333
4,277,5,2293,0.1612865924835205
4,277,6,2238,0.13022050261497498
4,277,7,971,0.05597840994596481
4,277,8,343,0.03595070168375969
4,277,9,984,-0.052856504917144775
4,277,10,471,-1.0536253452301025
4,278,1,663,6.168115139007568
4,278,2,1400,5.531848907470703
4,278,3,1766,3.7863407135009766
4,278,4,1540,1.7182998657226562
4,278,5,2801,-0.14783437550067902
4,278,6,1725,-0.26455217599868774
4,278,7,438,-0.28209343552589417
4,278,8,1386,-0.4093126654624939
4,278,9,1723,-0.9372403025627136
4,279,1,2280,5.710254192352295
4,279,2,2197,4.748661994934082
4,279,3,1303,3.9371447563171387
4,279,4,1688,0.1635887622833252
4,279,5,594,0.10013699531555176
4,279,6,2261,0.09638231992721558
4,279,7,634,-0.17794044315814972
4,279,8,2780,-0.5979796648025513
4,279,9,1009,-0.8242174386978149
4,279,10,628,-1.8496605157852173
4,280,1,2628,5.181631088256836
4,280,2,1766,3.6283164024353027
4,280,3,166,-0.008625789545476437
4,280,4,140,-0.039088692516088486
4,280,5,2776,-0.29227572679519653
4,280,6,439,-0.42918646335601807
4,280,7,248,-0.5609308481216431
4,282,1,192,6.1647820472717285
4,282,2,2628,5.663454532623291
4,282,3,1380,1.908332109451294
4,282,4,910,0.7345964908599854
4,282,5,2655,0.024453235790133476
4,282,6,288,0.00741964764893055
4,282,7,2195,0.0013042986392974854
4,282,8,2145,-0.10128554701805115
4,282,9,1287,-0.5127310752868652
4,282,10,1359,-0.8778881430625916
4,283,1,719,4.712381362915039
4,283,2,1875,3.8478288650512695
4,283,3,1963,3.8318300247192383
4,283,4,2502,0.6904110312461853
4,283,5,1101,0.28415852785110474
4,283,6,1769,0.09948486089706421
4,283,7,627,-0.05953878164291382
4,283,8,598,-0.13352647423744202
4,283,9,2481,-0.28213000297546387
4,283,10,1805,-0.9031332731246948
4,284,1,1277,3.772770404815674
4,284,2,1963,2.887718915939331
4,284,3,1995,0.9441969394683838
4,284,4,1101,0.7497448921203613
4,284,5,1612,0.05649178475141525
4,284,6,740,0.049921538680791855
4,284,7,326,-0.005019890144467354
4,284,8,1266,-0.06222265958786011
4,284,9,2302,-0.1954704225063324
4,284,10,2972,-0.21515734493732452
4,285,1,1466,5.824930191040039
4,285,2,1344,1.5608923435211182
4,285,3,2270,0.8418225049972534
4,285,4,2092,0.32978305220603943
4,285,5,1251,0.14023464918136597
4,285,6,3011,0.07097192108631134
4,285,7,740,0.056122295558452606
4,285,8,1831,-0.10826030373573303
4,285,9,2042,-0.3778476417064667
4,285,10,1047,-1.544024109840393
4,286,1,553,5.397297382354736
4,286,2,1540,4.363482475280762
4,286,3,1053,3.1993913650512695
4,286,4,703,0.38120409846305847
4,286,5,317,-0.009677134454250336
4,286,6,2184,-0.037612058222293854
4,286,7,1163,-0.38375526666641235
4,286,8,306,-0.47665271162986755
4,286,9,2114,-0.6464551091194153
4,287,1,176,5.016251564025879
4,287,2,2407,4.823480606079102
4,287,3,1053,2.8608181476593018
4,287,4,1336,1.119771122932434
4,287,5,1116,0.7750620245933533
4,287,6,1567,0.21240569651126862
4,287,7,948,0.08376803994178772
4,287,8,1758,0.056436583399772644
4,287,9,2925,-0.3601663112640381
4,287,10,717,-0.3993479013442993
4,288,1,1437,5.4514665603637695
4,288,2,783,4.52260684967041
4,288,3,2580,2.269453525543213
4,288,4,1760,1.4197287559509277
4,288,5,915,0.3966939449310303
4,288,6,2687,0.13191600143909454
4,288,7,851,0.12343254685401917
4,288,8,2521,0.09509396553039551
4,288,9,987,-0.0016041146591305733
4,288,10,1231,-0.019794970750808716
4,289,1,2554,3.3725242614746094
4,289,2,1466,2.5499942302703857
4,289,3,3057,0.2717120051383972
4,289,4,134,0.05365961790084839
4,289,5,1161,-0.18094882369041443
4,289,6,2736,-0.21024289727210999
4,289,7,1002,-0.245443657040596
4,289,8,1594,-0.2637110948562622
4,289,9,333,-0.27334633469581604
4,289,10,2920,-0.9350326657295227
4,290,1,1344,5.641400337219238
4,290,2,176,2.212576389312744
4,290,3,860,0.0849742442369461
4,290,4,13,-0.014862461015582085
4,290,5,2660,-0.22786398231983185
4,290,6,2391,-0.6976611018180847
4,291,1,2090,5.036043167114258
4,291,2,727,3.837515354156494
4,291,3,533,2.6658177375793457
4,291,4,948,0.41237521171569824
4,291,5,2328,0.3075423240661621
4,291,6,1802,0.22323967516422272
4,291,7,2604,0.22171533107757568
4,291,8,3053,0.20936504006385803
4,291,9,742,0.15463343262672424
4,291,10,243,0.017538094893097878
4,292,1,375,4.695892333984375
4,292,2,533,3.0248351097106934
4,292,3,1642,0.6588737964630127
4,292,4,32,0.6267966032028198
4,292,5,2160,0.5441038608551025
4,292,6,134,0.05379343777894974
4,292,7,996,0.04838860034942627
4,292,8,2727,-0.016324371099472046
4,292,9,1481,-0.06153324246406555
4,292,10,1898,-0.35331350564956665
4,293,1,1344,4.6495184898376465
4,293,2,2952,4.606845855712891
4,293,3,1571,0.78208327293396
4,293,4,1600,0.7111123204231262
4,293,5,2206,0.369363397359848
4,293,6,30,0.35205620527267456
4,293,7,2674,0.08493746072053909
4,293,8,2225,0.005688413977622986
4,293,9,13,-0.012834152206778526
4,293,10,2851,-0.10709019005298615
4,294,1,2616,4.424518585205078
4,294,2,1794,3.7273874282836914
4,294,3,314,2.973687171936035
4,294,4,3073,0.5599241852760315
4,294,5,2811,0.0017807744443416595
4,294,6,2814,-0.11555130779743195
4,294,7,1792,-0.19685989618301392
4,294,8,2757,-0.353944331407547
4,294,9,612,-0.387868732213974
4,294,10,1302,-0.4953646659851074
4,295,1,2929,5.828627586364746
4,295,2,285,5.770658016204834
4,295,3,510,5.073229789733887
4,295,4,2082,0.9082761406898499
4,295,5,157,0.0479179322719574
4,295,6,628,-0.13548769056797028
4,295,7,1738,-0.335602343082428
4,295,8,3037,-0.394478440284729
4,295,9,1781,-0.6143008470535278
4,295,10,2211,-1.3112074136734009
4,297,1,1381,6.0521955490112305
4,297,2,1344,4.033596515655518
4,297,3,2963,0.5411440134048462
4,297,4,2830,0.24854186177253723
4,297,5,2025,0.04376916587352753
4,297,6,3040,0.033976972103118896
4,297,7,2,-0.24434855580329895
4,297,8,2486,-1.1967971324920654
4,297,9,1062,-1.2737141847610474
4,298,1,2128,5.463906764984131
4,298,2,3061,4.901719570159912
4,298,3,581,1.6173031330108643
4,298,4,216,0.5673118829727173
4,298,5,143,0.05129507556557655
4,298,6,3040,0.03099580481648445
4,298,7,701,-0.4040934145450592
4,298,8,2476,-0.6554983258247375
4,298,9,203,-1.524604320526123
4,299,1,2616,4.692359924316406
4,299,2,540,4.560164451599121
4,299,3,2969,4.549668788909912
4,299,4,510,4.042888641357422
4,299,5,518,1.5058326721191406
4,299,6,1540,1.290407419204712
4,299,7,1673,0.018633127212524414
4,299,8,2180,-0.06587675213813782
4,299,9,1001,-0.27977049350738525
4,299,10,3009,-0.5527349710464478
4,300,1,2343,5.072596549987793
4,300,2,1597,3.5851564407348633
4,300,3,1592,3.5015697479248047
4,300,4,1528,1.0806636810302734
4,300,5,2739,0.6222772598266602
4,300,6,477,0.5469872951507568
4,300,7,1601,-0.6356937885284424
4,300,8,615,-0.6882104873657227
4,300,9,2751,-0.761401891708374
4,300,10,2234,-0.9454649686813354
4,301,1,1072,4.407850742340088
4,301,2,1016,3.812441825866699
4,301,3,315,3.5052924156188965
4,301,4,1465,0.22164908051490784
4,301,5,1161,0.14436709880828857
4,301,6,617,-0.11879587173461914
4,301,7,1280,-0.4593537151813507
4,301,8,2412,-0.6319563984870911
4,301,9,2315,-1.1490188837051392
4,302,1,2978,4.962904930114746
4,302,2,1920,3.6543636322021484
4,302,3,1592,3.546901226043701
4,302,4,1897,0.4891211986541748
4,302,5,1157,0.39123350381851196
4,302,6,1809,0.06225103139877319
4,302,7,2988,0.037552449852228165
4,302,8,2344,-0.8470897674560547
4,303,1,1189,5.919809818267822
4,303,2,1113,5.9169769287109375
4,303,3,315,4.3480987548828125
4,303,4,1811,4.001435279846191
4,303,5,1781,1.6956212520599365
4,303,6,1206,1.1148239374160767
4,303,7,506,0.43605837225914
4,303,8,2990,0.1536494493484497
4,303,9,1495,-0.29032576084136963
4,303,10,203,-0.5014880895614624
4,304,1,1189,5.465600490570068
4,304,2,1571,5.205757141113281
4,304,3,1868,3.5220112800598145
4,304,4,1478,0.34640151262283325
4,304,5,767,0.0676223635673523
4,304,6,1301,-0.001156821846961975
4,304,7,1748,-0.6173537969589233
4,304,8,1939,-0.7733975648880005
4,304,9,2366,-1.233656883239746
4,304,10,601,-1.429389476776123
4,305,1,1449,5.431944847106934
4,305,2,1823,4.443360328674316
4,305,3,357,3.1372263431549072
4,305,4,2566,0.4658074975013733
4,305,5,293,0.3144649863243103
4,305,6,1018,0.23947773873806
4,305,7,1157,0.017740100622177124
4,305,8,2826,-0.06998026371002197
4,305,9,1352,-0.2346544861793518
4,305,10,1251,-0.37889838218688965
4,306,1,2899,3.943159341812134
4,306,2,1221,2.922064781188965
4,306,3,1481,2.3778672218322754
4,306,4,2193,0.9099442958831787
4,306,5,949,0.3511723279953003
4,306,6,1278,0.1989736407995224
4,306,7,1832,0.08401764184236526
4,306,8,1342,-0.102253258228302
4,306,9,773,-0.6987296938896179
4,306,10,1757,-0.7278556823730469
4,307,1,562,5.871070861816406
4,307,2,2623,4.536919593811035
4,307,3,357,3.7743847370147705
4,307,4,553,1.2839887142181396
4,307,5,1718,0.7547447681427002
4,307,6,2500,0.25968125462532043
4,307,7,2760,0.021336790174245834
4,307,8,1006,0.014777172356843948
4,307,9,270,-0.21433453261852264
4,307,10,189,-0.21450284123420715
4,308,1,1823,5.024711608886719
4,308,2,1611,4.938395977020264
4,308,3,1116,4.2175798416137695
4,308,4,1101,1.599618911743164
4,308,5,1367,0.6834427118301392
4,308,6,621,0.5686268210411072
4,308,7,2500,0.1940169632434845
4,308,8,168,0.1938237100839615
4,308,9,82,-0.19671250879764557
4,308,10,2183,-0.2331101894378662
4,309,1,1701,6.0399627685546875
4,309,2,59,4.960990905761719
4,309,3,2623,4.233371257781982
4,309,4,1016,3.5548460483551025
4,309,5,1111,0.2565405070781708
4,309,6,1490,0.23982378840446472
4,309,7,1,0.21658992767333984
4,309,8,2697,0.1707490086555481
4,309,9,2322,0.1222982406616211
4,309,10,1315,-0.6901805996894836
4,310,1,1995,6.459597110748291
4,310,2,69,6.023318290710449
4,310,3,1116,4.449749946594238
4,310,4,918,1.1223883628845215
4,310,5,1344,0.8304904103279114
4,310,6,747,0.56220543384552
4,310,7,1501,0.522864580154419
4,310,8,2790,0.2462497353553772
4,310,9,1793,0.2386472523212433
4,310,10,682,0.08806084096431732
4,311,1,2686,5.910865783691406
4,311,2,1571,5.5880961418151855
4,311,3,1811,4.221251487731934
4,311,4,1029,0.6157617568969727
4,311,5,1412,0.5399547219276428
4,311,6,3059,0.05368207395076752
4,311,7,1769,0.03537392616271973
4,311,8,393,-0.06899704039096832
4,311,9,98,-0.2853296399116516
4,312,1,1221,3.834784507751465
4,312,2,1116,3.6824278831481934
4,312,3,385,3.046236515045166
4,312,4,347,0.0640060305595398
4,312,5,298,0.06183023005723953
4,312,6,1547,-0.11909082531929016
4,312,7,2253,-0.48499470949172974
4,312,8,95,-0.6759008169174194
4,314,1,1198,6.439203262329102
4,314,2,975,4.111551284790039
4,314,3,2623,3.5807626247406006
4,314,4,3069,2.918489694595337
4,314,5,2200,1.1735236644744873
4,314,6,2758,-0.01758788526058197
4,314,7,1307,-0.18320715427398682
4,314,8,1757,-0.9414672255516052
4,314,9,2892,-1.8677384853363037
4,315,1,1206,4.432218551635742
4,315,2,1481,3.3575282096862793
4,315,3,3069,2.7720985412597656
4,315,4,288,0.06611804664134979
4,315,5,827,0.047980718314647675
4,315,6,1037,0.01431063562631607
4,315,7,671,-0.23567348718643188
4,315,8,1621,-0.5138034820556641
4,315,9,2019,-0.901431679725647
4,315,10,1335,-1.5335537195205688
4,316,1,633,4.115978240966797
4,316,2,385,2.4918248653411865
4,316,3,1407,0.4316256046295166
4,316,4,1347,0.21590876579284668
4,316,5,143,0.0636788159608841
4,316,6,911,0.04874919354915619
4,316,7,1080,0.021983064711093903
4,316,8,2691,-0.058286070823669434
4,316,9,724,-0.11247318983078003
4,316,10,1985,-0.2893526554107666
4,317,1,2176,5.028812408447266
4,317,2,1541,3.9728856086730957
4,317,3,3069,3.167715549468994
4,317,4,189,1.1085559129714966
4,317,5,667,0.7435376644134521
4,317,6,1165,0.48460063338279724
4,317,7,1826,0.3575800955295563
4,317,8,298,0.040406450629234314
4,317,9,1570,-0.041766732931137085
4,318,1,2106,6.547486305236816
4,318,2,1367,5.9117889404296875
4,318,3,633,4.585738182067871
4,318,4,1995,1.770166039466858
4,318,5,2615,0.6854230165481567
4,318,6,430,0.12563961744308472
4,318,7,2661,-0.113939568400383
4,318,8,2018,-0.8829363584518433
4,319,1,2971,4.12711238861084
4,319,2,2686,1.1771016120910645
4,319,3,1478,0.5148444175720215
4,319,4,1577,0.24193739891052246
4,319,5,143,0.057469867169857025
4,319,6,330,-0.019336054101586342
4,323,1,2176,5.0991034507751465
4,323,2,1422,3.994182825088501
4,323,3,982,2.33697509765625
4,323,4,613,0.19508075714111328
4,323,5,381,-0.027331672608852386
4,323,6,541,-0.13949748873710632
4,323,7,482,-0.1600722074508667
4,323,8,1809,-0.16508114337921143
4,323,9,2793,-0.6622004508972168
4,323,10,2243,-0.7403794527053833
4,324,1,1367,3.774883270263672
4,324,2,2956,3.2749180793762207
4,324,3,2363,3.206573009490967
4,324,4,2291,0.47883743047714233
4,324,5,1376,0.07306107878684998
4,324,6,2673,-0.018603187054395676
4,324,7,655,-0.03576464205980301
4,324,8,747,-0.1135924756526947
4,324,9,1785,-0.12363140285015106
4,324,10,257,-0.22662243247032166
4,325,1,1062,4.928918838500977
4,325,2,1991,4.026618957519531
4,325,3,663,0.4367978870868683
4,325,4,239,0.009632798843085766
4,325,5,357,-0.05585642158985138
4,325,6,479,-0.24938076734542847
4,325,7,137,-0.8267687559127808
4,325,8,2513,-1.1401816606521606
4,325,9,906,-1.1448878049850464
4,325,10,2256,-1.171166181564331
4,326,1,1991,4.143901348114014
4,326,2,851,3.275282144546509
4,326,3,1691,1.1660573482513428
4,326,4,2087,0.49104398488998413
4,326,5,2590,0.42020756006240845
4,326,6,2,0.2659901976585388
4,326,7,1902,-0.036657072603702545
4,326,8,1100,-0.44422146677970886
4,327,1,2971,4.659632682800293
4,327,2,3027,3.796908140182495
4,327,3,2659,3.569815158843994
4,327,4,982,3.0810699462890625
4,327,5,295,-0.8553321361541748
4,327,6,2740,-0.8610028028488159
4,327,7,356,-0.9464812278747559
4,327,8,2440,-1.084762454032898
4,328,1,2084,6.061428546905518
4,328,2,637,5.448733806610107
4,328,3,2484,4.398190498352051
4,328,4,2727,1.3434383869171143
4,328,5,1362,0.39394137263298035
4,328,6,1738,0.28294533491134644
4,328,7,2328,0.10340946912765503
4,328,8,1745,0.008559811860322952
4,328,9,239,0.007046462967991829
4,328,10,142,-0.004187477752566338
4,329,1,1064,4.3892717361450195
4,329,2,1964,4.070154666900635
4,329,3,1688,3.4821596145629883
4,329,4,1221,0.8396760821342468
4,329,5,2476,0.789435863494873
4,329,6,2089,0.4496150016784668
4,329,7,257,0.08949878811836243
4,329,8,1907,0.08156393468379974
4,329,9,148,0.011921364814043045
4,329,10,2016,-0.027928322553634644
4,330,1,2659,4.138398170471191
4,330,2,1688,3.4553349018096924
4,330,3,982,3.428093910217285
4,330,4,2444,1.5233155488967896
4,330,5,1988,0.2062346339225769
4,330,6,1730,0.17011317610740662
4,330,7,2894,0.01264585554599762
4,330,8,732,-0.2376975417137146
4,330,9,205,-0.3283346891403198
4,330,10,2403,-0.45375049114227295
4,331,1,2296,5.200892925262451
4,331,2,1064,4.745212554931641
4,331,3,2659,4.472787857055664
4,331,4,2211,0.4488005042076111
4,331,5,2308,-0.35441938042640686
4,331,6,2200,-0.5950499773025513
4,331,7,2035,-0.640714168548584
4,332,1,2705,2.9988045692443848
4,332,2,1688,2.7182812690734863
4,332,3,249,2.3537936210632324
4,332,4,2870,2.1421031951904297
4,332,5,2496,0.07804590463638306
4,332,6,231,0.017887013033032417
4,332,7,78,-0.110995352268219
4,332,8,2801,-0.4817257225513458
4,332,9,532,-0.5986687541007996
4,332,10,1247,-0.8041425943374634
4,333,1,523,4.967718124389648
4,333,2,249,4.458494186401367
4,333,3,899,3.501339912414551
4,333,4,493,1.0026592016220093
4,333,5,2785,0.6669623851776123
4,333,6,3027,0.4714996814727783
4,333,7,1102,0.17291587591171265
4,333,8,977,0.03163785859942436
4,333,9,791,-0.02792912721633911
4,333,10,3062,-0.09280715882778168
4,334,1,2261,5.022216320037842
4,334,2,1779,4.493505477905273
4,334,3,1399,3.43392276763916
4,334,4,1793,0.32924365997314453
4,334,5,446,0.19921857118606567
4,334,6,2669,-0.2669923007488251
4,335,1,1635,4.7690534591674805
4,335,2,2870,3.917430877685547
4,335,3,900,3.04133939743042
4,335,4,2940,1.1769343614578247
4,335,5,2313,0.8029906749725342
4,335,6,2785,0.6389732360839844
4,335,7,2788,0.32510125637054443
4,335,8,89,-0.08915016055107117
4,335,9,2410,-0.5290855169296265
4,335,10,865,-0.7316138744354248
4,336,1,1655,6.5269880294799805
4,336,2,2061,5.181783676147461
4,336,3,2870,4.3072357177734375
4,336,4,33,1.0561132431030273
4,336,5,2095,1.029883861541748
4,336,6,1038,0.11345213651657104
4,336,7,1981,-0.09468293190002441
4,336,8,1087,-0.13239938020706177
4,336,9,118,-0.7015702128410339
4,336,10,2595,-0.804166316986084
4,337,1,90,4.272991180419922
4,337,2,2870,4.175688743591309
4,337,3,900,3.2642529010772705
4,337,4,2033,0.288898229598999
4,337,5,2082,0.10048754513263702
4,337,6,210,0.04720267653465271
4,337,7,2025,0.008009115234017372
4,337,8,532,-0.038204044103622437
4,337,9,991,-0.09505821764469147
4,337,10,1386,-0.4011223614215851
4,338,1,90,4.578516006469727
4,338,2,2543,3.6298468112945557
4,338,3,899,3.625483989715576
4,338,4,675,0.9824250936508179
4,338,5,38,0.8640169501304626
4,338,6,2739,0.6628526449203491
4,338,7,2931,0.2505955994129181
4,338,8,1448,0.16758373379707336
4,338,9,2942,-0.1849341243505478
4,338,10,1045,-0.4138161838054657
4,339,1,523,4.375583648681641
4,339,2,90,3.8971314430236816
4,339,3,2870,3.804816246032715
4,339,4,1682,0.5487859845161438
4,339,5,953,0.43119242787361145
4,339,6,2474,0.34867769479751587
4,339,7,387,0.33979493379592896
4,339,8,765,0.0353456512093544
4,340,1,2145,5.38994836807251
4,340,2,90,3.975529670715332
4,340,3,2870,3.880070209503174
4,340,4,769,0.5673023462295532
4,340,5,1516,-0.12227112054824829
4,340,6,1007,-0.6503902077674866
4,340,7,2562,-0.7221882343292236
4,340,8,1760,-0.7730218768119812
4,340,9,1708,-1.1419074535369873
4,341,1,854,2.826817750930786
4,341,2,779,2.7774715423583984
4,341,3,72,2.6243696212768555
4,341,4,1417,1.0357232093811035
4,341,5,1481,-0.16327452659606934
4,341,6,1757,-0.35996001958847046
4,341,7,2159,-0.43918079137802124
4,341,8,2727,-0.5401333570480347
4,341,9,14,-0.6712667942047119
4,341,10,2019,-0.8515050411224365
4,343,1,1692,6.796598434448242
4,343,2,2061,5.234579086303711
4,343,3,2261,5.2173967361450195
4,343,4,2264,1.1749591827392578
4,343,5,248,0.7931385040283203
4,343,6,2521,0.7752460241317749
4,343,7,196,0.3583323657512665
4,343,8,2345,0.16427478194236755
4,343,9,2302,0.03534954786300659
4,343,10,394,-0.2772323489189148
4,344,1,2403,5.572068214416504
4,344,2,1472,5.32720947265625
4,344,3,1615,0.7521116733551025
4,344,4,2581,0.24863970279693604
4,344,5,2623,0.20135895907878876
4,344,6,122,0.11284118890762329
4,344,7,2211,0.05172935128211975
4,344,8,342,0.005989375524222851
4,344,9,343,-6.77742063999176e-05
4,344,10,1979,-0.656156063079834
4,345,1,387,5.631978511810303
4,345,2,101,4.779196739196777
4,345,3,2205,1.1118937730789185
4,345,4,2870,0.39780518412590027
4,345,5,955,0.006163043901324272
4,345,6,402,-0.20005232095718384
4,345,7,972,-0.2594108283519745
4,345,8,14,-0.2666805386543274
4,345,9,1307,-0.6092564463615417
4,345,10,434,-0.7919725775718689
4,346,1,387,5.943698406219482
4,346,2,779,3.896880626678467
4,346,3,1793,3.8325552940368652
4,346,4,183,1.0130170583724976
4,346,5,957,0.9673724174499512
4,346,6,1476,0.780878484249115
4,346,7,2084,-0.13126063346862793
4,346,8,94,-0.17944499850273132
4,346,9,1500,-0.22237823903560638
4,347,1,671,5.203166961669922
4,347,2,854,3.94661808013916
4,347,3,1047,0.4798692464828491
4,347,4,394,0.3538258969783783
4,347,5,2092,0.29712581634521484
4,347,6,1275,0.2760012149810791
4,347,7,2024,0.011356145143508911
4,347,8,351,0.004602224566042423
4,347,9,3031,-0.010135285556316376
4,347,10,336,-0.02045094221830368
4,348,1,502,6.008030891418457
4,348,2,1827,5.592094421386719
4,348,3,3043,3.723747491836548
4,348,4,2354,1.7407057285308838
4,348,5,779,1.2914342880249023
4,348,6,783,1.0164860486984253
4,348,7,1498,0.5488889217376709
4,348,8,1779,0.18275591731071472
4,348,9,1176,0.04969821870326996
4,348,10,666,-0.22004744410514832
4,349,1,72,5.175403594970703
4,349,2,3043,3.4534366130828857
4,349,3,1002,3.402149200439453
4,349,4,541,0.7879595756530762
4,349,5,1927,0.22415050864219666
4,349,6,1078,-0.06109239161014557
4,349,7,560,-0.42606818675994873
4,349,8,1984,-0.807266354560852
4,350,1,333,5.706778049468994
4,350,2,2312,4.690800189971924
4,350,3,1070,0.2880951464176178
4,350,4,1176,0.1990247517824173
4,350,5,2988,0.06688640266656876
4,350,6,278,-0.22358161211013794
4,350,7,859,-0.33679524064064026
4,350,8,2500,-0.49981462955474854
4,350,9,2048,-1.406349539756775
4,351,1,2163,5.514327526092529
4,351,2,2312,3.649512767791748
4,351,3,1002,3.4019172191619873
4,351,4,554,0.06730878353118896
4,351,5,221,0.007311120629310608
4,351,6,1613,-0.09362845122814178
4,351,7,1952,-0.10153144598007202
4,351,8,2599,-0.3155898451805115
4,351,9,780,-0.48663997650146484
4,351,10,2738,-0.7497158050537109
4,352,1,1266,6.046098232269287
4,352,2,754,5.252866744995117
4,352,3,842,5.1690497398376465
4,352,4,118,0.5511909127235413
4,352,5,1612,-0.027898922562599182
4,352,6,2225,-0.028153961524367332
4,352,7,682,-0.030077334493398666
4,352,8,692,-0.09178431332111359
4,352,9,982,-0.1536005586385727
4,352,10,2502,-0.16117700934410095
4,353,1,2562,4.357024192810059
4,353,2,2697,4.3327412605285645
4,353,3,1037,4.1878557205200195
4,353,4,2194,0.18225133419036865
4,353,5,2851,0.16465221345424652
4,353,6,2078,0.06027418375015259
4,353,7,2002,-0.011076897382736206
4,353,8,854,-0.3259820342063904
4,353,9,259,-0.4243468642234802
4,353,10,108,-0.6121922731399536
4,354,1,1490,5.021423816680908
4,354,2,2697,3.84304141998291
4,354,3,1,2.847391128540039
4,354,4,2111,0.245868518948555
4,354,5,787,-0.2216923087835312
4,354,6,2997,-0.35263288021087646
4,355,1,754,4.4384965896606445
4,355,2,842,4.3831658363342285
4,355,3,484,0.893223226070404
4,355,4,1785,0.382763147354126
4,355,5,1263,-0.01628316193819046
4,355,6,826,-0.33107221126556396
4,355,7,2653,-0.4088994562625885
4,355,8,2708,-1.1051490306854248
4,356,1,622,5.926488876342773
4,356,2,1,3.770164728164673
4,356,3,439,1.5840203762054443
4,356,4,387,0.0915411114692688
4,356,5,1369,-0.1779632270336151
4,356,6,2370,-0.26937660574913025
4,356,7,2653,-0.43886885046958923
4,356,8,194,-0.6287736892700195
4,356,9,732,-0.6973059177398682
4,356,10,1456,-0.7639995813369751
4,357,1,579,4.902940273284912
4,357,2,2311,4.879725933074951
4,357,3,1542,0.894053041934967
4,357,4,939,0.7544569969177246
4,357,5,2090,0.374236524105072
4,357,6,231,0.03197074308991432
4,357,7,208,-0.11489397287368774
4,357,8,3010,-0.3927927613258362
4,358,1,183,1.5553340911865234
4,358,2,508,0.5064437389373779
4,358,3,1651,0.4571698307991028
4,358,4,1628,0.1785346418619156
4,358,5,2568,0.15859654545783997
4,358,6,2514,0.13099324703216553
4,358,7,1102,0.06886613368988037
4,358,8,2655,0.036524657160043716
4,358,9,1167,0.017918935045599937
4,358,10,2294,-0.04174831509590149
4,359,1,506,2.67848539352417
4,359,2,297,2.6664352416992188
4,359,3,424,0.49259334802627563
4,359,4,595,-0.06835445761680603
4,359,5,1197,-0.15800818800926208
4,359,6,2391,-0.25549423694610596
4,359,7,1047,-0.49153292179107666
4,359,8,3010,-1.4124008417129517
4,360,1,506,2.7130751609802246
4,360,2,297,2.6995201110839844
4,360,3,464,0.3571111261844635
4,360,4,718,0.35262531042099
4,360,5,239,-0.0044223591685295105
4,360,6,595,-0.05199921131134033
4,360,7,410,-0.26555144786834717
4,360,8,2672,-0.701120138168335
4,361,1,506,2.7141847610473633
4,361,2,297,2.700211524963379
4,361,3,2377,0.5909028649330139
4,361,4,308,0.44711676239967346
4,361,5,1102,0.10122525691986084
4,361,6,2286,0.0651736855506897
4,361,7,227,-0.0024797385558485985
4,361,8,916,-0.018783560022711754
4,361,9,595,-0.05989450216293335
4,361,10,585,-1.1245758533477783
4,362,1,506,2.71028470993042
4,362,2,297,2.696697235107422
4,362,3,103,1.015233039855957
4,362,4,2429,0.8738435506820679
4,362,5,1907,0.5905473828315735
4,362,6,1681,0.00036019086837768555
4,362,7,227,0.0002957894466817379
4,362,8,595,-0.04982727766036987
4,363,1,506,2.747471809387207
4,363,2,297,2.7321205139160156
4,363,3,196,1.5770697593688965
4,363,4,555,0.3763883709907532
4,363,5,169,-0.016268901526927948
4,363,6,1627,-0.03172699362039566
4,363,7,224,-0.03588436543941498
4,363,8,595,-0.06897169351577759
4,363,9,2543,-0.08698426187038422
4,363,10,972,-0.18781186640262604
4,364,1,628,4.870306968688965
4,364,2,397,3.778902769088745
4,364,3,2615,0.7806089520454407
4,364,4,1388,0.5364090204238892
4,364,5,869,0.3028317391872406
4,364,6,1691,0.07357253134250641
4,364,7,2261,0.06321099400520325
4,364,8,2127,0.01878517121076584
4,364,9,2841,0.0006342995911836624
4,364,10,366,-0.054675281047821045
4,365,1,397,4.496542453765869
4,365,2,1360,0.6449713706970215
4,365,3,385,0.3058493733406067
4,365,4,333,0.2806469202041626
4,365,5,911,0.051187481731176376
4,365,6,786,0.02091916650533676
4,365,7,253,-0.005009840242564678
4,365,8,629,-0.25336775183677673
4,365,9,2352,-0.5642426013946533
4,365,10,55,-0.6746973991394043
4,366,1,1203,6.161235332489014
4,366,2,2163,0.4656347334384918
4,366,3,2961,0.0739501416683197
4,366,4,911,0.056542545557022095
4,366,5,231,0.010117821395397186
4,366,6,390,-0.05026787519454956
4,366,7,366,-0.07320483773946762
4,366,8,2291,-0.07985029369592667
4,366,9,1769,-0.08258649706840515
4,366,10,2098,-0.7466696500778198
4,367,1,1030,5.926746845245361
4,367,2,1653,5.879696846008301
4,367,3,189,0.5587073564529419
4,367,4,851,0.43015196919441223
4,367,5,2165,0.26569387316703796
4,367,6,432,0.07793635129928589
4,367,7,911,0.05456371232867241
4,367,8,2026,-0.0013579335063695908
4,367,9,1476,-0.36302098631858826
4,368,1,397,4.05279016494751
4,368,2,2750,3.99914813041687
4,368,3,2759,3.903365135192871
4,368,4,1590,0.7836059331893921
4,368,5,2659,0.1198451966047287
4,368,6,2107,0.10632985830307007
4,368,7,2616,-0.037048324942588806
4,368,8,2134,-0.06602295488119125
4,368,9,1365,-0.11985662579536438
4,368,10,1832,-0.20059706270694733
4,369,1,1606,6.486620903015137
4,369,2,477,5.651922702789307
4,369,3,2687,3.95749568939209
4,369,4,108,0.3259243369102478
4,369,5,3019,0.31650108098983765
4,369,6,185,0.24892671406269073
4,369,7,2209,-0.024268638342618942
4,369,8,1407,-0.22734248638153076
4,369,9,1157,-0.4461519718170166
4,369,10,599,-0.6220455765724182
4,370,1,2739,5.976757526397705
4,370,2,1826,5.44158411026001
4,370,3,2441,5.072506904602051
4,370,4,2118,0.6006460785865784
4,370,5,506,0.49561020731925964
4,370,6,2895,0.45605552196502686
4,370,7,158,0.18336635828018188
4,370,8,340,-0.007322212681174278
4,370,9,121,-0.22988516092300415
4,370,10,229,-0.2893092632293701
4,371,1,1678,5.247197151184082
4,371,2,2321,5.084689140319824
4,371,3,2888,4.406864643096924
4,371,4,2630,0.651302695274353
4,371,5,1982,-0.47548168897628784
4,371,6,480,-0.488391637802124
4,372,1,272,6.099926471710205
4,372,2,477,5.546840667724609
4,372,3,1108,5.328779220581055
4,372,4,1787,0.4277312159538269
4,372,5,2700,0.0272824764251709
4,372,6,559,0.019331887364387512
4,372,7,1386,-0.12632536888122559
4,372,8,544,-0.13464614748954773
4,373,1,1398,5.61091423034668
4,373,2,272,5.609259605407715
4,373,3,2687,3.5723986625671387
4,373,4,2927,0.5231790542602539
4,373,5,2761,0.3115521967411041
4,373,6,1456,0.2240716814994812
4,373,7,1048,0.18119055032730103
4,373,8,2225,-0.051561709493398666
4,373,9,1528,-0.23904430866241455
4,373,10,2752,-0.31479349732398987
4,374,1,2464,5.845732688903809
4,374,2,1826,5.739424705505371
4,374,3,918,5.254181861877441
4,374,4,2594,1.0678843259811401
4,374,5,2706,0.4531521499156952
4,374,6,2628,-0.32283851504325867
4,374,7,2167,-0.9921549558639526
4,375,1,2739,5.987462043762207
4,375,2,1108,5.044591903686523
4,375,3,2687,3.677889108657837
4,375,4,2099,0.7470394968986511
4,375,5,1763,0.5724175572395325
4,375,6,2326,0.49433577060699463
4,375,7,3031,0.035598274320364
4,375,8,2752,-0.3027302026748657
4,375,9,637,-0.41832709312438965
4,375,10,2862,-0.573403000831604
4,378,1,2464,5.155317306518555
4,378,2,1826,5.0608415603637695
4,378,3,477,4.877441883087158
4,378,4,910,0.4848594069480896
4,378,5,2832,0.452830970287323
4,378,6,2343,0.44979000091552734
4,378,7,1208,0.2517245411872864
4,378,8,718,0.1802428662776947
4,378,9,855,0.007158077787607908
4,378,10,2031,-0.007179615553468466
4,379,1,1678,6.459010601043701
4,379,2,2464,6.023094177246094
4,379,3,2687,3.98854923248291
4,379,4,506,0.5016264319419861
4,379,5,1481,0.3323048949241638
4,379,6,1543,0.031209290027618408
4,379,7,1323,0.0008403465617448092
4,379,8,1785,-0.1522703766822815
4,379,9,2302,-0.2086275815963745
4,379,10,2234,-0.6358557939529419
4,380,1,477,5.657423973083496
4,380,2,1108,5.434078216552734
4,380,3,2888,5.387786388397217
4,380,4,2978,0.6038253307342529
4,380,5,1791,0.2973479926586151
4,380,6,995,0.22088885307312012
4,380,7,955,0.05379995331168175
4,380,8,1794,0.019588395953178406
4,380,9,1280,-0.24089352786540985
4,381,1,2441,4.630852699279785
4,381,2,1108,4.598031044006348
4,381,3,2687,3.351728916168213
4,381,4,1638,0.7364246845245361
4,381,5,1376,0.20661315321922302
4,381,6,612,0.1484830677509308
4,381,7,670,0.06401452422142029
4,381,8,2607,-0.3469601273536682
4,383,1,1826,5.74891471862793
4,383,2,2441,5.359414100646973
4,383,3,918,5.261639595031738
4,383,4,447,0.5177152752876282
4,383,5,594,0.24504557251930237
4,383,6,1304,0.18930035829544067
4,383,7,356,0.11061744391918182
4,383,8,189,0.1033165454864502
4,383,9,224,0.01016821525990963
4,383,10,135,-0.015409404411911964
4,384,1,2739,5.249276161193848
4,384,2,272,5.0624589920043945
4,384,3,1826,4.780056476593018
4,384,4,2793,0.5335680246353149
4,384,5,704,0.22373709082603455
4,384,6,827,-0.030594702810049057
4,384,7,1582,-0.23723268508911133
4,384,8,2480,-0.25460612773895264
4,384,9,1340,-0.37043628096580505
4,384,10,383,-0.9595469236373901
4,385,1,1678,5.022112846374512
4,385,2,1398,4.872891426086426
4,385,3,272,4.870650768280029
4,385,4,1082,0.2960398197174072
4,385,5,656,0.0681338906288147
4,385,6,78,0.03588971495628357
4,385,7,1931,0.0018756147474050522
4,385,8,1359,-0.09890243411064148
4,385,9,2358,-0.4820857048034668
4,385,10,2914,-0.48892509937286377
4,386,1,1606,5.576916217803955
4,386,2,2464,5.134355545043945
4,386,3,477,4.858646392822266
4,386,4,1579,0.4803721308708191
4,386,5,1413,0.46764203906059265
4,386,6,703,0.378784716129303
4,386,7,1466,0.16153721511363983
4,386,8,2044,-0.037225428968667984
4,386,9,2365,-0.21091055870056152
4,386,10,2734,-0.6076798439025879
4,387,1,1606,5.840385437011719
4,387,2,2888,4.844326019287109
4,387,3,918,4.830688953399658
4,387,4,562,0.727261483669281
4,387,5,2895,0.47189775109291077
4,387,6,2170,0.3346047103404999
4,387,7,1952,0.08099979162216187
4,387,8,80,-0.038508281111717224
4,387,9,2552,-0.3191482424736023
4,387,10,480,-0.523252010345459
4,388,1,1678,5.784994125366211
4,388,2,1398,5.612970352172852
4,388,3,1826,5.294126510620117
4,388,4,1744,0.6493721008300781
4,388,5,975,0.44249218702316284
4,388,6,2294,0.385942280292511
4,388,7,974,0.15908783674240112
4,388,8,2195,-0.34002241492271423
4,388,9,759,-0.6855672597885132
4,391,1,1606,5.809184551239014
4,391,2,477,5.061918258666992
4,391,3,2441,4.893833160400391
4,391,4,1442,0.6233049631118774
4,391,5,1346,0.6106095910072327
4,391,6,1498,0.5743575692176819
4,391,7,939,0.14657019078731537
4,391,8,911,-0.00954368431121111
4,391,9,2942,-0.032218098640441895
4,391,10,2599,-0.22160694003105164
4,392,1,2607,5.800000190734863
4,392,2,641,5.794148921966553
4,392,3,400,0.37191149592399597
4,392,4,2409,0.0629059225320816
4,392,5,2666,0.006411483511328697
4,392,6,1113,-0.2374146580696106
4,392,7,1651,-0.3829110860824585
4,392,8,2552,-0.43285760283470154
4,392,9,2444,-1.013351321220398
4,395,1,1102,5.189706802368164
4,395,2,2599,4.427052021026611
4,395,3,2082,4.419904708862305
4,395,4,192,1.0434881448745728
4,395,5,2669,1.0341145992279053
4,395,6,2734,0.6685672998428345
4,395,7,766,0.3352779150009155
4,395,8,2655,0.01850525662302971
4,395,9,1613,-0.2722237706184387
4,396,1,2490,4.95269775390625
4,396,2,2108,4.919500827789307
4,396,3,2452,3.785825252532959
4,396,4,2876,0.7575234174728394
4,396,5,2640,0.2789188027381897
4,396,6,2075,0.21363329887390137
4,396,7,2395,0.20233634114265442
4,396,8,1761,0.03357604146003723
4,396,9,2313,0.0008019804954528809
4,396,10,1936,-0.8337937593460083
4,397,1,1307,5.096371650695801
4,397,2,2910,4.976224899291992
4,397,3,2757,0.7224763035774231
4,397,4,1258,0.6080366969108582
4,397,5,149,0.05122577026486397
4,397,6,1724,-0.3400803506374359
4,397,7,25,-0.5000114440917969
4,397,8,732,-0.8676296472549438
4,397,9,498,-1.0393104553222656
4,398,1,2235,6.123932361602783
4,398,2,2080,5.782075881958008
4,398,3,103,4.235384941101074
4,398,4,2752,3.5625996589660645
4,398,5,210,1.6717398166656494
4,398,6,1685,0.6302469968795776
4,398,7,479,-0.4531595706939697
4,398,8,954,-0.6909903287887573
4,398,9,2448,-0.8613382577896118
4,398,10,766,-1.3110929727554321
4,399,1,1301,5.07336950302124
4,399,2,2568,4.966556549072266
4,399,3,1376,0.9714405536651611
4,399,4,2019,0.4004736542701721
4,399,5,317,0.03771749883890152
4,399,6,1911,-0.06122797727584839
4,399,7,1263,-0.2546737492084503
4,399,8,2202,-0.43830788135528564
4,399,9,1078,-0.5639216899871826
4,399,10,2234,-0.7516531944274902
4,400,1,527,5.766332626342773
4,400,2,1379,5.495368480682373
4,400,3,2504,4.685427665710449
4,400,4,2985,-0.01657785475254059
4,400,5,2366,-0.3481868505477905
4,401,1,2156,5.082079887390137
4,401,2,2599,4.339203834533691
4,401,3,2082,4.331593990325928
4,401,4,611,0.8640398979187012
4,401,5,551,0.6872751712799072
4,401,6,1300,0.27430009841918945
4,401,7,2684,0.25415298342704773
4,401,8,1809,0.12499448657035828
4,401,9,2496,-0.08663004636764526
4,401,10,1739,-0.3566511571407318
4,403,1,2136,5.336289405822754
4,403,2,609,4.693032741546631
4,403,3,2758,2.9690194129943848
4,403,4,1653,1.5565757751464844
4,403,5,1012,1.3245627880096436
4,403,6,880,0.8330718278884888
4,403,7,2811,0.03146848455071449
4,403,8,2225,0.022287169471383095
4,403,9,1064,-0.43071067333221436
4,403,10,1395,-0.5654327869415283
4,404,1,2830,4.299683570861816
4,404,2,2910,4.259178161621094
4,404,3,609,4.100948333740234
4,404,4,2742,0.9604577422142029
4,404,5,2352,0.6837186813354492
4,404,6,2623,0.04555465281009674
4,404,7,2108,-0.03337828069925308
4,404,8,2985,-0.06943424046039581
4,404,9,2607,-0.07020264863967896
4,404,10,2007,-0.14115005731582642
4,405,1,206,5.823966979980469
4,405,2,2080,5.4118123054504395
4,405,3,2504,4.77901554107666
4,405,4,1981,0.2548282742500305
4,405,5,740,0.058415159583091736
4,405,6,1780,0.025133077055215836
4,405,7,1962,-0.26033878326416016
4,405,8,25,-0.6606865525245667
4,405,9,1577,-0.7827709913253784
4,405,10,2521,-0.8029149770736694
4,406,1,2568,5.500673294067383
4,406,2,1999,5.436407089233398
4,406,3,261,5.1814799308776855
4,406,4,2481,0.261574923992157
4,406,5,224,0.005380753427743912
4,406,6,861,-0.42274218797683716
4,406,7,2963,-0.45778772234916687
4,406,8,2161,-0.7988203167915344
4,406,9,2444,-1.0681297779083252
4,407,1,475,6.684794902801514
4,407,2,275,5.982359886169434
4,407,3,2643,5.957317352294922
4,407,4,2817,3.4826436042785645
4,407,5,1190,0.5036673545837402
4,407,6,1692,0.432206392288208
4,407,7,860,0.02961433120071888
4,407,8,1809,0.01970060169696808
4,407,9,330,0.0014096898958086967
4,407,10,1498,-0.1382773369550705
4,408,1,275,5.357364654541016
4,408,2,2568,5.002561092376709
4,408,3,261,4.953179359436035
4,408,4,2529,0.3085210621356964
4,408,5,1055,0.00325128436088562
4,408,6,1897,-0.14874213933944702
4,408,7,327,-0.38353651762008667
4,408,8,1151,-0.5147377848625183
4,408,9,1317,-0.776652455329895
4,409,1,261,4.1409196853637695
4,409,2,2397,3.619009494781494
4,409,3,2188,2.699944496154785
4,409,4,1190,0.7387576103210449
4,409,5,201,0.07001227140426636
4,409,6,325,-0.0007298588752746582
4,409,7,98,-0.3404654860496521
4,409,8,732,-0.3729371130466461
4,409,9,1113,-0.5449866652488708
4,409,10,101,-0.7959201335906982
4,410,1,103,3.5983810424804688
4,410,2,521,3.374436855316162
4,410,3,539,2.0304362773895264
4,410,4,1981,0.28040337562561035
4,410,5,1970,0.01824595406651497
4,410,6,1606,-0.583493173122406
4,410,7,1898,-0.7855992317199707
4,410,8,2630,-1.1134508848190308
4,411,1,1408,5.39182186126709
4,411,2,774,4.488920211791992
4,411,3,539,3.502518653869629
4,411,4,206,1.6305184364318848
4,411,5,1367,0.6820969581604004
4,411,6,99,0.48322781920433044
4,411,7,1651,0.18093496561050415
4,411,8,2848,0.15091776847839355
4,411,9,1409,0.10931617021560669
4,411,10,227,0.008177878335118294
4,412,1,2488,4.985485076904297
4,412,2,3017,4.810359954833984
4,412,3,2785,4.7826619148254395
4,412,4,495,0.8457327485084534
4,412,5,864,0.22032508254051208
4,412,6,3062,0.13622385263442993
4,412,7,827,0.04107082635164261
4,412,8,1153,-0.022864356637001038
4,412,9,44,-1.0396244525909424
4,413,1,3017,5.171150207519531
4,413,2,539,4.069667816162109
4,413,3,2817,2.4905591011047363
4,413,4,1831,0.9275598526000977
4,413,5,1248,0.6748213171958923
4,413,6,792,0.584404468536377
4,413,7,1827,0.35790330171585083
4,413,8,1062,0.2601211965084076
4,413,9,2645,0.16338974237442017
4,413,10,3041,-0.5628881454467773
4,414,1,1878,5.434953689575195
4,414,2,2906,5.309604167938232
4,414,3,774,4.619908332824707
4,414,4,1742,0.06968913972377777
4,414,5,1866,-0.11895938962697983
4,414,6,1594,-0.21797020733356476
4,414,7,2955,-0.3457787036895752
4,415,1,2183,5.424123764038086
4,415,2,2028,5.257501125335693
4,415,3,2826,4.5922088623046875
4,415,4,402,0.8900949954986572
4,415,5,2416,0.8505324721336365
4,415,6,1870,0.7583208680152893
4,415,7,1386,0.5368040800094604
4,415,8,1034,0.19897940754890442
4,415,9,2368,-0.10459941625595093
4,415,10,434,-0.2855098247528076
4,416,1,2205,4.7971391677856445
4,416,2,884,3.638270616531372
4,416,3,624,2.6890501976013184
4,416,4,1577,0.3975289762020111
4,416,5,1516,0.06538471579551697
4,416,6,674,-0.5557345151901245
4,416,7,2137,-1.1903926134109497
4,416,8,2311,-1.2886992692947388
4,416,9,2695,-1.4869537353515625
4,417,1,518,5.031838893890381
4,417,2,742,4.129281997680664
4,417,3,2496,2.7696774005889893
4,417,4,394,0.5149616003036499
4,417,5,986,0.03087654709815979
4,417,6,1267,-0.2637455463409424
4,417,7,2484,-0.45643413066864014
4,417,8,1342,-0.5479195713996887
4,418,1,1263,4.151154518127441
4,418,2,755,2.1834523677825928
4,418,3,1590,1.9040422439575195
4,418,4,2927,0.5654283761978149
4,418,5,1498,0.12195304781198502
4,418,6,336,0.018779467791318893
4,418,7,1818,-0.040034592151641846
4,418,8,1542,-0.24748989939689636
4,418,9,1827,-0.2844531834125519
4,418,10,1737,-0.33247455954551697
4,419,1,704,5.439845085144043
4,419,2,1791,5.3315815925598145
4,419,3,3019,5.302607536315918
4,419,4,1070,0.5967687368392944
4,419,5,576,0.19669991731643677
4,419,6,2162,0.1360779106616974
4,419,7,1303,-0.5772794485092163
4,419,8,1062,-1.4522202014923096
4,419,9,1818,-1.5262343883514404
4,420,1,2183,6.022482872009277
4,420,2,704,5.997978210449219
4,420,3,301,1.0546749830245972
4,420,4,1778,0.6907527446746826
4,420,5,1263,0.6005654335021973
4,420,6,1893,0.3435376286506653
4,420,7,1871,0.15278488397598267
4,420,8,1146,-0.12089931964874268
4,420,9,773,-0.22584083676338196
4,420,10,1995,-0.3113419711589813
4,421,1,1467,4.360069274902344
4,421,2,1749,2.3159937858581543
4,421,3,2018,1.5657105445861816
4,421,4,2888,0.3150440454483032
4,421,5,2554,-0.09857155382633209
4,421,6,1087,-0.5846619606018066
4,421,7,2358,-0.949504554271698
4,422,1,3010,5.666263580322266
4,422,2,201,5.523713111877441
4,422,3,1263,0.9255973100662231
4,422,4,2006,0.1971355676651001
4,422,5,2705,0.0638875961303711
4,422,6,1142,0.056732177734375
4,422,7,1006,0.027450093999505043
4,422,8,330,0.018089577555656433
4,422,9,2938,-0.16295653581619263
4,422,10,1612,-0.18768011033535004
4,423,1,201,4.59487771987915
4,423,2,2028,4.562074661254883
4,423,3,755,2.5327951908111572
4,423,4,158,0.22571125626564026
4,423,5,1251,0.03572911024093628
4,423,6,2390,-0.03187382221221924
4,423,7,205,-0.24129414558410645
4,423,8,2112,-1.0642781257629395
4,423,9,2111,-1.067521572113037
4,423,10,1158,-1.2375115156173706
4,424,1,535,5.799034118652344
4,424,2,1618,3.619349718093872
4,424,3,249,0.4788587689399719
4,424,4,2972,0.3340201675891876
4,424,5,2165,0.0723341703414917
4,424,6,786,0.02935236319899559
4,424,7,1899,0.027444418519735336
4,424,8,1928,0.004986319225281477
4,424,9,3057,-0.3801169693470001
4,424,10,1367,-0.6678799986839294
4,425,1,1018,3.1820671558380127
4,425,2,64,2.9869542121887207
4,425,3,1899,0.0356702022254467
4,425,4,2452,-0.2957063317298889
4,425,5,123,-0.6143576502799988
4,425,6,1327,-1.099003791809082
4,426,1,826,5.513248443603516
4,426,2,670,4.012685775756836
4,426,3,1618,3.4175758361816406
4,426,4,520,0.3197048604488373
4,426,5,2287,0.1819751262664795
4,426,6,2687,0.10701143741607666
4,426,7,2377,-0.00703980028629303
4,426,8,1237,-0.06540250778198242
4,426,9,1365,-0.13770043849945068
4,426,10,80,-0.6126997470855713
4,427,1,538,4.924888610839844
4,427,2,1517,3.3654353618621826
4,427,3,2496,3.1134657859802246
4,427,4,1766,0.3698935806751251
4,427,5,351,0.035033345222473145
4,427,6,3011,0.02081102691590786
4,427,7,893,0.008210986852645874
4,427,8,1691,-0.31317850947380066
4,427,9,2118,-0.46088138222694397
4,427,10,1518,-0.6678470969200134
4,428,1,518,4.0701117515563965
4,428,2,1517,4.001091957092285
4,428,3,1618,3.277066946029663
4,428,4,1336,1.0967381000518799
4,428,5,439,0.20798049867153168
4,428,6,2259,0.0327853187918663
4,428,7,381,0.008769338019192219
4,428,8,2290,-0.02173624187707901
4,428,9,1255,-0.1360456943511963
4,429,1,518,4.103976249694824
4,429,2,1517,4.034125328063965
4,429,3,1618,3.3111343383789062
4,429,4,795,0.09345747530460358
4,429,5,1304,0.08300229907035828
4,429,6,2558,-0.16044384241104126
4,429,7,557,-0.22778630256652832
4,430,1,518,4.118273735046387
4,430,2,1517,4.016870021820068
4,430,3,1618,3.2933428287506104
4,430,4,2513,0.40364402532577515
4,430,5,1398,0.3222286105155945
4,430,6,2407,0.09453119337558746
4,430,7,1438,-0.27889904379844666
4,430,8,990,-0.360858678817749
4,430,9,1341,-0.6477901935577393
4,435,1,2700,4.648359298706055
4,435,2,621,4.54906702041626
4,435,3,742,4.212571620941162
4,435,4,1779,0.4676394462585449
4,435,5,3011,0.01977958157658577
4,435,6,306,0.004769966006278992
4,435,7,1917,-0.001763780601322651
4,435,8,1142,-0.280305415391922
4,435,9,2355,-0.5263934135437012
4,435,10,2176,-1.0771639347076416
4,436,1,1293,6.384214878082275
4,436,2,670,6.244782447814941
4,436,3,64,2.714818000793457
4,436,4,1304,0.42331427335739136
4,436,5,2871,0.3492753505706787
4,436,6,1761,-0.29059046506881714
4,436,7,2397,-0.34175217151641846
4,436,8,1594,-0.49405041337013245
4,436,9,118,-0.5031341314315796
4,436,10,1176,-0.7397594451904297
4,437,1,1293,5.673546314239502
4,437,2,624,4.20631217956543
4,437,3,64,2.4517064094543457
4,437,4,176,0.9653794765472412
4,437,5,520,0.17549453675746918
4,437,6,2162,0.04544936120510101
4,437,7,1547,0.028980940580368042
4,437,8,962,0.022693300619721413
4,437,9,2478,-0.23314666748046875
4,437,10,1858,-0.807998776435852
4,438,1,264,6.082700729370117
4,438,2,2700,5.586872577667236
4,438,3,3073,3.2980284690856934
4,438,4,2403,1.0091509819030762
4,438,5,1928,0.004309187643229961
4,438,6,1691,-0.016183465719223022
4,438,7,1202,-0.16444629430770874
4,438,8,310,-0.34300529956817627
4,438,9,595,-0.41468480229377747
4,438,10,532,-0.5357450842857361
4,439,1,1040,4.9507036209106445
4,439,2,2725,4.456037521362305
4,439,3,792,3.3930673599243164
4,439,4,2529,-0.19028222560882568
4,439,5,430,-0.28717875480651855
4,439,6,724,-0.41002675890922546
4,439,7,1910,-0.914519190788269
4,439,8,1720,-1.794724941253662
4,440,1,2911,5.0571160316467285
4,440,2,884,4.9181742668151855
4,440,3,2851,3.810314178466797
4,440,4,2128,0.951560378074646
4,440,5,749,0.08037418127059937
4,440,6,974,-0.07140392065048218
4,440,7,49,-0.2620626986026764
4,441,1,1579,7.495625972747803
4,441,2,792,4.5609588623046875
4,441,3,957,3.924609422683716
4,441,4,2866,0.21069207787513733
4,441,5,1920,0.06787970662117004
4,441,6,2743,-0.4387909173965454
4,441,7,1540,-0.6065152883529663
4,441,8,2406,-0.6702225804328918
4,441,9,953,-1.1766912937164307
4,441,10,1548,-1.7157748937606812
4,442,1,2851,3.064730167388916
4,442,2,2761,3.0566325187683105
4,442,3,1749,2.934119462966919
4,442,4,2256,1.152077555656433
4,442,5,628,0.874918520450592
4,442,6,2140,0.60174560546875
4,442,7,2952,0.30322128534317017
4,442,8,3069,0.06312097609043121
4,442,9,993,0.03413808345794678
4,442,10,1780,0.022261589765548706
4,443,1,2566,5.083909034729004
4,443,2,513,4.31930685043335
4,443,3,2911,2.454252243041992
4,443,4,1442,0.08990925550460815
4,443,5,3068,0.012923464179039001
4,443,6,1928,0.0005072262138128281
4,443,7,1435,-0.34274324774742126
4,443,8,1751,-1.2171727418899536
4,444,1,58,4.879555702209473
4,444,2,1386,3.1606717109680176
4,444,3,360,0.9209632873535156
4,444,4,2452,0.4382212162017822
4,444,5,1738,0.38969606161117554
4,444,6,2988,0.058283332735300064
4,444,7,1252,-0.024438276886940002
4,444,8,773,-0.0726504921913147
4,444,9,2669,-0.1881880760192871
4,445,1,513,5.335558891296387
4,445,2,1386,4.040273666381836
4,445,3,3061,1.580235242843628
4,445,4,1053,0.234674334526062
4,445,5,326,0.03715834021568298
4,445,6,366,-0.02792210690677166
4,445,7,105,-0.06041698902845383
4,445,8,1247,-0.1740390509366989
4,445,9,2486,-0.30766546726226807
4,445,10,2296,-0.5969575643539429
4,446,1,191,4.464062690734863
4,446,2,1469,4.229386806488037
4,446,3,1957,3.0910744667053223
4,446,4,2578,-0.28131765127182007
4,446,5,1369,-0.3028988838195801
4,446,6,1812,-0.3743897080421448
4,446,7,2075,-0.9568758010864258
4,446,8,80,-0.9699736833572388
4,446,9,534,-0.9799432754516602
4,446,10,611,-1.8463428020477295
4,448,1,2912,6.411465644836426
4,448,2,672,5.934133529663086
4,448,3,581,3.384275436401367
4,448,4,2354,0.8159991502761841
4,448,5,356,0.09614603221416473
4,448,6,682,0.03979368880391121
4,448,7,1454,-0.251960426568985
4,448,8,314,-0.3218775987625122
4,448,9,383,-0.5813616514205933
4,449,1,507,5.115893840789795
4,449,2,2942,4.29157829284668
4,449,3,2391,4.288486003875732
4,449,4,112,0.9144837260246277
4,449,5,295,0.4973897933959961
4,449,6,2180,0.4155491590499878
4,449,7,2590,0.2571885585784912
4,449,8,319,0.07236998528242111
4,449,9,2377,-0.047318875789642334
4,449,10,584,-0.9869745373725891
4,450,1,301,5.015285491943359
4,450,2,2210,4.278630256652832
4,450,3,394,4.030351161956787
4,450,4,1158,1.1656084060668945
4,450,5,1891,0.35245320200920105
4,450,6,89,0.3139299750328064
4,450,7,2888,0.12574511766433716
4,450,8,1771,0.019994663074612617
4,450,9,2197,-0.4628536105155945
4,450,10,530,-0.7870790958404541
4,451,1,2942,5.180648326873779
4,451,2,2814,4.896031856536865
4,451,3,1048,4.745715141296387
4,451,4,900,0.0611778199672699
4,451,5,955,0.003625374985858798
4,451,6,2649,-0.7207261323928833
4,451,7,426,-0.8815215229988098
4,451,8,2618,-1.1742074489593506
4,452,1,672,5.7694549560546875
4,452,2,394,4.403916358947754
4,452,3,3079,3.296602725982666
4,452,4,671,0.20015186071395874
4,452,5,1826,0.10657399892807007
4,452,6,2031,0.02206282503902912
4,452,7,142,0.011657455936074257
4,452,8,314,-0.41142746806144714
4,452,9,1671,-0.5421764254570007
4,453,1,2704,5.1087493896484375
4,453,2,2391,4.785102367401123
4,453,3,833,3.6643476486206055
4,453,4,601,0.07123377919197083
4,453,5,221,0.020700454711914062
4,453,6,1265,-0.33974167704582214
4,453,7,63,-0.35359805822372437
4,453,8,727,-0.43773236870765686
4,454,1,665,5.951438903808594
4,454,2,301,5.409327507019043
4,454,3,1957,3.1080808639526367
4,454,4,49,0.9662734270095825
4,454,5,2389,0.5428688526153564
4,454,6,2261,0.2534191906452179
4,454,7,143,0.04461635649204254
4,454,8,893,-0.0023751757107675076
4,454,9,1686,-0.9144049882888794
4,455,1,1200,5.509934425354004
4,455,2,1048,4.921820640563965
4,455,3,2033,3.314835786819458
4,455,4,1167,0.03856244310736656
4,455,5,1263,-0.30308854579925537
4,455,6,851,-0.35356855392456055
4,455,7,2740,-0.3995751142501831
4,455,8,1816,-0.8054128885269165
4,456,1,1184,7.118113040924072
4,456,2,1718,6.25189208984375
4,456,3,833,4.6663947105407715
4,456,4,1495,0.976077675819397
4,456,5,13,0.026278359815478325
4,456,6,387,-0.18823862075805664
4,456,7,2323,-0.20336562395095825
4,456,8,2288,-0.7407349348068237
4,456,9,1100,-0.8586670160293579
4,456,10,560,-1.2330703735351562
4,457,1,2210,4.8790435791015625
4,457,2,1759,4.321357727050781
4,457,3,833,4.208111763000488
4,457,4,1369,1.0767333507537842
4,457,5,1180,0.8521459102630615
4,457,6,1791,0.7715511322021484
4,457,7,1907,0.5214648842811584
4,457,8,2206,0.2893581986427307
4,457,9,2464,0.2753716707229614
4,457,10,1001,0.11739431321620941
4,458,1,301,5.441288471221924
4,458,2,2391,5.382071495056152
4,458,3,2210,4.771607398986816
4,458,4,2257,0.6571789979934692
4,458,5,2118,0.49411624670028687
4,458,6,1926,-0.009853157214820385
4,458,7,60,-0.4019670784473419
4,459,1,1354,5.7768144607543945
4,459,2,2493,4.372715950012207
4,459,3,1832,4.348055839538574
4,459,4,859,0.29089561104774475
4,459,5,2324,0.19317899644374847
4,459,6,2341,-0.017566949129104614
4,459,7,925,-0.3970973491668701
4,459,8,400,-0.4331139922142029
4,459,9,857,-0.45940399169921875
4,459,10,415,-0.47949880361557007
4,460,1,863,5.842676639556885
4,460,2,1173,4.6231513023376465
4,460,3,1260,3.612299919128418
4,460,4,1413,1.2570568323135376
4,460,5,2170,0.7933294177055359
4,460,6,1189,0.36897939443588257
4,460,7,1208,0.31431496143341064
4,460,8,2490,0.24526309967041016
4,460,9,2817,0.1237952709197998
4,460,10,330,-0.049681004136800766
4,461,1,1153,5.672198295593262
4,461,2,444,5.670160293579102
4,461,3,2493,4.325955390930176
4,461,4,2457,0.050030916929244995
4,461,5,576,-0.26493650674819946
4,461,6,129,-0.5220544338226318
4,461,7,2615,-1.1075834035873413
4,462,1,554,6.693702697753906
4,462,2,1173,4.8460822105407715
4,462,3,510,0.6414614915847778
4,462,4,1388,0.07726596295833588
4,462,5,2044,0.005029300227761269
4,462,6,89,-0.27676069736480713
4,462,7,272,-0.6431136131286621
4,462,8,1606,-0.6526182889938354
4,462,9,2704,-1.0743803977966309
4,463,1,536,5.339290618896484
4,463,2,1153,4.879058361053467
4,463,3,1260,3.059854745864868
4,463,4,1456,0.609555721282959
4,463,5,1550,0.5330325365066528
4,463,6,2664,0.5052607655525208
4,463,7,609,0.023972749710083008
4,463,8,318,0.017028307542204857
4,463,9,418,-0.292080819606781
4,463,10,1875,-0.3689142167568207
4,465,1,668,5.711763381958008
4,465,2,2862,5.675220012664795
4,465,3,2157,5.643601417541504
4,465,4,393,0.8023550510406494
4,465,5,595,0.5216533541679382
4,465,6,194,-0.4416588544845581
4,465,7,2616,-0.4516724944114685
4,465,8,2665,-1.0504682064056396
4,465,9,1344,-1.3523117303848267
4,467,1,2355,5.495087623596191
4,467,2,22,3.7257895469665527
4,467,3,387,0.896445631980896
4,467,4,1779,0.18542836606502533
4,467,5,1928,0.03909822180867195
4,467,6,2031,-0.0026685046032071114
4,467,7,2347,-0.5858113765716553
4,467,8,1836,-0.7128276228904724
4,467,9,3018,-0.7738924622535706
4,468,1,2354,5.208317756652832
4,468,2,905,5.195405006408691
4,468,3,532,1.1576249599456787
4,468,4,1651,0.34051334857940674
4,468,5,2031,-0.001945391297340393
4,468,6,1792,-0.43717822432518005
4,468,7,670,-0.683860182762146
4,468,8,2003,-0.7089921832084656
4,468,9,375,-1.081512451171875
4,469,1,1354,4.886481761932373
4,469,2,1832,3.6756210327148438
4,469,3,3084,3.0197768211364746
4,469,4,310,0.34180939197540283
4,469,5,1592,0.25723323225975037
4,469,6,2074,0.01250225305557251
4,469,7,2910,-0.11310717463493347
4,469,8,1992,-0.269519567489624
4,469,9,479,-0.4229785203933716
4,469,10,1603,-0.5237328410148621
4,470,1,1476,5.235292434692383
4,470,2,2931,5.197561264038086
4,470,3,1007,0.689712643623352
4,470,4,2176,0.09749242663383484
4,470,5,765,0.011630270630121231
4,470,6,996,0.0030239373445510864
4,470,7,2634,-0.022723160684108734
4,470,8,1206,-0.07464532554149628
4,470,9,980,-0.07877108454704285
4,470,10,1030,-0.25435200333595276
4,471,1,2432,6.1730523109436035
4,471,2,707,5.365616798400879
4,471,3,1248,4.717351913452148
4,471,4,1871,0.116696298122406
4,471,5,288,0.009766913950443268
4,471,6,90,-0.07487180829048157
4,471,7,2705,-0.11734834313392639
4,471,8,1522,-0.5685937404632568
4,471,9,2321,-0.5847703218460083
4,471,10,1893,-0.6310003399848938
4,472,1,1829,6.017954349517822
4,472,2,1248,4.9124369621276855
4,472,3,1981,4.124690055847168
4,472,4,62,1.5118660926818848
4,472,5,2911,0.7603669166564941
4,472,6,2170,0.6166785955429077
4,472,7,2297,0.02979828417301178
4,472,8,1495,0.02652844786643982
4,472,9,319,0.009905397891998291
4,472,10,343,-0.018458900973200798
4,474,1,1698,5.217076301574707
4,474,2,1063,4.563878059387207
4,474,3,1531,3.232290744781494
4,474,4,1550,0.815403938293457
4,474,5,2328,0.6446225643157959
4,474,6,998,0.40032124519348145
4,474,7,2910,0.3007315993309021
4,474,8,2112,0.2339344322681427
4,474,9,598,0.07901066541671753
4,474,10,2395,0.04328165948390961
4,475,1,2432,5.942228317260742
4,475,2,1829,5.561794281005859
4,475,3,1447,5.063889980316162
4,475,4,1235,1.0142773389816284
4,475,5,310,0.6135929822921753
4,475,6,1884,0.40879201889038086
4,475,7,2448,0.18066877126693726
4,475,8,2942,0.08283722400665283
4,475,9,1853,0.00681312894448638
4,475,10,365,-0.03176220878958702
4,476,1,1063,6.764819622039795
4,476,2,1531,4.788419723510742
4,476,3,229,4.778489112854004
4,476,4,44,1.103034496307373
4,476,5,2894,0.6704966425895691
4,476,6,1925,0.01634688675403595
4,476,7,2344,-0.15645837783813477
4,476,8,297,-0.2834453880786896
4,476,9,1481,-0.573202908039093
4,476,10,1725,-0.5948617458343506
4,477,1,1447,4.911184310913086
4,477,2,1531,3.795487880706787
4,477,3,950,2.9939746856689453
4,477,4,2894,0.5902143716812134
4,477,5,1007,0.5193920731544495
4,477,6,853,0.005037648603320122
4,477,7,996,-0.003505892353132367
4,477,8,2457,-0.009671979583799839
4,477,9,3079,-0.03359521925449371
4,477,10,1747,-0.14786401391029358
4,478,1,1447,6.283524513244629
4,478,2,1248,5.627593040466309
4,478,3,1531,4.861681938171387
4,478,4,1044,0.40247252583503723
4,478,5,2704,0.07512187957763672
4,478,6,845,0.0683329701423645
4,478,7,227,-0.02721903845667839
4,478,8,2297,-0.05184171348810196
4,478,9,3042,-0.6949127316474915
4,478,10,656,-0.9573654532432556
4,479,1,512,4.95411491394043
4,479,2,1809,4.673768997192383
4,479,3,229,0.6123285293579102
4,479,4,89,0.20547765493392944
4,479,5,13,0.026105105876922607
4,479,6,617,-0.057586610317230225
4,479,7,203,-0.06607067584991455
4,479,8,2228,-0.15168562531471252
4,479,9,185,-0.24397721886634827
4,479,10,1785,-0.7812074422836304
4,480,1,1829,6.010164260864258
4,480,2,1063,5.973299980163574
4,480,3,1248,4.907610893249512
4,480,4,622,0.3380124270915985
4,480,5,2024,-0.00010540196672081947
4,480,6,1779,-0.08482705801725388
4,480,7,2194,-0.43092626333236694
4,480,8,1654,-0.9883999824523926
4,481,1,306,4.818150520324707
4,481,2,2141,0.4069215953350067
4,481,3,2776,0.26818105578422546
4,481,4,2308,0.1158122718334198
4,481,5,971,0.055122338235378265
4,481,6,2448,0.03207516670227051
4,481,7,1047,-0.33000272512435913
4,481,8,3010,-0.3337845802307129
4,481,9,44,-0.37728917598724365
4,481,10,1277,-0.3878769874572754
4,483,1,1270,4.464189052581787
4,483,2,2141,0.7000712156295776
4,483,3,2793,0.55842125415802
4,483,4,1016,0.07341690361499786
4,483,5,359,0.05771701782941818
4,483,6,1554,-0.0004487037658691406
4,483,7,1728,-0.4523225724697113
4,483,8,476,-1.1223104000091553
4,484,1,1270,4.465824127197266
4,484,2,1295,0.8061711192131042
4,484,3,2141,0.6782950758934021
4,484,4,1300,0.48818379640579224
4,484,5,1757,0.08606225252151489
4,484,6,359,0.058061424642801285
4,484,7,2655,-0.004610223695635796
4,484,8,541,-0.5419998168945312
4,485,1,398,5.426212310791016
4,485,2,520,4.09531307220459
4,485,3,2665,0.7112553119659424
4,485,4,1165,0.585076093673706
4,485,5,2578,0.2849428653717041
4,485,6,3041,0.2725829780101776
4,485,7,32,0.15671297907829285
4,485,8,971,0.0581858865916729
4,485,9,1931,-0.03027079626917839
4,485,10,2484,-0.044772982597351074
4,486,1,1001,5.010805130004883
4,486,2,2377,4.912586212158203
4,486,3,1840,0.38082846999168396
4,486,4,1200,0.1053389310836792
4,486,5,899,0.0813862681388855
4,486,6,1156,0.05810299515724182
4,486,7,971,0.05635987967252731
4,486,8,2482,-0.3145296573638916
4,486,9,2504,-0.6091451644897461
4,487,1,1109,3.570784091949463
4,487,2,424,3.3842878341674805
4,487,3,1388,0.7768726944923401
4,487,4,1586,0.5334876775741577
4,487,5,1811,0.2267966866493225
4,487,6,971,0.05440562963485718
4,487,7,986,0.03969915211200714
4,487,8,2668,0.009331077337265015
4,487,9,483,-0.04896083474159241
4,487,10,8,-0.17001745104789734
4,491,1,495,5.1760969161987305
4,491,2,1831,5.165059566497803
4,491,3,1304,3.5329816341400146
4,491,4,2188,0.8035547733306885
4,491,5,1038,0.30114230513572693
4,491,6,1100,0.04232904314994812
4,491,7,2529,0.032291069626808167
4,491,8,2238,-0.03840893507003784
4,491,9,2599,-0.44833099842071533
4,491,10,2590,-0.6914018392562866
4,492,1,1682,5.310076713562012
4,492,2,1161,5.082917213439941
4,492,3,1304,4.152810573577881
4,492,4,2876,1.3056304454803467
4,492,5,1517,0.1526411473751068
4,492,6,1627,0.05307196453213692
4,492,7,2140,-0.04760490357875824
4,492,8,1102,-0.6669939756393433
4,493,1,1836,5.9836225509643555
4,493,2,541,5.979491233825684
4,493,3,1161,5.063778877258301
4,493,4,1091,1.2297883033752441
4,493,5,2188,0.8279598355293274
4,493,6,2416,0.6741533875465393
4,493,7,230,0.48738160729408264
4,493,8,900,0.3699952960014343
4,493,9,1674,0.36756378412246704
4,493,10,1429,0.3437926173210144
4,494,1,1682,4.937579154968262
4,494,2,1278,3.6297552585601807
4,494,3,523,0.6110373139381409
4,494,4,1525,0.33986136317253113
4,494,5,364,0.20757344365119934
4,494,6,1837,0.036669984459877014
4,494,7,1988,-0.2711121141910553
4,494,8,2957,-0.8576555252075195
4,494,9,2990,-1.209241509437561
4,495,1,682,0.11521165072917938
4,495,2,2516,0.034832850098609924
4,495,3,2478,0.010499507188796997
4,495,4,1837,0.008483045734465122
4,495,5,2717,0.004414170980453491
4,495,6,1656,0.001829063519835472
4,495,7,1881,-0.032778218388557434
4,495,8,1878,-0.500374972820282
4,495,9,2557,-0.5187250375747681
4,495,10,773,-0.6682921648025513
