fold,user,rank,item,score
0,1,1,1833,0.9710977077484131
0,1,2,3042,0.9701250791549683
0,1,3,1034,0.9683324694633484
0,1,4,2410,0.9592249989509583
0,1,5,1805,0.9564109444618225
0,1,6,1146,0.9560799598693848
0,1,7,1821,0.951480507850647
0,1,8,380,0.9477961659431458
0,1,9,2481,0.9472264051437378
0,1,10,2206,0.9471824169158936
0,2,1,230,0.9707149267196655
0,2,2,1812,0.9617690443992615
0,2,3,1657,0.9607922434806824
0,2,4,2516,0.9586515426635742
0,2,5,2630,0.9572942852973938
0,2,6,1518,0.9519596695899963
0,2,7,724,0.9502869248390198
0,2,8,1871,0.9456459879875183
0,2,9,1496,0.9452103972434998
0,2,10,736,0.9436498284339905
0,3,1,1691,0.9682781100273132
0,3,2,2369,0.9682769179344177
0,3,3,155,0.9675359725952148
0,3,4,736,0.9651647806167603
0,3,5,402,0.9649330973625183
0,3,6,2727,0.9644251465797424
0,3,7,1871,0.9638955593109131
0,3,8,494,0.9633989334106445
0,3,9,3057,0.9632803201675415
0,3,10,2738,0.9608001708984375
0,4,1,2533,0.9529526233673096
0,4,2,1302,0.9507618546485901
0,4,3,1202,0.9458768367767334
0,4,4,484,0.939643144607544
0,4,5,1279,0.9393378496170044
0,4,6,2353,0.9393084049224854
0,4,7,3041,0.9377670288085938
0,4,8,551,0.9362277984619141
0,4,9,1317,0.9328216314315796
0,4,10,2839,0.9320263862609863
0,7,1,2258,0.9674738645553589
0,7,2,2848,0.9655658602714539
0,7,3,769,0.964686393737793
0,7,4,1251,0.9646546840667725
0,7,5,1308,0.9642733931541443
0,7,6,155,0.9607349634170532
0,7,7,530,0.960275411605835
0,7,8,736,0.9596245288848877
0,7,9,2369,0.9594461917877197
0,7,10,675,0.959199070930481
0,9,1,2014,0.9610298275947571
0,9,2,1546,0.9596328139305115
0,9,3,1365,0.9576851725578308
0,9,4,2045,0.945205807685852
0,9,5,2476,0.9443137645721436
0,9,6,230,0.9430180788040161
0,9,7,494,0.9430165886878967
0,9,8,890,0.9324952960014343
0,9,9,1628,0.9318132996559143
0,9,10,2702,0.9317310452461243
0,11,1,215,0.974338173866272
0,11,2,1201,0.9736456274986267
0,11,3,208,0.972892701625824
0,11,4,556,0.9716745615005493
0,11,5,2406,0.9699958562850952
0,11,6,2444,0.9645561575889587
0,11,7,2238,0.9628997445106506
0,11,8,2442,0.9606389999389648
0,11,9,1642,0.960350513458252
0,11,10,2738,0.9601107835769653
0,12,1,692,0.9649099707603455
0,12,2,2448,0.9607272148132324
0,12,3,2444,0.9567645788192749
0,12,4,2087,0.9537526369094849
0,12,5,1327,0.9527309536933899
0,12,6,584,0.9517946839332581
0,12,7,1939,0.9422821998596191
0,12,8,215,0.9409637451171875
0,12,9,1201,0.9385291934013367
0,12,10,2442,0.9363496899604797
0,13,1,1588,0.9674457311630249
0,13,2,864,0.9594523906707764
0,13,3,1792,0.9585317373275757
0,13,4,2097,0.9561275839805603
0,13,5,1340,0.9559473395347595
0,13,6,1342,0.9559401273727417
0,13,7,1569,0.9519235491752625
0,13,8,1522,0.9513185024261475
0,13,9,1315,0.9469996094703674
0,13,10,2144,0.945917010307312
0,14,1,230,0.9683274626731873
0,14,2,1657,0.9681494832038879
0,14,3,1812,0.963162362575531
0,14,4,1898,0.9621055722236633
0,14,5,2630,0.9610196948051453
0,14,6,991,0.95371413230896
0,14,7,1871,0.9500700235366821
0,14,8,2516,0.9485933780670166
0,14,9,1496,0.945608377456665
0,14,10,736,0.9451884627342224
0,15,1,1342,0.9618207216262817
0,15,2,1588,0.9578854441642761
0,15,3,1522,0.9557984471321106
0,15,4,1569,0.9538291692733765
0,15,5,864,0.9516369700431824
0,15,6,310,0.942609965801239
0,15,7,2621,0.9398338198661804
0,15,8,2723,0.938001811504364
0,15,9,1340,0.9352515935897827
0,15,10,861,0.9321882724761963
0,16,1,1546,0.9744952917098999
0,16,2,890,0.9734051823616028
0,16,3,1543,0.9644080996513367
0,16,4,2702,0.9640911817550659
0,16,5,32,0.9479426145553589
0,16,6,3041,0.9476925134658813
0,16,7,1628,0.9460406303405762
0,16,8,2533,0.9453422427177429
0,16,9,2014,0.9450682401657104
0,16,10,925,0.9440098404884338
0,17,1,2014,0.9605373740196228
0,17,2,1365,0.9483136534690857
0,17,3,2045,0.9467524886131287
0,17,4,1546,0.937873899936676
0,17,5,2702,0.9296119213104248
0,17,6,494,0.9281070828437805
0,17,7,2476,0.9276955127716064
0,17,8,407,0.9269298315048218
0,17,9,1080,0.9231705069541931
0,17,10,2533,0.9221225380897522
0,18,1,2533,0.9449977874755859
0,18,2,890,0.9402846097946167
0,18,3,3041,0.9387327432632446
0,18,4,1317,0.9249444603919983
0,18,5,2702,0.9246648550033569
0,18,6,1543,0.9231534600257874
0,18,7,1546,0.9202958941459656
0,18,8,2481,0.9113581776618958
0,18,9,2839,0.9101871848106384
0,18,10,2014,0.9093232750892639
0,21,1,1461,0.9566897749900818
0,21,2,1645,0.94401615858078
0,21,3,1427,0.9429147839546204
0,21,4,2291,0.9360141754150391
0,21,5,766,0.9352386593818665
0,21,6,2678,0.9324287176132202
0,21,7,426,0.9275497794151306
0,21,8,2287,0.9259745478630066
0,21,9,1708,0.9258034825325012
0,21,10,2745,0.92368084192276
0,22,1,1317,0.9664707183837891
0,22,2,1747,0.9554425477981567
0,22,3,2533,0.9542834162712097
0,22,4,461,0.9496405720710754
0,22,5,1267,0.9452770948410034
0,22,6,1127,0.9394916296005249
0,22,7,1237,0.9379063248634338
0,22,8,1045,0.9360731840133667
0,22,9,1302,0.9356917142868042
0,22,10,731,0.9323058128356934
0,23,1,2097,0.939194917678833
0,23,2,1438,0.9291183352470398
0,23,3,2144,0.9283491969108582
0,23,4,1588,0.9247618913650513
0,23,5,2516,0.923644483089447
0,23,6,1518,0.9226664304733276
0,23,7,95,0.9189940094947815
0,23,8,271,0.9164894223213196
0,23,9,1569,0.9161874651908875
0,23,10,601,0.912702202796936
0,24,1,1047,0.9483281373977661
0,24,2,2552,0.9471290707588196
0,24,3,1104,0.9340079426765442
0,24,4,1522,0.9309579133987427
0,24,5,429,0.9273425936698914
0,24,6,2621,0.9256271719932556
0,24,7,1342,0.9243550896644592
0,24,8,177,0.9235754609107971
0,24,9,2723,0.9232029318809509
0,24,10,3037,0.9225842952728271
0,25,1,2014,0.966300368309021
0,25,2,1365,0.9569292664527893
0,25,3,2045,0.954093337059021
0,25,4,1317,0.9449322819709778
0,25,5,494,0.9394444823265076
0,25,6,407,0.9385874271392822
0,25,7,2476,0.9375023245811462
0,25,8,1546,0.9350417256355286
0,25,9,1080,0.9346883296966553
0,25,10,402,0.9311259388923645
0,26,1,1522,0.95610111951828
0,26,2,1047,0.9533897638320923
0,26,3,429,0.9527758955955505
0,26,4,2552,0.9499586820602417
0,26,5,1342,0.9469444155693054
0,26,6,1104,0.9469138383865356
0,26,7,864,0.9459258913993835
0,26,8,1792,0.9427540898323059
0,26,9,39,0.940047562122345
0,26,10,2621,0.9356390833854675
0,27,1,1761,0.9602293372154236
0,27,2,2780,0.9589048624038696
0,27,3,634,0.9507408738136292
0,27,4,2144,0.9487423300743103
0,27,5,2097,0.948283314704895
0,27,6,38,0.9474818706512451
0,27,7,1712,0.9436157941818237
0,27,8,2219,0.9431065320968628
0,27,9,118,0.9413673281669617
0,27,10,2202,0.9412438869476318
0,28,1,2405,0.9754337072372437
0,28,2,1279,0.9750750064849854
0,28,3,205,0.9722003936767578
0,28,4,137,0.9715517163276672
0,28,5,2053,0.9714286923408508
0,28,6,1567,0.9710643291473389
0,28,7,484,0.9705674052238464
0,28,8,551,0.96971195936203
0,28,9,2353,0.9679844379425049
0,28,10,1946,0.967034637928009
0,29,1,530,0.9346479773521423
0,29,2,2848,0.9339219331741333
0,29,3,1308,0.9333200454711914
0,29,4,769,0.9319831132888794
0,29,5,2482,0.9297016263008118
0,29,6,2258,0.929539144039154
0,29,7,1621,0.9282259941101074
0,29,8,675,0.9275551438331604
0,29,9,534,0.925208568572998
0,29,10,1251,0.9250996112823486
0,31,1,1657,0.8801119923591614
0,31,2,2630,0.8773150444030762
0,31,3,1812,0.8767452239990234
0,31,4,2516,0.8762518167495728
0,31,5,991,0.8744809627532959
0,31,6,1898,0.8742219805717468
0,31,7,1518,0.8708081841468811
0,31,8,724,0.8693063855171204
0,31,9,736,0.862393319606781
0,31,10,2618,0.861584484577179
0,32,1,62,0.9684447646141052
0,32,2,1146,0.9621224403381348
0,32,3,1833,0.9614301919937134
0,32,4,667,0.9588007926940918
0,32,5,2193,0.9574071764945984
0,32,6,3042,0.9573256373405457
0,32,7,216,0.9556457996368408
0,32,8,1848,0.9552192687988281
0,32,9,1082,0.9507396817207336
0,32,10,948,0.9491716623306274
0,33,1,1546,0.9640082716941833
0,33,2,890,0.9590871930122375
0,33,3,1628,0.9546590447425842
0,33,4,1543,0.9482632875442505
0,33,5,2654,0.9477658867835999
0,33,6,32,0.9421187043190002
0,33,7,925,0.9408960342407227
0,33,8,2702,0.931442141532898
0,33,9,2787,0.9308879375457764
0,33,10,991,0.9308333992958069
0,34,1,2370,0.9585641026496887
0,34,2,2804,0.9576547741889954
0,34,3,2661,0.9521402716636658
0,34,4,2618,0.952109158039093
0,34,5,953,0.950007438659668
0,34,6,1839,0.9497751593589783
0,34,7,1982,0.9479333162307739
0,34,8,991,0.9465408325195312
0,34,9,746,0.9463069438934326
0,34,10,1454,0.9455680847167969
0,35,1,2738,0.9476914405822754
0,35,2,2127,0.9467659592628479
0,35,3,14,0.9446674585342407
0,35,4,556,0.9430778622627258
0,35,5,2727,0.9425787925720215
0,35,6,2238,0.9424697756767273
0,35,7,2285,0.9423277378082275
0,35,8,402,0.941128671169281
0,35,9,1691,0.940639078617096
0,35,10,208,0.9329641461372375
0,36,1,2533,0.9694131016731262
0,36,2,1317,0.957579493522644
0,36,3,2702,0.9501543045043945
0,36,4,3041,0.9491123557090759
0,36,5,890,0.9476506114006042
0,36,6,1747,0.9417035579681396
0,36,7,2014,0.9353517889976501
0,36,8,1543,0.9349396228790283
0,36,9,1302,0.9347776770591736
0,36,10,599,0.9326869249343872
0,37,1,1034,0.962007462978363
0,37,2,1816,0.9482830166816711
0,37,3,1059,0.9478158950805664
0,37,4,2787,0.946261465549469
0,37,5,414,0.9440808892250061
0,37,6,2796,0.9420607089996338
0,37,7,1821,0.9391061067581177
0,37,8,32,0.9354396462440491
0,37,9,2206,0.9352969527244568
0,37,10,925,0.9302700161933899
0,38,1,1642,0.9730439186096191
0,38,2,208,0.9667506217956543
0,38,3,584,0.9649660587310791
0,38,4,2285,0.9638503193855286
0,38,5,556,0.9637148380279541
0,38,6,2408,0.9635595083236694
0,38,7,1201,0.9629733562469482
0,38,8,2367,0.9602933526039124
0,38,9,94,0.9598531723022461
0,38,10,2127,0.9581846594810486
0,39,1,2738,0.9644057750701904
0,39,2,2127,0.9633150100708008
0,39,3,14,0.9614391326904297
0,39,4,556,0.9588565826416016
0,39,5,2238,0.9574311971664429
0,39,6,2285,0.9568460583686829
0,39,7,208,0.9541062712669373
0,39,8,1642,0.9497500061988831
0,39,9,1201,0.9485406279563904
0,39,10,2727,0.9467679858207703
0,40,1,94,0.972236692905426
0,40,2,1681,0.9689735174179077
0,40,3,379,0.9640277624130249
0,40,4,2121,0.9623234272003174
0,40,5,2367,0.9622971415519714
0,40,6,40,0.9607712030410767
0,40,7,2408,0.9595136046409607
0,40,8,534,0.9538611769676208
0,40,9,2134,0.9516924023628235
0,40,10,1642,0.9502102136611938
0,42,1,1833,0.9583085179328918
0,42,2,1146,0.9556794762611389
0,42,3,3042,0.954013466835022
0,42,4,380,0.953453004360199
0,42,5,1805,0.9529387950897217
0,42,6,216,0.9493179321289062
0,42,7,1055,0.9384820461273193
0,42,8,62,0.9379582405090332
0,42,9,1495,0.9367119073867798
0,42,10,1785,0.9363962411880493
0,43,1,62,0.9432668685913086
0,43,2,2985,0.9313791394233704
0,43,3,3032,0.9274688959121704
0,43,4,1146,0.9263086915016174
0,43,5,216,0.9221858382225037
0,43,6,948,0.9201769232749939
0,43,7,1833,0.9190828800201416
0,43,8,1082,0.9172971248626709
0,43,9,2135,0.9164018034934998
0,43,10,380,0.91617351770401
0,45,1,3009,0.9652003645896912
0,45,2,2114,0.9563995599746704
0,45,3,2185,0.9543077945709229
0,45,4,572,0.94647216796875
0,45,5,2273,0.9448637962341309
0,45,6,948,0.9434261918067932
0,45,7,2283,0.9427505135536194
0,45,8,248,0.9402859210968018
0,45,9,655,0.933138370513916
0,45,10,1550,0.9327265620231628
0,46,1,2283,0.9514008164405823
0,46,2,972,0.950596809387207
0,46,3,696,0.9495553374290466
0,46,4,2253,0.9495502710342407
0,46,5,1980,0.9483031630516052
0,46,6,2684,0.9458897709846497
0,46,7,2243,0.9412274360656738
0,46,8,1513,0.9359950423240662
0,46,9,220,0.935488760471344
0,46,10,321,0.9340919256210327
0,47,1,2185,0.935651957988739
0,47,2,3009,0.9275797605514526
0,47,3,1250,0.9272086024284363
0,47,4,248,0.925891101360321
0,47,5,2660,0.9228327870368958
0,47,6,128,0.9199593663215637
0,47,7,2114,0.9166616797447205
0,47,8,1246,0.9066864252090454
0,47,9,1659,0.9066640138626099
0,47,10,572,0.9060474634170532
0,48,1,2283,0.9703264236450195
0,48,2,572,0.9634050130844116
0,48,3,1550,0.9607211947441101
0,48,4,655,0.9605652689933777
0,48,5,2,0.9598516821861267
0,48,6,696,0.9573211073875427
0,48,7,1980,0.9483477473258972
0,48,8,3032,0.9458172917366028
0,48,9,2684,0.9456740617752075
0,48,10,2985,0.944993257522583
0,49,1,3009,0.9457868933677673
0,49,2,1927,0.9454296827316284
0,49,3,2185,0.9427056908607483
0,49,4,2546,0.941634476184845
0,49,5,773,0.9398616552352905
0,49,6,62,0.9372785091400146
0,49,7,1250,0.9311156272888184
0,49,8,948,0.9283406734466553
0,49,9,1726,0.9265835285186768
0,49,10,2660,0.9201512336730957
0,50,1,2985,0.9514215588569641
0,50,2,3032,0.9494895339012146
0,50,3,2283,0.9436935782432556
0,50,4,2135,0.9403253793716431
0,50,5,972,0.9377496242523193
0,50,6,2253,0.9366369247436523
0,50,7,2243,0.9286442995071411
0,50,8,696,0.924305260181427
0,50,9,62,0.9217596054077148
0,50,10,1848,0.9187151193618774
0,51,1,2283,0.9675846099853516
0,51,2,572,0.9653803706169128
0,51,3,1550,0.9607899785041809
0,51,4,655,0.9606786370277405
0,51,5,696,0.9533870220184326
0,51,6,2185,0.9448899626731873
0,51,7,3009,0.9414172768592834
0,51,8,3032,0.9406599402427673
0,51,9,2985,0.9401889443397522
0,51,10,2708,0.9390819668769836
0,52,1,62,0.9732229113578796
0,52,2,1848,0.9687433242797852
0,52,3,2894,0.9681710600852966
0,52,4,1726,0.9632041454315186
0,52,5,1567,0.9631122946739197
0,52,6,1927,0.9603124856948853
0,52,7,2193,0.9576518535614014
0,52,8,667,0.9573869109153748
0,52,9,2053,0.9561755657196045
0,52,10,2273,0.9534167647361755
0,53,1,1146,0.9688867330551147
0,53,2,667,0.9668649435043335
0,53,3,1833,0.963740885257721
0,53,4,1805,0.9603300094604492
0,53,5,62,0.9565982818603516
0,53,6,3042,0.9562191963195801
0,53,7,2789,0.9544060826301575
0,53,8,1785,0.9489116072654724
0,53,9,1055,0.9477409720420837
0,53,10,1254,0.9457165598869324
0,54,1,380,0.9657367467880249
0,54,2,1146,0.9583010077476501
0,54,3,2789,0.9549485445022583
0,54,4,667,0.9547674059867859
0,54,5,1254,0.9511284232139587
0,54,6,1833,0.9503329396247864
0,54,7,3042,0.9404898881912231
0,54,8,2323,0.9362806081771851
0,54,9,2135,0.9340755939483643
0,54,10,1059,0.9310499429702759
0,55,1,3042,0.921939492225647
0,55,2,1059,0.9175326228141785
0,55,3,925,0.9158886671066284
0,55,4,1833,0.9141804575920105
0,55,5,32,0.9095024466514587
0,55,6,2410,0.9033492803573608
0,55,7,2481,0.9023450016975403
0,55,8,2787,0.9005852341651917
0,55,9,1816,0.898017942905426
0,55,10,1538,0.8961469531059265
0,56,1,230,0.9460902810096741
0,56,2,2516,0.9452241659164429
0,56,3,1518,0.9386825561523438
0,56,4,2630,0.9310674667358398
0,56,5,991,0.9301139712333679
0,56,6,1812,0.9289620518684387
0,56,7,724,0.9282867908477783
0,56,8,2184,0.9280019998550415
0,56,9,95,0.9240321516990662
0,56,10,645,0.9230645895004272
0,57,1,2516,0.9677034616470337
0,57,2,1518,0.9649925231933594
0,57,3,2630,0.9626275897026062
0,57,4,1812,0.962218701839447
0,57,5,230,0.9582433700561523
0,57,6,991,0.9572184681892395
0,57,7,724,0.9556141495704651
0,57,8,1657,0.9531101584434509
0,57,9,1898,0.9497310519218445
0,57,10,2184,0.9493585824966431
0,58,1,2097,0.9334818720817566
0,58,2,2144,0.9292752742767334
0,58,3,2184,0.9282245635986328
0,58,4,1315,0.9276607036590576
0,58,5,271,0.9271396398544312
0,58,6,634,0.9258954524993896
0,58,7,1438,0.9253759384155273
0,58,8,791,0.9222452044487
0,58,9,2137,0.9216598868370056
0,58,10,2288,0.9193037152290344
0,59,1,2516,0.960490345954895
0,59,2,1438,0.9592872262001038
0,59,3,1518,0.9575679302215576
0,59,4,2184,0.957339882850647
0,59,5,1315,0.9539918899536133
0,59,6,645,0.9509574770927429
0,59,7,2951,0.949442446231842
0,59,8,557,0.9489337801933289
0,59,9,2097,0.9488035440444946
0,59,10,791,0.9480776190757751
0,60,1,379,0.9672424793243408
0,60,2,94,0.9668086767196655
0,60,3,1681,0.9646241068840027
0,60,4,40,0.963293731212616
0,60,5,2134,0.9595811367034912
0,60,6,2367,0.9584336280822754
0,60,7,2957,0.9524081945419312
0,60,8,534,0.9490872621536255
0,60,9,748,0.9479267597198486
0,60,10,1339,0.946287214756012
0,61,1,2502,0.9705802202224731
0,61,2,1612,0.967915415763855
0,61,3,2095,0.9620869755744934
0,61,4,3062,0.9535889029502869
0,61,5,615,0.9522925615310669
0,61,6,2237,0.9516383409500122
0,61,7,2087,0.9502196311950684
0,61,8,2143,0.947405219078064
0,61,9,379,0.943561315536499
0,61,10,2583,0.9275584816932678
0,62,1,379,0.9702796339988708
0,62,2,40,0.9611486792564392
0,62,3,2957,0.9564743638038635
0,62,4,2050,0.9544985294342041
0,62,5,94,0.9540252685546875
0,62,6,1339,0.9539268016815186
0,62,7,2134,0.9505161643028259
0,62,8,2367,0.950020432472229
0,62,9,2143,0.9470128417015076
0,62,10,1681,0.9454447031021118
0,63,1,2502,0.9735561609268188
0,63,2,3062,0.9645289182662964
0,63,3,1612,0.9641863107681274
0,63,4,615,0.9592980742454529
0,63,5,2237,0.9543135166168213
0,63,6,2095,0.9529843926429749
0,63,7,2087,0.9389022588729858
0,63,8,2143,0.9363510608673096
0,63,9,379,0.9283326864242554
0,63,10,1763,0.9252015352249146
0,64,1,2546,0.9665441513061523
0,64,2,773,0.9665390253067017
0,64,3,3009,0.9647009372711182
0,64,4,1594,0.9591768980026245
0,64,5,1927,0.958311140537262
0,64,6,2660,0.9554705619812012
0,64,7,1726,0.9548922181129456
0,64,8,1250,0.9528506994247437
0,64,9,2185,0.9521204233169556
0,64,10,1567,0.951541006565094
0,65,1,1724,0.9693595170974731
0,65,2,1045,0.9648198485374451
0,65,3,438,0.9643009305000305
0,65,4,2353,0.9573028087615967
0,65,5,137,0.9543939828872681
0,65,6,484,0.9519022107124329
0,65,7,2713,0.9510930776596069
0,65,8,731,0.9508005976676941
0,65,9,2892,0.9490025043487549
0,65,10,2302,0.9486074447631836
0,66,1,508,0.9512383341789246
0,66,2,1673,0.9455415606498718
0,66,3,97,0.9455093145370483
0,66,4,2595,0.944839596748352
0,66,5,1665,0.9436990022659302
0,66,6,1945,0.9405518174171448
0,66,7,2938,0.9385648369789124
0,66,8,1328,0.9381414651870728
0,66,9,189,0.9371371269226074
0,66,10,108,0.9351701736450195
0,67,1,2594,0.9566089510917664
0,67,2,1165,0.9552314281463623
0,67,3,2691,0.9539613723754883
0,67,4,1673,0.9526530504226685
0,67,5,2595,0.9513565897941589
0,67,6,1548,0.9511324167251587
0,67,7,1945,0.9463511109352112
0,67,8,189,0.9459730386734009
0,67,9,128,0.9445703029632568
0,67,10,1665,0.9437780380249023
0,68,1,508,0.948101818561554
0,68,2,1328,0.9352308511734009
0,68,3,97,0.9340981245040894
0,68,4,1870,0.928623616695404
0,68,5,1673,0.9284331202507019
0,68,6,880,0.9278809428215027
0,68,7,2595,0.9278382658958435
0,68,8,2160,0.9220688343048096
0,68,9,1665,0.9204942584037781
0,68,10,2938,0.918998658657074
0,69,1,1546,0.9617727994918823
0,69,2,890,0.9603906273841858
0,69,3,2654,0.949126660823822
0,69,4,32,0.9477203488349915
0,69,5,1543,0.9476845860481262
0,69,6,1628,0.9475139379501343
0,69,7,2702,0.9372233152389526
0,69,8,1821,0.9360129833221436
0,69,9,3041,0.9336466789245605
0,69,10,2755,0.9215342402458191
0,70,1,32,0.9481975436210632
0,70,2,1034,0.9478721022605896
0,70,3,3042,0.947563111782074
0,70,4,1059,0.9468874335289001
0,70,5,1821,0.945169985294342
0,70,6,3041,0.9396291971206665
0,70,7,890,0.9381016492843628
0,70,8,1785,0.9347395896911621
0,70,9,1816,0.9158263206481934
0,70,10,1543,0.9149754047393799
0,71,1,1785,0.9643948674201965
0,71,2,1279,0.9634093046188354
0,71,3,1495,0.9626172780990601
0,71,4,2839,0.9609785676002502
0,71,5,2053,0.9602233171463013
0,71,6,1055,0.9599266648292542
0,71,7,1567,0.9596623182296753
0,71,8,137,0.9586456418037415
0,71,9,3041,0.9574782252311707
0,71,10,484,0.953744649887085
0,72,1,1417,0.9625784754753113
0,72,2,2368,0.9617142081260681
0,72,3,2892,0.9600550532341003
0,72,4,2302,0.9563510417938232
0,72,5,990,0.9557305574417114
0,72,6,2742,0.9545845985412598
0,72,7,3059,0.954200029373169
0,72,8,2695,0.9473546743392944
0,72,9,438,0.9466514587402344
0,72,10,567,0.9452869296073914
0,73,1,1317,0.9519685506820679
0,73,2,1267,0.9503151774406433
0,73,3,1427,0.947731614112854
0,73,4,1645,0.9459167122840881
0,73,5,544,0.9320615530014038
0,73,6,766,0.9318251609802246
0,73,7,1237,0.9310756921768188
0,73,8,2291,0.9308825731277466
0,73,9,1127,0.9300100803375244
0,73,10,407,0.9270774722099304
0,74,1,1317,0.9593302011489868
0,74,2,1267,0.947391152381897
0,74,3,1427,0.9437229037284851
0,74,4,1645,0.9359026551246643
0,74,5,2014,0.9312796592712402
0,74,6,2291,0.9307748079299927
0,74,7,766,0.9284210801124573
0,74,8,407,0.9271316528320312
0,74,9,1237,0.9252424836158752
0,74,10,544,0.9225327968597412
0,75,1,2533,0.9488644003868103
0,75,2,1317,0.9484726190567017
0,75,3,1267,0.9244427680969238
0,75,4,1302,0.9243273735046387
0,75,5,2702,0.9218023419380188
0,75,6,1045,0.9203630089759827
0,75,7,484,0.9199902415275574
0,75,8,1279,0.9195964336395264
0,75,9,2839,0.9180915951728821
0,75,10,3041,0.9177838563919067
0,76,1,542,0.9590691924095154
0,76,2,400,0.9588358402252197
0,76,3,2003,0.9544061422348022
0,76,4,1287,0.9543904662132263
0,76,5,1320,0.9539825320243835
0,76,6,732,0.9538077712059021
0,76,7,1044,0.9532210230827332
0,76,8,1142,0.953158974647522
0,76,9,1858,0.9527485370635986
0,76,10,415,0.9526205062866211
0,77,1,542,0.9602439999580383
0,77,2,1858,0.9593386054039001
0,77,3,2998,0.9568045139312744
0,77,4,2191,0.9546759724617004
0,77,5,2111,0.9539234042167664
0,77,6,1320,0.9525727033615112
0,77,7,400,0.9510369896888733
0,77,8,2003,0.9471395015716553
0,77,9,30,0.9468309879302979
0,77,10,1044,0.9454668760299683
0,78,1,1320,0.9610554575920105
0,78,2,1858,0.9605056047439575
0,78,3,542,0.958867073059082
0,78,4,1044,0.958304762840271
0,78,5,1142,0.9574196934700012
0,78,6,1287,0.9565055966377258
0,78,7,400,0.9542317390441895
0,78,8,1273,0.9539018869400024
0,78,9,198,0.9539004564285278
0,78,10,30,0.9532058238983154
0,80,1,2658,0.9401106834411621
0,80,2,1028,0.9369546175003052
0,80,3,295,0.9343969225883484
0,80,4,1817,0.9341434240341187
0,80,5,1502,0.9336909651756287
0,80,6,278,0.9336586594581604
0,80,7,972,0.9292079210281372
0,80,8,2253,0.9291303753852844
0,80,9,2789,0.9283378720283508
0,80,10,2243,0.9248285293579102
0,81,1,390,0.9687809348106384
0,81,2,3059,0.9600452184677124
0,81,3,1407,0.9582281112670898
0,81,4,3009,0.9551742076873779
0,81,5,1417,0.9529070258140564
0,81,6,2185,0.95186448097229
0,81,7,1738,0.9513498544692993
0,81,8,438,0.950581431388855
0,81,9,2368,0.9498355984687805
0,81,10,2114,0.9486423134803772
0,82,1,2660,0.9702107310295105
0,82,2,1250,0.9654220938682556
0,82,3,1407,0.9583278298377991
0,82,4,113,0.9543923735618591
0,82,5,2185,0.9533481597900391
0,82,6,390,0.95075523853302
0,82,7,3059,0.9502009153366089
0,82,8,1246,0.9495497941970825
0,82,9,1594,0.9485098123550415
0,82,10,3009,0.9463744163513184
0,83,1,2660,0.9668292999267578
0,83,2,3059,0.9621495008468628
0,83,3,1417,0.9614079594612122
0,83,4,2368,0.9571403861045837
0,83,5,1250,0.9550280570983887
0,83,6,390,0.9548047184944153
0,83,7,1594,0.9523817896842957
0,83,8,1407,0.9505372643470764
0,83,9,2901,0.9464372396469116
0,83,10,113,0.9445118308067322
0,84,1,1594,0.9652042388916016
0,84,2,2546,0.9614236950874329
0,84,3,3059,0.9594027400016785
0,84,4,773,0.9588983058929443
0,84,5,1250,0.9588469862937927
0,84,6,3009,0.9582756161689758
0,84,7,390,0.9563482999801636
0,84,8,438,0.9528696537017822
0,84,9,2185,0.9499396681785583
0,84,10,1927,0.9426611065864563
0,85,1,220,0.9735100269317627
0,85,2,3063,0.9702596664428711
0,85,3,972,0.9533225297927856
0,85,4,696,0.9520894289016724
0,85,5,2253,0.9519349932670593
0,85,6,2283,0.947992205619812
0,85,7,2708,0.9345207214355469
0,85,8,2243,0.9328433275222778
0,85,9,248,0.9296699166297913
0,85,10,2297,0.9249729514122009
0,86,1,972,0.9606118202209473
0,86,2,2253,0.960098147392273
0,86,3,3063,0.9561712145805359
0,86,4,2243,0.950457751750946
0,86,5,220,0.9499449133872986
0,86,6,1448,0.9486672878265381
0,86,7,1028,0.9459711313247681
0,86,8,295,0.9452778697013855
0,86,9,696,0.9443485140800476
0,86,10,2706,0.9394857883453369
0,87,1,3063,0.9534468054771423
0,87,2,220,0.9499391317367554
0,87,3,972,0.9464395642280579
0,87,4,2253,0.9458532333374023
0,87,5,1448,0.9443560242652893
0,87,6,2297,0.9379213452339172
0,87,7,2243,0.9277713298797607
0,87,8,1028,0.9243965744972229
0,87,9,295,0.9233248829841614
0,87,10,278,0.9186127185821533
0,89,1,1007,0.9747640490531921
0,89,2,2734,0.9495213627815247
0,89,3,2170,0.9449100494384766
0,89,4,1446,0.9439788460731506
0,89,5,1669,0.9297263026237488
0,89,6,1236,0.9263588190078735
0,89,7,986,0.9257914423942566
0,89,8,2478,0.9256330728530884
0,89,9,1817,0.9186543226242065
0,89,10,60,0.9143056869506836
0,91,1,1007,0.9583826065063477
0,91,2,2170,0.948340117931366
0,91,3,954,0.9424059391021729
0,91,4,1817,0.9382455945014954
0,91,5,1028,0.9260927438735962
0,91,6,295,0.924259603023529
0,91,7,2658,0.9236437082290649
0,91,8,2323,0.920275092124939
0,91,9,1254,0.9117802381515503
0,91,10,2253,0.9050502181053162
0,92,1,1442,0.9430915713310242
0,92,2,1189,0.9329096078872681
0,92,3,2799,0.9255592226982117
0,92,4,540,0.9241920113563538
0,92,5,1113,0.9237891435623169
0,92,6,2969,0.9213663935661316
0,92,7,2740,0.9208536744117737
0,92,8,1311,0.9152347445487976
0,92,9,1881,0.9144037961959839
0,92,10,3068,0.913910448551178
0,93,1,1869,0.9656147956848145
0,93,2,2326,0.9629588723182678
0,93,3,2717,0.9626443386077881
0,93,4,2940,0.9578338265419006
0,93,5,1881,0.9537505507469177
0,93,6,1194,0.9533719420433044
0,93,7,1341,0.9463849663734436
0,93,8,1424,0.9456821084022522
0,93,9,2167,0.9439607262611389
0,93,10,2089,0.943893551826477
0,95,1,540,0.9658510088920593
0,95,2,1113,0.965428352355957
0,95,3,1881,0.9636914134025574
0,95,4,2969,0.9627980589866638
0,95,5,459,0.9598793387413025
0,95,6,1592,0.9593114256858826
0,95,7,2844,0.9508016109466553
0,95,8,2940,0.9472857713699341
0,95,9,1442,0.9405277371406555
0,95,10,421,0.9395946264266968
0,97,1,1882,0.9466100931167603
0,97,2,2994,0.9440916776657104
0,97,3,1235,0.9391601085662842
0,97,4,500,0.9368481040000916
0,97,5,416,0.9354625344276428
0,97,6,129,0.9318287372589111
0,97,7,2990,0.9288389682769775
0,97,8,193,0.9159795045852661
0,97,9,1754,0.9148105382919312
0,97,10,509,0.9112675786018372
0,98,1,257,0.9607380628585815
0,98,2,1720,0.9599463939666748
0,98,3,1429,0.9556761980056763
0,98,4,1620,0.950838565826416
0,98,5,732,0.9477614760398865
0,98,6,509,0.9441144466400146
0,98,7,2161,0.9439741373062134
0,98,8,1044,0.9438475370407104
0,98,9,1686,0.9426254034042358
0,98,10,2792,0.9399516582489014
0,100,1,2832,0.9294672012329102
0,100,2,416,0.9185445308685303
0,100,3,1255,0.8995644450187683
0,100,4,692,0.8967964053153992
0,100,5,1012,0.8911172747612
0,100,6,55,0.8854495286941528
0,100,7,257,0.8827008008956909
0,100,8,1295,0.8803970217704773
0,100,9,509,0.8791945576667786
0,100,10,2990,0.8780763149261475
0,101,1,2143,0.9684264659881592
0,101,2,2409,0.9609389305114746
0,101,3,1327,0.9594772458076477
0,101,4,2087,0.9581414461135864
0,101,5,2367,0.9536289572715759
0,101,6,2914,0.9507372379302979
0,101,7,40,0.9506372213363647
0,101,8,2408,0.9479625821113586
0,101,9,2502,0.9420958757400513
0,101,10,2583,0.9405278563499451
0,102,1,2087,0.9660506844520569
0,102,2,2409,0.9657856822013855
0,102,3,2143,0.9647793769836426
0,102,4,1327,0.9572527408599854
0,102,5,2914,0.9531500339508057
0,102,6,2502,0.9485987424850464
0,102,7,2408,0.9369903206825256
0,102,8,2448,0.9365673065185547
0,102,9,40,0.9331040382385254
0,102,10,584,0.9294474124908447
0,103,1,2914,0.9732040166854858
0,103,2,1612,0.971849262714386
0,103,3,2409,0.9689825177192688
0,103,4,2502,0.9681283831596375
0,103,5,2143,0.9604140520095825
0,103,6,2237,0.9545496106147766
0,103,7,615,0.9485239386558533
0,103,8,99,0.9459325075149536
0,103,9,3062,0.9459245204925537
0,103,10,1388,0.9457293748855591
0,104,1,2134,0.9658399224281311
0,104,2,40,0.9645296931266785
0,104,3,346,0.9619945883750916
0,104,4,2957,0.960618793964386
0,104,5,2121,0.9601943492889404
0,104,6,2583,0.9595627188682556
0,104,7,2050,0.9594937562942505
0,104,8,1339,0.9556811451911926
0,104,9,2367,0.9541082978248596
0,104,10,2989,0.9505234956741333
0,105,1,1327,0.9643402695655823
0,105,2,2367,0.9598894119262695
0,105,3,2442,0.9591478109359741
0,105,4,2408,0.9582490921020508
0,105,5,584,0.9577398896217346
0,105,6,379,0.9577330350875854
0,105,7,2095,0.9468858242034912
0,105,8,2121,0.946435272693634
0,105,9,208,0.9460691213607788
0,105,10,40,0.9429672956466675
0,106,1,1612,0.9722210168838501
0,106,2,2409,0.961393415927887
0,106,3,2502,0.9590705633163452
0,106,4,2914,0.9561991095542908
0,106,5,2087,0.9548783302307129
0,106,6,99,0.9449402689933777
0,106,7,1388,0.9448954463005066
0,106,8,1255,0.938480794429779
0,106,9,2448,0.9352126717567444
0,106,10,1327,0.9246743321418762
0,108,1,2738,0.9771620035171509
0,108,2,14,0.9770612716674805
0,108,3,2127,0.9768470525741577
0,108,4,1621,0.9704898595809937
0,108,5,3057,0.9691534638404846
0,108,6,155,0.9676005244255066
0,108,7,2482,0.9666569232940674
0,108,8,1691,0.9658884406089783
0,108,9,2848,0.9648826718330383
0,108,10,2192,0.9648120403289795
0,109,1,1621,0.9795017242431641
0,109,2,2482,0.978492796421051
0,109,3,2848,0.977502167224884
0,109,4,530,0.9773167967796326
0,109,5,2192,0.9747873544692993
0,109,6,534,0.9745892286300659
0,109,7,1308,0.9745203852653503
0,109,8,2127,0.9737111926078796
0,109,9,14,0.9733700752258301
0,109,10,2738,0.9712376594543457
0,112,1,2366,0.9753279089927673
0,112,2,746,0.9737047553062439
0,112,3,2922,0.9706777334213257
0,112,4,476,0.9685970544815063
0,112,5,2435,0.9684101939201355
0,112,6,2211,0.9672444462776184
0,112,7,1982,0.9667844772338867
0,112,8,2804,0.9653279781341553
0,112,9,1454,0.9639269113540649
0,112,10,2137,0.9621087312698364
0,113,1,2366,0.96635901927948
0,113,2,298,0.9647132754325867
0,113,3,476,0.9637579917907715
0,113,4,2211,0.9632325768470764
0,113,5,2922,0.9595809578895569
0,113,6,2313,0.9592961668968201
0,113,7,2089,0.9583737850189209
0,113,8,1872,0.9545373320579529
0,113,9,2202,0.9537507891654968
0,113,10,2167,0.9527086019515991
0,114,1,2738,0.9580138325691223
0,114,2,14,0.9572002291679382
0,114,3,3057,0.949177622795105
0,114,4,155,0.9480207562446594
0,114,5,2238,0.9439020752906799
0,114,6,556,0.9399447441101074
0,114,7,2369,0.9386178255081177
0,114,8,1621,0.9375753998756409
0,114,9,3016,0.93589186668396
0,114,10,736,0.9322773814201355
0,115,1,94,0.9685794711112976
0,115,2,2442,0.9612258076667786
0,115,3,1681,0.9587832093238831
0,115,4,1642,0.9586446285247803
0,115,5,1327,0.9585641622543335
0,115,6,584,0.9568163752555847
0,115,7,2408,0.9551813006401062
0,115,8,2367,0.954806387424469
0,115,9,556,0.9517999291419983
0,115,10,2143,0.9466349482536316
0,116,1,556,0.9706698060035706
0,116,2,215,0.9687987565994263
0,116,3,2442,0.9676050543785095
0,116,4,1642,0.965850830078125
0,116,5,584,0.9645472764968872
0,116,6,2238,0.9597281813621521
0,116,7,2406,0.958925187587738
0,116,8,2127,0.9565162658691406
0,116,9,1939,0.9553399085998535
0,116,10,1327,0.950284481048584
0,117,1,94,0.9722545146942139
0,117,2,1681,0.9628702998161316
0,117,3,1327,0.9592790007591248
0,117,4,2367,0.9591866731643677
0,117,5,2442,0.9584324955940247
0,117,6,2408,0.9572144746780396
0,117,7,1642,0.9563325643539429
0,117,8,379,0.9558080434799194
0,117,9,584,0.952768087387085
0,117,10,2143,0.9513437747955322
0,118,1,1681,0.9367917776107788
0,118,2,534,0.9353587627410889
0,118,3,2121,0.9332318305969238
0,118,4,94,0.9328123927116394
0,118,5,40,0.9303432106971741
0,118,6,2134,0.9287026524543762
0,118,7,2367,0.9282907247543335
0,118,8,2482,0.9273125529289246
0,118,9,1621,0.9252170324325562
0,118,10,379,0.921815037727356
0,119,1,2556,0.9473404884338379
0,119,2,310,0.9425299167633057
0,119,3,1569,0.9415910840034485
0,119,4,1342,0.9305519461631775
0,119,5,2723,0.9299441576004028
0,119,6,689,0.9292528033256531
0,119,7,2621,0.9274300336837769
0,119,8,2920,0.9221697449684143
0,119,9,95,0.9215936660766602
0,119,10,2195,0.9183979630470276
0,120,1,674,0.9691023826599121
0,120,2,2920,0.9628793597221375
0,120,3,689,0.9591434001922607
0,120,4,2723,0.9556075930595398
0,120,5,1721,0.9555965065956116
0,120,6,2621,0.9501640200614929
0,120,7,1970,0.9495887160301208
0,120,8,2073,0.9449853301048279
0,120,9,2736,0.9443035125732422
0,120,10,2719,0.9422217607498169
0,121,1,2920,0.9558157324790955
0,121,2,2723,0.9535972476005554
0,121,3,2621,0.9505280256271362
0,121,4,674,0.950223445892334
0,121,5,689,0.9499930143356323
0,121,6,857,0.941365659236908
0,121,7,1047,0.9404788017272949
0,121,8,1721,0.9387503266334534
0,121,9,2719,0.9366933703422546
0,121,10,980,0.9289273619651794
0,122,1,2632,0.9642525315284729
0,122,2,2234,0.9634634256362915
0,122,3,364,0.9617751240730286
0,122,4,177,0.9586735963821411
0,122,5,2719,0.9536739587783813
0,122,6,857,0.9503920078277588
0,122,7,1359,0.9469472765922546
0,122,8,2560,0.9425709247589111
0,122,9,1047,0.9409205317497253
0,122,10,1487,0.9388019442558289
0,123,1,1047,0.9515663981437683
0,123,2,2723,0.9369111061096191
0,123,3,2632,0.9358574748039246
0,123,4,2920,0.932416558265686
0,123,5,2234,0.9311565160751343
0,123,6,364,0.9289051294326782
0,123,7,857,0.9269838333129883
0,123,8,2719,0.9268373847007751
0,123,9,1104,0.9236790537834167
0,123,10,689,0.9225166440010071
0,124,1,2632,0.9669746160507202
0,124,2,2234,0.9641848206520081
0,124,3,364,0.9619330167770386
0,124,4,177,0.9616917371749878
0,124,5,2719,0.9550225734710693
0,124,6,2552,0.9540217518806458
0,124,7,857,0.9518540501594543
0,124,8,1087,0.9509798288345337
0,124,9,1047,0.9500747919082642
0,124,10,756,0.9489032030105591
0,125,1,857,0.9585703015327454
0,125,2,2719,0.9497764110565186
0,125,3,364,0.9435321688652039
0,125,4,2234,0.938510000705719
0,125,5,2632,0.9323809742927551
0,125,6,1176,0.9243391156196594
0,125,7,674,0.9165245294570923
0,125,8,2560,0.9122872948646545
0,125,9,177,0.9087437987327576
0,125,10,2552,0.9011563062667847
0,127,1,2552,0.9413702487945557
0,127,2,1047,0.9401156902313232
0,127,3,2723,0.9352524876594543
0,127,4,2621,0.9342904090881348
0,127,5,2920,0.9303726553916931
0,127,6,689,0.9222033619880676
0,127,7,857,0.9182215332984924
0,127,8,2234,0.9157463312149048
0,127,9,861,0.915560781955719
0,127,10,2719,0.9142481684684753
0,129,1,429,0.9492065906524658
0,129,2,1104,0.9465537667274475
0,129,3,1047,0.9449366331100464
0,129,4,3037,0.9445345401763916
0,129,5,2552,0.9417743682861328
0,129,6,39,0.9410505294799805
0,129,7,1487,0.9373958110809326
0,129,8,1522,0.9361604452133179
0,129,9,1792,0.9319450259208679
0,129,10,453,0.929688036441803
0,131,1,1748,0.9537297487258911
0,131,2,1861,0.9515849351882935
0,131,3,46,0.9499713778495789
0,131,4,1966,0.9436264038085938
0,131,5,2219,0.942317545413971
0,131,6,2634,0.9418667554855347
0,131,7,3018,0.9408978819847107
0,131,8,865,0.9406319856643677
0,131,9,2882,0.9369299411773682
0,131,10,184,0.9360337853431702
0,132,1,184,0.9476746916770935
0,132,2,2882,0.9457229375839233
0,132,3,46,0.942022442817688
0,132,4,98,0.941089928150177
0,132,5,1197,0.9399392008781433
0,132,6,1861,0.9398602843284607
0,132,7,2474,0.9394689202308655
0,132,8,2067,0.9363650679588318
0,132,9,2669,0.9339914321899414
0,132,10,835,0.9332667589187622
0,133,1,184,0.9476746916770935
0,133,2,2882,0.9457229375839233
0,133,3,46,0.942022442817688
0,133,4,98,0.941089928150177
0,133,5,1197,0.9399392008781433
0,133,6,1861,0.9398602843284607
0,133,7,2474,0.9394689202308655
0,133,8,2067,0.9363650679588318
0,133,9,2669,0.9339914321899414
0,133,10,835,0.9332667589187622
0,134,1,184,0.9476746916770935
0,134,2,2882,0.9457229375839233
0,134,3,46,0.942022442817688
0,134,4,98,0.941089928150177
0,134,5,1197,0.9399392008781433
0,134,6,1861,0.9398602843284607
0,134,7,2474,0.9394689202308655
0,134,8,2067,0.9363650679588318
0,134,9,2669,0.9339914321899414
0,134,10,835,0.9332667589187622
0,135,1,184,0.9476746916770935
0,135,2,2882,0.9457229375839233
0,135,3,46,0.942022442817688
0,135,4,98,0.941089928150177
0,135,5,1197,0.9399392008781433
0,135,6,1861,0.9398602843284607
0,135,7,2474,0.9394689202308655
0,135,8,2067,0.9363650679588318
0,135,9,2669,0.9339914321899414
0,135,10,835,0.9332667589187622
0,136,1,1748,0.9553033113479614
0,136,2,865,0.9541106820106506
0,136,3,2877,0.953956127166748
0,136,4,3018,0.9539487957954407
0,136,5,1966,0.952788233757019
0,136,6,46,0.9504129886627197
0,136,7,1861,0.946036159992218
0,136,8,2751,0.9419070482254028
0,136,9,2669,0.9414803385734558
0,136,10,98,0.9409705400466919
0,137,1,2097,0.9670209884643555
0,137,2,2144,0.9645528197288513
0,137,3,1761,0.9616249203681946
0,137,4,1315,0.9554820656776428
0,137,5,271,0.9519720077514648
0,137,6,1340,0.9492843151092529
0,137,7,1792,0.9478425979614258
0,137,8,118,0.9470676779747009
0,137,9,1588,0.9460238218307495
0,137,10,1438,0.9454285502433777
0,138,1,2366,0.9597673416137695
0,138,2,1761,0.9503036737442017
0,138,3,746,0.9496774673461914
0,138,4,634,0.9466999769210815
0,138,5,2211,0.9453322887420654
0,138,6,2922,0.9451106190681458
0,138,7,38,0.9447641372680664
0,138,8,2137,0.9445800185203552
0,138,9,2341,0.9425680637359619
0,138,10,2144,0.9419824481010437
0,139,1,2097,0.9542494416236877
0,139,2,1792,0.9524398446083069
0,139,3,2144,0.9497255086898804
0,139,4,1340,0.9476240873336792
0,139,5,1588,0.9474366307258606
0,139,6,1761,0.9452287554740906
0,139,7,1315,0.9414235949516296
0,139,8,864,0.9413294792175293
0,139,9,118,0.933140218257904
0,139,10,271,0.9310715198516846
0,140,1,464,0.9756619334220886
0,140,2,2370,0.9742526412010193
0,140,3,953,0.97318434715271
0,140,4,2804,0.9719042778015137
0,140,5,2661,0.9706507325172424
0,140,6,2618,0.9670417308807373
0,140,7,991,0.9617655277252197
0,140,8,1454,0.960747241973877
0,140,9,2963,0.9578217267990112
0,140,10,2137,0.9572718143463135
0,141,1,865,0.974149227142334
0,141,2,3018,0.974052906036377
0,141,3,2877,0.9736589193344116
0,141,4,1966,0.9728376269340515
0,141,5,1748,0.9717026948928833
0,141,6,1352,0.9647968411445618
0,141,7,2669,0.9629429578781128
0,141,8,184,0.9606100916862488
0,141,9,2751,0.9604209661483765
0,141,10,1151,0.9595406651496887
0,142,1,1748,0.9683308601379395
0,142,2,2877,0.9677599668502808
0,142,3,865,0.9669169783592224
0,142,4,3018,0.9668964743614197
0,142,5,1966,0.9665358662605286
0,142,6,1352,0.965958297252655
0,142,7,46,0.9568424224853516
0,142,8,2669,0.9551570415496826
0,142,9,2751,0.9546577334403992
0,142,10,1861,0.9545195698738098
0,143,1,865,0.9640735983848572
0,143,2,3018,0.9638570547103882
0,143,3,2877,0.9627255201339722
0,143,4,1966,0.9619665145874023
0,143,5,1748,0.9589579701423645
0,143,6,2669,0.953771710395813
0,143,7,1151,0.9513795375823975
0,143,8,1352,0.9511218667030334
0,143,9,2751,0.9503273367881775
0,143,10,184,0.9495037794113159
0,144,1,1869,0.9544256925582886
0,144,2,2326,0.9472846984863281
0,144,3,1311,0.9457650184631348
0,144,4,2844,0.9423763751983643
0,144,5,1341,0.9294254183769226
0,144,6,459,0.9291161298751831
0,144,7,2167,0.9271482825279236
0,144,8,1940,0.9268421530723572
0,144,9,2089,0.9267603754997253
0,144,10,2925,0.9240676164627075
0,145,1,2167,0.9653809666633606
0,145,2,1869,0.960211992263794
0,145,3,184,0.9583935141563416
0,145,4,1892,0.9557893872261047
0,145,5,835,0.9540298581123352
0,145,6,1341,0.9509545564651489
0,145,7,2447,0.9477519392967224
0,145,8,2067,0.9473246335983276
0,145,9,1940,0.9465436339378357
0,145,10,1597,0.9454126954078674
0,147,1,2167,0.9464715123176575
0,147,2,2895,0.9414717555046082
0,147,3,2474,0.9414088726043701
0,147,4,767,0.9393622279167175
0,147,5,1940,0.9335799217224121
0,147,6,298,0.9331080317497253
0,147,7,2089,0.9328485131263733
0,147,8,1341,0.9302220940589905
0,147,9,1424,0.9292011260986328
0,147,10,1748,0.928907573223114
0,148,1,46,0.9828834533691406
0,148,2,1435,0.9805509448051453
0,148,3,1352,0.9753057360649109
0,148,4,1725,0.9749793410301208
0,148,5,1775,0.9749352931976318
0,148,6,453,0.9745098352432251
0,148,7,2634,0.9565407633781433
0,148,8,1280,0.9544034004211426
0,148,9,186,0.9540110230445862
0,148,10,136,0.9465136528015137
0,149,1,1352,0.97392737865448
0,149,2,1748,0.9735212326049805
0,149,3,2877,0.9731403589248657
0,149,4,3018,0.9719029664993286
0,149,5,865,0.9718000888824463
0,149,6,1966,0.9717599153518677
0,149,7,2882,0.9672780632972717
0,149,8,1861,0.9634537696838379
0,149,9,98,0.9613690376281738
0,149,10,2634,0.9582409858703613
0,150,1,1725,0.9796875715255737
0,150,2,453,0.979470431804657
0,150,3,1435,0.978439450263977
0,150,4,1775,0.977327287197113
0,150,5,1352,0.9739936590194702
0,150,6,1717,0.9721592664718628
0,150,7,780,0.9716066122055054
0,150,8,1280,0.960232138633728
0,150,9,186,0.9544726014137268
0,150,10,136,0.9496872425079346
0,151,1,1725,0.9755455255508423
0,151,2,453,0.9749109745025635
0,151,3,1775,0.9725965261459351
0,151,4,1435,0.9724566340446472
0,151,5,1352,0.9661138653755188
0,151,6,1280,0.956899106502533
0,151,7,2751,0.9534371495246887
0,151,8,2634,0.9530338644981384
0,151,9,186,0.9506226778030396
0,151,10,136,0.9472999572753906
0,152,1,177,0.9645456075668335
0,152,2,1087,0.9644352793693542
0,152,3,2632,0.9635864496231079
0,152,4,1359,0.9616395235061646
0,152,5,2234,0.9601709842681885
0,152,6,364,0.9565973281860352
0,152,7,546,0.955037534236908
0,152,8,2937,0.9540966153144836
0,152,9,2560,0.9537227749824524
0,152,10,756,0.9532946944236755
0,153,1,177,0.9877266883850098
0,153,2,1359,0.9872286915779114
0,153,3,756,0.9842236042022705
0,153,4,1487,0.9839133620262146
0,153,5,1087,0.9826605916023254
0,153,6,1683,0.9798073172569275
0,153,7,123,0.9783722162246704
0,153,8,2632,0.9764857888221741
0,153,9,3037,0.9723285436630249
0,153,10,2390,0.9713518023490906
0,154,1,177,0.981354296207428
0,154,2,1359,0.9779893755912781
0,154,3,1087,0.9753577709197998
0,154,4,756,0.9751711487770081
0,154,5,1487,0.9737920165061951
0,154,6,2632,0.973773717880249
0,154,7,123,0.9674279093742371
0,154,8,1683,0.9673585295677185
0,154,9,2552,0.9646742939949036
0,154,10,1047,0.9628347158432007
0,155,1,3037,0.981987476348877
0,155,2,1487,0.9796742796897888
0,155,3,1644,0.9751120209693909
0,155,4,1104,0.9748792052268982
0,155,5,756,0.9698879718780518
0,155,6,1683,0.9679234623908997
0,155,7,1359,0.9678220152854919
0,155,8,177,0.9675775766372681
0,155,9,1047,0.9629013538360596
0,155,10,2552,0.9612579345703125
0,156,1,3037,0.981987476348877
0,156,2,1487,0.9796742796897888
0,156,3,1644,0.9751120209693909
0,156,4,1104,0.9748792052268982
0,156,5,756,0.9698879718780518
0,156,6,1683,0.9679234623908997
0,156,7,1359,0.9678220152854919
0,156,8,177,0.9675775766372681
0,156,9,1047,0.9629013538360596
0,156,10,2552,0.9612579345703125
0,157,1,3037,0.981987476348877
0,157,2,1487,0.9796742796897888
0,157,3,1644,0.9751120209693909
0,157,4,1104,0.9748792052268982
0,157,5,756,0.9698879718780518
0,157,6,1683,0.9679234623908997
0,157,7,1359,0.9678220152854919
0,157,8,177,0.9675775766372681
0,157,9,1047,0.9629013538360596
0,157,10,2552,0.9612579345703125
0,159,1,95,0.9232017397880554
0,159,2,601,0.9182613492012024
0,159,3,1438,0.917156457901001
0,159,4,2097,0.911935031414032
0,159,5,2521,0.9099851250648499
0,159,6,724,0.9063654541969299
0,159,7,230,0.9055359363555908
0,159,8,2144,0.9022890329360962
0,159,9,2195,0.9004988670349121
0,159,10,310,0.8982146382331848
0,160,1,95,0.9399809837341309
0,160,2,1569,0.9395825862884521
0,160,3,310,0.9378287196159363
0,160,4,1438,0.9358990788459778
0,160,5,601,0.9357213377952576
0,160,6,1518,0.9352408647537231
0,160,7,1342,0.9301195740699768
0,160,8,2556,0.9280609488487244
0,160,9,2144,0.927307665348053
0,160,10,864,0.9183561205863953
0,161,1,2521,0.951372504234314
0,161,2,2516,0.9503800272941589
0,161,3,95,0.9496142864227295
0,161,4,1518,0.9486850500106812
0,161,5,601,0.9475933313369751
0,161,6,2195,0.9402951598167419
0,161,7,724,0.9394692778587341
0,161,8,1496,0.9393630027770996
0,161,9,1812,0.936653196811676
0,161,10,736,0.9350119829177856
0,162,1,890,0.9604545831680298
0,162,2,1821,0.9600986838340759
0,162,3,2787,0.95920330286026
0,162,4,2654,0.9579853415489197
0,162,5,925,0.9578646421432495
0,162,6,1546,0.9553148746490479
0,162,7,1543,0.9479845762252808
0,162,8,1538,0.9478940367698669
0,162,9,1034,0.947472333908081
0,162,10,1628,0.945553719997406
0,163,1,2410,0.9807776808738708
0,163,2,2481,0.9801926016807556
0,163,3,1785,0.9740008115768433
0,163,4,205,0.9730784893035889
0,163,5,1055,0.9721406102180481
0,163,6,1538,0.9700019359588623
0,163,7,3041,0.9693289399147034
0,163,8,2405,0.9683042764663696
0,163,9,1495,0.966758668422699
0,163,10,1833,0.9641513228416443
0,164,1,3009,0.9772989153862
0,164,2,2185,0.9674752354621887
0,164,3,1848,0.9643911123275757
0,164,4,948,0.9632086753845215
0,164,5,2,0.9609804749488831
0,164,6,1738,0.9596823453903198
0,164,7,2894,0.9594485759735107
0,164,8,62,0.9578613638877869
0,164,9,248,0.9573307037353516
0,164,10,471,0.9554954767227173
0,165,1,2481,0.9663801789283752
0,165,2,3041,0.9632534384727478
0,165,3,2410,0.9590627551078796
0,165,4,1202,0.9583436250686646
0,165,5,205,0.9547523856163025
0,165,6,2839,0.9535465240478516
0,165,7,2405,0.9527373909950256
0,165,8,1946,0.9477003216743469
0,165,9,1302,0.9470698833465576
0,165,10,1495,0.946792483329773
0,166,1,1730,0.9607217311859131
0,166,2,629,0.9592563509941101
0,166,3,1737,0.9590265154838562
0,166,4,1428,0.9574459195137024
0,166,5,1156,0.9554888010025024
0,166,6,2742,0.9510853290557861
0,166,7,1300,0.9478317499160767
0,166,8,2713,0.947279155254364
0,166,9,2395,0.9468172788619995
0,166,10,400,0.9416288733482361
0,167,1,1546,0.9388501644134521
0,167,2,1628,0.9369430541992188
0,167,3,230,0.9340001940727234
0,167,4,991,0.9271010756492615
0,167,5,2654,0.9218553304672241
0,167,6,890,0.9158555269241333
0,167,7,2618,0.9153457283973694
0,167,8,2630,0.9107961058616638
0,167,9,1657,0.907261073589325
0,167,10,1543,0.9061742424964905
0,168,1,731,0.9558971524238586
0,168,2,1747,0.9507499933242798
0,168,3,1127,0.9488626718521118
0,168,4,1045,0.9487959146499634
0,168,5,461,0.9458639025688171
0,168,6,1724,0.9444928765296936
0,168,7,2713,0.9438623189926147
0,168,8,2353,0.9425677061080933
0,168,9,484,0.9412004351615906
0,168,10,1267,0.9401609301567078
0,169,1,461,0.9649453163146973
0,169,2,1747,0.9645557403564453
0,169,3,1267,0.9578409790992737
0,169,4,1127,0.9557633996009827
0,169,5,1045,0.9508882164955139
0,169,6,2713,0.9494552612304688
0,169,7,629,0.948675274848938
0,169,8,1737,0.9472026228904724
0,169,9,1317,0.9461607933044434
0,169,10,1645,0.9424911737442017
0,170,1,731,0.9696268439292908
0,170,2,2713,0.9582244157791138
0,170,3,1127,0.9545369148254395
0,170,4,1045,0.9538941979408264
0,170,5,1724,0.953664243221283
0,170,6,1747,0.9475365281105042
0,170,7,1737,0.9468023180961609
0,170,8,2892,0.9458593726158142
0,170,9,461,0.944482684135437
0,170,10,2302,0.9441407322883606
0,172,1,1087,0.9789103269577026
0,172,2,1359,0.9783899188041687
0,172,3,177,0.9777692556381226
0,172,4,2632,0.9735175967216492
0,172,5,756,0.9715249538421631
0,172,6,1601,0.9681969285011292
0,172,7,2234,0.9680588841438293
0,172,8,1683,0.9674725532531738
0,172,9,546,0.9656957983970642
0,172,10,364,0.9651570916175842
0,173,1,177,0.97162926197052
0,173,2,1487,0.9663394689559937
0,173,3,756,0.9662876725196838
0,173,4,2632,0.9650259017944336
0,173,5,1359,0.9644792675971985
0,173,6,2552,0.9631498456001282
0,173,7,1087,0.9612833857536316
0,173,8,2234,0.9556773900985718
0,173,9,3037,0.9537611603736877
0,173,10,1683,0.9529966115951538
0,174,1,857,0.9666514992713928
0,174,2,980,0.963184654712677
0,174,3,550,0.9581045508384705
0,174,4,364,0.9580054879188538
0,174,5,2234,0.952900230884552
0,174,6,1970,0.9511184692382812
0,174,7,2632,0.947330117225647
0,174,8,2736,0.943156361579895
0,174,9,1176,0.930878758430481
0,174,10,177,0.9252547025680542
0,175,1,2736,0.9450433850288391
0,175,2,1970,0.9433245062828064
0,175,3,550,0.937200129032135
0,175,4,980,0.9354342818260193
0,175,5,857,0.9326363205909729
0,175,6,1176,0.916413426399231
0,175,7,674,0.9072672724723816
0,175,8,364,0.8973142504692078
0,175,9,2234,0.8870531916618347
0,175,10,1721,0.8865705132484436
0,176,1,969,0.9480658769607544
0,176,2,1112,0.9424470067024231
0,176,3,235,0.9390196204185486
0,176,4,2159,0.9351826906204224
0,176,5,2989,0.9288906455039978
0,176,6,706,0.9284037947654724
0,176,7,346,0.9283121228218079
0,176,8,1721,0.9273185133934021
0,176,9,1176,0.9234573245048523
0,176,10,1089,0.91609126329422
0,177,1,674,0.9529658555984497
0,177,2,1112,0.9526349306106567
0,177,3,2723,0.9425966143608093
0,177,4,861,0.9423079490661621
0,177,5,1721,0.9399064779281616
0,177,6,1176,0.9376312494277954
0,177,7,969,0.9371906518936157
0,177,8,2621,0.9366075396537781
0,177,9,706,0.9286787509918213
0,177,10,235,0.9206705689430237
0,178,1,969,0.9485677480697632
0,178,2,1112,0.9442395567893982
0,178,3,706,0.9422562718391418
0,178,4,2159,0.9382895231246948
0,178,5,861,0.9321362376213074
0,178,6,2920,0.932129442691803
0,178,7,235,0.9300124645233154
0,178,8,1078,0.9293971061706543
0,178,9,1721,0.9273558855056763
0,178,10,2723,0.9224885106086731
0,179,1,1461,0.9582781791687012
0,179,2,1427,0.9469412565231323
0,179,3,2745,0.9434094429016113
0,179,4,766,0.9431189298629761
0,179,5,544,0.9372912645339966
0,179,6,426,0.9362093210220337
0,179,7,461,0.9348652362823486
0,179,8,2678,0.9342243075370789
0,179,9,1708,0.9341237545013428
0,179,10,400,0.9333849549293518
0,180,1,544,0.9550062417984009
0,180,2,1461,0.9513844847679138
0,180,3,461,0.9509566426277161
0,180,4,1415,0.9459689259529114
0,180,5,1747,0.9455770254135132
0,180,6,1427,0.9441205859184265
0,180,7,1237,0.942676305770874
0,180,8,1737,0.9418796300888062
0,180,9,766,0.9392011165618896
0,180,10,1730,0.9356734156608582
0,181,1,544,0.9490218162536621
0,181,2,2745,0.9489763379096985
0,181,3,1645,0.9468209147453308
0,181,4,400,0.9457967281341553
0,181,5,1415,0.9449033737182617
0,181,6,1730,0.9422281980514526
0,181,7,1428,0.9415861368179321
0,181,8,1737,0.9412208199501038
0,181,9,1461,0.9398298859596252
0,181,10,1300,0.9353543519973755
0,182,1,426,0.961399495601654
0,182,2,611,0.9607491493225098
0,182,3,1295,0.9598188400268555
0,182,4,732,0.9473481178283691
0,182,5,598,0.9413041472434998
0,182,6,55,0.9406465888023376
0,182,7,400,0.9362697005271912
0,182,8,257,0.9360073208808899
0,182,9,1720,0.9341880083084106
0,182,10,2678,0.9335120916366577
0,183,1,129,0.9567953944206238
0,183,2,1429,0.9559159278869629
0,183,3,2161,0.9559094905853271
0,183,4,2990,0.9543808698654175
0,183,5,2792,0.952008068561554
0,183,6,3054,0.9513933062553406
0,183,7,498,0.9512079954147339
0,183,8,509,0.9490066766738892
0,183,9,559,0.948837161064148
0,183,10,612,0.9450050592422485
0,184,1,3054,0.9544674158096313
0,184,2,498,0.9543850421905518
0,184,3,2161,0.9525860548019409
0,184,4,559,0.9517644047737122
0,184,5,129,0.9477069973945618
0,184,6,2990,0.9472517967224121
0,184,7,2416,0.9459364414215088
0,184,8,509,0.9445177912712097
0,184,9,612,0.9438178539276123
0,184,10,2792,0.9429241418838501
0,185,1,2161,0.9547889232635498
0,185,2,2792,0.951068103313446
0,185,3,2306,0.948947548866272
0,185,4,129,0.9485403299331665
0,185,5,3054,0.9467036128044128
0,185,6,327,0.9466310143470764
0,185,7,498,0.9463930726051331
0,185,8,2990,0.9453157186508179
0,185,9,2165,0.9452617168426514
0,185,10,612,0.9447821378707886
0,186,1,416,0.958869457244873
0,186,2,1111,0.9542942643165588
0,186,3,1012,0.9510523080825806
0,186,4,1525,0.949567437171936
0,186,5,1465,0.9328145980834961
0,186,6,2916,0.9259636402130127
0,186,7,1744,0.9248276352882385
0,186,8,1160,0.9221035242080688
0,186,9,1838,0.9177162647247314
0,186,10,1346,0.9148891568183899
0,187,1,2914,0.964765191078186
0,187,2,99,0.9439007639884949
0,187,3,1388,0.9439005851745605
0,187,4,2583,0.9419874548912048
0,187,5,2409,0.9365555644035339
0,187,6,379,0.9350814819335938
0,187,7,2095,0.9344209432601929
0,187,8,1612,0.9334014058113098
0,187,9,2143,0.9213863015174866
0,187,10,2050,0.9145257472991943
0,188,1,1388,0.9621695876121521
0,188,2,99,0.9620339274406433
0,188,3,2914,0.942648708820343
0,188,4,2237,0.9373180866241455
0,188,5,1763,0.9225666522979736
0,188,6,1612,0.9076545834541321
0,188,7,2409,0.899155855178833
0,188,8,2095,0.881076455116272
0,188,9,2583,0.8650129437446594
0,188,10,2087,0.8576176166534424
0,189,1,2914,0.947662889957428
0,189,2,1388,0.9453966021537781
0,189,3,99,0.9452256560325623
0,189,4,2583,0.9118239283561707
0,189,5,1612,0.9091451168060303
0,189,6,2409,0.9071499705314636
0,189,7,2095,0.8984662890434265
0,189,8,379,0.8974385261535645
0,189,9,2344,0.8939135074615479
0,189,10,2050,0.8827471733093262
0,190,1,99,0.9657167792320251
0,190,2,1388,0.9654862880706787
0,190,3,1612,0.9615865349769592
0,190,4,2914,0.9580324292182922
0,190,5,3062,0.9554485082626343
0,190,6,2409,0.9438549876213074
0,190,7,2095,0.9262025356292725
0,190,8,2087,0.923157811164856
0,190,9,2143,0.9051050543785095
0,190,10,2448,0.8997001647949219
0,191,1,128,0.9672691822052002
0,191,2,1165,0.9638354182243347
0,191,3,113,0.9618510007858276
0,191,4,2594,0.9605567455291748
0,191,5,2622,0.9566842913627625
0,191,6,1659,0.9550631046295166
0,191,7,1407,0.9541505575180054
0,191,8,880,0.9506835341453552
0,191,9,1945,0.9504097700119019
0,191,10,189,0.9501095414161682
0,192,1,2892,0.9687424898147583
0,192,2,2302,0.967242419719696
0,192,3,1910,0.9639086723327637
0,192,4,3059,0.9631181359291077
0,192,5,567,0.9609338641166687
0,192,6,2368,0.9581307172775269
0,192,7,1417,0.9579247832298279
0,192,8,2933,0.9570620656013489
0,192,9,2660,0.9545812606811523
0,192,10,354,0.9545240998268127
0,194,1,2622,0.961155891418457
0,194,2,1165,0.9585431814193726
0,194,3,1659,0.9524783492088318
0,194,4,2160,0.9503473043441772
0,194,5,880,0.9501632452011108
0,194,6,128,0.946516215801239
0,194,7,113,0.9452930688858032
0,194,8,189,0.9445884227752686
0,194,9,480,0.943512499332428
0,194,10,1945,0.9433819055557251
0,195,1,749,0.9480982422828674
0,195,2,1778,0.9480915069580078
0,195,3,2559,0.9476498365402222
0,195,4,1016,0.9446917176246643
0,195,5,1189,0.9414123892784119
0,195,6,1669,0.9401040077209473
0,195,7,1446,0.9400171041488647
0,195,8,459,0.9331695437431335
0,195,9,1449,0.9310301542282104
0,195,10,993,0.9248290061950684
0,196,1,1669,0.9501630663871765
0,196,2,459,0.9498751163482666
0,196,3,2740,0.946890652179718
0,196,4,1778,0.9461175799369812
0,196,5,749,0.9456577301025391
0,196,6,2844,0.9401589632034302
0,196,7,2674,0.9347135424613953
0,196,8,2559,0.9307052493095398
0,196,9,2995,0.928835391998291
0,196,10,1521,0.9254246354103088
0,197,1,2844,0.9729798436164856
0,197,2,459,0.9718658924102783
0,197,3,1311,0.9626140594482422
0,197,4,1521,0.9571312069892883
0,197,5,2995,0.9508906602859497
0,197,6,1395,0.9506813883781433
0,197,7,2717,0.9431594610214233
0,197,8,1312,0.9396741986274719
0,197,9,1778,0.934088945388794
0,197,10,1881,0.9337753057479858
0,198,1,2844,0.9749153852462769
0,198,2,459,0.9727805852890015
0,198,3,1311,0.967674970626831
0,198,4,1521,0.9613917469978333
0,198,5,1395,0.9573050141334534
0,198,6,2995,0.9546689987182617
0,198,7,2717,0.9515955448150635
0,198,8,1312,0.9464799165725708
0,198,9,2799,0.9453721046447754
0,198,10,1881,0.9395986199378967
0,199,1,1817,0.9706055521965027
0,199,2,1502,0.9699528813362122
0,199,3,2323,0.9694784283638
0,199,4,1254,0.9688453078269958
0,199,5,1028,0.9661003947257996
0,199,6,295,0.9645503759384155
0,199,7,278,0.9603126049041748
0,199,8,2789,0.9578418731689453
0,199,9,2135,0.9510247707366943
0,199,10,2706,0.9447289109230042
0,200,1,1254,0.9557995796203613
0,200,2,380,0.9514306783676147
0,200,3,2323,0.9495416879653931
0,200,4,1502,0.9494951963424683
0,200,5,2789,0.949487030506134
0,200,6,1805,0.9426813125610352
0,200,7,278,0.9356527328491211
0,200,8,60,0.9353697299957275
0,200,9,2135,0.9327704906463623
0,200,10,1091,0.931766927242279
0,201,1,380,0.9686840772628784
0,201,2,1805,0.9639533162117004
0,201,3,1254,0.9602741599082947
0,201,4,2789,0.9591650366783142
0,201,5,1146,0.9566223621368408
0,201,6,667,0.954569935798645
0,201,7,2323,0.9497467875480652
0,201,8,2135,0.9448800683021545
0,201,9,216,0.9441738128662109
0,201,10,1833,0.9405710101127625
0,202,1,954,0.9482098817825317
0,202,2,2684,0.9466429352760315
0,202,3,1980,0.9451006054878235
0,202,4,1448,0.9369162321090698
0,202,5,321,0.9315841794013977
0,202,6,278,0.9309266209602356
0,202,7,2135,0.9307225942611694
0,202,8,2706,0.9292423725128174
0,202,9,1513,0.9280966520309448
0,202,10,2323,0.9269886016845703
0,203,1,1502,0.9721617698669434
0,203,2,1091,0.9686742424964905
0,203,3,60,0.9636121392250061
0,203,4,738,0.9593337774276733
0,203,5,278,0.9574182033538818
0,203,6,2658,0.9555271863937378
0,203,7,1254,0.9544818997383118
0,203,8,1007,0.9474824070930481
0,203,9,2323,0.9470221400260925
0,203,10,1236,0.9456483721733093
0,204,1,2343,0.9741653800010681
0,204,2,2899,0.9662026166915894
0,204,3,1920,0.9648021459579468
0,204,4,1449,0.9595848917961121
0,204,5,2978,0.9580383896827698
0,204,6,315,0.9549779295921326
0,204,7,2529,0.9455646872520447
0,204,8,1016,0.9399866461753845
0,204,9,1189,0.9391352534294128
0,204,10,1913,0.9386150240898132
0,205,1,2343,0.9415354132652283
0,205,2,2899,0.933085024356842
0,205,3,1920,0.9254222512245178
0,205,4,1208,0.9243035912513733
0,205,5,747,0.9203037619590759
0,205,6,1449,0.9181068539619446
0,205,7,2978,0.9164896607398987
0,205,8,1070,0.9093902111053467
0,205,9,315,0.9068952202796936
0,205,10,1189,0.9008241295814514
0,206,1,430,0.9714424014091492
0,206,2,2899,0.948517918586731
0,206,3,1070,0.9463286399841309
0,206,4,2978,0.9415996074676514
0,206,5,1920,0.9394569993019104
0,206,6,2754,0.934886634349823
0,206,7,2343,0.933244526386261
0,206,8,315,0.9273372292518616
0,206,9,1978,0.9171728491783142
0,206,10,1449,0.9121475219726562
0,207,1,1190,0.9375373721122742
0,207,2,1070,0.9351984858512878
0,207,3,2228,0.9329690933227539
0,207,4,2899,0.9138848781585693
0,207,5,1978,0.9068493843078613
0,207,6,2978,0.9040059447288513
0,207,7,1920,0.8977088332176208
0,207,8,2322,0.89640873670578
0,207,9,11,0.8824987411499023
0,207,10,1911,0.8823584914207458
0,208,1,1913,0.9637048244476318
0,208,2,1070,0.9571974873542786
0,208,3,2339,0.9534541368484497
0,208,4,2899,0.9471359848976135
0,208,5,2978,0.9449405670166016
0,208,6,1920,0.9369350671768188
0,208,7,1978,0.932394802570343
0,208,8,315,0.927591860294342
0,208,9,2343,0.9197369813919067
0,208,10,1911,0.9094372391700745
0,209,1,1653,0.9496644139289856
0,209,2,2311,0.9480979442596436
0,209,3,506,0.9475566148757935
0,209,4,2294,0.9473996758460999
0,209,5,595,0.9434372782707214
0,209,6,1494,0.9431726336479187
0,209,7,397,0.9421563148498535
0,209,8,910,0.9406566619873047
0,209,9,2486,0.9390620589256287
0,209,10,297,0.9385027885437012
0,210,1,2365,0.944078266620636
0,210,2,617,0.9435754418373108
0,210,3,2322,0.9430993795394897
0,210,4,270,0.9409171342849731
0,210,5,730,0.9095670580863953
0,210,6,2048,0.9007702469825745
0,210,7,1739,0.9001678824424744
0,210,8,393,0.8996766805648804
0,210,9,1275,0.8789982199668884
0,210,10,1786,0.8741172552108765
0,211,1,2294,0.9698284864425659
0,211,2,1653,0.9674414992332458
0,211,3,1030,0.9592178463935852
0,211,4,210,0.9591591954231262
0,211,5,628,0.9587968587875366
0,211,6,418,0.9563614130020142
0,211,7,2750,0.9551230669021606
0,211,8,397,0.95429927110672
0,211,9,1494,0.9523400068283081
0,211,10,2078,0.9505170583724976
0,212,1,2365,0.9556017518043518
0,212,2,784,0.9488680958747864
0,212,3,270,0.9482212662696838
0,212,4,730,0.9384685754776001
0,212,5,106,0.920549750328064
0,212,6,1275,0.9145367741584778
0,212,7,2078,0.8926117420196533
0,212,8,1030,0.8900158405303955
0,212,9,628,0.8898641467094421
0,212,10,210,0.8892682790756226
0,214,1,2294,0.967831015586853
0,214,2,1653,0.9672814607620239
0,214,3,210,0.9638975262641907
0,214,4,1030,0.9637563824653625
0,214,5,628,0.9635881185531616
0,214,6,2078,0.9577284455299377
0,214,7,2750,0.9558939933776855
0,214,8,397,0.9531978368759155
0,214,9,418,0.9518039226531982
0,214,10,106,0.9488271474838257
0,215,1,730,0.9556116461753845
0,215,2,617,0.954416036605835
0,215,3,2294,0.9509116411209106
0,215,4,1739,0.9489753842353821
0,215,5,393,0.9483415484428406
0,215,6,2365,0.9471429586410522
0,215,7,784,0.9446117877960205
0,215,8,1653,0.9445592164993286
0,215,9,210,0.9443735480308533
0,215,10,1030,0.9443174004554749
0,216,1,2294,0.9690111875534058
0,216,2,1653,0.9643316864967346
0,216,3,210,0.9599116444587708
0,216,4,1030,0.9596529006958008
0,216,5,628,0.9595091938972473
0,216,6,418,0.9550262689590454
0,216,7,2078,0.952965497970581
0,216,8,2750,0.9524195194244385
0,216,9,106,0.950872540473938
0,216,10,730,0.9484766125679016
0,217,1,617,0.9563229084014893
0,217,2,168,0.9392184019088745
0,217,3,2322,0.9333850741386414
0,217,4,106,0.9053936004638672
0,217,5,2048,0.8867172598838806
0,217,6,2078,0.8688361644744873
0,217,7,1030,0.8638877272605896
0,217,8,628,0.8636488914489746
0,217,9,210,0.862779974937439
0,217,10,1265,0.856838047504425
0,218,1,617,0.9575725793838501
0,218,2,270,0.9465158581733704
0,218,3,168,0.9386312961578369
0,218,4,2322,0.9149763584136963
0,218,5,106,0.913433313369751
0,218,6,2078,0.8797891736030579
0,218,7,1030,0.8784107565879822
0,218,8,628,0.8782410025596619
0,218,9,210,0.8775850534439087
0,218,10,418,0.8740463256835938
0,219,1,168,0.9213156700134277
0,219,2,2048,0.8957857489585876
0,219,3,2788,0.8905653953552246
0,219,4,1978,0.8826664090156555
0,219,5,1913,0.8800597190856934
0,219,6,2754,0.8800210356712341
0,219,7,221,0.8798046112060547
0,219,8,2529,0.8791957497596741
0,219,9,11,0.8782767653465271
0,219,10,1190,0.8742726445198059
0,221,1,315,0.9820440411567688
0,221,2,1920,0.9746251702308655
0,221,3,2899,0.9663504362106323
0,221,4,2674,0.9661741256713867
0,221,5,1449,0.9650864601135254
0,221,6,2978,0.9640384316444397
0,221,7,2343,0.9578025341033936
0,221,8,1016,0.9513465762138367
0,221,9,3068,0.9438073635101318
0,221,10,1685,0.9379695653915405
0,222,1,315,0.9844932556152344
0,222,2,1920,0.977759063243866
0,222,3,2978,0.9748790860176086
0,222,4,2899,0.9717376232147217
0,222,5,1449,0.9585531949996948
0,222,6,2343,0.9549856185913086
0,222,7,2674,0.9526557326316833
0,222,8,747,0.9521719813346863
0,222,9,1208,0.9489260911941528
0,222,10,786,0.9451574087142944
0,223,1,2559,0.9663834571838379
0,223,2,986,0.9367616176605225
0,223,3,3068,0.9321860074996948
0,223,4,2674,0.9293583035469055
0,223,5,1840,0.9250375628471375
0,223,6,1442,0.9058589339256287
0,223,7,315,0.9054118394851685
0,223,8,1446,0.904139518737793
0,223,9,2799,0.9032599329948425
0,223,10,1016,0.8991946578025818
0,225,1,321,0.9733408689498901
0,225,2,2684,0.9721149206161499
0,225,3,1980,0.9702320694923401
0,225,4,1513,0.9650751948356628
0,225,5,220,0.9625646471977234
0,225,6,3063,0.9593934416770935
0,225,7,696,0.9433567523956299
0,225,8,563,0.9405947327613831
0,225,9,2297,0.9374685883522034
0,225,10,1550,0.9315519332885742
0,226,1,2160,0.9647055268287659
0,226,2,1310,0.9566628336906433
0,226,3,97,0.9563540816307068
0,226,4,174,0.9528878331184387
0,226,5,504,0.9463719129562378
0,226,6,1145,0.9443567395210266
0,226,7,508,0.9427428245544434
0,226,8,1015,0.9389004707336426
0,226,9,128,0.9331983923912048
0,226,10,113,0.9301716685295105
0,227,1,2622,0.9685032963752747
0,227,2,128,0.9607364535331726
0,227,3,2160,0.9577800631523132
0,227,4,113,0.9568785429000854
0,227,5,174,0.9535237550735474
0,227,6,1310,0.9488333463668823
0,227,7,1165,0.9452160000801086
0,227,8,1407,0.9416426420211792
0,227,9,1979,0.9376683235168457
0,227,10,1246,0.9356784224510193
0,228,1,390,0.9637885093688965
0,228,2,3009,0.9585017561912537
0,228,3,438,0.9577339887619019
0,228,4,1738,0.9528120160102844
0,228,5,2894,0.9519873857498169
0,228,6,948,0.9457693696022034
0,228,7,471,0.9443237781524658
0,228,8,1726,0.943710207939148
0,228,9,1567,0.9410907030105591
0,228,10,3059,0.9410873055458069
0,229,1,2594,0.9660749435424805
0,229,2,1335,0.9643445611000061
0,229,3,2691,0.9638506770133972
0,229,4,2933,0.9585772156715393
0,229,5,567,0.9580663442611694
0,229,6,1417,0.9553129076957703
0,229,7,128,0.9541143178939819
0,229,8,2901,0.9540040493011475
0,229,9,1165,0.9522072076797485
0,229,10,880,0.9497324228286743
0,230,1,1362,0.9641274809837341
0,230,2,1858,0.9621149301528931
0,230,3,2998,0.9565876126289368
0,230,4,2191,0.9545158743858337
0,230,5,2098,0.9533453583717346
0,230,6,2259,0.9504789710044861
0,230,7,1720,0.9496424198150635
0,230,8,1273,0.9494609832763672
0,230,9,1044,0.9494458436965942
0,230,10,1484,0.9482030868530273
0,231,1,1429,0.9623991250991821
0,231,2,257,0.9572853446006775
0,231,3,1620,0.9538140296936035
0,231,4,2161,0.9526327848434448
0,231,5,129,0.951403796672821
0,231,6,3054,0.9485551714897156
0,231,7,498,0.9481598734855652
0,231,8,559,0.9470812082290649
0,231,9,500,0.9467929005622864
0,231,10,1720,0.9452952742576599
0,232,1,129,0.9596421718597412
0,232,2,1429,0.9541296362876892
0,232,3,2792,0.9507741332054138
0,232,4,257,0.9481981992721558
0,232,5,2994,0.9479584097862244
0,232,6,1620,0.9474728107452393
0,232,7,2161,0.9473987221717834
0,232,8,3054,0.9416260719299316
0,232,9,498,0.9411918520927429
0,232,10,559,0.9399425387382507
0,233,1,2998,0.9625648260116577
0,233,2,2792,0.9561119079589844
0,233,3,1429,0.9544926881790161
0,233,4,2161,0.9526864886283875
0,233,5,1720,0.952647864818573
0,233,6,2259,0.9523510336875916
0,233,7,1620,0.951544463634491
0,233,8,257,0.9509637355804443
0,233,9,1362,0.9498762488365173
0,233,10,2191,0.9496480226516724
0,234,1,1235,0.9673137068748474
0,234,2,500,0.9584916234016418
0,234,3,1525,0.9445041418075562
0,234,4,2396,0.9400150775909424
0,234,5,1160,0.9391261339187622
0,234,6,1838,0.9375752210617065
0,234,7,1012,0.9367641806602478
0,234,8,1882,0.9341415762901306
0,234,9,193,0.9334401488304138
0,234,10,1754,0.9327021837234497
0,235,1,532,0.9690101742744446
0,235,2,2180,0.9683389067649841
0,235,3,1525,0.9679068326950073
0,235,4,1346,0.9598391652107239
0,235,5,2092,0.95771723985672
0,235,6,1160,0.9481829404830933
0,235,7,483,0.9474803805351257
0,235,8,1012,0.9459059834480286
0,235,9,375,0.9268000721931458
0,235,10,1374,0.9243563413619995
0,236,1,2554,0.9802114963531494
0,236,2,1528,0.9733858704566956
0,236,3,375,0.9716782569885254
0,236,4,1307,0.9700612425804138
0,236,5,1344,0.9576498866081238
0,236,6,89,0.9565770626068115
0,236,7,2967,0.9543091058731079
0,236,8,2235,0.9528647661209106
0,236,9,2758,0.9492532014846802
0,236,10,1379,0.9485573172569275
0,237,1,2554,0.969971776008606
0,237,2,375,0.9646801948547363
0,237,3,514,0.9560539126396179
0,237,4,1374,0.9559348821640015
0,237,5,2180,0.9547106623649597
0,237,6,1528,0.935200035572052
0,237,7,1307,0.9341827034950256
0,237,8,1525,0.9266987442970276
0,237,9,2758,0.9120689034461975
0,237,10,1344,0.9082142114639282
0,239,1,2389,0.9700276255607605
0,239,2,1632,0.9652766585350037
0,239,3,2554,0.9623892307281494
0,239,4,375,0.9622143507003784
0,239,5,514,0.9513187408447266
0,239,6,1465,0.949738621711731
0,239,7,1374,0.9429471492767334
0,239,8,1525,0.9366809129714966
0,239,9,1528,0.9235100746154785
0,239,10,1111,0.9162150621414185
0,240,1,1656,0.9531630277633667
0,240,2,1577,0.953071117401123
0,240,3,2254,0.9530331492424011
0,240,4,2200,0.9529749751091003
0,240,5,1470,0.9529274702072144
0,240,6,2267,0.9526457190513611
0,240,7,3053,0.9306922554969788
0,240,8,2104,0.9288579821586609
0,240,9,2156,0.9279026985168457
0,240,10,716,0.9266166090965271
0,241,1,1501,0.9722152948379517
0,241,2,1837,0.9716413021087646
0,241,3,1963,0.9716047644615173
0,241,4,2108,0.964985191822052
0,241,5,447,0.9636849164962769
0,241,6,2293,0.9605112671852112
0,241,7,641,0.9581460952758789
0,241,8,2558,0.9579381942749023
0,241,9,2082,0.9578372836112976
0,241,10,2607,0.9565091729164124
0,242,1,1963,0.9675337672233582
0,242,2,843,0.9624717235565186
0,242,3,719,0.9526311755180359
0,242,4,192,0.9525744915008545
0,242,5,1501,0.9466234445571899
0,242,6,1837,0.9459257125854492
0,242,7,1516,0.9427236914634705
0,242,8,2280,0.9425711035728455
0,242,9,1400,0.9409935474395752
0,242,10,121,0.9408113956451416
0,243,1,1963,0.9662038087844849
0,243,2,843,0.9651371240615845
0,243,3,1615,0.9578996300697327
0,243,4,192,0.9510944485664368
0,243,5,719,0.9507981538772583
0,243,6,1501,0.9490945935249329
0,243,7,1837,0.9483946561813354
0,243,8,2280,0.9411339163780212
0,243,9,1516,0.9411194920539856
0,243,10,1400,0.9403710961341858
0,244,1,1838,0.936348021030426
0,244,2,1837,0.9295881986618042
0,244,3,1501,0.9294492602348328
0,244,4,2396,0.9280601143836975
0,244,5,2118,0.9262288808822632
0,244,6,1235,0.9234963655471802
0,244,7,500,0.9209716320037842
0,244,8,193,0.920239269733429
0,244,9,1754,0.9200198650360107
0,244,10,2416,0.9113108515739441
0,245,1,627,0.9720385074615479
0,245,2,1121,0.9712024331092834
0,245,3,656,0.9701079726219177
0,245,4,2664,0.9514724016189575
0,245,5,1303,0.9425666332244873
0,245,6,2270,0.9362851977348328
0,245,7,2352,0.92502760887146
0,245,8,1831,0.9217872619628906
0,245,9,286,0.9166103005409241
0,245,10,1278,0.9145330786705017
0,246,1,1303,0.936750054359436
0,246,2,2306,0.9141818284988403
0,246,3,1802,0.9041450619697571
0,246,4,2259,0.8987674713134766
0,246,5,286,0.8978602886199951
0,246,6,2191,0.8894389867782593
0,246,7,2998,0.8860661387443542
0,246,8,1858,0.883392870426178
0,246,9,327,0.8821570873260498
0,246,10,2897,0.8799377679824829
0,247,1,2160,0.9594315886497498
0,247,2,1145,0.9435561299324036
0,247,3,504,0.9349681735038757
0,247,4,108,0.9277888536453247
0,247,5,2938,0.9272518157958984
0,247,6,2622,0.9233795404434204
0,247,7,1945,0.9224178791046143
0,247,8,174,0.9186145663261414
0,247,9,995,0.9182080030441284
0,247,10,1015,0.9174016118049622
0,248,1,108,0.9556869268417358
0,248,2,2938,0.9540976881980896
0,248,3,1304,0.9523440599441528
0,248,4,995,0.944179356098175
0,248,5,2160,0.9363391995429993
0,248,6,1945,0.9340111017227173
0,248,7,189,0.9230594038963318
0,248,8,96,0.9222809076309204
0,248,9,1145,0.919536292552948
0,248,10,2358,0.917180061340332
0,249,1,108,0.962700605392456
0,249,2,2938,0.9590710401535034
0,249,3,1945,0.9550321102142334
0,249,4,189,0.9459345936775208
0,249,5,2358,0.9449375867843628
0,249,6,96,0.9445180892944336
0,249,7,2024,0.9344514012336731
0,249,8,1665,0.9309760928153992
0,249,9,880,0.9289710521697998
0,249,10,1673,0.9280283451080322
0,250,1,1979,0.9627070426940918
0,250,2,653,0.9614728689193726
0,250,3,1015,0.959026575088501
0,250,4,174,0.958890974521637
0,250,5,183,0.9571614861488342
0,250,6,2961,0.9566968083381653
0,250,7,1376,0.9561563730239868
0,250,8,2708,0.9523916244506836
0,250,9,998,0.9507001638412476
0,250,10,504,0.9485689401626587
0,251,1,1979,0.9680838584899902
0,251,2,2708,0.9583274722099304
0,251,3,1550,0.9564687013626099
0,251,4,655,0.9564396739006042
0,251,5,174,0.9558675289154053
0,251,6,321,0.9557843804359436
0,251,7,31,0.9548686742782593
0,251,8,572,0.9493860602378845
0,251,9,2684,0.946037232875824
0,251,10,1980,0.9438254237174988
0,252,1,664,0.9278848171234131
0,252,2,1811,0.8821344375610352
0,252,3,1015,0.8773918747901917
0,252,4,194,0.8749615550041199
0,252,5,2212,0.8666305541992188
0,252,6,321,0.8649663925170898
0,252,7,2297,0.8578534126281738
0,252,8,1979,0.85484778881073
0,252,9,1040,0.8537148237228394
0,252,10,2769,0.8525066375732422
0,253,1,998,0.967176616191864
0,253,2,321,0.9598987102508545
0,253,3,1979,0.9540219902992249
0,253,4,563,0.9535367488861084
0,253,5,2708,0.9461873769760132
0,253,6,2684,0.9442874193191528
0,253,7,174,0.9402916431427002
0,253,8,1980,0.9391965270042419
0,253,9,1513,0.938667893409729
0,253,10,1310,0.9282454252243042
0,254,1,321,0.9646311402320862
0,254,2,2684,0.9578248262405396
0,254,3,1980,0.9532970786094666
0,254,4,1513,0.9481552839279175
0,254,5,220,0.9469184279441833
0,254,6,3063,0.940912663936615
0,254,7,2708,0.9336355328559875
0,254,8,31,0.9306331276893616
0,254,9,696,0.9151402711868286
0,254,10,655,0.9117597937583923
0,255,1,563,0.9241029620170593
0,255,2,653,0.9002519249916077
0,255,3,31,0.8894382119178772
0,255,4,1811,0.8763654828071594
0,255,5,2212,0.8722751140594482
0,255,6,2801,0.8720933198928833
0,255,7,1040,0.8631597757339478
0,255,8,1015,0.8628697395324707
0,255,9,884,0.856556236743927
0,255,10,1198,0.8482562899589539
0,256,1,563,0.9287552833557129
0,256,2,1811,0.8914450407028198
0,256,3,194,0.8913441896438599
0,256,4,31,0.8898144364356995
0,256,5,2212,0.8862499594688416
0,256,6,2801,0.8734691739082336
0,256,7,1040,0.8733136057853699
0,256,8,2769,0.8711540102958679
0,256,9,884,0.8677164912223816
0,256,10,504,0.8662340044975281
0,257,1,2480,0.9419671893119812
0,257,2,1579,0.9379523992538452
0,257,3,2205,0.9378305673599243
0,257,4,2761,0.9361820220947266
0,257,5,884,0.9222669005393982
0,257,6,2851,0.920859158039093
0,257,7,273,0.9204216003417969
0,257,8,664,0.9147264957427979
0,257,9,1040,0.911664605140686
0,257,10,1383,0.9074147343635559
0,258,1,2212,0.9569365978240967
0,258,2,1040,0.9569212198257446
0,258,3,957,0.9490278959274292
0,258,4,884,0.942884087562561
0,258,5,273,0.9288690090179443
0,258,6,742,0.9287849068641663
0,258,7,2725,0.9260039329528809
0,258,8,1716,0.9251693487167358
0,258,9,3069,0.9228912591934204
0,258,10,8,0.9228529930114746
0,259,1,2480,0.9515140056610107
0,259,2,2205,0.9507909417152405
0,259,3,1579,0.9504759907722473
0,259,4,194,0.9501689076423645
0,259,5,2761,0.9484530091285706
0,259,6,1558,0.945749044418335
0,259,7,2851,0.9397906064987183
0,259,8,884,0.9386671185493469
0,259,9,2093,0.9329014420509338
0,259,10,1040,0.9272198677062988
0,260,1,194,0.9544343948364258
0,260,2,664,0.9502968192100525
0,260,3,884,0.9479344487190247
0,260,4,1040,0.9475762844085693
0,260,5,1579,0.9413715600967407
0,260,6,2212,0.9341363310813904
0,260,7,2761,0.9319972991943359
0,260,8,2480,0.9304925203323364
0,260,9,2205,0.9287261962890625
0,260,10,8,0.9258987307548523
0,261,1,1716,0.9327154755592346
0,261,2,105,0.9307276010513306
0,261,3,1040,0.9256118535995483
0,261,4,957,0.9228915572166443
0,261,5,195,0.9179325699806213
0,261,6,1579,0.9158065319061279
0,261,7,884,0.9138143062591553
0,261,8,859,0.9123024344444275
0,261,9,2769,0.9115564823150635
0,261,10,2761,0.9096702337265015
0,262,1,884,0.964678168296814
0,262,2,2769,0.9641942977905273
0,262,3,1579,0.9622706770896912
0,262,4,1040,0.9611650705337524
0,262,5,105,0.9579161405563354
0,262,6,194,0.9570482969284058
0,262,7,2761,0.955682635307312
0,262,8,2205,0.9556208252906799
0,262,9,2851,0.9555969834327698
0,262,10,8,0.9548532366752625
0,263,1,1716,0.9410908222198486
0,263,2,1040,0.9347866773605347
0,263,3,957,0.9336563944816589
0,263,4,273,0.9306156039237976
0,263,5,884,0.9263749122619629
0,263,6,1579,0.9238144755363464
0,263,7,195,0.9226528406143188
0,263,8,859,0.9221445322036743
0,263,9,2769,0.9207198023796082
0,263,10,2725,0.9205885529518127
0,264,1,1383,0.9520891904830933
0,264,2,1558,0.9412732124328613
0,264,3,1467,0.9374141097068787
0,264,4,65,0.9338921904563904
0,264,5,2590,0.9267212152481079
0,264,6,2911,0.9253290891647339
0,264,7,2205,0.9219071865081787
0,264,8,2093,0.9196791648864746
0,264,9,2480,0.9164140224456787
0,264,10,2761,0.9129416942596436
0,265,1,49,0.9663326740264893
0,265,2,1380,0.9656538963317871
0,265,3,1467,0.9579704999923706
0,265,4,2176,0.9447548389434814
0,265,5,2911,0.940192461013794
0,265,6,701,0.9375727772712708
0,265,7,1558,0.9320699572563171
0,265,8,2106,0.9306443929672241
0,265,9,2867,0.9287468194961548
0,265,10,1367,0.9272738099098206
0,266,1,1558,0.9547867774963379
0,266,2,2590,0.9503757357597351
0,266,3,2205,0.9435215592384338
0,266,4,2480,0.9400579333305359
0,266,5,1467,0.9388977289199829
0,266,6,1380,0.9371783137321472
0,266,7,2761,0.9365413784980774
0,266,8,2093,0.9352219104766846
0,266,9,2911,0.9343569874763489
0,266,10,1579,0.9302167892456055
0,267,1,2590,0.9577613472938538
0,267,2,194,0.9352607131004333
0,267,3,2480,0.9317744374275208
0,267,4,2769,0.9307417869567871
0,267,5,2205,0.9299039840698242
0,267,6,1558,0.9297748804092407
0,267,7,2761,0.9279754757881165
0,267,8,1579,0.9270104765892029
0,267,9,2975,0.9163733124732971
0,267,10,2851,0.9087449312210083
0,268,1,2590,0.9517608880996704
0,268,2,194,0.9381957054138184
0,268,3,2769,0.931388258934021
0,268,4,1579,0.924041211605072
0,268,5,2205,0.9222285151481628
0,268,6,2761,0.9217114448547363
0,268,7,1558,0.91646409034729
0,268,8,2975,0.9153278470039368
0,268,9,664,0.9133806228637695
0,268,10,884,0.9109299182891846
0,269,1,2590,0.9380922913551331
0,269,2,1558,0.9181783199310303
0,269,3,520,0.9060303568840027
0,269,4,2100,0.9052407741546631
0,269,5,2093,0.8987234830856323
0,269,6,2205,0.8986571431159973
0,269,7,869,0.8962342143058777
0,269,8,1304,0.8958597183227539
0,269,9,194,0.894591748714447
0,269,10,2975,0.8945162892341614
0,271,1,65,0.9374570846557617
0,271,2,1383,0.9371886253356934
0,271,3,49,0.9366208910942078
0,271,4,1467,0.9321410655975342
0,271,5,2772,0.9262955188751221
0,271,6,869,0.922341525554657
0,271,7,1558,0.9192429184913635
0,271,8,2911,0.9170050024986267
0,271,9,2429,0.9138988256454468
0,271,10,2640,0.9084184765815735
0,272,1,194,0.9444640874862671
0,272,2,2590,0.9410955905914307
0,272,3,2769,0.9398526549339294
0,272,4,1579,0.9323285222053528
0,272,5,2205,0.9280879497528076
0,272,6,2761,0.928036630153656
0,272,7,884,0.9260337352752686
0,272,8,2975,0.9240366220474243
0,272,9,273,0.9214426875114441
0,272,10,664,0.9207738041877747
0,273,1,1682,0.966522753238678
0,273,2,439,0.9628518223762512
0,273,3,185,0.9583203792572021
0,273,4,2578,0.9545590877532959
0,273,5,1582,0.9513235092163086
0,273,6,663,0.9447567462921143
0,273,7,2197,0.9402000904083252
0,273,8,2628,0.9373235702514648
0,273,9,495,0.9354280233383179
0,273,10,1400,0.9302850365638733
0,274,1,49,0.9669858813285828
0,274,2,2640,0.9602875709533691
0,274,3,65,0.9431792497634888
0,274,4,2772,0.9394116997718811
0,274,5,1383,0.9387831687927246
0,274,6,2429,0.9225614070892334
0,274,7,869,0.9192126393318176
0,274,8,1270,0.9155591726303101
0,274,9,1467,0.9145957827568054
0,274,10,81,0.914170503616333
0,276,1,122,0.9765413999557495
0,276,2,663,0.9749336838722229
0,276,3,2280,0.972574770450592
0,276,4,1582,0.970514714717865
0,276,5,1682,0.9648821949958801
0,276,6,2578,0.9572758078575134
0,276,7,495,0.9549362659454346
0,276,8,439,0.9541565775871277
0,276,9,1516,0.9384304881095886
0,276,10,185,0.9383082389831543
0,278,1,495,0.9522427320480347
0,278,2,479,0.9406156539916992
0,278,3,1613,0.9401803612709045
0,278,4,1163,0.9326128363609314
0,278,5,2377,0.931098222732544
0,278,6,1001,0.9306686520576477
0,278,7,185,0.9283978343009949
0,278,8,1252,0.9204368591308594
0,278,9,2578,0.9195568561553955
0,278,10,424,0.9132665395736694
0,279,1,1582,0.9795037508010864
0,279,2,1682,0.975579559803009
0,279,3,439,0.9674257040023804
0,279,4,1400,0.9670634865760803
0,279,5,2580,0.9430814981460571
0,279,6,121,0.9414981007575989
0,279,7,495,0.9335217475891113
0,279,8,185,0.9330977201461792
0,279,9,1831,0.9310657382011414
0,279,10,1278,0.9289964437484741
0,280,1,121,0.9530566334724426
0,280,2,495,0.9506797790527344
0,280,3,2197,0.9435536861419678
0,280,4,1400,0.9398351907730103
0,280,5,1516,0.9364716410636902
0,280,6,2578,0.9342954158782959
0,280,7,2997,0.9264923334121704
0,280,8,1682,0.9246267676353455
0,280,9,185,0.9222444295883179
0,280,10,439,0.9151400923728943
0,282,1,122,0.9826164245605469
0,282,2,2197,0.9773184061050415
0,282,3,1400,0.9770232439041138
0,282,4,663,0.9757537245750427
0,282,5,1582,0.9630177021026611
0,282,6,495,0.953909158706665
0,282,7,795,0.9507644176483154
0,282,8,2578,0.9450705647468567
0,282,9,1682,0.9431359767913818
0,282,10,286,0.9383087158203125
0,283,1,1400,0.9763726592063904
0,283,2,2197,0.9710587859153748
0,283,3,663,0.9695254564285278
0,283,4,286,0.9604758024215698
0,283,5,1582,0.9577165842056274
0,283,6,122,0.9538925290107727
0,283,7,1516,0.9493504166603088
0,283,8,2580,0.949118971824646
0,283,9,2293,0.9475825428962708
0,283,10,2576,0.944066047668457
0,284,1,1570,0.9841153025627136
0,284,2,1379,0.9833567142486572
0,284,3,2235,0.9825748801231384
0,284,4,2910,0.9786968231201172
0,284,5,89,0.9777023792266846
0,284,6,1301,0.9774397611618042
0,284,7,1307,0.9749807119369507
0,284,8,2758,0.971298336982727
0,284,9,2136,0.9684685468673706
0,284,10,2830,0.9580802321434021
0,285,1,2785,0.9478588700294495
0,285,2,2188,0.9247449040412903
0,285,3,1570,0.9023856520652771
0,285,4,1379,0.9015379548072815
0,285,5,1301,0.8994588255882263
0,285,6,2910,0.8961835503578186
0,285,7,1878,0.892508864402771
0,285,8,2235,0.8914942145347595
0,285,9,1053,0.8837500810623169
0,285,10,2136,0.8822506666183472
0,286,1,1379,0.9424176812171936
0,286,2,1570,0.9411135315895081
0,286,3,1301,0.9369572401046753
0,286,4,2910,0.9362534284591675
0,286,5,2235,0.9340443015098572
0,286,6,2136,0.9221559166908264
0,286,7,2758,0.9201748371124268
0,286,8,89,0.9191572666168213
0,286,9,1307,0.9190149903297424
0,286,10,2785,0.9070048928260803
0,287,1,1301,0.956485390663147
0,287,2,1379,0.9557743072509766
0,287,3,1570,0.9549315571784973
0,287,4,2235,0.9482831954956055
0,287,5,2910,0.9460201263427734
0,287,6,2758,0.9453992247581482
0,287,7,1307,0.9422588348388672
0,287,8,89,0.9347221851348877
0,287,9,2136,0.9290542006492615
0,287,10,698,0.9025787115097046
0,288,1,1379,0.95265132188797
0,288,2,2910,0.9496119022369385
0,288,3,1570,0.9491236805915833
0,288,4,2235,0.9467843174934387
0,288,5,2136,0.9393957257270813
0,288,6,1301,0.9381425976753235
0,288,7,89,0.9309350252151489
0,288,8,1053,0.9292743802070618
0,288,9,1307,0.9264073371887207
0,288,10,609,0.9237475395202637
0,289,1,1307,0.9764418005943298
0,289,2,1301,0.9681439399719238
0,289,3,2758,0.966535747051239
0,289,4,698,0.9550476670265198
0,289,5,1379,0.9524924755096436
0,289,6,1570,0.949951708316803
0,289,7,2235,0.9495047926902771
0,289,8,89,0.9489803314208984
0,289,9,1374,0.9455857276916504
0,289,10,514,0.943682074546814
0,290,1,2235,0.9849671125411987
0,290,2,89,0.983013927936554
0,290,3,2830,0.9809359312057495
0,290,4,2910,0.9805224537849426
0,290,5,2136,0.9788602590560913
0,290,6,1379,0.9785005450248718
0,290,7,1570,0.9751666784286499
0,290,8,1307,0.9722252488136292
0,290,9,1301,0.9571561813354492
0,290,10,2758,0.9552440047264099
0,291,1,2235,0.9902007579803467
0,291,2,1379,0.9892725348472595
0,291,3,1307,0.9889983534812927
0,291,4,89,0.986583411693573
0,291,5,1570,0.9853966236114502
0,291,6,2910,0.9840914607048035
0,291,7,1301,0.9789837598800659
0,291,8,2136,0.9750643372535706
0,291,9,2758,0.9749866724014282
0,291,10,2830,0.9688041806221008
0,292,1,1379,0.9887975454330444
0,292,2,1307,0.9882562160491943
0,292,3,2235,0.9882121086120605
0,292,4,1570,0.9855847358703613
0,292,5,89,0.9847673177719116
0,292,6,2910,0.982623815536499
0,292,7,1301,0.9803348779678345
0,292,8,2758,0.9758970737457275
0,292,9,2136,0.9720234274864197
0,292,10,2830,0.9644017815589905
0,293,1,1307,0.9854879379272461
0,293,2,2758,0.9700509905815125
0,293,3,89,0.9695805907249451
0,293,4,2235,0.9677741527557373
0,293,5,1301,0.9676862359046936
0,293,6,1379,0.9667170643806458
0,293,7,1570,0.9627307653427124
0,293,8,514,0.9616012573242188
0,293,9,483,0.9579035639762878
0,293,10,2910,0.9551150798797607
0,294,1,2910,0.9684078097343445
0,294,2,1379,0.9680132865905762
0,294,3,2235,0.9649426937103271
0,294,4,1570,0.9634001851081848
0,294,5,2136,0.962096631526947
0,294,6,1466,0.9596442580223083
0,294,7,89,0.9515334963798523
0,294,8,1053,0.9480746388435364
0,294,9,609,0.9480246901512146
0,294,10,1301,0.9467533826828003
0,295,1,1466,0.9471730589866638
0,295,2,1379,0.918293833732605
0,295,3,1570,0.9127814769744873
0,295,4,1301,0.9105007648468018
0,295,5,2785,0.9104482531547546
0,295,6,2910,0.909796953201294
0,295,7,2235,0.9080293774604797
0,295,8,176,0.9057025909423828
0,295,9,1307,0.8945313096046448
0,295,10,2136,0.8927558064460754
0,297,1,2785,0.9518909454345703
0,297,2,2188,0.9297921061515808
0,297,3,1466,0.9265020489692688
0,297,4,493,0.8978133797645569
0,297,5,2397,0.88740074634552
0,297,6,521,0.8852704167366028
0,297,7,1878,0.8825960159301758
0,297,8,176,0.8788940906524658
0,297,9,2817,0.8620843887329102
0,297,10,774,0.8613995313644409
0,298,1,2785,0.9388338923454285
0,298,2,2188,0.9375678300857544
0,298,3,493,0.9137935042381287
0,298,4,2397,0.9117314219474792
0,298,5,521,0.9107710123062134
0,298,6,1466,0.9053197503089905
0,298,7,1878,0.8935356140136719
0,298,8,774,0.8913367390632629
0,298,9,2817,0.8823613524436951
0,298,10,1408,0.8811835646629333
0,299,1,1435,0.9781234860420227
0,299,2,186,0.976091206073761
0,299,3,699,0.9717471599578857
0,299,4,1644,0.9707521200180054
0,299,5,2810,0.9675226807594299
0,299,6,136,0.9646045565605164
0,299,7,3037,0.9565398693084717
0,299,8,780,0.9564252495765686
0,299,9,1683,0.9559224843978882
0,299,10,1535,0.9557770490646362
0,300,1,2969,0.9757125973701477
0,300,2,993,0.9457753896713257
0,300,3,524,0.9456595778465271
0,300,4,1312,0.9427643418312073
0,300,5,421,0.9360054135322571
0,300,6,1395,0.9273087978363037
0,300,7,1881,0.9269671440124512
0,300,8,1892,0.9266584515571594
0,300,9,2067,0.910693347454071
0,300,10,2447,0.9097877740859985
0,301,1,2674,0.9487633109092712
0,301,2,993,0.9391000270843506
0,301,3,524,0.9381651282310486
0,301,4,749,0.9316190481185913
0,301,5,1778,0.9301280379295349
0,301,6,1442,0.9297476410865784
0,301,7,2557,0.9234969019889832
0,301,8,2978,0.9205726981163025
0,301,9,3068,0.9202101230621338
0,301,10,430,0.9192248582839966
0,302,1,2674,0.9623386859893799
0,302,2,315,0.9461379647254944
0,302,3,1442,0.9389879107475281
0,302,4,993,0.9356299638748169
0,302,5,3068,0.9354381561279297
0,302,6,749,0.9353858232498169
0,302,7,524,0.9341855645179749
0,302,8,1778,0.9334562420845032
0,302,9,2557,0.9246282577514648
0,302,10,430,0.92144775390625
0,303,1,2674,0.959020733833313
0,303,2,993,0.9541040658950806
0,303,3,524,0.9527338743209839
0,303,4,749,0.9504102468490601
0,303,5,1778,0.9490803480148315
0,303,6,1442,0.9474639296531677
0,303,7,3068,0.9379308819770813
0,303,8,1312,0.9227665662765503
0,303,9,1395,0.9088849425315857
0,303,10,2978,0.9080995321273804
0,304,1,1171,0.9710521101951599
0,304,2,666,0.9653918147087097
0,304,3,597,0.9609349370002747
0,304,4,2478,0.95967698097229
0,304,5,2559,0.951932430267334
0,304,6,63,0.9332235455513
0,304,7,59,0.9209920167922974
0,304,8,1840,0.9201590418815613
0,304,9,759,0.9189154505729675
0,304,10,2525,0.9159298539161682
0,305,1,2559,0.9596129655838013
0,305,2,1171,0.9571333527565002
0,305,3,666,0.9541540741920471
0,305,4,2478,0.9495078921318054
0,305,5,63,0.9469348788261414
0,305,6,597,0.9415037035942078
0,305,7,2674,0.9399020671844482
0,305,8,3068,0.9323626160621643
0,305,9,2525,0.9310590028762817
0,305,10,986,0.9228709936141968
0,306,1,2525,0.9802173376083374
0,306,2,759,0.9767956733703613
0,306,3,63,0.9763398170471191
0,306,4,1685,0.9730346202850342
0,306,5,666,0.9531447291374207
0,306,6,1171,0.945698618888855
0,306,7,502,0.9412581324577332
0,306,8,2432,0.9391770362854004
0,306,9,1829,0.9386073350906372
0,306,10,1447,0.9377092123031616
0,307,1,1221,0.9823334217071533
0,307,2,1158,0.9808012843132019
0,307,3,1206,0.9736685752868652
0,307,4,1173,0.9712663292884827
0,307,5,633,0.9711920022964478
0,307,6,554,0.9699764251708984
0,307,7,984,0.9671603441238403
0,307,8,1260,0.9646762013435364
0,307,9,1369,0.9632785320281982
0,307,10,536,0.9631038308143616
0,308,1,1995,0.9735798835754395
0,308,2,1868,0.9690568447113037
0,308,3,562,0.9654294848442078
0,308,4,455,0.947024941444397
0,308,5,1221,0.9417749643325806
0,308,6,59,0.9325803518295288
0,308,7,984,0.9323745369911194
0,308,8,1260,0.9261905550956726
0,308,9,554,0.9256209135055542
0,308,10,2686,0.9252073168754578
0,309,1,1221,0.9780657887458801
0,309,2,1823,0.9755651950836182
0,309,3,1868,0.975464940071106
0,309,4,562,0.9718993902206421
0,309,5,1158,0.9709640145301819
0,309,6,1206,0.9655076861381531
0,309,7,984,0.9652975797653198
0,309,8,1173,0.9646748900413513
0,309,9,1260,0.9630821347236633
0,309,10,554,0.9623739123344421
0,310,1,1221,0.9829273223876953
0,310,2,1158,0.9811469912528992
0,310,3,1206,0.974007248878479
0,310,4,1173,0.9717268347740173
0,310,5,633,0.9708030819892883
0,310,6,554,0.9705624580383301
0,310,7,984,0.9680424332618713
0,310,8,1868,0.9665961265563965
0,310,9,1260,0.9658404588699341
0,310,10,536,0.9636220932006836
0,311,1,1221,0.9802129864692688
0,311,2,1158,0.9773401618003845
0,311,3,1173,0.9710178971290588
0,311,4,554,0.9706372022628784
0,311,5,984,0.9685660600662231
0,311,6,1206,0.968119204044342
0,311,7,1990,0.9665574431419373
0,311,8,633,0.9664557576179504
0,311,9,536,0.96452397108078
0,311,10,1260,0.964169979095459
0,312,1,554,0.9793387055397034
0,312,2,1173,0.9759371280670166
0,312,3,633,0.9754478335380554
0,312,4,536,0.9740976691246033
0,312,5,1541,0.9707496762275696
0,312,6,1354,0.9697113633155823
0,312,7,984,0.9682852625846863
0,312,8,1153,0.9669836759567261
0,312,9,1369,0.9664240479469299
0,312,10,1206,0.9640991687774658
0,314,1,1990,0.9778451919555664
0,314,2,1173,0.9768700003623962
0,314,3,984,0.9763222336769104
0,314,4,554,0.973121702671051
0,314,5,536,0.9714828729629517
0,314,6,1260,0.9710118174552917
0,314,7,357,0.9679533839225769
0,314,8,2623,0.9672964215278625
0,314,9,1823,0.9671977162361145
0,314,10,69,0.9667006731033325
0,315,1,554,0.9690259099006653
0,315,2,1173,0.9678645730018616
0,315,3,536,0.9639775156974792
0,315,4,1354,0.9564940333366394
0,315,5,1153,0.9532800316810608
0,315,6,1260,0.9526711106300354
0,315,7,1198,0.9519566893577576
0,315,8,863,0.9487436413764954
0,315,9,1832,0.9482389688491821
0,315,10,444,0.9469467997550964
0,316,1,1198,0.9475064277648926
0,316,2,3069,0.9333208203315735
0,316,3,742,0.9278243184089661
0,316,4,2212,0.9230208396911621
0,316,5,1811,0.9203999042510986
0,316,6,2042,0.9157349467277527
0,316,7,2686,0.9135560393333435
0,316,8,664,0.9007343649864197
0,316,9,1040,0.8994576334953308
0,316,10,1221,0.8952977657318115
0,317,1,742,0.9304587841033936
0,317,2,112,0.9238097071647644
0,317,3,201,0.9235635995864868
0,317,4,1884,0.9190436005592346
0,317,5,1198,0.9142190217971802
0,317,6,2183,0.9106299877166748
0,317,7,1791,0.8955318331718445
0,317,8,1206,0.8947069644927979
0,317,9,91,0.8891146183013916
0,317,10,2212,0.8887305855751038
0,318,1,957,0.9496517181396484
0,318,2,1040,0.9443045258522034
0,318,3,44,0.9439324140548706
0,318,4,742,0.9401531219482422
0,318,5,259,0.939897358417511
0,318,6,2212,0.9395493268966675
0,318,7,1767,0.9368088245391846
0,318,8,2173,0.9361109137535095
0,318,9,2790,0.9338085055351257
0,318,10,787,0.9311447143554688
0,319,1,2106,0.9434453845024109
0,319,2,2911,0.9391977190971375
0,319,3,293,0.9364022612571716
0,319,4,852,0.9346405863761902
0,319,5,2743,0.9298995733261108
0,319,6,1716,0.9280099868774414
0,319,7,1467,0.9257073402404785
0,319,8,939,0.9228926301002502
0,319,9,105,0.9209727644920349
0,319,10,2093,0.9199864268302917
0,321,1,2176,0.9111497402191162
0,321,2,2429,0.8982409834861755
0,321,3,2956,0.8908799886703491
0,321,4,2772,0.8857413530349731
0,321,5,2971,0.8855298757553101
0,321,6,2500,0.8846606612205505
0,321,7,65,0.8785695433616638
0,321,8,2106,0.8663063645362854
0,321,9,1467,0.8453207612037659
0,321,10,2640,0.8412685990333557
0,322,1,65,0.959871232509613
0,322,2,2429,0.9597881436347961
0,322,3,2772,0.9568703770637512
0,322,4,1367,0.9490768909454346
0,322,5,1467,0.9489181637763977
0,322,6,869,0.9471721649169922
0,322,7,3048,0.940554678440094
0,322,8,2911,0.9379699230194092
0,322,9,1383,0.9332104921340942
0,322,10,49,0.9275126457214355
0,323,1,2363,0.9353248476982117
0,323,2,104,0.9310871958732605
0,323,3,2942,0.9301087856292725
0,323,4,2912,0.9298874139785767
0,323,5,1671,0.929681658744812
0,323,6,1062,0.9277694821357727
0,323,7,507,0.926511287689209
0,323,8,2956,0.9258153438568115
0,323,9,2075,0.9247902035713196
0,323,10,1184,0.9232136607170105
0,324,1,65,0.9012044668197632
0,324,2,2429,0.8944764733314514
0,324,3,2772,0.8940982818603516
0,324,4,1467,0.8832905292510986
0,324,5,2911,0.8775484561920166
0,324,6,1383,0.8748162984848022
0,324,7,869,0.8733944892883301
0,324,8,195,0.8669816851615906
0,324,9,1380,0.8654291033744812
0,324,10,49,0.8593168258666992
0,325,1,2429,0.9327960014343262
0,325,2,2772,0.9269221425056458
0,325,3,2971,0.9253489375114441
0,325,4,701,0.9249359965324402
0,325,5,2640,0.9246156215667725
0,325,6,2363,0.9234552979469299
0,325,7,1750,0.9218552112579346
0,325,8,2176,0.921118974685669
0,325,9,2603,0.9198137521743774
0,325,10,2274,0.9111195802688599
0,326,1,446,0.9445746541023254
0,326,2,2176,0.9262791872024536
0,326,3,2429,0.9244117736816406
0,326,4,1367,0.91543048620224
0,326,5,2772,0.9089344143867493
0,326,6,1750,0.9065200686454773
0,326,7,104,0.8899641036987305
0,326,8,2942,0.8878333568572998
0,326,9,173,0.8872142434120178
0,326,10,65,0.8850199580192566
0,327,1,173,0.9469452500343323
0,327,2,2956,0.9430640339851379
0,327,3,2942,0.9406791925430298
0,327,4,446,0.9401068687438965
0,327,5,2912,0.936892032623291
0,327,6,1009,0.9361624717712402
0,327,7,301,0.9341666102409363
0,327,8,1671,0.932317852973938
0,327,9,507,0.9283021688461304
0,327,10,1750,0.9243234992027283
0,328,1,665,0.935115396976471
0,328,2,2615,0.9303805828094482
0,328,3,1048,0.9294925332069397
0,328,4,672,0.927463948726654
0,328,5,1184,0.9273838996887207
0,328,6,2704,0.9265699982643127
0,328,7,507,0.9260403513908386
0,328,8,2814,0.9252528548240662
0,328,9,2391,0.922020435333252
0,328,10,2210,0.9206064939498901
0,329,1,2033,0.9055762887001038
0,329,2,1718,0.9018295407295227
0,329,3,1200,0.901709794998169
0,329,4,512,0.8996109962463379
0,329,5,1547,0.8988818526268005
0,329,6,424,0.8974906802177429
0,329,7,949,0.8945920467376709
0,329,8,2484,0.8907043933868408
0,329,9,203,0.8898935914039612
0,329,10,1109,0.8881663680076599
0,330,1,2031,0.9197676777839661
0,330,2,1758,0.9112178087234497
0,330,3,22,0.9038130640983582
0,330,4,2033,0.9002050161361694
0,330,5,424,0.8974989652633667
0,330,6,949,0.8839797973632812
0,330,7,1109,0.8827598094940186
0,330,8,2290,0.875922679901123
0,330,9,1992,0.8723158240318298
0,330,10,1718,0.8711517453193665
0,331,1,2033,0.9231693744659424
0,331,2,1718,0.9190136790275574
0,331,3,1200,0.9188904166221619
0,331,4,949,0.9129371643066406
0,331,5,2484,0.910223126411438
0,331,6,512,0.901419460773468
0,331,7,1547,0.9009010195732117
0,331,8,424,0.8983538746833801
0,331,9,1109,0.890234649181366
0,331,10,2391,0.8879556655883789
0,332,1,1422,0.8657891750335693
0,332,2,33,0.8623170256614685
0,332,3,1064,0.8622980713844299
0,332,4,2917,0.8601679801940918
0,332,5,1718,0.8569613099098206
0,332,6,1200,0.8567864298820496
0,332,7,1962,0.8538392782211304
0,332,8,2659,0.8530839681625366
0,332,9,2033,0.8509297966957092
0,332,10,2484,0.8500010967254639
0,333,1,518,0.9165181517601013
0,333,2,670,0.906305193901062
0,333,3,755,0.8964951634407043
0,333,4,624,0.8961286544799805
0,333,5,264,0.8883697390556335
0,333,6,1196,0.8877453804016113
0,333,7,2308,0.881445050239563
0,333,8,2700,0.8766393065452576
0,333,9,585,0.8738350868225098
0,333,10,2028,0.8734957575798035
0,334,1,670,0.9196434617042542
0,334,2,518,0.9168766736984253
0,334,3,2308,0.9066050052642822
0,334,4,755,0.904650866985321
0,334,5,264,0.9003873467445374
0,334,6,343,0.8933797478675842
0,334,7,624,0.8930630087852478
0,334,8,1692,0.8892194628715515
0,334,9,2700,0.8857568502426147
0,334,10,90,0.8854458928108215
0,335,1,1692,0.9234363436698914
0,335,2,2602,0.9190573692321777
0,335,3,2107,0.9188514351844788
0,335,4,2384,0.9165450930595398
0,335,5,90,0.9142060875892639
0,335,6,2261,0.9121136665344238
0,335,7,249,0.9064661860466003
0,335,8,2543,0.9061365127563477
0,335,9,518,0.9042472839355469
0,335,10,788,0.9006169438362122
0,336,1,518,0.923681914806366
0,336,2,670,0.9206059575080872
0,336,3,624,0.9202700853347778
0,336,4,1196,0.91572105884552
0,336,5,2028,0.9136189222335815
0,336,6,264,0.9102157950401306
0,336,7,2826,0.9080886840820312
0,336,8,3010,0.9071494340896606
0,336,9,2700,0.9070836901664734
0,336,10,621,0.907034695148468
0,337,1,670,0.9067875146865845
0,337,2,518,0.9035668969154358
0,337,3,2028,0.9003024697303772
0,337,4,624,0.8986474871635437
0,337,5,264,0.8976364731788635
0,337,6,1196,0.8956747055053711
0,337,7,2700,0.892594575881958
0,337,8,2826,0.8897038698196411
0,337,9,1696,0.889682412147522
0,337,10,621,0.8894251585006714
0,338,1,670,0.9309960603713989
0,338,2,2028,0.9266645312309265
0,338,3,624,0.9246519804000854
0,338,4,264,0.9239597320556641
0,338,5,518,0.9228814840316772
0,338,6,2700,0.9221274256706238
0,338,7,1196,0.92143714427948
0,338,8,1696,0.9186745882034302
0,338,9,704,0.9186305999755859
0,338,10,2826,0.9177975654602051
0,339,1,518,0.9170649647712708
0,339,2,585,0.8982102870941162
0,339,3,624,0.8981541395187378
0,339,4,1196,0.8889594078063965
0,339,5,670,0.8861765265464783
0,339,6,755,0.8847017288208008
0,339,7,621,0.8812838792800903
0,339,8,1029,0.8762568235397339
0,339,9,3010,0.8733600974082947
0,339,10,2028,0.871433436870575
0,340,1,670,0.919389545917511
0,340,2,518,0.9150950312614441
0,340,3,264,0.9088859558105469
0,340,4,624,0.9084259867668152
0,340,5,2028,0.9051282405853271
0,340,6,1196,0.9039328098297119
0,340,7,2700,0.9026252627372742
0,340,8,704,0.8975526094436646
0,340,9,2826,0.8971811532974243
0,340,10,1696,0.8967890739440918
0,341,1,482,0.941117525100708
0,341,2,1472,0.9178100824356079
0,341,3,2359,0.9030444025993347
0,341,4,1723,0.880459725856781
0,341,5,2019,0.8488031029701233
0,341,6,863,0.8399907946586609
0,341,7,1157,0.8383989334106445
0,341,8,1832,0.837678849697113
0,341,9,1981,0.8349994421005249
0,341,10,444,0.8323692679405212
0,342,1,72,0.9695266485214233
0,342,2,2163,0.9656932950019836
0,342,3,2432,0.9597333669662476
0,342,4,1827,0.955994188785553
0,342,5,1531,0.9542436003684998
0,342,6,2256,0.9540296792984009
0,342,7,1265,0.9537661075592041
0,342,8,2048,0.9527356028556824
0,342,9,1829,0.9521374106407166
0,342,10,11,0.9492260813713074
0,343,1,670,0.955960214138031
0,343,2,2700,0.9556799530982971
0,343,3,264,0.9534711837768555
0,343,4,2028,0.9461452960968018
0,343,5,704,0.9448752999305725
0,343,6,1696,0.9416847229003906
0,343,7,624,0.939141035079956
0,343,8,2826,0.9384068846702576
0,343,9,1196,0.9363609552383423
0,343,10,64,0.9359230995178223
0,345,1,1472,0.9444153308868408
0,345,2,2359,0.9348726272583008
0,345,3,482,0.9249359965324402
0,345,4,2007,0.9111105799674988
0,345,5,2312,0.878899335861206
0,345,6,1293,0.8710947036743164
0,345,7,264,0.8674697875976562
0,345,8,2700,0.8574302792549133
0,345,9,2493,0.8521791696548462
0,345,10,1723,0.8505866527557373
0,346,1,2359,0.957202672958374
0,346,2,2007,0.9319407343864441
0,346,3,1723,0.8982645869255066
0,346,4,2493,0.8950299024581909
0,346,5,1157,0.8893595337867737
0,346,6,2312,0.8863400816917419
0,346,7,444,0.8825433254241943
0,346,8,1832,0.881879985332489
0,346,9,264,0.8800028562545776
0,346,10,2700,0.8794679641723633
0,347,1,2359,0.9486591815948486
0,347,2,2007,0.9314001202583313
0,347,3,2312,0.8933279514312744
0,347,4,1723,0.8910795450210571
0,347,5,646,0.8871942162513733
0,347,6,2403,0.8868781328201294
0,347,7,2493,0.8810773491859436
0,347,8,1157,0.8772006034851074
0,347,9,1832,0.8703406453132629
0,347,10,444,0.8702177405357361
0,348,1,747,0.9828833341598511
0,348,2,1978,0.9806147217750549
0,348,3,1208,0.9805521368980408
0,348,4,2228,0.979918360710144
0,348,5,1070,0.9791560769081116
0,348,6,1190,0.9787677526473999
0,348,7,221,0.9773282408714294
0,348,8,2978,0.9735512137413025
0,348,9,2754,0.9731981158256531
0,348,10,786,0.9711794853210449
0,349,1,2432,0.9768696427345276
0,349,2,1265,0.9753982424736023
0,349,3,1786,0.9734107255935669
0,349,4,1531,0.9733689427375793
0,349,5,2256,0.972845733165741
0,349,6,11,0.9717304110527039
0,349,7,1829,0.9710568785667419
0,349,8,2048,0.9709376692771912
0,349,9,1911,0.9699609875679016
0,349,10,1248,0.9674708843231201
0,350,1,2432,0.9876332879066467
0,350,2,2256,0.9860999584197998
0,350,3,1531,0.9859585762023926
0,350,4,1829,0.9857951998710632
0,350,5,1248,0.9830741286277771
0,350,6,1063,0.9792048335075378
0,350,7,1827,0.9757853746414185
0,350,8,1265,0.9755365252494812
0,350,9,1698,0.9737304449081421
0,350,10,1447,0.9723963141441345
0,351,1,1978,0.9847296476364136
0,351,2,2228,0.9718088507652283
0,351,3,747,0.9711154699325562
0,351,4,1190,0.9709811806678772
0,351,5,1070,0.9709807634353638
0,351,6,221,0.9699137210845947
0,351,7,2432,0.9691442251205444
0,351,8,2754,0.9680159687995911
0,351,9,1208,0.9666367173194885
0,351,10,786,0.9595109224319458
0,352,1,730,0.9533578753471375
0,352,2,2365,0.9457671046257019
0,352,3,784,0.9452903866767883
0,352,4,1739,0.944104015827179
0,352,5,393,0.9430720210075378
0,352,6,1275,0.9429910778999329
0,352,7,617,0.9395210146903992
0,352,8,168,0.9382481575012207
0,352,9,106,0.9347317218780518
0,352,10,2078,0.933772087097168
0,353,1,2294,0.9722107648849487
0,353,2,1653,0.9692038297653198
0,353,3,210,0.9639334082603455
0,353,4,1030,0.9638198614120483
0,353,5,628,0.963613748550415
0,353,6,2750,0.9581329822540283
0,353,7,418,0.9579676985740662
0,353,8,2078,0.9568090438842773
0,353,9,397,0.9545479416847229
0,353,10,1494,0.9500826597213745
0,354,1,730,0.9554951786994934
0,354,2,617,0.9528089761734009
0,354,3,106,0.9527541399002075
0,354,4,2294,0.9525818228721619
0,354,5,1739,0.9482707381248474
0,354,6,393,0.9475968480110168
0,354,7,2365,0.945733904838562
0,354,8,210,0.9455008506774902
0,354,9,1653,0.9454856514930725
0,354,10,1030,0.9453265070915222
0,355,1,730,0.9547073841094971
0,355,2,2294,0.9528672099113464
0,355,3,617,0.9519689679145813
0,355,4,106,0.9517098665237427
0,355,5,1739,0.9483158588409424
0,355,6,393,0.9477400779724121
0,355,7,1653,0.9463553428649902
0,355,8,1030,0.9456883668899536
0,355,9,210,0.9456803798675537
0,355,10,628,0.9455744624137878
0,356,1,1653,0.9674349427223206
0,356,2,210,0.9642935991287231
0,356,3,1030,0.9642066955566406
0,356,4,628,0.9639974236488342
0,356,5,2294,0.9638012051582336
0,356,6,2078,0.9585287570953369
0,356,7,397,0.9578794240951538
0,356,8,2750,0.9573085308074951
0,356,9,1203,0.954156219959259
0,356,10,2759,0.9528124332427979
0,357,1,617,0.9606426954269409
0,357,2,2365,0.9588662385940552
0,357,3,784,0.9521009922027588
0,357,4,730,0.9504226446151733
0,357,5,270,0.9476521015167236
0,357,6,168,0.9448729157447815
0,357,7,1739,0.9398945569992065
0,357,8,393,0.9388696551322937
0,357,9,106,0.9356926679611206
0,357,10,1275,0.9271516799926758
0,358,1,617,0.962081789970398
0,358,2,2365,0.9548719525337219
0,358,3,784,0.9476926326751709
0,358,4,270,0.947665810585022
0,358,5,168,0.9435186386108398
0,358,6,730,0.9427347779273987
0,358,7,1739,0.9343980550765991
0,358,8,393,0.9338610768318176
0,358,9,106,0.9315242171287537
0,358,10,1275,0.9187019467353821
0,359,1,617,0.9640427231788635
0,359,2,730,0.9617304801940918
0,359,3,2365,0.959020733833313
0,359,4,784,0.9562877416610718
0,359,5,1739,0.9550540447235107
0,359,6,393,0.954459547996521
0,359,7,106,0.9539143443107605
0,359,8,168,0.9531997442245483
0,359,9,270,0.9505336880683899
0,359,10,1275,0.9465512633323669
0,360,1,617,0.9640427231788635
0,360,2,730,0.9617304801940918
0,360,3,2365,0.959020733833313
0,360,4,784,0.9562877416610718
0,360,5,1739,0.9550540447235107
0,360,6,393,0.954459547996521
0,360,7,106,0.9539143443107605
0,360,8,168,0.9531997442245483
0,360,9,270,0.9505336880683899
0,360,10,1275,0.9465512633323669
0,361,1,617,0.9640427231788635
0,361,2,730,0.9617304801940918
0,361,3,2365,0.959020733833313
0,361,4,784,0.9562877416610718
0,361,5,1739,0.9550540447235107
0,361,6,393,0.954459547996521
0,361,7,106,0.9539143443107605
0,361,8,168,0.9531997442245483
0,361,9,270,0.9505336880683899
0,361,10,1275,0.9465512633323669
0,362,1,617,0.9640427231788635
0,362,2,730,0.9617304801940918
0,362,3,2365,0.959020733833313
0,362,4,784,0.9562877416610718
0,362,5,1739,0.9550540447235107
0,362,6,393,0.954459547996521
0,362,7,106,0.9539143443107605
0,362,8,168,0.9531997442245483
0,362,9,270,0.9505336880683899
0,362,10,1275,0.9465512633323669
0,363,1,617,0.9640427231788635
0,363,2,730,0.9617304801940918
0,363,3,2365,0.959020733833313
0,363,4,784,0.9562877416610718
0,363,5,1739,0.9550540447235107
0,363,6,393,0.954459547996521
0,363,7,106,0.9539143443107605
0,363,8,168,0.9531997442245483
0,363,9,270,0.9505336880683899
0,363,10,1275,0.9465512633323669
0,364,1,617,0.9627196192741394
0,364,2,2365,0.9548686146736145
0,364,3,270,0.9491420388221741
0,364,4,784,0.9483136534690857
0,364,5,168,0.9448137283325195
0,364,6,730,0.9412470459938049
0,364,7,1739,0.9341984391212463
0,364,8,393,0.9337865710258484
0,364,9,106,0.9307399392127991
0,364,10,1275,0.9179959893226624
0,365,1,617,0.959347665309906
0,365,2,2365,0.9524067044258118
0,365,3,270,0.94722980260849
0,365,4,784,0.9454188346862793
0,365,5,168,0.9412998557090759
0,365,6,730,0.935107946395874
0,365,7,1739,0.9277933239936829
0,365,8,393,0.927499532699585
0,365,9,106,0.9216051697731018
0,365,10,1275,0.9110511541366577
0,366,1,617,0.9590041637420654
0,366,2,2365,0.9564722776412964
0,366,3,784,0.950360894203186
0,366,4,270,0.9493281841278076
0,366,5,168,0.9440912008285522
0,366,6,730,0.9399735331535339
0,366,7,1739,0.9316735863685608
0,366,8,393,0.9310895204544067
0,366,9,106,0.9227151870727539
0,366,10,1275,0.9168862700462341
0,367,1,617,0.9565680623054504
0,367,2,2365,0.9484542608261108
0,367,3,270,0.9451004862785339
0,367,4,784,0.9419441223144531
0,367,5,168,0.9386335015296936
0,367,6,730,0.9295509457588196
0,367,7,1739,0.9234404563903809
0,367,8,393,0.9233205318450928
0,367,9,106,0.9167355298995972
0,367,10,2322,0.9074429869651794
0,368,1,617,0.9510396122932434
0,368,2,2365,0.9421212077140808
0,368,3,270,0.9394850134849548
0,368,4,784,0.9324795603752136
0,368,5,168,0.9283539652824402
0,368,6,2322,0.9184589982032776
0,368,7,730,0.913932740688324
0,368,8,1739,0.9070804119110107
0,368,9,393,0.9068787097930908
0,368,10,106,0.8989303708076477
0,369,1,2562,0.9534116983413696
0,369,2,622,0.9529899954795837
0,369,3,506,0.9520780444145203
0,369,4,595,0.949145495891571
0,369,5,2311,0.9441571235656738
0,369,6,1360,0.9427899122238159
0,369,7,1215,0.9426425099372864
0,369,8,2986,0.941531777381897
0,369,9,2574,0.9414976835250854
0,369,10,1490,0.941353976726532
0,370,1,622,0.9391927123069763
0,370,2,2562,0.9354842305183411
0,370,3,1215,0.9299428462982178
0,370,4,1360,0.9281942248344421
0,370,5,2986,0.9276137948036194
0,370,6,1,0.9269059896469116
0,370,7,1266,0.9264125823974609
0,370,8,432,0.9251296520233154
0,370,9,1490,0.9230624437332153
0,370,10,2869,0.9171630144119263
0,371,1,622,0.9224712252616882
0,371,2,2562,0.921052098274231
0,371,3,1215,0.9117407202720642
0,371,4,1360,0.9086255431175232
0,371,5,1,0.9079613089561462
0,371,6,1266,0.90705806016922
0,371,7,2986,0.9070302844047546
0,371,8,432,0.905318021774292
0,371,9,1490,0.9001807570457458
0,371,10,2869,0.893710732460022
0,372,1,432,0.9351213574409485
0,372,2,2464,0.9325739145278931
0,372,3,2321,0.9320931434631348
0,372,4,1826,0.9310285449028015
0,372,5,622,0.9209685325622559
0,372,6,1215,0.9199124574661255
0,372,7,5,0.9197834134101868
0,372,8,1266,0.9192729592323303
0,372,9,1,0.9186276793479919
0,372,10,1360,0.9172912240028381
0,373,1,622,0.9367910623550415
0,373,2,2562,0.9337218999862671
0,373,3,1215,0.9266456365585327
0,373,4,1360,0.9247430562973022
0,373,5,2986,0.9237685799598694
0,373,6,1,0.9233301281929016
0,373,7,1266,0.9227064847946167
0,373,8,432,0.9199901819229126
0,373,9,1490,0.9195883274078369
0,373,10,2869,0.9127664566040039
0,374,1,622,0.9327576160430908
0,374,2,432,0.9305698871612549
0,374,3,2562,0.9262253046035767
0,374,4,1215,0.926084578037262
0,374,5,1360,0.9239597320556641
0,374,6,1266,0.9237233996391296
0,374,7,1,0.9236923456192017
0,374,8,2986,0.9236816763877869
0,374,9,1490,0.9178393483161926
0,374,10,2869,0.9158895611763
0,375,1,622,0.9306078553199768
0,375,2,432,0.9271039962768555
0,375,3,2562,0.9241410493850708
0,375,4,1215,0.9239957332611084
0,375,5,1360,0.9218904972076416
0,375,6,2986,0.9215863347053528
0,375,7,1266,0.9214180707931519
0,375,8,1,0.9213908910751343
0,375,9,1490,0.9153738021850586
0,375,10,2869,0.9131374359130859
0,378,1,622,0.9358839392662048
0,378,2,2562,0.9355173707008362
0,378,3,1215,0.9228549003601074
0,378,4,1360,0.920726478099823
0,378,5,2986,0.9194636344909668
0,378,6,1,0.9192545413970947
0,378,7,1266,0.9180560111999512
0,378,8,1490,0.9165390729904175
0,378,9,506,0.9138441681861877
0,378,10,432,0.9114325642585754
0,379,1,622,0.9565281271934509
0,379,2,2562,0.9547296762466431
0,379,3,506,0.9493473172187805
0,379,4,595,0.9481645822525024
0,379,5,1360,0.9480598568916321
0,379,6,1215,0.9480337500572205
0,379,7,2986,0.9472876787185669
0,379,8,1490,0.9462262392044067
0,379,9,1,0.9447488784790039
0,379,10,1266,0.9437171220779419
0,380,1,432,0.937083899974823
0,380,2,2321,0.9336276054382324
0,380,3,2739,0.9309641122817993
0,380,4,1678,0.9281609058380127
0,380,5,5,0.9261714816093445
0,380,6,1266,0.9226808547973633
0,380,7,1215,0.922527551651001
0,380,8,1,0.9215156435966492
0,380,9,622,0.9209989309310913
0,380,10,2986,0.9206218123435974
0,381,1,622,0.9304888844490051
0,381,2,432,0.9258760809898376
0,381,3,2562,0.9248300790786743
0,381,4,1215,0.9232511520385742
0,381,5,1360,0.9209542274475098
0,381,6,1,0.9205388426780701
0,381,7,1266,0.9204308986663818
0,381,8,2986,0.920261800289154
0,381,9,1490,0.9139295220375061
0,381,10,2869,0.9112955927848816
0,383,1,622,0.9326885342597961
0,383,2,432,0.9292113184928894
0,383,3,2562,0.9265076518058777
0,383,4,1215,0.9256028532981873
0,383,5,1360,0.9234980940818787
0,383,6,2986,0.9231948256492615
0,383,7,1,0.9231166839599609
0,383,8,1266,0.9231119155883789
0,383,9,1490,0.9176800847053528
0,383,10,2869,0.9152244329452515
0,384,1,622,0.9309985041618347
0,384,2,2562,0.929020345211029
0,384,3,1215,0.9202456474304199
0,384,4,1360,0.9178147315979004
0,384,5,1,0.9165779948234558
0,384,6,2986,0.9164021015167236
0,384,7,1266,0.9158512353897095
0,384,8,432,0.9130368232727051
0,384,9,1490,0.9116174578666687
0,384,10,2869,0.904484748840332
0,385,1,622,0.9300367832183838
0,385,2,2562,0.9284139275550842
0,385,3,1215,0.9191263914108276
0,385,4,1360,0.9163324236869812
0,385,5,1,0.9155075550079346
0,385,6,1266,0.9145596027374268
0,385,7,2986,0.9145376682281494
0,385,8,432,0.9104504585266113
0,385,9,1490,0.9080470204353333
0,385,10,506,0.9011784195899963
0,386,1,622,0.9267562627792358
0,386,2,2562,0.9225950837135315
0,386,3,1215,0.9183765649795532
0,386,4,432,0.917198121547699
0,386,5,1360,0.9157278537750244
0,386,6,1,0.9151790738105774
0,386,7,1266,0.9147661924362183
0,386,8,2986,0.914746105670929
0,386,9,1490,0.9078822135925293
0,386,10,2869,0.903834342956543
0,387,1,2464,0.9267642498016357
0,387,2,2321,0.9266259670257568
0,387,3,432,0.9262248873710632
0,387,4,622,0.9175596237182617
0,387,5,1215,0.9152713418006897
0,387,6,1266,0.9136993885040283
0,387,7,5,0.9132224321365356
0,387,8,1,0.9131361246109009
0,387,9,1360,0.9123675227165222
0,387,10,2986,0.9114239811897278
0,388,1,622,0.9313298463821411
0,388,2,2562,0.926581621170044
0,388,3,1215,0.9231496453285217
0,388,4,432,0.9221484661102295
0,388,5,1360,0.920869767665863
0,388,6,2986,0.9202536940574646
0,388,7,1,0.9202250838279724
0,388,8,1266,0.9199157357215881
0,388,9,1490,0.9137413501739502
0,388,10,2869,0.9098275303840637
0,391,1,622,0.9430633783340454
0,391,2,2562,0.9382904171943665
0,391,3,1215,0.9351078271865845
0,391,4,1360,0.9336012601852417
0,391,5,2986,0.9332835674285889
0,391,6,1,0.9322251677513123
0,391,7,432,0.932028591632843
0,391,8,1266,0.9319527745246887
0,391,9,1490,0.930428683757782
0,391,10,2869,0.9251817464828491
0,392,1,1654,0.9704077839851379
0,392,2,2104,0.9683330059051514
0,392,3,2345,0.9670025706291199
0,392,4,447,0.9668657779693604
0,392,5,2558,0.9665225148200989
0,392,6,1893,0.9595981240272522
0,392,7,2108,0.9571331739425659
0,392,8,192,0.944706380367279
0,392,9,1936,0.9417569041252136
0,392,10,1067,0.9415279626846313
0,395,1,1654,0.9768025279045105
0,395,2,2345,0.9707895517349243
0,395,3,447,0.9685568809509277
0,395,4,2104,0.960401713848114
0,395,5,716,0.9599031805992126
0,395,6,2156,0.9598097205162048
0,395,7,1893,0.9575861096382141
0,395,8,192,0.9539331197738647
0,395,9,719,0.9486109614372253
0,395,10,1067,0.945709228515625
0,396,1,2082,0.9680684804916382
0,396,2,641,0.9678642153739929
0,396,3,1654,0.9641206860542297
0,396,4,447,0.9633001685142517
0,396,5,2345,0.9623236656188965
0,396,6,1893,0.95926433801651
0,396,7,1936,0.9424477815628052
0,396,8,1067,0.9368784427642822
0,396,9,192,0.9363340735435486
0,396,10,1501,0.9350294470787048
0,397,1,1301,0.985682487487793
0,397,2,1379,0.9843464493751526
0,397,3,1570,0.982540488243103
0,397,4,1528,0.9533320665359497
0,397,5,698,0.9396184086799622
0,397,6,2554,0.9372251629829407
0,397,7,1344,0.9360600113868713
0,397,8,514,0.9247915744781494
0,397,9,2967,0.9214357733726501
0,397,10,555,0.9206669926643372
0,398,1,2952,0.9748652577400208
0,398,2,533,0.9706505537033081
0,398,3,2568,0.9684478640556335
0,398,4,1277,0.9661723375320435
0,398,5,1053,0.9641206860542297
0,398,6,176,0.9639000296592712
0,398,7,1466,0.9631122350692749
0,398,8,2136,0.9601038098335266
0,398,9,553,0.9589576125144958
0,398,10,2910,0.9529064297676086
0,399,1,1307,0.9833078980445862
0,399,2,2136,0.9666231870651245
0,399,3,1528,0.9531329274177551
0,399,4,2830,0.9518616795539856
0,399,5,1344,0.9393499493598938
0,399,6,555,0.9303598403930664
0,399,7,609,0.9265403747558594
0,399,8,2554,0.9261037111282349
0,399,9,1053,0.9250694513320923
0,399,10,698,0.9248700737953186
0,400,1,2910,0.9842541813850403
0,400,2,2136,0.9808365106582642
0,400,3,2235,0.9806292653083801
0,400,4,2568,0.9632910490036011
0,400,5,1053,0.958267092704773
0,400,6,1301,0.957877516746521
0,400,7,1307,0.9573206901550293
0,400,8,2952,0.9569236636161804
0,400,9,555,0.950947105884552
0,400,10,533,0.9504961967468262
0,401,1,1654,0.9709499478340149
0,401,2,2345,0.9644767045974731
0,401,3,447,0.9622520208358765
0,401,4,1893,0.9622247815132141
0,401,5,2108,0.9476402401924133
0,401,6,2490,0.9467348456382751
0,401,7,192,0.9405186176300049
0,401,8,2209,0.9400928616523743
0,401,9,1936,0.9393918514251709
0,401,10,1067,0.934867799282074
0,403,1,89,0.9640947580337524
0,403,2,2830,0.9340240955352783
0,403,3,1528,0.9312958121299744
0,403,4,698,0.9188106656074524
0,403,5,1053,0.9176464080810547
0,403,6,2568,0.9159107208251953
0,403,7,1344,0.9153043627738953
0,403,8,1466,0.9134365320205688
0,403,9,555,0.9098191261291504
0,403,10,2952,0.9030755162239075
0,404,1,1307,0.9696522355079651
0,404,2,2758,0.9646596312522888
0,404,3,1528,0.9347152709960938
0,404,4,1053,0.9282214641571045
0,404,5,2568,0.9271386861801147
0,404,6,1344,0.9208489656448364
0,404,7,1466,0.920813798904419
0,404,8,555,0.9187238216400146
0,404,9,2952,0.9163119196891785
0,404,10,860,0.9119906425476074
0,405,1,1379,0.9786087870597839
0,405,2,2830,0.9733444452285767
0,405,3,1570,0.9732325673103333
0,405,4,89,0.973124623298645
0,405,5,2952,0.9691413640975952
0,405,6,555,0.9689518809318542
0,405,7,1053,0.9669569134712219
0,405,8,533,0.9656139612197876
0,405,9,2090,0.962374746799469
0,405,10,1344,0.9581684470176697
0,406,1,2235,0.9798998832702637
0,406,2,1379,0.9796529412269592
0,406,3,1570,0.9740483164787292
0,406,4,89,0.9700051546096802
0,406,5,2830,0.9645212292671204
0,406,6,2952,0.964288055896759
0,406,7,1053,0.9631189107894897
0,406,8,533,0.9586917757987976
0,406,9,555,0.9574941992759705
0,406,10,1307,0.9520267844200134
0,407,1,609,0.9742808938026428
0,407,2,2952,0.9735845327377319
0,407,3,2136,0.9699075222015381
0,407,4,533,0.9693952202796936
0,407,5,2910,0.9648247957229614
0,407,6,1053,0.9624842405319214
0,407,7,1466,0.9576883912086487
0,407,8,1277,0.9563487768173218
0,407,9,2235,0.9548146724700928
0,407,10,176,0.9535238742828369
0,408,1,609,0.9868568181991577
0,408,2,2952,0.9851105809211731
0,408,3,533,0.9838575720787048
0,408,4,2136,0.9797886610031128
0,408,5,1053,0.9764828681945801
0,408,6,555,0.9709922671318054
0,408,7,2910,0.9703012704849243
0,408,8,314,0.9692624807357788
0,408,9,2830,0.9657724499702454
0,408,10,553,0.9652338624000549
0,409,1,1466,0.9497910141944885
0,409,2,1379,0.9357796311378479
0,409,3,1570,0.9303083419799805
0,409,4,2910,0.9286328554153442
0,409,5,2235,0.926178514957428
0,409,6,1301,0.9248670339584351
0,409,7,2136,0.9129952192306519
0,409,8,176,0.9127500653266907
0,409,9,1307,0.9110059142112732
0,409,10,89,0.9079696536064148
0,410,1,1466,0.9411799311637878
0,410,2,2188,0.9312911033630371
0,410,3,176,0.9221649765968323
0,410,4,1277,0.9040316343307495
0,410,5,2407,0.887424886226654
0,410,6,1540,0.8830376863479614
0,410,7,718,0.8681301474571228
0,410,8,2952,0.8602753281593323
0,410,9,2910,0.854394257068634
0,410,10,1379,0.853696346282959
0,411,1,1763,0.8427276611328125
0,411,2,2344,0.8361000418663025
0,411,3,615,0.8236687183380127
0,411,4,2237,0.8161901831626892
0,411,5,3062,0.8141913414001465
0,411,6,550,0.8130905628204346
0,411,7,2736,0.8127480745315552
0,411,8,1970,0.8029504418373108
0,411,9,1339,0.8014747500419617
0,411,10,2423,0.7894802689552307
0,412,1,493,0.9129278659820557
0,412,2,1763,0.8222284913063049
0,412,3,2344,0.8186795711517334
0,412,4,615,0.8124857544898987
0,412,5,3062,0.8046366572380066
0,412,6,2237,0.8027365207672119
0,412,7,550,0.7989130020141602
0,412,8,2736,0.7940515279769897
0,412,9,1466,0.7891465425491333
0,412,10,1970,0.7852582931518555
0,413,1,2785,0.9288996458053589
0,413,2,493,0.9198920130729675
0,413,3,1466,0.8420472741127014
0,413,4,615,0.7982060313224792
0,413,5,3062,0.7959484457969666
0,413,6,1763,0.7949609160423279
0,413,7,316,0.7941117882728577
0,413,8,698,0.791416585445404
0,413,9,1301,0.7901104092597961
0,413,10,2344,0.7833508253097534
0,414,1,316,0.8820235729217529
0,414,2,3062,0.8762374520301819
0,414,3,698,0.8729314208030701
0,414,4,615,0.860111653804779
0,414,5,1301,0.8543485403060913
0,414,6,2758,0.8462058305740356
0,414,7,1466,0.8324147462844849
0,414,8,2237,0.8264169096946716
0,414,9,1307,0.8214839100837708
0,414,10,1388,0.8192600011825562
0,415,1,1369,0.9619140028953552
0,415,2,201,0.9591068029403687
0,415,3,633,0.9517931938171387
0,415,4,1781,0.94999760389328
0,415,5,1884,0.9460662603378296
0,415,6,112,0.9414517283439636
0,415,7,3069,0.9385151267051697
0,415,8,1158,0.9343194365501404
0,415,9,1173,0.9298596978187561
0,415,10,385,0.9293895959854126
0,416,1,2212,0.9415008425712585
0,416,2,664,0.9252334237098694
0,416,3,742,0.9222743511199951
0,416,4,3069,0.9119529128074646
0,416,5,194,0.906202495098114
0,416,6,2769,0.9054149389266968
0,416,7,2042,0.9046289324760437
0,416,8,273,0.9002364277839661
0,416,9,259,0.8979568481445312
0,416,10,44,0.8967461585998535
0,417,1,2212,0.9715881943702698
0,417,2,1040,0.9577897191047668
0,417,3,957,0.9543583989143372
0,417,4,664,0.9519671201705933
0,417,5,3069,0.9499293565750122
0,417,6,884,0.9431411027908325
0,417,7,338,0.93360435962677
0,417,8,259,0.9326364398002625
0,417,9,194,0.9322794079780579
0,417,10,44,0.9315878748893738
0,418,1,44,0.9132083058357239
0,418,2,2173,0.9114652872085571
0,418,3,621,0.9047833681106567
0,418,4,787,0.8947243690490723
0,418,5,259,0.8939201235771179
0,418,6,3019,0.892918050289154
0,418,7,112,0.8899149894714355
0,418,8,1791,0.889460563659668
0,418,9,91,0.8870968222618103
0,418,10,1196,0.8818816542625427
0,419,1,1369,0.9620484709739685
0,419,2,633,0.9520750641822815
0,419,3,1781,0.9453861117362976
0,419,4,1158,0.9380791783332825
0,419,5,3069,0.9309700727462769
0,419,6,1173,0.9304935336112976
0,419,7,1198,0.924475908279419
0,419,8,1541,0.9239864349365234
0,419,9,536,0.9233407974243164
0,419,10,385,0.9233021140098572
0,420,1,201,0.9663068652153015
0,420,2,1884,0.9560955166816711
0,420,3,1369,0.9521077871322632
0,420,4,1781,0.9501809477806091
0,420,5,633,0.9421395659446716
0,420,6,3069,0.9399365186691284
0,420,7,742,0.9268749952316284
0,420,8,385,0.9236840605735779
0,420,9,1173,0.9190239310264587
0,420,10,1158,0.9153470396995544
0,421,1,2743,0.9688758850097656
0,421,2,852,0.9669030904769897
0,421,3,2975,0.9655546545982361
0,421,4,2851,0.9648385643959045
0,421,5,2093,0.9648034572601318
0,421,6,1716,0.9637536406517029
0,421,7,2205,0.9621714949607849
0,421,8,1558,0.9600043296813965
0,421,9,273,0.9599967002868652
0,421,10,2480,0.9599777460098267
0,422,1,1781,0.9329283833503723
0,422,2,1369,0.9306389689445496
0,422,3,633,0.9271993041038513
0,422,4,2028,0.916710376739502
0,422,5,1541,0.9145675301551819
0,422,6,536,0.9121214151382446
0,422,7,1173,0.9118706583976746
0,422,8,554,0.903377115726471
0,422,9,1157,0.9032480120658875
0,422,10,444,0.9024370908737183
0,423,1,1781,0.929487407207489
0,423,2,633,0.9259381294250488
0,423,3,1369,0.9231302738189697
0,423,4,1541,0.9228678941726685
0,423,5,536,0.9212725758552551
0,423,6,1173,0.9169020056724548
0,423,7,1157,0.9146572947502136
0,423,8,444,0.9132383465766907
0,423,9,1832,0.9115310907363892
0,423,10,554,0.911421537399292
0,424,1,2107,0.9086025953292847
0,424,2,2602,0.9072241187095642
0,424,3,2384,0.9042648077011108
0,424,4,1029,0.9030573964118958
0,424,5,1692,0.9022084474563599
0,424,6,518,0.9007303714752197
0,424,7,1655,0.8999346494674683
0,424,8,2927,0.8984597325325012
0,424,9,523,0.8932476043701172
0,424,10,90,0.8828288316726685
0,425,1,670,0.9488808512687683
0,425,2,264,0.944423496723175
0,425,3,2700,0.9378295540809631
0,425,4,343,0.9269821643829346
0,425,5,854,0.917376697063446
0,425,6,101,0.9162715673446655
0,425,7,704,0.9126334190368652
0,425,8,2028,0.9085120558738708
0,425,9,624,0.9067121148109436
0,425,10,1696,0.905027449131012
0,426,1,2106,0.8802821040153503
0,426,2,2176,0.8765031099319458
0,426,3,1367,0.8695021867752075
0,426,4,1964,0.8661670684814453
0,426,5,195,0.8609290719032288
0,426,6,2566,0.8575011491775513
0,426,7,2018,0.8460591435432434
0,426,8,293,0.8449605703353882
0,426,9,2429,0.8422220349311829
0,426,10,2500,0.8419495224952698
0,427,1,112,0.927765965461731
0,427,2,44,0.9276589155197144
0,427,3,2173,0.9234359860420227
0,427,4,1767,0.9183701872825623
0,427,5,1791,0.9182878136634827
0,427,6,2183,0.917932391166687
0,427,7,3019,0.9172937870025635
0,427,8,2790,0.9160890579223633
0,427,9,742,0.9159876108169556
0,427,10,91,0.9155229330062866
0,428,1,1029,0.9117664098739624
0,428,2,1263,0.9077609777450562
0,428,3,585,0.8965961337089539
0,428,4,2566,0.8772673010826111
0,428,5,2107,0.8752804398536682
0,428,6,2602,0.8683790564537048
0,428,7,2384,0.8663065433502197
0,428,8,2018,0.8613943457603455
0,428,9,466,0.8599278330802917
0,428,10,513,0.8563535809516907
0,429,1,1029,0.9117664098739624
0,429,2,1263,0.9077609777450562
0,429,3,585,0.8965961337089539
0,429,4,2566,0.8772673010826111
0,429,5,2107,0.8752804398536682
0,429,6,2602,0.8683790564537048
0,429,7,2384,0.8663065433502197
0,429,8,2018,0.8613943457603455
0,429,9,466,0.8599278330802917
0,429,10,513,0.8563535809516907
0,430,1,1029,0.9117664098739624
0,430,2,1263,0.9077609777450562
0,430,3,585,0.8965961337089539
0,430,4,2566,0.8772673010826111
0,430,5,2107,0.8752804398536682
0,430,6,2602,0.8683790564537048
0,430,7,2384,0.8663065433502197
0,430,8,2018,0.8613943457603455
0,430,9,466,0.8599278330802917
0,430,10,513,0.8563535809516907
0,435,1,1723,0.9469666481018066
0,435,2,1157,0.940126895904541
0,435,3,1832,0.9394474625587463
0,435,4,863,0.9390475749969482
0,435,5,444,0.9359957575798035
0,435,6,1541,0.9336159229278564
0,435,7,536,0.9330859184265137
0,435,8,1153,0.9277046322822571
0,435,9,1354,0.927166223526001
0,435,10,2493,0.9253242015838623
0,436,1,201,0.9412474632263184
0,436,2,2183,0.9259786605834961
0,436,3,2028,0.9220661520957947
0,436,4,1884,0.917525053024292
0,436,5,112,0.9108043313026428
0,436,6,1781,0.9038129448890686
0,436,7,1791,0.9010664820671082
0,436,8,2493,0.8993828892707825
0,436,9,91,0.897527277469635
0,436,10,1696,0.8964831829071045
0,437,1,201,0.935863733291626
0,437,2,2183,0.9156681895256042
0,437,3,2028,0.911185085773468
0,437,4,1884,0.907243549823761
0,437,5,2493,0.9020987749099731
0,437,6,112,0.8989914655685425
0,437,7,1781,0.8977584838867188
0,437,8,1157,0.8935486078262329
0,437,9,444,0.8885653614997864
0,437,10,1541,0.8882029056549072
0,438,1,201,0.930996298789978
0,438,2,2493,0.9092889428138733
0,438,3,1157,0.9055562615394592
0,438,4,2183,0.9028583765029907
0,438,5,444,0.9005803465843201
0,438,6,1541,0.8993175625801086
0,438,7,1832,0.8985281586647034
0,438,8,2028,0.8967549204826355
0,438,9,1884,0.8962727785110474
0,438,10,1781,0.8956225514411926
0,439,1,2769,0.9422405958175659
0,439,2,194,0.9388039708137512
0,439,3,884,0.9353265762329102
0,439,4,2205,0.9318839311599731
0,439,5,273,0.9313691854476929
0,439,6,105,0.9273614287376404
0,439,7,1716,0.9254754185676575
0,439,8,2590,0.9230044484138489
0,439,9,2480,0.9217672944068909
0,439,10,2975,0.9200583100318909
0,441,1,2769,0.9635574817657471
0,441,2,2761,0.9592558145523071
0,441,3,194,0.9584138989448547
0,441,4,2480,0.9583451151847839
0,441,5,2590,0.9574116468429565
0,441,6,273,0.9565560817718506
0,441,7,2975,0.9564589262008667
0,441,8,884,0.9542274475097656
0,441,9,1558,0.9512494206428528
0,441,10,1716,0.9479920864105225
0,443,1,852,0.9527539610862732
0,443,2,195,0.952526867389679
0,443,3,1716,0.9518755674362183
0,443,4,2743,0.9468568563461304
0,443,5,105,0.9441887736320496
0,443,6,2106,0.9437053203582764
0,443,7,1964,0.9418957829475403
0,443,8,2851,0.9381018280982971
0,443,9,2328,0.9351259469985962
0,443,10,273,0.9348077774047852
0,444,1,2721,0.8856144547462463
0,444,2,538,0.8813828229904175
0,444,3,1517,0.8629220724105835
0,444,4,1367,0.8619140982627869
0,444,5,594,0.8609739542007446
0,444,6,2176,0.8602317571640015
0,444,7,2971,0.8542636036872864
0,444,8,2500,0.8497841954231262
0,444,9,566,0.8486937284469604
0,444,10,1263,0.8460044860839844
0,445,1,538,0.9583839178085327
0,445,2,2721,0.9523515105247498
0,445,3,2018,0.9512606859207153
0,445,4,1517,0.9424363374710083
0,445,5,576,0.9405878186225891
0,445,6,594,0.9365140199661255
0,445,7,2971,0.9320414662361145
0,445,8,2500,0.9259819388389587
0,445,9,566,0.9235270619392395
0,445,10,1367,0.9229823350906372
0,446,1,2971,0.9659277200698853
0,446,2,446,0.9547076225280762
0,446,3,2956,0.9538404941558838
0,446,4,2500,0.950763463973999
0,446,5,2363,0.9454545378684998
0,446,6,1009,0.9395554661750793
0,446,7,538,0.9395325183868408
0,446,8,173,0.9345337748527527
0,446,9,1367,0.9319835305213928
0,446,10,3027,0.9286966919898987
0,448,1,2274,0.9419241547584534
0,448,2,1985,0.9395289421081543
0,448,3,2956,0.9388146996498108
0,448,4,2363,0.9384026527404785
0,448,5,446,0.9307177066802979
0,448,6,1671,0.9241437315940857
0,448,7,2710,0.922076940536499
0,448,8,1750,0.9216113686561584
0,448,9,2603,0.9139436483383179
0,448,10,1062,0.9101123809814453
0,449,1,2956,0.9192509651184082
0,449,2,2363,0.914071798324585
0,449,3,446,0.9090040326118469
0,449,4,2971,0.9080174565315247
0,449,5,104,0.8915452361106873
0,449,6,2500,0.8889434933662415
0,449,7,1671,0.8856855034828186
0,449,8,1062,0.884016215801239
0,449,9,2075,0.8773401975631714
0,449,10,2176,0.8744857907295227
0,450,1,2363,0.9561163783073425
0,450,2,2956,0.9469916224479675
0,450,3,1671,0.9450092911720276
0,450,4,1062,0.9383115768432617
0,450,5,104,0.9378438591957092
0,450,6,446,0.934984028339386
0,450,7,173,0.930709183216095
0,450,8,2075,0.9293710589408875
0,450,9,1184,0.9281127452850342
0,450,10,2971,0.9208895564079285
0,451,1,2363,0.9328845739364624
0,451,2,2956,0.9323928356170654
0,451,3,1985,0.9323202967643738
0,451,4,446,0.9303527474403381
0,451,5,1750,0.9269670844078064
0,451,6,2274,0.9181868433952332
0,451,7,1671,0.9127671122550964
0,451,8,2971,0.9107620120048523
0,451,9,2603,0.9068634510040283
0,451,10,1062,0.9038000702857971
0,453,1,1252,0.9253603219985962
0,453,2,512,0.9177425503730774
0,453,3,1547,0.9173358082771301
0,453,4,2377,0.9162447452545166
0,453,5,1001,0.915772020816803
0,453,6,1163,0.9148811101913452
0,453,7,479,0.9108844995498657
0,453,8,1613,0.9103966355323792
0,453,9,1671,0.9079124331474304
0,453,10,2274,0.9077346920967102
0,454,1,2363,0.938228189945221
0,454,2,2942,0.9298145174980164
0,454,3,1671,0.928619921207428
0,454,4,104,0.9260656833648682
0,454,5,2956,0.9256698489189148
0,454,6,1062,0.9249844551086426
0,454,7,507,0.9241748452186584
0,454,8,2075,0.9190495014190674
0,454,9,446,0.9153208136558533
0,454,10,637,0.9089210629463196
0,455,1,1991,0.9447262287139893
0,455,2,672,0.9421079158782959
0,455,3,2814,0.9418293833732605
0,455,4,2084,0.9373326897621155
0,455,5,1671,0.9367749094963074
0,455,6,507,0.9350519180297852
0,455,7,191,0.9332211017608643
0,455,8,949,0.9319233894348145
0,455,9,2075,0.929011344909668
0,455,10,1547,0.9279022812843323
0,456,1,1671,0.9420612454414368
0,456,2,1991,0.9414424896240234
0,456,3,1048,0.9393188953399658
0,456,4,507,0.9382043480873108
0,456,5,672,0.9367647767066956
0,456,6,2704,0.9357446432113647
0,456,7,2814,0.9355663657188416
0,456,8,1547,0.9340204000473022
0,456,9,512,0.9336729049682617
0,456,10,1252,0.9299366474151611
0,458,1,2363,0.94925856590271
0,458,2,1671,0.9482567310333252
0,458,3,2942,0.938538670539856
0,458,4,1062,0.938083827495575
0,458,5,2956,0.9358194470405579
0,458,6,104,0.9340022206306458
0,458,7,2075,0.9298514723777771
0,458,8,173,0.9250451326370239
0,458,9,446,0.9222820997238159
0,458,10,1991,0.9190640449523926
0,459,1,1158,0.9813865423202515
0,459,2,1221,0.9809643626213074
0,459,3,633,0.9765715003013611
0,459,4,984,0.9742786288261414
0,459,5,1541,0.9696786403656006
0,459,6,1206,0.9678836464881897
0,459,7,1369,0.9668102860450745
0,459,8,1868,0.9642940163612366
0,459,9,1990,0.9624215960502625
0,459,10,1823,0.9609590172767639
0,460,1,1541,0.9711434841156006
0,460,2,1153,0.9644435048103333
0,460,3,633,0.9634378552436829
0,460,4,984,0.9556597471237183
0,460,5,1158,0.9542016386985779
0,460,6,1369,0.951209306716919
0,460,7,201,0.9485542178153992
0,460,8,1221,0.9460826516151428
0,460,9,1781,0.9451360702514648
0,460,10,2493,0.9392296075820923
0,461,1,1541,0.9700387120246887
0,461,2,633,0.9617419242858887
0,461,3,1157,0.9616214036941528
0,461,4,984,0.9538976550102234
0,461,5,1158,0.952460527420044
0,461,6,1369,0.9493653178215027
0,461,7,201,0.9474033117294312
0,461,8,1221,0.9443734884262085
0,461,9,1781,0.9433009624481201
0,461,10,1260,0.9372288584709167
0,462,1,1541,0.9764584898948669
0,462,2,444,0.9688301682472229
0,462,3,633,0.9658045768737793
0,462,4,984,0.9634612202644348
0,462,5,1158,0.9575660824775696
0,462,6,1221,0.9519392848014832
0,462,7,1369,0.9509699940681458
0,462,8,3084,0.949558436870575
0,462,9,1781,0.9465867877006531
0,462,10,201,0.9444382190704346
0,463,1,1541,0.9694687724113464
0,463,2,1157,0.9627953767776489
0,463,3,1723,0.9598312973976135
0,463,4,633,0.9574610590934753
0,463,5,984,0.9528010487556458
0,463,6,1158,0.9511412382125854
0,463,7,1221,0.9448219537734985
0,463,8,1369,0.9415504932403564
0,463,9,455,0.9396559000015259
0,463,10,201,0.9378100633621216
0,465,1,1766,0.9502878189086914
0,465,2,1476,0.9410541653633118
0,465,3,795,0.9368904829025269
0,465,4,1516,0.921846330165863
0,465,5,719,0.9070413112640381
0,465,6,121,0.8966295123100281
0,465,7,2580,0.8946782946586609
0,465,8,2997,0.8919909596443176
0,465,9,192,0.8813464641571045
0,465,10,122,0.8728333711624146
0,467,1,905,0.9376004338264465
0,467,2,1766,0.9146281480789185
0,467,3,795,0.9110788106918335
0,467,4,424,0.8840909004211426
0,467,5,1516,0.8729535341262817
0,467,6,1109,0.8625641465187073
0,467,7,719,0.853384256362915
0,467,8,2377,0.8512007594108582
0,467,9,512,0.8506042957305908
0,467,10,1613,0.8499916195869446
0,468,1,575,0.9327024817466736
0,468,2,2931,0.932196319103241
0,468,3,1766,0.9235225915908813
0,468,4,795,0.9136766791343689
0,468,5,1516,0.8920154571533203
0,468,6,719,0.879453718662262
0,468,7,2580,0.8630127310752869
0,468,8,121,0.8627390265464783
0,468,9,424,0.8601657748222351
0,468,10,192,0.8528111577033997
0,469,1,536,0.9788703918457031
0,469,2,554,0.9760727882385254
0,469,3,1541,0.9759926199913025
0,469,4,984,0.9601781368255615
0,469,5,633,0.9570748209953308
0,469,6,1158,0.9505565762519836
0,469,7,455,0.9505093097686768
0,469,8,1221,0.9469454288482666
0,469,9,1369,0.9364648461341858
0,469,10,1781,0.9330934286117554
0,470,1,1766,0.9443823099136353
0,470,2,2355,0.9286934733390808
0,470,3,2862,0.9286344647407532
0,470,4,1516,0.9257118701934814
0,470,5,795,0.9219121336936951
0,470,6,719,0.9211599230766296
0,470,7,1758,0.9131458401679993
0,470,8,192,0.9031545519828796
0,470,9,121,0.901665210723877
0,470,10,1654,0.8989084362983704
0,471,1,1685,0.9845666289329529
0,471,2,759,0.9832408428192139
0,471,3,2525,0.9796348810195923
0,471,4,502,0.9769179821014404
0,471,5,1911,0.9716036915779114
0,471,6,2256,0.9698036313056946
0,471,7,11,0.9694671034812927
0,471,8,1978,0.9674624800682068
0,471,9,2163,0.967181921005249
0,471,10,1063,0.9654663801193237
0,472,1,72,0.9680765867233276
0,472,2,1002,0.9657394289970398
0,472,3,2432,0.9630427956581116
0,472,4,2163,0.9626289010047913
0,472,5,1827,0.956202507019043
0,472,6,1265,0.955960750579834
0,472,7,333,0.9536640048027039
0,472,8,502,0.9500430822372437
0,472,9,950,0.9492321014404297
0,472,10,1786,0.9428375363349915
0,474,1,2163,0.9832953214645386
0,474,2,72,0.9832671284675598
0,474,3,1829,0.9818302392959595
0,474,4,502,0.979665219783783
0,474,5,333,0.9751471281051636
0,474,6,1827,0.9714789986610413
0,474,7,1002,0.9711793661117554
0,474,8,1786,0.9704617857933044
0,474,9,1265,0.9703189134597778
0,474,10,11,0.9692718982696533
0,475,1,2163,0.9855929613113403
0,475,2,72,0.9853528738021851
0,475,3,502,0.9804788827896118
0,475,4,333,0.9784459471702576
0,475,5,1063,0.9782644510269165
0,475,6,1002,0.97687828540802
0,475,7,1827,0.9752181172370911
0,475,8,1265,0.9746162295341492
0,475,9,1786,0.9734286069869995
0,475,10,11,0.9713205695152283
0,476,1,502,0.9827920198440552
0,476,2,2163,0.9795058369636536
0,476,3,1911,0.9772182106971741
0,476,4,333,0.9760676622390747
0,476,5,1685,0.9758066534996033
0,476,6,11,0.975705087184906
0,476,7,72,0.9741340279579163
0,476,8,759,0.9739540219306946
0,476,9,1786,0.9734710454940796
0,476,10,1978,0.9703294634819031
0,477,1,1978,0.9849300980567932
0,477,2,502,0.9819509387016296
0,477,3,1911,0.981757640838623
0,477,4,11,0.9802603125572205
0,477,5,747,0.9742167592048645
0,477,6,2432,0.9736524820327759
0,477,7,2228,0.9734424948692322
0,477,8,1070,0.9721481204032898
0,477,9,1190,0.9715559482574463
0,477,10,2163,0.9715273380279541
0,478,1,1698,0.9814621210098267
0,478,2,2163,0.9736557602882385
0,478,3,1002,0.9720630049705505
0,478,4,502,0.9714282751083374
0,478,5,72,0.9713898301124573
0,478,6,759,0.9706882834434509
0,478,7,333,0.9699552059173584
0,478,8,1685,0.9670435786247253
0,478,9,1827,0.9636369943618774
0,478,10,1786,0.9630143046379089
0,479,1,1875,0.9513006210327148
0,479,2,2578,0.9348469376564026
0,479,3,2274,0.9254155158996582
0,479,4,2710,0.9241788387298584
0,479,5,1613,0.9099500179290771
0,479,6,479,0.9093372821807861
0,479,7,1109,0.9076653122901917
0,479,8,424,0.9020679593086243
0,479,9,1163,0.902003824710846
0,479,10,2290,0.8967164754867554
0,480,1,1685,0.9827918410301208
0,480,2,759,0.982017457485199
0,480,3,502,0.9806408286094666
0,480,4,1911,0.9757401347160339
0,480,5,2525,0.9745914340019226
0,480,6,11,0.9742653965950012
0,480,7,2163,0.9736604690551758
0,480,8,333,0.9715707898139954
0,480,9,1786,0.970151424407959
0,480,10,1978,0.9700853228569031
0,481,1,2274,0.9511283040046692
0,481,2,2710,0.9456784129142761
0,481,3,701,0.9411242008209229
0,481,4,2603,0.9403899908065796
0,481,5,1809,0.9330700635910034
0,481,6,1159,0.9329690933227539
0,481,7,1180,0.9328610897064209
0,481,8,1866,0.9328295588493347
0,481,9,2640,0.9310250878334045
0,481,10,185,0.9136573672294617
0,483,1,49,0.9268136024475098
0,483,2,1304,0.9250719547271729
0,483,3,1380,0.9180375337600708
0,483,4,971,0.9097497463226318
0,483,5,1836,0.9090788960456848
0,483,6,1159,0.9059141874313354
0,483,7,306,0.898861289024353
0,483,8,2898,0.8979658484458923
0,483,9,2640,0.8957011699676514
0,483,10,701,0.8949651122093201
0,484,1,49,0.9268136024475098
0,484,2,1304,0.9250719547271729
0,484,3,1380,0.9180375337600708
0,484,4,971,0.9097497463226318
0,484,5,1836,0.9090788960456848
0,484,6,1159,0.9059141874313354
0,484,7,306,0.898861289024353
0,484,8,2898,0.8979658484458923
0,484,9,2640,0.8957011699676514
0,484,10,701,0.8949651122093201
0,485,1,1304,0.9696323275566101
0,485,2,995,0.9388842582702637
0,485,3,1328,0.9321713447570801
0,485,4,1870,0.9204129576683044
0,485,5,508,0.9193688035011292
0,485,6,1212,0.9070464372634888
0,485,7,1836,0.9031983017921448
0,485,8,97,0.9027556777000427
0,485,9,2898,0.8935437798500061
0,485,10,2938,0.8753514289855957
0,486,1,2710,0.9279292225837708
0,486,2,185,0.9273293018341064
0,486,3,2274,0.9190980792045593
0,486,4,1412,0.9188100099563599
0,486,5,1875,0.917441725730896
0,486,6,495,0.9144906401634216
0,486,7,512,0.9142758846282959
0,486,8,1547,0.9139304757118225
0,486,9,2578,0.8931756615638733
0,486,10,2141,0.8905091285705566
0,487,1,185,0.9536003470420837
0,487,2,2710,0.9454805850982666
0,487,3,495,0.9434200525283813
0,487,4,1252,0.938092052936554
0,487,5,1412,0.9369162917137146
0,487,6,1875,0.9366774559020996
0,487,7,2274,0.9341502785682678
0,487,8,2578,0.9304646253585815
0,487,9,512,0.9185684323310852
0,487,10,1547,0.9180445075035095
0,492,1,2100,0.9737153053283691
0,492,2,520,0.9733365774154663
0,492,3,398,0.9394885897636414
0,492,4,359,0.9332501292228699
0,492,5,1328,0.931324303150177
0,492,6,717,0.9288156628608704
0,492,7,1870,0.9259063005447388
0,492,8,306,0.9155097603797913
0,492,9,81,0.9088200926780701
0,492,10,971,0.9080760478973389
0,493,1,1328,0.9699477553367615
0,493,2,1870,0.9633854031562805
0,493,3,508,0.9598415493965149
0,493,4,97,0.9432421326637268
0,493,5,2100,0.9423583745956421
0,493,6,520,0.9405463933944702
0,493,7,2938,0.9333239197731018
0,493,8,108,0.9280960559844971
0,493,9,283,0.9174812436103821
0,493,10,1456,0.9171772599220276
0,494,1,656,0.9884947538375854
0,494,2,627,0.9861406087875366
0,494,3,1121,0.9656853079795837
0,494,4,2664,0.9650790691375732
0,494,5,2270,0.9580860137939453
0,494,6,1836,0.9389037489891052
0,494,7,1870,0.9233510494232178
0,494,8,1328,0.9118603467941284
0,494,9,286,0.9102849960327148
0,494,10,608,0.907215416431427
0,495,1,2104,0.9366472363471985
0,495,2,2156,0.9343023896217346
0,495,3,716,0.9333490133285522
0,495,4,2452,0.9263037443161011
0,495,5,2194,0.922533392906189
0,495,6,1102,0.922463059425354
0,495,7,2599,0.9218427538871765
0,495,8,2607,0.9208967089653015
0,495,9,2558,0.9197239875793457
0,495,10,2082,0.919197142124176
1,1,1,6,0.956986665725708
1,1,2,2341,0.9519712924957275
1,1,3,2340,0.9500656723976135
1,1,4,2410,0.9418049454689026
1,1,5,2963,0.9368303418159485
1,1,6,2556,0.9345079064369202
1,1,7,400,0.9332277178764343
1,1,8,890,0.9322636723518372
1,1,9,1146,0.9315706491470337
1,1,10,2618,0.9310724139213562
1,2,1,1279,0.944949209690094
1,2,2,1044,0.9336630702018738
1,2,3,2755,0.9299029111862183
1,2,4,2998,0.9288449883460999
1,2,5,474,0.9267825484275818
1,2,6,2476,0.9265933036804199
1,2,7,2353,0.9187246561050415
1,2,8,1312,0.9154740571975708
1,2,9,95,0.9135081768035889
1,2,10,1495,0.90523362159729
1,3,1,2787,0.9137638807296753
1,3,2,2287,0.9064789414405823
1,3,3,1910,0.9039682149887085
1,3,4,1812,0.9007371068000793
1,3,5,250,0.899147093296051
1,3,6,2340,0.8981053233146667
1,3,7,2951,0.8959529399871826
1,3,8,2238,0.8947775959968567
1,3,9,1761,0.8912772536277771
1,3,10,1311,0.8904668092727661
1,4,1,2998,0.9439104795455933
1,4,2,1645,0.9425270557403564
1,4,3,1044,0.9404453635215759
1,4,4,474,0.923831582069397
1,4,5,1267,0.9211112260818481
1,4,6,1686,0.916111409664154
1,4,7,1395,0.9097686409950256
1,4,8,948,0.9086794257164001
1,4,9,2755,0.908637285232544
1,4,10,1223,0.9063600301742554
1,7,1,2340,0.9326683878898621
1,7,2,6,0.9322240948677063
1,7,3,2341,0.9278285503387451
1,7,4,400,0.9237961173057556
1,7,5,2556,0.9226369857788086
1,7,6,250,0.9209137558937073
1,7,7,2410,0.9187433123588562
1,7,8,1910,0.9163033962249756
1,7,9,2787,0.9147234559059143
1,7,10,2951,0.912680983543396
1,9,1,1518,0.8891191482543945
1,9,2,1538,0.8791420459747314
1,9,3,2405,0.8763043880462646
1,9,4,2481,0.8745340704917908
1,9,5,1737,0.8702592253684998
1,9,6,400,0.8699137568473816
1,9,7,1127,0.8667680621147156
1,9,8,1454,0.8648495078086853
1,9,9,464,0.8640686869621277
1,9,10,1816,0.8622995615005493
1,10,1,2211,0.9429711699485779
1,10,2,2995,0.9358444809913635
1,10,3,2219,0.934709906578064
1,10,4,1279,0.926970899105072
1,10,5,1939,0.9259435534477234
1,10,6,2435,0.9233060479164124
1,10,7,1812,0.9158989191055298
1,10,8,1642,0.9151868224143982
1,10,9,2143,0.9109594225883484
1,10,10,675,0.9105865955352783
1,11,1,598,0.9566685557365417
1,11,2,310,0.9466515779495239
1,11,3,2159,0.9454554915428162
1,11,4,407,0.9420316219329834
1,11,5,55,0.9406557083129883
1,11,6,215,0.9400224089622498
1,11,7,2408,0.9359642863273621
1,11,8,1642,0.932827353477478
1,11,9,2521,0.9209452867507935
1,11,10,1496,0.9160992503166199
1,12,1,1939,0.922024667263031
1,12,2,2219,0.9207283854484558
1,12,3,724,0.9202574491500854
1,12,4,692,0.9179269075393677
1,12,5,2995,0.9065901041030884
1,12,6,2121,0.9010576009750366
1,12,7,310,0.8986144661903381
1,12,8,1273,0.8968286514282227
1,12,9,2521,0.8952710032463074
1,12,10,2745,0.8886436820030212
1,13,1,2238,0.9339345097541809
1,13,2,1812,0.9251261353492737
1,13,3,2287,0.9239639043807983
1,13,4,769,0.9202052354812622
1,13,5,692,0.9066823124885559
1,13,6,1785,0.9020300507545471
1,13,7,724,0.9004992246627808
1,13,8,2435,0.8975091576576233
1,13,9,429,0.8963975310325623
1,13,10,1761,0.8938460350036621
1,14,1,2121,0.9311416149139404
1,14,2,1273,0.9226574897766113
1,14,3,611,0.9219403266906738
1,14,4,724,0.9206026196479797
1,14,5,2045,0.9151214361190796
1,14,6,692,0.9061262607574463
1,14,7,2621,0.898134708404541
1,14,8,2406,0.8891829252243042
1,14,9,1939,0.8887561559677124
1,14,10,2521,0.8875243067741394
1,15,1,2121,0.9322163462638855
1,15,2,1273,0.9280545115470886
1,15,3,611,0.9234455227851868
1,15,4,2045,0.9221950769424438
1,15,5,724,0.9043142199516296
1,15,6,2621,0.9040905237197876
1,15,7,1342,0.8974105715751648
1,15,8,2367,0.8928614854812622
1,15,9,1487,0.8903323411941528
1,15,10,1496,0.8885562419891357
1,16,1,2211,0.9381551742553711
1,16,2,2995,0.9339373111724854
1,16,3,1812,0.9326050281524658
1,16,4,692,0.927112340927124
1,16,5,2238,0.9214037656784058
1,16,6,1939,0.9194331169128418
1,16,7,2219,0.919015109539032
1,16,8,1279,0.9104663133621216
1,16,9,769,0.9056377410888672
1,16,10,724,0.9049352407455444
1,17,1,2287,0.9245917201042175
1,17,2,2787,0.9216426014900208
1,17,3,2238,0.918738842010498
1,17,4,1812,0.9137598872184753
1,17,5,2951,0.9049100875854492
1,17,6,769,0.896657407283783
1,17,7,1761,0.8953838348388672
1,17,8,1365,0.8911713361740112
1,17,9,2435,0.889586329460144
1,17,10,250,0.8895536065101624
1,18,1,2238,0.9188428521156311
1,18,2,1812,0.914122462272644
1,18,3,2287,0.9104943871498108
1,18,4,769,0.9096221923828125
1,18,5,2787,0.8958529829978943
1,18,6,1785,0.8954704999923706
1,18,7,692,0.8949238061904907
1,18,8,2995,0.8927643895149231
1,18,9,429,0.8897165060043335
1,18,10,2745,0.8891667127609253
1,20,1,1910,0.9265047311782837
1,20,2,2340,0.9217945337295532
1,20,3,2951,0.9212958216667175
1,20,4,2556,0.9192149043083191
1,20,5,689,0.9143838286399841
1,20,6,990,0.9142382144927979
1,20,7,2920,0.9129806756973267
1,20,8,1311,0.9099798798561096
1,20,9,1522,0.9093875885009766
1,20,10,2787,0.9071343541145325
1,21,1,2045,0.9241143465042114
1,21,2,1273,0.9228668808937073
1,21,3,2121,0.9164883494377136
1,21,4,1496,0.9153450131416321
1,21,5,1683,0.9129221439361572
1,21,6,611,0.9128375053405762
1,21,7,407,0.9114625453948975
1,21,8,2621,0.9113873243331909
1,21,9,2367,0.9101169109344482
1,21,10,1487,0.9089061617851257
1,22,1,2787,0.9110186100006104
1,22,2,2287,0.9102783203125
1,22,3,2951,0.9035438299179077
1,22,4,2238,0.9030838012695312
1,22,5,1812,0.9027138948440552
1,22,6,250,0.8895235657691956
1,22,7,2435,0.8861814737319946
1,22,8,2556,0.8838608860969543
1,22,9,1761,0.8837847709655762
1,22,10,400,0.8784753084182739
1,23,1,1812,0.93318110704422
1,23,2,2995,0.9281182885169983
1,23,3,2435,0.9276579022407532
1,23,4,2211,0.9268160462379456
1,23,5,2238,0.9174273610115051
1,23,6,1939,0.9139770269393921
1,23,7,1279,0.9128071069717407
1,23,8,2219,0.9124389886856079
1,23,9,692,0.9067160487174988
1,23,10,2287,0.9029057621955872
1,24,1,1342,0.9125825762748718
1,24,2,611,0.8977460861206055
1,24,3,1089,0.8942452669143677
1,24,4,2121,0.8920975923538208
1,24,5,2045,0.8876059055328369
1,24,6,724,0.8865906000137329
1,24,7,177,0.8845715522766113
1,24,8,1273,0.8828849792480469
1,24,9,2632,0.8806285858154297
1,24,10,1151,0.8802011609077454
1,25,1,1812,0.9325762987136841
1,25,2,2238,0.9280565977096558
1,25,3,2287,0.9209997653961182
1,25,4,2435,0.9149534106254578
1,25,5,769,0.9142981767654419
1,25,6,2211,0.9088646769523621
1,25,7,2995,0.9081302881240845
1,25,8,1761,0.9080978631973267
1,25,9,692,0.9062821269035339
1,25,10,2787,0.905897319316864
1,26,1,2303,0.8693426847457886
1,26,2,1151,0.8677412867546082
1,26,3,2409,0.8631991744041443
1,26,4,2412,0.8560026288032532
1,26,5,1197,0.8526437282562256
1,26,6,2097,0.8510366678237915
1,26,7,177,0.8429337739944458
1,26,8,2319,0.8407073020935059
1,26,9,2632,0.8328330516815186
1,26,10,1644,0.832472026348114
1,27,1,724,0.90494304895401
1,27,2,1315,0.8844720721244812
1,27,3,692,0.884299635887146
1,27,4,769,0.8830872178077698
1,27,5,2745,0.8825106024742126
1,27,6,1342,0.878906786441803
1,27,7,611,0.8773745894432068
1,27,8,2121,0.8750010132789612
1,27,9,2406,0.874024510383606
1,27,10,429,0.8724990487098694
1,28,1,1518,0.9384269118309021
1,28,2,1737,0.9358816742897034
1,28,3,1428,0.933708131313324
1,28,4,461,0.9326005578041077
1,28,5,2405,0.9314590692520142
1,28,6,1127,0.9305564761161804
1,28,7,1538,0.9297685623168945
1,28,8,400,0.9294023513793945
1,28,9,1300,0.9269290566444397
1,28,10,271,0.9262824654579163
1,29,1,724,0.8697852492332458
1,29,2,1151,0.8658645749092102
1,29,3,1315,0.8566035628318787
1,29,4,769,0.8526800870895386
1,29,5,2745,0.8524887561798096
1,29,6,1342,0.8503496646881104
1,29,7,692,0.8449367880821228
1,29,8,429,0.84454345703125
1,29,9,2406,0.8409527540206909
1,29,10,1785,0.8404977917671204
1,30,1,2481,0.8979097604751587
1,30,2,1538,0.8961748480796814
1,30,3,1518,0.8943409323692322
1,30,4,400,0.8930285573005676
1,30,5,1816,0.887555718421936
1,30,6,1365,0.8870783448219299
1,30,7,1454,0.8854917287826538
1,30,8,2787,0.8813502788543701
1,30,9,1737,0.8788345456123352
1,30,10,2405,0.8778259754180908
1,31,1,459,0.9205909967422485
1,31,2,2998,0.9042519927024841
1,31,3,2755,0.9028735160827637
1,31,4,1395,0.9023593068122864
1,31,5,1038,0.8957147598266602
1,31,6,1044,0.8907857537269592
1,31,7,474,0.8894188404083252
1,31,8,3059,0.8883017301559448
1,31,9,2476,0.8869070410728455
1,31,10,1082,0.8813301920890808
1,32,1,2787,0.8813661932945251
1,32,2,400,0.8781781196594238
1,32,3,2481,0.8752340078353882
1,32,4,1538,0.8728458285331726
1,32,5,1365,0.8725223541259766
1,32,6,2287,0.8689693808555603
1,32,7,250,0.8674651980400085
1,32,8,1816,0.8643803000450134
1,32,9,1518,0.8585159778594971
1,32,10,1737,0.8550044298171997
1,33,1,2340,0.9302928447723389
1,33,2,6,0.928844153881073
1,33,3,2341,0.9216485023498535
1,33,4,400,0.9175626039505005
1,33,5,250,0.9154067635536194
1,33,6,1910,0.9133419394493103
1,33,7,1538,0.9063263535499573
1,33,8,2787,0.9063196778297424
1,33,9,2410,0.9052879810333252
1,33,10,1428,0.9050508737564087
1,34,1,2238,0.9154102802276611
1,34,2,2287,0.9150204658508301
1,34,3,2787,0.9099028706550598
1,34,4,769,0.8964344263076782
1,34,5,2951,0.8947486281394958
1,34,6,2435,0.8944379687309265
1,34,7,1761,0.8939120173454285
1,34,8,1785,0.8814032077789307
1,34,9,2995,0.8799974322319031
1,34,10,429,0.876006543636322
1,35,1,1910,0.9110029935836792
1,35,2,2787,0.8992334008216858
1,35,3,1311,0.8988081216812134
1,35,4,2340,0.8977322578430176
1,35,5,1812,0.895216166973114
1,35,6,2951,0.8942002654075623
1,35,7,2287,0.8922431468963623
1,35,8,2920,0.884149432182312
1,35,9,250,0.8837220668792725
1,35,10,2435,0.8832712769508362
1,36,1,2121,0.9208661913871765
1,36,2,1273,0.9194357991218567
1,36,3,2045,0.9140911102294922
1,36,4,611,0.9124521017074585
1,36,5,724,0.9026305079460144
1,36,6,2621,0.8954300284385681
1,36,7,407,0.8903435468673706
1,36,8,692,0.8869889378547668
1,36,9,310,0.8869493007659912
1,36,10,1939,0.8818079829216003
1,37,1,400,0.9252583980560303
1,37,2,1538,0.9229398965835571
1,37,3,1428,0.9201708436012268
1,37,4,461,0.9188382029533386
1,37,5,1737,0.9180935621261597
1,37,6,6,0.9163486957550049
1,37,7,1518,0.9093009829521179
1,37,8,271,0.9089917540550232
1,37,9,1127,0.9073778986930847
1,37,10,2341,0.9071260094642639
1,38,1,500,0.9721456170082092
1,38,2,1235,0.971863329410553
1,38,3,1620,0.9642775058746338
1,38,4,1417,0.9641105532646179
1,38,5,2273,0.9511848092079163
1,38,6,416,0.9503841400146484
1,38,7,2894,0.9498347043991089
1,38,8,667,0.9497970342636108
1,38,9,1882,0.9484603404998779
1,38,10,1548,0.9481883645057678
1,39,1,1980,0.9652394652366638
1,39,2,1882,0.9610166549682617
1,39,3,954,0.9602200984954834
1,39,4,348,0.9586100578308105
1,39,5,1407,0.9567641019821167
1,39,6,321,0.9543682336807251
1,39,7,2994,0.9542388319969177
1,39,8,3015,0.9542257189750671
1,39,9,1202,0.9535612463951111
1,39,10,2897,0.9517945051193237
1,40,1,1882,0.9618620872497559
1,40,2,2994,0.9554562568664551
1,40,3,1980,0.951025664806366
1,40,4,1550,0.9480276107788086
1,40,5,655,0.9471367597579956
1,40,6,1407,0.943664014339447
1,40,7,1548,0.9423077702522278
1,40,8,1308,0.9416586756706238
1,40,9,2273,0.940829873085022
1,40,10,954,0.9405229687690735
1,41,1,416,0.9645804166793823
1,41,2,1620,0.960442066192627
1,41,3,1235,0.9494194388389587
1,41,4,500,0.9491416811943054
1,41,5,1548,0.9396318197250366
1,41,6,2533,0.9390352964401245
1,41,7,1525,0.9320471882820129
1,41,8,1417,0.9214841723442078
1,41,9,129,0.9212722182273865
1,41,10,1302,0.9145175814628601
1,42,1,1882,0.965430498123169
1,42,2,1417,0.9640123844146729
1,42,3,1308,0.9618242383003235
1,42,4,1757,0.9609159827232361
1,42,5,2994,0.9586083292961121
1,42,6,530,0.9577633738517761
1,42,7,1202,0.9565246105194092
1,42,8,1980,0.9555329084396362
1,42,9,500,0.9531798362731934
1,42,10,1235,0.9526546001434326
1,43,1,1882,0.9711318612098694
1,43,2,530,0.9710943102836609
1,43,3,1980,0.9709826707839966
1,43,4,2994,0.9689104557037354
1,43,5,1621,0.9668533205986023
1,43,6,954,0.965859591960907
1,43,7,3057,0.9637401103973389
1,43,8,1202,0.962844729423523
1,43,9,354,0.9621617794036865
1,43,10,1550,0.9619019627571106
1,45,1,30,0.9375443458557129
1,45,2,530,0.9368501305580139
1,45,3,193,0.9357602596282959
1,45,4,3015,0.9311710596084595
1,45,5,132,0.925663411617279
1,45,6,703,0.9253488183021545
1,45,7,954,0.9246581196784973
1,45,8,1931,0.9245951175689697
1,45,9,348,0.9238313436508179
1,45,10,1980,0.9236513376235962
1,46,1,500,0.9767128825187683
1,46,2,1235,0.9765085577964783
1,46,3,1620,0.9739416241645813
1,46,4,416,0.9674850702285767
1,46,5,1327,0.964674711227417
1,46,6,2074,0.9586683511734009
1,46,7,1302,0.948417067527771
1,46,8,2533,0.9456518888473511
1,46,9,1080,0.9449793696403503
1,46,10,1548,0.9446937441825867
1,47,1,1882,0.9632595777511597
1,47,2,2994,0.9562751650810242
1,47,3,1548,0.9497594237327576
1,47,4,667,0.9421007633209229
1,47,5,530,0.9408141374588013
1,47,6,1757,0.9388700723648071
1,47,7,1980,0.938510000705719
1,47,8,500,0.9365898966789246
1,47,9,1308,0.9365728497505188
1,47,10,1235,0.9364066123962402
1,48,1,530,0.9590312242507935
1,48,2,1882,0.9572924971580505
1,48,3,2273,0.954598069190979
1,48,4,2994,0.9535910487174988
1,48,5,1308,0.9505366086959839
1,48,6,1621,0.9479366540908813
1,48,7,1202,0.947529137134552
1,48,8,1550,0.9467805027961731
1,48,9,1980,0.9467675685882568
1,48,10,500,0.9465988278388977
1,49,1,1882,0.9695324301719666
1,49,2,2994,0.9677022099494934
1,49,3,530,0.963744044303894
1,49,4,1980,0.9628298282623291
1,49,5,1621,0.9577081203460693
1,49,6,1202,0.955632746219635
1,49,7,1550,0.9541515111923218
1,49,8,1308,0.9541211128234863
1,49,9,3057,0.9537749886512756
1,49,10,655,0.952900230884552
1,50,1,1882,0.9701757431030273
1,50,2,1308,0.9624900221824646
1,50,3,530,0.9599082469940186
1,50,4,2994,0.9596919417381287
1,50,5,1417,0.9596630334854126
1,50,6,1757,0.9589539170265198
1,50,7,1980,0.9589537382125854
1,50,8,1202,0.9558814764022827
1,50,9,193,0.9555612206459045
1,50,10,500,0.950866162776947
1,51,1,193,0.9632978439331055
1,51,2,1308,0.9506410360336304
1,51,3,500,0.9495996236801147
1,51,4,1882,0.9492353796958923
1,51,5,1235,0.9489148259162903
1,51,6,530,0.9459677338600159
1,51,7,1417,0.9454101324081421
1,51,8,509,0.9448472857475281
1,51,9,3015,0.9439955353736877
1,51,10,1980,0.9428980946540833
1,52,1,1312,0.9401603937149048
1,52,2,2476,0.9338613748550415
1,52,3,2291,0.9246938824653625
1,52,4,1044,0.9193779230117798
1,52,5,1525,0.919096827507019
1,52,6,864,0.9184635877609253
1,52,7,2211,0.9118251204490662
1,52,8,55,0.9109736084938049
1,52,9,601,0.9068276882171631
1,52,10,2755,0.906588613986969
1,53,1,1279,0.9551615715026855
1,53,2,1044,0.9477015733718872
1,53,3,474,0.9449146389961243
1,53,4,2998,0.9330490231513977
1,53,5,2476,0.9287819266319275
1,53,6,1312,0.9272925853729248
1,53,7,2755,0.9267008900642395
1,53,8,2211,0.9266535043716431
1,53,9,95,0.9251042604446411
1,53,10,1246,0.9241014122962952
1,54,1,2211,0.9501071572303772
1,54,2,2435,0.9356812238693237
1,54,3,2995,0.928533673286438
1,54,4,1812,0.9222719073295593
1,54,5,2219,0.9153715968132019
1,54,6,1939,0.9060180187225342
1,54,7,692,0.9054563641548157
1,54,8,1642,0.9053648114204407
1,54,9,2143,0.9040777683258057
1,54,10,675,0.9040090441703796
1,55,1,601,0.9539225697517395
1,55,2,14,0.9530110359191895
1,55,3,402,0.9446814060211182
1,55,4,2291,0.9407966136932373
1,55,5,1525,0.9382878541946411
1,55,6,1312,0.9357832074165344
1,55,7,2285,0.9343876242637634
1,55,8,2258,0.9340044856071472
1,55,9,2127,0.9323797225952148
1,55,10,2476,0.9287177324295044
1,56,1,1300,0.964750349521637
1,56,2,599,0.9639427065849304
1,56,3,1127,0.9622041583061218
1,56,4,2405,0.9616867899894714
1,56,5,1747,0.95870441198349
1,56,6,461,0.9583131670951843
1,56,7,1737,0.9569998979568481
1,56,8,1461,0.9561635255813599
1,56,9,1518,0.9539891481399536
1,56,10,205,0.9537163972854614
1,57,1,1300,0.9544858336448669
1,57,2,2405,0.953924298286438
1,57,3,1518,0.9528747200965881
1,57,4,1127,0.9506961703300476
1,57,5,599,0.9501798748970032
1,57,6,1737,0.9461179971694946
1,57,7,1730,0.9425820112228394
1,57,8,461,0.9418109655380249
1,57,9,205,0.9389142394065857
1,57,10,1747,0.9382632374763489
1,58,1,1055,0.9558138251304626
1,58,2,551,0.9542102217674255
1,58,3,2368,0.9515337347984314
1,58,4,205,0.9481258988380432
1,58,5,1747,0.9465637803077698
1,58,6,674,0.9459406137466431
1,58,7,1461,0.943878173828125
1,58,8,1059,0.9434881210327148
1,58,9,461,0.9420887231826782
1,58,10,1428,0.9385854601860046
1,59,1,2368,0.9664280414581299
1,59,2,1055,0.9657077193260193
1,59,3,205,0.9613004326820374
1,59,4,674,0.9597910046577454
1,59,5,551,0.9581567645072937
1,59,6,2742,0.9513391256332397
1,59,7,1747,0.9494621157646179
1,59,8,461,0.9493231177330017
1,59,9,1446,0.9486082792282104
1,59,10,1428,0.9485145211219788
1,60,1,1342,0.9260111451148987
1,60,2,177,0.9248590469360352
1,60,3,1683,0.9215290546417236
1,60,4,2632,0.9206765294075012
1,60,5,426,0.9132120013237
1,60,6,1012,0.9127134680747986
1,60,7,1487,0.9074166417121887
1,60,8,1535,0.9020271897315979
1,60,9,681,0.9012402892112732
1,60,10,1388,0.9011350870132446
1,61,1,177,0.908963680267334
1,61,2,2632,0.9025880694389343
1,61,3,1342,0.8973772525787354
1,61,4,1359,0.8910942077636719
1,61,5,699,0.874538004398346
1,61,6,2097,0.8690690398216248
1,61,7,1535,0.867000162601471
1,61,8,1683,0.8660363554954529
1,61,9,1151,0.864195704460144
1,61,10,1487,0.8586615324020386
1,62,1,2914,0.9317082166671753
1,62,2,177,0.9277771711349487
1,62,3,2632,0.9234976172447205
1,62,4,1342,0.9223417043685913
1,62,5,1683,0.9178729057312012
1,62,6,426,0.9116126298904419
1,62,7,1535,0.9088173508644104
1,62,8,1487,0.9028779864311218
1,62,9,1359,0.9022932648658752
1,62,10,681,0.901851236820221
1,63,1,99,0.9184621572494507
1,63,2,177,0.9166697859764099
1,63,3,2632,0.911091148853302
1,63,4,1359,0.9014216065406799
1,63,5,1342,0.8981369137763977
1,63,6,1535,0.8936246037483215
1,63,7,699,0.8908292055130005
1,63,8,1683,0.8822652101516724
1,63,9,426,0.878153383731842
1,63,10,681,0.8712483048439026
1,64,1,599,0.9691605567932129
1,64,2,1300,0.9682932496070862
1,64,3,205,0.9668682217597961
1,64,4,1461,0.966783881187439
1,64,5,1747,0.9666777849197388
1,64,6,1127,0.9663042426109314
1,64,7,1546,0.9657167196273804
1,64,8,461,0.9641421437263489
1,64,9,2405,0.9637434482574463
1,64,10,271,0.9632880687713623
1,65,1,480,0.967310905456543
1,65,2,1569,0.9672669768333435
1,65,3,2073,0.9653322696685791
1,65,4,2740,0.9642639756202698
1,65,5,1236,0.9629758596420288
1,65,6,2099,0.9613361954689026
1,65,7,2053,0.9604389667510986
1,65,8,2162,0.9596526622772217
1,65,9,2161,0.9590792059898376
1,65,10,32,0.9569388628005981
1,66,1,2306,0.9458621144294739
1,66,2,1007,0.9413565993309021
1,66,3,2259,0.9394513368606567
1,66,4,383,0.9340665936470032
1,66,5,853,0.932284414768219
1,66,6,2719,0.9288435578346252
1,66,7,2560,0.9287012815475464
1,66,8,2315,0.920769214630127
1,66,9,953,0.918000340461731
1,66,10,1362,0.9106521606445312
1,67,1,2162,0.9699960350990295
1,67,2,629,0.9641003012657166
1,67,3,2192,0.9634731411933899
1,67,4,1569,0.9608758091926575
1,67,5,644,0.9583084583282471
1,67,6,2099,0.9579088091850281
1,67,7,2713,0.9559269547462463
1,67,8,2326,0.9555239081382751
1,67,9,2925,0.953795313835144
1,67,10,481,0.9513311982154846
1,68,1,1362,0.9648391008377075
1,68,2,2719,0.9572190046310425
1,68,3,2706,0.9568772315979004
1,68,4,953,0.9566830992698669
1,68,5,1724,0.949478030204773
1,68,6,2702,0.9489688277244568
1,68,7,2560,0.9464898109436035
1,68,8,732,0.9463686347007751
1,68,9,2098,0.9439781904220581
1,68,10,1710,0.9415321946144104
1,69,1,599,0.964796245098114
1,69,2,1127,0.9647139310836792
1,69,3,271,0.9622777700424194
1,69,4,461,0.9615970253944397
1,69,5,1737,0.961513876914978
1,69,6,1747,0.9601984024047852
1,69,7,1461,0.9579067826271057
1,69,8,1428,0.9577222466468811
1,69,9,1518,0.9570292234420776
1,69,10,1546,0.9564809799194336
1,71,1,1428,0.938297688961029
1,71,2,1737,0.9381148219108582
1,71,3,400,0.9327353239059448
1,71,4,1518,0.9322618842124939
1,71,5,271,0.9309006929397583
1,71,6,1127,0.9291937351226807
1,71,7,1747,0.9202402830123901
1,71,8,599,0.9127072095870972
1,71,9,6,0.9124443531036377
1,71,10,2618,0.9119834303855896
1,72,1,2405,0.9550722241401672
1,72,2,1127,0.9526546597480774
1,72,3,1518,0.9517180323600769
1,72,4,271,0.9464004039764404
1,72,5,205,0.943638801574707
1,72,6,1461,0.9402546882629395
1,72,7,1546,0.9380091428756714
1,72,8,2742,0.9335540533065796
1,72,9,1538,0.9321385622024536
1,72,10,2368,0.9289983510971069
1,73,1,1300,0.9612333178520203
1,73,2,2405,0.956295907497406
1,73,3,1127,0.9547510147094727
1,73,4,1546,0.9543668031692505
1,73,5,645,0.9516444802284241
1,73,6,205,0.9487212300300598
1,73,7,1518,0.9477319121360779
1,73,8,271,0.9464714527130127
1,73,9,1600,0.9437417387962341
1,73,10,2742,0.9419631361961365
1,74,1,1518,0.9372676014900208
1,74,2,1300,0.936799168586731
1,74,3,2405,0.9367947578430176
1,74,4,1730,0.9225959181785583
1,74,5,271,0.9202982783317566
1,74,6,1538,0.911983072757721
1,74,7,205,0.9115318059921265
1,74,8,1546,0.9109025001525879
1,74,9,2742,0.9064416885375977
1,74,10,645,0.9040734767913818
1,75,1,1300,0.9506237506866455
1,75,2,2405,0.9494394063949585
1,75,3,599,0.9476104378700256
1,75,4,1518,0.9472576379776001
1,75,5,271,0.9345067143440247
1,75,6,1461,0.9330107569694519
1,75,7,1546,0.9292351007461548
1,75,8,205,0.9285239577293396
1,75,9,2742,0.9236857891082764
1,75,10,645,0.9235207438468933
1,76,1,2387,0.9706961512565613
1,76,2,2161,0.9655423164367676
1,76,3,481,0.9581523537635803
1,76,4,2352,0.9561500549316406
1,76,5,738,0.9520578384399414
1,76,6,2706,0.9496253728866577
1,76,7,1724,0.9493889212608337
1,76,8,327,0.9479431509971619
1,76,9,1869,0.9453294277191162
1,76,10,2111,0.9426254630088806
1,77,1,1362,0.9745814800262451
1,77,2,2352,0.9689706563949585
1,77,3,481,0.9681441187858582
1,77,4,1236,0.9565091133117676
1,77,5,2073,0.9561475515365601
1,77,6,480,0.9559080004692078
1,77,7,2706,0.9555225372314453
1,77,8,1724,0.955203115940094
1,77,9,327,0.9543351531028748
1,77,10,738,0.9533851146697998
1,78,1,1303,0.9611843228340149
1,78,2,853,0.9370995163917542
1,78,3,383,0.9300242066383362
1,78,4,608,0.9177148342132568
1,78,5,123,0.9109959602355957
1,78,6,2560,0.9069148302078247
1,78,7,2315,0.9042339324951172
1,78,8,2719,0.8993420004844666
1,78,9,953,0.8881620764732361
1,78,10,2390,0.8688697218894958
1,80,1,2990,0.9745060205459595
1,80,2,2922,0.9721413254737854
1,80,3,509,0.9715580940246582
1,80,4,1513,0.9542040824890137
1,80,5,193,0.9537710547447205
1,80,6,1580,0.9511274695396423
1,80,7,1787,0.9436695575714111
1,80,8,132,0.939638078212738
1,80,9,703,0.9369960427284241
1,80,10,3015,0.9369142651557922
1,81,1,1339,0.9663611054420471
1,81,2,3032,0.9443512558937073
1,81,3,1763,0.9368969202041626
1,81,4,2237,0.9364966750144958
1,81,5,2832,0.935560405254364
1,81,6,2642,0.9332045316696167
1,81,7,1111,0.9297136068344116
1,81,8,380,0.9290406107902527
1,81,9,3062,0.9286744594573975
1,81,10,1632,0.9264349937438965
1,82,1,1001,0.9400423765182495
1,82,2,1109,0.9360353946685791
1,82,3,1252,0.9347004890441895
1,82,4,424,0.9282160997390747
1,82,5,1448,0.9234721064567566
1,82,6,2933,0.9171877503395081
1,82,7,512,0.9122333526611328
1,82,8,97,0.9042705297470093
1,82,9,627,0.8994844555854797
1,82,10,479,0.8959593772888184
1,83,1,2933,0.9572737216949463
1,83,2,2654,0.9505029320716858
1,83,3,1252,0.9463776350021362
1,83,4,80,0.944703221321106
1,83,5,1001,0.9421141743659973
1,83,6,1339,0.9324180483818054
1,83,7,2030,0.9251564145088196
1,83,8,424,0.919786274433136
1,83,9,1109,0.9189878702163696
1,83,10,479,0.9182953238487244
1,84,1,2030,0.961932361125946
1,84,2,479,0.9576617479324341
1,84,3,1613,0.9569518566131592
1,84,4,3032,0.9481701254844666
1,84,5,1252,0.945487916469574
1,84,6,80,0.9381585717201233
1,84,7,1979,0.9355698227882385
1,84,8,567,0.9339402914047241
1,84,9,1001,0.9303552508354187
1,84,10,1165,0.9258564710617065
1,85,1,1882,0.97553551197052
1,85,2,2994,0.9598239064216614
1,85,3,1308,0.956577718257904
1,85,4,1757,0.9560442566871643
1,85,5,2273,0.9556577801704407
1,85,6,530,0.9533404111862183
1,85,7,1407,0.9533268809318542
1,85,8,1202,0.951060950756073
1,85,9,667,0.9508423209190369
1,85,10,193,0.9500536918640137
1,87,1,1787,0.961496889591217
1,87,2,509,0.9604900479316711
1,87,3,132,0.9600262641906738
1,87,4,30,0.9587342739105225
1,87,5,703,0.9538572430610657
1,87,6,1580,0.9527853727340698
1,87,7,193,0.9520909786224365
1,87,8,2990,0.9511746764183044
1,87,9,3015,0.9503310322761536
1,87,10,1931,0.9432492852210999
1,89,1,1669,0.9728693962097168
1,89,2,1442,0.9680150151252747
1,89,3,2674,0.9604167342185974
1,89,4,2161,0.9587194323539734
1,89,5,3068,0.95334792137146
1,89,6,1869,0.9515504240989685
1,89,7,1726,0.9506088495254517
1,89,8,1250,0.9499233961105347
1,89,9,986,0.9491778016090393
1,89,10,1567,0.9426696300506592
1,91,1,1869,0.9507248997688293
1,91,2,1669,0.9467142820358276
1,91,3,1362,0.9421406984329224
1,91,4,1442,0.9396296143531799
1,91,5,2161,0.938735842704773
1,91,6,1250,0.9367469549179077
1,91,7,2387,0.9353566765785217
1,91,8,2098,0.9345464110374451
1,91,9,2674,0.9333223700523376
1,91,10,2955,0.9326182007789612
1,93,1,1279,0.9576438069343567
1,93,2,2211,0.9481211304664612
1,93,3,2435,0.9349721074104309
1,93,4,1044,0.9198964238166809
1,93,5,2755,0.9194995164871216
1,93,6,2995,0.9188416600227356
1,93,7,1246,0.9133400321006775
1,93,8,2998,0.9132770299911499
1,93,9,1812,0.9127258062362671
1,93,10,2476,0.9110404849052429
1,94,1,1279,0.9652971029281616
1,94,2,2211,0.9511274099349976
1,94,3,2435,0.9415335655212402
1,94,4,1246,0.934855580329895
1,94,5,2998,0.9342144727706909
1,94,6,95,0.9315634965896606
1,94,7,1044,0.9294016361236572
1,94,8,2920,0.9253650307655334
1,94,9,2353,0.921687126159668
1,94,10,1812,0.9192875027656555
1,95,1,1525,0.9653684496879578
1,95,2,1044,0.9631447196006775
1,95,3,459,0.9550845623016357
1,95,4,1082,0.9501579403877258
1,95,5,1686,0.9493629932403564
1,95,6,2353,0.9482956528663635
1,95,7,2476,0.9476445317268372
1,95,8,1821,0.9469437003135681
1,95,9,2998,0.9389015436172485
1,95,10,129,0.9377512335777283
1,97,1,1683,0.9425731897354126
1,97,2,681,0.9356652498245239
1,97,3,2299,0.9352104663848877
1,97,4,2914,0.9346268773078918
1,97,5,2347,0.9315093159675598
1,97,6,1487,0.9305402040481567
1,97,7,498,0.9279780983924866
1,97,8,1089,0.9176806807518005
1,97,9,1012,0.9163008332252502
1,97,10,2367,0.9158726334571838
1,98,1,2914,0.9361985325813293
1,98,2,1012,0.9351102113723755
1,98,3,1089,0.9329470992088318
1,98,4,99,0.9316591024398804
1,98,5,1683,0.9262489080429077
1,98,6,2583,0.9233919382095337
1,98,7,1535,0.9225143194198608
1,98,8,177,0.9223400950431824
1,98,9,2723,0.9206970930099487
1,98,10,681,0.9202952980995178
1,100,1,556,0.9415712952613831
1,100,2,1087,0.9399178624153137
1,100,3,2347,0.9356855154037476
1,100,4,1683,0.9242953658103943
1,100,5,407,0.9237635731697083
1,100,6,1496,0.9232981204986572
1,100,7,1487,0.9209550023078918
1,100,8,25,0.9201453924179077
1,100,9,2621,0.9200210571289062
1,100,10,1013,0.9193713665008545
1,101,1,55,0.9543644189834595
1,101,2,310,0.9504260420799255
1,101,3,2408,0.9481289982795715
1,101,4,407,0.9428412914276123
1,101,5,2521,0.9223041534423828
1,101,6,1496,0.9132446646690369
1,101,7,1681,0.9110332727432251
1,101,8,864,0.9108648300170898
1,101,9,861,0.9102510213851929
1,101,10,2219,0.9101693630218506
1,102,1,556,0.9665331840515137
1,102,2,861,0.9545010924339294
1,102,3,25,0.9487684965133667
1,102,4,407,0.9382324814796448
1,102,5,1496,0.9378252625465393
1,102,6,1681,0.9368565678596497
1,102,7,2448,0.9335307478904724
1,102,8,2087,0.9290525913238525
1,102,9,94,0.9242852926254272
1,102,10,1087,0.9242422580718994
1,103,1,556,0.9705393314361572
1,103,2,861,0.9624221920967102
1,103,3,25,0.9503253102302551
1,103,4,407,0.9374475479125977
1,103,5,94,0.9361945390701294
1,103,6,1496,0.9343649744987488
1,103,7,2792,0.9304048418998718
1,103,8,1087,0.9302076697349548
1,103,9,1792,0.92854905128479
1,103,10,598,0.9165921807289124
1,104,1,692,0.9395318627357483
1,104,2,724,0.9296736121177673
1,104,3,2238,0.9291894435882568
1,104,4,2995,0.9151428937911987
1,104,5,1785,0.9146358966827393
1,104,6,2745,0.9146175980567932
1,104,7,1939,0.9106027483940125
1,104,8,2287,0.9101042151451111
1,104,9,429,0.9055904746055603
1,104,10,2406,0.9032421112060547
1,105,1,1496,0.9413184523582458
1,105,2,407,0.9390285015106201
1,105,3,1087,0.9309112429618835
1,105,4,2347,0.9300210475921631
1,105,5,498,0.9279392957687378
1,105,6,2621,0.9277398586273193
1,105,7,2367,0.9275166392326355
1,105,8,2045,0.9235256910324097
1,105,9,1273,0.9198988080024719
1,105,10,1683,0.9195066690444946
1,106,1,724,0.931597113609314
1,106,2,2995,0.9201533794403076
1,106,3,1939,0.9193522334098816
1,106,4,2219,0.917110025882721
1,106,5,1812,0.9156679511070251
1,106,6,769,0.915124237537384
1,106,7,2745,0.9109418988227844
1,106,8,1785,0.908925473690033
1,106,9,2521,0.9073001742362976
1,106,10,2406,0.9065393209457397
1,108,1,724,0.9225441217422485
1,108,2,2121,0.9165017008781433
1,108,3,1273,0.905630886554718
1,108,4,611,0.9017781615257263
1,108,5,1939,0.8984194993972778
1,108,6,2045,0.8903007507324219
1,108,7,2219,0.8891788721084595
1,108,8,2995,0.8843048810958862
1,108,9,2745,0.877898633480072
1,108,10,2521,0.8757780194282532
1,109,1,1812,0.9208496809005737
1,109,2,769,0.9170024991035461
1,109,3,724,0.904012143611908
1,109,4,2995,0.8990681171417236
1,109,5,1785,0.8980465531349182
1,109,6,2435,0.8975111842155457
1,109,7,1315,0.8917053937911987
1,109,8,429,0.8899271488189697
1,109,9,2787,0.8896710276603699
1,109,10,2745,0.8886170983314514
1,111,1,2719,0.9767581224441528
1,111,2,2560,0.9743079543113708
1,111,3,2259,0.9641444683074951
1,111,4,2306,0.9622811675071716
1,111,5,1362,0.9505785703659058
1,111,6,1710,0.9503774046897888
1,111,7,2581,0.9499536156654358
1,111,8,2111,0.9493961334228516
1,111,9,2390,0.9459027051925659
1,111,10,2706,0.9447302222251892
1,112,1,1710,0.9754330515861511
1,112,2,2719,0.973849356174469
1,112,3,732,0.9716048836708069
1,112,4,2560,0.9703985452651978
1,112,5,2581,0.9620684385299683
1,112,6,2111,0.9619536995887756
1,112,7,2702,0.9574689865112305
1,112,8,1521,0.9544056057929993
1,112,9,2390,0.9520070552825928
1,112,10,1047,0.9516600966453552
1,113,1,1362,0.9825906753540039
1,113,2,2581,0.9741269946098328
1,113,3,2111,0.9740684628486633
1,113,4,2706,0.9697898030281067
1,113,5,1724,0.9695862531661987
1,113,6,2702,0.9659035801887512
1,113,7,2098,0.9656188488006592
1,113,8,2387,0.9649296402931213
1,113,9,2719,0.9625374674797058
1,113,10,2352,0.9623194336891174
1,114,1,2482,0.92361980676651
1,114,2,14,0.9072364568710327
1,114,3,864,0.9068875312805176
1,114,4,1312,0.9020751118659973
1,114,5,2738,0.8984401822090149
1,114,6,55,0.8972866535186768
1,114,7,1525,0.8946662545204163
1,114,8,1255,0.8867378234863281
1,114,9,3016,0.8847407102584839
1,114,10,215,0.8827531337738037
1,115,1,1681,0.9638326168060303
1,115,2,534,0.9625152945518494
1,115,3,215,0.9604088068008423
1,115,4,2848,0.9585776329040527
1,115,5,861,0.9526935815811157
1,115,6,2087,0.9504333734512329
1,115,7,137,0.9437623023986816
1,115,8,2482,0.9335678815841675
1,115,9,2448,0.9282201528549194
1,115,10,731,0.9276031255722046
1,116,1,861,0.9705222845077515
1,116,2,556,0.966611921787262
1,116,3,215,0.9629630446434021
1,116,4,1681,0.9619090557098389
1,116,5,534,0.9584532976150513
1,116,6,2448,0.952017605304718
1,116,7,25,0.9509410858154297
1,116,8,2087,0.9498571753501892
1,116,9,407,0.9430723190307617
1,116,10,94,0.9387152791023254
1,117,1,2482,0.9466379284858704
1,117,2,215,0.9380754232406616
1,117,3,1681,0.9274093508720398
1,117,4,2738,0.9262964725494385
1,117,5,534,0.9227527379989624
1,117,6,2848,0.9207629561424255
1,117,7,55,0.9179399013519287
1,117,8,598,0.9124659895896912
1,117,9,2087,0.907114565372467
1,117,10,864,0.9066113233566284
1,118,1,857,0.9293050169944763
1,118,2,1654,0.9233917593955994
1,118,3,1067,0.922290027141571
1,118,4,756,0.9205843210220337
1,118,5,447,0.9194170832633972
1,118,6,364,0.9183168411254883
1,118,7,1232,0.9174991846084595
1,118,8,2345,0.9097244143486023
1,118,9,2209,0.909392774105072
1,118,10,2576,0.9082623720169067
1,119,1,2344,0.8913822770118713
1,119,2,1067,0.8886961340904236
1,119,3,1654,0.8883373737335205
1,119,4,2209,0.8883175849914551
1,119,5,447,0.8862012028694153
1,119,6,1176,0.8832926154136658
1,119,7,2736,0.8794378042221069
1,119,8,2345,0.8794264197349548
1,119,9,980,0.8781545162200928
1,119,10,1232,0.8768969774246216
1,120,1,1078,0.9549912810325623
1,120,2,969,0.9257895350456238
1,120,3,2736,0.9005876779556274
1,120,4,2345,0.900392472743988
1,120,5,980,0.8984909057617188
1,120,6,2209,0.8980353474617004
1,120,7,1654,0.8970133662223816
1,120,8,1970,0.8948965668678284
1,120,9,447,0.8936253190040588
1,120,10,1067,0.8928437829017639
1,121,1,2989,0.9240128397941589
1,121,2,857,0.919173002243042
1,121,3,2736,0.9143916368484497
1,121,4,980,0.9101946949958801
1,121,5,1970,0.9090178608894348
1,121,6,1601,0.9024056792259216
1,121,7,550,0.8982726335525513
1,121,8,1838,0.8945544362068176
1,121,9,2345,0.8916750550270081
1,121,10,2118,0.8794988393783569
1,122,1,3054,0.9531147480010986
1,122,2,584,0.9519104361534119
1,122,3,559,0.9518743753433228
1,122,4,612,0.9517446160316467
1,122,5,426,0.9507719278335571
1,122,6,498,0.9438170790672302
1,122,7,1683,0.9414253234863281
1,122,8,1012,0.9399449229240417
1,122,9,2416,0.9397998452186584
1,122,10,2347,0.9372633099555969
1,123,1,99,0.9072641730308533
1,123,2,1012,0.8986700177192688
1,123,3,1089,0.8946411609649658
1,123,4,1388,0.8940786123275757
1,123,5,2914,0.8937665224075317
1,123,6,2583,0.8900100588798523
1,123,7,2723,0.88619464635849
1,123,8,1683,0.8814747929573059
1,123,9,426,0.8803017735481262
1,123,10,681,0.875487744808197
1,124,1,2914,0.946661114692688
1,124,2,426,0.9414767622947693
1,124,3,1089,0.9400547742843628
1,124,4,1012,0.935444712638855
1,124,5,1487,0.9298099279403687
1,124,6,1535,0.9240124225616455
1,124,7,1342,0.9230107665061951
1,124,8,99,0.9227421879768372
1,124,9,177,0.9163946509361267
1,124,10,559,0.9162309169769287
1,125,1,1340,0.9668332934379578
1,125,2,2552,0.9644238352775574
1,125,3,498,0.9525407552719116
1,125,4,2416,0.9495737552642822
1,125,5,3054,0.944123387336731
1,125,6,584,0.9427036643028259
1,125,7,1792,0.9359588027000427
1,125,8,556,0.9303238987922668
1,125,9,559,0.9303109049797058
1,125,10,2347,0.9300248026847839
1,127,1,1342,0.9191667437553406
1,127,2,1089,0.9159260392189026
1,127,3,2914,0.9023309946060181
1,127,4,2409,0.8916423916816711
1,127,5,99,0.8864354491233826
1,127,6,1151,0.8844448328018188
1,127,7,2097,0.8806478381156921
1,127,8,1388,0.8797690272331238
1,127,9,699,0.8745784759521484
1,127,10,1012,0.8743209838867188
1,129,1,1089,0.9090835452079773
1,129,2,2914,0.8975144028663635
1,129,3,99,0.8811239004135132
1,129,4,2409,0.8806405663490295
1,129,5,1683,0.8793227076530457
1,129,6,1151,0.873358964920044
1,129,7,1388,0.8731002807617188
1,129,8,1487,0.8716909289360046
1,129,9,2097,0.8692389130592346
1,129,10,1012,0.8680020570755005
1,131,1,560,0.8940921425819397
1,131,2,2319,0.8889713883399963
1,131,3,1435,0.8862307667732239
1,131,4,1194,0.8852697014808655
1,131,5,1644,0.88429856300354
1,131,6,2067,0.8718313574790955
1,131,7,298,0.8695064783096313
1,131,8,2303,0.8680975437164307
1,131,9,2882,0.8670626282691956
1,131,10,1966,0.8656869530677795
1,132,1,1194,0.9181947112083435
1,132,2,560,0.918152391910553
1,132,3,1435,0.9133897423744202
1,132,4,2882,0.9075363874435425
1,132,5,98,0.9075036644935608
1,132,6,2319,0.9065552353858948
1,132,7,1424,0.906090259552002
1,132,8,1644,0.9046899676322937
1,132,9,2067,0.9046367406845093
1,132,10,1892,0.8997071981430054
1,133,1,1194,0.9181947112083435
1,133,2,560,0.918152391910553
1,133,3,1435,0.9133897423744202
1,133,4,2882,0.9075363874435425
1,133,5,98,0.9075036644935608
1,133,6,2319,0.9065552353858948
1,133,7,1424,0.906090259552002
1,133,8,1644,0.9046899676322937
1,133,9,2067,0.9046367406845093
1,133,10,1892,0.8997071981430054
1,134,1,1194,0.9181947112083435
1,134,2,560,0.918152391910553
1,134,3,1435,0.9133897423744202
1,134,4,2882,0.9075363874435425
1,134,5,98,0.9075036644935608
1,134,6,2319,0.9065552353858948
1,134,7,1424,0.906090259552002
1,134,8,1644,0.9046899676322937
1,134,9,2067,0.9046367406845093
1,134,10,1892,0.8997071981430054
1,135,1,1194,0.9181947112083435
1,135,2,560,0.918152391910553
1,135,3,1435,0.9133897423744202
1,135,4,2882,0.9075363874435425
1,135,5,98,0.9075036644935608
1,135,6,2319,0.9065552353858948
1,135,7,1424,0.906090259552002
1,135,8,1644,0.9046899676322937
1,135,9,2067,0.9046367406845093
1,135,10,1892,0.8997071981430054
1,136,1,560,0.8988301157951355
1,136,2,2319,0.8943886160850525
1,136,3,1194,0.8938184380531311
1,136,4,1644,0.8880162239074707
1,136,5,298,0.8809074759483337
1,136,6,2067,0.87888503074646
1,136,7,1966,0.8770726323127747
1,136,8,2882,0.8767552375793457
1,136,9,98,0.874727189540863
1,136,10,1197,0.8738768100738525
1,137,1,2536,0.9065390825271606
1,137,2,2089,0.9044030904769897
1,137,3,2804,0.9028312563896179
1,137,4,1721,0.9015619158744812
1,137,5,186,0.9008800983428955
1,137,6,39,0.9005308151245117
1,137,7,2516,0.8989600539207458
1,137,8,476,0.8983798027038574
1,137,9,652,0.8978406190872192
1,137,10,414,0.8955531120300293
1,138,1,1721,0.8930136561393738
1,138,2,1644,0.8887410759925842
1,138,3,560,0.8879291415214539
1,138,4,2516,0.8827553391456604
1,138,5,2067,0.8814900517463684
1,138,6,476,0.8807340264320374
1,138,7,186,0.8803400993347168
1,138,8,2804,0.8798862099647522
1,138,9,38,0.8783995509147644
1,138,10,2319,0.8730739951133728
1,139,1,560,0.8862774968147278
1,139,2,1644,0.8855588436126709
1,139,3,1721,0.8805339336395264
1,139,4,2319,0.878738522529602
1,139,5,2412,0.875825047492981
1,139,6,476,0.8715137243270874
1,139,7,2067,0.8684957027435303
1,139,8,2516,0.8651602268218994
1,139,9,186,0.8650867938995361
1,139,10,2804,0.8640940189361572
1,140,1,560,0.8897818922996521
1,140,2,1644,0.8876581788063049
1,140,3,2319,0.8824759721755981
1,140,4,1721,0.8815310001373291
1,140,5,2412,0.8763179183006287
1,140,6,2288,0.8748499751091003
1,140,7,476,0.8714100122451782
1,140,8,2067,0.8694465160369873
1,140,9,1194,0.8670219779014587
1,140,10,2516,0.8644589781761169
1,141,1,38,0.907474935054779
1,141,2,2089,0.8994197249412537
1,141,3,557,0.8968156576156616
1,141,4,39,0.8922067284584045
1,141,5,652,0.8906665444374084
1,141,6,186,0.8884791135787964
1,141,7,2516,0.8883717060089111
1,141,8,1721,0.888155460357666
1,141,9,2288,0.885295569896698
1,141,10,1554,0.8851006031036377
1,142,1,1359,0.8725287914276123
1,142,2,1151,0.8721655607223511
1,142,3,2303,0.8712790012359619
1,142,4,2409,0.8684857487678528
1,142,5,1197,0.8614982962608337
1,142,6,2097,0.8610461354255676
1,142,7,177,0.8566619753837585
1,142,8,2412,0.8512601256370544
1,142,9,2319,0.8487128615379333
1,142,10,2632,0.8472661375999451
1,143,1,560,0.8967494964599609
1,143,2,1194,0.8906593322753906
1,143,3,1644,0.8896941542625427
1,143,4,1721,0.8865758180618286
1,143,5,2288,0.8832011222839355
1,143,6,1712,0.8822751045227051
1,143,7,2319,0.8802852034568787
1,143,8,1586,0.8781024217605591
1,143,9,2516,0.8755192756652832
1,143,10,2751,0.8735557198524475
1,144,1,560,0.9141470789909363
1,144,2,1712,0.9083173871040344
1,144,3,1435,0.904128909111023
1,144,4,1644,0.902205228805542
1,144,5,2067,0.9011635780334473
1,144,6,2882,0.8992074728012085
1,144,7,1966,0.8982910513877869
1,144,8,298,0.8975628018379211
1,144,9,98,0.8973823189735413
1,144,10,1586,0.889394223690033
1,145,1,560,0.9122898578643799
1,145,2,2067,0.9081439971923828
1,145,3,1712,0.9057914018630981
1,145,4,1644,0.9015762209892273
1,145,5,2882,0.9012632966041565
1,145,6,98,0.8966928124427795
1,145,7,1435,0.8964899778366089
1,145,8,1966,0.8962034583091736
1,145,9,1586,0.8940083980560303
1,145,10,298,0.8929646611213684
1,146,1,2067,0.9159278869628906
1,146,2,2313,0.9088118076324463
1,146,3,1586,0.9061629772186279
1,146,4,560,0.9013821482658386
1,146,5,1424,0.9010574221611023
1,146,6,2751,0.9010359644889832
1,146,7,1588,0.900834321975708
1,146,8,1657,0.8960568904876709
1,146,9,1721,0.8958597779273987
1,146,10,2288,0.8958549499511719
1,147,1,560,0.9156445860862732
1,147,2,2067,0.9119603633880615
1,147,3,1712,0.9073871970176697
1,147,4,1644,0.9057360291481018
1,147,5,2882,0.9029278755187988
1,147,6,1424,0.9019989967346191
1,147,7,2313,0.9002692699432373
1,147,8,1586,0.8983754515647888
1,147,9,98,0.8978615999221802
1,147,10,1966,0.8969718217849731
1,148,1,1194,0.8962203860282898
1,148,2,2319,0.8933072090148926
1,148,3,1435,0.892030656337738
1,148,4,1644,0.8912859559059143
1,148,5,1712,0.8912712335586548
1,148,6,2067,0.8880525827407837
1,148,7,2882,0.8835256695747375
1,148,8,298,0.8802731037139893
1,148,9,1966,0.8794743418693542
1,148,10,98,0.8784456849098206
1,149,1,1644,0.8708479404449463
1,149,2,2319,0.8689765334129333
1,149,3,1721,0.8655956983566284
1,149,4,2303,0.8655085563659668
1,149,5,2067,0.8575612306594849
1,149,6,2412,0.8568375110626221
1,149,7,2288,0.8560519814491272
1,149,8,1194,0.8544726967811584
1,149,9,1197,0.8517382144927979
1,149,10,1435,0.8500628471374512
1,150,1,1644,0.8809991478919983
1,150,2,2067,0.8792672753334045
1,150,3,2288,0.8767375946044922
1,150,4,2516,0.8708592057228088
1,150,5,2319,0.8705479502677917
1,150,6,557,0.8702229857444763
1,150,7,186,0.8651637434959412
1,150,8,1194,0.8650957942008972
1,150,9,2804,0.8645802140235901
1,150,10,476,0.8641051650047302
1,151,1,1435,0.9053481817245483
1,151,2,1194,0.903417706489563
1,151,3,2319,0.9012809991836548
1,151,4,1712,0.9012781381607056
1,151,5,1352,0.8939113020896912
1,151,6,298,0.892330527305603
1,151,7,1966,0.8892972469329834
1,151,8,2882,0.8889775276184082
1,151,9,98,0.8871760964393616
1,151,10,2067,0.887048602104187
1,152,1,560,0.8923060894012451
1,152,2,2288,0.8857170343399048
1,152,3,2067,0.8855079412460327
1,152,4,2319,0.8785475492477417
1,152,5,557,0.8774562478065491
1,152,6,2516,0.8770061731338501
1,152,7,1194,0.8746775388717651
1,152,8,2804,0.8742139935493469
1,152,9,476,0.8741199374198914
1,152,10,2089,0.8659891486167908
1,153,1,560,0.8887715935707092
1,153,2,2067,0.8856089115142822
1,153,3,2288,0.8823838829994202
1,153,4,2516,0.8764272928237915
1,153,5,557,0.8745697736740112
1,153,6,2319,0.873995840549469
1,153,7,1194,0.8715671300888062
1,153,8,186,0.8706321716308594
1,153,9,2804,0.8695788979530334
1,153,10,476,0.8674889802932739
1,154,1,2288,0.8864169716835022
1,154,2,2067,0.8839216828346252
1,154,3,557,0.8834859728813171
1,154,4,2516,0.8830283880233765
1,154,5,2089,0.8816491961479187
1,154,6,2804,0.8788684606552124
1,154,7,38,0.8783396482467651
1,154,8,1657,0.8770657777786255
1,154,9,2536,0.8761591911315918
1,154,10,1644,0.8750403523445129
1,155,1,1721,0.9017540812492371
1,155,2,560,0.8985009789466858
1,155,3,2288,0.8981188535690308
1,155,4,1644,0.8980365991592407
1,155,5,2067,0.8926437497138977
1,155,6,557,0.8919085264205933
1,155,7,2516,0.8916110992431641
1,155,8,2804,0.8885598182678223
1,155,9,476,0.8874891996383667
1,155,10,1657,0.8827582597732544
1,156,1,1721,0.9017540812492371
1,156,2,560,0.8985009789466858
1,156,3,2288,0.8981188535690308
1,156,4,1644,0.8980365991592407
1,156,5,2067,0.8926437497138977
1,156,6,557,0.8919085264205933
1,156,7,2516,0.8916110992431641
1,156,8,2804,0.8885598182678223
1,156,9,476,0.8874891996383667
1,156,10,1657,0.8827582597732544
1,157,1,1721,0.9017540812492371
1,157,2,560,0.8985009789466858
1,157,3,2288,0.8981188535690308
1,157,4,1644,0.8980365991592407
1,157,5,2067,0.8926437497138977
1,157,6,557,0.8919085264205933
1,157,7,2516,0.8916110992431641
1,157,8,2804,0.8885598182678223
1,157,9,476,0.8874891996383667
1,157,10,1657,0.8827582597732544
1,159,1,38,0.8843132853507996
1,159,2,557,0.8757191896438599
1,159,3,1721,0.8750519156455994
1,159,4,476,0.8743549585342407
1,159,5,2536,0.8704678416252136
1,159,6,2804,0.868576169013977
1,159,7,2288,0.8683066368103027
1,159,8,186,0.8669858574867249
1,159,9,2089,0.8625738024711609
1,159,10,39,0.8614868521690369
1,160,1,560,0.8869770765304565
1,160,2,2319,0.884395956993103
1,160,3,1435,0.8788028955459595
1,160,4,1644,0.8779862523078918
1,160,5,1194,0.8731008172035217
1,160,6,2303,0.872393012046814
1,160,7,1197,0.872072696685791
1,160,8,1712,0.8683496713638306
1,160,9,1352,0.8683149218559265
1,160,10,2067,0.8598766922950745
1,161,1,560,0.8929017782211304
1,161,2,2319,0.8879045248031616
1,161,3,1644,0.8841922283172607
1,161,4,1194,0.8811777830123901
1,161,5,1435,0.8810800313949585
1,161,6,1712,0.8754163980484009
1,161,7,2067,0.8728665709495544
1,161,8,2303,0.871333658695221
1,161,9,1197,0.869473934173584
1,161,10,1352,0.8679971098899841
1,163,1,1567,0.9642808437347412
1,163,2,1446,0.9638735055923462
1,163,3,1502,0.9570424556732178
1,163,4,1104,0.9495604038238525
1,163,5,1055,0.9487216472625732
1,163,6,674,0.9467809200286865
1,163,7,3009,0.9440052509307861
1,163,8,480,0.9423671960830688
1,163,9,2161,0.9405499696731567
1,163,10,1236,0.9390147924423218
1,164,1,1669,0.9690009951591492
1,164,2,2161,0.9685496687889099
1,164,3,1442,0.9640222787857056
1,164,4,3009,0.955574631690979
1,164,5,2674,0.9521697759628296
1,164,6,1236,0.9483027458190918
1,164,7,1502,0.9462659358978271
1,164,8,738,0.9461996555328369
1,164,9,480,0.9448761343955994
1,164,10,2387,0.9446782469749451
1,165,1,1442,0.947340190410614
1,165,2,2674,0.9462429285049438
1,165,3,1669,0.9452218413352966
1,165,4,3068,0.9386793375015259
1,165,5,986,0.9374787211418152
1,165,6,1869,0.9281215071678162
1,165,7,2161,0.922408401966095
1,165,8,1091,0.9162669777870178
1,165,9,278,0.9131003618240356
1,165,10,2734,0.9124498963356018
1,166,1,1142,0.9818274974822998
1,166,2,1287,0.9817047119140625
1,166,3,1708,0.977867603302002
1,166,4,1156,0.9757604598999023
1,166,5,2661,0.9682274460792542
1,166,6,415,0.9669995307922363
1,166,7,1047,0.9601503014564514
1,166,8,732,0.9546177983283997
1,166,9,1710,0.9533401131629944
1,166,10,2895,0.9532629251480103
1,167,1,2323,0.966772198677063
1,167,2,2990,0.9631463885307312
1,167,3,1427,0.9598903656005859
1,167,4,509,0.9548888206481934
1,167,5,1720,0.9442847371101379
1,167,6,1754,0.9437523484230042
1,167,7,2135,0.9429791569709778
1,167,8,257,0.9409189820289612
1,167,9,1429,0.9389855265617371
1,167,10,2922,0.9377925992012024
1,168,1,193,0.9707058072090149
1,168,2,2273,0.9630528092384338
1,168,3,1882,0.961334228515625
1,168,4,2684,0.9607110023498535
1,168,5,3015,0.9606950879096985
1,168,6,2922,0.960009753704071
1,168,7,1308,0.958824872970581
1,168,8,703,0.9574972987174988
1,168,9,1980,0.9554829597473145
1,168,10,509,0.9544166922569275
1,169,1,416,0.9745973348617554
1,169,2,1620,0.9728090167045593
1,169,3,1327,0.9677019715309143
1,169,4,2074,0.9657085537910461
1,169,5,129,0.9637830853462219
1,169,6,1235,0.9633877277374268
1,169,7,500,0.9633548855781555
1,169,8,1525,0.9571714401245117
1,169,9,1080,0.9432477355003357
1,169,10,2137,0.9428905844688416
1,170,1,1882,0.9499402642250061
1,170,2,2994,0.9457266330718994
1,170,3,1980,0.9348534941673279
1,170,4,530,0.9340823292732239
1,170,5,667,0.929198682308197
1,170,6,1848,0.9284093379974365
1,170,7,1407,0.9283180832862854
1,170,8,1548,0.9283071756362915
1,170,9,2894,0.9274333119392395
1,170,10,1621,0.9273520708084106
1,171,1,1728,0.9747400283813477
1,171,2,1470,0.9747282862663269
1,171,3,1656,0.974253237247467
1,171,4,2254,0.9741867780685425
1,171,5,2267,0.9732837677001953
1,171,6,1484,0.9587673544883728
1,171,7,198,0.931071400642395
1,171,8,2165,0.9282577633857727
1,171,9,613,0.9224548935890198
1,171,10,1802,0.9222741723060608
1,172,1,1007,0.966930627822876
1,172,2,2259,0.9601574540138245
1,172,3,2306,0.9559635519981384
1,172,4,1802,0.9555826783180237
1,172,5,953,0.938656210899353
1,172,6,2315,0.9317810535430908
1,172,7,1710,0.9254196882247925
1,172,8,1470,0.9217718243598938
1,172,9,1728,0.9216025471687317
1,172,10,1656,0.9207298159599304
1,173,1,1728,0.9611988663673401
1,173,2,1470,0.9609234929084778
1,173,3,1656,0.9606971740722656
1,173,4,2254,0.9600610136985779
1,173,5,2267,0.9577573537826538
1,173,6,1484,0.945713460445404
1,173,7,1802,0.9316167235374451
1,173,8,1007,0.916337251663208
1,173,9,2560,0.9148026704788208
1,173,10,2165,0.8972614407539368
1,174,1,629,0.9606732726097107
1,174,2,2162,0.9597648978233337
1,174,3,2352,0.9561632871627808
1,174,4,1362,0.9542779326438904
1,174,5,2387,0.9504548907279968
1,174,6,481,0.9500477910041809
1,174,7,60,0.9489232897758484
1,174,8,2111,0.9487264156341553
1,174,9,2581,0.9479930400848389
1,174,10,2702,0.9473024010658264
1,175,1,2162,0.9566435217857361
1,175,2,629,0.9521239995956421
1,175,3,2352,0.9454193115234375
1,175,4,2099,0.9448175430297852
1,175,5,481,0.9401378035545349
1,175,6,2387,0.9378337860107422
1,175,7,644,0.9364289045333862
1,175,8,1362,0.9357849359512329
1,175,9,60,0.935150682926178
1,175,10,2740,0.9343407154083252
1,176,1,2618,0.9456815719604492
1,176,2,1146,0.9424382448196411
1,176,3,2410,0.9385377168655396
1,176,4,1055,0.9374467134475708
1,176,5,2368,0.9367417097091675
1,176,6,6,0.9366392493247986
1,176,7,480,0.9357481002807617
1,176,8,2963,0.9338980317115784
1,176,9,890,0.9327608942985535
1,176,10,2341,0.9320152997970581
1,177,1,2099,0.9352930188179016
1,177,2,480,0.9300627112388611
1,177,3,2162,0.9239606857299805
1,177,4,2740,0.9227245450019836
1,177,5,2556,0.9191176891326904
1,177,6,32,0.9166663289070129
1,177,7,2053,0.9165729284286499
1,177,8,2925,0.9162601828575134
1,177,9,1236,0.915839433670044
1,177,10,1650,0.9152665734291077
1,178,1,1569,0.9440861940383911
1,178,2,1146,0.942257821559906
1,178,3,2099,0.9421331882476807
1,178,4,1650,0.9380462169647217
1,178,5,480,0.9378377199172974
1,178,6,2410,0.9359945058822632
1,178,7,2618,0.933393120765686
1,178,8,2740,0.9333749413490295
1,178,9,6,0.9318257570266724
1,178,10,2963,0.9314533472061157
1,179,1,60,0.940337061882019
1,179,2,2895,0.9395126104354858
1,179,3,732,0.9274255633354187
1,179,4,2372,0.917159914970398
1,179,5,1710,0.9071712493896484
1,179,6,1047,0.9048876762390137
1,179,7,1521,0.9012508988380432
1,179,8,1708,0.8999882340431213
1,179,9,2702,0.8970022201538086
1,179,10,1522,0.89144366979599
1,180,1,2895,0.9536179304122925
1,180,2,60,0.9511873126029968
1,180,3,732,0.945004403591156
1,180,4,2372,0.9365527033805847
1,180,5,1710,0.9261124134063721
1,180,6,2702,0.9219619035720825
1,180,7,1521,0.917264997959137
1,180,8,2111,0.9160436987876892
1,180,9,2581,0.9156697988510132
1,180,10,1047,0.9142391681671143
1,181,1,60,0.9568977355957031
1,181,2,2895,0.9553556442260742
1,181,3,1267,0.9534784555435181
1,181,4,732,0.9412872195243835
1,181,5,2372,0.9402531385421753
1,181,6,1522,0.9317008256912231
1,181,7,2326,0.9297268986701965
1,181,8,2702,0.9251068830490112
1,181,9,2162,0.9245223999023438
1,181,10,2925,0.9199102520942688
1,182,1,1267,0.9350346922874451
1,182,2,2920,0.9095146656036377
1,182,3,2998,0.9057446718215942
1,182,4,2895,0.8971989154815674
1,182,5,60,0.8944460153579712
1,182,6,2137,0.8910101652145386
1,182,7,629,0.8878486156463623
1,182,8,689,0.886857807636261
1,182,9,1708,0.8851810097694397
1,182,10,1223,0.8804702162742615
1,183,1,509,0.9565757513046265
1,183,2,2990,0.9545851349830627
1,183,3,1580,0.9379206895828247
1,183,4,1513,0.9370220899581909
1,183,5,2922,0.9365734457969666
1,183,6,2684,0.9280943870544434
1,183,7,1787,0.927824079990387
1,183,8,132,0.9256181120872498
1,183,9,2135,0.9218465685844421
1,183,10,703,0.9211207032203674
1,184,1,2137,0.944284200668335
1,184,2,416,0.938219428062439
1,184,3,2135,0.9341539144515991
1,184,4,1327,0.9281153678894043
1,184,5,2074,0.923621654510498
1,184,6,509,0.9184833765029907
1,184,7,2990,0.9179226756095886
1,184,8,129,0.9153929352760315
1,184,9,471,0.9081905484199524
1,184,10,1302,0.9077960848808289
1,185,1,2990,0.9445944428443909
1,185,2,509,0.9440526962280273
1,185,3,2137,0.9391734600067139
1,185,4,2135,0.9381793141365051
1,185,5,2323,0.9298960566520691
1,185,6,1620,0.9240443110466003
1,185,7,1580,0.9167009592056274
1,185,8,2922,0.9163216352462769
1,185,9,416,0.909591794013977
1,185,10,1427,0.9063860177993774
1,186,1,1548,0.9477558135986328
1,186,2,416,0.9477277994155884
1,186,3,1327,0.9342414736747742
1,186,4,2074,0.9295140504837036
1,186,5,1417,0.929172933101654
1,186,6,1080,0.920701265335083
1,186,7,2273,0.9180746674537659
1,186,8,2533,0.9172593355178833
1,186,9,2894,0.9168303608894348
1,186,10,129,0.9147002696990967
1,187,1,2356,0.9719056487083435
1,187,2,1858,0.9706807732582092
1,187,3,1638,0.9696452021598816
1,187,4,2180,0.9694319367408752
1,187,5,1691,0.9682276844978333
1,187,6,2727,0.9641690254211426
1,187,7,2916,0.9633713364601135
1,187,8,2127,0.9609182476997375
1,187,9,542,0.959407389163971
1,187,10,615,0.9592419862747192
1,188,1,2356,0.9691868424415588
1,188,2,2180,0.968673586845398
1,188,3,1858,0.9632818102836609
1,188,4,2848,0.9615583419799805
1,188,5,1691,0.9613972306251526
1,188,6,2916,0.9609005451202393
1,188,7,1946,0.9596568942070007
1,188,8,2285,0.9581044316291809
1,188,9,542,0.9568151831626892
1,188,10,137,0.9550514221191406
1,189,1,1111,0.9649215340614319
1,189,2,1638,0.9643738865852356
1,189,3,1465,0.9618467092514038
1,189,4,2356,0.9570552706718445
1,189,5,1858,0.9557328224182129
1,189,6,1691,0.9522807002067566
1,189,7,2180,0.9517562985420227
1,189,8,2642,0.9477092027664185
1,189,9,2727,0.9472445249557495
1,189,10,1665,0.9459964036941528
1,190,1,2180,0.9685500860214233
1,190,2,137,0.9680453538894653
1,190,3,2848,0.967721164226532
1,190,4,2916,0.9644650220870972
1,190,5,2356,0.9636361002922058
1,190,6,1858,0.9626792073249817
1,190,7,1744,0.957518994808197
1,190,8,1201,0.9562084078788757
1,190,9,1374,0.9506709575653076
1,190,10,1691,0.9459549784660339
1,191,1,2285,0.9665014147758484
1,191,2,1691,0.9638778567314148
1,191,3,2127,0.9623640179634094
1,191,4,2727,0.9599587917327881
1,191,5,2180,0.9572412371635437
1,191,6,402,0.9549400806427002
1,191,7,2738,0.9508526921272278
1,191,8,2848,0.9478172659873962
1,191,9,2916,0.9472276568412781
1,191,10,1255,0.946312427520752
1,192,1,137,0.9639390110969543
1,192,2,2848,0.9617063999176025
1,192,3,1374,0.961289644241333
1,192,4,2095,0.9594802260398865
1,192,5,1612,0.9499846696853638
1,192,6,1201,0.9487735629081726
1,192,7,2448,0.9485874176025391
1,192,8,615,0.9482238292694092
1,192,9,379,0.9477956295013428
1,192,10,534,0.9466776847839355
1,194,1,416,0.9661928415298462
1,194,2,2074,0.9527578949928284
1,194,3,1080,0.9502202272415161
1,194,4,1327,0.9476485252380371
1,194,5,1620,0.9449495077133179
1,194,6,2533,0.9430513978004456
1,194,7,1525,0.9400226473808289
1,194,8,1465,0.9384058713912964
1,194,9,129,0.9350011348724365
1,194,10,1235,0.9202423095703125
1,195,1,2161,0.9575082063674927
1,195,2,1869,0.9526485204696655
1,195,3,1250,0.945319414138794
1,195,4,1362,0.9441003203392029
1,195,5,2387,0.9433847665786743
1,195,6,2098,0.9433806538581848
1,195,7,3068,0.9420799612998962
1,195,8,738,0.9395110607147217
1,195,9,3009,0.9354767799377441
1,195,10,1726,0.9313851594924927
1,196,1,2161,0.9606691598892212
1,196,2,2674,0.9577084183692932
1,196,3,1869,0.9498565196990967
1,196,4,1250,0.9464793801307678
1,196,5,2387,0.9422799944877625
1,196,6,738,0.9418900609016418
1,196,7,3009,0.9418153762817383
1,196,8,1726,0.9414494633674622
1,196,9,1362,0.9361449480056763
1,196,10,1567,0.9360772371292114
1,197,1,480,0.9686845541000366
1,197,2,1502,0.9683929085731506
1,197,3,2161,0.9621084332466125
1,197,4,674,0.961584746837616
1,197,5,3009,0.9592103958129883
1,197,6,2073,0.959140956401825
1,197,7,2053,0.9573264122009277
1,197,8,1104,0.9556431174278259
1,197,9,1567,0.9555907845497131
1,197,10,32,0.9525200128555298
1,198,1,2161,0.9680613279342651
1,198,2,3009,0.952511191368103
1,198,3,1567,0.9483808875083923
1,198,4,738,0.945497989654541
1,198,5,1726,0.9452356100082397
1,198,6,2387,0.9443871974945068
1,198,7,1869,0.9440704584121704
1,198,8,1502,0.9421365261077881
1,198,9,1250,0.9413809776306152
1,198,10,480,0.9406221508979797
1,199,1,1817,0.964312732219696
1,199,2,278,0.9583712220191956
1,199,3,295,0.9402135014533997
1,199,4,2734,0.9249139428138733
1,199,5,2559,0.9219440221786499
1,199,6,1091,0.8983274698257446
1,199,7,843,0.8859581351280212
1,199,8,1303,0.8844347596168518
1,199,9,1963,0.8780881762504578
1,199,10,2170,0.872144877910614
1,200,1,696,0.9610967040061951
1,200,2,295,0.9593406915664673
1,200,3,2283,0.9511948823928833
1,200,4,1963,0.9261568188667297
1,200,5,843,0.9230153560638428
1,200,6,278,0.919831395149231
1,200,7,1303,0.9174761772155762
1,200,8,2580,0.9146983027458191
1,200,9,2628,0.9075827598571777
1,200,10,1400,0.9010171890258789
1,201,1,696,0.9652963280677795
1,201,2,843,0.9500206112861633
1,201,3,1963,0.9469019174575806
1,201,4,2580,0.9401201605796814
1,201,5,2628,0.9306640625
1,201,6,1400,0.9208689332008362
1,201,7,2658,0.9173398017883301
1,201,8,1766,0.9142894744873047
1,201,9,192,0.9137654304504395
1,201,10,2997,0.9086605906486511
1,202,1,843,0.9608615636825562
1,202,2,1766,0.9566407203674316
1,202,3,3053,0.9467262029647827
1,202,4,2580,0.9423552751541138
1,202,5,1963,0.9400914907455444
1,202,6,795,0.9299205541610718
1,202,7,2628,0.9287147521972656
1,202,8,122,0.928284227848053
1,202,9,2280,0.9281754493713379
1,202,10,192,0.9248905181884766
1,203,1,1963,0.9517755508422852
1,203,2,843,0.9453616142272949
1,203,3,2580,0.9434806108474731
1,203,4,2628,0.939271092414856
1,203,5,696,0.9378342032432556
1,203,6,1400,0.9332882165908813
1,203,7,192,0.9247166514396667
1,203,8,663,0.9155855774879456
1,203,9,2243,0.9106590151786804
1,203,10,2997,0.9094982147216797
1,204,1,2978,0.916157603263855
1,204,2,1571,0.9150621294975281
1,204,3,1116,0.9141489267349243
1,204,4,1701,0.9135308861732483
1,204,5,357,0.9113942384719849
1,204,6,2974,0.9064815640449524
1,204,7,2623,0.9063578844070435
1,204,8,1113,0.9015241861343384
1,204,9,540,0.9012246131896973
1,204,10,1823,0.9002638459205627
1,205,1,1449,0.9358861446380615
1,205,2,2978,0.9318956136703491
1,205,3,1016,0.930858850479126
1,205,4,747,0.9232346415519714
1,205,5,1189,0.9222390651702881
1,205,6,2343,0.9209738373756409
1,205,7,1811,0.9204921722412109
1,205,8,1208,0.9195651412010193
1,205,9,1116,0.9190297722816467
1,205,10,2623,0.9171762466430664
1,206,1,1449,0.9504256248474121
1,206,2,2978,0.9487791657447815
1,206,3,1016,0.9434241056442261
1,206,4,2343,0.940151572227478
1,206,5,1116,0.9377265572547913
1,206,6,1811,0.9366441369056702
1,206,7,1189,0.934825599193573
1,206,8,2899,0.9345331192016602
1,206,9,2623,0.9334023594856262
1,206,10,1920,0.9288928508758545
1,207,1,2978,0.9269171953201294
1,207,2,1449,0.9258352518081665
1,207,3,1016,0.9212111234664917
1,207,4,2343,0.9171494245529175
1,207,5,1116,0.9149796366691589
1,207,6,1920,0.9090685248374939
1,207,7,1811,0.9090070724487305
1,207,8,1189,0.9082884192466736
1,207,9,2623,0.9068895578384399
1,207,10,2899,0.9044602513313293
1,208,1,1449,0.9525675773620605
1,208,2,2978,0.9510012865066528
1,208,3,2343,0.948495090007782
1,208,4,1016,0.9479312300682068
1,208,5,2899,0.9466910362243652
1,208,6,1920,0.9412748217582703
1,208,7,315,0.9410826563835144
1,208,8,1189,0.9401947855949402
1,208,9,1116,0.9400959610939026
1,208,10,1481,0.9376364350318909
1,209,1,899,0.9244624972343445
1,209,2,2543,0.9208235740661621
1,209,3,788,0.9162358045578003
1,209,4,900,0.913658618927002
1,209,5,523,0.909690260887146
1,209,6,90,0.9074702262878418
1,209,7,2309,0.9046239256858826
1,209,8,2145,0.9015793800354004
1,209,9,249,0.900587797164917
1,209,10,2261,0.8999025225639343
1,210,1,2312,0.8320952653884888
1,210,2,1265,0.8317479491233826
1,210,3,2322,0.8115988373756409
1,210,4,1897,0.8076549768447876
1,210,5,851,0.8073171377182007
1,210,6,3027,0.8067464232444763
1,210,7,387,0.7953658103942871
1,210,8,2403,0.7952989935874939
1,210,9,646,0.7951008081436157
1,210,10,482,0.7930796146392822
1,211,1,900,0.9128773808479309
1,211,2,2543,0.9107155203819275
1,211,3,899,0.9073669910430908
1,211,4,523,0.9041616320610046
1,211,5,90,0.901167094707489
1,211,6,2272,0.8998839855194092
1,211,7,1618,0.8997702598571777
1,211,8,1517,0.8982226848602295
1,211,9,2261,0.8950743675231934
1,211,10,2309,0.89368736743927
1,212,1,2312,0.8121337890625
1,212,2,387,0.8106886148452759
1,212,3,2403,0.8106206059455872
1,212,4,646,0.81048983335495
1,212,5,1472,0.8075755834579468
1,212,6,1897,0.8065359592437744
1,212,7,2264,0.7963631749153137
1,212,8,671,0.7950993180274963
1,212,9,2705,0.7945619225502014
1,212,10,854,0.7695790529251099
1,213,1,899,0.8460941910743713
1,213,2,2061,0.8412808179855347
1,213,3,2543,0.8398899435997009
1,213,4,788,0.839681088924408
1,213,5,1491,0.835698127746582
1,213,6,168,0.8339976072311401
1,213,7,900,0.828636884689331
1,213,8,1635,0.8254629969596863
1,213,9,523,0.8197104334831238
1,213,10,90,0.8150282502174377
1,216,1,900,0.9106959104537964
1,216,2,2543,0.9045979380607605
1,216,3,899,0.8997654914855957
1,216,4,1517,0.899725615978241
1,216,5,523,0.898859977722168
1,216,6,1618,0.898323118686676
1,216,7,2272,0.8953291177749634
1,216,8,90,0.8951469659805298
1,216,9,3073,0.8890088200569153
1,216,10,2261,0.8880602717399597
1,217,1,2312,0.8529624342918396
1,217,2,1897,0.8507986068725586
1,217,3,1472,0.847951352596283
1,217,4,387,0.8477309346199036
1,217,5,2403,0.8476167321205139
1,217,6,646,0.8474793434143066
1,217,7,482,0.8360783457756042
1,217,8,2264,0.8348992466926575
1,217,9,1793,0.8244109749794006
1,217,10,671,0.8243472576141357
1,218,1,1897,0.8747360706329346
1,218,2,482,0.8735552430152893
1,218,3,1472,0.8719222545623779
1,218,4,2312,0.8717461824417114
1,218,5,387,0.8687789440155029
1,218,6,2403,0.8686509132385254
1,218,7,646,0.86846524477005
1,218,8,2264,0.8620873689651489
1,218,9,1793,0.8587974309921265
1,218,10,671,0.8492465615272522
1,219,1,2312,0.867298424243927
1,219,2,1897,0.8666955232620239
1,219,3,1472,0.8651452660560608
1,219,4,387,0.8636282086372375
1,219,5,2403,0.8635022640228271
1,219,6,646,0.8633739948272705
1,219,7,482,0.8614590764045715
1,219,8,2264,0.8469066619873047
1,219,9,2365,0.8465265035629272
1,219,10,2440,0.8458054065704346
1,220,1,2312,0.8716033697128296
1,220,2,482,0.8598350286483765
1,220,3,1897,0.8586592674255371
1,220,4,387,0.850498616695404
1,220,5,1472,0.8503667712211609
1,220,6,2403,0.8503569960594177
1,220,7,646,0.8502060770988464
1,220,8,2440,0.8399346470832825
1,220,9,1793,0.8303358554840088
1,220,10,617,0.829073965549469
1,221,1,1173,0.9067349433898926
1,221,2,1832,0.9039831757545471
1,221,3,1153,0.8996939659118652
1,221,4,533,0.8988965153694153
1,221,5,1354,0.8986056447029114
1,221,6,1723,0.8984203338623047
1,221,7,554,0.8960589170455933
1,221,8,536,0.8948752284049988
1,221,9,1674,0.8943600058555603
1,221,10,444,0.8935542702674866
1,222,1,1173,0.9150446653366089
1,222,2,1832,0.9129752516746521
1,222,3,444,0.9046745300292969
1,222,4,1260,0.9040563702583313
1,222,5,1723,0.9039108753204346
1,222,6,1153,0.9039015173912048
1,222,7,1354,0.9030230641365051
1,222,8,1053,0.9012159705162048
1,222,9,554,0.899688184261322
1,222,10,536,0.8989695310592651
1,223,1,718,0.9329355955123901
1,223,2,176,0.9270974397659302
1,223,3,1053,0.9261248111724854
1,223,4,2407,0.9204384088516235
1,223,5,553,0.9191908836364746
1,223,6,1540,0.9147284626960754
1,223,7,1466,0.9145852327346802
1,223,8,1277,0.9097343683242798
1,223,9,783,0.8966541886329651
1,223,10,314,0.8892016410827637
1,226,1,2197,0.9317543506622314
1,226,2,2578,0.9231259226799011
1,226,3,189,0.9133421778678894
1,226,4,2710,0.9132182598114014
1,226,5,572,0.8998997211456299
1,226,6,286,0.8971566557884216
1,226,7,1180,0.8950088024139404
1,226,8,663,0.8949114084243774
1,226,9,1400,0.8902783393859863
1,226,10,192,0.8881891965866089
1,227,1,2622,0.9443311095237732
1,227,2,2578,0.9429782032966614
1,227,3,2197,0.9409525990486145
1,227,4,286,0.9140133261680603
1,227,5,2710,0.9080994725227356
1,227,6,1400,0.8999678492546082
1,227,7,663,0.8987609148025513
1,227,8,2997,0.895412266254425
1,227,9,192,0.8905509114265442
1,227,10,2628,0.8881596922874451
1,228,1,2197,0.9302452802658081
1,228,2,1400,0.9066376090049744
1,228,3,2622,0.905318021774292
1,228,4,2578,0.8986491560935974
1,228,5,2628,0.8947115540504456
1,228,6,663,0.8928871154785156
1,228,7,192,0.8912883996963501
1,228,8,608,0.8869667053222656
1,228,9,2170,0.884272038936615
1,228,10,286,0.8778839111328125
1,229,1,2108,0.9655213952064514
1,229,2,2607,0.9651888608932495
1,229,3,2194,0.9648767113685608
1,229,4,2599,0.9645261168479919
1,229,5,716,0.9599871635437012
1,229,6,2156,0.9565339088439941
1,229,7,2558,0.9563183188438416
1,229,8,1102,0.9536542892456055
1,229,9,2082,0.9531364440917969
1,229,10,641,0.9522488713264465
1,230,1,2254,0.9447557330131531
1,230,2,2267,0.9446892142295837
1,230,3,1656,0.9446882009506226
1,230,4,1470,0.9436087012290955
1,230,5,1728,0.9434044361114502
1,230,6,1484,0.9282435178756714
1,230,7,509,0.9238325357437134
1,230,8,1320,0.9237329363822937
1,230,9,1725,0.9236289262771606
1,230,10,2990,0.9214395880699158
1,231,1,2108,0.9467514157295227
1,231,2,2607,0.9465480446815491
1,231,3,2194,0.9448347091674805
1,231,4,2599,0.9434531927108765
1,231,5,2452,0.9365699291229248
1,231,6,1102,0.9360265135765076
1,231,7,716,0.9356715083122253
1,231,8,2082,0.9349388480186462
1,231,9,641,0.9337551593780518
1,231,10,2156,0.9317808151245117
1,232,1,2165,0.9478707909584045
1,232,2,1513,0.9450840353965759
1,232,3,2922,0.9256329536437988
1,232,4,2323,0.9234904050827026
1,232,5,1837,0.9202283024787903
1,232,6,1577,0.9193634390830994
1,232,7,1725,0.917868971824646
1,232,8,2267,0.910577654838562
1,232,9,2254,0.9095599055290222
1,232,10,193,0.9093037843704224
1,233,1,2165,0.9604601263999939
1,233,2,1837,0.9404662251472473
1,233,3,1577,0.9401142001152039
1,233,4,2254,0.9318071007728577
1,233,5,2267,0.9316370487213135
1,233,6,1656,0.9311824440956116
1,233,7,1728,0.9308290481567383
1,233,8,1470,0.9306080341339111
1,233,9,1513,0.9299473166465759
1,233,10,2452,0.922222912311554
1,234,1,509,0.9474920034408569
1,234,2,1513,0.9414145350456238
1,234,3,613,0.9334509372711182
1,234,4,30,0.9303598403930664
1,234,5,193,0.9232370257377625
1,234,6,198,0.914798378944397
1,234,7,2165,0.9103727340698242
1,234,8,2922,0.906050443649292
1,234,9,2684,0.9025004506111145
1,234,10,1320,0.9017931222915649
1,235,1,14,0.9432194828987122
1,235,2,2127,0.9402486681938171
1,235,3,402,0.9381411075592041
1,235,4,601,0.938073992729187
1,235,5,2285,0.9365301728248596
1,235,6,1665,0.9354687929153442
1,235,7,1525,0.9341560006141663
1,235,8,2258,0.9333800077438354
1,235,9,2727,0.9274305701255798
1,235,10,1691,0.9228879809379578
1,236,1,137,0.9741603136062622
1,236,2,2848,0.9703325629234314
1,236,3,1374,0.9674713015556335
1,236,4,615,0.9673094153404236
1,236,5,731,0.964788556098938
1,236,6,1946,0.9602747559547424
1,236,7,2180,0.958388090133667
1,236,8,1201,0.9577212929725647
1,236,9,542,0.9563223123550415
1,236,10,2095,0.9561702609062195
1,237,1,137,0.9664443731307983
1,237,2,2848,0.9626766443252563
1,237,3,615,0.9620343446731567
1,237,4,1374,0.9606285095214844
1,237,5,731,0.9562100172042847
1,237,6,2180,0.9535294771194458
1,237,7,1946,0.9511318802833557
1,237,8,542,0.9501967430114746
1,237,9,1858,0.9493054151535034
1,237,10,2095,0.9481370449066162
1,238,1,137,0.9685590863227844
1,238,2,615,0.9665961861610413
1,238,3,2848,0.9646061658859253
1,238,4,1374,0.9604232907295227
1,238,5,2916,0.9580923914909363
1,238,6,1946,0.9564022421836853
1,238,7,542,0.9562748074531555
1,238,8,1858,0.9560778737068176
1,238,9,731,0.9546841979026794
1,238,10,2356,0.9542400240898132
1,239,1,1340,0.9602628946304321
1,239,2,2448,0.9583616852760315
1,239,3,2552,0.9492049813270569
1,239,4,94,0.9467257857322693
1,239,5,556,0.9443644881248474
1,239,6,1176,0.944339394569397
1,239,7,1078,0.9413769245147705
1,239,8,1601,0.9393192529678345
1,239,9,1792,0.9390650391578674
1,239,10,1087,0.9361713528633118
1,240,1,1078,0.9540513753890991
1,240,2,2989,0.9469834566116333
1,240,3,1112,0.9394450187683105
1,240,4,235,0.937413215637207
1,240,5,857,0.9339808821678162
1,240,6,969,0.9320547580718994
1,240,7,756,0.9283663034439087
1,240,8,2344,0.9265785217285156
1,240,9,364,0.9237771034240723
1,240,10,1654,0.9214631915092468
1,241,1,1078,0.9382121562957764
1,241,2,2989,0.9359067678451538
1,241,3,1112,0.9346485137939453
1,241,4,235,0.9332675337791443
1,241,5,857,0.9328546524047852
1,241,6,969,0.9309180378913879
1,241,7,1067,0.9246225357055664
1,241,8,364,0.9221431016921997
1,241,9,756,0.9221353530883789
1,241,10,447,0.9216298460960388
1,242,1,2989,0.9322497844696045
1,242,2,1078,0.9309151768684387
1,242,3,1112,0.9307456016540527
1,242,4,235,0.9303573966026306
1,242,5,857,0.929133951663971
1,242,6,1067,0.928925096988678
1,242,7,969,0.9278586506843567
1,242,8,364,0.9182041883468628
1,242,9,756,0.9179378151893616
1,242,10,2344,0.9096813797950745
1,243,1,2989,0.9299250841140747
1,243,2,235,0.9293524622917175
1,243,3,1112,0.9292336106300354
1,243,4,857,0.928570032119751
1,243,5,1078,0.9274912476539612
1,243,6,969,0.9270005226135254
1,243,7,364,0.9175035953521729
1,243,8,756,0.91651850938797
1,243,9,1413,0.9087578654289246
1,243,10,2344,0.9071194529533386
1,244,1,1232,0.9458310604095459
1,244,2,235,0.8794860243797302
1,244,3,857,0.8741036057472229
1,244,4,969,0.8694348335266113
1,244,5,2989,0.8675422668457031
1,244,6,1112,0.8658879399299622
1,244,7,706,0.865234911441803
1,244,8,364,0.8619975447654724
1,244,9,2209,0.861464262008667
1,244,10,1893,0.8566076755523682
1,245,1,2576,0.9332416653633118
1,245,2,1654,0.8946877717971802
1,245,3,447,0.8934693932533264
1,245,4,235,0.8501620292663574
1,245,5,706,0.8495525121688843
1,245,6,857,0.8434342741966248
1,245,7,1160,0.8411610722541809
1,245,8,969,0.8374318480491638
1,245,9,2092,0.8371648192405701
1,245,10,2989,0.8353769779205322
1,246,1,1067,0.874029278755188
1,246,2,793,0.8652355670928955
1,246,3,1413,0.857638418674469
1,246,4,283,0.8567980527877808
1,246,5,97,0.8503280282020569
1,246,6,2270,0.8497249484062195
1,246,7,1456,0.8480548858642578
1,246,8,1654,0.8428420424461365
1,246,9,447,0.8418513536453247
1,246,10,1547,0.8416264653205872
1,247,1,1412,0.9360533952713013
1,247,2,294,0.9345380067825317
1,247,3,1163,0.9332658052444458
1,247,4,398,0.9317907094955444
1,247,5,306,0.92973792552948
1,247,6,504,0.9267248511314392
1,247,7,717,0.9231762886047363
1,247,8,1809,0.9225330352783203
1,247,9,508,0.922270655632019
1,247,10,359,0.9205929040908813
1,248,1,1448,0.9472175240516663
1,248,2,1109,0.9367327690124512
1,248,3,508,0.9362993836402893
1,248,4,1809,0.9343997240066528
1,248,5,627,0.929217517375946
1,248,6,1412,0.9277989864349365
1,248,7,1866,0.9231163263320923
1,248,8,1163,0.9147381782531738
1,248,9,1001,0.9101808071136475
1,248,10,81,0.9075700044631958
1,249,1,97,0.9547807574272156
1,249,2,1448,0.9351716637611389
1,249,3,1109,0.934920072555542
1,249,4,656,0.9294201135635376
1,249,5,1866,0.9204059839248657
1,249,6,1809,0.9197535514831543
1,249,7,512,0.9114640355110168
1,249,8,1412,0.909903347492218
1,249,9,424,0.909895658493042
1,249,10,1001,0.9057493209838867
1,250,1,504,0.945976972579956
1,250,2,398,0.9454240798950195
1,250,3,359,0.9452067613601685
1,250,4,717,0.9444542527198792
1,250,5,294,0.9442452788352966
1,250,6,1742,0.9437395930290222
1,250,7,1163,0.9431899189949036
1,250,8,1412,0.9407729506492615
1,250,9,306,0.9320210218429565
1,250,10,998,0.9314649701118469
1,251,1,1448,0.971478283405304
1,251,2,1001,0.9531623125076294
1,251,3,1109,0.9528281688690186
1,251,4,1163,0.9510303139686584
1,251,5,1252,0.9507803320884705
1,251,6,1809,0.9477717876434326
1,251,7,97,0.9434475302696228
1,251,8,1412,0.9358381628990173
1,251,9,1613,0.9353320002555847
1,251,10,479,0.935091495513916
1,253,1,359,0.9697548747062683
1,253,2,1742,0.969183087348938
1,253,3,998,0.967100977897644
1,253,4,2972,0.9660487174987793
1,253,5,717,0.9554941654205322
1,253,6,398,0.9502518177032471
1,253,7,1163,0.9498466849327087
1,253,8,563,0.9492653608322144
1,253,9,504,0.9456815123558044
1,253,10,2141,0.9371197819709778
1,254,1,1742,0.9723137617111206
1,254,2,359,0.9665691256523132
1,254,3,1015,0.9634700417518616
1,254,4,2972,0.9592726230621338
1,254,5,717,0.9554646015167236
1,254,6,2961,0.9489654898643494
1,254,7,31,0.948908805847168
1,254,8,398,0.9485166072845459
1,254,9,1163,0.9433739185333252
1,254,10,2141,0.9336385726928711
1,255,1,1742,0.9711219668388367
1,255,2,2801,0.9613921046257019
1,255,3,563,0.955584704875946
1,255,4,31,0.954568088054657
1,255,5,1015,0.9537538886070251
1,255,6,359,0.9535879492759705
1,255,7,653,0.953441858291626
1,255,8,1376,0.9528880715370178
1,255,9,2141,0.9524478912353516
1,255,10,2972,0.9503439664840698
1,256,1,2141,0.9614053964614868
1,256,2,31,0.9560638666152954
1,256,3,1742,0.9559105038642883
1,256,4,183,0.9544792175292969
1,256,5,563,0.9540928602218628
1,256,6,2297,0.9533610939979553
1,256,7,2801,0.9441319704055786
1,256,8,1558,0.9417902827262878
1,256,9,1015,0.9412121772766113
1,256,10,2972,0.93708336353302
1,257,1,8,0.9614695310592651
1,257,2,2590,0.9601007103919983
1,257,3,273,0.9600435495376587
1,257,4,2042,0.9581690430641174
1,257,5,664,0.9581297039985657
1,257,6,2297,0.9555164575576782
1,257,7,2141,0.9523919820785522
1,257,8,995,0.9485020041465759
1,257,9,31,0.9428989291191101
1,257,10,183,0.9387661814689636
1,258,1,995,0.9716498255729675
1,258,2,273,0.9674689173698425
1,258,3,852,0.9623152613639832
1,258,4,1145,0.957323431968689
1,258,5,2743,0.9571588635444641
1,258,6,2093,0.9562313556671143
1,258,7,2328,0.9557523131370544
1,258,8,1304,0.9527378678321838
1,258,9,1212,0.9514321088790894
1,258,10,2429,0.9512678384780884
1,259,1,2743,0.9704110026359558
1,259,2,194,0.9607853293418884
1,259,3,995,0.9562555551528931
1,259,4,664,0.9477702975273132
1,259,5,2042,0.9470013976097107
1,259,6,2297,0.9418835043907166
1,259,7,1558,0.9414320588111877
1,259,8,12,0.9388231039047241
1,259,9,2141,0.9370574951171875
1,259,10,259,0.9330762028694153
1,260,1,273,0.9692715406417847
1,260,2,995,0.9612103700637817
1,260,3,939,0.9609008431434631
1,260,4,194,0.9572573900222778
1,260,5,8,0.9551445245742798
1,260,6,2297,0.945206880569458
1,260,7,2042,0.9441757798194885
1,260,8,664,0.94353187084198
1,260,9,852,0.9353675842285156
1,260,10,2141,0.9314944744110107
1,261,1,995,0.9251196384429932
1,261,2,259,0.9219515919685364
1,261,3,2328,0.9186640977859497
1,261,4,2769,0.917934238910675
1,261,5,194,0.912364661693573
1,261,6,1145,0.9107023477554321
1,261,7,1212,0.9090243577957153
1,261,8,2429,0.9081025123596191
1,261,9,1304,0.9067628979682922
1,261,10,8,0.9048739075660706
1,262,1,995,0.9692986607551575
1,262,2,2093,0.9600391983985901
1,262,3,787,0.955401599407196
1,262,4,1145,0.9495311379432678
1,262,5,2769,0.9461343884468079
1,262,6,1212,0.9455276727676392
1,262,7,1304,0.9451057314872742
1,262,8,194,0.9387375116348267
1,262,9,2898,0.9340574145317078
1,262,10,8,0.9320791959762573
1,263,1,2898,0.9573662877082825
1,263,2,1716,0.9566587209701538
1,263,3,1836,0.9508960247039795
1,263,4,1304,0.9483748078346252
1,263,5,1145,0.9444218277931213
1,263,6,541,0.9431102871894836
1,263,7,1161,0.9417503476142883
1,263,8,1212,0.9393332004547119
1,263,9,12,0.9335091710090637
1,263,10,1278,0.924263060092926
1,264,1,1907,0.965762734413147
1,264,2,2480,0.9499428272247314
1,264,3,495,0.9495763778686523
1,264,4,1750,0.9459813237190247
1,264,5,105,0.9448340535163879
1,264,6,1383,0.9291691780090332
1,264,7,49,0.9237093329429626
1,264,8,65,0.9200286269187927
1,264,9,1831,0.9153192043304443
1,264,10,439,0.9045606851577759
1,265,1,105,0.9660506844520569
1,265,2,495,0.9634581804275513
1,265,3,1907,0.9601701498031616
1,265,4,2212,0.9536119699478149
1,265,5,1831,0.9519463777542114
1,265,6,439,0.9482570886611938
1,265,7,1682,0.9318946003913879
1,265,8,701,0.9296420812606812
1,265,9,541,0.9196350574493408
1,265,10,1161,0.917188823223114
1,266,1,65,0.9527812600135803
1,266,2,1907,0.9527437090873718
1,266,3,701,0.9516300559043884
1,266,4,1380,0.9328945279121399
1,266,5,2212,0.9268887639045715
1,266,6,1570,0.9239931702613831
1,266,7,1875,0.9221421480178833
1,266,8,2758,0.9219048619270325
1,266,9,1301,0.9189332127571106
1,266,10,1478,0.9180681109428406
1,267,1,1307,0.9310964941978455
1,267,2,1570,0.9206728935241699
1,267,3,2758,0.9177594780921936
1,267,4,89,0.910616397857666
1,267,5,1301,0.9099664688110352
1,267,6,1379,0.9004806876182556
1,267,7,1478,0.8905642032623291
1,267,8,2274,0.8896284103393555
1,267,9,2910,0.8829268217086792
1,267,10,2136,0.8723306059837341
1,268,1,1907,0.9637814164161682
1,268,2,495,0.9502914547920227
1,268,3,1750,0.9492919445037842
1,268,4,1831,0.9165191054344177
1,268,5,65,0.9164531230926514
1,268,6,439,0.9097480177879333
1,268,7,1682,0.8899894952774048
1,268,8,1301,0.8886359930038452
1,268,9,1875,0.8870768547058105
1,268,10,2758,0.8867133855819702
1,269,1,2640,0.968899130821228
1,269,2,1907,0.9630791544914246
1,269,3,869,0.9554016590118408
1,269,4,2274,0.9473503828048706
1,269,5,1875,0.9462813138961792
1,269,6,495,0.9274410009384155
1,269,7,1478,0.9228929877281189
1,269,8,1570,0.9172728061676025
1,269,9,3048,0.9134563207626343
1,269,10,2758,0.911084771156311
1,272,1,1379,0.9420143961906433
1,272,2,49,0.9329565763473511
1,272,3,2274,0.9297271966934204
1,272,4,89,0.9294320344924927
1,272,5,1307,0.9233407974243164
1,272,6,2759,0.9188364148139954
1,272,7,1570,0.9079599380493164
1,272,8,2750,0.9048336148262024
1,272,9,1203,0.9040220379829407
1,272,10,2078,0.8982329964637756
1,273,1,1030,0.9164376258850098
1,273,2,1494,0.9104769229888916
1,273,3,572,0.9073367118835449
1,273,4,2830,0.906258225440979
1,273,5,1277,0.8935511708259583
1,273,6,210,0.8896593451499939
1,273,7,628,0.8888418674468994
1,273,8,397,0.8875285387039185
1,273,9,2185,0.877284824848175
1,273,10,2708,0.867499828338623
1,274,1,49,0.9597461819648743
1,274,2,1383,0.9562280178070068
1,274,3,65,0.9483199119567871
1,274,4,189,0.9335319995880127
1,274,5,2622,0.9267842769622803
1,274,6,96,0.9166876077651978
1,274,7,1379,0.9156787991523743
1,274,8,1945,0.9110999703407288
1,274,9,1907,0.910467267036438
1,274,10,2640,0.9101632237434387
1,276,1,192,0.9619188904762268
1,276,2,1963,0.9597751498222351
1,276,3,2170,0.9507077932357788
1,276,4,122,0.9438232779502869
1,276,5,843,0.926862895488739
1,276,6,1988,0.9262083768844604
1,276,7,2280,0.9248413443565369
1,276,8,220,0.9205755591392517
1,276,9,3063,0.9192586541175842
1,276,10,2185,0.9022679328918457
1,277,1,2628,0.9236045479774475
1,277,2,2997,0.9119588136672974
1,277,3,2580,0.9112693667411804
1,277,4,2253,0.9062523245811462
1,277,5,972,0.903516411781311
1,277,6,2170,0.9017021656036377
1,277,7,295,0.8985288143157959
1,277,8,192,0.8980283141136169
1,277,9,663,0.8965234160423279
1,277,10,1028,0.8913206458091736
1,278,1,1988,0.9578704833984375
1,278,2,2280,0.956736147403717
1,278,3,2170,0.9524178504943848
1,278,4,572,0.9344998002052307
1,278,5,192,0.9310434460639954
1,278,6,740,0.930836021900177
1,278,7,843,0.9285780787467957
1,278,8,1437,0.92820805311203
1,278,9,2580,0.9256097674369812
1,278,10,1963,0.9211570024490356
1,279,1,2580,0.9571822881698608
1,279,2,1400,0.9570903182029724
1,279,3,1963,0.954420804977417
1,279,4,2997,0.9518254995346069
1,279,5,2170,0.9514834880828857
1,279,6,795,0.9504600167274475
1,279,7,1988,0.9412692785263062
1,279,8,843,0.9284884929656982
1,279,9,220,0.924030065536499
1,279,10,3063,0.9215419292449951
1,280,1,2170,0.9635675549507141
1,280,2,1988,0.9556290507316589
1,280,3,1963,0.9486572742462158
1,280,4,192,0.9474917054176331
1,280,5,3053,0.9438419938087463
1,280,6,220,0.9366963505744934
1,280,7,3063,0.9337185025215149
1,280,8,1400,0.9311152100563049
1,280,9,719,0.9302290081977844
1,280,10,2997,0.9160215854644775
1,282,1,1988,0.9630943536758423
1,282,2,2170,0.9571471214294434
1,282,3,3053,0.9551042318344116
1,282,4,795,0.9489803314208984
1,282,5,220,0.9486060738563538
1,282,6,122,0.9469518661499023
1,282,7,3063,0.9455856084823608
1,282,8,663,0.934955358505249
1,282,9,1400,0.9248304963111877
1,282,10,740,0.923007071018219
1,283,1,1988,0.9616912007331848
1,283,2,2170,0.9605540037155151
1,283,3,220,0.9557275772094727
1,283,4,2580,0.9540586471557617
1,283,5,3063,0.9536458253860474
1,283,6,795,0.9462538361549377
1,283,7,122,0.9450878500938416
1,283,8,663,0.936104416847229
1,283,9,295,0.9337221384048462
1,283,10,1400,0.9303173422813416
1,284,1,1988,0.9646021723747253
1,284,2,2280,0.9568073153495789
1,284,3,795,0.9496963620185852
1,284,4,2170,0.9496012926101685
1,284,5,122,0.9458640813827515
1,284,6,1766,0.9444045424461365
1,284,7,843,0.9391700029373169
1,284,8,2580,0.9350084066390991
1,284,9,220,0.9322118759155273
1,284,10,1516,0.9319353699684143
1,285,1,719,0.9390035271644592
1,285,2,1988,0.9381116628646851
1,285,3,1516,0.9335193037986755
1,285,4,1437,0.9319449067115784
1,285,5,2280,0.926925778388977
1,285,6,1277,0.9221780896186829
1,285,7,2170,0.9203327298164368
1,285,8,553,0.9150063395500183
1,285,9,121,0.9139158725738525
1,285,10,1766,0.9128620028495789
1,286,1,1277,0.9475656747817993
1,286,2,1437,0.9404156804084778
1,286,3,308,0.9337097406387329
1,286,4,1516,0.9219192862510681
1,286,5,2708,0.9200723767280579
1,286,6,719,0.9191635251045227
1,286,7,121,0.9074394702911377
1,286,8,1988,0.9007593393325806
1,286,9,2280,0.8932399153709412
1,286,10,3053,0.8897705078125
1,287,1,2952,0.9133856892585754
1,287,2,2431,0.9109497666358948
1,287,3,863,0.9097020030021667
1,287,4,533,0.9039486050605774
1,287,5,536,0.9007751941680908
1,287,6,285,0.8997279405593872
1,287,7,1674,0.8982945084571838
1,287,8,3040,0.8939259052276611
1,287,9,554,0.8933809995651245
1,287,10,2140,0.8924372792243958
1,288,1,553,0.919039249420166
1,288,2,2708,0.8787667155265808
1,288,3,308,0.8732128739356995
1,288,4,1494,0.8636486530303955
1,288,5,1030,0.8548901081085205
1,288,6,2493,0.8544122576713562
1,288,7,418,0.8533211946487427
1,288,8,863,0.8487946391105652
1,288,9,555,0.8457598090171814
1,288,10,1516,0.8448524475097656
1,289,1,536,0.9077032804489136
1,289,2,1674,0.9074790477752686
1,289,3,554,0.9069722890853882
1,289,4,1354,0.9061819314956665
1,289,5,2952,0.9057788252830505
1,289,6,1153,0.9057480096817017
1,289,7,1173,0.9029353857040405
1,289,8,863,0.9023482203483582
1,289,9,1832,0.9000800251960754
1,289,10,533,0.8981863260269165
1,290,1,2478,0.9086305499076843
1,290,2,718,0.9061615467071533
1,290,3,308,0.8970666527748108
1,290,4,1540,0.8959909677505493
1,290,5,2407,0.8894137740135193
1,290,6,783,0.8864619135856628
1,290,7,176,0.8854973912239075
1,290,8,740,0.8779457211494446
1,290,9,1171,0.8768057227134705
1,290,10,553,0.870502769947052
1,291,1,536,0.9179987907409668
1,291,2,1674,0.9166317582130432
1,291,3,554,0.9163461327552795
1,291,4,1354,0.915375828742981
1,291,5,1153,0.9150148630142212
1,291,6,1173,0.914596676826477
1,291,7,863,0.9130716919898987
1,291,8,1053,0.91255784034729
1,291,9,1832,0.9100020527839661
1,291,10,2431,0.9029155373573303
1,292,1,536,0.9149197936058044
1,292,2,1674,0.91464763879776
1,292,3,554,0.9140828847885132
1,292,4,1153,0.9138996005058289
1,292,5,1354,0.9132065176963806
1,292,6,1173,0.9125348329544067
1,292,7,863,0.9113137722015381
1,292,8,1832,0.9069384336471558
1,292,9,2431,0.90668123960495
1,292,10,1723,0.9014430642127991
1,293,1,863,0.9168347120285034
1,293,2,2431,0.916651725769043
1,293,3,536,0.9147162437438965
1,293,4,1674,0.9138911962509155
1,293,5,554,0.9108891487121582
1,293,6,1354,0.9066436290740967
1,293,7,1153,0.9062872529029846
1,293,8,1173,0.8998674154281616
1,293,9,285,0.892856776714325
1,293,10,1832,0.8915171027183533
1,294,1,510,0.898322582244873
1,294,2,1336,0.8929066061973572
1,294,3,3040,0.8925148844718933
1,294,4,2140,0.8917369842529297
1,294,5,863,0.8829576969146729
1,294,6,533,0.8677098751068115
1,294,7,3069,0.8643943071365356
1,294,8,536,0.8611148595809937
1,294,9,33,0.8587899208068848
1,294,10,1674,0.8581723570823669
1,295,1,1990,0.9263284206390381
1,295,2,1158,0.9249087572097778
1,295,3,633,0.9181998372077942
1,295,4,1991,0.908396303653717
1,295,5,3069,0.9015875458717346
1,295,6,2484,0.8872364163398743
1,295,7,2075,0.8847030997276306
1,295,8,1369,0.8816109895706177
1,295,9,3061,0.8812507390975952
1,295,10,1592,0.8750776052474976
1,297,1,1991,0.9063999056816101
1,297,2,3069,0.8999160528182983
1,297,3,1990,0.8988951444625854
1,297,4,1369,0.8950421810150146
1,297,5,3061,0.8935845494270325
1,297,6,2484,0.890093982219696
1,297,7,2075,0.8864768147468567
1,297,8,1206,0.8832952380180359
1,297,9,2616,0.8819584250450134
1,297,10,1422,0.8797884583473206
1,298,1,1990,0.9207320213317871
1,298,2,3069,0.9104686379432678
1,298,3,1158,0.9014602899551392
1,298,4,510,0.8992050290107727
1,298,5,633,0.8981243371963501
1,298,6,1991,0.8946347832679749
1,298,7,1794,0.8942411541938782
1,298,8,1369,0.8801440596580505
1,298,9,2484,0.8669886589050293
1,298,10,1072,0.8616512417793274
1,299,1,2616,0.9007585048675537
1,299,2,1990,0.8849142789840698
1,299,3,1158,0.8836134076118469
1,299,4,1823,0.8828520774841309
1,299,5,2235,0.8797786831855774
1,299,6,2128,0.8750243782997131
1,299,7,2830,0.8745331764221191
1,299,8,2672,0.873238742351532
1,299,9,2929,0.872588038444519
1,299,10,357,0.8692829608917236
1,300,1,2978,0.9430369138717651
1,300,2,1116,0.942736029624939
1,300,3,1571,0.9398838877677917
1,300,4,1701,0.9394658803939819
1,300,5,2974,0.935389518737793
1,300,6,2623,0.9307435154914856
1,300,7,357,0.929790198802948
1,300,8,1823,0.9292300343513489
1,300,9,455,0.9246715903282166
1,300,10,1811,0.9245599508285522
1,302,1,1597,0.9361381530761719
1,302,2,357,0.935692310333252
1,302,3,1571,0.9345685243606567
1,302,4,1823,0.9332971572875977
1,302,5,1701,0.9271180629730225
1,302,6,1868,0.9235575795173645
1,302,7,1116,0.9232144951820374
1,302,8,1611,0.9175848960876465
1,302,9,2974,0.917216420173645
1,302,10,455,0.9157463908195496
1,303,1,1116,0.9583368301391602
1,303,2,1701,0.9564521908760071
1,303,3,1571,0.9553984999656677
1,303,4,2623,0.9549096822738647
1,303,5,2974,0.9525123238563538
1,303,6,1811,0.9484429955482483
1,303,7,455,0.9466560482978821
1,303,8,2686,0.946133017539978
1,303,9,357,0.9459832906723022
1,303,10,562,0.93999844789505
1,304,1,2978,0.9453973770141602
1,304,2,1116,0.9421530365943909
1,304,3,2623,0.9400290250778198
1,304,4,2686,0.9348373413085938
1,304,5,562,0.9302954077720642
1,304,6,455,0.9283434152603149
1,304,7,357,0.9282002449035645
1,304,8,2343,0.9279199242591858
1,304,9,1113,0.9211205244064331
1,304,10,540,0.9208297729492188
1,305,1,2686,0.9328590035438538
1,305,2,69,0.9243810772895813
1,305,3,1811,0.9117641448974609
1,305,4,1701,0.9078057408332825
1,305,5,1571,0.9021326303482056
1,305,6,1116,0.9016879796981812
1,305,7,2974,0.9016484618186951
1,305,8,455,0.8998438715934753
1,305,9,2343,0.8837087750434875
1,305,10,747,0.8831984996795654
1,306,1,1449,0.9528626203536987
1,306,2,2623,0.9450451135635376
1,306,3,1811,0.9443056583404541
1,306,4,747,0.9401944279670715
1,306,5,2974,0.9390159845352173
1,306,6,1701,0.9388331174850464
1,306,7,1571,0.9332493543624878
1,306,8,1208,0.9309582114219666
1,306,9,315,0.9306135773658752
1,306,10,1189,0.9281827807426453
1,307,1,2686,0.944362461566925
1,307,2,455,0.9230789542198181
1,307,3,2704,0.9214766025543213
1,307,4,59,0.9165754318237305
1,307,5,1221,0.914484441280365
1,307,6,1116,0.9047951698303223
1,307,7,2504,0.9047572612762451
1,307,8,2978,0.9012287855148315
1,307,9,1449,0.8961663246154785
1,307,10,1611,0.8903443813323975
1,308,1,1597,0.939564049243927
1,308,2,1113,0.9359933733940125
1,308,3,540,0.935949981212616
1,308,4,1868,0.9301742911338806
1,308,5,2969,0.9268702268600464
1,308,6,2978,0.9231660962104797
1,308,7,455,0.9230642914772034
1,308,8,1221,0.9217092990875244
1,308,9,1592,0.9169703722000122
1,308,10,562,0.9011717438697815
1,309,1,562,0.9596682190895081
1,309,2,455,0.9295085072517395
1,309,3,1571,0.9276639223098755
1,309,4,2978,0.9224758148193359
1,309,5,1449,0.9211928248405457
1,309,6,1221,0.9128281474113464
1,309,7,2704,0.9098280668258667
1,309,8,1498,0.9025957584381104
1,309,9,1868,0.9020113945007324
1,309,10,2343,0.8999056220054626
1,310,1,2704,0.9190212488174438
1,310,2,455,0.9158855676651001
1,310,3,1701,0.9151538610458374
1,310,4,1498,0.9097995758056641
1,310,5,2974,0.9062892198562622
1,310,6,1221,0.9021032452583313
1,310,7,2978,0.8988887071609497
1,310,8,1449,0.8982531428337097
1,310,9,2504,0.8972655534744263
1,310,10,1868,0.8869146108627319
1,311,1,455,0.9188576936721802
1,311,2,1221,0.9143751859664917
1,311,3,2974,0.9068054556846619
1,311,4,2704,0.8976689577102661
1,311,5,2978,0.8971635699272156
1,311,6,59,0.8936782479286194
1,311,7,1611,0.8909837007522583
1,311,8,1995,0.8898271322250366
1,311,9,1597,0.8878729343414307
1,311,10,2504,0.8865256905555725
1,312,1,1571,0.9051601886749268
1,312,2,357,0.904165506362915
1,312,3,1701,0.9008030891418457
1,312,4,69,0.8956423401832581
1,312,5,2623,0.8955427408218384
1,312,6,1597,0.8897958397865295
1,312,7,2974,0.8858944177627563
1,312,8,2704,0.8815876245498657
1,312,9,2504,0.8792309761047363
1,312,10,1611,0.8768549561500549
1,314,1,1597,0.9607298970222473
1,314,2,2969,0.9535176753997803
1,314,3,1823,0.9517455101013184
1,314,4,1592,0.9473558068275452
1,314,5,1113,0.9457066059112549
1,314,6,540,0.9456418752670288
1,314,7,357,0.9389916658401489
1,314,8,1571,0.9320445656776428
1,314,9,1101,0.920824408531189
1,314,10,1701,0.9193190932273865
1,315,1,1823,0.9166004657745361
1,315,2,2672,0.9162504076957703
1,315,3,1592,0.9108287692070007
1,315,4,2969,0.908058762550354
1,315,5,1990,0.9068334102630615
1,315,6,2128,0.901988685131073
1,315,7,1794,0.9012981653213501
1,315,8,1113,0.8983238935470581
1,315,9,540,0.8977243900299072
1,315,10,1597,0.8974995017051697
1,316,1,2140,0.8944681882858276
1,316,2,1671,0.8913549184799194
1,316,3,3040,0.8906565308570862
1,316,4,285,0.8870997428894043
1,316,5,33,0.8869732618331909
1,316,6,1991,0.8843011856079102
1,316,7,2431,0.8835639357566833
1,316,8,2952,0.8821280002593994
1,316,9,637,0.8818429708480835
1,316,10,533,0.8810904622077942
1,317,1,1991,0.9124565720558167
1,317,2,1990,0.910247266292572
1,317,3,1794,0.9079132080078125
1,317,4,2929,0.9015007019042969
1,317,5,2128,0.9008877277374268
1,317,6,2075,0.8984776139259338
1,317,7,2484,0.898318886756897
1,317,8,2616,0.8904929757118225
1,317,9,1369,0.890169620513916
1,317,10,1206,0.8870497345924377
1,318,1,1671,0.8885282874107361
1,318,2,637,0.8881667852401733
1,318,3,1206,0.87699294090271
1,318,4,2140,0.8750007748603821
1,318,5,1062,0.8749749064445496
1,318,6,195,0.8739567399024963
1,318,7,2084,0.8734384775161743
1,318,8,104,0.8726865649223328
1,318,9,33,0.872543215751648
1,318,10,3040,0.871532678604126
1,319,1,533,0.8969197869300842
1,319,2,2952,0.8845344185829163
1,319,3,1173,0.8799365758895874
1,319,4,338,0.8784562349319458
1,319,5,1153,0.8782098293304443
1,319,6,1674,0.8770796656608582
1,319,7,1354,0.8769829273223877
1,319,8,2106,0.876968502998352
1,319,9,554,0.8761730790138245
1,319,10,2431,0.8760937452316284
1,321,1,1206,0.8963083028793335
1,321,2,2140,0.8919891119003296
1,321,3,3040,0.887753963470459
1,321,4,33,0.8860771059989929
1,321,5,104,0.8853031396865845
1,321,6,1991,0.8834587335586548
1,321,7,1369,0.8816126585006714
1,321,8,533,0.8801048994064331
1,321,9,1422,0.8789305686950684
1,321,10,1064,0.8762694001197815
1,322,1,533,0.9004458785057068
1,322,2,2952,0.8927716612815857
1,322,3,2431,0.8864445090293884
1,322,4,1674,0.8855183124542236
1,322,5,536,0.8852120637893677
1,322,6,1173,0.8851079344749451
1,322,7,863,0.8850064873695374
1,322,8,1153,0.8840823769569397
1,322,9,554,0.8839616775512695
1,322,10,1354,0.882811963558197
1,323,1,1671,0.9070113301277161
1,323,2,2140,0.902912974357605
1,323,3,637,0.9025180339813232
1,323,4,1206,0.9007868766784668
1,323,5,3040,0.8995363712310791
1,323,6,33,0.8966168165206909
1,323,7,104,0.8936258554458618
1,323,8,533,0.8898524045944214
1,323,9,1991,0.8877904415130615
1,323,10,2084,0.8873038291931152
1,324,1,637,0.8972773551940918
1,324,2,195,0.8971297740936279
1,324,3,1671,0.8959713578224182
1,324,4,1964,0.895563006401062
1,324,5,533,0.8883262276649475
1,324,6,1062,0.8848188519477844
1,324,7,1206,0.8798587918281555
1,324,8,1707,0.8767516016960144
1,324,9,982,0.8759035468101501
1,324,10,203,0.8747361898422241
1,325,1,2140,0.9017764925956726
1,325,2,3040,0.8991751074790955
1,325,3,285,0.8955797553062439
1,325,4,1369,0.8892771005630493
1,325,5,33,0.8869998455047607
1,325,6,1206,0.8849779367446899
1,325,7,2431,0.8807491064071655
1,325,8,2929,0.8785276412963867
1,325,9,1422,0.8785176277160645
1,325,10,510,0.8776793479919434
1,326,1,2140,0.8964452147483826
1,326,2,3040,0.8935174942016602
1,326,3,1206,0.8925585746765137
1,326,4,33,0.8882749676704407
1,326,5,1422,0.8814590573310852
1,326,6,1064,0.8811008334159851
1,326,7,2084,0.8805419206619263
1,326,8,1369,0.8800109028816223
1,326,9,2075,0.8777908086776733
1,326,10,2917,0.8777793049812317
1,327,1,637,0.8747954964637756
1,327,2,1671,0.8689072728157043
1,327,3,1206,0.861116349697113
1,327,4,1688,0.860496997833252
1,327,5,1368,0.8594817519187927
1,327,6,2296,0.8553794622421265
1,327,7,1707,0.8512892127037048
1,327,8,2106,0.8485603928565979
1,327,9,1422,0.8448469042778015
1,327,10,1964,0.8446981906890869
1,328,1,2929,0.8977605700492859
1,328,2,1369,0.8973936438560486
1,328,3,2140,0.8973889350891113
1,328,4,1990,0.8963960409164429
1,328,5,3040,0.8948361277580261
1,328,6,1206,0.8938061594963074
1,328,7,3069,0.8933307528495789
1,328,8,1794,0.888216495513916
1,328,9,2128,0.8828787803649902
1,328,10,3061,0.8822786211967468
1,329,1,2140,0.9060153365135193
1,329,2,3040,0.9039607048034668
1,329,3,1991,0.8948522806167603
1,329,4,1369,0.889142632484436
1,329,5,1206,0.8890140056610107
1,329,6,285,0.887912392616272
1,329,7,1671,0.8875360488891602
1,329,8,104,0.8864079117774963
1,329,9,2484,0.8862076997756958
1,329,10,2075,0.8848609328269958
1,330,1,2140,0.8968217372894287
1,330,2,3040,0.8954023122787476
1,330,3,33,0.8827295303344727
1,330,4,1671,0.8809700012207031
1,330,5,637,0.8758397698402405
1,330,6,1206,0.8755828738212585
1,330,7,533,0.8752714395523071
1,330,8,104,0.8742175102233887
1,330,9,1064,0.8680362105369568
1,330,10,285,0.867824375629425
1,331,1,2140,0.9009266495704651
1,331,2,3040,0.899003267288208
1,331,3,1991,0.8915621042251587
1,331,4,1206,0.8861539363861084
1,331,5,2484,0.8858721256256104
1,331,6,104,0.8851625919342041
1,331,7,2075,0.8843074440956116
1,331,8,1671,0.8842852711677551
1,331,9,1369,0.8834022879600525
1,331,10,637,0.878524899482727
1,332,1,2075,0.8542970418930054
1,332,2,104,0.8477227687835693
1,332,3,637,0.8449422121047974
1,332,4,1206,0.842491090297699
1,332,5,1991,0.8422467708587646
1,332,6,2484,0.8394702672958374
1,332,7,1671,0.8386187553405762
1,332,8,1064,0.8378608822822571
1,332,9,1794,0.834222137928009
1,332,10,2917,0.8316220641136169
1,333,1,2339,0.9156020879745483
1,333,2,2543,0.9152613878250122
1,333,3,2145,0.9100432395935059
1,333,4,2107,0.9060104489326477
1,333,5,2870,0.9043301939964294
1,333,6,2261,0.8974422216415405
1,333,7,1655,0.8936384320259094
1,333,8,2602,0.88687664270401
1,333,9,2272,0.8814905285835266
1,333,10,2384,0.8796676397323608
1,334,1,2339,0.9481924772262573
1,334,2,2557,0.9197471737861633
1,334,3,2529,0.8938329815864563
1,334,4,430,0.8923047184944153
1,334,5,2107,0.8901981711387634
1,334,6,1655,0.887671947479248
1,334,7,1491,0.885803759098053
1,334,8,899,0.8774219751358032
1,334,9,1913,0.8741763234138489
1,334,10,786,0.8734552264213562
1,335,1,2339,0.9477472305297852
1,335,2,2557,0.9349285960197449
1,335,3,430,0.9225279092788696
1,335,4,2529,0.9215067028999329
1,335,5,1481,0.9103494882583618
1,335,6,1913,0.9100560545921326
1,335,7,786,0.9092357158660889
1,335,8,2754,0.905255138874054
1,335,9,2788,0.903181254863739
1,335,10,1189,0.90265953540802
1,336,1,2339,0.9337864518165588
1,336,2,2557,0.9307982325553894
1,336,3,2529,0.9291418790817261
1,336,4,430,0.9287407398223877
1,336,5,1481,0.9251802563667297
1,336,6,1913,0.9232192039489746
1,336,7,786,0.9221358299255371
1,336,8,1189,0.9196998476982117
1,336,9,2788,0.913821280002594
1,336,10,2754,0.9123159050941467
1,337,1,2339,0.9516443610191345
1,337,2,2557,0.9254351854324341
1,337,3,2529,0.9157204031944275
1,337,4,1913,0.9090183973312378
1,337,5,430,0.9089635014533997
1,337,6,1481,0.9037390351295471
1,337,7,786,0.9036828279495239
1,337,8,1189,0.9004507660865784
1,337,9,2788,0.8891341090202332
1,337,10,2228,0.8849331140518188
1,338,1,2339,0.9443946480751038
1,338,2,2557,0.9275947213172913
1,338,3,2529,0.9263783097267151
1,338,4,1913,0.9251376390457153
1,338,5,1481,0.9203245639801025
1,338,6,430,0.9200180172920227
1,338,7,786,0.9180426597595215
1,338,8,1189,0.9180021286010742
1,338,9,2228,0.9053570628166199
1,338,10,2788,0.9036638140678406
1,339,1,1913,0.9247828125953674
1,339,2,2529,0.9231681823730469
1,339,3,2339,0.9226247668266296
1,339,4,1481,0.921267032623291
1,339,5,1189,0.9211350083351135
1,339,6,430,0.9191080331802368
1,339,7,786,0.918372392654419
1,339,8,2557,0.9167689681053162
1,339,9,2228,0.9100991487503052
1,339,10,1208,0.9038968086242676
1,340,1,1913,0.9265956878662109
1,340,2,2339,0.9249387383460999
1,340,3,2529,0.924637496471405
1,340,4,1189,0.9224776029586792
1,340,5,1481,0.9224649667739868
1,340,6,430,0.9203346371650696
1,340,7,786,0.9195600152015686
1,340,8,2557,0.9183939695358276
1,340,9,2228,0.9115831851959229
1,340,10,1208,0.9049168825149536
1,341,1,1265,0.8567120432853699
1,341,2,851,0.854106605052948
1,341,3,3027,0.8535165786743164
1,341,4,2176,0.8511900901794434
1,341,5,2106,0.8508608341217041
1,341,6,195,0.8506879806518555
1,341,7,982,0.8406564593315125
1,341,8,637,0.8403894901275635
1,341,9,1062,0.8353180885314941
1,341,10,2363,0.834700345993042
1,342,1,1265,0.8816602826118469
1,342,2,2322,0.8610943555831909
1,342,3,851,0.8533616065979004
1,342,4,3027,0.8525604009628296
1,342,5,195,0.8485807180404663
1,342,6,2176,0.8482203483581543
1,342,7,2106,0.8461644649505615
1,342,8,2363,0.8450164794921875
1,342,9,2971,0.84229975938797
1,342,10,1070,0.8388884663581848
1,343,1,899,0.9212602376937866
1,343,2,2145,0.9128462076187134
1,343,3,2339,0.9123948216438293
1,343,4,249,0.9101176261901855
1,343,5,2870,0.9094113707542419
1,343,6,2107,0.9061278700828552
1,343,7,1779,0.9025865197181702
1,343,8,788,0.9022930264472961
1,343,9,1293,0.8994516134262085
1,343,10,1655,0.8966535925865173
1,345,1,2312,0.8521842956542969
1,345,2,1897,0.8379104733467102
1,345,3,1472,0.8351312279701233
1,345,4,168,0.8234810829162598
1,345,5,1651,0.8222607374191284
1,345,6,482,0.8117241263389587
1,345,7,1265,0.8040898442268372
1,345,8,2440,0.7945132851600647
1,345,9,730,0.7918940782546997
1,345,10,2365,0.791469156742096
1,346,1,2312,0.8452028632164001
1,346,2,1897,0.8398728370666504
1,346,3,1651,0.8376554846763611
1,346,4,168,0.8288263082504272
1,346,5,2264,0.8286672234535217
1,346,6,671,0.8229226469993591
1,346,7,356,0.8160954713821411
1,346,8,2257,0.8099232912063599
1,346,9,730,0.8001879453659058
1,346,10,2365,0.7988660931587219
1,347,1,2312,0.8562750816345215
1,347,2,1897,0.854620635509491
1,347,3,387,0.8540979027748108
1,347,4,2403,0.8540855050086975
1,347,5,646,0.8539723753929138
1,347,6,1651,0.8365885615348816
1,347,7,730,0.8279316425323486
1,347,8,2365,0.8277987241744995
1,347,9,2257,0.8261893391609192
1,347,10,2440,0.8175123333930969
1,348,1,1265,0.8803614974021912
1,348,2,2971,0.8645997643470764
1,348,3,338,0.8645115494728088
1,348,4,2363,0.8634986877441406
1,348,5,195,0.8600925207138062
1,348,6,2176,0.8588734269142151
1,348,7,1367,0.8584168553352356
1,348,8,2322,0.857178270816803
1,348,9,2106,0.8560587763786316
1,348,10,851,0.8543677926063538
1,349,1,1265,0.8693295121192932
1,349,2,338,0.8607853055000305
1,349,3,2971,0.8583737015724182
1,349,4,2363,0.8565448522567749
1,349,5,1367,0.8561427593231201
1,349,6,195,0.849814772605896
1,349,7,2176,0.8475960493087769
1,349,8,2956,0.8475316762924194
1,349,9,446,0.845976710319519
1,349,10,2322,0.8457977771759033
1,350,1,1265,0.8527800440788269
1,350,2,2322,0.8298466205596924
1,350,3,851,0.8266090154647827
1,350,4,3027,0.8257521390914917
1,350,5,195,0.810621440410614
1,350,6,2176,0.8100658059120178
1,350,7,1070,0.8082584738731384
1,350,8,2106,0.807816743850708
1,350,9,2971,0.8075705766677856
1,350,10,338,0.8059962391853333
1,351,1,1265,0.8813343644142151
1,351,2,2322,0.8621730804443359
1,351,3,1070,0.8457895517349243
1,351,4,851,0.8421317934989929
1,351,5,3027,0.8412851095199585
1,351,6,2363,0.8383438587188721
1,351,7,2971,0.8371649384498596
1,351,8,1367,0.8360722064971924
1,351,9,195,0.83486008644104
1,351,10,338,0.8341171741485596
1,352,1,900,0.9156350493431091
1,352,2,2543,0.9103316068649292
1,352,3,899,0.9086508750915527
1,352,4,523,0.9038745164871216
1,352,5,1399,0.9019944667816162
1,352,6,90,0.8996809124946594
1,352,7,788,0.8996137976646423
1,352,8,886,0.8918663263320923
1,352,9,2871,0.8915513753890991
1,352,10,5,0.8906274437904358
1,353,1,356,0.8549022078514099
1,353,2,1651,0.8540194630622864
1,353,3,899,0.8426222205162048
1,353,4,2543,0.8400974273681641
1,353,5,900,0.8397215604782104
1,353,6,788,0.8360846042633057
1,353,7,1399,0.8355764746665955
1,353,8,671,0.8250252604484558
1,353,9,2264,0.8227982521057129
1,353,10,523,0.820814847946167
1,354,1,356,0.8623631596565247
1,354,2,1651,0.8595428466796875
1,354,3,432,0.8480434417724609
1,354,4,671,0.8423123955726624
1,354,5,900,0.8411131501197815
1,354,6,2257,0.8402248620986938
1,354,7,2264,0.8401566743850708
1,354,8,1215,0.8386632800102234
1,354,9,899,0.8379006385803223
1,354,10,2543,0.837805986404419
1,355,1,356,0.865928590297699
1,355,2,1651,0.8646296858787537
1,355,3,899,0.8478786945343018
1,355,4,900,0.8478259444236755
1,355,5,2543,0.8463965654373169
1,355,6,432,0.8428851962089539
1,355,7,1399,0.8426732420921326
1,355,8,671,0.8416152000427246
1,355,9,788,0.8398393392562866
1,355,10,2264,0.838882327079773
1,356,1,900,0.913486897945404
1,356,2,2543,0.9059298634529114
1,356,3,899,0.9025459289550781
1,356,4,523,0.9001532793045044
1,356,5,90,0.8958814740180969
1,356,6,1399,0.895780622959137
1,356,7,886,0.8930409550666809
1,356,8,2871,0.8929867148399353
1,356,9,5,0.8920562267303467
1,356,10,1517,0.8919779062271118
1,359,1,2312,0.8719046115875244
1,359,2,482,0.8689852952957153
1,359,3,1897,0.8666144609451294
1,359,4,1472,0.8595890998840332
1,359,5,387,0.8583483099937439
1,359,6,2403,0.8581554889678955
1,359,7,646,0.8579909801483154
1,359,8,1793,0.8504837155342102
1,359,9,2440,0.8499456644058228
1,359,10,270,0.8468284010887146
1,360,1,2312,0.8719046115875244
1,360,2,482,0.8689852952957153
1,360,3,1897,0.8666144609451294
1,360,4,1472,0.8595890998840332
1,360,5,387,0.8583483099937439
1,360,6,2403,0.8581554889678955
1,360,7,646,0.8579909801483154
1,360,8,1793,0.8504837155342102
1,360,9,2440,0.8499456644058228
1,360,10,270,0.8468284010887146
1,361,1,2312,0.8719046115875244
1,361,2,482,0.8689852952957153
1,361,3,1897,0.8666144609451294
1,361,4,1472,0.8595890998840332
1,361,5,387,0.8583483099937439
1,361,6,2403,0.8581554889678955
1,361,7,646,0.8579909801483154
1,361,8,1793,0.8504837155342102
1,361,9,2440,0.8499456644058228
1,361,10,270,0.8468284010887146
1,362,1,2312,0.8719046115875244
1,362,2,482,0.8689852952957153
1,362,3,1897,0.8666144609451294
1,362,4,1472,0.8595890998840332
1,362,5,387,0.8583483099937439
1,362,6,2403,0.8581554889678955
1,362,7,646,0.8579909801483154
1,362,8,1793,0.8504837155342102
1,362,9,2440,0.8499456644058228
1,362,10,270,0.8468284010887146
1,363,1,2312,0.8719046115875244
1,363,2,482,0.8689852952957153
1,363,3,1897,0.8666144609451294
1,363,4,1472,0.8595890998840332
1,363,5,387,0.8583483099937439
1,363,6,2403,0.8581554889678955
1,363,7,646,0.8579909801483154
1,363,8,1793,0.8504837155342102
1,363,9,2440,0.8499456644058228
1,363,10,270,0.8468284010887146
1,364,1,2830,0.9288681149482727
1,364,2,1180,0.8997173309326172
1,364,3,2867,0.8934406638145447
1,364,4,1159,0.8820242285728455
1,364,5,2759,0.8756138682365417
1,364,6,2185,0.8580334186553955
1,364,7,572,0.8576477766036987
1,364,8,2710,0.8547588586807251
1,364,9,108,0.8507781624794006
1,364,10,1659,0.8503595590591431
1,365,1,2830,0.9490934014320374
1,365,2,2078,0.9137855172157288
1,365,3,572,0.8858557343482971
1,365,4,1180,0.88257896900177
1,365,5,1277,0.8786662220954895
1,365,6,2867,0.8749107122421265
1,365,7,2185,0.8640866279602051
1,365,8,1159,0.858999490737915
1,365,9,1072,0.8550356030464172
1,365,10,108,0.8491145372390747
1,366,1,2830,0.9473772644996643
1,366,2,1379,0.9403135180473328
1,366,3,2867,0.9346227645874023
1,366,4,2235,0.9320815205574036
1,366,5,1159,0.9295254945755005
1,366,6,1180,0.9279447197914124
1,366,7,89,0.9187264442443848
1,366,8,1307,0.9105510115623474
1,366,9,2603,0.9081713557243347
1,366,10,1380,0.9011194109916687
1,367,1,2830,0.9501760005950928
1,367,2,1072,0.8960546851158142
1,367,3,1494,0.8954126238822937
1,367,4,1203,0.8887717127799988
1,367,5,1277,0.871860921382904
1,367,6,1180,0.8406773209571838
1,367,7,2867,0.8347800970077515
1,367,8,572,0.8326287865638733
1,367,9,3061,0.8317047953605652
1,367,10,1437,0.8262311220169067
1,368,1,2830,0.9313108325004578
1,368,2,1180,0.8996347188949585
1,368,3,2867,0.8979673981666565
1,368,4,1159,0.8878834843635559
1,368,5,1379,0.8633614778518677
1,368,6,1653,0.8539435267448425
1,368,7,2710,0.8520496487617493
1,368,8,2603,0.8464587926864624
1,368,9,1380,0.8318865299224854
1,368,10,1072,0.8307635188102722
1,369,1,2790,0.8001712560653687
1,369,2,742,0.782059907913208
1,369,3,1767,0.7792802453041077
1,369,4,2888,0.7746995091438293
1,369,5,1108,0.7742766737937927
1,369,6,2464,0.7702028751373291
1,369,7,876,0.7650722861289978
1,369,8,2028,0.7639160752296448
1,369,9,2761,0.7615001797676086
1,369,10,2183,0.7529422044754028
1,370,1,2790,0.800879955291748
1,370,2,742,0.7838172912597656
1,370,3,1398,0.7820898294448853
1,370,4,1108,0.7803807258605957
1,370,5,1767,0.7764939665794373
1,370,6,477,0.7721728086471558
1,370,7,2028,0.767879068851471
1,370,8,2183,0.7598715424537659
1,370,9,876,0.7592988014221191
1,370,10,2761,0.757857084274292
1,371,1,2790,0.8046290874481201
1,371,2,742,0.7889719009399414
1,371,3,1108,0.7888060212135315
1,371,4,1606,0.7855643033981323
1,371,5,272,0.7853097915649414
1,371,6,1767,0.7771944999694824
1,371,7,2028,0.7742375135421753
1,371,8,2183,0.7683205008506775
1,371,9,112,0.7641665935516357
1,371,10,876,0.7572008371353149
1,372,1,1678,0.8027533292770386
1,372,2,2790,0.7989330887794495
1,372,3,742,0.7821347117424011
1,372,4,2321,0.7815188765525818
1,372,5,1826,0.7787523865699768
1,372,6,1767,0.7755312323570251
1,372,7,2028,0.7634852528572083
1,372,8,876,0.7595043778419495
1,372,9,2761,0.7563540935516357
1,372,10,2183,0.7549687623977661
1,373,1,2790,0.7999869585037231
1,373,2,1347,0.7959383130073547
1,373,3,2441,0.7892135381698608
1,373,4,742,0.7849135398864746
1,373,5,477,0.7826838493347168
1,373,6,1767,0.7709246873855591
1,373,7,2028,0.7669577598571777
1,373,8,2183,0.7622259259223938
1,373,9,112,0.7591863870620728
1,373,10,704,0.7557610869407654
1,374,1,2790,0.8047075867652893
1,374,2,1678,0.7982959151268005
1,374,3,2321,0.7944906949996948
1,374,4,742,0.7906137704849243
1,374,5,1606,0.7873199582099915
1,374,6,1767,0.7765117883682251
1,374,7,2028,0.7736057043075562
1,374,8,2183,0.7694294452667236
1,374,9,112,0.7654860615730286
1,374,10,2826,0.7611324787139893
1,375,1,2790,0.7951197624206543
1,375,2,1678,0.7895506024360657
1,375,3,272,0.786003589630127
1,375,4,477,0.78233802318573
1,375,5,742,0.7814450263977051
1,375,6,1767,0.764940619468689
1,375,7,2028,0.7603038549423218
1,375,8,2183,0.7575088739395142
1,375,9,704,0.7572723031044006
1,375,10,112,0.7556260228157043
1,378,1,2790,0.8074143528938293
1,378,2,742,0.7918203473091125
1,378,3,2321,0.7891796827316284
1,378,4,2441,0.7843164205551147
1,378,5,1767,0.7823852300643921
1,378,6,1606,0.7808705568313599
1,378,7,2028,0.7791260480880737
1,378,8,2183,0.7716619372367859
1,378,9,112,0.7663297653198242
1,378,10,2761,0.7642072439193726
1,379,1,2790,0.7991642951965332
1,379,2,742,0.781116783618927
1,379,3,918,0.7809261679649353
1,379,4,2739,0.7804937958717346
1,379,5,1767,0.7764008641242981
1,379,6,1606,0.7721915245056152
1,379,7,2028,0.7628714442253113
1,379,8,876,0.7611101865768433
1,379,9,2761,0.7576304078102112
1,379,10,2183,0.7530787587165833
1,380,1,2790,0.8060368895530701
1,380,2,742,0.7905164361000061
1,380,3,2739,0.7890209555625916
1,380,4,2321,0.7886049151420593
1,380,5,1767,0.7811944484710693
1,380,6,272,0.7806036472320557
1,380,7,2028,0.7750164866447449
1,380,8,2183,0.7674164175987244
1,380,9,112,0.7631229162216187
1,380,10,876,0.7626164555549622
1,381,1,2790,0.8095922470092773
1,381,2,1347,0.7992976903915405
1,381,3,1678,0.7981706261634827
1,381,4,918,0.7963759899139404
1,381,5,742,0.7957172393798828
1,381,6,1767,0.781610906124115
1,381,7,2028,0.7796964049339294
1,381,8,2183,0.7762659192085266
1,381,9,112,0.7709673047065735
1,381,10,2826,0.7682920694351196
1,383,1,2790,0.8054102063179016
1,383,2,742,0.7903527021408081
1,383,3,1606,0.7818415760993958
1,383,4,272,0.7817624807357788
1,383,5,1767,0.7796539664268494
1,383,6,477,0.777644157409668
1,383,7,2028,0.7754698991775513
1,383,8,2183,0.7685940861701965
1,383,9,112,0.7642544507980347
1,383,10,876,0.7611669301986694
1,385,1,2790,0.7996628284454346
1,385,2,742,0.7841593623161316
1,385,3,2687,0.780601978302002
1,385,4,1826,0.7804295420646667
1,385,5,1767,0.7757938504219055
1,385,6,477,0.7714847922325134
1,385,7,2028,0.7659887075424194
1,385,8,876,0.759261965751648
1,385,9,2183,0.7578403949737549
1,385,10,2761,0.7554017901420593
1,386,1,2790,0.8040494322776794
1,386,2,1678,0.7980140447616577
1,386,3,2888,0.7913468480110168
1,386,4,742,0.7900803089141846
1,386,5,2687,0.7890849709510803
1,386,6,1767,0.7761331796646118
1,386,7,2028,0.7725539207458496
1,386,8,2183,0.7682110667228699
1,386,9,112,0.7642924189567566
1,386,10,2826,0.7599828243255615
1,387,1,2790,0.8035784363746643
1,387,2,2687,0.7890283465385437
1,387,3,742,0.787314236164093
1,387,4,2464,0.7862095832824707
1,387,5,477,0.7809023261070251
1,387,6,1767,0.7761868238449097
1,387,7,2028,0.7714033126831055
1,387,8,2183,0.7654085159301758
1,387,9,112,0.7614202499389648
1,387,10,876,0.7563380599021912
1,388,1,2790,0.8105047941207886
1,388,2,742,0.7960208058357239
1,388,3,2441,0.7896156907081604
1,388,4,1108,0.7896142601966858
1,388,5,2687,0.7893363833427429
1,388,6,1767,0.7839380502700806
1,388,7,2028,0.782707154750824
1,388,8,2183,0.7773292064666748
1,388,9,112,0.7720567584037781
1,388,10,91,0.7665181159973145
1,391,1,2790,0.8019689917564392
1,391,2,1347,0.7927345633506775
1,391,3,1398,0.7875264286994934
1,391,4,2888,0.7868944406509399
1,391,5,742,0.7868109345436096
1,391,6,1767,0.7761314511299133
1,391,7,2028,0.7676820158958435
1,391,8,2183,0.7608270049095154
1,391,9,876,0.7577464580535889
1,391,10,112,0.7576298117637634
1,392,1,2156,0.9552690386772156
1,392,2,2558,0.9548817276954651
1,392,3,2595,0.945735514163971
1,392,4,1673,0.9448835849761963
1,392,5,2931,0.9389259219169617
1,392,6,1577,0.9355619549751282
1,392,7,1837,0.9344393014907837
1,392,8,1484,0.934202253818512
1,392,9,575,0.9341778755187988
1,392,10,2157,0.9313175678253174
1,395,1,716,0.9630881547927856
1,395,2,1484,0.9511281251907349
1,395,3,2595,0.9463037848472595
1,395,4,1673,0.9455896615982056
1,395,5,1577,0.9421091079711914
1,395,6,1837,0.9414571523666382
1,395,7,2931,0.9414200782775879
1,395,8,1320,0.9365392327308655
1,395,9,575,0.9352996945381165
1,395,10,2157,0.933125376701355
1,396,1,2595,0.956470787525177
1,396,2,1673,0.9551519155502319
1,396,3,2931,0.9383948445320129
1,396,4,1231,0.9329124093055725
1,396,5,2354,0.932770848274231
1,396,6,286,0.931765615940094
1,396,7,1476,0.9315435290336609
1,396,8,575,0.928006112575531
1,396,9,668,0.926410436630249
1,396,10,2157,0.9257041811943054
1,397,1,1198,0.8912941813468933
1,397,2,206,0.8906364440917969
1,397,3,609,0.8901981711387634
1,397,4,89,0.8868713974952698
1,397,5,1301,0.8867090344429016
1,397,6,1379,0.8777823448181152
1,397,7,1597,0.8537217378616333
1,397,8,2112,0.8477863669395447
1,397,9,357,0.8476924896240234
1,397,10,1653,0.8458914756774902
1,398,1,493,0.9384800791740417
1,398,2,2397,0.9364789128303528
1,398,3,2188,0.9315618872642517
1,398,4,774,0.9208469986915588
1,398,5,2423,0.9179446697235107
1,398,6,2488,0.916209876537323
1,398,7,2906,0.9138168096542358
1,398,8,2643,0.9132397174835205
1,398,9,521,0.9048709869384766
1,398,10,2033,0.9045608639717102
1,399,1,206,0.9279382824897766
1,399,2,609,0.9274695515632629
1,399,3,1383,0.9230320453643799
1,399,4,49,0.9220829606056213
1,399,5,2136,0.9215858578681946
1,399,6,1478,0.9204713702201843
1,399,7,65,0.9062251448631287
1,399,8,2112,0.9008609056472778
1,399,9,1380,0.8936919569969177
1,399,10,2640,0.8888070583343506
1,400,1,1301,0.9556443691253662
1,400,2,1307,0.9511917233467102
1,400,3,2910,0.9236195087432861
1,400,4,2136,0.9146395325660706
1,400,5,1383,0.9042998552322388
1,400,6,1478,0.9025586247444153
1,400,7,2568,0.9023786187171936
1,400,8,49,0.9015952348709106
1,400,9,2235,0.8917032480239868
1,400,10,65,0.8853037357330322
1,401,1,2595,0.9753628969192505
1,401,2,1673,0.9747294187545776
1,401,3,1945,0.9666840434074402
1,401,4,1231,0.9662285447120667
1,401,5,2354,0.9662069082260132
1,401,6,2931,0.9658049941062927
1,401,7,668,0.9655248522758484
1,401,8,1476,0.9655090570449829
1,401,9,2862,0.964202344417572
1,401,10,2355,0.9635868668556213
1,403,1,2112,0.9170683026313782
1,403,2,2568,0.9138732552528381
1,403,3,527,0.9073687195777893
1,403,4,475,0.900779664516449
1,403,5,1198,0.8962128162384033
1,403,6,89,0.8828530311584473
1,403,7,1999,0.8781782984733582
1,403,8,2504,0.8779757022857666
1,403,9,2704,0.8730447292327881
1,403,10,2080,0.8709784746170044
1,404,1,1307,0.9537407755851746
1,404,2,1570,0.9405666589736938
1,404,3,2758,0.9354893565177917
1,404,4,49,0.9203414916992188
1,404,5,1383,0.918852686882019
1,404,6,1380,0.9064807295799255
1,404,7,1478,0.899785041809082
1,404,8,65,0.8977723121643066
1,404,9,2603,0.8949552178382874
1,404,10,2274,0.8940690159797668
1,405,1,562,0.9694713950157166
1,405,2,2686,0.960220217704773
1,405,3,69,0.9595181941986084
1,405,4,2623,0.9477759003639221
1,405,5,1995,0.9393555521965027
1,405,6,455,0.9378203749656677
1,405,7,2704,0.9377420544624329
1,405,8,59,0.9373422861099243
1,405,9,1701,0.9336830377578735
1,405,10,1811,0.933147132396698
1,406,1,2704,0.9527913928031921
1,406,2,562,0.9514648914337158
1,406,3,69,0.9340460896492004
1,406,4,2686,0.9227734208106995
1,406,5,2112,0.9174221158027649
1,406,6,1498,0.9151410460472107
1,406,7,1995,0.907472550868988
1,406,8,2623,0.9021624326705933
1,406,9,1221,0.898216724395752
1,406,10,2752,0.8981355428695679
1,407,1,1200,0.9280880093574524
1,407,2,2615,0.9249093532562256
1,407,3,2033,0.9225228428840637
1,407,4,1498,0.9198306798934937
1,407,5,493,0.9173451066017151
1,407,6,774,0.9085753560066223
1,407,7,949,0.9064630270004272
1,407,8,1184,0.9029296636581421
1,407,9,665,0.8999532461166382
1,407,10,1040,0.8995553851127625
1,408,1,493,0.9433799982070923
1,408,2,774,0.9419774413108826
1,408,3,2033,0.9343864321708679
1,408,4,2615,0.934281051158905
1,408,5,1200,0.9293026328086853
1,408,6,949,0.921273410320282
1,408,7,2397,0.9190443158149719
1,408,8,196,0.9157224297523499
1,408,9,3017,0.9119948148727417
1,408,10,2906,0.9106616973876953
1,409,1,521,0.9431247115135193
1,409,2,1408,0.9425825476646423
1,409,3,539,0.9386598467826843
1,409,4,1878,0.9374293684959412
1,409,5,2785,0.9340994358062744
1,409,6,3017,0.9268498420715332
1,409,7,2643,0.9199659824371338
1,409,8,2817,0.9170709252357483
1,409,9,2033,0.8910592794418335
1,409,10,2615,0.8897214531898499
1,410,1,2210,0.9304404258728027
1,410,2,1386,0.9274499416351318
1,410,3,2391,0.9267950654029846
1,410,4,410,0.9255282282829285
1,410,5,665,0.9242133498191833
1,410,6,2906,0.9239888191223145
1,410,7,672,0.9224693775177002
1,410,8,774,0.9218742847442627
1,410,9,2615,0.9197362661361694
1,410,10,1184,0.9192542433738708
1,411,1,58,0.9271447062492371
1,411,2,1386,0.926182746887207
1,411,3,410,0.9246927499771118
1,411,4,466,0.9242730140686035
1,411,5,2391,0.9216152429580688
1,411,6,1040,0.9209809899330139
1,411,7,3079,0.9204192757606506
1,411,8,513,0.9183109998703003
1,411,9,1258,0.9177504777908325
1,411,10,301,0.9173681735992432
1,412,1,410,0.9126877784729004
1,412,2,1878,0.9080203175544739
1,412,3,672,0.9051380157470703
1,412,4,1587,0.9009817242622375
1,412,5,1048,0.8999124765396118
1,412,6,2210,0.898419976234436
1,412,7,833,0.8983719348907471
1,412,8,2814,0.8965399265289307
1,412,9,1718,0.8957351446151733
1,412,10,301,0.8946917057037354
1,413,1,2328,0.9019555449485779
1,413,2,995,0.8998045325279236
1,413,3,12,0.8986994624137878
1,413,4,2093,0.8985024094581604
1,413,5,273,0.8912584185600281
1,413,6,2769,0.890246570110321
1,413,7,259,0.8891534209251404
1,413,8,939,0.888770580291748
1,413,9,2743,0.8875620365142822
1,413,10,194,0.8862879276275635
1,414,1,410,0.9464259743690491
1,414,2,301,0.9363977313041687
1,414,3,672,0.9323936700820923
1,414,4,2912,0.9319326281547546
1,414,5,1587,0.9308919906616211
1,414,6,1386,0.9304298162460327
1,414,7,2942,0.9282614588737488
1,414,8,394,0.926417887210846
1,414,9,58,0.9262524843215942
1,414,10,2391,0.9262252449989319
1,415,1,2761,0.8615877032279968
1,415,2,876,0.8284174203872681
1,415,3,1678,0.8237296938896179
1,415,4,621,0.8202676177024841
1,415,5,2851,0.8180225491523743
1,415,6,742,0.8171610832214355
1,415,7,2700,0.813457727432251
1,415,8,2359,0.8085816502571106
1,415,9,585,0.7977676391601562
1,415,10,201,0.7922865152359009
1,416,1,2566,0.9208831191062927
1,416,2,1467,0.9193776845932007
1,416,3,2911,0.9152032732963562
1,416,4,173,0.9141334295272827
1,416,5,507,0.9086872339248657
1,416,6,2942,0.907810628414154
1,416,7,1469,0.9056437611579895
1,416,8,2912,0.9047601222991943
1,416,9,293,0.9024999737739563
1,416,10,2814,0.8985625505447388
1,417,1,1590,0.8501163125038147
1,417,2,876,0.8489840030670166
1,417,3,1749,0.8429966568946838
1,417,4,957,0.8371999263763428
1,417,5,2035,0.8370947241783142
1,417,6,173,0.8241537809371948
1,417,7,2205,0.820692241191864
1,417,8,2359,0.8154703378677368
1,417,9,2028,0.8077667951583862
1,417,10,1579,0.8052375912666321
1,418,1,2761,0.9085885882377625
1,418,2,2851,0.8951750993728638
1,418,3,2700,0.8796786665916443
1,418,4,621,0.8749728202819824
1,418,5,1749,0.8630750775337219
1,418,6,957,0.8594436645507812
1,418,7,2035,0.8570339679718018
1,418,8,2359,0.8530717492103577
1,418,9,2205,0.8323914408683777
1,418,10,173,0.8321439027786255
1,419,1,2761,0.8858803510665894
1,419,2,2851,0.8549110293388367
1,419,3,621,0.854021430015564
1,419,4,2700,0.8495623469352722
1,419,5,876,0.8475692272186279
1,419,6,2359,0.8346604108810425
1,419,7,1590,0.8289514183998108
1,419,8,585,0.8265546560287476
1,419,9,742,0.8228016495704651
1,419,10,1749,0.8225712776184082
1,420,1,2761,0.8611557483673096
1,420,2,621,0.8574017286300659
1,420,3,2359,0.8572189211845398
1,420,4,1767,0.8543767333030701
1,420,5,2790,0.8523881435394287
1,420,6,201,0.8510329723358154
1,420,7,742,0.8479241132736206
1,420,8,585,0.8445445895195007
1,420,9,2700,0.833056628704071
1,420,10,64,0.8298134207725525
1,421,1,957,0.906228244304657
1,421,2,1590,0.8991471529006958
1,421,3,2851,0.8984307646751404
1,421,4,2700,0.8919532299041748
1,421,5,2761,0.8919093012809753
1,421,6,621,0.8850187063217163
1,421,7,2035,0.8849958777427673
1,421,8,2205,0.8755048513412476
1,421,9,1579,0.8694409728050232
1,421,10,173,0.8689090609550476
1,422,1,2761,0.8745948672294617
1,422,2,2028,0.8720623850822449
1,422,3,621,0.8682870864868164
1,422,4,2359,0.8628177642822266
1,422,5,1767,0.8610204458236694
1,422,6,585,0.8509254455566406
1,422,7,2790,0.8508226275444031
1,422,8,2700,0.8464999198913574
1,422,9,742,0.8457732200622559
1,422,10,64,0.8327973484992981
1,423,1,2761,0.9087144732475281
1,423,2,621,0.8955144882202148
1,423,3,2700,0.8848109245300293
1,423,4,2851,0.8837326169013977
1,423,5,2359,0.881424069404602
1,423,6,1767,0.8785465955734253
1,423,7,585,0.8713720440864563
1,423,8,1590,0.8613685965538025
1,423,9,876,0.8535552024841309
1,423,10,64,0.8504019379615784
1,424,1,2359,0.932636022567749
1,424,2,2308,0.930286705493927
1,424,3,518,0.9296836256980896
1,424,4,1293,0.9279698729515076
1,424,5,64,0.9259545803070068
1,424,6,624,0.9192917943000793
1,424,7,201,0.9178962707519531
1,424,8,576,0.9146590232849121
1,424,9,621,0.9107593894004822
1,424,10,670,0.907539963722229
1,425,1,2359,0.8986630439758301
1,425,2,624,0.8985763788223267
1,425,3,1791,0.8973524570465088
1,425,4,201,0.8942490220069885
1,425,5,2609,0.8926130533218384
1,425,6,91,0.8890689611434937
1,425,7,2721,0.8870036005973816
1,425,8,1884,0.885549008846283
1,425,9,3019,0.8820308446884155
1,425,10,1696,0.874371349811554
1,427,1,2359,0.9086862206459045
1,427,2,2761,0.9054940342903137
1,427,3,2700,0.8948910236358643
1,427,4,201,0.8915366530418396
1,427,5,2851,0.8837772011756897
1,427,6,1590,0.8708368539810181
1,427,7,1767,0.8669987916946411
1,427,8,957,0.8606317043304443
1,427,9,2028,0.8601853847503662
1,427,10,1749,0.8513354659080505
1,428,1,2308,0.9342378973960876
1,428,2,1293,0.9302676916122437
1,428,3,2359,0.9302541613578796
1,428,4,624,0.9271989464759827
1,428,5,64,0.9240633845329285
1,428,6,2609,0.9234539866447449
1,428,7,201,0.9193249344825745
1,428,8,538,0.9094833135604858
1,428,9,585,0.9045726656913757
1,428,10,621,0.9022440910339355
1,429,1,2308,0.9342378973960876
1,429,2,1293,0.9302676916122437
1,429,3,2359,0.9302541613578796
1,429,4,624,0.9271989464759827
1,429,5,64,0.9240633845329285
1,429,6,2609,0.9234539866447449
1,429,7,201,0.9193249344825745
1,429,8,538,0.9094833135604858
1,429,9,585,0.9045726656913757
1,429,10,621,0.9022440910339355
1,430,1,2308,0.9342378973960876
1,430,2,1293,0.9302676916122437
1,430,3,2359,0.9302541613578796
1,430,4,624,0.9271989464759827
1,430,5,64,0.9240633845329285
1,430,6,2609,0.9234539866447449
1,430,7,201,0.9193249344825745
1,430,8,538,0.9094833135604858
1,430,9,585,0.9045726656913757
1,430,10,621,0.9022440910339355
1,435,1,957,0.8890329599380493
1,435,2,2851,0.8871545791625977
1,435,3,2761,0.8830850124359131
1,435,4,1590,0.8777514100074768
1,435,5,2205,0.8616011738777161
1,435,6,2035,0.8560162782669067
1,435,7,1579,0.8547899127006531
1,435,8,264,0.851528525352478
1,435,9,1749,0.8505950570106506
1,435,10,201,0.8481077551841736
1,436,1,957,0.9108579754829407
1,436,2,2851,0.902385413646698
1,436,3,1590,0.8938981294631958
1,436,4,2205,0.8936260938644409
1,436,5,1579,0.8887307643890381
1,436,6,2761,0.8851844072341919
1,436,7,173,0.8836643695831299
1,436,8,2035,0.8811416625976562
1,436,9,293,0.8798098564147949
1,436,10,2566,0.8785784840583801
1,437,1,957,0.9140490293502808
1,437,2,2851,0.9060924053192139
1,437,3,1590,0.8967708349227905
1,437,4,2205,0.8939869403839111
1,437,5,2761,0.8917170763015747
1,437,6,1579,0.889782726764679
1,437,7,2700,0.8867995738983154
1,437,8,293,0.880893886089325
1,437,9,173,0.8804962038993835
1,437,10,2035,0.879996657371521
1,438,1,957,0.9117007255554199
1,438,2,1579,0.8948334455490112
1,438,3,2205,0.8947864174842834
1,438,4,293,0.8902257680892944
1,438,5,2851,0.886410117149353
1,438,6,1467,0.8852501511573792
1,438,7,2566,0.8845678567886353
1,438,8,2911,0.8840570449829102
1,438,9,1590,0.8817113637924194
1,438,10,884,0.8800042271614075
1,439,1,2205,0.945320188999176
1,439,2,2566,0.9413464665412903
1,439,3,1467,0.9383825659751892
1,439,4,2911,0.9344874620437622
1,439,5,173,0.9310123920440674
1,439,6,507,0.9276778101921082
1,439,7,2942,0.9269533753395081
1,439,8,2912,0.9242398738861084
1,439,9,1469,0.9226877093315125
1,439,10,293,0.9217094779014587
1,441,1,173,0.9166557192802429
1,441,2,2566,0.9109531044960022
1,441,3,884,0.9015352129936218
1,441,4,1469,0.8963810205459595
1,441,5,1009,0.886443018913269
1,441,6,507,0.8851452469825745
1,441,7,1590,0.8846116065979004
1,441,8,2942,0.8823991417884827
1,441,9,2814,0.8804593086242676
1,441,10,2912,0.8776177763938904
1,443,1,884,0.9436785578727722
1,443,2,1579,0.939242422580719
1,443,3,1467,0.9311407208442688
1,443,4,2725,0.9307597875595093
1,443,5,301,0.9252282977104187
1,443,6,2205,0.9239295125007629
1,443,7,410,0.9233357906341553
1,443,8,3079,0.9226412177085876
1,443,9,2942,0.9215422868728638
1,443,10,2912,0.9213200807571411
1,445,1,884,0.9461831450462341
1,445,2,1579,0.9432510137557983
1,445,3,2912,0.9415602684020996
1,445,4,301,0.9415045380592346
1,445,5,2942,0.94081711769104
1,445,6,2911,0.937815248966217
1,445,7,507,0.9373411536216736
1,445,8,1467,0.9342288374900818
1,445,9,672,0.9319937229156494
1,445,10,394,0.9314296841621399
1,446,1,1579,0.9505103230476379
1,446,2,884,0.9476233124732971
1,446,3,2205,0.9430630207061768
1,446,4,1467,0.9407400488853455
1,446,5,2911,0.9405601024627686
1,446,6,301,0.9369134306907654
1,446,7,2912,0.9361773133277893
1,446,8,507,0.9360189437866211
1,446,9,293,0.9330804347991943
1,446,10,2814,0.9329481720924377
1,448,1,1579,0.9344091415405273
1,448,2,410,0.9333595037460327
1,448,3,884,0.9330572485923767
1,448,4,2566,0.9279685616493225
1,448,5,2205,0.9277304410934448
1,448,6,1469,0.9266743659973145
1,448,7,1467,0.9265457987785339
1,448,8,2911,0.9256729483604431
1,448,9,1587,0.9244170784950256
1,448,10,394,0.9233148097991943
1,449,1,884,0.9428178071975708
1,449,2,1579,0.9411220550537109
1,449,3,2911,0.9368566274642944
1,449,4,1467,0.9336715340614319
1,449,5,2566,0.9332608580589294
1,449,6,2205,0.9304506182670593
1,449,7,293,0.9251558184623718
1,449,8,301,0.9249122142791748
1,449,9,466,0.9248912930488586
1,449,10,410,0.9234263300895691
1,450,1,410,0.9413068890571594
1,450,2,1386,0.9314547181129456
1,450,3,507,0.9271966218948364
1,450,4,2391,0.9258776903152466
1,450,5,1587,0.9250491857528687
1,450,6,884,0.9245253801345825
1,450,7,58,0.924476683139801
1,450,8,1718,0.9224920272827148
1,450,9,466,0.9202282428741455
1,450,10,1048,0.9190853834152222
1,451,1,1579,0.9490121603012085
1,451,2,2205,0.947041928768158
1,451,3,2566,0.9428655505180359
1,451,4,884,0.9410167336463928
1,451,5,1467,0.9387392401695251
1,451,6,1469,0.9376274943351746
1,451,7,2911,0.934221088886261
1,451,8,410,0.9293888211250305
1,451,9,301,0.9278475642204285
1,451,10,293,0.9251139760017395
1,452,1,1579,0.9560672044754028
1,452,2,2205,0.9515199065208435
1,452,3,884,0.9502080082893372
1,452,4,2566,0.9497804641723633
1,452,5,1467,0.9454893469810486
1,452,6,2911,0.9429495930671692
1,452,7,507,0.9381738305091858
1,452,8,1469,0.9373763799667358
1,452,9,410,0.9348861575126648
1,452,10,293,0.9343305826187134
1,453,1,1386,0.9449924826622009
1,453,2,1040,0.9416494965553284
1,453,3,513,0.9364590644836426
1,453,4,1258,0.9360300898551941
1,453,5,58,0.931481659412384
1,453,6,2210,0.9277699589729309
1,453,7,410,0.92768394947052
1,453,8,466,0.9274839758872986
1,453,9,672,0.9270162582397461
1,453,10,301,0.9216787815093994
1,454,1,410,0.9495055675506592
1,454,2,2942,0.9438667297363281
1,454,3,884,0.942642331123352
1,454,4,507,0.9422871470451355
1,454,5,1579,0.9410845637321472
1,454,6,2814,0.9380064606666565
1,454,7,2566,0.9353765249252319
1,454,8,394,0.9351806044578552
1,454,9,191,0.9335383176803589
1,454,10,1469,0.9334993362426758
1,455,1,410,0.9218735098838806
1,455,2,672,0.9164249897003174
1,455,3,1386,0.9153410196304321
1,455,4,301,0.9121333360671997
1,455,5,3017,0.9120506048202515
1,455,6,2912,0.9117620587348938
1,455,7,58,0.9101462364196777
1,455,8,2942,0.9069029092788696
1,455,9,665,0.9055342674255371
1,455,10,1040,0.9039896130561829
1,456,1,410,0.9387370347976685
1,456,2,672,0.9298753142356873
1,456,3,301,0.9291055798530579
1,456,4,2912,0.9284506440162659
1,456,5,1386,0.9279815554618835
1,456,6,2942,0.9245083332061768
1,456,7,58,0.9229499101638794
1,456,8,1587,0.9216120839118958
1,456,9,507,0.920642614364624
1,456,10,394,0.9189528226852417
1,457,1,410,0.9447343349456787
1,457,2,2912,0.9380969405174255
1,457,3,301,0.9369631409645081
1,457,4,2942,0.9361023306846619
1,457,5,672,0.933471143245697
1,457,6,507,0.9331672191619873
1,457,7,884,0.932647705078125
1,457,8,1386,0.9282001256942749
1,457,9,394,0.9277213215827942
1,457,10,2814,0.9274991154670715
1,458,1,410,0.9421895742416382
1,458,2,3017,0.9327202439308167
1,458,3,2942,0.924422025680542
1,458,4,1048,0.9239870309829712
1,458,5,1386,0.9234095811843872
1,458,6,1718,0.9231610894203186
1,458,7,394,0.9208311438560486
1,458,8,833,0.9196898341178894
1,458,9,191,0.9178571701049805
1,458,10,1957,0.9173134565353394
1,459,1,2952,0.9148142337799072
1,459,2,863,0.9133763909339905
1,459,3,2431,0.9111435413360596
1,459,4,533,0.9098604917526245
1,459,5,1674,0.904398500919342
1,459,6,3040,0.8987972736358643
1,459,7,2140,0.8975358009338379
1,459,8,285,0.8938437700271606
1,459,9,33,0.8726170659065247
1,459,10,1723,0.870674192905426
1,460,1,2952,0.9142016172409058
1,460,2,2431,0.9109795689582825
1,460,3,533,0.9088229537010193
1,460,4,2140,0.8973305225372314
1,460,5,3040,0.8961384892463684
1,460,6,285,0.8956880569458008
1,460,7,1354,0.8899023532867432
1,460,8,1153,0.8898553848266602
1,460,9,33,0.8834788799285889
1,460,10,1964,0.8709108829498291
1,461,1,2431,0.9140909314155579
1,461,2,2952,0.9133121967315674
1,461,3,285,0.9095619320869446
1,461,4,3040,0.9076509475708008
1,461,5,2140,0.9075823426246643
1,461,6,533,0.9067710638046265
1,461,7,554,0.8868637084960938
1,461,8,33,0.8861335515975952
1,461,9,510,0.8805907368659973
1,461,10,3061,0.8704256415367126
1,462,1,285,0.9208996295928955
1,462,2,2431,0.9206745624542236
1,462,3,2952,0.918064296245575
1,462,4,3040,0.9170012474060059
1,462,5,2140,0.915480375289917
1,462,6,533,0.9095876812934875
1,462,7,510,0.8950489163398743
1,462,8,3061,0.8852232694625854
1,462,9,33,0.8841237425804138
1,462,10,1336,0.8831732273101807
1,463,1,285,0.9009807109832764
1,463,2,2431,0.8993338942527771
1,463,3,2952,0.8975592851638794
1,463,4,2140,0.8909943103790283
1,463,5,3040,0.8901267051696777
1,463,6,533,0.8850958943367004
1,463,7,510,0.8739013075828552
1,463,8,33,0.871471643447876
1,463,9,1336,0.8662797808647156
1,463,10,3061,0.8655659556388855
1,467,1,189,0.9688636064529419
1,467,2,286,0.9614481925964355
1,467,3,96,0.9592695832252502
1,467,4,2622,0.9546303153038025
1,467,5,1945,0.9480370879173279
1,467,6,2595,0.937276303768158
1,467,7,2104,0.9370834827423096
1,467,8,1673,0.9366574287414551
1,467,9,1659,0.9286693930625916
1,467,10,2710,0.9272541403770447
1,468,1,189,0.9666031002998352
1,468,2,2622,0.9572640657424927
1,468,3,286,0.9572072625160217
1,468,4,96,0.9499293565750122
1,468,5,1659,0.9348676204681396
1,468,6,1945,0.9335934519767761
1,468,7,2710,0.9317330121994019
1,468,8,2104,0.9245414137840271
1,468,9,2595,0.9208016991615295
1,468,10,1673,0.9198753833770752
1,469,1,533,0.8871206045150757
1,469,2,2952,0.8862199783325195
1,469,3,2431,0.8811938762664795
1,469,4,2140,0.8734728097915649
1,469,5,3040,0.8706121444702148
1,469,6,1674,0.8703340291976929
1,469,7,1671,0.8694446086883545
1,469,8,863,0.8687513470649719
1,469,9,33,0.8684778809547424
1,469,10,1964,0.867159366607666
1,470,1,2595,0.9598063230514526
1,470,2,1673,0.959230899810791
1,470,3,96,0.9557823538780212
1,470,4,189,0.9553362131118774
1,470,5,1945,0.9544351100921631
1,470,6,286,0.9530726075172424
1,470,7,668,0.9528003931045532
1,470,8,2862,0.9514096975326538
1,470,9,2355,0.9508633017539978
1,470,10,2104,0.946651816368103
1,471,1,2256,0.8409622311592102
1,471,2,2048,0.783869743347168
1,471,3,1981,0.7823527455329895
1,471,4,2851,0.7703655958175659
1,471,5,1469,0.7546760439872742
1,471,6,2761,0.7508710026741028
1,471,7,173,0.7497941851615906
1,471,8,520,0.7467889189720154
1,471,9,876,0.7352892756462097
1,471,10,2205,0.7316639423370361
1,472,1,520,0.8516697883605957
1,472,2,2048,0.8311451077461243
1,472,3,306,0.8211081624031067
1,472,4,229,0.8188479542732239
1,472,5,950,0.8120424151420593
1,472,6,294,0.8045374751091003
1,472,7,504,0.8035368323326111
1,472,8,1310,0.8002093434333801
1,472,9,2100,0.7956106066703796
1,472,10,1742,0.794633686542511
1,474,1,2256,0.8459183573722839
1,474,2,1829,0.8454343676567078
1,474,3,1469,0.8071561455726624
1,474,4,2851,0.7969127297401428
1,474,5,173,0.7963792085647583
1,474,6,2814,0.7881516218185425
1,474,7,2205,0.785582959651947
1,474,8,507,0.7799668908119202
1,474,9,1009,0.7794613242149353
1,474,10,1603,0.7770252227783203
1,475,1,520,0.8532931208610535
1,475,2,1063,0.837205171585083
1,475,3,2048,0.8281105756759644
1,475,4,306,0.8247531056404114
1,475,5,950,0.8075032234191895
1,475,6,294,0.80595463514328
1,475,7,504,0.8050776124000549
1,475,8,1310,0.8025993704795837
1,475,9,2100,0.7980598211288452
1,475,10,398,0.7959243655204773
1,476,1,1447,0.89983731508255
1,476,2,707,0.892970621585846
1,476,3,520,0.8655410408973694
1,476,4,2048,0.8480578660964966
1,476,5,1742,0.8003767728805542
1,476,6,504,0.7940621972084045
1,476,7,289,0.7926803827285767
1,476,8,306,0.7874592542648315
1,476,9,563,0.7798866629600525
1,476,10,398,0.7787407040596008
1,477,1,1698,0.8316108584403992
1,477,2,2432,0.8302775025367737
1,477,3,1829,0.8206005692481995
1,477,4,520,0.8040069341659546
1,477,5,306,0.7533670663833618
1,477,6,504,0.7394917607307434
1,477,7,294,0.7344662547111511
1,477,8,1742,0.7312678694725037
1,477,9,2100,0.7257511615753174
1,477,10,398,0.7252023220062256
1,478,1,229,0.8307112455368042
1,478,2,1698,0.8180640935897827
1,478,3,1981,0.8126745820045471
1,478,4,306,0.7476101517677307
1,478,5,2100,0.7318733334541321
1,478,6,294,0.7310364842414856
1,478,7,504,0.7309406399726868
1,478,8,1742,0.7202463746070862
1,478,9,1310,0.7195116877555847
1,478,10,398,0.7170376181602478
1,479,1,627,0.9328202605247498
1,479,2,656,0.9234118461608887
1,479,3,97,0.9200308918952942
1,479,4,1109,0.9096354842185974
1,479,5,283,0.9094845652580261
1,479,6,1456,0.9042649269104004
1,479,7,1121,0.894877552986145
1,479,8,1328,0.890007495880127
1,479,9,1448,0.8888728022575378
1,479,10,508,0.8860309720039368
1,480,1,520,0.8810594081878662
1,480,2,1447,0.8708022832870483
1,480,3,306,0.8650386333465576
1,480,4,294,0.8522747159004211
1,480,5,1310,0.8501868844032288
1,480,6,504,0.8498997092247009
1,480,7,398,0.8417076468467712
1,480,8,2160,0.8412183523178101
1,480,9,1412,0.8340222835540771
1,480,10,2100,0.8327528238296509
1,481,1,2160,0.9539291858673096
1,481,2,1448,0.9512174129486084
1,481,3,504,0.9460605978965759
1,481,4,1742,0.9411607980728149
1,481,5,1809,0.9403958916664124
1,481,6,1310,0.9382348656654358
1,481,7,2801,0.9372725486755371
1,481,8,998,0.9355117678642273
1,481,9,97,0.931266188621521
1,481,10,1328,0.9278181791305542
1,483,1,1448,0.9620318412780762
1,483,2,1163,0.9610273838043213
1,483,3,2160,0.9570432305335999
1,483,4,97,0.946006715297699
1,483,5,1310,0.9421423077583313
1,483,6,504,0.9413915872573853
1,483,7,1328,0.9389808773994446
1,483,8,306,0.933988094329834
1,483,9,508,0.9331764578819275
1,483,10,1742,0.9306340217590332
1,484,1,1448,0.9620318412780762
1,484,2,1163,0.9610273838043213
1,484,3,2160,0.9570432305335999
1,484,4,97,0.946006715297699
1,484,5,1310,0.9421423077583313
1,484,6,504,0.9413915872573853
1,484,7,1328,0.9389808773994446
1,484,8,306,0.933988094329834
1,484,9,508,0.9331764578819275
1,484,10,1742,0.9306340217590332
1,485,1,97,0.9625206589698792
1,485,2,1448,0.9462777972221375
1,485,3,1328,0.9431455135345459
1,485,4,1109,0.9392407536506653
1,485,5,508,0.9385384917259216
1,485,6,627,0.9376863241195679
1,485,7,1870,0.9300345778465271
1,485,8,656,0.9270595908164978
1,485,9,1412,0.925255298614502
1,485,10,283,0.917707085609436
1,486,1,1448,0.9460766315460205
1,486,2,2933,0.9402618408203125
1,486,3,1335,0.9324701428413391
1,486,4,1109,0.9270378947257996
1,486,5,2030,0.9219830632209778
1,486,6,567,0.9133256077766418
1,486,7,2660,0.9103319644927979
1,486,8,1809,0.9067971706390381
1,486,9,3032,0.9041776061058044
1,486,10,2114,0.9021683931350708
1,487,1,1448,0.9588855504989624
1,487,2,1252,0.9477229118347168
1,487,3,97,0.9417052865028381
1,487,4,1809,0.9306243658065796
1,487,5,1328,0.9206451177597046
1,487,6,1335,0.9189208149909973
1,487,7,627,0.9180534482002258
1,487,8,567,0.9170939922332764
1,487,9,128,0.9144309163093567
1,487,10,508,0.9117329120635986
1,491,1,44,0.9663226008415222
1,491,2,1716,0.9644238352775574
1,491,3,78,0.9622916579246521
1,491,4,2772,0.9608020186424255
1,491,5,787,0.957333505153656
1,491,6,852,0.9526193141937256
1,491,7,2429,0.950750470161438
1,491,8,1212,0.949635922908783
1,491,9,259,0.9477340579032898
1,491,10,1278,0.9467985033988953
1,492,1,2898,0.9625832438468933
1,492,2,1716,0.9587798118591309
1,492,3,787,0.9579721093177795
1,492,4,852,0.9546093940734863
1,492,5,44,0.9534556269645691
1,492,6,259,0.9529972076416016
1,492,7,12,0.9509389996528625
1,492,8,2772,0.9499770402908325
1,492,9,78,0.9476420283317566
1,492,10,2429,0.9471029043197632
1,493,1,787,0.9607060551643372
1,493,2,259,0.9597892761230469
1,493,3,852,0.9588530659675598
1,493,4,12,0.9587205052375793
1,493,5,1716,0.9554239511489868
1,493,6,2429,0.9517597556114197
1,493,7,2772,0.9463520646095276
1,493,8,44,0.9451292157173157
1,493,9,273,0.944453775882721
1,493,10,78,0.9372388124465942
1,494,1,78,0.897888720035553
1,494,2,2377,0.8964025974273682
1,494,3,1836,0.893964409828186
1,494,4,44,0.8912377953529358
1,494,5,1758,0.8858875632286072
1,494,6,495,0.8857954740524292
1,494,7,22,0.8857441544532776
1,494,8,105,0.8782706260681152
1,494,9,1716,0.8755232691764832
1,494,10,3048,0.8720211982727051
1,495,1,1484,0.9245923161506653
1,495,2,1802,0.9224109649658203
1,495,3,123,0.9204385876655579
1,495,4,453,0.9187203049659729
1,495,5,2390,0.9018416404724121
1,495,6,1007,0.901665985584259
1,495,7,1725,0.8985190391540527
1,495,8,2560,0.8978581428527832
1,495,9,2108,0.879011869430542
1,495,10,2607,0.8781449198722839
2,1,1,278,0.9714510440826416
2,1,2,2839,0.9671598076820374
2,1,3,60,0.9553219676017761
2,1,4,1550,0.9538326263427734
2,1,5,1146,0.952597439289093
2,1,6,2352,0.9515895843505859
2,1,7,2740,0.9505713582038879
2,1,8,2799,0.9496183395385742
2,1,9,205,0.9486606121063232
2,1,10,1442,0.9485926032066345
2,2,1,1146,0.9656285047531128
2,2,2,60,0.9632249474525452
2,2,3,2839,0.962627112865448
2,2,4,174,0.9563473463058472
2,2,5,1550,0.9556687474250793
2,2,6,278,0.9548473954200745
2,2,7,2352,0.950874388217926
2,2,8,1538,0.948077380657196
2,2,9,2481,0.9427844882011414
2,2,10,1502,0.9386188983917236
2,3,1,1833,0.7731427550315857
2,3,2,534,0.772615373134613
2,3,3,1612,0.7710012197494507
2,3,4,94,0.7533421516418457
2,3,5,750,0.745208203792572
2,3,6,925,0.7396733164787292
2,3,7,2793,0.739033579826355
2,3,8,2742,0.7339529395103455
2,3,9,1055,0.7319093942642212
2,3,10,986,0.7265895009040833
2,4,1,2219,0.8785775303840637
2,4,2,3018,0.8781813383102417
2,4,3,1247,0.872776210308075
2,4,4,298,0.8665777444839478
2,4,5,1748,0.8637290000915527
2,4,6,865,0.8393940925598145
2,4,7,3032,0.8365323543548584
2,4,8,1034,0.8363662362098694
2,4,9,1805,0.8348972201347351
2,4,10,1543,0.8254821300506592
2,7,1,2416,0.976165771484375
2,7,2,1362,0.9631820321083069
2,7,3,732,0.9588563442230225
2,7,4,2387,0.9586530327796936
2,7,5,1427,0.9586321711540222
2,7,6,2259,0.9532378315925598
2,7,7,3042,0.9527748227119446
2,7,8,1374,0.9514003992080688
2,7,9,612,0.9511932730674744
2,7,10,2448,0.9448568224906921
2,8,1,2521,0.978475034236908
2,8,2,2167,0.974227786064148
2,8,3,1496,0.9739883542060852
2,8,4,2162,0.9642950892448425
2,8,5,731,0.937779426574707
2,8,6,80,0.9339718222618103
2,8,7,769,0.9261283874511719
2,8,8,1254,0.9251269102096558
2,8,9,2161,0.9228608012199402
2,8,10,692,0.920855700969696
2,9,1,2219,0.887556254863739
2,9,2,298,0.8742514848709106
2,9,3,1748,0.8736593127250671
2,9,4,1456,0.844865083694458
2,9,5,1586,0.8398662805557251
2,9,6,1805,0.8327438831329346
2,9,7,2877,0.8324805498123169
2,9,8,1034,0.8311020135879517
2,9,9,865,0.8258087635040283
2,9,10,2660,0.8194447755813599
2,10,1,2556,0.9806045293807983
2,10,2,2099,0.9628129005432129
2,10,3,674,0.9614226818084717
2,10,4,2789,0.9598793983459473
2,10,5,1737,0.957518458366394
2,10,6,1045,0.9486293792724609
2,10,7,129,0.9474576115608215
2,10,8,675,0.943987250328064
2,10,9,1669,0.9436072707176208
2,10,10,1612,0.9416525959968567
2,11,1,1496,0.9853597283363342
2,11,2,2167,0.9666278958320618
2,11,3,731,0.9547422528266907
2,11,4,2162,0.9527198672294617
2,11,5,2328,0.9501307010650635
2,11,6,2521,0.9449383020401001
2,11,7,692,0.9438904523849487
2,11,8,2474,0.9033921360969543
2,11,9,38,0.9025333523750305
2,11,10,787,0.8987176418304443
2,12,1,1494,0.9721331000328064
2,12,2,2206,0.9666554927825928
2,12,3,2750,0.9657805562019348
2,12,4,210,0.9623104333877563
2,12,5,2326,0.9574683308601379
2,12,6,1007,0.9542304277420044
2,12,7,628,0.9502511024475098
2,12,8,1653,0.9501309394836426
2,12,9,1082,0.9496745467185974
2,12,10,1203,0.9486948847770691
2,13,1,2780,0.9460937976837158
2,13,2,1982,0.937224805355072
2,13,3,1831,0.9354586601257324
2,13,4,2632,0.9321147799491882
2,13,5,1145,0.9271578192710876
2,13,6,495,0.9252777695655823
2,13,7,2898,0.9231510162353516
2,13,8,1197,0.9215086698532104
2,13,9,1304,0.9212111830711365
2,13,10,557,0.9188392162322998
2,14,1,2328,0.9763116240501404
2,14,2,692,0.9639831185340881
2,14,3,1496,0.9553558230400085
2,14,4,787,0.9450753331184387
2,14,5,2167,0.941375195980072
2,14,6,38,0.9227429032325745
2,14,7,2474,0.9218248724937439
2,14,8,2303,0.9180627465248108
2,14,9,2162,0.9098082780838013
2,14,10,2093,0.8931251764297485
2,15,1,2067,0.9703642129898071
2,15,2,2995,0.970149576663971
2,15,3,1682,0.9698829054832458
2,15,4,541,0.9694124460220337
2,15,5,2804,0.965535044670105
2,15,6,2876,0.96282559633255
2,15,7,2632,0.9588664174079895
2,15,8,2313,0.955264687538147
2,15,9,2717,0.9536255598068237
2,15,10,421,0.9534931778907776
2,16,1,1642,0.9650792479515076
2,16,2,2287,0.9580562114715576
2,16,3,1910,0.9468502402305603
2,16,4,2406,0.9359926581382751
2,16,5,1812,0.9316416382789612
2,16,6,1091,0.9301120042800903
2,16,7,1236,0.9285306334495544
2,16,8,2706,0.9168344736099243
2,16,9,2951,0.9136832356452942
2,16,10,480,0.9079672694206238
2,17,1,1308,0.9477419257164001
2,17,2,1251,0.9429834485054016
2,17,3,2661,0.9380607008934021
2,17,4,1754,0.9376240968704224
2,17,5,991,0.9311171174049377
2,17,6,1484,0.9304936528205872
2,17,7,2702,0.9302844405174255
2,17,8,1580,0.9272034168243408
2,17,9,1429,0.9257099032402039
2,17,10,1327,0.9223625659942627
2,18,1,174,0.9543886780738831
2,18,2,93,0.9494172930717468
2,18,3,1091,0.9488610625267029
2,18,4,1910,0.9415869116783142
2,18,5,2951,0.937759518623352
2,18,6,2706,0.9329221844673157
2,18,7,2559,0.9314954876899719
2,18,8,1146,0.9304031729698181
2,18,9,2481,0.9226977825164795
2,18,10,44,0.9203006625175476
2,20,1,1295,0.9584124684333801
2,20,2,2922,0.9570355415344238
2,20,3,2074,0.95599365234375
2,20,4,1621,0.9497084021568298
2,20,5,1047,0.947228729724884
2,20,6,1725,0.9458696842193604
2,20,7,1979,0.9453811645507812
2,20,8,1817,0.944511353969574
2,20,9,613,0.9430041909217834
2,20,10,2658,0.9416357278823853
2,21,1,2583,0.9230725169181824
2,21,2,273,0.9179766178131104
2,21,3,2691,0.9148081541061401
2,21,4,845,0.9139142632484436
2,21,5,1558,0.9138382077217102
2,21,6,194,0.9138319492340088
2,21,7,2590,0.9124725461006165
2,21,8,1970,0.912421464920044
2,21,9,2743,0.9093403220176697
2,21,10,2769,0.9057247638702393
2,22,1,2328,0.9773252010345459
2,22,2,731,0.9696129560470581
2,22,3,692,0.9693326950073242
2,22,4,787,0.954494297504425
2,22,5,1496,0.9373968839645386
2,22,6,2167,0.9349945187568665
2,22,7,2303,0.9210385084152222
2,22,8,38,0.9077540040016174
2,22,9,259,0.9016900658607483
2,22,10,2691,0.9000565409660339
2,23,1,2985,0.9687396287918091
2,23,2,1082,0.9618191123008728
2,23,3,1465,0.9531689286231995
2,23,4,62,0.9518132209777832
2,23,5,1632,0.9491391181945801
2,23,6,1007,0.9487341642379761
2,23,7,416,0.9482496380805969
2,23,8,2206,0.9450463056564331
2,23,9,645,0.9418378472328186
2,23,10,2750,0.9418054223060608
2,24,1,1970,0.9304199814796448
2,24,2,2303,0.9243164658546448
2,24,3,2769,0.9155563116073608
2,24,4,194,0.9154396653175354
2,24,5,1558,0.9154215455055237
2,24,6,2590,0.9152235388755798
2,24,7,273,0.9142516255378723
2,24,8,2583,0.9139688611030579
2,24,9,2160,0.9013764262199402
2,24,10,2691,0.8993255496025085
2,26,1,2303,0.9440365433692932
2,26,2,1970,0.9319649338722229
2,26,3,273,0.9219905138015747
2,26,4,2583,0.9176740050315857
2,26,5,2769,0.9146405458450317
2,26,6,2590,0.9136806726455688
2,26,7,194,0.9134365916252136
2,26,8,1558,0.9133356213569641
2,26,9,2691,0.9075133800506592
2,26,10,2097,0.9010521769523621
2,27,1,174,0.9594260454177856
2,27,2,1146,0.949939489364624
2,27,3,1502,0.940369725227356
2,27,4,2734,0.9386845827102661
2,27,5,1091,0.9339529871940613
2,27,6,2559,0.9278412461280823
2,27,7,60,0.9235183000564575
2,27,8,2951,0.9222018718719482
2,27,9,2481,0.9173205494880676
2,27,10,1858,0.9125984907150269
2,28,1,1427,0.9853309988975525
2,28,2,2259,0.9772462248802185
2,28,3,1362,0.9765557646751404
2,28,4,2306,0.9733529686927795
2,28,5,732,0.9692531228065491
2,28,6,2387,0.9691126346588135
2,28,7,3042,0.9674288034439087
2,28,8,2098,0.9566317200660706
2,28,9,612,0.9559598565101624
2,28,10,2285,0.953166127204895
2,29,1,793,0.9139857888221741
2,29,2,1456,0.9081522226333618
2,29,3,2877,0.900209903717041
2,29,4,1586,0.8961844444274902
2,29,5,2668,0.8658085465431213
2,29,6,1712,0.8634228706359863
2,29,7,1748,0.8332402110099792
2,29,8,298,0.8317344784736633
2,29,9,3018,0.8287176489830017
2,29,10,2209,0.8254737257957458
2,31,1,1278,0.9448975324630737
2,31,2,185,0.943165123462677
2,31,3,1176,0.9399413466453552
2,31,4,1161,0.9237846732139587
2,31,5,2898,0.9153482913970947
2,31,6,1554,0.9145846962928772
2,31,7,1304,0.9117704033851624
2,31,8,1836,0.9106219410896301
2,31,9,1078,0.9099522233009338
2,31,10,1145,0.9082179665565491
2,32,1,2780,0.9503111243247986
2,32,2,1982,0.9448943734169006
2,32,3,557,0.9291360974311829
2,32,4,1197,0.9277490377426147
2,32,5,1145,0.9256861209869385
2,32,6,2995,0.9247989654541016
2,32,7,1831,0.9213107824325562
2,32,8,2632,0.9205940961837769
2,32,9,1487,0.9190338850021362
2,32,10,1304,0.917905867099762
2,33,1,1494,0.9736683964729309
2,33,2,1030,0.9681914448738098
2,33,3,628,0.9680358171463013
2,33,4,1653,0.9678937792778015
2,33,5,1203,0.9678663611412048
2,33,6,2326,0.9661487936973572
2,33,7,210,0.963840126991272
2,33,8,2750,0.9635971188545227
2,33,9,2395,0.9607033133506775
2,33,10,2195,0.9573203921318054
2,34,1,1642,0.9555345773696899
2,34,2,2287,0.9530723690986633
2,34,3,1910,0.942389190196991
2,34,4,1236,0.9356660842895508
2,34,5,2706,0.9283919334411621
2,34,6,2406,0.9270710349082947
2,34,7,1091,0.9179542660713196
2,34,8,731,0.9151663184165955
2,34,9,2167,0.9130538702011108
2,34,10,2951,0.9078056216239929
2,35,1,835,0.9022465944290161
2,35,2,97,0.9015362858772278
2,35,3,1892,0.899491012096405
2,35,4,1870,0.8992708325386047
2,35,5,1992,0.8953559398651123
2,35,6,793,0.8907529711723328
2,35,7,1456,0.8740589618682861
2,35,8,1121,0.8568371534347534
2,35,9,2606,0.8563796877861023
2,35,10,2877,0.852893590927124
2,36,1,584,0.943231999874115
2,36,2,250,0.9376363754272461
2,36,3,1388,0.9240565299987793
2,36,4,2016,0.9194473028182983
2,36,5,1089,0.9187357425689697
2,36,6,2409,0.9184523224830627
2,36,7,2621,0.9171376824378967
2,36,8,259,0.9138713479042053
2,36,9,186,0.9136058688163757
2,36,10,2723,0.9104092121124268
2,37,1,1496,0.9744320511817932
2,37,2,2521,0.9633392691612244
2,37,3,2162,0.9526005387306213
2,37,4,2238,0.9174737334251404
2,37,5,80,0.9142069816589355
2,37,6,731,0.9122316837310791
2,37,7,2285,0.903167188167572
2,37,8,2306,0.9029366374015808
2,37,9,2328,0.8990389108657837
2,37,10,769,0.8960332870483398
2,38,1,1484,0.9216060042381287
2,38,2,1720,0.9202865958213806
2,38,3,2661,0.9187209010124207
2,38,4,509,0.9186363220214844
2,38,5,991,0.917845606803894
2,38,6,2702,0.9159470200538635
2,38,7,1754,0.9141935110092163
2,38,8,2990,0.912431538105011
2,38,9,2957,0.9121212959289551
2,38,10,1429,0.9030356407165527
2,39,1,1235,0.9516823291778564
2,39,2,3016,0.9410997033119202
2,39,3,3015,0.9378424286842346
2,39,4,3062,0.9364026784896851
2,39,5,1931,0.9356063604354858
2,39,6,2502,0.9295727014541626
2,39,7,1763,0.9277693033218384
2,39,8,500,0.9245847463607788
2,39,9,698,0.9237470030784607
2,39,10,1525,0.9222869277000427
2,40,1,1339,0.9428429007530212
2,40,2,1724,0.9346113204956055
2,40,3,2702,0.9235354065895081
2,40,4,1726,0.9201992750167847
2,40,5,2661,0.9194158315658569
2,40,6,953,0.9177410006523132
2,40,7,132,0.9079766869544983
2,40,8,2237,0.9056118130683899
2,40,9,1580,0.9054692983627319
2,40,10,1429,0.905437707901001
2,42,1,2870,0.9541194438934326
2,42,2,1009,0.953601062297821
2,42,3,1779,0.9522831439971924
2,42,4,410,0.9502023458480835
2,42,5,899,0.9478474259376526
2,42,6,581,0.947165846824646
2,42,7,523,0.9464569091796875
2,42,8,788,0.9450867176055908
2,42,9,1957,0.9445561766624451
2,42,10,90,0.9441536068916321
2,43,1,899,0.9507655501365662
2,43,2,523,0.9484895467758179
2,43,3,2870,0.9471868276596069
2,43,4,1957,0.947178065776825
2,43,5,1009,0.945778489112854
2,43,6,2384,0.9453737139701843
2,43,7,949,0.9450535178184509
2,43,8,918,0.9446107149124146
2,43,9,90,0.9443597793579102
2,43,10,900,0.9432076215744019
2,45,1,1779,0.9601043462753296
2,45,2,788,0.9507606625556946
2,45,3,2173,0.9484122395515442
2,45,4,1469,0.9483029246330261
2,45,5,2870,0.9467709064483643
2,45,6,1009,0.9464569091796875
2,45,7,410,0.9441678524017334
2,45,8,20,0.9410378336906433
2,45,9,581,0.9395796060562134
2,45,10,899,0.9346884489059448
2,46,1,1779,0.9637870192527771
2,46,2,788,0.954401969909668
2,46,3,2173,0.9526423215866089
2,46,4,1469,0.9521580338478088
2,46,5,2870,0.9482691884040833
2,46,6,1009,0.9475188255310059
2,46,7,410,0.9462072849273682
2,46,8,20,0.9441129565238953
2,46,9,581,0.9410133361816406
2,46,10,1399,0.9379103779792786
2,47,1,899,0.9479870796203613
2,47,2,523,0.945858895778656
2,47,3,1957,0.944687008857727
2,47,4,2384,0.9434839487075806
2,47,5,2870,0.9432278275489807
2,47,6,918,0.9431761503219604
2,47,7,949,0.9424777626991272
2,47,8,1009,0.9419291019439697
2,47,9,900,0.9416812658309937
2,47,10,90,0.941244900226593
2,48,1,1779,0.956403911113739
2,48,2,2870,0.953354001045227
2,48,3,1009,0.952687680721283
2,48,4,410,0.9496386051177979
2,48,5,788,0.9495289325714111
2,48,6,581,0.9465895295143127
2,48,7,899,0.9461811184883118
2,48,8,1469,0.9455918073654175
2,48,9,2173,0.9441220760345459
2,48,10,2261,0.9432925581932068
2,49,1,1779,0.9601201415061951
2,49,2,2870,0.9521397948265076
2,49,3,788,0.9515256285667419
2,49,4,1009,0.9512348771095276
2,49,5,410,0.9491584897041321
2,49,6,1469,0.9490630626678467
2,49,7,2173,0.9480800032615662
2,49,8,581,0.9450089335441589
2,49,9,899,0.9422739744186401
2,49,10,20,0.9410853981971741
2,50,1,899,0.946932852268219
2,50,2,1009,0.9457558393478394
2,50,3,2870,0.9437316656112671
2,50,4,2602,0.9436677694320679
2,50,5,2441,0.9432681202888489
2,50,6,2309,0.9384762048721313
2,50,7,949,0.9378443360328674
2,50,8,523,0.9375837445259094
2,50,9,581,0.9372789263725281
2,50,10,1957,0.9366002082824707
2,51,1,1779,0.9617306590080261
2,51,2,788,0.9522636532783508
2,51,3,2173,0.9503518342971802
2,51,4,1469,0.9499179720878601
2,51,5,2870,0.9471640586853027
2,51,6,1009,0.946662425994873
2,51,7,410,0.9448317289352417
2,51,8,20,0.9421930313110352
2,51,9,581,0.939928412437439
2,51,10,1399,0.9353928565979004
2,52,1,2745,0.9582163691520691
2,52,2,1838,0.9543111324310303
2,52,3,2750,0.94731605052948
2,52,4,2985,0.9333487749099731
2,52,5,1007,0.9256423115730286
2,52,6,2341,0.9240586161613464
2,52,7,1494,0.9235440492630005
2,52,8,628,0.9222466349601746
2,52,9,1653,0.9220340847969055
2,52,10,416,0.9177020788192749
2,53,1,2405,0.95426344871521
2,53,2,2099,0.9499256610870361
2,53,3,2789,0.9417423009872437
2,53,4,1273,0.9320242404937744
2,53,5,95,0.9279499650001526
2,53,6,598,0.9268736839294434
2,53,7,2556,0.9258266687393188
2,53,8,675,0.9238911271095276
2,53,9,559,0.923346996307373
2,53,10,215,0.9224512577056885
2,54,1,1427,0.9809118509292603
2,54,2,3042,0.9763092994689941
2,54,3,2306,0.9758572578430176
2,54,4,612,0.972783088684082
2,54,5,2259,0.9683207273483276
2,54,6,438,0.9682590961456299
2,54,7,1681,0.9682266712188721
2,54,8,1362,0.9668595790863037
2,54,9,2143,0.9653336405754089
2,54,10,732,0.9596226215362549
2,55,1,1247,0.9383160471916199
2,55,2,2660,0.9312174916267395
2,55,3,739,0.9275446534156799
2,55,4,1543,0.9132794737815857
2,55,5,128,0.896415650844574
2,55,6,865,0.8797194957733154
2,55,7,1586,0.8653087615966797
2,55,8,3018,0.8599727153778076
2,55,9,2745,0.8584010004997253
2,55,10,2219,0.8580766916275024
2,56,1,514,0.9682736992835999
2,56,2,1160,0.96589595079422
2,56,3,483,0.962288498878479
2,56,4,2989,0.9620203375816345
2,56,5,532,0.9546573162078857
2,56,6,2092,0.9545152187347412
2,56,7,756,0.9537253975868225
2,56,8,706,0.9455041885375977
2,56,9,1340,0.9443725943565369
2,56,10,857,0.9384694695472717
2,57,1,1112,0.9597854614257812
2,57,2,1802,0.9558020830154419
2,57,3,2302,0.9538950324058533
2,57,4,2285,0.9524218440055847
2,57,5,732,0.9427542090415955
2,57,6,2387,0.942649245262146
2,57,7,2259,0.9389345049858093
2,57,8,1201,0.935823380947113
2,57,9,2127,0.934386134147644
2,57,10,1362,0.934057891368866
2,58,1,2344,0.9594525098800659
2,58,2,447,0.9569846987724304
2,58,3,1413,0.9521578550338745
2,58,4,1232,0.9520792961120605
2,58,5,2209,0.9513226747512817
2,58,6,1654,0.9501107931137085
2,58,7,1615,0.9480212926864624
2,58,8,1936,0.9397320747375488
2,58,9,2576,0.9385918974876404
2,58,10,2293,0.9263728260993958
2,59,1,514,0.9633512496948242
2,59,2,483,0.961955189704895
2,59,3,2989,0.9611212611198425
2,59,4,1600,0.9552062749862671
2,59,5,532,0.9548691511154175
2,59,6,2092,0.9506175518035889
2,59,7,1160,0.9497712254524231
2,59,8,756,0.9270301461219788
2,59,9,706,0.9225496053695679
2,59,10,1340,0.9218546152114868
2,60,1,1861,0.9276812672615051
2,60,2,136,0.9273841381072998
2,60,3,1280,0.9214591383934021
2,60,4,2604,0.9186282157897949
2,60,5,2184,0.916013777256012
2,60,6,1717,0.9125687479972839
2,60,7,424,0.9115505814552307
2,60,8,39,0.9109624028205872
2,60,9,1898,0.9067811965942383
2,60,10,652,0.9055562019348145
2,61,1,980,0.9232725501060486
2,61,2,1970,0.913062334060669
2,61,3,780,0.9031913876533508
2,61,4,699,0.8922339081764221
2,61,5,1683,0.8898134231567383
2,61,6,550,0.8854956030845642
2,61,7,1089,0.8849821090698242
2,61,8,2042,0.8776230216026306
2,61,9,186,0.8740089535713196
2,61,10,1012,0.8730702996253967
2,62,1,1970,0.9224382638931274
2,62,2,2303,0.9162512421607971
2,62,3,259,0.9105836749076843
2,62,4,250,0.9020032286643982
2,62,5,980,0.8998699188232422
2,62,6,2016,0.8938013315200806
2,62,7,2769,0.892392098903656
2,62,8,1683,0.8907949328422546
2,62,9,2097,0.8854233026504517
2,62,10,780,0.8851754665374756
2,63,1,1871,0.9312793612480164
2,63,2,1613,0.9299314618110657
2,63,3,1001,0.9298957586288452
2,63,4,1898,0.9286081194877625
2,63,5,81,0.9280954003334045
2,63,6,1866,0.9259687066078186
2,63,7,652,0.9226407408714294
2,63,8,560,0.9223021864891052
2,63,9,2184,0.9204021096229553
2,63,10,1547,0.9167059659957886
2,64,1,2406,0.962202250957489
2,64,2,1812,0.9587640166282654
2,64,3,1642,0.9576671719551086
2,64,4,2159,0.9437423944473267
2,64,5,769,0.9409557580947876
2,64,6,1091,0.9340468645095825
2,64,7,2581,0.9339472055435181
2,64,8,2951,0.9339069128036499
2,64,9,2111,0.9307096600532532
2,64,10,2287,0.929286003112793
2,65,1,2406,0.9668200016021729
2,65,2,1812,0.9655197858810425
2,65,3,769,0.9619922041893005
2,65,4,2159,0.9526757001876831
2,65,5,1642,0.9488420486450195
2,65,6,1254,0.9478656649589539
2,65,7,480,0.9303286671638489
2,65,8,2367,0.9279521107673645
2,65,9,1910,0.927838921546936
2,65,10,2161,0.9243370890617371
2,66,1,2406,0.9536052942276001
2,66,2,1812,0.9500893354415894
2,66,3,769,0.9410310387611389
2,66,4,2159,0.9401403665542603
2,66,5,2410,0.9335839152336121
2,66,6,1442,0.9332122206687927
2,66,7,1254,0.9269053936004639
2,66,8,2740,0.9242761731147766
2,66,9,1801,0.9192090034484863
2,66,10,1642,0.9176806211471558
2,67,1,1254,0.9714677929878235
2,67,2,769,0.9653518795967102
2,67,3,80,0.9633736610412598
2,67,4,2161,0.9576045274734497
2,67,5,2521,0.9555851221084595
2,67,6,438,0.9498798251152039
2,67,7,2367,0.9430528283119202
2,67,8,2143,0.9419161677360535
2,67,9,1681,0.9361206889152527
2,67,10,2406,0.9345436692237854
2,68,1,769,0.9487624168395996
2,68,2,1812,0.9441144466400146
2,68,3,2406,0.9432679414749146
2,68,4,2159,0.9427038431167603
2,68,5,1254,0.9426085948944092
2,68,6,1442,0.935367226600647
2,68,7,2410,0.9336020350456238
2,68,8,2581,0.9328104257583618
2,68,9,2367,0.9280007481575012
2,68,10,2161,0.9251198768615723
2,69,1,534,0.950870931148529
2,69,2,1612,0.9504554271697998
2,69,3,750,0.9478508830070496
2,69,4,675,0.9474232196807861
2,69,5,2482,0.9442287087440491
2,69,6,94,0.9441296458244324
2,69,7,880,0.9414847493171692
2,69,8,2776,0.9404793381690979
2,69,9,2024,0.9384671449661255
2,69,10,2095,0.9328808784484863
2,70,1,2482,0.9782745242118835
2,70,2,880,0.9770710468292236
2,70,3,2776,0.9766032695770264
2,70,4,2024,0.9764706492424011
2,70,5,1681,0.9762009382247925
2,70,6,2143,0.9704722166061401
2,70,7,1751,0.9664797782897949
2,70,8,750,0.963776171207428
2,70,9,438,0.960381269454956
2,70,10,215,0.9603153467178345
2,72,1,2098,0.9827854037284851
2,72,2,2416,0.9814269542694092
2,72,3,2448,0.9633756875991821
2,72,4,2368,0.9565954804420471
2,72,5,3009,0.9525192379951477
2,72,6,612,0.9501582980155945
2,72,7,611,0.9470258355140686
2,72,8,3042,0.9466227889060974
2,72,9,1374,0.9454933404922485
2,72,10,1362,0.9454805254936218
2,73,1,2258,0.9701669216156006
2,73,2,2291,0.969613254070282
2,73,3,645,0.963712751865387
2,73,4,1710,0.9634257555007935
2,73,5,402,0.9633763432502747
2,73,6,1546,0.9632927179336548
2,73,7,2727,0.9602655172348022
2,73,8,2738,0.9601761102676392
2,73,9,208,0.9592424631118774
2,73,10,1632,0.9574154019355774
2,74,1,2291,0.9735332131385803
2,74,2,2258,0.9715093970298767
2,74,3,645,0.970149040222168
2,74,4,1710,0.966981828212738
2,74,5,1546,0.9636896252632141
2,74,6,2727,0.9630581736564636
2,74,7,1632,0.9607173204421997
2,74,8,402,0.9604375958442688
2,74,9,2738,0.9597554206848145
2,74,10,1465,0.9585838913917542
2,75,1,1362,0.9790960550308228
2,75,2,732,0.9757905602455139
2,75,3,2387,0.9757131338119507
2,75,4,2259,0.9753297567367554
2,75,5,2098,0.9736796021461487
2,75,6,1427,0.9692952036857605
2,75,7,612,0.9617259502410889
2,75,8,2306,0.9603583812713623
2,75,9,1374,0.9583361744880676
2,75,10,2416,0.9540531039237976
2,76,1,2521,0.9609786868095398
2,76,2,80,0.9590925574302673
2,76,3,2285,0.9473441243171692
2,76,4,2143,0.944648802280426
2,76,5,1681,0.9393306374549866
2,76,6,1254,0.9352418780326843
2,76,7,2162,0.924491286277771
2,76,8,769,0.9234757423400879
2,76,9,612,0.9224998354911804
2,76,10,1112,0.9215955138206482
2,77,1,2143,0.9654354453086853
2,77,2,80,0.9640229344367981
2,77,3,1681,0.9632096886634827
2,77,4,2521,0.9536492824554443
2,77,5,2285,0.9478978514671326
2,77,6,3042,0.9478017687797546
2,77,7,1254,0.9474071860313416
2,77,8,612,0.9421706199645996
2,77,9,2024,0.933408796787262
2,77,10,769,0.9304083585739136
2,78,1,1112,0.9634620547294617
2,78,2,2285,0.9453967213630676
2,78,3,1554,0.9433582425117493
2,78,4,1365,0.9218133091926575
2,78,5,1278,0.9213235378265381
2,78,6,2238,0.9153352975845337
2,78,7,1078,0.9135109186172485
2,78,8,2302,0.9025964140892029
2,78,9,1496,0.9021391868591309
2,78,10,1628,0.8956011533737183
2,80,1,1478,0.8782359957695007
2,80,2,3016,0.8676723837852478
2,80,3,3059,0.8585653901100159
2,80,4,397,0.8565911650657654
2,80,5,865,0.8474045991897583
2,80,6,3062,0.8395763635635376
2,80,7,2078,0.8395352363586426
2,80,8,2134,0.8393896818161011
2,80,9,1034,0.8349637389183044
2,80,10,1805,0.8338949084281921
2,81,1,1112,0.9493600130081177
2,81,2,2285,0.940152645111084
2,81,3,1496,0.9343777894973755
2,81,4,1554,0.9328054189682007
2,81,5,2306,0.9243938326835632
2,81,6,2238,0.9226962924003601
2,81,7,2521,0.9206770658493042
2,81,8,2162,0.9179024696350098
2,81,9,1365,0.9135024547576904
2,81,10,1802,0.9118797183036804
2,82,1,2209,0.9392392039299011
2,82,2,2344,0.9320578575134277
2,82,3,447,0.9232844710350037
2,82,4,1615,0.9170262217521667
2,82,5,1413,0.9152501225471497
2,82,6,1232,0.9127978086471558
2,82,7,793,0.9119818210601807
2,82,8,1654,0.909869372844696
2,82,9,1936,0.9064061045646667
2,82,10,1586,0.8948934078216553
2,83,1,1586,0.922309160232544
2,83,2,2877,0.9173663854598999
2,83,3,793,0.8977794051170349
2,83,4,1456,0.8925104141235352
2,83,5,1712,0.8883680701255798
2,83,6,2219,0.8870809078216553
2,83,7,2668,0.8864248991012573
2,83,8,3018,0.8813356161117554
2,83,9,298,0.8669762015342712
2,83,10,1748,0.8660876750946045
2,84,1,1802,0.9825955033302307
2,84,2,732,0.976026713848114
2,84,3,2387,0.9758627414703369
2,84,4,2259,0.9752020239830017
2,84,5,2285,0.9717631340026855
2,84,6,1362,0.9715210795402527
2,84,7,1112,0.9645281434059143
2,84,8,2306,0.9548859596252441
2,84,9,1201,0.9495593905448914
2,84,10,746,0.943438708782196
2,85,1,2481,0.9469699859619141
2,85,2,93,0.9435244798660278
2,85,3,2951,0.9411166310310364
2,85,4,1146,0.9410076141357422
2,85,5,1091,0.935355544090271
2,85,6,2740,0.9321816563606262
2,85,7,278,0.9321112632751465
2,85,8,2352,0.9318641424179077
2,85,9,1801,0.9313684105873108
2,85,10,2410,0.9281558394432068
2,86,1,1502,0.9520262479782104
2,86,2,2734,0.9517015814781189
2,86,3,1146,0.9509796500205994
2,86,4,174,0.9446353316307068
2,86,5,2211,0.936759889125824
2,86,6,60,0.9358029961585999
2,86,7,1522,0.9303916692733765
2,86,8,93,0.9292489886283875
2,86,9,1858,0.9213010668754578
2,86,10,1538,0.9198304414749146
2,87,1,1146,0.9500426054000854
2,87,2,174,0.9490771293640137
2,87,3,278,0.9460892081260681
2,87,4,60,0.9421044588088989
2,87,5,2352,0.9316007494926453
2,87,6,1538,0.9282107949256897
2,87,7,2481,0.9267435073852539
2,87,8,93,0.920250415802002
2,87,9,78,0.919335663318634
2,87,10,2740,0.9159969091415405
2,88,1,93,0.936501145362854
2,88,2,60,0.9234030246734619
2,88,3,1091,0.9194745421409607
2,88,4,2352,0.9137948751449585
2,88,5,2211,0.9118308424949646
2,88,6,1538,0.9111554622650146
2,88,7,1858,0.9092845320701599
2,88,8,1550,0.9086695909500122
2,88,9,1522,0.9084298610687256
2,88,10,2951,0.9065557718276978
2,89,1,2706,0.9424101710319519
2,89,2,1910,0.9417620301246643
2,89,3,93,0.9391310811042786
2,89,4,2951,0.925517201423645
2,89,5,44,0.9202845096588135
2,89,6,1642,0.912940263748169
2,89,7,1716,0.9084029197692871
2,89,8,2287,0.9072015881538391
2,89,9,2481,0.8930763006210327
2,89,10,1236,0.8883315920829773
2,90,1,1812,0.9419508576393127
2,90,2,2406,0.9403857588768005
2,90,3,2581,0.9364796280860901
2,90,4,2111,0.9330589771270752
2,90,5,2159,0.9303485751152039
2,90,6,2951,0.9276658296585083
2,90,7,1442,0.9250565767288208
2,90,8,2410,0.9244993329048157
2,90,9,1910,0.9242591261863708
2,90,10,2740,0.9235228300094604
2,91,1,2839,0.9534416198730469
2,91,2,278,0.9527599811553955
2,91,3,78,0.9385581612586975
2,91,4,2799,0.9374376535415649
2,91,5,2925,0.9365912079811096
2,91,6,129,0.9312919974327087
2,91,7,1669,0.9305406212806702
2,91,8,1550,0.9301518797874451
2,91,9,948,0.9290409088134766
2,91,10,310,0.9248379468917847
2,93,1,954,0.9533947706222534
2,93,2,158,0.950181245803833
2,93,3,310,0.9481072425842285
2,93,4,321,0.9464810490608215
2,93,5,2137,0.9460447430610657
2,93,6,78,0.9394396543502808
2,93,7,2839,0.9322972893714905
2,93,8,655,0.927201509475708
2,93,9,2366,0.9220456480979919
2,93,10,2677,0.9218745231628418
2,94,1,2390,0.9361002445220947
2,94,2,6,0.9324085116386414
2,94,3,1104,0.9309670329093933
2,94,4,2253,0.9254441261291504
2,94,5,55,0.9224237203598022
2,94,6,1142,0.9186868071556091
2,94,7,972,0.9166425466537476
2,94,8,1028,0.9160912036895752
2,94,9,1047,0.9154238700866699
2,94,10,123,0.911244809627533
2,95,1,991,0.9394513964653015
2,95,2,1725,0.93904709815979
2,95,3,1295,0.9371877312660217
2,95,4,1308,0.935680091381073
2,95,5,530,0.9314829707145691
2,95,6,2390,0.9278196692466736
2,95,7,1754,0.9252499938011169
2,95,8,1484,0.9225331544876099
2,95,9,972,0.9219019412994385
2,95,10,1317,0.9210065603256226
2,97,1,2660,0.9404236078262329
2,97,2,1247,0.9368433356285095
2,97,3,739,0.9353647828102112
2,97,4,1543,0.9251458048820496
2,97,5,1034,0.9184669256210327
2,97,6,1805,0.9133509993553162
2,97,7,128,0.9004818201065063
2,97,8,865,0.8803139328956604
2,97,9,230,0.8735893368721008
2,97,10,3059,0.8579801917076111
2,98,1,2087,0.9324053525924683
2,98,2,2353,0.9314246773719788
2,98,3,95,0.9302223920822144
2,98,4,2448,0.9249609112739563
2,98,5,2144,0.9149460196495056
2,98,6,598,0.9148313403129578
2,98,7,2998,0.9129186272621155
2,98,8,2368,0.9106628894805908
2,98,9,426,0.9100063443183899
2,98,10,14,0.9089526534080505
2,99,1,2368,0.9653041362762451
2,99,2,3054,0.9640146493911743
2,99,3,1710,0.9607124328613281
2,99,4,1111,0.960647702217102
2,99,5,645,0.9603675603866577
2,99,6,1632,0.9601359963417053
2,99,7,1546,0.9600838422775269
2,99,8,599,0.9593936204910278
2,99,9,14,0.9588235020637512
2,99,10,62,0.9563711881637573
2,100,1,2285,0.957637369632721
2,100,2,2306,0.9560449719429016
2,100,3,1112,0.9485049247741699
2,100,4,1802,0.9412817358970642
2,100,5,2259,0.9391706585884094
2,100,6,1362,0.9277360439300537
2,100,7,2238,0.9261479377746582
2,100,8,2387,0.9256975054740906
2,100,9,732,0.9256686568260193
2,100,10,556,0.9217721223831177
2,101,1,1681,0.9767757654190063
2,101,2,2482,0.9764495491981506
2,101,3,2024,0.9750897288322449
2,101,4,880,0.9737523198127747
2,101,5,2776,0.9724464416503906
2,101,6,2143,0.9720033407211304
2,101,7,1751,0.9658960103988647
2,101,8,438,0.9644812345504761
2,101,9,750,0.9618162512779236
2,101,10,3042,0.9566446542739868
2,102,1,769,0.9735754132270813
2,102,2,1254,0.9720115065574646
2,102,3,2143,0.9718079566955566
2,102,4,1681,0.9692659378051758
2,102,5,2161,0.9685611128807068
2,102,6,438,0.9640930891036987
2,102,7,1751,0.9638283848762512
2,102,8,880,0.957120954990387
2,102,9,2024,0.9551092982292175
2,102,10,2776,0.9541037678718567
2,103,1,438,0.9707582592964172
2,103,2,2161,0.9654095768928528
2,103,3,1254,0.9637374877929688
2,103,4,2024,0.9584082365036011
2,103,5,769,0.9579944610595703
2,103,6,880,0.9564565420150757
2,103,7,80,0.9548195600509644
2,103,8,2776,0.9537675976753235
2,103,9,1751,0.9529440999031067
2,103,10,3042,0.9415183663368225
2,104,1,1254,0.9727728962898254
2,104,2,2161,0.9623660445213318
2,104,3,2367,0.9518498778343201
2,104,4,438,0.9516012072563171
2,104,5,2143,0.9505190253257751
2,104,6,80,0.9498162269592285
2,104,7,1751,0.9494151473045349
2,104,8,2406,0.9467400312423706
2,104,9,2521,0.9392665028572083
2,104,10,880,0.9290075302124023
2,105,1,2167,0.9571470022201538
2,105,2,769,0.9522602558135986
2,105,3,1254,0.9483963847160339
2,105,4,1496,0.9410442113876343
2,105,5,80,0.9366637468338013
2,105,6,2162,0.9298489689826965
2,105,7,2161,0.9268853664398193
2,105,8,1812,0.923362135887146
2,105,9,2367,0.9212124943733215
2,105,10,731,0.9167604446411133
2,106,1,1496,0.9813311100006104
2,106,2,2167,0.9715403318405151
2,106,3,731,0.9533758163452148
2,106,4,2328,0.9480124711990356
2,106,5,2521,0.9470583200454712
2,106,6,2162,0.9394286274909973
2,106,7,787,0.8997153043746948
2,106,8,80,0.8887810111045837
2,106,9,2474,0.888374388217926
2,106,10,38,0.8861097693443298
2,108,1,2328,0.972054123878479
2,108,2,731,0.9566068053245544
2,108,3,787,0.9409871101379395
2,108,4,2167,0.9317833185195923
2,108,5,2474,0.9227648973464966
2,108,6,2303,0.9208660125732422
2,108,7,38,0.9199255108833313
2,108,8,2162,0.8977763652801514
2,108,9,2093,0.8863649368286133
2,108,10,2691,0.8862107992172241
2,109,1,2167,0.9711120128631592
2,109,2,2521,0.9631742835044861
2,109,3,731,0.95047527551651
2,109,4,2162,0.9438217282295227
2,109,5,2328,0.9304559230804443
2,109,6,1254,0.9299437403678894
2,109,7,80,0.9245100617408752
2,109,8,1642,0.916912853717804
2,109,9,2161,0.9132506847381592
2,109,10,2287,0.9057639241218567
2,110,1,1907,0.9491231441497803
2,110,2,474,0.9426686763763428
2,110,3,286,0.9411962628364563
2,110,4,843,0.9409611225128174
2,110,5,1963,0.9395931363105774
2,110,6,1582,0.9380515813827515
2,110,7,1302,0.9368876814842224
2,110,8,2280,0.9318636059761047
2,110,9,2844,0.9308171272277832
2,110,10,1202,0.93072509765625
2,111,1,1383,0.9621710777282715
2,111,2,2603,0.9596731662750244
2,111,3,1159,0.9558956623077393
2,111,4,2274,0.9556723237037659
2,111,5,2212,0.9550434350967407
2,111,6,1380,0.9549420475959778
2,111,7,49,0.9535464644432068
2,111,8,2710,0.9534881114959717
2,111,9,2867,0.9529446959495544
2,111,10,783,0.9520606994628906
2,112,1,3048,0.9598568677902222
2,112,2,2274,0.9593402743339539
2,112,3,1277,0.9587419629096985
2,112,4,2480,0.956418514251709
2,112,5,701,0.9541688561439514
2,112,6,65,0.9534863233566284
2,112,7,49,0.9499412178993225
2,112,8,308,0.9491433501243591
2,112,9,2031,0.9468739032745361
2,112,10,1180,0.9466667175292969
2,113,1,2533,0.9461039304733276
2,113,2,2030,0.9446637034416199
2,113,3,1757,0.9406152963638306
2,113,4,719,0.9321843385696411
2,113,5,1540,0.9313527941703796
2,113,6,1237,0.9292044043540955
2,113,7,3048,0.9267956018447876
2,113,8,2031,0.9256200194358826
2,113,9,701,0.9238749742507935
2,113,10,553,0.9234294295310974
2,114,1,2727,0.9743360877037048
2,114,2,1546,0.9730813503265381
2,114,3,1710,0.9725208878517151
2,114,4,746,0.9670478701591492
2,114,5,1438,0.9663130640983582
2,114,6,1374,0.9628297090530396
2,114,7,1201,0.962498128414154
2,114,8,2444,0.9614802598953247
2,114,9,1335,0.9609898924827576
2,114,10,645,0.9576565623283386
2,115,1,1340,0.9648467898368835
2,115,2,756,0.9640955328941345
2,115,3,2989,0.9575564861297607
2,115,4,514,0.9552028179168701
2,115,5,235,0.9513368606567383
2,115,6,185,0.9502524137496948
2,115,7,1346,0.9502261877059937
2,115,8,2552,0.9496357440948486
2,115,9,1176,0.9468117356300354
2,115,10,1761,0.9426310062408447
2,116,1,1078,0.9525176882743835
2,116,2,1176,0.9491119384765625
2,116,3,2989,0.9476417899131775
2,116,4,514,0.9387126564979553
2,116,5,2618,0.9347735047340393
2,116,6,483,0.933426022529602
2,116,7,185,0.9292144179344177
2,116,8,1112,0.9274488687515259
2,116,9,532,0.9232999086380005
2,116,10,1600,0.9227521419525146
2,117,1,1761,0.9410514235496521
2,117,2,706,0.937368631362915
2,117,3,1160,0.9362817406654358
2,117,4,857,0.9344061017036438
2,117,5,2209,0.9240614771842957
2,117,6,364,0.9223147630691528
2,117,7,756,0.9183521866798401
2,117,8,1600,0.9120266437530518
2,117,9,128,0.9111023545265198
2,117,10,2344,0.9080686569213867
2,118,1,185,0.9681890606880188
2,118,2,235,0.9554596543312073
2,118,3,1346,0.9440561532974243
2,118,4,1340,0.9390348792076111
2,118,5,2118,0.9388763904571533
2,118,6,1278,0.9385746121406555
2,118,7,2345,0.9351897835731506
2,118,8,2552,0.9329732060432434
2,118,9,514,0.9304232597351074
2,118,10,756,0.9286481738090515
2,119,1,1682,0.9781198501586914
2,119,2,541,0.9780453443527222
2,119,3,2804,0.9775606393814087
2,119,4,2067,0.9756908416748047
2,119,5,98,0.9734209179878235
2,119,6,2313,0.9728996157646179
2,119,7,476,0.9703494906425476
2,119,8,2447,0.9698863625526428
2,119,9,1121,0.9664685130119324
2,119,10,2876,0.9638987183570862
2,120,1,1413,0.9711186289787292
2,120,2,1654,0.9693055748939514
2,120,3,1232,0.9688200354576111
2,120,4,447,0.9682955741882324
2,120,5,2344,0.96517014503479
2,120,6,2576,0.9644951224327087
2,120,7,2293,0.9624295830726624
2,120,8,1067,0.961753785610199
2,120,9,1936,0.9583430290222168
2,120,10,1615,0.9508059024810791
2,121,1,2632,0.9718356728553772
2,121,2,495,0.9717597961425781
2,121,3,1341,0.9701651930809021
2,121,4,1893,0.967144250869751
2,121,5,1682,0.9661616086959839
2,121,6,541,0.9658893346786499
2,121,7,1831,0.9650185108184814
2,121,8,2995,0.9627945423126221
2,121,9,2067,0.9603269696235657
2,121,10,2804,0.9583596587181091
2,122,1,1898,0.9277457594871521
2,122,2,1613,0.9273879528045654
2,122,3,1001,0.9272204637527466
2,122,4,1871,0.9262642860412598
2,122,5,81,0.9262398481369019
2,122,6,560,0.9224628806114197
2,122,7,1866,0.9210414290428162
2,122,8,1547,0.9184083342552185
2,122,9,1717,0.9170820713043213
2,122,10,652,0.914947509765625
2,123,1,1831,0.9595458507537842
2,123,2,2780,0.9577343463897705
2,123,3,1145,0.9572120308876038
2,123,4,2898,0.9570516347885132
2,123,5,1982,0.9542838335037231
2,123,6,1161,0.9539754390716553
2,123,7,495,0.9532880187034607
2,123,8,1304,0.9524927735328674
2,123,9,1197,0.9500400424003601
2,123,10,2995,0.9384416937828064
2,124,1,717,0.9822559356689453
2,124,2,1871,0.9817996621131897
2,124,3,183,0.9804242849349976
2,124,4,1376,0.9792713522911072
2,124,5,1898,0.978428304195404
2,124,6,1547,0.9783787131309509
2,124,7,1809,0.9760182499885559
2,124,8,359,0.9758672714233398
2,124,9,504,0.9741075038909912
2,124,10,1015,0.9737129807472229
2,125,1,1412,0.9334592819213867
2,125,2,2972,0.9312735199928284
2,125,3,306,0.9308421611785889
2,125,4,398,0.9306630492210388
2,125,5,2100,0.9301180243492126
2,125,6,294,0.9154649376869202
2,125,7,780,0.9004899263381958
2,125,8,2042,0.8909597992897034
2,125,9,3037,0.8904240727424622
2,125,10,699,0.8885205984115601
2,127,1,2975,0.9241288900375366
2,127,2,184,0.9143788814544678
2,127,3,1775,0.9043371677398682
2,127,4,1252,0.9012264013290405
2,127,5,1109,0.8998399972915649
2,127,6,2377,0.8953326940536499
2,127,7,512,0.8946320414543152
2,127,8,1194,0.8719066977500916
2,127,9,724,0.8688710331916809
2,127,10,1500,0.8659017086029053
2,129,1,2975,0.9242804050445557
2,129,2,184,0.9014936685562134
2,129,3,1194,0.8970778584480286
2,129,4,2940,0.8886625170707703
2,129,5,1252,0.8862850666046143
2,129,6,1109,0.8846551775932312
2,129,7,3047,0.883251965045929
2,129,8,2717,0.8827742338180542
2,129,9,421,0.8788163661956787
2,129,10,1212,0.8755277395248413
2,131,1,2975,0.9505675435066223
2,131,2,724,0.9458082914352417
2,131,3,1194,0.9447677731513977
2,131,4,1535,0.9438942670822144
2,131,5,2940,0.9403102397918701
2,131,6,2717,0.9389662146568298
2,131,7,421,0.9361240863800049
2,131,8,3047,0.9333825707435608
2,131,9,2876,0.9314230680465698
2,131,10,1212,0.9310967326164246
2,132,1,1456,0.8128741979598999
2,132,2,1586,0.7291266322135925
2,132,3,1247,0.7055429816246033
2,132,4,793,0.6994027495384216
2,132,5,3032,0.6891483068466187
2,132,6,2668,0.6842954754829407
2,132,7,2114,0.6586029529571533
2,132,8,2678,0.6425690650939941
2,132,9,1805,0.6365532875061035
2,132,10,1034,0.6340236663818359
2,133,1,1456,0.8128741979598999
2,133,2,1586,0.7291266322135925
2,133,3,1247,0.7055429816246033
2,133,4,793,0.6994027495384216
2,133,5,3032,0.6891483068466187
2,133,6,2668,0.6842954754829407
2,133,7,2114,0.6586029529571533
2,133,8,2678,0.6425690650939941
2,133,9,1805,0.6365532875061035
2,133,10,1034,0.6340236663818359
2,134,1,1456,0.8128741979598999
2,134,2,1586,0.7291266322135925
2,134,3,1247,0.7055429816246033
2,134,4,793,0.6994027495384216
2,134,5,3032,0.6891483068466187
2,134,6,2668,0.6842954754829407
2,134,7,2114,0.6586029529571533
2,134,8,2678,0.6425690650939941
2,134,9,1805,0.6365532875061035
2,134,10,1034,0.6340236663818359
2,135,1,1456,0.8128741979598999
2,135,2,1586,0.7291266322135925
2,135,3,1247,0.7055429816246033
2,135,4,793,0.6994027495384216
2,135,5,3032,0.6891483068466187
2,135,6,2668,0.6842954754829407
2,135,7,2114,0.6586029529571533
2,135,8,2678,0.6425690650939941
2,135,9,1805,0.6365532875061035
2,135,10,1034,0.6340236663818359
2,136,1,1881,0.9721601605415344
2,136,2,2876,0.9689585566520691
2,136,3,2717,0.9659393429756165
2,136,4,421,0.9657037258148193
2,136,5,2313,0.9646680355072021
2,136,6,2804,0.9635441303253174
2,136,7,2067,0.9632909893989563
2,136,8,541,0.9607608318328857
2,136,9,1682,0.9606985449790955
2,136,10,2940,0.9600953459739685
2,137,1,2975,0.9050561785697937
2,137,2,1775,0.8954668045043945
2,137,3,1487,0.8908589482307434
2,137,4,184,0.8840184211730957
2,137,5,2408,0.8761265873908997
2,137,6,1194,0.8749297857284546
2,137,7,724,0.8702260851860046
2,137,8,1454,0.8678992390632629
2,137,9,1535,0.8671157360076904
2,137,10,2940,0.8621123433113098
2,138,1,1342,0.9295006990432739
2,138,2,8,0.9216979146003723
2,138,3,2743,0.9207211136817932
2,138,4,2093,0.9188838601112366
2,138,5,2691,0.9137200117111206
2,138,6,1359,0.9025607705116272
2,138,7,2583,0.9013255834579468
2,138,8,1454,0.8960229158401489
2,138,9,273,0.8944218754768372
2,138,10,2328,0.8943164944648743
2,139,1,1487,0.9024977684020996
2,139,2,1454,0.879165530204773
2,139,3,1359,0.8724340200424194
2,139,4,2975,0.8702098727226257
2,139,5,1775,0.8582727313041687
2,139,6,1194,0.8559914827346802
2,139,7,1197,0.8531374335289001
2,139,8,724,0.8513950109481812
2,139,9,2408,0.8511211276054382
2,139,10,2995,0.8510068655014038
2,140,1,1454,0.9315121173858643
2,140,2,1487,0.927033543586731
2,140,3,1359,0.9186973571777344
2,140,4,1839,0.9161344766616821
2,140,5,1342,0.9003834128379822
2,140,6,2743,0.8967639803886414
2,140,7,1304,0.885426938533783
2,140,8,1145,0.881572961807251
2,140,9,194,0.8679180145263672
2,140,10,1558,0.8678866624832153
2,141,1,2717,0.97080397605896
2,141,2,421,0.9697310328483582
2,141,3,2876,0.9681826829910278
2,141,4,724,0.9679021239280701
2,141,5,1535,0.9675289392471313
2,141,6,2940,0.9658604860305786
2,141,7,1212,0.9645912647247314
2,141,8,1881,0.9626871943473816
2,141,9,1194,0.9601801037788391
2,141,10,3047,0.9560346603393555
2,142,1,2717,0.967491090297699
2,142,2,2876,0.966086208820343
2,142,3,724,0.9660345911979675
2,142,4,421,0.9657180309295654
2,142,5,1535,0.965440571308136
2,142,6,2940,0.9646727442741394
2,142,7,1881,0.9623304605484009
2,142,8,1212,0.960097074508667
2,142,9,1194,0.9591720700263977
2,142,10,3047,0.9550533294677734
2,143,1,2717,0.9697726368904114
2,143,2,2876,0.9691091775894165
2,143,3,421,0.9685448408126831
2,143,4,1881,0.9678625464439392
2,143,5,724,0.9665059447288513
2,143,6,1535,0.9661504626274109
2,143,7,2940,0.96556556224823
2,143,8,1212,0.9632924199104309
2,143,9,1194,0.9583897590637207
2,143,10,1352,0.9558897614479065
2,144,1,2975,0.9456449151039124
2,144,2,184,0.932927131652832
2,144,3,1252,0.9198048114776611
2,144,4,1109,0.9182640910148621
2,144,5,724,0.9122234582901001
2,144,6,1535,0.9103841185569763
2,144,7,2377,0.896523654460907
2,144,8,1775,0.8962936997413635
2,144,9,512,0.8958343863487244
2,144,10,1212,0.8941292762756348
2,145,1,2975,0.9503746032714844
2,145,2,184,0.9429531693458557
2,145,3,1252,0.9327185153961182
2,145,4,1109,0.9311946034431458
2,145,5,724,0.9187424778938293
2,145,6,1535,0.9177955985069275
2,145,7,2377,0.9059616923332214
2,145,8,512,0.90528404712677
2,145,9,1212,0.9029209017753601
2,145,10,2876,0.8953168988227844
2,146,1,1252,0.9482830166816711
2,146,2,1109,0.9469569325447083
2,146,3,2975,0.9385403394699097
2,146,4,2606,0.9175447821617126
2,146,5,2377,0.9165114164352417
2,146,6,512,0.9158775210380554
2,146,7,1518,0.9120061993598938
2,146,8,1315,0.9116907715797424
2,146,9,1535,0.9081368446350098
2,146,10,1588,0.9077667593955994
2,147,1,2975,0.9470573663711548
2,147,2,1252,0.9354550242424011
2,147,3,1109,0.9340366721153259
2,147,4,2377,0.9163588881492615
2,147,5,512,0.9156770706176758
2,147,6,724,0.903719961643219
2,147,7,1194,0.9032741785049438
2,147,8,1535,0.9020093083381653
2,147,9,1775,0.898795485496521
2,147,10,1500,0.8941865563392639
2,148,1,1861,0.9475106596946716
2,148,2,136,0.9440904259681702
2,148,3,2604,0.9391822814941406
2,148,4,39,0.9341785311698914
2,148,5,1898,0.9330219626426697
2,148,6,1280,0.9321978688240051
2,148,7,424,0.931297779083252
2,148,8,2184,0.9306932091712952
2,148,9,971,0.9276688098907471
2,148,10,560,0.9263099431991577
2,150,1,1898,0.9617721438407898
2,150,2,1871,0.9591881632804871
2,150,3,81,0.9442362189292908
2,150,4,1613,0.9441080093383789
2,150,5,1001,0.9432966113090515
2,150,6,1866,0.9426250457763672
2,150,7,39,0.9414986371994019
2,150,8,1644,0.9396686553955078
2,150,9,2604,0.9395605325698853
2,150,10,652,0.9390840530395508
2,151,1,1898,0.9565550088882446
2,151,2,1871,0.9536664485931396
2,151,3,1613,0.9434828162193298
2,151,4,81,0.9432371854782104
2,151,5,1001,0.9427092671394348
2,151,6,1717,0.9421296715736389
2,151,7,1866,0.9413506388664246
2,151,8,652,0.9357370138168335
2,151,9,39,0.9355347752571106
2,151,10,1547,0.9345125555992126
2,153,1,1898,0.9627198576927185
2,153,2,1871,0.9592660069465637
2,153,3,560,0.9495195746421814
2,153,4,1717,0.9486712217330933
2,153,5,1613,0.9484173059463501
2,153,6,81,0.9483714699745178
2,153,7,1001,0.9476184844970703
2,153,8,1866,0.9469195008277893
2,153,9,2604,0.9418647885322571
2,153,10,652,0.9413848519325256
2,154,1,1898,0.9568074345588684
2,154,2,1871,0.9536820650100708
2,154,3,1613,0.9475517272949219
2,154,4,81,0.9469181895256042
2,154,5,1001,0.9468173980712891
2,154,6,560,0.9466557502746582
2,154,7,1866,0.9460039734840393
2,154,8,1717,0.9453716278076172
2,154,9,652,0.9400636553764343
2,154,10,2184,0.9393614530563354
2,155,1,1861,0.9467676281929016
2,155,2,2184,0.9307323694229126
2,155,3,424,0.930533766746521
2,155,4,1717,0.9303665161132812
2,155,5,1898,0.9264403581619263
2,155,6,971,0.9258419871330261
2,155,7,1866,0.9237247109413147
2,155,8,560,0.9228705763816833
2,155,9,1985,0.9221044778823853
2,155,10,652,0.9217624664306641
2,156,1,1861,0.9467676281929016
2,156,2,2184,0.9307323694229126
2,156,3,424,0.930533766746521
2,156,4,1717,0.9303665161132812
2,156,5,1898,0.9264403581619263
2,156,6,971,0.9258419871330261
2,156,7,1866,0.9237247109413147
2,156,8,560,0.9228705763816833
2,156,9,1985,0.9221044778823853
2,156,10,652,0.9217624664306641
2,157,1,1861,0.9467676281929016
2,157,2,2184,0.9307323694229126
2,157,3,424,0.930533766746521
2,157,4,1717,0.9303665161132812
2,157,5,1898,0.9264403581619263
2,157,6,971,0.9258419871330261
2,157,7,1866,0.9237247109413147
2,157,8,560,0.9228705763816833
2,157,9,1985,0.9221044778823853
2,157,10,652,0.9217624664306641
2,159,1,2377,0.893388569355011
2,159,2,512,0.8929669857025146
2,159,3,136,0.8793871402740479
2,159,4,1861,0.8759930729866028
2,159,5,424,0.8722731471061707
2,159,6,1775,0.8719050288200378
2,159,7,1109,0.8675550222396851
2,159,8,1252,0.8674952387809753
2,159,9,184,0.8671676516532898
2,159,10,1866,0.8661295175552368
2,160,1,1861,0.9465975165367126
2,160,2,136,0.9431645274162292
2,160,3,1717,0.9428940415382385
2,160,4,2604,0.9417003393173218
2,160,5,1866,0.9408678412437439
2,160,6,424,0.940744936466217
2,160,7,1613,0.9398329854011536
2,160,8,560,0.9395907521247864
2,160,9,81,0.9387413263320923
2,160,10,1001,0.9386898279190063
2,161,1,1613,0.930606484413147
2,161,2,1866,0.9303025007247925
2,161,3,1001,0.9296486377716064
2,161,4,1717,0.9289266467094421
2,161,5,81,0.9288939833641052
2,161,6,424,0.9277150630950928
2,161,7,1861,0.9277100563049316
2,161,8,560,0.927139401435852
2,161,9,136,0.9262873530387878
2,161,10,2604,0.9241646528244019
2,162,1,2211,0.9443830251693726
2,162,2,1100,0.9385575652122498
2,162,3,2369,0.9358769059181213
2,162,4,1080,0.9344720244407654
2,162,5,1522,0.9118139147758484
2,162,6,2628,0.9096399545669556
2,162,7,1502,0.9074075818061829
2,162,8,2734,0.9073929786682129
2,162,9,2895,0.9046068787574768
2,162,10,286,0.901222825050354
2,163,1,1153,0.9291032552719116
2,163,2,1723,0.9270769357681274
2,163,3,1354,0.9186192154884338
2,163,4,1101,0.9175717830657959
2,163,5,2616,0.9135770201683044
2,163,6,1336,0.9125533103942871
2,163,7,510,0.9015278220176697
2,163,8,3061,0.8986170291900635
2,163,9,718,0.8965993523597717
2,163,10,1869,0.8891366124153137
2,164,1,1063,0.9462828636169434
2,164,2,1339,0.9384645819664001
2,164,3,2256,0.9378522634506226
2,164,4,1829,0.9349121451377869
2,164,5,1531,0.9320598244667053
2,164,6,2048,0.9265521764755249
2,164,7,1698,0.9238802790641785
2,164,8,2019,0.9202161431312561
2,164,9,551,0.918656587600708
2,164,10,89,0.9185076951980591
2,165,1,950,0.9697179198265076
2,165,2,1981,0.9656593799591064
2,165,3,520,0.9593484401702881
2,165,4,609,0.9482178688049316
2,165,5,229,0.9393707513809204
2,165,6,2897,0.9323996901512146
2,165,7,348,0.9322490692138672
2,165,8,990,0.9295430183410645
2,165,9,2752,0.9282125234603882
2,165,10,198,0.9273313879966736
2,166,1,3015,0.9451134204864502
2,166,2,348,0.9298436045646667
2,166,3,1931,0.9262450337409973
2,166,4,1235,0.9234461784362793
2,166,5,2897,0.921930730342865
2,166,6,703,0.9212867617607117
2,166,7,2808,0.9108266234397888
2,166,8,3016,0.902911365032196
2,166,9,1977,0.8952848315238953
2,166,10,3057,0.8878277540206909
2,167,1,1251,0.9515944123268127
2,167,2,1317,0.9489122629165649
2,167,3,2661,0.947387158870697
2,167,4,1308,0.946414589881897
2,167,5,1754,0.9424653649330139
2,167,6,1327,0.9296095371246338
2,167,7,1339,0.9280704259872437
2,167,8,1580,0.9280468225479126
2,167,9,1429,0.9268186092376709
2,167,10,1484,0.9263609051704407
2,168,1,1907,0.9599955081939697
2,168,2,2895,0.9571048617362976
2,168,3,1302,0.955285906791687
2,168,4,122,0.9525821208953857
2,168,5,2280,0.9521127343177795
2,168,6,1963,0.951420247554779
2,168,7,2580,0.9511327147483826
2,168,8,1582,0.949995219707489
2,168,9,1778,0.9492310285568237
2,168,10,1080,0.9426659941673279
2,169,1,2895,0.9685049057006836
2,169,2,354,0.9452235698699951
2,169,3,122,0.9397231340408325
2,169,4,1059,0.937882661819458
2,169,5,2580,0.9366682767868042
2,169,6,2280,0.9364237189292908
2,169,7,1516,0.9360438585281372
2,169,8,719,0.9329218864440918
2,169,9,1907,0.9323094487190247
2,169,10,1963,0.931369960308075
2,170,1,2895,0.9653233885765076
2,170,2,719,0.9401764273643494
2,170,3,1516,0.9369460344314575
2,170,4,644,0.9316723942756653
2,170,5,122,0.9303728342056274
2,170,6,3048,0.928450882434845
2,170,7,701,0.9272556900978088
2,170,8,1202,0.9263880252838135
2,170,9,2580,0.9263200163841248
2,170,10,1237,0.925059974193573
2,171,1,2074,0.9561037421226501
2,171,2,1621,0.9522473812103271
2,171,3,1979,0.9467961192131042
2,171,4,1295,0.9396817684173584
2,171,5,1817,0.9357700347900391
2,171,6,2684,0.9343003034591675
2,171,7,2658,0.9316594004631042
2,171,8,613,0.9302107095718384
2,171,9,2170,0.9291714429855347
2,171,10,1327,0.9264292120933533
2,172,1,748,0.9370884299278259
2,172,2,2759,0.9280487298965454
2,172,3,2755,0.9196200966835022
2,172,4,2990,0.918546736240387
2,172,5,2957,0.918175458908081
2,172,6,3062,0.9149814248085022
2,172,7,2134,0.914472758769989
2,172,8,418,0.912501871585846
2,172,9,2395,0.9096662998199463
2,172,10,2078,0.9026921987533569
2,173,1,1708,0.9627892374992371
2,173,2,415,0.9598402976989746
2,173,3,55,0.9509415626525879
2,173,4,629,0.9499281048774719
2,173,5,1650,0.9481109380722046
2,173,6,1300,0.9475545883178711
2,173,7,6,0.9460123181343079
2,173,8,1142,0.9454421997070312
2,173,9,2395,0.9393756985664368
2,173,10,2713,0.9360642433166504
2,174,1,925,0.9582472443580627
2,174,2,689,0.95266193151474
2,174,3,1569,0.9471350312232971
2,174,4,1650,0.9436550140380859
2,174,5,2192,0.9430285096168518
2,174,6,2920,0.941588819026947
2,174,7,1055,0.9408488273620605
2,174,8,1708,0.9357316493988037
2,174,9,2243,0.9303129315376282
2,174,10,1833,0.9278375506401062
2,175,1,925,0.9660941958427429
2,175,2,1650,0.9637665748596191
2,175,3,1708,0.9551923871040344
2,175,4,1055,0.952992856502533
2,175,5,1300,0.9498119354248047
2,175,6,461,0.9446142911911011
2,175,7,1833,0.942337691783905
2,175,8,674,0.9409831762313843
2,175,9,415,0.9332960247993469
2,175,10,1142,0.9332136511802673
2,176,1,129,0.957986056804657
2,176,2,1669,0.9565930366516113
2,176,3,2742,0.9564568996429443
2,176,4,948,0.9516547322273254
2,176,5,1045,0.9507810473442078
2,176,6,2925,0.9443362951278687
2,176,7,1737,0.9420737624168396
2,176,8,674,0.9418272376060486
2,176,9,2793,0.940014660358429
2,176,10,1612,0.9393890500068665
2,177,1,1055,0.9688493013381958
2,177,2,1833,0.9662837386131287
2,177,3,534,0.9660911560058594
2,177,4,2789,0.9633545875549316
2,177,5,925,0.954393744468689
2,177,6,1612,0.9537634253501892
2,177,7,598,0.9493133425712585
2,177,8,675,0.9452309608459473
2,177,9,2095,0.9446667432785034
2,177,10,94,0.9430615901947021
2,178,1,750,0.9767446517944336
2,178,2,675,0.9737351536750793
2,178,3,2482,0.972425103187561
2,178,4,1751,0.9678435921669006
2,178,5,215,0.9661881327629089
2,178,6,880,0.960044264793396
2,178,7,2776,0.9577635526657104
2,178,8,1612,0.9576305150985718
2,178,9,2024,0.9539080858230591
2,178,10,1681,0.9489638805389404
2,179,1,2560,0.9598615765571594
2,179,2,2719,0.9548562169075012
2,179,3,415,0.9548381567001343
2,179,4,2195,0.9473313689231873
2,179,5,123,0.9454455971717834
2,179,6,55,0.9451115727424622
2,179,7,6,0.9437296986579895
2,179,8,2326,0.9392958879470825
2,179,9,748,0.9372357726097107
2,179,10,1030,0.9315506219863892
2,180,1,2713,0.9536504745483398
2,180,2,1300,0.9475487470626831
2,180,3,2326,0.9449796080589294
2,180,4,1650,0.944627583026886
2,180,5,55,0.9418131113052368
2,180,6,461,0.9401633143424988
2,180,7,2719,0.9389387965202332
2,180,8,2560,0.937858521938324
2,180,9,1287,0.9371413588523865
2,180,10,2003,0.9344443678855896
2,181,1,1838,0.9536827206611633
2,181,2,3059,0.9512271285057068
2,181,3,397,0.945127010345459
2,181,4,418,0.9408099055290222
2,181,5,1030,0.9395614862442017
2,181,6,628,0.9395413398742676
2,181,7,1653,0.9393609166145325
2,181,8,2745,0.9391047358512878
2,181,9,1203,0.9389876127243042
2,181,10,2134,0.9352056384086609
2,182,1,461,0.9631385803222656
2,182,2,629,0.9623035192489624
2,182,3,1300,0.9572908878326416
2,182,4,2003,0.951452374458313
2,182,5,14,0.9512381553649902
2,182,6,2998,0.9494754076004028
2,182,7,1013,0.9449564218521118
2,182,8,2713,0.9440872669219971
2,182,9,1747,0.9430969953536987
2,182,10,1650,0.9425175189971924
2,183,1,1927,0.9360400438308716
2,183,2,990,0.9261186718940735
2,183,3,1931,0.9216607213020325
2,183,4,703,0.9214508533477783
2,183,5,2808,0.9116994142532349
2,183,6,1977,0.9037213325500488
2,183,7,2868,0.8995798230171204
2,183,8,1981,0.8968755602836609
2,183,9,950,0.8951607346534729
2,183,10,229,0.8880980014801025
2,184,1,1931,0.9559236764907837
2,184,2,1235,0.9487175941467285
2,184,3,703,0.9446516633033752
2,184,4,2832,0.9380599856376648
2,184,5,2808,0.933830738067627
2,184,6,3057,0.9318190217018127
2,184,7,2502,0.930817186832428
2,184,8,155,0.9277775287628174
2,184,9,698,0.9274871349334717
2,184,10,1763,0.9269281029701233
2,185,1,698,0.947161078453064
2,185,2,1763,0.9456891417503357
2,185,3,2502,0.9409841895103455
2,185,4,1931,0.9398798942565918
2,185,5,257,0.9320992827415466
2,185,6,668,0.9281508922576904
2,185,7,703,0.9278753995895386
2,185,8,3057,0.9273495674133301
2,185,9,2355,0.927156925201416
2,185,10,1235,0.926999032497406
2,186,1,3015,0.961525559425354
2,186,2,2897,0.9473419785499573
2,186,3,1931,0.9419192671775818
2,186,4,703,0.9417033195495605
2,186,5,1927,0.9350711107254028
2,186,6,2808,0.9335243701934814
2,186,7,990,0.9265953898429871
2,186,8,1977,0.9245805740356445
2,186,9,229,0.909193217754364
2,186,10,950,0.8993104100227356
2,187,1,1235,0.9423396587371826
2,187,2,155,0.9327474236488342
2,187,3,3057,0.9307994246482849
2,187,4,3062,0.9269008040428162
2,187,5,3015,0.9219716787338257
2,187,6,1931,0.9059503674507141
2,187,7,2078,0.9001307487487793
2,187,8,500,0.8947522640228271
2,187,9,348,0.893740177154541
2,187,10,1478,0.8934876918792725
2,188,1,3057,0.9406539797782898
2,188,2,155,0.9402554035186768
2,188,3,1235,0.9376746416091919
2,188,4,500,0.9290012121200562
2,188,5,3016,0.9270938038825989
2,188,6,1525,0.9267174601554871
2,188,7,1931,0.9191795587539673
2,188,8,3015,0.9124789237976074
2,188,9,703,0.9016213417053223
2,188,10,2078,0.8938513994216919
2,189,1,1621,0.9224004745483398
2,189,2,2074,0.9218536019325256
2,189,3,1327,0.9204206466674805
2,189,4,1979,0.9192797541618347
2,189,5,1251,0.9181384444236755
2,189,6,2661,0.9131367802619934
2,189,7,1724,0.9062139987945557
2,189,8,1754,0.9027413725852966
2,189,9,2684,0.8997001647949219
2,189,10,1317,0.8983964920043945
2,190,1,1478,0.9217007160186768
2,190,2,3032,0.9163333773612976
2,190,3,2114,0.9084049463272095
2,190,4,1034,0.9048989415168762
2,190,5,1805,0.9004483819007874
2,190,6,3059,0.8929410576820374
2,190,7,865,0.8903398513793945
2,190,8,397,0.8843045830726624
2,190,9,1543,0.8659347891807556
2,190,10,2745,0.8657418489456177
2,191,1,2303,0.9482936859130859
2,191,2,2583,0.921523928642273
2,191,3,787,0.9143485426902771
2,191,4,273,0.9079411029815674
2,191,5,259,0.9055794477462769
2,191,6,2328,0.9025919437408447
2,191,7,2769,0.8854510188102722
2,191,8,2743,0.8836542963981628
2,191,9,2590,0.8828015327453613
2,191,10,1970,0.8824527263641357
2,192,1,2975,0.8722202777862549
2,192,2,1775,0.8656966090202332
2,192,3,184,0.8504394292831421
2,192,4,2377,0.8381264209747314
2,192,5,512,0.8374326229095459
2,192,6,1252,0.8362351655960083
2,192,7,1109,0.8348546624183655
2,192,8,2408,0.8202965259552002
2,192,9,1194,0.818697988986969
2,192,10,724,0.8136285543441772
2,194,1,250,0.9498212337493896
2,194,2,259,0.9398663640022278
2,194,3,1236,0.9392319321632385
2,194,4,2340,0.938331663608551
2,194,5,2016,0.933776319026947
2,194,6,787,0.9064942002296448
2,194,7,2287,0.9002717733383179
2,194,8,692,0.8848505020141602
2,194,9,2328,0.8763502240180969
2,194,10,731,0.8753829002380371
2,195,1,2406,0.9641938805580139
2,195,2,1812,0.9605089426040649
2,195,3,769,0.9515430927276611
2,195,4,2159,0.948093593120575
2,195,5,1642,0.9472644925117493
2,195,6,2111,0.9360001087188721
2,195,7,2581,0.9359234571456909
2,195,8,1254,0.9357852935791016
2,195,9,1910,0.933671772480011
2,195,10,2410,0.9281725287437439
2,196,1,2406,0.953312337398529
2,196,2,1812,0.9530450105667114
2,196,3,2159,0.9473378658294678
2,196,4,769,0.9465669989585876
2,196,5,2111,0.9437106251716614
2,196,6,2581,0.9384205341339111
2,196,7,2410,0.9342827796936035
2,196,8,1254,0.9320030212402344
2,196,9,2367,0.9190610647201538
2,196,10,1751,0.9173210263252258
2,197,1,278,0.9428200125694275
2,197,2,2111,0.9320948719978333
2,197,3,2839,0.930999219417572
2,197,4,2481,0.9283695220947266
2,197,5,2581,0.9278361797332764
2,197,6,2410,0.9268020391464233
2,197,7,1812,0.9253307580947876
2,197,8,2159,0.9251126050949097
2,197,9,1801,0.9231730699539185
2,197,10,205,0.9216781258583069
2,198,1,2111,0.9511582851409912
2,198,2,1812,0.9502883553504944
2,198,3,2159,0.9454001188278198
2,198,4,2581,0.9440058469772339
2,198,5,2406,0.9434991478919983
2,198,6,2410,0.941641092300415
2,198,7,769,0.9386943578720093
2,198,8,2481,0.9291002750396729
2,198,9,1801,0.9285569787025452
2,198,10,278,0.9281196594238281
2,199,1,2896,0.9626575708389282
2,199,2,1569,0.9506955742835999
2,199,3,689,0.9504542946815491
2,199,4,2192,0.9500051736831665
2,199,5,2920,0.9474228620529175
2,199,6,663,0.9448859691619873
2,199,7,1104,0.9438142776489258
2,199,8,1047,0.9397770166397095
2,199,9,2658,0.9342569708824158
2,199,10,1295,0.929744303226471
2,201,1,2283,0.96677565574646
2,201,2,663,0.9618873000144958
2,201,3,613,0.9605767130851746
2,201,4,1295,0.9580063819885254
2,201,5,1047,0.9509745836257935
2,201,6,2922,0.949546217918396
2,201,7,993,0.9489424228668213
2,201,8,2896,0.941862165927887
2,201,9,494,0.9315304756164551
2,201,10,972,0.9311525225639343
2,202,1,993,0.9711664319038391
2,202,2,2372,0.9577507376670837
2,202,3,2197,0.9560832977294922
2,202,4,613,0.9538573026657104
2,202,5,1400,0.9533787965774536
2,202,6,2578,0.9476794600486755
2,202,7,2640,0.94010329246521
2,202,8,3041,0.9370813965797424
2,202,9,2922,0.9370139241218567
2,202,10,1778,0.936068594455719
2,203,1,220,0.948519229888916
2,203,2,993,0.9482424855232239
2,203,3,2922,0.9480430483818054
2,203,4,1400,0.9427767395973206
2,203,5,613,0.9425048232078552
2,203,6,2197,0.9424266815185547
2,203,7,2372,0.9390380382537842
2,203,8,2074,0.9370846748352051
2,203,9,2578,0.933560848236084
2,203,10,1621,0.9334352612495422
2,204,1,1897,0.9143535494804382
2,204,2,2869,0.9085229635238647
2,204,3,2257,0.9080201387405396
2,204,4,1,0.9049433469772339
2,204,5,982,0.9033055901527405
2,204,6,2363,0.9001332521438599
2,204,7,11,0.8998457789421082
2,204,8,576,0.8970577120780945
2,204,9,1018,0.8917859196662903
2,204,10,3043,0.8911980986595154
2,205,1,1064,0.9633930325508118
2,205,2,1688,0.9621407985687256
2,205,3,1707,0.9616996049880981
2,205,4,446,0.9596855044364929
2,205,5,1367,0.9592939615249634
2,205,6,2788,0.9587007761001587
2,205,7,33,0.9584372043609619
2,205,8,2196,0.9571219682693481
2,205,9,2971,0.95699542760849
2,205,10,1651,0.9554223418235779
2,206,1,1897,0.943393349647522
2,206,2,11,0.9388003349304199
2,206,3,1,0.9372552633285522
2,206,4,842,0.9357805848121643
2,206,5,2257,0.9356991052627563
2,206,6,2869,0.9343792200088501
2,206,7,1018,0.9331905841827393
2,206,8,622,0.9321391582489014
2,206,9,1037,0.9321370124816895
2,206,10,3043,0.9315775632858276
2,207,1,2084,0.9552849531173706
2,207,2,446,0.9552752375602722
2,207,3,1422,0.955234169960022
2,207,4,1688,0.9551271796226501
2,207,5,2196,0.9524207711219788
2,207,6,1206,0.9501957893371582
2,207,7,72,0.9497249722480774
2,207,8,1064,0.949618399143219
2,207,9,2500,0.9490523934364319
2,207,10,1707,0.9489311575889587
2,208,1,842,0.9418224096298218
2,208,2,1037,0.941736102104187
2,208,3,11,0.9414777755737305
2,208,4,754,0.9409587979316711
2,208,5,1897,0.9404323697090149
2,208,6,622,0.939267098903656
2,208,7,1,0.9389321804046631
2,208,8,2257,0.9378747344017029
2,208,9,3043,0.9376652240753174
2,208,10,2562,0.9357709288597107
2,209,1,1779,0.9664562940597534
2,209,2,788,0.9585376381874084
2,209,3,1469,0.957510769367218
2,209,4,2173,0.9571806788444519
2,209,5,2870,0.9537041187286377
2,209,6,1009,0.9534896016120911
2,209,7,410,0.949979305267334
2,209,8,20,0.9491550326347351
2,209,9,191,0.9467816948890686
2,209,10,1655,0.9465702176094055
2,210,1,1618,0.8184225559234619
2,210,2,1189,0.8157618641853333
2,210,3,1991,0.8125067353248596
2,210,4,1116,0.8109919428825378
2,210,5,2343,0.8102017045021057
2,210,6,1016,0.8097435235977173
2,210,7,59,0.8095133304595947
2,210,8,2978,0.8064960837364197
2,210,9,1811,0.8064576387405396
2,210,10,1671,0.8057174682617188
2,211,1,482,0.9530806541442871
2,211,2,1002,0.9496284127235413
2,211,3,2566,0.9467847347259521
2,211,4,168,0.9383814930915833
2,211,5,646,0.9348341226577759
2,211,6,333,0.9321491718292236
2,211,7,1603,0.9305195212364197
2,211,8,915,0.9278427362442017
2,211,9,101,0.9246758222579956
2,211,10,2912,0.9245305061340332
2,212,1,1449,0.9486742615699768
2,212,2,2899,0.9442031979560852
2,212,3,1920,0.9440654516220093
2,212,4,1913,0.9437129497528076
2,212,5,221,0.9421756267547607
2,212,6,1899,0.9380649924278259
2,212,7,315,0.9313293695449829
2,212,8,1541,0.9306840300559998
2,212,9,1781,0.9246476292610168
2,212,10,1611,0.9226395487785339
2,214,1,249,0.9661448001861572
2,214,2,2705,0.9633632302284241
2,214,3,1635,0.9629026651382446
2,214,4,1779,0.9626968502998352
2,214,5,513,0.960439145565033
2,214,6,2173,0.9596172571182251
2,214,7,1258,0.953161895275116
2,214,8,2665,0.9530228972434998
2,214,9,2018,0.952126681804657
2,214,10,1469,0.9509348273277283
2,216,1,5,0.94732666015625
2,216,2,482,0.9448217153549194
2,216,3,646,0.9419562816619873
2,216,4,101,0.9388347268104553
2,216,5,2912,0.9349164962768555
2,216,6,671,0.9331179857254028
2,216,7,2061,0.9326704740524292
2,216,8,1587,0.9318317174911499
2,216,9,173,0.9310129284858704
2,216,10,507,0.9295167922973633
2,217,1,2721,0.9622778296470642
2,217,2,535,0.9621071815490723
2,217,3,315,0.9576832056045532
2,217,4,1517,0.955410897731781
2,217,5,826,0.9549499750137329
2,217,6,1449,0.9523885250091553
2,217,7,2899,0.950452983379364
2,217,8,633,0.9492465257644653
2,217,9,1781,0.9483898878097534
2,217,10,1749,0.9481011033058167
2,218,1,2609,0.9677420258522034
2,218,2,1868,0.9669371247291565
2,218,3,2725,0.9662168622016907
2,218,4,535,0.9661411643028259
2,218,5,910,0.9631118178367615
2,218,6,297,0.9630354642868042
2,218,7,2272,0.9619014859199524
2,218,8,538,0.9615934491157532
2,218,9,1749,0.9612234234809875
2,218,10,2721,0.961196780204773
2,219,1,910,0.9741353988647461
2,219,2,297,0.9734598994255066
2,219,3,2725,0.9732950925827026
2,219,4,1868,0.9687311053276062
2,219,5,2609,0.9661420583724976
2,219,6,538,0.9640600085258484
2,219,7,2294,0.963604748249054
2,219,8,595,0.9628190994262695
2,219,9,2272,0.9619808197021484
2,219,10,2035,0.95989590883255
2,220,1,1498,0.9630159735679626
2,220,2,455,0.9630088210105896
2,220,3,2686,0.962210476398468
2,220,4,69,0.9620721340179443
2,220,5,957,0.9615070223808289
2,220,6,2974,0.959352433681488
2,220,7,1369,0.9577213525772095
2,220,8,1823,0.9575100541114807
2,220,9,2623,0.9568977952003479
2,220,10,1811,0.9540151953697205
2,221,1,1344,0.9671589136123657
2,221,2,82,0.9664725661277771
2,221,3,196,0.9565019011497498
2,221,4,863,0.9548124074935913
2,221,5,325,0.9512006044387817
2,221,6,533,0.9483333826065063
2,221,7,1196,0.9474461674690247
2,221,8,704,0.9453654885292053
2,221,9,3017,0.943771481513977
2,221,10,521,0.9433688521385193
2,222,1,82,0.9711036682128906
2,222,2,196,0.9699491262435913
2,222,3,863,0.962360143661499
2,222,4,1344,0.9575690031051636
2,222,5,521,0.9559984803199768
2,222,6,2423,0.9549974799156189
2,222,7,493,0.9545910954475403
2,222,8,1878,0.9516375064849854
2,222,9,96,0.9497699737548828
2,222,10,2785,0.9478808641433716
2,224,1,536,0.9698728322982788
2,224,2,572,0.9637342095375061
2,224,3,1053,0.9619307518005371
2,224,4,1674,0.9617729783058167
2,224,5,285,0.9598751664161682
2,224,6,554,0.9596400856971741
2,224,7,444,0.9578466415405273
2,224,8,108,0.9568543434143066
2,224,9,597,0.9558727145195007
2,224,10,1832,0.955005407333374
2,225,1,554,0.9678871631622314
2,225,2,1301,0.9635809659957886
2,225,3,2136,0.9605972170829773
2,225,4,108,0.9603173732757568
2,225,5,1674,0.9592556357383728
2,225,6,2568,0.9568879008293152
2,225,7,1379,0.9528722167015076
2,225,8,2595,0.9524169564247131
2,225,9,2938,0.9511822462081909
2,225,10,2708,0.9474223256111145
2,226,1,82,0.9704596996307373
2,226,2,196,0.9696012139320374
2,226,3,2525,0.9661915898323059
2,226,4,863,0.9634582996368408
2,226,5,521,0.9539620280265808
2,226,6,1344,0.9533795714378357
2,226,7,2423,0.952899694442749
2,226,8,493,0.9525092840194702
2,226,9,1878,0.9484738111495972
2,226,10,1333,0.9480852484703064
2,227,1,261,0.9704502820968628
2,227,2,1333,0.9666147232055664
2,227,3,527,0.9661413431167603
2,227,4,475,0.9658993482589722
2,227,5,127,0.9636486768722534
2,227,6,1999,0.9627763628959656
2,227,7,2112,0.9602137207984924
2,227,8,863,0.9575941562652588
2,227,9,2235,0.9575065970420837
2,227,10,2080,0.9558124542236328
2,228,1,1674,0.9556125998497009
2,228,2,1157,0.9443421959877014
2,228,3,554,0.9434154629707336
2,228,4,536,0.9350189566612244
2,228,5,176,0.933647871017456
2,228,6,1354,0.9295952320098877
2,228,7,285,0.9264703989028931
2,228,8,597,0.9263033270835876
2,228,9,1437,0.9258784651756287
2,228,10,1379,0.925481915473938
2,229,1,261,0.9661574363708496
2,229,2,475,0.9645954966545105
2,229,3,527,0.9643033146858215
2,229,4,1333,0.9616625308990479
2,229,5,2112,0.9604873061180115
2,229,6,1999,0.9574216604232788
2,229,7,2080,0.9556000828742981
2,229,8,127,0.953526496887207
2,229,9,2235,0.948995053768158
2,229,10,2910,0.9466015100479126
2,230,1,1063,0.9397332668304443
2,230,2,1829,0.9389544725418091
2,230,3,2256,0.9389058351516724
2,230,4,1531,0.9345548152923584
2,230,5,1726,0.9317946434020996
2,230,6,1698,0.9303730726242065
2,230,7,2432,0.9289035201072693
2,230,8,89,0.9187403917312622
2,230,9,1250,0.9174334406852722
2,230,10,2830,0.9149496555328369
2,231,1,3015,0.9615570902824402
2,231,2,348,0.9578498601913452
2,231,3,2897,0.9552265405654907
2,231,4,1931,0.9534894824028015
2,231,5,1927,0.9324893951416016
2,231,6,229,0.9298523664474487
2,231,7,2994,0.9279632568359375
2,231,8,257,0.9264984130859375
2,231,9,990,0.9256482720375061
2,231,10,668,0.9205197691917419
2,232,1,3015,0.9582549929618835
2,232,2,348,0.9507115483283997
2,232,3,2897,0.9457560181617737
2,232,4,1927,0.9263514876365662
2,232,5,1235,0.9189853072166443
2,232,6,990,0.9186134934425354
2,232,7,229,0.912651002407074
2,232,8,257,0.9119530320167542
2,232,9,2994,0.9112107157707214
2,232,10,668,0.9044177532196045
2,233,1,500,0.9484031796455383
2,233,2,1525,0.9466924667358398
2,233,3,2832,0.946215033531189
2,233,4,698,0.9388882517814636
2,233,5,1763,0.9382822513580322
2,233,6,1931,0.9332287311553955
2,233,7,2502,0.9320908188819885
2,233,8,1882,0.9308791756629944
2,233,9,1620,0.9273884892463684
2,233,10,257,0.9236251711845398
2,235,1,2206,0.9673936367034912
2,235,2,2750,0.9664000272750854
2,235,3,210,0.9662829637527466
2,235,4,1494,0.9637672305107117
2,235,5,1082,0.952186107635498
2,235,6,416,0.9488518238067627
2,235,7,628,0.945582926273346
2,235,8,1653,0.9450197219848633
2,235,9,14,0.9439257979393005
2,235,10,62,0.9415874481201172
2,236,1,2209,0.929572343826294
2,236,2,1761,0.9197177886962891
2,236,3,706,0.918038547039032
2,236,4,2344,0.9170293807983398
2,236,5,857,0.9148653745651245
2,236,6,447,0.9101964831352234
2,236,7,128,0.9053810834884644
2,236,8,1413,0.9039466381072998
2,236,9,364,0.9012508392333984
2,236,10,756,0.901056706905365
2,237,1,2989,0.9697550535202026
2,237,2,756,0.9629049301147461
2,237,3,1340,0.9626489877700806
2,237,4,1600,0.9562720060348511
2,237,5,1160,0.952657163143158
2,237,6,1761,0.951268196105957
2,237,7,185,0.9449988603591919
2,237,8,1176,0.9434201121330261
2,237,9,2552,0.9404919743537903
2,237,10,235,0.936097264289856
2,238,1,2618,0.9701249599456787
2,238,2,2963,0.958737313747406
2,238,3,1438,0.9504683017730713
2,238,4,2848,0.9482784867286682
2,238,5,1600,0.947819173336029
2,238,6,364,0.9460856318473816
2,238,7,2695,0.9445427656173706
2,238,8,601,0.9429762363433838
2,238,9,230,0.9412636160850525
2,238,10,857,0.9410956501960754
2,239,1,495,0.9834892749786377
2,239,2,1893,0.9785159230232239
2,239,3,1831,0.9767587184906006
2,239,4,2632,0.9759552478790283
2,239,5,2898,0.9685007333755493
2,239,6,2882,0.9668424725532532
2,239,7,1341,0.9664674401283264
2,239,8,1836,0.9649649858474731
2,239,9,1161,0.964676558971405
2,239,10,439,0.963862955570221
2,240,1,476,0.972221851348877
2,240,2,1870,0.9718680381774902
2,240,3,98,0.9715682864189148
2,240,4,2447,0.971063494682312
2,240,5,1892,0.9703653454780579
2,240,6,835,0.96966153383255
2,240,7,2576,0.966744601726532
2,240,8,2804,0.9605578780174255
2,240,9,2313,0.9593620896339417
2,240,10,1341,0.9581454396247864
2,241,1,2804,0.9781354665756226
2,241,2,2067,0.9780992269515991
2,241,3,1682,0.9775719046592712
2,241,4,541,0.9773798584938049
2,241,5,2313,0.9744755029678345
2,241,6,2876,0.9722314476966858
2,241,7,1352,0.9686431884765625
2,241,8,1881,0.9684255719184875
2,241,9,98,0.9682794809341431
2,241,10,1121,0.9678324460983276
2,242,1,1682,0.9812183380126953
2,242,2,541,0.9808617830276489
2,242,3,2067,0.9799776077270508
2,242,4,2804,0.9798861742019653
2,242,5,2313,0.9719505906105042
2,242,6,98,0.9708608984947205
2,242,7,2995,0.9684367179870605
2,242,8,2876,0.967268705368042
2,242,9,476,0.9662697315216064
2,242,10,2447,0.9659830331802368
2,243,1,1892,0.9760499596595764
2,243,2,1870,0.9754778146743774
2,243,3,835,0.9716285467147827
2,243,4,476,0.9709975123405457
2,243,5,98,0.9697173237800598
2,243,6,2447,0.9696032404899597
2,243,7,2313,0.9648241400718689
2,243,8,1121,0.9621419906616211
2,243,9,2804,0.9612451195716858
2,243,10,541,0.9571701288223267
2,244,1,1881,0.9555610418319702
2,244,2,2717,0.9465211629867554
2,244,3,421,0.946254312992096
2,244,4,1212,0.9445534348487854
2,244,5,2876,0.9441643953323364
2,244,6,724,0.9402347207069397
2,244,7,1535,0.9397470951080322
2,244,8,2940,0.9386208057403564
2,244,9,2313,0.9367603063583374
2,244,10,1352,0.934496283531189
2,245,1,835,0.9090228080749512
2,245,2,1870,0.9058091044425964
2,245,3,1892,0.9046478271484375
2,245,4,1992,0.8902614712715149
2,245,5,118,0.8850150108337402
2,245,6,2877,0.8841954469680786
2,245,7,2202,0.8836807012557983
2,245,8,1121,0.8642585277557373
2,245,9,1712,0.8592441082000732
2,245,10,2447,0.8590741157531738
2,246,1,1881,0.9589852094650269
2,246,2,2313,0.9512261748313904
2,246,3,2876,0.9477435350418091
2,246,4,1121,0.9471426606178284
2,246,5,421,0.9463835954666138
2,246,6,1212,0.9459483027458191
2,246,7,2717,0.9455283880233765
2,246,8,1892,0.9438571333885193
2,246,9,1352,0.9436571002006531
2,246,10,2804,0.9420345425605774
2,247,1,2583,0.9196240305900574
2,247,2,2303,0.9177504181861877
2,247,3,845,0.9172948002815247
2,247,4,2691,0.9138556122779846
2,247,5,273,0.913234531879425
2,247,6,2743,0.9130485653877258
2,247,7,1558,0.9118062853813171
2,247,8,194,0.9117909073829651
2,247,9,2590,0.9096270203590393
2,247,10,1359,0.9051817059516907
2,248,1,2975,0.9474737644195557
2,248,2,184,0.9332660436630249
2,248,3,1252,0.9218065142631531
2,248,4,1194,0.9215389490127563
2,248,5,724,0.9204630851745605
2,248,6,1109,0.9201459288597107
2,248,7,1535,0.9195511937141418
2,248,8,2940,0.9144201278686523
2,248,9,2717,0.912437379360199
2,248,10,3047,0.9115698337554932
2,249,1,2975,0.9538692831993103
2,249,2,184,0.9474710822105408
2,249,3,1252,0.9411796927452087
2,249,4,1109,0.9396210312843323
2,249,5,724,0.9360837936401367
2,249,6,1535,0.9360067248344421
2,249,7,1194,0.9335115551948547
2,249,8,2717,0.931888222694397
2,249,9,2940,0.9301570653915405
2,249,10,421,0.9278684854507446
2,250,1,250,0.9539968371391296
2,250,2,2016,0.9426321387290955
2,250,3,259,0.9392755627632141
2,250,4,584,0.9348482489585876
2,250,5,1388,0.9107055068016052
2,250,6,2723,0.9015622735023499
2,250,7,1970,0.8972750902175903
2,250,8,1012,0.8970463871955872
2,250,9,2303,0.8967846632003784
2,250,10,3037,0.8954256772994995
2,251,1,1871,0.9754456281661987
2,251,2,1898,0.9754249453544617
2,251,3,1547,0.9628962874412537
2,251,4,717,0.9626323580741882
2,251,5,1809,0.9610641002655029
2,251,6,1644,0.959404706954956
2,251,7,560,0.957489013671875
2,251,8,81,0.9557092785835266
2,251,9,2324,0.9556955695152283
2,251,10,359,0.9549496173858643
2,252,1,717,0.9796609282493591
2,252,2,1871,0.978266179561615
2,252,3,2961,0.9748672842979431
2,252,4,504,0.9741712212562561
2,252,5,1898,0.973479688167572
2,252,6,359,0.9728293418884277
2,252,7,1547,0.972430408000946
2,252,8,1809,0.9710350036621094
2,252,9,2324,0.9702572226524353
2,252,10,1644,0.9661515951156616
2,253,1,1871,0.9828848838806152
2,253,2,1898,0.9818053245544434
2,253,3,717,0.9776178002357483
2,253,4,1809,0.9740922451019287
2,253,5,1547,0.9739902019500732
2,253,6,359,0.972274124622345
2,253,7,1015,0.9720081686973572
2,253,8,1644,0.9710855484008789
2,253,9,1376,0.9668195843696594
2,253,10,2234,0.9647492170333862
2,254,1,1871,0.9812187552452087
2,254,2,1898,0.9792940020561218
2,254,3,717,0.9691212177276611
2,254,4,1547,0.9671088457107544
2,254,5,1809,0.9653729796409607
2,254,6,1644,0.9628362655639648
2,254,7,359,0.9603881239891052
2,254,8,560,0.9586503505706787
2,254,9,81,0.9567968845367432
2,254,10,2234,0.9559209942817688
2,255,1,1898,0.9745138883590698
2,255,2,1871,0.9735507965087891
2,255,3,717,0.9581002593040466
2,255,4,1547,0.9579374194145203
2,255,5,1809,0.9573495388031006
2,255,6,1644,0.9572858810424805
2,255,7,560,0.9566317200660706
2,255,8,81,0.9544990062713623
2,255,9,1613,0.9534684419631958
2,255,10,2234,0.9531921744346619
2,256,1,1613,0.924637496471405
2,256,2,1001,0.9238089919090271
2,256,3,2184,0.9229446649551392
2,256,4,81,0.922690212726593
2,256,5,1866,0.9224510192871094
2,256,6,1898,0.9203851222991943
2,256,7,560,0.9194863438606262
2,256,8,1717,0.9194304347038269
2,256,9,652,0.9165394306182861
2,256,10,424,0.9159731864929199
2,257,1,1775,0.8782812356948853
2,257,2,184,0.8703715205192566
2,257,3,1252,0.8541253209114075
2,257,4,1109,0.85267174243927
2,257,5,1194,0.8518170714378357
2,257,6,724,0.8483310341835022
2,257,7,2377,0.8471978306770325
2,257,8,512,0.8464980721473694
2,257,9,2408,0.8447897434234619
2,257,10,1535,0.8436011672019958
2,258,1,2303,0.9328688383102417
2,258,2,250,0.9059516787528992
2,258,3,2016,0.8972857594490051
2,258,4,1970,0.8863731622695923
2,258,5,2583,0.884844183921814
2,258,6,273,0.8792007565498352
2,258,7,2097,0.8725432753562927
2,258,8,2328,0.8706710338592529
2,258,9,584,0.8692293167114258
2,258,10,692,0.8634508848190308
2,259,1,724,0.9197967052459717
2,259,2,1194,0.9182286262512207
2,259,3,1535,0.9173714518547058
2,259,4,2940,0.9143906831741333
2,259,5,2780,0.9133491516113281
2,259,6,2717,0.9095181226730347
2,259,7,2876,0.9083355665206909
2,259,8,421,0.9072924852371216
2,259,9,2995,0.9029813408851624
2,259,10,1212,0.9023594260215759
2,260,1,845,0.9205243587493896
2,260,2,1970,0.9141803979873657
2,260,3,1359,0.8944973349571228
2,260,4,1487,0.8916568160057068
2,260,5,2691,0.88853919506073
2,260,6,2303,0.8883232474327087
2,260,7,2583,0.8854635953903198
2,260,8,2160,0.883389413356781
2,260,9,1328,0.8775520324707031
2,260,10,479,0.8654532432556152
2,261,1,2303,0.9500730633735657
2,261,2,692,0.9492735862731934
2,261,3,731,0.9389589428901672
2,261,4,38,0.9072389006614685
2,261,5,2474,0.9068834185600281
2,261,6,2691,0.9060168862342834
2,261,7,2583,0.9052003026008606
2,261,8,2167,0.8894617557525635
2,261,9,1496,0.8883785605430603
2,261,10,1236,0.8795484900474548
2,262,1,2474,0.9580672979354858
2,262,2,38,0.9510736465454102
2,262,3,1342,0.9203726649284363
2,262,4,2303,0.9193573594093323
2,262,5,2691,0.9124395847320557
2,262,6,2583,0.9037321209907532
2,262,7,1839,0.8987945914268494
2,262,8,845,0.8933417797088623
2,262,9,692,0.8875588774681091
2,262,10,1496,0.8868857622146606
2,263,1,2839,0.9472471475601196
2,263,2,278,0.9436553120613098
2,263,3,1146,0.9398593902587891
2,263,4,60,0.937473475933075
2,263,5,174,0.9330341219902039
2,263,6,1550,0.9296773672103882
2,263,7,2352,0.9250560402870178
2,263,8,1538,0.9227029085159302
2,263,9,2799,0.9127072095870972
2,263,10,2740,0.9117054343223572
2,264,1,644,0.945499062538147
2,264,2,2895,0.9432066082954407
2,264,3,719,0.9426172971725464
2,264,4,65,0.9398236274719238
2,264,5,2640,0.9389119744300842
2,264,6,2580,0.9387874603271484
2,264,7,1516,0.9381355047225952
2,264,8,354,0.9358931183815002
2,264,9,1202,0.9353011846542358
2,264,10,1582,0.9328495264053345
2,265,1,308,0.9467777609825134
2,265,2,701,0.9459940791130066
2,265,3,644,0.9456362128257751
2,265,4,1180,0.9440400004386902
2,265,5,49,0.9398485422134399
2,265,6,1277,0.9363492727279663
2,265,7,2212,0.9361180663108826
2,265,8,719,0.9355500340461731
2,265,9,2640,0.9353291988372803
2,265,10,1380,0.9352927207946777
2,266,1,2533,0.9422891736030579
2,266,2,2030,0.9392120838165283
2,266,3,1757,0.933709979057312
2,266,4,719,0.9321195483207703
2,266,5,354,0.9302027821540833
2,266,6,1237,0.9277911186218262
2,266,7,2370,0.9259627461433411
2,266,8,2955,0.9247989654541016
2,266,9,2895,0.9219239354133606
2,266,10,1516,0.9196513295173645
2,267,1,2315,0.9608058929443359
2,267,2,2274,0.9591028094291687
2,267,3,308,0.9589390158653259
2,267,4,1940,0.9580077528953552
2,267,5,2603,0.9559149146080017
2,267,6,1891,0.9549721479415894
2,267,7,49,0.9545720815658569
2,267,8,2710,0.9497467279434204
2,267,9,1180,0.9473933577537537
2,267,10,1277,0.9468383193016052
2,268,1,701,0.9533437490463257
2,268,2,65,0.9511796236038208
2,268,3,719,0.950691282749176
2,268,4,644,0.950526773929596
2,268,5,2274,0.9479556679725647
2,268,6,1277,0.9437364339828491
2,268,7,1180,0.9425938725471497
2,268,8,2370,0.9421291947364807
2,268,9,308,0.9415512681007385
2,268,10,2533,0.9394311904907227
2,269,1,3048,0.9542718529701233
2,269,2,719,0.9440374970436096
2,269,3,644,0.9418535232543945
2,269,4,1277,0.9359655976295471
2,269,5,2370,0.9353479743003845
2,269,6,2533,0.9350148439407349
2,269,7,308,0.9315448999404907
2,269,8,1516,0.9301434755325317
2,269,9,354,0.9285888075828552
2,269,10,2030,0.9267170429229736
2,271,1,308,0.9618342518806458
2,271,2,3048,0.9554525017738342
2,271,3,49,0.9552401304244995
2,271,4,1180,0.954629123210907
2,271,5,1940,0.9532068371772766
2,271,6,2315,0.9522230625152588
2,271,7,2480,0.9506947994232178
2,271,8,1891,0.9496503472328186
2,271,9,1277,0.949347198009491
2,271,10,2603,0.9461158514022827
2,272,1,308,0.9644124507904053
2,272,2,2274,0.9612503051757812
2,272,3,1380,0.959867000579834
2,272,4,2315,0.9570706486701965
2,272,5,1940,0.9546762108802795
2,272,6,105,0.9489917755126953
2,272,7,1891,0.9488436579704285
2,272,8,65,0.9485016465187073
2,272,9,3041,0.9470193982124329
2,272,10,3048,0.9442890286445618
2,273,1,3048,0.9426811933517456
2,273,2,644,0.9363372921943665
2,273,3,701,0.9318392872810364
2,273,4,105,0.9317620992660522
2,273,5,1907,0.9312368035316467
2,273,6,65,0.9311397671699524
2,273,7,2640,0.9310142397880554
2,273,8,2895,0.9308483600616455
2,273,9,2580,0.9295629858970642
2,273,10,1582,0.9256584048271179
2,274,1,1907,0.95855313539505
2,274,2,1582,0.951323390007019
2,274,3,1302,0.9467036724090576
2,274,4,2580,0.9462934732437134
2,274,5,1202,0.9451918601989746
2,274,6,1963,0.9431776404380798
2,274,7,2280,0.9389499425888062
2,274,8,2640,0.937372088432312
2,274,9,843,0.9365729093551636
2,274,10,122,0.9354130625724792
2,276,1,2603,0.9567514657974243
2,276,2,3041,0.9531092047691345
2,276,3,1159,0.9493562579154968
2,276,4,308,0.9486534595489502
2,276,5,993,0.9481393694877625
2,276,6,2212,0.9444476962089539
2,276,7,1380,0.9423802495002747
2,276,8,1223,0.9419926404953003
2,276,9,2372,0.9392772912979126
2,276,10,2170,0.937772274017334
2,277,1,278,0.9568939805030823
2,277,2,2839,0.950049638748169
2,277,3,2799,0.9430107474327087
2,277,4,1669,0.9333221912384033
2,277,5,948,0.9326902031898499
2,277,6,2925,0.9292681217193604
2,277,7,78,0.9288820624351501
2,277,8,1442,0.9283768534660339
2,277,9,2742,0.9269213080406189
2,277,10,129,0.9268785715103149
2,278,1,3048,0.9619259238243103
2,278,2,644,0.9555549621582031
2,278,3,701,0.9530128836631775
2,278,4,65,0.952312707901001
2,278,5,105,0.949020266532898
2,278,6,1180,0.9473384022712708
2,278,7,2640,0.94594407081604
2,278,8,2274,0.945845901966095
2,278,9,308,0.9446920156478882
2,278,10,2480,0.9415278434753418
2,279,1,1907,0.9444599151611328
2,279,2,474,0.9434670209884644
2,279,3,843,0.9424751996994019
2,279,4,1963,0.9399951696395874
2,279,5,1080,0.9339475631713867
2,279,6,1302,0.9333917498588562
2,279,7,1980,0.931861162185669
2,279,8,2280,0.9317881464958191
2,279,9,1582,0.9315512776374817
2,279,10,2844,0.9257045388221741
2,280,1,278,0.9435547590255737
2,280,2,2839,0.9407959580421448
2,280,3,174,0.9371593594551086
2,280,4,1146,0.9343447089195251
2,280,5,2740,0.9280791282653809
2,280,6,2352,0.9272990822792053
2,280,7,60,0.9267265200614929
2,280,8,1442,0.9242818355560303
2,280,9,2481,0.9218959212303162
2,280,10,1550,0.9212437272071838
2,282,1,286,0.9392377734184265
2,282,2,474,0.934313178062439
2,282,3,1080,0.9326601028442383
2,282,4,1907,0.9316738247871399
2,282,5,2211,0.9304224848747253
2,282,6,1980,0.928985059261322
2,282,7,2369,0.925471842288971
2,282,8,1100,0.9226940274238586
2,282,9,1302,0.9207796454429626
2,282,10,78,0.9197719097137451
2,283,1,1907,0.9546681046485901
2,283,2,2895,0.9517431855201721
2,283,3,1202,0.9468103647232056
2,283,4,1302,0.9466175436973572
2,283,5,1963,0.9465208649635315
2,283,6,1582,0.9461842179298401
2,283,7,122,0.9424319267272949
2,283,8,474,0.9320797324180603
2,283,9,286,0.930910050868988
2,283,10,354,0.928911030292511
2,284,1,3048,0.9537694454193115
2,284,2,2533,0.9469647407531738
2,284,3,701,0.9442607164382935
2,284,4,354,0.9437740445137024
2,284,5,644,0.9426338076591492
2,284,6,2030,0.9416515827178955
2,284,7,65,0.9395911693572998
2,284,8,2895,0.9363681674003601
2,284,9,1757,0.9340246915817261
2,284,10,2370,0.9329525232315063
2,285,1,2370,0.9521431922912598
2,285,2,1891,0.9429479837417603
2,285,3,2031,0.9425643682479858
2,285,4,2274,0.9392507672309875
2,285,5,2480,0.9379733204841614
2,285,6,1940,0.9368380904197693
2,285,7,3048,0.9354787468910217
2,285,8,2315,0.9353476166725159
2,285,9,164,0.9298103451728821
2,285,10,701,0.929283082485199
2,286,1,1336,0.9452161192893982
2,286,2,1884,0.9420569539070129
2,286,3,1167,0.9380677342414856
2,286,4,1153,0.9347766637802124
2,286,5,2616,0.9347295165061951
2,286,6,510,0.9338867664337158
2,286,7,2183,0.9279357194900513
2,286,8,1101,0.9239679574966431
2,286,9,2090,0.9220114350318909
2,286,10,1260,0.9212743639945984
2,287,1,3010,0.9324586391448975
2,287,2,1696,0.9257521629333496
2,287,3,285,0.9241518974304199
2,287,4,759,0.919693112373352
2,287,5,1381,0.9162086248397827
2,287,6,1723,0.9145312905311584
2,287,7,536,0.9144524931907654
2,287,8,1674,0.9087076783180237
2,287,9,572,0.9082903265953064
2,287,10,201,0.9070237278938293
2,288,1,1336,0.9536510109901428
2,288,2,1153,0.9483196139335632
2,288,3,2616,0.946311891078949
2,288,4,510,0.9434914588928223
2,288,5,1260,0.9288031458854675
2,288,6,1354,0.926571249961853
2,288,7,1167,0.9245193004608154
2,288,8,1101,0.9228050112724304
2,288,9,1723,0.9213230013847351
2,288,10,1884,0.9207524061203003
2,289,1,1153,0.9666123390197754
2,289,2,1354,0.9572171568870544
2,289,3,1723,0.9558469653129578
2,289,4,718,0.9469112157821655
2,289,5,1336,0.9456091523170471
2,289,6,1101,0.9435113668441772
2,289,7,2616,0.9414110779762268
2,289,8,510,0.9308425188064575
2,289,9,3061,0.9228093028068542
2,289,10,285,0.9213727712631226
2,290,1,2643,0.9763640761375427
2,290,2,521,0.9759535193443298
2,290,3,1408,0.975743293762207
2,290,4,2817,0.9757359027862549
2,290,5,103,0.975067138671875
2,290,6,2423,0.9746085405349731
2,290,7,493,0.9744048118591309
2,290,8,275,0.9742656946182251
2,290,9,2188,0.9711501002311707
2,290,10,2785,0.9709770679473877
2,291,1,1265,0.9693117737770081
2,291,2,704,0.9473719596862793
2,291,3,2906,0.9367822408676147
2,291,4,539,0.9331443905830383
2,291,5,3017,0.9288975596427917
2,291,6,2322,0.9282578825950623
2,291,7,1196,0.9263954162597656
2,291,8,2488,0.925344705581665
2,291,9,774,0.9236792325973511
2,291,10,2672,0.9148444533348083
2,292,1,704,0.9819141626358032
2,292,2,1196,0.9751644134521484
2,292,3,1265,0.9648463726043701
2,292,4,2431,0.9560944437980652
2,292,5,1685,0.9542009830474854
2,292,6,1832,0.9523549675941467
2,292,7,1696,0.9470972418785095
2,292,8,1171,0.9437007904052734
2,292,9,112,0.9433621168136597
2,292,10,201,0.9418764710426331
2,293,1,704,0.9740316867828369
2,293,2,1196,0.9676448702812195
2,293,3,1344,0.9604112505912781
2,293,4,2431,0.9541200399398804
2,293,5,1685,0.9532148838043213
2,293,6,1265,0.9502156376838684
2,293,7,1696,0.9497770071029663
2,293,8,1832,0.9496371150016785
2,293,9,112,0.9488535523414612
2,293,10,201,0.9472993016242981
2,294,1,82,0.9680442214012146
2,294,2,2525,0.9643464088439941
2,294,3,196,0.9627715349197388
2,294,4,863,0.9562888741493225
2,294,5,521,0.9517348408699036
2,294,6,2423,0.950667679309845
2,294,7,493,0.9502429962158203
2,294,8,1878,0.9490228295326233
2,294,9,3017,0.9462987184524536
2,294,10,1978,0.9447545409202576
2,295,1,1265,0.9678782820701599
2,295,2,325,0.9491968750953674
2,295,3,2906,0.9446302056312561
2,295,4,539,0.9419677257537842
2,295,5,2488,0.9399082660675049
2,295,6,2322,0.9385352730751038
2,295,7,704,0.9376991987228394
2,295,8,1344,0.9359115362167358
2,295,9,1070,0.9338017702102661
2,295,10,3017,0.9227808713912964
2,297,1,1336,0.957543134689331
2,297,2,1260,0.9485303163528442
2,297,3,2407,0.9484733939170837
2,297,4,1884,0.94303297996521
2,297,5,1173,0.933478832244873
2,297,6,1167,0.9299240708351135
2,297,7,1153,0.9284297823905945
2,297,8,64,0.9200273156166077
2,297,9,2359,0.9182222485542297
2,297,10,585,0.9181655645370483
2,298,1,2183,0.9499273896217346
2,298,2,91,0.9466630816459656
2,298,3,2090,0.9443123936653137
2,298,4,1791,0.9440978169441223
2,298,5,2028,0.9423136115074158
2,298,6,2790,0.9359952807426453
2,298,7,1723,0.9328045845031738
2,298,8,63,0.9325695037841797
2,298,9,1153,0.9284359812736511
2,298,10,201,0.9269013404846191
2,299,1,585,0.9626389741897583
2,299,2,2359,0.9618654251098633
2,299,3,1293,0.9610217213630676
2,299,4,742,0.9605980515480042
2,299,5,1884,0.960223376750946
2,299,6,2496,0.9566985964775085
2,299,7,64,0.9548852443695068
2,299,8,264,0.9508689045906067
2,299,9,621,0.9504302740097046
2,299,10,1173,0.9458523392677307
2,300,1,1062,0.9634121656417847
2,300,2,2911,0.9602699875831604
2,300,3,1991,0.9588045477867126
2,300,4,1671,0.9572950601577759
2,300,5,637,0.95522141456604
2,300,6,1158,0.9522655010223389
2,300,7,1198,0.9504217505455017
2,300,8,1618,0.9482858180999756
2,300,9,104,0.9451613426208496
2,300,10,1040,0.9419727921485901
2,301,1,1991,0.9622699022293091
2,301,2,1158,0.9602252840995789
2,301,3,1671,0.9586513042449951
2,301,4,2911,0.958503007888794
2,301,5,1062,0.9582779407501221
2,301,6,1618,0.9568794965744019
2,301,7,59,0.9530333876609802
2,301,8,1369,0.9522707462310791
2,301,9,1016,0.9505249261856079
2,301,10,293,0.9504201412200928
2,302,1,1991,0.9647111296653748
2,302,2,1158,0.9637884497642517
2,302,3,59,0.9606156945228577
2,302,4,1618,0.960411012172699
2,302,5,1671,0.9601792693138123
2,302,6,293,0.9595658183097839
2,302,7,1369,0.9577398896217346
2,302,8,2911,0.9567986130714417
2,302,9,1062,0.9562153220176697
2,302,10,455,0.9548468589782715
2,303,1,1517,0.96446293592453
2,303,2,2721,0.9636630415916443
2,303,3,535,0.9604442715644836
2,303,4,1611,0.959866464138031
2,303,5,594,0.9573758244514465
2,303,6,730,0.9543724060058594
2,303,7,617,0.9540717005729675
2,303,8,106,0.9496212601661682
2,303,9,566,0.9422624111175537
2,303,10,2609,0.9417707920074463
2,304,1,535,0.9723077416419983
2,304,2,2721,0.9696274399757385
2,304,3,1517,0.967308759689331
2,304,4,2609,0.9670981168746948
2,304,5,594,0.964755654335022
2,304,6,538,0.9617078900337219
2,304,7,566,0.952999472618103
2,304,8,617,0.9518940448760986
2,304,9,297,0.9488528370857239
2,304,10,910,0.9464540481567383
2,305,1,2721,0.9609000086784363
2,305,2,1517,0.9591854214668274
2,305,3,535,0.9580925703048706
2,305,4,1611,0.9561217427253723
2,305,5,730,0.9525172710418701
2,305,6,594,0.9498093128204346
2,305,7,617,0.9451771974563599
2,305,8,106,0.9442194700241089
2,305,9,1899,0.934855043888092
2,305,10,2609,0.9341214895248413
2,306,1,730,0.9583524465560913
2,306,2,221,0.9480780959129333
2,306,3,1899,0.9467711448669434
2,306,4,1913,0.9466626644134521
2,306,5,106,0.9437854886054993
2,306,6,747,0.9415822625160217
2,306,7,2721,0.9372597336769104
2,306,8,1517,0.9350887537002563
2,306,9,535,0.9290886521339417
2,306,10,1541,0.922321617603302
2,307,1,566,0.9622294902801514
2,307,2,1467,0.9558771252632141
2,307,3,2686,0.9557267427444458
2,307,4,538,0.9555811285972595
2,307,5,270,0.955131471157074
2,307,6,594,0.9500951766967773
2,307,7,1263,0.946391761302948
2,307,8,617,0.944946825504303
2,307,9,755,0.9448908567428589
2,307,10,1990,0.9422116875648499
2,308,1,910,0.9738743901252747
2,308,2,297,0.9730226397514343
2,308,3,2609,0.9699330925941467
2,308,4,538,0.9691006541252136
2,308,5,2725,0.9683092832565308
2,308,6,1868,0.9628041982650757
2,308,7,2294,0.9612131118774414
2,308,8,595,0.9606039524078369
2,308,9,535,0.9597744941711426
2,308,10,2272,0.9562028646469116
2,309,1,2721,0.9659088850021362
2,309,2,535,0.9647204875946045
2,309,3,1517,0.9637545347213745
2,309,4,594,0.9569921493530273
2,309,5,730,0.9513146877288818
2,309,6,617,0.9500728249549866
2,309,7,2609,0.9460442662239075
2,309,8,106,0.9435784816741943
2,309,9,1449,0.9408077597618103
2,309,10,566,0.9399544596672058
2,310,1,1498,0.9666726589202881
2,310,2,566,0.9655876755714417
2,310,3,270,0.9586367607116699
2,310,4,1467,0.9562147855758667
2,310,5,594,0.9555703401565552
2,310,6,538,0.9546131491661072
2,310,7,617,0.9527505040168762
2,310,8,1263,0.9473917484283447
2,310,9,957,0.9464218020439148
2,310,10,1275,0.9436146020889282
2,311,1,910,0.9798120856285095
2,311,2,297,0.9794954657554626
2,311,3,595,0.9740063548088074
2,311,4,2294,0.9738346934318542
2,311,5,538,0.9697790741920471
2,311,6,2609,0.9648168683052063
2,311,7,2725,0.9646574854850769
2,311,8,535,0.944347620010376
2,311,9,2272,0.9399547576904297
2,311,10,594,0.9372982978820801
2,312,1,1369,0.9664385318756104
2,312,2,2978,0.9657721519470215
2,312,3,455,0.9653669595718384
2,312,4,293,0.9634907841682434
2,312,5,2343,0.9634156227111816
2,312,6,1811,0.9618749022483826
2,312,7,1618,0.9613392949104309
2,312,8,784,0.9603975415229797
2,312,9,1189,0.9592097401618958
2,312,10,1991,0.9578132033348083
2,314,1,910,0.9738975763320923
2,314,2,297,0.9729993343353271
2,314,3,2609,0.969484806060791
2,314,4,2725,0.968656599521637
2,314,5,538,0.9686066508293152
2,314,6,2294,0.9613685011863708
2,314,7,595,0.960852324962616
2,314,8,535,0.9593708515167236
2,314,9,2272,0.95521479845047
2,314,10,2721,0.9523465633392334
2,315,1,2205,0.9625401496887207
2,315,2,1040,0.9617487192153931
2,315,3,1029,0.9607717394828796
2,315,4,1113,0.960731029510498
2,315,5,2700,0.9604145288467407
2,315,6,2308,0.9600922465324402
2,315,7,1579,0.9577207565307617
2,315,8,1592,0.9557105302810669
2,315,9,1072,0.9555448889732361
2,315,10,2911,0.953767716884613
2,316,1,1116,0.958378255367279
2,316,2,2978,0.9524742960929871
2,316,3,2343,0.9522555470466614
2,316,4,293,0.9516060948371887
2,316,5,2917,0.9514811038970947
2,316,6,59,0.9508067965507507
2,316,7,2084,0.9487262964248657
2,316,8,72,0.9485652446746826
2,316,9,455,0.9466776251792908
2,316,10,1189,0.946495771408081
2,317,1,730,0.9402871131896973
2,317,2,1449,0.9397276043891907
2,317,3,1611,0.9374069571495056
2,317,4,221,0.9367414712905884
2,317,5,1920,0.934541642665863
2,317,6,1913,0.9343515038490295
2,317,7,2899,0.9334895610809326
2,317,8,1899,0.9334599375724792
2,317,9,747,0.9288207292556763
2,317,10,106,0.9243290424346924
2,318,1,1116,0.9471011757850647
2,318,2,2917,0.9466737508773804
2,318,3,72,0.9444084167480469
2,318,4,2084,0.9413114190101624
2,318,5,1422,0.9367988705635071
2,318,6,2343,0.929610013961792
2,318,7,293,0.9288630485534668
2,318,8,2978,0.9283120036125183
2,318,9,1190,0.9279010891914368
2,318,10,59,0.9274316430091858
2,319,1,1897,0.9593030214309692
2,319,2,2869,0.9555478096008301
2,319,3,2257,0.953494668006897
2,319,4,1,0.9530201554298401
2,319,5,747,0.9524827599525452
2,319,6,2339,0.9504154920578003
2,319,7,11,0.9489489197731018
2,319,8,982,0.9479504823684692
2,319,9,3043,0.9428853392601013
2,319,10,2296,0.9427089691162109
2,321,1,1064,0.9593050479888916
2,321,2,2312,0.9576623439788818
2,321,3,1422,0.9560927152633667
2,321,4,2196,0.9559077024459839
2,321,5,203,0.9554370641708374
2,321,6,1827,0.9531735181808472
2,321,7,1786,0.9531239867210388
2,321,8,2788,0.9524945616722107
2,321,9,1208,0.9523370265960693
2,321,10,2971,0.9508233666419983
2,322,1,1962,0.9455633759498596
2,322,2,2312,0.9444512128829956
2,322,3,1786,0.9405912160873413
2,322,4,1422,0.9397566318511963
2,322,5,1590,0.9395341873168945
2,322,6,432,0.9391269087791443
2,322,7,1827,0.9388918280601501
2,322,8,2697,0.9388834238052368
2,322,9,1190,0.9384743571281433
2,322,10,2196,0.9359952807426453
2,323,1,1897,0.9622319340705872
2,323,2,2869,0.9579516649246216
2,323,3,1,0.9578255414962769
2,323,4,11,0.9565095901489258
2,323,5,2257,0.9561984539031982
2,323,6,842,0.9530040621757507
2,323,7,3043,0.9521782398223877
2,323,8,2296,0.9501425623893738
2,323,9,1037,0.9496622681617737
2,323,10,2339,0.948811948299408
2,324,1,2339,0.9462918639183044
2,324,2,2574,0.9429675340652466
2,324,3,1897,0.9395086169242859
2,324,4,576,0.9298944473266602
2,324,5,747,0.9284244179725647
2,324,6,11,0.9282160401344299
2,324,7,1491,0.926490306854248
2,324,8,1018,0.9261056780815125
2,324,9,1,0.9253183603286743
2,324,10,2869,0.9251287579536438
2,325,1,72,0.9411187171936035
2,325,2,1116,0.9410444498062134
2,325,3,1422,0.9360442161560059
2,325,4,1190,0.928019642829895
2,325,5,2788,0.9247382283210754
2,325,6,430,0.9246483445167542
2,325,7,1206,0.9245016574859619
2,325,8,2343,0.9241564869880676
2,325,9,2978,0.9227684140205383
2,325,10,293,0.9226368069648743
2,326,1,2084,0.9564937949180603
2,326,2,1206,0.9522331953048706
2,326,3,430,0.950413703918457
2,326,4,2788,0.9492316246032715
2,326,5,1991,0.948362410068512
2,326,6,1422,0.9469820261001587
2,326,7,72,0.9467496275901794
2,326,8,1688,0.9460319876670837
2,326,9,2653,0.9459907412528992
2,326,10,2529,0.9451238512992859
2,327,1,1897,0.9565379023551941
2,327,2,2869,0.952379584312439
2,327,3,2257,0.9512422680854797
2,327,4,1,0.9503597617149353
2,327,5,2339,0.9496694207191467
2,327,6,747,0.9491330981254578
2,327,7,11,0.9478664398193359
2,327,8,3043,0.9422748684883118
2,327,9,842,0.9402186870574951
2,327,10,2754,0.9383153319358826
2,328,1,1651,0.9532604217529297
2,328,2,2007,0.9525213837623596
2,328,3,1367,0.9493154883384705
2,328,4,2971,0.94829261302948
2,328,5,1707,0.9460282921791077
2,328,6,1688,0.9459536671638489
2,328,7,859,0.9446525573730469
2,328,8,2529,0.9430633783340454
2,328,9,2788,0.9419271349906921
2,328,10,502,0.9410417675971985
2,329,1,1651,0.957153856754303
2,329,2,2971,0.9552339315414429
2,329,3,2007,0.9514582753181458
2,329,4,1827,0.9511645436286926
2,329,5,915,0.9497104287147522
2,329,6,2163,0.9477390646934509
2,329,7,1208,0.9476311206817627
2,329,8,2196,0.9476298093795776
2,329,9,195,0.9474058747291565
2,329,10,1367,0.9470573663711548
2,330,1,1897,0.9550897479057312
2,330,2,11,0.951120913028717
2,330,3,1,0.9496563076972961
2,330,4,2257,0.9487068057060242
2,330,5,2869,0.9480428695678711
2,330,6,842,0.9478795528411865
2,330,7,3043,0.9456862211227417
2,330,8,1037,0.945013701915741
2,330,9,1018,0.9431334733963013
2,330,10,622,0.9430239200592041
2,331,1,1897,0.952826976776123
2,331,2,2339,0.9486271739006042
2,331,3,2257,0.9465912580490112
2,331,4,2869,0.9465144276618958
2,331,5,1,0.9456871151924133
2,331,6,747,0.9453827738761902
2,331,7,11,0.9441959261894226
2,331,8,2363,0.943513035774231
2,331,9,3043,0.9381399750709534
2,331,10,842,0.936474084854126
2,332,1,1064,0.9607547521591187
2,332,2,1827,0.953660249710083
2,332,3,2971,0.9513370394706726
2,332,4,1651,0.9478483200073242
2,332,5,1208,0.9474650025367737
2,332,6,2176,0.947098970413208
2,332,7,2196,0.9467918276786804
2,332,8,2106,0.9461805820465088
2,332,9,2163,0.946118950843811
2,332,10,195,0.9452841877937317
2,333,1,2173,0.9540704488754272
2,333,2,513,0.953279435634613
2,333,3,1258,0.9494478106498718
2,333,4,2665,0.9463633894920349
2,333,5,2018,0.9461472630500793
2,333,6,1399,0.945827841758728
2,333,7,1469,0.9441776275634766
2,333,8,58,0.9374130964279175
2,333,9,466,0.9324820041656494
2,333,10,754,0.9319057464599609
2,334,1,2173,0.9435727596282959
2,334,2,1469,0.942436158657074
2,334,3,410,0.9255746603012085
2,334,4,20,0.922631025314331
2,334,5,1009,0.9206631183624268
2,334,6,513,0.9199233055114746
2,334,7,2018,0.9186058044433594
2,334,8,1258,0.9167070388793945
2,334,9,581,0.915706217288971
2,334,10,2871,0.9154236316680908
2,335,1,2665,0.9577356576919556
2,335,2,1258,0.9500066637992859
2,335,3,466,0.9494150280952454
2,335,4,58,0.9482362270355225
2,335,5,513,0.9443986415863037
2,335,6,754,0.943908154964447
2,335,7,2562,0.94099360704422
2,335,8,356,0.9385203123092651
2,335,9,1911,0.9368041157722473
2,335,10,2173,0.9359726309776306
2,336,1,2173,0.9471756815910339
2,336,2,1469,0.9450639486312866
2,336,3,249,0.9395076036453247
2,336,4,1399,0.932081401348114
2,336,5,410,0.9268835783004761
2,336,6,20,0.9259346723556519
2,336,7,513,0.9253307580947876
2,336,8,2870,0.9248617887496948
2,336,9,2018,0.9241127371788025
2,336,10,1258,0.9225415587425232
2,337,1,1779,0.945288360118866
2,337,2,1009,0.9381157755851746
2,337,3,410,0.9365438222885132
2,337,4,788,0.9350935220718384
2,337,5,1469,0.9341403841972351
2,337,6,2173,0.9318177103996277
2,337,7,581,0.9316542744636536
2,337,8,1957,0.9276722073554993
2,337,9,949,0.9243544340133667
2,337,10,20,0.924091100692749
2,338,1,1779,0.9505394697189331
2,338,2,1009,0.9482061266899109
2,338,3,410,0.9464836716651917
2,338,4,788,0.9436319470405579
2,338,5,581,0.9425996541976929
2,338,6,1469,0.9408835768699646
2,338,7,1957,0.9404234886169434
2,338,8,2173,0.9375723600387573
2,338,9,949,0.9367902874946594
2,338,10,2441,0.9360743165016174
2,339,1,191,0.9387965798377991
2,339,2,394,0.9371246099472046
2,339,3,1417,0.9349250793457031
2,339,4,1779,0.9345445036888123
2,339,5,1009,0.932284414768219
2,339,6,788,0.9300093650817871
2,339,7,2173,0.9270440936088562
2,339,8,2441,0.9257283210754395
2,339,9,20,0.9244496822357178
2,339,10,1469,0.9243319630622864
2,340,1,1779,0.9659227132797241
2,340,2,2173,0.9554095268249512
2,340,3,788,0.9548755884170532
2,340,4,1469,0.9537709951400757
2,340,5,20,0.9438055157661438
2,340,6,1009,0.942817747592926
2,340,7,410,0.9424957036972046
2,340,8,1399,0.9412737488746643
2,340,9,249,0.9386380314826965
2,340,10,2705,0.9383032917976379
2,341,1,482,0.9449914693832397
2,341,2,1002,0.9388412237167358
2,341,3,2757,0.936593234539032
2,341,4,2566,0.9363329410552979
2,341,5,5,0.9360843300819397
2,341,6,168,0.9332278966903687
2,341,7,646,0.9228455424308777
2,341,8,1603,0.9220656752586365
2,341,9,915,0.9174184203147888
2,341,10,333,0.9169867634773254
2,343,1,2870,0.9562170505523682
2,343,2,1009,0.9545628428459167
2,343,3,1779,0.9539432525634766
2,343,4,899,0.9523684978485107
2,343,5,410,0.9521853923797607
2,343,6,581,0.9492027163505554
2,343,7,1957,0.9471702575683594
2,343,8,788,0.9470891952514648
2,343,9,1469,0.9462235569953918
2,343,10,949,0.943857729434967
2,344,1,5,0.9473583102226257
2,344,2,2757,0.9462862014770508
2,344,3,646,0.9390059113502502
2,344,4,1002,0.9325519800186157
2,344,5,2566,0.932133138179779
2,344,6,1603,0.9311915040016174
2,344,7,2912,0.9276745915412903
2,344,8,2061,0.9226104021072388
2,344,9,974,0.9222721457481384
2,344,10,507,0.9219562411308289
2,345,1,1779,0.9588159322738647
2,345,2,1469,0.9519791007041931
2,345,3,2173,0.9516646265983582
2,345,4,1009,0.951267421245575
2,345,5,788,0.9500404596328735
2,345,6,2870,0.9498631954193115
2,345,7,410,0.9467710852622986
2,345,8,581,0.9429948925971985
2,345,9,899,0.9416956305503845
2,345,10,523,0.9389604926109314
2,346,1,1779,0.9725106358528137
2,346,2,788,0.9653373956680298
2,346,3,2173,0.9639500379562378
2,346,4,1469,0.9632951617240906
2,346,5,2870,0.9585000872612
2,346,6,1009,0.9584287405014038
2,346,7,410,0.9558534026145935
2,346,8,581,0.9515488743782043
2,346,9,1655,0.9505603313446045
2,346,10,2871,0.948883056640625
2,347,1,482,0.9492073655128479
2,347,2,5,0.9477641582489014
2,347,3,2757,0.9458276629447937
2,347,4,2566,0.930420458316803
2,347,5,2061,0.930107831954956
2,347,6,2912,0.9293316006660461
2,347,7,1603,0.9292122721672058
2,347,8,507,0.9278886318206787
2,347,9,2942,0.9259741902351379
2,347,10,1002,0.9244307279586792
2,348,1,2339,0.9404898285865784
2,348,2,747,0.9375539422035217
2,348,3,2363,0.9285877346992493
2,348,4,2869,0.9253292679786682
2,348,5,576,0.9226061105728149
2,348,6,2257,0.9209714531898499
2,348,7,1,0.9191790223121643
2,348,8,2574,0.9155514240264893
2,348,9,982,0.9149531126022339
2,348,10,1018,0.9133903980255127
2,349,1,1064,0.9487529993057251
2,349,2,2312,0.9455919861793518
2,349,3,2196,0.9455050230026245
2,349,4,1964,0.9430956840515137
2,349,5,203,0.9426078200340271
2,349,6,1590,0.9415149092674255
2,349,7,2176,0.9413706660270691
2,349,8,1962,0.9412925839424133
2,349,9,2106,0.9410651922225952
2,349,10,1422,0.9407212734222412
2,350,1,2869,0.9570026993751526
2,350,2,2257,0.9560633301734924
2,350,3,1,0.9548578858375549
2,350,4,982,0.9500666856765747
2,350,5,747,0.9490422010421753
2,350,6,2339,0.9463010430335999
2,350,7,2296,0.9461379647254944
2,350,8,842,0.9448466897010803
2,350,9,1037,0.9410225749015808
2,350,10,2754,0.9405311346054077
2,351,1,2339,0.9391115307807922
2,351,2,747,0.9359970688819885
2,351,3,2363,0.9250836968421936
2,351,4,2869,0.9247190356254578
2,351,5,2257,0.9210599064826965
2,351,6,1,0.9193434715270996
2,351,7,576,0.9164304137229919
2,351,8,982,0.9144382476806641
2,351,9,2574,0.9114158749580383
2,351,10,1018,0.909184992313385
2,352,1,2257,0.950590193271637
2,352,2,1,0.9492872953414917
2,352,3,982,0.9461782574653625
2,352,4,11,0.9446918964385986
2,352,5,2296,0.9431427121162415
2,352,6,747,0.9420099854469299
2,352,7,2339,0.9395679235458374
2,352,8,3043,0.9395392537117004
2,352,9,2754,0.9341601133346558
2,352,10,1018,0.9333415627479553
2,353,1,2339,0.9458813071250916
2,353,2,1897,0.9442675709724426
2,353,3,2363,0.939620852470398
2,353,4,747,0.937787652015686
2,353,5,2869,0.9355149865150452
2,353,6,2257,0.9322599768638611
2,353,7,11,0.9321312308311462
2,353,8,576,0.9310504794120789
2,353,9,1018,0.9286155104637146
2,353,10,3043,0.922857940196991
2,354,1,1897,0.9476016759872437
2,354,2,11,0.9416320323944092
2,354,3,2257,0.9393327832221985
2,354,4,2339,0.9364275932312012
2,354,5,1018,0.93513023853302
2,354,6,3043,0.9346647262573242
2,354,7,2363,0.9324262142181396
2,354,8,2296,0.9319180846214294
2,354,9,2754,0.9278981685638428
2,354,10,747,0.9271047711372375
2,355,1,1422,0.9565165042877197
2,355,2,2312,0.9546566605567932
2,355,3,72,0.9522655010223389
2,355,4,2196,0.9500588178634644
2,355,5,1190,0.9497033953666687
2,355,6,2084,0.9485645890235901
2,355,7,1962,0.9482320547103882
2,355,8,2788,0.9475389122962952
2,355,9,2917,0.9470220804214478
2,355,10,430,0.9470040798187256
2,356,1,1897,0.9584982991218567
2,356,2,2257,0.9560197591781616
2,356,3,2869,0.9558650255203247
2,356,4,11,0.9530129432678223
2,356,5,2296,0.950200080871582
2,356,6,3043,0.9488450288772583
2,356,7,982,0.9485437870025635
2,356,8,747,0.941518247127533
2,356,9,2754,0.9412946105003357
2,356,10,2339,0.9410735368728638
2,357,1,884,0.9717075228691101
2,357,2,1040,0.9684735536575317
2,357,3,518,0.9659497141838074
2,357,4,1263,0.9650914072990417
2,357,5,1275,0.9641523361206055
2,357,6,1113,0.9625990986824036
2,357,7,784,0.9582483172416687
2,357,8,1592,0.9582127332687378
2,357,9,1072,0.9577590823173523
2,357,10,1467,0.9563815593719482
2,358,1,755,0.9304137229919434
2,358,2,2952,0.928644597530365
2,358,3,3019,0.9280426502227783
2,358,4,562,0.9247484803199768
2,358,5,1467,0.9169122576713562
2,358,6,1701,0.9133783578872681
2,358,7,2028,0.9087991714477539
2,358,8,1791,0.9086703062057495
2,358,9,884,0.9084924459457397
2,358,10,2826,0.9061585664749146
2,359,1,1995,0.9626337289810181
2,359,2,2725,0.9473135471343994
2,359,3,1070,0.9463608860969543
2,359,4,2488,0.932796061038971
2,359,5,1868,0.9286316633224487
2,359,6,2272,0.9201787710189819
2,359,7,2035,0.9193733930587769
2,359,8,2322,0.9179542064666748
2,359,9,539,0.9163764119148254
2,359,10,1990,0.9140185117721558
2,360,1,1995,0.9626337289810181
2,360,2,2725,0.9473135471343994
2,360,3,1070,0.9463608860969543
2,360,4,2488,0.932796061038971
2,360,5,1868,0.9286316633224487
2,360,6,2272,0.9201787710189819
2,360,7,2035,0.9193733930587769
2,360,8,2322,0.9179542064666748
2,360,9,539,0.9163764119148254
2,360,10,1990,0.9140185117721558
2,361,1,1995,0.9626337289810181
2,361,2,2725,0.9473135471343994
2,361,3,1070,0.9463608860969543
2,361,4,2488,0.932796061038971
2,361,5,1868,0.9286316633224487
2,361,6,2272,0.9201787710189819
2,361,7,2035,0.9193733930587769
2,361,8,2322,0.9179542064666748
2,361,9,539,0.9163764119148254
2,361,10,1990,0.9140185117721558
2,362,1,1995,0.9626337289810181
2,362,2,2725,0.9473135471343994
2,362,3,1070,0.9463608860969543
2,362,4,2488,0.932796061038971
2,362,5,1868,0.9286316633224487
2,362,6,2272,0.9201787710189819
2,362,7,2035,0.9193733930587769
2,362,8,2322,0.9179542064666748
2,362,9,539,0.9163764119148254
2,362,10,1990,0.9140185117721558
2,363,1,1995,0.9626337289810181
2,363,2,2725,0.9473135471343994
2,363,3,1070,0.9463608860969543
2,363,4,2488,0.932796061038971
2,363,5,1868,0.9286316633224487
2,363,6,2272,0.9201787710189819
2,363,7,2035,0.9193733930587769
2,363,8,2322,0.9179542064666748
2,363,9,539,0.9163764119148254
2,363,10,1990,0.9140185117721558
2,365,1,2134,0.9359980225563049
2,365,2,397,0.935469925403595
2,365,3,3059,0.9339796900749207
2,365,4,1838,0.932898223400116
2,365,5,2745,0.9136316776275635
2,365,6,1255,0.9035982489585876
2,365,7,2195,0.8979867100715637
2,365,8,748,0.8956525921821594
2,365,9,1082,0.8949954509735107
2,365,10,2395,0.8910239934921265
2,366,1,2745,0.9632725715637207
2,366,2,1034,0.9582758545875549
2,366,3,3059,0.9568452835083008
2,366,4,1805,0.952793300151825
2,366,5,1838,0.9479693174362183
2,366,6,1543,0.942965030670166
2,366,7,1247,0.927180290222168
2,366,8,865,0.9239062666893005
2,366,9,3032,0.9150525331497192
2,366,10,1082,0.9034709930419922
2,367,1,3032,0.9306996464729309
2,367,2,1034,0.9229990839958191
2,367,3,1805,0.9198728203773499
2,367,4,1247,0.9197654724121094
2,367,5,2114,0.9137956500053406
2,367,6,865,0.9130647778511047
2,367,7,1543,0.9082247018814087
2,367,8,3018,0.8966379165649414
2,367,9,2219,0.88843834400177
2,367,10,3059,0.8608604669570923
2,368,1,645,0.9640786051750183
2,368,2,1465,0.9610666036605835
2,368,3,1632,0.9603874087333679
2,368,4,1111,0.9600815773010254
2,368,5,3054,0.959784746170044
2,368,6,62,0.9585022926330566
2,368,7,1710,0.9571515321731567
2,368,8,2916,0.955974817276001
2,368,9,2258,0.9558890461921692
2,368,10,1546,0.9553537964820862
2,369,1,899,0.9534010887145996
2,369,2,2870,0.948706328868866
2,369,3,523,0.9486651420593262
2,369,4,1009,0.9474995732307434
2,369,5,1957,0.9469554424285889
2,369,6,949,0.94674152135849
2,369,7,2384,0.9464117884635925
2,369,8,1165,0.9454556107521057
2,369,9,90,0.9447552561759949
2,369,10,2261,0.9427410960197449
2,370,1,2193,0.9510807394981384
2,370,2,899,0.9505435228347778
2,370,3,248,0.9480289220809937
2,370,4,918,0.9472721219062805
2,370,5,1165,0.947221577167511
2,370,6,2894,0.9467222690582275
2,370,7,2,0.9466180801391602
2,370,8,113,0.9455507397651672
2,370,9,1848,0.944477379322052
2,370,10,1818,0.9442461133003235
2,372,1,2193,0.9510402679443359
2,372,2,899,0.9506914615631104
2,372,3,248,0.9478785395622253
2,372,4,1165,0.9471747875213623
2,372,5,2,0.946281909942627
2,372,6,2894,0.9460515975952148
2,372,7,113,0.945376992225647
2,372,8,1818,0.9440243244171143
2,372,9,1848,0.9437710046768188
2,372,10,272,0.9424502849578857
2,373,1,899,0.9431423544883728
2,373,2,1165,0.9427930116653442
2,373,3,248,0.9405117630958557
2,373,4,2384,0.9400131106376648
2,373,5,523,0.9394283294677734
2,373,6,2193,0.9389088749885559
2,373,7,2,0.9381220936775208
2,373,8,113,0.937882125377655
2,373,9,949,0.9375612735748291
2,373,10,1957,0.9374244809150696
2,374,1,899,0.9541671872138977
2,374,2,523,0.9497212767601013
2,374,3,2870,0.9496741890907288
2,374,4,1009,0.9486033320426941
2,374,5,949,0.9479543566703796
2,374,6,1957,0.9477836489677429
2,374,7,2384,0.9476153254508972
2,374,8,918,0.9468138813972473
2,374,9,1165,0.9466245174407959
2,374,10,90,0.9457387328147888
2,375,1,899,0.9544252157211304
2,375,2,523,0.9494634866714478
2,375,3,2870,0.9484098553657532
2,375,4,949,0.947959840297699
2,375,5,2384,0.9478067755699158
2,375,6,1957,0.9477502107620239
2,375,7,1165,0.9475800395011902
2,375,8,1009,0.9472717046737671
2,375,9,90,0.9453212022781372
2,375,10,2441,0.945192277431488
2,378,1,899,0.9513232111930847
2,378,2,2870,0.9490436315536499
2,378,3,1009,0.9480165839195251
2,378,4,523,0.9471620917320251
2,378,5,1957,0.9449978470802307
2,378,6,949,0.9448854923248291
2,378,7,2384,0.944179356098175
2,378,8,90,0.9434618949890137
2,378,9,410,0.9428050518035889
2,378,10,581,0.9424272179603577
2,379,1,899,0.9538822770118713
2,379,2,523,0.9491341710090637
2,379,3,2870,0.9483959078788757
2,379,4,949,0.947609543800354
2,379,5,2384,0.9474949836730957
2,379,6,1957,0.9473121166229248
2,379,7,1009,0.9472754001617432
2,379,8,1165,0.9469874501228333
2,379,9,90,0.9449849724769592
2,379,10,2441,0.9448246955871582
2,380,1,899,0.9540876150131226
2,380,2,523,0.948874831199646
2,380,3,1165,0.9482495188713074
2,380,4,918,0.9481119513511658
2,380,5,2384,0.9474524259567261
2,380,6,949,0.9474167227745056
2,380,7,1957,0.9473313093185425
2,380,8,2870,0.9465517997741699
2,380,9,1009,0.94532310962677
2,380,10,90,0.9445483088493347
2,381,1,2870,0.9543666839599609
2,381,2,1009,0.953430712223053
2,381,3,899,0.9531716704368591
2,381,4,523,0.9492043256759644
2,381,5,410,0.949082612991333
2,381,6,581,0.9476816654205322
2,381,7,1957,0.9474017024040222
2,381,8,90,0.9468314051628113
2,381,9,949,0.9467244744300842
2,381,10,2261,0.9463376402854919
2,383,1,899,0.9532545804977417
2,383,2,523,0.9486442804336548
2,383,3,2870,0.9483230710029602
2,383,4,1009,0.9471810460090637
2,383,5,1957,0.94675612449646
2,383,6,949,0.9467543959617615
2,383,7,2384,0.9464481472969055
2,383,8,918,0.9458288550376892
2,383,9,1165,0.9456987380981445
2,383,10,90,0.9446148872375488
2,384,1,2870,0.9539874196052551
2,384,2,1009,0.9532788395881653
2,384,3,899,0.9515396952629089
2,384,4,410,0.9488662481307983
2,384,5,523,0.9480404853820801
2,384,6,581,0.9471986293792725
2,384,7,1779,0.9467764496803284
2,384,8,1957,0.9460070729255676
2,384,9,949,0.9455478191375732
2,384,10,90,0.9455001950263977
2,385,1,899,0.9524113535881042
2,385,2,1848,0.9467167258262634
2,385,3,1165,0.9463175535202026
2,385,4,2384,0.9460492730140686
2,385,5,2602,0.9453830122947693
2,385,6,1818,0.9453495740890503
2,385,7,2894,0.9452072978019714
2,385,8,2309,0.9448621869087219
2,385,9,949,0.9444732666015625
2,385,10,248,0.9443581104278564
2,386,1,899,0.9486832618713379
2,386,2,1165,0.9457328915596008
2,386,3,2384,0.9454105496406555
2,386,4,523,0.944911539554596
2,386,5,949,0.9435022473335266
2,386,6,1957,0.9425666332244873
2,386,7,248,0.9420992136001587
2,386,8,2870,0.9419888854026794
2,386,9,1009,0.9411038160324097
2,386,10,900,0.9403641819953918
2,387,1,899,0.9543523788452148
2,387,2,523,0.949069082736969
2,387,3,918,0.9480785131454468
2,387,4,1165,0.9480054974555969
2,387,5,949,0.9478309154510498
2,387,6,2384,0.9476490616798401
2,387,7,1957,0.9473613500595093
2,387,8,2870,0.9473503828048706
2,387,9,1009,0.9462434649467468
2,387,10,90,0.9448378682136536
2,388,1,899,0.9535678625106812
2,388,2,2870,0.9521609544754028
2,388,3,1009,0.9511985182762146
2,388,4,523,0.9496310353279114
2,388,5,1957,0.9476537108421326
2,388,6,949,0.9474682211875916
2,388,7,2384,0.9466075897216797
2,388,8,90,0.9462027549743652
2,388,9,410,0.9461086392402649
2,388,10,581,0.945593535900116
2,391,1,899,0.9445381760597229
2,391,2,1165,0.9424272179603577
2,391,3,523,0.9406588673591614
2,391,4,2384,0.9406073093414307
2,391,5,248,0.9391257762908936
2,391,6,949,0.9386465549468994
2,391,7,1957,0.9386011958122253
2,391,8,900,0.9366676807403564
2,391,9,113,0.9365832805633545
2,391,10,2193,0.9364842772483826
2,392,1,183,0.9828487038612366
2,392,2,563,0.9796945452690125
2,392,3,1376,0.9795888662338257
2,392,4,653,0.9795759320259094
2,392,5,2961,0.9761531949043274
2,392,6,717,0.9718149304389954
2,392,7,1015,0.970943808555603
2,392,8,504,0.9705302119255066
2,392,9,1871,0.9660282731056213
2,392,10,359,0.9656947255134583
2,395,1,183,0.980647087097168
2,395,2,2961,0.9788064360618591
2,395,3,1015,0.9782621264457703
2,395,4,504,0.9780668616294861
2,395,5,717,0.9771773815155029
2,395,6,1871,0.9756944179534912
2,395,7,2324,0.9755786657333374
2,395,8,1376,0.9751878976821899
2,395,9,653,0.9743871688842773
2,395,10,1898,0.9743818044662476
2,396,1,1871,0.966958224773407
2,396,2,1898,0.9666044116020203
2,396,3,717,0.9553437232971191
2,396,4,1644,0.9528135061264038
2,396,5,504,0.9527382850646973
2,396,6,2324,0.9518293738365173
2,396,7,1015,0.9517812728881836
2,396,8,2234,0.950083315372467
2,396,9,1809,0.9495797157287598
2,396,10,1547,0.9488704204559326
2,397,1,2595,0.9670842885971069
2,397,2,2938,0.9634320139884949
2,397,3,189,0.9593085646629333
2,397,4,2235,0.9551162719726562
2,397,5,206,0.9549072980880737
2,397,6,2080,0.9525163173675537
2,397,7,2622,0.951988160610199
2,397,8,773,0.9456664323806763
2,397,9,2112,0.9454964995384216
2,397,10,597,0.9428966045379639
2,398,1,2752,0.9569745659828186
2,398,2,520,0.9509262442588806
2,398,3,375,0.9502587914466858
2,398,4,950,0.9499432444572449
2,398,5,1981,0.9463675022125244
2,398,6,2868,0.9434294104576111
2,398,7,2397,0.9384785890579224
2,398,8,2188,0.9366801381111145
2,398,9,2785,0.9346868395805359
2,398,10,1760,0.933426558971405
2,399,1,261,0.9726742506027222
2,399,2,475,0.9704634547233582
2,399,3,527,0.9699628353118896
2,399,4,1333,0.9685081243515015
2,399,5,1999,0.9610747694969177
2,399,6,2112,0.9609524011611938
2,399,7,196,0.9604863524436951
2,399,8,2185,0.9600751996040344
2,399,9,96,0.9584152698516846
2,399,10,127,0.9543364644050598
2,400,1,229,0.9658315777778625
2,400,2,1977,0.960546612739563
2,400,3,2897,0.960087776184082
2,400,4,198,0.9581087827682495
2,400,5,348,0.9572497010231018
2,400,6,2808,0.954264760017395
2,400,7,2994,0.9533167481422424
2,400,8,950,0.9523897171020508
2,400,9,703,0.9486374855041504
2,400,10,1981,0.9472253322601318
2,401,1,1898,0.9718901515007019
2,401,2,1871,0.9700754880905151
2,401,3,504,0.9692057967185974
2,401,4,2324,0.9691122174263
2,401,5,1015,0.9687016606330872
2,401,6,717,0.9659002423286438
2,401,7,2234,0.9655039310455322
2,401,8,1644,0.9652115702629089
2,401,9,2961,0.9650813341140747
2,401,10,998,0.9635976552963257
2,403,1,2910,0.9690942168235779
2,403,2,2595,0.9669824838638306
2,403,3,1999,0.9610314965248108
2,403,4,1333,0.9598501920700073
2,403,5,261,0.9598156809806824
2,403,6,189,0.9596893787384033
2,403,7,475,0.9565140008926392
2,403,8,2938,0.9555436968803406
2,403,9,2112,0.9542444944381714
2,403,10,2080,0.9540594220161438
2,404,1,261,0.9663176536560059
2,404,2,1333,0.9654839634895325
2,404,3,475,0.9643720984458923
2,404,4,1999,0.9641474485397339
2,404,5,2112,0.9607768654823303
2,404,6,2595,0.9593757390975952
2,404,7,527,0.9582259654998779
2,404,8,2080,0.9578157067298889
2,404,9,189,0.9544305205345154
2,404,10,2185,0.9490988254547119
2,405,1,103,0.9791308045387268
2,405,2,1408,0.9778779745101929
2,405,3,2643,0.9763176441192627
2,405,4,2785,0.976140022277832
2,405,5,2188,0.9760616421699524
2,405,6,2817,0.9752902984619141
2,405,7,2397,0.9739077687263489
2,405,8,314,0.9702486991882324
2,405,9,2752,0.9699063897132874
2,405,10,521,0.968998908996582
2,406,1,103,0.9692783951759338
2,406,2,2188,0.9680876731872559
2,406,3,2785,0.9676927328109741
2,406,4,2397,0.9675753116607666
2,406,5,2752,0.9671623706817627
2,406,6,1408,0.9667077660560608
2,406,7,375,0.9657305479049683
2,406,8,275,0.9647380113601685
2,406,9,2643,0.963699996471405
2,406,10,2817,0.9630782008171082
2,407,1,375,0.9646708369255066
2,407,2,103,0.9572739005088806
2,407,3,2188,0.9565353393554688
2,407,4,2397,0.9558225274085999
2,407,5,1760,0.95487380027771
2,407,6,2785,0.954612135887146
2,407,7,275,0.9491258859634399
2,407,8,1408,0.9487037658691406
2,407,9,2817,0.9472823143005371
2,407,10,609,0.9470946788787842
2,408,1,96,0.9625887274742126
2,408,2,2235,0.9607248902320862
2,408,3,2185,0.96066814661026
2,408,4,863,0.9566373229026794
2,408,5,2910,0.9526600241661072
2,408,6,127,0.9507114291191101
2,408,7,2525,0.9476684927940369
2,408,8,2785,0.9465633034706116
2,408,9,2188,0.9442920684814453
2,408,10,2397,0.9422225952148438
2,409,1,314,0.9817319512367249
2,409,2,774,0.9766891598701477
2,409,3,1878,0.9763427376747131
2,409,4,521,0.9761345982551575
2,409,5,2817,0.9747623205184937
2,409,6,1794,0.972717821598053
2,409,7,860,0.9721197485923767
2,409,8,103,0.9716768860816956
2,409,9,1978,0.9716689586639404
2,409,10,3017,0.9713319540023804
2,410,1,774,0.9817191362380981
2,410,2,1794,0.9802398085594177
2,410,3,314,0.9760072231292725
2,410,4,1978,0.9748023748397827
2,410,5,2672,0.9735070466995239
2,410,6,521,0.971399188041687
2,410,7,2423,0.9706952571868896
2,410,8,493,0.9703671336174011
2,410,9,860,0.9634043574333191
2,410,10,2906,0.9533122181892395
2,411,1,1070,0.9657872319221497
2,411,2,2322,0.9585492014884949
2,411,3,2672,0.9382811784744263
2,411,4,2294,0.9304931163787842
2,411,5,1794,0.9304429888725281
2,411,6,595,0.9303826093673706
2,411,7,1995,0.9274047613143921
2,411,8,579,0.9187317490577698
2,411,9,1265,0.9100353121757507
2,411,10,2645,0.9070155024528503
2,412,1,774,0.9804342985153198
2,412,2,314,0.9797261357307434
2,412,3,1794,0.9772272109985352
2,412,4,1978,0.9747456908226013
2,412,5,2643,0.9718587398529053
2,412,6,2672,0.9686393737792969
2,412,7,860,0.9680340886116028
2,412,8,103,0.9678688049316406
2,412,9,275,0.9669374227523804
2,412,10,1760,0.9597129225730896
2,413,1,375,0.9743706583976746
2,413,2,2504,0.9718171954154968
2,413,3,103,0.9712870121002197
2,413,4,2752,0.9707579016685486
2,413,5,1760,0.9684528112411499
2,413,6,275,0.9642517566680908
2,413,7,2643,0.9639306664466858
2,413,8,860,0.9588765501976013
2,413,9,314,0.9560670852661133
2,413,10,609,0.9372327327728271
2,414,1,103,0.9793941974639893
2,414,2,2643,0.9790363311767578
2,414,3,1408,0.9790067672729492
2,414,4,314,0.9775175452232361
2,414,5,275,0.976565957069397
2,414,6,2785,0.9736740589141846
2,414,7,2504,0.9701101779937744
2,414,8,1760,0.9680893421173096
2,414,9,375,0.9680144190788269
2,414,10,860,0.9662455916404724
2,415,1,1265,0.9589837193489075
2,415,2,533,0.9512476325035095
2,415,3,325,0.9414905905723572
2,415,4,595,0.9294669032096863
2,415,5,2906,0.9292270541191101
2,415,6,2488,0.9284090399742126
2,415,7,2294,0.9279334545135498
2,415,8,539,0.9259195327758789
2,415,9,1070,0.9238916039466858
2,415,10,2322,0.9210126399993896
2,416,1,518,0.9625044465065002
2,416,2,562,0.9582844972610474
2,416,3,1072,0.9529597163200378
2,416,4,1592,0.9520028233528137
2,416,5,1113,0.9474539160728455
2,416,6,2205,0.9449952244758606
2,416,7,2308,0.9412001967430115
2,416,8,1029,0.9407440423965454
2,416,9,1263,0.9380415678024292
2,416,10,2851,0.9371594786643982
2,417,1,1293,0.9644718766212463
2,417,2,624,0.9635552763938904
2,417,3,506,0.9598429799079895
2,417,4,585,0.9566607475280762
2,417,5,2359,0.9561015367507935
2,417,6,2496,0.9547523856163025
2,417,7,2969,0.9542872905731201
2,417,8,434,0.9537222385406494
2,417,9,2075,0.9526448845863342
2,417,10,1579,0.94962078332901
2,418,1,455,0.9299439191818237
2,418,2,2343,0.9284302592277527
2,418,3,293,0.9284161329269409
2,418,4,59,0.9270209074020386
2,418,5,2978,0.9264934062957764
2,418,6,1369,0.9247371554374695
2,418,7,1811,0.924450695514679
2,418,8,1116,0.9226693511009216
2,418,9,2365,0.9221670627593994
2,418,10,957,0.9219096899032593
2,419,1,3019,0.9729866981506348
2,419,2,2952,0.9699459075927734
2,419,3,63,0.9622092247009277
2,419,4,555,0.9575190544128418
2,419,5,2090,0.9474324584007263
2,419,6,2929,0.946564793586731
2,419,7,1696,0.943082332611084
2,419,8,1381,0.9426805377006531
2,419,9,2967,0.9407806992530823
2,419,10,3061,0.9270581007003784
2,420,1,2952,0.9454474449157715
2,420,2,562,0.942598819732666
2,420,3,518,0.9346000552177429
2,420,4,2790,0.9340957999229431
2,420,5,2090,0.9307008385658264
2,420,6,884,0.9299952387809753
2,420,7,1467,0.9263962507247925
2,420,8,1767,0.9182745814323425
2,420,9,1072,0.9175185561180115
2,420,10,1592,0.9165495038032532
2,421,1,784,0.9676985144615173
2,421,2,69,0.96379154920578
2,421,3,1823,0.9622058868408203
2,421,4,957,0.9618033766746521
2,421,5,2623,0.9617679119110107
2,421,6,1811,0.9596219062805176
2,421,7,2974,0.9595223665237427
2,421,8,1275,0.9589108228683472
2,421,9,455,0.9587375521659851
2,421,10,1369,0.9586406350135803
2,422,1,562,0.9547962546348572
2,422,2,1467,0.9509594440460205
2,422,3,884,0.9457173347473145
2,422,4,518,0.9430201649665833
2,422,5,1701,0.942502498626709
2,422,6,2952,0.940343976020813
2,422,7,1275,0.9357681274414062
2,422,8,1990,0.9284479022026062
2,422,9,1571,0.9274875521659851
2,422,10,1072,0.9227731823921204
2,423,1,533,0.9414137601852417
2,423,2,2952,0.938187301158905
2,423,3,1265,0.9374857544898987
2,423,4,325,0.9273814558982849
2,423,5,555,0.9273682832717896
2,423,6,3019,0.9213398098945618
2,423,7,1990,0.915456235408783
2,423,8,2967,0.9106325507164001
2,423,9,595,0.9082021117210388
2,423,10,2294,0.9059311151504517
2,424,1,910,0.9734787344932556
2,424,2,2725,0.9732767939567566
2,424,3,297,0.9726495146751404
2,424,4,1868,0.9698461294174194
2,424,5,2294,0.9645301103591919
2,424,6,2609,0.9636573791503906
2,424,7,595,0.9636334180831909
2,424,8,1995,0.9623546004295349
2,424,9,2035,0.9577770829200745
2,424,10,1749,0.9576461911201477
2,425,1,2721,0.9669536352157593
2,425,2,535,0.9661239981651306
2,425,3,1517,0.9638574123382568
2,425,4,594,0.9563272595405579
2,425,5,2609,0.9520034790039062
2,425,6,1611,0.9493639469146729
2,425,7,617,0.9470797181129456
2,425,8,730,0.9450774192810059
2,425,9,315,0.9432157278060913
2,425,10,538,0.941731870174408
2,426,1,617,0.9445457458496094
2,426,2,1611,0.9422719478607178
2,426,3,730,0.9395073652267456
2,426,4,538,0.9353771209716797
2,426,5,106,0.9331365823745728
2,426,6,2686,0.9253028631210327
2,426,7,315,0.9245499968528748
2,426,8,1449,0.9239859580993652
2,426,9,3069,0.9213836193084717
2,426,10,2899,0.9204139709472656
2,427,1,784,0.9596731662750244
2,427,2,1040,0.9532917737960815
2,427,3,69,0.9524990916252136
2,427,4,1369,0.9512009024620056
2,427,5,1823,0.9505698084831238
2,427,6,1811,0.9503585696220398
2,427,7,2623,0.9497932195663452
2,427,8,1275,0.949761152267456
2,427,9,957,0.949553370475769
2,427,10,884,0.9495420455932617
2,428,1,910,0.9778444766998291
2,428,2,297,0.9766181111335754
2,428,3,2725,0.974713921546936
2,428,4,2294,0.9706003069877625
2,428,5,595,0.9699109792709351
2,428,6,1868,0.9681298136711121
2,428,7,1995,0.9644535779953003
2,428,8,2272,0.9613355398178101
2,428,9,2035,0.956577479839325
2,428,10,1749,0.9541486501693726
2,429,1,910,0.9778444766998291
2,429,2,297,0.9766181111335754
2,429,3,2725,0.974713921546936
2,429,4,2294,0.9706003069877625
2,429,5,595,0.9699109792709351
2,429,6,1868,0.9681298136711121
2,429,7,1995,0.9644535779953003
2,429,8,2272,0.9613355398178101
2,429,9,2035,0.956577479839325
2,429,10,1749,0.9541486501693726
2,430,1,910,0.9778444766998291
2,430,2,297,0.9766181111335754
2,430,3,2725,0.974713921546936
2,430,4,2294,0.9706003069877625
2,430,5,595,0.9699109792709351
2,430,6,1868,0.9681298136711121
2,430,7,1995,0.9644535779953003
2,430,8,2272,0.9613355398178101
2,430,9,2035,0.956577479839325
2,430,10,1749,0.9541486501693726
2,435,1,621,0.9452325105667114
2,435,2,1173,0.9435070753097534
2,435,3,2496,0.9428456425666809
2,435,4,2969,0.9400877356529236
2,435,5,1884,0.9397266507148743
2,435,6,1597,0.93839031457901
2,435,7,624,0.9234968423843384
2,435,8,506,0.9201012849807739
2,435,9,1167,0.9164206981658936
2,435,10,2851,0.9138963222503662
2,436,1,2761,0.9597176313400269
2,436,2,2851,0.9584352374076843
2,436,3,2075,0.95579993724823
2,436,4,1579,0.9548403024673462
2,436,5,434,0.9534339308738708
2,436,6,506,0.9533383846282959
2,436,7,2205,0.9530674815177917
2,436,8,670,0.9432357549667358
2,436,9,1072,0.9408331513404846
2,436,10,1113,0.9403641223907471
2,437,1,624,0.9616944193840027
2,437,2,506,0.9588671326637268
2,437,3,2969,0.9550253748893738
2,437,4,2761,0.9545496702194214
2,437,5,2075,0.9530770778656006
2,437,6,434,0.9524827599525452
2,437,7,2851,0.9513218402862549
2,437,8,2496,0.948189377784729
2,437,9,792,0.9414914846420288
2,437,10,1579,0.9379023313522339
2,439,1,566,0.958121120929718
2,439,2,1498,0.9554618000984192
2,439,3,594,0.955028772354126
2,439,4,1571,0.9540144801139832
2,439,5,538,0.9524189829826355
2,439,6,2686,0.9511930346488953
2,439,7,617,0.949275016784668
2,439,8,1517,0.9492136836051941
2,439,9,1701,0.9489296078681946
2,439,10,2609,0.9487130641937256
2,440,1,1113,0.9689850807189941
2,440,2,1029,0.9668561816215515
2,440,3,518,0.966681957244873
2,440,4,2308,0.965735673904419
2,440,5,2700,0.9653662443161011
2,440,6,1592,0.9651435017585754
2,440,7,1072,0.9647372961044312
2,440,8,2851,0.9570799469947815
2,440,9,2761,0.9522187113761902
2,440,10,1275,0.9470431208610535
2,441,1,594,0.9668588042259216
2,441,2,1517,0.9666462540626526
2,441,3,2609,0.9651833772659302
2,441,4,535,0.9649328589439392
2,441,5,2721,0.9639499187469482
2,441,6,538,0.9638264775276184
2,441,7,566,0.9619211554527283
2,441,8,617,0.9578914642333984
2,441,9,2686,0.9498945474624634
2,441,10,1498,0.9489403367042542
2,442,1,518,0.9698728322982788
2,442,2,1072,0.9638941287994385
2,442,3,1592,0.963442325592041
2,442,4,2308,0.9621570706367493
2,442,5,1113,0.9618525505065918
2,442,6,1029,0.9609968066215515
2,442,7,2700,0.9595093131065369
2,442,8,562,0.9458503723144531
2,442,9,1263,0.9405677914619446
2,442,10,1275,0.9393258094787598
2,443,1,2296,0.9369713068008423
2,443,2,2257,0.934041440486908
2,443,3,1,0.933797299861908
2,443,4,1897,0.9331902861595154
2,443,5,2869,0.9320811629295349
2,443,6,11,0.9292985200881958
2,443,7,842,0.9289734363555908
2,443,8,982,0.9287700057029724
2,443,9,1037,0.9280596971511841
2,443,10,3043,0.9254017472267151
2,444,1,2665,0.9523785710334778
2,444,2,249,0.9492031931877136
2,444,3,2705,0.948208212852478
2,444,4,1635,0.947568416595459
2,444,5,58,0.9455544352531433
2,444,6,754,0.9445642232894897
2,444,7,1258,0.9425112009048462
2,444,8,466,0.9424331784248352
2,444,9,622,0.9364776015281677
2,444,10,1911,0.9347975254058838
2,445,1,2665,0.957817018032074
2,445,2,249,0.9555106163024902
2,445,3,466,0.9520036578178406
2,445,4,754,0.9462072253227234
2,445,5,2705,0.9459845423698425
2,445,6,1635,0.9453882575035095
2,445,7,2562,0.9447020292282104
2,445,8,1911,0.9398007988929749
2,445,9,356,0.9392396807670593
2,445,10,622,0.9390772581100464
2,446,1,249,0.9737194180488586
2,446,2,1779,0.9715663194656372
2,446,3,2705,0.9658105373382568
2,446,4,1635,0.9652799963951111
2,446,5,1399,0.9562128782272339
2,446,6,2018,0.9520527124404907
2,446,7,788,0.9516109228134155
2,446,8,2665,0.9506857395172119
2,446,9,2871,0.9410730600357056
2,446,10,58,0.9402040839195251
2,448,1,1779,0.9671136140823364
2,448,2,2705,0.9647142887115479
2,448,3,1635,0.9641072154045105
2,448,4,249,0.9634559750556946
2,448,5,2173,0.9630377888679504
2,448,6,513,0.961172878742218
2,448,7,2018,0.9549700617790222
2,448,8,1469,0.9535149335861206
2,448,9,1258,0.9534581899642944
2,448,10,1399,0.9516616463661194
2,449,1,482,0.9524031281471252
2,449,2,2757,0.9490469694137573
2,449,3,5,0.9487286806106567
2,449,4,1002,0.9419335126876831
2,449,5,646,0.9350061416625977
2,449,6,101,0.9330928921699524
2,449,7,974,0.9301123023033142
2,449,8,2566,0.9281609654426575
2,449,9,333,0.9273895621299744
2,449,10,886,0.9263103008270264
2,450,1,482,0.9372127056121826
2,450,2,5,0.9310336709022522
2,450,3,2566,0.9273841381072998
2,450,4,2757,0.9261646866798401
2,450,5,646,0.9227587580680847
2,450,6,2145,0.9173603653907776
2,450,7,101,0.9171338081359863
2,450,8,1655,0.914190411567688
2,450,9,2264,0.9132513999938965
2,450,10,301,0.9131549000740051
2,451,1,1779,0.9611300826072693
2,451,2,2705,0.9608331918716431
2,451,3,1635,0.9603243470191956
2,451,4,513,0.9592853784561157
2,451,5,2173,0.9588258266448975
2,451,6,249,0.9558555483818054
2,451,7,2018,0.9533349275588989
2,451,8,1469,0.9491535425186157
2,451,9,1258,0.9488144516944885
2,451,10,1399,0.9480701088905334
2,452,1,1779,0.9680567383766174
2,452,2,2705,0.9664971828460693
2,452,3,2173,0.9662432074546814
2,452,4,1635,0.9660598039627075
2,452,5,513,0.9645465612411499
2,452,6,249,0.9622568488121033
2,452,7,2018,0.9579402208328247
2,452,8,1469,0.9568652510643005
2,452,9,1399,0.9552261233329773
2,452,10,1258,0.95452481508255
2,453,1,482,0.9505638480186462
2,453,2,5,0.9474396705627441
2,453,3,2757,0.9473931193351746
2,453,4,646,0.9398081302642822
2,453,5,101,0.9335355758666992
2,453,6,1002,0.932310938835144
2,453,7,1603,0.9310722947120667
2,453,8,2912,0.9304510951042175
2,453,9,2566,0.9282639026641846
2,453,10,671,0.9273718595504761
2,454,1,1779,0.9788070321083069
2,454,2,2173,0.9735841155052185
2,454,3,1469,0.9701972603797913
2,454,4,788,0.9698564410209656
2,454,5,2705,0.9593586921691895
2,454,6,1399,0.9591752886772156
2,454,7,1635,0.9589542746543884
2,454,8,1655,0.9588890075683594
2,454,9,20,0.9586513042449951
2,454,10,2018,0.9573208093643188
2,455,1,1779,0.9575626254081726
2,455,2,2173,0.9521626830101013
2,455,3,2705,0.9460497498512268
2,455,4,788,0.9456462860107422
2,455,5,1635,0.9454210996627808
2,455,6,1469,0.9453386664390564
2,455,7,513,0.943706214427948
2,455,8,2018,0.9425603151321411
2,455,9,1655,0.9425528645515442
2,455,10,249,0.9399250745773315
2,456,1,1779,0.9692651033401489
2,456,2,788,0.9633904695510864
2,456,3,2173,0.9604524374008179
2,456,4,1469,0.9601585268974304
2,456,5,2870,0.9592284560203552
2,456,6,1009,0.959159791469574
2,456,7,410,0.956640899181366
2,456,8,20,0.953322172164917
2,456,9,581,0.9528263211250305
2,456,10,2261,0.9485298991203308
2,457,1,482,0.9488818645477295
2,457,2,2757,0.9456916451454163
2,457,3,5,0.9456782341003418
2,457,4,646,0.9381956458091736
2,457,5,1002,0.9327602386474609
2,457,6,101,0.9306880235671997
2,457,7,2566,0.9298741221427917
2,457,8,1603,0.9292071461677551
2,457,9,2912,0.9281195998191833
2,457,10,671,0.9248789548873901
2,458,1,482,0.9483075737953186
2,458,2,5,0.9439351558685303
2,458,3,2757,0.9417921900749207
2,458,4,646,0.9384523630142212
2,458,5,101,0.9313125014305115
2,458,6,2566,0.9300824999809265
2,458,7,2061,0.9266138672828674
2,458,8,671,0.9255512356758118
2,458,9,1603,0.9241984486579895
2,458,10,2942,0.9231434464454651
2,459,1,1101,0.9682046175003052
2,459,2,1381,0.9668000340461731
2,459,3,3061,0.9656398892402649
2,459,4,285,0.9536151885986328
2,459,5,91,0.9531213641166687
2,459,6,2929,0.9530205726623535
2,459,7,63,0.9438183307647705
2,459,8,759,0.9432865977287292
2,459,9,1791,0.9422987103462219
2,459,10,2028,0.9413387179374695
2,460,1,1101,0.9584264159202576
2,460,2,3061,0.9462555050849915
2,460,3,1381,0.9446138739585876
2,460,4,2790,0.9444196820259094
2,460,5,91,0.9440273642539978
2,460,6,2090,0.9436803460121155
2,460,7,1791,0.9377711415290833
2,460,8,2028,0.9368281960487366
2,460,9,2929,0.9334843158721924
2,460,10,2183,0.9303814768791199
2,461,1,572,0.9549426436424255
2,461,2,2622,0.9544760584831238
2,461,3,2708,0.9499812722206116
2,461,4,597,0.9497618079185486
2,461,5,108,0.9405092000961304
2,461,6,666,0.9396148324012756
2,461,7,444,0.937440812587738
2,461,8,1171,0.9365324378013611
2,461,9,2136,0.9349870085716248
2,461,10,2595,0.9303246736526489
2,462,1,2525,0.9711947441101074
2,462,2,1344,0.9658044576644897
2,462,3,82,0.9656223654747009
2,462,4,1196,0.9601689577102661
2,462,5,666,0.956307053565979
2,462,6,1171,0.9550288915634155
2,462,7,704,0.9524602293968201
2,462,8,2235,0.9509739875793457
2,462,9,325,0.9496036767959595
2,462,10,2708,0.9472915530204773
2,463,1,572,0.9670433402061462
2,463,2,108,0.960401177406311
2,463,3,285,0.9591662883758545
2,463,4,1053,0.9582535624504089
2,463,5,597,0.957190215587616
2,463,6,759,0.9493831396102905
2,463,7,2622,0.9452711343765259
2,463,8,2708,0.9436951279640198
2,463,9,3010,0.9420194029808044
2,463,10,1685,0.9390254020690918
2,465,1,229,0.9604367017745972
2,465,2,2897,0.9592744708061218
2,465,3,1977,0.9585216641426086
2,465,4,348,0.9572271704673767
2,465,5,198,0.9536982774734497
2,465,6,2808,0.9530344605445862
2,465,7,950,0.9501587152481079
2,465,8,2994,0.9496779441833496
2,465,9,703,0.9480491280555725
2,465,10,1981,0.9449135661125183
2,467,1,1447,0.9493989944458008
2,467,2,1307,0.9476810097694397
2,467,3,1570,0.9475387334823608
2,467,4,2019,0.9467528462409973
2,467,5,2048,0.9465004205703735
2,467,6,1698,0.9461898803710938
2,467,7,2830,0.9408283829689026
2,467,8,1531,0.9368420243263245
2,467,9,2165,0.9358761310577393
2,467,10,30,0.9345200657844543
2,468,1,2808,0.9643495082855225
2,468,2,703,0.9618574380874634
2,468,3,1977,0.9600152969360352
2,468,4,668,0.9592249393463135
2,468,5,257,0.9587087631225586
2,468,6,229,0.9583669304847717
2,468,7,198,0.958192765712738
2,468,8,1620,0.9578027725219727
2,468,9,2994,0.9565394520759583
2,468,10,1931,0.95588618516922
2,469,1,1344,0.9630365967750549
2,469,2,1196,0.9626893997192383
2,469,3,704,0.9626105427742004
2,469,4,533,0.9557348489761353
2,469,5,325,0.9544410109519958
2,469,6,2525,0.9481609463691711
2,469,7,1265,0.9453453421592712
2,469,8,1171,0.9412718415260315
2,469,9,82,0.9406121373176575
2,469,10,666,0.9370781779289246
2,470,1,2832,0.9626582860946655
2,470,2,1931,0.9620593190193176
2,470,3,703,0.9551988244056702
2,470,4,257,0.9505707025527954
2,470,5,1882,0.9505125880241394
2,470,6,500,0.9500284790992737
2,470,7,1620,0.949910044670105
2,470,8,2808,0.9494732022285461
2,470,9,1525,0.9486339688301086
2,470,10,698,0.9408377408981323
2,471,1,1620,0.9422091841697693
2,471,2,1447,0.9390522241592407
2,471,3,1882,0.9374610781669617
2,471,4,2165,0.9365270733833313
2,471,5,30,0.9356358051300049
2,471,6,575,0.9342482089996338
2,471,7,905,0.9335699081420898
2,471,8,2355,0.9332872033119202
2,471,9,668,0.9331527352333069
2,471,10,2862,0.9331061840057373
2,472,1,198,0.9504186511039734
2,472,2,2080,0.9481591582298279
2,472,3,2112,0.9474939703941345
2,472,4,527,0.9441960453987122
2,472,5,2994,0.937709391117096
2,472,6,575,0.9377067685127258
2,472,7,1977,0.9360113143920898
2,472,8,1307,0.9328792095184326
2,472,9,609,0.9315795302391052
2,472,10,475,0.9259060621261597
2,474,1,1379,0.9415331482887268
2,474,2,2568,0.9407423138618469
2,474,3,1673,0.9406143426895142
2,474,4,1531,0.9256964325904846
2,474,5,2830,0.9228228330612183
2,474,6,206,0.9191392064094543
2,474,7,1301,0.9168725609779358
2,474,8,773,0.9165152907371521
2,474,9,2758,0.9163946509361267
2,474,10,1320,0.9140801429748535
2,475,1,1724,0.9442001581192017
2,475,2,1339,0.9396912455558777
2,475,3,1726,0.9356408715248108
2,475,4,1251,0.9221168160438538
2,475,5,551,0.9217169284820557
2,475,6,953,0.9173616766929626
2,475,7,89,0.9064597487449646
2,475,8,1358,0.9064201712608337
2,475,9,1415,0.9057410359382629
2,475,10,1580,0.9043055176734924
2,476,1,1339,0.9329878091812134
2,476,2,1724,0.9295157194137573
2,476,3,1726,0.9247463941574097
2,476,4,1251,0.9154634475708008
2,476,5,953,0.9065085053443909
2,476,6,2702,0.9053852558135986
2,476,7,132,0.9043499231338501
2,476,8,551,0.9015993475914001
2,476,9,2661,0.8997268080711365
2,476,10,1317,0.8973939418792725
2,477,1,1250,0.9473068118095398
2,477,2,2019,0.9460294842720032
2,477,3,2830,0.9454191327095032
2,477,4,1447,0.9449396133422852
2,477,5,1570,0.9447206854820251
2,477,6,1307,0.9444267153739929
2,477,7,2048,0.942837655544281
2,477,8,1673,0.9356489777565002
2,477,9,206,0.9354434013366699
2,477,10,1476,0.9350926876068115
2,478,1,2868,0.957647979259491
2,478,2,609,0.937673807144165
2,478,3,1927,0.9252387881278992
2,478,4,348,0.9235201478004456
2,478,5,2897,0.9228946566581726
2,478,6,990,0.9195520877838135
2,478,7,2752,0.9193156361579895
2,478,8,2504,0.9141631722450256
2,478,9,1977,0.9119553565979004
2,478,10,198,0.910150408744812
2,479,1,2184,0.9003404378890991
2,479,2,652,0.8912104368209839
2,479,3,560,0.8910819292068481
2,479,4,1163,0.8904608488082886
2,479,5,1717,0.8891925811767578
2,479,6,1898,0.8836268186569214
2,479,7,2089,0.8832265138626099
2,479,8,1775,0.882061243057251
2,479,9,1871,0.8788472414016724
2,479,10,1861,0.8753868937492371
2,480,1,609,0.9642702341079712
2,480,2,527,0.9636829495429993
2,480,3,475,0.9546408653259277
2,480,4,2112,0.9544450640678406
2,480,5,261,0.9520907998085022
2,480,6,127,0.9462146162986755
2,480,7,2185,0.9451308846473694
2,480,8,2504,0.9442132115364075
2,480,9,2080,0.9440712332725525
2,480,10,1333,0.9417467713356018
2,483,1,1613,0.9443971514701843
2,483,2,1001,0.9440315961837769
2,483,3,81,0.9427556991577148
2,483,4,1898,0.9425561428070068
2,483,5,1866,0.9420492053031921
2,483,6,1871,0.9411420822143555
2,483,7,560,0.9392863512039185
2,483,8,1717,0.9354397058486938
2,483,9,652,0.9341990947723389
2,483,10,2184,0.9338022470474243
2,484,1,1613,0.9443971514701843
2,484,2,1001,0.9440315961837769
2,484,3,81,0.9427556991577148
2,484,4,1898,0.9425561428070068
2,484,5,1866,0.9420492053031921
2,484,6,1871,0.9411420822143555
2,484,7,560,0.9392863512039185
2,484,8,1717,0.9354397058486938
2,484,9,652,0.9341990947723389
2,484,10,2184,0.9338022470474243
2,485,1,1613,0.9446704387664795
2,485,2,1001,0.9439415335655212
2,485,3,81,0.9429954886436462
2,485,4,1898,0.9410077333450317
2,485,5,560,0.9406718015670776
2,485,6,1717,0.939933717250824
2,485,7,2184,0.9395255446434021
2,485,8,424,0.9367186427116394
2,485,9,1871,0.9356082677841187
2,485,10,652,0.9355525970458984
2,486,1,184,0.9177345633506775
2,486,2,2975,0.9044833779335022
2,486,3,1500,0.8977271318435669
2,486,4,1315,0.8973075151443481
2,486,5,1588,0.8967080116271973
2,486,6,1280,0.8897382616996765
2,486,7,1518,0.8880408406257629
2,486,8,429,0.8707152009010315
2,486,9,1501,0.8554434180259705
2,486,10,2050,0.8538097143173218
2,487,1,2184,0.9123023152351379
2,487,2,424,0.9015510082244873
2,487,3,81,0.8987169861793518
2,487,4,652,0.8978995084762573
2,487,5,136,0.8974992632865906
2,487,6,1861,0.8970426321029663
2,487,7,1717,0.8966264724731445
2,487,8,1280,0.8940863609313965
2,487,9,560,0.8937197327613831
2,487,10,2604,0.8896262049674988
2,491,1,2876,0.9497310519218445
2,491,2,2995,0.9490461349487305
2,491,3,2717,0.9460305571556091
2,491,4,1535,0.94585782289505
2,491,5,421,0.9454326629638672
2,491,6,724,0.945370078086853
2,491,7,2067,0.9449319839477539
2,491,8,2940,0.9448758363723755
2,491,9,2632,0.9420296549797058
2,491,10,1194,0.9393484592437744
2,492,1,1839,0.9347960948944092
2,492,2,2474,0.9303296804428101
2,492,3,1197,0.9284196496009827
2,492,4,1454,0.9238412976264954
2,492,5,38,0.9223318696022034
2,492,6,1342,0.9043669700622559
2,492,7,557,0.892302930355072
2,492,8,845,0.8859196305274963
2,492,9,2093,0.8836701512336731
2,492,10,1359,0.8818514943122864
2,493,1,2975,0.9368945360183716
2,493,2,184,0.9185522794723511
2,493,3,1194,0.9086177349090576
2,493,4,724,0.9077383279800415
2,493,5,1535,0.9055483341217041
2,493,6,1252,0.904968798160553
2,493,7,1109,0.9033337235450745
2,493,8,2940,0.9004107713699341
2,493,9,2717,0.896461546421051
2,493,10,3047,0.8961911201477051
2,494,1,1252,0.9307066798210144
2,494,2,1109,0.9293901324272156
2,494,3,184,0.928134024143219
2,494,4,2975,0.9207230806350708
2,494,5,2377,0.9080061912536621
2,494,6,512,0.9073603749275208
2,494,7,1315,0.8961746096611023
2,494,8,1500,0.8954616785049438
2,494,9,1588,0.894536554813385
2,494,10,1518,0.8926211595535278
2,495,1,1102,0.9660635590553284
2,495,2,563,0.9650523066520691
2,495,3,653,0.9648679494857788
2,495,4,2599,0.9639444351196289
2,495,5,2104,0.9638565182685852
2,495,6,681,0.963851809501648
2,495,7,2558,0.9637406468391418
2,495,8,2194,0.9636548161506653
2,495,9,2108,0.9595532417297363
2,495,10,2607,0.9578494429588318
3,1,1,1236,0.9038135409355164
3,1,2,137,0.895099401473999
3,1,3,2313,0.892551839351654
3,1,4,1424,0.8882763981819153
3,1,5,2340,0.8869156241416931
3,1,6,634,0.8864622116088867
3,1,7,629,0.8838975429534912
3,1,8,2895,0.882794976234436
3,1,9,2211,0.8825873732566833
3,1,10,1881,0.8814039826393127
3,2,1,890,0.8655152916908264
3,2,2,2649,0.8526684641838074
3,2,3,1628,0.8512157797813416
3,2,4,1194,0.8505706191062927
3,2,5,3047,0.8443136215209961
3,2,6,1156,0.8437130451202393
3,2,7,426,0.8360137343406677
3,2,8,556,0.8326743245124817
3,2,9,1236,0.8326509594917297
3,2,10,2341,0.8299129605293274
3,3,1,2347,0.8103438019752502
3,3,2,890,0.7998239398002625
3,3,3,426,0.7891561388969421
3,3,4,2195,0.7818982601165771
3,3,5,3054,0.7795141339302063
3,3,6,2963,0.7772333025932312
3,3,7,1761,0.7751469612121582
3,3,8,14,0.7751233577728271
3,3,9,62,0.7692117691040039
3,3,10,1146,0.7685786485671997
3,4,1,3057,0.8877533674240112
3,4,2,155,0.881885290145874
3,4,3,2476,0.8812196254730225
3,4,4,1761,0.8754734992980957
3,4,5,890,0.8720484972000122
3,4,6,1251,0.8688861727714539
3,4,7,426,0.8679832816123962
3,4,8,1621,0.8526486158370972
3,4,9,2074,0.8452515006065369
3,4,10,1013,0.8431523442268372
3,7,1,1012,0.8309182524681091
3,7,2,2742,0.8303177952766418
3,7,3,400,0.809514045715332
3,7,4,2352,0.8083401322364807
3,7,5,461,0.804304838180542
3,7,6,2787,0.8040412068367004
3,7,7,480,0.8034772276878357
3,7,8,2406,0.8029745817184448
3,7,9,205,0.8016908764839172
3,7,10,2405,0.7992531061172485
3,8,1,193,0.9270055294036865
3,8,2,1757,0.9255638718605042
3,8,3,1100,0.9231764674186707
3,8,4,2299,0.9209298491477966
3,8,5,546,0.9193440675735474
3,8,6,1302,0.9192996621131897
3,8,7,1202,0.9192044138908386
3,8,8,1358,0.9175671935081482
3,8,9,2937,0.9169801473617554
3,8,10,1785,0.9142053127288818
3,9,1,414,0.9032122492790222
3,9,2,629,0.903070330619812
3,9,3,2303,0.9024122357368469
3,9,4,2796,0.9013643860816956
3,9,5,1881,0.894789457321167
3,9,6,421,0.8931801319122314
3,9,7,2717,0.890155553817749
3,9,8,2995,0.8884727358818054
3,9,9,634,0.8880578279495239
3,9,10,1044,0.8831840753555298
3,10,1,2742,0.7737622857093811
3,10,2,2406,0.7698838114738464
3,10,3,1012,0.7518547177314758
3,10,4,2723,0.7503683567047119
3,10,5,2121,0.7496773600578308
3,10,6,1045,0.7493814826011658
3,10,7,1388,0.7493464946746826
3,10,8,2787,0.7469074726104736
3,10,9,2143,0.7464187145233154
3,10,10,2405,0.7459691762924194
3,11,1,2654,0.8939844369888306
3,11,2,615,0.8787009716033936
3,11,3,1858,0.8768532872200012
3,11,4,2347,0.8727341294288635
3,11,5,2134,0.8708831667900085
3,11,6,2957,0.8666505217552185
3,11,7,739,0.8603585958480835
3,11,8,1638,0.8596267700195312
3,11,9,128,0.8583820462226868
3,11,10,2660,0.8508301377296448
3,12,1,250,0.8778443336486816
3,12,2,2016,0.8700381517410278
3,12,3,3054,0.8611230254173279
3,12,4,1681,0.8567018508911133
3,12,5,2347,0.8535186052322388
3,12,6,2045,0.840460479259491
3,12,7,2416,0.8400279879570007
3,12,8,612,0.8377512097358704
3,12,9,1801,0.8357555270195007
3,12,10,2134,0.826008677482605
3,13,1,3037,0.8265206813812256
3,13,2,1012,0.8249225616455078
3,13,3,1612,0.8184741139411926
3,13,4,400,0.8116173148155212
3,13,5,480,0.808192789554596
3,13,6,1802,0.8069046139717102
3,13,7,1428,0.804926872253418
3,13,8,25,0.8037170171737671
3,13,9,2742,0.8001502156257629
3,13,10,1151,0.7986147999763489
3,14,1,739,0.9286301136016846
3,14,2,1858,0.9281243085861206
3,14,3,2654,0.9220716953277588
3,14,4,615,0.9165222644805908
3,14,5,1255,0.9164273738861084
3,14,6,128,0.9115110039710999
3,14,7,2114,0.9056793451309204
3,14,8,2933,0.9051592946052551
3,14,9,1946,0.9039736390113831
3,14,10,2356,0.9026854634284973
3,15,1,3057,0.8957206606864929
3,15,2,1251,0.8948708176612854
3,15,3,155,0.893247663974762
3,15,4,2660,0.8806113600730896
3,15,5,2476,0.8660258650779724
3,15,6,2114,0.864444375038147
3,15,7,2985,0.8639119863510132
3,15,8,128,0.8634467124938965
3,15,9,3032,0.8583536148071289
3,15,10,1335,0.8556545972824097
3,16,1,129,0.8476253151893616
3,16,2,559,0.8311808109283447
3,16,3,94,0.8306789398193359
3,16,4,2367,0.8244057893753052
3,16,5,2448,0.8208947777748108
3,16,6,611,0.819747805595398
3,16,7,2482,0.8190522789955139
3,16,8,2396,0.8182557225227356
3,16,9,415,0.8152474761009216
3,16,10,55,0.8143407702445984
3,17,1,2087,0.8633012175559998
3,17,2,598,0.8610056042671204
3,17,3,1044,0.8553938865661621
3,17,4,215,0.8552232980728149
3,17,5,1151,0.8546243906021118
3,17,6,1612,0.8532496690750122
3,17,7,1686,0.8519061803817749
3,17,8,1267,0.8518936038017273
3,17,9,2162,0.8506264090538025
3,17,10,1546,0.8498871922492981
3,18,1,890,0.9150779843330383
3,18,2,426,0.8996051549911499
3,18,3,3057,0.8967616558074951
3,18,4,155,0.8909534811973572
3,18,5,1761,0.8807051181793213
3,18,6,1013,0.8794582486152649
3,18,7,2649,0.8740680813789368
3,18,8,2074,0.8703621029853821
3,18,9,1621,0.866193413734436
3,18,10,1080,0.8613199591636658
3,20,1,1628,0.9062861800193787
3,20,2,1236,0.901631236076355
3,20,3,556,0.8959245681762695
3,20,4,1317,0.8937784433364868
3,20,5,2649,0.8919119834899902
3,20,6,890,0.8879857063293457
3,20,7,2127,0.8872821927070618
3,20,8,2618,0.8850234150886536
3,20,9,699,0.8821269869804382
3,20,10,1720,0.8812699913978577
3,21,1,129,0.8367871046066284
3,21,2,559,0.8308950066566467
3,21,3,2448,0.8306297063827515
3,21,4,1546,0.8270511627197266
3,21,5,2341,0.824580729007721
3,21,6,1273,0.8188912868499756
3,21,7,94,0.8176841735839844
3,21,8,2395,0.8155810832977295
3,21,9,2367,0.8152035474777222
3,21,10,3047,0.8145595192909241
3,22,1,3047,0.8540970087051392
3,22,2,1194,0.8500646352767944
3,22,3,2341,0.8485804796218872
3,22,4,1156,0.842282235622406
3,22,5,2448,0.8409815430641174
3,22,6,2395,0.8378458619117737
3,22,7,2649,0.8363220691680908
3,22,8,1013,0.8339625000953674
3,22,9,559,0.8309189081192017
3,22,10,1546,0.8306694030761719
3,23,1,1838,0.8797669410705566
3,23,2,250,0.874721884727478
3,23,3,1801,0.8656536936759949
3,23,4,1681,0.8651537895202637
3,23,5,2016,0.861823558807373
3,23,6,3054,0.8617149591445923
3,23,7,2045,0.851922869682312
3,23,8,2416,0.8428589105606079
3,23,9,2347,0.8416681885719299
3,23,10,612,0.8401023149490356
3,24,1,1801,0.863943338394165
3,24,2,1838,0.855682373046875
3,24,3,1681,0.8381392359733582
3,24,4,2045,0.8273543119430542
3,24,5,230,0.8267396092414856
3,24,6,2408,0.8247836232185364
3,24,7,3054,0.8229529857635498
3,24,8,498,0.8104166388511658
3,24,9,2366,0.8054432272911072
3,24,10,2416,0.8048516511917114
3,26,1,1012,0.838358998298645
3,26,2,2742,0.8237808346748352
3,26,3,400,0.8214070796966553
3,26,4,215,0.8201593160629272
3,26,5,480,0.8165918588638306
3,26,6,2352,0.8165233731269836
3,26,7,1151,0.8163039088249207
3,26,8,1737,0.8116537928581238
3,26,9,598,0.8108683228492737
3,26,10,2482,0.8058910965919495
3,27,1,890,0.882396936416626
3,27,2,1013,0.8784894347190857
3,27,3,2448,0.8753258585929871
3,27,4,3047,0.8738387823104858
3,27,5,1194,0.8648889064788818
3,27,6,2341,0.8626574277877808
3,27,7,2395,0.8548259139060974
3,27,8,559,0.8540672063827515
3,27,9,1273,0.8525293469429016
3,27,10,426,0.851274311542511
3,28,1,1012,0.825950562953949
3,28,2,2742,0.813544511795044
3,28,3,400,0.8122945427894592
3,28,4,3037,0.80594801902771
3,28,5,480,0.8028009533882141
3,28,6,598,0.8002548813819885
3,28,7,1612,0.7996944785118103
3,28,8,215,0.7980412840843201
3,28,9,1151,0.7931723594665527
3,28,10,2352,0.7914729118347168
3,29,1,2895,0.9150505065917969
3,29,2,2370,0.9148797988891602
3,29,3,2313,0.9129791855812073
3,29,4,1891,0.9104421138763428
3,29,5,1940,0.9100617170333862
3,29,6,1821,0.907346785068512
3,29,7,2340,0.9063153862953186
3,29,8,1059,0.9058940410614014
3,29,9,2211,0.9037280678749084
3,29,10,137,0.9034719467163086
3,31,1,861,0.9170932769775391
3,31,2,969,0.8985409140586853
3,31,3,2344,0.8807876110076904
3,31,4,2989,0.879378080368042
3,31,5,1176,0.8764989972114563
3,31,6,2144,0.8593996167182922
3,31,7,158,0.8518612384796143
3,31,8,1513,0.8467785120010376
3,31,9,756,0.8412013649940491
3,31,10,2559,0.8411269187927246
3,32,1,1546,0.8771786689758301
3,32,2,1044,0.8658055663108826
3,32,3,746,0.8652207851409912
3,32,4,1365,0.8647071123123169
3,32,5,1287,0.8646489381790161
3,32,6,1645,0.8638725280761719
3,32,7,1600,0.8635128736495972
3,32,8,598,0.8618007898330688
3,32,9,645,0.8613696098327637
3,32,10,1628,0.8612595200538635
3,33,1,3037,0.849609375
3,33,2,1012,0.8418208360671997
3,33,3,1612,0.8396167755126953
3,33,4,1802,0.8336971998214722
3,33,5,1428,0.8311281204223633
3,33,6,400,0.828851044178009
3,33,7,480,0.8285765051841736
3,33,8,25,0.8266715407371521
3,33,9,2162,0.8219694495201111
3,33,10,429,0.8215991854667664
3,34,1,1612,0.8375661373138428
3,34,2,3037,0.8322677612304688
3,34,3,25,0.8315074443817139
3,34,4,692,0.8286422491073608
3,34,5,732,0.8193854093551636
3,34,6,1802,0.8191269040107727
3,34,7,2387,0.8189506530761719
3,34,8,1267,0.8090521097183228
3,34,9,1500,0.8070542812347412
3,34,10,3009,0.8063099980354309
3,35,1,2922,0.8327757716178894
3,35,2,1395,0.8285033702850342
3,35,3,1725,0.8278326392173767
3,35,4,2303,0.8276407122612
3,35,5,2390,0.8269043564796448
3,35,6,383,0.8209797739982605
3,35,7,2372,0.8203629851341248
3,35,8,1495,0.8192925453186035
3,35,9,1554,0.818465530872345
3,35,10,2755,0.817955732345581
3,36,1,2654,0.8879610300064087
3,36,2,1858,0.8782625198364258
3,36,3,2957,0.8746148943901062
3,36,4,2134,0.8687795400619507
3,36,5,1255,0.8667380213737488
3,36,6,615,0.8648003935813904
3,36,7,969,0.8508259654045105
3,36,8,2684,0.8484281301498413
3,36,9,128,0.8482105135917664
3,36,10,739,0.8472452759742737
3,37,1,39,0.7907395362854004
3,37,2,2410,0.7850408554077148
3,37,3,880,0.7807955145835876
3,37,4,1012,0.7803366184234619
3,37,5,2742,0.7796273827552795
3,37,6,925,0.7784050703048706
3,37,7,461,0.7765146493911743
3,37,8,186,0.772327721118927
3,37,9,1721,0.7706377506256104
3,37,10,2634,0.7704954743385315
3,38,1,890,0.8984384536743164
3,38,2,1720,0.8827780485153198
3,38,3,2476,0.8819980621337891
3,38,4,426,0.8802653551101685
3,38,5,1621,0.8798450827598572
3,38,6,2649,0.8773631453514099
3,38,7,1295,0.8747298121452332
3,38,8,2137,0.8721439838409424
3,38,9,3041,0.8717414736747742
3,38,10,2286,0.8664500117301941
3,39,1,1761,0.9028926491737366
3,39,2,2476,0.8945329189300537
3,39,3,890,0.88576340675354
3,39,4,426,0.8815269470214844
3,39,5,1013,0.8688572645187378
3,39,6,2660,0.8637822866439819
3,39,7,2882,0.8505872488021851
3,39,8,2695,0.849655032157898
3,39,9,2347,0.8477449417114258
3,39,10,14,0.8457361459732056
3,40,1,2476,0.9124593138694763
3,40,2,1761,0.8996745347976685
3,40,3,890,0.8891203999519348
3,40,4,426,0.8883728384971619
3,40,5,2695,0.8726080656051636
3,40,6,567,0.8714219331741333
3,40,7,1525,0.8678001761436462
3,40,8,1359,0.8660850524902344
3,40,9,1235,0.865839958190918
3,40,10,2660,0.8653799891471863
3,42,1,1738,0.965923547744751
3,42,2,667,0.9594634175300598
3,42,3,113,0.955518901348114
3,42,4,706,0.8556879758834839
3,42,5,1840,0.8322208523750305
3,42,6,857,0.8088439702987671
3,42,7,915,0.7922482490539551
3,42,8,2562,0.7910252213478088
3,42,9,2989,0.7851762771606445
3,42,10,1037,0.7776196599006653
3,43,1,1818,0.943252682685852
3,43,2,1165,0.9358997941017151
3,43,3,2193,0.9330458641052246
3,43,4,1840,0.8382643461227417
3,43,5,706,0.8140237331390381
3,43,6,857,0.8139660954475403
3,43,7,2559,0.8029240369796753
3,43,8,278,0.7895225286483765
3,43,9,2989,0.7733305096626282
3,43,10,174,0.7728055715560913
3,45,1,1818,0.9444218277931213
3,45,2,1738,0.9252134561538696
3,45,3,390,0.896560549736023
3,45,4,1840,0.8440633416175842
3,45,5,857,0.8274803161621094
3,45,6,706,0.8239069581031799
3,45,7,2559,0.8014894127845764
3,45,8,2989,0.7922099828720093
3,45,9,278,0.7867119908332825
3,45,10,174,0.7813439965248108
3,46,1,667,0.8962047100067139
3,46,2,113,0.8957750797271729
3,46,3,1848,0.8847882747650146
3,46,4,1840,0.8586834669113159
3,46,5,857,0.8449036478996277
3,46,6,706,0.8357618451118469
3,46,7,2559,0.8233279585838318
3,46,8,2989,0.8086791634559631
3,46,9,278,0.8060410618782043
3,46,10,174,0.8021873831748962
3,47,1,2273,0.9655287861824036
3,47,2,1818,0.9485569596290588
3,47,3,667,0.9050917625427246
3,47,4,706,0.8999897241592407
3,47,5,857,0.8967933654785156
3,47,6,1840,0.8951902389526367
3,47,7,2559,0.8778263926506042
3,47,8,2989,0.8708505630493164
3,47,9,2344,0.8648166656494141
3,47,10,278,0.8553580641746521
3,48,1,1738,0.9352025389671326
3,48,2,471,0.9344478845596313
3,48,3,1417,0.8869052529335022
3,48,4,915,0.8168410658836365
3,48,5,1037,0.8011618852615356
3,48,6,1840,0.7886643409729004
3,48,7,2665,0.7849225997924805
3,48,8,706,0.7811451554298401
3,48,9,2562,0.777365505695343
3,48,10,2869,0.7721015214920044
3,49,1,2193,0.9569395780563354
3,49,2,1848,0.9317589402198792
3,49,3,667,0.9259389042854309
3,49,4,706,0.8912646174430847
3,49,5,1840,0.8876385688781738
3,49,6,857,0.8801981806755066
3,49,7,2559,0.8596136569976807
3,49,8,2989,0.8527592420578003
3,49,9,2344,0.8465856909751892
3,49,10,278,0.8418601155281067
3,50,1,248,0.9552966952323914
3,50,2,1417,0.951113224029541
3,50,3,2193,0.9407395124435425
3,50,4,706,0.876859724521637
3,50,5,1840,0.8678795695304871
3,50,6,857,0.8518412709236145
3,50,7,2989,0.8244363069534302
3,50,8,2559,0.8238990902900696
3,50,9,2344,0.81679368019104
3,50,10,278,0.8127485513687134
3,51,1,667,0.9032864570617676
3,51,2,113,0.900417685508728
3,51,3,390,0.9001036882400513
3,51,4,1840,0.8532755374908447
3,51,5,857,0.8367053866386414
3,51,6,706,0.8321173787117004
3,51,7,2559,0.8129190802574158
3,51,8,2989,0.8008499145507812
3,51,9,278,0.7976441979408264
3,51,10,174,0.7914408445358276
3,52,1,1522,0.9163640141487122
3,52,2,484,0.9153186082839966
3,52,3,1778,0.9149866700172424
3,52,4,2303,0.9142868518829346
3,52,5,1341,0.912630021572113
3,52,6,1059,0.9123037457466125
3,52,7,2370,0.9119924306869507
3,52,8,2895,0.909791111946106
3,52,9,551,0.9095516204833984
3,52,10,629,0.9089299440383911
3,53,1,1341,0.9294062852859497
3,53,2,644,0.9288638830184937
3,53,3,2390,0.9279845952987671
3,53,4,551,0.9263479709625244
3,53,5,484,0.9256311058998108
3,53,6,2755,0.924199640750885
3,53,7,1507,0.9233155250549316
3,53,8,953,0.9223048686981201
3,53,9,1059,0.9208869934082031
3,53,10,749,0.9187927842140198
3,54,1,2303,0.9309934377670288
3,54,2,629,0.9258738160133362
3,54,3,2796,0.9234223961830139
3,54,4,484,0.9218143820762634
3,54,5,414,0.9194647073745728
3,54,6,2372,0.9156273007392883
3,54,7,1554,0.9151404500007629
3,54,8,2755,0.913569986820221
3,54,9,2390,0.9131232500076294
3,54,10,1341,0.9121221899986267
3,55,1,1891,0.9317176342010498
3,55,2,2370,0.9315603971481323
3,55,3,32,0.9306098818778992
3,55,4,1059,0.930404782295227
3,55,5,551,0.9252534508705139
3,55,6,1567,0.9238117933273315
3,55,7,1940,0.9233419299125671
3,55,8,474,0.9228164553642273
3,55,9,2895,0.922595202922821
3,55,10,1724,0.9225430488586426
3,56,1,2448,0.8789781332015991
3,56,2,129,0.8717797994613647
3,56,3,559,0.8675744533538818
3,56,4,3047,0.8660963773727417
3,56,5,1273,0.8558465838432312
3,56,6,1194,0.8545818328857422
3,56,7,2395,0.8514285683631897
3,56,8,1013,0.8501092195510864
3,56,9,94,0.8487145900726318
3,56,10,1546,0.8433501720428467
3,57,1,2367,0.8469416499137878
3,57,2,129,0.8449885845184326
3,57,3,1546,0.8438573479652405
3,57,4,215,0.8386766314506531
3,57,5,415,0.8373373746871948
3,57,6,2396,0.8328336477279663
3,57,7,1287,0.8292288184165955
3,57,8,598,0.8292027115821838
3,57,9,1686,0.829155683517456
3,57,10,559,0.8289002180099487
3,58,1,2448,0.876910388469696
3,58,2,1013,0.8684364557266235
3,58,3,3047,0.8669780492782593
3,58,4,559,0.8611268997192383
3,58,5,129,0.8580554723739624
3,58,6,1194,0.8566272258758545
3,58,7,1273,0.854778528213501
3,58,8,2395,0.8499996662139893
3,58,9,1910,0.8425624966621399
3,58,10,1156,0.8393961787223816
3,59,1,3047,0.8748090863227844
3,59,2,1194,0.8683205842971802
3,59,3,1546,0.8678193092346191
3,59,4,1156,0.8587638735771179
3,59,5,1365,0.8581379652023315
3,59,6,2395,0.8557077050209045
3,59,7,1708,0.8505142331123352
3,59,8,766,0.8483949303627014
3,59,9,129,0.8461621403694153
3,59,10,559,0.8454224467277527
3,60,1,2914,0.817282497882843
3,60,2,1045,0.7703773379325867
3,60,3,95,0.766386091709137
3,60,4,584,0.7612873911857605
3,60,5,2406,0.7528680562973022
3,60,6,1538,0.7523486614227295
3,60,7,2143,0.7294590473175049
3,60,8,205,0.7120848298072815
3,60,9,498,0.71147620677948
3,60,10,2481,0.708293080329895
3,61,1,1089,0.8234336972236633
3,61,2,95,0.7658891677856445
3,61,3,1045,0.7649772763252258
3,61,4,1897,0.7444637417793274
3,61,5,2312,0.7366600036621094
3,61,6,2406,0.7358984351158142
3,61,7,584,0.7312935590744019
3,61,8,1833,0.7177388072013855
3,61,9,1644,0.716869592666626
3,61,10,2481,0.7157842516899109
3,62,1,99,0.829933762550354
3,62,2,2914,0.814099907875061
3,62,3,95,0.7741886973381042
3,62,4,1045,0.7736942768096924
3,62,5,2406,0.7455511093139648
3,62,6,2408,0.7442654371261597
3,62,7,1538,0.7339125275611877
3,62,8,1897,0.7327979207038879
3,62,9,2312,0.725711464881897
3,62,10,2143,0.723516583442688
3,63,1,346,0.8394089937210083
3,63,2,95,0.7928762435913086
3,63,3,1045,0.7894524335861206
3,63,4,1538,0.7715560793876648
3,63,5,2406,0.7577630877494812
3,63,6,2143,0.7451281547546387
3,63,7,498,0.7367149591445923
3,63,8,1801,0.7269216179847717
3,63,9,205,0.7237482666969299
3,63,10,2481,0.7228574156761169
3,64,1,346,0.8322734236717224
3,64,2,2050,0.8236687183380127
3,64,3,498,0.7939748764038086
3,64,4,2914,0.7752002477645874
3,64,5,94,0.7744922041893005
3,64,6,2406,0.7732394933700562
3,64,7,2583,0.7652375102043152
3,64,8,584,0.7641469836235046
3,64,9,2121,0.7632838487625122
3,64,10,2045,0.7624617218971252
3,65,1,2599,0.8179175853729248
3,65,2,2104,0.8170887231826782
3,65,3,2452,0.815243661403656
3,65,4,2108,0.8105258345603943
3,65,5,2490,0.8074663281440735
3,65,6,2604,0.7991960048675537
3,65,7,2607,0.7990949749946594
3,65,8,2082,0.799024760723114
3,65,9,2156,0.7972987294197083
3,65,10,2194,0.7972373366355896
3,67,1,925,0.8210477828979492
3,67,2,2634,0.8195281624794006
3,67,3,3004,0.8163754940032959
3,67,4,2669,0.8157122135162354
3,67,5,333,0.8138933181762695
3,67,6,769,0.8114575743675232
3,67,7,2007,0.8103821873664856
3,67,8,11,0.8095647692680359
3,67,9,3042,0.8090596199035645
3,67,10,2161,0.8080912828445435
3,68,1,333,0.8148185610771179
3,68,2,925,0.8121048808097839
3,68,3,2669,0.811272382736206
3,68,4,2634,0.8107285499572754
3,68,5,1717,0.8093835711479187
3,68,6,3004,0.8088908791542053
3,68,7,2604,0.8086204528808594
3,68,8,2007,0.807206392288208
3,68,9,2161,0.8066281080245972
3,68,10,3042,0.8064745664596558
3,69,1,346,0.7699246406555176
3,69,2,2409,0.7682192921638489
3,69,3,1089,0.7637145519256592
3,69,4,2583,0.7615078091621399
3,69,5,99,0.7605196237564087
3,69,6,1388,0.7539979219436646
3,69,7,2723,0.7511073350906372
3,69,8,2121,0.7456648945808411
3,69,9,2406,0.7414812445640564
3,69,10,2914,0.7413101196289062
3,70,1,1089,0.7950277328491211
3,70,2,2583,0.7930365800857544
3,70,3,99,0.7926010489463806
3,70,4,346,0.7892866134643555
3,70,5,2409,0.7888743281364441
3,70,6,2914,0.7727339267730713
3,70,7,1388,0.77193284034729
3,70,8,2723,0.7679086327552795
3,70,9,2121,0.7623598575592041
3,70,10,2050,0.7607367634773254
3,71,1,346,0.8484124541282654
3,71,2,2583,0.8355776071548462
3,71,3,2050,0.8324345946311951
3,71,4,2914,0.8271293044090271
3,71,5,99,0.8257933855056763
3,71,6,1089,0.8243698477745056
3,71,7,1388,0.7997575998306274
3,71,8,2121,0.7940889000892639
3,71,9,2409,0.7934843897819519
3,71,10,2723,0.7925971150398254
3,72,1,39,0.8023926615715027
3,72,2,2742,0.793900191783905
3,72,3,1012,0.7923173308372498
3,72,4,2410,0.7922835350036621
3,72,5,880,0.7858791351318359
3,72,6,925,0.7852129340171814
3,72,7,186,0.7824486494064331
3,72,8,1721,0.7812343835830688
3,72,9,1254,0.7797345519065857
3,72,10,2024,0.7754970192909241
3,73,1,2024,0.8400810956954956
3,73,2,750,0.833266019821167
3,73,3,732,0.8317664265632629
3,73,4,2387,0.8315127491950989
3,73,5,880,0.8288460373878479
3,73,6,2669,0.8240314722061157
3,73,7,2412,0.8220197558403015
3,73,8,438,0.8194369673728943
3,73,9,2410,0.8178034424781799
3,73,10,1254,0.8176984190940857
3,74,1,2024,0.8283653855323792
3,74,2,880,0.824226975440979
3,74,3,750,0.8242248296737671
3,74,4,2669,0.8241494297981262
3,74,5,732,0.8193107843399048
3,74,6,2634,0.8192362189292908
3,74,7,2387,0.8190491199493408
3,74,8,2410,0.8189399838447571
3,74,9,2358,0.8160723447799683
3,74,10,769,0.8159518241882324
3,75,1,925,0.8213417530059814
3,75,2,2634,0.815331757068634
3,75,3,2669,0.8105975389480591
3,75,4,3004,0.8085334300994873
3,75,5,769,0.808455228805542
3,75,6,880,0.8075646758079529
3,75,7,2358,0.8070088028907776
3,75,8,2410,0.8059762716293335
3,75,9,11,0.8046019077301025
3,75,10,2006,0.8045610189437866
3,76,1,2024,0.846753716468811
3,76,2,25,0.8377147912979126
3,76,3,2412,0.8374634981155396
3,76,4,2089,0.8359914422035217
3,76,5,534,0.8348039984703064
3,76,6,750,0.8343964219093323
3,76,7,93,0.8317771553993225
3,76,8,560,0.8298634886741638
3,76,9,1461,0.8286411762237549
3,76,10,2003,0.8284701108932495
3,77,1,1012,0.8339370489120483
3,77,2,2742,0.8221832513809204
3,77,3,400,0.8127093315124512
3,77,4,480,0.8101876974105835
3,77,5,461,0.8057047128677368
3,77,6,3037,0.803655207157135
3,77,7,1300,0.8013799786567688
3,77,8,2787,0.7985845804214478
3,77,9,2352,0.7978957295417786
3,77,10,1428,0.7945744395256042
3,78,1,1012,0.8417325615882874
3,78,2,3037,0.8380767703056335
3,78,3,1612,0.8302242159843445
3,78,4,400,0.8278141617774963
3,78,5,480,0.8251760005950928
3,78,6,1151,0.822765588760376
3,78,7,1428,0.8211522698402405
3,78,8,215,0.8193637728691101
3,78,9,429,0.8162724375724792
3,78,10,598,0.8161115646362305
3,80,1,1255,0.9251629114151001
3,80,2,1858,0.9233859181404114
3,80,3,2654,0.9164021015167236
3,80,4,615,0.9159697890281677
3,80,5,739,0.9127182960510254
3,80,6,731,0.9054419994354248
3,80,7,2237,0.9013276100158691
3,80,8,542,0.9008536338806152
3,80,9,2356,0.8940343856811523
3,80,10,2957,0.8890441656112671
3,81,1,2901,0.9266209602355957
3,81,2,2552,0.9252074956893921
3,81,3,2642,0.9247995615005493
3,81,4,1665,0.9239835143089294
3,81,5,40,0.9234488606452942
3,81,6,1548,0.921643078327179
3,81,7,1691,0.9215802550315857
3,81,8,1594,0.9178342819213867
3,81,9,1339,0.9173141121864319
3,81,10,2848,0.916485607624054
3,82,1,1858,0.9029983878135681
3,82,2,1255,0.8881028890609741
3,82,3,615,0.8875072598457336
3,82,4,731,0.878129780292511
3,82,5,1638,0.8780308365821838
3,82,6,2237,0.8729238510131836
3,82,7,2957,0.8718340396881104
3,82,8,2356,0.8692388534545898
3,82,9,2684,0.8668232560157776
3,82,10,542,0.8664783239364624
3,83,1,1858,0.8993031978607178
3,83,2,615,0.8979312181472778
3,83,3,1255,0.8964201211929321
3,83,4,2957,0.8714014291763306
3,83,5,2323,0.8711487650871277
3,83,6,731,0.8707607388496399
3,83,7,2134,0.867654025554657
3,83,8,2237,0.866764485836029
3,83,9,1638,0.8653120398521423
3,83,10,542,0.8645070791244507
3,84,1,2654,0.9154211282730103
3,84,2,1858,0.9102662205696106
3,84,3,615,0.9015886783599854
3,84,4,1255,0.8998132944107056
3,84,5,2957,0.8869571089744568
3,84,6,1638,0.8841008543968201
3,84,7,2134,0.8840694427490234
3,84,8,731,0.879982054233551
3,84,9,2237,0.8728324770927429
3,84,10,2323,0.8707993626594543
3,85,1,158,0.9180477857589722
3,85,2,235,0.9042425751686096
3,85,3,2144,0.9033340811729431
3,85,4,756,0.9013833403587341
3,85,5,1176,0.8989055156707764
3,85,6,1340,0.8984024524688721
3,85,7,1091,0.8959168195724487
3,85,8,1255,0.8915676474571228
3,85,9,2559,0.8878101706504822
3,85,10,2344,0.8856295347213745
3,86,1,1091,0.9327946305274963
3,86,2,174,0.9322692155838013
3,86,3,1176,0.9226279258728027
3,86,4,756,0.9200149178504944
3,86,5,2989,0.9152275323867798
3,86,6,2344,0.9117324948310852
3,86,7,1340,0.9073607921600342
3,86,8,235,0.9067705273628235
3,86,9,857,0.9055987000465393
3,86,10,954,0.9021732807159424
3,87,1,174,0.931752622127533
3,87,2,1176,0.9313350319862366
3,87,3,756,0.928442120552063
3,87,4,1091,0.9244837164878845
3,87,5,2344,0.9224063158035278
3,87,6,2989,0.9208104610443115
3,87,7,2559,0.9202890396118164
3,87,8,235,0.916665256023407
3,87,9,2144,0.9128803014755249
3,87,10,1340,0.9110949635505676
3,88,1,1078,0.8205708265304565
3,88,2,1979,0.8136736750602722
3,88,3,3016,0.8125372529029846
3,88,4,1550,0.8058248162269592
3,88,5,2323,0.8016706705093384
3,88,6,2502,0.8014694452285767
3,88,7,235,0.7966252565383911
3,88,8,1513,0.7965967655181885
3,88,9,1340,0.7939386367797852
3,88,10,2144,0.792425274848938
3,89,1,1513,0.9320060014724731
3,89,2,1176,0.9209238290786743
3,89,3,2989,0.9194991588592529
3,89,4,2344,0.9185315370559692
3,89,5,756,0.9155591726303101
3,89,6,158,0.914315938949585
3,89,7,857,0.9114491939544678
3,89,8,364,0.8989731669425964
3,89,9,2144,0.8984732627868652
3,89,10,235,0.8929608464241028
3,90,1,2989,0.9210291504859924
3,90,2,2344,0.9199774861335754
3,90,3,1513,0.9188034534454346
3,90,4,857,0.9173763990402222
3,90,5,1176,0.9144991636276245
3,90,6,756,0.9047801494598389
3,90,7,158,0.9035614728927612
3,90,8,364,0.9024382829666138
3,90,9,706,0.90130215883255
3,90,10,954,0.8943770527839661
3,91,1,1513,0.9009070992469788
3,91,2,174,0.8948529958724976
3,91,3,2559,0.880702793598175
3,91,4,158,0.8769166469573975
3,91,5,756,0.875321626663208
3,91,6,1340,0.8743804097175598
3,91,7,1979,0.8698153495788574
3,91,8,1550,0.8696580529212952
3,91,9,1176,0.8677453398704529
3,91,10,2144,0.8668692111968994
3,93,1,1435,0.9478704333305359
3,93,2,2219,0.9463784098625183
3,93,3,3018,0.9425274133682251
3,93,4,1712,0.9390608668327332
3,93,5,2877,0.9385694861412048
3,93,6,1966,0.9373714327812195
3,93,7,1726,0.9340050220489502
3,93,8,2868,0.9303706288337708
3,93,9,1816,0.9303388595581055
3,93,10,1250,0.92995285987854
3,95,1,2303,0.9202200770378113
3,95,2,629,0.9135894179344177
3,95,3,2796,0.9100363850593567
3,95,4,414,0.9071370363235474
3,95,5,484,0.9058804512023926
3,95,6,1522,0.9012954831123352
3,95,7,137,0.8999014496803284
3,95,8,1236,0.8989937901496887
3,95,9,634,0.898184597492218
3,95,10,216,0.8970586657524109
3,97,1,250,0.8409820795059204
3,97,2,1801,0.830517053604126
3,97,3,1681,0.8228874206542969
3,97,4,2045,0.8206750750541687
3,97,5,2016,0.819297194480896
3,97,6,2366,0.8105157017707825
3,97,7,2448,0.7937296032905579
3,97,8,94,0.783099889755249
3,97,9,1538,0.7818026542663574
3,97,10,2347,0.7749224901199341
3,98,1,1801,0.8199508190155029
3,98,2,1538,0.8197646737098694
3,98,3,94,0.81717449426651
3,98,4,2366,0.8169639110565186
3,98,5,2045,0.8146592974662781
3,98,6,250,0.809569776058197
3,98,7,1681,0.8064848780632019
3,98,8,2050,0.8005968332290649
3,98,9,2448,0.7999531626701355
3,98,10,129,0.7909812331199646
3,99,1,250,0.870655357837677
3,99,2,2016,0.8531666398048401
3,99,3,1681,0.8426997065544128
3,99,4,2045,0.8306114673614502
3,99,5,2654,0.8184773325920105
3,99,6,2134,0.8179342150688171
3,99,7,1801,0.8046895265579224
3,99,8,2957,0.8031132817268372
3,99,9,2366,0.7976309061050415
3,99,10,2448,0.7968368530273438
3,100,1,1013,0.8627133965492249
3,100,2,2016,0.8627058863639832
3,100,3,250,0.861408531665802
3,100,4,2347,0.8609461188316345
3,100,5,1681,0.8511180877685547
3,100,6,2045,0.8509039282798767
3,100,7,2366,0.8438204526901245
3,100,8,1910,0.8417297601699829
3,100,9,612,0.8345471620559692
3,100,10,129,0.8285927176475525
3,101,1,2742,0.8058044910430908
3,101,2,1012,0.7977684736251831
3,101,3,2521,0.7917017340660095
3,101,4,2482,0.7911211848258972
3,101,5,2352,0.7867006063461304
3,101,6,2367,0.7852380871772766
3,101,7,2998,0.7816376090049744
3,101,8,400,0.7797108888626099
3,101,9,2406,0.7789510488510132
3,101,10,94,0.7743929028511047
3,102,1,2396,0.8120630383491516
3,102,2,1012,0.8115766644477844
3,102,3,1151,0.8109563589096069
3,102,4,129,0.8103681802749634
3,102,5,2521,0.80852872133255
3,102,6,2742,0.8073188662528992
3,102,7,2745,0.8068418502807617
3,102,8,415,0.8052727580070496
3,102,9,2352,0.8052722215652466
3,102,10,1686,0.8030550479888916
3,103,1,1538,0.8288469910621643
3,103,2,498,0.827089250087738
3,103,3,2050,0.8267682790756226
3,103,4,129,0.8134769797325134
3,103,5,2366,0.8065172433853149
3,103,6,346,0.7987064719200134
3,103,7,584,0.7959312200546265
3,103,8,611,0.7958407402038574
3,103,9,2406,0.7910965085029602
3,103,10,2045,0.7902867197990417
3,104,1,1089,0.7882516980171204
3,104,2,2409,0.7875670194625854
3,104,3,99,0.7821487784385681
3,104,4,2583,0.7748516798019409
3,104,5,346,0.7590252757072449
3,104,6,1897,0.7562544941902161
3,104,7,1833,0.7535089254379272
3,104,8,2312,0.7524910569190979
3,104,9,1045,0.7510135769844055
3,104,10,1388,0.7461785078048706
3,105,1,498,0.836884081363678
3,105,2,1538,0.8354254961013794
3,105,3,2050,0.8352856040000916
3,105,4,1801,0.825782060623169
3,105,5,94,0.8169254660606384
3,105,6,2366,0.8155718445777893
3,105,7,346,0.8116992712020874
3,105,8,2045,0.8075205683708191
3,105,9,2914,0.7924363613128662
3,105,10,584,0.7913017272949219
3,106,1,2742,0.8063419461250305
3,106,2,1012,0.802737295627594
3,106,3,400,0.7826762199401855
3,106,4,2352,0.7775158882141113
3,106,5,480,0.7730728983879089
3,106,6,2521,0.7728877067565918
3,106,7,2406,0.7693518996238708
3,106,8,2998,0.7659783363342285
3,106,9,215,0.7630888223648071
3,106,10,2367,0.7630705237388611
3,108,1,732,0.8397047519683838
3,108,2,2387,0.839573860168457
3,108,3,2024,0.8336553573608398
3,108,4,2089,0.8230909109115601
3,108,5,2412,0.8221032023429871
3,108,6,534,0.8203224539756775
3,108,7,3037,0.8198220133781433
3,108,8,2259,0.8195772171020508
3,108,9,2098,0.8194161653518677
3,108,10,750,0.817943274974823
3,109,1,2303,0.9015048742294312
3,109,2,629,0.8931747674942017
3,109,3,414,0.8922938108444214
3,109,4,1554,0.8829111456871033
3,109,5,2796,0.8825110197067261
3,109,6,484,0.8809559941291809
3,109,7,1495,0.8759211301803589
3,109,8,2206,0.8746078610420227
3,109,9,1247,0.8745976090431213
3,109,10,421,0.8736437559127808
3,112,1,1724,0.9305618405342102
3,112,2,2536,0.9253599047660828
3,112,3,474,0.9219799041748047
3,112,4,1821,0.9203473925590515
3,112,5,453,0.9193224310874939
3,112,6,2313,0.9188974499702454
3,112,7,32,0.9180538654327393
3,112,8,1424,0.9169938564300537
3,112,9,1059,0.9159168004989624
3,112,10,1805,0.9154003262519836
3,113,1,32,0.9290928840637207
3,113,2,1059,0.9280709624290466
3,113,3,1872,0.9259042739868164
3,113,4,551,0.9254530668258667
3,113,5,1567,0.9241666197776794
3,113,6,474,0.9227200746536255
3,113,7,1724,0.9191603064537048
3,113,8,835,0.9191223382949829
3,113,9,993,0.9189238548278809
3,113,10,2536,0.917499303817749
3,114,1,2882,0.9165590405464172
3,114,2,1251,0.9152469635009766
3,114,3,2985,0.9109064936637878
3,114,4,1335,0.9092879891395569
3,114,5,2114,0.9076038002967834
3,114,6,3032,0.9073392152786255
3,114,7,739,0.9068543314933777
3,114,8,2933,0.905885636806488
3,114,9,1792,0.9041614532470703
3,114,10,1683,0.9038504958152771
3,115,1,698,0.9419466853141785
3,115,2,316,0.9355843663215637
3,115,3,3062,0.9274287819862366
3,115,4,2832,0.9179678559303284
3,115,5,2817,0.9034204483032227
3,115,6,1408,0.8982929587364197
3,115,7,2423,0.8950608968734741
3,115,8,2397,0.8950506448745728
3,115,9,80,0.8934204578399658
3,115,10,2488,0.8912673592567444
3,116,1,739,0.934874415397644
3,116,2,2933,0.9279182553291321
3,116,3,1946,0.9245026707649231
3,116,4,2114,0.9244811534881592
3,116,5,2985,0.9229201078414917
3,116,6,3032,0.9216225147247314
3,116,7,1335,0.9198580980300903
3,116,8,1683,0.9155145287513733
3,116,9,2882,0.9154064059257507
3,116,10,1858,0.9144008159637451
3,117,1,2882,0.9204422831535339
3,117,2,739,0.9193199276924133
3,117,3,1335,0.9172791242599487
3,117,4,2933,0.9171401262283325
3,117,5,2985,0.9169750213623047
3,117,6,2114,0.9163058996200562
3,117,7,3032,0.9146696925163269
3,117,8,1946,0.9142801761627197
3,117,9,1792,0.9131656885147095
3,117,10,1683,0.9121929407119751
3,118,1,1513,0.9285356402397156
3,118,2,158,0.9255484938621521
3,118,3,756,0.9197588562965393
3,118,4,174,0.9191661477088928
3,118,5,1091,0.9119534492492676
3,118,6,954,0.9119241237640381
3,118,7,2559,0.9095752239227295
3,118,8,235,0.9063548445701599
3,118,9,1340,0.9004935622215271
3,118,10,321,0.8932730555534363
3,119,1,2559,0.942424476146698
3,119,2,174,0.9371335506439209
3,119,3,1513,0.9331148862838745
3,119,4,1091,0.92693030834198
3,119,5,1176,0.9231998920440674
3,119,6,364,0.9154645800590515
3,119,7,158,0.9134085774421692
3,119,8,278,0.9092174172401428
3,119,9,2193,0.9074667692184448
3,119,10,1840,0.9060384035110474
3,120,1,2559,0.9368534684181213
3,120,2,174,0.9329535961151123
3,120,3,1513,0.9289052486419678
3,120,4,1091,0.9251902103424072
3,120,5,2344,0.9157522320747375
3,120,6,158,0.9074580669403076
3,120,7,278,0.9010636806488037
3,120,8,2193,0.8995597958564758
3,120,9,1840,0.893618106842041
3,120,10,1417,0.8933830857276917
3,121,1,1513,0.9311231374740601
3,121,2,2559,0.9301246404647827
3,121,3,174,0.9298400282859802
3,121,4,1091,0.9225224256515503
3,121,5,158,0.9139502048492432
3,121,6,706,0.9064245223999023
3,121,7,954,0.8994072079658508
3,121,8,278,0.8950091004371643
3,121,9,1840,0.8914796113967896
3,121,10,2144,0.8884248733520508
3,122,1,681,0.91177898645401
3,122,2,1087,0.9108737111091614
3,122,3,1535,0.9049695730209351
3,122,4,724,0.9045356512069702
3,122,5,257,0.9037426114082336
3,122,6,1487,0.9006863832473755
3,122,7,1882,0.8993423581123352
3,122,8,2876,0.8990342617034912
3,122,9,80,0.8986530900001526
3,122,10,2994,0.8965680003166199
3,123,1,1691,0.9395651817321777
3,123,2,731,0.9394808411598206
3,123,3,2356,0.9368686079978943
3,123,4,2933,0.9352419972419739
3,123,5,542,0.9325551390647888
3,123,6,739,0.9319934844970703
3,123,7,2237,0.929750919342041
3,123,8,40,0.9295477271080017
3,123,9,2901,0.9276894927024841
3,123,10,1946,0.9276026487350464
3,124,1,208,0.9432992339134216
3,124,2,402,0.9411613941192627
3,124,3,2258,0.9405425190925598
3,124,4,2533,0.9366806149482727
3,124,5,2291,0.9359024167060852
3,124,6,2738,0.9358422756195068
3,124,7,1235,0.9329134821891785
3,124,8,2285,0.9316112995147705
3,124,9,2848,0.9315013289451599
3,124,10,1620,0.9294353127479553
3,125,1,2848,0.9380902051925659
3,125,2,2285,0.935065507888794
3,125,3,1594,0.9349639415740967
3,125,4,402,0.9330220818519592
3,125,5,2933,0.9307718276977539
3,125,6,2258,0.9305931329727173
3,125,7,2291,0.930322527885437
3,125,8,1683,0.9291170239448547
3,125,9,1548,0.9287892580032349
3,125,10,1335,0.9284217953681946
3,127,1,2285,0.9376131296157837
3,127,2,2848,0.9373543858528137
3,127,3,402,0.9369406700134277
3,127,4,2291,0.9367501139640808
3,127,5,2258,0.9339081645011902
3,127,6,1594,0.9336901903152466
3,127,7,2621,0.9319260120391846
3,127,8,208,0.93178790807724
3,127,9,1335,0.9316880106925964
3,127,10,2933,0.927836000919342
3,129,1,1235,0.9314125776290894
3,129,2,500,0.9309718012809753
3,129,3,1525,0.9299206137657166
3,129,4,1620,0.925683856010437
3,129,5,2533,0.9248746037483215
3,129,6,2897,0.924010694026947
3,129,7,1251,0.9185203313827515
3,129,8,3015,0.9157463312149048
3,129,9,2291,0.9133683443069458
3,129,10,208,0.9122025966644287
3,131,1,298,0.9400080442428589
3,131,2,865,0.9390128254890442
3,131,3,1748,0.9370326399803162
3,131,4,2219,0.9220911264419556
3,131,5,2844,0.8989571332931519
3,131,6,2830,0.8989549875259399
3,131,7,1966,0.8971813917160034
3,131,8,3018,0.8927316665649414
3,131,9,459,0.8906649947166443
3,131,10,2235,0.887936532497406
3,132,1,2830,0.9184657335281372
3,132,2,206,0.9174816608428955
3,132,3,2910,0.9153307676315308
3,132,4,2136,0.9148349165916443
3,132,5,2235,0.9093964099884033
3,132,6,89,0.9036745429039001
3,132,7,1237,0.9030226469039917
3,132,8,1570,0.902875542640686
3,132,9,1307,0.9028298258781433
3,132,10,2736,0.8996706008911133
3,133,1,2830,0.9184657335281372
3,133,2,206,0.9174816608428955
3,133,3,2910,0.9153307676315308
3,133,4,2136,0.9148349165916443
3,133,5,2235,0.9093964099884033
3,133,6,89,0.9036745429039001
3,133,7,1237,0.9030226469039917
3,133,8,1570,0.902875542640686
3,133,9,1307,0.9028298258781433
3,133,10,2736,0.8996706008911133
3,134,1,2830,0.9184657335281372
3,134,2,206,0.9174816608428955
3,134,3,2910,0.9153307676315308
3,134,4,2136,0.9148349165916443
3,134,5,2235,0.9093964099884033
3,134,6,89,0.9036745429039001
3,134,7,1237,0.9030226469039917
3,134,8,1570,0.902875542640686
3,134,9,1307,0.9028298258781433
3,134,10,2736,0.8996706008911133
3,135,1,2830,0.9184657335281372
3,135,2,206,0.9174816608428955
3,135,3,2910,0.9153307676315308
3,135,4,2136,0.9148349165916443
3,135,5,2235,0.9093964099884033
3,135,6,89,0.9036745429039001
3,135,7,1237,0.9030226469039917
3,135,8,1570,0.902875542640686
3,135,9,1307,0.9028298258781433
3,135,10,2736,0.8996706008911133
3,136,1,2219,0.9260450005531311
3,136,2,3018,0.9253422021865845
3,136,3,1726,0.9158608317375183
3,136,4,1816,0.9140182733535767
3,136,5,1966,0.913223147392273
3,136,6,32,0.9115521311759949
3,136,7,2536,0.908521294593811
3,136,8,2868,0.9084396958351135
3,136,9,1250,0.907686173915863
3,136,10,1724,0.9073131680488586
3,137,1,2202,0.9353267550468445
3,137,2,1892,0.927344799041748
3,137,3,2067,0.9254462122917175
3,137,4,476,0.9254273772239685
3,137,5,2804,0.9234169125556946
3,137,6,1839,0.9200588464736938
3,137,7,835,0.9184913039207458
3,137,8,2560,0.9169562458992004
3,137,9,98,0.9163846969604492
3,137,10,993,0.9138158559799194
3,138,1,2804,0.9244793653488159
3,138,2,2202,0.9241008162498474
3,138,3,2560,0.9232738018035889
3,138,4,1982,0.921760082244873
3,138,5,953,0.9214099049568176
3,138,6,644,0.9200528860092163
3,138,7,1892,0.9196346402168274
3,138,8,2192,0.9191606044769287
3,138,9,383,0.9160264730453491
3,138,10,2288,0.9149249196052551
3,139,1,98,0.9274359941482544
3,139,2,2067,0.9211400151252747
3,139,3,476,0.909486711025238
3,139,4,905,0.8947261571884155
3,139,5,1582,0.8929541707038879
3,139,6,2447,0.8924660086631775
3,139,7,1892,0.8856925368309021
3,139,8,773,0.8853514790534973
3,139,9,575,0.8850184082984924
3,139,10,2202,0.8829032182693481
3,140,1,2067,0.9366841912269592
3,140,2,98,0.9318960905075073
3,140,3,476,0.9203713536262512
3,140,4,2202,0.9183719754219055
3,140,5,1892,0.9058472514152527
3,140,6,2447,0.9002553224563599
3,140,7,773,0.8880910277366638
3,140,8,835,0.8872799277305603
3,140,9,1507,0.8828467130661011
3,140,10,993,0.8810110688209534
3,141,1,575,0.9110355973243713
3,141,2,1277,0.9103599190711975
3,141,3,668,0.9098985195159912
3,141,4,2355,0.909289538860321
3,141,5,1582,0.909057080745697
3,141,6,905,0.907741129398346
3,141,7,2157,0.9074639678001404
3,141,8,1231,0.9061886072158813
3,141,9,2354,0.9055637717247009
3,141,10,2931,0.9053364396095276
3,142,1,1582,0.92521071434021
3,142,2,575,0.9246177077293396
3,142,3,905,0.9243612885475159
3,142,4,2355,0.9231075644493103
3,142,5,668,0.9229617714881897
3,142,6,1277,0.9221463799476624
3,142,7,2157,0.9207383990287781
3,142,8,1231,0.9197593331336975
3,142,9,2354,0.9193316698074341
3,142,10,2931,0.9190682768821716
3,143,1,476,0.9275859594345093
3,143,2,1839,0.9248844981193542
3,143,3,38,0.9194388389587402
3,143,4,1567,0.919045627117157
3,143,5,773,0.914732813835144
3,143,6,2780,0.9141583442687988
3,143,7,1892,0.9134224057197571
3,143,8,2288,0.9124253392219543
3,143,9,1872,0.9111526608467102
3,143,10,32,0.9089211225509644
3,144,1,1546,0.8898665904998779
3,144,2,2341,0.8852169513702393
3,144,3,1628,0.8851721286773682
3,144,4,1365,0.8847684264183044
3,144,5,1156,0.8798933625221252
3,144,6,1600,0.879035234451294
3,144,7,746,0.8749327659606934
3,144,8,271,0.874284565448761
3,144,9,1287,0.8710966110229492
3,144,10,1044,0.8705689907073975
3,145,1,1546,0.8770476579666138
3,145,2,2341,0.8704290986061096
3,145,3,129,0.8680282831192017
3,145,4,2367,0.8657962083816528
3,145,5,415,0.8625345826148987
3,145,6,1365,0.8587096929550171
3,145,7,215,0.8583916425704956
3,145,8,271,0.858366072177887
3,145,9,1287,0.8575871586799622
3,145,10,1645,0.8563002943992615
3,146,1,1267,0.8923344016075134
3,146,2,1044,0.8859822154045105
3,146,3,2087,0.884178102016449
3,146,4,1612,0.8835358619689941
3,146,5,2326,0.8827771544456482
3,146,6,692,0.8783652782440186
3,146,7,2162,0.8753141760826111
3,146,8,1802,0.8735877871513367
3,146,9,598,0.8664364218711853
3,146,10,1438,0.8659564852714539
3,147,1,1628,0.9004045724868774
3,147,2,1236,0.8964160680770874
3,147,3,1044,0.8942477107048035
3,147,4,2618,0.88838130235672
3,147,5,746,0.8876493573188782
3,147,6,556,0.8873046040534973
3,147,7,634,0.8851029276847839
3,147,8,1600,0.8830068707466125
3,147,9,1142,0.8790642619132996
3,147,10,1438,0.8781799077987671
3,148,1,2024,0.8469494581222534
3,148,2,750,0.8438475131988525
3,148,3,732,0.8312607407569885
3,148,4,2387,0.8310161232948303
3,148,5,880,0.8294768929481506
3,148,6,1751,0.826317310333252
3,148,7,1461,0.8242975473403931
3,148,8,2161,0.8238971829414368
3,148,9,1775,0.823186993598938
3,148,10,438,0.8225752115249634
3,150,1,925,0.8062315583229065
3,150,2,880,0.7950103878974915
3,150,3,2604,0.7944355010986328
3,150,4,39,0.7941727638244629
3,150,5,2024,0.7940452098846436
3,150,6,750,0.7935144305229187
3,150,7,2410,0.7928261756896973
3,150,8,769,0.7868921756744385
3,150,9,2358,0.7848782539367676
3,150,10,333,0.7841877937316895
3,151,1,2452,0.8118469715118408
3,151,2,2599,0.8053528666496277
3,151,3,2108,0.8045305013656616
3,151,4,2104,0.8044697046279907
3,151,5,2490,0.8011016249656677
3,151,6,2604,0.7941639423370361
3,151,7,2607,0.7932888865470886
3,151,8,2082,0.7932000756263733
3,151,9,2194,0.7907599210739136
3,151,10,2156,0.7907292246818542
3,153,1,2599,0.8109019994735718
3,153,2,2490,0.8105839490890503
3,153,3,2104,0.8099896907806396
3,153,4,2452,0.8073270320892334
3,153,5,2108,0.8054265379905701
3,153,6,2607,0.7979507446289062
3,153,7,2082,0.7975951433181763
3,153,8,2156,0.7956122756004333
3,153,9,2194,0.7955143451690674
3,153,10,2558,0.7949234843254089
3,154,1,2599,0.8070822954177856
3,154,2,2104,0.8061322569847107
3,154,3,2452,0.8015068173408508
3,154,4,2108,0.7976502180099487
3,154,5,2490,0.7971296310424805
3,154,6,2607,0.7869725823402405
3,154,7,2082,0.7868607044219971
3,154,8,2156,0.7851395606994629
3,154,9,2194,0.7850463390350342
3,154,10,2558,0.7829704880714417
3,155,1,333,0.8216733932495117
3,155,2,2452,0.8178007006645203
3,155,3,2604,0.8170916438102722
3,155,4,2599,0.815331220626831
3,155,5,2104,0.8145862221717834
3,155,6,11,0.812243640422821
3,155,7,2108,0.811103105545044
3,155,8,925,0.8109342455863953
3,155,9,1786,0.8100267648696899
3,155,10,3004,0.8091676831245422
3,156,1,333,0.8216733932495117
3,156,2,2452,0.8178007006645203
3,156,3,2604,0.8170916438102722
3,156,4,2599,0.815331220626831
3,156,5,2104,0.8145862221717834
3,156,6,11,0.812243640422821
3,156,7,2108,0.811103105545044
3,156,8,925,0.8109342455863953
3,156,9,1786,0.8100267648696899
3,156,10,3004,0.8091676831245422
3,157,1,333,0.8216733932495117
3,157,2,2452,0.8178007006645203
3,157,3,2604,0.8170916438102722
3,157,4,2599,0.815331220626831
3,157,5,2104,0.8145862221717834
3,157,6,11,0.812243640422821
3,157,7,2108,0.811103105545044
3,157,8,925,0.8109342455863953
3,157,9,1786,0.8100267648696899
3,157,10,3004,0.8091676831245422
3,159,1,1496,0.8849819302558899
3,159,2,2003,0.8829838037490845
3,159,3,93,0.8795375823974609
3,159,4,2925,0.8792005181312561
3,159,5,2387,0.8696417808532715
3,159,6,732,0.86954665184021
3,159,7,184,0.8693360090255737
3,159,8,2259,0.8664965629577637
3,159,9,767,0.8651062846183777
3,159,10,2368,0.8649021983146667
3,160,1,1586,0.9117925763130188
3,160,2,1518,0.9018502235412598
3,160,3,1038,0.9007671475410461
3,160,4,2167,0.8988555073738098
3,160,5,1395,0.8973378539085388
3,160,6,1047,0.8955284357070923
3,160,7,2678,0.8950824737548828
3,160,8,6,0.8949444890022278
3,160,9,1311,0.8914338946342468
3,160,10,1446,0.8902826905250549
3,161,1,1586,0.910565197467804
3,161,2,1038,0.9028826951980591
3,161,3,1518,0.8986749649047852
3,161,4,2167,0.8963358998298645
3,161,5,2170,0.8941531777381897
3,161,6,6,0.893729567527771
3,161,7,1395,0.8926486372947693
3,161,8,1454,0.8913540244102478
3,161,9,2740,0.8905960917472839
3,161,10,1442,0.8901912569999695
3,162,1,1724,0.9396402835845947
3,162,2,474,0.9385644793510437
3,162,3,2536,0.938539981842041
3,162,4,2370,0.9383540749549866
3,162,5,1891,0.9346235394477844
3,162,6,2895,0.9312476515769958
3,162,7,3018,0.9301671385765076
3,162,8,1940,0.929939329624176
3,162,9,1872,0.9286873936653137
3,162,10,453,0.9261351823806763
3,163,1,476,0.9249770641326904
3,163,2,1872,0.9247008562088013
3,163,3,1892,0.9209326505661011
3,163,4,38,0.9208462238311768
3,163,5,835,0.9197341799736023
3,163,6,993,0.9195801019668579
3,163,7,2288,0.9192840456962585
3,163,8,557,0.9183918237686157
3,163,9,2447,0.9179063439369202
3,163,10,1839,0.9167082905769348
3,164,1,3018,0.9259607791900635
3,164,2,1435,0.9188916087150574
3,164,3,2536,0.9184935688972473
3,164,4,2219,0.9097561836242676
3,164,5,1816,0.9084398150444031
3,164,6,474,0.9074861407279968
3,164,7,1891,0.9017425775527954
3,164,8,1197,0.9016278386116028
3,164,9,1940,0.8991335034370422
3,164,10,2447,0.8990159630775452
3,165,1,3018,0.9335438013076782
3,165,2,1435,0.918644368648529
3,165,3,2219,0.9175796508789062
3,165,4,2536,0.9143423438072205
3,165,5,2447,0.9096320867538452
3,165,6,1816,0.9091144800186157
3,165,7,2877,0.9077306389808655
3,165,8,474,0.907572329044342
3,165,9,1872,0.9062819480895996
3,165,10,1891,0.9002264142036438
3,166,1,1966,0.9260106682777405
3,166,2,530,0.9222207069396973
3,166,3,1754,0.9146620035171509
3,166,4,1712,0.9094836115837097
3,166,5,1352,0.9079954028129578
3,166,6,1237,0.9077444672584534
3,166,7,1429,0.9037963151931763
3,166,8,1435,0.9022120833396912
3,166,9,1100,0.8998383283615112
3,166,10,1295,0.8939388990402222
3,167,1,2476,0.9379035830497742
3,167,2,3057,0.9236127138137817
3,167,3,1251,0.907855212688446
3,167,4,1621,0.9050129055976868
3,167,5,155,0.9032632112503052
3,167,6,1525,0.9005715847015381
3,167,7,500,0.895054280757904
3,167,8,1235,0.893733561038971
3,167,9,2074,0.884678304195404
3,167,10,3015,0.8844728469848633
3,168,1,348,0.9355921149253845
3,168,2,193,0.9307131767272949
3,168,3,2897,0.9295809268951416
3,168,4,500,0.9147354960441589
3,168,5,257,0.9128367304801941
3,168,6,2937,0.9118496179580688
3,168,7,1525,0.9094125628471375
3,168,8,980,0.9090417623519897
3,168,9,1620,0.9090253114700317
3,168,10,3015,0.9072915315628052
3,169,1,193,0.9247883558273315
3,169,2,348,0.9214807152748108
3,169,3,2937,0.9133554697036743
3,169,4,2897,0.9132001399993896
3,169,5,1429,0.9122220873832703
3,169,6,1785,0.9048510789871216
3,169,7,500,0.9042178392410278
3,169,8,530,0.9034724831581116
3,169,9,1754,0.9024668335914612
3,169,10,1525,0.9008665084838867
3,170,1,348,0.9266006350517273
3,170,2,2476,0.9228057861328125
3,170,3,2897,0.9206078052520752
3,170,4,1302,0.9185018539428711
3,170,5,1202,0.9183264374732971
3,170,6,500,0.9139442443847656
3,170,7,1525,0.9124884605407715
3,170,8,3015,0.9071305394172668
3,170,9,193,0.9062710404396057
3,170,10,2937,0.9020039439201355
3,171,1,2804,0.9205715656280518
3,171,2,2678,0.9162040948867798
3,171,3,1395,0.9156808257102966
3,171,4,2560,0.9130187034606934
3,171,5,1569,0.9119976758956909
3,171,6,2755,0.9101765751838684
3,171,7,953,0.9093248844146729
3,171,8,2192,0.909114420413971
3,171,9,1495,0.9089347124099731
3,171,10,2896,0.9087012410163879
3,172,1,2202,0.93311607837677
3,172,2,2804,0.9288570880889893
3,172,3,557,0.9207122325897217
3,172,4,2067,0.9199446439743042
3,172,5,1982,0.9154788851737976
3,172,6,1892,0.9110319018363953
3,172,7,1223,0.9109012484550476
3,172,8,1507,0.9103124141693115
3,172,9,98,0.9060953259468079
3,172,10,476,0.9036341309547424
3,174,1,2922,0.9116743206977844
3,174,2,2755,0.9085557460784912
3,174,3,1725,0.9082975387573242
3,174,4,1495,0.9082279205322266
3,174,5,2372,0.9071696400642395
3,174,6,484,0.906787097454071
3,174,7,2353,0.906093180179596
3,174,8,1341,0.9057674407958984
3,174,9,2303,0.905293881893158
3,174,10,1554,0.9048426747322083
3,175,1,1872,0.94757479429245
3,175,2,835,0.9452864527702332
3,175,3,2288,0.945274293422699
3,175,4,38,0.9448234438896179
3,175,5,476,0.9441694021224976
3,175,6,993,0.943332314491272
3,175,7,1892,0.9409115314483643
3,175,8,2447,0.9402452111244202
3,175,9,1567,0.9400866031646729
3,175,10,557,0.9400532841682434
3,176,1,2804,0.9333376884460449
3,176,2,1725,0.9293443560600281
3,176,3,383,0.9277710914611816
3,176,4,2922,0.9275460839271545
3,176,5,2390,0.9248740077018738
3,176,6,123,0.9231868386268616
3,176,7,2560,0.9227638840675354
3,176,8,1507,0.9220061302185059
3,176,9,953,0.9186192154884338
3,176,10,1223,0.9179514050483704
3,177,1,1872,0.938258945941925
3,177,2,835,0.9369505047798157
3,177,3,993,0.9350152015686035
3,177,4,2288,0.934455394744873
3,177,5,551,0.9332977533340454
3,177,6,1507,0.9315314292907715
3,177,7,557,0.9311184287071228
3,177,8,38,0.9307449460029602
3,177,9,1059,0.9292036294937134
3,177,10,476,0.9279662370681763
3,178,1,2922,0.9158595204353333
3,178,2,1395,0.9149165153503418
3,178,3,1725,0.9120645523071289
3,178,4,2678,0.9113194346427917
3,178,5,1104,0.9103785157203674
3,178,6,2390,0.9096611142158508
3,178,7,2303,0.908867359161377
3,178,8,464,0.9084928035736084
3,178,9,1554,0.9066122174263
3,178,10,383,0.9061947464942932
3,179,1,2367,0.8448827862739563
3,179,2,1546,0.8445518612861633
3,179,3,415,0.8391035795211792
3,179,4,215,0.8389632701873779
3,179,5,2396,0.8313050866127014
3,179,6,598,0.8303714990615845
3,179,7,2341,0.8302489519119263
3,179,8,1151,0.8287087678909302
3,179,9,271,0.8252192735671997
3,179,10,1365,0.8244242072105408
3,180,1,3047,0.8578278422355652
3,180,2,2341,0.8558050990104675
3,180,3,1546,0.8549949526786804
3,180,4,1194,0.8513073325157166
3,180,5,1365,0.846114993095398
3,180,6,271,0.8453161716461182
3,180,7,2367,0.8402419090270996
3,180,8,1600,0.8358716368675232
3,180,9,559,0.8342862129211426
3,180,10,645,0.8322036862373352
3,181,1,129,0.8750625252723694
3,181,2,2448,0.8682013750076294
3,181,3,559,0.8627748489379883
3,181,4,94,0.8552394509315491
3,181,5,1273,0.8465157151222229
3,181,6,611,0.8401579260826111
3,181,7,3047,0.8392499685287476
3,181,8,2366,0.837253987789154
3,181,9,2341,0.8368946313858032
3,181,10,1013,0.8338760733604431
3,182,1,94,0.8681367635726929
3,182,2,498,0.8432082533836365
3,182,3,2448,0.8393736481666565
3,182,4,2366,0.8377814888954163
3,182,5,559,0.8372048735618591
3,182,6,1538,0.8344854116439819
3,182,7,611,0.8339453935623169
3,182,8,2045,0.8194153904914856
3,182,9,2482,0.8169388175010681
3,182,10,1273,0.8097543120384216
3,183,1,1525,0.9290352463722229
3,183,2,2476,0.9283885955810547
3,183,3,1251,0.9218544960021973
3,183,4,3057,0.9192653298377991
3,183,5,2533,0.9137822389602661
3,183,6,1202,0.9048869609832764
3,183,7,1302,0.9048144221305847
3,183,8,1621,0.9037247896194458
3,183,9,2937,0.8997427821159363
3,183,10,2030,0.8980709910392761
3,184,1,1235,0.9300029277801514
3,184,2,2476,0.92876136302948
3,184,3,1202,0.9192530512809753
3,184,4,1302,0.9191884398460388
3,184,5,1251,0.9189938306808472
3,184,6,2937,0.9138047695159912
3,184,7,2533,0.9134504199028015
3,184,8,3057,0.9118052124977112
3,184,9,1621,0.9116116166114807
3,184,10,2030,0.9096225500106812
3,185,1,2897,0.9378345608711243
3,185,2,1202,0.9279770851135254
3,185,3,1302,0.927841305732727
3,185,4,3015,0.925510823726654
3,185,5,2937,0.9234158396720886
3,185,6,2030,0.9227318167686462
3,185,7,2476,0.918254554271698
3,185,8,354,0.9172358512878418
3,185,9,257,0.9135241508483887
3,185,10,1100,0.9129362106323242
3,186,1,80,0.9432498812675476
3,186,2,1535,0.930851936340332
3,186,3,275,0.927894651889801
3,186,4,316,0.923527181148529
3,186,5,724,0.9227940440177917
3,186,6,2876,0.9213945865631104
3,186,7,1487,0.9212839007377625
3,186,8,1970,0.920870304107666
3,186,9,103,0.9139365553855896
3,186,10,1087,0.9112603068351746
3,187,1,1513,0.9419448971748352
3,187,2,158,0.9367953538894653
3,187,3,174,0.9310076236724854
3,187,4,756,0.9294889569282532
3,187,5,1091,0.9287461042404175
3,187,6,235,0.9280080199241638
3,187,7,1176,0.9278432130813599
3,187,8,1340,0.9232016801834106
3,187,9,954,0.9224259257316589
3,187,10,2323,0.9175793528556824
3,188,1,1550,0.9350309371948242
3,188,2,1979,0.9277098178863525
3,188,3,1078,0.9208977222442627
3,188,4,1340,0.9190259575843811
3,188,5,1984,0.9187642335891724
3,188,6,1091,0.9108005166053772
3,188,7,1513,0.9105958342552185
3,188,8,2323,0.9096680879592896
3,188,9,235,0.9088994264602661
3,188,10,2552,0.9081403017044067
3,189,1,1513,0.9449326992034912
3,189,2,1091,0.94188392162323
3,189,3,174,0.9392836093902588
3,189,4,756,0.9292285442352295
3,189,5,158,0.9275933504104614
3,189,6,2559,0.9263314008712769
3,189,7,1340,0.9236376285552979
3,189,8,235,0.9202913641929626
3,189,9,1176,0.9200537204742432
3,189,10,954,0.9152756929397583
3,190,1,1513,0.937809944152832
3,190,2,158,0.9288194179534912
3,190,3,1091,0.9287416338920593
3,190,4,174,0.9274520874023438
3,190,5,235,0.9250997304916382
3,190,6,1340,0.9245467782020569
3,190,7,756,0.9241201281547546
3,190,8,1979,0.9192622303962708
3,190,9,1176,0.917349636554718
3,190,10,2323,0.9153615832328796
3,191,1,1339,0.9348039627075195
3,191,2,3016,0.9345611929893494
3,191,3,2502,0.9339525103569031
3,191,4,1979,0.9325575232505798
3,191,5,2552,0.9325538277626038
3,191,6,1763,0.9312556385993958
3,191,7,1550,0.9298585057258606
3,191,8,1691,0.9295613765716553
3,191,9,2237,0.9293185472488403
3,191,10,2323,0.9265658855438232
3,192,1,1979,0.9368276596069336
3,192,2,2502,0.9365016222000122
3,192,3,2323,0.9359638690948486
3,192,4,2237,0.9353715777397156
3,192,5,3016,0.9353527426719666
3,192,6,731,0.9346675276756287
3,192,7,1255,0.9311866164207458
3,192,8,1691,0.9303892254829407
3,192,9,1078,0.9247314929962158
3,192,10,1550,0.9235090017318726
3,194,1,542,0.9408568143844604
3,194,2,731,0.9385802745819092
3,194,3,2237,0.9371529817581177
3,194,4,1255,0.936516284942627
3,194,5,2323,0.9356558322906494
3,194,6,2502,0.934311032295227
3,194,7,1979,0.9338682889938354
3,194,8,1691,0.9334190487861633
3,194,9,3016,0.9331213235855103
3,194,10,1078,0.9262487292289734
3,195,1,1586,0.928867757320404
3,195,2,1395,0.9200659990310669
3,195,3,2678,0.9150164723396301
3,195,4,1038,0.914665162563324
3,195,5,1311,0.9107141494750977
3,195,6,1047,0.9054648280143738
3,195,7,1223,0.9054034948348999
3,195,8,2474,0.9032890796661377
3,195,9,1518,0.902692437171936
3,195,10,2167,0.9000858664512634
3,196,1,1395,0.9088431596755981
3,196,2,2238,0.9075920581817627
3,196,3,1586,0.907017171382904
3,196,4,1047,0.9038569331169128
3,196,5,2668,0.9036126136779785
3,196,6,464,0.9023820161819458
3,196,7,2678,0.9014918804168701
3,196,8,1104,0.9011766314506531
3,196,9,2951,0.8995479345321655
3,196,10,2922,0.8992118835449219
3,197,1,1518,0.8983585834503174
3,197,2,6,0.8970751762390137
3,197,3,2167,0.8948602080345154
3,197,4,2238,0.8914299011230469
3,197,5,1586,0.8908441662788391
3,197,6,1500,0.8891770839691162
3,197,7,1454,0.8878786563873291
3,197,8,692,0.887313723564148
3,197,9,1047,0.8853645324707031
3,197,10,1038,0.8795173764228821
3,198,1,1586,0.9185671210289001
3,198,2,1038,0.9132350087165833
3,198,3,1518,0.9070988297462463
3,198,4,2170,0.9064780473709106
3,198,5,2167,0.9047393202781677
3,198,6,6,0.9037408828735352
3,198,7,1454,0.9024917483329773
3,198,8,1395,0.8964114785194397
3,198,9,295,0.8957453370094299
3,198,10,2658,0.8956214189529419
3,199,1,1496,0.898826003074646
3,199,2,2170,0.8908864855766296
3,199,3,1391,0.8882671594619751
3,199,4,1586,0.8878653049468994
3,199,5,1038,0.8856769800186157
3,199,6,2925,0.8856227993965149
3,199,7,1454,0.8855041861534119
3,199,8,2658,0.8845945000648499
3,199,9,295,0.8842499852180481
3,199,10,184,0.8823301792144775
3,201,1,1496,0.8798649907112122
3,201,2,2003,0.8778387308120728
3,201,3,93,0.8717908263206482
3,201,4,2925,0.8697616457939148
3,201,5,1391,0.8647961616516113
3,201,6,2387,0.8597525358200073
3,201,7,732,0.8595309257507324
3,201,8,184,0.8593839406967163
3,201,9,1588,0.8581863045692444
3,201,10,2368,0.8542572855949402
3,202,1,1586,0.8836889266967773
3,202,2,1038,0.881948709487915
3,202,3,1454,0.8817571401596069
3,202,4,1817,0.8797118067741394
3,202,5,2167,0.8795590400695801
3,202,6,1496,0.8783706426620483
3,202,7,1518,0.8764485716819763
3,202,8,6,0.8758118748664856
3,202,9,2925,0.875236988067627
3,202,10,1028,0.8738421201705933
3,203,1,1496,0.8876791596412659
3,203,2,1391,0.8787233829498291
3,203,3,2925,0.8745709657669067
3,203,4,2003,0.8716472387313843
3,203,5,184,0.870636522769928
3,203,6,1028,0.8685221672058105
3,203,7,1586,0.8681976199150085
3,203,8,93,0.8678497076034546
3,203,9,696,0.8671838641166687
3,203,10,1454,0.8665395975112915
3,204,1,1540,0.795547366142273
3,204,2,1766,0.7899388074874878
3,204,3,646,0.7861992716789246
3,204,4,2280,0.7860279679298401
3,204,5,2407,0.7844631671905518
3,204,6,1466,0.7823537588119507
3,204,7,2403,0.7819811105728149
3,204,8,553,0.7776867151260376
3,204,9,387,0.7754880785942078
3,204,10,719,0.7702078223228455
3,205,1,1400,0.9605230689048767
3,205,2,2580,0.9603977799415588
3,205,3,121,0.95917147397995
3,205,4,286,0.957328736782074
3,205,5,1516,0.9562438130378723
3,205,6,2197,0.9526157379150391
3,205,7,2578,0.9486492872238159
3,205,8,718,0.9359569549560547
3,205,9,747,0.9357720613479614
3,205,10,1053,0.9326614141464233
3,206,1,1516,0.9492563009262085
3,206,2,2197,0.946403980255127
3,206,3,122,0.9388371109962463
3,206,4,2578,0.9362375140190125
3,206,5,121,0.9352073073387146
3,206,6,2580,0.9352049231529236
3,206,7,795,0.9316107630729675
3,206,8,308,0.9276874661445618
3,206,9,1400,0.925960898399353
3,206,10,286,0.9116232395172119
3,207,1,1400,0.9493362307548523
3,207,2,286,0.9481624364852905
3,207,3,2580,0.94691002368927
3,207,4,121,0.944828987121582
3,207,5,1208,0.9401391744613647
3,207,6,1516,0.9400127530097961
3,207,7,2197,0.9380042552947998
3,207,8,2578,0.9345867037773132
3,207,9,1190,0.9326730966567993
3,207,10,1053,0.9269959926605225
3,208,1,495,0.9528167247772217
3,208,2,185,0.9525796175003052
3,208,3,1278,0.9484516978263855
3,208,4,795,0.9476460218429565
3,208,5,1161,0.943623960018158
3,208,6,122,0.9429444670677185
3,208,7,439,0.9410470128059387
3,208,8,2898,0.9359745383262634
3,208,9,541,0.931321382522583
3,208,10,2197,0.9295158386230469
3,209,1,81,0.937717080116272
3,209,2,1412,0.925511360168457
3,209,3,289,0.9227524995803833
3,209,4,1866,0.9165023565292358
3,209,5,2802,0.91628098487854
3,209,6,1992,0.913981556892395
3,209,7,971,0.9122171998023987
3,209,8,2290,0.9117645025253296
3,209,9,1809,0.9107338190078735
3,209,10,1163,0.9068753719329834
3,211,1,81,0.9416642189025879
3,211,2,1866,0.9373767971992493
3,211,3,2513,0.932405412197113
3,211,4,1809,0.9302643537521362
3,211,5,1547,0.9278730154037476
3,211,6,1412,0.9276517033576965
3,211,7,1985,0.9257941842079163
3,211,8,2290,0.9200817942619324
3,211,9,974,0.9165675640106201
3,211,10,1252,0.9145166873931885
3,212,1,3084,0.9673819541931152
3,212,2,1173,0.9669899344444275
3,212,3,1260,0.9661579728126526
3,212,4,1016,0.957084059715271
3,212,5,2899,0.9566947817802429
3,212,6,1920,0.9559051990509033
3,212,7,536,0.9556102156639099
3,212,8,2978,0.9546071887016296
3,212,9,444,0.9538878202438354
3,212,10,1962,0.9521019458770752
3,214,1,2757,0.9371032118797302
3,214,2,289,0.9130814075469971
3,214,3,2802,0.8992512822151184
3,214,4,81,0.8944475054740906
3,214,5,1015,0.8922402858734131
3,214,6,2975,0.891037106513977
3,214,7,664,0.8819740414619446
3,214,8,2093,0.8767595291137695
3,214,9,2513,0.8751029968261719
3,214,10,2042,0.8736622333526611
3,216,1,289,0.9338731169700623
3,216,2,906,0.9324528574943542
3,216,3,1015,0.9230875372886658
3,216,4,2975,0.918770968914032
3,216,5,664,0.9148211479187012
3,216,6,2042,0.9078746438026428
3,216,7,81,0.8960297107696533
3,216,8,2093,0.895517110824585
3,216,9,1376,0.8898677825927734
3,216,10,2769,0.8816042542457581
3,217,1,1173,0.9681445360183716
3,217,2,3084,0.9679863452911377
3,217,3,1260,0.9677256345748901
3,217,4,2978,0.9635134339332581
3,217,5,536,0.9577052593231201
3,217,6,1962,0.9553368091583252
3,217,7,1016,0.9547016620635986
3,217,8,444,0.9528728127479553
3,217,9,554,0.9498938918113708
3,217,10,1354,0.9488150477409363
3,218,1,2343,0.9615183472633362
3,218,2,1173,0.9612136483192444
3,218,3,444,0.9609528183937073
3,218,4,2978,0.9577150344848633
3,218,5,1016,0.9564272165298462
3,218,6,3084,0.9559628963470459
3,218,7,1260,0.9542433023452759
3,218,8,540,0.9515133500099182
3,218,9,1153,0.9417359828948975
3,218,10,1739,0.9316017031669617
3,219,1,1113,0.9456682801246643
3,219,2,1399,0.9424867630004883
3,219,3,540,0.941053032875061
3,219,4,1597,0.9408241510391235
3,219,5,1072,0.9393882155418396
3,219,6,1592,0.9393609166145325
3,219,7,1491,0.9380680322647095
3,219,8,860,0.9296668171882629
3,219,9,510,0.9295027852058411
3,219,10,1336,0.9268407821655273
3,221,1,1528,0.9631937146186829
3,221,2,2554,0.9540759921073914
3,221,3,1501,0.9532089829444885
3,221,4,2616,0.9481138586997986
3,221,5,2090,0.9441514611244202
3,221,6,285,0.943817138671875
3,221,7,727,0.9366825222969055
3,221,8,555,0.9347726106643677
3,221,9,2967,0.9346150755882263
3,221,10,2140,0.9334051609039307
3,222,1,1528,0.9648250341415405
3,222,2,2554,0.9622500538825989
3,222,3,1501,0.9612902402877808
3,222,4,2090,0.9561887979507446
3,222,5,285,0.9554135203361511
3,222,6,2616,0.9487673044204712
3,222,7,555,0.9487526416778564
3,222,8,314,0.9463629126548767
3,222,9,2967,0.9432883858680725
3,222,10,727,0.9403099417686462
3,223,1,1501,0.9480655789375305
3,223,2,759,0.9463465809822083
3,223,3,1685,0.9462523460388184
3,223,4,2090,0.9457912445068359
3,223,5,1528,0.9407934546470642
3,223,6,2554,0.9288045763969421
3,223,7,1837,0.9284923076629639
3,223,8,1577,0.9274777173995972
3,223,9,285,0.9190980792045593
3,223,10,608,0.9145281910896301
3,224,1,608,0.9570562839508057
3,224,2,1277,0.9435426592826843
3,224,3,575,0.9385339617729187
3,224,4,668,0.9366666078567505
3,224,5,2157,0.9360077381134033
3,224,6,2355,0.9359223246574402
3,224,7,1231,0.9348393678665161
3,224,8,2931,0.9343673586845398
3,224,9,2354,0.9343588948249817
3,224,10,192,0.9342511296272278
3,225,1,533,0.9358624219894409
3,225,2,2431,0.9292230010032654
3,225,3,2185,0.9265857934951782
3,225,4,108,0.9154133796691895
3,225,5,555,0.9149671792984009
3,225,6,96,0.9138771891593933
3,225,7,2952,0.9137442708015442
3,225,8,314,0.9136170744895935
3,225,9,2929,0.9065460562705994
3,225,10,1577,0.9048880338668823
3,226,1,555,0.9566550850868225
3,226,2,314,0.9540835618972778
3,226,3,2967,0.952349841594696
3,226,4,2431,0.9497952461242676
3,226,5,1344,0.9495936632156372
3,226,6,533,0.9494748711585999
3,226,7,375,0.9477282762527466
3,226,8,727,0.941807210445404
3,226,9,1336,0.9404325485229492
3,226,10,2952,0.9402309060096741
3,227,1,1577,0.9465224742889404
3,227,2,1837,0.9436020851135254
3,227,3,2622,0.9386844038963318
3,227,4,555,0.9294739365577698
3,227,5,314,0.9280979037284851
3,227,6,533,0.9221245646476746
3,227,7,285,0.9215779304504395
3,227,8,597,0.9212655425071716
3,227,9,613,0.9204880595207214
3,227,10,666,0.9196537733078003
3,229,1,514,0.919283390045166
3,229,2,1465,0.9142321944236755
3,229,3,483,0.9134374260902405
3,229,4,416,0.9106351137161255
3,229,5,1632,0.9070867300033569
3,229,6,2389,0.9041730761528015
3,229,7,1111,0.9017623662948608
3,229,8,2916,0.9015825986862183
3,229,9,1346,0.9005869030952454
3,229,10,532,0.8983992338180542
3,230,1,572,0.9620954394340515
3,230,2,1659,0.9601113200187683
3,230,3,189,0.9526863098144531
3,230,4,1945,0.9524463415145874
3,230,5,1111,0.9510312080383301
3,230,6,2622,0.9485910534858704
3,230,7,1465,0.9453238248825073
3,230,8,198,0.943120539188385
3,230,9,1484,0.9401000738143921
3,230,10,2916,0.9397849440574646
3,231,1,1465,0.9578768610954285
3,231,2,514,0.9508260488510132
3,231,3,1111,0.9506508111953735
3,231,4,416,0.9504967927932739
3,231,5,2916,0.9497456550598145
3,231,6,2389,0.9449024200439453
3,231,7,1632,0.9439771175384521
3,231,8,483,0.9418455362319946
3,231,9,1346,0.9368979930877686
3,231,10,1945,0.9332680106163025
3,232,1,514,0.9639386534690857
3,232,2,483,0.9630676507949829
3,232,3,1346,0.9589885473251343
3,232,4,1632,0.9588176012039185
3,232,5,1465,0.9573209881782532
3,232,6,2389,0.9564696550369263
3,232,7,416,0.9555685520172119
3,232,8,2916,0.9523827433586121
3,232,9,532,0.9497806429862976
3,232,10,1160,0.9496147632598877
3,233,1,2092,0.9422458410263062
3,233,2,1160,0.9396238327026367
3,233,3,2345,0.937206506729126
3,233,4,532,0.9354020953178406
3,233,5,483,0.9341325163841248
3,233,6,1346,0.9311685562133789
3,233,7,2118,0.9310985803604126
3,233,8,1654,0.9283598065376282
3,233,9,2209,0.9251992702484131
3,233,10,514,0.917425274848938
3,234,1,1320,0.9611713290214539
3,234,2,2165,0.9586120247840881
3,234,3,514,0.9570149779319763
3,234,4,2916,0.9551806449890137
3,234,5,509,0.9525769352912903
3,234,6,1632,0.9504671692848206
3,234,7,483,0.9484143853187561
3,234,8,30,0.9482340216636658
3,234,9,1346,0.9457145929336548
3,234,10,532,0.9353894591331482
3,235,1,1320,0.9633230566978455
3,235,2,1465,0.9620832204818726
3,235,3,416,0.9556829333305359
3,235,4,1580,0.9522404074668884
3,235,5,514,0.9505000710487366
3,235,6,2165,0.9500022530555725
3,235,7,1945,0.9456402063369751
3,235,8,483,0.9401933550834656
3,235,9,1346,0.9345231652259827
3,235,10,30,0.9341788291931152
3,236,1,1794,0.9492267370223999
3,236,2,2345,0.9169781804084778
3,236,3,30,0.9167705178260803
3,236,4,2118,0.914190948009491
3,236,5,1009,0.9127391576766968
3,236,6,1654,0.9097607135772705
3,236,7,2576,0.9055023789405823
3,236,8,1787,0.9039549231529236
3,236,9,2165,0.9004599452018738
3,236,10,2293,0.8996170163154602
3,237,1,30,0.9455779790878296
3,237,2,2165,0.9404053092002869
3,237,3,2345,0.9265149235725403
3,237,4,1632,0.9225536584854126
3,237,5,1320,0.9189034700393677
3,237,6,2916,0.9139660596847534
3,237,7,132,0.9127951264381409
3,237,8,1794,0.9120122790336609
3,237,9,2118,0.9116920828819275
3,237,10,1870,0.9055832028388977
3,238,1,30,0.9359627366065979
3,238,2,2165,0.9274119734764099
3,238,3,1794,0.9232137203216553
3,238,4,2345,0.9228574633598328
3,238,5,2118,0.9114853739738464
3,238,6,1654,0.9020127058029175
3,238,7,132,0.9009374976158142
3,238,8,1320,0.8989278078079224
3,238,9,1870,0.896892249584198
3,238,10,2664,0.8949998021125793
3,239,1,1465,0.9631361961364746
3,239,2,1320,0.9605792164802551
3,239,3,2165,0.9601870179176331
3,239,4,514,0.9599175453186035
3,239,5,416,0.9575996398925781
3,239,6,1111,0.953838586807251
3,239,7,2389,0.9517240524291992
3,239,8,30,0.951668918132782
3,239,9,509,0.9502341151237488
3,239,10,1580,0.9458868503570557
3,240,1,2270,0.9589797258377075
3,240,2,1121,0.9540204405784607
3,240,3,2576,0.9513315558433533
3,240,4,1232,0.9503438472747803
3,240,5,1328,0.944366455078125
3,240,6,1893,0.941871702671051
3,240,7,2293,0.9329171776771545
3,240,8,1615,0.932574987411499
3,240,9,627,0.9308061003684998
3,240,10,656,0.9304972887039185
3,241,1,2270,0.9609896540641785
3,241,2,1121,0.9579504132270813
3,241,3,447,0.9514371156692505
3,241,4,1328,0.944795548915863
3,241,5,1413,0.9413962364196777
3,241,6,793,0.9348141551017761
3,241,7,627,0.9293621778488159
3,241,8,656,0.9289570450782776
3,241,9,2643,0.9233614206314087
3,241,10,508,0.9220853447914124
3,242,1,2270,0.9603365063667297
3,242,2,1121,0.9555774927139282
3,242,3,447,0.9504821300506592
3,242,4,1328,0.9460121393203735
3,242,5,1413,0.9418395161628723
3,242,6,1936,0.9360920786857605
3,242,7,627,0.9314407110214233
3,242,8,656,0.9310295581817627
3,242,9,508,0.926191508769989
3,242,10,2643,0.9182756543159485
3,243,1,2270,0.9624453783035278
3,243,2,1121,0.9594821333885193
3,243,3,1067,0.9577760100364685
3,243,4,1328,0.9471442699432373
3,243,5,1413,0.9439755082130432
3,243,6,793,0.9369382262229919
3,243,7,627,0.932529628276825
3,243,8,656,0.9321589469909668
3,243,9,2643,0.9295191168785095
3,243,10,508,0.9239954352378845
3,244,1,508,0.9696617126464844
3,244,2,2488,0.9671000242233276
3,244,3,97,0.9653992056846619
3,244,4,493,0.9651870131492615
3,244,5,2785,0.9632171988487244
3,244,6,2423,0.9625495672225952
3,244,7,774,0.9621654152870178
3,244,8,2188,0.9617425203323364
3,244,9,1878,0.9615002870559692
3,244,10,2397,0.9610776305198669
3,245,1,1063,0.9713589549064636
3,245,2,2048,0.9710812568664551
3,245,3,1698,0.9709593653678894
3,245,4,2019,0.9706679582595825
3,245,5,1981,0.9701430201530457
3,245,6,2906,0.9685546159744263
3,245,7,3017,0.968264639377594
3,245,8,2160,0.9671412706375122
3,245,9,2256,0.9670265913009644
3,245,10,229,0.9669262170791626
3,246,1,1067,0.9550734758377075
3,246,2,447,0.951464056968689
3,246,3,627,0.9511812925338745
3,246,4,656,0.9508154392242432
3,246,5,1413,0.9480409622192383
3,246,6,793,0.9378510117530823
3,246,7,1893,0.9354583621025085
3,246,8,1936,0.931221067905426
3,246,9,2488,0.931217610836029
3,246,10,2397,0.9308217167854309
3,247,1,539,0.9692481160163879
3,247,2,493,0.9626758694648743
3,247,3,521,0.9601525664329529
3,247,4,3017,0.9595398902893066
3,247,5,2906,0.957050085067749
3,247,6,2785,0.9540794491767883
3,247,7,1981,0.9523864388465881
3,247,8,2048,0.9513642191886902
3,247,9,1878,0.9503514170646667
3,247,10,774,0.9494848847389221
3,248,1,539,0.9628345370292664
3,248,2,3017,0.9615644812583923
3,248,3,2906,0.9571375846862793
3,248,4,2048,0.95343017578125
3,248,5,1981,0.9530117511749268
3,248,6,521,0.9484404921531677
3,248,7,493,0.9478614926338196
3,248,8,1448,0.9464617371559143
3,248,9,1698,0.9462007284164429
3,248,10,2019,0.9455222487449646
3,249,1,493,0.965293288230896
3,249,2,2785,0.9613842368125916
3,249,3,2488,0.9587962627410889
3,249,4,1878,0.9579533338546753
3,249,5,2188,0.9565629363059998
3,249,6,774,0.9547457098960876
3,249,7,521,0.9534381031990051
3,249,8,539,0.953360915184021
3,249,9,2423,0.9516809582710266
3,249,10,2397,0.9495580792427063
3,250,1,653,0.9602436423301697
3,250,2,2961,0.9524015784263611
3,250,3,998,0.9445644617080688
3,250,4,306,0.9387412071228027
3,250,5,2324,0.9338985681533813
3,250,6,183,0.9330713152885437
3,250,7,1531,0.9326725006103516
3,250,8,504,0.9287351965904236
3,250,9,2432,0.9247968196868896
3,250,10,1829,0.9148254990577698
3,251,1,31,0.9618029594421387
3,251,2,306,0.942456066608429
3,251,3,1531,0.939603328704834
3,251,4,283,0.9344491958618164
3,251,5,2432,0.9317978620529175
3,251,6,1829,0.9212939143180847
3,251,7,707,0.9160104393959045
3,251,8,1248,0.9155322909355164
3,251,9,2256,0.9150020480155945
3,251,10,950,0.907874345779419
3,252,1,306,0.9254733324050903
3,252,2,504,0.9138147234916687
3,252,3,2961,0.9119986891746521
3,252,4,1767,0.8943235874176025
3,252,5,1015,0.8920339941978455
3,252,6,1531,0.868359386920929
3,252,7,2432,0.8490238785743713
3,252,8,2975,0.8488568663597107
3,252,9,294,0.8462671637535095
3,252,10,1310,0.8450139164924622
3,253,1,1376,0.9414204359054565
3,253,2,306,0.9332221150398254
3,253,3,998,0.9293695092201233
3,253,4,1015,0.8850588798522949
3,253,5,1767,0.8831867575645447
3,253,6,1531,0.880152702331543
3,253,7,2432,0.8620543479919434
3,253,8,283,0.8568748831748962
3,253,9,294,0.8558006286621094
3,253,10,1310,0.8549785017967224
3,254,1,183,0.9550836086273193
3,254,2,306,0.9490476250648499
3,254,3,1531,0.9260914921760559
3,254,4,2432,0.9140872955322266
3,254,5,283,0.9095256328582764
3,254,6,1310,0.9037521481513977
3,254,7,1829,0.9000170826911926
3,254,8,294,0.8961789608001709
3,254,9,707,0.8955803513526917
3,254,10,1248,0.8934113383293152
3,255,1,31,0.9535135626792908
3,255,2,2324,0.9535110592842102
3,255,3,2801,0.9365336298942566
3,255,4,653,0.9312424063682556
3,255,5,563,0.9305608868598938
3,255,6,1767,0.9247701168060303
3,255,7,306,0.9182087182998657
3,255,8,2297,0.9089233875274658
3,255,9,2961,0.8949418067932129
3,255,10,2975,0.8861402273178101
3,256,1,31,0.9513648152351379
3,256,2,1767,0.9337083697319031
3,256,3,2801,0.9334689974784851
3,256,4,653,0.9295341968536377
3,256,5,563,0.9287731647491455
3,256,6,306,0.9194256663322449
3,256,7,504,0.9150804281234741
3,256,8,2297,0.9073731899261475
3,256,9,2961,0.8939836025238037
3,256,10,2590,0.8720105886459351
3,257,1,1376,0.9594011306762695
3,257,2,2042,0.9554700255393982
3,257,3,664,0.9552736282348633
3,257,4,1015,0.9536958932876587
3,257,5,1767,0.9516393542289734
3,257,6,183,0.9475172162055969
3,257,7,2324,0.9428327679634094
3,257,8,31,0.9268898367881775
3,257,9,289,0.9114971160888672
3,257,10,504,0.9071018695831299
3,258,1,2590,0.9548084139823914
3,258,2,2743,0.949244499206543
3,258,3,8,0.9443551898002625
3,258,4,1767,0.9380962252616882
3,258,5,273,0.9359695315361023
3,258,6,1015,0.9358740448951721
3,258,7,939,0.9323016405105591
3,258,8,2975,0.9286752939224243
3,258,9,2328,0.9276592135429382
3,258,10,2093,0.9265678524971008
3,259,1,1767,0.9472721219062805
3,259,2,1015,0.943903923034668
3,259,3,1376,0.9310494661331177
3,259,4,664,0.9304554462432861
3,259,5,1558,0.9278959035873413
3,259,6,2042,0.9238861799240112
3,259,7,183,0.908499538898468
3,259,8,273,0.9029650092124939
3,259,9,2324,0.8998059034347534
3,259,10,2790,0.8858653903007507
3,260,1,8,0.9519264101982117
3,260,2,939,0.9434539675712585
3,260,3,1767,0.9356488585472107
3,260,4,2328,0.9354879856109619
3,260,5,2975,0.9294524788856506
3,260,6,1015,0.924884021282196
3,260,7,2429,0.9231058955192566
3,260,8,2790,0.9221339821815491
3,260,9,852,0.9214391112327576
3,260,10,1952,0.9183934330940247
3,261,1,2429,0.930580735206604
3,261,2,2028,0.9296481609344482
3,261,3,1558,0.9264147877693176
3,261,4,2769,0.9262204170227051
3,261,5,194,0.9253101944923401
3,261,6,1196,0.9250245094299316
3,261,7,2590,0.9218338131904602
3,261,8,1791,0.9187219142913818
3,261,9,91,0.9169057011604309
3,261,10,1952,0.9135536551475525
3,262,1,2590,0.9402411580085754
3,262,2,194,0.9362512230873108
3,262,3,1558,0.9351877570152283
3,262,4,2790,0.9305012822151184
3,262,5,2769,0.9262811541557312
3,262,6,1791,0.9196010231971741
3,262,7,704,0.9166915416717529
3,262,8,112,0.914405882358551
3,262,9,1767,0.9141155481338501
3,262,10,91,0.9139034152030945
3,263,1,2743,0.9544147849082947
3,263,2,273,0.9532046914100647
3,263,3,194,0.9525366425514221
3,263,4,1558,0.9525054097175598
3,263,5,2590,0.9522356986999512
3,263,6,8,0.9505385756492615
3,263,7,2769,0.9486240744590759
3,263,8,2093,0.9355975389480591
3,263,9,2328,0.9355024099349976
3,263,10,2028,0.9323754906654358
3,264,1,1716,0.9306003451347351
3,264,2,2093,0.9285303950309753
3,264,3,852,0.923535943031311
3,264,4,787,0.9234411716461182
3,264,5,2028,0.9225384593009949
3,264,6,44,0.9221634268760681
3,264,7,1952,0.9187981486320496
3,264,8,273,0.9126249551773071
3,264,9,2826,0.9058119654655457
3,264,10,2769,0.9050800204277039
3,265,1,259,0.94231116771698
3,265,2,2566,0.925518274307251
3,265,3,2640,0.9219378232955933
3,265,4,105,0.9216799139976501
3,265,5,1198,0.921343207359314
3,265,6,44,0.916822612285614
3,265,7,1716,0.9166547656059265
3,265,8,701,0.9146157503128052
3,265,9,1467,0.913550853729248
3,265,10,2761,0.9126388430595398
3,266,1,2772,0.9434278607368469
3,266,2,1716,0.9401301741600037
3,266,3,44,0.9390122294425964
3,266,4,1221,0.9308191537857056
3,266,5,259,0.925797164440155
3,266,6,2761,0.9229288101196289
3,266,7,852,0.9196322560310364
3,266,8,2429,0.915097177028656
3,266,9,2028,0.9131792783737183
3,266,10,1811,0.9114999175071716
3,267,1,2911,0.9377502202987671
3,267,2,2761,0.9374497532844543
3,267,3,2205,0.9364937543869019
3,267,4,49,0.9347173571586609
3,267,5,701,0.9336701035499573
3,267,6,1467,0.9328022003173828
3,267,7,293,0.9310749769210815
3,267,8,1811,0.9263768196105957
3,267,9,562,0.9259321689605713
3,267,10,1158,0.9224264621734619
3,268,1,259,0.9393206834793091
3,268,2,2772,0.930378794670105
3,268,3,1198,0.9276617765426636
3,268,4,2566,0.9250369071960449
3,268,5,44,0.9239023327827454
3,268,6,2761,0.9231290817260742
3,268,7,701,0.9230638146400452
3,268,8,1716,0.9219971299171448
3,268,9,1467,0.9219785928726196
3,268,10,1158,0.920569896697998
3,269,1,2772,0.9530331492424011
3,269,2,1907,0.9476854205131531
3,269,3,1716,0.9389044642448425
3,269,4,259,0.9355547428131104
3,269,5,44,0.9350123405456543
3,269,6,852,0.9204663038253784
3,269,7,1221,0.9182530641555786
3,269,8,2429,0.9143567085266113
3,269,9,3048,0.9125629663467407
3,269,10,2761,0.9118901491165161
3,271,1,1159,0.9301421642303467
3,271,2,65,0.9258968234062195
3,271,3,1180,0.9215080142021179
3,271,4,385,0.9172155857086182
3,271,5,3069,0.9113583564758301
3,271,6,1868,0.9082839488983154
3,271,7,1781,0.9006013870239258
3,271,8,1481,0.8992090225219727
3,271,9,1541,0.8950280547142029
3,271,10,2725,0.8941859006881714
3,272,1,1467,0.9409558773040771
3,272,2,701,0.9408491849899292
3,272,3,2640,0.938121497631073
3,272,4,105,0.9380496144294739
3,272,5,293,0.9353956580162048
3,272,6,869,0.9329664707183838
3,272,7,1158,0.9319742918014526
3,272,8,3048,0.930505096912384
3,272,9,1380,0.9301857352256775
3,272,10,2205,0.928486168384552
3,273,1,2710,0.9264781475067139
3,273,2,58,0.8925902843475342
3,273,3,1206,0.8909403085708618
3,273,4,1203,0.8899061679840088
3,273,5,779,0.8897123336791992
3,273,6,418,0.8895339369773865
3,273,7,859,0.8881017565727234
3,273,8,628,0.8828213214874268
3,273,9,2971,0.8827016353607178
3,273,10,101,0.882416844367981
3,274,1,2274,0.9318214654922485
3,274,2,1159,0.9228175282478333
3,274,3,3069,0.9219681024551392
3,274,4,1541,0.9123067259788513
3,274,5,1781,0.9114095568656921
3,274,6,1964,0.9087267518043518
3,274,7,338,0.9034132957458496
3,274,8,65,0.9030284285545349
3,274,9,1258,0.9026677012443542
3,274,10,385,0.9024581909179688
3,276,1,1208,0.9291208982467651
3,276,2,1836,0.9275931119918823
3,276,3,439,0.9260044097900391
3,276,4,541,0.9253492951393127
3,276,5,1682,0.9211907386779785
3,276,6,286,0.9204217791557312
3,276,7,1161,0.9202207326889038
3,276,8,1831,0.9196350574493408
3,276,9,2898,0.9176415801048279
3,276,10,1190,0.9165425896644592
3,277,1,2628,0.9487140774726868
3,277,2,192,0.9450602531433105
3,277,3,176,0.9450352787971497
3,277,4,2280,0.9445533752441406
3,277,5,1437,0.9442232847213745
3,277,6,1466,0.9425566792488098
3,277,7,3053,0.9415988922119141
3,277,8,783,0.9410590529441833
3,277,9,553,0.940170168876648
3,277,10,2407,0.9392387866973877
3,278,1,1472,0.9504724740982056
3,278,2,482,0.9489495158195496
3,278,3,418,0.946363091468811
3,278,4,1203,0.9437471628189087
3,278,5,2603,0.9389947652816772
3,278,6,397,0.9375027418136597
3,278,7,1653,0.9371809363365173
3,278,8,628,0.9365749955177307
3,278,9,1030,0.9364920258522034
3,278,10,210,0.9361787438392639
3,279,1,1053,0.9466034173965454
3,279,2,430,0.9252641797065735
3,279,3,1836,0.9206539392471313
3,279,4,1208,0.9202108979225159
3,279,5,719,0.918022096157074
3,279,6,2580,0.9179097414016724
3,279,7,1682,0.9165952801704407
3,279,8,718,0.9162818789482117
3,279,9,2557,0.9159947633743286
3,279,10,1831,0.9149291515350342
3,280,1,192,0.9479506611824036
3,280,2,3053,0.9463753700256348
3,280,3,176,0.9456859230995178
3,280,4,1437,0.9455926418304443
3,280,5,2407,0.9453015327453613
3,280,6,1963,0.9450557231903076
3,280,7,783,0.942750096321106
3,280,8,1476,0.9422351717948914
3,280,9,2862,0.9416030645370483
3,280,10,1466,0.9400437474250793
3,282,1,1466,0.9292338490486145
3,282,2,553,0.9274004101753235
3,282,3,176,0.9268752932548523
3,282,4,1437,0.9252328872680664
3,282,5,2407,0.923515260219574
3,282,6,430,0.9229609966278076
3,282,7,783,0.9191588759422302
3,282,8,663,0.9190848469734192
3,282,9,3053,0.914745032787323
3,282,10,1053,0.9128309488296509
3,283,1,1466,0.9436734318733215
3,283,2,176,0.9421381950378418
3,283,3,553,0.9410945177078247
3,283,4,1437,0.9403629302978516
3,283,5,2628,0.9401794672012329
3,283,6,2407,0.9401306509971619
3,283,7,783,0.9346379041671753
3,283,8,663,0.9331008195877075
3,283,9,430,0.9308000206947327
3,283,10,1540,0.9256381392478943
3,284,1,663,0.961277186870575
3,284,2,608,0.9577934145927429
3,284,3,1476,0.9527490139007568
3,284,4,2862,0.9525503516197205
3,284,5,2628,0.9516456723213196
3,284,6,2354,0.9514414668083191
3,284,7,2931,0.9509947299957275
3,284,8,1231,0.9504717588424683
3,284,9,3053,0.9502992033958435
3,284,10,2157,0.9499731659889221
3,285,1,663,0.9572561979293823
3,285,2,192,0.9550632834434509
3,285,3,2628,0.9546543955802917
3,285,4,2280,0.9465996623039246
3,285,5,553,0.9418043494224548
3,285,6,1963,0.9416159391403198
3,285,7,1476,0.9396793842315674
3,285,8,2862,0.9393185973167419
3,285,9,719,0.9365842342376709
3,285,10,608,0.9336010217666626
3,286,1,286,0.9346832036972046
3,286,2,2580,0.9306816458702087
3,286,3,430,0.9298239946365356
3,286,4,1400,0.9261356592178345
3,286,5,121,0.9258405566215515
3,286,6,719,0.917701244354248
3,286,7,2280,0.914676308631897
3,286,8,1516,0.9131923913955688
3,286,9,747,0.9114842414855957
3,286,10,2529,0.9106969237327576
3,287,1,2580,0.9315919280052185
3,287,2,121,0.9283636212348938
3,287,3,1516,0.9277617931365967
3,287,4,1400,0.9260208010673523
3,287,5,286,0.9247024059295654
3,287,6,2197,0.9219144582748413
3,287,7,430,0.9160497188568115
3,287,8,2578,0.9156513810157776
3,287,9,747,0.9101191759109497
3,287,10,1208,0.909344494342804
3,288,1,2580,0.9147387146949768
3,288,2,121,0.909564197063446
3,288,3,747,0.9093501567840576
3,288,4,430,0.9070159792900085
3,288,5,1516,0.9036159515380859
3,288,6,2529,0.900657057762146
3,288,7,286,0.9000486135482788
3,288,8,1400,0.8968945145606995
3,288,9,719,0.8932615518569946
3,288,10,2280,0.891964852809906
3,289,1,663,0.9172251224517822
3,289,2,1053,0.9094035625457764
3,289,3,192,0.9092438817024231
3,289,4,2628,0.90244060754776
3,289,5,608,0.8965746164321899
3,289,6,1437,0.8919963240623474
3,289,7,176,0.8917942643165588
3,289,8,2280,0.8900744318962097
3,289,9,783,0.8896166086196899
3,289,10,3053,0.8889488577842712
3,290,1,106,0.9553989768028259
3,290,2,1399,0.9517006278038025
3,290,3,1739,0.9509708285331726
3,290,4,393,0.9505073428153992
3,290,5,1592,0.9495058655738831
3,290,6,730,0.948192834854126
3,290,7,540,0.9414346814155579
3,290,8,1275,0.9413431882858276
3,290,9,2969,0.9403034448623657
3,290,10,784,0.9381923079490662
3,291,1,1101,0.9595165252685547
3,291,2,1381,0.9583171010017395
3,291,3,2602,0.9560239315032959
3,291,4,1336,0.9483887553215027
3,291,5,510,0.9479745030403137
3,291,6,2672,0.9436752200126648
3,291,7,2431,0.9427637457847595
3,291,8,3061,0.9413460493087769
3,291,9,2128,0.9381183385848999
3,291,10,727,0.9376780390739441
3,292,1,1101,0.9553486108779907
3,292,2,1381,0.9537484645843506
3,292,3,1336,0.9512465596199036
3,292,4,2602,0.9512444138526917
3,292,5,510,0.950273334980011
3,292,6,375,0.9452843070030212
3,292,7,2431,0.9438475370407104
3,292,8,3061,0.9371776580810547
3,292,9,2672,0.9355093240737915
3,292,10,2033,0.9350388646125793
3,293,1,1101,0.9556295871734619
3,293,2,1381,0.9539200663566589
3,293,3,1344,0.9531934857368469
3,293,4,1336,0.9522432088851929
3,293,5,510,0.9516133666038513
3,293,6,2602,0.9495794773101807
3,293,7,2431,0.943417489528656
3,293,8,3061,0.9379498958587646
3,293,9,2672,0.937065839767456
3,293,10,1072,0.9348029494285583
3,294,1,2952,0.9523024559020996
3,294,2,1381,0.9346129894256592
3,294,3,1101,0.9337354898452759
3,294,4,2602,0.9336104989051819
3,294,5,2210,0.9305726289749146
3,294,6,2672,0.9264940619468689
3,294,7,2128,0.9220923781394958
3,294,8,2704,0.9206700921058655
3,294,9,2185,0.9196150302886963
3,294,10,2033,0.9182263612747192
3,295,1,833,0.935669481754303
3,295,2,788,0.9355936646461487
3,295,3,1184,0.9332305788993835
3,295,4,1779,0.9330896139144897
3,295,5,2615,0.930979311466217
3,295,6,2870,0.9285538792610168
3,295,7,672,0.9282695055007935
3,295,8,507,0.9276044964790344
3,295,9,1587,0.9268491864204407
3,295,10,2912,0.9263721704483032
3,297,1,1491,0.94805908203125
3,297,2,1381,0.9433085918426514
3,297,3,2602,0.9427642822265625
3,297,4,1597,0.9414650201797485
3,297,5,1072,0.9407428503036499
3,297,6,1344,0.9364135265350342
3,297,7,727,0.9312980771064758
3,297,8,860,0.9312751293182373
3,297,9,375,0.9296852350234985
3,297,10,1113,0.9256942272186279
3,298,1,1344,0.952106237411499
3,298,2,1072,0.9510768055915833
3,298,3,727,0.9460554718971252
3,298,4,375,0.9444701671600342
3,298,5,2967,0.9391608238220215
3,298,6,860,0.9382771849632263
3,298,7,2602,0.9361401200294495
3,298,8,1070,0.9358348846435547
3,298,9,1491,0.9315524101257324
3,298,10,1597,0.9257587194442749
3,299,1,106,0.9529889225959778
3,299,2,1399,0.9473060965538025
3,299,3,540,0.9451489448547363
3,299,4,730,0.9446355700492859
3,299,5,1739,0.9418038129806519
3,299,6,393,0.9416031241416931
3,299,7,2365,0.9362961053848267
3,299,8,860,0.9349508881568909
3,299,9,1491,0.9349289536476135
3,299,10,1275,0.9311190843582153
3,300,1,536,0.960491955280304
3,300,2,1962,0.9602408409118652
3,300,3,863,0.9582082033157349
3,300,4,554,0.957301914691925
3,300,5,982,0.9571076035499573
3,300,6,1354,0.9563925862312317
3,300,7,1260,0.9561509490013123
3,300,8,1832,0.9551511406898499
3,300,9,3084,0.9550166130065918
3,300,10,203,0.9508823752403259
3,301,1,356,0.9421015381813049
3,301,2,2493,0.9382166266441345
3,301,3,1157,0.929760217666626
3,301,4,2196,0.9223766326904297
3,301,5,2257,0.9218239784240723
3,301,6,1832,0.9213978052139282
3,301,7,2659,0.9211311340332031
3,301,8,410,0.9196658730506897
3,301,9,1386,0.9143837094306946
3,301,10,1368,0.9115766286849976
3,302,1,1260,0.961178719997406
3,302,2,1173,0.9607294797897339
3,302,3,3084,0.9595745801925659
3,302,4,536,0.9585196375846863
3,302,5,1962,0.956953227519989
3,302,6,554,0.9532582759857178
3,302,7,863,0.9528881907463074
3,302,8,1354,0.9524245858192444
3,302,9,203,0.9463744163513184
3,302,10,1707,0.9462046027183533
3,303,1,1962,0.9645243287086487
3,303,2,536,0.9636107087135315
3,303,3,1260,0.9613541960716248
3,303,4,863,0.9608593583106995
3,303,5,554,0.960642397403717
3,303,6,1354,0.9597256779670715
3,303,7,3084,0.9595752358436584
3,303,8,982,0.9583294987678528
3,303,9,1189,0.9581754207611084
3,303,10,1832,0.9564066529273987
3,304,1,3048,0.9386849403381348
3,304,2,984,0.9355658888816833
3,304,3,338,0.9342730045318604
3,304,4,1541,0.9300286769866943
3,304,5,1781,0.9296749234199524
3,304,6,869,0.9295786023139954
3,304,7,1369,0.9267141222953796
3,304,8,633,0.9223403334617615
3,304,9,1258,0.922042727470398
3,304,10,1180,0.920457661151886
3,305,1,1221,0.9028578996658325
3,305,2,3048,0.8973233103752136
3,305,3,1907,0.8959416747093201
3,305,4,164,0.8924551606178284
3,305,5,2867,0.8904795050621033
3,305,6,869,0.8878133296966553
3,305,7,2761,0.8769060373306274
3,305,8,984,0.8768458962440491
3,305,9,259,0.8760277032852173
3,305,10,2566,0.8754424452781677
3,306,1,1258,0.9459338188171387
3,306,2,466,0.9413669109344482
3,306,3,513,0.9351385235786438
3,306,4,1541,0.9337689280509949
3,306,5,338,0.9320506453514099
3,306,6,1781,0.928815484046936
3,306,7,1750,0.9246453642845154
3,306,8,1180,0.9238306879997253
3,306,9,1369,0.9237616062164307
3,306,10,1964,0.9229623675346375
3,307,1,876,0.9264336228370667
3,307,2,1618,0.9196057319641113
3,307,3,1029,0.9175609946250916
3,307,4,670,0.9169635772705078
3,307,5,1884,0.9168535470962524
3,307,6,742,0.9168081879615784
3,307,7,518,0.9165761470794678
3,307,8,755,0.916140079498291
3,307,9,566,0.9147587418556213
3,307,10,1899,0.9146181344985962
3,308,1,957,0.8922743201255798
3,308,2,1040,0.891531765460968
3,308,3,1579,0.8904106616973877
3,308,4,2851,0.8889860510826111
3,308,5,884,0.8873425722122192
3,308,6,2911,0.8817369937896729
3,308,7,59,0.8783204555511475
3,308,8,2205,0.8744412064552307
3,308,9,562,0.8731290698051453
3,308,10,2761,0.8675569891929626
3,309,1,1040,0.9242594838142395
3,309,2,2851,0.9222483038902283
3,309,3,44,0.9186113476753235
3,309,4,1749,0.9185137748718262
3,309,5,2035,0.9182103276252747
3,309,6,957,0.9163957238197327
3,309,7,876,0.9105457663536072
3,309,8,826,0.9081650376319885
3,309,9,594,0.9073726534843445
3,309,10,1716,0.906816840171814
3,310,1,44,0.910079836845398
3,310,2,2851,0.9040446877479553
3,310,3,1040,0.8998061418533325
3,310,4,957,0.8990612626075745
3,310,5,1716,0.898501455783844
3,310,6,2911,0.8941031098365784
3,310,7,884,0.8912786841392517
3,310,8,2761,0.8897900581359863
3,310,9,1579,0.8895184397697449
3,310,10,852,0.8844927549362183
3,311,1,2911,0.9191213846206665
3,311,2,1579,0.9187434315681458
3,311,3,957,0.9185431599617004
3,311,4,2851,0.9168727397918701
3,311,5,884,0.9163650870323181
3,311,6,2205,0.9133426547050476
3,311,7,1040,0.9113242030143738
3,311,8,2761,0.9105822443962097
3,311,9,2974,0.9055755734443665
3,311,10,69,0.9012705087661743
3,312,1,2761,0.9394089579582214
3,312,2,44,0.9304450750350952
3,312,3,2911,0.9287306070327759
3,312,4,1811,0.9267241954803467
3,312,5,1716,0.9239316582679749
3,312,6,1907,0.9237475395202637
3,312,7,2640,0.922860860824585
3,312,8,105,0.9226275682449341
3,312,9,2205,0.9211731553077698
3,312,10,49,0.9189706444740295
3,314,1,1180,0.9526037573814392
3,314,2,2212,0.9444320797920227
3,314,3,1380,0.9423226118087769
3,314,4,3048,0.9400834441184998
3,314,5,338,0.9369320869445801
3,314,6,1750,0.9355624914169312
3,314,7,869,0.9333915710449219
3,314,8,2480,0.9325109720230103
3,314,9,65,0.9290868639945984
3,314,10,1159,0.9245828986167908
3,315,1,3048,0.9285139441490173
3,315,2,1907,0.9217272400856018
3,315,3,869,0.9214168787002563
3,315,4,259,0.9189963340759277
3,315,5,2566,0.911910355091095
3,315,6,164,0.9114842414855957
3,315,7,2640,0.9080745577812195
3,315,8,105,0.9078466892242432
3,315,9,1198,0.9060888290405273
3,315,10,2761,0.9057995676994324
3,316,1,1258,0.9454092383384705
3,316,2,466,0.9428231716156006
3,316,3,513,0.9366932511329651
3,316,4,1964,0.9256650805473328
3,316,5,338,0.9198419451713562
3,316,6,1750,0.9176238775253296
3,316,7,104,0.9130949974060059
3,316,8,1180,0.9104667901992798
3,316,9,315,0.9086348414421082
3,316,10,3069,0.9074352383613586
3,317,1,3048,0.9177535772323608
3,317,2,633,0.9062556028366089
3,317,3,869,0.9011461734771729
3,317,4,33,0.8962404727935791
3,317,5,1258,0.8958766460418701
3,317,6,466,0.8936333060264587
3,317,7,1750,0.8935998678207397
3,317,8,2867,0.8909778594970703
3,317,9,2566,0.8898696899414062
3,317,10,2480,0.8882370591163635
3,318,1,1258,0.9548775553703308
3,318,2,466,0.9536891579627991
3,318,3,513,0.9509724974632263
3,318,4,104,0.9347165822982788
3,318,5,315,0.9300649762153625
3,318,6,2106,0.9260661602020264
3,318,7,1062,0.918550431728363
3,318,8,1064,0.9154885411262512
3,318,9,851,0.9137830138206482
3,318,10,1541,0.9120466113090515
3,319,1,2710,0.9463844895362854
3,319,2,851,0.9434226751327515
3,319,3,2176,0.9351403117179871
3,319,4,1367,0.9351138472557068
3,319,5,2899,0.9304252862930298
3,319,6,671,0.9258853793144226
3,319,7,2264,0.9253392815589905
3,319,8,637,0.9248441457748413
3,319,9,1920,0.9238048791885376
3,319,10,1671,0.9217021465301514
3,321,1,982,0.9481350183486938
3,321,2,1062,0.9469897150993347
3,321,3,2899,0.9460051655769348
3,321,4,1920,0.9449938535690308
3,321,5,1449,0.9435035586357117
3,321,6,2075,0.9393103122711182
3,321,7,315,0.9380402565002441
3,321,8,104,0.9370499849319458
3,321,9,1832,0.935502827167511
3,321,10,1157,0.9328065514564514
3,322,1,851,0.94486004114151
3,322,2,195,0.9418246746063232
3,322,3,2710,0.9344677925109863
3,322,4,637,0.9329681992530823
3,322,5,1062,0.9313619136810303
3,322,6,2899,0.931236743927002
3,322,7,466,0.9307093024253845
3,322,8,513,0.9296242594718933
3,322,9,1920,0.9271599054336548
3,322,10,1367,0.9268093705177307
3,323,1,315,0.965355634689331
3,323,2,1157,0.9599699974060059
3,323,3,2917,0.9553428888320923
3,323,4,2084,0.9509033560752869
3,323,5,1991,0.9506170749664307
3,323,6,1449,0.9500702023506165
3,323,7,1832,0.9494176506996155
3,323,8,2075,0.9473738074302673
3,323,9,104,0.9453650116920471
3,323,10,1723,0.9443182945251465
3,324,1,2710,0.9321651458740234
3,324,2,851,0.9275179505348206
3,324,3,195,0.9248392581939697
3,324,4,466,0.9172136783599854
3,324,5,859,0.9144412279129028
3,324,6,1258,0.9113782048225403
3,324,7,513,0.9111827611923218
3,324,8,2274,0.910373330116272
3,324,9,1206,0.9065086841583252
3,324,10,637,0.903138279914856
3,325,1,982,0.9569777846336365
3,325,2,1920,0.9547205567359924
3,325,3,2899,0.9545549750328064
3,325,4,1449,0.9480233788490295
3,325,5,536,0.9437158107757568
3,325,6,1832,0.9428894519805908
3,325,7,2084,0.9414857029914856
3,325,8,863,0.9398497939109802
3,325,9,554,0.9387134909629822
3,325,10,1354,0.9375577569007874
3,326,1,2899,0.9416472315788269
3,326,2,2176,0.9410290122032166
3,326,3,2106,0.9384704828262329
3,326,4,1920,0.9381538033485413
3,326,5,195,0.9376187920570374
3,326,6,1964,0.9310709238052368
3,326,7,982,0.9274545311927795
3,326,8,513,0.926997184753418
3,326,9,2710,0.9255771040916443
3,326,10,466,0.9250718951225281
3,327,1,513,0.9546864628791809
3,327,2,466,0.9545615911483765
3,327,3,1258,0.9537095427513123
3,327,4,315,0.9413794875144958
3,327,5,1964,0.9392502307891846
3,327,6,2106,0.9347419142723083
3,327,7,195,0.9321221113204956
3,327,8,2176,0.9317164421081543
3,327,9,2075,0.9199978113174438
3,327,10,1449,0.918513298034668
3,328,1,2493,0.9402339458465576
3,328,2,2196,0.9264426231384277
3,328,3,2296,0.9236010909080505
3,328,4,2659,0.9204221367835999
3,328,5,315,0.9187675714492798
3,328,6,974,0.9141170382499695
3,328,7,1469,0.908774733543396
3,328,8,1157,0.9082607626914978
3,328,9,2257,0.9035198092460632
3,328,10,410,0.8956586122512817
3,329,1,974,0.9325611591339111
3,329,2,2484,0.9262165427207947
3,329,3,2513,0.9165608882904053
3,329,4,2802,0.9147655367851257
3,329,5,2493,0.9078688621520996
3,329,6,2871,0.9046911001205444
3,329,7,1215,0.8942632079124451
3,329,8,1409,0.887186586856842
3,329,9,315,0.8871580958366394
3,329,10,2196,0.883765697479248
3,330,1,315,0.9490824937820435
3,330,2,2196,0.9447771310806274
3,330,3,1991,0.9438265562057495
3,330,4,2659,0.9430863261222839
3,330,5,1157,0.9385840892791748
3,330,6,2257,0.9306926131248474
3,330,7,2484,0.9270766377449036
3,330,8,2493,0.9199742674827576
3,330,9,1723,0.9164641499519348
3,330,10,1189,0.9157215356826782
3,331,1,2296,0.9491362571716309
3,331,2,315,0.9482574462890625
3,331,3,2196,0.9393833875656128
3,331,4,1991,0.9392057061195374
3,331,5,1157,0.9367366433143616
3,331,6,2484,0.9240691661834717
3,331,7,2257,0.9235444068908691
3,331,8,2493,0.9212622046470642
3,331,9,33,0.9179391860961914
3,331,10,104,0.9124268293380737
3,332,1,2196,0.951495349407196
3,332,2,2296,0.9440866112709045
3,332,3,2257,0.9382787346839905
3,332,4,1991,0.9379017949104309
3,332,5,2484,0.9362593293190002
3,332,6,315,0.93543940782547
3,332,7,1157,0.932262659072876
3,332,8,1064,0.9303746819496155
3,332,9,2917,0.9279682636260986
3,332,10,410,0.924144983291626
3,333,1,1603,0.9593412280082703
3,333,2,1469,0.9310501217842102
3,333,3,2942,0.9247229695320129
3,333,4,173,0.9234033823013306
3,333,5,127,0.9214090704917908
3,333,6,2145,0.9188080430030823
3,333,7,394,0.9151197075843811
3,333,8,1001,0.9104688167572021
3,333,9,301,0.9066359996795654
3,333,10,191,0.9045171737670898
3,334,1,90,0.965453028678894
3,334,2,2309,0.9613756537437439
3,334,3,2107,0.9610761404037476
3,334,4,523,0.960203230381012
3,334,5,2261,0.9546691179275513
3,334,6,2927,0.9530672430992126
3,334,7,394,0.9503700733184814
3,334,8,2061,0.9457429051399231
3,334,9,581,0.9400680065155029
3,334,10,1718,0.9395348429679871
3,335,1,1469,0.9514657258987427
3,335,2,1603,0.9453938603401184
3,335,3,127,0.9345683455467224
3,335,4,2513,0.9288527369499207
3,335,5,2484,0.9232636094093323
3,335,6,424,0.9215323328971863
3,335,7,1360,0.9203993082046509
3,335,8,974,0.9177296161651611
3,335,9,1001,0.9109951853752136
3,335,10,1409,0.9106090068817139
3,336,1,672,0.963492751121521
3,336,2,2912,0.9620289206504822
3,336,3,665,0.9592260718345642
3,336,4,1184,0.9569300413131714
3,336,5,1587,0.9565261602401733
3,336,6,2391,0.945675253868103
3,336,7,2814,0.9449418187141418
3,336,8,1048,0.9446845054626465
3,336,9,2615,0.9435440897941589
3,336,10,507,0.9407491683959961
3,337,1,1603,0.9558416604995728
3,337,2,127,0.9175820350646973
3,337,3,1001,0.9169963598251343
3,337,4,1613,0.9148432016372681
3,337,5,2377,0.9148027896881104
3,337,6,512,0.9138054847717285
3,337,7,1252,0.9130765795707703
3,337,8,173,0.9088051915168762
3,337,9,1469,0.9031948447227478
3,337,10,479,0.9012336730957031
3,338,1,301,0.959546685218811
3,338,2,2705,0.9501505494117737
3,338,3,2912,0.945033848285675
3,338,4,2391,0.9447486996650696
3,338,5,173,0.9426666498184204
3,338,6,2942,0.9391096830368042
3,338,7,672,0.9372406601905823
3,338,8,665,0.9340559244155884
3,338,9,191,0.9274249076843262
3,338,10,1184,0.9197719693183899
3,339,1,394,0.9586684703826904
3,339,2,2942,0.9578808546066284
3,339,3,2145,0.9543580412864685
3,339,4,191,0.9504017233848572
3,339,5,173,0.9503979086875916
3,339,6,2705,0.9428597092628479
3,339,7,1603,0.9332340955734253
3,339,8,301,0.9282415509223938
3,339,9,523,0.9258875846862793
3,339,10,127,0.924375593662262
3,340,1,2145,0.960654616355896
3,340,2,394,0.9525743126869202
3,340,3,2942,0.9416168332099915
3,340,4,127,0.9369331002235413
3,340,5,191,0.9348582625389099
3,340,6,1469,0.9328274726867676
3,340,7,1603,0.9307696223258972
3,340,8,173,0.9270666837692261
3,340,9,1692,0.9261435866355896
3,340,10,424,0.9232093095779419
3,342,1,646,0.8485078811645508
3,342,2,2403,0.8477497100830078
3,342,3,387,0.8456695675849915
3,342,4,397,0.7207231521606445
3,342,5,418,0.7134875059127808
3,342,6,1653,0.7105154395103455
3,342,7,210,0.7100321054458618
3,342,8,1203,0.7051557302474976
3,342,9,2750,0.7032554149627686
3,342,10,2078,0.7027501463890076
3,343,1,581,0.9628090262413025
3,343,2,410,0.9560920000076294
3,343,3,1651,0.9541028738021851
3,343,4,2257,0.9441015124320984
3,343,5,1386,0.941249430179596
3,343,6,2659,0.9384827613830566
3,343,7,356,0.9383260607719421
3,343,8,2196,0.9376276731491089
3,343,9,1469,0.9372608065605164
3,343,10,1635,0.9361157417297363
3,344,1,418,0.9455852508544922
3,344,2,1203,0.9416989684104919
3,344,3,397,0.9408296942710876
3,344,4,1653,0.9384506344795227
3,344,5,210,0.9377322196960449
3,344,6,1030,0.936561107635498
3,344,7,628,0.9364095330238342
3,344,8,2603,0.9356658458709717
3,344,9,2750,0.934098482131958
3,344,10,2078,0.9333038926124573
3,345,1,1472,0.9469346404075623
3,345,2,418,0.9352720379829407
3,345,3,1203,0.9324795603752136
3,345,4,397,0.927434504032135
3,345,5,1653,0.9268441796302795
3,345,6,210,0.9258914589881897
3,345,7,2603,0.9252668619155884
3,345,8,628,0.9246098399162292
3,345,9,1030,0.924584150314331
3,345,10,2078,0.920958399772644
3,346,1,418,0.9387364387512207
3,346,2,1203,0.9355951547622681
3,346,3,397,0.9320598244667053
3,346,4,1653,0.9308023452758789
3,346,5,210,0.9298041462898254
3,346,6,628,0.9284532070159912
3,346,7,1030,0.928444504737854
3,346,8,2603,0.9278924465179443
3,346,9,2078,0.9249725937843323
3,346,10,2750,0.9238519072532654
3,347,1,418,0.9420450329780579
3,347,2,1203,0.9392008185386658
3,347,3,397,0.9337338805198669
3,347,4,2603,0.9332541823387146
3,347,5,1653,0.9331107139587402
3,347,6,210,0.9322015047073364
3,347,7,628,0.9316178560256958
3,347,8,1030,0.9316093921661377
3,347,9,2078,0.9274495244026184
3,347,10,2750,0.9267708659172058
3,348,1,2599,0.8422726988792419
3,348,2,2104,0.8413171768188477
3,348,3,2108,0.8247174620628357
3,348,4,2452,0.822432816028595
3,348,5,2490,0.819709300994873
3,348,6,2558,0.8170404434204102
3,348,7,641,0.816536009311676
3,348,8,716,0.8162540197372437
3,348,9,1102,0.815879762172699
3,348,10,2156,0.814774215221405
3,349,1,2599,0.8510303497314453
3,349,2,2104,0.8500800132751465
3,349,3,2108,0.833331823348999
3,349,4,2810,0.831786036491394
3,349,5,2558,0.8294659852981567
3,349,6,2452,0.8293363451957703
3,349,7,641,0.8290353417396545
3,349,8,716,0.8290032744407654
3,349,9,1102,0.8286155462265015
3,349,10,2490,0.8268416523933411
3,350,1,2599,0.8245656490325928
3,350,2,2104,0.8236672282218933
3,350,3,2490,0.8188586235046387
3,350,4,2108,0.8155651688575745
3,350,5,2452,0.813924252986908
3,350,6,2558,0.8099945187568665
3,350,7,641,0.8096046447753906
3,350,8,2607,0.8085806369781494
3,350,9,716,0.8085076808929443
3,350,10,2082,0.8084555268287659
3,352,1,667,0.9272726774215698
3,352,2,390,0.925399661064148
3,352,3,1848,0.9040778279304504
3,352,4,113,0.9032348394393921
3,352,5,1738,0.8979671001434326
3,352,6,2,0.8922246694564819
3,352,7,248,0.8906716704368591
3,352,8,1165,0.8845891356468201
3,352,9,471,0.8800042867660522
3,352,10,1818,0.87212735414505
3,353,1,2739,0.9061829447746277
3,353,2,918,0.906178891658783
3,353,3,2441,0.9023957848548889
3,353,4,1678,0.9017848372459412
3,353,5,432,0.9012230038642883
3,353,6,2687,0.8925743103027344
3,353,7,621,0.8896946310997009
3,353,8,2464,0.889555037021637
3,353,9,1826,0.8894382119178772
3,353,10,2888,0.8892875909805298
3,354,1,1490,0.9256341457366943
3,354,2,432,0.8990682363510132
3,354,3,2739,0.8976138234138489
3,354,4,918,0.8965203166007996
3,354,5,2441,0.8934099078178406
3,354,6,1678,0.8916236758232117
3,354,7,621,0.8836232423782349
3,354,8,2687,0.8819343447685242
3,354,9,2888,0.8790528774261475
3,354,10,2464,0.8780831098556519
3,355,1,432,0.9073144793510437
3,355,2,754,0.8973808884620667
3,355,3,2665,0.8908737301826477
3,355,4,2739,0.8877456188201904
3,355,5,918,0.8874433040618896
3,355,6,621,0.8865001201629639
3,355,7,2441,0.8829119801521301
3,355,8,1678,0.8815124034881592
3,355,9,2687,0.8750556111335754
3,355,10,2700,0.8723408579826355
3,356,1,2574,0.9384307265281677
3,356,2,622,0.931247353553772
3,356,3,2869,0.9301064610481262
3,356,4,918,0.8962957262992859
3,356,5,2739,0.8946045637130737
3,356,6,621,0.8944745659828186
3,356,7,2441,0.8908602595329285
3,356,8,1678,0.8901597857475281
3,356,9,2687,0.8849157094955444
3,356,10,2700,0.8809904456138611
3,357,1,621,0.9302239418029785
3,357,2,2700,0.9240293502807617
3,357,3,2308,0.9227097034454346
3,357,4,1293,0.9181281328201294
3,357,5,585,0.9180034399032593
3,357,6,432,0.9176613688468933
3,357,7,579,0.9153035879135132
3,357,8,2609,0.9130837917327881
3,357,9,2496,0.9123190641403198
3,357,10,64,0.9088589549064636
3,358,1,621,0.8459176421165466
3,358,2,1293,0.8449648022651672
3,358,3,2308,0.8438823819160461
3,358,4,579,0.8427696824073792
3,358,5,1040,0.8417739272117615
3,358,6,59,0.8415495753288269
3,358,7,518,0.8386450409889221
3,358,8,585,0.8384461402893066
3,358,9,1995,0.8384313583374023
3,358,10,2609,0.8375288844108582
3,359,1,621,0.9315191507339478
3,359,2,2308,0.925273597240448
3,359,3,2700,0.9251245260238647
3,359,4,1293,0.9210022687911987
3,359,5,585,0.9203096628189087
3,359,6,432,0.9173921346664429
3,359,7,2653,0.916934072971344
3,359,8,2609,0.9161643981933594
3,359,9,2496,0.9148526191711426
3,359,10,64,0.9107023477554321
3,360,1,621,0.9315191507339478
3,360,2,2308,0.925273597240448
3,360,3,2700,0.9251245260238647
3,360,4,1293,0.9210022687911987
3,360,5,585,0.9203096628189087
3,360,6,432,0.9173921346664429
3,360,7,2653,0.916934072971344
3,360,8,2609,0.9161643981933594
3,360,9,2496,0.9148526191711426
3,360,10,64,0.9107023477554321
3,361,1,621,0.9315191507339478
3,361,2,2308,0.925273597240448
3,361,3,2700,0.9251245260238647
3,361,4,1293,0.9210022687911987
3,361,5,585,0.9203096628189087
3,361,6,432,0.9173921346664429
3,361,7,2653,0.916934072971344
3,361,8,2609,0.9161643981933594
3,361,9,2496,0.9148526191711426
3,361,10,64,0.9107023477554321
3,362,1,621,0.9315191507339478
3,362,2,2308,0.925273597240448
3,362,3,2700,0.9251245260238647
3,362,4,1293,0.9210022687911987
3,362,5,585,0.9203096628189087
3,362,6,432,0.9173921346664429
3,362,7,2653,0.916934072971344
3,362,8,2609,0.9161643981933594
3,362,9,2496,0.9148526191711426
3,362,10,64,0.9107023477554321
3,363,1,621,0.9315191507339478
3,363,2,2308,0.925273597240448
3,363,3,2700,0.9251245260238647
3,363,4,1293,0.9210022687911987
3,363,5,585,0.9203096628189087
3,363,6,432,0.9173921346664429
3,363,7,2653,0.916934072971344
3,363,8,2609,0.9161643981933594
3,363,9,2496,0.9148526191711426
3,363,10,64,0.9107023477554321
3,365,1,482,0.9357926845550537
3,365,2,1472,0.9339152574539185
3,365,3,397,0.9173129200935364
3,365,4,1653,0.9140157699584961
3,365,5,210,0.9131487607955933
3,365,6,2603,0.9084160327911377
3,365,7,387,0.9021099209785461
3,365,8,20,0.9007635116577148
3,365,9,2403,0.8988194465637207
3,365,10,646,0.8983299732208252
3,366,1,1472,0.939454972743988
3,366,2,482,0.9383213520050049
3,366,3,2603,0.9227093458175659
3,366,4,20,0.9158795475959778
3,366,5,2078,0.9154062867164612
3,366,6,779,0.8937463760375977
3,366,7,58,0.8892377018928528
3,366,8,1793,0.8870498538017273
3,366,9,387,0.8858295679092407
3,366,10,101,0.8845128417015076
3,367,1,482,0.9284935593605042
3,367,2,1472,0.9279112219810486
3,367,3,418,0.9178394675254822
3,367,4,1203,0.9113459587097168
3,367,5,2603,0.9016244411468506
3,367,6,387,0.9006686210632324
3,367,7,2403,0.8968623876571655
3,367,8,646,0.8957167267799377
3,367,9,20,0.8920745253562927
3,367,10,2173,0.8832769989967346
3,368,1,482,0.9338258504867554
3,368,2,1472,0.9295065402984619
3,368,3,387,0.9108642935752869
3,368,4,2403,0.9084924459457397
3,368,5,646,0.9083471894264221
3,368,6,2603,0.8969457149505615
3,368,7,2078,0.8959786295890808
3,368,8,20,0.8910849690437317
3,368,9,2759,0.8876065015792847
3,368,10,1494,0.8841241598129272
3,369,1,2665,0.9329149723052979
3,369,2,622,0.930582582950592
3,369,3,2869,0.9276596307754517
3,369,4,1037,0.9269222021102905
3,369,5,842,0.9260246753692627
3,369,6,915,0.9257674217224121
3,369,7,1490,0.9229032397270203
3,369,8,477,0.9224423766136169
3,369,9,2574,0.9219279885292053
3,369,10,1347,0.9145774841308594
3,370,1,2739,0.9380578994750977
3,370,2,2665,0.9355202317237854
3,370,3,622,0.9332118034362793
3,370,4,1108,0.9325917363166809
3,370,5,2869,0.9305240511894226
3,370,6,842,0.9293590188026428
3,370,7,1037,0.929063081741333
3,370,8,915,0.9265335202217102
3,370,9,1490,0.9258387684822083
3,370,10,2574,0.9247248768806458
3,371,1,2665,0.930166482925415
3,371,2,1108,0.9247398972511292
3,371,3,1037,0.9212943315505981
3,371,4,918,0.920169472694397
3,371,5,915,0.9167947769165039
3,371,6,622,0.9157251715660095
3,371,7,2869,0.9142189621925354
3,371,8,842,0.9119055867195129
3,371,9,2321,0.911749005317688
3,371,10,1490,0.9051783084869385
3,372,1,915,0.9450588226318359
3,372,2,1037,0.9402634501457214
3,372,3,622,0.9387484192848206
3,372,4,2665,0.9377931356430054
3,372,5,2869,0.9373560547828674
3,372,6,842,0.9360203742980957
3,372,7,1490,0.9310063123703003
3,372,8,2574,0.9309539198875427
3,372,9,2562,0.8760136961936951
3,372,10,272,0.8674139380455017
3,373,1,2665,0.9273744821548462
3,373,2,1037,0.9192793369293213
3,373,3,2687,0.9188957214355469
3,373,4,622,0.9162792563438416
3,373,5,915,0.9151687622070312
3,373,6,1347,0.9147484302520752
3,373,7,2869,0.9146342277526855
3,373,8,1606,0.9127716422080994
3,373,9,842,0.9124014377593994
3,373,10,1490,0.9065220952033997
3,374,1,918,0.9191963076591492
3,374,2,2321,0.9158910512924194
3,374,3,2665,0.9125926494598389
3,374,4,2888,0.9117156863212585
3,374,5,1037,0.9011749625205994
3,374,6,622,0.9006736278533936
3,374,7,2869,0.8975058794021606
3,374,8,842,0.8961287140846252
3,374,9,915,0.8954956531524658
3,374,10,1490,0.8909592628479004
3,375,1,2739,0.9406558275222778
3,375,2,1678,0.9372112154960632
3,375,3,2665,0.9334210753440857
3,375,4,622,0.9278316497802734
3,375,5,2321,0.9276178479194641
3,375,6,1037,0.9250363111495972
3,375,7,2869,0.9249168634414673
3,375,8,842,0.9237396121025085
3,375,9,915,0.9215143322944641
3,375,10,1490,0.9196283221244812
3,378,1,2665,0.9234771728515625
3,378,2,477,0.9226217865943909
3,378,3,1037,0.9146335124969482
3,378,4,1606,0.9128478169441223
3,378,5,622,0.9104715585708618
3,378,6,915,0.9095174074172974
3,378,7,2869,0.9092200994491577
3,378,8,2888,0.9078665375709534
3,378,9,842,0.9064812064170837
3,378,10,1490,0.9012128710746765
3,379,1,2665,0.926498293876648
3,379,2,1678,0.9262105226516724
3,379,3,918,0.9246713519096375
3,379,4,622,0.9197207689285278
3,379,5,1037,0.9183432459831238
3,379,6,2869,0.9168980717658997
3,379,7,2321,0.9163147211074829
3,379,8,842,0.9156019687652588
3,379,9,915,0.9148172736167908
3,379,10,1490,0.9106386303901672
3,380,1,2739,0.9365885257720947
3,380,2,477,0.9352176785469055
3,380,3,2441,0.9312084317207336
3,380,4,2665,0.9265277981758118
3,380,5,622,0.9221016764640808
3,380,6,2869,0.9186022877693176
3,380,7,842,0.9181520342826843
3,380,8,1037,0.917835533618927
3,380,9,915,0.9140539169311523
3,380,10,1490,0.9136108756065369
3,381,1,2739,0.9412400722503662
3,381,2,918,0.9389347434043884
3,381,3,2441,0.9377829432487488
3,381,4,2665,0.9133155941963196
3,381,5,622,0.9119750261306763
3,381,6,2869,0.9081899523735046
3,381,7,842,0.9076588153839111
3,381,8,1490,0.9063935875892639
3,381,9,2574,0.9046709537506104
3,381,10,1037,0.9026203751564026
3,383,1,272,0.9252402186393738
3,383,2,1347,0.9208160638809204
3,383,3,918,0.9192118048667908
3,383,4,2665,0.9109097719192505
3,383,5,622,0.900204062461853
3,383,6,1037,0.8996606469154358
3,383,7,2869,0.8970614671707153
3,383,8,842,0.8956034183502197
3,383,9,915,0.8940095901489258
3,383,10,1490,0.8910373449325562
3,384,1,477,0.935124397277832
3,384,2,1826,0.9341371059417725
3,384,3,1678,0.9331971406936646
3,384,4,2665,0.9145685434341431
3,384,5,622,0.9087275862693787
3,384,6,2869,0.9062914848327637
3,384,7,1037,0.9046390652656555
3,384,8,842,0.9045915603637695
3,384,9,1490,0.901987612247467
3,384,10,2574,0.9001957774162292
3,385,1,2665,0.9344326853752136
3,385,2,622,0.9312533736228943
3,385,3,477,0.931105375289917
3,385,4,2869,0.9294067621231079
3,385,5,1037,0.9281415343284607
3,385,6,272,0.9281056523323059
3,385,7,842,0.9273585677146912
3,385,8,2464,0.926816463470459
3,385,9,915,0.9250357151031494
3,385,10,1490,0.9243326187133789
3,386,1,2665,0.9338233470916748
3,386,2,1037,0.9260784387588501
3,386,3,915,0.9222325682640076
3,386,4,622,0.9192278981208801
3,386,5,2869,0.9180497527122498
3,386,6,1398,0.9176267385482788
3,386,7,842,0.9157552719116211
3,386,8,2464,0.9132096767425537
3,386,9,1490,0.9084600806236267
3,386,10,2574,0.906989574432373
3,387,1,2665,0.9326046109199524
3,387,2,1037,0.9240283966064453
3,387,3,915,0.9196258187294006
3,387,4,1678,0.9186103343963623
3,387,5,918,0.9168267846107483
3,387,6,622,0.9159659743309021
3,387,7,2869,0.9145870208740234
3,387,8,2464,0.9138995409011841
3,387,9,842,0.9126209616661072
3,387,10,1490,0.9041814804077148
3,388,1,2665,0.9307186603546143
3,388,2,477,0.9244863390922546
3,388,3,1826,0.9239574074745178
3,388,4,1037,0.9220371246337891
3,388,5,2441,0.9215658903121948
3,388,6,915,0.9178999066352844
3,388,7,622,0.9171833395957947
3,388,8,2869,0.9154175519943237
3,388,9,842,0.9133798480033875
3,388,10,1490,0.9064410924911499
3,391,1,2665,0.928955614566803
3,391,2,1108,0.9239948391914368
3,391,3,1037,0.9216626882553101
3,391,4,622,0.9212859869003296
3,391,5,2869,0.9196569919586182
3,391,6,915,0.9182961583137512
3,391,7,842,0.9170336723327637
3,391,8,1347,0.915873646736145
3,391,9,1606,0.9138017892837524
3,391,10,1490,0.9129233360290527
3,392,1,2490,0.8516989946365356
3,392,2,2558,0.8448492884635925
3,392,3,641,0.8444181680679321
3,392,4,2810,0.829109787940979
3,392,5,333,0.825819730758667
3,392,6,11,0.8232988119125366
3,392,7,1002,0.8195036053657532
3,392,8,1786,0.8186920285224915
3,392,9,1827,0.817604124546051
3,392,10,1911,0.8169345259666443
3,395,1,2452,0.8453279137611389
3,395,2,716,0.841457724571228
3,395,3,1102,0.8411700129508972
3,395,4,2810,0.8238107562065125
3,395,5,333,0.817327618598938
3,395,6,11,0.8168829679489136
3,395,7,1002,0.8129215240478516
3,395,8,1786,0.811808168888092
3,395,9,1827,0.8108208775520325
3,395,10,1911,0.8099251389503479
3,396,1,2452,0.8267013430595398
3,396,2,2082,0.8157703280448914
3,396,3,2607,0.8156572580337524
3,396,4,333,0.8046042919158936
3,396,5,2810,0.8038591742515564
3,396,6,11,0.797556459903717
3,396,7,2604,0.7964741587638855
3,396,8,1786,0.7921344637870789
3,396,9,1002,0.7916950583457947
3,396,10,1911,0.7891885042190552
3,397,1,206,0.958489716053009
3,397,2,1301,0.9445298314094543
3,397,3,1307,0.9407001733779907
3,397,4,2200,0.9388092756271362
3,397,5,2514,0.9388092756271362
3,397,6,509,0.938506543636322
3,397,7,1656,0.9378047585487366
3,397,8,1470,0.9376275539398193
3,397,9,2080,0.936912477016449
3,397,10,2254,0.9368489980697632
3,398,1,1999,0.9451605081558228
3,398,2,2994,0.937114417552948
3,398,3,1882,0.9358858466148376
3,398,4,2568,0.9329080581665039
3,398,5,2752,0.9229134321212769
3,398,6,80,0.9199913144111633
3,398,7,2643,0.9120086431503296
3,398,8,2832,0.9112597107887268
3,398,9,1535,0.9106135368347168
3,398,10,2293,0.9040651917457581
3,399,1,1580,0.9565331935882568
3,399,2,509,0.9532811045646667
3,399,3,2514,0.9471608996391296
3,399,4,2200,0.9471608996391296
3,399,5,2990,0.9465602040290833
3,399,6,1111,0.9463551044464111
3,399,7,1656,0.9462346434593201
3,399,8,1484,0.9461553692817688
3,399,9,2254,0.945457935333252
3,399,10,1470,0.9449731707572937
3,400,1,2910,0.935753583908081
3,400,2,2136,0.9356205463409424
3,400,3,550,0.9303666949272156
3,400,4,546,0.9262619018554688
3,400,5,2299,0.9247684478759766
3,400,6,2736,0.9204890131950378
3,400,7,2568,0.9167253375053406
3,400,8,1757,0.9050669074058533
3,400,9,1237,0.8977523446083069
3,400,10,1301,0.892346203327179
3,401,1,2599,0.8380813598632812
3,401,2,2104,0.8372412919998169
3,401,3,2810,0.8032285571098328
3,401,4,1897,0.7963059544563293
3,401,5,11,0.7930071353912354
3,401,6,2312,0.7918550372123718
3,401,7,333,0.7910072207450867
3,401,8,1002,0.7882142663002014
3,401,9,1786,0.7869488596916199
3,401,10,1827,0.7854366302490234
3,403,1,1307,0.9505825638771057
3,403,2,2200,0.9480255842208862
3,403,3,2514,0.9480255842208862
3,403,4,1656,0.9471942186355591
3,403,5,1470,0.9463391900062561
3,403,6,2254,0.9462590217590332
3,403,7,1728,0.9454160332679749
3,403,8,2830,0.9440555572509766
3,403,9,509,0.9312602877616882
3,403,10,1580,0.9286561608314514
3,404,1,1379,0.9355199933052063
3,404,2,2080,0.9330391883850098
3,404,3,2200,0.9321773648262024
3,404,4,2514,0.9321773648262024
3,404,5,2758,0.9315590262413025
3,404,6,1656,0.9314133524894714
3,404,7,1470,0.9308194518089294
3,404,8,2254,0.9304025769233704
3,404,9,609,0.9302555322647095
3,404,10,1728,0.9301463961601257
3,405,1,980,0.943338930606842
3,405,2,354,0.9369184374809265
3,405,3,2030,0.9324944019317627
3,405,4,1882,0.9319486618041992
3,405,5,257,0.9303342700004578
3,405,6,681,0.9250815510749817
3,405,7,2632,0.924929678440094
3,405,8,193,0.9239179491996765
3,405,9,177,0.9180623888969421
3,405,10,1087,0.915340006351471
3,406,1,2568,0.9381033778190613
3,406,2,546,0.9199371337890625
3,406,3,2299,0.9189835786819458
3,406,4,550,0.9088161587715149
3,406,5,1882,0.9072866439819336
3,406,6,206,0.902567982673645
3,406,7,980,0.9021874070167542
3,406,8,354,0.891011655330658
3,406,9,193,0.8905779123306274
3,406,10,2736,0.8889581561088562
3,407,1,275,0.9477280378341675
3,407,2,2832,0.9243113994598389
3,407,3,80,0.9216634631156921
3,407,4,2994,0.9190124273300171
3,407,5,1893,0.9129380583763123
3,407,6,1936,0.9102806448936462
3,407,7,1232,0.9096719622612
3,407,8,1121,0.909498929977417
3,407,9,2293,0.9071128368377686
3,407,10,1615,0.9068573713302612
3,408,1,275,0.94742351770401
3,408,2,2293,0.9337971806526184
3,408,3,1232,0.9337762594223022
3,408,4,1615,0.9335319995880127
3,408,5,1893,0.9318135380744934
3,408,6,2576,0.9306915402412415
3,408,7,1121,0.9297119379043579
3,408,8,1936,0.9283812046051025
3,408,9,1654,0.9265111684799194
3,408,10,2009,0.924653947353363
3,409,1,2785,0.9680303335189819
3,409,2,1878,0.9665838479995728
3,409,3,2188,0.9641743898391724
3,409,4,1408,0.9602732062339783
3,409,5,521,0.9594496488571167
3,409,6,97,0.9594413042068481
3,409,7,539,0.95858234167099
3,409,8,508,0.9575798511505127
3,409,9,656,0.9510568976402283
3,409,10,627,0.9509938955307007
3,410,1,493,0.9675735235214233
3,410,2,521,0.9633947610855103
3,410,3,2160,0.9596759080886841
3,410,4,774,0.9563153982162476
3,410,5,2906,0.9522567391395569
3,410,6,2188,0.9501219391822815
3,410,7,97,0.9490764141082764
3,410,8,1981,0.9477365016937256
3,410,9,2048,0.9458929896354675
3,410,10,2488,0.9455425143241882
3,411,1,1531,0.9696201086044312
3,411,2,2432,0.9680877327919006
3,411,3,2961,0.9679660797119141
3,411,4,2297,0.9661414623260498
3,411,5,1829,0.9601529240608215
3,411,6,707,0.9591447114944458
3,411,7,2256,0.9585075974464417
3,411,8,998,0.9570199847221375
3,411,9,1248,0.9567812085151672
3,411,10,563,0.9559729099273682
3,412,1,283,0.9666861295700073
3,412,2,2432,0.957362174987793
3,412,3,1829,0.956927478313446
3,412,4,1448,0.9565407037734985
3,412,5,1310,0.9550602436065674
3,412,6,1248,0.9549996256828308
3,412,7,2256,0.9547215700149536
3,412,8,707,0.9523806571960449
3,412,9,1531,0.9515547752380371
3,412,10,229,0.9472548365592957
3,413,1,539,0.972305417060852
3,413,2,493,0.9684100151062012
3,413,3,2160,0.9652661085128784
3,413,4,2906,0.9571053981781006
3,413,5,1981,0.9551746249198914
3,413,6,2048,0.9538683891296387
3,413,7,97,0.9502840042114258
3,413,8,1698,0.9437652230262756
3,413,9,2019,0.9384114146232605
3,413,10,1063,0.936165452003479
3,414,1,283,0.9603342413902283
3,414,2,3017,0.9595293998718262
3,414,3,1448,0.9592504501342773
3,414,4,2160,0.9571553468704224
3,414,5,1248,0.9562917947769165
3,414,6,2256,0.956023097038269
3,414,7,1063,0.9553942680358887
3,414,8,2048,0.9551082849502563
3,414,9,1829,0.9548355937004089
3,414,10,1981,0.9540272951126099
3,415,1,1015,0.9304855465888977
3,415,2,2590,0.9265021681785583
3,415,3,194,0.9216710329055786
3,415,4,1376,0.9216570854187012
3,415,5,2743,0.9205933809280396
3,415,6,664,0.9193972945213318
3,415,7,2328,0.919209361076355
3,415,8,8,0.9166576266288757
3,415,9,1558,0.9158732295036316
3,415,10,2042,0.914358377456665
3,416,1,1618,0.9291632771492004
3,416,2,1884,0.9271724820137024
3,416,3,2272,0.9265496134757996
3,416,4,1029,0.9261623620986938
3,416,5,2183,0.9255213737487793
3,416,6,670,0.9252010583877563
3,416,7,201,0.9250431656837463
3,416,8,876,0.9242450594902039
3,416,9,742,0.9222728610038757
3,416,10,755,0.9215754866600037
3,417,1,78,0.9312951564788818
3,417,2,2328,0.9310473203659058
3,417,3,2272,0.9192427396774292
3,417,4,2183,0.9173328876495361
3,417,5,201,0.9170724749565125
3,417,6,112,0.913966178894043
3,417,7,1618,0.9129414558410645
3,417,8,1791,0.9125828146934509
3,417,9,1029,0.912142813205719
3,417,10,670,0.9081079363822937
3,418,1,742,0.9324963092803955
3,418,2,264,0.9322117567062378
3,418,3,1266,0.9308434128761292
3,418,4,78,0.9287675023078918
3,418,5,670,0.927902102470398
3,418,6,1,0.9273084998130798
3,418,7,1029,0.9270505309104919
3,418,8,432,0.9234664440155029
3,418,9,518,0.9220190048217773
3,418,10,2697,0.9205675721168518
3,419,1,2328,0.9235702753067017
3,419,2,2590,0.9179434776306152
3,419,3,194,0.9119080305099487
3,419,4,1015,0.9080653190612793
3,419,5,2743,0.9076033234596252
3,419,6,1558,0.9068222045898438
3,419,7,2769,0.8991502523422241
3,419,8,8,0.8982728123664856
3,419,9,1376,0.8963339924812317
3,419,10,664,0.8920870423316956
3,420,1,2328,0.945277214050293
3,420,2,2590,0.9379191994667053
3,420,3,194,0.933901846408844
3,420,4,2743,0.9321569800376892
3,420,5,1558,0.9315051436424255
3,420,6,2790,0.9256894588470459
3,420,7,2769,0.9239688515663147
3,420,8,8,0.9224185943603516
3,420,9,273,0.9218978881835938
3,420,10,939,0.9175496101379395
3,421,1,2590,0.9390575289726257
3,421,2,194,0.9363111257553101
3,421,3,2743,0.9360585808753967
3,421,4,8,0.933556079864502
3,421,5,1558,0.9321987628936768
3,421,6,2328,0.9307308793067932
3,421,7,2769,0.9279502034187317
3,421,8,939,0.9266715049743652
3,421,9,273,0.9228296279907227
3,421,10,1015,0.9208346009254456
3,422,1,2328,0.9415088891983032
3,422,2,78,0.9268322587013245
3,422,3,2790,0.9262465238571167
3,422,4,2272,0.9258524179458618
3,422,5,2590,0.9149488210678101
3,422,6,1618,0.9145255088806152
3,422,7,2743,0.913489043712616
3,422,8,1029,0.912023663520813
3,422,9,194,0.9096442461013794
3,422,10,1558,0.909520149230957
3,423,1,2328,0.9253430962562561
3,423,2,2272,0.9189479947090149
3,423,3,78,0.9180829524993896
3,423,4,1029,0.9141880869865417
3,423,5,670,0.9103003740310669
3,423,6,2790,0.9100820422172546
3,423,7,1791,0.9084404706954956
3,423,8,1618,0.9073675870895386
3,423,9,264,0.9052672982215881
3,423,10,1266,0.8992356061935425
3,424,1,1029,0.9286814332008362
3,424,2,670,0.927128791809082
3,424,3,264,0.9266189336776733
3,424,4,78,0.9248056411743164
3,424,5,1266,0.9206509590148926
3,424,6,2183,0.9204457402229309
3,424,7,201,0.9201183915138245
3,424,8,1618,0.9197127819061279
3,424,9,742,0.9179145097732544
3,424,10,1,0.9170240759849548
3,425,1,1266,0.9383544921875
3,425,2,264,0.9375005960464478
3,425,3,432,0.9353761672973633
3,425,4,1,0.934564471244812
3,425,5,742,0.9311607480049133
3,425,6,2697,0.9298749566078186
3,425,7,2700,0.9288105964660645
3,425,8,670,0.9271960854530334
3,425,9,518,0.922063946723938
3,425,10,2653,0.9215216636657715
3,426,1,1029,0.9290741086006165
3,426,2,2272,0.92790287733078
3,426,3,2183,0.9245489835739136
3,426,4,201,0.9243019819259644
3,426,5,264,0.9241598844528198
3,426,6,78,0.9227142930030823
3,426,7,3010,0.9173862934112549
3,426,8,2328,0.9168757200241089
3,426,9,112,0.9168406128883362
3,426,10,518,0.9151375889778137
3,427,1,1029,0.9232258200645447
3,427,2,670,0.921715497970581
3,427,3,1266,0.9189153909683228
3,427,4,78,0.9181962609291077
3,427,5,2272,0.9180454611778259
3,427,6,1,0.9149408340454102
3,427,7,2183,0.9133255481719971
3,427,8,201,0.9130174517631531
3,427,9,1618,0.9112701416015625
3,427,10,2328,0.9104889631271362
3,428,1,2272,0.9320385456085205
3,428,2,2183,0.9297871589660645
3,428,3,201,0.9296509623527527
3,428,4,1029,0.9279317259788513
3,428,5,112,0.9243722558021545
3,428,6,670,0.924235463142395
3,428,7,1618,0.9233341217041016
3,428,8,2328,0.9220000505447388
3,428,9,1791,0.9213082790374756
3,428,10,3010,0.9205089211463928
3,429,1,2272,0.9320385456085205
3,429,2,2183,0.9297871589660645
3,429,3,201,0.9296509623527527
3,429,4,1029,0.9279317259788513
3,429,5,112,0.9243722558021545
3,429,6,670,0.924235463142395
3,429,7,1618,0.9233341217041016
3,429,8,2328,0.9220000505447388
3,429,9,1791,0.9213082790374756
3,429,10,3010,0.9205089211463928
3,430,1,2272,0.9320385456085205
3,430,2,2183,0.9297871589660645
3,430,3,201,0.9296509623527527
3,430,4,1029,0.9279317259788513
3,430,5,112,0.9243722558021545
3,430,6,670,0.924235463142395
3,430,7,1618,0.9233341217041016
3,430,8,2328,0.9220000505447388
3,430,9,1791,0.9213082790374756
3,430,10,3010,0.9205089211463928
3,435,1,432,0.9326407313346863
3,435,2,1266,0.9318740963935852
3,435,3,1,0.9274536371231079
3,435,4,2697,0.9246816039085388
3,435,5,621,0.9138853549957275
3,435,6,2653,0.9136179089546204
3,435,7,754,0.9134422540664673
3,435,8,1029,0.9082195162773132
3,435,9,78,0.9003143310546875
3,435,10,1018,0.8922001719474792
3,436,1,432,0.9406973719596863
3,436,2,1266,0.9372652173042297
3,436,3,1,0.9341014623641968
3,436,4,2697,0.9321830868721008
3,436,5,2653,0.9285367727279663
3,436,6,264,0.9280945062637329
3,436,7,754,0.9261499643325806
3,436,8,670,0.9098088145256042
3,436,9,2609,0.906447172164917
3,436,10,1029,0.9048353433609009
3,437,1,432,0.9367163181304932
3,437,2,1266,0.9363614916801453
3,437,3,1,0.9326968193054199
3,437,4,2697,0.929633617401123
3,437,5,2653,0.9215100407600403
3,437,6,754,0.9204108119010925
3,437,7,1029,0.9096479415893555
3,437,8,78,0.9015794396400452
3,437,9,624,0.9006764888763428
3,437,10,1018,0.8984857797622681
3,438,1,1266,0.9339441061019897
3,438,2,432,0.9319913387298584
3,438,3,1,0.9298273921012878
3,438,4,2697,0.9257226586341858
3,438,5,2700,0.917793869972229
3,438,6,754,0.9137791991233826
3,438,7,2653,0.9133455753326416
3,438,8,621,0.9118726253509521
3,438,9,78,0.9080218076705933
3,438,10,585,0.897850751876831
3,439,1,2911,0.9291185736656189
3,439,2,2205,0.924157440662384
3,439,3,44,0.9218689799308777
3,439,4,2640,0.9176434278488159
3,439,5,105,0.9175314903259277
3,439,6,49,0.917190670967102
3,439,7,562,0.9158241152763367
3,439,8,293,0.913390576839447
3,439,9,701,0.9117832183837891
3,439,10,1811,0.9115496873855591
3,440,1,2761,0.9201366901397705
3,440,2,44,0.9197036027908325
3,440,3,2640,0.9188061356544495
3,440,4,105,0.9186934232711792
3,440,5,49,0.9158934354782104
3,440,6,701,0.9132533073425293
3,440,7,1716,0.9107393026351929
3,440,8,562,0.9085884094238281
3,440,9,1811,0.9068908095359802
3,440,10,2851,0.9037598967552185
3,441,1,44,0.9386070966720581
3,441,2,1716,0.9340590834617615
3,441,3,852,0.9271199107170105
3,441,4,2429,0.9269680380821228
3,441,5,2826,0.9256895184516907
3,441,6,3019,0.9210239052772522
3,441,7,1696,0.9197172522544861
3,441,8,704,0.917604386806488
3,441,9,1907,0.9155967831611633
3,441,10,91,0.9145193696022034
3,442,1,44,0.9353967308998108
3,442,2,1716,0.9300161004066467
3,442,3,1749,0.9290263652801514
3,442,4,852,0.9221134781837463
3,442,5,2429,0.9217860698699951
3,442,6,2826,0.9182127118110657
3,442,7,3019,0.9140863418579102
3,442,8,1696,0.9126498103141785
3,442,9,704,0.9104901552200317
3,442,10,1907,0.9080080986022949
3,443,1,1380,0.923576831817627
3,443,2,1467,0.9228627681732178
3,443,3,701,0.9227295517921448
3,443,4,1383,0.9220302104949951
3,443,5,2205,0.9182344079017639
3,443,6,1701,0.9179060459136963
3,443,7,2686,0.917792797088623
3,443,8,1611,0.9171421527862549
3,443,9,2725,0.9169211983680725
3,443,10,105,0.9168825745582581
3,444,1,1258,0.9359316825866699
3,444,2,315,0.9204328060150146
3,444,3,104,0.9141718745231628
3,444,4,1064,0.9077593684196472
3,444,5,33,0.9030243754386902
3,444,6,1964,0.8998242616653442
3,444,7,338,0.8972243070602417
3,444,8,1541,0.8940383195877075
3,444,9,2917,0.8938218951225281
3,444,10,984,0.8908670544624329
3,445,1,338,0.9369268417358398
3,445,2,3048,0.9351600408554077
3,445,3,1541,0.9334285259246826
3,445,4,1781,0.9333200454711914
3,445,5,984,0.9316322207450867
3,445,6,1369,0.9307246208190918
3,445,7,1180,0.9278391003608704
3,445,8,869,0.9261077642440796
3,445,9,633,0.923901379108429
3,445,10,1750,0.9163602590560913
3,446,1,974,0.9501566886901855
3,446,2,2513,0.9461013674736023
3,446,3,2802,0.9386255741119385
3,446,4,2871,0.9328609704971313
3,446,5,2484,0.9319717884063721
3,446,6,1215,0.9227137565612793
3,446,7,2923,0.9182605147361755
3,446,8,5,0.9166116714477539
3,446,9,1409,0.9161474704742432
3,446,10,1360,0.9099324345588684
3,448,1,1692,0.9650971293449402
3,448,2,2391,0.9606236219406128
3,448,3,2705,0.9588190913200378
3,448,4,2912,0.9548755884170532
3,448,5,665,0.9505856037139893
3,448,6,394,0.9410691261291504
3,448,7,1184,0.9394260048866272
3,448,8,1048,0.938935399055481
3,448,9,1587,0.933807909488678
3,448,10,1655,0.9256588220596313
3,449,1,899,0.9439967274665833
3,449,2,2705,0.9275489449501038
3,449,3,1692,0.9162852764129639
3,449,4,1613,0.9019112586975098
3,449,5,1001,0.8898761868476868
3,449,6,2377,0.8871697783470154
3,449,7,512,0.8860681056976318
3,449,8,1252,0.8846826553344727
3,449,9,479,0.87994384765625
3,449,10,1109,0.8788318634033203
3,450,1,1692,0.9624150395393372
3,450,2,665,0.9617637395858765
3,450,3,2391,0.9583468437194824
3,450,4,1184,0.9550164341926575
3,450,5,1048,0.9527872800827026
3,450,6,1587,0.9515699744224548
3,450,7,2705,0.9477664232254028
3,450,8,301,0.9464696049690247
3,450,9,1655,0.9454026222229004
3,450,10,173,0.9394897222518921
3,451,1,2705,0.946094274520874
3,451,2,1692,0.9360588192939758
3,451,3,899,0.9337589740753174
3,451,4,2391,0.9135986566543579
3,451,5,665,0.8915067315101624
3,451,6,1613,0.8825963139533997
3,451,7,672,0.8791108727455139
3,451,8,2145,0.8770154714584351
3,451,9,2927,0.867247998714447
3,451,10,1001,0.8667365908622742
3,452,1,1692,0.9677096605300903
3,452,2,2705,0.9615073204040527
3,452,3,2391,0.9510189294815063
3,452,4,665,0.9468687176704407
3,452,5,1048,0.935174822807312
3,452,6,2145,0.9336351752281189
3,452,7,1184,0.9314512610435486
3,452,8,1587,0.926598072052002
3,452,9,2927,0.9264945387840271
3,452,10,90,0.9263169765472412
3,453,1,1655,0.9640418887138367
3,453,2,2384,0.96025550365448
3,453,3,2870,0.9582532048225403
3,453,4,1718,0.9574458599090576
3,453,5,665,0.9527408480644226
3,453,6,191,0.9516816139221191
3,453,7,2912,0.9474382400512695
3,453,8,1779,0.9473612904548645
3,453,9,90,0.9451586008071899
3,453,10,2309,0.943019449710846
3,455,1,1655,0.9652101993560791
3,455,2,1048,0.96275395154953
3,455,3,2870,0.9599487781524658
3,455,4,2384,0.9592642784118652
3,455,5,191,0.9587896466255188
3,455,6,1587,0.958113968372345
3,455,7,2912,0.9533877968788147
3,455,8,1779,0.9504950642585754
3,455,9,90,0.9500287175178528
3,455,10,394,0.946478545665741
3,456,1,1655,0.9677594900131226
3,456,2,2870,0.9645341634750366
3,456,3,1718,0.9637980461120605
3,456,4,2384,0.9618734121322632
3,456,5,191,0.9617457389831543
3,456,6,1779,0.9584866762161255
3,456,7,2912,0.9583264589309692
3,456,8,2615,0.9553819298744202
3,456,9,90,0.9496651887893677
3,456,10,1692,0.9476783275604248
3,457,1,2942,0.934377133846283
3,457,2,1692,0.9289713501930237
3,457,3,899,0.9282333254814148
3,457,4,1603,0.9248407483100891
3,457,5,191,0.9223968982696533
3,457,6,301,0.9222358465194702
3,457,7,173,0.9210290908813477
3,457,8,394,0.9206894636154175
3,457,9,2705,0.917531430721283
3,457,10,90,0.9151685833930969
3,458,1,672,0.9583537578582764
3,458,2,1048,0.9527038335800171
3,458,3,2391,0.9520454406738281
3,458,4,1779,0.9513552784919739
3,458,5,191,0.9495765566825867
3,458,6,1692,0.9485474228858948
3,458,7,833,0.9438760280609131
3,458,8,1655,0.9438685178756714
3,458,9,788,0.9434283971786499
3,458,10,1718,0.9382979869842529
3,459,1,315,0.9600815773010254
3,459,2,982,0.9560911655426025
3,459,3,2917,0.953131914138794
3,459,4,1064,0.9512872099876404
3,459,5,2084,0.9512166976928711
3,459,6,1449,0.9486588835716248
3,459,7,2075,0.9482940435409546
3,459,8,1832,0.9482021927833557
3,459,9,1991,0.9476199150085449
3,459,10,104,0.9445116519927979
3,460,1,315,0.9575570821762085
3,460,2,1064,0.9508374929428101
3,460,3,2917,0.9490163922309875
3,460,4,1991,0.9465581178665161
3,460,5,2084,0.9395942091941833
3,460,6,982,0.9382973313331604
3,460,7,2659,0.9367703795433044
3,460,8,104,0.9351229071617126
3,460,9,2296,0.9349871277809143
3,460,10,2196,0.9349393248558044
3,461,1,315,0.9581868648529053
3,461,2,1157,0.9535877704620361
3,461,3,2917,0.9526471495628357
3,461,4,1064,0.9512612223625183
3,461,5,982,0.9508240818977356
3,461,6,1991,0.9486013054847717
3,461,7,2084,0.9480011463165283
3,461,8,2075,0.94381183385849
3,461,9,1449,0.9435661435127258
3,461,10,1723,0.9426164031028748
3,462,1,33,0.9155451655387878
3,462,2,2484,0.9143359065055847
3,462,3,2296,0.9085657596588135
3,462,4,974,0.9082663059234619
3,462,5,315,0.9056117534637451
3,462,6,1064,0.8903776407241821
3,462,7,2513,0.8889526724815369
3,462,8,2802,0.8868440985679626
3,462,9,2196,0.8832399845123291
3,462,10,1991,0.8792561888694763
3,463,1,2296,0.9479851722717285
3,463,2,315,0.944007396697998
3,463,3,1064,0.9377989172935486
3,463,4,1991,0.935782790184021
3,463,5,2196,0.932725191116333
3,463,6,2659,0.9308294057846069
3,463,7,2917,0.9294407367706299
3,463,8,1157,0.9280049204826355
3,463,9,33,0.9245309233665466
3,463,10,2484,0.921396017074585
3,465,1,192,0.9465779662132263
3,465,2,663,0.9464510083198547
3,465,3,608,0.9423258304595947
3,465,4,1963,0.9362614154815674
3,465,5,2628,0.9329601526260376
3,465,6,3053,0.9286766052246094
3,465,7,2157,0.9251782298088074
3,465,8,843,0.9226372838020325
3,465,9,783,0.9224933981895447
3,465,10,1437,0.9224704504013062
3,467,1,663,0.9515499472618103
3,467,2,192,0.9498668313026428
3,467,3,2628,0.9433074593544006
3,467,4,3053,0.9376333355903625
3,467,5,1963,0.9363020658493042
3,467,6,1437,0.9361089468002319
3,467,7,608,0.9359090924263
3,467,8,176,0.9356487393379211
3,467,9,783,0.9348307847976685
3,467,10,2280,0.9304226636886597
3,468,1,663,0.9567195773124695
3,468,2,192,0.9525915384292603
3,468,3,2628,0.9448705315589905
3,468,4,608,0.9409473538398743
3,468,5,3053,0.9380618929862976
3,468,6,1437,0.9363779425621033
3,468,7,783,0.9362801909446716
3,468,8,176,0.9358278512954712
3,468,9,1963,0.9335927963256836
3,468,10,2280,0.9303675889968872
3,469,1,315,0.9535300135612488
3,469,2,982,0.9496558308601379
3,469,3,2917,0.9459629654884338
3,469,4,1064,0.9447843432426453
3,469,5,2084,0.9438020586967468
3,469,6,2075,0.9400787353515625
3,469,7,1449,0.9400681257247925
3,469,8,1991,0.9392877221107483
3,469,9,104,0.939111053943634
3,469,10,1062,0.9350762367248535
3,470,1,1277,0.9587310552597046
3,470,2,1582,0.9558433890342712
3,470,3,608,0.9541124701499939
3,470,4,1963,0.9417431354522705
3,470,5,192,0.9363863468170166
3,470,6,843,0.9346168637275696
3,470,7,63,0.9337347745895386
3,470,8,2862,0.9334871768951416
3,470,9,1476,0.9331452250480652
3,470,10,663,0.9275848269462585
3,471,1,2961,0.9729384779930115
3,471,2,2297,0.9693830013275146
3,471,3,2256,0.9644606709480286
3,471,4,998,0.963984489440918
3,471,5,1447,0.9630162119865417
3,471,6,1248,0.962194561958313
3,471,7,563,0.9597137570381165
3,471,8,653,0.9577711820602417
3,471,9,504,0.9563968777656555
3,471,10,1448,0.9539927840232849
3,472,1,2961,0.9758228063583374
3,472,2,2297,0.9739886522293091
3,472,3,998,0.9712100625038147
3,472,4,563,0.9676546454429626
3,472,5,653,0.9659433364868164
3,472,6,504,0.9654480218887329
3,472,7,2801,0.9612011909484863
3,472,8,306,0.9586445093154907
3,472,9,707,0.9571811556816101
3,472,10,294,0.9536184072494507
3,474,1,2961,0.9754140973091125
3,474,2,2297,0.9745960831642151
3,474,3,563,0.9705944061279297
3,474,4,653,0.9693604707717896
3,474,5,2801,0.9677001237869263
3,474,6,998,0.9675118327140808
3,474,7,1531,0.9668287634849548
3,474,8,504,0.9575399160385132
3,474,9,306,0.9571425318717957
3,474,10,31,0.9545450806617737
3,475,1,2801,0.9781016707420349
3,475,2,563,0.977861762046814
3,475,3,653,0.9774006009101868
3,475,4,31,0.9755268692970276
3,475,5,2297,0.9726640582084656
3,475,6,998,0.9695206880569458
3,475,7,2961,0.968298077583313
3,475,8,306,0.9650585651397705
3,475,9,183,0.9644719362258911
3,475,10,2324,0.9643811583518982
3,476,1,2432,0.9694470167160034
3,476,2,1448,0.9677122235298157
3,476,3,283,0.9670312404632568
3,476,4,1447,0.9616042971611023
3,476,5,1531,0.9614014625549316
3,476,6,3017,0.9531956315040588
3,476,7,1310,0.9528182744979858
3,476,8,2160,0.947830855846405
3,476,9,2961,0.9444774389266968
3,476,10,2906,0.9440596103668213
3,477,1,2801,0.9775726199150085
3,477,2,563,0.9757980704307556
3,477,3,653,0.9753130078315735
3,477,4,31,0.9726783037185669
3,477,5,2297,0.9719521999359131
3,477,6,2961,0.9672560691833496
3,477,7,998,0.9655767679214478
3,477,8,306,0.9606648087501526
3,477,9,2324,0.9574264287948608
3,477,10,183,0.9571978449821472
3,478,1,2297,0.9684814214706421
3,478,2,2961,0.9662138223648071
3,478,3,2801,0.9628368616104126
3,478,4,563,0.9624201059341431
3,478,5,653,0.9606242775917053
3,478,6,998,0.9557063579559326
3,478,7,283,0.9523783922195435
3,478,8,31,0.9481970071792603
3,478,9,306,0.9456945061683655
3,478,10,707,0.9446761012077332
3,479,1,1163,0.9662939310073853
3,479,2,1992,0.9608142971992493
3,479,3,2100,0.9598995447158813
3,479,4,520,0.9598310589790344
3,479,5,398,0.9593086242675781
3,479,6,2972,0.9587487578392029
3,479,7,294,0.9572200179100037
3,479,8,717,0.9569587707519531
3,479,9,1742,0.9565766453742981
3,479,10,971,0.9559037685394287
3,480,1,2297,0.9731047749519348
3,480,2,2961,0.9709494113922119
3,480,3,563,0.9683301448822021
3,480,4,2801,0.9674924612045288
3,480,5,653,0.9666858911514282
3,480,6,998,0.9642990231513977
3,480,7,31,0.9547209143638611
3,480,8,504,0.9542274475097656
3,480,9,306,0.9533396363258362
3,480,10,283,0.9467224478721619
3,481,1,504,0.9764018058776855
3,481,2,998,0.9753977656364441
3,481,3,2961,0.9708035588264465
3,481,4,2297,0.9701152443885803
3,481,5,563,0.9696800112724304
3,481,6,653,0.9683927893638611
3,481,7,2801,0.9616931676864624
3,481,8,2324,0.9594838619232178
3,481,9,1531,0.9582619667053223
3,481,10,31,0.9572471976280212
3,483,1,504,0.9754431843757629
3,483,2,998,0.9749889373779297
3,483,3,2961,0.9714379906654358
3,483,4,2297,0.9709415435791016
3,483,5,563,0.968510091304779
3,483,6,653,0.9667884111404419
3,483,7,306,0.9649573564529419
3,483,8,1531,0.9618527293205261
3,483,9,2801,0.9601387977600098
3,483,10,2324,0.9551432132720947
3,484,1,504,0.9754431843757629
3,484,2,998,0.9749889373779297
3,484,3,2961,0.9714379906654358
3,484,4,2297,0.9709415435791016
3,484,5,563,0.968510091304779
3,484,6,653,0.9667884111404419
3,484,7,306,0.9649573564529419
3,484,8,1531,0.9618527293205261
3,484,9,2801,0.9601387977600098
3,484,10,2324,0.9551432132720947
3,485,1,504,0.9784978032112122
3,485,2,998,0.9741575121879578
3,485,3,2961,0.9663797616958618
3,485,4,2297,0.9658998847007751
3,485,5,563,0.9656331539154053
3,485,6,653,0.9641928672790527
3,485,7,2324,0.9600582718849182
3,485,8,183,0.9566522836685181
3,485,9,2801,0.9561933279037476
3,485,10,1531,0.9541854858398438
3,486,1,2100,0.9702798128128052
3,486,2,398,0.9697699546813965
3,486,3,2972,0.9695135354995728
3,486,4,294,0.9691712856292725
3,486,5,520,0.9639853835105896
3,486,6,504,0.9611135721206665
3,486,7,717,0.9529714584350586
3,486,8,359,0.9511120319366455
3,486,9,1412,0.9505705237388611
3,486,10,998,0.9503016471862793
3,487,1,520,0.9709317088127136
3,487,2,717,0.9622629284858704
3,487,3,2141,0.9613120555877686
3,487,4,359,0.960395336151123
3,487,5,1412,0.9579989314079285
3,487,6,1992,0.9577298164367676
3,487,7,2100,0.956165611743927
3,487,8,398,0.9556017518043518
3,487,9,2972,0.9548710584640503
3,487,10,294,0.9527250528335571
3,491,1,1278,0.9504011869430542
3,491,2,795,0.9347020983695984
3,491,3,1836,0.9315578937530518
3,491,4,168,0.9277408719062805
3,491,5,122,0.9253284931182861
3,491,6,1831,0.92351233959198
3,491,7,1208,0.923183798789978
3,491,8,1190,0.9149777889251709
3,491,9,2578,0.9125324487686157
3,491,10,2197,0.9084458351135254
3,492,1,168,0.9394323825836182
3,492,2,495,0.9376792907714844
3,492,3,1682,0.9338289499282837
3,492,4,1208,0.9184032678604126
3,492,5,795,0.915597677230835
3,492,6,2343,0.9084815382957458
3,492,7,270,0.9082095623016357
3,492,8,1153,0.907645583152771
3,492,9,784,0.9058363437652588
3,492,10,1190,0.9050154089927673
3,493,1,168,0.9590691924095154
3,493,2,270,0.9516387581825256
3,493,3,1275,0.9503057599067688
3,493,4,784,0.9469935297966003
3,493,5,1836,0.9449307322502136
3,493,6,2969,0.9413713812828064
3,493,7,439,0.936332106590271
3,493,8,1592,0.9246284365653992
3,493,9,2343,0.9225610494613647
3,493,10,617,0.9209413528442383
3,494,1,2969,0.9475423097610474
3,494,2,1070,0.9405843019485474
3,494,3,1275,0.9403132200241089
3,494,4,1265,0.9362191557884216
3,494,5,168,0.9329537153244019
3,494,6,270,0.9323267340660095
3,494,7,784,0.9251935482025146
3,494,8,1528,0.9226980805397034
3,494,9,1592,0.9171112179756165
3,494,10,1304,0.9123315215110779
3,495,1,2622,0.951256513595581
3,495,2,1744,0.9510749578475952
3,495,3,189,0.9496870636940002
3,495,4,613,0.9495019316673279
3,495,5,2180,0.94572913646698
3,495,6,2185,0.9454658031463623
3,495,7,1659,0.9452531933784485
3,495,8,572,0.9439367055892944
3,495,9,96,0.9378818273544312
3,495,10,108,0.9354378581047058
4,1,1,1821,0.9814584851264954
4,1,2,216,0.9780296683311462
4,1,3,1279,0.9755765795707703
4,1,4,1805,0.9732012152671814
4,1,5,2395,0.973133385181427
4,1,6,1495,0.9719972014427185
4,1,7,1034,0.9704051613807678
4,1,8,2352,0.9704028367996216
4,1,9,93,0.962699830532074
4,1,10,1751,0.9541988968849182
4,2,1,2341,0.8993454575538635
4,2,2,2618,0.8985332250595093
4,2,3,1365,0.8945150971412659
4,2,4,271,0.8934641480445862
4,2,5,2745,0.8863522410392761
4,2,6,426,0.8838678598403931
4,2,7,2409,0.8814024925231934
4,2,8,645,0.8802635669708252
4,2,9,2396,0.8713470101356506
4,2,10,1013,0.8576868176460266
4,3,1,1691,0.9289665222167969
4,3,2,2848,0.9271897077560425
4,3,3,2552,0.9267042279243469
4,3,4,706,0.9255437850952148
4,3,5,2302,0.9191615581512451
4,3,6,2989,0.9125432968139648
4,3,7,1176,0.9119941592216492
4,3,8,208,0.9119055271148682
4,3,9,2291,0.909964382648468
4,3,10,1078,0.9084500074386597
4,4,1,1612,0.8025845289230347
4,4,2,991,0.7699681520462036
4,4,3,534,0.7669166922569275
4,4,4,220,0.7601907253265381
4,4,5,3063,0.7527773976325989
4,4,6,2482,0.7413647770881653
4,4,7,925,0.7338710427284241
4,4,8,2408,0.7331756949424744
4,4,9,1681,0.7320372462272644
4,4,10,2448,0.7266664505004883
4,7,1,2341,0.9155313372612
4,7,2,2211,0.9030844569206238
4,7,3,2396,0.9021698236465454
4,7,4,2745,0.9013366103172302
4,7,5,426,0.9001110792160034
4,7,6,2787,0.8996294140815735
4,7,7,2618,0.896014392375946
4,7,8,2677,0.8928270936012268
4,7,9,1365,0.8857946395874023
4,7,10,271,0.8852176666259766
4,8,1,2143,0.8873611688613892
4,8,2,530,0.8836377859115601
4,8,3,1642,0.8834847807884216
4,8,4,205,0.8790614604949951
4,8,5,2098,0.8783953785896301
4,8,6,1045,0.8762315511703491
4,8,7,2095,0.8730870485305786
4,8,8,2521,0.8614505529403687
4,8,9,2406,0.8580976724624634
4,8,10,2358,0.8564063310623169
4,9,1,310,0.9414007663726807
4,9,2,732,0.9343164563179016
4,9,3,769,0.929869532585144
4,9,4,2368,0.9276348352432251
4,9,5,692,0.9246720671653748
4,9,6,599,0.913630485534668
4,9,7,2161,0.9121761918067932
4,9,8,2111,0.9070152640342712
4,9,9,1812,0.9050605893135071
4,9,10,480,0.9030700325965881
4,10,1,2098,0.8968966603279114
4,10,2,461,0.8742037415504456
4,10,3,2143,0.8683317303657532
4,10,4,2358,0.8635613322257996
4,10,5,530,0.862315833568573
4,10,6,1045,0.8609204292297363
4,10,7,2405,0.8528846502304077
4,10,8,2481,0.8509175777435303
4,10,9,205,0.8492028117179871
4,10,10,556,0.8378609418869019
4,11,1,1311,0.9336206316947937
4,11,2,773,0.9317101836204529
4,11,3,1747,0.9295556545257568
4,11,4,1082,0.9291583895683289
4,11,5,1792,0.9277810454368591
4,11,6,1428,0.9261070489883423
4,11,7,1236,0.9235681295394897
4,11,8,2162,0.9215868711471558
4,11,9,1055,0.919344961643219
4,11,10,1427,0.9181544780731201
4,12,1,512,0.9250946044921875
4,12,2,3063,0.9098489880561829
4,12,3,1613,0.9068028926849365
4,12,4,1252,0.9067462086677551
4,12,5,220,0.9037880897521973
4,12,6,2253,0.9035896062850952
4,12,7,972,0.902884840965271
4,12,8,2283,0.8871358633041382
4,12,9,1992,0.8806807398796082
4,12,10,2606,0.8767328858375549
4,13,1,118,0.90406733751297
4,13,2,2202,0.9015637636184692
4,13,3,2067,0.8978910446166992
4,13,4,835,0.8942765593528748
4,13,5,2447,0.8935705423355103
4,13,6,1454,0.892825186252594
4,13,7,1341,0.8912386894226074
4,13,8,476,0.8897238969802856
4,13,9,1586,0.889660656452179
4,13,10,1982,0.8882193565368652
4,14,1,1681,0.8904641270637512
4,14,2,1151,0.8877970576286316
4,14,3,2521,0.8873104453086853
4,14,4,1792,0.885390043258667
4,14,5,925,0.8825814127922058
4,14,6,1642,0.8699280619621277
4,14,7,205,0.8649492859840393
4,14,8,32,0.8631698489189148
4,14,9,94,0.8628697991371155
4,14,10,1082,0.8626364469528198
4,15,1,2521,0.9239650964736938
4,15,2,94,0.9158573150634766
4,15,3,1642,0.913130521774292
4,15,4,205,0.9129987955093384
4,15,5,379,0.9057831764221191
4,15,6,1681,0.905454695224762
4,15,7,925,0.9028254151344299
4,15,8,2143,0.9017858505249023
4,15,9,1710,0.8965327143669128
4,15,10,675,0.895401120185852
4,16,1,2143,0.8975595235824585
4,16,2,2098,0.8973857164382935
4,16,3,530,0.8879926204681396
4,16,4,1045,0.8858849406242371
4,16,5,1642,0.8804373145103455
4,16,6,2358,0.8785973191261292
4,16,7,461,0.8728713393211365
4,16,8,2095,0.8709699511528015
4,16,9,2521,0.8624167442321777
4,16,10,2406,0.8610596656799316
4,17,1,2098,0.8923749327659607
4,17,2,2143,0.8848027586936951
4,17,3,1045,0.8813020586967468
4,17,4,1642,0.8765744566917419
4,17,5,205,0.8764205574989319
4,17,6,2095,0.8728692531585693
4,17,7,2358,0.8691446781158447
4,17,8,2406,0.8676643371582031
4,17,9,461,0.8495863080024719
4,17,10,2159,0.8489405512809753
4,18,1,512,0.9384486079216003
4,18,2,1613,0.9378890991210938
4,18,3,1252,0.937352180480957
4,18,4,972,0.9334683418273926
4,18,5,2253,0.9319228529930115
4,18,6,2283,0.9229942560195923
4,18,7,3063,0.9132797122001648
4,18,8,1817,0.9078524112701416
4,18,9,2658,0.9051456451416016
4,18,10,295,0.9046036005020142
4,20,1,1082,0.9333581924438477
4,20,2,2097,0.9272429943084717
4,20,3,1792,0.9233856201171875
4,20,4,1151,0.9178212881088257
4,20,5,1236,0.9162169098854065
4,20,6,32,0.9081297516822815
4,20,7,1726,0.9025517106056213
4,20,8,1747,0.902047872543335
4,20,9,1311,0.8944212794303894
4,20,10,551,0.8917702436447144
4,21,1,1546,0.8889262080192566
4,21,2,1600,0.8789930939674377
4,21,3,634,0.8611123561859131
4,21,4,1535,0.8408138751983643
4,21,5,1438,0.8404590487480164
4,21,6,645,0.8386447429656982
4,21,7,2319,0.834189772605896
4,21,8,2435,0.8328275680541992
4,21,9,1872,0.8311639428138733
4,21,10,2367,0.8272247910499573
4,22,1,1642,0.9034395217895508
4,22,2,1538,0.894024670124054
4,22,3,2521,0.8937946557998657
4,22,4,1681,0.8864908218383789
4,22,5,379,0.8803223967552185
4,22,6,925,0.8794978857040405
4,22,7,2095,0.8793372511863708
4,22,8,2366,0.8739475011825562
4,22,9,402,0.8694499135017395
4,22,10,2406,0.8684066534042358
4,23,1,2745,0.8546469211578369
4,23,2,426,0.8501216173171997
4,23,3,2396,0.8435531258583069
4,23,4,645,0.8433632254600525
4,23,5,2677,0.8429126143455505
4,23,6,2211,0.8415582776069641
4,23,7,2787,0.8414195775985718
4,23,8,890,0.8314406275749207
4,23,9,1628,0.8301582932472229
4,23,10,2098,0.823715090751648
4,24,1,1438,0.8890969157218933
4,24,2,1600,0.8853515982627869
4,24,3,1535,0.8799529075622559
4,24,4,1546,0.8736628890037537
4,24,5,645,0.8702561855316162
4,24,6,1388,0.8665223717689514
4,24,7,746,0.8663568496704102
4,24,8,1359,0.8558233976364136
4,24,9,2618,0.855665385723114
4,24,10,1365,0.8555275201797485
4,25,1,1546,0.8682421445846558
4,25,2,645,0.8640920519828796
4,25,3,1600,0.8603407144546509
4,25,4,1438,0.8343414664268494
4,25,5,634,0.830379068851471
4,25,6,746,0.8193153738975525
4,25,7,2367,0.8163256645202637
4,25,8,2621,0.8143752217292786
4,25,9,2319,0.8133660554885864
4,25,10,1535,0.8132383823394775
4,26,1,118,0.9055890440940857
4,26,2,2202,0.89491206407547
4,26,3,2067,0.8928412795066833
4,26,4,835,0.8898430466651917
4,26,5,1454,0.8883781433105469
4,26,6,1644,0.8879786729812622
4,26,7,1500,0.8856087327003479
4,26,8,2089,0.8855827450752258
4,26,9,1982,0.8855116963386536
4,26,10,186,0.8847811222076416
4,27,1,2408,0.9023101925849915
4,27,2,1681,0.8907855749130249
4,27,3,925,0.8832201361656189
4,27,4,864,0.8807927966117859
4,27,5,567,0.8731994032859802
4,27,6,1642,0.8558439016342163
4,27,7,32,0.854228675365448
4,27,8,2097,0.8525339365005493
4,27,9,379,0.8517084717750549
4,27,10,1792,0.8500619530677795
4,28,1,634,0.904414176940918
4,28,2,1535,0.9021079540252686
4,28,3,1872,0.891292929649353
4,28,4,1600,0.8869807124137878
4,28,5,118,0.8806072473526001
4,28,6,557,0.8738702535629272
4,28,7,2319,0.8738538026809692
4,28,8,39,0.870813250541687
4,28,9,2202,0.8703675866127014
4,28,10,1644,0.865899384021759
4,29,1,1388,0.896190345287323
4,29,2,271,0.8919224143028259
4,29,3,1487,0.8887572288513184
4,29,4,1365,0.8857706785202026
4,29,5,2618,0.8840286135673523
4,29,6,2876,0.8792576193809509
4,29,7,1438,0.8771217465400696
4,29,8,2409,0.8736757040023804
4,29,9,1012,0.8706935048103333
4,29,10,584,0.8699983358383179
4,30,1,2098,0.9269688129425049
4,30,2,461,0.9226437211036682
4,30,3,2481,0.9079799652099609
4,30,4,2143,0.9045877456665039
4,30,5,2358,0.9037198424339294
4,30,6,205,0.8950600028038025
4,30,7,1801,0.8939238786697388
4,30,8,2405,0.891281008720398
4,30,9,530,0.8912110924720764
4,30,10,2162,0.8891798257827759
4,31,1,1612,0.8768371343612671
4,31,2,1681,0.8729192018508911
4,31,3,925,0.8714933395385742
4,31,4,2366,0.850744903087616
4,31,5,567,0.8500512838363647
4,31,6,534,0.8477926850318909
4,31,7,2521,0.8461232781410217
4,31,8,379,0.8446955680847168
4,31,9,94,0.8407583832740784
4,31,10,766,0.8393426537513733
4,32,1,1546,0.8840916156768799
4,32,2,634,0.8423053622245789
4,32,3,645,0.8415935635566711
4,32,4,1438,0.8368284106254578
4,32,5,1535,0.8260573148727417
4,32,6,2367,0.8203756809234619
4,32,7,2435,0.8187260031700134
4,32,8,2319,0.8186590075492859
4,32,9,1872,0.8176711201667786
4,32,10,1362,0.8159853219985962
4,33,1,1801,0.9406673312187195
4,33,2,2481,0.9357593059539795
4,33,3,461,0.9329929947853088
4,33,4,1038,0.9214864373207092
4,33,5,2287,0.9214391708374023
4,33,6,1910,0.9207219481468201
4,33,7,773,0.9200881123542786
4,33,8,2259,0.9194619059562683
4,33,9,2162,0.9170255661010742
4,33,10,1300,0.9158756732940674
4,34,1,1801,0.9230667948722839
4,34,2,2259,0.9130375981330872
4,34,3,1802,0.9091693758964539
4,34,4,2161,0.9087770581245422
4,34,5,1910,0.9079319834709167
4,34,6,461,0.9077728986740112
4,34,7,2481,0.9074726104736328
4,34,8,2410,0.8984732627868652
4,34,9,1300,0.8978270292282104
4,34,10,2287,0.8976863026618958
4,35,1,1600,0.845268726348877
4,35,2,645,0.8430903553962708
4,35,3,1546,0.8413968682289124
4,35,4,1438,0.832900881767273
4,35,5,1535,0.8186351656913757
4,35,6,746,0.8122403621673584
4,35,7,2618,0.8074519038200378
4,35,8,271,0.8071849942207336
4,35,9,1365,0.801655650138855
4,35,10,2211,0.7977306842803955
4,36,1,2406,0.8748548030853271
4,36,2,2677,0.8682789206504822
4,36,3,2098,0.8674768805503845
4,36,4,215,0.8641026020050049
4,36,5,2095,0.8621947765350342
4,36,6,1045,0.8607621192932129
4,36,7,2787,0.8606953620910645
4,36,8,2745,0.8554261326789856
4,36,9,1761,0.8532837629318237
4,36,10,1642,0.8508700132369995
4,37,1,1518,0.9049610495567322
4,37,2,1586,0.9004596471786499
4,37,3,2202,0.899992823600769
4,37,4,2447,0.8963916301727295
4,37,5,1341,0.8962073922157288
4,37,6,1554,0.8930729627609253
4,37,7,1657,0.8920648694038391
4,37,8,865,0.8903305530548096
4,37,9,476,0.8885631561279297
4,37,10,2067,0.8853675127029419
4,38,1,2933,0.9002899527549744
4,38,2,2144,0.891812801361084
4,38,3,2302,0.8824405074119568
4,38,4,2738,0.8793421387672424
4,38,5,2258,0.8788729310035706
4,38,6,128,0.8705906867980957
4,38,7,1176,0.8692625164985657
4,38,8,969,0.8679008483886719
4,38,9,208,0.8669003844261169
4,38,10,2552,0.8654563426971436
4,39,1,3062,0.9341475963592529
4,39,2,3016,0.9337286353111267
4,39,3,40,0.9324568510055542
4,39,4,316,0.9324021339416504
4,39,5,698,0.931972086429596
4,39,6,2323,0.9310706257820129
4,39,7,748,0.9296045303344727
4,39,8,1763,0.926414966583252
4,39,9,1979,0.9197183847427368
4,39,10,2237,0.9109320044517517
4,40,1,1254,0.946514904499054
4,40,2,1407,0.9234974980354309
4,40,3,113,0.9234738349914551
4,40,4,2144,0.8944032192230225
4,40,5,2114,0.8918833136558533
4,40,6,2273,0.888468861579895
4,40,7,2193,0.8882250189781189
4,40,8,2933,0.8845876455307007
4,40,9,1848,0.8823567032814026
4,40,10,748,0.8791223168373108
4,41,1,748,0.9001222848892212
4,41,2,698,0.8937839865684509
4,41,3,40,0.8900395631790161
4,41,4,3016,0.8869947791099548
4,41,5,3032,0.8860872387886047
4,41,6,1251,0.8802421689033508
4,41,7,2323,0.8762784600257874
4,41,8,3062,0.8758211135864258
4,41,9,1254,0.8736611008644104
4,41,10,316,0.8676310181617737
4,42,1,2195,0.9413347840309143
4,42,2,248,0.9350547194480896
4,42,3,667,0.9346430897712708
4,42,4,471,0.931005597114563
4,42,5,1254,0.909633994102478
4,42,6,1308,0.9028741717338562
4,42,7,1251,0.8744405508041382
4,42,8,1327,0.8686858415603638
4,42,9,1621,0.8482811450958252
4,42,10,2048,0.840836226940155
4,43,1,2048,0.9443860054016113
4,43,2,2019,0.9388899803161621
4,43,3,1447,0.9368014931678772
4,43,4,950,0.9310694336891174
4,43,5,229,0.9291980862617493
4,43,6,2273,0.9272398948669434
4,43,7,2195,0.9256580471992493
4,43,8,1981,0.9230591654777527
4,43,9,707,0.9191729426383972
4,43,10,2193,0.9104488492012024
4,45,1,1308,0.9390819072723389
4,45,2,1254,0.933363139629364
4,45,3,1251,0.9307361245155334
4,45,4,2193,0.8937997221946716
4,45,5,2195,0.8911131620407104
4,45,6,736,0.8867730498313904
4,45,7,2369,0.8802269101142883
4,45,8,698,0.8744909763336182
4,45,9,748,0.8647137880325317
4,45,10,3016,0.8608217239379883
4,46,1,113,0.9451699256896973
4,46,2,2273,0.9413434267044067
4,46,3,2195,0.9400113821029663
4,46,4,1254,0.932626485824585
4,46,5,1308,0.9269765615463257
4,46,6,1738,0.906321108341217
4,46,7,1251,0.9005164504051208
4,46,8,1327,0.8706621527671814
4,46,9,736,0.862414538860321
4,46,10,1621,0.85997074842453
4,47,1,1254,0.9447764158248901
4,47,2,2195,0.9397444725036621
4,47,3,1165,0.9378069043159485
4,47,4,1308,0.9372303485870361
4,47,5,1417,0.9321692585945129
4,47,6,2273,0.929185152053833
4,47,7,1251,0.9215562343597412
4,47,8,736,0.8764292001724243
4,47,9,2369,0.859116792678833
4,47,10,1327,0.8447217345237732
4,48,1,2195,0.9500012397766113
4,48,2,248,0.9408470392227173
4,48,3,1848,0.9405437111854553
4,48,4,471,0.9320562481880188
4,48,5,1254,0.9106900691986084
4,48,6,1308,0.900390625
4,48,7,1327,0.8738351464271545
4,48,8,1251,0.8700872659683228
4,48,9,2048,0.8618190288543701
4,48,10,2019,0.8528974056243896
4,49,1,113,0.9663917422294617
4,49,2,1848,0.953815758228302
4,49,3,1165,0.9520837068557739
4,49,4,2195,0.9489039778709412
4,49,5,1254,0.9332931637763977
4,49,6,1308,0.921036958694458
4,49,7,1251,0.9077497720718384
4,49,8,736,0.8559423089027405
4,49,9,1327,0.8403744697570801
4,49,10,2369,0.8332269787788391
4,50,1,1254,0.9406073093414307
4,50,2,1308,0.9374021291732788
4,50,3,2195,0.9290839433670044
4,50,4,248,0.92722088098526
4,50,5,1251,0.9266088008880615
4,50,6,2273,0.9241399168968201
4,50,7,1165,0.9192744493484497
4,50,8,736,0.8746888041496277
4,50,9,2369,0.8592377305030823
4,50,10,1327,0.8426509499549866
4,51,1,1308,0.9354808926582336
4,51,2,1254,0.9340042471885681
4,51,3,2195,0.9208734631538391
4,51,4,2193,0.9203735589981079
4,51,5,1251,0.9166424870491028
4,51,6,390,0.9110937714576721
4,51,7,1738,0.8921196460723877
4,51,8,736,0.8716411590576172
4,51,9,2369,0.8663931488990784
4,51,10,1621,0.8595266938209534
4,52,1,1751,0.9766311645507812
4,52,2,2326,0.9761047959327698
4,52,3,25,0.9749019742012024
4,52,4,1708,0.974818229675293
4,52,5,2951,0.973540186882019
4,52,6,1669,0.9725261926651001
4,52,7,1142,0.9686469435691833
4,52,8,2581,0.9677436351776123
4,52,9,1686,0.9640406966209412
4,52,10,415,0.9613354802131653
4,53,1,1708,0.979890763759613
4,53,2,2326,0.9796015620231628
4,53,3,1142,0.9760235548019409
4,53,4,1686,0.9754650592803955
4,53,5,415,0.9737583994865417
4,53,6,25,0.9737359285354614
4,53,7,1669,0.9715531468391418
4,53,8,2581,0.9684687852859497
4,53,9,1751,0.966109037399292
4,53,10,2951,0.9655632376670837
4,54,1,25,0.97802734375
4,54,2,2581,0.9756107926368713
4,54,3,2951,0.9713435173034668
4,54,4,1751,0.9696474671363831
4,54,5,1708,0.9694095253944397
4,54,6,2238,0.9689743518829346
4,54,7,2003,0.9663664698600769
4,54,8,750,0.9663482308387756
4,54,9,2742,0.9642933011054993
4,54,10,880,0.9642176628112793
4,55,1,25,0.9816914796829224
4,55,2,1751,0.9809139966964722
4,55,3,2951,0.9803169965744019
4,55,4,2581,0.9758293032646179
4,55,5,2326,0.9714609980583191
4,55,6,1708,0.9713260531425476
4,55,7,2546,0.970221221446991
4,55,8,2868,0.966837465763092
4,55,9,2238,0.9635426998138428
4,55,10,2742,0.9621884822845459
4,56,1,2409,0.8839659690856934
4,56,2,1388,0.8795153498649597
4,56,3,2211,0.8737427592277527
4,56,4,1487,0.8702040314674377
4,56,5,2745,0.8690139055252075
4,56,6,426,0.8643569946289062
4,56,7,1600,0.862810492515564
4,56,8,1013,0.8571913242340088
4,56,9,2396,0.8549739122390747
4,56,10,1012,0.8515221476554871
4,58,1,2409,0.9156203866004944
4,58,2,2211,0.9089704155921936
4,58,3,2396,0.9022063612937927
4,58,4,426,0.9009435176849365
4,58,5,2745,0.8999796509742737
4,58,6,1388,0.8929546475410461
4,58,7,2876,0.884821355342865
4,58,8,2583,0.8835391998291016
4,58,9,559,0.88308185338974
4,58,10,1487,0.8803065419197083
4,60,1,271,0.9247156381607056
4,60,2,1365,0.9213361144065857
4,60,3,2876,0.9212449789047241
4,60,4,2618,0.9183138012886047
4,60,5,559,0.9155909419059753
4,60,6,1487,0.9151993989944458
4,60,7,724,0.9037355184555054
4,60,8,2632,0.9034745693206787
4,60,9,2341,0.8975584506988525
4,60,10,1013,0.89586341381073
4,61,1,2876,0.920861542224884
4,61,2,271,0.9206923246383667
4,61,3,1487,0.9196339249610901
4,61,4,1365,0.9169568419456482
4,61,5,2409,0.9154300689697266
4,61,6,2618,0.9145808815956116
4,61,7,559,0.9099324941635132
4,61,8,2632,0.9093004465103149
4,61,9,724,0.9029556512832642
4,61,10,1013,0.898603618144989
4,62,1,2876,0.9294614791870117
4,62,2,724,0.9229422807693481
4,62,3,1487,0.9212036728858948
4,62,4,2632,0.9172213077545166
4,62,5,559,0.9137609601020813
4,62,6,271,0.9085157513618469
4,62,7,1365,0.9041311740875244
4,62,8,346,0.899880588054657
4,62,9,2299,0.8988732695579529
4,62,10,2618,0.8977842926979065
4,63,1,1388,0.9392814040184021
4,63,2,2876,0.93647700548172
4,63,3,724,0.9334064722061157
4,63,4,1487,0.9249257445335388
4,63,5,2632,0.922717273235321
4,63,6,559,0.92192143201828
4,63,7,271,0.9126290082931519
4,63,8,2299,0.9109460711479187
4,63,9,1365,0.9081019163131714
4,63,10,177,0.9068840146064758
4,64,1,2410,0.9680328965187073
4,64,2,1802,0.9633909463882446
4,64,3,2259,0.9616276621818542
4,64,4,2111,0.9555009603500366
4,64,5,2868,0.9536305069923401
4,64,6,2546,0.9532392621040344
4,64,7,1300,0.9531596899032593
4,64,8,2161,0.9493279457092285
4,64,9,1038,0.9475444555282593
4,64,10,1812,0.9473578929901123
4,65,1,750,0.9576748609542847
4,65,2,2742,0.955082356929779
4,65,3,1833,0.9532091617584229
4,65,4,2238,0.9472423791885376
4,65,5,1910,0.9411331415176392
4,65,6,2546,0.9410193562507629
4,65,7,2003,0.9402079582214355
4,65,8,1461,0.9396136999130249
4,65,9,2868,0.9393540024757385
4,65,10,1127,0.9383201599121094
4,66,1,1686,0.9819101095199585
4,66,2,1708,0.9812117218971252
4,66,3,415,0.9800317883491516
4,66,4,25,0.9778883457183838
4,66,5,1142,0.9763880372047424
4,66,6,2003,0.971533477306366
4,66,7,2326,0.9714030027389526
4,66,8,2238,0.9708765745162964
4,66,9,1730,0.9682885408401489
4,66,10,1127,0.9680852293968201
4,67,1,1127,0.973907470703125
4,67,2,1730,0.9736351370811462
4,67,3,2003,0.9735924005508423
4,67,4,1461,0.973044216632843
4,67,5,6,0.9712924957275391
4,67,6,2238,0.9675757884979248
4,67,7,129,0.9605166912078857
4,67,8,25,0.9500585198402405
4,67,9,1812,0.9442991614341736
4,67,10,2740,0.9393681883811951
4,68,1,880,0.9821708798408508
4,68,2,2003,0.9775208234786987
4,68,3,2238,0.9754475951194763
4,68,4,1127,0.9737768173217773
4,68,5,1730,0.9733799695968628
4,68,6,1461,0.9714145660400391
4,68,7,6,0.9672322869300842
4,68,8,25,0.9662166237831116
4,68,9,2951,0.9571610689163208
4,68,10,1812,0.9568786025047302
4,69,1,2521,0.9283412098884583
4,69,2,1642,0.9257768392562866
4,69,3,2143,0.9229027032852173
4,69,4,94,0.9165516495704651
4,69,5,379,0.9076822400093079
4,69,6,675,0.9038509726524353
4,69,7,2358,0.903239905834198
4,69,8,1710,0.9022605419158936
4,69,9,2095,0.9015796184539795
4,69,10,1681,0.9012776017189026
4,70,1,773,0.9410145878791809
4,70,2,461,0.9399451017379761
4,70,3,2162,0.9378176927566528
4,70,4,2287,0.9339052438735962
4,70,5,1038,0.924071192741394
4,70,6,2259,0.9154219031333923
4,70,7,1427,0.9128525853157043
4,70,8,2143,0.9117168188095093
4,70,9,1802,0.9112323522567749
4,70,10,1428,0.9105605483055115
4,71,1,645,0.9125809669494629
4,71,2,2745,0.9120509624481201
4,71,3,2396,0.9049245715141296
4,71,4,2211,0.9031723141670227
4,71,5,426,0.9018142223358154
4,71,6,2341,0.8906767964363098
4,71,7,2098,0.8885543346405029
4,71,8,2583,0.8780933618545532
4,71,9,1628,0.8772719502449036
4,71,10,1761,0.8757101893424988
4,72,1,880,0.9796283841133118
4,72,2,2776,0.9777578711509705
4,72,3,750,0.9762385487556458
4,72,4,6,0.9694188833236694
4,72,5,2238,0.9688109755516052
4,72,6,2742,0.9671525955200195
4,72,7,2111,0.9577962160110474
4,72,8,2581,0.956407904624939
4,72,9,129,0.9548534750938416
4,72,10,25,0.9512720108032227
4,73,1,2776,0.9807114601135254
4,73,2,1461,0.9797359704971313
4,73,3,750,0.976085901260376
4,73,4,880,0.9759342670440674
4,73,5,2238,0.975620687007904
4,73,6,2581,0.968765914440155
4,73,7,129,0.9677276015281677
4,73,8,25,0.9648194313049316
4,73,9,2742,0.9641169905662537
4,73,10,1686,0.9583396911621094
4,74,1,880,0.9703297019004822
4,74,2,2776,0.9688614010810852
4,74,3,750,0.9659160375595093
4,74,4,2238,0.9592571258544922
4,74,5,2742,0.9564602375030518
4,74,6,2111,0.9529159069061279
4,74,7,129,0.9498617649078369
4,74,8,1812,0.9446743726730347
4,74,9,2581,0.943271279335022
4,74,10,2387,0.9397499561309814
4,75,1,880,0.9758213758468628
4,75,2,2776,0.9745931625366211
4,75,3,750,0.9720322489738464
4,75,4,1730,0.9680463671684265
4,75,5,2238,0.9655696749687195
4,75,6,2742,0.962384819984436
4,75,7,2111,0.9570586085319519
4,75,8,129,0.9553361535072327
4,75,9,2581,0.9507964849472046
4,75,10,1812,0.9484391212463379
4,76,1,2259,0.9663973450660706
4,76,2,1910,0.9574704170227051
4,76,3,2410,0.9560849666595459
4,76,4,1038,0.953531801700592
4,76,5,1801,0.9511573910713196
4,76,6,1300,0.9483274817466736
4,76,7,1833,0.9470154643058777
4,76,8,769,0.9408185482025146
4,76,9,2111,0.9395280480384827
4,76,10,2287,0.9329319596290588
4,77,1,1910,0.9675712585449219
4,77,2,1801,0.9673305749893188
4,77,3,2410,0.9631305932998657
4,77,4,1300,0.9587164521217346
4,77,5,1833,0.958599865436554
4,77,6,1038,0.9584574699401855
4,77,7,2287,0.9455686807632446
4,77,8,773,0.944693922996521
4,77,9,2481,0.9446765184402466
4,77,10,2111,0.9349304437637329
4,78,1,2481,0.9486985206604004
4,78,2,461,0.946993887424469
4,78,3,1801,0.9455450773239136
4,78,4,2287,0.9396702647209167
4,78,5,773,0.9351752996444702
4,78,6,1038,0.9331145286560059
4,78,7,1300,0.9309343695640564
4,78,8,1910,0.927697479724884
4,78,9,2678,0.9158094525337219
4,78,10,2410,0.9133665561676025
4,80,1,40,0.9500278234481812
4,80,2,155,0.9487078785896301
4,80,3,1763,0.9470275640487671
4,80,4,3057,0.9461735486984253
4,80,5,316,0.9432562589645386
4,80,6,3016,0.9430095553398132
4,80,7,748,0.9415078163146973
4,80,8,3062,0.9408838748931885
4,80,9,2237,0.940256655216217
4,80,10,698,0.9356767535209656
4,81,1,2848,0.9325149655342102
4,81,2,1691,0.9303053021430969
4,81,3,2285,0.9276864528656006
4,81,4,706,0.9259476661682129
4,81,5,2989,0.9237778186798096
4,81,6,2552,0.9218798875808716
4,81,7,2444,0.9191440939903259
4,81,8,2302,0.9122774004936218
4,81,9,1374,0.9097438454627991
4,81,10,1988,0.9078995585441589
4,82,1,364,0.9103574752807617
4,82,2,857,0.9090609550476074
4,82,3,756,0.9038288593292236
4,82,4,1176,0.8901726007461548
4,82,5,2482,0.8864943385124207
4,82,6,2738,0.8832043409347534
4,82,7,2258,0.8827499747276306
4,82,8,706,0.8756974339485168
4,82,9,1691,0.8739680647850037
4,82,10,208,0.8732068538665771
4,83,1,1691,0.9354085326194763
4,83,2,2989,0.9303717613220215
4,83,3,706,0.9291618466377258
4,83,4,2848,0.9280035495758057
4,83,5,2552,0.9270371794700623
4,83,6,2302,0.9266470670700073
4,83,7,1176,0.9226295948028564
4,83,8,1988,0.9209234714508057
4,83,9,208,0.9170302748680115
4,83,10,235,0.9130096435546875
4,84,1,1691,0.9414367079734802
4,84,2,2848,0.9395604133605957
4,84,3,706,0.9382022619247437
4,84,4,2552,0.9320628643035889
4,84,5,2989,0.930336058139801
4,84,6,2285,0.9297559857368469
4,84,7,1176,0.9277362823486328
4,84,8,208,0.9229030013084412
4,84,9,2291,0.919626772403717
4,84,10,235,0.9186810851097107
4,85,1,3057,0.94196617603302
4,85,2,2135,0.9365760684013367
4,85,3,155,0.9340827465057373
4,85,4,1763,0.9291177988052368
4,85,5,2237,0.9204177260398865
4,85,6,2832,0.9202653169631958
4,85,7,316,0.9164305329322815
4,85,8,40,0.9141369462013245
4,85,9,3062,0.9083432555198669
4,85,10,3016,0.9082055687904358
4,86,1,1212,0.939323902130127
4,86,2,495,0.9329310059547424
4,86,3,1831,0.9325175285339355
4,86,4,1310,0.9256768226623535
4,86,5,1339,0.9231646060943604
4,86,6,1161,0.912839949131012
4,86,7,1145,0.904999315738678
4,86,8,97,0.9016013741493225
4,86,9,1448,0.9001888632774353
4,86,10,439,0.8969244360923767
4,87,1,439,0.9579550623893738
4,87,2,1161,0.9553699493408203
4,87,3,1278,0.9387120604515076
4,87,4,289,0.9307863116264343
4,87,5,541,0.9289157390594482
4,87,6,1836,0.9276667833328247
4,87,7,2801,0.9260030388832092
4,87,8,1310,0.9248329401016235
4,87,9,2898,0.9234080910682678
4,87,10,495,0.9218417406082153
4,88,1,1028,0.9636905789375305
4,88,2,2377,0.9536140561103821
4,88,3,2073,0.9526433944702148
4,88,4,1001,0.9520599246025085
4,88,5,2243,0.9511283040046692
4,88,6,295,0.9433376789093018
4,88,7,494,0.943078875541687
4,88,8,696,0.942564070224762
4,88,9,2658,0.9421303868293762
4,88,10,738,0.9384119510650635
4,89,1,990,0.9565375447273254
4,89,2,1250,0.9557952284812927
4,89,3,2377,0.9553467035293579
4,89,4,1866,0.9532474875450134
4,89,5,1001,0.9531946182250977
4,89,6,1163,0.9523106217384338
4,89,7,1985,0.9488816261291504
4,89,8,1028,0.9468021392822266
4,89,9,1270,0.946780264377594
4,89,10,479,0.9423587322235107
4,90,1,1522,0.9778403639793396
4,90,2,1156,0.968189537525177
4,90,3,2556,0.9634172916412354
4,90,4,327,0.9612245559692383
4,90,5,2099,0.9606764316558838
4,90,6,400,0.9580533504486084
4,90,7,123,0.9563462138175964
4,90,8,689,0.95622318983078
4,90,9,2920,0.9561287760734558
4,90,10,1927,0.9559314250946045
4,91,1,1156,0.9533633589744568
4,91,2,400,0.9512001276016235
4,91,3,278,0.9471477270126343
4,91,4,1028,0.9439727663993835
4,91,5,1522,0.9382656216621399
4,91,6,174,0.9369400143623352
4,91,7,2073,0.9337453246116638
4,91,8,383,0.9335521459579468
4,91,9,2377,0.9319216012954712
4,91,10,1001,0.9315947890281677
4,93,1,2045,0.963851809501648
4,93,2,2030,0.950249969959259
4,93,3,354,0.9501594305038452
4,93,4,1358,0.9496996998786926
4,93,5,2476,0.9464446902275085
4,93,6,1100,0.9417686462402344
4,93,7,1202,0.9382007718086243
4,93,8,1252,0.9375360012054443
4,93,9,1613,0.9370904564857483
4,93,10,512,0.9358978271484375
4,94,1,2521,0.9090749621391296
4,94,2,1681,0.8999981880187988
4,94,3,1642,0.8974769115447998
4,94,4,925,0.8911507725715637
4,94,5,205,0.8883747458457947
4,94,6,1792,0.8817306756973267
4,94,7,94,0.8802098631858826
4,94,8,379,0.8786308169364929
4,94,9,675,0.8680776953697205
4,94,10,2143,0.8651131987571716
4,95,1,991,0.9454624056816101
4,95,2,80,0.9380480647087097
4,95,3,2444,0.9292943477630615
4,95,4,2053,0.9248724579811096
4,95,5,766,0.9243461489677429
4,95,6,2191,0.9192987680435181
4,95,7,567,0.910485029220581
4,95,8,2448,0.909611701965332
4,95,9,1109,0.9078657627105713
4,95,10,2606,0.9073580503463745
4,97,1,559,0.9195508360862732
4,97,2,611,0.911740779876709
4,97,3,2341,0.9097048044204712
4,97,4,2409,0.9053274989128113
4,97,5,2121,0.9024034142494202
4,97,6,1365,0.8999045491218567
4,97,7,2937,0.8992981314659119
4,97,8,271,0.8985292911529541
4,97,9,2618,0.897533118724823
4,97,10,2876,0.8923528790473938
4,98,1,2121,0.9419623613357544
4,98,2,724,0.9398489594459534
4,98,3,99,0.9332427382469177
4,98,4,584,0.9330211877822876
4,98,5,1012,0.9319249987602234
4,98,6,346,0.9318190813064575
4,98,7,2416,0.9247825741767883
4,98,8,1388,0.9243050813674927
4,98,9,2876,0.9238550066947937
4,98,10,2409,0.9180958271026611
4,99,1,2121,0.8918699622154236
4,99,2,2937,0.8911409974098206
4,99,3,2341,0.8910998106002808
4,99,4,2409,0.8903446793556213
4,99,5,1365,0.8865712285041809
4,99,6,2618,0.8849411010742188
4,99,7,271,0.8831567168235779
4,99,8,346,0.8746273517608643
4,99,9,1388,0.8671056032180786
4,99,10,498,0.8638536930084229
4,100,1,2341,0.8853562474250793
4,100,2,2618,0.8798637986183167
4,100,3,1365,0.8780415654182434
4,100,4,271,0.8769034743309021
4,100,5,2409,0.8701629638671875
4,100,6,426,0.8628458976745605
4,100,7,2211,0.860313892364502
4,100,8,2745,0.8599899411201477
4,100,9,2396,0.8550269603729248
4,100,10,1388,0.8453890681266785
4,101,1,2143,0.9035257697105408
4,101,2,2521,0.9000371098518372
4,101,3,205,0.8983641266822815
4,101,4,1045,0.8856161236763
4,101,5,530,0.878180980682373
4,101,6,2098,0.8766577243804932
4,101,7,2358,0.8722774386405945
4,101,8,1710,0.8656267523765564
4,101,9,2406,0.865298867225647
4,101,10,1681,0.8632118105888367
4,102,1,1681,0.9176631569862366
4,102,2,925,0.9137973785400391
4,102,3,2521,0.9100143313407898
4,102,4,1642,0.9059744477272034
4,102,5,2366,0.8962416052818298
4,102,6,1538,0.8824016451835632
4,102,7,2408,0.8748636841773987
4,102,8,2406,0.870197594165802
4,102,9,864,0.8651635646820068
4,102,10,205,0.8593504428863525
4,103,1,2406,0.9010851383209229
4,103,2,1045,0.8994764089584351
4,103,3,2098,0.8950619101524353
4,103,4,205,0.8876053094863892
4,103,5,2358,0.8868674039840698
4,103,6,2521,0.886641800403595
4,103,7,2159,0.8737244009971619
4,103,8,556,0.8719031810760498
4,103,9,530,0.8712685704231262
4,103,10,598,0.8683015704154968
4,104,1,2098,0.9319210052490234
4,104,2,461,0.9112157225608826
4,104,3,2358,0.905746579170227
4,104,4,1045,0.9049957394599915
4,104,5,530,0.8975551128387451
4,104,6,205,0.896856963634491
4,104,7,2481,0.8900830745697021
4,104,8,2405,0.8878628611564636
4,104,9,556,0.8779410719871521
4,104,10,2162,0.873778760433197
4,105,1,2677,0.9084653258323669
4,105,2,2787,0.8925920128822327
4,105,3,1761,0.8869775533676147
4,105,4,2366,0.8806851506233215
4,105,5,1045,0.8792001605033875
4,105,6,94,0.8774047493934631
4,105,7,2087,0.8769492506980896
4,105,8,2358,0.8733839392662048
4,105,9,675,0.8712686896324158
4,105,10,215,0.8689440488815308
4,106,1,1801,0.9543187022209167
4,106,2,1910,0.9355800151824951
4,106,3,1833,0.9323137402534485
4,106,4,2481,0.9281601905822754
4,106,5,773,0.9276947975158691
4,106,6,2410,0.9229319095611572
4,106,7,1300,0.9198448657989502
4,106,8,1038,0.9175122380256653
4,106,9,2259,0.9144827127456665
4,106,10,2287,0.9132538437843323
4,108,1,2546,0.9760981798171997
4,108,2,2868,0.9749770164489746
4,108,3,2742,0.9713094830513
4,108,4,880,0.9699493646621704
4,108,5,750,0.9692326784133911
4,108,6,1833,0.9646908044815063
4,108,7,2410,0.9597922563552856
4,108,8,2776,0.9578482508659363
4,108,9,2581,0.9564158916473389
4,108,10,1910,0.9559935927391052
4,109,1,880,0.978887677192688
4,109,2,750,0.9764897227287292
4,109,3,2742,0.9741596579551697
4,109,4,2776,0.9704510569572449
4,109,5,2003,0.9631538391113281
4,109,6,2546,0.9628561735153198
4,109,7,2111,0.962005615234375
4,109,8,2868,0.960629403591156
4,109,9,1127,0.9586910605430603
4,109,10,2581,0.9585222005844116
4,110,1,1882,0.9361373782157898
4,110,2,2997,0.9223498702049255
4,110,3,193,0.9183520674705505
4,110,4,2994,0.915507435798645
4,110,5,1484,0.9150306582450867
4,110,6,1203,0.9076486825942993
4,110,7,210,0.8961378335952759
4,110,8,2078,0.8960638046264648
4,110,9,1787,0.8944711089134216
4,110,10,1653,0.8932095766067505
4,111,1,1744,0.9729406833648682
4,111,2,1465,0.9689038395881653
4,111,3,2994,0.9546304941177368
4,111,4,1653,0.9525512456893921
4,111,5,1030,0.9518173933029175
4,111,6,1111,0.9498016834259033
4,111,7,2990,0.9465206265449524
4,111,8,1882,0.9448855519294739
4,111,9,509,0.9431395530700684
4,111,10,210,0.9425579905509949
4,112,1,1882,0.954833447933197
4,112,2,2994,0.9526627659797668
4,112,3,1744,0.9513640403747559
4,112,4,1465,0.9438387751579285
4,112,5,193,0.9335705041885376
4,112,6,1653,0.9311983585357666
4,112,7,1030,0.9296541213989258
4,112,8,2315,0.9287685751914978
4,112,9,2997,0.9286029934883118
4,112,10,210,0.9254159331321716
4,113,1,1111,0.9827867746353149
4,113,2,2389,0.9772191643714905
4,113,3,416,0.9769842028617859
4,113,4,1465,0.9763563871383667
4,113,5,2180,0.975167453289032
4,113,6,1744,0.9719588756561279
4,113,7,1632,0.9685329794883728
4,113,8,2293,0.96705162525177
4,113,9,2118,0.963390052318573
4,113,10,2345,0.9612034559249878
4,114,1,364,0.9163004159927368
4,114,2,857,0.9146204590797424
4,114,3,2985,0.9136518239974976
4,114,4,756,0.9093620181083679
4,114,5,1176,0.900678277015686
4,114,6,2660,0.900381326675415
4,114,7,1335,0.8985062837600708
4,114,8,706,0.8888369202613831
4,114,9,2482,0.8879978060722351
4,114,10,128,0.8857210278511047
4,115,1,1176,0.9283806681632996
4,115,2,2989,0.9227415919303894
4,115,3,1988,0.9187536835670471
4,115,4,706,0.9185459613800049
4,115,5,1335,0.9169053435325623
4,115,6,2302,0.914253830909729
4,115,7,235,0.913184642791748
4,115,8,2933,0.9109076261520386
4,115,9,2985,0.9090044498443604
4,115,10,364,0.9087815284729004
4,116,1,2552,0.8943284153938293
4,116,2,969,0.8894364833831787
4,116,3,706,0.8879377245903015
4,116,4,1078,0.8856057524681091
4,116,5,861,0.8790376782417297
4,116,6,2302,0.8753239512443542
4,116,7,2285,0.8741136193275452
4,116,8,1335,0.8717498183250427
4,116,9,2933,0.8713333606719971
4,116,10,1176,0.8704575300216675
4,117,1,1176,0.9309254884719849
4,117,2,2933,0.9255557060241699
4,117,3,756,0.9234746694564819
4,117,4,364,0.9233372807502747
4,117,5,857,0.9185312986373901
4,117,6,2985,0.918262779712677
4,117,7,706,0.9172794818878174
4,117,8,2144,0.9171369671821594
4,117,9,1335,0.9144899249076843
4,117,10,2552,0.9126307964324951
4,118,1,2738,0.9318277835845947
4,118,2,2258,0.9314188957214355
4,118,3,1988,0.9267370104789734
4,118,4,1691,0.9207124710083008
4,118,5,2302,0.919975221157074
4,118,6,706,0.9139512181282043
4,118,7,2933,0.9134132266044617
4,118,8,208,0.9124209880828857
4,118,9,1335,0.9065890908241272
4,118,10,2552,0.9058958888053894
4,119,1,2933,0.9309853911399841
4,119,2,2738,0.9309167861938477
4,119,3,2258,0.9302797913551331
4,119,4,2302,0.9218658804893494
4,119,5,1691,0.9184744954109192
4,119,6,208,0.9173517823219299
4,119,7,706,0.9152761697769165
4,119,8,1988,0.908524751663208
4,119,9,2114,0.9059637784957886
4,119,10,364,0.9041671752929688
4,120,1,2933,0.9189836382865906
4,120,2,2738,0.9183501601219177
4,120,3,2258,0.9178295731544495
4,120,4,128,0.9070941805839539
4,120,5,208,0.9019131660461426
4,120,6,2114,0.901768684387207
4,120,7,2302,0.8944470882415771
4,120,8,2985,0.8928472399711609
4,120,9,1691,0.8921248316764832
4,120,10,2552,0.8917146921157837
4,121,1,2933,0.9163818955421448
4,121,2,2302,0.9097365736961365
4,121,3,2738,0.9025020599365234
4,121,4,2258,0.9017879366874695
4,121,5,1691,0.8987263441085815
4,121,6,208,0.8982812762260437
4,121,7,756,0.8834390640258789
4,121,8,2291,0.8832767009735107
4,121,9,1988,0.8811460733413696
4,121,10,2848,0.8799394369125366
4,122,1,724,0.9473442435264587
4,122,2,584,0.9399319887161255
4,122,3,1012,0.9388061165809631
4,122,4,99,0.9383280873298645
4,122,5,346,0.9338070154190063
4,122,6,2121,0.9321134090423584
4,122,7,559,0.9307489991188049
4,122,8,2876,0.9301843643188477
4,122,9,1388,0.9288545846939087
4,122,10,1683,0.9246789813041687
4,123,1,1388,0.9182027578353882
4,123,2,584,0.9021369218826294
4,123,3,1012,0.902081310749054
4,123,4,2723,0.8912208080291748
4,123,5,271,0.8903402090072632
4,123,6,1365,0.883666455745697
4,123,7,1438,0.8817477822303772
4,123,8,2618,0.877850353717804
4,123,9,2409,0.8758832812309265
4,123,10,746,0.8739697337150574
4,124,1,99,0.9515109062194824
4,124,2,724,0.9431493878364563
4,124,3,2121,0.9402843713760376
4,124,4,1089,0.9359116554260254
4,124,5,346,0.9335609674453735
4,124,6,584,0.9291919469833374
4,124,7,1012,0.9277421236038208
4,124,8,559,0.9274501800537109
4,124,9,3054,0.9226601719856262
4,124,10,2347,0.9193771481513977
4,125,1,1388,0.937702476978302
4,125,2,2876,0.9376593828201294
4,125,3,584,0.9363226890563965
4,125,4,1012,0.9357290267944336
4,125,5,724,0.9341180324554443
4,125,6,2632,0.9331747889518738
4,125,7,177,0.9207006692886353
4,125,8,2723,0.9170132875442505
4,125,9,2050,0.9153773188591003
4,125,10,346,0.9084103107452393
4,127,1,1388,0.8986802101135254
4,127,2,1012,0.882616400718689
4,127,3,584,0.8821737170219421
4,127,4,271,0.8784443736076355
4,127,5,1438,0.8728436827659607
4,127,6,2723,0.8722780346870422
4,127,7,1365,0.8708927631378174
4,127,8,2618,0.864653468132019
4,127,9,2409,0.8602821230888367
4,127,10,746,0.8541017770767212
4,129,1,1487,0.9101365804672241
4,129,2,1012,0.9084556698799133
4,129,3,584,0.9082158207893372
4,129,4,1388,0.9074406027793884
4,129,5,2723,0.9007253646850586
4,129,6,2299,0.8973143696784973
4,129,7,2050,0.8703101277351379
4,129,8,271,0.8674547672271729
4,129,9,2409,0.8616829514503479
4,129,10,1365,0.8590772747993469
4,131,1,1500,0.878917932510376
4,131,2,186,0.8746194839477539
4,131,3,2089,0.8713674545288086
4,131,4,1644,0.8687562942504883
4,131,5,2669,0.8632726669311523
4,131,6,2514,0.8605619668960571
4,131,7,2200,0.8605619668960571
4,131,8,1728,0.8605430126190186
4,131,9,2866,0.8605153560638428
4,131,10,2254,0.8601076006889343
4,132,1,1280,0.9046455025672913
4,132,2,1898,0.9023192524909973
4,132,3,1775,0.9017232060432434
4,132,4,2412,0.9008502960205078
4,132,5,2474,0.8986683487892151
4,132,6,1871,0.8979944586753845
4,132,7,2604,0.893682062625885
4,132,8,1816,0.8923673629760742
4,132,9,1315,0.8916310667991638
4,132,10,2167,0.8913035988807678
4,133,1,1280,0.9046455025672913
4,133,2,1898,0.9023192524909973
4,133,3,1775,0.9017232060432434
4,133,4,2412,0.9008502960205078
4,133,5,2474,0.8986683487892151
4,133,6,1871,0.8979944586753845
4,133,7,2604,0.893682062625885
4,133,8,1816,0.8923673629760742
4,133,9,1315,0.8916310667991638
4,133,10,2167,0.8913035988807678
4,134,1,1280,0.9046455025672913
4,134,2,1898,0.9023192524909973
4,134,3,1775,0.9017232060432434
4,134,4,2412,0.9008502960205078
4,134,5,2474,0.8986683487892151
4,134,6,1871,0.8979944586753845
4,134,7,2604,0.893682062625885
4,134,8,1816,0.8923673629760742
4,134,9,1315,0.8916310667991638
4,134,10,2167,0.8913035988807678
4,135,1,1280,0.9046455025672913
4,135,2,1898,0.9023192524909973
4,135,3,1775,0.9017232060432434
4,135,4,2412,0.9008502960205078
4,135,5,2474,0.8986683487892151
4,135,6,1871,0.8979944586753845
4,135,7,2604,0.893682062625885
4,135,8,1816,0.8923673629760742
4,135,9,1315,0.8916310667991638
4,135,10,2167,0.8913035988807678
4,136,1,118,0.9009997248649597
4,136,2,1644,0.8903682827949524
4,136,3,2067,0.8873971700668335
4,136,4,2202,0.8843153119087219
4,136,5,39,0.8814479112625122
4,136,6,186,0.8804903626441956
4,136,7,1454,0.877830445766449
4,136,8,1500,0.8776658177375793
4,136,9,2089,0.8771977424621582
4,136,10,634,0.8770246505737305
4,137,1,1500,0.8869919776916504
4,137,2,186,0.8825238943099976
4,137,3,2089,0.8792916536331177
4,137,4,1644,0.8770455718040466
4,137,5,118,0.8723775148391724
4,137,6,835,0.8700551390647888
4,137,7,2669,0.8694405555725098
4,137,8,1728,0.8670570850372314
4,137,9,2200,0.8670436143875122
4,137,10,2514,0.8670436143875122
4,138,1,1500,0.8874123692512512
4,138,2,186,0.8822972774505615
4,138,3,2089,0.8799622058868408
4,138,4,1644,0.8780869245529175
4,138,5,1982,0.8758420944213867
4,138,6,118,0.8748202323913574
4,138,7,835,0.8715177178382874
4,138,8,1728,0.867900013923645
4,138,9,2200,0.8678677678108215
4,138,10,2514,0.8678677678108215
4,139,1,1500,0.8876221179962158
4,139,2,186,0.8815397024154663
4,139,3,1644,0.87982177734375
4,139,4,2089,0.8782996535301208
4,139,5,118,0.8722880482673645
4,139,6,2669,0.8701536059379578
4,139,7,835,0.8672291040420532
4,139,8,2200,0.8662428855895996
4,139,9,2514,0.8662428855895996
4,139,10,2866,0.8661274909973145
4,140,1,1500,0.8935356736183167
4,140,2,1644,0.8910695314407349
4,140,3,186,0.8882956504821777
4,140,4,2669,0.8839472532272339
4,140,5,2089,0.8828950524330139
4,140,6,118,0.8759756088256836
4,140,7,2514,0.8702853918075562
4,140,8,2200,0.8702853918075562
4,140,9,2866,0.8700074553489685
4,140,10,1728,0.8698757290840149
4,141,1,2167,0.898216962814331
4,141,2,2202,0.89628666639328
4,141,3,2412,0.8939884901046753
4,141,4,2751,0.8936991691589355
4,141,5,1982,0.8898297548294067
4,141,6,1341,0.889793336391449
4,141,7,438,0.8879136443138123
4,141,8,1586,0.8878485560417175
4,141,9,1554,0.8875826597213745
4,141,10,118,0.8857159614562988
4,142,1,2167,0.9005083441734314
4,142,2,2067,0.8996499180793762
4,142,3,1586,0.898742139339447
4,142,4,438,0.8970062136650085
4,142,5,1554,0.8958986401557922
4,142,6,2751,0.8947438597679138
4,142,7,1518,0.8938332200050354
4,142,8,118,0.8935497999191284
4,142,9,2412,0.8925469517707825
4,142,10,1454,0.8920859098434448
4,143,1,118,0.9074029922485352
4,143,2,1586,0.9011759757995605
4,143,3,1454,0.8995351791381836
4,143,4,1518,0.8960533142089844
4,143,5,1554,0.8928095102310181
4,143,6,39,0.8891765475273132
4,143,7,1982,0.8874948620796204
4,143,8,1712,0.8870034217834473
4,143,9,414,0.8855581283569336
4,143,10,2751,0.8827933073043823
4,144,1,560,0.8984389901161194
4,144,2,1644,0.8888664245605469
4,144,3,2288,0.8833229541778564
4,144,4,557,0.8812240362167358
4,144,5,1352,0.871823787689209
4,144,6,1500,0.868190348148346
4,144,7,1535,0.866482138633728
4,144,8,186,0.8638434410095215
4,144,9,2669,0.8636494278907776
4,144,10,2006,0.8615044951438904
4,145,1,1500,0.8821883201599121
4,145,2,2669,0.879385769367218
4,145,3,186,0.8748803734779358
4,145,4,1644,0.8748278617858887
4,145,5,2089,0.8709526658058167
4,145,6,38,0.8620226979255676
4,145,7,1982,0.8600549697875977
4,145,8,2514,0.8594111800193787
4,145,9,2200,0.8594111800193787
4,145,10,2866,0.8591318130493164
4,146,1,1644,0.8887569308280945
4,146,2,1500,0.8873277306556702
4,146,3,2669,0.8830171823501587
4,146,4,186,0.8809933066368103
4,146,5,2089,0.8749250769615173
4,146,6,560,0.8740034103393555
4,146,7,118,0.8638408780097961
4,146,8,2200,0.8627721071243286
4,146,9,2514,0.8627721071243286
4,146,10,2254,0.8622388243675232
4,147,1,1500,0.8868493437767029
4,147,2,1644,0.8858318328857422
4,147,3,186,0.8805155158042908
4,147,4,2089,0.876010537147522
4,147,5,2669,0.8757031559944153
4,147,6,118,0.868537425994873
4,147,7,560,0.8661326169967651
4,147,8,1982,0.8651463985443115
4,147,9,2514,0.8642793297767639
4,147,10,2200,0.8642793297767639
4,148,1,1500,0.8914877772331238
4,148,2,186,0.8861684203147888
4,148,3,2669,0.8825209140777588
4,148,4,1644,0.87842857837677
4,148,5,1982,0.8771888613700867
4,148,6,1871,0.8747156262397766
4,148,7,2303,0.8733866214752197
4,148,8,38,0.8724035024642944
4,148,9,1197,0.8718674778938293
4,148,10,2200,0.8716862201690674
4,149,1,1500,0.8843012452125549
4,149,2,186,0.8791922926902771
4,149,3,1982,0.872234046459198
4,149,4,1644,0.8715486526489258
4,149,5,1871,0.8682408332824707
4,149,6,1728,0.8656864762306213
4,149,7,835,0.8656198978424072
4,149,8,2200,0.8656101822853088
4,149,9,2514,0.8656101822853088
4,149,10,2866,0.8655861616134644
4,150,1,1500,0.8871217370033264
4,150,2,186,0.8812350034713745
4,150,3,1644,0.8804680109024048
4,150,4,2089,0.8762533068656921
4,150,5,1982,0.8689879179000854
4,150,6,2200,0.8637101054191589
4,150,7,2514,0.8637101054191589
4,150,8,2866,0.8634945750236511
4,150,9,1728,0.8634218573570251
4,150,10,2254,0.8631897568702698
4,151,1,1500,0.8817502856254578
4,151,2,186,0.8789348602294922
4,151,3,1982,0.8764896988868713
4,151,4,835,0.8719927668571472
4,151,5,1644,0.8699222803115845
4,151,6,2412,0.8685297966003418
4,151,7,1871,0.8677657246589661
4,151,8,1728,0.8647966980934143
4,151,9,2866,0.8646634221076965
4,151,10,2200,0.8645828366279602
4,153,1,1500,0.8797014951705933
4,153,2,2089,0.8709477186203003
4,153,3,1644,0.8663655519485474
4,153,4,1982,0.8642382025718689
4,153,5,2669,0.8628987073898315
4,153,6,1728,0.8609128594398499
4,153,7,2514,0.8608673810958862
4,153,8,2200,0.8608673810958862
4,153,9,2866,0.860814094543457
4,153,10,1470,0.8604848980903625
4,154,1,2412,0.8885509967803955
4,154,2,1871,0.8866787552833557
4,154,3,1982,0.8863025903701782
4,154,4,2751,0.8855699896812439
4,154,5,1500,0.8854973912239075
4,154,6,2089,0.8846217393875122
4,154,7,186,0.8822239637374878
4,154,8,835,0.8815374374389648
4,154,9,2167,0.8814517259597778
4,154,10,2474,0.8794812560081482
4,155,1,1871,0.8897196054458618
4,155,2,1500,0.8859612345695496
4,155,3,1982,0.8827621936798096
4,155,4,2089,0.8826484680175781
4,155,5,2303,0.8821262717247009
4,155,6,2751,0.881131649017334
4,155,7,2474,0.8792000412940979
4,155,8,136,0.8772018551826477
4,155,9,780,0.8760958909988403
4,155,10,1197,0.8758628964424133
4,156,1,1871,0.8897196054458618
4,156,2,1500,0.8859612345695496
4,156,3,1982,0.8827621936798096
4,156,4,2089,0.8826484680175781
4,156,5,2303,0.8821262717247009
4,156,6,2751,0.881131649017334
4,156,7,2474,0.8792000412940979
4,156,8,136,0.8772018551826477
4,156,9,780,0.8760958909988403
4,156,10,1197,0.8758628964424133
4,157,1,1871,0.8897196054458618
4,157,2,1500,0.8859612345695496
4,157,3,1982,0.8827621936798096
4,157,4,2089,0.8826484680175781
4,157,5,2303,0.8821262717247009
4,157,6,2751,0.881131649017334
4,157,7,2474,0.8792000412940979
4,157,8,136,0.8772018551826477
4,157,9,780,0.8760958909988403
4,157,10,1197,0.8758628964424133
4,159,1,438,0.9220502376556396
4,159,2,2167,0.9191412925720215
4,159,3,98,0.9098020195960999
4,159,4,2447,0.9073789119720459
4,159,5,2751,0.9061386585235596
4,159,6,1775,0.9052515625953674
4,159,7,2474,0.9035140872001648
4,159,8,476,0.9025797247886658
4,159,9,1554,0.8986378908157349
4,159,10,1341,0.8986235857009888
4,160,1,2412,0.8896321058273315
4,160,2,2167,0.8891016840934753
4,160,3,1775,0.8816278576850891
4,160,4,2474,0.8807347416877747
4,160,5,98,0.8804489970207214
4,160,6,438,0.8803496956825256
4,160,7,2751,0.8802425861358643
4,160,8,1816,0.872621476650238
4,160,9,2447,0.8716711401939392
4,160,10,476,0.8679001331329346
4,161,1,2167,0.903226912021637
4,161,2,2412,0.8985236883163452
4,161,3,2447,0.8982369303703308
4,161,4,2751,0.8963809609413147
4,161,5,438,0.8960126042366028
4,161,6,2202,0.8954369425773621
4,161,7,835,0.8937209248542786
4,161,8,476,0.8935337066650391
4,161,9,1341,0.8900983929634094
4,161,10,98,0.8899033069610596
4,162,1,1362,0.9322777390480042
4,162,2,461,0.9312856197357178
4,162,3,250,0.9291601181030273
4,162,4,2481,0.9146401882171631
4,162,5,2098,0.906494677066803
4,162,6,1038,0.9032691717147827
4,162,7,2161,0.9029771685600281
4,162,8,2405,0.9008570909500122
4,162,9,2259,0.8994313478469849
4,162,10,2287,0.8974252343177795
4,163,1,2481,0.9529787302017212
4,163,2,1801,0.9476202130317688
4,163,3,2287,0.9457727074623108
4,163,4,461,0.9441977143287659
4,163,5,2162,0.9440004825592041
4,163,6,1300,0.9391887187957764
4,163,7,1910,0.9305077195167542
4,163,8,1038,0.9279268980026245
4,163,9,1427,0.924206554889679
4,163,10,2259,0.9221545457839966
4,164,1,2283,0.9377076625823975
4,164,2,2243,0.9251119494438171
4,164,3,972,0.9208998084068298
4,164,4,295,0.9201354384422302
4,164,5,2658,0.9197900891304016
4,164,6,696,0.9192004203796387
4,164,7,1817,0.9102224111557007
4,164,8,230,0.9075061082839966
4,164,9,494,0.9069808721542358
4,164,10,738,0.8997157216072083
4,165,1,1428,0.9630204439163208
4,165,2,1055,0.9578960537910461
4,165,3,2352,0.9566805958747864
4,165,4,93,0.9550777077674866
4,165,5,2395,0.9507910013198853
4,165,6,1311,0.9492878317832947
4,165,7,1805,0.9444687366485596
4,165,8,2306,0.942173957824707
4,165,9,1236,0.9396352767944336
4,165,10,1747,0.937879204750061
4,166,1,2377,0.914816677570343
4,166,2,1001,0.913983941078186
4,166,3,1028,0.9066729545593262
4,166,4,295,0.8965224027633667
4,166,5,2658,0.8957498073577881
4,166,6,1866,0.8956995010375977
4,166,7,696,0.8954207897186279
4,166,8,2243,0.8852890729904175
4,166,9,1817,0.8847089409828186
4,166,10,1985,0.8798421025276184
4,167,1,1235,0.9748626947402954
4,167,2,2994,0.972048282623291
4,167,3,1882,0.9651603698730469
4,167,4,1744,0.9621302485466003
4,167,5,1465,0.9598883390426636
4,167,6,193,0.9591155052185059
4,167,7,1525,0.9526126384735107
4,167,8,416,0.9444623589515686
4,167,9,2895,0.9413660168647766
4,167,10,1111,0.9411400556564331
4,168,1,1613,0.9750007390975952
4,168,2,1252,0.9748173356056213
4,168,3,2253,0.9699167013168335
4,168,4,512,0.9666187167167664
4,168,5,1358,0.9560503959655762
4,168,6,424,0.9553189873695374
4,168,7,972,0.9536548256874084
4,168,8,1992,0.9447229504585266
4,168,9,2290,0.9401143789291382
4,168,10,459,0.9391734600067139
4,169,1,1613,0.9718062281608582
4,169,2,1252,0.9716503024101257
4,169,3,424,0.9697986841201782
4,169,4,2253,0.9523940086364746
4,169,5,512,0.9515780210494995
4,169,6,972,0.9477798938751221
4,169,7,60,0.9459285140037537
4,169,8,1817,0.9409903287887573
4,169,9,459,0.9310109615325928
4,169,10,1250,0.9289613366127014
4,170,1,2253,0.9670681953430176
4,170,2,1613,0.9575890302658081
4,170,3,1252,0.9572442173957825
4,170,4,512,0.955348789691925
4,170,5,972,0.9505970478057861
4,170,6,3063,0.9491782188415527
4,170,7,1992,0.9470399022102356
4,170,8,2290,0.9419243931770325
4,170,9,220,0.9412726163864136
4,170,10,2283,0.9364241361618042
4,171,1,1028,0.9408811926841736
4,171,2,2243,0.9377300143241882
4,171,3,2377,0.9355147480964661
4,171,4,1001,0.9338626861572266
4,171,5,295,0.931902289390564
4,171,6,174,0.9313717484474182
4,171,7,696,0.9309710264205933
4,171,8,2658,0.9307467937469482
4,171,9,2073,0.9303227663040161
4,171,10,1091,0.925317108631134
4,172,1,278,0.9582958221435547
4,172,2,1840,0.9582352638244629
4,172,3,1028,0.9563857913017273
4,172,4,2377,0.9523297548294067
4,172,5,1001,0.9513110518455505
4,172,6,1091,0.9500347971916199
4,172,7,1866,0.9465190768241882
4,172,8,2734,0.9455817937850952
4,172,9,1156,0.9444112777709961
4,172,10,174,0.9364578127861023
4,173,1,1821,0.9847715497016907
4,173,2,216,0.9802248477935791
4,173,3,948,0.9796108603477478
4,173,4,1279,0.9792995452880859
4,173,5,1495,0.9755041003227234
4,173,6,1034,0.9729407429695129
4,173,7,1805,0.9727224111557007
4,173,8,2395,0.9703217148780823
4,173,9,1669,0.9650705456733704
4,173,10,2352,0.9647212624549866
4,174,1,2099,0.968938410282135
4,174,2,948,0.9667554497718811
4,174,3,1821,0.9653488993644714
4,174,4,2556,0.962169349193573
4,174,5,216,0.9602345824241638
4,174,6,1279,0.9586088061332703
4,174,7,1669,0.9525472521781921
4,174,8,1495,0.9523596167564392
4,174,9,1927,0.9513474106788635
4,174,10,2920,0.9494961500167847
4,175,1,1156,0.9478256106376648
4,175,2,1840,0.9383592009544373
4,175,3,1522,0.9363934993743896
4,175,4,278,0.9344853758811951
4,175,5,383,0.9300676584243774
4,175,6,2556,0.9288622140884399
4,175,7,2734,0.9284439086914062
4,175,8,400,0.9262790083885193
4,175,9,1091,0.9260645508766174
4,175,10,1028,0.9164254069328308
4,176,1,2099,0.9782660007476807
4,176,2,123,0.9690934419631958
4,176,3,1047,0.9627581238746643
4,176,4,2799,0.9598379135131836
4,176,5,1927,0.9566540718078613
4,176,6,2793,0.9510469436645508
4,176,7,948,0.9492403864860535
4,176,8,1156,0.948034942150116
4,176,9,1669,0.9473204016685486
4,176,10,629,0.9427424669265747
4,177,1,2099,0.9833196401596069
4,177,2,2799,0.9705014824867249
4,177,3,123,0.9701930284500122
4,177,4,2793,0.9633735418319702
4,177,5,1047,0.9628575444221497
4,177,6,2920,0.960816502571106
4,177,7,689,0.9606823325157166
4,177,8,1669,0.9597593545913696
4,177,9,1927,0.9592467546463013
4,177,10,948,0.9576011300086975
4,178,1,123,0.9608759880065918
4,178,2,1047,0.9558064937591553
4,178,3,1156,0.9539204835891724
4,178,4,2192,0.9527890682220459
4,178,5,2099,0.9520043730735779
4,178,6,1927,0.9382906556129456
4,178,7,327,0.9298081398010254
4,178,8,2560,0.9259374737739563
4,178,9,400,0.9246401786804199
4,178,10,1840,0.9197649359703064
4,179,1,1127,0.9769149422645569
4,179,2,1730,0.9761688113212585
4,179,3,2003,0.9750924110412598
4,179,4,1461,0.9735879898071289
4,179,5,6,0.9706886410713196
4,179,6,2776,0.967235803604126
4,179,7,415,0.9661678075790405
4,179,8,2238,0.9659918546676636
4,179,9,2581,0.9617347121238708
4,179,10,750,0.9598658084869385
4,180,1,1127,0.9728134274482727
4,180,2,2581,0.9726248383522034
4,180,3,2003,0.9724181890487671
4,180,4,1730,0.9716936945915222
4,180,5,25,0.9707586169242859
4,180,6,2238,0.9686580300331116
4,180,7,1461,0.9675318598747253
4,180,8,2326,0.9636420607566833
4,180,9,2740,0.9634575843811035
4,180,10,2776,0.9611298441886902
4,181,1,1446,0.9729849696159363
4,181,2,2326,0.9724612236022949
4,181,3,1442,0.967341423034668
4,181,4,1669,0.9655330181121826
4,181,5,25,0.9567890763282776
4,181,6,2740,0.9556670784950256
4,181,7,2581,0.9544186592102051
4,181,8,948,0.9494108557701111
4,181,9,2925,0.9456243515014648
4,181,10,2793,0.9445741176605225
4,182,1,2003,0.9847120046615601
4,182,2,1127,0.9842979907989502
4,182,3,1730,0.9827923774719238
4,182,4,2776,0.9821536540985107
4,182,5,1461,0.9816485643386841
4,182,6,880,0.978508472442627
4,182,7,750,0.9783505797386169
4,182,8,2238,0.9783190488815308
4,182,9,6,0.9782877564430237
4,182,10,2581,0.97137850522995
4,183,1,1358,0.9483306407928467
4,183,2,60,0.938595712184906
4,183,3,459,0.9383131861686707
4,183,4,2253,0.9344825148582458
4,183,5,2030,0.9342496991157532
4,183,6,1757,0.9316877126693726
4,183,7,2170,0.922731876373291
4,183,8,1613,0.9227066040039062
4,183,9,1252,0.9221639633178711
4,183,10,424,0.9208275675773621
4,184,1,1725,0.9624673128128052
4,184,2,2137,0.9597331881523132
4,184,3,1415,0.9550928473472595
4,184,4,2922,0.9411132335662842
4,184,5,1502,0.929703414440155
4,184,6,2895,0.9286184310913086
4,184,7,479,0.9271718859672546
4,184,8,2170,0.9248229265213013
4,184,9,500,0.921363353729248
4,184,10,1757,0.9199061393737793
4,185,1,479,0.9611461162567139
4,185,2,1502,0.9587545990943909
4,185,3,990,0.9582532048225403
4,185,4,1415,0.9571990370750427
4,185,5,1163,0.950086236000061
4,185,6,1725,0.9413763880729675
4,185,7,60,0.9369494318962097
4,185,8,2922,0.936707615852356
4,185,9,1250,0.9366720914840698
4,185,10,1985,0.9290640950202942
4,186,1,1744,0.9473904967308044
4,186,2,1465,0.9407156109809875
4,186,3,2895,0.9308852553367615
4,186,4,416,0.9172004461288452
4,186,5,2137,0.9139404296875
4,186,6,1111,0.913847029209137
4,186,7,1754,0.9107110500335693
4,186,8,2389,0.9053472280502319
4,186,9,481,0.8968588709831238
4,186,10,1725,0.896395742893219
4,187,1,2237,0.9434065818786621
4,187,2,3057,0.9345853924751282
4,187,3,155,0.9237328767776489
4,187,4,316,0.9172918796539307
4,187,5,2691,0.9146131873130798
4,187,6,2074,0.909023106098175
4,187,7,2901,0.9083731174468994
4,187,8,3032,0.9079396724700928
4,187,9,2323,0.9063069224357605
4,187,10,2642,0.9051555395126343
4,188,1,40,0.9365236163139343
4,188,2,3032,0.9329596161842346
4,188,3,2323,0.9156862497329712
4,188,4,2369,0.915481448173523
4,188,5,736,0.9102181196212769
4,188,6,2074,0.9101677536964417
4,188,7,3057,0.9042748808860779
4,188,8,155,0.9037783145904541
4,188,9,1988,0.903377890586853
4,188,10,1665,0.9025644659996033
4,190,1,3057,0.9404634833335876
4,190,2,2237,0.939143180847168
4,190,3,155,0.933725893497467
4,190,4,316,0.9266924262046814
4,190,5,2832,0.9245967864990234
4,190,6,2323,0.9216399788856506
4,190,7,2135,0.9069314002990723
4,190,8,3032,0.9056681394577026
4,190,9,655,0.9051376581192017
4,190,10,321,0.9034633636474609
4,191,1,1988,0.9253535866737366
4,191,2,2989,0.9246408939361572
4,191,3,2074,0.9084351658821106
4,191,4,2691,0.9080047011375427
4,191,5,749,0.9058918952941895
4,191,6,2901,0.9013819694519043
4,191,7,2738,0.900870680809021
4,191,8,2258,0.9006499648094177
4,191,9,1255,0.8998075723648071
4,191,10,80,0.8973277807235718
4,192,1,1594,0.9473416209220886
4,192,2,1988,0.9232339262962341
4,192,3,2074,0.9208177924156189
4,192,4,2237,0.9099079370498657
4,192,5,2989,0.9087398648262024
4,192,6,3032,0.9030541181564331
4,192,7,1255,0.9009576439857483
4,192,8,2738,0.8949010968208313
4,192,9,2258,0.8948181867599487
4,192,10,749,0.8947352766990662
4,194,1,2989,0.9370591640472412
4,194,2,1988,0.9287499785423279
4,194,3,1176,0.9216664433479309
4,194,4,1691,0.9201850891113281
4,194,5,2738,0.9175927042961121
4,194,6,2258,0.9172176122665405
4,194,7,80,0.9168649315834045
4,194,8,235,0.9154388904571533
4,194,9,706,0.9124795198440552
4,194,10,2302,0.912268340587616
4,195,1,1686,0.9791818857192993
4,195,2,415,0.9781630039215088
4,195,3,1730,0.9744330644607544
4,195,4,1127,0.9735865592956543
4,195,5,2003,0.9734039902687073
4,195,6,1708,0.9711930155754089
4,195,7,1461,0.9693490862846375
4,195,8,1142,0.9683431386947632
4,195,9,2238,0.9668881893157959
4,195,10,2581,0.9666404724121094
4,196,1,25,0.9786875247955322
4,196,2,2581,0.9776954650878906
4,196,3,2003,0.9776069521903992
4,196,4,2238,0.975238561630249
4,196,5,1730,0.9733276963233948
4,196,6,1127,0.9727060794830322
4,196,7,1708,0.9726528525352478
4,196,8,750,0.9721843004226685
4,196,9,1686,0.9720264077186584
4,196,10,2776,0.9717739820480347
4,197,1,415,0.9882086515426636
4,197,2,1686,0.9871759414672852
4,197,3,1142,0.985129714012146
4,197,4,1287,0.9836284518241882
4,197,5,1708,0.982337474822998
4,197,6,629,0.9736908078193665
4,197,7,1669,0.963461697101593
4,197,8,2740,0.96327805519104
4,197,9,25,0.9604308009147644
4,197,10,2581,0.9593406915664673
4,198,1,1686,0.9876237511634827
4,198,2,1708,0.9864606261253357
4,198,3,415,0.986345112323761
4,198,4,1142,0.9830256104469299
4,198,5,25,0.9787355065345764
4,198,6,2581,0.9776065945625305
4,198,7,1287,0.9701983332633972
4,198,8,2003,0.9698875546455383
4,198,9,2238,0.9695867300033569
4,198,10,1730,0.9669058918952942
4,199,1,93,0.9463057518005371
4,199,2,1082,0.9447137117385864
4,199,3,1236,0.938967764377594
4,199,4,2097,0.9364745020866394
4,199,5,1055,0.9229545593261719
4,199,6,1311,0.9228731393814087
4,199,7,2395,0.9224012494087219
4,199,8,1747,0.920342743396759
4,199,9,400,0.9177166223526001
4,199,10,2352,0.9169960021972656
4,200,1,32,0.9059216380119324
4,200,2,494,0.9025684595108032
4,200,3,2073,0.8957271575927734
4,200,4,738,0.8916441202163696
4,200,5,1250,0.8880456686019897
4,200,6,230,0.8829883933067322
4,200,7,2253,0.8824178576469421
4,200,8,512,0.8770700097084045
4,200,9,1613,0.8761629462242126
4,200,10,1028,0.8750951290130615
4,201,1,1817,0.9227216243743896
4,201,2,1250,0.9174756407737732
4,201,3,1613,0.9091103076934814
4,201,4,1252,0.9079179763793945
4,201,5,512,0.9032708406448364
4,201,6,738,0.8952766060829163
4,201,7,494,0.8920031785964966
4,201,8,220,0.8866040706634521
4,201,9,2073,0.8853841423988342
4,201,10,230,0.8841508626937866
4,202,1,230,0.9027508497238159
4,202,2,1992,0.8486626148223877
4,202,3,2290,0.8448681235313416
4,202,4,512,0.8435525298118591
4,202,5,2448,0.8421905040740967
4,202,6,1151,0.8353355526924133
4,202,7,2606,0.8295287489891052
4,202,8,1612,0.8289899826049805
4,202,9,925,0.8250964283943176
4,202,10,2408,0.8234314322471619
4,204,1,1278,0.9674387574195862
4,204,2,439,0.9651879668235779
4,204,3,289,0.965130090713501
4,204,4,2801,0.9556798338890076
4,204,5,504,0.9520199298858643
4,204,6,2898,0.9487173557281494
4,204,7,541,0.9464753270149231
4,204,8,998,0.9460924863815308
4,204,9,2324,0.9455269575119019
4,204,10,1836,0.9452887177467346
4,205,1,869,0.9463393092155457
4,205,2,787,0.9445471167564392
4,205,3,2328,0.9383723735809326
4,205,4,12,0.9349544644355774
4,205,5,78,0.9309046864509583
4,205,6,44,0.9306720495223999
4,205,7,1716,0.9301040172576904
4,205,8,259,0.9214565753936768
4,205,9,2339,0.9191142916679382
4,205,10,1383,0.9189202189445496
4,206,1,939,0.9534691572189331
4,206,2,2328,0.9509647488594055
4,206,3,787,0.9508096575737
4,206,4,259,0.9507130980491638
4,206,5,2042,0.9477747082710266
4,206,6,869,0.9419642090797424
4,206,7,1716,0.9399611949920654
4,206,8,44,0.939414918422699
4,206,9,852,0.9386571645736694
4,206,10,2590,0.9380859732627869
4,207,1,12,0.9518393874168396
4,207,2,78,0.9285671710968018
4,207,3,869,0.926734209060669
4,207,4,787,0.9242277145385742
4,207,5,49,0.9190576672554016
4,207,6,168,0.9170552492141724
4,207,7,2112,0.9132229089736938
4,207,8,2480,0.912932276725769
4,207,9,2504,0.9119688272476196
4,207,10,2328,0.9054917097091675
4,208,1,12,0.9666624665260315
4,208,2,78,0.9601843357086182
4,208,3,49,0.9529743194580078
4,208,4,2480,0.9522190690040588
4,208,5,787,0.9481616616249084
4,208,6,2429,0.9465734362602234
4,208,7,1907,0.9442585706710815
4,208,8,869,0.9412900805473328
4,208,9,164,0.9362095594406128
4,208,10,1716,0.9287774562835693
4,209,1,974,0.9300666451454163
4,209,2,2867,0.9289599657058716
4,209,3,65,0.9258279800415039
4,209,4,1750,0.9244073033332825
4,209,5,3048,0.9208819270133972
4,209,6,1180,0.9134005904197693
4,209,7,701,0.9028670787811279
4,209,8,2212,0.8977078199386597
4,209,9,105,0.8927098512649536
4,209,10,2603,0.8794083595275879
4,210,1,1832,0.9344509840011597
4,210,2,2493,0.9333780407905579
4,210,3,444,0.9262793660163879
4,210,4,1153,0.9222079515457153
4,210,5,536,0.9216736555099487
4,210,6,1354,0.9142331480979919
4,210,7,1674,0.9140807390213013
4,210,8,1723,0.9095486402511597
4,210,9,1157,0.9025446772575378
4,210,10,1750,0.900995135307312
4,211,1,2710,0.9268605709075928
4,211,2,974,0.9108123779296875
4,211,3,2603,0.9098852872848511
4,211,4,1159,0.8990011215209961
4,211,5,2867,0.8922048807144165
4,211,6,65,0.8858765363693237
4,211,7,2212,0.8768824338912964
4,211,8,2986,0.8752051591873169
4,211,9,863,0.8692935109138489
4,211,10,1380,0.8622666001319885
4,212,1,1978,0.9452229142189026
4,212,2,1897,0.93118816614151
4,212,3,270,0.9291409850120544
4,212,4,1260,0.9180973768234253
4,212,5,1275,0.9167365431785583
4,212,6,444,0.9158456325531006
4,212,7,1832,0.9135099053382874
4,212,8,2312,0.9113279581069946
4,212,9,536,0.9105220437049866
4,212,10,2493,0.9086403250694275
4,213,1,2710,0.9445253014564514
4,213,2,2757,0.9258089065551758
4,213,3,2603,0.9256734848022461
4,213,4,2867,0.9237759113311768
4,213,5,65,0.9166899919509888
4,213,6,1159,0.9165914058685303
4,213,7,2212,0.9072118401527405
4,213,8,1750,0.8984448909759521
4,213,9,3048,0.8931838274002075
4,213,10,1180,0.8886020183563232
4,214,1,2867,0.9336914420127869
4,214,2,356,0.9327178001403809
4,214,3,2710,0.9277284741401672
4,214,4,65,0.9260686635971069
4,214,5,2757,0.922958493232727
4,214,6,2603,0.9150582551956177
4,214,7,1750,0.9143757224082947
4,214,8,3048,0.9116042852401733
4,214,9,2212,0.9082183837890625
4,214,10,1159,0.9070428609848022
4,215,1,2757,0.9343787431716919
4,215,2,2710,0.9340590834617615
4,215,3,2867,0.9335470199584961
4,215,4,2603,0.9313109517097473
4,215,5,65,0.9269766211509705
4,215,6,1409,0.9246280789375305
4,215,7,1159,0.9241827726364136
4,215,8,2212,0.9168978333473206
4,215,9,1750,0.9137334823608398
4,215,10,356,0.910812497138977
4,216,1,356,0.9590457677841187
4,216,2,2867,0.9370176196098328
4,216,3,65,0.930010974407196
4,216,4,3048,0.9275553822517395
4,216,5,1750,0.927297830581665
4,216,6,1180,0.9135527610778809
4,216,7,701,0.9014797210693359
4,216,8,2212,0.900880753993988
4,216,9,2710,0.8902204036712646
4,216,10,105,0.8899036049842834
4,217,1,1978,0.9188297986984253
4,217,2,784,0.9174164533615112
4,217,3,1153,0.9017015695571899
4,217,4,1897,0.9002347588539124
4,217,5,1832,0.8986984491348267
4,217,6,2493,0.8941707611083984
4,217,7,444,0.8936981558799744
4,217,8,536,0.8926316499710083
4,217,9,1651,0.8887909054756165
4,217,10,206,0.8799555897712708
4,218,1,1301,0.94361412525177
4,218,2,2235,0.9304133057594299
4,218,3,206,0.9289621114730835
4,218,4,2136,0.9224677681922913
4,218,5,2830,0.9169278144836426
4,218,6,1198,0.9146052002906799
4,218,7,89,0.896200954914093
4,218,8,2568,0.8940619826316833
4,218,9,1307,0.8937462568283081
4,218,10,2910,0.8931991457939148
4,219,1,1157,0.9322736859321594
4,219,2,863,0.9321168661117554
4,219,3,554,0.9308286905288696
4,219,4,1723,0.9170619249343872
4,219,5,1173,0.9085347652435303
4,219,6,1354,0.9076592922210693
4,219,7,1674,0.9071465730667114
4,219,8,3084,0.9019680023193359
4,219,9,444,0.9017685055732727
4,219,10,1380,0.8938704133033752
4,220,1,2312,0.9052855372428894
4,220,2,106,0.9038494229316711
4,220,3,1897,0.9036386609077454
4,220,4,1570,0.8891594409942627
4,220,5,1307,0.8874269127845764
4,220,6,89,0.8852603435516357
4,220,7,1379,0.8764501810073853
4,220,8,2830,0.8737555146217346
4,220,9,1260,0.8720980882644653
4,220,10,975,0.8710246086120605
4,221,1,1101,0.9420627355575562
4,221,2,1336,0.9341142773628235
4,221,3,2431,0.9300018548965454
4,221,4,2128,0.9269163012504578
4,221,5,2616,0.9223136901855469
4,221,6,759,0.9090092182159424
4,221,7,1794,0.8954827785491943
4,221,8,285,0.8905856609344482
4,221,9,2929,0.8903874754905701
4,221,10,2365,0.8860503435134888
4,222,1,2128,0.9382216930389404
4,222,2,1336,0.9343247413635254
4,222,3,1101,0.9327527284622192
4,222,4,2431,0.9232271313667297
4,222,5,2616,0.918752908706665
4,222,6,2140,0.9157112240791321
4,222,7,2365,0.9157049059867859
4,222,8,1794,0.9080268740653992
4,222,9,285,0.9064527153968811
4,222,10,2929,0.9062393307685852
4,223,1,1766,0.9665718674659729
4,223,2,1963,0.9653058648109436
4,223,3,1516,0.9621790051460266
4,223,4,1875,0.9615585803985596
4,223,5,1053,0.957149088382721
4,223,6,3053,0.9565006494522095
4,223,7,2708,0.9554464817047119
4,223,8,2478,0.9469048380851746
4,223,9,189,0.9339761137962341
4,223,10,2090,0.9298269748687744
4,224,1,1516,0.9597946405410767
4,224,2,286,0.9545697569847107
4,224,3,3053,0.9543215036392212
4,224,4,189,0.954203188419342
4,224,5,1963,0.949281632900238
4,224,6,1303,0.9484831690788269
4,224,7,1875,0.9453686475753784
4,224,8,1766,0.9439556002616882
4,224,9,1582,0.9383014440536499
4,224,10,121,0.9363930821418762
4,225,1,718,0.9556147456169128
4,225,2,1303,0.9552949666976929
4,225,3,553,0.9532090425491333
4,225,4,783,0.9494216442108154
4,225,5,1277,0.9485917091369629
4,225,6,1787,0.9437465071678162
4,225,7,1540,0.9407168626785278
4,225,8,3053,0.9386110901832581
4,225,9,1437,0.9344460964202881
4,225,10,176,0.934158444404602
4,226,1,1400,0.9646102786064148
4,226,2,1203,0.9629359245300293
4,226,3,1494,0.9628521800041199
4,226,4,192,0.9589160680770874
4,226,5,1484,0.9557487964630127
4,226,6,663,0.9557316303253174
4,226,7,2578,0.9553321003913879
4,226,8,2628,0.9534392952919006
4,226,9,795,0.9526849389076233
4,226,10,2078,0.9494730830192566
4,227,1,1400,0.9606332182884216
4,227,2,1203,0.9597267508506775
4,227,3,1494,0.9570279121398926
4,227,4,2078,0.954186737537384
4,227,5,210,0.9540668725967407
4,227,6,1484,0.9527729153633118
4,227,7,663,0.9515576362609863
4,227,8,628,0.9508870840072632
4,227,9,192,0.9495794773101807
4,227,10,2628,0.949119508266449
4,228,1,481,0.9624199867248535
4,228,2,1653,0.961978554725647
4,228,3,1030,0.9607872366905212
4,228,4,210,0.9607484340667725
4,228,5,2078,0.9603841304779053
4,228,6,509,0.9582260251045227
4,228,7,418,0.955156147480011
4,228,8,2997,0.9551365375518799
4,228,9,628,0.9543676972389221
4,228,10,1478,0.9492505788803101
4,229,1,613,0.9581671953201294
4,229,2,132,0.9558435678482056
4,229,3,703,0.9519391059875488
4,229,4,397,0.9518426656723022
4,229,5,2808,0.9474658370018005
4,229,6,2197,0.9357711672782898
4,229,7,2750,0.9350931644439697
4,229,8,2759,0.9296494126319885
4,229,9,1580,0.9277899861335754
4,229,10,1413,0.9272420406341553
4,230,1,132,0.9688050150871277
4,230,2,703,0.9599671959877014
4,230,3,1413,0.9483721256256104
4,230,4,1659,0.9449982047080994
4,230,5,397,0.9427542090415955
4,230,6,2576,0.9360314011573792
4,230,7,2293,0.9312859773635864
4,230,8,1232,0.929617166519165
4,230,9,1615,0.9283866882324219
4,230,10,2990,0.9278692603111267
4,231,1,418,0.9690832495689392
4,231,2,628,0.9683224558830261
4,231,3,2750,0.9683002233505249
4,231,4,2185,0.9668079614639282
4,231,5,108,0.9668015241622925
4,231,6,210,0.9661839604377747
4,231,7,2078,0.9659295082092285
4,231,8,96,0.965468168258667
4,231,9,1653,0.9653853178024292
4,231,10,1030,0.9647624492645264
4,232,1,2938,0.9466564059257507
4,232,2,2595,0.9436360597610474
4,232,3,1659,0.9227266311645508
4,232,4,1413,0.9128335118293762
4,232,5,397,0.9110181331634521
4,232,6,2576,0.900020182132721
4,232,7,1893,0.8901346921920776
4,232,8,1232,0.889197826385498
4,232,9,2197,0.8886222243309021
4,232,10,2759,0.8883925676345825
4,233,1,1882,0.9586057066917419
4,233,2,2994,0.9525607228279114
4,233,3,1744,0.9447195529937744
4,233,4,193,0.9399479031562805
4,233,5,1465,0.9367892742156982
4,233,6,481,0.9347305297851562
4,233,7,2997,0.9132053256034851
4,233,8,2315,0.9125796556472778
4,233,9,1653,0.9107790589332581
4,233,10,1030,0.908973753452301
4,235,1,2994,0.9610134959220886
4,235,2,416,0.9580654501914978
4,235,3,1235,0.9516965746879578
4,235,4,1882,0.9470120072364807
4,235,5,1869,0.9369813799858093
4,235,6,2955,0.9363099932670593
4,235,7,2315,0.9304702877998352
4,235,8,193,0.9298575520515442
4,235,9,481,0.9233731627464294
4,235,10,1525,0.9172249436378479
4,236,1,2661,0.9356868863105774
4,236,2,1295,0.9069831371307373
4,236,3,483,0.9036456942558289
4,236,4,2664,0.9032250046730042
4,236,5,2844,0.902667760848999
4,236,6,1121,0.9017770290374756
4,236,7,656,0.8994930386543274
4,236,8,1328,0.8993945121765137
4,236,9,2270,0.899290919303894
4,236,10,1870,0.8990550637245178
4,237,1,656,0.9802460074424744
4,237,2,1328,0.9791903495788574
4,237,3,2270,0.9743819236755371
4,237,4,1304,0.9724080562591553
4,237,5,627,0.9718568325042725
4,237,6,532,0.9673395752906799
4,237,7,1632,0.9659621119499207
4,237,8,1121,0.9616045355796814
4,237,9,995,0.947933554649353
4,237,10,1111,0.9403679370880127
4,238,1,2270,0.9815179705619812
4,238,2,656,0.9810038805007935
4,238,3,1328,0.9807866811752319
4,238,4,1304,0.9801742434501648
4,238,5,627,0.9780328273773193
4,238,6,1121,0.9774518013000488
4,238,7,1346,0.9750599265098572
4,238,8,995,0.9630138874053955
4,238,9,2160,0.9603031277656555
4,238,10,1654,0.9517300724983215
4,239,1,627,0.9670456647872925
4,239,2,1304,0.9641181230545044
4,239,3,2270,0.9636846780776978
4,239,4,656,0.9619878530502319
4,239,5,2916,0.9616014957427979
4,239,6,1328,0.9609938263893127
4,239,7,1121,0.9565938711166382
4,239,8,1654,0.9509840607643127
4,239,9,2009,0.9484784007072449
4,239,10,447,0.9470998644828796
4,240,1,2160,0.9753007888793945
4,240,2,532,0.969959557056427
4,240,3,1121,0.9689644575119019
4,240,4,2270,0.9653723239898682
4,240,5,1304,0.9631819128990173
4,240,6,995,0.9614589214324951
4,240,7,627,0.9612886905670166
4,240,8,1328,0.9599356055259705
4,240,9,656,0.959755539894104
4,240,10,1654,0.9590152502059937
4,241,1,2345,0.9577443599700928
4,241,2,1654,0.9484460353851318
4,241,3,793,0.9448660016059875
4,241,4,627,0.9390756487846375
4,241,5,1304,0.9296812415122986
4,241,6,2180,0.929429829120636
4,241,7,2270,0.9287226796150208
4,241,8,1632,0.9276220202445984
4,241,9,532,0.9267396926879883
4,241,10,2916,0.9266856908798218
4,242,1,2576,0.9498087167739868
4,242,2,2345,0.9496248364448547
4,242,3,447,0.9398524165153503
4,242,4,627,0.9260227084159851
4,242,5,2165,0.9226676225662231
4,242,6,2180,0.9177787899971008
4,242,7,1304,0.9164320826530457
4,242,8,2270,0.9147972464561462
4,242,9,1632,0.9146580696105957
4,242,10,532,0.9138467907905579
4,243,1,1654,0.941550612449646
4,243,2,1067,0.939065158367157
4,243,3,627,0.9282504916191101
4,243,4,2165,0.9253827333450317
4,243,5,2180,0.9225597977638245
4,243,6,1632,0.9195008873939514
4,243,7,1304,0.9181407690048218
4,243,8,2270,0.9180421829223633
4,243,9,1111,0.9178466796875
4,243,10,2916,0.9175500869750977
4,244,1,2576,0.9507761001586914
4,244,2,2345,0.9500532746315002
4,244,3,2009,0.9436132311820984
4,244,4,2118,0.9422287344932556
4,244,5,1304,0.9402456879615784
4,244,6,532,0.9397565722465515
4,244,7,1413,0.9396921992301941
4,244,8,1346,0.9376025199890137
4,244,9,2916,0.9312801957130432
4,244,10,656,0.9305683374404907
4,245,1,2165,0.9414289593696594
4,245,2,1067,0.9245264530181885
4,245,3,1682,0.9190100431442261
4,245,4,2160,0.907155454158783
4,245,5,2345,0.9044657349586487
4,245,6,2118,0.9015784859657288
4,245,7,2009,0.8990368843078613
4,245,8,2808,0.8983519673347473
4,245,9,198,0.8953862190246582
4,245,10,132,0.8937110304832458
4,246,1,532,0.9665931463241577
4,246,2,627,0.9623515605926514
4,246,3,1346,0.9614963531494141
4,246,4,1304,0.9610422849655151
4,246,5,514,0.9592663645744324
4,246,6,793,0.9591474533081055
4,246,7,447,0.9579300284385681
4,246,8,2916,0.9578774571418762
4,246,9,1067,0.9549413919448853
4,246,10,483,0.9525197148323059
4,247,1,995,0.9655541181564331
4,247,2,514,0.9627202749252319
4,247,3,532,0.9612084627151489
4,247,4,483,0.9558443427085876
4,247,5,1304,0.9558130502700806
4,247,6,1346,0.9553486704826355
4,247,7,1160,0.9549893736839294
4,247,8,627,0.9534561038017273
4,247,9,2916,0.9517397880554199
4,247,10,2092,0.9510381817817688
4,248,1,995,0.9753338098526001
4,248,2,514,0.9664633274078369
4,248,3,2092,0.9614977836608887
4,248,4,483,0.9608146548271179
4,248,5,532,0.9607424736022949
4,248,6,1160,0.9590138792991638
4,248,7,1346,0.955923318862915
4,248,8,1121,0.9553770422935486
4,248,9,1304,0.9540040493011475
4,248,10,2916,0.9479331970214844
4,249,1,1339,0.9599184393882751
4,249,2,1212,0.9564853310585022
4,249,3,495,0.9476295709609985
4,249,4,1831,0.9468839764595032
4,249,5,2092,0.9438502192497253
4,249,6,995,0.9393083453178406
4,249,7,1550,0.9370410442352295
4,249,8,1145,0.9356691837310791
4,249,9,2160,0.932254433631897
4,249,10,1682,0.9251489043235779
4,251,1,1278,0.9518356919288635
4,251,2,939,0.945801854133606
4,251,3,185,0.9328927397727966
4,251,4,439,0.932137668132782
4,251,5,541,0.9294081926345825
4,251,6,1836,0.9280434846878052
4,251,7,2898,0.9254672527313232
4,251,8,259,0.9252750277519226
4,251,9,2975,0.9207730889320374
4,251,10,164,0.9176039695739746
4,252,1,541,0.9519872665405273
4,252,2,1836,0.9509707689285278
4,252,3,185,0.9381521344184875
4,252,4,2975,0.9338334798812866
4,252,5,158,0.9334072470664978
4,252,6,2961,0.9305548667907715
4,252,7,2529,0.9184427857398987
4,252,8,2743,0.9151243567466736
4,252,9,1513,0.9150487184524536
4,252,10,2839,0.9135607481002808
4,253,1,2975,0.9527681469917297
4,253,2,185,0.9503883123397827
4,253,3,541,0.9446172714233398
4,253,4,1836,0.9435665607452393
4,253,5,1376,0.9408478140830994
4,253,6,2529,0.9389853477478027
4,253,7,2743,0.9359907507896423
4,253,8,664,0.9344794750213623
4,253,9,1558,0.9262920022010803
4,253,10,2769,0.9241178035736084
4,254,1,2975,0.9669448137283325
4,254,2,2529,0.9574443101882935
4,254,3,185,0.9568328261375427
4,254,4,2743,0.954476535320282
4,254,5,2042,0.9495162963867188
4,254,6,1558,0.948778510093689
4,254,7,8,0.9466058611869812
4,254,8,289,0.9441361427307129
4,254,9,2769,0.9434783458709717
4,254,10,273,0.9416277408599854
4,255,1,2975,0.9600541591644287
4,255,2,2743,0.9557231664657593
4,255,3,2529,0.9552631378173828
4,255,4,185,0.9480920433998108
4,255,5,2297,0.9367057085037231
4,255,6,2324,0.9346745014190674
4,255,7,8,0.9341739416122437
4,255,8,273,0.9305053949356079
4,255,9,31,0.9252197742462158
4,255,10,541,0.9246155619621277
4,256,1,2529,0.955219030380249
4,256,2,653,0.9470388889312744
4,256,3,185,0.9464389085769653
4,256,4,2769,0.9435839653015137
4,256,5,1558,0.9426625370979309
4,256,6,2324,0.9346116185188293
4,256,7,273,0.9323937296867371
4,256,8,2297,0.9284403324127197
4,256,9,2339,0.9283563494682312
4,256,10,747,0.9276716709136963
4,257,1,2042,0.9687393307685852
4,257,2,259,0.9640977382659912
4,257,3,2529,0.9586410522460938
4,257,4,998,0.9581354856491089
4,257,5,2339,0.9580096006393433
4,257,6,1015,0.9565598368644714
4,257,7,185,0.9560883045196533
4,257,8,664,0.9556447863578796
4,257,9,747,0.9541297554969788
4,257,10,2228,0.9534264206886292
4,258,1,2228,0.9645040035247803
4,258,2,2328,0.9608086943626404
4,258,3,2339,0.9575340747833252
4,258,4,8,0.9551606178283691
4,258,5,787,0.9543235301971436
4,258,6,939,0.9543179273605347
4,258,7,747,0.9531792998313904
4,258,8,852,0.9517045617103577
4,258,9,2975,0.9499245285987854
4,258,10,273,0.9497094750404358
4,259,1,2529,0.9602507948875427
4,259,2,1015,0.949275016784668
4,259,3,664,0.949005126953125
4,259,4,1376,0.9479309916496277
4,259,5,2042,0.947685718536377
4,259,6,747,0.94635009765625
4,259,7,2228,0.9458896517753601
4,259,8,2339,0.9447137713432312
4,259,9,653,0.9437459111213684
4,259,10,185,0.9423401355743408
4,260,1,2529,0.9654867649078369
4,260,2,1558,0.9555816650390625
4,260,3,664,0.9533329010009766
4,260,4,2228,0.9527133703231812
4,260,5,747,0.9526338577270508
4,260,6,2042,0.9525718688964844
4,260,7,2339,0.9517162442207336
4,260,8,1376,0.9514796137809753
4,260,9,1015,0.949711799621582
4,260,10,653,0.9463578462600708
4,262,1,2228,0.9644920825958252
4,262,2,2042,0.9573577046394348
4,262,3,2339,0.956156313419342
4,262,4,747,0.9560238122940063
4,262,5,2529,0.9547568559646606
4,262,6,2590,0.9500188827514648
4,262,7,1558,0.9468891024589539
4,262,8,2743,0.9447451233863831
4,262,9,259,0.9437546730041504
4,262,10,869,0.9436203837394714
4,263,1,2480,0.9663472771644592
4,263,2,221,0.9648324251174927
4,263,3,164,0.9639974236488342
4,263,4,49,0.9610443115234375
4,263,5,2772,0.9450438618659973
4,263,6,1208,0.9277226328849792
4,263,7,2788,0.9250134229660034
4,263,8,2328,0.9243134260177612
4,263,9,2557,0.923184871673584
4,263,10,2196,0.9213403463363647
4,264,1,356,0.9551140666007996
4,264,2,1750,0.9537597894668579
4,264,3,1215,0.9450556635856628
4,264,4,65,0.9435854554176331
4,264,5,2274,0.9387383460998535
4,264,6,2986,0.9349995851516724
4,264,7,164,0.9312257766723633
4,264,8,974,0.9215487837791443
4,264,9,5,0.9159604907035828
4,264,10,2196,0.91546630859375
4,265,1,701,0.9434326887130737
4,265,2,1180,0.9403793811798096
4,265,3,2196,0.939324676990509
4,265,4,65,0.9337975978851318
4,265,5,1215,0.9318439364433289
4,265,6,2867,0.9312484264373779
4,265,7,356,0.9281421899795532
4,265,8,164,0.9199880957603455
4,265,9,2986,0.9156212210655212
4,265,10,2212,0.9096251130104065
4,266,1,164,0.954412043094635
4,266,2,2196,0.9365909695625305
4,266,3,12,0.936039924621582
4,266,4,78,0.9274270534515381
4,266,5,2429,0.9247591495513916
4,266,6,2772,0.9229212999343872
4,266,7,221,0.914683997631073
4,266,8,1215,0.9121352434158325
4,266,9,356,0.9007371664047241
4,266,10,105,0.8934475183486938
4,267,1,1651,0.9475310444831848
4,267,2,2493,0.9419710040092468
4,267,3,1832,0.941769540309906
4,267,4,1750,0.9407949447631836
4,267,5,444,0.9341907501220703
4,267,6,536,0.9305389523506165
4,267,7,1153,0.930479109287262
4,267,8,1354,0.9295035004615784
4,267,9,1674,0.9293014407157898
4,267,10,2274,0.9256566762924194
4,268,1,356,0.9546576738357544
4,268,2,1215,0.9490722417831421
4,268,3,1750,0.9485129117965698
4,268,4,1180,0.9414384365081787
4,268,5,2274,0.940618097782135
4,268,6,65,0.9358568787574768
4,268,7,2986,0.9299780130386353
4,268,8,5,0.9290229082107544
4,268,9,2196,0.9238680005073547
4,268,10,2772,0.9225717186927795
4,269,1,356,0.9463852047920227
4,269,2,3048,0.9395439028739929
4,269,3,1215,0.932292103767395
4,269,4,1907,0.92618727684021
4,269,5,2640,0.9254257678985596
4,269,6,105,0.9230783581733704
4,269,7,2986,0.9182763695716858
4,269,8,2196,0.9121492505073547
4,269,9,5,0.9087783694267273
4,269,10,974,0.9032899141311646
4,271,1,1159,0.9476151466369629
4,271,2,2757,0.9472228288650513
4,271,3,2212,0.9408854842185974
4,271,4,2923,0.9378174543380737
4,271,5,863,0.9351646304130554
4,271,6,886,0.9349742531776428
4,271,7,906,0.9336583614349365
4,271,8,1354,0.9253926277160645
4,271,9,1674,0.9246792793273926
4,271,10,974,0.9237961769104004
4,272,1,1750,0.9590387344360352
4,272,2,3048,0.9483790993690491
4,272,3,356,0.9436494708061218
4,272,4,105,0.9380823373794556
4,272,5,2986,0.9368403553962708
4,272,6,2274,0.9327316880226135
4,272,7,974,0.9298785924911499
4,272,8,1215,0.9278956651687622
4,272,9,2757,0.9189711809158325
4,272,10,886,0.9152420163154602
4,273,1,1409,0.9482005834579468
4,273,2,1360,0.9470747113227844
4,273,3,2513,0.9457864761352539
4,273,4,2923,0.92790687084198
4,273,5,863,0.9267919659614563
4,273,6,1380,0.9238552451133728
4,273,7,2757,0.9213655591011047
4,273,8,554,0.9150159358978271
4,273,9,906,0.9118622541427612
4,273,10,886,0.9116888046264648
4,274,1,906,0.9490585923194885
4,274,2,886,0.9489079117774963
4,274,3,974,0.9359342455863953
4,274,4,2923,0.9355973601341248
4,274,5,2757,0.9348065257072449
4,274,6,2513,0.9263725280761719
4,274,7,1360,0.9220072627067566
4,274,8,1409,0.9196362495422363
4,274,9,2986,0.9156143665313721
4,274,10,356,0.9113283753395081
4,277,1,1787,0.954364001750946
4,277,2,1940,0.9493592977523804
4,277,3,718,0.9474678039550781
4,277,4,189,0.9456547498703003
4,277,5,553,0.9454095363616943
4,277,6,783,0.94291090965271
4,277,7,1277,0.942233681678772
4,277,8,1540,0.9384819865226746
4,277,9,1437,0.9260580539703369
4,277,10,1891,0.9244822263717651
4,278,1,1437,0.9583382606506348
4,278,2,608,0.955157995223999
4,278,3,192,0.9458411335945129
4,278,4,286,0.9441667199134827
4,278,5,2622,0.9377501606941223
4,278,6,843,0.9365341663360596
4,278,7,1494,0.9344732761383057
4,278,8,189,0.9331250190734863
4,278,9,30,0.930626630783081
4,278,10,1303,0.9305955767631531
4,279,1,1940,0.9674698114395142
4,279,2,1891,0.9591988921165466
4,279,3,1787,0.9558194875717163
4,279,4,1203,0.9512713551521301
4,279,5,1484,0.9488967657089233
4,279,6,1494,0.945671796798706
4,279,7,795,0.9271911978721619
4,279,8,1437,0.924712061882019
4,279,9,2622,0.9186663031578064
4,279,10,1945,0.9071292281150818
4,280,1,719,0.9456570744514465
4,280,2,121,0.944460391998291
4,280,3,30,0.9320405125617981
4,280,4,1437,0.9275717735290527
4,280,5,2622,0.9269012212753296
4,280,6,1945,0.9233471751213074
4,280,7,572,0.9222415685653687
4,280,8,2578,0.9200427532196045
4,280,9,192,0.9167767763137817
4,280,10,1673,0.9147490859031677
4,282,1,286,0.956524133682251
4,282,2,1582,0.9546449184417725
4,282,3,1437,0.9515427350997925
4,282,4,608,0.9427053332328796
4,282,5,189,0.9382548332214355
4,282,6,1303,0.9356251955032349
4,282,7,795,0.929864764213562
4,282,8,2578,0.9281608462333679
4,282,9,3053,0.9281234741210938
4,282,10,2708,0.9265568256378174
4,283,1,1582,0.9559889435768127
4,283,2,719,0.9527445435523987
4,283,3,1437,0.9440786242485046
4,283,4,608,0.941588819026947
4,283,5,286,0.941401481628418
4,283,6,795,0.9364309310913086
4,283,7,30,0.9353662133216858
4,283,8,2622,0.9316913485527039
4,283,9,2578,0.93012535572052
4,283,10,1945,0.9238780736923218
4,284,1,1787,0.9533105492591858
4,284,2,783,0.9504998922348022
4,284,3,1277,0.9503345489501953
4,284,4,1540,0.9484882354736328
4,284,5,189,0.9463756084442139
4,284,6,1940,0.9448543787002563
4,284,7,1303,0.9375579953193665
4,284,8,1891,0.9170170426368713
4,284,9,2407,0.9146299362182617
4,284,10,2708,0.9128869771957397
4,285,1,189,0.9422476887702942
4,285,2,1303,0.9329608082771301
4,285,3,1787,0.9301514625549316
4,285,4,2708,0.9142882823944092
4,285,5,1940,0.912363588809967
4,285,6,1466,0.904585599899292
4,285,7,1516,0.8959754109382629
4,285,8,1875,0.8801131844520569
4,285,9,1766,0.877810001373291
4,285,10,1891,0.8753453493118286
4,286,1,1540,0.9565474987030029
4,286,2,553,0.9475903511047363
4,286,3,189,0.8975297212600708
4,286,4,1303,0.8833892345428467
4,286,5,1053,0.8812464475631714
4,286,6,2708,0.8803042769432068
4,286,7,1787,0.8755717873573303
4,286,8,3053,0.8750705718994141
4,286,9,294,0.8702183961868286
4,286,10,1516,0.8567607402801514
4,287,1,176,0.9519979357719421
4,287,2,2407,0.9424653053283691
4,287,3,189,0.9346491098403931
4,287,4,1303,0.9237245321273804
4,287,5,2708,0.9153318405151367
4,287,6,3053,0.9145267009735107
4,287,7,1787,0.9036093354225159
4,287,8,1516,0.8977816104888916
4,287,9,1053,0.8928655385971069
4,287,10,1766,0.8846889138221741
4,288,1,783,0.9208718538284302
4,288,2,294,0.8831492066383362
4,288,3,189,0.8600671887397766
4,288,4,2708,0.8497118949890137
4,288,5,1303,0.8455169796943665
4,288,6,3053,0.844096839427948
4,288,7,398,0.8426737785339355
4,288,8,2760,0.8365544080734253
4,288,9,1516,0.8258346915245056
4,288,10,288,0.8252785801887512
4,289,1,1466,0.9450236558914185
4,289,2,176,0.9293014407157898
4,289,3,1277,0.9169263243675232
4,289,4,553,0.9156421422958374
4,289,5,718,0.9026232361793518
4,289,6,2708,0.8925102353096008
4,289,7,3053,0.887431800365448
4,289,8,2478,0.8857325315475464
4,289,9,189,0.8848466277122498
4,289,10,2760,0.8826717138290405
4,290,1,666,0.9589412212371826
4,290,2,597,0.9574642777442932
4,290,3,1685,0.9565275311470032
4,290,4,2952,0.9563340544700623
4,290,5,2525,0.9558614492416382
4,290,6,533,0.9542586803436279
4,290,7,1344,0.9539356827735901
4,290,8,2672,0.9533589482307434
4,290,9,1171,0.9490846395492554
4,290,10,1381,0.9444288015365601
4,291,1,2525,0.9633035063743591
4,291,2,2090,0.9628821611404419
4,291,3,727,0.9600366950035095
4,291,4,1171,0.9570645689964294
4,291,5,597,0.9569817185401917
4,291,6,666,0.9560083746910095
4,291,7,1685,0.9553020000457764
4,291,8,2355,0.9514154195785522
4,291,9,1476,0.9508969783782959
4,291,10,2931,0.9506935477256775
4,292,1,2525,0.9559041857719421
4,292,2,375,0.9553913474082947
4,292,3,1685,0.9496597647666931
4,292,4,597,0.9494384527206421
4,292,5,1171,0.9489736557006836
4,292,6,666,0.9487445950508118
4,292,7,2355,0.945035994052887
4,292,8,1381,0.944897472858429
4,292,9,1476,0.9446240663528442
4,292,10,2931,0.9444491267204285
4,293,1,1344,0.9671841263771057
4,293,2,2952,0.9665645360946655
4,293,3,2525,0.9636052846908569
4,293,4,1685,0.9579913020133972
4,293,5,597,0.9573091268539429
4,293,6,666,0.9571762681007385
4,293,7,1171,0.9569587111473083
4,293,8,1381,0.9515359997749329
4,293,9,2672,0.9501430988311768
4,293,10,1760,0.9486213326454163
4,294,1,1101,0.9466349482536316
4,294,2,1336,0.9408606290817261
4,294,3,2128,0.9357879161834717
4,294,4,2616,0.9342228770256042
4,294,5,63,0.9278122186660767
4,294,6,759,0.9266436696052551
4,294,7,1265,0.9215766787528992
4,294,8,1794,0.9117357134819031
4,294,9,2365,0.9017364978790283
4,294,10,2140,0.899484395980835
4,295,1,285,0.918246328830719
4,295,2,2929,0.9178853631019592
4,295,3,759,0.9083112478256226
4,295,4,63,0.8936318755149841
4,295,5,1265,0.8833940625190735
4,295,6,510,0.8776768445968628
4,295,7,2140,0.8708277344703674
4,295,8,2365,0.8668041229248047
4,295,9,2280,0.8667459487915039
4,295,10,308,0.8613989949226379
4,297,1,1380,0.9162334203720093
4,297,2,2871,0.915324330329895
4,297,3,308,0.8890867233276367
4,297,4,2513,0.8815486431121826
4,297,5,1360,0.8794554471969604
4,297,6,1409,0.8788012266159058
4,297,7,759,0.8787047863006592
4,297,8,3084,0.8784790635108948
4,297,9,554,0.8698284029960632
4,297,10,2280,0.8588840961456299
4,298,1,3061,0.9219688177108765
4,298,2,2280,0.8944905400276184
4,298,3,759,0.891686737537384
4,298,4,308,0.8878560066223145
4,298,5,2871,0.880796492099762
4,298,6,2128,0.8737117052078247
4,298,7,63,0.85940021276474
4,298,8,1380,0.8593184351921082
4,298,9,122,0.8543519973754883
4,298,10,1265,0.8451987504959106
4,299,1,2322,0.9293282628059387
4,299,2,2365,0.9285157918930054
4,299,3,1070,0.9216721057891846
4,299,4,63,0.9163225889205933
4,299,5,1265,0.9160286784172058
4,299,6,72,0.9114351868629456
4,299,7,1827,0.9110262393951416
4,299,8,502,0.902153491973877
4,299,9,1786,0.899462878704071
4,299,10,1911,0.8959470391273499
4,300,1,2956,0.9307762980461121
4,300,2,1964,0.9225181341171265
4,300,3,2500,0.9211131930351257
4,300,4,2106,0.9199166297912598
4,300,5,2363,0.9187527298927307
4,300,6,975,0.9164222478866577
4,300,7,1379,0.915729820728302
4,300,8,2971,0.9150349497795105
4,300,9,1671,0.9139621257781982
4,300,10,2758,0.9111409187316895
4,301,1,446,0.9447474479675293
4,301,2,1964,0.9428920149803162
4,301,3,2106,0.9427860975265503
4,301,4,562,0.9385541081428528
4,301,5,2176,0.9377928376197815
4,301,6,2758,0.9350295066833496
4,301,7,2956,0.9292252063751221
4,301,8,1379,0.9206675887107849
4,301,9,1671,0.9182597994804382
4,301,10,2500,0.9175938963890076
4,302,1,446,0.9461711049079895
4,302,2,1964,0.9448238015174866
4,302,3,2106,0.9447712898254395
4,302,4,562,0.9418407082557678
4,302,5,2176,0.9410359859466553
4,302,6,2758,0.9371015429496765
4,302,7,2956,0.9287127256393433
4,302,8,1379,0.9237706661224365
4,302,9,2686,0.9203593134880066
4,302,10,859,0.9200409650802612
4,303,1,1964,0.9428302049636841
4,303,2,2106,0.9415059685707092
4,303,3,2956,0.9413300156593323
4,303,4,446,0.9404395222663879
4,303,5,1671,0.9358283877372742
4,303,6,2500,0.9323838949203491
4,303,7,2363,0.9318252205848694
4,303,8,2176,0.9297228455543518
4,303,9,2758,0.9264073967933655
4,303,10,562,0.9261661767959595
4,304,1,562,0.9474547505378723
4,304,2,446,0.9441980123519897
4,304,3,2176,0.9408113360404968
4,304,4,859,0.9402898550033569
4,304,5,2686,0.9369105100631714
4,304,6,1868,0.933864414691925
4,304,7,2106,0.9315445423126221
4,304,8,1964,0.9283723831176758
4,304,9,2758,0.9266692996025085
4,304,10,59,0.9183660745620728
4,305,1,859,0.9345998764038086
4,305,2,2176,0.9269054532051086
4,305,3,446,0.9231544733047485
4,305,4,2758,0.9208915829658508
4,305,5,2106,0.9138787388801575
4,305,6,2235,0.9136563539505005
4,305,7,2686,0.9127175807952881
4,305,8,1301,0.9111962914466858
4,305,9,1964,0.9108412265777588
4,305,10,195,0.9073782563209534
4,306,1,562,0.9558446407318115
4,306,2,859,0.9527139067649841
4,306,3,2176,0.94790118932724
4,306,4,446,0.9465305805206299
4,306,5,1868,0.937461256980896
4,306,6,2106,0.9349389672279358
4,306,7,2758,0.9326976537704468
4,306,8,1964,0.9313135147094727
4,306,9,59,0.9301214218139648
4,306,10,195,0.9271386861801147
4,307,1,562,0.9485403895378113
4,307,2,446,0.9447576999664307
4,307,3,2176,0.9425289034843445
4,307,4,859,0.9398598074913025
4,307,5,2106,0.9371439814567566
4,307,6,2758,0.936826229095459
4,307,7,1964,0.9351675510406494
4,307,8,2686,0.9306434392929077
4,307,9,1379,0.9114933609962463
4,307,10,2623,0.9099018573760986
4,308,1,446,0.9497889280319214
4,308,2,562,0.9447485208511353
4,308,3,2176,0.9426097869873047
4,308,4,2106,0.9406830668449402
4,308,5,1964,0.9389082193374634
4,308,6,1868,0.9326464533805847
4,308,7,859,0.9309837222099304
4,308,8,2758,0.9295448064804077
4,308,9,1189,0.9239569306373596
4,308,10,1823,0.9133090972900391
4,309,1,446,0.9496310949325562
4,309,2,562,0.9469577074050903
4,309,3,1868,0.9424369931221008
4,309,4,2176,0.9423627853393555
4,309,5,859,0.9381972551345825
4,309,6,2106,0.9361517429351807
4,309,7,1964,0.9328752756118774
4,309,8,2623,0.9308366179466248
4,309,9,1701,0.9276606440544128
4,309,10,1189,0.9264200925827026
4,310,1,2758,0.9466002583503723
4,310,2,2176,0.940700113773346
4,310,3,1379,0.9397329092025757
4,310,4,2830,0.9390835762023926
4,310,5,859,0.9382449388504028
4,310,6,2106,0.9353792071342468
4,310,7,446,0.9348228573799133
4,310,8,1964,0.9341634511947632
4,310,9,89,0.9334915280342102
4,310,10,1301,0.9301803112030029
4,311,1,446,0.9434144496917725
4,311,2,2106,0.938637912273407
4,311,3,2176,0.9385542869567871
4,311,4,1964,0.9381375908851624
4,311,5,2758,0.929745614528656
4,311,6,2686,0.9221905469894409
4,311,7,859,0.9218094944953918
4,311,8,2956,0.9152628183364868
4,311,9,1379,0.910871148109436
4,311,10,1189,0.908224880695343
4,312,1,784,0.9569925665855408
4,312,2,1275,0.9520292282104492
4,312,3,206,0.9356177449226379
4,312,4,1301,0.9353430271148682
4,312,5,2257,0.9251744747161865
4,312,6,270,0.9243593811988831
4,312,7,617,0.9204602241516113
4,312,8,2830,0.9180957674980164
4,312,9,2235,0.9124093055725098
4,312,10,1897,0.9096070528030396
4,314,1,1198,0.9355878233909607
4,314,2,2136,0.9244133234024048
4,314,3,2568,0.9237095713615417
4,314,4,2910,0.9234288930892944
4,314,5,2235,0.9223285913467407
4,314,6,2257,0.9168130159378052
4,314,7,206,0.9162915945053101
4,314,8,1206,0.9115939140319824
4,314,9,1301,0.909805953502655
4,314,10,1999,0.9030269980430603
4,315,1,2568,0.9522543549537659
4,315,2,2910,0.9515600204467773
4,315,3,2136,0.9495283365249634
4,315,4,2257,0.9466561079025269
4,315,5,2235,0.944698691368103
4,315,6,206,0.9437324404716492
4,315,7,1999,0.9381678700447083
4,315,8,1206,0.9339607954025269
4,315,9,1301,0.933638870716095
4,315,10,609,0.919998288154602
4,316,1,1999,0.9620019793510437
4,316,2,206,0.9598238468170166
4,316,3,2568,0.9468794465065002
4,316,4,475,0.9412016272544861
4,316,5,2257,0.9404409527778625
4,316,6,2136,0.9325886964797974
4,316,7,784,0.9322203993797302
4,316,8,2910,0.9312936067581177
4,316,9,1301,0.9287191033363342
4,316,10,609,0.9286327362060547
4,317,1,2136,0.9619894623756409
4,317,2,2235,0.9610000252723694
4,317,3,2257,0.9601090550422668
4,317,4,2910,0.955940842628479
4,317,5,2568,0.9541703462600708
4,317,6,206,0.9528704285621643
4,317,7,1301,0.9524950385093689
4,317,8,1999,0.9359961748123169
4,317,9,784,0.9288843274116516
4,317,10,1275,0.9202790260314941
4,318,1,2235,0.962487518787384
4,318,2,1301,0.9620358943939209
4,318,3,2257,0.9617748856544495
4,318,4,2136,0.9576980471611023
4,318,5,1198,0.9524475336074829
4,318,6,206,0.9473428130149841
4,318,7,2910,0.9401276707649231
4,318,8,784,0.938085675239563
4,318,9,2568,0.93610680103302
4,318,10,1275,0.9340000748634338
4,319,1,89,0.9354251623153687
4,319,2,2830,0.9350341558456421
4,319,3,1570,0.9345976710319519
4,319,4,1379,0.9344514608383179
4,319,5,1307,0.9317778944969177
4,319,6,1769,0.9217067956924438
4,319,7,270,0.92051762342453
4,319,8,2758,0.9200897812843323
4,319,9,975,0.920037567615509
4,319,10,617,0.9162726998329163
4,323,1,2758,0.9399752020835876
4,323,2,562,0.9384506344795227
4,323,3,2176,0.9365819096565247
4,323,4,1379,0.9334256052970886
4,323,5,89,0.9254645109176636
4,323,6,2830,0.9241651296615601
4,323,7,1570,0.9238079190254211
4,323,8,2956,0.9236699938774109
4,323,9,1307,0.9206690788269043
4,323,10,975,0.920310378074646
4,324,1,1570,0.8931140303611755
4,324,2,106,0.8922624588012695
4,324,3,2440,0.8912038207054138
4,324,4,89,0.8896096348762512
4,324,5,1379,0.8888351917266846
4,324,6,1307,0.8885033130645752
4,324,7,270,0.8865429759025574
4,324,8,1897,0.8835258483886719
4,324,9,975,0.8830239772796631
4,324,10,2830,0.8776766061782837
4,325,1,975,0.9246910214424133
4,325,2,106,0.9224973917007446
4,325,3,2440,0.9207636713981628
4,325,4,1570,0.9149240255355835
4,325,5,2971,0.9128800630569458
4,325,6,1307,0.9084809422492981
4,325,7,89,0.9083244800567627
4,325,8,1379,0.906451404094696
4,325,9,2363,0.9062538743019104
4,325,10,2312,0.9054132699966431
4,326,1,975,0.9310903549194336
4,326,2,1570,0.9180817008018494
4,326,3,106,0.9169023036956787
4,326,4,2440,0.9164237976074219
4,326,5,1379,0.9133672714233398
4,326,6,89,0.9120936393737793
4,326,7,1307,0.9113916158676147
4,326,8,393,0.9052226543426514
4,326,9,1964,0.8938941955566406
4,326,10,2312,0.8912081718444824
4,327,1,2971,0.9305153489112854
4,327,2,2956,0.9296592473983765
4,327,3,2500,0.9260917901992798
4,327,4,1113,0.9218051433563232
4,327,5,975,0.9057226777076721
4,327,6,1597,0.8977987766265869
4,327,7,106,0.8882232308387756
4,327,8,1072,0.8871170282363892
4,327,9,3043,0.8844220042228699
4,327,10,2440,0.8836921453475952
4,328,1,2956,0.9507554173469543
4,328,2,2500,0.9455749988555908
4,328,3,2363,0.9422803521156311
4,328,4,2971,0.9416311383247375
4,328,5,1964,0.9369598627090454
4,328,6,2106,0.9354290962219238
4,328,7,637,0.9323157072067261
4,328,8,446,0.9302877187728882
4,328,9,975,0.9275971055030823
4,328,10,2758,0.9223300218582153
4,329,1,1671,0.9429156184196472
4,329,2,1991,0.9394965767860413
4,329,3,2969,0.9374430775642395
4,329,4,1064,0.9368522763252258
4,329,5,446,0.936457097530365
4,329,6,540,0.9356383681297302
4,329,7,2956,0.9352586269378662
4,329,8,2500,0.931853711605072
4,329,9,1964,0.9318059086799622
4,329,10,2363,0.9317994117736816
4,330,1,1062,0.9160053730010986
4,330,2,637,0.9157512784004211
4,330,3,2075,0.9149930477142334
4,330,4,104,0.9145075082778931
4,330,5,1671,0.9120088219642639
4,330,6,2363,0.9117297530174255
4,330,7,2956,0.9096230268478394
4,330,8,2500,0.9095122218132019
4,330,9,2971,0.9091973304748535
4,330,10,1991,0.9085102677345276
4,331,1,2075,0.9127649068832397
4,331,2,104,0.9123355150222778
4,331,3,1113,0.9106581211090088
4,331,4,637,0.9088324904441833
4,331,5,1062,0.9082044363021851
4,331,6,2363,0.9010776281356812
4,331,7,2971,0.9001338481903076
4,331,8,2500,0.8971187472343445
4,331,9,1671,0.8968830108642578
4,331,10,2956,0.8963789343833923
4,332,1,1422,0.9022737741470337
4,332,2,33,0.8863417506217957
4,332,3,2484,0.884475827217102
4,332,4,1116,0.8804531097412109
4,332,5,69,0.8785170316696167
4,332,6,1449,0.8778278231620789
4,332,7,2084,0.8714752793312073
4,332,8,2917,0.8698181509971619
4,332,9,1701,0.8692545294761658
4,332,10,2343,0.8611631393432617
4,333,1,249,0.9267523884773254
4,333,2,899,0.9189318418502808
4,333,3,2870,0.9105660319328308
4,333,4,1655,0.9099215865135193
4,333,5,2384,0.9080016613006592
4,333,6,2543,0.9076838493347168
4,333,7,2261,0.9035871624946594
4,333,8,2602,0.9022496342658997
4,333,9,957,0.9010050296783447
4,333,10,1399,0.8998397588729858
4,334,1,1779,0.9394023418426514
4,334,2,1399,0.9112148284912109
4,334,3,899,0.9108670353889465
4,334,4,1692,0.9098979234695435
4,334,5,2659,0.9067104458808899
4,334,6,315,0.8960530757904053
4,334,7,2261,0.8924736976623535
4,334,8,2912,0.8849970698356628
4,334,9,672,0.8836908936500549
4,334,10,957,0.8820511102676392
4,335,1,1692,0.9203967452049255
4,335,2,957,0.9128504991531372
4,335,3,2870,0.9099607467651367
4,335,4,2384,0.9062690734863281
4,335,5,1635,0.905737042427063
4,335,6,2543,0.9055799245834351
4,335,7,2261,0.9022417068481445
4,335,8,315,0.9007564783096313
4,335,9,2602,0.9002825617790222
4,335,10,90,0.8887211084365845
4,336,1,2061,0.9247317910194397
4,336,2,315,0.912664532661438
4,336,3,957,0.9072312116622925
4,336,4,2870,0.9039877653121948
4,336,5,1655,0.9036484360694885
4,336,6,2659,0.899555504322052
4,336,7,1399,0.898898720741272
4,336,8,1498,0.8912407159805298
4,336,9,2107,0.8899566531181335
4,336,10,2927,0.8898476958274841
4,337,1,3017,0.9591593742370605
4,337,2,957,0.9590539336204529
4,337,3,539,0.9577760100364685
4,337,4,826,0.9563425779342651
4,337,5,1018,0.9562461972236633
4,337,6,2721,0.9512779116630554
4,337,7,90,0.9511213898658752
4,337,8,535,0.9471015930175781
4,337,9,2785,0.9458265900611877
4,337,10,576,0.9440106749534607
4,338,1,957,0.964604914188385
4,338,2,3017,0.9632288813591003
4,338,3,1018,0.961747407913208
4,338,4,826,0.9616774320602417
4,338,5,90,0.9616250991821289
4,338,6,539,0.9606468081474304
4,338,7,576,0.9518828392028809
4,338,8,2721,0.9513218998908997
4,338,9,2785,0.9507967233657837
4,338,10,535,0.9479456543922424
4,339,1,957,0.9625841379165649
4,339,2,2870,0.9607838988304138
4,339,3,90,0.9599554538726807
4,339,4,3017,0.948457658290863
4,339,5,826,0.945188045501709
4,339,6,1018,0.9448146224021912
4,339,7,2705,0.9428883194923401
4,339,8,539,0.9405391812324524
4,339,9,523,0.934067964553833
4,339,10,2721,0.9313082098960876
4,340,1,90,0.9615870714187622
4,340,2,2870,0.960921585559845
4,340,3,957,0.9606468081474304
4,340,4,2145,0.9544664025306702
4,340,5,3017,0.9503740668296814
4,340,6,826,0.9491819739341736
4,340,7,1018,0.9480369091033936
4,340,8,539,0.9443727731704712
4,340,9,2705,0.9408160448074341
4,340,10,576,0.9358385801315308
4,341,1,1265,0.9441430568695068
4,341,2,63,0.9419084191322327
4,341,3,2128,0.9371305108070374
4,341,4,1101,0.9363678097724915
4,341,5,1070,0.9362205266952515
4,341,6,2365,0.9333204627037048
4,341,7,1336,0.9294515252113342
4,341,8,759,0.9126002788543701
4,341,9,2140,0.9094611406326294
4,341,10,2322,0.908065915107727
4,343,1,899,0.961492121219635
4,343,2,1692,0.9601653814315796
4,343,3,1655,0.9597452282905579
4,343,4,2870,0.9596878290176392
4,343,5,2261,0.9577471017837524
4,343,6,2705,0.9576574563980103
4,343,7,249,0.9474700689315796
4,343,8,1779,0.9410438537597656
4,343,9,957,0.9358645677566528
4,343,10,788,0.9299101829528809
4,344,1,1472,0.9368770718574524
4,344,2,2403,0.9359959363937378
4,344,3,297,0.9302024841308594
4,344,4,506,0.9297107458114624
4,344,5,910,0.9227417707443237
4,344,6,434,0.9190400242805481
4,344,7,2163,0.8993109464645386
4,344,8,2311,0.8991899490356445
4,344,9,2294,0.8990997672080994
4,344,10,579,0.8951412439346313
4,345,1,910,0.9575278162956238
4,345,2,101,0.9530369639396667
4,345,3,387,0.9510945081710815
4,345,4,2294,0.9488542675971985
4,345,5,2311,0.9485892653465271
4,345,6,579,0.9463111758232117
4,345,7,2486,0.9458230137825012
4,345,8,2645,0.944033145904541
4,345,9,595,0.9368821382522583
4,345,10,1542,0.9024987816810608
4,346,1,910,0.9544345140457153
4,346,2,387,0.9488364458084106
4,346,3,2294,0.9449079036712646
4,346,4,2311,0.9446057677268982
4,346,5,579,0.9425827264785767
4,346,6,2486,0.9422054886817932
4,346,7,2645,0.940224826335907
4,346,8,595,0.9324591755867004
4,346,9,779,0.9300297498703003
4,346,10,1793,0.9205217957496643
4,347,1,910,0.9394135475158691
4,347,2,854,0.9339064955711365
4,347,3,2294,0.921379029750824
4,347,4,2311,0.9212191104888916
4,347,5,579,0.9187238216400146
4,347,6,2486,0.9186843633651733
4,347,7,2645,0.916195809841156
4,347,8,297,0.915289580821991
4,347,9,2163,0.9137397408485413
4,347,10,506,0.9136413931846619
4,348,1,2322,0.922088086605072
4,348,2,2365,0.9196670651435852
4,348,3,1070,0.911555290222168
4,348,4,1827,0.9097005128860474
4,348,5,1265,0.9026078581809998
4,348,6,63,0.9022061228752136
4,348,7,502,0.8987337946891785
4,348,8,2140,0.8986169695854187
4,348,9,730,0.8927569389343262
4,348,10,759,0.8822554349899292
4,349,1,2322,0.9155434966087341
4,349,2,2365,0.9107922911643982
4,349,3,72,0.9040210843086243
4,349,4,730,0.9039000868797302
4,349,5,1070,0.8986853957176208
4,349,6,2140,0.8923604488372803
4,349,7,63,0.8894941210746765
4,349,8,1265,0.8892460465431213
4,349,9,759,0.8761457204818726
4,349,10,1739,0.8755851984024048
4,350,1,730,0.9266040921211243
4,350,2,2322,0.9213979244232178
4,350,3,2365,0.9130619764328003
4,350,4,2140,0.9023038744926453
4,350,5,1173,0.9012700915336609
4,350,6,1070,0.8989133238792419
4,350,7,63,0.8923997282981873
4,350,8,1265,0.8910368084907532
4,350,9,759,0.8855955004692078
4,350,10,1739,0.8854613304138184
4,351,1,730,0.916731595993042
4,351,2,1173,0.8976276516914368
4,351,3,1739,0.8959162831306458
4,351,4,2322,0.886911153793335
4,351,5,2312,0.8856635093688965
4,351,6,2365,0.8773027658462524
4,351,7,3084,0.8663699626922607
4,351,8,1260,0.8653798699378967
4,351,9,2140,0.8601778149604797
4,351,10,1070,0.8564922213554382
4,352,1,2557,0.8840370178222656
4,352,2,2788,0.8832904100418091
4,352,3,12,0.8776195049285889
4,352,4,221,0.876590371131897
4,352,5,1913,0.8579273223876953
4,352,6,78,0.8560621738433838
4,352,7,1208,0.8554006218910217
4,352,8,2112,0.8552460670471191
4,352,9,1190,0.8545926809310913
4,352,10,2752,0.852177619934082
4,353,1,2562,0.9300571084022522
4,353,2,2697,0.9181420803070068
4,353,3,1037,0.917838990688324
4,353,4,2754,0.873144805431366
4,353,5,1606,0.8690323829650879
4,353,6,2888,0.8594727516174316
4,353,7,1678,0.8572190403938293
4,353,8,2441,0.8556419610977173
4,353,9,1913,0.8512429594993591
4,353,10,477,0.8506373167037964
4,354,1,1,0.9536116719245911
4,354,2,1490,0.925033450126648
4,354,3,2697,0.9192838072776794
4,354,4,1606,0.8783526420593262
4,354,5,2754,0.8706903457641602
4,354,6,2888,0.8682632446289062
4,354,7,1678,0.8677676320075989
4,354,8,2441,0.8639025092124939
4,354,9,477,0.8613882064819336
4,354,10,2464,0.8608061671257019
4,355,1,2529,0.9372256994247437
4,355,2,2743,0.9370908737182617
4,355,3,2769,0.9315183758735657
4,355,4,2228,0.9294089078903198
4,355,5,747,0.928861141204834
4,355,6,194,0.9281288385391235
4,355,7,2975,0.9274234771728516
4,355,8,2093,0.9270792603492737
4,355,9,1558,0.9259952902793884
4,355,10,8,0.9226173758506775
4,356,1,1,0.9272252917289734
4,356,2,622,0.9258594512939453
4,356,3,2754,0.9101576805114746
4,356,4,1913,0.895255982875824
4,356,5,1190,0.8860992193222046
4,356,6,2228,0.8800475001335144
4,356,7,747,0.8716927170753479
4,356,8,2093,0.8706589937210083
4,356,9,194,0.8689005374908447
4,356,10,2743,0.8646562695503235
4,357,1,387,0.9613940715789795
4,357,2,646,0.9458325505256653
4,357,3,2163,0.9415062665939331
4,357,4,2403,0.9404429197311401
4,357,5,1472,0.9312717914581299
4,357,6,779,0.9303015470504761
4,357,7,333,0.9300026297569275
4,357,8,482,0.926654577255249
4,357,9,2264,0.9254900813102722
4,357,10,101,0.9198004603385925
4,358,1,2294,0.9652854204177856
4,358,2,2311,0.9646533727645874
4,358,3,1472,0.9486057758331299
4,358,4,482,0.9463292360305786
4,358,5,2264,0.9461045861244202
4,358,6,101,0.9361774921417236
4,358,7,646,0.933279275894165
4,358,8,2403,0.9328868389129639
4,358,9,1793,0.9317936301231384
4,358,10,20,0.9254282116889954
4,359,1,595,0.9629818201065063
4,359,2,1472,0.9574319124221802
4,359,3,2264,0.9557725191116333
4,359,4,482,0.9554182291030884
4,359,5,101,0.9469180107116699
4,359,6,646,0.945093035697937
4,359,7,2403,0.9440305829048157
4,359,8,1793,0.9367677569389343
4,359,9,20,0.9338983297348022
4,359,10,854,0.9320001006126404
4,360,1,595,0.9629818201065063
4,360,2,1472,0.9574319124221802
4,360,3,2264,0.9557725191116333
4,360,4,482,0.9554182291030884
4,360,5,101,0.9469180107116699
4,360,6,646,0.945093035697937
4,360,7,2403,0.9440305829048157
4,360,8,1793,0.9367677569389343
4,360,9,20,0.9338983297348022
4,360,10,854,0.9320001006126404
4,361,1,595,0.9629818201065063
4,361,2,1472,0.9574319124221802
4,361,3,2264,0.9557725191116333
4,361,4,482,0.9554182291030884
4,361,5,101,0.9469180107116699
4,361,6,646,0.945093035697937
4,361,7,2403,0.9440305829048157
4,361,8,1793,0.9367677569389343
4,361,9,20,0.9338983297348022
4,361,10,854,0.9320001006126404
4,362,1,595,0.9629818201065063
4,362,2,1472,0.9574319124221802
4,362,3,2264,0.9557725191116333
4,362,4,482,0.9554182291030884
4,362,5,101,0.9469180107116699
4,362,6,646,0.945093035697937
4,362,7,2403,0.9440305829048157
4,362,8,1793,0.9367677569389343
4,362,9,20,0.9338983297348022
4,362,10,854,0.9320001006126404
4,363,1,595,0.9629818201065063
4,363,2,1472,0.9574319124221802
4,363,3,2264,0.9557725191116333
4,363,4,482,0.9554182291030884
4,363,5,101,0.9469180107116699
4,363,6,646,0.945093035697937
4,363,7,2403,0.9440305829048157
4,363,8,1793,0.9367677569389343
4,363,9,20,0.9338983297348022
4,363,10,854,0.9320001006126404
4,364,1,1882,0.9534286856651306
4,364,2,2994,0.9455669522285461
4,364,3,481,0.9449002742767334
4,364,4,2997,0.9436457753181458
4,364,5,1744,0.9357603192329407
4,364,6,193,0.9302092790603638
4,364,7,1465,0.9277269244194031
4,364,8,1891,0.9258519411087036
4,364,9,2315,0.923488199710846
4,364,10,509,0.9198760986328125
4,365,1,481,0.9743488430976868
4,365,2,509,0.9718149304389954
4,365,3,2997,0.9687074422836304
4,365,4,1580,0.961659848690033
4,365,5,1484,0.9520041942596436
4,365,6,2315,0.9511480331420898
4,365,7,1400,0.9494726657867432
4,365,8,1891,0.9469631314277649
4,365,9,2990,0.9467626810073853
4,365,10,663,0.9460567235946655
4,366,1,613,0.9834415912628174
4,366,2,1580,0.982911229133606
4,366,3,509,0.9777529835700989
4,366,4,1659,0.9749158024787903
4,366,5,96,0.9692215919494629
4,366,6,2990,0.9683508276939392
4,366,7,108,0.9677696824073792
4,366,8,2185,0.9672760367393494
4,366,9,2595,0.9667567014694214
4,366,10,481,0.963135302066803
4,367,1,509,0.974482536315918
4,367,2,1653,0.9717839956283569
4,367,3,1030,0.9708027839660645
4,367,4,1400,0.9672453999519348
4,367,5,1580,0.967203676700592
4,367,6,663,0.9642818570137024
4,367,7,1484,0.964151918888092
4,367,8,481,0.9632375836372375
4,367,9,2628,0.9598729014396667
4,367,10,2185,0.9584509134292603
4,368,1,1891,0.95221346616745
4,368,2,1484,0.9471004605293274
4,368,3,2997,0.9464434385299683
4,368,4,1940,0.9385814666748047
4,368,5,481,0.9383074641227722
4,368,6,1400,0.9357408285140991
4,368,7,509,0.9318689107894897
4,368,8,1882,0.9162576198577881
4,368,9,192,0.9148017168045044
4,368,10,1787,0.9137837886810303
4,369,1,2687,0.8866024017333984
4,369,2,1738,0.8569355607032776
4,369,3,390,0.8547065854072571
4,369,4,2,0.849233090877533
4,369,5,1417,0.8467663526535034
4,369,6,471,0.8446507453918457
4,369,7,248,0.8404421210289001
4,369,8,1848,0.8380778431892395
4,369,9,477,0.8216063976287842
4,369,10,2193,0.8200316429138184
4,370,1,2441,0.9262007474899292
4,370,2,2739,0.8940790295600891
4,370,3,1826,0.8812857866287231
4,370,4,915,0.8808417916297913
4,370,5,1,0.8793853521347046
4,370,6,1037,0.8722975254058838
4,370,7,2665,0.8721126914024353
4,370,8,2562,0.8690288662910461
4,370,9,622,0.8656594753265381
4,370,10,1266,0.860891580581665
4,371,1,2888,0.9137929081916809
4,371,2,2321,0.9071696996688843
4,371,3,1678,0.8823155760765076
4,371,4,2684,0.8471987843513489
4,371,5,1,0.8442235589027405
4,371,6,915,0.8415927886962891
4,371,7,1037,0.8360694050788879
4,371,8,2665,0.8357470631599426
4,371,9,2562,0.8302976489067078
4,371,10,622,0.8237651586532593
4,372,1,1108,0.8986387252807617
4,372,2,477,0.8970023393630981
4,372,3,272,0.8942789435386658
4,372,4,915,0.857786238193512
4,372,5,1,0.8553943037986755
4,372,6,2684,0.854187548160553
4,372,7,1037,0.8532586693763733
4,372,8,2665,0.8526909947395325
4,372,9,2562,0.8465695977210999
4,372,10,622,0.8397854566574097
4,373,1,2687,0.9102407693862915
4,373,2,1398,0.8839370608329773
4,373,3,272,0.8787466287612915
4,373,4,2684,0.8659965991973877
4,373,5,915,0.8616775274276733
4,373,6,1,0.8563059568405151
4,373,7,1037,0.8487967252731323
4,373,8,2665,0.8483957648277283
4,373,9,2562,0.8460655212402344
4,373,10,622,0.8433946967124939
4,374,1,918,0.9071747660636902
4,374,2,2464,0.9006603956222534
4,374,3,1826,0.8825123906135559
4,374,4,915,0.8656349182128906
4,374,5,2684,0.8650180101394653
4,374,6,1,0.8607633113861084
4,374,7,1037,0.8559041619300842
4,374,8,2665,0.8553689122200012
4,374,9,2562,0.851882815361023
4,374,10,622,0.8480840921401978
4,375,1,2687,0.918793261051178
4,375,2,2739,0.8969988822937012
4,375,3,1108,0.8937760591506958
4,375,4,915,0.8670690655708313
4,375,5,1,0.8656865954399109
4,375,6,1037,0.8607496619224548
4,375,7,2665,0.8603365421295166
4,375,8,2562,0.8555152416229248
4,375,9,2684,0.8512766361236572
4,375,10,622,0.8503488898277283
4,378,1,2464,0.8890241980552673
4,378,2,477,0.8804226517677307
4,378,3,2684,0.8704729080200195
4,378,4,1826,0.8695798516273499
4,378,5,915,0.855617344379425
4,378,6,1,0.8478560447692871
4,378,7,1037,0.8407437801361084
4,378,8,2665,0.8402460813522339
4,378,9,2562,0.8383778929710388
4,378,10,622,0.8359493613243103
4,379,1,2687,0.88822340965271
4,379,2,1738,0.8557292819023132
4,379,3,390,0.8535072207450867
4,379,4,2,0.8480156064033508
4,379,5,1417,0.8454965353012085
4,379,6,471,0.8433969616889954
4,379,7,2464,0.8417984843254089
4,379,8,248,0.8392322659492493
4,379,9,1848,0.836682915687561
4,379,10,2193,0.818320095539093
4,380,1,2888,0.873685359954834
4,380,2,1108,0.8681291937828064
4,380,3,1738,0.854819118976593
4,380,4,390,0.8524454236030579
4,380,5,2,0.8465824723243713
4,380,6,1417,0.8442439436912537
4,380,7,471,0.8419592976570129
4,380,8,248,0.8379107117652893
4,380,9,1848,0.8349483013153076
4,380,10,477,0.8252432346343994
4,381,1,2441,0.9201737642288208
4,381,2,2687,0.9078540802001953
4,381,3,1108,0.8803273439407349
4,381,4,2684,0.8644905686378479
4,381,5,915,0.8445770144462585
4,381,6,1,0.8421915769577026
4,381,7,1037,0.8335220217704773
4,381,8,2665,0.8331348896026611
4,381,9,2562,0.8298578858375549
4,381,10,622,0.8258770704269409
4,383,1,2441,0.9323137998580933
4,383,2,918,0.9109826683998108
4,383,3,1826,0.8871312737464905
4,383,4,915,0.8694016337394714
4,383,5,1,0.8675711154937744
4,383,6,1037,0.8629046678543091
4,383,7,2665,0.8624403476715088
4,383,8,2562,0.8579130172729492
4,383,9,2684,0.8559264540672302
4,383,10,622,0.8529605865478516
4,384,1,2684,0.8868210911750793
4,384,2,2739,0.866544783115387
4,384,3,272,0.8583890199661255
4,384,4,1826,0.8524966239929199
4,384,5,915,0.8424543738365173
4,384,6,1251,0.8348489999771118
4,384,7,1,0.8294911980628967
4,384,8,1037,0.8212339282035828
4,384,9,2562,0.8207360506057739
4,384,10,2665,0.8207254409790039
4,385,1,1678,0.8835818767547607
4,385,2,1398,0.8833409547805786
4,385,3,272,0.8778365850448608
4,385,4,2684,0.8656051754951477
4,385,5,915,0.8534601926803589
4,385,6,1,0.8487103581428528
4,385,7,1037,0.8414933085441589
4,385,8,2665,0.841158390045166
4,385,9,2562,0.8380390405654907
4,385,10,622,0.8342138528823853
4,386,1,2464,0.8943824172019958
4,386,2,1606,0.8901548981666565
4,386,3,477,0.88555908203125
4,386,4,915,0.8549650311470032
4,386,5,1,0.8547022938728333
4,386,6,2684,0.8526105880737305
4,386,7,1037,0.8471007943153381
4,386,8,2665,0.8467504382133484
4,386,9,2562,0.8423728346824646
4,386,10,622,0.8374336361885071
4,387,1,2888,0.9103021621704102
4,387,2,918,0.8987950682640076
4,387,3,1606,0.8821516633033752
4,387,4,2684,0.8500173687934875
4,387,5,1,0.8434606194496155
4,387,6,915,0.8420127034187317
4,387,7,1037,0.8346289396286011
4,387,8,2665,0.834301233291626
4,387,9,2562,0.829521894454956
4,387,10,622,0.8240614533424377
4,388,1,1678,0.8856937885284424
4,388,2,1398,0.8836561441421509
4,388,3,1826,0.8729716539382935
4,388,4,915,0.8620154857635498
4,388,5,2684,0.8619141578674316
4,388,6,1,0.8580748438835144
4,388,7,1037,0.8500603437423706
4,388,8,2665,0.8496976494789124
4,388,9,2562,0.8470711708068848
4,388,10,622,0.8442093133926392
4,391,1,2441,0.9267699122428894
4,391,2,1606,0.899894118309021
4,391,3,477,0.8940026164054871
4,391,4,1,0.8780673146247864
4,391,5,915,0.8766207695007324
4,391,6,1037,0.870498538017273
4,391,7,2665,0.8703726530075073
4,391,8,2562,0.8663595914840698
4,391,9,622,0.861728310585022
4,391,10,1266,0.8569641709327698
4,392,1,438,0.9342808127403259
4,392,2,641,0.9252094030380249
4,392,3,2607,0.9250222444534302
4,392,4,1775,0.9101625680923462
4,392,5,2167,0.9088658094406128
4,392,6,98,0.9037361145019531
4,392,7,3018,0.9031740427017212
4,392,8,2412,0.9004818797111511
4,392,9,652,0.8992100358009338
4,392,10,1391,0.8989145159721375
4,395,1,438,0.9377832412719727
4,395,2,1102,0.9199953675270081
4,395,3,2082,0.9165148138999939
4,395,4,2599,0.9161126017570496
4,395,5,1775,0.915232241153717
4,395,6,2167,0.9146569967269897
4,395,7,98,0.9085497260093689
4,395,8,2412,0.9055023789405823
4,395,9,652,0.9041338562965393
4,395,10,1391,0.9038256406784058
4,396,1,438,0.9386716485023499
4,396,2,2490,0.931475043296814
4,396,3,2108,0.9259822964668274
4,396,4,2452,0.9177301526069641
4,396,5,3018,0.9144212603569031
4,396,6,1657,0.9056235551834106
4,396,7,2167,0.9041523933410645
4,396,8,1775,0.9023312330245972
4,396,9,98,0.8987061977386475
4,396,10,652,0.8927996754646301
4,397,1,1275,0.9409673810005188
4,397,2,784,0.9409360885620117
4,397,3,2257,0.9270613193511963
4,397,4,206,0.922132134437561
4,397,5,617,0.9198411107063293
4,397,6,270,0.9139432907104492
4,397,7,1198,0.9018980860710144
4,397,8,1307,0.900786817073822
4,397,9,1897,0.8958519101142883
4,397,10,1769,0.8917721509933472
4,398,1,12,0.9437323808670044
4,398,2,2080,0.9427440762519836
4,398,3,2788,0.9426906108856201
4,398,4,2557,0.9363500475883484
4,398,5,168,0.9341028332710266
4,398,6,221,0.9303492903709412
4,398,7,1999,0.9221110343933105
4,398,8,2196,0.9193326830863953
4,398,9,49,0.9052229523658752
4,398,10,78,0.9052048325538635
4,399,1,1301,0.9527806639671326
4,399,2,1275,0.946701169013977
4,399,3,784,0.9453437924385071
4,399,4,2257,0.9427863955497742
4,399,5,206,0.9322227835655212
4,399,6,617,0.9269721508026123
4,399,7,1198,0.9205535054206848
4,399,8,270,0.9147722125053406
4,399,9,2568,0.8983647227287292
4,399,10,1769,0.8971878886222839
4,400,1,784,0.9314179420471191
4,400,2,1275,0.9191983342170715
4,400,3,1651,0.9151140451431274
4,400,4,1153,0.9150945544242859
4,400,5,1978,0.9022526144981384
4,400,6,1999,0.8985288143157959
4,400,7,1832,0.898082971572876
4,400,8,536,0.8945077061653137
4,400,9,2493,0.8937180638313293
4,400,10,270,0.8915627002716064
4,401,1,438,0.937879204750061
4,401,2,2156,0.9202239513397217
4,401,3,2082,0.9169019460678101
4,401,4,2599,0.9165045022964478
4,401,5,1775,0.9138120412826538
4,401,6,2167,0.9135902523994446
4,401,7,98,0.9075007438659668
4,401,8,2412,0.9040798544883728
4,401,9,3018,0.9032477140426636
4,401,10,652,0.9029205441474915
4,403,1,1275,0.9401800036430359
4,403,2,784,0.9347713589668274
4,403,3,270,0.9303534626960754
4,403,4,617,0.923003613948822
4,403,5,1897,0.91804039478302
4,403,6,2257,0.9074937105178833
4,403,7,1769,0.9058251976966858
4,403,8,2440,0.903779149055481
4,403,9,1978,0.8928691148757935
4,403,10,106,0.890653669834137
4,404,1,1275,0.9287379384040833
4,404,2,2830,0.9287340044975281
4,404,3,784,0.9199539422988892
4,404,4,617,0.9191281199455261
4,404,5,270,0.9184044003486633
4,404,6,2257,0.9062998294830322
4,404,7,1769,0.9044647216796875
4,404,8,1897,0.9033772945404053
4,404,9,2440,0.8954127430915833
4,404,10,393,0.8906419277191162
4,405,1,206,0.9538360238075256
4,405,2,1198,0.9428277611732483
4,405,3,2257,0.9407165050506592
4,405,4,784,0.9271611571311951
4,405,5,1158,0.9223085641860962
4,405,6,2080,0.9151464104652405
4,405,7,1275,0.9110731482505798
4,405,8,1206,0.8957779407501221
4,405,9,617,0.8745390772819519
4,405,10,168,0.8710953593254089
4,406,1,1999,0.9316178560256958
4,406,2,2568,0.8947941064834595
4,406,3,1198,0.8816166520118713
4,406,4,784,0.8760685324668884
4,406,5,168,0.8711902499198914
4,406,6,2257,0.8690544962882996
4,406,7,2196,0.8592677116394043
4,406,8,1158,0.8556633591651917
4,406,9,1275,0.8524690270423889
4,406,10,1651,0.8386963605880737
4,407,1,475,0.9163719415664673
4,407,2,168,0.9111313819885254
4,407,3,2788,0.9056403040885925
4,407,4,2557,0.9049128890037537
4,407,5,609,0.8950341939926147
4,407,6,12,0.8927404880523682
4,407,7,2196,0.8816496133804321
4,407,8,221,0.8763458728790283
4,407,9,2643,0.8657017946243286
4,407,10,206,0.8656653165817261
4,408,1,12,0.964294970035553
4,408,2,221,0.9502744078636169
4,408,3,2788,0.9452952742576599
4,408,4,2557,0.9410557150840759
4,408,5,78,0.9387833476066589
4,408,6,2196,0.9357845783233643
4,408,7,2480,0.9356605410575867
4,408,8,49,0.9352148771286011
4,408,9,2429,0.9160565733909607
4,408,10,1907,0.9122076630592346
4,409,1,2504,0.9427467584609985
4,409,2,168,0.9353225231170654
4,409,3,261,0.9329986572265625
4,409,4,527,0.9271236062049866
4,409,5,2754,0.9247016906738281
4,409,6,1913,0.9178111553192139
4,409,7,2788,0.9112660884857178
4,409,8,1190,0.9055796265602112
4,409,9,2557,0.8979888558387756
4,409,10,2112,0.8951739072799683
4,410,1,103,0.9631051421165466
4,410,2,2205,0.9506306648254395
4,410,3,1467,0.950430691242218
4,410,4,1579,0.9445076584815979
4,410,5,2035,0.9440339803695679
4,410,6,884,0.942021906375885
4,410,7,1221,0.9296582341194153
4,410,8,876,0.924095094203949
4,410,9,1749,0.9166972041130066
4,410,10,527,0.9141985177993774
4,411,1,2790,0.9635102152824402
4,411,2,293,0.9586645364761353
4,411,3,792,0.9548537731170654
4,411,4,876,0.954694926738739
4,411,5,1408,0.9536153078079224
4,411,6,64,0.9531793594360352
4,411,7,539,0.9524054527282715
4,411,8,1696,0.9519020915031433
4,411,9,264,0.9474233984947205
4,411,10,1749,0.9448985457420349
4,412,1,876,0.9690889120101929
4,412,2,792,0.9671351909637451
4,412,3,1749,0.9611514210700989
4,412,4,293,0.9512642621994019
4,412,5,264,0.9503049850463867
4,412,6,2725,0.9496166110038757
4,412,7,64,0.9487236142158508
4,412,8,1767,0.9484819173812866
4,412,9,1696,0.9471542239189148
4,412,10,2035,0.944299042224884
4,413,1,876,0.9811939597129822
4,413,2,1749,0.9776595234870911
4,413,3,792,0.9773176312446594
4,413,4,2725,0.9681802988052368
4,413,5,2790,0.9582452178001404
4,413,6,64,0.9561945199966431
4,413,7,1040,0.9549545049667358
4,413,8,2911,0.9543522596359253
4,413,9,264,0.9525566101074219
4,413,10,2035,0.9507395625114441
4,414,1,2790,0.9750394821166992
4,414,2,293,0.9707422256469727
4,414,3,792,0.9623624086380005
4,414,4,1696,0.9609635472297668
4,414,5,264,0.9606158137321472
4,414,6,876,0.9600353240966797
4,414,7,2721,0.959230363368988
4,414,8,64,0.9586648941040039
4,414,9,1878,0.9527385830879211
4,414,10,535,0.9525079727172852
4,415,1,1749,0.95895916223526
4,415,2,876,0.9586413502693176
4,415,3,2725,0.9494532346725464
4,415,4,792,0.9493357539176941
4,415,5,2035,0.9462241530418396
4,415,6,1467,0.9362648725509644
4,415,7,2205,0.9361358880996704
4,415,8,1040,0.9345384240150452
4,415,9,1579,0.9337469339370728
4,415,10,103,0.9284992218017578
4,416,1,876,0.9590280652046204
4,416,2,2035,0.9544780850410461
4,416,3,1749,0.9516849517822266
4,416,4,792,0.9513334035873413
4,416,5,884,0.936919093132019
4,416,6,2205,0.9365881085395813
4,416,7,1467,0.9363369941711426
4,416,8,2817,0.9289429187774658
4,416,9,1221,0.9275169372558594
4,416,10,2911,0.9182067513465881
4,417,1,884,0.9760281443595886
4,417,2,1579,0.9726428389549255
4,417,3,2205,0.972129225730896
4,417,4,1467,0.9719000458717346
4,417,5,1221,0.9671573042869568
4,417,6,275,0.9572211503982544
4,417,7,633,0.9482700228691101
4,417,8,876,0.9441837668418884
4,417,9,2817,0.943859875202179
4,417,10,103,0.9429989457130432
4,418,1,64,0.9666056036949158
4,418,2,293,0.9629737734794617
4,418,3,1696,0.9618000984191895
4,418,4,2488,0.9549437165260315
4,418,5,1749,0.9542938470840454
4,418,6,539,0.9536129236221313
4,418,7,1408,0.9534692168235779
4,418,8,3010,0.9533774852752686
4,418,9,264,0.9517805576324463
4,418,10,2359,0.951017439365387
4,419,1,1749,0.9319607019424438
4,419,2,103,0.9291196465492249
4,419,3,876,0.9271847009658813
4,419,4,2725,0.9236857295036316
4,419,5,792,0.9155535101890564
4,419,6,2035,0.9145679473876953
4,419,7,1,0.9138708114624023
4,419,8,261,0.909736156463623
4,419,9,1467,0.9096235632896423
4,419,10,2205,0.9093131422996521
4,420,1,876,0.9716363549232483
4,420,2,1749,0.9701555371284485
4,420,3,792,0.967552661895752
4,420,4,2725,0.9628244042396545
4,420,5,1040,0.9503843188285828
4,420,6,2911,0.9457746148109436
4,420,7,2035,0.9424962401390076
4,420,8,2183,0.9406083226203918
4,420,9,64,0.9394775629043579
4,420,10,2790,0.9390973448753357
4,421,1,1899,0.9201880693435669
4,421,2,58,0.9124208092689514
4,421,3,2566,0.9093875288963318
4,421,4,2496,0.9052632451057434
4,421,5,581,0.9001216292381287
4,421,6,742,0.8991690874099731
4,421,7,755,0.898985743522644
4,421,8,466,0.8977239727973938
4,421,9,2173,0.8974159359931946
4,421,10,624,0.8917091488838196
4,422,1,1749,0.9626263976097107
4,422,2,876,0.9580759406089783
4,422,3,2725,0.9549202919006348
4,422,4,792,0.9496769309043884
4,422,5,1040,0.9417853951454163
4,422,6,2035,0.9300143718719482
4,422,7,2911,0.9268461465835571
4,422,8,1467,0.9113152623176575
4,422,9,2205,0.9108443260192871
4,422,10,64,0.9096956253051758
4,423,1,876,0.963875412940979
4,423,2,1749,0.9627124667167664
4,423,3,792,0.9589269757270813
4,423,4,2725,0.9539621472358704
4,423,5,2035,0.9491362571716309
4,423,6,1040,0.9412097930908203
4,423,7,1579,0.940742015838623
4,423,8,2205,0.9394873380661011
4,423,9,1467,0.9394184350967407
4,423,10,2911,0.9342420697212219
4,424,1,539,0.9714025855064392
4,424,2,1018,0.9676529169082642
4,424,3,2785,0.9674546122550964
4,424,4,535,0.9673285484313965
4,424,5,2188,0.9639182090759277
4,424,6,3017,0.9632005095481873
4,424,7,2047,0.9550487995147705
4,424,8,1767,0.9544311761856079
4,424,9,293,0.9526240229606628
4,424,10,1618,0.9508585929870605
4,425,1,1517,0.9741077423095703
4,425,2,2609,0.972721517086029
4,425,3,594,0.972594678401947
4,425,4,2272,0.9710243940353394
4,425,5,576,0.9700497388839722
4,425,6,538,0.9697487354278564
4,425,7,2188,0.9696084260940552
4,425,8,2785,0.9682816863059998
4,425,9,535,0.9682294726371765
4,425,10,539,0.9670686721801758
4,426,1,2790,0.9704862236976624
4,426,2,293,0.9677107334136963
4,426,3,1767,0.9674147367477417
4,426,4,539,0.9671466946601868
4,426,5,1408,0.9627367854118347
4,426,6,1696,0.9570286870002747
4,426,7,521,0.9565680623054504
4,426,8,3017,0.9557055830955505
4,426,9,2397,0.9556202292442322
4,426,10,64,0.9554583430290222
4,427,1,2790,0.9717983603477478
4,427,2,293,0.9707430005073547
4,427,3,1767,0.9690422415733337
4,427,4,1696,0.9688780903816223
4,427,5,2488,0.9635111093521118
4,427,6,539,0.9634270668029785
4,427,7,521,0.9629008769989014
4,427,8,2397,0.9625043272972107
4,427,9,1408,0.9595991373062134
4,427,10,493,0.9590741395950317
4,428,1,539,0.9750711917877197
4,428,2,1018,0.9747575521469116
4,428,3,2785,0.9733555316925049
4,428,4,1517,0.9728465676307678
4,428,5,3017,0.9708214998245239
4,428,6,2188,0.9696590304374695
4,428,7,2047,0.9601131081581116
4,428,8,1767,0.9581481218338013
4,428,9,1263,0.9570636749267578
4,428,10,3073,0.9570088386535645
4,429,1,539,0.9750711917877197
4,429,2,1018,0.9747575521469116
4,429,3,2785,0.9733555316925049
4,429,4,1517,0.9728465676307678
4,429,5,3017,0.9708214998245239
4,429,6,2188,0.9696590304374695
4,429,7,2047,0.9601131081581116
4,429,8,1767,0.9581481218338013
4,429,9,1263,0.9570636749267578
4,429,10,3073,0.9570088386535645
4,430,1,539,0.9750711917877197
4,430,2,1018,0.9747575521469116
4,430,3,2785,0.9733555316925049
4,430,4,1517,0.9728465676307678
4,430,5,3017,0.9708214998245239
4,430,6,2188,0.9696590304374695
4,430,7,2047,0.9601131081581116
4,430,8,1767,0.9581481218338013
4,430,9,1263,0.9570636749267578
4,430,10,3073,0.9570088386535645
4,435,1,1749,0.9737372994422913
4,435,2,2725,0.9691502451896667
4,435,3,876,0.9684554934501648
4,435,4,792,0.968317449092865
4,435,5,1040,0.9614272117614746
4,435,6,2911,0.9549081325531006
4,435,7,2183,0.9539272785186768
4,435,8,704,0.9499027729034424
4,435,9,1196,0.9472996592521667
4,435,10,3010,0.945439875125885
4,436,1,1749,0.9675236344337463
4,436,2,876,0.9668985605239868
4,436,3,792,0.9665523767471313
4,436,4,64,0.9629970788955688
4,436,5,2725,0.9621883630752563
4,436,6,2790,0.9562140703201294
4,436,7,1696,0.954897403717041
4,436,8,3010,0.9540922045707703
4,436,9,1196,0.953549861907959
4,436,10,1040,0.9526609778404236
4,437,1,792,0.9652186632156372
4,437,2,876,0.9647416472434998
4,437,3,1749,0.9642738699913025
4,437,4,64,0.9607949256896973
4,437,5,2725,0.9582961201667786
4,437,6,2790,0.9579012393951416
4,437,7,1696,0.9550792574882507
4,437,8,3010,0.9535128474235535
4,437,9,1196,0.9529092311859131
4,437,10,2488,0.949937105178833
4,438,1,1749,0.9626216888427734
4,438,2,876,0.962102472782135
4,438,3,792,0.9620441794395447
4,438,4,2725,0.9565233588218689
4,438,5,2790,0.9550974369049072
4,438,6,1696,0.9544702768325806
4,438,7,3010,0.9527217745780945
4,438,8,1196,0.9514440298080444
4,438,9,2488,0.9502210021018982
4,438,10,264,0.9481552839279175
4,439,1,609,0.9508914947509766
4,439,2,275,0.9503325819969177
4,439,3,2643,0.9420945048332214
4,439,4,103,0.9397982358932495
4,439,5,527,0.9378197193145752
4,439,6,2752,0.9374988675117493
4,439,7,82,0.9351900219917297
4,439,8,1158,0.9342740774154663
4,439,9,2568,0.9333617091178894
4,439,10,196,0.9318050146102905
4,440,1,103,0.9428010582923889
4,440,2,275,0.935163676738739
4,440,3,884,0.9347233772277832
4,440,4,1221,0.9207945466041565
4,440,5,261,0.919999897480011
4,440,6,196,0.9193090796470642
4,440,7,2752,0.9114252328872681
4,440,8,2817,0.9081684947013855
4,440,9,82,0.9074187278747559
4,440,10,2643,0.9030730128288269
4,441,1,2752,0.9545430541038513
4,441,2,103,0.9395647644996643
4,441,3,168,0.9325788617134094
4,441,4,196,0.9313145875930786
4,441,5,1333,0.9312798976898193
4,441,6,82,0.9299959540367126
4,441,7,2643,0.9269580245018005
4,441,8,2504,0.9267969131469727
4,441,9,527,0.92580246925354
4,441,10,261,0.9216994643211365
4,442,1,103,0.9522998929023743
4,442,2,275,0.942435622215271
4,442,3,196,0.9393755197525024
4,442,4,261,0.9355587959289551
4,442,5,82,0.9312447905540466
4,442,6,2752,0.9284808039665222
4,442,7,2643,0.9279481768608093
4,442,8,1333,0.9154109954833984
4,442,9,527,0.9126810431480408
4,442,10,2504,0.9012840986251831
4,443,1,1952,0.9736304879188538
4,443,2,2047,0.9707757830619812
4,443,3,3073,0.9705038070678711
4,443,4,2272,0.9683790802955627
4,443,5,826,0.9644407629966736
4,443,6,576,0.9622354507446289
4,443,7,2609,0.9619411826133728
4,443,8,566,0.9613376259803772
4,443,9,1517,0.9601390361785889
4,443,10,594,0.9581957459449768
4,444,1,523,0.9598020315170288
4,444,2,1952,0.9582194089889526
4,444,3,90,0.9539114832878113
4,444,4,2309,0.9533522129058838
4,444,5,1386,0.9512224197387695
4,444,6,360,0.9512075781822205
4,444,7,1603,0.9506605267524719
4,444,8,58,0.9499821066856384
4,444,9,3073,0.949413537979126
4,444,10,2145,0.9480441808700562
4,445,1,1952,0.96043860912323
4,445,2,523,0.956462025642395
4,445,3,1603,0.954454243183136
4,445,4,2309,0.9528250694274902
4,445,5,90,0.9503982663154602
4,445,6,513,0.9490621089935303
4,445,7,2145,0.9478541612625122
4,445,8,2107,0.9470226764678955
4,445,9,900,0.9468903541564941
4,445,10,2927,0.9468250870704651
4,446,1,1469,0.9522943496704102
4,446,2,1590,0.9426748156547546
4,446,3,2018,0.9383141398429871
4,446,4,1009,0.9170067310333252
4,446,5,301,0.9021735191345215
4,446,6,900,0.899390697479248
4,446,7,2912,0.8911744952201843
4,446,8,523,0.8900272250175476
4,446,9,672,0.8894290924072266
4,446,10,507,0.8763697147369385
4,448,1,2912,0.9774773120880127
4,448,2,672,0.9766815900802612
4,448,3,249,0.9602392315864563
4,448,4,2705,0.9551496505737305
4,448,5,788,0.9482030868530273
4,448,6,1590,0.9404681921005249
4,448,7,2602,0.9395034909248352
4,448,8,1779,0.9375009536743164
4,448,9,1491,0.9367939233779907
4,448,10,2384,0.9365032911300659
4,449,1,249,0.9522491097450256
4,449,2,507,0.9508269429206848
4,449,3,788,0.94642573595047
4,449,4,2705,0.9459748268127441
4,449,5,1779,0.9432469606399536
4,449,6,1491,0.942703366279602
4,449,7,2061,0.9409266114234924
4,449,8,2942,0.9377679824829102
4,449,9,1635,0.9280872941017151
4,449,10,1957,0.9226524829864502
4,450,1,833,0.9410511255264282
4,450,2,301,0.9379020929336548
4,450,3,2210,0.9326301217079163
4,450,4,1957,0.9309166073799133
4,450,5,1184,0.9251769781112671
4,450,6,2391,0.9214622974395752
4,450,7,1587,0.9170443415641785
4,450,8,1491,0.8931390643119812
4,450,9,2061,0.8903329372406006
4,450,10,1635,0.8862926363945007
4,451,1,1184,0.9539787173271179
4,451,2,2210,0.9503942728042603
4,451,3,2814,0.948107123374939
4,451,4,2704,0.9457169771194458
4,451,5,1957,0.9441562294960022
4,451,6,2391,0.9434148669242859
4,451,7,1587,0.9419600963592529
4,451,8,2615,0.9328246712684631
4,451,9,1635,0.9228581786155701
4,451,10,1491,0.9225653409957886
4,452,1,833,0.9504500031471252
4,452,2,1184,0.9479915499687195
4,452,3,672,0.9470464587211609
4,452,4,1957,0.9440650343894958
4,452,5,1491,0.9379954934120178
4,452,6,2061,0.9358018040657043
4,452,7,2210,0.9353540539741516
4,452,8,2704,0.9338995814323425
4,452,9,1635,0.9335858225822449
4,452,10,788,0.9317288994789124
4,453,1,2391,0.8610878586769104
4,453,2,2210,0.8483176827430725
4,453,3,2704,0.843223512172699
4,453,4,833,0.8341295719146729
4,453,5,1957,0.7683652639389038
4,453,6,191,0.7597971558570862
4,453,7,2814,0.7567746639251709
4,453,8,507,0.7544592022895813
4,453,9,1917,0.746492326259613
4,453,10,2026,0.7441318035125732
4,454,1,301,0.9689607620239258
4,454,2,191,0.960321307182312
4,454,3,2942,0.9537814259529114
4,454,4,1957,0.9438049793243408
4,454,5,833,0.9365049600601196
4,454,6,249,0.9339005351066589
4,454,7,788,0.9330031275749207
4,454,8,1491,0.9244412779808044
4,454,9,2061,0.9227003455162048
4,454,10,2705,0.921478271484375
4,455,1,1048,0.8675494194030762
4,455,2,1200,0.8650533556938171
4,455,3,2033,0.863960862159729
4,455,4,1957,0.8259845972061157
4,455,5,191,0.8223100304603577
4,455,6,507,0.8217698335647583
4,455,7,2814,0.8154147267341614
4,455,8,173,0.8096192479133606
4,455,9,3079,0.8056740164756775
4,455,10,301,0.7973355054855347
4,456,1,1718,0.8519827723503113
4,456,2,833,0.8352124094963074
4,456,3,1184,0.8173484802246094
4,456,4,1957,0.768949568271637
4,456,5,191,0.761472225189209
4,456,6,2814,0.7589514851570129
4,456,7,507,0.7559536695480347
4,456,8,1917,0.752001941204071
4,456,9,2026,0.7504020929336548
4,456,10,2634,0.7477026581764221
4,457,1,1759,0.9093651175498962
4,457,2,2210,0.8468149304389954
4,457,3,2704,0.8388620018959045
4,457,4,833,0.8325947523117065
4,457,5,1957,0.7673355937004089
4,457,6,191,0.7591869831085205
4,457,7,1917,0.7581595778465271
4,457,8,2026,0.7556779980659485
4,457,9,2814,0.7544746994972229
4,457,10,507,0.7542010545730591
4,458,1,833,0.9294631481170654
4,458,2,2210,0.9265429377555847
4,458,3,2391,0.9227384924888611
4,458,4,1759,0.8988019824028015
4,458,5,1200,0.8984058499336243
4,458,6,191,0.8983448147773743
4,458,7,1957,0.8948765397071838
4,458,8,1718,0.8905380368232727
4,458,9,2033,0.8860198855400085
4,458,10,301,0.8832289576530457
4,459,1,1978,0.9277938604354858
4,459,2,1832,0.9111784100532532
4,459,3,2312,0.9083755016326904
4,459,4,2493,0.9078350067138672
4,459,5,1897,0.899551272392273
4,459,6,1354,0.8979801535606384
4,459,7,1674,0.8979236483573914
4,459,8,270,0.8914576768875122
4,459,9,2440,0.8842197060585022
4,459,10,730,0.8762814998626709
4,460,1,863,0.950606644153595
4,460,2,1159,0.9324318170547485
4,460,3,2603,0.9286282062530518
4,460,4,2757,0.9193824529647827
4,460,5,2212,0.9184756278991699
4,460,6,1651,0.9147095084190369
4,460,7,1750,0.9122292399406433
4,460,8,65,0.9075550436973572
4,460,9,2867,0.9061597585678101
4,460,10,2923,0.8958225250244141
4,461,1,1159,0.9353284239768982
4,461,2,2603,0.9339741468429565
4,461,3,444,0.9339667558670044
4,461,4,2493,0.9285048842430115
4,461,5,2757,0.9184897541999817
4,461,6,1409,0.9122658371925354
4,461,7,1360,0.9116994142532349
4,461,8,1380,0.9100533127784729
4,461,9,2923,0.9035635590553284
4,461,10,2212,0.9021522998809814
4,462,1,1159,0.9308139085769653
4,462,2,2603,0.9272412061691284
4,462,3,2212,0.9245080351829529
4,462,4,1750,0.9239470958709717
4,462,5,1651,0.9213277101516724
4,462,6,2757,0.9185153245925903
4,462,7,65,0.9161809682846069
4,462,8,2867,0.9154366850852966
4,462,9,554,0.9107457995414734
4,462,10,1180,0.9039021730422974
4,463,1,2603,0.9454180002212524
4,463,2,1159,0.9424814581871033
4,463,3,1360,0.9364959597587585
4,463,4,1409,0.9358698129653931
4,463,5,2757,0.9346867799758911
4,463,6,2513,0.9305769205093384
4,463,7,2923,0.9293684959411621
4,463,8,2212,0.9128037095069885
4,463,9,886,0.9114641547203064
4,463,10,2710,0.9108279347419739
4,465,1,2554,0.962134599685669
4,465,2,1528,0.9609018564224243
4,465,3,2967,0.959743320941925
4,465,4,314,0.9592152833938599
4,465,5,325,0.958864152431488
4,465,6,2090,0.9586844444274902
4,465,7,1344,0.9578146934509277
4,465,8,727,0.9566586017608643
4,465,9,555,0.9561066031455994
4,465,10,2952,0.9552594423294067
4,467,1,2554,0.9585375189781189
4,467,2,1528,0.9583743810653687
4,467,3,2355,0.9581556916236877
4,467,4,2967,0.9572060704231262
4,467,5,1344,0.9570537805557251
4,467,6,2090,0.9547677636146545
4,467,7,325,0.9545326232910156
4,467,8,555,0.9543049335479736
4,467,9,2952,0.9536765217781067
4,467,10,314,0.9534093737602234
4,468,1,1344,0.9623960852622986
4,468,2,2554,0.9604277014732361
4,468,3,555,0.960303008556366
4,468,4,2967,0.9597691297531128
4,468,5,2952,0.9596560001373291
4,468,6,325,0.9582982659339905
4,468,7,1528,0.9564746022224426
4,468,8,375,0.9539274573326111
4,468,9,314,0.9537400603294373
4,468,10,2525,0.9530546069145203
4,469,1,1750,0.935671329498291
4,469,2,1159,0.9356349110603333
4,469,3,2603,0.9347882270812988
4,469,4,2867,0.9343706369400024
4,469,5,2757,0.9337693452835083
4,469,6,65,0.9331049919128418
4,469,7,2212,0.9321191906929016
4,469,8,1354,0.9317905306816101
4,469,9,1674,0.9312142133712769
4,469,10,1832,0.9259841442108154
4,470,1,2090,0.9661603569984436
4,470,2,1528,0.9659249782562256
4,470,3,2554,0.9595738053321838
4,470,4,2967,0.9574877619743347
4,470,5,314,0.9563959240913391
4,470,6,325,0.9550262689590454
4,470,7,727,0.954664945602417
4,470,8,1344,0.9535695314407349
4,470,9,555,0.9531573057174683
4,470,10,2525,0.9522426724433899
4,471,1,707,0.9513748288154602
4,471,2,2141,0.9506334066390991
4,471,3,2432,0.9498372077941895
4,471,4,1248,0.9355363249778748
4,471,5,429,0.9307087063789368
4,471,6,498,0.8976385593414307
4,471,7,667,0.888603687286377
4,471,8,2347,0.8851092457771301
4,471,9,2937,0.8829280138015747
4,471,10,2416,0.8737605810165405
4,472,1,1981,0.9386109113693237
4,472,2,2141,0.9165250062942505
4,472,3,1248,0.9012001156806946
4,472,4,1829,0.9000908732414246
4,472,5,429,0.896007239818573
4,472,6,667,0.8920161724090576
4,472,7,1165,0.8763121962547302
4,472,8,2273,0.8746957182884216
4,472,9,248,0.8686389923095703
4,472,10,2894,0.8677558898925781
4,474,1,2141,0.9522356390953064
4,474,2,1063,0.9346966743469238
4,474,3,429,0.9339566230773926
4,474,4,1698,0.9319847822189331
4,474,5,1531,0.9196232557296753
4,474,6,498,0.914201021194458
4,474,7,1785,0.9120863676071167
4,474,8,2347,0.9096067547798157
4,474,9,1087,0.8992273211479187
4,474,10,546,0.8883484601974487
4,475,1,1447,0.966173529624939
4,475,2,2432,0.9580302238464355
4,475,3,1829,0.9543765783309937
4,475,4,2141,0.9501836895942688
4,475,5,429,0.9359689354896545
4,475,6,1785,0.9081425666809082
4,475,7,498,0.9003058671951294
4,475,8,2347,0.8917179107666016
4,475,9,1087,0.8891667127609253
4,475,10,546,0.8765428066253662
4,476,1,229,0.9440493583679199
4,476,2,1063,0.9412553906440735
4,476,3,429,0.9295710325241089
4,476,4,1531,0.9276988506317139
4,476,5,498,0.8978375792503357
4,476,6,2347,0.8861023187637329
4,476,7,1785,0.8830317854881287
4,476,8,2937,0.8775917291641235
4,476,9,667,0.8711090683937073
4,476,10,3054,0.8673242926597595
4,477,1,1447,0.9615585803985596
4,477,2,2141,0.9572767019271851
4,477,3,950,0.9522852301597595
4,477,4,429,0.9461960792541504
4,477,5,1531,0.9437503814697266
4,477,6,1785,0.9228702783584595
4,477,7,498,0.9138787388801575
4,477,8,2347,0.9069710373878479
4,477,9,1087,0.906387209892273
4,477,10,546,0.8944878578186035
4,478,1,2141,0.9424992203712463
4,478,2,1447,0.9412967562675476
4,478,3,429,0.9255529046058655
4,478,4,498,0.9049469828605652
4,478,5,2937,0.8997666835784912
4,478,6,1531,0.8977944850921631
4,478,7,2416,0.8947931528091431
4,478,8,2347,0.8916610479354858
4,478,9,611,0.8902790546417236
4,478,10,3054,0.884513258934021
4,479,1,1028,0.9371253848075867
4,479,2,383,0.91483473777771
4,479,3,2243,0.9148309230804443
4,479,4,1250,0.9147233366966248
4,479,5,174,0.9140132665634155
4,479,6,295,0.9134107828140259
4,479,7,2658,0.9130516052246094
4,479,8,696,0.9124000668525696
4,479,9,1091,0.9119483232498169
4,479,10,2073,0.9086914658546448
4,480,1,2141,0.9548645615577698
4,480,2,429,0.9386691451072693
4,480,3,1063,0.936654806137085
4,480,4,1829,0.9185669422149658
4,480,5,1248,0.9144852161407471
4,480,6,498,0.911980926990509
4,480,7,2937,0.8999569416046143
4,480,8,2347,0.8996143937110901
4,480,9,2416,0.8931096196174622
4,480,10,611,0.8885678648948669
4,481,1,1547,0.9686353206634521
4,481,2,306,0.96442049741745
4,481,3,1809,0.9608443379402161
4,481,4,81,0.9432344436645508
4,481,5,2734,0.9392882585525513
4,481,6,1270,0.9385200142860413
4,481,7,2560,0.9259771704673767
4,481,8,1866,0.9172281622886658
4,481,9,2922,0.9102886319160461
4,481,10,383,0.9055253863334656
4,483,1,1047,0.9746978282928467
4,483,2,123,0.9729210138320923
4,483,3,2556,0.963175356388092
4,483,4,2560,0.9588351249694824
4,483,5,2192,0.9578213691711426
4,483,6,1156,0.954198956489563
4,483,7,1522,0.951495349407196
4,483,8,2099,0.9462610483169556
4,483,9,689,0.943755567073822
4,483,10,2734,0.9436930418014526
4,484,1,1047,0.9746978282928467
4,484,2,123,0.9729210138320923
4,484,3,2556,0.963175356388092
4,484,4,2560,0.9588351249694824
4,484,5,2192,0.9578213691711426
4,484,6,1156,0.954198956489563
4,484,7,1522,0.951495349407196
4,484,8,2099,0.9462610483169556
4,484,9,689,0.943755567073822
4,484,10,2734,0.9436930418014526
4,485,1,1047,0.9738757014274597
4,485,2,123,0.9720064401626587
4,485,3,2556,0.9664354920387268
4,485,4,2192,0.961294412612915
4,485,5,1156,0.9548028111457825
4,485,6,1522,0.9533167481422424
4,485,7,2560,0.952252984046936
4,485,8,2099,0.951256275177002
4,485,9,689,0.9449768662452698
4,485,10,2920,0.9446483254432678
4,486,1,220,0.9293643832206726
4,486,2,3063,0.9293610453605652
4,486,3,230,0.9094173908233643
4,486,4,2253,0.8756261467933655
4,486,5,2448,0.8709210753440857
4,486,6,2283,0.8622762560844421
4,486,7,972,0.8591209650039673
4,486,8,1612,0.8527033925056458
4,486,9,1151,0.8427706956863403
4,486,10,2408,0.840591549873352
4,487,1,2243,0.908471941947937
4,487,2,295,0.9038699269294739
4,487,3,2658,0.9037258625030518
4,487,4,696,0.9026892185211182
4,487,5,1028,0.8954905271530151
4,487,6,2283,0.8914238214492798
4,487,7,2073,0.8888464570045471
4,487,8,494,0.8887789845466614
4,487,9,1817,0.885105550289154
4,487,10,32,0.8841369152069092
4,491,1,504,0.9676579236984253
4,491,2,998,0.9656689763069153
4,491,3,289,0.9643980264663696
4,491,4,2324,0.9584766030311584
4,491,5,563,0.95405113697052
4,491,6,939,0.9493544697761536
4,491,7,31,0.9480636715888977
4,491,8,1015,0.9407644867897034
4,491,9,183,0.9380879998207092
4,491,10,2975,0.9309073090553284
4,492,1,504,0.9665354490280151
4,492,2,998,0.9654860496520996
4,492,3,289,0.9637872576713562
4,492,4,2324,0.9601346254348755
4,492,5,563,0.9526556134223938
4,492,6,31,0.947776198387146
4,492,7,939,0.9455909132957458
4,492,8,1015,0.9416013956069946
4,492,9,183,0.9367996454238892
4,492,10,2297,0.9301208257675171
4,493,1,283,0.9385011196136475
4,493,2,97,0.9371731877326965
4,493,3,1448,0.9363371133804321
4,493,4,1339,0.9283965826034546
4,493,5,508,0.9271317720413208
4,493,6,1310,0.9186952710151672
4,493,7,2664,0.9160276055335999
4,493,8,1870,0.9153364896774292
4,493,9,1161,0.909503698348999
4,493,10,2092,0.9091989994049072
4,494,1,2901,0.9597347378730774
4,494,2,2691,0.9561009407043457
4,494,3,2642,0.9416577816009521
4,494,4,655,0.9370319247245789
4,494,5,2237,0.9352201223373413
4,494,6,1310,0.9305058717727661
4,494,7,2832,0.924375593662262
4,494,8,1763,0.922863781452179
4,494,9,1594,0.918933629989624
4,494,10,3057,0.9178375601768494
4,495,1,835,0.8956496715545654
4,495,2,118,0.8929113149642944
4,495,3,1982,0.892551064491272
4,495,4,2202,0.8918801546096802
4,495,5,2089,0.8899945616722107
4,495,6,2447,0.889213502407074
4,495,7,2067,0.8892083168029785
4,495,8,1500,0.8889531493186951
4,495,9,2751,0.8884614706039429
4,495,10,476,0.8858634233474731
