fold,user,rank,item,score
0,1,1,2405,9.050954818725586
0,1,2,2581,9.0446138381958
0,1,3,2352,8.83509635925293
0,1,4,2358,8.797368049621582
0,1,5,2111,8.720337867736816
0,1,6,205,8.586512565612793
0,1,7,1300,8.541040420532227
0,1,8,925,8.495450973510742
0,1,9,2998,8.438019752502441
0,1,10,1045,8.365617752075195
0,2,1,1341,7.131140232086182
0,2,2,2089,6.3419084548950195
0,2,3,1127,6.048061370849609
0,2,4,1747,6.002789497375488
0,2,5,835,5.858201503753662
0,2,6,2003,5.803144454956055
0,2,7,136,5.7684783935546875
0,2,8,480,5.746222496032715
0,2,9,2353,5.673757553100586
0,2,10,2618,5.63615608215332
0,3,1,629,7.369585037231445
0,3,2,1267,7.077579975128174
0,3,3,2143,7.068220138549805
0,3,4,634,7.058584690093994
0,3,5,364,6.901700973510742
0,3,6,534,6.837831020355225
0,3,7,1287,6.795416355133057
0,3,8,857,6.793520927429199
0,3,9,2159,6.748180389404297
0,3,10,1315,6.688138961791992
0,4,1,230,7.012873649597168
0,4,2,2258,6.1736955642700195
0,4,3,1427,5.950288772583008
0,4,4,2144,5.751357078552246
0,4,5,1691,5.745070934295654
0,4,6,95,5.69190788269043
0,4,7,706,5.621701240539551
0,4,8,857,5.6077070236206055
0,4,9,364,5.586432456970215
0,4,10,1650,5.511577606201172
0,7,1,2165,9.290263175964355
0,7,2,1730,9.198907852172852
0,7,3,1127,8.970592498779297
0,7,4,1650,8.789392471313477
0,7,5,3041,8.749932289123535
0,7,6,1428,8.744902610778809
0,7,7,599,8.72231674194336
0,7,8,1317,8.685955047607422
0,7,9,1737,8.510683059692383
0,7,10,6,8.482396125793457
0,9,1,2089,9.476318359375
0,9,2,1982,9.23193359375
0,9,3,1341,9.198965072631836
0,9,4,1435,9.094536781311035
0,9,5,2303,9.067936897277832
0,9,6,2353,9.019735336303711
0,9,7,1197,8.829957962036133
0,9,8,2238,8.786966323852539
0,9,9,599,8.775755882263184
0,9,10,629,8.769580841064453
0,11,1,1267,10.493049621582031
0,11,2,415,10.405043601989746
0,11,3,1287,10.244001388549805
0,11,4,1142,9.897865295410156
0,11,5,629,9.772762298583984
0,11,6,674,9.720724105834961
0,11,7,1645,9.713268280029297
0,11,8,2957,9.703254699707031
0,11,9,1044,9.672072410583496
0,11,10,2238,9.57448673248291
0,12,1,1267,9.680845260620117
0,12,2,415,9.647367477416992
0,12,3,1287,9.589269638061523
0,12,4,205,9.28796100616455
0,12,5,1708,9.089018821716309
0,12,6,629,9.021682739257812
0,12,7,3016,9.009915351867676
0,12,8,2405,8.993247985839844
0,12,9,674,8.990245819091797
0,12,10,1044,8.983226776123047
0,13,1,1650,10.08422565460205
0,13,2,2143,9.43787956237793
0,13,3,2556,9.364300727844238
0,13,4,364,9.347455978393555
0,13,5,861,9.26768970489502
0,13,6,857,9.266069412231445
0,13,7,634,9.256473541259766
0,13,8,2144,9.175219535827637
0,13,9,1104,9.124208450317383
0,13,10,692,9.095999717712402
0,14,1,2165,10.51616382598877
0,14,2,1650,10.322896957397461
0,14,3,1104,10.174934387207031
0,14,4,634,9.916850090026855
0,14,5,1708,9.912606239318848
0,14,6,611,9.87902545928955
0,14,7,674,9.876151084899902
0,14,8,1267,9.857378959655762
0,14,9,38,9.838186264038086
0,14,10,2073,9.831372261047363
0,15,1,2143,10.866257667541504
0,15,2,629,10.85006332397461
0,15,3,1315,10.762004852294922
0,15,4,1267,10.694371223449707
0,15,5,556,10.689374923706055
0,15,6,2521,10.519826889038086
0,15,7,1287,10.375557899475098
0,15,8,1142,10.324493408203125
0,15,9,2159,10.286808013916016
0,15,10,634,10.269944190979004
0,16,1,2165,9.818126678466797
0,16,2,2303,9.100776672363281
0,16,3,2474,9.017653465270996
0,16,4,38,8.831228256225586
0,16,5,557,8.617656707763672
0,16,6,1839,8.57975959777832
0,16,7,416,8.518340110778809
0,16,8,634,8.495217323303223
0,16,9,1580,8.430100440979004
0,16,10,2780,8.30948257446289
0,17,1,1127,9.05810260772705
0,17,2,1730,8.576166152954102
0,17,3,1982,8.496376037597656
0,17,4,1428,8.432771682739258
0,17,5,2165,8.31641674041748
0,17,6,2303,8.259916305541992
0,17,7,2003,8.241798400878906
0,17,8,2353,8.11117172241211
0,17,9,461,8.042695999145508
0,17,10,1839,8.032811164855957
0,18,1,1267,6.574489116668701
0,18,2,629,6.372156143188477
0,18,3,1525,6.335610389709473
0,18,4,1287,5.899139404296875
0,18,5,1645,5.839083671569824
0,18,6,39,5.739229202270508
0,18,7,415,5.701074600219727
0,18,8,674,5.64978551864624
0,18,9,2238,5.586673736572266
0,18,10,2144,5.575584888458252
0,21,1,2165,8.8731050491333
0,21,2,38,8.664061546325684
0,21,3,416,8.612846374511719
0,21,4,1465,8.512105941772461
0,21,5,2108,8.388496398925781
0,21,6,1111,8.382186889648438
0,21,7,1632,8.221967697143555
0,21,8,1287,8.216569900512695
0,21,9,509,8.158275604248047
0,21,10,1267,8.153121948242188
0,22,1,3042,9.817502975463867
0,22,2,461,9.687206268310547
0,22,3,6,9.490114212036133
0,22,4,1127,9.226038932800293
0,22,5,1484,9.03123664855957
0,22,6,2165,8.99139404296875
0,22,7,3041,8.920589447021484
0,22,8,948,8.868782997131348
0,22,9,1317,8.734148025512695
0,22,10,2353,8.70368766784668
0,23,1,1267,12.230636596679688
0,23,2,629,11.723721504211426
0,23,3,1287,11.67092514038086
0,23,4,415,11.278655052185059
0,23,5,1142,11.151693344116211
0,23,6,556,11.064223289489746
0,23,7,1645,10.923376083374023
0,23,8,1044,10.922228813171387
0,23,9,2238,10.910539627075195
0,23,10,2143,10.743895530700684
0,24,1,2285,7.746965408325195
0,24,2,2127,7.57377815246582
0,24,3,1691,7.50414514541626
0,24,4,2848,7.4902544021606445
0,24,5,2143,7.446445465087891
0,24,6,1201,7.4381256103515625
0,24,7,402,7.434450149536133
0,24,8,861,7.408469200134277
0,24,9,969,7.398913383483887
0,24,10,208,7.353935718536377
0,25,1,1940,10.951238632202148
0,25,2,2370,10.297002792358398
0,25,3,2482,9.864913940429688
0,25,4,534,9.795730590820312
0,25,5,364,9.793025970458984
0,25,6,2143,9.792869567871094
0,25,7,2521,9.68594741821289
0,25,8,756,9.677149772644043
0,25,9,953,9.61508560180664
0,25,10,2291,9.527711868286133
0,26,1,629,11.915085792541504
0,26,2,271,11.631205558776855
0,26,3,1267,11.471125602722168
0,26,4,1966,11.021679878234863
0,26,5,474,10.982829093933105
0,26,6,1487,10.732470512390137
0,26,7,2140,10.701468467712402
0,26,8,2238,10.628942489624023
0,26,9,1287,10.598309516906738
0,26,10,2089,10.560534477233887
0,27,1,208,10.037408828735352
0,27,2,756,9.814896583557129
0,27,3,2127,9.79806900024414
0,27,4,2848,9.747129440307617
0,27,5,364,9.700056076049805
0,27,6,2285,9.66168212890625
0,27,7,1691,9.6270112991333
0,27,8,2258,9.525745391845703
0,27,9,1201,9.500799179077148
0,27,10,857,9.485660552978516
0,28,1,1300,11.27287483215332
0,28,2,1417,10.857982635498047
0,28,3,2405,10.734525680541992
0,28,4,471,10.571807861328125
0,28,5,1502,10.551722526550293
0,28,6,1521,10.526803970336914
0,28,7,390,10.524328231811523
0,28,8,99,10.390172958374023
0,28,9,1388,10.316287994384766
0,28,10,1818,10.29153823852539
0,29,1,629,11.449390411376953
0,29,2,1267,11.108206748962402
0,29,3,1287,10.821300506591797
0,29,4,1543,10.803444862365723
0,29,5,2143,10.457171440124512
0,29,6,2367,10.298397064208984
0,29,7,3037,10.246901512145996
0,29,8,1142,10.230907440185547
0,29,9,1882,10.205987930297852
0,29,10,1681,10.158294677734375
0,31,1,601,8.85765552520752
0,31,2,2727,8.393306732177734
0,31,3,364,8.238359451293945
0,31,4,2552,8.208677291870117
0,31,5,2127,8.181696891784668
0,31,6,14,8.173182487487793
0,31,7,208,8.16171646118164
0,31,8,2285,7.895616054534912
0,31,9,861,7.867541313171387
0,31,10,1340,7.854535102844238
0,32,1,2358,9.860032081604004
0,32,2,2963,9.337980270385742
0,32,3,880,9.18612003326416
0,32,4,1127,9.166864395141602
0,32,5,2024,9.119241714477539
0,32,6,2581,8.731439590454102
0,32,7,1730,8.712015151977539
0,32,8,1628,8.707300186157227
0,32,9,1600,8.701778411865234
0,32,10,2618,8.692730903625488
0,33,1,1091,9.418502807617188
0,33,2,1502,9.409078598022461
0,33,3,1521,9.409078598022461
0,33,4,3009,9.398218154907227
0,33,5,2734,9.004953384399414
0,33,6,738,8.922883987426758
0,33,7,60,8.87286376953125
0,33,8,2951,8.83560562133789
0,33,9,732,8.672666549682617
0,33,10,674,8.649521827697754
0,34,1,629,9.960537910461426
0,34,2,2951,9.828502655029297
0,34,3,2372,9.495479583740234
0,34,4,1521,9.4878568649292
0,34,5,481,9.44265365600586
0,34,6,2238,9.372761726379395
0,34,7,644,9.336042404174805
0,34,8,953,9.292462348937988
0,34,9,1267,9.274072647094727
0,34,10,1502,9.249267578125
0,35,1,2368,8.46807861328125
0,35,2,1246,8.151775360107422
0,35,3,1341,8.048250198364258
0,35,4,2089,7.973811149597168
0,35,5,2963,7.62190580368042
0,35,6,645,7.582099914550781
0,35,7,3037,7.544485092163086
0,35,8,2618,7.502609729766846
0,35,9,480,7.443227767944336
0,35,10,1446,7.440199375152588
0,36,1,2368,8.055086135864258
0,36,2,2089,8.007965087890625
0,36,3,1446,7.994828701019287
0,36,4,3037,7.891541481018066
0,36,5,1246,7.879813194274902
0,36,6,1341,7.715624809265137
0,36,7,2341,7.510815143585205
0,36,8,2594,7.46168851852417
0,36,9,645,7.391444683074951
0,36,10,1267,7.369001865386963
0,37,1,1650,10.19291877746582
0,37,2,1496,9.860750198364258
0,37,3,25,9.694839477539062
0,37,4,634,9.666357040405273
0,37,5,2521,9.552385330200195
0,37,6,1940,9.42085075378418
0,37,7,2474,9.304182052612305
0,37,8,644,9.29947280883789
0,37,9,481,9.289268493652344
0,37,10,692,9.273764610290527
0,38,1,2405,12.105199813842773
0,38,2,1045,11.50318717956543
0,38,3,1308,11.34739875793457
0,38,4,1833,11.338415145874023
0,38,5,2481,11.27694320678711
0,38,6,530,11.224372863769531
0,38,7,1055,11.07589054107666
0,38,8,2352,11.042001724243164
0,38,9,205,10.926097869873047
0,38,10,795,10.90892219543457
0,39,1,113,11.506709098815918
0,39,2,2405,11.45020580291748
0,39,3,1833,11.41454029083252
0,39,4,3009,11.17885684967041
0,39,5,1165,10.988311767578125
0,39,6,2481,10.978548049926758
0,39,7,1407,10.918036460876465
0,39,8,1045,10.836601257324219
0,39,9,1848,10.628572463989258
0,39,10,925,10.593961715698242
0,40,1,3009,10.914453506469727
0,40,2,1502,10.472843170166016
0,40,3,1521,10.18784236907959
0,40,4,2405,10.150498390197754
0,40,5,2237,9.909832954406738
0,40,6,1546,9.8841552734375
0,40,7,738,9.830995559692383
0,40,8,1339,9.787076950073242
0,40,9,2734,9.769403457641602
0,40,10,1045,9.756627082824707
0,42,1,390,10.22667121887207
0,42,2,1738,9.849006652832031
0,42,3,1417,9.383418083190918
0,42,4,1016,9.101497650146484
0,42,5,1388,8.813323974609375
0,42,6,99,8.812297821044922
0,42,7,530,8.702614784240723
0,42,8,414,8.681929588317871
0,42,9,1251,8.64782428741455
0,42,10,2409,8.580432891845703
0,43,1,1165,11.398571014404297
0,43,2,471,11.187484741210938
0,43,3,1417,10.428442001342773
0,43,4,3009,10.407757759094238
0,43,5,1208,10.095351219177246
0,43,6,2754,10.025851249694824
0,43,7,747,10.021484375
0,43,8,1300,9.803911209106445
0,43,9,1251,9.780889511108398
0,43,10,2788,9.751583099365234
0,45,1,1818,11.461748123168945
0,45,2,2273,11.404173851013184
0,45,3,1300,11.283007621765137
0,45,4,99,11.216516494750977
0,45,5,1388,11.16224193572998
0,45,6,2409,10.989883422851562
0,45,7,2405,10.882865905761719
0,45,8,1251,10.872467041015625
0,45,9,530,10.830907821655273
0,45,10,414,10.73193645477295
0,46,1,667,10.760880470275879
0,46,2,390,10.352716445922852
0,46,3,99,9.949295043945312
0,46,4,1388,9.936095237731934
0,46,5,2409,9.703620910644531
0,46,6,1300,9.608362197875977
0,46,7,530,9.534950256347656
0,46,8,414,9.519392967224121
0,46,9,2914,9.446830749511719
0,46,10,1251,9.363944053649902
0,47,1,667,10.720023155212402
0,47,2,1300,9.812328338623047
0,47,3,1327,9.385671615600586
0,47,4,2405,9.375082969665527
0,47,5,99,9.23655891418457
0,47,6,3009,9.21965503692627
0,47,7,1388,9.196294784545898
0,47,8,1208,9.150943756103516
0,47,9,530,9.119756698608398
0,47,10,414,9.099628448486328
0,48,1,3009,10.401946067810059
0,48,2,1738,9.883464813232422
0,48,3,2273,9.872169494628906
0,48,4,99,9.85251235961914
0,48,5,1388,9.831733703613281
0,48,6,414,9.70789909362793
0,48,7,1300,9.640480995178223
0,48,8,2,9.588356018066406
0,48,9,1208,9.568016052246094
0,48,10,1502,9.56017017364502
0,49,1,667,12.649843215942383
0,49,2,390,11.662992477416992
0,49,3,1818,11.24328327178955
0,49,4,99,10.866861343383789
0,49,5,1388,10.857088088989258
0,49,6,2409,10.655472755432129
0,49,7,414,10.367700576782227
0,49,8,585,10.342395782470703
0,49,9,530,10.316854476928711
0,49,10,2914,10.19918441772461
0,50,1,1848,11.132857322692871
0,50,2,3009,10.910332679748535
0,50,3,1417,10.559691429138184
0,50,4,113,10.451156616210938
0,50,5,414,10.217552185058594
0,50,6,99,10.031240463256836
0,50,7,1388,10.015090942382812
0,50,8,2409,9.751932144165039
0,50,9,1208,9.74454116821289
0,50,10,1300,9.672207832336426
0,51,1,113,12.36702823638916
0,51,2,2273,11.510499000549316
0,51,3,1818,11.481297492980957
0,51,4,1300,11.025312423706055
0,51,5,99,10.970782279968262
0,51,6,1208,10.935301780700684
0,51,7,1388,10.922588348388672
0,51,8,585,10.832721710205078
0,51,9,2212,10.802474975585938
0,51,10,2405,10.792469024658203
0,52,1,2165,8.878223419189453
0,52,2,416,8.422445297241211
0,52,3,1580,8.230735778808594
0,52,4,1127,8.20230770111084
0,52,5,2303,8.124420166015625
0,52,6,613,8.095558166503906
0,52,7,509,8.064420700073242
0,52,8,1484,7.970036506652832
0,52,9,1730,7.844982147216797
0,52,10,38,7.825720310211182
0,53,1,2165,7.273601531982422
0,53,2,2003,7.106631755828857
0,53,3,1127,7.0059685707092285
0,53,4,3041,6.978133201599121
0,53,5,1484,6.895694732666016
0,53,6,2303,6.829170227050781
0,53,7,1730,6.828351020812988
0,53,8,1580,6.810626029968262
0,53,9,613,6.643456935882568
0,53,10,416,6.638956546783447
0,54,1,2165,8.298823356628418
0,54,2,2003,7.979610443115234
0,54,3,1127,7.90584659576416
0,54,4,1484,7.864226818084717
0,54,5,3041,7.822061538696289
0,54,6,2303,7.79644775390625
0,54,7,1730,7.646757125854492
0,54,8,461,7.642610549926758
0,54,9,1580,7.630918979644775
0,54,10,416,7.567793846130371
0,55,1,984,9.77265453338623
0,55,2,2165,9.521505355834961
0,55,3,3059,9.514263153076172
0,55,4,1206,9.266838073730469
0,55,5,633,9.040236473083496
0,55,6,1580,9.011051177978516
0,55,7,613,8.98890495300293
0,55,8,1484,8.983640670776367
0,55,9,3041,8.872016906738281
0,55,10,2353,8.84594440460205
0,56,1,2368,9.983235359191895
0,56,2,480,9.93476676940918
0,56,3,645,9.466448783874512
0,56,4,1446,9.377176284790039
0,56,5,795,9.074505805969238
0,56,6,2678,8.923559188842773
0,56,7,1127,8.873727798461914
0,56,8,2358,8.85208797454834
0,56,9,1246,8.72364616394043
0,56,10,2581,8.69617748260498
0,57,1,480,11.079922676086426
0,57,2,2368,10.443946838378906
0,57,3,2358,10.443107604980469
0,57,4,2581,10.190425872802734
0,57,5,1246,10.031641960144043
0,57,6,2352,10.018896102905273
0,57,7,1127,9.983970642089844
0,57,8,2111,9.892905235290527
0,57,9,1446,9.761348724365234
0,57,10,880,9.728805541992188
0,58,1,480,11.578728675842285
0,58,2,795,11.198726654052734
0,58,3,2368,11.183088302612305
0,58,4,1446,10.927979469299316
0,58,5,2358,10.843461036682129
0,58,6,2481,10.468805313110352
0,58,7,2581,10.28309440612793
0,58,8,1127,10.251433372497559
0,58,9,2352,10.184981346130371
0,58,10,461,10.123197555541992
0,59,1,480,11.101991653442383
0,59,2,2368,11.052547454833984
0,59,3,645,10.592920303344727
0,59,4,2352,10.44468879699707
0,59,5,1446,10.405313491821289
0,59,6,2358,10.346667289733887
0,59,7,1438,10.286554336547852
0,59,8,795,10.214539527893066
0,59,9,2581,10.164466857910156
0,59,10,1246,10.12977409362793
0,60,1,99,8.450156211853027
0,60,2,1388,8.401178359985352
0,60,3,1127,8.102666854858398
0,60,4,1737,8.049158096313477
0,60,5,1300,7.974803924560547
0,60,6,2581,7.913695335388184
0,60,7,400,7.717494964599609
0,60,8,2111,7.7156147956848145
0,60,9,2358,7.675938606262207
0,60,10,1730,7.602650165557861
0,61,1,1300,9.581453323364258
0,61,2,2583,9.443037033081055
0,61,3,1127,9.259452819824219
0,61,4,414,9.124242782592773
0,61,5,1737,9.06711196899414
0,61,6,1730,8.979652404785156
0,61,7,400,8.903810501098633
0,61,8,2405,8.687761306762695
0,61,9,2581,8.536825180053711
0,61,10,1417,8.51451301574707
0,62,1,2914,8.621686935424805
0,62,2,1300,8.403620719909668
0,62,3,414,8.104463577270508
0,62,4,1127,8.085906982421875
0,62,5,2581,8.06250286102295
0,62,6,2111,8.01654052734375
0,62,7,1502,7.903106212615967
0,62,8,1737,7.8911919593811035
0,62,9,2405,7.867354869842529
0,62,10,1012,7.736128807067871
0,63,1,1300,8.691981315612793
0,63,2,1127,8.380326271057129
0,63,3,1737,8.26932144165039
0,63,4,400,8.021499633789062
0,63,5,414,7.991276741027832
0,63,6,1730,7.987452983856201
0,63,7,2581,7.932967662811279
0,63,8,2405,7.888669490814209
0,63,9,2111,7.857977867126465
0,63,10,205,7.796145439147949
0,64,1,795,9.868285179138184
0,64,2,2581,9.748018264770508
0,64,3,2111,9.284193992614746
0,64,4,2405,9.220307350158691
0,64,5,2358,9.044236183166504
0,64,6,1600,8.795915603637695
0,64,7,205,8.726761817932129
0,64,8,1858,8.644898414611816
0,64,9,2998,8.626541137695312
0,64,10,122,8.593889236450195
0,65,1,1127,10.485191345214844
0,65,2,1300,10.460697174072266
0,65,3,2405,10.086544036865234
0,65,4,1730,9.99679946899414
0,65,5,1737,9.981094360351562
0,65,6,2352,9.965581893920898
0,65,7,400,9.930502891540527
0,65,8,1461,9.640933990478516
0,65,9,480,9.590066909790039
0,65,10,1045,9.496150016784668
0,66,1,1127,10.027534484863281
0,66,2,795,10.02385139465332
0,66,3,1300,10.0064697265625
0,66,4,2405,9.8751220703125
0,66,5,1365,9.808974266052246
0,66,6,1600,9.768526077270508
0,66,7,1045,9.711742401123047
0,66,8,400,9.58067512512207
0,66,9,205,9.556938171386719
0,66,10,2742,9.486429214477539
0,67,1,2405,8.880290031433105
0,67,2,49,8.566669464111328
0,67,3,1380,8.396196365356445
0,67,4,1045,8.387197494506836
0,67,5,701,8.352856636047363
0,67,6,271,8.323893547058105
0,67,7,1208,8.31621265411377
0,67,8,1716,8.281810760498047
0,67,9,1438,8.26955509185791
0,67,10,1383,8.236849784851074
0,68,1,1600,9.530588150024414
0,68,2,880,9.47103500366211
0,68,3,795,9.321850776672363
0,68,4,645,9.211050033569336
0,68,5,2405,9.197847366333008
0,68,6,2594,9.166994094848633
0,68,7,1438,9.109123229980469
0,68,8,1127,9.109092712402344
0,68,9,1365,9.04144287109375
0,68,10,1300,9.00457763671875
0,69,1,2352,11.656715393066406
0,69,2,795,11.63582992553711
0,69,3,2581,11.558579444885254
0,69,4,480,11.55644416809082
0,69,5,2111,11.261455535888672
0,69,6,1300,11.040456771850586
0,69,7,2410,10.774689674377441
0,69,8,2358,10.679752349853516
0,69,9,1127,10.419906616210938
0,69,10,1546,10.411893844604492
0,70,1,1858,11.26161003112793
0,70,2,1502,11.102367401123047
0,70,3,1525,11.101203918457031
0,70,4,2719,11.017749786376953
0,70,5,2581,10.92367935180664
0,70,6,2922,10.892127990722656
0,70,7,2195,10.879753112792969
0,70,8,2998,10.823558807373047
0,70,9,2352,10.790488243103027
0,70,10,1521,10.7398681640625
0,71,1,1502,9.953046798706055
0,71,2,1055,9.864801406860352
0,71,3,1858,9.83418083190918
0,71,4,1525,9.78714656829834
0,71,5,2581,9.697589874267578
0,71,6,2352,9.641340255737305
0,71,7,1521,9.529730796813965
0,71,8,2998,9.407268524169922
0,71,9,2111,9.387916564941406
0,71,10,2594,9.220017433166504
0,72,1,1127,12.650449752807617
0,72,2,1461,11.377400398254395
0,72,3,2581,11.167266845703125
0,72,4,480,11.083030700683594
0,72,5,599,11.079933166503906
0,72,6,205,10.94970703125
0,72,7,2111,10.748720169067383
0,72,8,2352,10.712501525878906
0,72,9,2410,10.479705810546875
0,72,10,2358,10.321418762207031
0,73,1,1127,12.158140182495117
0,73,2,2581,10.848444938659668
0,73,3,1300,10.829854965209961
0,73,4,480,10.39699935913086
0,73,5,2111,10.346004486083984
0,73,6,205,10.18228816986084
0,73,7,2352,10.084349632263184
0,73,8,2358,9.835647583007812
0,73,9,1365,9.816730499267578
0,73,10,2410,9.700496673583984
0,74,1,1730,11.568613052368164
0,74,2,2581,10.536710739135742
0,74,3,1300,10.533699035644531
0,74,4,480,10.148275375366211
0,74,5,2111,10.045848846435547
0,74,6,205,9.850820541381836
0,74,7,2352,9.798820495605469
0,74,8,2358,9.761079788208008
0,74,9,1495,9.66450023651123
0,74,10,1365,9.653992652893066
0,75,1,1461,12.237215042114258
0,75,2,1300,12.104122161865234
0,75,3,480,11.858114242553711
0,75,4,2581,11.83053207397461
0,75,5,6,11.623164176940918
0,75,6,205,11.582415580749512
0,75,7,2410,11.575052261352539
0,75,8,2358,11.572819709777832
0,75,9,2111,11.31886100769043
0,75,10,2352,11.157977104187012
0,76,1,732,11.094898223876953
0,76,2,1521,10.659488677978516
0,76,3,1708,10.532149314880371
0,76,4,1650,10.521659851074219
0,76,5,2951,10.464513778686523
0,76,6,1091,10.371597290039062
0,76,7,2161,10.307635307312012
0,76,8,2372,10.161040306091309
0,76,9,415,10.055509567260742
0,76,10,1502,9.98702621459961
0,77,1,1650,13.781561851501465
0,77,2,2951,13.52090835571289
0,77,3,1521,13.204353332519531
0,77,4,1091,12.973409652709961
0,77,5,1708,12.946462631225586
0,77,6,2372,12.939414024353027
0,77,7,2287,12.832439422607422
0,77,8,2745,12.768474578857422
0,77,9,2738,12.717824935913086
0,77,10,14,12.56149959564209
0,78,1,2098,10.707176208496094
0,78,2,1521,10.631359100341797
0,78,3,1708,10.396245956420898
0,78,4,2951,10.321130752563477
0,78,5,1091,10.232545852661133
0,78,6,1650,10.154043197631836
0,78,7,2372,10.066192626953125
0,78,8,415,10.035234451293945
0,78,9,2734,10.021822929382324
0,78,10,1502,10.021095275878906
0,80,1,954,9.515384674072266
0,80,2,1979,9.420235633850098
0,80,3,2901,9.29694938659668
0,80,4,2674,9.205743789672852
0,80,5,2684,9.184988021850586
0,80,6,1531,9.145574569702148
0,80,7,2256,9.129266738891602
0,80,8,1442,9.110587120056152
0,80,9,174,9.101160049438477
0,80,10,655,8.985319137573242
0,81,1,2270,11.043776512145996
0,81,2,2100,10.679414749145508
0,81,3,520,10.676233291625977
0,81,4,2118,10.50217056274414
0,81,5,424,10.344881057739258
0,81,6,1893,10.16424560546875
0,81,7,398,10.134332656860352
0,81,8,2180,10.07349967956543
0,81,9,2345,10.038851737976074
0,81,10,1613,10.032455444335938
0,82,1,2256,9.647916793823242
0,82,2,1531,9.607778549194336
0,82,3,1447,9.464727401733398
0,82,4,2691,9.369762420654297
0,82,5,2432,9.184661865234375
0,82,6,731,9.172622680664062
0,82,7,1829,8.927828788757324
0,82,8,707,8.905613899230957
0,82,9,1248,8.890337944030762
0,82,10,1063,8.877351760864258
0,83,1,424,9.404681205749512
0,83,2,2270,9.327803611755371
0,83,3,479,9.301258087158203
0,83,4,1613,9.292110443115234
0,83,5,2009,9.284209251403809
0,83,6,2118,9.273246765136719
0,83,7,2209,9.267629623413086
0,83,8,2345,9.067227363586426
0,83,9,2100,9.025075912475586
0,83,10,520,8.996272087097168
0,84,1,520,11.664871215820312
0,84,2,2100,11.643792152404785
0,84,3,2118,11.472232818603516
0,84,4,2180,11.260786056518555
0,84,5,2345,11.084716796875
0,84,6,398,10.986429214477539
0,84,7,2009,10.926361083984375
0,84,8,424,10.90481185913086
0,84,9,2270,10.895000457763672
0,84,10,1809,10.894972801208496
0,85,1,1007,10.470616340637207
0,85,2,3032,9.764900207519531
0,85,3,2323,9.683465957641602
0,85,4,2985,9.467535018920898
0,85,5,2114,9.421683311462402
0,85,6,954,9.41689682006836
0,85,7,1442,9.171507835388184
0,85,8,2674,9.004460334777832
0,85,9,2560,8.944034576416016
0,85,10,1254,8.759312629699707
0,86,1,1858,9.748553276062012
0,86,2,1833,9.666017532348633
0,86,3,2719,9.495345115661621
0,86,4,542,9.479202270507812
0,86,5,1638,9.447444915771484
0,86,6,2642,9.430641174316406
0,86,7,2691,9.307208061218262
0,86,8,498,9.211769104003906
0,86,9,1548,9.156643867492676
0,86,10,2405,9.13548755645752
0,87,1,1007,10.627034187316895
0,87,2,1442,10.23104476928711
0,87,3,2560,10.074542045593262
0,87,4,2719,9.997820854187012
0,87,5,2674,9.950464248657227
0,87,6,2114,9.877878189086914
0,87,7,3032,9.836324691772461
0,87,8,2925,9.784558296203613
0,87,9,1236,9.58365249633789
0,87,10,2922,9.453018188476562
0,89,1,2734,11.428960800170898
0,89,2,1146,10.949320793151855
0,89,3,1362,10.440910339355469
0,89,4,60,10.431720733642578
0,89,5,732,10.219423294067383
0,89,6,2740,10.02830696105957
0,89,7,1710,9.93346118927002
0,89,8,2745,9.91588020324707
0,89,9,1650,9.84321403503418
0,89,10,2372,9.748299598693848
0,91,1,1521,11.140141487121582
0,91,2,2740,10.54875659942627
0,91,3,1362,10.082418441772461
0,91,4,2559,10.037416458129883
0,91,5,2674,9.987837791442871
0,91,6,2745,9.898578643798828
0,91,7,1650,9.71314811706543
0,91,8,474,9.70297908782959
0,91,9,732,9.635181427001953
0,91,10,1710,9.592781066894531
0,92,1,415,7.341494560241699
0,92,2,1267,7.167153835296631
0,92,3,1287,7.103364944458008
0,92,4,629,6.9689741134643555
0,92,5,1521,6.856791973114014
0,92,6,1044,6.8267822265625
0,92,7,271,6.764684677124023
0,92,8,2238,6.759814739227295
0,92,9,1142,6.721970558166504
0,92,10,556,6.665649890899658
0,93,1,2898,10.058557510375977
0,93,2,1304,9.984845161437988
0,93,3,439,9.94015121459961
0,93,4,2727,9.939908981323242
0,93,5,1278,9.923548698425293
0,93,6,995,9.757268905639648
0,93,7,495,9.744470596313477
0,93,8,1145,9.74424934387207
0,93,9,1682,9.595756530761719
0,93,10,1836,9.54207992553711
0,95,1,1146,8.705501556396484
0,95,2,1278,8.475769996643066
0,95,3,1682,8.382390975952148
0,95,4,1501,8.323501586914062
0,95,5,1212,8.252985000610352
0,95,6,1502,8.145633697509766
0,95,7,439,8.145456314086914
0,95,8,1161,8.120818138122559
0,95,9,2898,8.080659866333008
0,95,10,541,8.0556001663208
0,97,1,1708,11.805120468139648
0,97,2,1255,11.744816780090332
0,97,3,1650,11.588773727416992
0,97,4,2073,11.370193481445312
0,97,5,1521,11.194012641906738
0,97,6,2719,11.191547393798828
0,97,7,2556,11.182012557983398
0,97,8,2237,11.138784408569336
0,97,9,2957,11.120630264282227
0,97,10,674,11.10313892364502
0,98,1,2237,13.807952880859375
0,98,2,1708,13.616241455078125
0,98,3,559,13.393239974975586
0,98,4,615,13.23482894897461
0,98,5,500,12.8341064453125
0,98,6,1754,12.831167221069336
0,98,7,193,12.803180694580078
0,98,8,2957,12.78342056274414
0,98,9,1235,12.768339157104492
0,98,10,2073,12.603388786315918
0,100,1,1708,13.132009506225586
0,100,2,1142,12.622313499450684
0,100,3,1287,12.616189956665039
0,100,4,1267,12.35950756072998
0,100,5,415,12.238786697387695
0,100,6,2143,12.232418060302734
0,100,7,2073,12.177759170532227
0,100,8,674,12.09450912475586
0,100,9,2556,12.082754135131836
0,100,10,2957,12.040639877319336
0,101,1,2143,16.18821907043457
0,101,2,1287,14.981738090515137
0,101,3,1142,14.902814865112305
0,101,4,629,14.83387279510498
0,101,5,1267,14.824146270751953
0,101,6,1681,14.672958374023438
0,101,7,556,14.623903274536133
0,101,8,1708,14.41463565826416
0,101,9,1044,14.204898834228516
0,101,10,692,13.7911958694458
0,102,1,2143,15.59516429901123
0,102,2,2159,14.680970191955566
0,102,3,1681,14.408161163330078
0,102,4,629,14.297566413879395
0,102,5,1287,14.159309387207031
0,102,6,1142,14.039735794067383
0,102,7,1267,14.000068664550781
0,102,8,556,13.812461853027344
0,102,9,857,13.309765815734863
0,102,10,1708,13.306135177612305
0,103,1,2143,17.736112594604492
0,103,2,2482,17.17622184753418
0,103,3,364,15.927911758422852
0,103,4,861,15.919462203979492
0,103,5,857,15.836410522460938
0,103,6,629,15.708477973937988
0,103,7,556,15.566595077514648
0,103,8,1176,15.368642807006836
0,103,9,1112,15.357189178466797
0,103,10,1142,15.176599502563477
0,104,1,629,14.179061889648438
0,104,2,2095,13.928699493408203
0,104,3,1267,13.828453063964844
0,104,4,556,13.759954452514648
0,104,5,1142,13.706274032592773
0,104,6,1287,13.706076622009277
0,104,7,861,13.482014656066895
0,104,8,364,13.254257202148438
0,104,9,2285,13.195677757263184
0,104,10,598,13.140655517578125
0,105,1,364,15.800914764404297
0,105,2,857,15.765230178833008
0,105,3,2095,15.593681335449219
0,105,4,861,15.59363079071045
0,105,5,2285,15.319579124450684
0,105,6,1112,15.272631645202637
0,105,7,629,15.231252670288086
0,105,8,1176,15.199094772338867
0,105,9,969,15.024696350097656
0,105,10,2448,14.894927024841309
0,106,1,629,13.935759544372559
0,106,2,1267,13.726421356201172
0,106,3,1287,13.628737449645996
0,106,4,1142,13.315408706665039
0,106,5,556,13.066545486450195
0,106,6,1708,12.681872367858887
0,106,7,1044,12.593067169189453
0,106,8,415,12.519527435302734
0,106,9,598,12.338138580322266
0,106,10,2367,12.307024002075195
0,108,1,629,13.794564247131348
0,108,2,1267,13.608707427978516
0,108,3,2143,13.38627815246582
0,108,4,1287,13.331574440002441
0,108,5,1142,13.223699569702148
0,108,6,2951,12.797590255737305
0,108,7,1708,12.56942367553711
0,108,8,415,12.45565128326416
0,108,9,1650,12.375211715698242
0,108,10,2287,12.374059677124023
0,109,1,629,13.809717178344727
0,109,2,1267,13.33211898803711
0,109,3,2143,13.082857131958008
0,109,4,1287,12.919879913330078
0,109,5,2285,12.642424583435059
0,109,6,1142,12.575437545776367
0,109,7,861,12.549575805664062
0,109,8,556,12.478349685668945
0,109,9,2159,12.311088562011719
0,109,10,415,12.173907279968262
0,112,1,208,9.812317848205566
0,112,2,2143,9.581429481506348
0,112,3,861,9.54636001586914
0,112,4,1201,9.500940322875977
0,112,5,2285,9.449581146240234
0,112,6,2727,9.415852546691895
0,112,7,2951,9.37619400024414
0,112,8,2258,9.345073699951172
0,112,9,2291,9.328014373779297
0,112,10,969,9.327828407287598
0,113,1,2370,10.48289966583252
0,113,2,2938,10.284393310546875
0,113,3,2951,10.112160682678223
0,113,4,629,9.837288856506348
0,113,5,572,9.833648681640625
0,113,6,189,9.577433586120605
0,113,7,2661,9.565881729125977
0,113,8,2708,9.563417434692383
0,113,9,2478,9.467765808105469
0,113,10,2595,9.332013130187988
0,114,1,2258,13.882196426391602
0,114,2,1201,13.322190284729004
0,114,3,364,12.965639114379883
0,114,4,1112,12.947168350219727
0,114,5,969,12.913911819458008
0,114,6,861,12.850951194763184
0,114,7,1176,12.63428020477295
0,114,8,756,12.54163646697998
0,114,9,2143,12.472030639648438
0,114,10,706,12.378128051757812
0,115,1,2848,16.074176788330078
0,115,2,364,15.974081039428711
0,115,3,861,15.634195327758789
0,115,4,1112,15.587034225463867
0,115,5,969,15.529106140136719
0,115,6,2143,15.525301933288574
0,115,7,756,15.414292335510254
0,115,8,857,15.35432243347168
0,115,9,1176,15.216045379638672
0,115,10,2159,15.127073287963867
0,116,1,2143,15.48460578918457
0,116,2,861,15.34033489227295
0,116,3,1112,15.121615409851074
0,116,4,2127,15.076608657836914
0,116,5,969,15.053454399108887
0,116,6,1176,15.051335334777832
0,116,7,2159,15.03917407989502
0,116,8,364,15.004977226257324
0,116,9,857,14.463578224182129
0,116,10,756,14.425020217895508
0,117,1,364,16.115880966186523
0,117,2,2143,15.871013641357422
0,117,3,861,15.720319747924805
0,117,4,1112,15.557099342346191
0,117,5,756,15.537393569946289
0,117,6,2159,15.454675674438477
0,117,7,857,15.445318222045898
0,117,8,969,15.414674758911133
0,117,9,1691,15.378458023071289
0,117,10,1176,15.342549324035645
0,118,1,2951,11.279443740844727
0,118,2,2285,11.218698501586914
0,118,3,2521,10.977472305297852
0,118,4,2143,10.85900592803955
0,118,5,629,10.782611846923828
0,118,6,1650,10.753520965576172
0,118,7,14,10.688401222229004
0,118,8,2372,10.583724021911621
0,118,9,2738,10.513191223144531
0,118,10,1940,10.511472702026367
0,119,1,2143,11.70330810546875
0,119,2,2285,11.386089324951172
0,119,3,2159,11.381298065185547
0,119,4,208,11.379805564880371
0,119,5,1681,11.377192497253418
0,119,6,2848,11.353163719177246
0,119,7,756,11.268918991088867
0,119,8,2127,11.185270309448242
0,119,9,2482,11.162336349487305
0,119,10,2258,11.102267265319824
0,120,1,2143,13.653121948242188
0,120,2,1681,12.970636367797852
0,120,3,2285,12.960036277770996
0,120,4,2159,12.942358016967773
0,120,5,2482,12.81138801574707
0,120,6,2258,12.758736610412598
0,120,7,534,12.696686744689941
0,120,8,2848,12.660816192626953
0,120,9,208,12.652006149291992
0,120,10,969,12.572937965393066
0,121,1,2285,12.313593864440918
0,121,2,2143,12.229476928710938
0,121,3,2848,12.03947639465332
0,121,4,1201,11.837660789489746
0,121,5,2127,11.784194946289062
0,121,6,2159,11.760564804077148
0,121,7,208,11.759424209594727
0,121,8,1681,11.67938232421875
0,121,9,402,11.611794471740723
0,121,10,1691,11.512248992919922
0,122,1,1966,10.083755493164062
0,122,2,1280,9.70004940032959
0,122,3,865,9.58913516998291
0,122,4,3018,9.58913516998291
0,122,5,186,9.342140197753906
0,122,6,1601,9.24635124206543
0,122,7,39,9.140617370605469
0,122,8,2877,9.039322853088379
0,122,9,136,9.004886627197266
0,122,10,1748,8.720616340637207
0,123,1,1280,9.807462692260742
0,123,2,39,9.724870681762695
0,123,3,421,9.11856460571289
0,123,4,136,9.089509010314941
0,123,5,1267,9.083314895629883
0,123,6,186,9.063851356506348
0,123,7,2717,9.025321006774902
0,123,8,629,8.9555025100708
0,123,9,2940,8.888680458068848
0,123,10,767,8.852348327636719
0,124,1,1280,10.26473617553711
0,124,2,1966,9.979084968566895
0,124,3,186,9.908306121826172
0,124,4,3018,9.897600173950195
0,124,5,865,9.897600173950195
0,124,6,136,9.818998336791992
0,124,7,2877,9.634716033935547
0,124,8,39,9.627445220947266
0,124,9,421,9.18614387512207
0,124,10,1748,8.90882682800293
0,125,1,1280,11.841835975646973
0,125,2,186,11.769861221313477
0,125,3,1966,11.688886642456055
0,125,4,39,11.565311431884766
0,125,5,136,11.45622730255127
0,125,6,2877,11.327620506286621
0,125,7,3018,11.288923263549805
0,125,8,865,11.288923263549805
0,125,9,421,10.93707275390625
0,125,10,1487,10.73379898071289
0,127,1,2089,7.401854515075684
0,127,2,1435,7.020669937133789
0,127,3,474,7.0170698165893555
0,127,4,1341,6.843837738037109
0,127,5,271,6.833305835723877
0,127,6,421,6.807792663574219
0,127,7,1502,6.718843460083008
0,127,8,629,6.690425872802734
0,127,9,2717,6.689851760864258
0,127,10,414,6.649486064910889
0,129,1,1280,9.872591018676758
0,129,2,1872,9.870121002197266
0,129,3,186,9.847732543945312
0,129,4,2089,9.738876342773438
0,129,5,464,9.621749877929688
0,129,6,1341,9.436506271362305
0,129,7,136,9.267580032348633
0,129,8,2668,9.231697082519531
0,129,9,1881,9.131587982177734
0,129,10,2211,8.970791816711426
0,131,1,1280,11.54354190826416
0,131,2,136,11.08679485321045
0,131,3,186,10.610678672790527
0,131,4,39,10.211272239685059
0,131,5,1881,10.090152740478516
0,131,6,421,9.463092803955078
0,131,7,2303,9.425466537475586
0,131,8,2668,9.035341262817383
0,131,9,2940,9.030324935913086
0,131,10,1554,9.025625228881836
0,132,1,39,9.44575309753418
0,132,2,2267,8.8931303024292
0,132,3,2254,8.8931303024292
0,132,4,1577,8.8931303024292
0,132,5,2200,8.8931303024292
0,132,6,1470,8.8931303024292
0,132,7,1656,8.8931303024292
0,132,8,2089,8.751561164855957
0,132,9,1280,8.634720802307129
0,132,10,136,8.620245933532715
0,133,1,39,9.44575309753418
0,133,2,2267,8.8931303024292
0,133,3,2254,8.8931303024292
0,133,4,1577,8.8931303024292
0,133,5,2200,8.8931303024292
0,133,6,1470,8.8931303024292
0,133,7,1656,8.8931303024292
0,133,8,2089,8.751561164855957
0,133,9,1280,8.634720802307129
0,133,10,136,8.620245933532715
0,134,1,39,9.44575309753418
0,134,2,2267,8.8931303024292
0,134,3,2254,8.8931303024292
0,134,4,1577,8.8931303024292
0,134,5,2200,8.8931303024292
0,134,6,1470,8.8931303024292
0,134,7,1656,8.8931303024292
0,134,8,2089,8.751561164855957
0,134,9,1280,8.634720802307129
0,134,10,136,8.620245933532715
0,135,1,39,9.44575309753418
0,135,2,2267,8.8931303024292
0,135,3,2254,8.8931303024292
0,135,4,1577,8.8931303024292
0,135,5,2200,8.8931303024292
0,135,6,1470,8.8931303024292
0,135,7,1656,8.8931303024292
0,135,8,2089,8.751561164855957
0,135,9,1280,8.634720802307129
0,135,10,136,8.620245933532715
0,136,1,2211,9.785919189453125
0,136,2,1892,9.732660293579102
0,136,3,136,9.238386154174805
0,136,4,2067,9.232084274291992
0,136,5,98,8.984643936157227
0,136,6,186,8.799945831298828
0,136,7,2089,8.705930709838867
0,136,8,1280,8.508399963378906
0,136,9,1982,8.449836730957031
0,136,10,1535,8.29929256439209
0,137,1,1197,10.279067993164062
0,137,2,2303,10.215879440307617
0,137,3,2165,9.595053672790527
0,137,4,1280,8.787168502807617
0,137,5,39,8.785887718200684
0,137,6,3041,8.346135139465332
0,137,7,25,8.246942520141602
0,137,8,416,8.237227439880371
0,137,9,136,8.215283393859863
0,137,10,1543,8.11135482788086
0,138,1,136,10.782020568847656
0,138,2,1280,10.76811408996582
0,138,3,38,10.589811325073242
0,138,4,2165,10.545347213745117
0,138,5,39,10.2158842086792
0,138,6,186,10.090534210205078
0,138,7,634,10.001335144042969
0,138,8,3041,9.798999786376953
0,138,9,791,9.633037567138672
0,138,10,1484,9.359081268310547
0,139,1,136,10.481380462646484
0,139,2,1280,10.454431533813477
0,139,3,2165,10.196294784545898
0,139,4,39,10.00390625
0,139,5,186,9.966619491577148
0,139,6,2167,9.892341613769531
0,139,7,2877,9.396585464477539
0,139,8,791,9.290040969848633
0,139,9,1507,9.164022445678711
0,139,10,3041,9.123588562011719
0,140,1,2165,9.252972602844238
0,140,2,38,8.969541549682617
0,140,3,39,8.511287689208984
0,140,4,136,8.062087059020996
0,140,5,1280,8.047740936279297
0,140,6,2167,8.044538497924805
0,140,7,416,7.588047981262207
0,140,8,186,7.417253017425537
0,140,9,1580,7.409634590148926
0,140,10,1484,7.3623175621032715
0,141,1,2211,7.819261074066162
0,141,2,136,7.647243022918701
0,141,3,2877,7.543611526489258
0,141,4,1352,7.170663833618164
0,141,5,1280,7.085742950439453
0,141,6,186,7.020035743713379
0,141,7,1197,6.710592746734619
0,141,8,1881,6.6561079025268555
0,141,9,1712,6.620824337005615
0,141,10,39,6.605834484100342
0,142,1,136,7.594919204711914
0,142,2,2877,7.337351322174072
0,142,3,2447,7.267248153686523
0,142,4,1341,7.164637565612793
0,142,5,1352,6.849279403686523
0,142,6,186,6.84678840637207
0,142,7,1197,6.823286056518555
0,142,8,1280,6.693991661071777
0,142,9,1982,6.579785346984863
0,142,10,2234,6.477818012237549
0,143,1,1872,8.393552780151367
0,143,2,2211,7.540931224822998
0,143,3,1352,7.103571891784668
0,143,4,136,6.66342830657959
0,143,5,1535,6.638050079345703
0,143,6,186,6.532459259033203
0,143,7,1197,6.523157119750977
0,143,8,1982,6.505290985107422
0,143,9,1280,6.444204807281494
0,143,10,2089,6.316706657409668
0,144,1,1280,13.19111442565918
0,144,2,186,11.751031875610352
0,144,3,1197,11.587505340576172
0,144,4,136,11.58467960357666
0,144,5,421,11.214200973510742
0,144,6,39,11.167657852172852
0,144,7,1352,11.153190612792969
0,144,8,2668,11.000785827636719
0,144,9,2288,10.585989952087402
0,144,10,1535,10.361047744750977
0,145,1,1280,15.062135696411133
0,145,2,186,13.659343719482422
0,145,3,136,13.52679443359375
0,145,4,1352,12.687091827392578
0,145,5,39,12.418279647827148
0,145,6,1197,11.880875587463379
0,145,7,1535,11.8705415725708
0,145,8,2877,11.765836715698242
0,145,9,1601,11.664739608764648
0,145,10,2717,11.22903060913086
0,147,1,1280,14.526163101196289
0,147,2,136,13.686990737915039
0,147,3,186,13.229324340820312
0,147,4,39,12.716553688049316
0,147,5,1352,12.13100814819336
0,147,6,1424,12.099382400512695
0,147,7,1197,11.92341423034668
0,147,8,2717,11.77944564819336
0,147,9,464,11.65345573425293
0,147,10,1535,11.307790756225586
0,148,1,1280,12.435760498046875
0,148,2,136,12.248504638671875
0,148,3,186,11.639276504516602
0,148,4,39,11.530029296875
0,148,5,421,10.572816848754883
0,148,6,2877,10.568531036376953
0,148,7,2234,10.53799057006836
0,148,8,1881,10.45904541015625
0,148,9,2940,10.00535774230957
0,148,10,1197,9.987770080566406
0,149,1,1280,12.77047348022461
0,149,2,186,11.618978500366211
0,149,3,136,11.493891716003418
0,149,4,1881,11.208841323852539
0,149,5,2877,11.146073341369629
0,149,6,39,11.061549186706543
0,149,7,1352,10.868968963623047
0,149,8,1197,10.642693519592285
0,149,9,421,10.547561645507812
0,149,10,1601,10.327923774719238
0,150,1,1280,10.533528327941895
0,150,2,2877,10.461674690246582
0,150,3,39,10.33887767791748
0,150,4,3018,10.326677322387695
0,150,5,865,10.326677322387695
0,150,6,136,10.082216262817383
0,150,7,2234,10.019646644592285
0,150,8,186,9.720269203186035
0,150,9,421,9.632198333740234
0,150,10,1712,9.4652681350708
0,151,1,1280,12.026411056518555
0,151,2,186,10.924436569213867
0,151,3,2877,10.922073364257812
0,151,4,39,10.847430229187012
0,151,5,1197,10.755046844482422
0,151,6,136,10.74167537689209
0,151,7,1881,10.402368545532227
0,151,8,1352,10.197489738464355
0,151,9,2634,10.143985748291016
0,151,10,2234,10.084431648254395
0,152,1,865,11.044614791870117
0,152,2,3018,11.044614791870117
0,152,3,421,10.661596298217773
0,152,4,2234,10.5673246383667
0,152,5,2089,10.400103569030762
0,152,6,2877,10.296205520629883
0,152,7,1657,10.263345718383789
0,152,8,1435,10.238394737243652
0,152,9,1712,10.22610855102539
0,152,10,2940,10.21690559387207
0,153,1,1280,12.722018241882324
0,153,2,2877,11.318132400512695
0,153,3,1881,11.142004013061523
0,153,4,421,10.639150619506836
0,153,5,1197,10.586018562316895
0,153,6,2940,10.090312957763672
0,153,7,2234,10.004141807556152
0,153,8,2536,9.937395095825195
0,153,9,1352,9.931711196899414
0,153,10,1966,9.914884567260742
0,154,1,1280,12.700663566589355
0,154,2,2877,11.957060813903809
0,154,3,1197,11.371833801269531
0,154,4,1881,10.69864273071289
0,154,5,2303,10.654228210449219
0,154,6,2288,10.52498722076416
0,154,7,421,10.402871131896973
0,154,8,2474,10.389284133911133
0,154,9,865,10.313404083251953
0,154,10,3018,10.313404083251953
0,155,1,2877,12.779797554016113
0,155,2,1881,12.382452011108398
0,155,3,421,12.198001861572266
0,155,4,1197,11.835638999938965
0,155,5,2940,11.606645584106445
0,155,6,2303,11.440816879272461
0,155,7,1966,11.43670654296875
0,155,8,2288,11.384529113769531
0,155,9,2474,11.364866256713867
0,155,10,2668,11.248278617858887
0,156,1,2877,12.779797554016113
0,156,2,1881,12.382452011108398
0,156,3,421,12.198001861572266
0,156,4,1197,11.835638999938965
0,156,5,2940,11.606645584106445
0,156,6,2303,11.440816879272461
0,156,7,1966,11.43670654296875
0,156,8,2288,11.384529113769531
0,156,9,2474,11.364866256713867
0,156,10,2668,11.248278617858887
0,157,1,2877,12.779797554016113
0,157,2,1881,12.382452011108398
0,157,3,421,12.198001861572266
0,157,4,1197,11.835638999938965
0,157,5,2940,11.606645584106445
0,157,6,2303,11.440816879272461
0,157,7,1966,11.43670654296875
0,157,8,2288,11.384529113769531
0,157,9,2474,11.364866256713867
0,157,10,2668,11.248278617858887
0,159,1,629,13.243553161621094
0,159,2,1267,12.768985748291016
0,159,3,556,12.145858764648438
0,159,4,1287,12.005379676818848
0,159,5,2238,11.951271057128906
0,159,6,1197,11.824581146240234
0,159,7,692,11.570207595825195
0,159,8,25,11.480466842651367
0,159,9,2143,11.45197868347168
0,159,10,1543,11.41954517364502
0,160,1,1280,12.999897003173828
0,160,2,39,12.678094863891602
0,160,3,629,12.556695938110352
0,160,4,1267,12.402005195617676
0,160,5,421,12.326288223266602
0,160,6,186,12.067408561706543
0,160,7,2940,11.904566764831543
0,160,8,136,11.82502555847168
0,160,9,2238,11.796955108642578
0,160,10,1359,11.762950897216797
0,161,1,39,10.47372055053711
0,161,2,1267,10.295100212097168
0,161,3,629,10.210693359375
0,161,4,1280,9.828710556030273
0,161,5,421,9.592568397521973
0,161,6,1287,9.393255233764648
0,161,7,1197,9.393091201782227
0,161,8,186,9.36867904663086
0,161,9,2303,9.354328155517578
0,161,10,2940,9.300936698913574
0,162,1,136,10.978378295898438
0,162,2,421,10.79796028137207
0,162,3,39,10.544967651367188
0,162,4,177,10.394607543945312
0,162,5,2940,10.229774475097656
0,162,6,414,10.0015230178833
0,162,7,2717,9.81281852722168
0,162,8,474,9.8048734664917
0,162,9,1424,9.571884155273438
0,162,10,186,9.564180374145508
0,163,1,136,9.105863571166992
0,163,2,1341,8.295703887939453
0,163,3,186,7.880006790161133
0,163,4,2211,7.800604343414307
0,163,5,39,7.767934799194336
0,163,6,1127,7.685623645782471
0,163,7,667,7.648111820220947
0,163,8,1730,7.391343116760254
0,163,9,1737,7.27595329284668
0,163,10,1872,7.189495086669922
0,164,1,2165,8.532392501831055
0,164,2,2303,8.440202713012695
0,164,3,1127,8.099602699279785
0,164,4,1730,7.8326005935668945
0,164,5,1839,7.764518737792969
0,164,6,2780,7.594902515411377
0,164,7,557,7.589484214782715
0,164,8,3041,7.543190956115723
0,164,9,1580,7.538503646850586
0,164,10,613,7.428065299987793
0,165,1,136,8.211483001708984
0,165,2,1127,7.932906150817871
0,165,3,1341,7.737442970275879
0,165,4,2165,7.658729553222656
0,165,5,186,7.617436408996582
0,165,6,2303,7.605135917663574
0,165,7,1730,7.600918769836426
0,165,8,3041,7.093125820159912
0,165,9,1839,7.082291603088379
0,165,10,464,7.000099182128906
0,166,1,2165,8.973030090332031
0,166,2,2303,8.395950317382812
0,166,3,416,8.319463729858398
0,166,4,38,7.968793869018555
0,166,5,1839,7.919471740722656
0,166,6,2108,7.907688140869141
0,166,7,1127,7.789819240570068
0,166,8,1202,7.775546550750732
0,166,9,484,7.727583885192871
0,166,10,2558,7.686638832092285
0,167,1,2165,8.6795654296875
0,167,2,416,7.756440162658691
0,167,3,38,7.749404430389404
0,167,4,1580,7.585465908050537
0,167,5,611,7.571602821350098
0,167,6,1111,7.538463592529297
0,167,7,2303,7.5259599685668945
0,167,8,2286,7.509665012359619
0,167,9,30,7.485359191894531
0,167,10,1465,7.462687969207764
0,168,1,2165,8.094539642333984
0,168,2,2533,7.430446624755859
0,168,3,739,7.2241997718811035
0,168,4,544,7.129638671875
0,168,5,2303,7.044859886169434
0,168,6,1580,6.943464279174805
0,168,7,416,6.891770362854004
0,168,8,1320,6.879947662353516
0,168,9,1111,6.808675765991211
0,168,10,30,6.788174629211426
0,169,1,2165,8.453439712524414
0,169,2,2303,7.910861015319824
0,169,3,1202,7.613704681396484
0,169,4,38,7.439599514007568
0,169,5,416,7.4389472007751465
0,169,6,1580,7.166848182678223
0,169,7,1839,7.104081153869629
0,169,8,1111,6.941466331481934
0,169,9,557,6.907851219177246
0,169,10,613,6.89126443862915
0,170,1,2165,6.528964042663574
0,170,2,739,6.3668317794799805
0,170,3,731,5.965911865234375
0,170,4,2303,5.871035575866699
0,170,5,1111,5.8412580490112305
0,170,6,514,5.807158470153809
0,170,7,1465,5.794404029846191
0,170,8,1632,5.642326354980469
0,170,9,30,5.6348161697387695
0,170,10,483,5.5720953941345215
0,172,1,2922,11.006614685058594
0,172,2,2719,10.708626747131348
0,172,3,2410,10.606060981750488
0,172,4,2481,10.273345947265625
0,172,5,461,10.069896697998047
0,172,6,1546,9.897143363952637
0,172,7,2998,9.69990348815918
0,172,8,3042,9.678628921508789
0,172,9,205,9.59731388092041
0,172,10,1255,9.391176223754883
0,173,1,2410,11.631351470947266
0,173,2,1255,10.972505569458008
0,173,3,1104,10.908170700073242
0,173,4,205,10.837014198303223
0,173,5,2481,10.675683975219727
0,173,6,2195,10.667572021484375
0,173,7,55,10.627824783325195
0,173,8,611,10.57170295715332
0,173,9,1650,10.482580184936523
0,173,10,2787,10.362977981567383
0,174,1,1650,15.039885520935059
0,174,2,1708,14.227728843688965
0,174,3,2073,14.129964828491211
0,174,4,689,13.8365478515625
0,174,5,2920,13.742361068725586
0,174,6,1267,13.679266929626465
0,174,7,1255,13.65530776977539
0,174,8,415,13.476197242736816
0,174,9,611,13.241735458374023
0,174,10,2192,13.148931503295898
0,175,1,1708,13.057629585266113
0,175,2,611,12.459932327270508
0,175,3,2556,12.449617385864258
0,175,4,674,12.338005065917969
0,175,5,1255,12.190629959106445
0,175,6,1267,12.1304931640625
0,175,7,129,11.995429992675781
0,175,8,426,11.96373176574707
0,175,9,1287,11.87324047088623
0,175,10,3054,11.865643501281738
0,176,1,1708,15.158943176269531
0,176,2,1287,14.680974006652832
0,176,3,1267,14.670366287231445
0,176,4,1142,14.346993446350098
0,176,5,415,14.042250633239746
0,176,6,2556,14.038764953613281
0,176,7,629,13.985162734985352
0,176,8,1645,13.735164642333984
0,176,9,1044,13.634323120117188
0,176,10,2713,13.622919082641602
0,177,1,1708,15.411160469055176
0,177,2,1650,14.910843849182129
0,177,3,674,14.584473609924316
0,177,4,1267,14.428791046142578
0,177,5,1287,14.41435432434082
0,177,6,1142,14.190357208251953
0,177,7,415,14.016685485839844
0,177,8,611,13.99258804321289
0,177,9,426,13.830204010009766
0,177,10,129,13.826428413391113
0,178,1,1708,15.481473922729492
0,178,2,1267,15.168733596801758
0,178,3,1287,15.152484893798828
0,178,4,415,14.60521125793457
0,178,5,1142,14.569653511047363
0,178,6,629,14.320441246032715
0,178,7,1650,14.304058074951172
0,178,8,2920,14.259376525878906
0,178,9,1645,14.113085746765137
0,178,10,611,13.992781639099121
0,179,1,1708,15.862736701965332
0,179,2,1044,15.798301696777344
0,179,3,2143,15.705181121826172
0,179,4,674,15.378064155578613
0,179,5,556,15.143854141235352
0,179,6,2238,14.877019882202148
0,179,7,2951,14.800409317016602
0,179,8,692,14.580280303955078
0,179,9,2556,14.568489074707031
0,179,10,2521,14.501447677612305
0,180,1,1142,15.773886680603027
0,180,2,2143,14.885763168334961
0,180,3,1708,14.784676551818848
0,180,4,674,14.693561553955078
0,180,5,572,14.260940551757812
0,180,6,556,14.080741882324219
0,180,7,2238,13.854927062988281
0,180,8,2951,13.82470703125
0,180,9,2073,13.809101104736328
0,180,10,2556,13.770284652709961
0,181,1,2143,16.0316104888916
0,181,2,1645,15.882134437561035
0,181,3,674,15.473209381103516
0,181,4,556,15.349400520324707
0,181,5,2238,14.91119384765625
0,181,6,2951,14.83656120300293
0,181,7,2073,14.699892044067383
0,181,8,689,14.649593353271484
0,181,9,2556,14.643219947814941
0,181,10,1569,14.55293083190918
0,182,1,426,15.720541000366211
0,182,2,1267,15.632006645202637
0,182,3,2143,15.614839553833008
0,182,4,629,15.345728874206543
0,182,5,556,15.179899215698242
0,182,6,2073,14.86217212677002
0,182,7,689,14.847677230834961
0,182,8,1754,14.830338478088379
0,182,9,193,14.80634593963623
0,182,10,611,14.793924331665039
0,183,1,1235,15.936049461364746
0,183,2,1044,15.196722030639648
0,183,3,1708,15.137946128845215
0,183,4,1287,15.131975173950195
0,183,5,1429,14.984911918640137
0,183,6,1267,14.97319221496582
0,183,7,556,14.860292434692383
0,183,8,2237,14.577469825744629
0,183,9,1142,14.562649726867676
0,183,10,2832,14.327466011047363
0,184,1,1708,17.217178344726562
0,184,2,1044,17.071475982666016
0,184,3,1287,16.79576873779297
0,184,4,2108,16.699758529663086
0,184,5,2237,16.53965187072754
0,184,6,1295,16.52667236328125
0,184,7,556,16.43649673461914
0,184,8,1267,16.359699249267578
0,184,9,1142,16.234691619873047
0,184,10,426,16.231464385986328
0,185,1,1708,16.153297424316406
0,185,2,1044,16.032978057861328
0,185,3,2237,15.881025314331055
0,185,4,1287,15.841314315795898
0,185,5,3015,15.701675415039062
0,185,6,2897,15.683456420898438
0,185,7,556,15.590751647949219
0,185,8,2108,15.57847785949707
0,185,9,1267,15.523364067077637
0,185,10,2134,15.329599380493164
0,186,1,1287,16.056737899780273
0,186,2,1708,16.039161682128906
0,186,3,1267,15.791067123413086
0,186,4,1044,15.523797035217285
0,186,5,1142,15.443075180053711
0,186,6,415,15.137956619262695
0,186,7,1720,14.98314094543457
0,186,8,556,14.920980453491211
0,186,9,629,14.880382537841797
0,186,10,2957,14.733797073364258
0,187,1,2347,11.302342414855957
0,187,2,415,11.10399055480957
0,187,3,1754,11.095870971679688
0,187,4,1708,11.036476135253906
0,187,5,500,10.987045288085938
0,187,6,193,10.98322868347168
0,187,7,559,10.90646743774414
0,187,8,1235,10.877091407775879
0,187,9,3054,10.742840766906738
0,187,10,1287,10.734375
0,188,1,2237,12.424588203430176
0,188,2,415,11.753999710083008
0,188,3,1267,11.442981719970703
0,188,4,1708,11.427301406860352
0,188,5,2134,11.336240768432617
0,188,6,611,11.200845718383789
0,188,7,1287,11.126476287841797
0,188,8,2347,11.03842830657959
0,188,9,3054,10.982521057128906
0,188,10,498,10.926790237426758
0,189,1,2347,11.206003189086914
0,189,2,559,10.393852233886719
0,189,3,2134,10.359134674072266
0,189,4,415,10.231579780578613
0,189,5,498,10.092391967773438
0,189,6,3054,10.091411590576172
0,189,7,1521,9.967072486877441
0,189,8,612,9.936429977416992
0,189,9,1708,9.851622581481934
0,189,10,611,9.695216178894043
0,190,1,1339,11.54140853881836
0,190,2,2347,10.798171997070312
0,190,3,559,10.187129974365234
0,190,4,415,10.047292709350586
0,190,5,3054,9.999107360839844
0,190,6,498,9.990880012512207
0,190,7,611,9.834737777709961
0,190,8,612,9.762870788574219
0,190,9,1708,9.695234298706055
0,190,10,1521,9.689311981201172
0,191,1,1858,11.144243240356445
0,191,2,2594,10.125736236572266
0,191,3,1502,9.991582870483398
0,191,4,1833,9.207498550415039
0,191,5,559,9.174535751342773
0,191,6,1521,9.041135787963867
0,191,7,3054,9.038957595825195
0,191,8,498,9.008337020874023
0,191,9,1538,8.943696975708008
0,191,10,1525,8.848267555236816
0,192,1,1665,8.347877502441406
0,192,2,128,7.025608062744141
0,192,3,950,7.009613990783691
0,192,4,2933,6.925314903259277
0,192,5,2892,6.898361682891846
0,192,6,2432,6.845836639404297
0,192,7,2695,6.796921730041504
0,192,8,1063,6.729304313659668
0,192,9,1691,6.724802494049072
0,192,10,2302,6.686434745788574
0,194,1,1665,12.528348922729492
0,194,2,1946,11.575833320617676
0,194,3,542,11.075090408325195
0,194,4,1502,10.774421691894531
0,194,5,1538,10.155912399291992
0,194,6,2405,10.110377311706543
0,194,7,1521,10.038190841674805
0,194,8,852,10.036300659179688
0,194,9,1833,10.016805648803711
0,194,10,559,10.000273704528809
0,195,1,747,11.969435691833496
0,195,2,1208,11.60244369506836
0,195,3,3009,11.585500717163086
0,195,4,2754,11.309714317321777
0,195,5,2788,11.283920288085938
0,195,6,430,11.020219802856445
0,195,7,1669,11.00275707244873
0,195,8,221,10.93012523651123
0,195,9,1502,10.838836669921875
0,195,10,2099,10.741151809692383
0,196,1,2674,10.303008079528809
0,196,2,747,9.946464538574219
0,196,3,2581,9.922608375549316
0,196,4,480,9.905792236328125
0,196,5,2740,9.88524055480957
0,196,6,1208,9.781820297241211
0,196,7,2352,9.65727710723877
0,196,8,1546,9.478732109069824
0,196,9,2111,9.443435668945312
0,196,10,430,9.399103164672852
0,197,1,2674,11.010822296142578
0,197,2,747,10.757403373718262
0,197,3,1208,10.611124038696289
0,197,4,2706,10.584661483764648
0,197,5,2581,10.28238582611084
0,197,6,430,10.268043518066406
0,197,7,1442,10.234883308410645
0,197,8,2754,10.107346534729004
0,197,9,3009,10.077532768249512
0,197,10,2788,10.014288902282715
0,198,1,747,10.35771656036377
0,198,2,2754,10.050983428955078
0,198,3,1208,10.013300895690918
0,198,4,1730,9.869216918945312
0,198,5,2788,9.80809211730957
0,198,6,1300,9.679914474487305
0,198,7,430,9.55990982055664
0,198,8,1127,9.412431716918945
0,198,9,3009,9.406320571899414
0,198,10,2706,9.329923629760742
0,199,1,572,9.693571090698242
0,199,2,1730,9.249466896057129
0,199,3,1127,9.173544883728027
0,199,4,2170,9.13796329498291
0,199,5,121,9.119905471801758
0,199,6,1400,9.102945327758789
0,199,7,1300,9.090911865234375
0,199,8,674,9.073451042175293
0,199,9,2581,9.031248092651367
0,199,10,2197,8.971840858459473
0,200,1,2595,12.101621627807617
0,200,2,572,11.947221755981445
0,200,3,1673,11.91988754272461
0,200,4,2938,11.915544509887695
0,200,5,189,10.782966613769531
0,200,6,108,10.682804107666016
0,200,7,1659,10.458218574523926
0,200,8,2708,10.296538352966309
0,200,9,1945,10.263420104980469
0,200,10,96,10.087798118591309
0,201,1,2595,11.619678497314453
0,201,2,2938,11.515871047973633
0,201,3,572,11.509449005126953
0,201,4,1673,11.462888717651367
0,201,5,189,10.448663711547852
0,201,6,108,10.332559585571289
0,201,7,1659,10.080026626586914
0,201,8,2708,9.907256126403809
0,201,9,1945,9.889001846313477
0,201,10,1650,9.768623352050781
0,202,1,572,11.085996627807617
0,202,2,2938,10.786709785461426
0,202,3,1817,10.596885681152344
0,202,4,2595,10.529114723205566
0,202,5,1673,10.400876998901367
0,202,6,2658,10.2620849609375
0,202,7,1007,10.153120040893555
0,202,8,108,9.969932556152344
0,202,9,1659,9.644172668457031
0,202,10,189,9.630473136901855
0,203,1,572,11.135255813598633
0,203,2,674,10.55516242980957
0,203,3,1287,10.292032241821289
0,203,4,1267,10.216416358947754
0,203,5,1708,10.211315155029297
0,203,6,1569,10.19902229309082
0,203,7,2073,10.198654174804688
0,203,8,2708,10.117444038391113
0,203,9,415,9.922829627990723
0,203,10,2938,9.910884857177734
0,204,1,2352,9.66911506652832
0,204,2,2581,9.589883804321289
0,204,3,2706,9.19710636138916
0,204,4,2111,9.061138153076172
0,204,5,480,9.056798934936523
0,204,6,2742,8.954402923583984
0,204,7,1380,8.886798858642578
0,204,8,701,8.77737808227539
0,204,9,49,8.734561920166016
0,204,10,1913,8.71501350402832
0,205,1,747,10.865256309509277
0,205,2,1597,10.479414939880371
0,205,3,1113,10.025959968566895
0,205,4,540,9.953972816467285
0,205,5,1592,9.949502944946289
0,205,6,2674,9.916035652160645
0,205,7,1189,9.841120719909668
0,205,8,2969,9.771346092224121
0,205,9,2343,9.556694984436035
0,205,10,2140,9.556451797485352
0,206,1,2754,14.591178894042969
0,206,2,1597,13.9707670211792
0,206,3,1016,13.221470832824707
0,206,4,2343,13.166790008544922
0,206,5,168,13.162151336669922
0,206,6,315,12.58547592163086
0,206,7,540,12.527795791625977
0,206,8,1113,12.367410659790039
0,206,9,2899,12.328990936279297
0,206,10,430,12.19267463684082
0,207,1,2674,10.539083480834961
0,207,2,1597,9.895219802856445
0,207,3,2228,9.645538330078125
0,207,4,1190,9.592294692993164
0,207,5,2740,9.462602615356445
0,207,6,540,9.139941215515137
0,207,7,1113,9.062170028686523
0,207,8,264,9.05146598815918
0,207,9,2706,9.024150848388672
0,207,10,3009,8.986084938049316
0,208,1,1597,14.265515327453613
0,208,2,1016,13.64350700378418
0,208,3,2343,13.61916732788086
0,208,4,2674,13.355363845825195
0,208,5,2740,12.94205379486084
0,208,6,3009,12.864105224609375
0,208,7,540,12.827625274658203
0,208,8,1113,12.646669387817383
0,208,9,2899,12.60821533203125
0,208,10,315,12.428876876831055
0,209,1,2923,10.482959747314453
0,209,2,2513,9.79539966583252
0,209,3,2757,9.716434478759766
0,209,4,974,9.695694923400879
0,209,5,1884,9.141120910644531
0,209,6,248,9.123297691345215
0,209,7,112,8.756681442260742
0,209,8,113,8.710616111755371
0,209,9,106,8.672283172607422
0,209,10,201,8.643328666687012
0,210,1,1070,8.627795219421387
0,210,2,63,7.902130126953125
0,210,3,1265,7.768138885498047
0,210,4,504,7.659066200256348
0,210,5,2525,7.493610382080078
0,210,6,289,7.484427452087402
0,210,7,2324,7.444596290588379
0,210,8,701,7.417574882507324
0,210,9,1015,7.4110517501831055
0,210,10,259,7.400146007537842
0,211,1,906,9.632936477661133
0,211,2,1409,9.32288932800293
0,211,3,974,8.858434677124023
0,211,4,2674,8.434913635253906
0,211,5,106,8.11270523071289
0,211,6,2311,7.925286293029785
0,211,7,2486,7.883147239685059
0,211,8,1167,7.785482883453369
0,211,9,506,7.776569843292236
0,211,10,168,7.764219284057617
0,212,1,1070,10.551362991333008
0,212,2,1978,10.439190864562988
0,212,3,784,9.951884269714355
0,212,4,2562,9.623605728149414
0,212,5,270,9.595610618591309
0,212,6,701,9.433836936950684
0,212,7,2697,9.307249069213867
0,212,8,3048,9.2623291015625
0,212,9,2869,9.258058547973633
0,212,10,1180,9.070932388305664
0,214,1,2802,10.770397186279297
0,214,2,906,10.399331092834473
0,214,3,1651,9.35352611541748
0,214,4,106,9.005263328552246
0,214,5,356,8.6757230758667
0,214,6,2674,8.50811767578125
0,214,7,2486,8.421428680419922
0,214,8,2311,8.409833908081055
0,214,9,1167,8.364761352539062
0,214,10,506,8.343130111694336
0,215,1,5,10.265377044677734
0,215,2,906,9.9570894241333
0,215,3,1651,9.07902717590332
0,215,4,356,8.347127914428711
0,215,5,1293,7.941949844360352
0,215,6,168,7.869174957275391
0,215,7,2674,7.86319637298584
0,215,8,742,7.830907344818115
0,215,9,248,7.717717170715332
0,215,10,1167,7.643349647521973
0,216,1,906,10.105688095092773
0,216,2,886,9.886165618896484
0,216,3,1651,9.097203254699707
0,216,4,2674,8.601190567016602
0,216,5,106,8.227983474731445
0,216,6,356,8.180741310119629
0,216,7,248,7.939061164855957
0,216,8,168,7.885691165924072
0,216,9,1167,7.822467803955078
0,216,10,2311,7.774844169616699
0,217,1,2562,11.628999710083008
0,217,2,2697,11.505599975585938
0,217,3,617,11.478643417358398
0,217,4,622,11.1339693069458
0,217,5,2869,11.127240180969238
0,217,6,1266,11.10667610168457
0,217,7,168,11.042075157165527
0,217,8,1265,11.037883758544922
0,217,9,2322,10.983997344970703
0,217,10,2440,10.963432312011719
0,218,1,1265,11.093973159790039
0,218,2,2562,11.08816146850586
0,218,3,617,11.058326721191406
0,218,4,270,10.965700149536133
0,218,5,2697,10.87124252319336
0,218,6,2322,10.801149368286133
0,218,7,2869,10.596569061279297
0,218,8,1070,10.515657424926758
0,218,9,1978,10.508604049682617
0,218,10,622,10.490013122558594
0,219,1,1265,10.427553176879883
0,219,2,2562,10.400627136230469
0,219,3,2697,10.081058502197266
0,219,4,622,9.974077224731445
0,219,5,2869,9.961636543273926
0,219,6,1266,9.909415245056152
0,219,7,1070,9.880401611328125
0,219,8,1978,9.723665237426758
0,219,9,2574,9.710874557495117
0,219,10,2440,9.569100379943848
0,221,1,1685,10.011113166809082
0,221,2,194,9.496726989746094
0,221,3,2769,9.467564582824707
0,221,4,2590,9.426761627197266
0,221,5,2140,9.331047058105469
0,221,6,271,9.285738945007324
0,221,7,289,9.192848205566406
0,221,8,852,9.095476150512695
0,221,9,1558,9.073324203491211
0,221,10,2772,8.93185806274414
0,222,1,597,10.710347175598145
0,222,2,289,10.08814811706543
0,222,3,2140,9.787342071533203
0,222,4,1265,9.730642318725586
0,222,5,194,9.572351455688477
0,222,6,2769,9.475252151489258
0,222,7,2590,9.46429443359375
0,222,8,2708,9.347920417785645
0,222,9,504,9.34659194946289
0,222,10,1558,9.172528266906738
0,223,1,1070,11.151748657226562
0,223,2,1685,10.486106872558594
0,223,3,194,9.619963645935059
0,223,4,2769,9.582504272460938
0,223,5,2590,9.558658599853516
0,223,6,2140,9.494353294372559
0,223,7,271,9.298200607299805
0,223,8,1558,9.279145240783691
0,223,9,852,9.183066368103027
0,223,10,289,9.008211135864258
0,225,1,1287,13.491434097290039
0,225,2,1267,13.438578605651855
0,225,3,2938,13.402173042297363
0,225,4,629,13.030743598937988
0,225,5,1044,12.854114532470703
0,225,6,1142,12.758698463439941
0,225,7,1817,12.728391647338867
0,225,8,2595,12.640156745910645
0,225,9,674,12.599196434020996
0,225,10,1708,12.526986122131348
0,226,1,572,14.635814666748047
0,226,2,2478,13.321187973022461
0,226,3,1817,12.819616317749023
0,226,4,1612,12.395376205444336
0,226,5,597,11.795854568481445
0,226,6,2143,11.644474029541016
0,226,7,1028,11.55113410949707
0,226,8,629,11.492147445678711
0,226,9,2482,11.41418743133545
0,226,10,534,11.407949447631836
0,227,1,2478,13.539712905883789
0,227,2,1817,12.608089447021484
0,227,3,2622,12.352311134338379
0,227,4,1612,12.201129913330078
0,227,5,597,12.010639190673828
0,227,6,629,11.885534286499023
0,227,7,2143,11.870840072631836
0,227,8,1267,11.745426177978516
0,227,9,1287,11.487839698791504
0,227,10,534,11.474802017211914
0,228,1,2708,9.938573837280273
0,228,2,1945,9.427361488342285
0,228,3,2478,9.300487518310547
0,228,4,2622,9.086841583251953
0,228,5,597,8.87777042388916
0,228,6,1267,8.79633903503418
0,228,7,674,8.734922409057617
0,228,8,1287,8.720909118652344
0,228,9,629,8.719655990600586
0,228,10,1817,8.695383071899414
0,229,1,2938,11.033761024475098
0,229,2,2143,9.816780090332031
0,229,3,572,9.561338424682617
0,229,4,675,9.432303428649902
0,229,5,1681,9.412986755371094
0,229,6,766,9.225494384765625
0,229,7,1612,9.217729568481445
0,229,8,857,9.058341979980469
0,229,9,2482,9.029443740844727
0,229,10,534,8.976305961608887
0,230,1,509,12.390792846679688
0,230,2,2990,12.076549530029297
0,230,3,416,11.900146484375
0,230,4,1160,11.8723783493042
0,230,5,1465,11.812810897827148
0,230,6,1484,11.54722785949707
0,230,7,483,11.528472900390625
0,230,8,1111,11.346624374389648
0,230,9,38,11.340997695922852
0,230,10,1817,11.166448593139648
0,231,1,416,12.145692825317383
0,231,2,1465,11.73436164855957
0,231,3,38,11.570440292358398
0,231,4,1111,11.512079238891602
0,231,5,1632,11.159696578979492
0,231,6,483,11.056629180908203
0,231,7,2595,10.913317680358887
0,231,8,30,10.864104270935059
0,231,9,1160,10.667459487915039
0,231,10,2303,10.623556137084961
0,232,1,2165,13.263557434082031
0,232,2,1484,11.88558578491211
0,232,3,416,11.79197883605957
0,232,4,483,11.432841300964355
0,232,5,38,11.42721176147461
0,232,6,1160,11.368967056274414
0,232,7,2595,11.365158081054688
0,232,8,1465,11.362043380737305
0,232,9,1111,11.10557746887207
0,232,10,1673,10.973112106323242
0,233,1,2165,13.097137451171875
0,233,2,509,11.97962760925293
0,233,3,416,11.61166763305664
0,233,4,38,11.234400749206543
0,233,5,483,11.002864837646484
0,233,6,1465,10.999350547790527
0,233,7,1111,10.868241310119629
0,233,8,1160,10.793984413146973
0,233,9,2595,10.664093971252441
0,233,10,2303,10.508478164672852
0,234,1,2108,13.58269214630127
0,234,2,2165,12.710610389709473
0,234,3,2558,12.649219512939453
0,234,4,1102,12.648504257202148
0,234,5,641,12.576183319091797
0,234,6,2599,12.556604385375977
0,234,7,2607,12.553152084350586
0,234,8,2194,12.54043197631836
0,234,9,2082,12.523574829101562
0,234,10,1044,12.430424690246582
0,235,1,2108,10.905323028564453
0,235,2,2165,10.859349250793457
0,235,3,1044,10.778575897216797
0,235,4,2558,10.130376815795898
0,235,5,1267,10.103386878967285
0,235,6,1287,10.074603080749512
0,235,7,38,10.06521987915039
0,235,8,1102,10.047255516052246
0,235,9,641,10.04666519165039
0,235,10,2607,10.005448341369629
0,236,1,1465,11.5773344039917
0,236,2,2165,10.750005722045898
0,236,3,1160,10.564363479614258
0,236,4,2108,10.30285358428955
0,236,5,509,9.97220230102539
0,236,6,1044,9.873494148254395
0,236,7,38,9.86259651184082
0,236,8,2412,9.741485595703125
0,236,9,2558,9.632631301879883
0,236,10,2490,9.582378387451172
0,237,1,2141,11.36882209777832
0,237,2,520,11.226038932800293
0,237,3,2180,11.204069137573242
0,237,4,398,11.103765487670898
0,237,5,2100,11.071344375610352
0,237,6,359,10.991159439086914
0,237,7,2165,10.889135360717773
0,237,8,2143,10.81939697265625
0,237,9,717,10.760257720947266
0,237,10,2118,10.659749031066895
0,239,1,1465,13.58272933959961
0,239,2,520,13.546087265014648
0,239,3,2100,13.371371269226074
0,239,4,1708,13.276978492736816
0,239,5,2141,13.145421981811523
0,239,6,398,13.130606651306152
0,239,7,2143,13.039466857910156
0,239,8,1044,13.014898300170898
0,239,9,426,12.86223316192627
0,239,10,1142,12.789632797241211
0,240,1,1893,16.86744499206543
0,240,2,520,16.64850616455078
0,240,3,2100,16.481903076171875
0,240,4,2180,16.28668212890625
0,240,5,1654,15.603414535522461
0,240,6,359,15.510777473449707
0,240,7,398,15.464245796203613
0,240,8,717,15.124568939208984
0,240,9,793,14.992533683776855
0,240,10,1615,14.873531341552734
0,241,1,520,17.259366989135742
0,241,2,2100,17.074153900146484
0,241,3,2180,16.776052474975586
0,241,4,2009,16.436193466186523
0,241,5,398,15.868938446044922
0,241,6,359,15.633907318115234
0,241,7,447,15.591278076171875
0,241,8,717,15.2920503616333
0,241,9,2141,15.204126358032227
0,241,10,1160,14.924905776977539
0,242,1,2118,18.67377471923828
0,242,2,520,17.572967529296875
0,242,3,2100,17.39551544189453
0,242,4,1893,17.363794326782227
0,242,5,2180,17.359458923339844
0,242,6,1413,17.179325103759766
0,242,7,398,16.38863754272461
0,242,8,2141,15.673471450805664
0,242,9,359,15.539989471435547
0,242,10,2270,15.460390090942383
0,243,1,2118,19.470138549804688
0,243,2,520,18.351503372192383
0,243,3,2180,18.259151458740234
0,243,4,2100,18.176679611206055
0,243,5,1413,17.740020751953125
0,243,6,398,17.100467681884766
0,243,7,1160,16.925886154174805
0,243,8,359,16.620729446411133
0,243,9,1615,16.590543746948242
0,243,10,2141,16.430648803710938
0,244,1,2270,13.021123886108398
0,244,2,1456,12.513439178466797
0,244,3,283,12.066277503967285
0,244,4,2118,12.037881851196289
0,244,5,97,11.945887565612793
0,244,6,1893,11.817252159118652
0,244,7,508,11.752263069152832
0,244,8,520,11.673873901367188
0,244,9,2100,11.645925521850586
0,244,10,2345,11.406942367553711
0,245,1,2118,16.71611976623535
0,245,2,520,16.5154972076416
0,245,3,2100,16.361623764038086
0,245,4,2180,15.738656044006348
0,245,5,2345,15.524497985839844
0,245,6,359,15.331107139587402
0,245,7,2009,15.121131896972656
0,245,8,1654,15.093879699707031
0,245,9,2270,15.055770874023438
0,245,10,398,15.021933555603027
0,246,1,1456,11.842145919799805
0,246,2,97,11.488661766052246
0,246,3,283,11.384891510009766
0,246,4,1802,11.011534690856934
0,246,5,732,10.784937858581543
0,246,6,2259,10.752645492553711
0,246,7,1310,10.575395584106445
0,246,8,2306,10.496118545532227
0,246,9,2162,10.290748596191406
0,246,10,1374,10.270526885986328
0,247,1,2270,9.886763572692871
0,247,2,1650,8.82783317565918
0,247,3,738,8.827791213989258
0,247,4,14,8.698745727539062
0,247,5,2302,8.65125846862793
0,247,6,2745,8.364524841308594
0,247,7,1091,8.35053539276123
0,247,8,424,8.343572616577148
0,247,9,1427,8.339820861816406
0,247,10,1502,8.329684257507324
0,248,1,2100,10.418166160583496
0,248,2,520,10.393684387207031
0,248,3,424,10.12520980834961
0,248,4,971,10.073163986206055
0,248,5,398,9.96129322052002
0,248,6,81,9.748827934265137
0,248,7,1809,9.726483345031738
0,248,8,1270,9.703675270080566
0,248,9,359,9.645978927612305
0,248,10,2118,9.589735984802246
0,249,1,1310,10.777982711791992
0,249,2,656,10.282600402832031
0,249,3,2100,10.253870010375977
0,249,4,520,10.233922004699707
0,249,5,424,10.185420989990234
0,249,6,2118,9.910932540893555
0,249,7,398,9.890267372131348
0,249,8,479,9.806663513183594
0,249,9,1613,9.79193115234375
0,249,10,1615,9.731955528259277
0,250,1,2270,10.271125793457031
0,250,2,283,9.644092559814453
0,250,3,656,9.141560554504395
0,250,4,1121,9.074769020080566
0,250,5,1682,8.914788246154785
0,250,6,1278,8.78536319732666
0,250,7,185,8.694356918334961
0,250,8,1212,8.614435195922852
0,250,9,1802,8.573516845703125
0,250,10,2664,8.568416595458984
0,251,1,208,10.798322677612305
0,251,2,2476,10.587867736816406
0,251,3,1691,10.506967544555664
0,251,4,289,10.278924942016602
0,251,5,2127,10.193132400512695
0,251,6,563,9.692340850830078
0,251,7,402,9.545671463012695
0,251,8,2258,9.519739151000977
0,251,9,2366,9.421798706054688
0,251,10,2848,9.31687068939209
0,252,1,2297,8.741541862487793
0,252,2,664,8.1624755859375
0,252,3,194,8.094511985778809
0,252,4,2769,7.948767185211182
0,252,5,2476,7.909071922302246
0,252,6,2590,7.777096271514893
0,252,7,1015,7.7453508377075195
0,252,8,1070,7.705148696899414
0,252,9,44,7.672774314880371
0,252,10,1978,7.584324836730957
0,253,1,998,8.721160888671875
0,253,2,208,8.709624290466309
0,253,3,2476,8.57669448852539
0,253,4,1691,8.527581214904785
0,253,5,44,8.165862083435059
0,253,6,563,8.148332595825195
0,253,7,2127,8.06992244720459
0,253,8,194,8.063774108886719
0,253,9,2769,7.898694038391113
0,253,10,1502,7.851533889770508
0,254,1,2476,7.707042694091797
0,254,2,664,7.644481182098389
0,254,3,194,7.270597457885742
0,254,4,1015,7.225892543792725
0,254,5,1691,7.219595909118652
0,254,6,208,7.148654937744141
0,254,7,2769,6.9173383712768555
0,254,8,2590,6.813651084899902
0,254,9,2127,6.783476829528809
0,254,10,1558,6.764438152313232
0,255,1,653,9.911175727844238
0,255,2,2297,9.880974769592285
0,255,3,563,9.28253173828125
0,255,4,2476,9.12144947052002
0,255,5,1015,8.954665184020996
0,255,6,1070,8.825716972351074
0,255,7,2801,8.818920135498047
0,255,8,44,8.811591148376465
0,255,9,1691,8.792473793029785
0,255,10,208,8.787561416625977
0,256,1,504,8.574618339538574
0,256,2,2297,8.45976734161377
0,256,3,194,7.720160007476807
0,256,4,563,7.6956377029418945
0,256,5,1978,7.69343376159668
0,256,6,2769,7.6468024253845215
0,256,7,2093,7.565652847290039
0,256,8,1015,7.534658908843994
0,256,9,787,7.423492431640625
0,256,10,1070,7.399335861206055
0,257,1,273,13.313608169555664
0,257,2,787,13.04017448425293
0,257,3,259,12.968483924865723
0,257,4,12,12.932662963867188
0,257,5,1978,12.8043212890625
0,257,6,44,12.670705795288086
0,257,7,1716,12.577563285827637
0,257,8,1070,12.149230003356934
0,257,9,1376,12.046310424804688
0,257,10,183,11.99461841583252
0,258,1,273,11.389473915100098
0,258,2,2743,11.141571044921875
0,258,3,1716,10.809316635131836
0,258,4,1978,10.750351905822754
0,258,5,852,10.389827728271484
0,258,6,2328,10.347782135009766
0,258,7,2093,10.154817581176758
0,258,8,939,10.074052810668945
0,258,9,2590,10.05338191986084
0,258,10,1070,10.02055549621582
0,259,1,12,12.861381530761719
0,259,2,44,12.745687484741211
0,259,3,259,12.690312385559082
0,259,4,787,12.665390014648438
0,259,5,1716,12.579376220703125
0,259,6,1978,12.34980583190918
0,259,7,1070,11.573541641235352
0,259,8,701,11.513436317443848
0,259,9,1907,11.495088577270508
0,259,10,49,11.41538143157959
0,260,1,1978,11.729072570800781
0,260,2,2324,11.182269096374512
0,260,3,664,11.167526245117188
0,260,4,289,11.132339477539062
0,260,5,504,11.08342170715332
0,260,6,1070,11.042821884155273
0,260,7,998,10.960765838623047
0,260,8,44,10.93371868133545
0,260,9,1376,10.931245803833008
0,260,10,183,10.872901916503906
0,261,1,1716,12.051403045654297
0,261,2,1978,11.728202819824219
0,261,3,2769,11.669754028320312
0,261,4,2429,11.333645820617676
0,261,5,701,11.222831726074219
0,261,6,2328,11.20207691192627
0,261,7,2590,11.189484596252441
0,261,8,1070,11.18345832824707
0,261,9,653,11.097936630249023
0,261,10,49,11.065937995910645
0,262,1,1978,13.663559913635254
0,262,2,701,13.148782730102539
0,262,3,2769,12.979637145996094
0,262,4,1070,12.913779258728027
0,262,5,49,12.842644691467285
0,262,6,1380,12.817703247070312
0,262,7,105,12.529373168945312
0,262,8,869,12.518232345581055
0,262,9,2772,12.438374519348145
0,262,10,2640,12.39660358428955
0,263,1,273,11.849007606506348
0,263,2,12,11.64213752746582
0,263,3,1716,11.497961044311523
0,263,4,2743,11.4497709274292
0,263,5,701,11.407604217529297
0,263,6,49,11.156756401062012
0,263,7,1380,11.138466835021973
0,263,8,1978,11.004035949707031
0,263,9,2769,10.978671073913574
0,263,10,2274,10.801204681396484
0,264,1,2274,13.721111297607422
0,264,2,1383,13.404668807983398
0,264,3,2212,13.369083404541016
0,264,4,1875,13.309333801269531
0,264,5,1159,13.127695083618164
0,264,6,2352,13.047866821289062
0,264,7,105,13.040928840637207
0,264,8,2578,12.791614532470703
0,264,9,2761,12.790597915649414
0,264,10,2603,12.759825706481934
0,265,1,701,15.131139755249023
0,265,2,49,14.801068305969238
0,265,3,1380,14.59230899810791
0,265,4,1180,14.403543472290039
0,265,5,1875,14.220874786376953
0,265,6,2212,14.128787994384766
0,265,7,2578,13.745674133300781
0,265,8,105,13.705362319946289
0,265,9,2761,13.652776718139648
0,265,10,122,13.368730545043945
0,266,1,1380,14.502706527709961
0,266,2,2212,14.053117752075195
0,266,3,1875,14.01768970489502
0,266,4,1159,13.843169212341309
0,266,5,2761,13.747295379638672
0,266,6,2603,13.514226913452148
0,266,7,2352,13.494303703308105
0,266,8,2710,13.493171691894531
0,266,9,2578,13.29913330078125
0,266,10,122,12.940359115600586
0,267,1,701,15.555413246154785
0,267,2,2274,15.161266326904297
0,267,3,1180,14.961463928222656
0,267,4,1875,14.942291259765625
0,267,5,2710,14.139518737792969
0,267,6,2761,14.02033805847168
0,267,7,2352,14.01533317565918
0,267,8,2578,13.998066902160645
0,267,9,105,13.862785339355469
0,267,10,480,13.688247680664062
0,268,1,2274,15.557188034057617
0,268,2,1180,15.505267143249512
0,268,3,2212,15.345876693725586
0,268,4,1875,15.228433609008789
0,268,5,1159,14.833072662353516
0,268,6,2603,14.722972869873047
0,268,7,2352,14.538856506347656
0,268,8,2578,14.39027214050293
0,268,9,2710,14.353438377380371
0,268,10,2761,14.296595573425293
0,269,1,3048,16.626541137695312
0,269,2,2274,16.525558471679688
0,269,3,2212,16.459142684936523
0,269,4,1875,16.42595672607422
0,269,5,2640,16.221818923950195
0,269,6,869,15.529948234558105
0,269,7,105,15.447304725646973
0,269,8,2578,15.068124771118164
0,269,9,1978,15.026887893676758
0,269,10,2710,14.95801830291748
0,271,1,49,14.429494857788086
0,271,2,1875,14.371349334716797
0,271,3,2640,14.110220909118652
0,271,4,1383,13.935256958007812
0,271,5,3048,13.846658706665039
0,271,6,122,13.789734840393066
0,271,7,2173,13.62971305847168
0,271,8,2352,13.499615669250488
0,271,9,480,13.184386253356934
0,271,10,105,12.924932479858398
0,272,1,701,15.231891632080078
0,272,2,2274,14.77677059173584
0,272,3,49,14.616413116455078
0,272,4,1875,14.507119178771973
0,272,5,2640,14.14477825164795
0,272,6,3048,14.012433052062988
0,272,7,2710,13.620288848876953
0,272,8,105,13.318914413452148
0,272,9,2578,13.219779968261719
0,272,10,869,13.143096923828125
0,273,1,701,12.938520431518555
0,273,2,49,12.899914741516113
0,273,3,2352,12.622093200683594
0,273,4,1380,12.59300422668457
0,273,5,2640,12.589567184448242
0,273,6,3048,12.575679779052734
0,273,7,480,12.490852355957031
0,273,8,2578,12.33181095123291
0,273,9,1383,12.283089637756348
0,273,10,1875,12.192571640014648
0,274,1,49,13.691396713256836
0,274,2,2212,13.334209442138672
0,274,3,2640,13.175352096557617
0,274,4,1383,13.168340682983398
0,274,5,3048,12.756766319274902
0,274,6,105,12.64346694946289
0,274,7,869,12.322000503540039
0,274,8,585,12.295759201049805
0,274,9,65,12.157797813415527
0,274,10,2761,12.12769889831543
0,276,1,480,11.950292587280273
0,276,2,2578,11.906630516052246
0,276,3,122,11.843550682067871
0,276,4,663,11.819515228271484
0,276,5,2352,11.789141654968262
0,276,6,1910,11.747583389282227
0,276,7,2581,11.73903751373291
0,276,8,2280,11.441228866577148
0,276,9,192,11.344221115112305
0,276,10,2111,11.305420875549316
0,278,1,2578,12.079177856445312
0,278,2,480,11.870447158813477
0,278,3,2352,11.662038803100586
0,278,4,2628,11.386487007141113
0,278,5,2581,11.178674697875977
0,278,6,2280,11.077341079711914
0,278,7,2997,10.957738876342773
0,278,8,1600,10.921092987060547
0,278,9,2963,10.82188892364502
0,278,10,1910,10.777009963989258
0,279,1,795,14.197525024414062
0,279,2,121,14.077728271484375
0,279,3,2580,13.799046516418457
0,279,4,1400,13.27086353302002
0,279,5,480,12.93825912475586
0,279,6,192,12.845521926879883
0,279,7,1910,12.74342155456543
0,279,8,1466,12.540483474731445
0,279,9,2352,12.533209800720215
0,279,10,1277,12.518922805786133
0,280,1,2352,10.66152572631836
0,280,2,480,10.520369529724121
0,280,3,121,10.479020118713379
0,280,4,2578,10.41366958618164
0,280,5,2197,10.183952331542969
0,280,6,1400,10.059492111206055
0,280,7,2581,9.901577949523926
0,280,8,1600,9.73701000213623
0,280,9,2111,9.434435844421387
0,280,10,2710,9.350883483886719
0,282,1,795,12.231807708740234
0,282,2,2197,11.652154922485352
0,282,3,2578,11.603509902954102
0,282,4,1400,11.57093620300293
0,282,5,122,11.345159530639648
0,282,6,663,11.102643966674805
0,282,7,1910,11.073175430297852
0,282,8,480,10.892633438110352
0,282,9,2352,10.859128952026367
0,282,10,1476,10.598130226135254
0,283,1,795,11.039027214050293
0,283,2,2580,10.977893829345703
0,283,3,2197,10.507579803466797
0,283,4,2578,10.475677490234375
0,283,5,1400,10.445381164550781
0,283,6,1910,10.22044563293457
0,283,7,663,9.994068145751953
0,283,8,122,9.96957015991211
0,283,9,1273,9.881755828857422
0,283,10,1516,9.772324562072754
0,284,1,121,10.48643684387207
0,284,2,1466,10.290573120117188
0,284,3,2628,10.16402816772461
0,284,4,2580,9.954622268676758
0,284,5,2280,9.826709747314453
0,284,6,2578,9.692763328552246
0,284,7,2197,9.672965049743652
0,284,8,2407,9.638697624206543
0,284,9,1540,9.496864318847656
0,284,10,1910,9.456498146057129
0,285,1,1437,9.834466934204102
0,285,2,553,9.83253288269043
0,285,3,2340,9.815223693847656
0,285,4,783,9.352784156799316
0,285,5,192,9.041441917419434
0,285,6,121,8.803045272827148
0,285,7,122,8.747754096984863
0,285,8,2280,8.743736267089844
0,285,9,1428,8.708239555358887
0,285,10,2628,8.702692031860352
0,286,1,1277,9.501579284667969
0,286,2,1437,8.67081069946289
0,286,3,122,8.527839660644531
0,286,4,72,8.443624496459961
0,286,5,2163,8.32455825805664
0,286,6,2007,8.218294143676758
0,286,7,2578,8.204395294189453
0,286,8,2280,8.095458984375
0,286,9,663,8.034470558166504
0,286,10,2580,7.9620490074157715
0,287,1,1437,8.805526733398438
0,287,2,2007,8.516357421875
0,287,3,122,8.452255249023438
0,287,4,2578,8.340608596801758
0,287,5,2280,8.251376152038574
0,287,6,72,8.205859184265137
0,287,7,192,8.18339729309082
0,287,8,2628,8.133771896362305
0,287,9,663,8.100493431091309
0,287,10,121,8.06260871887207
0,288,1,553,8.929156303405762
0,288,2,121,8.742982864379883
0,288,3,192,8.643378257751465
0,288,4,2580,8.553415298461914
0,288,5,2628,8.519262313842773
0,288,6,122,8.451868057250977
0,288,7,2197,8.435541152954102
0,288,8,2280,8.415852546691895
0,288,9,663,8.27847957611084
0,288,10,2340,8.239618301391602
0,289,1,480,8.447059631347656
0,289,2,1127,7.987032413482666
0,289,3,795,7.749124526977539
0,289,4,121,7.699397563934326
0,289,5,2581,7.5543317794799805
0,289,6,2352,7.537259101867676
0,289,7,645,7.510270595550537
0,289,8,2111,7.476312160491943
0,289,9,2173,7.474703788757324
0,289,10,1600,7.4604811668396
0,290,1,667,11.851856231689453
0,290,2,471,10.798290252685547
0,290,3,2368,10.789512634277344
0,290,4,2014,10.40833854675293
0,290,5,480,10.386621475219727
0,290,6,2554,10.354808807373047
0,290,7,99,10.26405143737793
0,290,8,1388,10.214250564575195
0,290,9,1341,10.207637786865234
0,290,10,1127,10.169645309448242
0,291,1,667,10.294921875
0,291,2,99,9.860934257507324
0,291,3,1388,9.82347297668457
0,291,4,2409,9.701737403869629
0,291,5,471,9.52658462524414
0,291,6,1848,9.205846786499023
0,291,7,2914,9.136083602905273
0,291,8,1407,9.129983901977539
0,291,9,2583,9.08515739440918
0,291,10,2121,9.052867889404297
0,292,1,667,11.363487243652344
0,292,2,471,10.36457633972168
0,292,3,1848,10.174074172973633
0,292,4,1407,10.114723205566406
0,292,5,99,10.107101440429688
0,292,6,1388,10.074699401855469
0,292,7,2409,9.888992309570312
0,292,8,2914,9.301797866821289
0,292,9,2368,9.298694610595703
0,292,10,1567,9.2128324508667
0,293,1,667,11.066487312316895
0,293,2,1407,10.188506126403809
0,293,3,1848,10.102938652038574
0,293,4,471,9.910841941833496
0,293,5,99,9.724983215332031
0,293,6,1388,9.713909149169922
0,293,7,2409,9.50222110748291
0,293,8,390,9.191492080688477
0,293,9,2914,8.93619155883789
0,293,10,1567,8.932474136352539
0,294,1,99,7.306560516357422
0,294,2,1388,7.292100429534912
0,294,3,2409,7.19146728515625
0,294,4,1407,7.121199607849121
0,294,5,2583,7.105605602264404
0,294,6,667,6.927863597869873
0,294,7,2914,6.613003730773926
0,294,8,2121,6.594448089599609
0,294,9,1738,6.518266677856445
0,294,10,1848,6.490634441375732
0,295,1,3018,9.143179893493652
0,295,2,865,9.143179893493652
0,295,3,2431,8.826841354370117
0,295,4,3040,7.879351615905762
0,295,5,298,7.844152450561523
0,295,6,1748,7.404440879821777
0,295,7,2869,7.303967475891113
0,295,8,432,7.253523826599121
0,295,9,1101,7.161867141723633
0,295,10,2574,7.082903861999512
0,297,1,865,7.520625591278076
0,297,2,3018,7.520625591278076
0,297,3,2616,7.270267963409424
0,297,4,3061,6.772139072418213
0,297,5,2869,6.760351181030273
0,297,6,432,6.654229164123535
0,297,7,2574,6.577164649963379
0,297,8,1490,6.497432708740234
0,297,9,298,6.317065238952637
0,297,10,1966,6.165776252746582
0,298,1,504,8.583831787109375
0,298,2,289,8.581401824951172
0,298,3,1978,8.471174240112305
0,298,4,3018,8.409039497375488
0,298,5,865,8.409039497375488
0,298,6,1265,8.279979705810547
0,298,7,998,8.11159896850586
0,298,8,2324,8.052595138549805
0,298,9,1070,7.955565452575684
0,298,10,2297,7.815720081329346
0,299,1,1070,11.438141822814941
0,299,2,1978,11.34233283996582
0,299,3,63,11.255351066589355
0,299,4,2478,10.972387313842773
0,299,5,759,10.520973205566406
0,299,6,504,10.199870109558105
0,299,7,289,10.155999183654785
0,299,8,597,10.147256851196289
0,299,9,666,10.135854721069336
0,299,10,1685,10.08151912689209
0,300,1,2754,12.41049861907959
0,300,2,747,11.55928897857666
0,300,3,2969,11.543024063110352
0,300,4,2788,11.366538047790527
0,300,5,1869,11.045022010803223
0,300,6,221,11.024664878845215
0,300,7,2228,11.004806518554688
0,300,8,2740,10.99689769744873
0,300,9,1208,10.991666793823242
0,300,10,2955,10.921354293823242
0,301,1,2754,9.800274848937988
0,301,2,1592,9.472479820251465
0,301,3,2740,8.914466857910156
0,301,4,2788,8.696290969848633
0,301,5,747,8.660296440124512
0,301,6,390,8.434592247009277
0,301,7,2228,8.369316101074219
0,301,8,221,8.357070922851562
0,301,9,2674,8.30689525604248
0,301,10,1190,8.181087493896484
0,302,1,2754,10.740303039550781
0,302,2,1597,10.678546905517578
0,302,3,1869,10.013640403747559
0,302,4,2140,9.841802597045898
0,302,5,2955,9.802632331848145
0,302,6,747,9.748575210571289
0,302,7,2228,9.469121932983398
0,302,8,2740,9.464751243591309
0,302,9,221,9.408042907714844
0,302,10,2788,9.359695434570312
0,303,1,2754,9.67344856262207
0,303,2,1398,9.26459789276123
0,303,3,272,9.247678756713867
0,303,4,1347,9.15964126586914
0,303,5,1606,9.142241477966309
0,303,6,1826,9.115299224853516
0,303,7,477,9.061973571777344
0,303,8,1678,9.019062995910645
0,303,9,2464,8.978437423706055
0,303,10,2888,8.89156723022461
0,304,1,1995,14.025516510009766
0,304,2,1811,13.446151733398438
0,304,3,562,13.374761581420898
0,304,4,2686,13.043414115905762
0,304,5,2623,13.009231567382812
0,304,6,59,12.855050086975098
0,304,7,357,12.743566513061523
0,304,8,1823,12.738483428955078
0,304,9,1116,11.709247589111328
0,304,10,1611,11.584924697875977
0,305,1,1811,11.138564109802246
0,305,2,2686,11.003490447998047
0,305,3,2974,10.703115463256836
0,305,4,2343,10.532878875732422
0,305,5,1701,10.514554023742676
0,305,6,1597,10.433332443237305
0,305,7,1678,10.399433135986328
0,305,8,272,10.385868072509766
0,305,9,1571,10.375666618347168
0,305,10,1826,10.314022064208984
0,306,1,59,12.207244873046875
0,306,2,1995,11.90977954864502
0,306,3,562,11.881566047668457
0,306,4,2686,11.325517654418945
0,306,5,1811,11.2319974899292
0,306,6,2623,11.168729782104492
0,306,7,1823,11.099470138549805
0,306,8,272,10.751867294311523
0,306,9,1826,10.741384506225586
0,306,10,1347,10.639158248901367
0,307,1,2686,14.081579208374023
0,307,2,59,14.064973831176758
0,307,3,1611,13.243590354919434
0,307,4,1116,12.908212661743164
0,307,5,455,12.155807495117188
0,307,6,1678,11.572433471679688
0,307,7,1198,11.20565414428711
0,307,8,1153,11.162223815917969
0,307,9,1826,11.043389320373535
0,307,10,272,11.028855323791504
0,308,1,1995,14.531631469726562
0,308,2,562,13.717495918273926
0,308,3,2686,13.416522026062012
0,308,4,59,13.302894592285156
0,308,5,455,11.705899238586426
0,308,6,1868,11.607769966125488
0,308,7,1221,11.425040245056152
0,308,8,984,11.054560661315918
0,308,9,1206,10.898469924926758
0,308,10,1198,10.796222686767578
0,309,1,562,13.51702880859375
0,309,2,2686,13.130702018737793
0,309,3,1823,13.024139404296875
0,309,4,455,11.318971633911133
0,309,5,1868,10.735434532165527
0,309,6,1221,10.499027252197266
0,309,7,1198,10.465266227722168
0,309,8,1678,10.009469032287598
0,309,9,315,9.977958679199219
0,309,10,1206,9.917914390563965
0,310,1,1701,14.012373924255371
0,310,2,59,13.80099105834961
0,310,3,1611,13.00865364074707
0,310,4,455,12.463067054748535
0,310,5,1198,11.926671981811523
0,310,6,1868,11.869906425476074
0,310,7,1221,11.862091064453125
0,310,8,1206,11.837557792663574
0,310,9,1990,11.597652435302734
0,310,10,984,11.551064491271973
0,311,1,2974,14.75064468383789
0,311,2,59,14.440322875976562
0,311,3,1611,13.39487075805664
0,311,4,1116,13.237911224365234
0,311,5,455,12.624689102172852
0,311,6,1990,11.940037727355957
0,311,7,1198,11.769048690795898
0,311,8,1221,11.553385734558105
0,311,9,1206,11.282929420471191
0,311,10,2173,11.14454460144043
0,312,1,1995,11.803961753845215
0,312,2,2974,11.213221549987793
0,312,3,1701,10.953853607177734
0,312,4,1571,10.880762100219727
0,312,5,1811,10.838043212890625
0,312,6,2623,10.48804759979248
0,312,7,1611,10.13840103149414
0,312,8,69,9.998636245727539
0,312,9,2173,9.886131286621094
0,312,10,1823,9.844034194946289
0,314,1,1367,12.7545804977417
0,314,2,195,12.043477058410645
0,314,3,1206,11.623668670654297
0,314,4,984,11.499815940856934
0,314,5,2176,11.42878532409668
0,314,6,338,11.269414901733398
0,314,7,633,11.215354919433594
0,314,8,859,11.178625106811523
0,314,9,1995,11.040731430053711
0,314,10,2106,10.941410064697266
0,315,1,1995,10.715481758117676
0,315,2,1571,10.333383560180664
0,315,3,2974,10.333324432373047
0,315,4,1701,10.298582077026367
0,315,5,2623,10.235648155212402
0,315,6,69,10.020767211914062
0,315,7,1811,9.957159996032715
0,315,8,2686,9.93395709991455
0,315,9,562,9.874751091003418
0,315,10,1823,9.690145492553711
0,316,1,2106,11.460674285888672
0,316,2,1964,11.187784194946289
0,316,3,2176,11.073332786560059
0,316,4,1367,11.05520248413086
0,316,5,3069,10.566530227661133
0,316,6,2956,10.494412422180176
0,316,7,446,9.869573593139648
0,316,8,2363,9.846555709838867
0,316,9,1995,9.763778686523438
0,316,10,1701,9.695476531982422
0,317,1,1964,11.434606552124023
0,317,2,2956,10.65302848815918
0,317,3,1206,10.5814847946167
0,317,4,1367,10.526812553405762
0,317,5,859,10.466791152954102
0,317,6,2363,9.872356414794922
0,317,7,2974,9.739691734313965
0,317,8,1571,9.703893661499023
0,317,9,1995,9.697932243347168
0,317,10,1701,9.674924850463867
0,318,1,1541,11.923046112060547
0,318,2,1206,11.833813667297363
0,318,3,2956,11.576889991760254
0,318,4,984,11.556844711303711
0,318,5,1158,11.468050956726074
0,318,6,446,10.754027366638184
0,318,7,385,10.75088882446289
0,318,8,1995,10.71609115600586
0,318,9,1701,10.701213836669922
0,318,10,2974,10.700925827026367
0,319,1,2106,11.214387893676758
0,319,2,338,11.162984848022461
0,319,3,2176,11.130463600158691
0,319,4,1781,10.804445266723633
0,319,5,1369,10.677385330200195
0,319,6,1541,10.654829025268555
0,319,7,3069,10.564706802368164
0,319,8,1206,10.251818656921387
0,319,9,948,10.241673469543457
0,319,10,633,10.2170991897583
0,321,1,2971,9.030532836914062
0,321,2,2106,8.682113647460938
0,321,3,2176,8.66849136352539
0,321,4,2956,8.660881042480469
0,321,5,2363,8.54568862915039
0,321,6,203,8.058677673339844
0,321,7,338,7.8782758712768555
0,321,8,482,7.782148838043213
0,321,9,121,7.760359764099121
0,321,10,1064,7.757917404174805
0,322,1,1367,13.786294937133789
0,322,2,859,13.087570190429688
0,322,3,338,13.027724266052246
0,322,4,195,12.959842681884766
0,322,5,3069,12.147687911987305
0,322,6,1369,12.002575874328613
0,322,7,1781,11.927026748657227
0,322,8,1541,11.526573181152344
0,322,9,779,11.355803489685059
0,322,10,1653,11.245565414428711
0,323,1,121,8.905945777893066
0,323,2,33,8.738988876342773
0,323,3,2956,8.723496437072754
0,323,4,2971,8.656953811645508
0,323,5,2363,8.640748977661133
0,323,6,2106,8.606586456298828
0,323,7,2628,8.603154182434082
0,323,8,480,8.580872535705566
0,323,9,2084,8.56109619140625
0,323,10,2917,8.551008224487305
0,324,1,195,13.553230285644531
0,324,2,1964,13.473274230957031
0,324,3,2173,13.243857383728027
0,324,4,482,13.175209045410156
0,324,5,121,13.113340377807617
0,324,6,2280,13.008613586425781
0,324,7,2761,12.99386978149414
0,324,8,2355,12.951839447021484
0,324,9,2862,12.93114948272705
0,324,10,122,12.85444450378418
0,325,1,2971,11.300633430480957
0,325,2,2363,10.964631080627441
0,325,3,121,10.813383102416992
0,325,4,1964,10.700569152832031
0,325,5,203,10.676733016967773
0,325,6,2917,10.652036666870117
0,325,7,2084,10.628971099853516
0,325,8,1367,10.61466121673584
0,325,9,2628,10.599384307861328
0,325,10,33,10.587032318115234
0,326,1,33,9.899847030639648
0,326,2,1688,9.588619232177734
0,326,3,2296,9.462743759155273
0,326,4,1368,9.415043830871582
0,326,5,2917,9.37043571472168
0,326,6,2007,9.353148460388184
0,326,7,646,9.343375205993652
0,326,8,2403,9.342700958251953
0,326,9,203,9.313142776489258
0,326,10,1707,9.28764533996582
0,327,1,2007,10.887443542480469
0,327,2,779,10.881269454956055
0,327,3,2403,10.325237274169922
0,327,4,646,10.310508728027344
0,327,5,1793,10.249855041503906
0,327,6,387,10.217996597290039
0,327,7,72,10.162501335144043
0,327,8,2163,10.04012680053711
0,327,9,671,9.959846496582031
0,327,10,203,9.810447692871094
0,328,1,33,9.68803596496582
0,328,2,1688,9.307188034057617
0,328,3,1368,9.241829872131348
0,328,4,2296,9.167810440063477
0,328,5,1707,8.73224925994873
0,328,6,203,8.632241249084473
0,328,7,2862,8.084574699401855
0,328,8,2355,8.064918518066406
0,328,9,121,7.861171245574951
0,328,10,2628,7.860383033752441
0,329,1,203,9.416658401489258
0,329,2,2363,8.46002197265625
0,329,3,2862,8.422893524169922
0,329,4,2355,8.41239070892334
0,329,5,637,8.286941528320312
0,329,6,2403,8.233135223388672
0,329,7,646,8.204880714416504
0,329,8,121,8.066411018371582
0,329,9,2956,8.052875518798828
0,329,10,387,8.0018310546875
0,330,1,33,8.731393814086914
0,330,2,2431,7.763363361358643
0,330,3,1064,7.412967681884766
0,330,4,2403,7.285681247711182
0,330,5,646,7.258939743041992
0,330,6,671,7.125702381134033
0,330,7,387,7.086855888366699
0,330,8,2007,7.025846481323242
0,330,9,3027,7.014110565185547
0,330,10,851,6.996306419372559
0,331,1,2431,7.670167922973633
0,331,2,2403,7.644597053527832
0,331,3,2363,7.616684913635254
0,331,4,646,7.614344596862793
0,331,5,671,7.531440258026123
0,331,6,982,7.506213188171387
0,331,7,2862,7.483188152313232
0,331,8,2355,7.467318534851074
0,331,9,637,7.3990020751953125
0,331,10,387,7.395418167114258
0,332,1,33,9.897333145141602
0,332,2,1422,9.263057708740234
0,332,3,1064,9.233847618103027
0,332,4,2917,9.0291748046875
0,332,5,2084,8.916015625
0,332,6,2862,8.860429763793945
0,332,7,2355,8.851256370544434
0,332,8,2403,8.698673248291016
0,332,9,646,8.658709526062012
0,332,10,2363,8.53535270690918
0,333,1,2602,11.902969360351562
0,333,2,2705,11.709230422973633
0,333,3,1635,11.515273094177246
0,333,4,2384,11.320719718933105
0,333,5,1655,11.28907585144043
0,333,6,2870,11.268989562988281
0,333,7,3017,11.033849716186523
0,333,8,1408,10.893383026123047
0,333,9,493,10.770118713378906
0,333,10,2397,10.660486221313477
0,334,1,1491,9.878121376037598
0,334,2,2705,9.444097518920898
0,334,3,1692,9.157035827636719
0,334,4,2927,9.059866905212402
0,334,5,1995,8.935100555419922
0,334,6,2107,8.752516746520996
0,334,7,1571,8.709300994873047
0,334,8,2974,8.631753921508789
0,334,9,1701,8.548748016357422
0,334,10,562,8.383646965026855
0,335,1,2602,11.758243560791016
0,335,2,788,11.45030403137207
0,335,3,249,11.04676342010498
0,335,4,2384,11.011564254760742
0,335,5,1692,10.64570426940918
0,335,6,2107,10.178962707519531
0,335,7,3017,10.003961563110352
0,335,8,1203,9.968865394592285
0,335,9,90,9.940164566040039
0,335,10,1653,9.842977523803711
0,336,1,2705,9.57562255859375
0,336,2,1635,9.475656509399414
0,336,3,2927,8.944583892822266
0,336,4,1653,8.604494094848633
0,336,5,1203,8.555240631103516
0,336,6,2107,8.52447509765625
0,336,7,90,8.396661758422852
0,336,8,261,8.10110855102539
0,336,9,3017,8.059221267700195
0,336,10,2397,8.042181968688965
0,337,1,1779,7.72838830947876
0,337,2,2602,7.4147796630859375
0,337,3,2384,7.183742523193359
0,337,4,788,7.099040985107422
0,337,5,493,7.098189353942871
0,337,6,1491,7.044907569885254
0,337,7,2061,7.002425193786621
0,337,8,2705,6.926883697509766
0,337,9,3017,6.9045305252075195
0,337,10,1635,6.8672990798950195
0,338,1,1779,11.685006141662598
0,338,2,788,11.247020721435547
0,338,3,1491,10.646138191223145
0,338,4,249,10.379783630371094
0,338,5,2061,10.325483322143555
0,338,6,2705,10.009184837341309
0,338,7,1635,9.853893280029297
0,338,8,3017,9.326626777648926
0,338,9,2107,9.121570587158203
0,338,10,1203,8.814780235290527
0,339,1,1491,10.635690689086914
0,339,2,1779,10.437712669372559
0,339,3,2061,10.423280715942383
0,339,4,2705,10.220558166503906
0,339,5,1635,10.173968315124512
0,339,6,788,10.120254516601562
0,339,7,249,9.788351058959961
0,339,8,1653,8.930845260620117
0,339,9,1203,8.925682067871094
0,339,10,261,8.866745948791504
0,340,1,1779,10.990931510925293
0,340,2,788,10.415614128112793
0,340,3,1491,10.241995811462402
0,340,4,2061,10.059698104858398
0,340,5,2384,9.986268997192383
0,340,6,249,9.913785934448242
0,340,7,2705,9.853900909423828
0,340,8,1635,9.774566650390625
0,340,9,3017,9.304372787475586
0,340,10,493,8.684983253479004
0,341,1,2163,7.873286247253418
0,341,2,671,7.4201340675354
0,341,3,387,7.398653030395508
0,341,4,493,7.266317844390869
0,341,5,502,7.157140731811523
0,341,6,2431,7.031303405761719
0,341,7,11,6.966757774353027
0,341,8,2869,6.9041595458984375
0,341,9,1002,6.730359077453613
0,341,10,2574,6.730052471160889
0,342,1,2007,9.93881893157959
0,342,2,2403,9.6410493850708
0,342,3,646,9.588589668273926
0,342,4,33,9.501570701599121
0,342,5,72,9.479411125183105
0,342,6,2363,9.414936065673828
0,342,7,1688,9.258832931518555
0,342,8,387,9.254669189453125
0,342,9,2163,9.246788024902344
0,342,10,1368,9.180342674255371
0,343,1,1779,9.535378456115723
0,343,2,2870,9.146461486816406
0,343,3,2602,8.8226957321167
0,343,4,1655,8.72010612487793
0,343,5,788,8.716975212097168
0,343,6,3017,8.58613395690918
0,343,7,2107,8.400808334350586
0,343,8,249,8.35431957244873
0,343,9,1491,8.21942138671875
0,343,10,2061,8.157092094421387
0,345,1,72,9.636974334716797
0,345,2,2163,9.51877212524414
0,345,3,2007,9.460795402526855
0,345,4,1827,9.393064498901367
0,345,5,11,8.79288101196289
0,345,6,1002,8.711250305175781
0,345,7,493,8.679506301879883
0,345,8,333,8.627506256103516
0,345,9,2312,8.593317031860352
0,345,10,502,8.588977813720703
0,346,1,2007,10.894150733947754
0,346,2,72,10.593320846557617
0,346,3,671,10.503744125366211
0,346,4,2163,10.38417911529541
0,346,5,2971,10.287878036499023
0,346,6,1827,10.148191452026367
0,346,7,493,9.79498291015625
0,346,8,2363,9.709517478942871
0,346,9,1653,9.472429275512695
0,346,10,1367,9.448966979980469
0,347,1,2007,10.865161895751953
0,347,2,646,10.727158546447754
0,347,3,2403,10.721739768981934
0,347,4,2971,10.699628829956055
0,347,5,72,10.571723937988281
0,347,6,2163,10.40738296508789
0,347,7,1827,10.127473831176758
0,347,8,2363,10.003059387207031
0,347,9,1367,9.992435455322266
0,347,10,1653,9.953594207763672
0,348,1,2163,8.940004348754883
0,348,2,1070,8.03249740600586
0,348,3,2312,7.7489848136901855
0,348,4,1978,7.726210117340088
0,348,5,2007,7.559928894042969
0,348,6,3048,7.533656120300293
0,348,7,49,7.346722602844238
0,348,8,2640,7.297082424163818
0,348,9,2211,7.247725486755371
0,348,10,63,7.175781726837158
0,349,1,11,9.407757759094238
0,349,2,1911,9.020780563354492
0,349,3,1070,8.619524002075195
0,349,4,1978,8.191704750061035
0,349,5,3048,8.175165176391602
0,349,6,1786,7.945844650268555
0,349,7,49,7.818990707397461
0,349,8,2640,7.739713191986084
0,349,9,2211,7.692136287689209
0,349,10,701,7.672390937805176
0,350,1,1827,8.868133544921875
0,350,2,1070,8.529526710510254
0,350,3,1978,8.094945907592773
0,350,4,3048,7.940639495849609
0,350,5,49,7.576035022735596
0,350,6,2640,7.5012969970703125
0,350,7,63,7.426595687866211
0,350,8,1265,7.3882246017456055
0,350,9,701,7.386471748352051
0,350,10,2525,7.376064300537109
0,351,1,1070,7.971034049987793
0,351,2,1978,7.52128267288208
0,351,3,49,7.390020847320557
0,351,4,3048,7.373054504394531
0,351,5,2007,7.351651668548584
0,351,6,2640,7.322200775146484
0,351,7,701,7.2213134765625
0,351,8,2525,7.137402534484863
0,351,9,2274,6.988198757171631
0,351,10,122,6.955238342285156
0,352,1,2562,10.76298713684082
0,352,2,2697,10.45508098602295
0,352,3,622,10.450494766235352
0,352,4,432,10.264732360839844
0,352,5,1265,10.132749557495117
0,352,6,1070,9.837700843811035
0,352,7,1978,9.619665145874023
0,352,8,2322,9.396610260009766
0,352,9,617,9.380340576171875
0,352,10,2324,9.380071640014648
0,353,1,493,10.12204360961914
0,353,2,617,9.342930793762207
0,353,3,842,9.207962989807129
0,353,4,1,9.172191619873047
0,353,5,2365,9.146728515625
0,353,6,730,9.097326278686523
0,353,7,270,8.990978240966797
0,353,8,2440,8.883566856384277
0,353,9,393,8.85029411315918
0,353,10,1769,8.82483959197998
0,354,1,432,9.679746627807617
0,354,2,493,9.62480354309082
0,354,3,617,8.745403289794922
0,354,4,2365,8.567152976989746
0,354,5,730,8.549931526184082
0,354,6,2440,8.345152854919434
0,354,7,1408,8.313456535339355
0,354,8,72,8.284944534301758
0,354,9,754,8.194968223571777
0,354,10,2312,8.172272682189941
0,355,1,2869,10.113500595092773
0,355,2,2697,9.913644790649414
0,355,3,432,9.686847686767578
0,355,4,493,9.077896118164062
0,355,5,617,8.779461860656738
0,355,6,1265,8.581806182861328
0,355,7,2365,8.57641315460205
0,355,8,270,8.478910446166992
0,355,9,730,8.440436363220215
0,355,10,2440,8.359390258789062
0,356,1,2697,10.859673500061035
0,356,2,2574,10.65414047241211
0,356,3,842,10.0775146484375
0,356,4,1265,9.69754409790039
0,356,5,617,9.693809509277344
0,356,6,1769,9.495405197143555
0,356,7,270,9.48253059387207
0,356,8,493,9.425039291381836
0,356,9,2365,9.334749221801758
0,356,10,2440,9.263970375061035
0,357,1,506,12.195897102355957
0,357,2,595,11.603524208068848
0,357,3,1215,11.203425407409668
0,357,4,1360,11.162839889526367
0,357,5,1016,11.116364479064941
0,357,6,1167,10.990079879760742
0,357,7,315,10.931713104248047
0,357,8,1651,10.642580032348633
0,357,9,168,10.607601165771484
0,357,10,2923,10.569966316223145
0,358,1,595,12.331796646118164
0,358,2,579,11.963600158691406
0,358,3,1360,11.88821029663086
0,358,4,1215,11.852777481079102
0,358,5,1016,11.365522384643555
0,358,6,2986,11.220102310180664
0,358,7,315,11.173990249633789
0,358,8,5,11.170845031738281
0,358,9,1517,11.002437591552734
0,358,10,826,10.987794876098633
0,359,1,1360,11.151331901550293
0,359,2,1215,11.054206848144531
0,359,3,5,10.560318946838379
0,359,4,1016,10.538029670715332
0,359,5,2802,10.455633163452148
0,359,6,2986,10.43310832977295
0,359,7,315,10.306400299072266
0,359,8,1517,10.168558120727539
0,359,9,886,10.138395309448242
0,359,10,2923,10.094103813171387
0,360,1,1360,11.151331901550293
0,360,2,1215,11.054206848144531
0,360,3,5,10.560318946838379
0,360,4,1016,10.538029670715332
0,360,5,2802,10.455633163452148
0,360,6,2986,10.43310832977295
0,360,7,315,10.306400299072266
0,360,8,1517,10.168558120727539
0,360,9,886,10.138395309448242
0,360,10,2923,10.094103813171387
0,361,1,1360,11.151331901550293
0,361,2,1215,11.054206848144531
0,361,3,5,10.560318946838379
0,361,4,1016,10.538029670715332
0,361,5,2802,10.455633163452148
0,361,6,2986,10.43310832977295
0,361,7,315,10.306400299072266
0,361,8,1517,10.168558120727539
0,361,9,886,10.138395309448242
0,361,10,2923,10.094103813171387
0,362,1,1360,11.151331901550293
0,362,2,1215,11.054206848144531
0,362,3,5,10.560318946838379
0,362,4,1016,10.538029670715332
0,362,5,2802,10.455633163452148
0,362,6,2986,10.43310832977295
0,362,7,315,10.306400299072266
0,362,8,1517,10.168558120727539
0,362,9,886,10.138395309448242
0,362,10,2923,10.094103813171387
0,363,1,1360,11.110015869140625
0,363,2,1215,11.009037017822266
0,363,3,1016,10.567817687988281
0,363,4,5,10.52151107788086
0,363,5,2802,10.42411994934082
0,363,6,2986,10.390807151794434
0,363,7,315,10.343660354614258
0,363,8,1517,10.156184196472168
0,363,9,886,10.10069751739502
0,363,10,2923,10.053940773010254
0,364,1,1491,9.021803855895996
0,364,2,418,8.869471549987793
0,364,3,2061,8.859306335449219
0,364,4,2705,8.767340660095215
0,364,5,1635,8.538537979125977
0,364,6,1779,8.483315467834473
0,364,7,2759,8.449504852294922
0,364,8,2602,8.33964729309082
0,364,9,249,8.253700256347656
0,364,10,788,8.248822212219238
0,365,1,1491,9.733133316040039
0,365,2,2061,9.585997581481934
0,365,3,1653,9.506977081298828
0,365,4,2705,9.473000526428223
0,365,5,1779,9.41823959350586
0,365,6,1635,9.26203727722168
0,365,7,788,9.148881912231445
0,365,8,2602,9.055152893066406
0,365,9,249,8.992759704589844
0,365,10,418,8.88529109954834
0,366,1,1653,10.001407623291016
0,366,2,418,9.41421890258789
0,366,3,1367,9.207886695861816
0,366,4,1491,9.153368949890137
0,366,5,2061,9.025607109069824
0,366,6,1779,9.023828506469727
0,366,7,2705,8.91560173034668
0,366,8,1635,8.733224868774414
0,366,9,788,8.623063087463379
0,366,10,249,8.621723175048828
0,367,1,1491,9.899353981018066
0,367,2,2061,9.732967376708984
0,367,3,2705,9.63410758972168
0,367,4,1203,9.593208312988281
0,367,5,1779,9.575357437133789
0,367,6,1635,9.380584716796875
0,367,7,788,9.374547958374023
0,367,8,249,9.18484115600586
0,367,9,2602,9.14716625213623
0,367,10,2078,8.782027244567871
0,368,1,1653,8.644312858581543
0,368,2,1203,7.994820594787598
0,368,3,2106,7.802194595336914
0,368,4,1494,7.645818710327148
0,368,5,195,7.620752811431885
0,368,6,2176,7.5824713706970215
0,368,7,1491,7.474862098693848
0,368,8,2061,7.322918891906738
0,368,9,2705,7.320204734802246
0,368,10,2956,7.2518720626831055
0,369,1,1398,15.769575119018555
0,369,2,1108,15.322184562683105
0,369,3,2888,15.287498474121094
0,369,4,562,11.710580825805664
0,369,5,1995,11.71037769317627
0,369,6,2343,11.651654243469238
0,369,7,315,11.632859230041504
0,369,8,59,11.562287330627441
0,369,9,1597,11.526846885681152
0,369,10,1016,11.466596603393555
0,370,1,1398,16.281600952148438
0,370,2,1108,15.775073051452637
0,370,3,2321,15.338125228881836
0,370,4,1597,12.047212600708008
0,370,5,2343,11.940314292907715
0,370,6,1016,11.831254959106445
0,370,7,315,11.598569869995117
0,370,8,1449,11.574640274047852
0,370,9,2899,11.571634292602539
0,370,10,562,11.388938903808594
0,371,1,1826,15.239383697509766
0,371,2,272,15.005263328552246
0,371,3,1108,14.54774284362793
0,371,4,1016,11.55804443359375
0,371,5,1597,11.342684745788574
0,371,6,2343,11.3092041015625
0,371,7,315,11.293227195739746
0,371,8,1449,11.226471900939941
0,371,9,2899,11.021917343139648
0,371,10,562,11.013068199157715
0,372,1,1826,15.701175689697266
0,372,2,2464,15.284964561462402
0,372,3,2321,14.566378593444824
0,372,4,1016,11.143714904785156
0,372,5,1597,11.05388069152832
0,372,6,315,11.002252578735352
0,372,7,2343,10.989961624145508
0,372,8,562,10.984493255615234
0,372,9,1995,10.969353675842285
0,372,10,1449,10.890387535095215
0,373,1,1347,16.526084899902344
0,373,2,2441,16.0595703125
0,373,3,2321,15.475309371948242
0,373,4,1597,11.94053840637207
0,373,5,2343,11.907623291015625
0,373,6,1016,11.639249801635742
0,373,7,315,11.634810447692871
0,373,8,1449,11.554852485656738
0,373,9,2899,11.50433349609375
0,373,10,2978,11.446581840515137
0,374,1,477,18.267581939697266
0,374,2,2321,17.31399154663086
0,374,3,1678,17.014944076538086
0,374,4,1597,13.508822441101074
0,374,5,1016,13.241080284118652
0,374,6,2343,13.215044975280762
0,374,7,704,12.898916244506836
0,374,8,2899,12.793600082397461
0,374,9,315,12.695552825927734
0,374,10,1449,12.68400764465332
0,375,1,1347,17.342670440673828
0,375,2,477,17.3397216796875
0,375,3,1678,16.055194854736328
0,375,4,1597,13.05169677734375
0,375,5,2343,12.924485206604004
0,375,6,1016,12.869321823120117
0,375,7,315,12.770326614379883
0,375,8,1449,12.597967147827148
0,375,9,2899,12.561671257019043
0,375,10,562,12.331100463867188
0,378,1,1606,16.123010635375977
0,378,2,2739,15.491113662719727
0,378,3,2321,15.278982162475586
0,378,4,1597,12.130571365356445
0,378,5,1016,11.91506576538086
0,378,6,2343,11.904661178588867
0,378,7,2899,11.55048942565918
0,378,8,315,11.546533584594727
0,378,9,1449,11.38196086883545
0,378,10,562,11.148963928222656
0,379,1,1606,14.325085639953613
0,379,2,272,14.31125259399414
0,379,3,918,13.746509552001953
0,379,4,1995,10.233648300170898
0,379,5,315,10.115530967712402
0,379,6,562,10.111673355102539
0,379,7,59,9.91408920288086
0,379,8,1597,9.84575080871582
0,379,9,1016,9.822247505187988
0,379,10,2343,9.810810089111328
0,380,1,2739,16.964805603027344
0,380,2,2321,16.710350036621094
0,380,3,1678,16.285720825195312
0,380,4,1597,13.249533653259277
0,380,5,2343,13.060344696044922
0,380,6,1016,12.844806671142578
0,380,7,315,12.768209457397461
0,380,8,2899,12.676816940307617
0,380,9,1449,12.544027328491211
0,380,10,562,12.249832153320312
0,381,1,1826,17.792903900146484
0,381,2,918,16.794368743896484
0,381,3,1678,16.460323333740234
0,381,4,1597,13.25345230102539
0,381,5,1016,13.097251892089844
0,381,6,2343,13.033042907714844
0,381,7,2899,12.66888427734375
0,381,8,315,12.60009765625
0,381,9,1449,12.550371170043945
0,381,10,704,12.334816932678223
0,383,1,1606,18.443262100219727
0,383,2,272,18.321613311767578
0,383,3,1678,17.197458267211914
0,383,4,1597,14.142061233520508
0,383,5,1016,14.045969009399414
0,383,6,2343,13.796964645385742
0,383,7,315,13.47812271118164
0,383,8,2899,13.467615127563477
0,383,9,1449,13.334477424621582
0,383,10,704,13.193694114685059
0,384,1,1347,15.145133972167969
0,384,2,477,15.096410751342773
0,384,3,918,14.401002883911133
0,384,4,1016,11.37221908569336
0,384,5,1597,11.317485809326172
0,384,6,2343,11.280263900756836
0,384,7,315,11.25344181060791
0,384,8,2899,11.045080184936523
0,384,9,562,10.996227264404297
0,384,10,1995,10.981569290161133
0,385,1,1826,16.309768676757812
0,385,2,477,16.09280014038086
0,385,3,1108,15.554786682128906
0,385,4,1597,12.093782424926758
0,385,5,2343,11.796871185302734
0,385,6,1016,11.366459846496582
0,385,7,1113,11.31733512878418
0,385,8,2899,11.262250900268555
0,385,9,540,11.177103996276855
0,385,10,315,11.148564338684082
0,386,1,272,18.282089233398438
0,386,2,2888,17.796037673950195
0,386,3,1678,16.967723846435547
0,386,4,1597,14.01551628112793
0,386,5,1016,13.747658729553223
0,386,6,2343,13.737380981445312
0,386,7,315,13.504793167114258
0,386,8,1449,13.38869857788086
0,386,9,2899,13.361927032470703
0,386,10,1113,12.95075798034668
0,387,1,2464,16.6142578125
0,387,2,2321,15.839676856994629
0,387,3,2687,15.214359283447266
0,387,4,1597,12.258333206176758
0,387,5,2343,12.218587875366211
0,387,6,1016,12.171847343444824
0,387,7,315,12.017302513122559
0,387,8,1449,11.949414253234863
0,387,9,562,11.84223461151123
0,387,10,2899,11.833362579345703
0,388,1,2441,16.12688636779785
0,388,2,1108,16.046092987060547
0,388,3,2739,15.840171813964844
0,388,4,1597,12.063462257385254
0,388,5,2343,11.83920669555664
0,388,6,315,11.510276794433594
0,388,7,1016,11.503421783447266
0,388,8,1449,11.385157585144043
0,388,9,1113,11.379961013793945
0,388,10,2899,11.367761611938477
0,391,1,1398,15.964975357055664
0,391,2,1347,15.918230056762695
0,391,3,2321,14.938159942626953
0,391,4,2343,11.23576831817627
0,391,5,1597,11.222885131835938
0,391,6,315,11.104487419128418
0,391,7,1995,11.079906463623047
0,391,8,562,11.048096656799316
0,391,9,2978,11.03102970123291
0,391,10,1449,10.919315338134766
0,392,1,2108,12.95785140991211
0,392,2,2558,12.289848327636719
0,392,3,2104,12.085537910461426
0,392,4,1044,12.080991744995117
0,392,5,556,11.690591812133789
0,392,6,1267,11.690085411071777
0,392,7,1287,11.647748947143555
0,392,8,1657,11.612602233886719
0,392,9,629,11.485067367553711
0,392,10,415,11.362523078918457
0,395,1,716,11.957609176635742
0,395,2,1044,11.877344131469727
0,395,3,2156,11.83225154876709
0,395,4,2104,11.445871353149414
0,395,5,1287,11.393815994262695
0,395,6,1267,11.380361557006836
0,395,7,556,11.15776538848877
0,395,8,415,11.032304763793945
0,395,9,629,11.01809310913086
0,395,10,1657,10.742647171020508
0,396,1,641,12.326598167419434
0,396,2,2082,12.2743501663208
0,396,3,1044,12.087206840515137
0,396,4,1287,11.546873092651367
0,396,5,1267,11.490427017211914
0,396,6,556,11.362981796264648
0,396,7,415,11.183697700500488
0,396,8,629,11.032499313354492
0,396,9,1657,10.91109848022461
0,396,10,1235,10.800437927246094
0,397,1,1570,9.373712539672852
0,397,2,609,9.367690086364746
0,397,3,527,9.244913101196289
0,397,4,206,9.194706916809082
0,397,5,1379,9.080227851867676
0,397,6,1301,8.949271202087402
0,397,7,2504,8.897896766662598
0,397,8,475,8.839701652526855
0,397,9,2209,8.58538818359375
0,397,10,1160,8.174617767333984
0,398,1,527,8.678709030151367
0,398,2,2568,8.272806167602539
0,398,3,2235,8.207385063171387
0,398,4,2136,8.190725326538086
0,398,5,2209,8.163017272949219
0,398,6,2910,8.15418815612793
0,398,7,2270,7.888887882232666
0,398,8,1379,7.818047523498535
0,398,9,1491,7.80181884765625
0,398,10,2345,7.748126983642578
0,399,1,2830,9.252896308898926
0,399,2,609,9.243559837341309
0,399,3,2136,9.007119178771973
0,399,4,1160,8.969874382019043
0,399,5,206,8.927353858947754
0,399,6,527,8.830227851867676
0,399,7,2504,8.79916000366211
0,399,8,2009,8.464951515197754
0,399,9,475,8.395408630371094
0,399,10,2209,8.276673316955566
0,400,1,2235,11.206748962402344
0,400,2,2910,10.445334434509277
0,400,3,2136,10.3523530960083
0,400,4,2568,9.450796127319336
0,400,5,1160,9.44520092010498
0,400,6,1301,9.427181243896484
0,400,7,2209,9.40392780303955
0,400,8,2009,9.294339179992676
0,400,9,2080,9.15407657623291
0,400,10,1307,8.821067810058594
0,401,1,2108,12.270502090454102
0,401,2,1044,11.061410903930664
0,401,3,1657,10.482725143432617
0,401,4,1287,10.414587020874023
0,401,5,556,10.400960922241211
0,401,6,1267,10.354065895080566
0,401,7,415,10.231971740722656
0,401,8,1235,9.995641708374023
0,401,9,629,9.97024917602539
0,401,10,2490,9.866374969482422
0,403,1,89,9.924118995666504
0,403,2,2830,9.761245727539062
0,403,3,206,9.595145225524902
0,403,4,527,9.54092788696289
0,403,5,1160,9.145572662353516
0,403,6,475,9.10618782043457
0,403,7,2504,9.078903198242188
0,403,8,2209,8.994280815124512
0,403,9,2009,8.959578514099121
0,403,10,2568,8.699210166931152
0,404,1,2758,10.124032020568848
0,404,2,206,9.490787506103516
0,404,3,527,9.447494506835938
0,404,4,2504,9.26769733428955
0,404,5,2009,9.20572280883789
0,404,6,2209,9.20051383972168
0,404,7,1160,9.173727989196777
0,404,8,475,9.001605033874512
0,404,9,1307,8.680956840515137
0,404,10,2568,8.611950874328613
0,405,1,2009,8.993619918823242
0,405,2,2209,8.88790512084961
0,405,3,1160,8.624320030212402
0,405,4,1936,8.041845321655273
0,405,5,2118,7.696135520935059
0,405,6,1893,7.649065017700195
0,405,7,2180,7.487780570983887
0,405,8,2830,7.424245834350586
0,405,9,483,7.420245170593262
0,405,10,2345,7.415469169616699
0,406,1,2235,11.58287239074707
0,406,2,89,10.307293891906738
0,406,3,2830,10.246370315551758
0,406,4,1570,10.143898963928223
0,406,5,2758,10.121416091918945
0,406,6,1379,9.81053352355957
0,406,7,1301,9.643258094787598
0,406,8,2209,9.366180419921875
0,406,9,1307,8.965469360351562
0,406,10,2009,8.685236930847168
0,407,1,527,7.050750732421875
0,407,2,2235,7.040168285369873
0,407,3,206,6.882925510406494
0,407,4,2136,6.834429740905762
0,407,5,2910,6.76826286315918
0,407,6,609,6.748099327087402
0,407,7,2504,6.686535358428955
0,407,8,1379,6.010076999664307
0,407,9,2830,5.922402858734131
0,407,10,2209,5.910496234893799
0,408,1,2235,8.398853302001953
0,408,2,2209,8.058528900146484
0,408,3,206,7.924444198608398
0,408,4,475,7.834383964538574
0,408,5,609,7.691061496734619
0,408,6,2758,7.5117268562316895
0,408,7,2136,7.434368133544922
0,408,8,2910,7.413397789001465
0,408,9,2009,7.408738613128662
0,408,10,2830,7.406829357147217
0,409,1,1491,10.274127960205078
0,409,2,2061,10.266813278198242
0,409,3,1635,10.120901107788086
0,409,4,2602,10.054231643676758
0,409,5,2705,9.981201171875
0,409,6,82,9.65279769897461
0,409,7,1408,9.490506172180176
0,409,8,2384,9.319847106933594
0,409,9,521,9.271899223327637
0,409,10,1655,9.183670997619629
0,410,1,2061,7.90003776550293
0,410,2,2602,7.883596897125244
0,410,3,1491,7.852336883544922
0,410,4,1635,7.844211578369141
0,410,5,2423,7.695844650268555
0,410,6,2705,7.6394524574279785
0,410,7,1408,7.5468034744262695
0,410,8,2397,7.475409030914307
0,410,9,2384,7.3063249588012695
0,410,10,1655,7.221682548522949
0,411,1,2061,11.33334732055664
0,411,2,1491,11.250579833984375
0,411,3,1635,11.138198852539062
0,411,4,2602,11.112174987792969
0,411,5,2705,10.97590446472168
0,411,6,2423,10.731585502624512
0,411,7,2384,10.419356346130371
0,411,8,249,10.325485229492188
0,411,9,1655,10.232758522033691
0,411,10,788,10.18581771850586
0,412,1,2061,11.825920104980469
0,412,2,1491,11.764005661010742
0,412,3,1635,11.59943675994873
0,412,4,2602,11.533937454223633
0,412,5,2705,11.430277824401855
0,412,6,2384,10.804646492004395
0,412,7,249,10.754964828491211
0,412,8,788,10.714296340942383
0,412,9,261,10.712888717651367
0,412,10,1655,10.590289115905762
0,413,1,2602,8.204726219177246
0,413,2,2061,7.923096656799316
0,413,3,1635,7.910661697387695
0,413,4,493,7.854475498199463
0,413,5,2384,7.770353317260742
0,413,6,1491,7.72766637802124
0,413,7,1655,7.666007041931152
0,413,8,2705,7.577677249908447
0,413,9,2270,7.56050443649292
0,413,10,249,7.432693004608154
0,414,1,2602,8.308116912841797
0,414,2,3017,8.240355491638184
0,414,3,2384,8.033914566040039
0,414,4,1655,7.997069835662842
0,414,5,2107,7.896554946899414
0,414,6,2061,7.884135723114014
0,414,7,1491,7.778547763824463
0,414,8,2927,7.752651214599609
0,414,9,1692,7.745112419128418
0,414,10,2145,7.741649627685547
0,415,1,1884,11.883877754211426
0,415,2,113,11.686575889587402
0,415,3,248,11.655519485473633
0,415,4,112,11.323860168457031
0,415,5,201,11.315686225891113
0,415,6,1407,10.919794082641602
0,415,7,1347,10.8477783203125
0,415,8,1826,10.788951873779297
0,415,9,1016,10.727436065673828
0,415,10,1398,10.658208847045898
0,416,1,701,12.563732147216797
0,416,2,1380,12.271568298339844
0,416,3,2274,12.074339866638184
0,416,4,49,11.759374618530273
0,416,5,1159,11.743460655212402
0,416,6,2212,11.656972885131836
0,416,7,1875,11.640539169311523
0,416,8,1180,11.631088256835938
0,416,9,2761,11.472610473632812
0,416,10,1383,11.41683292388916
0,417,1,701,9.930974006652832
0,417,2,1380,9.703547477722168
0,417,3,2308,9.665206909179688
0,417,4,1180,9.6626558303833
0,417,5,2274,9.626827239990234
0,417,6,2212,9.618271827697754
0,417,7,49,9.617425918579102
0,417,8,585,9.600455284118652
0,417,9,2640,9.371755599975586
0,417,10,667,9.34132194519043
0,418,1,826,9.035112380981445
0,418,2,701,8.871954917907715
0,418,3,621,8.851839065551758
0,418,4,518,8.841516494750977
0,418,5,2721,8.820863723754883
0,418,6,535,8.774412155151367
0,418,7,1380,8.743481636047363
0,418,8,566,8.737605094909668
0,418,9,594,8.689882278442383
0,418,10,264,8.686380386352539
0,419,1,113,13.819684982299805
0,419,2,248,13.518001556396484
0,419,3,3010,12.687145233154297
0,419,4,1407,12.528749465942383
0,419,5,2028,12.511931419372559
0,419,6,585,12.310213088989258
0,419,7,621,12.236612319946289
0,419,8,264,11.939655303955078
0,419,9,2308,11.900032997131348
0,419,10,1196,11.844520568847656
0,420,1,1884,12.401121139526367
0,420,2,248,12.204978942871094
0,420,3,113,12.127317428588867
0,420,4,201,12.041105270385742
0,420,5,1767,11.370058059692383
0,420,6,2790,11.175649642944336
0,420,7,906,10.652087211608887
0,420,8,1407,10.632591247558594
0,420,9,755,10.597583770751953
0,420,10,621,10.466815948486328
0,421,1,701,8.89590072631836
0,421,2,2274,8.636343955993652
0,421,3,2761,8.45033073425293
0,421,4,1380,8.415788650512695
0,421,5,49,8.30953598022461
0,421,6,826,8.284242630004883
0,421,7,2721,8.192842483520508
0,421,8,576,8.180476188659668
0,421,9,742,8.164019584655762
0,421,10,1159,8.145506858825684
0,422,1,701,9.69511604309082
0,422,2,3019,9.471046447753906
0,422,3,248,9.464266777038574
0,422,4,1380,9.449399948120117
0,422,5,113,9.446898460388184
0,422,6,2274,9.348703384399414
0,422,7,621,9.344931602478027
0,422,8,585,9.325428009033203
0,422,9,1767,9.294519424438477
0,422,10,2028,9.235241889953613
0,423,1,113,10.219322204589844
0,423,2,1407,9.666522979736328
0,423,3,248,9.631734848022461
0,423,4,585,9.181122779846191
0,423,5,1767,9.163946151733398
0,423,6,1196,9.076595306396484
0,423,7,576,8.996354103088379
0,423,8,704,8.985885620117188
0,423,9,2212,8.979706764221191
0,423,10,1380,8.932391166687012
0,424,1,826,13.067094802856445
0,424,2,518,11.993206977844238
0,424,3,576,11.678752899169922
0,424,4,1651,11.555856704711914
0,424,5,1016,11.531633377075195
0,424,6,2308,11.472522735595703
0,424,7,670,11.433686256408691
0,424,8,585,11.374116897583008
0,424,9,264,11.340009689331055
0,424,10,1293,11.331443786621094
0,425,1,1215,11.045649528503418
0,425,2,1360,10.964031219482422
0,425,3,1517,10.756840705871582
0,425,4,2272,10.750258445739746
0,425,5,1651,10.64996337890625
0,425,6,2986,10.52904987335205
0,425,7,2923,10.494828224182129
0,425,8,535,10.421627044677734
0,425,9,566,10.373908042907715
0,425,10,906,10.3016939163208
0,426,1,566,9.01529598236084
0,426,2,518,8.461181640625
0,426,3,701,8.344054222106934
0,426,4,2274,8.303521156311035
0,426,5,1884,8.139305114746094
0,426,6,1380,8.017786979675293
0,426,7,201,7.998162269592285
0,426,8,1651,7.981416702270508
0,426,9,2602,7.939868450164795
0,426,10,585,7.879772663116455
0,427,1,2308,11.31302261352539
0,427,2,1293,11.203944206237793
0,427,3,701,11.160110473632812
0,427,4,2700,11.051795959472656
0,427,5,518,10.953219413757324
0,427,6,1380,10.854904174804688
0,427,7,1651,10.796222686767578
0,427,8,2274,10.784994125366211
0,427,9,2359,10.758238792419434
0,427,10,826,10.74539566040039
0,428,1,1407,10.292011260986328
0,428,2,1651,10.267496109008789
0,428,3,538,10.260685920715332
0,428,4,113,10.241781234741211
0,428,5,1215,10.232261657714844
0,428,6,1016,10.16481876373291
0,428,7,2308,10.161542892456055
0,428,8,670,10.148329734802246
0,428,9,2923,10.12989616394043
0,428,10,1884,10.116458892822266
0,429,1,1407,10.292011260986328
0,429,2,1651,10.267496109008789
0,429,3,538,10.260685920715332
0,429,4,113,10.241781234741211
0,429,5,1215,10.232261657714844
0,429,6,1016,10.16481876373291
0,429,7,2308,10.161542892456055
0,429,8,670,10.148329734802246
0,429,9,2923,10.12989616394043
0,429,10,1884,10.116458892822266
0,430,1,1407,10.292011260986328
0,430,2,1651,10.267496109008789
0,430,3,538,10.260685920715332
0,430,4,113,10.241781234741211
0,430,5,1215,10.232261657714844
0,430,6,1016,10.16481876373291
0,430,7,2308,10.161542892456055
0,430,8,670,10.148329734802246
0,430,9,2923,10.12989616394043
0,430,10,1884,10.116458892822266
0,435,1,585,13.415771484375
0,435,2,701,13.220815658569336
0,435,3,1380,13.000280380249023
0,435,4,1208,12.700260162353516
0,435,5,2274,12.59827995300293
0,435,6,1875,12.563030242919922
0,435,7,2212,12.551182746887207
0,435,8,747,12.420291900634766
0,435,9,49,12.344290733337402
0,435,10,518,12.298107147216797
0,436,1,701,11.795083999633789
0,436,2,1651,11.699846267700195
0,436,3,1380,11.568007469177246
0,436,4,566,11.465925216674805
0,436,5,826,11.42261028289795
0,436,6,2721,11.384575843811035
0,436,7,1517,11.361333847045898
0,436,8,168,11.32128620147705
0,436,9,1597,11.299907684326172
0,436,10,2274,11.24185848236084
0,437,1,621,12.302881240844727
0,437,2,701,11.94793701171875
0,437,3,1380,11.690120697021484
0,437,4,1651,11.487764358520508
0,437,5,2274,11.432598114013672
0,437,6,49,11.324417114257812
0,437,7,2212,11.220099449157715
0,437,8,2721,11.14807415008545
0,437,9,1180,11.133487701416016
0,437,10,1875,11.077342987060547
0,438,1,585,11.7723388671875
0,438,2,1651,11.560580253601074
0,438,3,701,11.260946273803711
0,438,4,2721,11.151567459106445
0,438,5,2923,11.062824249267578
0,438,6,826,11.03053092956543
0,438,7,1409,10.97299575805664
0,438,8,566,10.972580909729004
0,438,9,1380,10.92414665222168
0,438,10,906,10.905742645263672
0,439,1,701,12.684457778930664
0,439,2,1380,12.36635684967041
0,439,3,2274,12.271933555603027
0,439,4,49,11.949698448181152
0,439,5,1875,11.93962287902832
0,439,6,1159,11.781325340270996
0,439,7,1180,11.6395845413208
0,439,8,2640,11.579782485961914
0,439,9,1383,11.530830383300781
0,439,10,2212,11.496500015258789
0,441,1,701,12.004056930541992
0,441,2,2274,11.627185821533203
0,441,3,1380,11.59199047088623
0,441,4,49,11.369728088378906
0,441,5,2761,11.342720031738281
0,441,6,1159,11.17081069946289
0,441,7,1180,11.149517059326172
0,441,8,2212,11.112730026245117
0,441,9,1383,11.103473663330078
0,441,10,2640,11.034482955932617
0,443,1,1127,10.946001052856445
0,443,2,1730,10.527342796325684
0,443,3,1300,10.398703575134277
0,443,4,1341,10.26319694519043
0,443,5,484,10.22418212890625
0,443,6,480,9.97374153137207
0,443,7,400,9.823186874389648
0,443,8,58,9.804207801818848
0,443,9,1590,9.788946151733398
0,443,10,410,9.769665718078613
0,444,1,1127,11.651092529296875
0,444,2,2173,11.605510711669922
0,444,3,484,11.447538375854492
0,444,4,1300,11.424324989318848
0,444,5,1543,11.327217102050781
0,444,6,2942,11.291114807128906
0,444,7,2104,11.277477264404297
0,444,8,1415,11.184419631958008
0,444,9,1730,11.046090126037598
0,444,10,507,10.925596237182617
0,445,1,2173,12.443868637084961
0,445,2,1127,12.441957473754883
0,445,3,1341,11.996082305908203
0,445,4,1300,11.916671752929688
0,445,5,1730,11.902788162231445
0,445,6,1543,11.570898056030273
0,445,7,480,11.182304382324219
0,445,8,484,11.073654174804688
0,445,9,400,11.028857231140137
0,445,10,667,10.871920585632324
0,446,1,1543,12.702528953552246
0,446,2,507,11.991178512573242
0,446,3,672,11.980208396911621
0,446,4,2912,11.740251541137695
0,446,5,576,11.593944549560547
0,446,6,1590,11.56488037109375
0,446,7,1567,11.361299514770508
0,446,8,2087,11.23820686340332
0,446,9,136,11.134726524353027
0,446,10,2210,11.112308502197266
0,448,1,2704,12.390739440917969
0,448,2,2615,12.360649108886719
0,448,3,2210,12.282160758972168
0,448,4,394,12.193048477172852
0,448,5,1184,11.972225189208984
0,448,6,1718,11.962151527404785
0,448,7,1543,11.951830863952637
0,448,8,1200,11.946637153625488
0,448,9,665,11.87169075012207
0,448,10,1587,11.702581405639648
0,449,1,672,14.04758358001709
0,449,2,2704,13.186750411987305
0,449,3,2615,12.773926734924316
0,449,4,2210,12.755622863769531
0,449,5,1718,12.49470329284668
0,449,6,1200,12.457708358764648
0,449,7,665,12.333263397216797
0,449,8,2087,12.21207046508789
0,449,9,1543,11.607641220092773
0,449,10,1048,11.54172134399414
0,450,1,2704,12.623159408569336
0,450,2,1718,12.367897033691406
0,450,3,1200,12.350954055786133
0,450,4,1184,12.33582878112793
0,450,5,665,12.162832260131836
0,450,6,1587,11.860639572143555
0,450,7,1543,11.644336700439453
0,450,8,173,11.610219955444336
0,450,9,949,11.555273056030273
0,450,10,2391,11.465848922729492
0,451,1,672,12.748335838317871
0,451,2,2704,11.929408073425293
0,451,3,2615,11.780881881713867
0,451,4,1718,11.740776062011719
0,451,5,1200,11.723186492919922
0,451,6,2210,11.701115608215332
0,451,7,1184,11.674853324890137
0,451,8,665,11.479589462280273
0,451,9,1587,11.261844635009766
0,451,10,2391,11.077055931091309
0,453,1,672,12.749330520629883
0,453,2,2814,12.347373962402344
0,453,3,507,12.294795036315918
0,453,4,2912,12.24978256225586
0,453,5,2210,11.730655670166016
0,453,6,301,11.65023136138916
0,453,7,2087,11.301942825317383
0,453,8,1718,11.219179153442383
0,453,9,1200,11.197649002075195
0,453,10,1009,11.189718246459961
0,454,1,2814,13.068370819091797
0,454,2,507,12.873860359191895
0,454,3,2087,11.554117202758789
0,454,4,1543,11.489502906799316
0,454,5,1718,11.469536781311035
0,454,6,1200,11.436480522155762
0,454,7,2942,11.394116401672363
0,454,8,191,11.184554100036621
0,454,9,2391,11.116945266723633
0,454,10,949,10.951512336730957
0,455,1,672,13.57512378692627
0,455,2,2087,13.336121559143066
0,455,3,507,13.00489616394043
0,455,4,2912,12.964507102966309
0,455,5,2814,12.962384223937988
0,455,6,301,12.225746154785156
0,455,7,1009,11.853094100952148
0,455,8,1939,11.781661033630371
0,455,9,2942,11.497024536132812
0,455,10,1543,11.246587753295898
0,456,1,672,14.330041885375977
0,456,2,2814,14.173165321350098
0,456,3,507,14.01478099822998
0,456,4,2912,13.864990234375
0,456,5,2704,13.797920227050781
0,456,6,2087,13.271369934082031
0,456,7,301,13.22214126586914
0,456,8,1009,12.578948020935059
0,456,9,2942,12.357658386230469
0,456,10,173,12.241640090942383
0,458,1,1009,11.712989807128906
0,458,2,665,11.572694778442383
0,458,3,1718,11.467763900756836
0,458,4,1200,11.439597129821777
0,458,5,2942,11.42196273803711
0,458,6,2087,11.29619026184082
0,458,7,1543,11.253341674804688
0,458,8,191,11.190027236938477
0,458,9,173,10.874784469604492
0,458,10,394,10.868064880371094
0,459,1,1995,10.95039176940918
0,459,2,1701,10.586587905883789
0,459,3,2974,10.554010391235352
0,459,4,1571,10.511347770690918
0,459,5,1811,10.428350448608398
0,459,6,1723,10.18408203125
0,459,7,562,10.15176773071289
0,459,8,2623,10.085739135742188
0,459,9,69,10.052444458007812
0,459,10,1206,9.694952011108398
0,460,1,1153,11.196817398071289
0,460,2,1995,10.85228157043457
0,460,3,2974,10.45717716217041
0,460,4,1701,10.433931350708008
0,460,5,2493,10.233793258666992
0,460,6,1571,10.20683479309082
0,460,7,1811,10.048797607421875
0,460,8,562,9.91826057434082
0,460,9,59,9.327492713928223
0,460,10,2686,9.31567668914795
0,461,1,1995,11.465120315551758
0,461,2,2974,10.988414764404297
0,461,3,1701,10.93449592590332
0,461,4,1157,10.771105766296387
0,461,5,1571,10.717414855957031
0,461,6,1811,10.689358711242676
0,461,7,562,10.505971908569336
0,461,8,1260,10.063216209411621
0,461,9,59,9.92406940460205
0,461,10,2686,9.840065956115723
0,462,1,1995,10.957948684692383
0,462,2,1701,10.439228057861328
0,462,3,2974,10.42220401763916
0,462,4,3084,10.263456344604492
0,462,5,1811,10.223268508911133
0,462,6,562,10.165180206298828
0,462,7,1571,10.151683807373047
0,462,8,444,10.061563491821289
0,462,9,59,9.89761734008789
0,462,10,701,9.770183563232422
0,463,1,1723,11.443571090698242
0,463,2,1995,11.04843807220459
0,463,3,2974,10.597609519958496
0,463,4,1157,10.58194351196289
0,463,5,2355,10.552660942077637
0,463,6,2862,10.523900985717773
0,463,7,1701,10.475552558898926
0,463,8,1571,10.294853210449219
0,463,9,1811,10.186392784118652
0,463,10,562,10.001981735229492
0,465,1,121,10.653964042663574
0,465,2,2628,10.322277069091797
0,465,3,1476,10.296968460083008
0,465,4,2580,10.199203491210938
0,465,5,2280,10.067580223083496
0,465,6,2578,9.855728149414062
0,465,7,122,9.72173023223877
0,465,8,192,9.693243026733398
0,465,9,795,9.691152572631836
0,465,10,2237,9.558732986450195
0,467,1,121,11.12914752960205
0,467,2,2628,10.74296760559082
0,467,3,2580,10.638468742370605
0,467,4,2280,10.329631805419922
0,467,5,795,10.272804260253906
0,467,6,192,10.118606567382812
0,467,7,2578,10.104007720947266
0,467,8,122,9.89163589477539
0,467,9,2237,9.881896018981934
0,467,10,2197,9.867130279541016
0,468,1,121,11.661073684692383
0,468,2,2628,11.239616394042969
0,468,3,2580,11.126482009887695
0,468,4,2931,10.936573028564453
0,468,5,575,10.760856628417969
0,468,6,795,10.748697280883789
0,468,7,2280,10.72589111328125
0,468,8,192,10.679522514343262
0,468,9,2578,10.387340545654297
0,468,10,2197,10.313854217529297
0,469,1,1995,12.063132286071777
0,469,2,554,11.588329315185547
0,469,3,2974,11.544981002807617
0,469,4,1701,11.50152587890625
0,469,5,1811,11.400955200195312
0,469,6,1571,11.301013946533203
0,469,7,562,11.07073974609375
0,469,8,59,10.602508544921875
0,469,9,536,10.577314376831055
0,469,10,2623,10.559171676635742
0,470,1,121,12.013764381408691
0,470,2,2628,11.556020736694336
0,470,3,2580,11.449177742004395
0,470,4,2862,11.355694770812988
0,470,5,2355,11.333925247192383
0,470,6,795,11.169235229492188
0,470,7,192,11.05972671508789
0,470,8,2280,10.954201698303223
0,470,9,2578,10.742265701293945
0,470,10,2197,10.676084518432617
0,471,1,2256,11.615659713745117
0,471,2,1063,9.821853637695312
0,471,3,2048,9.25051212310791
0,471,4,359,8.941051483154297
0,471,5,717,8.4714994430542
0,471,6,520,8.458137512207031
0,471,7,2100,8.449640274047852
0,471,8,1809,8.304595947265625
0,471,9,62,8.258499145507812
0,471,10,128,8.142195701599121
0,472,1,950,11.261907577514648
0,472,2,2048,11.094239234924316
0,472,3,2432,11.029659271240234
0,472,4,359,8.976201057434082
0,472,5,128,8.64957046508789
0,472,6,2114,8.556974411010742
0,472,7,2009,8.5442533493042
0,472,8,2691,8.539555549621582
0,472,9,717,8.519493103027344
0,472,10,1665,8.461727142333984
0,474,1,1829,10.887694358825684
0,474,2,950,10.308177947998047
0,474,3,2048,9.820611000061035
0,474,4,520,9.506916046142578
0,474,5,359,9.429656982421875
0,474,6,2100,9.411727905273438
0,474,7,717,9.209571838378906
0,474,8,1946,8.844968795776367
0,474,9,398,8.74222469329834
0,474,10,2141,8.721295356750488
0,475,1,1063,12.308398246765137
0,475,2,2048,11.646071434020996
0,475,3,359,10.973995208740234
0,475,4,127,10.603897094726562
0,475,5,717,10.571515083312988
0,475,6,520,10.323634147644043
0,475,7,2100,10.240866661071777
0,475,8,2009,10.132001876831055
0,475,9,128,9.961919784545898
0,475,10,1809,9.900347709655762
0,476,1,1447,12.947611808776855
0,476,2,707,11.808023452758789
0,476,3,127,9.872381210327148
0,476,4,128,9.858592987060547
0,476,5,359,9.769954681396484
0,476,6,1946,9.706259727478027
0,476,7,2114,9.610603332519531
0,476,8,1665,9.557458877563477
0,476,9,2691,9.509556770324707
0,476,10,717,9.4544095993042
0,477,1,2432,12.119502067565918
0,477,2,1698,11.799753189086914
0,477,3,127,10.655954360961914
0,477,4,359,10.255205154418945
0,477,5,2114,9.886070251464844
0,477,6,717,9.873332023620605
0,477,7,128,9.814512252807617
0,477,8,2009,9.73626708984375
0,477,9,520,9.578583717346191
0,477,10,2100,9.500038146972656
0,478,1,1698,10.739324569702148
0,478,2,1981,10.244641304016113
0,478,3,127,9.861888885498047
0,478,4,1650,8.794965744018555
0,478,5,2114,8.75387954711914
0,478,6,359,8.599973678588867
0,478,7,62,8.501155853271484
0,478,8,1665,8.42458724975586
0,478,9,1946,8.380060195922852
0,478,10,128,8.377607345581055
0,479,1,2009,9.301519393920898
0,479,2,1893,9.144487380981445
0,479,3,2118,8.918256759643555
0,479,4,2270,8.818212509155273
0,479,5,1160,8.658760070800781
0,479,6,2100,8.617940902709961
0,479,7,520,8.610452651977539
0,479,8,793,8.530535697937012
0,479,9,2345,8.489307403564453
0,479,10,359,8.414619445800781
0,480,1,1447,11.223003387451172
0,480,2,229,9.339401245117188
0,480,3,359,9.107563018798828
0,480,4,520,9.016392707824707
0,480,5,2100,8.93276596069336
0,480,6,717,8.845038414001465
0,480,7,1946,8.795755386352539
0,480,8,1665,8.788036346435547
0,480,9,128,8.548365592956543
0,480,10,2114,8.484833717346191
0,481,1,520,12.185688018798828
0,481,2,2100,12.147851943969727
0,481,3,2118,11.963334083557129
0,481,4,2009,11.684955596923828
0,481,5,2345,11.624967575073242
0,481,6,1893,11.516965866088867
0,481,7,1809,11.504779815673828
0,481,8,1654,11.427998542785645
0,481,9,2180,11.365294456481934
0,481,10,2209,11.286511421203613
0,483,1,2118,14.775323867797852
0,483,2,2180,14.346282958984375
0,483,3,2009,13.976483345031738
0,483,4,1893,13.896383285522461
0,483,5,2345,13.747913360595703
0,483,6,1413,13.172064781188965
0,483,7,1654,13.115234375
0,483,8,1160,13.092300415039062
0,483,9,447,12.802179336547852
0,483,10,971,12.765951156616211
0,484,1,2118,14.775323867797852
0,484,2,2180,14.346282958984375
0,484,3,2009,13.976483345031738
0,484,4,1893,13.896383285522461
0,484,5,2345,13.747913360595703
0,484,6,1413,13.172064781188965
0,484,7,1654,13.115234375
0,484,8,1160,13.092300415039062
0,484,9,447,12.802179336547852
0,484,10,971,12.765951156616211
0,485,1,2118,14.770496368408203
0,485,2,717,14.606424331665039
0,485,3,2009,14.317977905273438
0,485,4,1893,14.238121032714844
0,485,5,2180,14.223207473754883
0,485,6,2270,14.179733276367188
0,485,7,2141,14.0064697265625
0,485,8,2345,13.98046875
0,485,9,1654,13.548216819763184
0,485,10,1160,13.455060958862305
0,486,1,2270,8.765886306762695
0,486,2,520,8.502673149108887
0,486,3,2100,8.49051284790039
0,486,4,2118,8.412808418273926
0,486,5,2180,8.181672096252441
0,486,6,1893,8.14700698852539
0,486,7,2345,8.077991485595703
0,486,8,1456,8.076937675476074
0,486,9,398,8.017605781555176
0,486,10,1654,7.951448917388916
0,487,1,520,8.536872863769531
0,487,2,2100,8.526763916015625
0,487,3,2270,8.498276710510254
0,487,4,2118,8.362471580505371
0,487,5,398,8.328872680664062
0,487,6,2345,8.098283767700195
0,487,7,2180,8.002117156982422
0,487,8,1809,7.997059345245361
0,487,9,2141,7.927295207977295
0,487,10,1654,7.92717170715332
0,492,1,495,10.440503120422363
0,492,2,1831,10.38296127319336
0,492,3,1501,10.307353973388672
0,492,4,2270,10.15764331817627
0,492,5,1837,10.027912139892578
0,492,6,508,9.702109336853027
0,492,7,524,9.512321472167969
0,492,8,993,9.462589263916016
0,492,9,1374,9.456514358520508
0,492,10,1456,9.410303115844727
0,493,1,1682,9.899564743041992
0,493,2,2270,9.610306739807129
0,493,3,1501,9.328946113586426
0,493,4,1456,9.283529281616211
0,493,5,508,9.187326431274414
0,493,6,97,9.169380187988281
0,493,7,1837,9.059955596923828
0,493,8,495,9.058073997497559
0,493,9,185,9.048820495605469
0,493,10,283,8.956151962280273
0,494,1,1836,11.357927322387695
0,494,2,495,11.3540678024292
0,494,3,185,10.884166717529297
0,494,4,524,10.717849731445312
0,494,5,993,10.634511947631836
0,494,6,1304,10.588373184204102
0,494,7,2270,10.355873107910156
0,494,8,402,10.336549758911133
0,494,9,1312,10.246505737304688
0,494,10,1223,10.240541458129883
0,495,1,865,12.056690216064453
0,495,2,3018,12.056690216064453
0,495,3,1966,11.235410690307617
0,495,4,2219,10.163609504699707
0,495,5,1267,9.951041221618652
0,495,6,629,9.93262004852295
0,495,7,1748,9.766094207763672
0,495,8,1359,9.651674270629883
0,495,9,2089,9.529825210571289
0,495,10,767,9.329561233520508
1,1,1,666,11.146553993225098
1,1,2,597,11.132915496826172
1,1,3,63,11.056678771972656
1,1,4,1438,10.742095947265625
1,1,5,1525,10.708853721618652
1,1,6,2525,10.610841751098633
1,1,7,2708,10.604814529418945
1,1,8,1429,10.532177925109863
1,1,9,500,10.448448181152344
1,1,10,257,10.383942604064941
1,2,1,327,8.479970932006836
1,2,2,2202,7.167697906494141
1,2,3,1518,6.975831031799316
1,2,4,1237,6.942657470703125
1,2,5,2678,6.936459541320801
1,2,6,2286,6.7031073570251465
1,2,7,1525,6.690886974334717
1,2,8,1223,6.688846588134766
1,2,9,2319,6.67545747756958
1,2,10,1429,6.58750057220459
1,3,1,1302,7.131752014160156
1,3,2,1429,7.123260974884033
1,3,3,1202,7.0663042068481445
1,3,4,1279,7.050737380981445
1,3,5,2286,6.949324607849121
1,3,6,1237,6.928947925567627
1,3,7,1525,6.878880500793457
1,3,8,544,6.840328216552734
1,3,9,1495,6.809440612792969
1,3,10,2533,6.755687713623047
1,4,1,310,9.299272537231445
1,4,2,1007,9.12139892578125
1,4,3,1513,9.089874267578125
1,4,4,2135,9.059484481811523
1,4,5,2340,8.896123886108398
1,4,6,732,8.834382057189941
1,4,7,2789,8.814701080322266
1,4,8,2684,8.77858829498291
1,4,9,2920,8.596498489379883
1,4,10,1910,8.57402229309082
1,7,1,2340,12.57659912109375
1,7,2,1816,12.148663520812988
1,7,3,1910,12.148487091064453
1,7,4,1358,11.699872016906738
1,7,5,1082,11.625571250915527
1,7,6,724,11.191030502319336
1,7,7,2323,11.060115814208984
1,7,8,1100,11.026558876037598
1,7,9,1202,11.020315170288086
1,7,10,494,10.753989219665527
1,9,1,865,8.913907051086426
1,9,2,3018,8.913907051086426
1,9,3,551,8.867100715637207
1,9,4,2751,8.724512100219727
1,9,5,2121,8.684022903442383
1,9,6,38,8.675976753234863
1,9,7,184,8.673913955688477
1,9,8,1012,8.602662086486816
1,9,9,1724,8.56944465637207
1,9,10,767,8.56862735748291
1,10,1,2920,10.1146240234375
1,10,2,689,9.812623977661133
1,10,3,2073,9.737333297729492
1,10,4,6,9.324994087219238
1,10,5,1091,9.23094367980957
1,10,6,1513,9.15861701965332
1,10,7,1569,9.048391342163086
1,10,8,2734,9.013662338256836
1,10,9,2323,9.002861976623535
1,10,10,1710,8.99435043334961
1,11,1,732,9.835113525390625
1,11,2,2920,9.800741195678711
1,11,3,2098,9.755104064941406
1,11,4,1686,9.6827974319458
1,11,5,2287,9.63979721069336
1,11,6,2073,9.629056930541992
1,11,7,689,9.596939086914062
1,11,8,1142,9.44648551940918
1,11,9,2161,9.439098358154297
1,11,10,2143,9.418012619018555
1,12,1,1429,8.662837982177734
1,12,2,674,8.41975212097168
1,12,3,1708,8.403924942016602
1,12,4,599,8.39432144165039
1,12,5,2630,8.28031063079834
1,12,6,1650,8.257394790649414
1,12,7,1586,8.194806098937988
1,12,8,1339,8.17979621887207
1,12,9,644,8.178937911987305
1,12,10,2556,8.12795352935791
1,13,1,1435,14.66268539428711
1,13,2,1359,14.074125289916992
1,13,3,699,13.875396728515625
1,13,4,1683,13.512319564819336
1,13,5,1342,13.512130737304688
1,13,6,1487,13.46269702911377
1,13,7,177,13.400647163391113
1,13,8,2621,13.353004455566406
1,13,9,1785,13.004148483276367
1,13,10,184,12.729604721069336
1,14,1,1202,8.923721313476562
1,14,2,494,8.839061737060547
1,14,3,1358,8.745530128479004
1,14,4,3041,8.721854209899902
1,14,5,1302,8.606334686279297
1,14,6,2192,8.486770629882812
1,14,7,674,8.289592742919922
1,14,8,2323,8.279836654663086
1,14,9,364,8.268243789672852
1,14,10,1082,8.242172241210938
1,15,1,732,11.669025421142578
1,15,2,1513,11.647531509399414
1,15,3,2323,11.635507583618164
1,15,4,2344,11.615381240844727
1,15,5,2135,11.59178352355957
1,15,6,1362,11.444353103637695
1,15,7,1007,11.32711124420166
1,15,8,1710,11.292276382446289
1,15,9,364,11.253028869628906
1,15,10,2989,11.246732711791992
1,16,1,1082,10.860697746276855
1,16,2,1358,10.208084106445312
1,16,3,2920,10.153902053833008
1,16,4,1279,10.029967308044434
1,16,5,1569,9.794750213623047
1,16,6,2073,9.766714096069336
1,16,7,1761,9.747222900390625
1,16,8,689,9.628047943115234
1,16,9,1495,9.586118698120117
1,16,10,1202,9.528783798217773
1,17,1,2435,7.3352508544921875
1,17,2,2286,7.123386383056641
1,17,3,1082,7.107709884643555
1,17,4,1358,7.0470685958862305
1,17,5,1202,7.04037618637085
1,17,6,1429,6.951397895812988
1,17,7,1237,6.932542324066162
1,17,8,1279,6.874049186706543
1,17,9,1785,6.830729007720947
1,17,10,1302,6.821260452270508
1,18,1,599,10.202388763427734
1,18,2,2003,9.980704307556152
1,18,3,400,9.673347473144531
1,18,4,1747,9.368141174316406
1,18,5,2368,9.367841720581055
1,18,6,3042,9.327888488769531
1,18,7,2998,9.318323135375977
1,18,8,1303,9.191743850708008
1,18,9,1267,9.131060600280762
1,18,10,1730,9.06943130493164
1,20,1,1082,9.318893432617188
1,20,2,1202,9.011533737182617
1,20,3,1279,8.994500160217285
1,20,4,2073,8.926578521728516
1,20,5,2920,8.862541198730469
1,20,6,1358,8.733396530151367
1,20,7,1495,8.729007720947266
1,20,8,2135,8.720351219177246
1,20,9,2286,8.692180633544922
1,20,10,1569,8.687228202819824
1,21,1,327,12.017244338989258
1,21,2,1461,11.384702682495117
1,21,3,1724,11.012882232666016
1,21,4,1982,10.805927276611328
1,21,5,990,10.791464805603027
1,21,6,1495,10.771397590637207
1,21,7,2353,10.681288719177246
1,21,8,1279,10.667579650878906
1,21,9,295,10.637420654296875
1,21,10,1428,10.631935119628906
1,22,1,1816,12.993036270141602
1,22,2,2053,12.738851547241211
1,22,3,136,12.249558448791504
1,22,4,39,12.219467163085938
1,22,5,1435,12.112421989440918
1,22,6,32,12.100991249084473
1,22,7,1082,12.02876091003418
1,22,8,1461,11.87672233581543
1,22,9,310,11.754819869995117
1,22,10,551,11.676237106323242
1,23,1,1522,9.869399070739746
1,23,2,674,9.573522567749023
1,23,3,1650,9.488105773925781
1,23,4,1966,9.462794303894043
1,23,5,2192,9.45616626739502
1,23,6,2533,9.289263725280762
1,23,7,767,9.288154602050781
1,23,8,2556,9.287605285644531
1,23,9,494,9.15815258026123
1,23,10,2097,9.050119400024414
1,24,1,1435,10.251771926879883
1,24,2,1359,10.13545036315918
1,24,3,780,10.06104850769043
1,24,4,699,9.969579696655273
1,24,5,3037,9.725849151611328
1,24,6,184,9.659002304077148
1,24,7,177,9.584418296813965
1,24,8,1388,9.46977710723877
1,24,9,1717,9.461771011352539
1,24,10,1535,9.457866668701172
1,25,1,1302,9.426521301269531
1,25,2,2340,9.42207145690918
1,25,3,1202,9.249287605285645
1,25,4,791,9.246938705444336
1,25,5,2533,9.183320999145508
1,25,6,3041,9.173203468322754
1,25,7,2810,8.975874900817871
1,25,8,2006,8.86600112915039
1,25,9,1358,8.803743362426758
1,25,10,767,8.766602516174316
1,26,1,98,13.49510383605957
1,26,2,1341,13.28283405303955
1,26,3,2995,13.018271446228027
1,26,4,1892,12.97641372680664
1,26,5,835,12.82736587524414
1,26,6,2089,12.797242164611816
1,26,7,2668,12.452144622802734
1,26,8,1839,12.433427810668945
1,26,9,557,12.263299942016602
1,26,10,1424,12.261157989501953
1,27,1,1748,7.835083961486816
1,27,2,1315,7.831512451171875
1,27,3,767,7.814780235290527
1,27,4,865,7.72952938079834
1,27,5,3018,7.72952938079834
1,27,6,1871,7.60886812210083
1,27,7,2097,7.542162895202637
1,27,8,1586,7.467967987060547
1,27,9,298,7.433506965637207
1,27,10,1898,7.32177209854126
1,28,1,6,7.791720390319824
1,28,2,1724,7.778231143951416
1,28,3,1047,7.67067289352417
1,28,4,2556,7.6386919021606445
1,28,5,674,7.526686191558838
1,28,6,1650,7.52619743347168
1,28,7,1966,7.502753257751465
1,28,8,2192,7.488931179046631
1,28,9,2073,7.392821788787842
1,28,10,1725,7.386309623718262
1,29,1,2121,10.41560173034668
1,29,2,2287,10.189924240112305
1,29,3,1429,10.059480667114258
1,29,4,1438,10.011038780212402
1,29,5,1525,9.941034317016602
1,29,6,1720,9.917731285095215
1,29,7,692,9.83549690246582
1,29,8,38,9.831809997558594
1,29,9,257,9.738743782043457
1,29,10,421,9.696045875549316
1,30,1,2583,11.702016830444336
1,30,2,2287,11.531488418579102
1,30,3,2914,11.123100280761719
1,30,4,2098,11.049409866333008
1,30,5,346,10.875929832458496
1,30,6,1645,10.829717636108398
1,30,7,2238,10.822854995727539
1,30,8,1267,10.719842910766602
1,30,9,1730,10.649213790893555
1,30,10,692,10.619093894958496
1,31,1,1816,9.214960098266602
1,31,2,2323,9.085527420043945
1,31,3,310,9.07022476196289
1,31,4,2632,8.802499771118164
1,31,5,177,8.678489685058594
1,31,6,1535,8.660507202148438
1,31,7,1606,8.591169357299805
1,31,8,364,8.540629386901855
1,31,9,2321,8.528717994689941
1,31,10,2739,8.521757125854492
1,32,1,599,11.126763343811035
1,32,2,1737,10.745767593383789
1,32,3,2003,10.600881576538086
1,32,4,400,10.556151390075684
1,32,5,1267,10.495657920837402
1,32,6,1730,10.494853973388672
1,32,7,1461,10.44710636138916
1,32,8,1127,10.303268432617188
1,32,9,1400,10.269482612609863
1,32,10,2111,10.211305618286133
1,33,1,1522,8.297658920288086
1,33,2,674,7.966486930847168
1,33,3,1966,7.851098537445068
1,33,4,2192,7.77284049987793
1,33,5,2533,7.662744998931885
1,33,6,2556,7.631679534912109
1,33,7,2073,7.581448554992676
1,33,8,2896,7.430607795715332
1,33,9,865,7.331904888153076
1,33,10,3018,7.331904888153076
1,34,1,1586,7.460440635681152
1,34,2,599,7.316902160644531
1,34,3,1737,7.266104698181152
1,34,4,1588,7.167622089385986
1,34,5,3042,7.147285461425781
1,34,6,400,7.096506118774414
1,34,7,2368,6.987000465393066
1,34,8,2367,6.986082077026367
1,34,9,652,6.962808609008789
1,34,10,481,6.9522857666015625
1,35,1,2211,9.738088607788086
1,35,2,327,9.308439254760742
1,35,3,2121,9.18576717376709
1,35,4,453,8.302993774414062
1,35,5,1872,8.189926147460938
1,35,6,544,8.189430236816406
1,35,7,1725,7.994442939758301
1,35,8,2922,7.880423545837402
1,35,9,1724,7.845239639282227
1,35,10,2751,7.691862106323242
1,36,1,1429,10.362966537475586
1,36,2,500,9.975543022155762
1,36,3,257,9.840553283691406
1,36,4,1720,9.789834976196289
1,36,5,1235,9.777019500732422
1,36,6,1754,9.774381637573242
1,36,7,327,9.767768859863281
1,36,8,1525,9.746883392333984
1,36,9,193,9.705366134643555
1,36,10,40,9.294841766357422
1,37,1,2192,10.771139144897461
1,37,2,2073,10.61661148071289
1,37,3,494,10.502592086791992
1,37,4,2556,10.417558670043945
1,37,5,2920,10.390861511230469
1,37,6,1650,10.37407112121582
1,37,7,1569,10.04072093963623
1,37,8,2896,10.0310640335083
1,37,9,2989,10.00864315032959
1,37,10,689,9.94386100769043
1,38,1,1840,12.586009979248047
1,38,2,2734,11.922769546508789
1,38,3,1091,11.60124683380127
1,38,4,738,11.135534286499023
1,38,5,2559,10.726462364196777
1,38,6,278,10.660223960876465
1,38,7,55,10.465620994567871
1,38,8,530,10.421945571899414
1,38,9,732,10.169812202453613
1,38,10,2161,10.122780799865723
1,39,1,1840,11.87950325012207
1,39,2,738,11.560513496398926
1,39,3,174,11.15121841430664
1,39,4,1091,10.806694030761719
1,39,5,2734,10.80085563659668
1,39,6,2559,10.567635536193848
1,39,7,2323,9.989957809448242
1,39,8,55,9.949634552001953
1,39,9,1502,9.877086639404297
1,39,10,1513,9.848976135253906
1,40,1,1840,9.319766998291016
1,40,2,2734,9.155694961547852
1,40,3,1091,8.972399711608887
1,40,4,1308,8.755125999450684
1,40,5,2369,8.691194534301758
1,40,6,738,8.427643775939941
1,40,7,732,8.339006423950195
1,40,8,1502,8.18051815032959
1,40,9,2161,8.17817497253418
1,40,10,2098,8.148209571838379
1,41,1,1255,10.488418579101562
1,41,2,2287,9.401031494140625
1,41,3,2161,9.045629501342773
1,41,4,2098,9.006294250488281
1,41,5,612,9.005258560180664
1,41,6,559,8.984396934509277
1,41,7,3054,8.910091400146484
1,41,8,732,8.79703140258789
1,41,9,692,8.697172164916992
1,41,10,2347,8.667593002319336
1,42,1,1417,10.859136581420898
1,42,2,594,10.43968391418457
1,42,3,453,10.416254043579102
1,42,4,1738,10.370798110961914
1,42,5,2734,10.343042373657227
1,42,6,1091,10.333097457885742
1,42,7,2609,10.216451644897461
1,42,8,1047,10.202814102172852
1,42,9,538,10.084518432617188
1,42,10,2560,10.040663719177246
1,43,1,390,8.791108131408691
1,43,2,2609,8.488969802856445
1,43,3,1517,8.047082901000977
1,43,4,471,8.025568962097168
1,43,5,576,7.962082862854004
1,43,6,594,7.87679386138916
1,43,7,624,7.672018051147461
1,43,8,2560,7.654046058654785
1,43,9,538,7.62368106842041
1,43,10,2790,7.544931411743164
1,45,1,453,10.281942367553711
1,45,2,1047,9.991690635681152
1,45,3,2173,9.715256690979004
1,45,4,1725,9.701770782470703
1,45,5,2560,9.453481674194336
1,45,6,1091,9.389740943908691
1,45,7,471,9.365185737609863
1,45,8,2609,9.293835639953613
1,45,9,2734,9.267565727233887
1,45,10,2347,9.238606452941895
1,46,1,667,9.689806938171387
1,46,2,2609,9.040952682495117
1,46,3,2173,8.969614028930664
1,46,4,453,8.708168029785156
1,46,5,1047,8.615498542785645
1,46,6,576,8.521200180053711
1,46,7,2911,8.442188262939453
1,46,8,594,8.42814826965332
1,46,9,1091,8.393659591674805
1,46,10,2566,8.385873794555664
1,47,1,113,10.667793273925781
1,47,2,248,10.00173282623291
1,47,3,667,9.516702651977539
1,47,4,2609,9.090496063232422
1,47,5,594,8.588968276977539
1,47,6,576,8.574851989746094
1,47,7,2790,8.404507637023926
1,47,8,2911,8.343963623046875
1,47,9,514,8.24238395690918
1,47,10,483,8.180780410766602
1,48,1,1738,8.974130630493164
1,48,2,2273,8.928943634033203
1,48,3,2609,8.177278518676758
1,48,4,1517,8.093381881713867
1,48,5,594,8.08028507232666
1,48,6,2560,7.914300441741943
1,48,7,2347,7.8253631591796875
1,48,8,576,7.78168249130249
1,48,9,2272,7.67111873626709
1,48,10,538,7.664496421813965
1,49,1,2609,9.705750465393066
1,49,2,667,9.677464485168457
1,49,3,2687,9.524747848510742
1,49,4,2273,9.409950256347656
1,49,5,576,9.331155776977539
1,49,6,1818,9.32120132446289
1,49,7,477,9.1677885055542
1,49,8,594,9.120443344116211
1,49,9,2464,9.071035385131836
1,49,10,1517,8.943965911865234
1,50,1,2609,10.990333557128906
1,50,2,113,10.117781639099121
1,50,3,576,10.061168670654297
1,50,4,2790,9.8424072265625
1,50,5,2911,9.601877212524414
1,50,6,1417,9.543720245361328
1,50,7,390,9.509597778320312
1,50,8,2018,9.506000518798828
1,50,9,2173,9.459774017333984
1,50,10,514,9.414270401000977
1,51,1,1417,10.0586576461792
1,51,2,453,9.797163963317871
1,51,3,1047,9.54140567779541
1,51,4,2560,9.114143371582031
1,51,5,1725,9.003578186035156
1,51,6,2347,8.985483169555664
1,51,7,2173,8.904151916503906
1,51,8,853,8.891929626464844
1,51,9,594,8.764347076416016
1,51,10,2390,8.751262664794922
1,52,1,1202,13.660783767700195
1,52,2,1817,13.514958381652832
1,52,3,2243,12.79655647277832
1,52,4,2286,12.625861167907715
1,52,5,327,12.575982093811035
1,52,6,1302,12.568258285522461
1,52,7,295,12.520323753356934
1,52,8,2658,12.456168174743652
1,52,9,137,12.386651992797852
1,52,10,2283,12.28303337097168
1,53,1,1202,12.363917350769043
1,53,2,1817,11.82567024230957
1,53,3,2286,11.357484817504883
1,53,4,2243,11.191340446472168
1,53,5,1302,11.120035171508789
1,53,6,1757,11.06877613067627
1,53,7,3041,11.03758430480957
1,53,8,216,10.988088607788086
1,53,9,327,10.892594337463379
1,53,10,1279,10.869793891906738
1,54,1,1202,13.898845672607422
1,54,2,1817,13.235807418823242
1,54,3,2286,12.97988510131836
1,54,4,380,12.931615829467773
1,54,5,327,12.916077613830566
1,54,6,1302,12.799226760864258
1,54,7,2243,12.688766479492188
1,54,8,295,12.525177001953125
1,54,9,1757,12.38380241394043
1,54,10,3041,12.334857940673828
1,55,1,1202,13.93406867980957
1,55,2,1817,13.686697006225586
1,55,3,2243,12.89930534362793
1,55,4,2286,12.895471572875977
1,55,5,327,12.790763854980469
1,55,6,295,12.766722679138184
1,55,7,1757,12.631267547607422
1,55,8,1302,12.564647674560547
1,55,9,1724,12.524545669555664
1,55,10,1358,12.468191146850586
1,56,1,327,10.754173278808594
1,56,2,948,10.210176467895508
1,56,3,2353,9.970230102539062
1,56,4,1495,9.941925048828125
1,56,5,2618,9.744070053100586
1,56,6,1279,9.665509223937988
1,56,7,416,9.610940933227539
1,56,8,1082,9.609428405761719
1,56,9,544,9.441719055175781
1,56,10,2286,9.390666961669922
1,57,1,327,12.861111640930176
1,57,2,1720,12.036239624023438
1,57,3,257,11.862167358398438
1,57,4,1724,11.720996856689453
1,57,5,2287,11.626866340637207
1,57,6,1429,11.59179401397705
1,57,7,1279,11.585775375366211
1,57,8,2118,11.414140701293945
1,57,9,1754,11.357890129089355
1,57,10,1495,11.335958480834961
1,58,1,948,11.900707244873047
1,58,2,327,11.683562278747559
1,58,3,2353,11.421088218688965
1,58,4,1495,11.375937461853027
1,58,5,1082,11.357534408569336
1,58,6,1365,11.3013277053833
1,58,7,1279,11.144109725952148
1,58,8,1724,11.087278366088867
1,58,9,416,11.055695533752441
1,58,10,216,10.615945816040039
1,59,1,327,11.19969367980957
1,59,2,948,11.185802459716797
1,59,3,416,10.813859939575195
1,59,4,645,10.736245155334473
1,59,5,2353,10.68008041381836
1,59,6,1495,10.522258758544922
1,59,7,1279,10.459632873535156
1,59,8,2916,10.393680572509766
1,59,9,1082,10.303271293640137
1,59,10,1724,10.055004119873047
1,60,1,2161,10.826104164123535
1,60,2,2287,10.588096618652344
1,60,3,1388,10.434025764465332
1,60,4,2098,10.353510856628418
1,60,5,732,10.185226440429688
1,60,6,1730,9.727386474609375
1,60,7,1645,9.705220222473145
1,60,8,1012,9.681986808776855
1,60,9,38,9.657363891601562
1,60,10,1127,9.596059799194336
1,61,1,2583,12.707111358642578
1,61,2,584,11.532669067382812
1,61,3,2161,11.5201416015625
1,61,4,2287,11.305985450744629
1,61,5,2098,10.91270923614502
1,61,6,38,10.862627983093262
1,61,7,1127,10.73402214050293
1,61,8,1267,10.726649284362793
1,61,9,1645,10.67587947845459
1,61,10,1730,10.666398048400879
1,62,1,2409,11.410126686096191
1,62,2,2161,11.130369186401367
1,62,3,2914,11.128641128540039
1,62,4,2098,10.71506118774414
1,62,5,2287,10.558753967285156
1,62,6,1267,10.453527450561523
1,62,7,2995,10.371618270874023
1,62,8,1127,10.359136581420898
1,62,9,1645,10.34579086303711
1,62,10,1730,10.326631546020508
1,63,1,2161,13.226272583007812
1,63,2,99,12.753944396972656
1,63,3,2098,12.55900764465332
1,63,4,421,12.455896377563477
1,63,5,584,12.359095573425293
1,63,6,2995,12.333759307861328
1,63,7,1359,12.229900360107422
1,63,8,732,12.204641342163086
1,63,9,1435,12.174521446228027
1,63,10,1267,11.997077941894531
1,64,1,2111,11.262004852294922
1,64,2,2581,11.196938514709473
1,64,3,3037,10.951351165771484
1,64,4,2998,10.703633308410645
1,64,5,121,10.433570861816406
1,64,6,2525,10.385225296020508
1,64,7,1751,10.255184173583984
1,64,8,1341,10.203681945800781
1,64,9,1982,10.089715957641602
1,64,10,2003,10.018077850341797
1,65,1,3037,13.253745079040527
1,65,2,1435,13.14894962310791
1,65,3,2742,12.652350425720215
1,65,4,2668,12.493507385253906
1,65,5,1359,12.316080093383789
1,65,6,2995,12.15766716003418
1,65,7,421,12.106871604919434
1,65,8,2089,12.02160358428955
1,65,9,2319,11.998334884643555
1,65,10,699,11.991183280944824
1,66,1,121,13.934333801269531
1,66,2,122,13.777318954467773
1,66,3,663,13.770811080932617
1,66,4,795,13.48208236694336
1,66,5,1400,13.062963485717773
1,66,6,608,12.894289016723633
1,66,7,2197,12.878132820129395
1,66,8,2580,12.830188751220703
1,66,9,1437,12.5327787399292
1,66,10,2280,12.506346702575684
1,67,1,2525,15.328958511352539
1,67,2,480,15.152961730957031
1,67,3,63,15.03941535949707
1,67,4,597,14.645607948303223
1,67,5,666,14.56883430480957
1,67,6,121,14.263975143432617
1,67,7,122,13.904045104980469
1,67,8,1982,13.741022109985352
1,67,9,1341,13.487194061279297
1,67,10,795,13.244863510131836
1,68,1,121,14.138221740722656
1,68,2,122,14.020917892456055
1,68,3,663,13.898154258728027
1,68,4,2742,13.656496047973633
1,68,5,795,13.605256080627441
1,68,6,1400,13.42094898223877
1,68,7,608,13.2241849899292
1,68,8,2580,13.127870559692383
1,68,9,1982,13.09579086303711
1,68,10,2197,13.081685066223145
1,69,1,1267,8.657464981079102
1,69,2,599,8.57950210571289
1,69,3,400,8.434072494506836
1,69,4,1645,8.341521263122559
1,69,5,1287,8.32443618774414
1,69,6,1142,8.313441276550293
1,69,7,1747,8.295549392700195
1,69,8,1730,8.290971755981445
1,69,9,3037,8.214531898498535
1,69,10,2410,8.204168319702148
1,71,1,1267,10.954523086547852
1,71,2,2914,10.8268404006958
1,71,3,1645,10.670825958251953
1,71,4,2583,10.56769847869873
1,71,5,1730,10.3784761428833
1,71,6,1127,10.376063346862793
1,71,7,400,10.339818954467773
1,71,8,2287,10.23934555053711
1,71,9,599,10.239177703857422
1,71,10,1737,10.225906372070312
1,72,1,1127,13.168179512023926
1,72,2,2368,13.112539291381836
1,72,3,1267,12.929940223693848
1,72,4,1461,12.609334945678711
1,72,5,2914,12.590838432312012
1,72,6,1645,12.41061019897461
1,72,7,1686,11.996997833251953
1,72,8,415,11.93122386932373
1,72,9,2287,11.927019119262695
1,72,10,2995,11.8097505569458
1,73,1,1127,13.394333839416504
1,73,2,1267,12.525280952453613
1,73,3,1428,11.814607620239258
1,73,4,2995,11.793575286865234
1,73,5,1645,11.73824405670166
1,73,6,3037,11.5717134475708
1,73,7,2367,11.405932426452637
1,73,8,1303,11.351597785949707
1,73,9,2089,11.249991416931152
1,73,10,1833,11.242376327514648
1,74,1,1730,13.590152740478516
1,74,2,1267,12.8502197265625
1,74,3,1645,12.184778213500977
1,74,4,2914,12.141450881958008
1,74,5,2995,12.124250411987305
1,74,6,551,11.977086067199707
1,74,7,2045,11.779324531555176
1,74,8,39,11.66938591003418
1,74,9,1686,11.635616302490234
1,74,10,6,11.631298065185547
1,75,1,599,15.03262710571289
1,75,2,1461,14.493122100830078
1,75,3,1267,14.430530548095703
1,75,4,2914,13.810858726501465
1,75,5,1645,13.7611083984375
1,75,6,2995,13.652985572814941
1,75,7,551,13.12008285522461
1,75,8,1686,13.097862243652344
1,75,9,2045,13.082326889038086
1,75,10,6,12.989459991455078
1,76,1,2161,12.284200668334961
1,76,2,407,11.199275970458984
1,76,3,1273,11.005794525146484
1,76,4,1428,10.848735809326172
1,76,5,1737,10.604706764221191
1,76,6,599,10.420770645141602
1,76,7,3054,10.418633460998535
1,76,8,1730,10.412117958068848
1,76,9,1267,10.344185829162598
1,76,10,1513,10.343521118164062
1,77,1,2287,12.332818984985352
1,77,2,1686,12.132733345031738
1,77,3,426,12.104060173034668
1,77,4,3054,12.050932884216309
1,77,5,559,11.846929550170898
1,77,6,1142,11.774602890014648
1,77,7,612,11.750025749206543
1,77,8,1287,11.653640747070312
1,77,9,1645,11.564949035644531
1,77,10,2143,11.532175064086914
1,78,1,2098,11.536720275878906
1,78,2,2162,10.548885345458984
1,78,3,407,10.349790573120117
1,78,4,55,10.170270919799805
1,78,5,1513,10.0146484375
1,78,6,1273,9.834407806396484
1,78,7,2734,9.761543273925781
1,78,8,1091,9.587318420410156
1,78,9,1621,9.532903671264648
1,78,10,3054,9.440389633178711
1,80,1,494,8.771900177001953
1,80,2,2789,8.41676139831543
1,80,3,310,8.301854133605957
1,80,4,174,8.238218307495117
1,80,5,1513,8.233592987060547
1,80,6,3032,8.175950050354004
1,80,7,364,8.04660701751709
1,80,8,2920,8.036727905273438
1,80,9,857,8.02495002746582
1,80,10,954,7.919309139251709
1,81,1,364,10.505838394165039
1,81,2,2344,10.280895233154297
1,81,3,1176,9.998075485229492
1,81,4,857,9.923383712768555
1,81,5,1112,9.840829849243164
1,81,6,2789,9.78230094909668
1,81,7,2135,9.738978385925293
1,81,8,97,9.68233871459961
1,81,9,2920,9.560035705566406
1,81,10,2323,9.499491691589355
1,82,1,2985,8.83183765411377
1,82,2,2660,8.773148536682129
1,82,3,97,8.5927734375
1,82,4,2933,8.423282623291016
1,82,5,283,8.15066146850586
1,82,6,2323,8.033556938171387
1,82,7,364,7.9211320877075195
1,82,8,1448,7.872975826263428
1,82,9,857,7.660088539123535
1,82,10,767,7.537211894989014
1,83,1,2660,8.724422454833984
1,83,2,97,8.529617309570312
1,83,3,364,8.461967468261719
1,83,4,2323,8.451190948486328
1,83,5,2933,8.418869972229004
1,83,6,857,8.248604774475098
1,83,7,1448,8.016889572143555
1,83,8,2684,7.9548726081848145
1,83,9,283,7.877634525299072
1,83,10,2654,7.831927299499512
1,84,1,3032,9.76648235321045
1,84,2,2323,8.895567893981934
1,84,3,364,8.763137817382812
1,84,4,857,8.556516647338867
1,84,5,567,8.404979705810547
1,84,6,2684,8.219658851623535
1,84,7,97,8.211160659790039
1,84,8,2302,7.978100299835205
1,84,9,756,7.771855354309082
1,84,10,1176,7.755549430847168
1,85,1,2323,12.014839172363281
1,85,2,1513,11.299554824829102
1,85,3,494,10.898406982421875
1,85,4,1007,10.367572784423828
1,85,5,2901,10.284435272216797
1,85,6,364,10.258533477783203
1,85,7,857,10.082386016845703
1,85,8,2920,10.077230453491211
1,85,9,1236,9.816694259643555
1,85,10,1521,9.808950424194336
1,87,1,174,11.944032669067383
1,87,2,2920,11.141862869262695
1,87,3,2706,10.740621566772461
1,87,4,1236,10.694584846496582
1,87,5,1980,10.694526672363281
1,87,6,732,10.678878784179688
1,87,7,2925,10.673276901245117
1,87,8,494,10.638858795166016
1,87,9,2642,10.60444450378418
1,87,10,1007,10.553841590881348
1,89,1,2734,10.639257431030273
1,89,2,174,10.462312698364258
1,89,3,1621,10.25114631652832
1,89,4,2369,10.112201690673828
1,89,5,530,10.012765884399414
1,89,6,1308,9.789402961730957
1,89,7,1251,9.749916076660156
1,89,8,3057,9.709576606750488
1,89,9,1513,9.67955493927002
1,89,10,155,9.642854690551758
1,91,1,55,12.131747245788574
1,91,2,2559,11.900641441345215
1,91,3,1308,11.784753799438477
1,91,4,2369,11.768407821655273
1,91,5,1251,11.534725189208984
1,91,6,1621,11.410500526428223
1,91,7,1080,11.201498985290527
1,91,8,1395,10.968430519104004
1,91,9,2195,10.86343765258789
1,91,10,993,10.84795093536377
1,93,1,1395,11.008602142333984
1,93,2,1091,10.13772201538086
1,93,3,2734,10.095474243164062
1,93,4,2755,10.053976058959961
1,93,5,738,9.90128231048584
1,93,6,1840,9.751396179199219
1,93,7,530,9.23965072631836
1,93,8,278,9.043853759765625
1,93,9,1251,9.029122352600098
1,93,10,1621,9.021567344665527
1,94,1,55,10.655939102172852
1,94,2,60,10.610306739807129
1,94,3,459,10.430948257446289
1,94,4,1308,10.422826766967773
1,94,5,1840,10.394083976745605
1,94,6,1080,10.24378490447998
1,94,7,2734,10.128549575805664
1,94,8,1251,10.03438663482666
1,94,9,2014,10.026216506958008
1,94,10,738,9.993912696838379
1,95,1,1395,11.180055618286133
1,95,2,459,10.94013786315918
1,95,3,738,10.660282135009766
1,95,4,1223,10.489742279052734
1,95,5,60,10.446105003356934
1,95,6,1091,10.361898422241211
1,95,7,1840,10.294272422790527
1,95,8,2734,10.264020919799805
1,95,9,2369,9.535749435424805
1,95,10,1251,9.451361656188965
1,97,1,732,13.47174072265625
1,97,2,2098,13.456096649169922
1,97,3,2161,13.417611122131348
1,97,4,2287,12.575691223144531
1,97,5,498,12.30540657043457
1,97,6,1686,12.29260540008545
1,97,7,1710,12.270524978637695
1,97,8,2162,12.111236572265625
1,97,9,1362,12.072985649108887
1,97,10,2920,11.947563171386719
1,98,1,2098,14.579669952392578
1,98,2,2161,14.483875274658203
1,98,3,2287,14.359067916870117
1,98,4,732,13.894777297973633
1,98,5,1686,13.713052749633789
1,98,6,498,13.55499267578125
1,98,7,1142,13.269922256469727
1,98,8,1255,13.217622756958008
1,98,9,2238,13.198080062866211
1,98,10,692,13.10107421875
1,100,1,2287,12.976154327392578
1,100,2,2098,12.468914031982422
1,100,3,612,12.455267906188965
1,100,4,1686,12.453788757324219
1,100,5,559,12.404948234558105
1,100,6,732,12.210138320922852
1,100,7,2161,12.186629295349121
1,100,8,2143,12.110442161560059
1,100,9,1142,12.035161018371582
1,100,10,2238,11.966434478759766
1,101,1,2095,11.39981460571289
1,101,2,2143,11.044443130493164
1,101,3,1586,11.035490036010742
1,101,4,2367,10.935486793518066
1,101,5,1078,10.8301420211792
1,101,6,2444,10.679691314697266
1,101,7,2516,10.565743446350098
1,101,8,652,10.499006271362305
1,101,9,1374,10.49775505065918
1,101,10,2097,10.474681854248047
1,102,1,1586,10.715392112731934
1,102,2,2143,10.51540756225586
1,102,3,2516,10.386423110961914
1,102,4,652,10.367523193359375
1,102,5,94,10.35735034942627
1,102,6,1966,10.33909797668457
1,102,7,2097,10.1367769241333
1,102,8,767,10.034399032592773
1,102,9,1078,9.95616340637207
1,102,10,2444,9.95604419708252
1,103,1,94,11.309050559997559
1,103,2,1686,11.251886367797852
1,103,3,1142,11.109294891357422
1,103,4,1374,11.047569274902344
1,103,5,2367,11.024749755859375
1,103,6,2444,11.014177322387695
1,103,7,598,10.989100456237793
1,103,8,426,10.923025131225586
1,103,9,1287,10.884060859680176
1,103,10,438,10.783745765686035
1,104,1,2367,10.924324035644531
1,104,2,1142,10.849961280822754
1,104,3,1686,10.811615943908691
1,104,4,2448,10.662002563476562
1,104,5,215,10.657724380493164
1,104,6,2159,10.646434783935547
1,104,7,1287,10.615645408630371
1,104,8,438,10.52757453918457
1,104,9,1374,10.508240699768066
1,104,10,598,10.452098846435547
1,105,1,2095,12.051801681518555
1,105,2,215,11.884926795959473
1,105,3,598,11.722135543823242
1,105,4,2367,11.58561897277832
1,105,5,1612,11.554487228393555
1,105,6,2448,11.457618713378906
1,105,7,1686,11.427577018737793
1,105,8,2287,11.405983924865723
1,105,9,1142,11.25827407836914
1,105,10,2444,11.253228187561035
1,106,1,1686,13.011300086975098
1,106,2,1142,12.781700134277344
1,106,3,1287,12.656837463378906
1,106,4,415,12.469901084899902
1,106,5,1720,12.293883323669434
1,106,6,2367,12.242093086242676
1,106,7,598,12.194075584411621
1,106,8,556,12.150230407714844
1,106,9,1044,12.132765769958496
1,106,10,438,12.115002632141113
1,108,1,2287,12.231191635131836
1,108,2,1720,11.760929107666016
1,108,3,1429,11.360000610351562
1,108,4,1686,11.128486633300781
1,108,5,1142,11.104957580566406
1,108,6,1642,11.097421646118164
1,108,7,1525,11.034496307373047
1,108,8,1044,10.987350463867188
1,108,9,1287,10.942808151245117
1,108,10,2143,10.873779296875
1,109,1,1720,13.60216999053955
1,109,2,1142,13.256589889526367
1,109,3,1686,13.25204086303711
1,109,4,1287,13.064491271972656
1,109,5,1642,13.014530181884766
1,109,6,1044,12.914012908935547
1,109,7,2143,12.884843826293945
1,109,8,1429,12.875385284423828
1,109,9,556,12.686662673950195
1,109,10,1525,12.615839004516602
1,111,1,3068,10.278962135314941
1,111,2,986,10.145471572875977
1,111,3,1940,10.091817855834961
1,111,4,2326,9.373948097229004
1,111,5,2799,9.26339340209961
1,111,6,2099,9.012547492980957
1,111,7,1339,8.908395767211914
1,111,8,748,8.635797500610352
1,111,9,1202,8.567054748535156
1,111,10,3016,8.457773208618164
1,112,1,1869,10.021835327148438
1,112,2,1339,9.9093017578125
1,112,3,3068,9.642145156860352
1,112,4,986,9.478132247924805
1,112,5,2799,9.419225692749023
1,112,6,2326,9.219921112060547
1,112,7,674,9.175864219665527
1,112,8,748,9.134960174560547
1,112,9,2099,9.031371116638184
1,112,10,3016,8.970415115356445
1,113,1,2315,11.647549629211426
1,113,2,3068,10.804280281066895
1,113,3,986,10.702845573425293
1,113,4,2799,10.009981155395508
1,113,5,2326,9.96374225616455
1,113,6,2099,9.9378080368042
1,113,7,1302,9.509784698486328
1,113,8,1202,9.491222381591797
1,113,9,674,9.393296241760254
1,113,10,644,9.278701782226562
1,114,1,1374,13.474957466125488
1,114,2,2344,13.360311508178711
1,114,3,1342,13.075994491577148
1,114,4,2989,13.052475929260254
1,114,5,1078,13.049931526184082
1,114,6,364,13.033025741577148
1,114,7,1201,12.994427680969238
1,114,8,706,12.952017784118652
1,114,9,2444,12.817272186279297
1,114,10,14,12.545031547546387
1,115,1,1078,16.33475112915039
1,115,2,2344,16.17766761779785
1,115,3,2989,15.729928016662598
1,115,4,706,15.374153137207031
1,115,5,969,15.137584686279297
1,115,6,364,15.024538040161133
1,115,7,1112,15.008188247680664
1,115,8,1342,14.993341445922852
1,115,9,2144,14.802226066589355
1,115,10,1176,14.797950744628906
1,116,1,1078,14.743438720703125
1,116,2,2344,14.552969932556152
1,116,3,2989,14.101165771484375
1,116,4,2127,14.067940711975098
1,116,5,14,13.986726760864258
1,116,6,969,13.693077087402344
1,116,7,706,13.636670112609863
1,116,8,1112,13.587471008300781
1,116,9,364,13.520769119262695
1,116,10,1176,13.37795352935791
1,117,1,1078,17.030447006225586
1,117,2,2344,16.743675231933594
1,117,3,2989,16.536453247070312
1,117,4,2738,16.41901397705078
1,117,5,706,15.905877113342285
1,117,6,1342,15.833741188049316
1,117,7,969,15.580312728881836
1,117,8,2144,15.538015365600586
1,117,9,364,15.478902816772461
1,117,10,1112,15.402656555175781
1,118,1,364,12.843416213989258
1,118,2,861,11.873991012573242
1,118,3,857,11.802118301391602
1,118,4,2127,11.769454002380371
1,118,5,402,11.581297874450684
1,118,6,14,11.451934814453125
1,118,7,1594,11.335680961608887
1,118,8,2727,11.333917617797852
1,118,9,2285,11.274662971496582
1,118,10,2848,11.244924545288086
1,119,1,2344,14.845463752746582
1,119,2,1176,13.863380432128906
1,119,3,1342,13.600146293640137
1,119,4,861,13.261046409606934
1,119,5,1374,13.089251518249512
1,119,6,2127,12.941104888916016
1,119,7,1201,12.934551239013672
1,119,8,1691,12.845702171325684
1,119,9,2727,12.835460662841797
1,119,10,2258,12.818391799926758
1,120,1,1342,13.469820022583008
1,120,2,969,13.446012496948242
1,120,3,1078,13.01858139038086
1,120,4,494,12.744895935058594
1,120,5,2323,12.720782279968262
1,120,6,177,12.51137638092041
1,120,7,2444,12.429792404174805
1,120,8,2661,12.42257022857666
1,120,9,2144,12.294319152832031
1,120,10,2632,12.253461837768555
1,121,1,857,14.301126480102539
1,121,2,2989,13.527448654174805
1,121,3,1342,13.479992866516113
1,121,4,177,12.665101051330566
1,121,5,2632,12.271421432495117
1,121,6,2144,12.208593368530273
1,121,7,2444,12.190622329711914
1,121,8,2323,12.181107521057129
1,121,9,494,12.1400146484375
1,121,10,1487,12.089888572692871
1,122,1,1683,12.745782852172852
1,122,2,177,12.475622177124023
1,122,3,1435,12.447481155395508
1,122,4,1487,12.297489166259766
1,122,5,2632,12.289501190185547
1,122,6,1785,12.256332397460938
1,122,7,1359,12.249063491821289
1,122,8,1535,12.239670753479004
1,122,9,2621,11.569045066833496
1,122,10,429,11.54109001159668
1,123,1,1435,13.964224815368652
1,123,2,699,13.573554992675781
1,123,3,1359,13.261338233947754
1,123,4,1683,12.712141036987305
1,123,5,1785,12.447251319885254
1,123,6,1352,12.100278854370117
1,123,7,1601,12.06820297241211
1,123,8,429,12.015007972717285
1,123,9,184,11.966357231140137
1,123,10,2995,11.82748794555664
1,124,1,1359,16.069570541381836
1,124,2,1535,15.93248176574707
1,124,3,1435,15.928232192993164
1,124,4,177,15.90754508972168
1,124,5,1487,15.577253341674805
1,124,6,32,15.296793937683105
1,124,7,2632,15.126910209655762
1,124,8,421,14.940752029418945
1,124,9,1342,14.442544937133789
1,124,10,724,14.43537712097168
1,125,1,1683,16.54534149169922
1,125,2,2632,16.42420196533203
1,125,3,177,16.411529541015625
1,125,4,1535,16.39106559753418
1,125,5,1785,16.32876205444336
1,125,6,2299,15.769766807556152
1,125,7,1359,15.751447677612305
1,125,8,1435,15.648968696594238
1,125,9,681,15.447380065917969
1,125,10,32,15.30311107635498
1,127,1,1435,13.701026916503906
1,127,2,699,13.265064239501953
1,127,3,184,12.98543643951416
1,127,4,421,12.721016883850098
1,127,5,1535,12.50444507598877
1,127,6,2940,12.003960609436035
1,127,7,2668,11.864545822143555
1,127,8,780,11.848734855651855
1,127,9,2053,11.808940887451172
1,127,10,32,11.728143692016602
1,129,1,699,13.330582618713379
1,129,2,184,13.268776893615723
1,129,3,1683,13.119400024414062
1,129,4,421,13.053430557250977
1,129,5,32,12.96882152557373
1,129,6,2668,12.6515531539917
1,129,7,2053,12.602733612060547
1,129,8,429,12.398417472839355
1,129,9,1785,12.342914581298828
1,129,10,1487,12.15482234954834
1,131,1,1892,12.732162475585938
1,131,2,2303,11.781661987304688
1,131,3,1341,11.723895072937012
1,131,4,557,11.716957092285156
1,131,5,3018,11.693851470947266
1,131,6,865,11.693851470947266
1,131,7,2634,11.62231731414795
1,131,8,835,11.600451469421387
1,131,9,2751,11.576092720031738
1,131,10,2067,11.56257438659668
1,132,1,1871,9.476014137268066
1,132,2,1151,9.063790321350098
1,132,3,1898,8.93631649017334
1,132,4,1586,8.797754287719727
1,132,5,2751,8.730792045593262
1,132,6,184,8.718841552734375
1,132,7,464,8.51861572265625
1,132,8,1657,8.490143775939941
1,132,9,652,8.362430572509766
1,132,10,2634,8.250083923339844
1,133,1,1871,9.476014137268066
1,133,2,1151,9.063790321350098
1,133,3,1898,8.93631649017334
1,133,4,1586,8.797754287719727
1,133,5,2751,8.730792045593262
1,133,6,184,8.718841552734375
1,133,7,464,8.51861572265625
1,133,8,1657,8.490143775939941
1,133,9,652,8.362430572509766
1,133,10,2634,8.250083923339844
1,134,1,1871,9.476014137268066
1,134,2,1151,9.063790321350098
1,134,3,1898,8.93631649017334
1,134,4,1586,8.797754287719727
1,134,5,2751,8.730792045593262
1,134,6,184,8.718841552734375
1,134,7,464,8.51861572265625
1,134,8,1657,8.490143775939941
1,134,9,652,8.362430572509766
1,134,10,2634,8.250083923339844
1,135,1,1871,9.476014137268066
1,135,2,1151,9.063790321350098
1,135,3,1898,8.93631649017334
1,135,4,1586,8.797754287719727
1,135,5,2751,8.730792045593262
1,135,6,184,8.718841552734375
1,135,7,464,8.51861572265625
1,135,8,1657,8.490143775939941
1,135,9,652,8.362430572509766
1,135,10,2634,8.250083923339844
1,136,1,98,11.902114868164062
1,136,2,3037,11.613018035888672
1,136,3,780,11.191638946533203
1,136,4,2067,10.739757537841797
1,136,5,2882,10.605120658874512
1,136,6,2202,10.173373222351074
1,136,7,2211,10.008665084838867
1,136,8,184,9.920754432678223
1,136,9,1839,9.635100364685059
1,136,10,1359,9.593419075012207
1,137,1,2303,13.077547073364258
1,137,2,98,12.82844352722168
1,137,3,1341,12.251689910888672
1,137,4,327,11.930938720703125
1,137,5,1435,11.919809341430664
1,137,6,2412,11.809980392456055
1,137,7,780,11.783737182617188
1,137,8,3037,11.760725021362305
1,137,9,1012,11.757031440734863
1,137,10,2089,11.671128273010254
1,138,1,98,12.541976928710938
1,138,2,1341,12.10023021697998
1,138,3,2211,11.915375709533691
1,138,4,327,11.874811172485352
1,138,5,1892,11.854755401611328
1,138,6,2202,11.644258499145508
1,138,7,2067,11.595924377441406
1,138,8,2412,11.45720386505127
1,138,9,1872,11.44953727722168
1,138,10,2089,11.3868408203125
1,139,1,98,14.060908317565918
1,139,2,1892,13.714746475219727
1,139,3,1341,13.646745681762695
1,139,4,2211,13.207439422607422
1,139,5,835,13.20461654663086
1,139,6,327,13.108135223388672
1,139,7,2067,13.029208183288574
1,139,8,2202,13.003089904785156
1,139,9,1872,12.693390846252441
1,139,10,780,12.660463333129883
1,140,1,98,12.608354568481445
1,140,2,1892,12.31236743927002
1,140,3,1341,12.25047492980957
1,140,4,3037,11.888418197631836
1,140,5,2211,11.882506370544434
1,140,6,1435,11.873544692993164
1,140,7,2288,11.819563865661621
1,140,8,2202,11.727320671081543
1,140,9,835,11.72014331817627
1,140,10,780,11.676553726196289
1,141,1,98,10.370431900024414
1,141,2,2211,9.881152153015137
1,141,3,2634,9.409761428833008
1,141,4,780,9.247605323791504
1,141,5,2669,8.917949676513672
1,141,6,1424,8.871533393859863
1,141,7,3037,8.737010955810547
1,141,8,2751,8.566401481628418
1,141,9,184,8.41579532623291
1,141,10,476,8.407109260559082
1,142,1,2634,12.938767433166504
1,142,2,2669,12.51396369934082
1,142,3,1341,11.749984741210938
1,142,4,2751,11.662961959838867
1,142,5,780,11.393814086914062
1,142,6,1424,11.344535827636719
1,142,7,3037,11.252690315246582
1,142,8,560,11.243919372558594
1,142,9,2288,10.998298645019531
1,142,10,557,10.897568702697754
1,143,1,780,10.744001388549805
1,143,2,2211,10.588329315185547
1,143,3,3037,10.205816268920898
1,143,4,1341,10.069710731506348
1,143,5,2634,10.020488739013672
1,143,6,1872,9.829232215881348
1,143,7,1435,9.77990436553955
1,143,8,184,9.68468952178955
1,143,9,476,9.606271743774414
1,143,10,2669,9.43536376953125
1,144,1,421,16.350955963134766
1,144,2,184,15.792348861694336
1,144,3,2668,15.573293685913086
1,144,4,1223,15.101861953735352
1,144,5,1435,14.876014709472656
1,144,6,1359,14.071967124938965
1,144,7,699,13.881183624267578
1,144,8,1683,13.665197372436523
1,144,9,2211,13.62167739868164
1,144,10,2751,13.614988327026367
1,145,1,421,18.41801643371582
1,145,2,184,17.724529266357422
1,145,3,1435,17.004148483276367
1,145,4,1359,16.168292999267578
1,145,5,699,16.13896369934082
1,145,6,780,15.922828674316406
1,145,7,98,15.840860366821289
1,145,8,3037,15.788061141967773
1,145,9,1683,15.5929594039917
1,145,10,2751,15.36795425415039
1,146,1,1435,16.90424346923828
1,146,2,2717,16.74889373779297
1,146,3,699,16.31121253967285
1,146,4,1359,16.267486572265625
1,146,5,1424,16.263391494750977
1,146,6,1223,15.974199295043945
1,146,7,2649,15.807403564453125
1,146,8,1683,15.755168914794922
1,146,9,780,15.540108680725098
1,146,10,3037,15.311165809631348
1,147,1,1435,17.05755615234375
1,147,2,699,16.730131149291992
1,147,3,2717,16.61960792541504
1,147,4,1424,16.445510864257812
1,147,5,1359,16.24729347229004
1,147,6,1683,15.69226360321045
1,147,7,3037,15.622100830078125
1,147,8,780,15.565142631530762
1,147,9,1785,15.388070106506348
1,147,10,2313,15.29629135131836
1,148,1,421,14.709094047546387
1,148,2,98,14.635222434997559
1,148,3,2940,14.031868934631348
1,148,4,3037,13.85654067993164
1,148,5,1435,13.796688079833984
1,148,6,2717,13.519927978515625
1,148,7,1424,13.49931526184082
1,148,8,2668,13.41146469116211
1,148,9,1892,13.349690437316895
1,148,10,2211,13.287135124206543
1,149,1,1892,15.517840385437012
1,149,2,98,15.491632461547852
1,149,3,835,14.66733169555664
1,149,4,2211,14.509178161621094
1,149,5,1872,14.388045310974121
1,149,6,1435,14.277665138244629
1,149,7,2634,14.181888580322266
1,149,8,1424,14.15163516998291
1,149,9,3037,14.015237808227539
1,149,10,2882,13.74537467956543
1,150,1,98,16.576053619384766
1,150,2,1892,16.16508674621582
1,150,3,780,15.44699478149414
1,150,4,835,15.249323844909668
1,150,5,2211,15.142353057861328
1,150,6,3037,14.830876350402832
1,150,7,1341,14.75748348236084
1,150,8,2067,14.678939819335938
1,150,9,1872,14.664950370788574
1,150,10,2202,14.61130428314209
1,151,1,98,16.84453582763672
1,151,2,1892,16.628122329711914
1,151,3,835,15.471136093139648
1,151,4,2751,15.404626846313477
1,151,5,1435,15.10152816772461
1,151,6,1341,15.021440505981445
1,151,7,3037,14.887313842773438
1,151,8,2067,14.708333015441895
1,151,9,2634,14.641823768615723
1,151,10,186,14.595135688781738
1,152,1,1839,13.103128433227539
1,152,2,98,12.868552207946777
1,152,3,3018,12.774916648864746
1,152,4,865,12.774916648864746
1,152,5,780,12.731287002563477
1,152,6,2412,12.689112663269043
1,152,7,551,12.670381546020508
1,152,8,1717,12.645994186401367
1,152,9,2751,12.636871337890625
1,152,10,2288,12.607475280761719
1,153,1,1280,13.372353553771973
1,153,2,3018,12.951705932617188
1,153,3,865,12.951705932617188
1,153,4,186,12.891639709472656
1,153,5,1966,12.520071983337402
1,153,6,767,12.513656616210938
1,153,7,1748,12.506927490234375
1,153,8,2234,12.362750053405762
1,153,9,2412,12.269205093383789
1,153,10,298,12.12441635131836
1,154,1,39,15.196598052978516
1,154,2,1280,15.095281600952148
1,154,3,2340,14.349109649658203
1,154,4,3018,14.228718757629395
1,154,5,865,14.228718757629395
1,154,6,1435,14.131832122802734
1,154,7,2053,14.003275871276855
1,154,8,2412,13.949787139892578
1,154,9,1816,13.926441192626953
1,154,10,2804,13.848268508911133
1,155,1,1435,14.329410552978516
1,155,2,3018,14.129172325134277
1,155,3,865,14.129172325134277
1,155,4,2234,14.120367050170898
1,155,5,2604,13.849236488342285
1,155,6,1644,13.816699981689453
1,155,7,1721,13.733291625976562
1,155,8,767,13.699949264526367
1,155,9,1775,13.690030097961426
1,155,10,1966,13.61738395690918
1,156,1,1435,14.329410552978516
1,156,2,3018,14.129172325134277
1,156,3,865,14.129172325134277
1,156,4,2234,14.120367050170898
1,156,5,2604,13.849236488342285
1,156,6,1644,13.816699981689453
1,156,7,1721,13.733291625976562
1,156,8,767,13.699949264526367
1,156,9,1775,13.690030097961426
1,156,10,1966,13.61738395690918
1,157,1,1435,14.329410552978516
1,157,2,3018,14.129172325134277
1,157,3,865,14.129172325134277
1,157,4,2234,14.120367050170898
1,157,5,2604,13.849236488342285
1,157,6,1644,13.816699981689453
1,157,7,1721,13.733291625976562
1,157,8,767,13.699949264526367
1,157,9,1775,13.690030097961426
1,157,10,1966,13.61738395690918
1,159,1,3018,10.699518203735352
1,159,2,865,10.699518203735352
1,159,3,767,10.685733795166016
1,159,4,1966,10.64942741394043
1,159,5,1748,10.461597442626953
1,159,6,298,10.404138565063477
1,159,7,1871,10.252732276916504
1,159,8,464,10.129837036132812
1,159,9,2097,10.078925132751465
1,159,10,136,9.92513656616211
1,160,1,1966,11.967061042785645
1,160,2,767,11.62297248840332
1,160,3,865,11.616321563720703
1,160,4,3018,11.616321563720703
1,160,5,1748,11.462796211242676
1,160,6,1833,11.303643226623535
1,160,7,298,11.208258628845215
1,160,8,1342,11.124311447143555
1,160,9,184,11.031505584716797
1,160,10,780,10.685281753540039
1,161,1,1966,13.790410995483398
1,161,2,865,13.52154541015625
1,161,3,3018,13.52154541015625
1,161,4,767,13.360392570495605
1,161,5,1748,13.317285537719727
1,161,6,298,12.934637069702148
1,161,7,2877,12.21304702758789
1,161,8,184,11.581725120544434
1,161,9,1151,11.32707405090332
1,161,10,1712,11.263771057128906
1,163,1,2340,13.146738052368164
1,163,2,1435,12.910057067871094
1,163,3,1910,12.603857040405273
1,163,4,184,12.596040725708008
1,163,5,1359,12.548592567443848
1,163,6,724,12.37585163116455
1,163,7,1717,12.359893798828125
1,163,8,136,12.337779998779297
1,163,9,2751,12.310047149658203
1,163,10,39,12.244148254394531
1,164,1,2340,10.162002563476562
1,164,2,1910,9.779694557189941
1,164,3,1839,9.7710542678833
1,164,4,32,9.703609466552734
1,164,5,865,9.64434814453125
1,164,6,3018,9.64434814453125
1,164,7,39,9.59916877746582
1,164,8,2412,9.584708213806152
1,164,9,2303,9.554706573486328
1,164,10,136,9.479972839355469
1,165,1,2340,10.866065979003906
1,165,2,1910,10.539795875549316
1,165,3,1839,10.222723007202148
1,165,4,136,10.04545783996582
1,165,5,2303,9.897194862365723
1,165,6,39,9.883511543273926
1,165,7,2412,9.771129608154297
1,165,8,2751,9.745159149169922
1,165,9,1717,9.717174530029297
1,165,10,551,9.683195114135742
1,166,1,2211,11.065469741821289
1,166,2,1202,10.034019470214844
1,166,3,1302,9.605405807495117
1,166,4,1279,9.470512390136719
1,166,5,1495,9.414819717407227
1,166,6,3059,9.295223236083984
1,166,7,1429,9.223115921020508
1,166,8,2370,9.219863891601562
1,166,9,2353,9.21552848815918
1,166,10,1415,9.189603805541992
1,167,1,327,10.344476699829102
1,167,2,544,10.30690860748291
1,167,3,2286,9.599713325500488
1,167,4,1757,9.409311294555664
1,167,5,1358,9.344667434692383
1,167,6,2211,9.29429817199707
1,167,7,3059,9.202022552490234
1,167,8,380,9.074583053588867
1,167,9,216,9.055230140686035
1,167,10,354,9.048750877380371
1,168,1,544,12.889512062072754
1,168,2,327,12.494630813598633
1,168,3,380,12.35099983215332
1,168,4,1495,12.074518203735352
1,168,5,1279,11.77703857421875
1,168,6,2353,11.758530616760254
1,168,7,216,11.732438087463379
1,168,8,1082,11.673028945922852
1,168,9,1237,11.637288093566895
1,168,10,3059,11.267507553100586
1,169,1,1202,15.526317596435547
1,169,2,327,14.278097152709961
1,169,3,1279,13.469162940979004
1,169,4,1495,13.377376556396484
1,169,5,1082,12.90928840637207
1,169,6,990,12.880489349365234
1,169,7,2353,12.841678619384766
1,169,8,1724,12.816246032714844
1,169,9,380,12.763641357421875
1,169,10,2211,12.632761001586914
1,170,1,3041,11.246736526489258
1,170,2,1082,10.691228866577148
1,170,3,380,10.580619812011719
1,170,4,1495,10.049605369567871
1,170,5,1279,9.925864219665527
1,170,6,216,9.765087127685547
1,170,7,2353,9.646093368530273
1,170,8,327,9.556626319885254
1,170,9,1724,9.549712181091309
1,170,10,990,9.371194839477539
1,171,1,2090,6.501616477966309
1,171,2,1528,6.42579460144043
1,171,3,1344,6.3845696449279785
1,171,4,2734,6.35857629776001
1,171,5,1091,6.34132194519043
1,171,6,2273,6.230410099029541
1,171,7,2925,6.155500411987305
1,171,8,732,6.037363052368164
1,171,9,2173,6.023625373840332
1,171,10,1724,5.829110145568848
1,172,1,2922,8.967260360717773
1,172,2,2554,8.745155334472656
1,172,3,1528,8.689728736877441
1,172,4,2090,8.50499153137207
1,172,5,1344,8.236123085021973
1,172,6,375,7.803688049316406
1,172,7,727,7.532804012298584
1,172,8,2273,7.389288902282715
1,172,9,2967,7.330075263977051
1,172,10,314,7.241295337677002
1,173,1,1528,8.082996368408203
1,173,2,2090,7.92380428314209
1,173,3,2560,7.923388957977295
1,173,4,2554,7.804798126220703
1,173,5,1344,7.751169681549072
1,173,6,2173,7.438324928283691
1,173,7,2273,7.393974304199219
1,173,8,375,7.202005386352539
1,173,9,2734,7.083257675170898
1,173,10,670,7.069472789764404
1,174,1,2192,8.21175479888916
1,174,2,2323,8.188923835754395
1,174,3,2073,8.156694412231445
1,174,4,2920,7.8787665367126465
1,174,5,1650,7.86294412612915
1,174,6,689,7.567807197570801
1,174,7,1569,7.493244647979736
1,174,8,2684,7.4858574867248535
1,174,9,1007,7.380725383758545
1,174,10,2135,7.3169660568237305
1,175,1,2135,11.957469940185547
1,175,2,674,11.740730285644531
1,175,3,2925,11.449546813964844
1,175,4,2896,11.445526123046875
1,175,5,494,11.349133491516113
1,175,6,2789,11.335396766662598
1,175,7,1082,11.32230281829834
1,175,8,2556,11.318412780761719
1,175,9,6,11.278772354125977
1,175,10,1513,11.218196868896484
1,176,1,2135,14.68079948425293
1,176,2,2925,14.535852432250977
1,176,3,2556,14.45773696899414
1,176,4,1202,14.402839660644531
1,176,5,1594,14.341043472290039
1,176,6,2099,14.32534408569336
1,176,7,689,14.314255714416504
1,176,8,1279,14.168664932250977
1,176,9,599,14.119827270507812
1,176,10,6,14.103704452514648
1,177,1,674,15.342488288879395
1,177,2,2135,15.092284202575684
1,177,3,1650,14.895284652709961
1,177,4,2925,14.732023239135742
1,177,5,1279,14.723760604858398
1,177,6,2556,14.642635345458984
1,177,7,1202,14.614234924316406
1,177,8,2099,14.602246284484863
1,177,9,2706,14.416058540344238
1,177,10,1594,14.406545639038086
1,178,1,2920,14.252995491027832
1,178,2,1569,13.879486083984375
1,178,3,2135,13.844099044799805
1,178,4,1650,13.62080192565918
1,178,5,2925,13.450319290161133
1,178,6,1594,13.315638542175293
1,178,7,2789,13.168468475341797
1,178,8,2706,13.122804641723633
1,178,9,2099,13.089231491088867
1,178,10,1202,12.964280128479004
1,179,1,599,13.138590812683105
1,179,2,1737,12.925399780273438
1,179,3,2287,12.819177627563477
1,179,4,400,12.682477951049805
1,179,5,1730,12.553094863891602
1,179,6,2368,12.159751892089844
1,179,7,438,12.120168685913086
1,179,8,2143,11.958312034606934
1,179,9,1127,11.915931701660156
1,179,10,2238,11.886032104492188
1,180,1,599,14.09231185913086
1,180,2,1737,13.930086135864258
1,180,3,400,13.631752014160156
1,180,4,1730,13.423103332519531
1,180,5,1686,13.38846206665039
1,180,6,2287,13.200145721435547
1,180,7,2368,13.053116798400879
1,180,8,1127,12.800256729125977
1,180,9,438,12.608948707580566
1,180,10,2003,12.471151351928711
1,181,1,599,13.090475082397461
1,181,2,1686,12.728342056274414
1,181,3,438,12.544060707092285
1,181,4,2143,12.416299819946289
1,181,5,1737,12.289791107177734
1,181,6,1525,12.260190963745117
1,181,7,674,12.21416187286377
1,181,8,400,12.20760440826416
1,181,9,2287,12.116809844970703
1,181,10,1642,12.109319686889648
1,182,1,2287,14.216368675231934
1,182,2,2143,13.659886360168457
1,182,3,2238,13.442813873291016
1,182,4,438,13.441843032836914
1,182,5,2098,13.320778846740723
1,182,6,1642,13.184667587280273
1,182,7,599,13.032395362854004
1,182,8,1255,12.999335289001465
1,182,9,1708,12.970677375793457
1,182,10,692,12.849569320678711
1,183,1,1429,14.97327995300293
1,183,2,1882,13.65770435333252
1,183,3,1525,13.26340389251709
1,183,4,1339,13.163450241088867
1,183,5,327,13.08228874206543
1,183,6,1580,12.691668510437012
1,183,7,2832,12.630468368530273
1,183,8,40,12.418989181518555
1,183,9,1279,12.299873352050781
1,183,10,613,12.276342391967773
1,184,1,193,16.020954132080078
1,184,2,1882,14.364276885986328
1,184,3,327,14.282175064086914
1,184,4,1339,14.255912780761719
1,184,5,1295,14.02188491821289
1,184,6,40,13.765689849853516
1,184,7,2832,13.734593391418457
1,184,8,645,13.719703674316406
1,184,9,1279,13.645401000976562
1,184,10,1580,13.371758460998535
1,185,1,1620,14.725838661193848
1,185,2,1525,13.585602760314941
1,185,3,1339,13.28758430480957
1,185,4,327,13.122268676757812
1,185,5,40,12.815048217773438
1,185,6,645,12.581514358520508
1,185,7,1580,12.503576278686523
1,185,8,1279,12.453810691833496
1,185,9,2287,12.274520874023438
1,185,10,509,12.150569915771484
1,186,1,1580,13.792375564575195
1,186,2,257,13.64415168762207
1,186,3,613,13.230463027954102
1,186,4,327,13.012287139892578
1,186,5,30,12.996598243713379
1,186,6,509,12.840469360351562
1,186,7,1525,12.838541030883789
1,186,8,132,12.70007038116455
1,186,9,1720,12.699312210083008
1,186,10,1279,12.690801620483398
1,187,1,1255,11.861909866333008
1,187,2,698,11.199092864990234
1,187,3,1513,10.679193496704102
1,187,4,542,10.677111625671387
1,187,5,2799,10.436734199523926
1,187,6,2135,10.384994506835938
1,187,7,2556,10.34572982788086
1,187,8,2073,10.344840049743652
1,187,9,1946,10.342158317565918
1,187,10,2920,10.327194213867188
1,188,1,1255,12.08686637878418
1,188,2,2799,10.793148040771484
1,188,3,2237,10.564279556274414
1,188,4,1763,10.461568832397461
1,188,5,542,10.429595947265625
1,188,6,2793,10.216368675231934
1,188,7,1946,9.905719757080078
1,188,8,481,9.905669212341309
1,188,9,2099,9.881670951843262
1,188,10,1513,9.80729866027832
1,189,1,2957,9.632143020629883
1,189,2,2134,9.547908782958984
1,189,3,1946,9.24477481842041
1,189,4,2108,9.211174011230469
1,189,5,2607,9.12139892578125
1,189,6,1202,9.002243041992188
1,189,7,1102,8.858366966247559
1,189,8,2191,8.791471481323242
1,189,9,2793,8.783865928649902
1,189,10,1206,8.760856628417969
1,190,1,1339,10.937932968139648
1,190,2,2108,10.320371627807617
1,190,3,2370,10.23294448852539
1,190,4,2191,10.229549407958984
1,190,5,2607,10.225678443908691
1,190,6,3062,10.100868225097656
1,190,7,2799,9.981327056884766
1,190,8,1202,9.978727340698242
1,190,9,1102,9.937498092651367
1,190,10,1518,9.932026863098145
1,191,1,1594,12.888599395751953
1,191,2,2135,11.732609748840332
1,191,3,174,11.638689041137695
1,191,4,2789,11.120031356811523
1,191,5,1513,10.964103698730469
1,191,6,3016,10.865682601928711
1,191,7,2920,10.8278226852417
1,191,8,40,10.797537803649902
1,191,9,655,10.6847562789917
1,191,10,2799,10.636161804199219
1,192,1,174,13.444780349731445
1,192,2,2135,12.734231948852539
1,192,3,1665,12.508454322814941
1,192,4,2344,12.50616455078125
1,192,5,364,12.112686157226562
1,192,6,2920,12.06810188293457
1,192,7,861,11.900177001953125
1,192,8,1112,11.87625503540039
1,192,9,1176,11.833730697631836
1,192,10,2789,11.816017150878906
1,194,1,174,12.939273834228516
1,194,2,2135,12.484302520751953
1,194,3,1665,12.480903625488281
1,194,4,2789,11.724237442016602
1,194,5,2344,11.622608184814453
1,194,6,2661,11.615915298461914
1,194,7,1979,11.595216751098633
1,194,8,364,11.524333953857422
1,194,9,542,11.509554862976074
1,194,10,653,11.461548805236816
1,195,1,3068,11.921815872192383
1,195,2,1446,11.619121551513672
1,195,3,2099,11.15455436706543
1,195,4,2135,10.61671257019043
1,195,5,1202,10.431934356689453
1,195,6,1513,10.352767944335938
1,195,7,2793,10.265401840209961
1,195,8,1302,10.24386978149414
1,195,9,1246,10.162141799926758
1,195,10,2356,10.112869262695312
1,196,1,1202,11.025457382202148
1,196,2,1302,10.959742546081543
1,196,3,1594,10.447969436645508
1,196,4,2135,10.39950942993164
1,196,5,2740,10.251317977905273
1,196,6,2793,10.234500885009766
1,196,7,2661,10.063844680786133
1,196,8,3041,10.036063194274902
1,196,9,1303,10.017784118652344
1,196,10,1495,9.950586318969727
1,197,1,2706,12.717948913574219
1,197,2,1442,12.378402709960938
1,197,3,1202,12.044236183166504
1,197,4,599,12.039920806884766
1,197,5,1302,11.959856033325195
1,197,6,1461,11.619308471679688
1,197,7,1303,11.591653823852539
1,197,8,674,11.530658721923828
1,197,9,2135,11.478915214538574
1,197,10,990,11.352779388427734
1,198,1,1202,12.367257118225098
1,198,2,1302,11.86745548248291
1,198,3,2799,11.45730972290039
1,198,4,990,11.070985794067383
1,198,5,2286,11.066093444824219
1,198,6,1495,10.931770324707031
1,198,7,2706,10.886110305786133
1,198,8,1446,10.873157501220703
1,198,9,3041,10.825682640075684
1,198,10,2533,10.703868865966797
1,199,1,1202,12.947834968566895
1,199,2,1724,12.461308479309082
1,199,3,327,12.334186553955078
1,199,4,1302,12.273683547973633
1,199,5,1817,12.241928100585938
1,199,6,1495,12.162016868591309
1,199,7,295,12.12540340423584
1,199,8,2286,12.022025108337402
1,199,9,1279,11.947824478149414
1,199,10,2353,11.891876220703125
1,200,1,1202,16.102867126464844
1,200,2,1302,15.269861221313477
1,200,3,1495,15.181711196899414
1,200,4,2353,14.76878833770752
1,200,5,295,14.730344772338867
1,200,6,1279,14.684868812561035
1,200,7,1724,14.68217658996582
1,200,8,2286,14.652199745178223
1,200,9,3041,14.587455749511719
1,200,10,2533,14.58016586303711
1,201,1,1202,16.252914428710938
1,201,2,1302,15.368151664733887
1,201,3,1495,15.33409595489502
1,201,4,2353,14.998671531677246
1,201,5,2286,14.872329711914062
1,201,6,1279,14.662616729736328
1,201,7,3041,14.635013580322266
1,201,8,1082,14.600467681884766
1,201,9,948,14.550701141357422
1,201,10,2533,14.504487991333008
1,202,1,1202,15.005987167358398
1,202,2,1302,14.275993347167969
1,202,3,1817,13.773431777954102
1,202,4,1495,13.642677307128906
1,202,5,3041,13.55482006072998
1,202,6,2533,13.45941162109375
1,202,7,1082,13.347597122192383
1,202,8,380,13.288711547851562
1,202,9,2353,13.266353607177734
1,202,10,2286,13.236943244934082
1,203,1,1202,17.06336212158203
1,203,2,1495,16.555543899536133
1,203,3,2243,16.546953201293945
1,203,4,1724,16.529836654663086
1,203,5,1279,16.320648193359375
1,203,6,1302,16.304141998291016
1,203,7,2286,15.93515396118164
1,203,8,2353,15.92036247253418
1,203,9,327,15.914892196655273
1,203,10,990,15.62527084350586
1,204,1,2339,10.358966827392578
1,204,2,2525,10.018850326538086
1,204,3,63,9.941410064697266
1,204,4,842,9.80176830291748
1,204,5,597,9.527215003967285
1,204,6,666,9.453897476196289
1,204,7,2590,9.364226341247559
1,204,8,259,9.183036804199219
1,204,9,787,9.141090393066406
1,204,10,1171,9.118938446044922
1,205,1,842,11.535648345947266
1,205,2,747,10.834941864013672
1,205,3,915,10.58189582824707
1,205,4,2562,10.219642639160156
1,205,5,2665,10.200220108032227
1,205,6,2525,10.130409240722656
1,205,7,1266,10.071541786193848
1,205,8,1208,10.033712387084961
1,205,9,1070,10.001596450805664
1,205,10,63,9.846051216125488
1,206,1,2754,9.573424339294434
1,206,2,2529,9.477025985717773
1,206,3,1696,9.475790023803711
1,206,4,3019,9.235955238342285
1,206,5,2899,9.167088508605957
1,206,6,2028,9.087505340576172
1,206,7,430,8.986618995666504
1,206,8,1884,8.920979499816895
1,206,9,3010,8.807146072387695
1,206,10,842,8.786287307739258
1,207,1,842,8.891983032226562
1,207,2,915,8.090116500854492
1,207,3,2562,7.867191314697266
1,207,4,2788,7.856838703155518
1,207,5,2826,7.702282905578613
1,207,6,2869,7.697253227233887
1,207,7,1266,7.695477485656738
1,207,8,2574,7.624671459197998
1,207,9,2665,7.622002601623535
1,207,10,704,7.616527557373047
1,208,1,842,11.689067840576172
1,208,2,915,10.537288665771484
1,208,3,2562,10.241100311279297
1,208,4,2665,10.00381088256836
1,208,5,2557,9.947624206542969
1,208,6,1266,9.890277862548828
1,208,7,1,9.726388931274414
1,208,8,270,9.48199462890625
1,208,9,2802,9.459050178527832
1,208,10,356,9.452189445495605
1,209,1,270,13.929410934448242
1,209,2,899,13.897253036499023
1,209,3,842,13.754371643066406
1,209,4,784,13.749541282653809
1,209,5,2543,13.49118423461914
1,209,6,1,13.418401718139648
1,209,7,915,13.29812240600586
1,209,8,2562,13.179165840148926
1,209,9,2665,12.90350341796875
1,209,10,1739,12.893037796020508
1,210,1,1070,12.68731689453125
1,210,2,842,12.565505027770996
1,210,3,2322,12.43708610534668
1,210,4,915,12.053203582763672
1,210,5,1,11.927695274353027
1,210,6,2665,11.837594032287598
1,210,7,1265,11.702045440673828
1,210,8,1769,11.695940017700195
1,210,9,1266,11.694339752197266
1,210,10,2562,11.5645751953125
1,211,1,784,12.452268600463867
1,211,2,270,12.381060600280762
1,211,3,899,12.038520812988281
1,211,4,106,11.73231029510498
1,211,5,2543,11.713406562805176
1,211,6,1739,11.675289154052734
1,211,7,393,11.670906066894531
1,211,8,1275,11.503396987915039
1,211,9,1,11.220887184143066
1,211,10,2562,10.893381118774414
1,212,1,1,16.911123275756836
1,212,2,1070,16.75018310546875
1,212,3,842,16.749666213989258
1,212,4,915,16.734973907470703
1,212,5,270,16.42098045349121
1,212,6,2665,16.321598052978516
1,212,7,2562,16.303802490234375
1,212,8,622,16.224748611450195
1,212,9,1266,16.184101104736328
1,212,10,784,16.077640533447266
1,213,1,2365,10.011970520019531
1,213,2,784,9.964823722839355
1,213,3,270,9.880326271057129
1,213,4,106,9.499473571777344
1,213,5,899,9.498245239257812
1,213,6,1739,9.320770263671875
1,213,7,2513,9.305252075195312
1,213,8,1275,9.2830810546875
1,213,9,2923,9.225641250610352
1,213,10,393,9.213663101196289
1,216,1,270,15.002845764160156
1,216,2,784,14.881932258605957
1,216,3,1,14.538036346435547
1,216,4,899,14.319390296936035
1,216,5,842,14.177323341369629
1,216,6,1769,14.15349006652832
1,216,7,915,14.128499984741211
1,216,8,393,14.11104965209961
1,216,9,1739,14.042920112609863
1,216,10,2562,14.024831771850586
1,217,1,1,16.442712783813477
1,217,2,2322,16.089935302734375
1,217,3,1070,16.0382137298584
1,217,4,622,15.887425422668457
1,217,5,2785,15.887020111083984
1,217,6,915,15.622482299804688
1,217,7,2562,15.606643676757812
1,217,8,899,15.568357467651367
1,217,9,754,15.536690711975098
1,217,10,106,15.454662322998047
1,218,1,270,15.746953964233398
1,218,2,2785,15.23359489440918
1,218,3,1,14.833282470703125
1,218,4,774,14.580402374267578
1,218,5,106,14.449371337890625
1,218,6,622,14.361043930053711
1,218,7,899,14.324321746826172
1,218,8,2543,14.08272647857666
1,218,9,2562,14.053056716918945
1,218,10,915,13.941171646118164
1,219,1,1,15.890996932983398
1,219,2,899,15.692180633544922
1,219,3,2785,15.482185363769531
1,219,4,622,15.425905227661133
1,219,5,2543,15.333904266357422
1,219,6,2365,15.191217422485352
1,219,7,2562,15.013920783996582
1,219,8,915,14.98466968536377
1,219,9,2440,14.863521575927734
1,219,10,1266,14.823772430419922
1,220,1,1,16.617630004882812
1,220,2,2785,16.468822479248047
1,220,3,622,16.20267105102539
1,220,4,915,16.022293090820312
1,220,5,1275,15.960219383239746
1,220,6,2562,15.941368103027344
1,220,7,106,15.855710983276367
1,220,8,842,15.700908660888672
1,220,9,1266,15.678277969360352
1,220,10,2665,15.50243091583252
1,221,1,2708,13.000031471252441
1,221,2,1685,12.486847877502441
1,221,3,2024,11.528812408447266
1,221,4,880,11.504415512084961
1,221,5,1751,11.413371086120605
1,221,6,1827,11.250103950500488
1,221,7,572,11.215922355651855
1,221,8,1265,11.054962158203125
1,221,9,2622,10.991704940795898
1,221,10,1659,10.965248107910156
1,222,1,2708,14.070806503295898
1,222,2,1685,13.139472961425781
1,222,3,2024,12.627301216125488
1,222,4,880,12.606659889221191
1,222,5,1751,12.501471519470215
1,222,6,1827,12.16629695892334
1,222,7,572,12.160892486572266
1,222,8,2622,11.929878234863281
1,222,9,1659,11.894216537475586
1,222,10,2352,11.776766777038574
1,223,1,1070,15.928919792175293
1,223,2,2322,15.129261016845703
1,223,3,1685,14.110541343688965
1,223,4,2590,12.532069206237793
1,223,5,2093,12.526837348937988
1,223,6,2975,12.452044486999512
1,223,7,1827,12.371591567993164
1,223,8,2743,12.358777046203613
1,223,9,572,12.211620330810547
1,223,10,2024,12.142484664916992
1,226,1,189,14.570183753967285
1,226,2,2478,13.625312805175781
1,226,3,572,13.545186996459961
1,226,4,1171,12.56105899810791
1,226,5,666,11.726629257202148
1,226,6,597,11.675411224365234
1,226,7,63,11.255653381347656
1,226,8,2525,10.10184097290039
1,226,9,1070,9.969472885131836
1,226,10,1685,9.423856735229492
1,227,1,2478,15.426034927368164
1,227,2,1171,14.27607536315918
1,227,3,2622,13.834159851074219
1,227,4,666,13.390813827514648
1,227,5,597,13.319578170776367
1,227,6,63,12.781824111938477
1,227,7,2525,11.315741539001465
1,227,8,1070,10.648239135742188
1,227,9,1685,10.614767074584961
1,227,10,759,10.212947845458984
1,228,1,2708,11.169157028198242
1,228,2,2622,10.84401798248291
1,228,3,2478,10.836045265197754
1,228,4,108,10.641622543334961
1,228,5,666,9.471414566040039
1,228,6,597,9.368759155273438
1,228,7,1171,9.131814956665039
1,228,8,63,8.671713829040527
1,228,9,1817,8.653648376464844
1,228,10,2658,8.437788963317871
1,229,1,572,12.180357933044434
1,229,2,2478,11.939862251281738
1,229,3,2938,11.85986328125
1,229,4,2708,11.368894577026367
1,229,5,2185,10.704002380371094
1,229,6,1171,10.66804027557373
1,229,7,666,10.258139610290527
1,229,8,597,10.184810638427734
1,229,9,63,9.688711166381836
1,229,10,2994,9.013740539550781
1,230,1,189,10.845483779907227
1,230,2,572,10.428153991699219
1,230,3,2938,9.784466743469238
1,230,4,2478,9.776848793029785
1,230,5,1659,9.563451766967773
1,230,6,1817,9.330507278442383
1,230,7,2708,9.321258544921875
1,230,8,2622,9.10865592956543
1,230,9,2658,9.095380783081055
1,230,10,2283,8.880825996398926
1,231,1,1580,12.197267532348633
1,231,2,327,11.021894454956055
1,231,3,30,10.94228458404541
1,231,4,1202,10.88461971282959
1,231,5,1817,10.668394088745117
1,231,6,3059,10.497751235961914
1,231,7,2658,10.435647964477539
1,231,8,544,10.248194694519043
1,231,9,2286,10.227370262145996
1,231,10,2283,10.09085464477539
1,232,1,1202,12.173603057861328
1,232,2,327,11.785787582397461
1,232,3,3059,11.408636093139648
1,232,4,544,11.39986801147461
1,232,5,2286,11.364151000976562
1,232,6,193,11.298561096191406
1,232,7,1817,11.276203155517578
1,232,8,2658,11.179523468017578
1,232,9,380,11.165718078613281
1,232,10,1302,11.117280960083008
1,233,1,1202,12.000154495239258
1,233,2,1817,11.598581314086914
1,233,3,2658,11.57269287109375
1,233,4,327,11.478263854980469
1,233,5,380,11.43807601928711
1,233,6,2283,11.261783599853516
1,233,7,3059,11.005867004394531
1,233,8,484,10.878905296325684
1,233,9,137,10.826691627502441
1,233,10,1302,10.810178756713867
1,234,1,327,10.348270416259766
1,234,2,1600,10.317325592041016
1,234,3,1365,10.249079704284668
1,234,4,30,10.193537712097168
1,234,5,613,10.173490524291992
1,234,6,509,10.137517929077148
1,234,7,1754,10.014449119567871
1,234,8,193,10.010772705078125
1,234,9,257,9.930724143981934
1,234,10,1620,9.915790557861328
1,235,1,1580,10.630216598510742
1,235,2,327,10.525444030761719
1,235,3,1600,10.296774864196777
1,235,4,1365,10.181784629821777
1,235,5,613,10.087865829467773
1,235,6,30,9.972597122192383
1,235,7,948,9.875138282775879
1,235,8,1279,9.700063705444336
1,235,9,1429,9.689374923706055
1,235,10,2353,9.63601303100586
1,236,1,1600,9.642587661743164
1,236,2,1465,9.548992156982422
1,236,3,1365,9.34446907043457
1,236,4,2180,8.989411354064941
1,236,5,271,8.956076622009277
1,236,6,1632,8.94499397277832
1,236,7,1580,8.70128345489502
1,236,8,1628,8.683778762817383
1,236,9,2353,8.57232666015625
1,236,10,509,8.459761619567871
1,237,1,2180,11.792369842529297
1,237,2,1600,11.443981170654297
1,237,3,416,11.17275619506836
1,237,4,271,10.719108581542969
1,237,5,1365,10.715290069580078
1,237,6,567,10.48092269897461
1,237,7,1628,10.147775650024414
1,237,8,1413,10.111258506774902
1,237,9,31,9.971702575683594
1,237,10,2118,9.882255554199219
1,238,1,2916,10.386741638183594
1,238,2,1600,9.454307556152344
1,238,3,416,9.215852737426758
1,238,4,1365,8.897018432617188
1,238,5,271,8.551717758178711
1,238,6,1628,8.292204856872559
1,238,7,1413,8.266752243041992
1,238,8,2118,8.130868911743164
1,238,9,1580,8.08008861541748
1,238,10,509,8.076465606689453
1,239,1,1600,12.691509246826172
1,239,2,645,11.95751953125
1,239,3,271,11.956317901611328
1,239,4,416,11.946041107177734
1,239,5,1365,11.921138763427734
1,239,6,1720,11.636019706726074
1,239,7,1429,11.582502365112305
1,239,8,1279,11.316167831420898
1,239,9,327,11.131216049194336
1,239,10,1465,11.08668327331543
1,240,1,1600,10.538749694824219
1,240,2,2916,10.511775016784668
1,240,3,567,10.244531631469727
1,240,4,271,10.117384910583496
1,240,5,416,10.036676406860352
1,240,6,1628,9.942377090454102
1,240,7,1744,9.89869213104248
1,240,8,2892,9.80979061126709
1,240,9,2695,9.801233291625977
1,240,10,97,9.723901748657227
1,241,1,1600,12.373455047607422
1,241,2,271,11.905753135681152
1,241,3,645,11.78030014038086
1,241,4,2916,11.566802978515625
1,241,5,447,11.472365379333496
1,241,6,416,11.378835678100586
1,241,7,2009,11.047628402709961
1,241,8,1365,11.038137435913086
1,241,9,1346,11.032941818237305
1,241,10,567,10.929749488830566
1,242,1,2118,13.375690460205078
1,242,2,1600,13.021383285522461
1,242,3,645,12.656558990478516
1,242,4,271,12.533102035522461
1,242,5,1413,12.308649063110352
1,242,6,2916,12.294811248779297
1,242,7,416,12.011372566223145
1,242,8,2920,11.866823196411133
1,242,9,567,11.801292419433594
1,242,10,97,11.788763046264648
1,243,1,2118,11.890800476074219
1,243,2,1600,11.474050521850586
1,243,3,1413,11.134716033935547
1,243,4,271,11.00075912475586
1,243,5,2916,10.902458190917969
1,243,6,645,10.818994522094727
1,243,7,567,10.609895706176758
1,243,8,416,10.561162948608398
1,243,9,2892,10.517807960510254
1,243,10,97,10.493388175964355
1,244,1,2118,10.477983474731445
1,244,2,567,10.465025901794434
1,244,3,2345,10.352729797363281
1,244,4,2695,10.224376678466797
1,244,5,2892,10.164908409118652
1,244,6,97,10.144613265991211
1,244,7,2916,10.142972946166992
1,244,8,1232,10.121065139770508
1,244,9,1600,10.001656532287598
1,244,10,1893,9.870140075683594
1,245,1,567,8.420269012451172
1,245,2,2916,8.164634704589844
1,245,3,3032,8.122117042541504
1,245,4,2345,7.952661037445068
1,245,5,532,7.93355655670166
1,245,6,2660,7.928849697113037
1,245,7,2892,7.924464225769043
1,245,8,2118,7.913590908050537
1,245,9,128,7.879677772521973
1,245,10,2695,7.847202301025391
1,246,1,2916,9.366362571716309
1,246,2,97,9.122640609741211
1,246,3,1600,9.091525077819824
1,246,4,1761,9.071348190307617
1,246,5,567,8.975894927978516
1,246,6,2345,8.967565536499023
1,246,7,532,8.917516708374023
1,246,8,1744,8.749920845031738
1,246,9,1346,8.733710289001465
1,246,10,2892,8.698503494262695
1,247,1,514,9.88997745513916
1,247,2,483,9.799718856811523
1,247,3,3032,9.284439086914062
1,247,4,567,9.00439453125
1,247,5,1160,8.963693618774414
1,247,6,2297,8.963067054748535
1,247,7,998,8.92438793182373
1,247,8,2042,8.870516777038574
1,247,9,532,8.847624778747559
1,247,10,508,8.845821380615234
1,248,1,3032,8.8419189453125
1,248,2,567,8.201904296875
1,248,3,1448,8.024599075317383
1,248,4,2114,7.699198246002197
1,248,5,1160,7.651707172393799
1,248,6,2660,7.6159162521362305
1,248,7,2695,7.552083492279053
1,248,8,514,7.540127277374268
1,248,9,2302,7.496094703674316
1,248,10,1335,7.480465412139893
1,249,1,3032,9.737051010131836
1,249,2,364,9.229948043823242
1,249,3,1448,8.960691452026367
1,249,4,97,8.895660400390625
1,249,5,2344,8.695509910583496
1,249,6,567,8.63331413269043
1,249,7,1176,8.417871475219727
1,249,8,2114,8.40639877319336
1,249,9,857,8.331731796264648
1,249,10,514,8.322456359863281
1,250,1,2042,12.732227325439453
1,250,2,998,12.508634567260742
1,250,3,664,12.220126152038574
1,250,4,259,12.171098709106445
1,250,5,653,12.161694526672363
1,250,6,1376,12.085784912109375
1,250,7,2961,11.940086364746094
1,250,8,787,11.792989730834961
1,250,9,183,11.714742660522461
1,250,10,504,11.589813232421875
1,251,1,2042,16.06675910949707
1,251,2,259,15.497320175170898
1,251,3,183,15.484404563903809
1,251,4,787,15.420048713684082
1,251,5,664,15.373042106628418
1,251,6,2590,15.059828758239746
1,251,7,31,15.04354476928711
1,251,8,1716,14.953922271728516
1,251,9,2769,14.63723087310791
1,251,10,194,14.53692626953125
1,253,1,259,15.724167823791504
1,253,2,787,15.721311569213867
1,253,3,2590,15.588531494140625
1,253,4,1716,15.435135841369629
1,253,5,2769,15.269021034240723
1,253,6,194,14.940338134765625
1,253,7,1558,14.803380966186523
1,253,8,44,14.788483619689941
1,253,9,2743,14.688911437988281
1,253,10,998,14.637996673583984
1,254,1,2961,15.57191276550293
1,254,2,787,15.504158973693848
1,254,3,2590,15.416528701782227
1,254,4,259,15.367748260498047
1,254,5,1716,15.269286155700684
1,254,6,2769,15.00164794921875
1,254,7,194,14.795487403869629
1,254,8,44,14.607912063598633
1,254,9,1558,14.572148323059082
1,254,10,31,14.561254501342773
1,255,1,787,14.986353874206543
1,255,2,259,14.903093338012695
1,255,3,1716,14.043743133544922
1,255,4,2975,13.606851577758789
1,255,5,44,13.577851295471191
1,255,6,2743,13.563261032104492
1,255,7,653,13.40566349029541
1,255,8,1376,13.335832595825195
1,255,9,2093,13.046941757202148
1,255,10,31,12.644301414489746
1,256,1,787,15.241329193115234
1,256,2,2590,15.19785213470459
1,256,3,259,15.097917556762695
1,256,4,1716,14.87462329864502
1,256,5,2769,14.832812309265137
1,256,6,1558,14.57663631439209
1,256,7,194,14.520870208740234
1,256,8,183,14.39732551574707
1,256,9,44,14.242732048034668
1,256,10,2525,13.978282928466797
1,257,1,787,17.669246673583984
1,257,2,259,17.418848037719727
1,257,3,1716,16.905040740966797
1,257,4,2590,16.69689178466797
1,257,5,44,16.307416915893555
1,257,6,2525,15.897743225097656
1,257,7,105,15.128641128540039
1,257,8,63,15.052063941955566
1,257,9,2042,14.990412712097168
1,257,10,2274,14.84670639038086
1,258,1,2274,15.364335060119629
1,258,2,1383,15.216060638427734
1,258,3,2590,15.143187522888184
1,258,4,65,15.076330184936523
1,258,5,2480,15.059967041015625
1,258,6,2525,15.017891883850098
1,258,7,2603,14.96376895904541
1,258,8,2640,14.954896926879883
1,258,9,2743,14.817211151123047
1,258,10,2975,14.557098388671875
1,259,1,787,13.599505424499512
1,259,2,259,13.502876281738281
1,259,3,1716,12.934993743896484
1,259,4,44,12.757770538330078
1,259,5,2743,12.685419082641602
1,259,6,105,12.570819854736328
1,259,7,869,12.421040534973145
1,259,8,1558,12.405404090881348
1,259,9,65,12.303977966308594
1,259,10,2525,12.261481285095215
1,260,1,2525,18.120590209960938
1,260,2,63,17.415599822998047
1,260,3,105,17.164751052856445
1,260,4,869,16.71795082092285
1,260,5,2274,16.67626190185547
1,260,6,597,16.576467514038086
1,260,7,666,16.468338012695312
1,260,8,194,16.397598266601562
1,260,9,1383,16.320993423461914
1,260,10,2603,16.222688674926758
1,261,1,2640,16.647863388061523
1,261,2,1383,16.446834564208984
1,261,3,105,16.3939208984375
1,261,4,3048,16.18131446838379
1,261,5,2274,15.955560684204102
1,261,6,869,15.918989181518555
1,261,7,49,15.81718921661377
1,261,8,2480,15.21241569519043
1,261,9,65,14.87490463256836
1,261,10,1159,14.846923828125
1,262,1,105,16.33725929260254
1,262,2,869,16.203659057617188
1,262,3,787,15.845391273498535
1,262,4,2274,15.688743591308594
1,262,5,3048,15.634418487548828
1,262,6,1383,15.62450885772705
1,262,7,65,15.586005210876465
1,262,8,2480,15.540618896484375
1,262,9,2603,15.416825294494629
1,262,10,2640,15.406835556030273
1,263,1,1383,13.297965049743652
1,263,2,2274,12.961601257324219
1,263,3,2480,12.81700611114502
1,263,4,49,12.708660125732422
1,263,5,65,12.57807731628418
1,263,6,2603,12.182497024536133
1,263,7,1716,12.169562339782715
1,263,8,1159,12.069512367248535
1,263,9,2212,12.06765365600586
1,263,10,1380,11.832962036132812
1,264,1,105,16.222354888916016
1,264,2,1383,15.990942001342773
1,264,3,2274,15.569791793823242
1,264,4,2480,15.314477920532227
1,264,5,49,15.187131881713867
1,264,6,65,15.001605987548828
1,264,7,2603,14.606513023376465
1,264,8,1159,14.443950653076172
1,264,9,1907,14.083648681640625
1,264,10,2280,13.931354522705078
1,265,1,105,15.721034049987793
1,265,2,49,14.672307968139648
1,265,3,2212,14.259065628051758
1,265,4,1180,14.240985870361328
1,265,5,259,14.085391998291016
1,265,6,44,13.947458267211914
1,265,7,1907,13.914169311523438
1,265,8,1380,13.891538619995117
1,265,9,1498,13.866472244262695
1,265,10,701,13.83280086517334
1,266,1,65,14.775810241699219
1,266,2,2212,14.474552154541016
1,266,3,2603,14.403083801269531
1,266,4,1159,14.298273086547852
1,266,5,1907,14.132957458496094
1,266,6,1380,14.087137222290039
1,266,7,701,14.028129577636719
1,266,8,1498,14.008509635925293
1,266,9,259,13.987958908081055
1,266,10,44,13.978384017944336
1,267,1,105,14.754453659057617
1,267,2,2274,14.684762001037598
1,267,3,2480,13.891157150268555
1,267,4,1180,13.687738418579102
1,267,5,701,13.512929916381836
1,267,6,1498,13.422370910644531
1,267,7,2212,13.406697273254395
1,267,8,1750,12.924910545349121
1,267,9,2280,12.762056350708008
1,267,10,2710,12.729056358337402
1,268,1,2274,15.804590225219727
1,268,2,65,15.113046646118164
1,268,3,1180,15.097622871398926
1,268,4,2603,14.89745807647705
1,268,5,1159,14.738672256469727
1,268,6,44,14.547235488891602
1,268,7,1716,14.50892448425293
1,268,8,259,14.410612106323242
1,268,9,2429,14.20230484008789
1,268,10,2280,14.197352409362793
1,269,1,105,17.396883010864258
1,269,2,3048,17.233943939208984
1,269,3,2640,17.114517211914062
1,269,4,2274,16.942489624023438
1,269,5,869,16.941465377807617
1,269,6,1180,16.305376052856445
1,269,7,44,15.146993637084961
1,269,8,1716,15.066669464111328
1,269,9,2578,15.013266563415527
1,269,10,259,14.929296493530273
1,272,1,3048,17.134288787841797
1,272,2,105,16.872146606445312
1,272,3,869,16.77741813659668
1,272,4,2274,16.768417358398438
1,272,5,2640,16.751480102539062
1,272,6,2212,15.988470077514648
1,272,7,49,15.981554985046387
1,272,8,701,15.3411865234375
1,272,9,259,14.78781795501709
1,272,10,1498,14.740413665771484
1,273,1,3048,19.40475082397461
1,273,2,105,19.26744842529297
1,273,3,1383,19.15584373474121
1,273,4,869,19.072370529174805
1,273,5,2640,18.91881561279297
1,273,6,2480,18.51873779296875
1,273,7,65,18.4765567779541
1,273,8,49,18.273418426513672
1,273,9,2212,17.98282814025879
1,273,10,1380,17.67523956298828
1,274,1,3048,18.882911682128906
1,274,2,1383,18.496196746826172
1,274,3,869,18.454580307006836
1,274,4,105,18.44104766845703
1,274,5,2640,18.329910278320312
1,274,6,65,18.125072479248047
1,274,7,2480,17.875288009643555
1,274,8,49,17.610065460205078
1,274,9,2212,17.541942596435547
1,274,10,44,16.277301788330078
1,276,1,122,13.532841682434082
1,276,2,608,13.124143600463867
1,276,3,121,12.921235084533691
1,276,4,2280,12.80810546875
1,276,5,2111,12.770310401916504
1,276,6,2581,12.756187438964844
1,276,7,480,12.676024436950684
1,276,8,192,12.661798477172852
1,276,9,2578,12.606759071350098
1,276,10,2352,12.511871337890625
1,277,1,2024,10.035255432128906
1,277,2,880,10.01734733581543
1,277,3,1751,9.882577896118164
1,277,4,122,9.760869026184082
1,277,5,663,9.622087478637695
1,277,6,2578,9.576812744140625
1,277,7,2581,9.566462516784668
1,277,8,2111,9.561922073364258
1,277,9,2352,9.49500846862793
1,277,10,2742,9.442815780639648
1,278,1,2111,13.875704765319824
1,278,2,2581,13.771860122680664
1,278,3,2352,13.571866989135742
1,278,4,480,13.434490203857422
1,278,5,2578,13.252493858337402
1,278,6,2280,13.11301040649414
1,278,7,2742,13.03604507446289
1,278,8,49,12.967170715332031
1,278,9,2580,12.906515121459961
1,278,10,2525,12.890947341918945
1,279,1,2024,14.808387756347656
1,279,2,880,14.78863525390625
1,279,3,2525,14.675651550292969
1,279,4,1751,14.63305950164795
1,279,5,63,14.558563232421875
1,279,6,597,14.160188674926758
1,279,7,666,14.078534126281738
1,279,8,2352,13.897842407226562
1,279,9,1827,13.77092170715332
1,279,10,2111,13.662347793579102
1,280,1,49,11.367171287536621
1,280,2,2640,11.362671852111816
1,280,3,105,11.352571487426758
1,280,4,192,11.23885440826416
1,280,5,1383,11.147518157958984
1,280,6,608,11.094797134399414
1,280,7,121,11.003144264221191
1,280,8,2197,10.889424324035645
1,280,9,2274,10.87198543548584
1,280,10,719,10.774866104125977
1,282,1,2274,17.294307708740234
1,282,2,2640,17.229923248291016
1,282,3,1383,17.224510192871094
1,282,4,105,17.216083526611328
1,282,5,663,17.01388168334961
1,282,6,1159,16.26396942138672
1,282,7,869,16.233596801757812
1,282,8,3048,16.106088638305664
1,282,9,49,16.09071922302246
1,282,10,3053,15.965028762817383
1,283,1,105,15.286714553833008
1,283,2,2580,15.09237289428711
1,283,3,2640,15.055096626281738
1,283,4,2274,15.00071907043457
1,283,5,1383,14.970309257507324
1,283,6,663,14.705366134643555
1,283,7,49,14.251747131347656
1,283,8,3048,14.182456970214844
1,283,9,869,14.13578987121582
1,283,10,1159,13.996345520019531
1,284,1,1827,12.929369926452637
1,284,2,72,12.40371322631836
1,284,3,2163,12.354049682617188
1,284,4,502,12.192325592041016
1,284,5,121,12.094718933105469
1,284,6,2352,12.025630950927734
1,284,7,1786,11.967768669128418
1,284,8,480,11.94682788848877
1,284,9,2111,11.939529418945312
1,284,10,1002,11.882684707641602
1,285,1,1277,14.085540771484375
1,285,2,553,14.070587158203125
1,285,3,1827,14.04566764831543
1,285,4,2525,13.808372497558594
1,285,5,2403,13.355817794799805
1,285,6,646,13.323968887329102
1,285,7,72,13.282632827758789
1,285,8,63,13.280488014221191
1,285,9,387,13.269333839416504
1,285,10,2163,13.098148345947266
1,286,1,1827,14.979846954345703
1,286,2,1277,14.846269607543945
1,286,3,2403,14.519566535949707
1,286,4,646,14.488090515136719
1,286,5,387,14.472414016723633
1,286,6,2525,14.061668395996094
1,286,7,1002,13.893096923828125
1,286,8,1786,13.888153076171875
1,286,9,72,13.829605102539062
1,286,10,2163,13.65528392791748
1,287,1,2403,13.473203659057617
1,287,2,387,13.47167682647705
1,287,3,646,13.44807243347168
1,287,4,1827,13.283991813659668
1,287,5,1437,12.782344818115234
1,287,6,671,12.721711158752441
1,287,7,1786,12.655083656311035
1,287,8,72,12.611930847167969
1,287,9,502,12.59267520904541
1,287,10,2163,12.567214965820312
1,288,1,121,15.40270709991455
1,288,2,553,13.639480590820312
1,288,3,1466,13.617385864257812
1,288,4,122,13.542490005493164
1,288,5,3061,13.361373901367188
1,288,6,2111,13.327665328979492
1,288,7,637,13.324281692504883
1,288,8,663,13.259435653686523
1,288,9,795,13.171966552734375
1,288,10,2581,13.130914688110352
1,289,1,1277,11.159086227416992
1,289,2,637,11.124594688415527
1,289,3,1671,11.10464859008789
1,289,4,2075,11.041571617126465
1,289,5,1344,10.964542388916016
1,289,6,2084,10.945708274841309
1,289,7,1991,10.929722785949707
1,289,8,1422,10.807353973388672
1,289,9,555,10.794317245483398
1,289,10,2917,10.785785675048828
1,290,1,2554,11.564655303955078
1,290,2,1528,11.332986831665039
1,290,3,453,10.177021980285645
1,290,4,2922,10.076318740844727
1,290,5,2952,9.920944213867188
1,290,6,2075,9.591558456420898
1,290,7,533,9.532901763916016
1,290,8,1725,9.181951522827148
1,290,9,2084,9.152008056640625
1,290,10,1671,9.147665023803711
1,291,1,2922,9.360759735107422
1,291,2,453,9.02263355255127
1,291,3,555,8.986164093017578
1,291,4,1053,8.726256370544434
1,291,5,3061,8.569677352905273
1,291,6,121,8.564998626708984
1,291,7,2075,8.490345001220703
1,291,8,2929,8.425344467163086
1,291,9,482,8.416315078735352
1,291,10,2264,8.358194351196289
1,292,1,2554,12.510534286499023
1,292,2,2486,11.443035125732422
1,292,3,2929,11.072399139404297
1,292,4,555,11.07144832611084
1,292,5,2616,10.77477741241455
1,292,6,2922,10.763177871704102
1,292,7,3061,10.724193572998047
1,292,8,2128,10.718181610107422
1,292,9,2294,10.62429428100586
1,292,10,2431,10.578458786010742
1,293,1,2090,10.40858268737793
1,293,2,2929,9.195110321044922
1,293,3,2128,8.965024948120117
1,293,4,453,8.956666946411133
1,293,5,2616,8.954529762268066
1,293,6,2922,8.890302658081055
1,293,7,3040,8.83723258972168
1,293,8,2431,8.832340240478516
1,293,9,2486,8.812519073486328
1,293,10,285,8.757329940795898
1,294,1,2128,16.958301544189453
1,294,2,2672,16.311473846435547
1,294,3,1381,15.667245864868164
1,294,4,3040,15.591482162475586
1,294,5,2140,15.370757102966309
1,294,6,1101,15.269143104553223
1,294,7,533,14.922954559326172
1,294,8,1336,14.64724063873291
1,294,9,121,14.526308059692383
1,294,10,663,13.562742233276367
1,295,1,3061,20.567859649658203
1,295,2,2431,19.927501678466797
1,295,3,3040,19.35018539428711
1,295,4,121,19.339923858642578
1,295,5,2140,19.121631622314453
1,295,6,2274,17.922203063964844
1,295,7,663,17.896121978759766
1,295,8,1383,17.72180938720703
1,295,9,2640,17.684913635253906
1,295,10,122,17.317047119140625
1,297,1,2616,19.32974624633789
1,297,2,3061,19.24039077758789
1,297,3,1101,18.412630081176758
1,297,4,121,18.023345947265625
1,297,5,2274,17.812543869018555
1,297,6,1383,17.321212768554688
1,297,7,2640,17.113243103027344
1,297,8,663,16.974802017211914
1,297,9,869,16.861385345458984
1,297,10,1159,16.85320281982422
1,298,1,121,22.266048431396484
1,298,2,2274,21.10081672668457
1,298,3,1383,21.02079963684082
1,298,4,2640,20.92949867248535
1,298,5,663,20.761669158935547
1,298,6,3048,20.595142364501953
1,298,7,122,20.436756134033203
1,298,8,869,20.275678634643555
1,298,9,1794,20.266429901123047
1,298,10,1159,20.008623123168945
1,299,1,2274,14.501937866210938
1,299,2,869,14.489962577819824
1,299,3,1383,14.38455581665039
1,299,4,3048,14.152338027954102
1,299,5,65,14.133504867553711
1,299,6,2640,14.1138916015625
1,299,7,2603,14.024041175842285
1,299,8,1159,13.794065475463867
1,299,9,105,13.783594131469727
1,299,10,2128,13.73757266998291
1,300,1,65,8.345846176147461
1,300,2,259,8.324127197265625
1,300,3,2603,8.119223594665527
1,300,4,869,8.004255294799805
1,300,5,3048,7.914121627807617
1,300,6,2978,7.866576194763184
1,300,7,787,7.794317245483398
1,300,8,1498,7.738468170166016
1,300,9,105,7.576627254486084
1,300,10,2274,7.568266868591309
1,302,1,65,7.965219974517822
1,302,2,3048,7.724008560180664
1,302,3,2603,7.5877885818481445
1,302,4,1498,7.451286315917969
1,302,5,1383,7.443777084350586
1,302,6,869,7.425304412841797
1,302,7,2640,7.410269260406494
1,302,8,1159,7.379000663757324
1,302,9,2274,7.344698429107666
1,302,10,259,7.242254257202148
1,303,1,1920,9.006522178649902
1,303,2,1116,7.953280448913574
1,303,3,1481,7.909633636474609
1,303,4,65,7.774095058441162
1,303,5,2603,7.422863960266113
1,303,6,3048,7.404843330383301
1,303,7,1498,7.289440155029297
1,303,8,2686,7.249222755432129
1,303,9,869,7.144362449645996
1,303,10,1995,7.082418441772461
1,304,1,1995,13.790975570678711
1,304,2,2623,13.621994972229004
1,304,3,562,13.514217376708984
1,304,4,1611,13.47203254699707
1,304,5,1116,13.398849487304688
1,304,6,1498,13.352312088012695
1,304,7,59,13.282523155212402
1,304,8,2686,13.254693031311035
1,304,9,1823,12.630071640014648
1,304,10,357,12.602178573608398
1,305,1,1116,12.076608657836914
1,305,2,1611,11.51890754699707
1,305,3,2686,11.430314064025879
1,305,4,1701,11.392953872680664
1,305,5,1498,11.201484680175781
1,305,6,2974,11.172051429748535
1,305,7,1811,11.166422843933105
1,305,8,69,11.069917678833008
1,305,9,1571,10.905869483947754
1,305,10,1868,10.422406196594238
1,306,1,357,13.107467651367188
1,306,2,2623,13.10190200805664
1,306,3,562,12.794971466064453
1,306,4,1823,12.737817764282227
1,306,5,1868,12.650653839111328
1,306,6,1701,12.611374855041504
1,306,7,1995,12.51557445526123
1,306,8,1811,12.509958267211914
1,306,9,1571,12.39064884185791
1,306,10,1449,12.32557487487793
1,307,1,1611,14.659372329711914
1,307,2,2686,14.651731491088867
1,307,3,59,14.329289436340332
1,307,4,1823,14.249804496765137
1,307,5,1116,14.005186080932617
1,307,6,65,13.436958312988281
1,307,7,2274,13.374507904052734
1,307,8,1369,13.223155975341797
1,307,9,1206,13.15289306640625
1,307,10,1159,13.08497428894043
1,308,1,562,16.01043128967285
1,308,2,1995,15.871368408203125
1,308,3,2686,15.57945442199707
1,308,4,1868,15.542194366455078
1,308,5,69,15.289366722106934
1,308,6,1498,15.209962844848633
1,308,7,59,15.016618728637695
1,308,8,1206,14.640602111816406
1,308,9,1369,14.509771347045898
1,308,10,1158,14.099190711975098
1,309,1,1498,17.05068588256836
1,309,2,562,16.854534149169922
1,309,3,1571,16.82250213623047
1,309,4,1823,15.720911026000977
1,309,5,1868,15.63599967956543
1,309,6,65,15.079835891723633
1,309,7,2274,14.73300552368164
1,309,8,1159,14.452878952026367
1,309,9,1369,14.288944244384766
1,309,10,1206,14.243669509887695
1,310,1,1701,17.46905517578125
1,310,2,1498,17.2751407623291
1,310,3,2974,16.945728302001953
1,310,4,1611,16.278078079223633
1,310,5,1868,16.016891479492188
1,310,6,65,15.680837631225586
1,310,7,2274,15.456232070922852
1,310,8,1159,15.126008033752441
1,310,9,2603,14.982749938964844
1,310,10,1369,14.840940475463867
1,311,1,1498,17.229780197143555
1,311,2,1995,16.823549270629883
1,311,3,65,16.62698745727539
1,311,4,2974,16.510169982910156
1,311,5,1611,15.949886322021484
1,311,6,2274,15.836772918701172
1,311,7,2603,15.825984001159668
1,311,8,1159,15.676473617553711
1,311,9,1383,15.23921012878418
1,311,10,59,15.196094512939453
1,312,1,1206,11.795650482177734
1,312,2,1369,11.397042274475098
1,312,3,357,11.390531539916992
1,312,4,1701,11.309406280517578
1,312,5,1571,11.299436569213867
1,312,6,1611,11.166444778442383
1,312,7,2106,10.998140335083008
1,312,8,1995,10.997834205627441
1,312,9,1781,10.971920013427734
1,312,10,2623,10.9602632522583
1,314,1,1206,16.223846435546875
1,314,2,1158,15.425938606262207
1,314,3,2106,15.388235092163086
1,314,4,357,15.190596580505371
1,314,5,1571,15.08776569366455
1,314,6,1701,14.737606048583984
1,314,7,984,14.726165771484375
1,314,8,562,14.61830997467041
1,314,9,1827,14.390857696533203
1,314,10,2176,14.305011749267578
1,315,1,2106,12.592357635498047
1,315,2,385,11.559800148010254
1,315,3,1964,11.430766105651855
1,315,4,2500,11.429712295532227
1,315,5,1571,11.375761032104492
1,315,6,1995,11.22378921508789
1,315,7,2176,11.176163673400879
1,315,8,562,11.163461685180664
1,315,9,1701,11.146360397338867
1,315,10,2956,11.03270149230957
1,316,1,2106,14.957653045654297
1,316,2,2500,14.227646827697754
1,316,3,2956,13.858147621154785
1,316,4,1781,13.728658676147461
1,316,5,2176,13.706941604614258
1,316,6,1964,13.505809783935547
1,316,7,380,13.292821884155273
1,316,8,2363,13.176379203796387
1,316,9,455,12.998116493225098
1,316,10,1221,12.81649398803711
1,317,1,1206,15.642782211303711
1,317,2,1369,13.921426773071289
1,317,3,2500,13.296443939208984
1,317,4,2956,12.976419448852539
1,317,5,1221,12.301509857177734
1,317,6,2170,12.220605850219727
1,317,7,455,12.196163177490234
1,317,8,2363,12.138290405273438
1,317,9,63,12.06418228149414
1,317,10,1723,12.044584274291992
1,318,1,1206,14.243901252746582
1,318,2,1158,13.744263648986816
1,318,3,984,13.064767837524414
1,318,4,1541,12.59915542602539
1,318,5,2500,12.354669570922852
1,318,6,380,12.279705047607422
1,318,7,2956,11.885730743408203
1,318,8,455,11.550210952758789
1,318,9,2170,11.539155960083008
1,318,10,1202,11.409795761108398
1,319,1,1206,13.164580345153809
1,319,2,1369,12.787040710449219
1,319,3,2106,12.646684646606445
1,319,4,633,12.63482666015625
1,319,5,1158,12.573065757751465
1,319,6,1781,12.467120170593262
1,319,7,385,12.454419136047363
1,319,8,1868,12.164175033569336
1,319,9,357,12.161478996276855
1,319,10,1541,12.131487846374512
1,321,1,2956,10.942770957946777
1,321,2,72,10.691564559936523
1,321,3,2363,10.686525344848633
1,321,4,2163,10.53532600402832
1,321,5,1827,10.53171157836914
1,321,6,502,10.475266456604004
1,321,7,1062,10.441221237182617
1,321,8,1991,10.410991668701172
1,321,9,1422,10.339710235595703
1,321,10,203,10.332904815673828
1,322,1,1206,11.962093353271484
1,322,2,1369,11.450217247009277
1,322,3,1158,11.434321403503418
1,322,4,633,11.417302131652832
1,322,5,859,11.097819328308105
1,322,6,1781,11.069568634033203
1,322,7,385,10.987434387207031
1,322,8,1367,10.918256759643555
1,322,9,1541,10.861434936523438
1,322,10,195,10.784332275390625
1,323,1,2956,13.788209915161133
1,323,2,2296,13.693673133850098
1,323,3,72,13.63776969909668
1,323,4,2917,13.599905014038086
1,323,5,2363,13.560493469238281
1,323,6,1827,13.528926849365234
1,323,7,2084,13.511367797851562
1,323,8,1991,13.47496509552002
1,323,9,1062,13.470867156982422
1,323,10,502,13.436253547668457
1,324,1,1206,13.671016693115234
1,324,2,1158,13.241533279418945
1,324,3,1369,12.97305965423584
1,324,4,195,12.644481658935547
1,324,5,1964,12.207822799682617
1,324,6,633,12.153478622436523
1,324,7,1198,12.11799430847168
1,324,8,1571,11.843820571899414
1,324,9,859,11.79918098449707
1,324,10,1781,11.755695343017578
1,325,1,2363,11.750157356262207
1,325,2,2084,11.648187637329102
1,325,3,1422,11.60197925567627
1,325,4,2296,11.550603866577148
1,325,5,1707,11.533717155456543
1,325,6,203,11.479206085205078
1,325,7,1064,11.47487735748291
1,325,8,637,11.439979553222656
1,325,9,2078,11.263025283813477
1,325,10,1030,11.243688583374023
1,326,1,387,10.462900161743164
1,326,2,2403,10.456378936767578
1,326,3,646,10.45551872253418
1,326,4,1827,10.356446266174316
1,326,5,671,10.267535209655762
1,326,6,1962,10.125873565673828
1,326,7,1367,10.120450973510742
1,326,8,2106,10.106119155883789
1,326,9,195,10.09725570678711
1,326,10,72,10.031500816345215
1,327,1,2296,13.981305122375488
1,327,2,387,13.827644348144531
1,327,3,1707,13.795902252197266
1,327,4,2403,13.725302696228027
1,327,5,646,13.678445816040039
1,327,6,671,13.657732009887695
1,327,7,2956,13.568839073181152
1,327,8,1422,13.458284378051758
1,327,9,1688,13.430824279785156
1,327,10,1962,13.384832382202148
1,328,1,2296,14.642791748046875
1,328,2,1707,14.570510864257812
1,328,3,203,14.368529319763184
1,328,4,1062,14.071029663085938
1,328,5,2956,14.036168098449707
1,328,6,1053,13.859403610229492
1,328,7,2363,13.846885681152344
1,328,8,387,13.78353214263916
1,328,9,2403,13.702959060668945
1,328,10,671,13.698989868164062
1,329,1,1991,13.116744995117188
1,329,2,2956,13.088922500610352
1,329,3,387,13.058477401733398
1,329,4,1062,13.022784233093262
1,329,5,2075,12.989688873291016
1,329,6,1671,12.97569751739502
1,329,7,104,12.956295013427734
1,329,8,2403,12.928943634033203
1,329,9,637,12.886161804199219
1,329,10,2363,12.878101348876953
1,330,1,2956,11.623640060424805
1,330,2,2363,11.442805290222168
1,330,3,1827,11.441650390625
1,330,4,1991,11.425224304199219
1,330,5,2296,11.41366958618164
1,330,6,1062,11.381327629089355
1,330,7,387,11.367405891418457
1,330,8,2403,11.312694549560547
1,330,9,637,11.264298439025879
1,330,10,646,11.242454528808594
1,331,1,2075,14.400213241577148
1,331,2,1991,14.172622680664062
1,331,3,1671,14.102396011352539
1,331,4,104,14.096799850463867
1,331,5,1062,13.939676284790039
1,331,6,637,13.9098539352417
1,331,7,2956,13.722461700439453
1,331,8,1053,13.719785690307617
1,331,9,387,13.68792724609375
1,331,10,2484,13.66323184967041
1,332,1,2264,10.640188217163086
1,332,2,671,10.558999061584473
1,332,3,2078,10.347662925720215
1,332,4,2075,10.312606811523438
1,332,5,1030,10.298192977905273
1,332,6,779,10.262604713439941
1,332,7,2084,10.130899429321289
1,332,8,2917,10.125732421875
1,332,9,628,10.062506675720215
1,332,10,1991,10.051994323730469
1,333,1,1655,14.64339542388916
1,333,2,774,14.347299575805664
1,333,3,2107,14.33968448638916
1,333,4,2261,14.273591995239258
1,333,5,2870,14.172664642333984
1,333,6,2785,14.073022842407227
1,333,7,2602,13.920036315917969
1,333,8,2705,13.691596984863281
1,333,9,2145,13.64803409576416
1,333,10,2384,13.472681045532227
1,334,1,90,12.486207962036133
1,334,2,900,12.441287994384766
1,334,3,2309,12.43376636505127
1,334,4,2927,12.164569854736328
1,334,5,523,12.032064437866211
1,334,6,1692,11.755033493041992
1,334,7,1655,11.640134811401367
1,334,8,2107,11.543163299560547
1,334,9,899,10.982747077941895
1,334,10,1491,10.848884582519531
1,335,1,90,14.953189849853516
1,335,2,788,14.895363807678223
1,335,3,2309,14.889145851135254
1,335,4,2927,14.477188110351562
1,335,5,1692,14.229251861572266
1,335,6,2261,13.639455795288086
1,335,7,2602,13.452043533325195
1,335,8,774,12.952596664428711
1,335,9,103,12.874463081359863
1,335,10,249,12.863836288452148
1,336,1,90,13.496652603149414
1,336,2,2309,13.230901718139648
1,336,3,2927,13.101311683654785
1,336,4,523,12.952418327331543
1,336,5,900,12.605674743652344
1,336,6,2107,11.979043960571289
1,336,7,196,11.629194259643555
1,336,8,2384,11.577987670898438
1,336,9,103,11.576948165893555
1,336,10,2145,11.54359245300293
1,337,1,774,13.169052124023438
1,337,2,2785,12.886558532714844
1,337,3,784,12.280830383300781
1,337,4,270,12.275181770324707
1,337,5,1275,12.113880157470703
1,337,6,3017,12.040397644042969
1,337,7,493,12.029373168945312
1,337,8,393,11.951299667358398
1,337,9,2261,11.936044692993164
1,337,10,1739,11.852083206176758
1,338,1,788,14.53126049041748
1,338,2,1779,13.954887390136719
1,338,3,2107,13.373392105102539
1,338,4,2145,13.028544425964355
1,338,5,1491,12.998210906982422
1,338,6,774,12.896234512329102
1,338,7,249,12.68457317352295
1,338,8,2384,12.481111526489258
1,338,9,2061,12.355286598205566
1,338,10,2785,12.276423454284668
1,339,1,788,13.13292121887207
1,339,2,2927,13.061161994934082
1,339,3,1779,12.66897964477539
1,339,4,1491,12.403409957885742
1,339,5,774,12.36029052734375
1,339,6,2785,12.11216926574707
1,339,7,2705,11.803640365600586
1,339,8,2061,11.779792785644531
1,339,9,2145,11.696213722229004
1,339,10,493,11.501659393310547
1,340,1,788,14.500567436218262
1,340,2,523,14.391122817993164
1,340,3,1779,13.97125244140625
1,340,4,774,13.894735336303711
1,340,5,2261,13.778587341308594
1,340,6,1491,13.57825756072998
1,340,7,2785,13.469691276550293
1,340,8,2061,12.919294357299805
1,340,9,2705,12.883293151855469
1,340,10,493,12.812381744384766
1,341,1,1002,14.367624282836914
1,341,2,1786,13.968387603759766
1,341,3,2163,13.504274368286133
1,341,4,502,13.495809555053711
1,341,5,2525,13.413583755493164
1,341,6,2956,13.355003356933594
1,341,7,671,13.095550537109375
1,341,8,2363,13.08596420288086
1,341,9,63,13.021652221679688
1,341,10,2500,12.90177059173584
1,342,1,1827,10.322198867797852
1,342,2,387,10.061395645141602
1,342,3,2403,9.914684295654297
1,342,4,646,9.869427680969238
1,342,5,2525,9.234817504882812
1,342,6,671,9.020833969116211
1,342,7,718,8.970779418945312
1,342,8,72,8.902755737304688
1,342,9,2312,8.869319915771484
1,342,10,779,8.829249382019043
1,343,1,788,14.766185760498047
1,343,2,1655,14.472238540649414
1,343,3,1779,14.214128494262695
1,343,4,2107,14.156634330749512
1,343,5,2870,14.036066055297852
1,343,6,774,14.021265029907227
1,343,7,1491,13.598308563232422
1,343,8,2602,13.558634757995605
1,343,9,2785,13.463541984558105
1,343,10,2145,13.391128540039062
1,345,1,1827,15.996889114379883
1,345,2,1793,15.464553833007812
1,345,3,2525,15.185478210449219
1,345,4,1002,14.800393104553223
1,345,5,1472,14.791873931884766
1,345,6,63,14.683000564575195
1,345,7,2007,14.534648895263672
1,345,8,1786,14.451868057250977
1,345,9,482,14.370708465576172
1,345,10,72,14.282785415649414
1,346,1,671,14.536267280578613
1,346,2,1827,14.016775131225586
1,346,3,2264,13.987019538879395
1,346,4,2525,13.655359268188477
1,346,5,2785,13.347177505493164
1,346,6,718,13.113866806030273
1,346,7,1002,13.031206130981445
1,346,8,493,13.02169418334961
1,346,9,63,13.009821891784668
1,346,10,1786,12.85086441040039
1,347,1,387,13.584291458129883
1,347,2,2403,13.430379867553711
1,347,3,646,13.355491638183594
1,347,4,1070,12.456253051757812
1,347,5,1978,12.222217559814453
1,347,6,2525,12.198118209838867
1,347,7,63,12.013849258422852
1,347,8,2322,11.980871200561523
1,347,9,597,11.67477035522461
1,347,10,666,11.647870063781738
1,348,1,387,9.755847930908203
1,348,2,2403,9.755260467529297
1,348,3,646,9.727973937988281
1,348,4,718,9.72538948059082
1,348,5,553,9.71450424194336
1,348,6,176,9.665971755981445
1,348,7,1437,9.637152671813965
1,348,8,1277,9.537848472595215
1,348,9,783,9.494135856628418
1,348,10,719,9.492576599121094
1,349,1,2525,12.407365798950195
1,349,2,63,11.781169891357422
1,349,3,2403,11.424530029296875
1,349,4,387,11.402887344360352
1,349,5,646,11.398499488830566
1,349,6,718,11.321026802062988
1,349,7,597,11.127227783203125
1,349,8,666,11.052482604980469
1,349,9,1897,11.006572723388672
1,349,10,783,10.929991722106934
1,350,1,1827,13.866338729858398
1,350,2,2525,12.16877555847168
1,350,3,63,11.578125953674316
1,350,4,2007,11.49894905090332
1,350,5,2403,11.425357818603516
1,350,6,387,11.403278350830078
1,350,7,646,11.398391723632812
1,350,8,718,11.389642715454102
1,350,9,783,11.026179313659668
1,350,10,553,11.018031120300293
1,351,1,1827,13.380337715148926
1,351,2,2525,11.698708534240723
1,351,3,63,11.106574058532715
1,351,4,2007,11.033655166625977
1,351,5,2403,10.974201202392578
1,351,6,387,10.958030700683594
1,351,7,646,10.948785781860352
1,351,8,718,10.875842094421387
1,351,9,553,10.538689613342285
1,351,10,783,10.535771369934082
1,352,1,270,15.604920387268066
1,352,2,1769,15.478959083557129
1,352,3,784,15.374950408935547
1,352,4,622,15.036871910095215
1,352,5,2322,14.974048614501953
1,352,6,1070,14.819906234741211
1,352,7,393,14.701606750488281
1,352,8,2785,14.599699020385742
1,352,9,1739,14.581619262695312
1,352,10,1265,14.211324691772461
1,353,1,270,16.491186141967773
1,353,2,2785,16.357799530029297
1,353,3,1,16.326133728027344
1,353,4,784,16.22854995727539
1,353,5,1769,15.947563171386719
1,353,6,842,15.574560165405273
1,353,7,393,15.570165634155273
1,353,8,2322,15.54616928100586
1,353,9,1739,15.47813606262207
1,353,10,1070,15.388960838317871
1,354,1,270,17.126359939575195
1,354,2,784,16.866458892822266
1,354,3,1769,16.837892532348633
1,354,4,2322,16.524654388427734
1,354,5,1070,16.400667190551758
1,354,6,2785,16.361248016357422
1,354,7,393,16.04979705810547
1,354,8,754,16.04428482055664
1,354,9,1739,16.02485466003418
1,354,10,2440,15.698712348937988
1,355,1,270,15.9166259765625
1,355,2,784,15.723917961120605
1,355,3,1769,15.366833686828613
1,355,4,2785,15.171180725097656
1,355,5,393,15.045886993408203
1,355,6,1739,14.948993682861328
1,355,7,1266,14.894400596618652
1,355,8,2322,14.70737075805664
1,355,9,1070,14.530840873718262
1,355,10,1275,14.509393692016602
1,356,1,270,16.643688201904297
1,356,2,784,16.424776077270508
1,356,3,1769,16.322998046875
1,356,4,2785,16.167081832885742
1,356,5,842,15.997568130493164
1,356,6,2322,15.780820846557617
1,356,7,393,15.688953399658203
1,356,8,1070,15.58749008178711
1,356,9,1739,15.547603607177734
1,356,10,899,15.32578182220459
1,359,1,2643,15.872475624084473
1,359,2,2785,15.65807819366455
1,359,3,2752,14.853519439697266
1,359,4,2365,14.783370018005371
1,359,5,3017,14.713988304138184
1,359,6,774,14.70746898651123
1,359,7,535,14.677433013916016
1,359,8,2272,14.64997673034668
1,359,9,2369,14.648590087890625
1,359,10,521,14.626992225646973
1,360,1,2643,15.872475624084473
1,360,2,2785,15.65807819366455
1,360,3,2752,14.853519439697266
1,360,4,2365,14.783370018005371
1,360,5,3017,14.713988304138184
1,360,6,774,14.70746898651123
1,360,7,535,14.677433013916016
1,360,8,2272,14.64997673034668
1,360,9,2369,14.648590087890625
1,360,10,521,14.626992225646973
1,361,1,2643,15.872475624084473
1,361,2,2785,15.65807819366455
1,361,3,2752,14.853519439697266
1,361,4,2365,14.783370018005371
1,361,5,3017,14.713988304138184
1,361,6,774,14.70746898651123
1,361,7,535,14.677433013916016
1,361,8,2272,14.64997673034668
1,361,9,2369,14.648590087890625
1,361,10,521,14.626992225646973
1,362,1,2643,15.872475624084473
1,362,2,2785,15.65807819366455
1,362,3,2752,14.853519439697266
1,362,4,2365,14.783370018005371
1,362,5,3017,14.713988304138184
1,362,6,774,14.70746898651123
1,362,7,535,14.677433013916016
1,362,8,2272,14.64997673034668
1,362,9,2369,14.648590087890625
1,362,10,521,14.626992225646973
1,363,1,2643,15.92337703704834
1,363,2,2785,15.65865707397461
1,363,3,2752,14.905267715454102
1,363,4,2365,14.799591064453125
1,363,5,3017,14.725711822509766
1,363,6,2369,14.720898628234863
1,363,7,535,14.71390151977539
1,363,8,774,14.708019256591797
1,363,9,2272,14.68458366394043
1,363,10,521,14.641012191772461
1,364,1,1653,12.970966339111328
1,364,2,418,12.740694046020508
1,364,3,2956,11.776769638061523
1,364,4,2917,11.714605331420898
1,364,5,2363,11.607925415039062
1,364,6,1422,11.574541091918945
1,364,7,2084,11.540687561035156
1,364,8,203,11.51829719543457
1,364,9,1760,11.497298240661621
1,364,10,1707,11.490007400512695
1,365,1,2500,9.994919776916504
1,365,2,2956,9.643102645874023
1,365,3,2078,9.592777252197266
1,365,4,1478,9.505661010742188
1,365,5,2971,9.50241470336914
1,365,6,1653,9.45895004272461
1,365,7,2363,9.415918350219727
1,365,8,2106,9.217636108398438
1,365,9,1964,9.187253952026367
1,365,10,1962,9.18299388885498
1,366,1,418,11.703245162963867
1,366,2,1030,11.51771354675293
1,366,3,2500,11.505359649658203
1,366,4,2956,11.115127563476562
1,366,5,1962,10.97396183013916
1,366,6,1367,10.851346969604492
1,366,7,2363,10.836593627929688
1,366,8,2971,10.828086853027344
1,366,9,2106,10.712081909179688
1,366,10,859,10.696638107299805
1,367,1,1203,12.91908073425293
1,367,2,2917,12.12637710571289
1,367,3,2084,11.969526290893555
1,367,4,2296,11.922379493713379
1,367,5,1760,11.883270263671875
1,367,6,860,11.86880111694336
1,367,7,1422,11.864863395690918
1,367,8,1707,11.828352928161621
1,367,9,2075,11.821372032165527
1,367,10,2090,11.804529190063477
1,368,1,1653,12.96247386932373
1,368,2,418,12.730481147766113
1,368,3,2917,11.80091667175293
1,368,4,2956,11.786383628845215
1,368,5,2363,11.652175903320312
1,368,6,2084,11.620916366577148
1,368,7,1422,11.598777770996094
1,368,8,1760,11.54338264465332
1,368,9,1707,11.536151885986328
1,368,10,203,11.523855209350586
1,369,1,2464,16.457969665527344
1,369,2,1108,16.037487030029297
1,369,3,2888,15.996521949768066
1,369,4,2929,14.632536888122559
1,369,5,1794,14.602516174316406
1,369,6,2672,14.399727821350098
1,369,7,2128,14.282537460327148
1,369,8,864,13.861061096191406
1,369,9,3040,13.828816413879395
1,369,10,2140,13.669473648071289
1,370,1,1398,13.819877624511719
1,370,2,477,13.65014362335205
1,370,3,1108,13.486618041992188
1,370,4,1794,12.09014892578125
1,370,5,864,11.847892761230469
1,370,6,2929,11.791814804077148
1,370,7,2672,11.73213005065918
1,370,8,2128,11.433637619018555
1,370,9,3040,11.178908348083496
1,370,10,2140,11.093015670776367
1,371,1,1606,17.454849243164062
1,371,2,272,16.97675323486328
1,371,3,1108,16.37936782836914
1,371,4,1794,15.395706176757812
1,371,5,2929,15.10947036743164
1,371,6,2672,15.049104690551758
1,371,7,2128,14.655289649963379
1,371,8,3040,14.476984977722168
1,371,9,864,14.335161209106445
1,371,10,2140,14.329805374145508
1,372,1,1826,17.774288177490234
1,372,2,2321,17.75098991394043
1,372,3,1678,15.593244552612305
1,372,4,1794,15.015316009521484
1,372,5,2672,14.718439102172852
1,372,6,2929,14.636676788330078
1,372,7,864,14.545442581176758
1,372,8,2128,14.226297378540039
1,372,9,3040,14.082204818725586
1,372,10,2140,13.988805770874023
1,373,1,477,18.114910125732422
1,373,2,1347,17.973026275634766
1,373,3,2441,17.7216796875
1,373,4,1794,15.652597427368164
1,373,5,2929,15.334816932678223
1,373,6,2672,15.100459098815918
1,373,7,2128,14.898906707763672
1,373,8,864,14.64065933227539
1,373,9,285,14.42844009399414
1,373,10,3040,14.367963790893555
1,374,1,1606,19.59954261779785
1,374,2,2321,19.511804580688477
1,374,3,1678,16.91939926147461
1,374,4,1794,15.949174880981445
1,374,5,864,15.409467697143555
1,374,6,2929,15.300580978393555
1,374,7,2672,15.253225326538086
1,374,8,2128,14.840079307556152
1,374,9,285,14.595664024353027
1,374,10,3040,14.37572956085205
1,375,1,272,18.461410522460938
1,375,2,477,18.238483428955078
1,375,3,1678,16.611021041870117
1,375,4,1794,16.21471405029297
1,375,5,2672,15.813657760620117
1,375,6,2929,15.745767593383789
1,375,7,2128,15.349196434020996
1,375,8,864,15.29960823059082
1,375,9,3040,15.244590759277344
1,375,10,2140,15.110063552856445
1,378,1,1606,17.73421859741211
1,378,2,2321,17.662002563476562
1,378,3,2441,16.68525505065918
1,378,4,1794,14.583582878112793
1,378,5,2929,14.140902519226074
1,378,6,864,14.04603385925293
1,378,7,2672,13.942412376403809
1,378,8,2128,13.68618392944336
1,378,9,285,13.36532974243164
1,378,10,2616,13.221131324768066
1,379,1,1606,17.518491744995117
1,379,2,2739,17.170379638671875
1,379,3,918,16.916213989257812
1,379,4,1794,14.821197509765625
1,379,5,2929,14.75101089477539
1,379,6,2672,14.596036911010742
1,379,7,2128,14.42032241821289
1,379,8,864,14.130514144897461
1,379,9,3040,13.904363632202148
1,379,10,2140,13.785603523254395
1,380,1,2321,20.31269073486328
1,380,2,2739,20.044742584228516
1,380,3,272,19.95572853088379
1,380,4,1794,16.387081146240234
1,380,5,2929,15.976358413696289
1,380,6,2672,15.716862678527832
1,380,7,864,15.579182624816895
1,380,8,2128,15.564879417419434
1,380,9,285,15.017050743103027
1,380,10,3040,14.985586166381836
1,381,1,1347,14.72967529296875
1,381,2,918,14.65479564666748
1,381,3,1678,13.095519065856934
1,381,4,1794,12.484739303588867
1,381,5,2929,11.87385368347168
1,381,6,864,11.779685974121094
1,381,7,2672,11.7003812789917
1,381,8,2128,11.425453186035156
1,381,9,285,11.385164260864258
1,381,10,2616,11.240252494812012
1,383,1,1606,17.139497756958008
1,383,2,272,16.638500213623047
1,383,3,477,16.486270904541016
1,383,4,1794,13.736490249633789
1,383,5,864,13.574129104614258
1,383,6,2929,13.204916000366211
1,383,7,2672,12.998628616333008
1,383,8,2128,12.750540733337402
1,383,9,285,12.47732162475586
1,383,10,2616,12.347698211669922
1,385,1,1826,19.158069610595703
1,385,2,477,18.540863037109375
1,385,3,2687,17.419946670532227
1,385,4,1794,15.331684112548828
1,385,5,864,15.257306098937988
1,385,6,2929,14.99803638458252
1,385,7,2672,14.766772270202637
1,385,8,2128,14.519598960876465
1,385,9,285,14.240409851074219
1,385,10,2616,14.134136199951172
1,386,1,2888,19.787076950073242
1,386,2,2687,19.31253433227539
1,386,3,1678,18.492372512817383
1,386,4,1794,17.80230712890625
1,386,5,2672,17.39666748046875
1,386,6,2929,17.28329849243164
1,386,7,2128,16.869455337524414
1,386,8,864,16.748260498046875
1,386,9,3040,16.691848754882812
1,386,10,2140,16.58336067199707
1,387,1,2464,18.162519454956055
1,387,2,477,17.978408813476562
1,387,3,2687,16.89562225341797
1,387,4,1794,15.813325881958008
1,387,5,2929,15.441948890686035
1,387,6,2672,15.258743286132812
1,387,7,864,15.130317687988281
1,387,8,2128,14.939067840576172
1,387,9,285,14.526787757873535
1,387,10,3040,14.491193771362305
1,388,1,1108,18.38573455810547
1,388,2,2441,18.3033390045166
1,388,3,2687,17.795761108398438
1,388,4,1794,15.95886516571045
1,388,5,2929,15.56093978881836
1,388,6,2672,15.371288299560547
1,388,7,864,15.362277030944824
1,388,8,2128,15.14500904083252
1,388,9,3040,14.72397232055664
1,388,10,2140,14.6489839553833
1,391,1,1398,17.01473045349121
1,391,2,1347,16.723026275634766
1,391,3,2888,16.332111358642578
1,391,4,1794,14.806981086730957
1,391,5,2672,14.531505584716797
1,391,6,2929,14.506098747253418
1,391,7,2128,14.165247917175293
1,391,8,864,13.924322128295898
1,391,9,3040,13.838860511779785
1,391,10,2140,13.745458602905273
1,392,1,2156,10.167718887329102
1,392,2,2558,10.064906120300293
1,392,3,2104,9.716733932495117
1,392,4,105,9.254300117492676
1,392,5,1383,9.213790893554688
1,392,6,49,9.033801078796387
1,392,7,2274,8.969966888427734
1,392,8,2640,8.966545104980469
1,392,9,65,8.933565139770508
1,392,10,1159,8.805127143859863
1,395,1,716,10.769794464111328
1,395,2,2104,10.042789459228516
1,395,3,40,9.092733383178711
1,395,4,2368,8.889455795288086
1,395,5,668,8.817662239074707
1,395,6,2862,8.784650802612305
1,395,7,598,8.767393112182617
1,395,8,1383,8.76376724243164
1,395,9,1963,8.758732795715332
1,395,10,2355,8.75285816192627
1,396,1,1102,12.074243545532227
1,396,2,641,11.853593826293945
1,396,3,2082,11.817326545715332
1,396,4,40,10.268156051635742
1,396,5,2287,10.191398620605469
1,396,6,2368,9.868826866149902
1,396,7,1686,9.860508918762207
1,396,8,1720,9.754018783569336
1,396,9,599,9.711862564086914
1,396,10,1142,9.700605392456055
1,397,1,1379,10.201078414916992
1,397,2,1301,10.17812442779541
1,397,3,206,10.135824203491211
1,397,4,609,10.101588249206543
1,397,5,89,9.923074722290039
1,397,6,475,9.450843811035156
1,397,7,527,9.437895774841309
1,397,8,2504,9.027013778686523
1,397,9,2080,8.963488578796387
1,397,10,189,8.881322860717773
1,398,1,2568,11.088979721069336
1,398,2,2136,10.851847648620605
1,398,3,2910,10.48238754272461
1,398,4,1379,10.172781944274902
1,398,5,1307,10.08753776550293
1,398,6,2112,10.035894393920898
1,398,7,2504,9.677831649780273
1,398,8,2643,9.269637107849121
1,398,9,2830,9.248714447021484
1,398,10,1491,9.196229934692383
1,399,1,2830,9.110784530639648
1,399,2,2136,8.36375617980957
1,399,3,189,8.358924865722656
1,399,4,206,7.922821998596191
1,399,5,609,7.898022651672363
1,399,6,572,7.687534809112549
1,399,7,2938,7.653558254241943
1,399,8,2595,7.202042102813721
1,399,9,475,7.174872875213623
1,399,10,1673,7.171426773071289
1,400,1,2136,10.058167457580566
1,400,2,1307,9.838719367980957
1,400,3,2910,9.816184043884277
1,400,4,2830,9.68241024017334
1,400,5,1301,9.39565658569336
1,400,6,2568,9.265869140625
1,400,7,2080,8.822418212890625
1,400,8,2235,8.78508186340332
1,400,9,189,8.235272407531738
1,400,10,572,8.234137535095215
1,401,1,2108,11.824347496032715
1,401,2,2607,11.706892013549805
1,401,3,1963,9.797605514526367
1,401,4,49,9.725279808044434
1,401,5,1383,9.706341743469238
1,401,6,2368,9.654705047607422
1,401,7,719,9.653882026672363
1,401,8,2274,9.640201568603516
1,401,9,105,9.627573013305664
1,401,10,1437,9.607168197631836
1,403,1,2830,11.214900016784668
1,403,2,1379,11.004585266113281
1,403,3,89,10.673169136047363
1,403,4,2568,10.278578758239746
1,403,5,475,10.26735782623291
1,403,6,527,10.261876106262207
1,403,7,2080,9.733007431030273
1,403,8,2504,9.690776824951172
1,403,9,189,9.007173538208008
1,403,10,2112,8.824082374572754
1,404,1,1570,10.275696754455566
1,404,2,1307,9.81005573272705
1,404,3,2758,9.640493392944336
1,404,4,2568,8.855561256408691
1,404,5,475,8.708654403686523
1,404,6,189,8.705304145812988
1,404,7,527,8.641826629638672
1,404,8,2504,8.385993957519531
1,404,9,2080,8.217692375183105
1,404,10,2938,8.151397705078125
1,405,1,1307,12.674389839172363
1,405,2,1379,12.62069034576416
1,405,3,1570,12.41537857055664
1,405,4,196,12.336206436157227
1,405,5,82,12.31314468383789
1,405,6,2830,12.228606224060059
1,405,7,1333,12.215935707092285
1,405,8,1301,12.04992961883545
1,405,9,2758,11.863676071166992
1,405,10,89,11.575105667114258
1,406,1,1307,11.394609451293945
1,406,2,1570,11.312522888183594
1,406,3,2830,11.224984169006348
1,406,4,1379,11.099529266357422
1,406,5,1301,10.759012222290039
1,406,6,2758,10.666240692138672
1,406,7,89,10.458433151245117
1,406,8,2235,9.805436134338379
1,406,9,2112,9.183144569396973
1,406,10,82,8.731189727783203
1,407,1,196,12.196016311645508
1,407,2,1167,11.494485855102539
1,407,3,774,11.392378807067871
1,407,4,2817,11.295673370361328
1,407,5,539,11.110974311828613
1,407,6,3017,10.984426498413086
1,407,7,788,10.934051513671875
1,407,8,493,10.931232452392578
1,407,9,521,10.852828025817871
1,407,10,1408,10.795623779296875
1,408,1,196,10.712434768676758
1,408,2,475,10.513267517089844
1,408,3,2136,9.8438138961792
1,408,4,206,9.630794525146484
1,408,5,609,9.514907836914062
1,408,6,2910,9.403570175170898
1,408,7,1167,9.25572395324707
1,408,8,1491,9.170181274414062
1,408,9,788,9.147019386291504
1,408,10,493,9.134366989135742
1,409,1,2785,11.291398048400879
1,409,2,3017,10.829697608947754
1,409,3,539,10.337611198425293
1,409,4,1408,10.176640510559082
1,409,5,521,10.167789459228516
1,409,6,671,9.542573928833008
1,409,7,2927,9.504731178283691
1,409,8,2309,9.437061309814453
1,409,9,90,9.429908752441406
1,409,10,900,9.41489028930664
1,410,1,774,14.547395706176758
1,410,2,493,13.532670974731445
1,410,3,2906,13.433255195617676
1,410,4,2397,13.190200805664062
1,410,5,2188,13.040775299072266
1,410,6,2488,12.699287414550781
1,410,7,1491,12.107707023620605
1,410,8,82,12.090109825134277
1,410,9,1333,12.080098152160645
1,410,10,2365,11.82396125793457
1,411,1,270,13.358072280883789
1,411,2,784,13.2575101852417
1,411,3,2488,13.090020179748535
1,411,4,393,13.03915023803711
1,411,5,1275,12.95366096496582
1,411,6,1739,12.779805183410645
1,411,7,2264,12.4805908203125
1,411,8,671,12.473136901855469
1,411,9,1878,12.393362045288086
1,411,10,2365,12.372142791748047
1,412,1,493,13.300642967224121
1,412,2,270,11.966289520263672
1,412,3,784,11.783517837524414
1,412,4,393,11.431215286254883
1,412,5,671,11.408979415893555
1,412,6,1275,11.407686233520508
1,412,7,2264,11.362313270568848
1,412,8,1739,11.290364265441895
1,412,9,387,11.214000701904297
1,412,10,1878,11.162420272827148
1,413,1,774,11.262235641479492
1,413,2,2785,11.023365020751953
1,413,3,493,10.427541732788086
1,413,4,2609,9.075397491455078
1,413,5,2272,8.848461151123047
1,413,6,103,8.679634094238281
1,413,7,2018,8.406044006347656
1,413,8,2790,8.379369735717773
1,413,9,2365,8.265580177307129
1,413,10,671,8.224142074584961
1,414,1,3017,13.678157806396484
1,414,2,270,12.64643383026123
1,414,3,784,12.542217254638672
1,414,4,1275,12.230180740356445
1,414,5,671,12.176593780517578
1,414,6,2488,12.157312393188477
1,414,7,393,12.124786376953125
1,414,8,1739,12.060073852539062
1,414,9,2264,12.054649353027344
1,414,10,617,11.791701316833496
1,415,1,1791,11.208845138549805
1,415,2,201,10.889009475708008
1,415,3,112,10.588417053222656
1,415,4,755,9.788711547851562
1,415,5,2609,9.695411682128906
1,415,6,2359,9.339142799377441
1,415,7,2761,9.324888229370117
1,415,8,538,9.25534439086914
1,415,9,957,9.138431549072266
1,415,10,576,9.088281631469727
1,416,1,2609,11.156566619873047
1,416,2,1884,10.804408073425293
1,416,3,1791,10.6748046875
1,416,4,201,10.647256851196289
1,416,5,112,10.506440162658691
1,416,6,3019,10.423827171325684
1,416,7,1467,10.3154296875
1,416,8,2028,10.287818908691406
1,416,9,91,10.262454986572266
1,416,10,2911,10.241299629211426
1,417,1,2609,10.398469924926758
1,417,2,585,10.002573013305664
1,417,3,2308,9.93586540222168
1,417,4,2272,9.461542129516602
1,417,5,1884,9.364513397216797
1,417,6,1696,9.321700096130371
1,417,7,957,9.191274642944336
1,417,8,293,9.14961051940918
1,417,9,343,9.134981155395508
1,417,10,854,9.13087272644043
1,418,1,2911,12.506216049194336
1,418,2,957,12.461219787597656
1,418,3,1467,12.337472915649414
1,418,4,2205,12.179332733154297
1,418,5,2272,11.895015716552734
1,418,6,293,11.654600143432617
1,418,7,1696,11.611156463623047
1,418,8,1884,11.608180046081543
1,418,9,201,11.500225067138672
1,418,10,2028,11.413810729980469
1,419,1,1196,10.607099533081055
1,419,2,2183,9.863195419311523
1,419,3,3010,9.715385437011719
1,419,4,2609,9.028582572937012
1,419,5,2359,8.937076568603516
1,419,6,755,8.888258934020996
1,419,7,2205,8.737641334533691
1,419,8,2761,8.649781227111816
1,419,9,538,8.579113006591797
1,419,10,1579,8.53683090209961
1,420,1,2826,11.751627922058105
1,420,2,1884,11.742353439331055
1,420,3,201,11.17622184753418
1,420,4,2790,11.04532241821289
1,420,5,2609,9.93556022644043
1,420,6,2359,9.868112564086914
1,420,7,2205,9.447701454162598
1,420,8,957,9.425960540771484
1,420,9,538,9.418586730957031
1,420,10,2725,9.412738800048828
1,421,1,2609,12.099712371826172
1,421,2,1517,11.216829299926758
1,421,3,535,11.126590728759766
1,421,4,826,11.10944938659668
1,421,5,3019,10.603055953979492
1,421,6,1696,10.560701370239258
1,421,7,1884,10.539762496948242
1,421,8,2028,10.473281860351562
1,421,9,594,10.450027465820312
1,421,10,576,10.40948486328125
1,422,1,1696,12.050281524658203
1,422,2,3019,11.838861465454102
1,422,3,2028,11.602027893066406
1,422,4,174,11.34836483001709
1,422,5,2369,10.976001739501953
1,422,6,2790,10.958730697631836
1,422,7,434,10.6851806640625
1,422,8,2725,10.519923210144043
1,422,9,910,10.490939140319824
1,422,10,1040,10.469625473022461
1,423,1,704,10.767147064208984
1,423,2,2790,10.594388961791992
1,423,3,1196,10.311345100402832
1,423,4,112,9.623624801635742
1,423,5,2609,9.513280868530273
1,423,6,2557,9.33106803894043
1,423,7,1767,9.306697845458984
1,423,8,747,9.270261764526367
1,423,9,957,9.147024154663086
1,423,10,2205,9.065451622009277
1,424,1,826,11.671283721923828
1,424,2,2721,10.991199493408203
1,424,3,2785,10.77334213256836
1,424,4,2790,10.597288131713867
1,424,5,774,10.573740005493164
1,424,6,2365,10.424924850463867
1,424,7,2188,10.362028121948242
1,424,8,1767,10.337324142456055
1,424,9,112,10.273279190063477
1,424,10,3017,10.159996032714844
1,425,1,2272,11.522004127502441
1,425,2,535,10.49798583984375
1,425,3,270,10.47332763671875
1,425,4,784,10.467437744140625
1,425,5,2365,10.253498077392578
1,425,6,1517,10.14733600616455
1,425,7,2562,10.078057289123535
1,425,8,2609,9.999326705932617
1,425,9,915,9.921760559082031
1,425,10,842,9.920499801635742
1,427,1,2609,10.067146301269531
1,427,2,2272,9.862079620361328
1,427,3,826,9.639265060424805
1,427,4,2790,9.521405220031738
1,427,5,2308,9.464094161987305
1,427,6,2359,9.395650863647461
1,427,7,1884,9.355794906616211
1,427,8,1791,9.352367401123047
1,427,9,1618,9.346542358398438
1,427,10,201,9.289459228515625
1,428,1,2785,11.50829792022705
1,428,2,774,11.302136421203613
1,428,3,2365,11.262632369995117
1,428,4,2609,11.170828819274902
1,428,5,2188,11.058926582336426
1,428,6,594,10.961135864257812
1,428,7,3017,10.831180572509766
1,428,8,784,10.817240715026855
1,428,9,493,10.747041702270508
1,428,10,2397,10.683683395385742
1,429,1,2785,11.50829792022705
1,429,2,774,11.302136421203613
1,429,3,2365,11.262632369995117
1,429,4,2609,11.170828819274902
1,429,5,2188,11.058926582336426
1,429,6,594,10.961135864257812
1,429,7,3017,10.831180572509766
1,429,8,784,10.817240715026855
1,429,9,493,10.747041702270508
1,429,10,2397,10.683683395385742
1,430,1,2785,11.50829792022705
1,430,2,774,11.302136421203613
1,430,3,2365,11.262632369995117
1,430,4,2609,11.170828819274902
1,430,5,2188,11.058926582336426
1,430,6,594,10.961135864257812
1,430,7,3017,10.831180572509766
1,430,8,784,10.817240715026855
1,430,9,493,10.747041702270508
1,430,10,2397,10.683683395385742
1,435,1,2609,10.94236946105957
1,435,2,2790,10.689287185668945
1,435,3,3019,10.659746170043945
1,435,4,1791,10.625484466552734
1,435,5,1884,10.613431930541992
1,435,6,1696,10.513010025024414
1,435,7,201,10.378458023071289
1,435,8,2028,10.341717720031738
1,435,9,91,10.250402450561523
1,435,10,1196,10.23179817199707
1,436,1,2609,10.677751541137695
1,436,2,2790,10.425246238708496
1,436,3,1696,10.241987228393555
1,436,4,3019,10.211751937866211
1,436,5,1884,10.187047958374023
1,436,6,1791,10.113044738769531
1,436,7,2272,9.969245910644531
1,436,8,201,9.938617706298828
1,436,9,2028,9.923154830932617
1,436,10,826,9.846460342407227
1,437,1,2609,9.323736190795898
1,437,2,2790,9.162139892578125
1,437,3,3019,9.125004768371582
1,437,4,2028,9.047168731689453
1,437,5,1696,9.02269458770752
1,437,6,1884,8.94233512878418
1,437,7,1791,8.935972213745117
1,437,8,201,8.922110557556152
1,437,9,2700,8.894339561462402
1,437,10,1196,8.708383560180664
1,438,1,2609,9.503639221191406
1,438,2,2272,9.3768949508667
1,438,3,826,9.302738189697266
1,438,4,535,9.196247100830078
1,438,5,1467,9.009592056274414
1,438,6,2911,9.001134872436523
1,438,7,1618,8.91237735748291
1,438,8,112,8.799936294555664
1,438,9,2721,8.773775100708008
1,438,10,594,8.746118545532227
1,439,1,704,12.811058044433594
1,439,2,2826,12.800930976867676
1,439,3,2790,12.458782196044922
1,439,4,201,12.19184684753418
1,439,5,1467,12.150497436523438
1,439,6,1696,12.088857650756836
1,439,7,1884,12.075641632080078
1,439,8,1196,12.06939697265625
1,439,9,2183,12.039959907531738
1,439,10,2205,12.026897430419922
1,441,1,2790,11.689512252807617
1,441,2,2826,11.569314956665039
1,441,3,704,11.367609024047852
1,441,4,1696,11.359888076782227
1,441,5,1884,11.272619247436523
1,441,6,3019,11.176223754882812
1,441,7,2609,11.070499420166016
1,441,8,201,11.039789199829102
1,441,9,2028,11.033300399780273
1,441,10,91,10.921323776245117
1,443,1,1386,10.00302791595459
1,443,2,1611,9.935997009277344
1,443,3,1221,9.884273529052734
1,443,4,1198,9.802156448364258
1,443,5,1153,9.783079147338867
1,443,6,1674,9.762422561645508
1,443,7,1354,9.704095840454102
1,443,8,562,9.668243408203125
1,443,9,2686,9.660419464111328
1,443,10,2493,9.646818161010742
1,445,1,2173,10.727659225463867
1,445,2,58,9.614302635192871
1,445,3,453,9.388691902160645
1,445,4,2018,8.972686767578125
1,445,5,667,8.949075698852539
1,445,6,2922,8.883621215820312
1,445,7,1725,8.397795677185059
1,445,8,1481,8.382011413574219
1,445,9,2678,8.291678428649902
1,445,10,1466,8.238451957702637
1,446,1,581,10.308765411376953
1,446,2,2173,10.058512687683105
1,446,3,466,9.820176124572754
1,446,4,667,8.90404987335205
1,446,5,2018,8.784936904907227
1,446,6,2609,8.261007308959961
1,446,7,2704,8.214893341064453
1,446,8,176,8.186467170715332
1,446,9,1277,8.159754753112793
1,446,10,1466,8.10554313659668
1,448,1,1587,12.662729263305664
1,448,2,2210,12.501307487487793
1,448,3,2704,12.459638595581055
1,448,4,2615,12.395336151123047
1,448,5,665,12.279001235961914
1,448,6,1048,12.267767906188965
1,448,7,1184,12.157857894897461
1,448,8,1200,12.118356704711914
1,448,9,2643,12.10952091217041
1,448,10,1718,11.868003845214844
1,449,1,2210,14.519153594970703
1,449,2,2615,14.476536750793457
1,449,3,672,14.214790344238281
1,449,4,2704,14.130537986755371
1,449,5,1048,13.993134498596191
1,449,6,1200,13.727533340454102
1,449,7,1718,13.340478897094727
1,449,8,2643,13.04993724822998
1,449,9,301,12.759496688842773
1,449,10,3079,12.7371244430542
1,450,1,1587,10.640114784240723
1,450,2,665,10.203983306884766
1,450,3,1184,9.720874786376953
1,450,4,1048,9.720850944519043
1,450,5,507,9.503782272338867
1,450,6,1200,9.466499328613281
1,450,7,833,9.197046279907227
1,450,8,2391,9.142276763916016
1,450,9,3079,9.12358283996582
1,450,10,1718,8.992904663085938
1,451,1,1587,12.181501388549805
1,451,2,665,11.585086822509766
1,451,3,2210,11.315229415893555
1,451,4,2615,11.30099105834961
1,451,5,2704,11.228619575500488
1,451,6,1184,10.87142562866211
1,451,7,672,10.716039657592773
1,451,8,3079,10.676589965820312
1,451,9,1200,10.635220527648926
1,451,10,1718,10.283105850219727
1,452,1,1587,13.71058464050293
1,452,2,2210,13.62908935546875
1,452,3,1048,13.615850448608398
1,452,4,507,13.57814884185791
1,452,5,2615,13.570465087890625
1,452,6,2643,13.543248176574707
1,452,7,1184,13.401455879211426
1,452,8,2704,13.377735137939453
1,452,9,421,13.368677139282227
1,452,10,665,13.226842880249023
1,453,1,1587,12.022148132324219
1,453,2,2210,11.367391586303711
1,453,3,189,11.2481689453125
1,453,4,1009,11.23067855834961
1,453,5,1659,11.16609001159668
1,453,6,2622,11.0374116897583
1,453,7,672,11.000200271606445
1,453,8,2938,10.827896118164062
1,453,9,1048,10.809173583984375
1,453,10,2219,10.700551986694336
1,454,1,2704,11.566655158996582
1,454,2,1048,11.373556137084961
1,454,3,507,11.147431373596191
1,454,4,3079,10.965387344360352
1,454,5,2814,10.881407737731934
1,454,6,1200,10.866445541381836
1,454,7,833,10.770512580871582
1,454,8,1718,10.496501922607422
1,454,9,394,10.450042724609375
1,454,10,191,10.271831512451172
1,455,1,665,12.861472129821777
1,455,2,1009,12.624173164367676
1,455,3,672,12.283966064453125
1,455,4,2912,11.912845611572266
1,455,5,507,11.77454948425293
1,455,6,3079,11.558891296386719
1,455,7,2814,11.545576095581055
1,455,8,394,11.38687801361084
1,455,9,301,11.333073616027832
1,455,10,191,11.31369686126709
1,456,1,1587,15.279994010925293
1,456,2,1009,14.599973678588867
1,456,3,672,14.36817741394043
1,456,4,2704,14.30146598815918
1,456,5,2912,14.046712875366211
1,456,6,507,13.949982643127441
1,456,7,2814,13.650599479675293
1,456,8,394,13.34570598602295
1,456,9,301,13.336983680725098
1,456,10,191,13.131022453308105
1,457,1,1009,14.000297546386719
1,457,2,2704,13.299466133117676
1,457,3,672,12.825246810913086
1,457,4,2912,12.406455993652344
1,457,5,507,12.392477989196777
1,457,6,2814,12.293143272399902
1,457,7,1200,12.145434379577637
1,457,8,394,11.894430160522461
1,457,9,301,11.865267753601074
1,457,10,191,11.813616752624512
1,458,1,1009,11.063053131103516
1,458,2,2704,10.588801383972168
1,458,3,1048,10.268854141235352
1,458,4,1200,9.65943431854248
1,458,5,2938,9.605500221252441
1,458,6,833,9.597016334533691
1,458,7,3079,9.575486183166504
1,458,8,189,9.391523361206055
1,458,9,1718,9.209634780883789
1,458,10,1659,9.100746154785156
1,459,1,1723,9.96653938293457
1,459,2,1158,9.954425811767578
1,459,3,1206,9.901361465454102
1,459,4,1674,9.678438186645508
1,459,5,2018,9.422290802001953
1,459,6,2106,9.400739669799805
1,459,7,2488,9.018829345703125
1,459,8,2423,9.004969596862793
1,459,9,984,8.98721694946289
1,459,10,1369,8.847318649291992
1,460,1,1158,9.242133140563965
1,460,2,1206,9.108704566955566
1,460,3,984,8.867130279541016
1,460,4,2493,8.783966064453125
1,460,5,2106,8.688362121582031
1,460,6,1541,8.62855339050293
1,460,7,1781,8.544576644897461
1,460,8,633,8.284709930419922
1,460,9,1221,8.08347225189209
1,460,10,1369,7.986523628234863
1,461,1,1158,9.685063362121582
1,461,2,1206,9.511207580566406
1,461,3,2106,9.206950187683105
1,461,4,984,8.785900115966797
1,461,5,554,8.719882011413574
1,461,6,1541,8.633342742919922
1,461,7,1781,8.56376838684082
1,461,8,633,8.488314628601074
1,461,9,2488,8.48028564453125
1,461,10,2423,8.420305252075195
1,462,1,1158,10.721027374267578
1,462,2,1206,10.676115036010742
1,462,3,2106,10.173736572265625
1,462,4,984,9.918018341064453
1,462,5,1541,9.733617782592773
1,462,6,1781,9.682390213012695
1,462,7,633,9.576017379760742
1,462,8,1369,9.436137199401855
1,462,9,444,9.433858871459961
1,462,10,1221,9.106542587280273
1,463,1,1158,10.98920726776123
1,463,2,1206,10.826108932495117
1,463,3,1723,10.65713119506836
1,463,4,2106,10.347618103027344
1,463,5,2423,9.986671447753906
1,463,6,2018,9.818476676940918
1,463,7,2488,9.815108299255371
1,463,8,2173,9.749061584472656
1,463,9,1258,9.721874237060547
1,463,10,513,9.652267456054688
1,467,1,1206,13.268569946289062
1,467,2,1158,12.689868927001953
1,467,3,984,12.345812797546387
1,467,4,1369,12.259783744812012
1,467,5,2106,12.124934196472168
1,467,6,2931,12.1015625
1,467,7,1541,12.0902738571167
1,467,8,1781,12.048383712768555
1,467,9,905,11.867538452148438
1,467,10,633,11.683979034423828
1,468,1,1206,14.46389102935791
1,468,2,1158,13.707416534423828
1,468,3,1369,13.648025512695312
1,468,4,2157,13.375532150268555
1,468,5,1781,13.267059326171875
1,468,6,984,13.252607345581055
1,468,7,575,13.181747436523438
1,468,8,1541,13.172857284545898
1,468,9,2106,13.170488357543945
1,468,10,633,12.82595157623291
1,469,1,774,9.143818855285645
1,469,2,2906,9.099605560302734
1,469,3,2188,9.091642379760742
1,469,4,2488,8.910125732421875
1,469,5,2397,8.884020805358887
1,469,6,2018,8.679346084594727
1,469,7,1158,8.647865295410156
1,469,8,2423,8.525127410888672
1,469,9,3017,8.475656509399414
1,469,10,493,8.432341575622559
1,470,1,1206,11.99087905883789
1,470,2,1158,11.403501510620117
1,470,3,1369,11.080817222595215
1,470,4,984,11.016359329223633
1,470,5,2106,10.938791275024414
1,470,6,1781,10.708634376525879
1,470,7,1541,10.681331634521484
1,470,8,2862,10.576255798339844
1,470,9,668,10.540417671203613
1,470,10,2355,10.411502838134766
1,471,1,2643,14.13756275177002
1,471,2,717,13.634946823120117
1,471,3,1412,13.456281661987305
1,471,4,2972,13.45217514038086
1,471,5,294,13.322357177734375
1,471,6,359,12.988993644714355
1,471,7,398,12.939474105834961
1,471,8,2256,12.83779525756836
1,471,9,2141,12.807272911071777
1,471,10,520,12.425812721252441
1,472,1,2643,15.971879959106445
1,472,2,1412,14.931312561035156
1,472,3,2972,14.768414497375488
1,472,4,717,14.588613510131836
1,472,5,398,14.309043884277344
1,472,6,294,14.223487854003906
1,472,7,359,14.057302474975586
1,472,8,520,13.966333389282227
1,472,9,2141,13.951369285583496
1,472,10,306,13.465694427490234
1,474,1,717,14.382166862487793
1,474,2,2972,14.305877685546875
1,474,3,1412,14.265951156616211
1,474,4,359,13.880669593811035
1,474,5,398,13.709722518920898
1,474,6,2643,13.689343452453613
1,474,7,2141,13.624591827392578
1,474,8,2256,13.541081428527832
1,474,9,520,13.518232345581055
1,474,10,294,13.378849029541016
1,475,1,717,15.742216110229492
1,475,2,359,15.197261810302734
1,475,3,2972,14.926188468933105
1,475,4,398,14.312268257141113
1,475,5,520,14.138880729675293
1,475,6,2643,14.09207534790039
1,475,7,2141,14.070775032043457
1,475,8,1809,13.827032089233398
1,475,9,294,13.660131454467773
1,475,10,127,13.404982566833496
1,476,1,717,14.07592487335205
1,476,2,1447,13.846050262451172
1,476,3,359,13.593454360961914
1,476,4,2972,13.56043815612793
1,476,5,707,13.290340423583984
1,476,6,1412,13.2169189453125
1,476,7,398,12.782958984375
1,476,8,520,12.684465408325195
1,476,9,1809,12.114084243774414
1,476,10,294,12.103843688964844
1,477,1,359,15.422920227050781
1,477,2,1412,15.261908531188965
1,477,3,2972,15.042279243469238
1,477,4,398,14.32032585144043
1,477,5,2643,14.206008911132812
1,477,6,2141,14.201129913330078
1,477,7,520,14.126105308532715
1,477,8,294,13.88414192199707
1,477,9,2432,13.844854354858398
1,477,10,127,13.777181625366211
1,478,1,717,16.308856964111328
1,478,2,2972,15.688027381896973
1,478,3,359,15.635015487670898
1,478,4,1412,15.593805313110352
1,478,5,2141,14.936700820922852
1,478,6,398,14.901481628417969
1,478,7,127,14.84397029876709
1,478,8,2643,14.831474304199219
1,478,9,294,14.72697639465332
1,478,10,1698,14.60284423828125
1,479,1,864,13.273017883300781
1,479,2,2299,13.070951461791992
1,479,3,177,12.802831649780273
1,479,4,681,12.673701286315918
1,479,5,1487,12.572089195251465
1,479,6,1683,12.383476257324219
1,479,7,2632,12.345794677734375
1,479,8,546,12.327987670898438
1,479,9,2937,12.05900764465332
1,479,10,787,11.947081565856934
1,480,1,1447,15.306904792785645
1,480,2,2643,14.798280715942383
1,480,3,2972,13.883272171020508
1,480,4,127,13.703125
1,480,5,1412,13.560813903808594
1,480,6,398,13.446662902832031
1,480,7,2141,13.237175941467285
1,480,8,520,13.232648849487305
1,480,9,717,13.163065910339355
1,480,10,294,13.015777587890625
1,481,1,1447,11.415968894958496
1,481,2,2019,11.311958312988281
1,481,3,1248,11.201848983764648
1,481,4,520,11.125986099243164
1,481,5,707,10.781038284301758
1,481,6,2432,10.557890892028809
1,481,7,1698,10.447342872619629
1,481,8,127,10.414631843566895
1,481,9,1829,10.41148567199707
1,481,10,2643,10.372323989868164
1,483,1,1447,13.59043025970459
1,483,2,1248,12.821317672729492
1,483,3,2019,12.767242431640625
1,483,4,707,12.717126846313477
1,483,5,2256,12.423851013183594
1,483,6,2432,12.234346389770508
1,483,7,1531,12.142934799194336
1,483,8,1698,12.008199691772461
1,483,9,1829,11.98689079284668
1,483,10,2321,11.964544296264648
1,484,1,1447,13.59043025970459
1,484,2,1248,12.821317672729492
1,484,3,2019,12.767242431640625
1,484,4,707,12.717126846313477
1,484,5,2256,12.423851013183594
1,484,6,2432,12.234346389770508
1,484,7,1531,12.142934799194336
1,484,8,1698,12.008199691772461
1,484,9,1829,11.98689079284668
1,484,10,2321,11.964544296264648
1,485,1,717,12.229445457458496
1,485,2,1412,12.216795921325684
1,485,3,2972,11.643444061279297
1,485,4,1447,11.630882263183594
1,485,5,707,11.031280517578125
1,485,6,1248,10.998957633972168
1,485,7,2141,10.900541305541992
1,485,8,2019,10.552572250366211
1,485,9,1531,10.385543823242188
1,485,10,2256,10.283332824707031
1,486,1,1167,11.997718811035156
1,486,2,530,11.98644733428955
1,486,3,1091,11.958273887634277
1,486,4,1621,11.926078796386719
1,486,5,1840,11.817059516906738
1,486,6,2643,11.790098190307617
1,486,7,1251,11.769840240478516
1,486,8,2734,11.713871955871582
1,486,9,1308,11.63027572631836
1,486,10,2442,11.440606117248535
1,487,1,864,9.664436340332031
1,487,2,1252,9.664337158203125
1,487,3,1412,9.243169784545898
1,487,4,1167,9.095952987670898
1,487,5,1547,9.084139823913574
1,487,6,2643,9.082279205322266
1,487,7,2377,9.046621322631836
1,487,8,1985,9.037252426147461
1,487,9,1251,8.899099349975586
1,487,10,530,8.886624336242676
1,491,1,1682,11.63233757019043
1,491,2,259,11.295133590698242
1,491,3,1278,11.222566604614258
1,491,4,787,11.18268871307373
1,491,5,1212,10.767393112182617
1,491,6,1558,10.41421127319336
1,491,7,1716,10.385738372802734
1,491,8,44,10.319177627563477
1,491,9,2590,10.300729751586914
1,491,10,2975,10.288362503051758
1,492,1,787,12.947525978088379
1,492,2,259,12.921246528625488
1,492,3,2975,11.98857593536377
1,492,4,1558,11.899223327636719
1,492,5,2590,11.829923629760742
1,492,6,1831,11.829851150512695
1,492,7,1716,11.820759773254395
1,492,8,44,11.634519577026367
1,492,9,2743,11.597461700439453
1,492,10,2769,11.540342330932617
1,493,1,259,14.980722427368164
1,493,2,787,14.843304634094238
1,493,3,1682,14.188398361206055
1,493,4,1716,13.914361953735352
1,493,5,2590,13.769882202148438
1,493,6,1558,13.762853622436523
1,493,7,2975,13.647634506225586
1,493,8,1831,13.60548210144043
1,493,9,44,13.603460311889648
1,493,10,2769,13.558714866638184
1,494,1,259,13.656818389892578
1,494,2,787,13.397964477539062
1,494,3,495,13.108474731445312
1,494,4,44,12.687990188598633
1,494,5,1836,12.66436767578125
1,494,6,105,12.638544082641602
1,494,7,1716,12.47882080078125
1,494,8,1212,12.456890106201172
1,494,9,869,12.377290725708008
1,494,10,1498,12.337955474853516
1,495,1,1831,15.195232391357422
1,495,2,1682,14.962287902832031
1,495,3,495,14.511682510375977
1,495,4,1161,14.336280822753906
1,495,5,541,14.281441688537598
1,495,6,1383,14.232582092285156
1,495,7,105,14.18868637084961
1,495,8,2640,14.054940223693848
1,495,9,2274,13.994453430175781
1,495,10,1836,13.639286041259766
2,1,1,2073,6.0391716957092285
2,1,2,1586,5.998743057250977
2,1,3,1642,5.952569484710693
2,1,4,453,5.908153533935547
2,1,5,2287,5.907718658447266
2,1,6,2326,5.79622745513916
2,1,7,2713,5.782747745513916
2,1,8,1287,5.769654273986816
2,1,9,2706,5.7684783935546875
2,1,10,674,5.763245582580566
2,2,1,557,6.977169036865234
2,2,2,99,6.708843231201172
2,2,3,298,6.449836730957031
2,2,4,1438,6.381958961486816
2,2,5,2219,6.285686016082764
2,2,6,646,6.197192192077637
2,2,7,845,6.164987564086914
2,2,8,271,6.160116195678711
2,2,9,1435,6.087675094604492
2,2,10,1839,6.081448078155518
2,3,1,55,7.57193660736084
2,3,2,2892,7.282690048217773
2,3,3,2416,7.002839088439941
2,3,4,2985,6.941391944885254
2,3,5,494,6.812816619873047
2,3,6,2695,6.810393810272217
2,3,7,1335,6.809253692626953
2,3,8,612,6.807645797729492
2,3,9,205,6.61991024017334
2,3,10,2347,6.557828903198242
2,4,1,2642,11.545445442199707
2,4,2,1246,11.265874862670898
2,4,3,2594,10.356544494628906
2,4,4,1548,10.191595077514648
2,4,5,2191,9.918413162231445
2,4,6,2691,9.87259292602539
2,4,7,1946,9.70740795135498
2,4,8,542,9.600654602050781
2,4,9,1586,9.358192443847656
2,4,10,2356,9.259798049926758
2,7,1,1287,7.436437606811523
2,7,2,2287,7.013516426086426
2,7,3,2914,6.840568542480469
2,7,4,1267,6.761986255645752
2,7,5,1645,6.715405464172363
2,7,6,1642,6.587388038635254
2,7,7,1028,6.57537841796875
2,7,8,1638,6.574871063232422
2,7,9,2073,6.563194274902344
2,7,10,1686,6.551945686340332
2,8,1,1028,11.22946548461914
2,8,2,1554,10.689929962158203
2,8,3,310,10.605026245117188
2,8,4,2238,10.528242111206055
2,8,5,2243,10.423669815063477
2,8,6,692,10.35148811340332
2,8,7,696,10.251708030700684
2,8,8,2253,10.243805885314941
2,8,9,559,10.228321075439453
2,8,10,2521,10.164642333984375
2,9,1,1535,6.572549819946289
2,9,2,1359,6.322824478149414
2,9,3,1487,6.311206340789795
2,9,4,2717,5.864948272705078
2,9,5,2940,5.836275100708008
2,9,6,421,5.803007125854492
2,9,7,2319,5.796821594238281
2,9,8,1683,5.785174369812012
2,9,9,2937,5.631528854370117
2,9,10,2876,5.612070083618164
2,10,1,731,8.021926879882812
2,10,2,2914,8.010025978088379
2,10,3,1302,7.971655368804932
2,10,4,2099,7.939375877380371
2,10,5,1202,7.876226902008057
2,10,6,2969,7.8232269287109375
2,10,7,271,7.792323112487793
2,10,8,2594,7.767446517944336
2,10,9,540,7.647216320037842
2,10,10,1100,7.61370849609375
2,11,1,498,7.155873775482178
2,11,2,494,7.15026330947876
2,11,3,205,7.094085216522217
2,11,4,2192,7.0641093254089355
2,11,5,2416,7.062128067016602
2,11,6,612,6.917797565460205
2,11,7,2347,6.892569541931152
2,11,8,1882,6.854238510131836
2,11,9,55,6.8378071784973145
2,11,10,2896,6.801018714904785
2,12,1,1638,7.993981838226318
2,12,2,2073,7.420090675354004
2,12,3,1302,7.262688636779785
2,12,4,2195,7.176888942718506
2,12,5,2957,7.043939590454102
2,12,6,2416,6.990993499755859
2,12,7,1642,6.973546028137207
2,12,8,612,6.951345920562744
2,12,9,969,6.924873352050781
2,12,10,2556,6.872435569763184
2,13,1,310,11.164260864257812
2,13,2,271,10.59924030303955
2,13,3,746,10.575966835021973
2,13,4,2963,10.402787208557129
2,13,5,1546,10.274223327636719
2,13,6,2016,10.250272750854492
2,13,7,1340,10.04945182800293
2,13,8,2892,9.963428497314453
2,13,9,2583,9.82437801361084
2,13,10,1761,9.809968948364258
2,14,1,310,7.165842056274414
2,14,2,559,7.048343658447266
2,14,3,14,6.673203468322754
2,14,4,1201,6.541851043701172
2,14,5,2727,6.427529335021973
2,14,6,1302,6.374545097351074
2,14,7,2372,6.371777534484863
2,14,8,1327,6.280607223510742
2,14,9,2892,6.174556732177734
2,14,10,1546,6.1543779373168945
2,15,1,208,10.287762641906738
2,15,2,1638,10.0114107131958
2,15,3,601,9.768678665161133
2,15,4,1691,9.68600845336914
2,15,5,612,9.68427848815918
2,15,6,1340,9.669846534729004
2,15,7,2444,9.602283477783203
2,15,8,14,9.559097290039062
2,15,9,402,9.557245254516602
2,15,10,2989,9.437750816345215
2,16,1,731,5.029420852661133
2,16,2,310,4.965204238891602
2,16,3,2892,4.915627479553223
2,16,4,1273,4.86463737487793
2,16,5,14,4.777605056762695
2,16,6,2372,4.751969337463379
2,16,7,559,4.735775947570801
2,16,8,612,4.726274490356445
2,16,9,1594,4.652375221252441
2,16,10,498,4.563566207885742
2,17,1,731,8.665359497070312
2,17,2,2969,7.319886684417725
2,17,3,310,7.224522113800049
2,17,4,1201,7.062624454498291
2,17,5,1327,6.982713222503662
2,17,6,2583,6.977726936340332
2,17,7,1072,6.961658477783203
2,17,8,1302,6.93022346496582
2,17,9,2045,6.907980918884277
2,17,10,14,6.873138427734375
2,18,1,731,6.873935222625732
2,18,2,559,6.100765228271484
2,18,3,310,6.099182605743408
2,18,4,612,6.068422317504883
2,18,5,14,6.017723560333252
2,18,6,2372,5.953342437744141
2,18,7,2448,5.849668502807617
2,18,8,2892,5.8155903816223145
2,18,9,215,5.742340087890625
2,18,10,1273,5.730470657348633
2,20,1,1642,6.948660373687744
2,20,2,2287,6.6629557609558105
2,20,3,310,6.555529594421387
2,20,4,2137,6.212085723876953
2,20,5,1744,6.003010272979736
2,20,6,1302,5.979475021362305
2,20,7,498,5.929337501525879
2,20,8,1047,5.904426574707031
2,20,9,2326,5.902504920959473
2,20,10,1104,5.845012664794922
2,21,1,1737,7.8181657791137695
2,21,2,2914,7.673267841339111
2,21,3,400,7.121853828430176
2,21,4,271,7.0398783683776855
2,21,5,1287,7.003030300140381
2,21,6,2287,6.968520164489746
2,21,7,1642,6.8752336502075195
2,21,8,1438,6.849534511566162
2,21,9,99,6.834466457366943
2,21,10,1461,6.725578308105469
2,22,1,310,10.38550090789795
2,22,2,731,10.110727310180664
2,22,3,2137,10.034279823303223
2,22,4,1302,10.028718948364258
2,22,5,3041,9.614355087280273
2,22,6,1327,9.565065383911133
2,22,7,1202,9.380589485168457
2,22,8,2045,8.918524742126465
2,22,9,1642,8.914477348327637
2,22,10,2925,8.9034423828125
2,23,1,2914,7.424704074859619
2,23,2,2195,7.0030317306518555
2,23,3,612,6.891554832458496
2,23,4,731,6.57625675201416
2,23,5,271,6.518338203430176
2,23,6,2416,6.485620021820068
2,23,7,1546,6.383546829223633
2,23,8,601,6.336432456970215
2,23,9,1340,6.331135272979736
2,23,10,611,6.202508926391602
2,24,1,2583,9.375255584716797
2,24,2,1761,9.295490264892578
2,24,3,601,9.254549026489258
2,24,4,2882,9.244770050048828
2,24,5,1340,8.960721969604492
2,24,6,746,8.94778060913086
2,24,7,2848,8.919553756713867
2,24,8,208,8.854312896728516
2,24,9,2444,8.702167510986328
2,24,10,1201,8.701509475708008
2,26,1,99,11.76516342163086
2,26,2,845,11.080533981323242
2,26,3,2053,10.936002731323242
2,26,4,310,10.82194709777832
2,26,5,2937,10.370038986206055
2,26,6,2409,10.364837646484375
2,26,7,584,10.234044075012207
2,26,8,1535,10.223098754882812
2,26,9,1342,10.208847999572754
2,26,10,429,10.013448715209961
2,27,1,208,7.2198991775512695
2,27,2,235,6.7897748947143555
2,27,3,2848,6.782529830932617
2,27,4,2738,6.6942949295043945
2,27,5,402,6.661007404327393
2,27,6,2661,6.562485694885254
2,27,7,2444,6.469722747802734
2,27,8,14,6.358938217163086
2,27,9,1691,6.358349800109863
2,27,10,2258,6.327882766723633
2,28,1,2963,11.217290878295898
2,28,2,2408,9.705909729003906
2,28,3,95,8.766419410705566
2,28,4,706,8.558560371398926
2,28,5,1775,8.459922790527344
2,28,6,612,8.329278945922852
2,28,7,2892,8.299692153930664
2,28,8,634,8.270272254943848
2,28,9,598,8.268999099731445
2,28,10,271,8.170425415039062
2,29,1,1248,7.181579113006592
2,29,2,520,7.078320026397705
2,29,3,2340,6.932690143585205
2,29,4,731,6.877459526062012
2,29,5,2159,6.730976104736328
2,29,6,534,6.529084205627441
2,29,7,865,6.502938747406006
2,29,8,1531,6.441339015960693
2,29,9,950,6.4408674240112305
2,29,10,1981,6.403224468231201
2,31,1,2892,8.974756240844727
2,31,2,2695,8.864725112915039
2,31,3,1335,8.864359855651855
2,31,4,2302,8.632052421569824
2,31,5,55,8.442657470703125
2,31,6,2416,8.423750877380371
2,31,7,80,8.32939338684082
2,31,8,2933,8.301027297973633
2,31,9,2097,8.197836875915527
2,31,10,612,8.084993362426758
2,32,1,1127,6.196130275726318
2,32,2,1737,6.100612640380859
2,32,3,400,6.0882110595703125
2,32,4,646,6.055703163146973
2,32,5,1730,5.9647321701049805
2,32,6,1428,5.9466729164123535
2,32,7,2403,5.866813659667969
2,32,8,104,5.7888288497924805
2,32,9,1059,5.71620512008667
2,32,10,1438,5.713438987731934
2,33,1,1287,8.46282958984375
2,33,2,1028,7.800715446472168
2,33,3,2914,7.605059623718262
2,33,4,2287,7.499788284301758
2,33,5,400,7.494109630584717
2,33,6,1461,7.425409317016602
2,33,7,696,7.405381202697754
2,33,8,1737,7.352657318115234
2,33,9,3042,7.346905708312988
2,33,10,1267,7.3134002685546875
2,34,1,706,6.893183708190918
2,34,2,2695,6.863539695739746
2,34,3,2302,6.7540974617004395
2,34,4,2892,6.722434997558594
2,34,5,1691,6.612852096557617
2,34,6,2933,6.5674333572387695
2,34,7,2581,6.564809322357178
2,34,8,738,6.4904327392578125
2,34,9,2985,6.338364601135254
2,34,10,1335,6.334741592407227
2,35,1,2706,8.550040245056152
2,35,2,2053,8.548425674438477
2,35,3,1927,8.445117950439453
2,35,4,2937,8.358299255371094
2,35,5,2319,8.194976806640625
2,35,6,1669,8.18680191040039
2,35,7,1665,8.16908073425293
2,35,8,1446,8.153860092163086
2,35,9,2642,8.112228393554688
2,35,10,544,8.111952781677246
2,36,1,1586,10.081817626953125
2,36,2,1665,9.50803279876709
2,36,3,2706,9.400510787963867
2,36,4,2642,9.363935470581055
2,36,5,1237,9.24477767944336
2,36,6,1446,9.16862964630127
2,36,7,1246,9.129859924316406
2,36,8,1669,9.108100891113281
2,36,9,555,8.927328109741211
2,36,10,2099,8.834816932678223
2,37,1,271,7.623732566833496
2,37,2,2914,7.561162948608398
2,37,3,1546,7.301986217498779
2,37,4,1721,7.255082130432129
2,37,5,634,7.2545695304870605
2,37,6,186,7.123729705810547
2,37,7,1775,7.037534236907959
2,37,8,2412,7.0317912101745605
2,37,9,1287,6.947299957275391
2,37,10,1737,6.927065849304199
2,38,1,1818,11.95269775390625
2,38,2,667,11.13348388671875
2,38,3,701,11.088443756103516
2,38,4,471,11.081903457641602
2,38,5,2,11.07016658782959
2,38,6,1417,11.067087173461914
2,38,7,390,10.990152359008789
2,38,8,248,10.975175857543945
2,38,9,1165,10.924301147460938
2,38,10,113,10.830522537231445
2,39,1,2366,12.173084259033203
2,39,2,1818,11.69607925415039
2,39,3,1946,11.273164749145508
2,39,4,2642,11.235563278198242
2,39,5,667,11.220498085021973
2,39,6,1417,11.160423278808594
2,39,7,390,11.043023109436035
2,39,8,2,11.000953674316406
2,39,9,471,10.969161033630371
2,39,10,701,10.883145332336426
2,40,1,1100,12.15221118927002
2,40,2,1818,11.663274765014648
2,40,3,701,11.421892166137695
2,40,4,2969,10.861713409423828
2,40,5,3041,10.846616744995117
2,40,6,667,10.709967613220215
2,40,7,1380,10.656538009643555
2,40,8,731,10.608636856079102
2,40,9,1202,10.555183410644531
2,40,10,78,10.532194137573242
2,42,1,113,11.71483039855957
2,42,2,667,11.611494064331055
2,42,3,360,9.718334197998047
2,42,4,1618,9.711994171142578
2,42,5,1952,9.682027816772461
2,42,6,899,9.534393310546875
2,42,7,1208,9.512184143066406
2,42,8,2754,9.486608505249023
2,42,9,670,9.36164665222168
2,42,10,1651,9.335116386413574
2,43,1,1818,12.351146697998047
2,43,2,1237,10.565227508544922
2,43,3,1738,10.326700210571289
2,43,4,544,9.837911605834961
2,43,5,1016,9.748043060302734
2,43,6,899,9.584959030151367
2,43,7,1757,9.53233528137207
2,43,8,1442,9.4863920211792
2,43,9,2286,9.485788345336914
2,43,10,2793,9.482704162597656
2,45,1,390,13.11377239227295
2,45,2,667,12.911271095275879
2,45,3,1738,11.894699096679688
2,45,4,1237,10.609130859375
2,45,5,2533,9.7847261428833
2,45,6,3010,9.712090492248535
2,45,7,1757,9.697986602783203
2,45,8,544,9.641979217529297
2,45,9,1415,9.523821830749512
2,45,10,2030,9.421184539794922
2,46,1,113,9.72478199005127
2,46,2,2,9.34727668762207
2,46,3,670,8.770711898803711
2,46,4,2911,8.68560791015625
2,46,5,1467,8.551787376403809
2,46,6,2923,8.418145179748535
2,46,7,360,8.397538185119629
2,46,8,1237,8.387474060058594
2,46,9,1651,8.311735153198242
2,46,10,594,8.28849983215332
2,47,1,1818,11.597978591918945
2,47,2,2273,10.93348217010498
2,47,3,1467,9.415172576904297
2,47,4,1952,9.379961013793945
2,47,5,670,9.283604621887207
2,47,6,2911,9.279349327087402
2,47,7,1618,9.263385772705078
2,47,8,360,9.172019004821777
2,47,9,1029,9.00204086303711
2,47,10,1651,8.926811218261719
2,48,1,390,10.005516052246094
2,48,2,471,9.959332466125488
2,48,3,1417,9.621892929077148
2,48,4,670,9.438553810119629
2,48,5,1029,9.213766098022461
2,48,6,2911,8.979414939880371
2,48,7,1293,8.884714126586914
2,48,8,1995,8.767210006713867
2,48,9,455,8.747450828552246
2,48,10,585,8.737133026123047
2,49,1,1738,12.018889427185059
2,49,2,3057,10.6416015625
2,49,3,2193,10.481760025024414
2,49,4,155,10.323907852172852
2,49,5,1237,10.187820434570312
2,49,6,899,10.111639976501465
2,49,7,1189,9.862881660461426
2,49,8,1848,9.821756362915039
2,49,9,1308,9.79751205444336
2,49,10,2533,9.706354141235352
2,50,1,248,11.977824211120605
2,50,2,2,11.40700912475586
2,50,3,1237,9.914077758789062
2,50,4,2193,9.261125564575195
2,50,5,1016,9.00911808013916
2,50,6,544,8.955302238464355
2,50,7,1757,8.94992733001709
2,50,8,2533,8.826032638549805
2,50,9,1189,8.796241760253906
2,50,10,899,8.770843505859375
2,51,1,390,10.710836410522461
2,51,2,667,10.538481712341309
2,51,3,2,9.78696060180664
2,51,4,1237,8.262208938598633
2,51,5,1467,7.9999847412109375
2,51,6,2911,7.917902946472168
2,51,7,670,7.728459358215332
2,51,8,360,7.595365524291992
2,51,9,455,7.550414085388184
2,51,10,1952,7.5225324630737305
2,52,1,1237,10.209253311157227
2,52,2,544,8.83090591430664
2,52,3,1369,8.770927429199219
2,52,4,484,8.492300033569336
2,52,5,220,8.488419532775879
2,52,6,1995,8.252577781677246
2,52,7,1757,8.246084213256836
2,52,8,2286,8.202910423278809
2,52,9,3063,8.170944213867188
2,52,10,2243,8.05386734008789
2,53,1,122,8.777274131774902
2,53,2,1369,8.664515495300293
2,53,3,137,8.656316757202148
2,53,4,2628,8.647804260253906
2,53,5,2206,8.37661075592041
2,53,6,286,8.275009155273438
2,53,7,1082,8.238261222839355
2,53,8,1237,8.147594451904297
2,53,9,1995,8.065410614013672
2,53,10,2197,8.045195579528809
2,54,1,1821,8.510866165161133
2,54,2,1279,8.47555923461914
2,54,3,3059,7.992544174194336
2,54,4,122,7.754775047302246
2,54,5,2628,7.639733791351318
2,54,6,1237,7.169200897216797
2,54,7,286,7.15208625793457
2,54,8,2197,7.062722682952881
2,54,9,1369,7.045547962188721
2,54,10,2280,6.984466552734375
2,55,1,1237,12.421220779418945
2,55,2,544,10.837211608886719
2,55,3,1995,10.57280158996582
2,55,4,1818,10.471461296081543
2,55,5,1369,10.331424713134766
2,55,6,2286,10.253164291381836
2,55,7,249,10.084982872009277
2,55,8,220,10.065582275390625
2,55,9,1757,10.04625415802002
2,55,10,1701,10.040761947631836
2,56,1,310,7.599984169006348
2,56,2,1737,7.433165550231934
2,56,3,271,7.231759071350098
2,56,4,1546,6.692702770233154
2,56,5,1554,6.656989097595215
2,56,6,2340,6.432365894317627
2,56,7,584,6.294400691986084
2,56,8,400,6.2569966316223145
2,56,9,2288,6.242762565612793
2,56,10,731,6.210992336273193
2,57,1,1737,8.136497497558594
2,57,2,310,7.951961517333984
2,57,3,1600,7.922206878662109
2,57,4,2914,7.2761077880859375
2,57,5,2340,7.136784553527832
2,57,6,634,7.0442609786987305
2,57,7,584,6.988645553588867
2,57,8,865,6.9630231857299805
2,57,9,1197,6.949234485626221
2,57,10,1628,6.947748184204102
2,58,1,310,8.307048797607422
2,58,2,2583,7.480175018310547
2,58,3,2045,7.001296520233154
2,58,4,1775,6.919382095336914
2,58,5,2016,6.888207912445068
2,58,6,2340,6.871375560760498
2,58,7,634,6.818313121795654
2,58,8,1197,6.8082685470581055
2,58,9,2288,6.721951484680176
2,58,10,731,6.68099308013916
2,59,1,310,11.141763687133789
2,59,2,1365,9.40223217010498
2,59,3,1737,9.203780174255371
2,59,4,1546,8.919842720031738
2,59,5,1600,8.72011947631836
2,59,6,731,8.490335464477539
2,59,7,2340,8.37448787689209
2,59,8,2288,8.304407119750977
2,59,9,2914,8.300649642944336
2,59,10,2727,8.294272422790527
2,60,1,845,12.061365127563477
2,60,2,1359,12.03921890258789
2,60,3,310,11.829721450805664
2,60,4,584,11.75474739074707
2,60,5,1535,11.684645652770996
2,60,6,1342,11.634843826293945
2,60,7,699,11.633186340332031
2,60,8,2053,11.627857208251953
2,60,9,177,11.526634216308594
2,60,10,557,11.512163162231445
2,61,1,681,11.897069931030273
2,61,2,1359,11.856285095214844
2,61,3,1737,11.813919067382812
2,61,4,400,11.753844261169434
2,61,5,1683,11.698213577270508
2,61,6,1535,11.648983001708984
2,61,7,184,11.599947929382324
2,61,8,699,11.466919898986816
2,61,9,2299,11.437088966369629
2,61,10,2914,11.381617546081543
2,62,1,99,12.120833396911621
2,62,2,699,11.274273872375488
2,62,3,310,11.17082691192627
2,62,4,845,10.932979583740234
2,62,5,1737,10.88746452331543
2,62,6,2053,10.789788246154785
2,62,7,271,10.467628479003906
2,62,8,1359,10.428306579589844
2,62,9,400,10.341715812683105
2,62,10,177,10.11018180847168
2,63,1,310,13.084092140197754
2,63,2,845,12.951598167419434
2,63,3,699,12.709304809570312
2,63,4,271,12.53683853149414
2,63,5,1737,12.43996524810791
2,63,6,2583,12.391544342041016
2,63,7,2053,12.144775390625
2,63,8,400,12.111989974975586
2,63,9,1359,11.938909530639648
2,63,10,557,11.79387092590332
2,64,1,2387,9.560200691223145
2,64,2,732,9.44750690460205
2,64,3,2161,9.1934814453125
2,64,4,774,9.135659217834473
2,64,5,1427,9.049650192260742
2,64,6,1300,9.018386840820312
2,64,7,1456,8.914852142333984
2,64,8,1362,8.799744606018066
2,64,9,1615,8.6691312789917
2,64,10,2677,8.598594665527344
2,65,1,205,6.225452423095703
2,65,2,2742,6.184335708618164
2,65,3,95,6.078042507171631
2,65,4,55,6.063736438751221
2,65,5,2405,6.056396484375
2,65,6,1045,5.952571392059326
2,65,7,1300,5.939353942871094
2,65,8,2892,5.906652450561523
2,65,9,129,5.895742416381836
2,65,10,1362,5.7927565574646
2,66,1,2481,7.760514259338379
2,66,2,123,7.4240193367004395
2,66,3,453,7.387877941131592
2,66,4,2390,7.353001594543457
2,66,5,555,7.321824550628662
2,66,6,2922,7.269106388092041
2,66,7,1710,7.176624774932861
2,66,8,1725,7.088193893432617
2,66,9,327,7.076716423034668
2,66,10,1586,6.975783824920654
2,67,1,2742,9.606037139892578
2,67,2,55,8.831475257873535
2,67,3,2481,8.706817626953125
2,67,4,2406,8.250025749206543
2,67,5,2745,8.235657691955566
2,67,6,498,8.084639549255371
2,67,7,205,8.047736167907715
2,67,8,483,7.910760879516602
2,67,9,1632,7.828680515289307
2,67,10,286,7.800699234008789
2,68,1,1801,9.887151718139648
2,68,2,2387,9.636348724365234
2,68,3,732,9.608421325683594
2,68,4,1427,9.33595085144043
2,68,5,2259,9.224690437316895
2,68,6,480,9.22311782836914
2,68,7,2161,9.216100692749023
2,68,8,1045,9.172900199890137
2,68,9,2405,9.021373748779297
2,68,10,1362,8.763895988464355
2,69,1,774,10.1965970993042
2,69,2,3010,10.08492660522461
2,69,3,2183,9.770263671875
2,69,4,2387,9.748733520507812
2,69,5,1791,9.634355545043945
2,69,6,112,9.588711738586426
2,69,7,2028,9.564940452575684
2,69,8,201,9.564550399780273
2,69,9,1196,9.518789291381836
2,69,10,732,9.50967788696289
2,70,1,3010,9.946550369262695
2,70,2,774,9.650760650634766
2,70,3,2183,9.283547401428223
2,70,4,1196,9.223211288452148
2,70,5,2481,9.213017463684082
2,70,6,1791,9.206396102905273
2,70,7,2387,9.203001022338867
2,70,8,112,9.186898231506348
2,70,9,201,9.147720336914062
2,70,10,2028,9.1278076171875
2,72,1,1059,8.428102493286133
2,72,2,2409,8.15332317352295
2,72,3,1287,8.152174949645996
2,72,4,1669,8.064422607421875
2,72,5,2243,8.037679672241211
2,72,6,99,7.974102973937988
2,72,7,1567,7.912454605102539
2,72,8,2287,7.879782676696777
2,72,9,584,7.860116004943848
2,72,10,1028,7.821950435638428
2,73,1,1287,8.43824291229248
2,73,2,1028,8.417373657226562
2,73,3,2243,8.024045944213867
2,73,4,696,7.899947166442871
2,73,5,2287,7.75933837890625
2,73,6,295,7.406941890716553
2,73,7,1737,7.287606716156006
2,73,8,1642,7.280428409576416
2,73,9,3042,7.2398834228515625
2,73,10,2914,7.16111946105957
2,74,1,1737,9.71800422668457
2,74,2,2243,9.668148040771484
2,74,3,1287,9.46513557434082
2,74,4,2287,9.396352767944336
2,74,5,1028,9.310970306396484
2,74,6,584,9.252425193786621
2,74,7,1059,9.163583755493164
2,74,8,1669,9.051495552062988
2,74,9,2409,8.975083351135254
2,74,10,2914,8.960393905639648
2,75,1,400,9.216233253479004
2,75,2,1028,9.107098579406738
2,75,3,1287,8.988088607788086
2,75,4,2243,8.736480712890625
2,75,5,696,8.49051570892334
2,75,6,1737,8.34495735168457
2,75,7,2287,8.342172622680664
2,75,8,2914,8.33167552947998
2,75,9,99,8.039206504821777
2,75,10,295,8.027503967285156
2,76,1,1362,12.132721900939941
2,76,2,2481,12.073149681091309
2,76,3,1045,11.647599220275879
2,76,4,1300,11.561220169067383
2,76,5,2287,11.365386962890625
2,76,6,2581,11.254945755004883
2,76,7,1710,11.215747833251953
2,76,8,2677,11.176065444946289
2,76,9,555,11.152135848999023
2,76,10,1801,11.134119033813477
2,77,1,2287,11.399991989135742
2,77,2,2243,10.790213584899902
2,77,3,1642,10.523998260498047
2,77,4,1287,10.343057632446289
2,77,5,1028,10.005783081054688
2,77,6,461,10.002449035644531
2,77,7,555,9.817153930664062
2,77,8,2073,9.758177757263184
2,77,9,295,9.733508110046387
2,77,10,641,9.66290283203125
2,78,1,2481,12.709877967834473
2,78,2,1833,10.1673002243042
2,78,3,2581,10.018290519714355
2,78,4,2677,9.929191589355469
2,78,5,1045,9.81646728515625
2,78,6,55,9.802467346191406
2,78,7,2405,9.710860252380371
2,78,8,205,9.676239013671875
2,78,9,2742,9.658592224121094
2,78,10,1339,9.49716854095459
2,80,1,2642,11.4183349609375
2,80,2,1246,11.325435638427734
2,80,3,3010,11.174800872802734
2,80,4,1665,10.9545259475708
2,80,5,1548,10.924949645996094
2,80,6,2481,10.585795402526855
2,80,7,2691,10.505098342895508
2,80,8,2366,10.276448249816895
2,80,9,2677,10.229629516601562
2,80,10,2191,10.127690315246582
2,81,1,2892,9.037208557128906
2,81,2,1638,8.739058494567871
2,81,3,208,8.30288314819336
2,81,4,1513,8.15005111694336
2,81,5,2985,8.119665145874023
2,81,6,2416,8.07473373413086
2,81,7,1246,8.045565605163574
2,81,8,567,7.998784065246582
2,81,9,2642,7.968756675720215
2,81,10,612,7.789697170257568
2,82,1,2416,7.932995796203613
2,82,2,55,7.898730278015137
2,82,3,612,7.822764873504639
2,82,4,14,7.587111949920654
2,82,5,205,7.423305511474609
2,82,6,2372,7.353177070617676
2,82,7,706,7.320757865905762
2,82,8,1546,7.30142879486084
2,82,9,2789,7.2831878662109375
2,82,10,1273,7.156617164611816
2,83,1,2642,9.66317367553711
2,83,2,1246,9.624305725097656
2,83,3,1665,9.084441184997559
2,83,4,2691,8.90158462524414
2,83,5,1513,8.855673789978027
2,83,6,2323,8.757661819458008
2,83,7,3010,8.612754821777344
2,83,8,1979,8.558013916015625
2,83,9,1586,8.443798065185547
2,83,10,2191,8.425734519958496
2,84,1,2416,10.459527969360352
2,84,2,1833,10.220637321472168
2,84,3,706,10.171226501464844
2,84,4,55,9.876891136169434
2,84,5,1691,9.516788482666016
2,84,6,95,9.222360610961914
2,84,7,612,9.009527206420898
2,84,8,2789,8.914376258850098
2,84,9,2481,8.824545860290527
2,84,10,205,8.778514862060547
2,85,1,3010,9.925722122192383
2,85,2,2642,9.813760757446289
2,85,3,1246,9.800543785095215
2,85,4,1665,9.223572731018066
2,85,5,2691,9.168363571166992
2,85,6,1196,8.881643295288086
2,85,7,1548,8.645562171936035
2,85,8,2695,8.512575149536133
2,85,9,112,8.43472671508789
2,85,10,2183,8.423851013183594
2,86,1,1246,9.91201400756836
2,86,2,2642,9.906469345092773
2,86,3,3010,9.739770889282227
2,86,4,1665,9.580496788024902
2,86,5,1548,9.088615417480469
2,86,6,1979,9.058284759521484
2,86,7,1196,8.72119140625
2,86,8,2356,8.615148544311523
2,86,9,2691,8.575150489807129
2,86,10,2183,8.388872146606445
2,87,1,2642,9.693277359008789
2,87,2,1246,9.590479850769043
2,87,3,3010,9.133600234985352
2,87,4,1665,9.083746910095215
2,87,5,2691,9.058364868164062
2,87,6,1548,8.761698722839355
2,87,7,1979,8.546636581420898
2,87,8,2695,8.361176490783691
2,87,9,1946,8.289759635925293
2,87,10,2594,8.24582290649414
2,88,1,884,5.1562652587890625
2,88,2,293,5.140654563903809
2,88,3,957,5.1160736083984375
2,88,4,1040,5.1148362159729
2,88,5,1091,5.014448642730713
2,88,6,1579,5.010586261749268
2,88,7,1678,4.8582963943481445
2,88,8,779,4.8418402671813965
2,88,9,58,4.8064141273498535
2,88,10,2205,4.805234909057617
2,89,1,293,7.284701824188232
2,89,2,884,7.136935234069824
2,89,3,2359,7.10235595703125
2,89,4,2755,7.075863838195801
2,89,5,738,7.048720359802246
2,89,6,1040,7.038362503051758
2,89,7,14,6.971051216125488
2,89,8,2372,6.962862014770508
2,89,9,957,6.883899211883545
2,89,10,310,6.845968246459961
2,90,1,2963,10.843523025512695
2,90,2,2892,10.08317756652832
2,90,3,2755,9.717750549316406
2,90,4,2302,9.597515106201172
2,90,5,2408,9.394227027893066
2,90,6,2734,9.329829216003418
2,90,7,706,9.321085929870605
2,90,8,1691,9.232442855834961
2,90,9,310,8.967713356018066
2,90,10,1546,8.963899612426758
2,91,1,2892,8.573188781738281
2,91,2,2963,8.005267143249512
2,91,3,2695,7.867433547973633
2,91,4,706,7.576428413391113
2,91,5,1691,7.461000442504883
2,91,6,2302,7.353758811950684
2,91,7,2933,7.258519172668457
2,91,8,2559,7.248997211456299
2,91,9,1091,7.073822021484375
2,91,10,174,7.028227806091309
2,93,1,1691,12.816641807556152
2,93,2,95,12.123781204223633
2,93,3,2963,11.858842849731445
2,93,4,738,11.830498695373535
2,93,5,706,11.688057899475098
2,93,6,2892,11.23647689819336
2,93,7,62,10.768376350402832
2,93,8,2302,10.723148345947266
2,93,9,2559,10.700074195861816
2,93,10,1091,10.602149963378906
2,94,1,1691,11.506477355957031
2,94,2,706,10.245652198791504
2,94,3,208,9.794904708862305
2,94,4,1374,9.378023147583008
2,94,5,402,9.068772315979004
2,94,6,2738,8.981155395507812
2,94,7,2848,8.859590530395508
2,94,8,2963,8.767830848693848
2,94,9,738,8.447529792785645
2,94,10,459,8.357553482055664
2,95,1,95,10.145599365234375
2,95,2,738,9.594078063964844
2,95,3,1691,9.32671070098877
2,95,4,459,9.207781791687012
2,95,5,706,9.026991844177246
2,95,6,230,8.926865577697754
2,95,7,2963,8.598794937133789
2,95,8,1335,8.59623908996582
2,95,9,2985,8.495284080505371
2,95,10,2302,8.013050079345703
2,97,1,205,9.001514434814453
2,97,2,2416,8.993754386901855
2,97,3,612,8.342063903808594
2,97,4,2677,7.955543041229248
2,97,5,2695,7.835936546325684
2,97,6,2892,7.8237528800964355
2,97,7,1586,7.750433444976807
2,97,8,1818,7.680417537689209
2,97,9,1642,7.630805969238281
2,97,10,2195,7.567012310028076
2,98,1,205,8.174859046936035
2,98,2,612,7.708042621612549
2,98,3,3054,7.57426643371582
2,98,4,1642,7.368760108947754
2,98,5,2287,7.254148006439209
2,98,6,2892,7.1253767013549805
2,98,7,1638,7.106629848480225
2,98,8,2957,6.881472110748291
2,98,9,2195,6.8143815994262695
2,98,10,415,6.811775207519531
2,99,1,1833,10.592116355895996
2,99,2,205,10.217757225036621
2,99,3,706,9.870988845825195
2,99,4,2481,9.87083911895752
2,99,5,2677,9.518108367919922
2,99,6,2787,9.42125129699707
2,99,7,230,9.393244743347168
2,99,8,2695,9.387702941894531
2,99,9,1335,9.38391399383545
2,99,10,748,9.343313217163086
2,100,1,1882,10.58378791809082
2,100,2,95,10.056620597839355
2,100,3,2185,9.897024154663086
2,100,4,1681,9.694941520690918
2,100,5,1632,9.619126319885254
2,100,6,2938,9.552583694458008
2,100,7,2994,9.548430442810059
2,100,8,2990,9.427638053894043
2,100,9,415,9.427542686462402
2,100,10,1335,9.347166061401367
2,101,1,1882,8.073141098022461
2,101,2,2285,7.942976474761963
2,101,3,1681,7.767634868621826
2,101,4,494,7.74007511138916
2,101,5,1156,7.593771934509277
2,101,6,208,7.5560526847839355
2,101,7,193,7.515769958496094
2,101,8,2444,7.505609512329102
2,101,9,1638,7.451330661773682
2,101,10,402,7.418052673339844
2,102,1,2521,9.614477157592773
2,102,2,1681,9.325533866882324
2,102,3,559,9.262510299682617
2,102,4,494,9.232995986938477
2,102,5,1248,9.15540885925293
2,102,6,769,9.117947578430176
2,102,7,2990,9.017004013061523
2,102,8,556,9.016473770141602
2,102,9,2238,8.825392723083496
2,102,10,675,8.790641784667969
2,103,1,1882,11.000861167907715
2,103,2,494,10.988180160522461
2,103,3,1156,10.330375671386719
2,103,4,95,10.287389755249023
2,103,5,1295,10.22716236114502
2,103,6,1812,10.10586929321289
2,103,7,2192,10.078469276428223
2,103,8,1632,10.073124885559082
2,103,9,2159,9.854361534118652
2,103,10,2285,9.832538604736328
2,104,1,2448,11.78158950805664
2,104,2,2087,11.449051856994629
2,104,3,2521,11.28126335144043
2,104,4,1496,10.949869155883789
2,104,5,494,10.900810241699219
2,104,6,559,10.791096687316895
2,104,7,2367,10.703780174255371
2,104,8,1612,10.68480396270752
2,104,9,692,10.633485794067383
2,104,10,556,10.550601959228516
2,105,1,1248,9.241438865661621
2,105,2,2448,9.181509017944336
2,105,3,534,9.164499282836914
2,105,4,2087,9.111067771911621
2,105,5,2990,8.786855697631836
2,105,6,769,8.73708438873291
2,105,7,215,8.622513771057129
2,105,8,494,8.603860855102539
2,105,9,2019,8.524979591369629
2,105,10,2367,8.385969161987305
2,106,1,1645,7.816323280334473
2,106,2,1044,7.7410430908203125
2,106,3,2159,7.726487159729004
2,106,4,1287,7.711555480957031
2,106,5,2521,7.710501670837402
2,106,6,1708,7.669624328613281
2,106,7,1650,7.668073654174805
2,106,8,1267,7.661089897155762
2,106,9,1686,7.655352592468262
2,106,10,415,7.512032985687256
2,108,1,2087,9.48615837097168
2,108,2,534,9.35023307800293
2,108,3,2448,9.27485466003418
2,108,4,2482,8.996318817138672
2,108,5,2159,8.991861343383789
2,108,6,1612,8.950480461120605
2,108,7,1681,8.915966033935547
2,108,8,556,8.893671035766602
2,108,9,559,8.804546356201172
2,108,10,2095,8.674484252929688
2,109,1,1248,9.385442733764648
2,109,2,193,8.790574073791504
2,109,3,2521,8.769176483154297
2,109,4,2159,8.76340389251709
2,109,5,2095,8.486215591430664
2,109,6,215,8.250198364257812
2,109,7,2916,8.135183334350586
2,109,8,509,8.10235595703125
2,109,9,1829,8.065401077270508
2,109,10,1882,8.031579971313477
2,110,1,208,5.935439109802246
2,110,2,1161,5.857912063598633
2,110,3,2159,5.775338649749756
2,110,4,1248,5.770708084106445
2,110,5,1682,5.76239013671875
2,110,6,541,5.716802597045898
2,110,7,2285,5.708552837371826
2,110,8,185,5.703866958618164
2,110,9,495,5.643728733062744
2,110,10,2521,5.629199504852295
2,111,1,2738,6.794066905975342
2,111,2,208,6.704505443572998
2,111,3,402,6.558076858520508
2,111,4,2848,6.473715782165527
2,111,5,759,6.434678077697754
2,111,6,1685,6.4284257888793945
2,111,7,2429,6.397343635559082
2,111,8,2961,6.333695411682129
2,111,9,49,6.331294059753418
2,111,10,2772,6.30005407333374
2,112,1,731,10.452032089233398
2,112,2,1072,10.24110221862793
2,112,3,2969,9.798027992248535
2,112,4,1592,9.747204780578613
2,112,5,1327,9.604232788085938
2,112,6,14,9.266687393188477
2,112,7,44,9.181697845458984
2,112,8,1189,9.097877502441406
2,112,9,1594,9.084532737731934
2,112,10,939,9.003302574157715
2,113,1,731,9.893617630004883
2,113,2,44,9.60972785949707
2,113,3,939,9.607585906982422
2,113,4,1072,9.589420318603516
2,113,5,1592,9.319709777832031
2,113,6,2969,9.291034698486328
2,113,7,1327,9.274482727050781
2,113,8,701,9.233644485473633
2,113,9,1907,9.196292877197266
2,113,10,787,9.081445693969727
2,114,1,2444,10.975748062133789
2,114,2,2285,10.816486358642578
2,114,3,1374,10.660975456237793
2,114,4,1201,10.164299011230469
2,114,5,644,9.904693603515625
2,114,6,706,9.873893737792969
2,114,7,2989,9.844440460205078
2,114,8,2372,9.68656063079834
2,114,9,1638,9.51839828491211
2,114,10,861,9.460359573364258
2,115,1,14,11.234891891479492
2,115,2,1638,11.087471961975098
2,115,3,2989,10.469287872314453
2,115,4,861,10.264217376708984
2,115,5,2372,10.120908737182617
2,115,6,731,10.09734058380127
2,115,7,969,10.068745613098145
2,115,8,2127,10.065105438232422
2,115,9,2661,10.00936508178711
2,115,10,644,9.997559547424316
2,116,1,2285,10.973971366882324
2,116,2,2738,10.783756256103516
2,116,3,1638,10.744897842407227
2,116,4,1691,9.751108169555664
2,116,5,2989,9.720867156982422
2,116,6,861,9.714800834655762
2,116,7,969,9.611626625061035
2,116,8,2502,9.447067260742188
2,116,9,612,9.189201354980469
2,116,10,731,9.1871337890625
2,117,1,731,9.736833572387695
2,117,2,208,9.621078491210938
2,117,3,2285,9.555018424987793
2,117,4,2448,9.146595001220703
2,117,5,559,8.74389934539795
2,117,6,2087,8.734719276428223
2,117,7,2372,8.685213088989258
2,117,8,612,8.640191078186035
2,117,9,861,8.589925765991211
2,117,10,494,8.507174491882324
2,118,1,1638,9.45244026184082
2,118,2,208,8.3759765625
2,118,3,612,8.153118133544922
2,118,4,2848,8.04670238494873
2,118,5,2285,8.013167381286621
2,118,6,14,7.793874740600586
2,118,7,611,7.781120300292969
2,118,8,402,7.691139221191406
2,118,9,731,7.690645217895508
2,118,10,2957,7.688033580780029
2,119,1,208,10.067278861999512
2,119,2,601,9.8176908493042
2,119,3,14,9.750011444091797
2,119,4,612,9.567267417907715
2,119,5,2444,9.543989181518555
2,119,6,1638,9.541675567626953
2,119,7,2848,9.533365249633789
2,119,8,2258,9.49597454071045
2,119,9,402,9.293919563293457
2,119,10,2738,9.12133502960205
2,120,1,208,10.160882949829102
2,120,2,601,9.71739387512207
2,120,3,2444,9.634265899658203
2,120,4,2848,9.614434242248535
2,120,5,1638,9.574321746826172
2,120,6,14,9.509759902954102
2,120,7,612,9.495357513427734
2,120,8,2258,9.481950759887695
2,120,9,402,9.396965026855469
2,120,10,2738,9.247245788574219
2,121,1,1946,10.061996459960938
2,121,2,2642,10.001083374023438
2,121,3,1246,9.81304931640625
2,121,4,1665,9.522954940795898
2,121,5,208,9.442644119262695
2,121,6,14,9.40805721282959
2,121,7,1638,9.351170539855957
2,121,8,2691,9.194188117980957
2,121,9,2969,9.155609130859375
2,121,10,1594,9.063946723937988
2,122,1,1087,11.335535049438477
2,122,2,1487,11.246076583862305
2,122,3,2053,11.199058532714844
2,122,4,681,11.055243492126465
2,122,5,1665,10.947063446044922
2,122,6,1683,10.84956169128418
2,122,7,1359,10.604375839233398
2,122,8,235,10.499893188476562
2,122,9,2706,10.153181076049805
2,122,10,2642,10.070629119873047
2,123,1,699,9.651121139526367
2,123,2,1683,9.461753845214844
2,123,3,1535,9.132631301879883
2,123,4,1342,9.067530632019043
2,123,5,429,9.05930233001709
2,123,6,1197,8.983012199401855
2,123,7,2810,8.878829002380371
2,123,8,1775,8.860193252563477
2,123,9,186,8.810626983642578
2,123,10,1352,8.683587074279785
2,124,1,429,9.565402030944824
2,124,2,1487,9.494338989257812
2,124,3,1359,9.383932113647461
2,124,4,1535,9.001778602600098
2,124,5,99,8.909932136535645
2,124,6,2053,8.73939037322998
2,124,7,2552,8.653786659240723
2,124,8,177,8.3579683303833
2,124,9,1342,8.326566696166992
2,124,10,184,8.10190200805664
2,125,1,2552,11.748893737792969
2,125,2,2937,11.542915344238281
2,125,3,1683,11.411643028259277
2,125,4,235,11.397439956665039
2,125,5,2882,11.036314010620117
2,125,6,699,10.83492374420166
2,125,7,2961,10.482085227966309
2,125,8,1359,10.386285781860352
2,125,9,1342,10.348136901855469
2,125,10,2053,10.338517189025879
2,127,1,2937,8.504158020019531
2,127,2,177,8.356611251831055
2,127,3,429,8.208402633666992
2,127,4,699,8.06771183013916
2,127,5,724,8.004339218139648
2,127,6,2810,8.001182556152344
2,127,7,99,7.986654281616211
2,127,8,2717,7.908304691314697
2,127,9,118,7.902627944946289
2,127,10,2552,7.86732292175293
2,129,1,1487,9.712656021118164
2,129,2,845,9.368324279785156
2,129,3,2632,9.048980712890625
2,129,4,177,8.918473243713379
2,129,5,699,8.872233390808105
2,129,6,99,8.860079765319824
2,129,7,2937,8.80958080291748
2,129,8,557,8.631510734558105
2,129,9,118,8.568714141845703
2,129,10,2552,8.498292922973633
2,131,1,1359,10.454076766967773
2,131,2,298,10.362176895141602
2,131,3,1717,10.248444557189941
2,131,4,177,10.116500854492188
2,131,5,99,10.116175651550293
2,131,6,39,10.113693237304688
2,131,7,1535,10.023639678955078
2,131,8,2810,9.912027359008789
2,131,9,1939,9.898706436157227
2,131,10,1487,9.895320892333984
2,132,1,560,11.997074127197266
2,132,2,1717,11.772857666015625
2,132,3,39,11.434926986694336
2,132,4,2412,11.013129234313965
2,132,5,1861,10.982297897338867
2,132,6,476,10.981057167053223
2,132,7,2435,10.874436378479004
2,132,8,1644,10.87103271484375
2,132,9,2089,10.857675552368164
2,132,10,3004,10.70281982421875
2,133,1,560,11.997074127197266
2,133,2,1717,11.772857666015625
2,133,3,39,11.434926986694336
2,133,4,2412,11.013129234313965
2,133,5,1861,10.982297897338867
2,133,6,476,10.981057167053223
2,133,7,2435,10.874436378479004
2,133,8,1644,10.87103271484375
2,133,9,2089,10.857675552368164
2,133,10,3004,10.70281982421875
2,134,1,560,11.997074127197266
2,134,2,1717,11.772857666015625
2,134,3,39,11.434926986694336
2,134,4,2412,11.013129234313965
2,134,5,1861,10.982297897338867
2,134,6,476,10.981057167053223
2,134,7,2435,10.874436378479004
2,134,8,1644,10.87103271484375
2,134,9,2089,10.857675552368164
2,134,10,3004,10.70281982421875
2,135,1,560,11.997074127197266
2,135,2,1717,11.772857666015625
2,135,3,39,11.434926986694336
2,135,4,2412,11.013129234313965
2,135,5,1861,10.982297897338867
2,135,6,476,10.981057167053223
2,135,7,2435,10.874436378479004
2,135,8,1644,10.87103271484375
2,135,9,2089,10.857675552368164
2,135,10,3004,10.70281982421875
2,136,1,1939,9.070419311523438
2,136,2,298,8.811600685119629
2,136,3,98,8.49767780303955
2,136,4,2810,8.467421531677246
2,136,5,1717,8.363109588623047
2,136,6,2067,8.336736679077148
2,136,7,2634,8.323988914489746
2,136,8,1644,8.273059844970703
2,136,9,39,8.271987915039062
2,136,10,2604,8.209611892700195
2,137,1,310,11.902020454406738
2,137,2,1775,11.639328002929688
2,137,3,746,11.353540420532227
2,137,4,2963,11.350908279418945
2,137,5,271,11.330421447753906
2,137,6,2723,11.006312370300293
2,137,7,177,10.96626091003418
2,137,8,186,10.949790000915527
2,137,9,1939,10.716645240783691
2,137,10,1352,10.518455505371094
2,138,1,2288,10.620244979858398
2,138,2,557,10.419815063476562
2,138,3,1982,10.329748153686523
2,138,4,310,10.268207550048828
2,138,5,1775,10.175106048583984
2,138,6,2723,10.049434661865234
2,138,7,2963,9.900434494018555
2,138,8,271,9.851160049438477
2,138,9,746,9.754463195800781
2,138,10,1939,9.698108673095703
2,139,1,1197,10.320226669311523
2,139,2,1939,10.250917434692383
2,139,3,1775,10.222429275512695
2,139,4,298,10.147367477416992
2,139,5,1352,10.016321182250977
2,139,6,2723,9.96304988861084
2,139,7,2219,9.823795318603516
2,139,8,1872,9.724271774291992
2,139,9,186,9.669620513916016
2,139,10,310,9.646404266357422
2,140,1,310,13.014562606811523
2,140,2,2723,11.796789169311523
2,140,3,99,11.695413589477539
2,140,4,1359,11.444387435913086
2,140,5,271,11.316055297851562
2,140,6,346,11.303228378295898
2,140,7,1342,11.13694953918457
2,140,8,1438,10.971912384033203
2,140,9,1189,10.937445640563965
2,140,10,2050,10.926290512084961
2,141,1,3047,10.022896766662598
2,141,2,2810,9.783613204956055
2,141,3,39,9.659942626953125
2,141,4,1939,9.445387840270996
2,141,5,1717,9.439291000366211
2,141,6,2604,9.388851165771484
2,141,7,1341,9.380026817321777
2,141,8,1644,9.28983211517334
2,141,9,560,9.195076942443848
2,141,10,298,9.148139953613281
2,142,1,3047,10.437673568725586
2,142,2,1939,9.863537788391113
2,142,3,2810,9.830670356750488
2,142,4,779,9.770122528076172
2,142,5,1644,9.575870513916016
2,142,6,298,9.535455703735352
2,142,7,39,9.509506225585938
2,142,8,2604,9.329641342163086
2,142,9,2234,9.28758716583252
2,142,10,1352,9.266889572143555
2,143,1,298,8.736136436462402
2,143,2,1892,8.476972579956055
2,143,3,39,8.141441345214844
2,143,4,2067,8.108378410339355
2,143,5,1717,8.093570709228516
2,143,6,1939,8.069668769836426
2,143,7,2810,7.983294486999512
2,143,8,560,7.980660438537598
2,143,9,2604,7.938384056091309
2,143,10,3047,7.8709211349487305
2,144,1,2810,11.243631362915039
2,144,2,177,10.366764068603516
2,144,3,39,10.043302536010742
2,144,4,2604,9.958492279052734
2,144,5,186,9.89311408996582
2,144,6,1644,9.874067306518555
2,144,7,1721,9.713668823242188
2,144,8,136,9.712874412536621
2,144,9,1352,9.706670761108398
2,144,10,1280,9.604841232299805
2,145,1,2810,12.35777473449707
2,145,2,39,10.91630744934082
2,145,3,2604,10.788619041442871
2,145,4,1644,10.72236442565918
2,145,5,177,10.670782089233398
2,145,6,136,10.617342948913574
2,145,7,1717,10.536227226257324
2,145,8,560,10.454076766967773
2,145,9,2435,10.452109336853027
2,145,10,186,10.405843734741211
2,146,1,2810,11.773696899414062
2,146,2,1717,11.442566871643066
2,146,3,39,11.441095352172852
2,146,4,2940,11.115614891052246
2,146,5,560,10.970405578613281
2,146,6,1644,10.921786308288574
2,146,7,1359,10.719541549682617
2,146,8,298,10.675872802734375
2,146,9,136,10.663504600524902
2,146,10,2604,10.633602142333984
2,147,1,2810,10.89500617980957
2,147,2,1717,10.779114723205566
2,147,3,39,10.701871871948242
2,147,4,560,10.201521873474121
2,147,5,1194,10.161664962768555
2,147,6,2604,10.126131057739258
2,147,7,1644,10.108116149902344
2,147,8,1359,10.076204299926758
2,147,9,1352,10.03414249420166
2,147,10,136,9.951622009277344
2,148,1,39,12.379207611083984
2,148,2,2810,12.27286148071289
2,148,3,560,12.119270324707031
2,148,4,2940,11.82149887084961
2,148,5,136,11.717020034790039
2,148,6,2717,11.695537567138672
2,148,7,421,11.584388732910156
2,148,8,2412,11.581991195678711
2,148,9,1644,11.54867172241211
2,148,10,3047,11.454551696777344
2,150,1,2810,12.07713794708252
2,150,2,39,11.662843704223633
2,150,3,3047,11.273451805114746
2,150,4,136,11.25263786315918
2,150,5,2604,11.141690254211426
2,150,6,298,11.127203941345215
2,150,7,184,11.02793025970459
2,150,8,1644,11.007865905761719
2,150,9,2412,10.881355285644531
2,150,10,2751,10.803201675415039
2,151,1,298,10.939899444580078
2,151,2,1939,10.561971664428711
2,151,3,2810,10.445159912109375
2,151,4,39,10.422612190246582
2,151,5,2219,10.357341766357422
2,151,6,2604,10.350604057312012
2,151,7,2412,10.095071792602539
2,151,8,1717,10.007083892822266
2,151,9,1982,10.005207061767578
2,151,10,186,9.91905403137207
2,153,1,3047,12.806173324584961
2,153,2,1194,12.322600364685059
2,153,3,177,11.679533004760742
2,153,4,2604,11.559296607971191
2,153,5,1500,11.543294906616211
2,153,6,2940,11.505471229553223
2,153,7,1280,11.347379684448242
2,153,8,2435,11.177276611328125
2,153,9,560,11.158685684204102
2,153,10,2717,11.157833099365234
2,154,1,2435,10.162416458129883
2,154,2,3004,10.030965805053711
2,154,3,298,10.009154319763184
2,154,4,2412,9.922016143798828
2,154,5,136,9.827848434448242
2,154,6,560,9.824729919433594
2,154,7,2751,9.796801567077637
2,154,8,1861,9.789154052734375
2,154,9,1280,9.751544952392578
2,154,10,1982,9.738221168518066
2,155,1,560,12.743474960327148
2,155,2,186,12.690910339355469
2,155,3,1644,12.641427040100098
2,155,4,1861,12.530122756958008
2,155,5,1717,12.523331642150879
2,155,6,3047,12.311829566955566
2,155,7,1721,12.302940368652344
2,155,8,298,12.29465103149414
2,155,9,2751,12.260570526123047
2,155,10,2435,12.21167278289795
2,156,1,560,12.743474960327148
2,156,2,186,12.690910339355469
2,156,3,1644,12.641427040100098
2,156,4,1861,12.530122756958008
2,156,5,1717,12.523331642150879
2,156,6,3047,12.311829566955566
2,156,7,1721,12.302940368652344
2,156,8,298,12.29465103149414
2,156,9,2751,12.260570526123047
2,156,10,2435,12.21167278289795
2,157,1,560,12.743474960327148
2,157,2,186,12.690910339355469
2,157,3,1644,12.641427040100098
2,157,4,1861,12.530122756958008
2,157,5,1717,12.523331642150879
2,157,6,3047,12.311829566955566
2,157,7,1721,12.302940368652344
2,157,8,298,12.29465103149414
2,157,9,2751,12.260570526123047
2,157,10,2435,12.21167278289795
2,159,1,186,13.09504222869873
2,159,2,1721,12.731410026550293
2,159,3,2810,12.569719314575195
2,159,4,865,11.906545639038086
2,159,5,39,11.760189056396484
2,159,6,1775,11.66493034362793
2,159,7,2097,11.522035598754883
2,159,8,560,11.447372436523438
2,159,9,1644,11.433773040771484
2,159,10,1194,11.432587623596191
2,160,1,2810,10.931159019470215
2,160,2,186,10.265419006347656
2,160,3,1500,9.797560691833496
2,160,4,1644,9.769903182983398
2,160,5,39,9.731714248657227
2,160,6,3047,9.65596866607666
2,160,7,177,9.556842803955078
2,160,8,2940,9.426584243774414
2,160,9,1721,9.406167984008789
2,160,10,1194,9.265195846557617
2,161,1,186,10.477012634277344
2,161,2,2810,10.26898193359375
2,161,3,1500,9.73271369934082
2,161,4,1721,9.672517776489258
2,161,5,2016,9.667242050170898
2,161,6,1194,9.40573787689209
2,161,7,177,9.316781044006348
2,161,8,1691,9.252822875976562
2,161,9,3047,9.248513221740723
2,161,10,1588,9.216893196105957
2,162,1,2937,9.02312183380127
2,162,2,99,8.42749309539795
2,162,3,699,8.407417297363281
2,162,4,2053,8.398981094360352
2,162,5,2706,8.302278518676758
2,162,6,1446,8.130086898803711
2,162,7,1717,8.005508422851562
2,162,8,2319,8.00399398803711
2,162,9,584,7.982579231262207
2,162,10,681,7.933218479156494
2,163,1,1446,8.976970672607422
2,163,2,2937,8.936534881591797
2,163,3,2706,8.823110580444336
2,163,4,1669,8.634201049804688
2,163,5,2099,8.404535293579102
2,163,6,32,8.313346862792969
2,163,7,2319,8.238410949707031
2,163,8,1442,8.229451179504395
2,163,9,1586,8.015037536621094
2,163,10,990,7.942405700683594
2,164,1,2937,9.620089530944824
2,164,2,2706,9.322063446044922
2,164,3,1446,9.244211196899414
2,164,4,1586,9.076641082763672
2,164,5,1669,8.963523864746094
2,164,6,2053,8.904714584350586
2,164,7,2319,8.902639389038086
2,164,8,2099,8.5170259475708
2,164,9,555,8.455514907836914
2,164,10,2409,8.376497268676758
2,165,1,1446,11.088968276977539
2,165,2,990,10.433492660522461
2,165,3,1669,10.394474029541016
2,165,4,2706,10.239092826843262
2,165,5,1442,10.20797348022461
2,165,6,544,10.117572784423828
2,165,7,1100,10.075453758239746
2,165,8,2099,9.997318267822266
2,165,9,327,9.71015453338623
2,165,10,555,9.67094898223877
2,166,1,1237,14.673723220825195
2,166,2,1757,13.238025665283203
2,166,3,2533,13.151264190673828
2,166,4,1669,12.838970184326172
2,166,5,1442,12.833951950073242
2,166,6,1446,12.520814895629883
2,166,7,3059,12.427980422973633
2,166,8,1034,12.425762176513672
2,166,9,900,12.330248832702637
2,166,10,1805,12.233280181884766
2,167,1,2369,6.454661846160889
2,167,2,1642,6.4526543617248535
2,167,3,205,6.3374738693237305
2,167,4,1104,6.289115905761719
2,167,5,327,6.2355451583862305
2,167,6,2287,6.190528869628906
2,167,7,2286,6.190093994140625
2,167,8,1047,6.163285255432129
2,167,9,498,6.0516839027404785
2,167,10,123,6.04580545425415
2,168,1,3059,12.916372299194336
2,168,2,1034,12.853543281555176
2,168,3,990,12.794360160827637
2,168,4,1821,12.681726455688477
2,168,5,1805,12.658246994018555
2,168,6,1279,12.643634796142578
2,168,7,1927,12.528884887695312
2,168,8,1082,12.182132720947266
2,168,9,1669,12.123262405395508
2,168,10,137,11.980749130249023
2,169,1,1927,8.77802848815918
2,169,2,1442,8.47613525390625
2,169,3,1415,8.415435791015625
2,169,4,2286,8.317258834838867
2,169,5,1669,8.267818450927734
2,169,6,1446,8.125764846801758
2,169,7,1250,8.070442199707031
2,169,8,2925,7.6736040115356445
2,169,9,2099,7.671172142028809
2,169,10,354,7.614195823669434
2,170,1,1237,14.676020622253418
2,170,2,1034,13.04867172241211
2,170,3,3059,13.006153106689453
2,170,4,1805,12.871959686279297
2,170,5,1821,12.72012710571289
2,170,6,1927,12.696392059326172
2,170,7,1279,12.662908554077148
2,170,8,1442,12.353353500366211
2,170,9,1082,12.282829284667969
2,170,10,1669,12.272125244140625
2,171,1,2481,7.012386322021484
2,171,2,453,6.892849922180176
2,171,3,2554,6.667065620422363
2,171,4,2967,6.5476579666137695
2,171,5,205,6.488232612609863
2,171,6,555,6.469443321228027
2,171,7,498,6.43559455871582
2,171,8,2073,6.375387668609619
2,171,9,2677,6.333393573760986
2,171,10,533,6.287306308746338
2,172,1,2073,8.398774147033691
2,172,2,1586,8.347114562988281
2,172,3,542,8.139053344726562
2,172,4,2957,8.038248062133789
2,172,5,2702,7.983521461486816
2,172,6,1100,7.934968948364258
2,172,7,2366,7.877476692199707
2,172,8,1302,7.833881855010986
2,172,9,1339,7.7134175300598145
2,172,10,498,7.651007652282715
2,173,1,1586,6.6617279052734375
2,173,2,2967,6.540947914123535
2,173,3,555,6.467060089111328
2,173,4,1615,6.416597366333008
2,173,5,325,6.359372138977051
2,173,6,2287,6.339229583740234
2,173,7,1237,6.338365077972412
2,173,8,2554,6.288514137268066
2,173,9,2677,6.25202751159668
2,173,10,1642,6.241847038269043
2,174,1,2073,8.178695678710938
2,174,2,453,7.831035614013672
2,174,3,2287,7.799076080322266
2,174,4,2702,7.772003173828125
2,174,5,1838,7.742133140563965
2,174,6,498,7.704441547393799
2,174,7,1642,7.699847221374512
2,174,8,2957,7.69451904296875
2,174,9,1302,7.679355621337891
2,174,10,1638,7.6714630126953125
2,175,1,2896,8.22996711730957
2,175,2,494,8.170537948608398
2,175,3,1156,8.137312889099121
2,175,4,498,7.833141803741455
2,175,5,2556,7.816359996795654
2,175,6,2416,7.782192230224609
2,175,7,2448,7.773035049438477
2,175,8,1838,7.718118667602539
2,175,9,1744,7.671041965484619
2,175,10,629,7.658500671386719
2,176,1,1681,11.556135177612305
2,176,2,2448,11.5335111618042
2,176,3,2087,11.174789428710938
2,176,4,1882,11.134994506835938
2,176,5,1156,11.045005798339844
2,176,6,534,10.888669967651367
2,176,7,769,10.810752868652344
2,176,8,675,10.75250244140625
2,176,9,1632,10.583416938781738
2,176,10,2521,10.570068359375
2,177,1,1645,10.83585262298584
2,177,2,1044,10.787040710449219
2,177,3,1708,10.691553115844727
2,177,4,1686,10.622480392456055
2,177,5,1744,10.546073913574219
2,177,6,1267,10.538383483886719
2,177,7,1287,10.386467933654785
2,177,8,2920,10.340904235839844
2,177,9,415,10.338193893432617
2,177,10,2521,10.245706558227539
2,178,1,1645,10.030145645141602
2,178,2,1044,9.946825981140137
2,178,3,1287,9.942831993103027
2,178,4,1686,9.840177536010742
2,178,5,1267,9.757957458496094
2,178,6,1708,9.752983093261719
2,178,7,2521,9.720687866210938
2,178,8,2159,9.560962677001953
2,178,9,1744,9.53347110748291
2,178,10,2095,9.529940605163574
2,179,1,1650,11.631004333496094
2,179,2,1744,11.272701263427734
2,179,3,2073,11.201922416687012
2,179,4,674,11.07796573638916
2,179,5,415,10.99332332611084
2,179,6,689,10.978622436523438
2,179,7,1638,10.767810821533203
2,179,8,2920,10.758503913879395
2,179,9,2556,10.611855506896973
2,179,10,767,10.574792861938477
2,180,1,2192,12.689138412475586
2,180,2,1650,12.515228271484375
2,180,3,689,12.367021560668945
2,180,4,1882,12.317985534667969
2,180,5,1744,12.212928771972656
2,180,6,2994,12.13686752319336
2,180,7,1569,12.136809349060059
2,180,8,674,12.112946510314941
2,180,9,2502,12.038763046264648
2,180,10,193,12.033015251159668
2,181,1,1744,11.773894309997559
2,181,2,1882,11.610358238220215
2,181,3,1650,11.546497344970703
2,181,4,689,11.344547271728516
2,181,5,2192,11.271146774291992
2,181,6,193,11.207895278930664
2,181,7,1287,11.155529022216797
2,181,8,1638,11.147367477416992
2,181,9,674,11.065380096435547
2,181,10,2502,10.984968185424805
2,182,1,1744,11.473328590393066
2,182,2,1044,11.362556457519531
2,182,3,1686,11.165525436401367
2,182,4,1650,11.034374237060547
2,182,5,2192,10.838316917419434
2,182,6,689,10.727212905883789
2,182,7,2713,10.638508796691895
2,182,8,629,10.633574485778809
2,182,9,674,10.611469268798828
2,182,10,1882,10.598464965820312
2,183,1,193,12.30058765411377
2,183,2,1632,11.9503812789917
2,183,3,2209,11.693490982055664
2,183,4,2192,11.684004783630371
2,183,5,1067,11.436296463012695
2,183,6,2994,11.310271263122559
2,183,7,483,11.065332412719727
2,183,8,1295,10.932256698608398
2,183,9,1936,10.909775733947754
2,183,10,1744,10.897034645080566
2,184,1,1620,9.46879768371582
2,184,2,1632,9.330267906188965
2,184,3,1681,9.317190170288086
2,184,4,2192,9.315872192382812
2,184,5,1156,9.072386741638184
2,184,6,2916,8.981426239013672
2,184,7,2990,8.923413276672363
2,184,8,1744,8.921724319458008
2,184,9,1248,8.907459259033203
2,184,10,215,8.802257537841797
2,185,1,2345,10.61056900024414
2,185,2,1744,10.256765365600586
2,185,3,2118,10.107793807983398
2,185,4,257,10.089475631713867
2,185,5,1044,10.047369956970215
2,185,6,1645,9.99360179901123
2,185,7,1142,9.9340181350708
2,185,8,1708,9.91146469116211
2,185,9,2293,9.867145538330078
2,185,10,1686,9.80280876159668
2,186,1,2285,10.74708366394043
2,186,2,1754,10.650394439697266
2,186,3,2192,10.64208984375
2,186,4,1429,10.610612869262695
2,186,5,208,10.597968101501465
2,186,6,2897,10.585721969604492
2,186,7,415,10.565507888793945
2,186,8,2502,10.54382038116455
2,186,9,3015,10.455527305603027
2,186,10,1681,10.423284530639648
2,187,1,2416,7.7293291091918945
2,187,2,364,7.207852363586426
2,187,3,55,6.976516246795654
2,187,4,1691,6.886425971984863
2,187,5,205,6.863751411437988
2,187,6,612,6.852927207946777
2,187,7,208,6.852823257446289
2,187,8,1838,6.810718536376953
2,187,9,2366,6.781304836273193
2,187,10,3062,6.715158462524414
2,188,1,205,9.287623405456543
2,188,2,2366,9.080066680908203
2,188,3,3016,8.820240020751953
2,188,4,2416,8.754150390625
2,188,5,612,8.375919342041016
2,188,6,1538,8.337989807128906
2,188,7,2677,8.287172317504883
2,188,8,1838,8.250904083251953
2,188,9,1273,8.193679809570312
2,188,10,498,8.175064086914062
2,189,1,1586,8.300268173217773
2,189,2,453,7.408968925476074
2,189,3,2677,7.398634910583496
2,189,4,2642,7.396625995635986
2,189,5,205,7.298844337463379
2,189,6,1100,7.2631072998046875
2,189,7,1246,7.252160549163818
2,189,8,1665,7.250030994415283
2,189,9,1548,7.234440803527832
2,189,10,2366,7.188344478607178
2,190,1,2366,9.924775123596191
2,190,2,2369,9.913217544555664
2,190,3,1100,9.744041442871094
2,190,4,205,9.670981407165527
2,190,5,1339,9.20569896697998
2,190,6,2137,9.177848815917969
2,190,7,1838,9.097899436950684
2,190,8,327,9.024022102355957
2,190,9,498,8.941868782043457
2,190,10,1273,8.847383499145508
2,191,1,2356,11.310270309448242
2,191,2,1586,10.573312759399414
2,191,3,78,10.26930046081543
2,191,4,540,10.152466773986816
2,191,5,2969,10.01908016204834
2,191,6,1380,9.955224990844727
2,191,7,44,9.915632247924805
2,191,8,2323,9.853500366210938
2,191,9,1979,9.82335090637207
2,191,10,1513,9.795263290405273
2,192,1,1513,9.087878227233887
2,192,2,3010,9.040542602539062
2,192,3,2323,8.909892082214355
2,192,4,1979,8.693460464477539
2,192,5,208,8.60654067993164
2,192,6,655,8.406940460205078
2,192,7,158,8.1054105758667
2,192,8,1586,7.9912214279174805
2,192,9,1196,7.867300987243652
2,192,10,2347,7.816633224487305
2,194,1,2191,9.047476768493652
2,194,2,542,8.57969856262207
2,194,3,1586,8.459442138671875
2,194,4,1946,8.434379577636719
2,194,5,2937,8.226155281066895
2,194,6,429,8.22447395324707
2,194,7,1513,8.138861656188965
2,194,8,3010,8.008729934692383
2,194,9,2323,7.878880500793457
2,194,10,2961,7.831226348876953
2,195,1,1237,10.805961608886719
2,195,2,555,10.416565895080566
2,195,3,544,10.402753829956055
2,195,4,2793,10.368465423583984
2,195,5,2053,10.361892700195312
2,195,6,1059,10.356048583984375
2,195,7,990,10.194096565246582
2,195,8,2566,9.977736473083496
2,195,9,1567,9.921323776245117
2,195,10,1415,9.725290298461914
2,196,1,1237,11.04798698425293
2,196,2,2053,10.504656791687012
2,196,3,544,10.439560890197754
2,196,4,555,10.2522554397583
2,196,5,1059,10.232242584228516
2,196,6,1567,10.129365921020508
2,196,7,990,10.090930938720703
2,196,8,2793,9.94260025024414
2,196,9,1415,9.818727493286133
2,196,10,32,9.791790008544922
2,197,1,1237,13.248907089233398
2,197,2,544,13.11834716796875
2,197,3,1818,12.606319427490234
2,197,4,1757,12.01773452758789
2,197,5,2286,11.959257125854492
2,197,6,1821,11.945562362670898
2,197,7,1279,11.905702590942383
2,197,8,1358,11.865697860717773
2,197,9,1016,11.69719409942627
2,197,10,1082,11.64190673828125
2,198,1,1237,11.84273910522461
2,198,2,544,11.039854049682617
2,198,3,990,10.923821449279785
2,198,4,900,10.731183052062988
2,198,5,1358,10.715864181518555
2,198,6,555,10.507369995117188
2,198,7,2602,10.406182289123535
2,198,8,1757,10.226987838745117
2,198,9,2705,10.224624633789062
2,198,10,2099,10.21694564819336
2,199,1,1127,8.706771850585938
2,199,2,1730,8.629938125610352
2,199,3,1428,8.628414154052734
2,199,4,1237,8.574950218200684
2,199,5,1747,8.215676307678223
2,199,6,2287,8.185184478759766
2,199,7,2170,7.978269577026367
2,199,8,555,7.913618087768555
2,199,9,1427,7.91178560256958
2,199,10,2658,7.839178085327148
2,201,1,206,9.827788352966309
2,201,2,2363,9.760784149169922
2,201,3,2106,9.67641830444336
2,201,4,2176,9.660720825195312
2,201,5,195,9.504817008972168
2,201,6,1379,9.447226524353027
2,201,7,972,9.403751373291016
2,201,8,2136,9.284921646118164
2,201,9,1206,9.239686965942383
2,201,10,1198,9.197428703308105
2,202,1,1237,12.249175071716309
2,202,2,544,11.37482738494873
2,202,3,2287,11.215639114379883
2,202,4,1028,11.073381423950195
2,202,5,1669,11.031567573547363
2,202,6,2253,10.672042846679688
2,202,7,2793,10.323517799377441
2,202,8,461,10.322549819946289
2,202,9,1034,10.252945899963379
2,202,10,1757,10.252124786376953
2,203,1,1028,10.20938777923584
2,203,2,2243,9.910425186157227
2,203,3,2287,8.786060333251953
2,203,4,206,8.500469207763672
2,203,5,1127,8.24365234375
2,203,6,1730,8.160924911499023
2,203,7,1428,8.11241340637207
2,203,8,1287,8.073079109191895
2,203,9,1747,7.981928825378418
2,203,10,2136,7.976377964019775
2,204,1,2721,7.059652805328369
2,204,2,538,6.985325336456299
2,204,3,594,6.887355327606201
2,204,4,2609,6.840620040893555
2,204,5,566,6.827983379364014
2,204,6,2272,6.809839725494385
2,204,7,518,6.775806427001953
2,204,8,535,6.721963882446289
2,204,9,670,6.655849933624268
2,204,10,1517,6.463901519775391
2,205,1,2721,10.500040054321289
2,205,2,594,10.364566802978516
2,205,3,538,10.325989723205566
2,205,4,2609,10.323290824890137
2,205,5,2272,10.30052661895752
2,205,6,566,10.202927589416504
2,205,7,535,10.149917602539062
2,205,8,2018,9.847209930419922
2,205,9,1360,9.8436861038208
2,205,10,513,9.833662033081055
2,206,1,566,11.91478157043457
2,206,2,594,11.262215614318848
2,206,3,2609,11.225202560424805
2,206,4,755,11.219527244567871
2,206,5,1913,11.151937484741211
2,206,6,2272,11.144987106323242
2,206,7,1952,11.114919662475586
2,206,8,2721,11.042962074279785
2,206,9,3019,11.021488189697266
2,206,10,1651,11.021364212036133
2,207,1,566,12.79463005065918
2,207,2,2609,12.31419563293457
2,207,3,1029,12.113872528076172
2,207,4,1293,12.008294105529785
2,207,5,2700,11.911821365356445
2,207,6,594,11.840356826782227
2,207,7,2721,11.834672927856445
2,207,8,1818,11.69318675994873
2,207,9,2757,11.691934585571289
2,207,10,1517,11.647719383239746
2,208,1,2754,15.004260063171387
2,208,2,1696,13.40581226348877
2,208,3,2826,13.208701133728027
2,208,4,1884,13.208402633666992
2,208,5,3019,13.089983940124512
2,208,6,704,13.044376373291016
2,208,7,2028,12.9285888671875
2,208,8,1791,12.924653053283691
2,208,9,201,12.804220199584961
2,208,10,2183,12.803783416748047
2,209,1,566,11.955038070678711
2,209,2,2754,11.288331031799316
2,209,3,1029,11.285911560058594
2,209,4,2609,11.156259536743164
2,209,5,2700,10.970956802368164
2,209,6,1618,10.946700096130371
2,209,7,1190,10.942597389221191
2,209,8,2359,10.872815132141113
2,209,9,747,10.870570182800293
2,209,10,1517,10.843185424804688
2,210,1,2687,8.733339309692383
2,210,2,2321,8.729560852050781
2,210,3,2739,8.693971633911133
2,210,4,1678,8.601502418518066
2,210,5,2441,8.565567970275879
2,210,6,272,8.47071647644043
2,210,7,1398,8.458949089050293
2,210,8,477,8.437808990478516
2,210,9,1606,8.41219425201416
2,210,10,617,8.359207153320312
2,211,1,566,11.302275657653809
2,211,2,1029,10.879140853881836
2,211,3,2609,10.669560432434082
2,211,4,2721,10.416671752929688
2,211,5,594,10.401131629943848
2,211,6,1517,10.34341812133789
2,211,7,1952,10.31585693359375
2,211,8,670,10.288640022277832
2,211,9,360,10.234460830688477
2,211,10,2700,10.22181510925293
2,212,1,2754,12.939750671386719
2,212,2,2687,12.708959579467773
2,212,3,1275,12.17607307434082
2,212,4,2739,12.005473136901855
2,212,5,221,11.993468284606934
2,212,6,2321,11.716224670410156
2,212,7,1208,11.699466705322266
2,212,8,2441,11.67306137084961
2,212,9,477,11.626139640808105
2,212,10,784,11.618819236755371
2,214,1,566,14.721030235290527
2,214,2,2609,14.219992637634277
2,214,3,1517,13.458105087280273
2,214,4,2754,13.412948608398438
2,214,5,2721,13.11038589477539
2,214,6,594,13.0789794921875
2,214,7,1029,12.810443878173828
2,214,8,1190,12.777969360351562
2,214,9,535,12.571344375610352
2,214,10,747,12.508331298828125
2,216,1,566,14.364097595214844
2,216,2,1029,13.96429443359375
2,216,3,2359,13.367905616760254
2,216,4,670,13.337729454040527
2,216,5,2609,13.224934577941895
2,216,6,2700,13.193047523498535
2,216,7,1293,13.192343711853027
2,216,8,585,13.13470458984375
2,216,9,1952,13.04988956451416
2,216,10,576,13.038948059082031
2,217,1,2754,12.967700958251953
2,217,2,393,11.819661140441895
2,217,3,566,11.723691940307617
2,217,4,1208,11.48160171508789
2,217,5,747,11.439458847045898
2,217,6,779,11.306276321411133
2,217,7,1190,11.197449684143066
2,217,8,2609,11.18079948425293
2,217,9,2739,11.161660194396973
2,217,10,2441,11.038280487060547
2,218,1,2754,14.129881858825684
2,218,2,779,13.806892395019531
2,218,3,2739,13.18162727355957
2,218,4,2441,13.162912368774414
2,218,5,2321,12.965860366821289
2,218,6,1347,12.960683822631836
2,218,7,1398,12.919179916381836
2,218,8,1606,12.907331466674805
2,218,9,2687,12.884742736816406
2,218,10,477,12.767680168151855
2,219,1,779,15.034039497375488
2,219,2,1398,14.494782447814941
2,219,3,1347,14.440011024475098
2,219,4,2739,14.335067749023438
2,219,5,477,14.174932479858398
2,219,6,2441,14.173991203308105
2,219,7,617,14.06633472442627
2,219,8,1606,14.05191421508789
2,219,9,2754,14.029570579528809
2,219,10,2464,13.962733268737793
2,220,1,779,14.37926197052002
2,220,2,2754,14.11195182800293
2,220,3,1159,13.83565902709961
2,220,4,270,13.778816223144531
2,220,5,2441,13.470569610595703
2,220,6,1678,13.390608787536621
2,220,7,1606,13.387655258178711
2,220,8,2739,13.368732452392578
2,220,9,1398,13.322551727294922
2,220,10,1347,13.269308090209961
2,221,1,759,10.320902824401855
2,221,2,2093,9.7829008102417
2,221,3,2328,9.466320037841797
2,221,4,787,9.284757614135742
2,221,5,2743,9.232644081115723
2,221,6,953,9.213951110839844
2,221,7,273,9.044309616088867
2,221,8,731,9.023458480834961
2,221,9,2769,8.982155799865723
2,221,10,44,8.914190292358398
2,222,1,1171,10.737823486328125
2,222,2,63,9.154380798339844
2,222,3,953,9.150710105895996
2,222,4,1001,8.943614959716797
2,222,5,1613,8.927492141723633
2,222,6,2328,8.902019500732422
2,222,7,2769,8.808296203613281
2,222,8,731,8.731822967529297
2,222,9,2093,8.708797454833984
2,222,10,2590,8.698927879333496
2,224,1,1248,8.300275802612305
2,224,2,193,8.266027450561523
2,224,3,1754,7.741528511047363
2,224,4,1525,7.540229797363281
2,224,5,500,7.469176292419434
2,224,6,1720,7.42603063583374
2,224,7,1429,7.410935401916504
2,224,8,2432,7.391122341156006
2,224,9,257,7.356361389160156
2,224,10,2916,7.351443290710449
2,225,1,1744,8.199606895446777
2,225,2,193,8.182670593261719
2,225,3,2521,8.059123992919922
2,225,4,1248,8.050394058227539
2,225,5,1287,7.976100444793701
2,225,6,1645,7.947807312011719
2,225,7,1142,7.874253273010254
2,225,8,1044,7.806889533996582
2,225,9,2916,7.800750732421875
2,225,10,1708,7.785765171051025
2,226,1,2521,9.376968383789062
2,226,2,1248,9.147073745727539
2,226,3,1812,9.071348190307617
2,226,4,2951,8.937164306640625
2,226,5,2990,8.909158706665039
2,226,6,95,8.855228424072266
2,226,7,769,8.83175277709961
2,226,8,2159,8.815284729003906
2,226,9,1945,8.735214233398438
2,226,10,509,8.731316566467285
2,227,1,1248,10.674212455749512
2,227,2,2521,10.581047058105469
2,227,3,1812,10.378808975219727
2,227,4,769,10.273266792297363
2,227,5,2990,10.176751136779785
2,227,6,1496,10.153481483459473
2,227,7,1977,9.95493221282959
2,227,8,2951,9.941312789916992
2,227,9,2159,9.922506332397461
2,227,10,572,9.896500587463379
2,228,1,1248,7.688429832458496
2,228,2,2141,7.558722496032715
2,228,3,1744,7.516539573669434
2,228,4,1287,7.425626277923584
2,228,5,2521,7.416947364807129
2,228,6,2938,7.4131059646606445
2,228,7,1028,7.383895397186279
2,228,8,189,7.359916687011719
2,228,9,1645,7.279742240905762
2,228,10,193,7.244258880615234
2,229,1,2708,9.742774963378906
2,229,2,95,9.014788627624512
2,229,3,2951,9.012663841247559
2,229,4,2521,8.895723342895508
2,229,5,2595,8.778985023498535
2,229,6,415,8.688342094421387
2,229,7,1812,8.642044067382812
2,229,8,193,8.601347923278809
2,229,9,509,8.45349407196045
2,229,10,2581,8.41073989868164
2,230,1,1248,11.507791519165039
2,230,2,2019,10.090713500976562
2,230,3,556,10.056304931640625
2,230,4,1531,9.879995346069336
2,230,5,559,9.81705093383789
2,230,6,2087,9.767967224121094
2,230,7,2521,9.714805603027344
2,230,8,1346,9.712783813476562
2,230,9,1612,9.644551277160645
2,230,10,2238,9.546714782714844
2,231,1,1248,11.042353630065918
2,231,2,2019,10.946122169494629
2,231,3,1447,10.923709869384766
2,231,4,1931,9.978320121765137
2,231,5,1829,9.697355270385742
2,231,6,1882,9.680917739868164
2,231,7,359,9.6657075881958
2,231,8,2141,9.63890552520752
2,231,9,2938,9.564924240112305
2,231,10,2185,9.52425479888916
2,232,1,1248,12.130609512329102
2,232,2,2019,12.073875427246094
2,232,3,1447,11.883045196533203
2,232,4,359,10.984506607055664
2,232,5,1531,10.933069229125977
2,232,6,2048,10.546733856201172
2,232,7,534,10.483421325683594
2,232,8,1346,10.445514678955078
2,232,9,1829,10.433282852172852
2,232,10,1612,10.333251953125
2,233,1,1447,11.289936065673828
2,233,2,2019,11.128799438476562
2,233,3,1248,11.060742378234863
2,233,4,2185,10.438871383666992
2,233,5,2938,10.27047061920166
2,233,6,1882,10.23687744140625
2,233,7,359,9.905515670776367
2,233,8,1632,9.859601974487305
2,233,9,2141,9.800272941589355
2,233,10,1829,9.799817085266113
2,235,1,1447,12.399596214294434
2,235,2,1882,12.310790061950684
2,235,3,2019,12.12295913696289
2,235,4,2185,12.027101516723633
2,235,5,1248,11.968559265136719
2,235,6,1681,11.52804183959961
2,235,7,2938,11.497593879699707
2,235,8,1160,11.176711082458496
2,235,9,2087,11.136947631835938
2,235,10,534,10.926275253295898
2,236,1,2087,10.443225860595703
2,236,2,1882,10.328176498413086
2,236,3,1681,10.236141204833984
2,236,4,1295,9.955682754516602
2,236,5,2448,9.915946006774902
2,236,6,534,9.74991226196289
2,236,7,95,9.706235885620117
2,236,8,1812,9.590450286865234
2,236,9,675,9.514687538146973
2,236,10,193,9.509382247924805
2,237,1,1882,9.205760955810547
2,237,2,1632,8.898369789123535
2,237,3,1447,8.704002380371094
2,237,4,1681,8.590371131896973
2,237,5,2990,8.492448806762695
2,237,6,1248,8.458105087280273
2,237,7,2019,8.354595184326172
2,237,8,193,8.344134330749512
2,237,9,1160,8.188043594360352
2,237,10,2185,8.142892837524414
2,238,1,1882,10.065984725952148
2,238,2,1248,9.346808433532715
2,238,3,1447,9.344751358032227
2,238,4,1681,9.30678939819336
2,238,5,193,9.298608779907227
2,238,6,2019,9.171820640563965
2,238,7,1156,9.021976470947266
2,238,8,2087,9.015931129455566
2,238,9,1295,9.008914947509766
2,238,10,2192,8.994766235351562
2,239,1,1044,11.290068626403809
2,239,2,1645,11.28857421875
2,239,3,1142,11.13953971862793
2,239,4,1708,11.130010604858398
2,239,5,1686,11.047958374023438
2,239,6,1429,10.973525047302246
2,239,7,1267,10.851858139038086
2,239,8,2713,10.81190299987793
2,239,9,1650,10.752523422241211
2,239,10,193,10.65186882019043
2,240,1,1248,11.274068832397461
2,240,2,1447,11.037662506103516
2,240,3,2019,10.936315536499023
2,240,4,1744,10.612573623657227
2,240,5,2521,10.570395469665527
2,240,6,559,10.545296669006348
2,240,7,2087,10.53516960144043
2,240,8,2990,10.511650085449219
2,240,9,703,10.413251876831055
2,240,10,556,10.299324035644531
2,241,1,1615,12.298202514648438
2,241,2,860,11.71158218383789
2,241,3,1413,11.59304428100586
2,241,4,375,11.208122253417969
2,241,5,1744,11.039470672607422
2,241,6,314,10.976127624511719
2,241,7,1427,10.943510055541992
2,241,8,2616,10.882135391235352
2,241,9,793,10.811044692993164
2,241,10,1429,10.427299499511719
2,242,1,1936,11.602706909179688
2,242,2,447,11.42945671081543
2,242,3,1615,11.40314769744873
2,242,4,2616,10.77539348602295
2,242,5,1744,10.753548622131348
2,242,6,860,10.47923469543457
2,242,7,2287,10.193249702453613
2,242,8,1427,10.120504379272461
2,242,9,1429,10.000187873840332
2,242,10,285,9.878654479980469
2,243,1,1067,11.791030883789062
2,243,2,2576,11.672611236572266
2,243,3,860,11.549459457397461
2,243,4,2616,11.110976219177246
2,243,5,375,11.10672378540039
2,243,6,1427,10.936964988708496
2,243,7,793,10.771896362304688
2,243,8,314,10.700052261352539
2,243,9,285,10.464871406555176
2,243,10,1744,10.364730834960938
2,244,1,2209,11.83200454711914
2,244,2,860,11.79655647277832
2,244,3,314,11.516962051391602
2,244,4,533,10.980167388916016
2,244,5,1456,10.965537071228027
2,244,6,375,10.87884521484375
2,244,7,1427,10.856711387634277
2,244,8,555,10.806536674499512
2,244,9,2554,10.796789169311523
2,244,10,2616,10.738155364990234
2,245,1,2209,11.51452350616455
2,245,2,860,11.27956485748291
2,245,3,1615,10.76795482635498
2,245,4,375,10.760557174682617
2,245,5,314,10.653854370117188
2,245,6,2677,10.454017639160156
2,245,7,1427,9.98641300201416
2,245,8,2259,9.86748218536377
2,245,9,1362,9.792375564575195
2,245,10,1801,9.691373825073242
2,246,1,555,9.871079444885254
2,246,2,2952,9.488790512084961
2,246,3,1427,9.350268363952637
2,246,4,1344,9.314330101013184
2,246,5,2090,9.238225936889648
2,246,6,533,9.180166244506836
2,246,7,314,9.12950611114502
2,246,8,2616,9.105913162231445
2,246,9,2554,9.082828521728516
2,246,10,860,9.058572769165039
2,247,1,453,8.023948669433594
2,247,2,2073,7.84465217590332
2,247,3,2922,7.8112006187438965
2,247,4,555,7.731841087341309
2,247,5,1665,7.727837562561035
2,247,6,1725,7.656747341156006
2,247,7,2356,7.616236686706543
2,247,8,2719,7.540154933929443
2,247,9,542,7.322664260864258
2,247,10,1538,7.2610578536987305
2,248,1,1665,9.689361572265625
2,248,2,2961,9.170103073120117
2,248,3,2642,8.984464645385742
2,248,4,1246,8.950029373168945
2,248,5,1946,8.896268844604492
2,248,6,2366,8.88908576965332
2,248,7,542,8.692193031311035
2,248,8,235,8.690524101257324
2,248,9,208,8.662107467651367
2,248,10,2356,8.580619812011719
2,249,1,2366,8.667427062988281
2,249,2,2922,8.657827377319336
2,249,3,2961,8.524314880371094
2,249,4,1538,8.288812637329102
2,249,5,2352,7.981655597686768
2,249,6,563,7.9678754806518555
2,249,7,208,7.894532680511475
2,249,8,31,7.873132705688477
2,249,9,453,7.847016334533691
2,249,10,2324,7.686217784881592
2,250,1,2961,10.272571563720703
2,250,2,2324,9.83297348022461
2,250,3,504,9.783588409423828
2,250,4,2366,9.665145874023438
2,250,5,2754,9.596931457519531
2,250,6,183,9.545979499816895
2,250,7,289,9.531782150268555
2,250,8,653,9.528294563293457
2,250,9,1691,9.374018669128418
2,250,10,221,9.35811710357666
2,251,1,2324,8.330899238586426
2,251,2,259,7.895507335662842
2,251,3,208,7.80668830871582
2,251,4,1376,7.712673187255859
2,251,5,664,7.5973920822143555
2,251,6,1716,7.536506652832031
2,251,7,2590,7.489228248596191
2,251,8,194,7.395197868347168
2,251,9,1558,7.384526252746582
2,251,10,273,7.374778747558594
2,252,1,2961,7.615331172943115
2,252,2,2590,7.081508159637451
2,252,3,2324,7.038001537322998
2,252,4,208,7.035678863525391
2,252,5,2769,7.029529571533203
2,252,6,273,7.025259971618652
2,252,7,1558,7.015288352966309
2,252,8,194,7.007267951965332
2,252,9,1691,6.9131340980529785
2,252,10,2743,6.865458965301514
2,253,1,1376,8.724335670471191
2,253,2,289,8.700462341308594
2,253,3,208,8.648300170898438
2,253,4,259,8.604044914245605
2,253,5,2590,8.283336639404297
2,253,6,1716,8.261124610900879
2,253,7,273,8.248333930969238
2,253,8,1015,8.188803672790527
2,253,9,194,8.17351245880127
2,253,10,1558,8.140033721923828
2,254,1,653,9.727331161499023
2,254,2,183,9.654823303222656
2,254,3,289,9.621919631958008
2,254,4,1310,9.52737045288086
2,254,5,1691,9.2490816116333
2,254,6,208,9.191181182861328
2,254,7,2754,8.939919471740723
2,254,8,2366,8.918659210205078
2,254,9,221,8.808664321899414
2,254,10,1913,8.53216552734375
2,255,1,273,11.235958099365234
2,255,2,2961,10.806107521057129
2,255,3,787,10.784273147583008
2,255,4,2324,10.73556137084961
2,255,5,2743,10.711337089538574
2,255,6,259,10.651656150817871
2,255,7,31,10.410561561584473
2,255,8,208,10.317935943603516
2,255,9,2093,10.317585945129395
2,255,10,1716,10.203269958496094
2,256,1,787,9.308459281921387
2,256,2,2093,9.054728507995605
2,256,3,2590,8.742362022399902
2,256,4,2328,8.707870483398438
2,256,5,1558,8.707391738891602
2,256,6,194,8.704461097717285
2,256,7,2769,8.694929122924805
2,256,8,2801,8.617023468017578
2,256,9,653,8.6148099899292
2,256,10,2961,8.610825538635254
2,257,1,787,12.341737747192383
2,257,2,44,11.091279029846191
2,257,3,1716,11.03598403930664
2,257,4,2769,11.029029846191406
2,257,5,259,10.83212947845459
2,257,6,2772,10.728038787841797
2,257,7,701,10.681072235107422
2,257,8,3048,10.418181419372559
2,257,9,1907,10.323103904724121
2,257,10,869,10.237547874450684
2,258,1,273,12.078298568725586
2,258,2,2743,12.040867805480957
2,258,3,2093,11.84511661529541
2,258,4,2772,11.499881744384766
2,258,5,44,11.447513580322266
2,258,6,701,11.169189453125
2,258,7,2429,11.051441192626953
2,258,8,105,11.041921615600586
2,258,9,852,10.965121269226074
2,258,10,8,10.798250198364258
2,259,1,787,11.385418891906738
2,259,2,1907,10.635106086730957
2,259,3,1716,10.565658569335938
2,259,4,259,10.425657272338867
2,259,5,44,10.421557426452637
2,259,6,273,10.343570709228516
2,259,7,122,10.264015197753906
2,259,8,701,10.181106567382812
2,259,9,869,10.072373390197754
2,259,10,2328,10.010603904724121
2,260,1,787,14.47226333618164
2,260,2,1907,13.87823486328125
2,260,3,2772,13.510722160339355
2,260,4,122,13.31772232055664
2,260,5,701,13.3081693649292
2,260,6,2578,13.138599395751953
2,260,7,2197,13.131376266479492
2,260,8,869,13.020637512207031
2,260,9,286,12.99068832397461
2,260,10,2328,12.912424087524414
2,261,1,44,11.214188575744629
2,261,2,122,11.18980598449707
2,261,3,2197,10.935141563415527
2,261,4,2628,10.710042953491211
2,261,5,286,10.65190315246582
2,261,6,1400,10.359082221984863
2,261,7,1582,10.141077041625977
2,261,8,192,9.904716491699219
2,261,9,2580,9.897747039794922
2,261,10,1907,9.84124755859375
2,262,1,2769,12.709680557250977
2,262,2,1558,12.571355819702148
2,262,3,194,12.567252159118652
2,262,4,2590,12.470023155212402
2,262,5,2772,12.325845718383789
2,262,6,701,12.189348220825195
2,262,7,1716,11.967015266418457
2,262,8,1907,11.876165390014648
2,262,9,3048,11.559246063232422
2,262,10,869,11.538614273071289
2,263,1,701,10.883455276489258
2,263,2,2772,10.419459342956543
2,263,3,1380,10.311349868774414
2,263,4,65,9.940230369567871
2,263,5,286,9.91226577758789
2,263,6,2743,9.900745391845703
2,263,7,259,9.860715866088867
2,263,8,2212,9.846940994262695
2,263,9,273,9.8341646194458
2,263,10,2274,9.693344116210938
2,264,1,1716,10.585620880126953
2,264,2,2640,10.540860176086426
2,264,3,44,10.438413619995117
2,264,4,787,10.189075469970703
2,264,5,939,10.11036491394043
2,264,6,2480,10.066732406616211
2,264,7,65,10.037247657775879
2,264,8,78,9.99687385559082
2,264,9,852,9.946826934814453
2,264,10,1383,9.922209739685059
2,265,1,701,12.49853229522705
2,265,2,2640,12.468108177185059
2,265,3,1716,12.300156593322754
2,265,4,1380,12.227970123291016
2,265,5,787,12.220219612121582
2,265,6,2212,11.967426300048828
2,265,7,44,11.724686622619629
2,265,8,1383,11.697563171386719
2,265,9,2093,11.680580139160156
2,265,10,2743,11.67909049987793
2,266,1,2772,13.681553840637207
2,266,2,1380,13.362749099731445
2,266,3,315,13.158304214477539
2,266,4,44,13.093202590942383
2,266,5,1072,13.079084396362305
2,266,6,2212,13.066712379455566
2,266,7,939,13.021431922912598
2,266,8,78,13.003192901611328
2,266,9,2429,12.704063415527344
2,266,10,2969,12.699117660522461
2,267,1,701,10.480241775512695
2,267,2,1716,10.326983451843262
2,267,3,2772,10.301222801208496
2,267,4,44,9.905933380126953
2,267,5,78,9.797926902770996
2,267,6,1180,9.541126251220703
2,267,7,939,9.519601821899414
2,267,8,2969,9.51028823852539
2,267,9,49,9.466899871826172
2,267,10,2274,9.414156913757324
2,268,1,2772,11.382720947265625
2,268,2,44,10.932555198669434
2,268,3,2429,10.900927543640137
2,268,4,1716,10.873581886291504
2,268,5,787,10.871477127075195
2,268,6,1380,10.779945373535156
2,268,7,701,10.549212455749512
2,268,8,2093,10.422435760498047
2,268,9,2743,10.347274780273438
2,268,10,939,10.34139347076416
2,269,1,1907,13.694450378417969
2,269,2,869,13.153602600097656
2,269,3,105,12.792457580566406
2,269,4,3048,12.722458839416504
2,269,5,2772,12.680621147155762
2,269,6,2640,12.553031921386719
2,269,7,939,12.461031913757324
2,269,8,78,12.39862060546875
2,269,9,44,12.164474487304688
2,269,10,1716,11.99410629272461
2,271,1,1907,12.552962303161621
2,271,2,286,11.750847816467285
2,271,3,869,11.477879524230957
2,271,4,2772,11.367256164550781
2,271,5,2640,11.29179859161377
2,271,6,105,11.250799179077148
2,271,7,787,11.09226131439209
2,271,8,78,11.07064437866211
2,271,9,44,11.045625686645508
2,271,10,1716,10.938204765319824
2,272,1,105,8.816112518310547
2,272,2,2640,8.763046264648438
2,272,3,1907,8.649115562438965
2,272,4,2772,8.509363174438477
2,272,5,1716,8.453353881835938
2,272,6,1380,8.447604179382324
2,272,7,869,8.301214218139648
2,272,8,44,8.090860366821289
2,272,9,2969,7.9047627449035645
2,272,10,2197,7.8380126953125
2,273,1,1821,9.733377456665039
2,273,2,1279,9.68922233581543
2,273,3,2628,9.584142684936523
2,273,4,2353,9.552885055541992
2,273,5,286,9.51678466796875
2,273,6,3059,9.386180877685547
2,273,7,1495,9.333830833435059
2,273,8,2580,9.108033180236816
2,273,9,2197,9.057547569274902
2,273,10,1582,9.025222778320312
2,274,1,1907,11.815731048583984
2,274,2,78,10.811103820800781
2,274,3,869,10.56126594543457
2,274,4,2640,10.275291442871094
2,274,5,2480,10.137974739074707
2,274,6,105,10.119199752807617
2,274,7,2772,10.046670913696289
2,274,8,939,10.042816162109375
2,274,9,44,10.017062187194824
2,274,10,2274,10.011693954467773
2,276,1,1336,11.054849624633789
2,276,2,286,10.680163383483887
2,276,3,510,10.603460311889648
2,276,4,2628,10.571710586547852
2,276,5,1381,10.329076766967773
2,276,6,2616,10.31257152557373
2,276,7,1582,10.271742820739746
2,276,8,122,10.238362312316895
2,276,9,1101,10.218685150146484
2,276,10,608,10.04362678527832
2,277,1,2628,9.357939720153809
2,277,2,121,9.331615447998047
2,277,3,2580,9.271350860595703
2,277,4,1582,9.256184577941895
2,277,5,1516,9.106239318847656
2,277,6,608,8.951927185058594
2,277,7,2280,8.949177742004395
2,277,8,2952,8.870269775390625
2,277,9,2922,8.857221603393555
2,277,10,192,8.809996604919434
2,278,1,286,10.63612174987793
2,278,2,122,10.137255668640137
2,278,3,2628,10.064478874206543
2,278,4,608,9.582715034484863
2,278,5,843,9.567505836486816
2,278,6,192,9.530253410339355
2,278,7,2280,9.331857681274414
2,278,8,663,9.248819351196289
2,278,9,1336,9.175786972045898
2,278,10,948,9.134529113769531
2,279,1,948,10.28604793548584
2,279,2,795,9.989069938659668
2,279,3,719,9.752302169799805
2,279,4,1495,9.744274139404297
2,279,5,121,9.618042945861816
2,279,6,843,9.55788516998291
2,279,7,2580,9.393121719360352
2,279,8,2280,9.285621643066406
2,279,9,1821,9.261154174804688
2,279,10,1516,9.188581466674805
2,280,1,122,10.308394432067871
2,280,2,2197,10.149234771728516
2,280,3,1400,10.045015335083008
2,280,4,1516,9.973233222961426
2,280,5,121,9.761077880859375
2,280,6,2952,9.661911010742188
2,280,7,192,9.471278190612793
2,280,8,555,9.363751411437988
2,280,9,2090,9.347577095031738
2,280,10,719,9.315982818603516
2,282,1,286,11.217130661010742
2,282,2,719,10.632894515991211
2,282,3,2952,10.380393981933594
2,282,4,2554,10.249399185180664
2,282,5,555,10.2074613571167
2,282,6,2090,10.200299263000488
2,282,7,2197,10.116554260253906
2,282,8,2580,10.019731521606445
2,282,9,533,9.95018196105957
2,282,10,122,9.931098937988281
2,283,1,1582,9.915630340576172
2,283,2,2952,9.834550857543945
2,283,3,608,9.74669075012207
2,283,4,555,9.723953247070312
2,283,5,2628,9.636205673217773
2,283,6,795,9.584559440612793
2,283,7,2554,9.570657730102539
2,283,8,533,9.555472373962402
2,283,9,2090,9.530693054199219
2,283,10,286,9.49195671081543
2,284,1,2345,6.209271430969238
2,284,2,1427,6.101388931274414
2,284,3,121,6.066494941711426
2,284,4,1232,6.066140651702881
2,284,5,1413,6.026673316955566
2,284,6,1053,6.021839141845703
2,284,7,1615,5.996223449707031
2,284,8,555,5.994878768920898
2,284,9,2576,5.993760108947754
2,284,10,2616,5.968081474304199
2,285,1,2287,7.382118225097656
2,285,2,1744,7.262277603149414
2,285,3,1067,7.04611349105835
2,285,4,1642,7.040631294250488
2,285,5,2118,7.0166449546813965
2,285,6,2345,6.9851226806640625
2,285,7,692,6.925670623779297
2,285,8,1346,6.848943710327148
2,285,9,2521,6.828593730926514
2,285,10,1413,6.812796592712402
2,286,1,104,8.820648193359375
2,286,2,555,8.753348350524902
2,286,3,2952,8.607845306396484
2,286,4,2280,8.586008071899414
2,286,5,608,8.501903533935547
2,286,6,1516,8.474419593811035
2,286,7,2090,8.421182632446289
2,286,8,1582,8.391040802001953
2,286,9,2580,8.363082885742188
2,286,10,1671,8.33517074584961
2,287,1,1582,7.002539157867432
2,287,2,608,6.955014228820801
2,287,3,2580,6.7278032302856445
2,287,4,104,6.624297142028809
2,287,5,2952,6.594570636749268
2,287,6,2280,6.53053092956543
2,287,7,555,6.4757914543151855
2,287,8,1516,6.402472496032715
2,287,9,2090,6.305301666259766
2,287,10,663,6.241777420043945
2,288,1,104,8.218221664428711
2,288,2,1671,7.836528778076172
2,288,3,637,7.804041862487793
2,288,4,1062,7.727349758148193
2,288,5,2280,7.650665283203125
2,288,6,719,7.5629730224609375
2,288,7,1516,7.545522212982178
2,288,8,555,7.508065223693848
2,288,9,1991,7.429117202758789
2,288,10,2075,7.405743598937988
2,289,1,608,8.176817893981934
2,289,2,1582,8.093828201293945
2,289,3,2580,8.066570281982422
2,289,4,2280,8.05765151977539
2,289,5,2952,7.976017951965332
2,289,6,555,7.945801734924316
2,289,7,1053,7.867489337921143
2,289,8,1516,7.818396091461182
2,289,9,719,7.775519371032715
2,289,10,104,7.771423816680908
2,290,1,2259,12.29443359375
2,290,2,2481,12.021248817443848
2,290,3,533,11.626335144042969
2,290,4,1801,11.44304370880127
2,290,5,2387,11.402427673339844
2,290,6,732,11.334943771362305
2,290,7,2677,11.322282791137695
2,290,8,1427,11.284957885742188
2,290,9,1802,11.235654830932617
2,290,10,555,11.210089683532715
2,291,1,719,11.761178016662598
2,291,2,843,11.5286226272583
2,291,3,727,11.439188957214355
2,291,4,1766,11.349804878234863
2,291,5,2280,11.241357803344727
2,291,6,608,11.133058547973633
2,291,7,2580,11.008559226989746
2,291,8,1582,10.922804832458496
2,291,9,1516,10.90416145324707
2,291,10,1446,10.79745101928711
2,292,1,314,11.177475929260254
2,292,2,375,10.842606544494629
2,292,3,2090,10.757789611816406
2,292,4,719,10.695935249328613
2,292,5,843,10.534876823425293
2,292,6,1760,10.178211212158203
2,292,7,1766,10.135244369506836
2,292,8,2280,10.060443878173828
2,292,9,1615,9.958507537841797
2,292,10,2259,9.855831146240234
2,293,1,719,12.326791763305664
2,293,2,1237,12.086307525634766
2,293,3,900,11.91081428527832
2,293,4,1766,11.810705184936523
2,293,5,1344,11.700984001159668
2,293,6,843,11.681741714477539
2,293,7,544,11.607516288757324
2,293,8,286,11.584760665893555
2,293,9,2280,11.528820991516113
2,293,10,990,11.41594123840332
2,294,1,860,9.435041427612305
2,294,2,1615,9.128141403198242
2,294,3,2209,8.538346290588379
2,294,4,2387,8.330058097839355
2,294,5,793,8.277843475341797
2,294,6,732,8.222940444946289
2,294,7,1232,8.150463104248047
2,294,8,1427,8.14623737335205
2,294,9,1760,8.137226104736328
2,294,10,2952,8.132458686828613
2,295,1,2616,9.797338485717773
2,295,2,795,9.266179084777832
2,295,3,1582,9.124874114990234
2,295,4,608,9.117931365966797
2,295,5,2140,8.86624526977539
2,295,6,2128,8.758732795715332
2,295,7,3040,8.744346618652344
2,295,8,285,8.704038619995117
2,295,9,1870,8.646063804626465
2,295,10,286,8.56397819519043
2,297,1,1336,10.576676368713379
2,297,2,1381,9.488171577453613
2,297,3,795,9.206794738769531
2,297,4,1582,8.731809616088867
2,297,5,608,8.47883415222168
2,297,6,663,8.30965805053711
2,297,7,1794,8.122812271118164
2,297,8,1159,8.019021987915039
2,297,9,1870,7.983789443969727
2,297,10,2197,7.954319953918457
2,298,1,795,9.272336959838867
2,298,2,2128,9.193147659301758
2,298,3,2929,8.387042999267578
2,298,4,663,8.350830078125
2,298,5,1582,8.19308853149414
2,298,6,2578,8.161672592163086
2,298,7,608,8.092141151428223
2,298,8,2197,8.02226448059082
2,298,9,2710,7.915788173675537
2,298,10,1400,7.855391979217529
2,299,1,731,10.823663711547852
2,299,2,701,10.430561065673828
2,299,3,1907,10.277363777160645
2,299,4,105,10.059028625488281
2,299,5,2074,10.027582168579102
2,299,6,2772,9.997566223144531
2,299,7,1380,9.962257385253906
2,299,8,2640,9.931364059448242
2,299,9,1327,9.914215087890625
2,299,10,2710,9.737692832946777
2,300,1,1818,11.552339553833008
2,300,2,315,11.495363235473633
2,300,3,1380,11.015254974365234
2,300,4,105,10.886600494384766
2,300,5,2640,10.770166397094727
2,300,6,2978,10.553892135620117
2,300,7,1449,10.549409866333008
2,300,8,1606,10.496623992919922
2,300,9,1592,10.491569519042969
2,300,10,1113,10.347089767456055
2,301,1,2969,7.354957103729248
2,301,2,1946,6.846344947814941
2,301,3,1202,6.596291542053223
2,301,4,2074,6.52756404876709
2,301,5,2642,6.483227729797363
2,301,6,1302,6.420072555541992
2,301,7,2702,6.267728805541992
2,301,8,1246,6.235345363616943
2,301,9,1380,6.209422588348389
2,301,10,731,6.208563804626465
2,302,1,731,11.834263801574707
2,302,2,1920,11.718667984008789
2,302,3,310,11.51004695892334
2,302,4,1113,11.31303882598877
2,302,5,1327,11.285562515258789
2,302,6,44,11.194415092468262
2,302,7,1016,11.060011863708496
2,302,8,1380,11.020273208618164
2,302,9,1818,10.905292510986328
2,302,10,1621,10.849987030029297
2,303,1,1189,12.560548782348633
2,303,2,1606,11.966673851013184
2,303,3,2969,11.929651260375977
2,303,4,272,11.798089981079102
2,303,5,1398,11.786380767822266
2,303,6,2888,11.771208763122559
2,303,7,2739,11.632579803466797
2,303,8,2464,11.59895133972168
2,303,9,477,11.557256698608398
2,303,10,1108,11.43874740600586
2,304,1,1293,12.134934425354004
2,304,2,585,12.120580673217773
2,304,3,2308,11.62104606628418
2,304,4,2974,11.56194019317627
2,304,5,2359,11.34977912902832
2,304,6,3069,11.286930084228516
2,304,7,1571,11.189456939697266
2,304,8,562,11.158583641052246
2,304,9,64,11.072471618652344
2,304,10,1995,11.052297592163086
2,305,1,1072,13.659856796264648
2,305,2,2969,12.916891098022461
2,305,3,1606,12.716350555419922
2,305,4,1592,12.629755020141602
2,305,5,540,12.530513763427734
2,305,6,1398,12.499502182006836
2,305,7,272,12.469093322753906
2,305,8,2739,12.465356826782227
2,305,9,1818,12.435916900634766
2,305,10,2464,12.414253234863281
2,306,1,2974,12.255163192749023
2,306,2,1293,11.990470886230469
2,306,3,1868,11.953680038452148
2,306,4,585,11.826573371887207
2,306,5,1701,11.721992492675781
2,306,6,3069,11.67967700958252
2,306,7,1818,11.629772186279297
2,306,8,1823,11.512167930603027
2,306,9,1995,11.497852325439453
2,306,10,562,11.44205093383789
2,307,1,1116,11.849894523620605
2,307,2,562,11.636902809143066
2,307,3,1237,11.496007919311523
2,307,4,1221,11.400856971740723
2,307,5,2686,11.349578857421875
2,307,6,1990,11.328744888305664
2,307,7,1293,11.136961936950684
2,307,8,1821,10.929204940795898
2,307,9,1279,10.879010200500488
2,307,10,1995,10.848888397216797
2,308,1,1369,11.540474891662598
2,308,2,1821,11.502849578857422
2,308,3,3059,11.48788833618164
2,308,4,1279,11.472434997558594
2,308,5,1237,11.44247817993164
2,308,6,1221,11.414129257202148
2,308,7,562,11.380687713623047
2,308,8,984,11.004393577575684
2,308,9,1158,10.78702449798584
2,308,10,2353,10.762308120727539
2,309,1,1821,9.792827606201172
2,309,2,1701,9.767794609069824
2,309,3,1279,9.764371871948242
2,309,4,3059,9.747779846191406
2,309,5,1221,9.532480239868164
2,309,6,1995,9.521717071533203
2,309,7,1369,9.493490219116211
2,309,8,562,9.491028785705566
2,309,9,1868,9.437759399414062
2,309,10,249,9.416419982910156
2,310,1,1221,10.095226287841797
2,310,2,1369,9.947797775268555
2,310,3,984,9.832019805908203
2,310,4,1821,9.450736999511719
2,310,5,1279,9.420284271240234
2,310,6,1237,9.386980056762695
2,310,7,1158,9.318967819213867
2,310,8,3069,9.145092010498047
2,310,9,1995,9.08836841583252
2,310,10,455,9.029787063598633
2,311,1,1369,13.029633522033691
2,311,2,1821,12.858281135559082
2,311,3,1279,12.830215454101562
2,311,4,1221,12.529361724853516
2,311,5,3059,12.367578506469727
2,311,6,984,12.349767684936523
2,311,7,2353,12.186297416687012
2,311,8,1158,11.955799102783203
2,311,9,3069,11.876314163208008
2,311,10,1237,11.873141288757324
2,312,1,1369,11.448646545410156
2,312,2,984,11.14683723449707
2,312,3,1221,10.94522476196289
2,312,4,1206,10.734155654907227
2,312,5,1821,10.527342796325684
2,312,6,1279,10.506362915039062
2,312,7,859,10.267492294311523
2,312,8,3069,10.244102478027344
2,312,9,338,10.212173461914062
2,312,10,1995,10.08082389831543
2,314,1,585,12.215697288513184
2,314,2,1293,12.107125282287598
2,314,3,2359,11.721138954162598
2,314,4,2308,11.343273162841797
2,314,5,64,11.258686065673828
2,314,6,2974,11.219488143920898
2,314,7,1995,11.109561920166016
2,314,8,562,11.047931671142578
2,314,9,1029,10.961771011352539
2,314,10,1701,10.95190715789795
2,315,1,562,9.732828140258789
2,315,2,585,9.623245239257812
2,315,3,2359,9.52942943572998
2,315,4,742,9.519758224487305
2,315,5,670,9.417267799377441
2,315,6,1206,9.371240615844727
2,315,7,1293,9.348109245300293
2,315,8,264,9.343412399291992
2,315,9,518,9.033721923828125
2,315,10,624,9.006786346435547
2,316,1,1221,11.475753784179688
2,316,2,1369,11.146141052246094
2,316,3,338,10.450855255126953
2,316,4,562,10.200977325439453
2,316,5,2176,9.686676025390625
2,316,6,2106,9.636029243469238
2,316,7,2956,9.61752700805664
2,316,8,1701,9.519120216369629
2,316,9,975,9.493307113647461
2,316,10,2363,9.454817771911621
2,317,1,984,14.718929290771484
2,317,2,1221,14.328160285949707
2,317,3,859,14.267000198364258
2,317,4,1367,13.311115264892578
2,317,5,562,12.833370208740234
2,317,6,3069,12.762287139892578
2,317,7,2956,12.736959457397461
2,317,8,975,12.56919002532959
2,317,9,2363,12.272907257080078
2,317,10,446,12.07263469696045
2,318,1,1221,13.369573593139648
2,318,2,1198,12.759820938110352
2,318,3,1158,12.317516326904297
2,318,4,2956,12.032674789428711
2,318,5,2176,11.962596893310547
2,318,6,2106,11.87261962890625
2,318,7,562,11.851612091064453
2,318,8,2363,11.468589782714844
2,318,9,1541,11.44459056854248
2,318,10,975,11.39216136932373
2,319,1,1367,12.677526473999023
2,319,2,1206,12.460151672363281
2,319,3,984,12.413420677185059
2,319,4,1369,12.301129341125488
2,319,5,338,12.102075576782227
2,319,6,1198,12.094654083251953
2,319,7,1221,11.695499420166016
2,319,8,1158,11.571340560913086
2,319,9,1635,11.147076606750488
2,319,10,2705,11.074995040893555
2,321,1,2061,11.032574653625488
2,321,2,2363,10.888822555541992
2,321,3,1635,10.802383422851562
2,321,4,2705,10.755708694458008
2,321,5,2927,10.724142074584961
2,321,6,2956,10.697572708129883
2,321,7,210,10.521978378295898
2,321,8,104,10.454421997070312
2,321,9,2107,10.411511421203613
2,321,10,1030,10.403884887695312
2,322,1,2363,12.923007011413574
2,322,2,195,12.896697044372559
2,322,3,446,12.839320182800293
2,322,4,1206,12.700047492980957
2,322,5,338,12.669137954711914
2,322,6,984,12.606243133544922
2,322,7,1369,12.590229988098145
2,322,8,1198,12.175346374511719
2,322,9,2353,11.830465316772461
2,322,10,1221,11.777837753295898
2,323,1,2956,11.023490905761719
2,323,2,1028,10.87099838256836
2,323,3,2971,10.776994705200195
2,323,4,2363,10.67603874206543
2,323,5,2353,10.459700584411621
2,323,6,788,10.300893783569336
2,323,7,3059,10.286744117736816
2,323,8,1279,10.1746826171875
2,323,9,338,10.168612480163574
2,323,10,1821,10.163918495178223
2,324,1,1635,10.940481185913086
2,324,2,2705,10.901727676391602
2,324,3,2927,10.755468368530273
2,324,4,195,10.667137145996094
2,324,5,2956,10.580300331115723
2,324,6,788,10.57956314086914
2,324,7,446,10.524531364440918
2,324,8,2061,10.343056678771973
2,324,9,2107,10.3349609375
2,324,10,1692,10.248617172241211
2,325,1,2956,10.827985763549805
2,325,2,2176,10.69536018371582
2,325,3,2363,10.656242370605469
2,325,4,2106,10.619203567504883
2,325,5,1964,10.472949028015137
2,325,6,2971,10.266363143920898
2,325,7,195,10.22899055480957
2,325,8,1635,9.874689102172852
2,325,9,104,9.850292205810547
2,325,10,859,9.845184326171875
2,326,1,2363,10.337315559387207
2,326,2,2927,10.228612899780273
2,326,3,1635,10.082903861999512
2,326,4,2705,10.027226448059082
2,326,5,2176,10.001382827758789
2,326,6,2061,9.89719295501709
2,326,7,2106,9.858047485351562
2,326,8,788,9.823945045471191
2,326,9,2566,9.807558059692383
2,326,10,2107,9.728219032287598
2,327,1,788,9.402369499206543
2,327,2,1635,9.117961883544922
2,327,3,2927,9.069316864013672
2,327,4,2705,9.062372207641602
2,327,5,2176,8.98713493347168
2,327,6,2061,8.930335998535156
2,327,7,2106,8.901137351989746
2,327,8,2956,8.85440731048584
2,327,9,1964,8.788837432861328
2,327,10,2750,8.775197982788086
2,328,1,2956,7.672525405883789
2,328,2,1671,7.611745834350586
2,328,3,1964,7.571875095367432
2,328,4,719,7.441753387451172
2,328,5,2353,7.333736419677734
2,328,6,1368,7.295350074768066
2,328,7,2084,7.248742580413818
2,328,8,2176,7.247154235839844
2,328,9,2106,7.18648624420166
2,328,10,446,7.16793155670166
2,329,1,1964,8.877592086791992
2,329,2,2971,8.311883926391602
2,329,3,2176,8.076810836791992
2,329,4,2956,8.076465606689453
2,329,5,2106,8.032135963439941
2,329,6,446,8.016270637512207
2,329,7,788,7.981250762939453
2,329,8,859,7.97125244140625
2,329,9,1028,7.965119361877441
2,329,10,2363,7.929692268371582
2,330,1,1964,10.183780670166016
2,330,2,788,9.63707447052002
2,330,3,859,9.55438232421875
2,330,4,2176,9.378211975097656
2,330,5,446,9.305907249450684
2,330,6,2106,9.29970645904541
2,330,7,2971,9.280746459960938
2,330,8,1028,9.269893646240234
2,330,9,1367,9.223753929138184
2,330,10,2956,9.220069885253906
2,331,1,1964,10.37683391571045
2,331,2,1028,9.677392959594727
2,331,3,446,9.549994468688965
2,331,4,2971,9.504891395568848
2,331,5,2253,9.496814727783203
2,331,6,859,9.493447303771973
2,331,7,2176,9.459022521972656
2,331,8,2956,9.44255256652832
2,331,9,33,9.413851737976074
2,331,10,2106,9.399134635925293
2,332,1,1964,9.710790634155273
2,332,2,859,9.55742073059082
2,332,3,2971,9.357307434082031
2,332,4,2956,9.33720588684082
2,332,5,1367,9.180030822753906
2,332,6,2176,9.135661125183105
2,332,7,2106,9.093935012817383
2,332,8,2363,9.048845291137695
2,332,9,446,9.028892517089844
2,332,10,195,8.837321281433105
2,333,1,2602,14.345292091369629
2,333,2,90,13.472597122192383
2,333,3,2173,13.46428394317627
2,333,4,2261,13.08413028717041
2,333,5,1655,13.074299812316895
2,333,6,2145,13.015518188476562
2,333,7,2384,12.872941970825195
2,333,8,2870,12.689690589904785
2,333,9,523,12.457447052001953
2,333,10,2750,12.425457954406738
2,334,1,2602,17.383893966674805
2,334,2,2309,16.84984588623047
2,334,3,90,16.381275177001953
2,334,4,2927,16.273387908935547
2,334,5,2173,16.065820693969727
2,334,6,2261,15.968818664550781
2,334,7,1692,15.540861129760742
2,334,8,2107,15.365737915039062
2,334,9,523,15.237255096435547
2,334,10,2018,14.637941360473633
2,335,1,1692,13.155844688415527
2,335,2,2602,12.966730117797852
2,335,3,2309,12.881731033325195
2,335,4,90,12.509191513061523
2,335,5,2750,12.423548698425293
2,335,6,2061,12.278257369995117
2,335,7,2261,12.169853210449219
2,335,8,1494,12.00139045715332
2,335,9,210,11.891986846923828
2,335,10,2870,11.869157791137695
2,336,1,2309,16.287458419799805
2,336,2,2927,15.728530883789062
2,336,3,90,15.701860427856445
2,336,4,249,15.298027992248535
2,336,5,2870,15.22266960144043
2,336,6,2173,15.11999225616455
2,336,7,2107,14.880770683288574
2,336,8,523,14.629405975341797
2,336,9,2145,14.504819869995117
2,336,10,900,14.460697174072266
2,337,1,788,15.47385311126709
2,337,2,900,14.42654800415039
2,337,3,1779,14.230680465698242
2,337,4,2705,14.149462699890137
2,337,5,1635,13.99336051940918
2,337,6,249,13.793891906738281
2,337,7,2173,13.503092765808105
2,337,8,2018,13.320911407470703
2,337,9,2145,13.2886962890625
2,337,10,2566,12.757026672363281
2,338,1,2602,19.09947967529297
2,338,2,2173,18.384822845458984
2,338,3,788,18.33821678161621
2,338,4,2927,17.537425994873047
2,338,5,249,17.519153594970703
2,338,6,2705,17.26844596862793
2,338,7,1635,17.163455963134766
2,338,8,1779,17.034259796142578
2,338,9,2018,16.673561096191406
2,338,10,1399,16.01883888244629
2,339,1,788,16.211753845214844
2,339,2,2705,15.38814926147461
2,339,3,1635,15.354242324829102
2,339,4,2173,15.23103141784668
2,339,5,1779,15.064186096191406
2,339,6,249,14.530092239379883
2,339,7,2384,14.453359603881836
2,339,8,2018,14.10378646850586
2,339,9,523,14.03952407836914
2,339,10,900,13.640609741210938
2,340,1,788,17.978919982910156
2,340,2,2173,17.707870483398438
2,340,3,249,17.027772903442383
2,340,4,2705,16.83521270751953
2,340,5,1635,16.768808364868164
2,340,6,1779,16.743572235107422
2,340,7,2018,16.374767303466797
2,340,8,1692,16.27457046508789
2,340,9,1399,15.649951934814453
2,340,10,2145,15.614749908447266
2,341,1,482,12.497888565063477
2,341,2,2264,12.334375381469727
2,341,3,646,11.671446800231934
2,341,4,20,11.220602035522461
2,341,5,918,11.043265342712402
2,341,6,1108,10.990275382995605
2,341,7,671,10.887022018432617
2,341,8,1826,10.775606155395508
2,341,9,2888,10.71129035949707
2,341,10,1606,10.672754287719727
2,343,1,788,14.943009376525879
2,343,2,2173,14.801470756530762
2,343,3,899,14.501063346862793
2,343,4,2018,14.395362854003906
2,343,5,2927,14.313763618469238
2,343,6,1779,13.919694900512695
2,343,7,2705,13.762041091918945
2,343,8,249,13.750107765197754
2,343,9,1635,13.642451286315918
2,343,10,2870,13.610089302062988
2,344,1,2018,9.732336044311523
2,344,2,1386,9.634044647216797
2,344,3,2566,9.33140754699707
2,344,4,646,9.09453010559082
2,344,5,2173,9.051599502563477
2,344,6,410,9.00948715209961
2,344,7,581,8.980276107788086
2,344,8,513,8.939403533935547
2,344,9,1258,8.75982666015625
2,344,10,58,8.326505661010742
2,345,1,779,11.594464302062988
2,345,2,2264,11.461854934692383
2,345,3,387,10.477022171020508
2,345,4,2018,10.094637870788574
2,345,5,58,9.485526084899902
2,345,6,2173,9.372882843017578
2,345,7,1386,9.280874252319336
2,345,8,513,9.007068634033203
2,345,9,502,8.962343215942383
2,345,10,2566,8.782085418701172
2,346,1,779,14.986166000366211
2,346,2,1108,12.599469184875488
2,346,3,2018,12.501953125
2,346,4,2173,12.399578094482422
2,346,5,918,12.375770568847656
2,346,6,1347,12.21928596496582
2,346,7,1606,12.197771072387695
2,346,8,1826,12.186685562133789
2,346,9,2602,12.183544158935547
2,346,10,1398,12.173145294189453
2,347,1,482,9.009933471679688
2,347,2,393,8.150856971740723
2,347,3,2365,8.084200859069824
2,347,4,502,8.073708534240723
2,347,5,72,8.07143783569336
2,347,6,1386,7.8942718505859375
2,347,7,730,7.861847400665283
2,347,8,2018,7.81439208984375
2,347,9,58,7.805724143981934
2,347,10,513,7.784660339355469
2,348,1,72,12.497814178466797
2,348,2,779,12.369693756103516
2,348,3,738,11.976237297058105
2,348,4,2963,11.77718448638916
2,348,5,1502,11.606996536254883
2,348,6,2559,11.461182594299316
2,348,7,1691,11.198137283325195
2,348,8,1146,11.169632911682129
2,348,9,2734,11.167867660522461
2,348,10,482,10.994555473327637
2,349,1,779,13.655742645263672
2,349,2,482,13.328872680664062
2,349,3,1793,13.023945808410645
2,349,4,72,12.298505783081055
2,349,5,646,12.13160228729248
2,349,6,2264,12.072587966918945
2,349,7,918,11.920265197753906
2,349,8,1502,11.90229606628418
2,349,9,2559,11.86342716217041
2,349,10,1108,11.682266235351562
2,350,1,779,12.831624984741211
2,350,2,646,11.324455261230469
2,350,3,482,11.304286003112793
2,350,4,1793,10.958198547363281
2,350,5,2963,10.95600700378418
2,350,6,918,10.895920753479004
2,350,7,2559,10.8722562789917
2,350,8,333,10.860838890075684
2,350,9,1108,10.858227729797363
2,350,10,20,10.792577743530273
2,351,1,779,13.773881912231445
2,351,2,482,13.602190017700195
2,351,3,1793,13.38669204711914
2,351,4,20,12.829879760742188
2,351,5,2264,12.450858116149902
2,351,6,646,12.39676284790039
2,351,7,918,11.979159355163574
2,351,8,2403,11.944156646728516
2,351,9,387,11.899820327758789
2,351,10,101,11.849355697631836
2,352,1,779,14.960135459899902
2,352,2,393,14.129607200622559
2,352,3,2754,13.844295501708984
2,352,4,270,13.775672912597656
2,352,5,2653,13.604215621948242
2,352,6,506,13.43988037109375
2,352,7,2739,13.406702995300293
2,352,8,2441,13.366954803466797
2,352,9,1275,13.282434463500977
2,352,10,434,13.181600570678711
2,353,1,779,15.75273323059082
2,353,2,393,14.691225051879883
2,353,3,2365,13.915244102478027
2,353,4,270,13.688566207885742
2,353,5,506,13.531621932983398
2,353,6,2911,13.492230415344238
2,353,7,434,13.357317924499512
2,353,8,730,13.250749588012695
2,353,9,432,13.215616226196289
2,353,10,1275,13.211888313293457
2,354,1,779,15.810773849487305
2,354,2,393,15.67391586303711
2,354,3,2754,15.186736106872559
2,354,4,270,15.161548614501953
2,354,5,2365,14.756767272949219
2,354,6,506,14.751875877380371
2,354,7,730,14.50699520111084
2,354,8,434,14.494991302490234
2,354,9,566,14.484977722167969
2,354,10,2562,14.462032318115234
2,355,1,779,15.570747375488281
2,355,2,393,15.319219589233398
2,355,3,270,14.920543670654297
2,355,4,2754,14.453547477722168
2,355,5,1275,14.41104507446289
2,355,6,2665,14.403704643249512
2,355,7,2365,14.241754531860352
2,355,8,506,14.1372709274292
2,355,9,622,14.088863372802734
2,355,10,784,13.992395401000977
2,356,1,779,16.80228614807129
2,356,2,2754,16.204498291015625
2,356,3,393,15.946271896362305
2,356,4,566,15.818804740905762
2,356,5,2441,15.550840377807617
2,356,6,2739,15.528753280639648
2,356,7,506,15.38121223449707
2,356,8,270,15.343097686767578
2,356,9,1347,15.170967102050781
2,356,10,2365,15.1594820022583
2,357,1,566,13.828042030334473
2,357,2,2754,13.575456619262695
2,357,3,779,13.405946731567383
2,357,4,2609,12.7556791305542
2,357,5,393,12.684738159179688
2,357,6,1517,12.659950256347656
2,357,7,747,12.336078643798828
2,357,8,2721,12.297459602355957
2,357,9,2365,12.261579513549805
2,357,10,826,12.191290855407715
2,358,1,2311,14.49635124206543
2,358,2,2645,14.49635124206543
2,358,3,779,13.637767791748047
2,358,4,2752,13.541728973388672
2,358,5,393,13.352397918701172
2,358,6,2365,13.1407470703125
2,358,7,566,13.057425498962402
2,358,8,2173,12.974534034729004
2,358,9,2721,12.913662910461426
2,358,10,730,12.89652156829834
2,359,1,566,14.398500442504883
2,359,2,2609,13.93195915222168
2,359,3,506,13.57472038269043
2,359,4,1517,13.525362968444824
2,359,5,779,13.436736106872559
2,359,6,2721,13.406999588012695
2,359,7,1542,13.326874732971191
2,359,8,594,13.28399658203125
2,359,9,2752,13.203821182250977
2,359,10,393,13.198728561401367
2,360,1,566,14.398500442504883
2,360,2,2609,13.93195915222168
2,360,3,506,13.57472038269043
2,360,4,1517,13.525362968444824
2,360,5,779,13.436736106872559
2,360,6,2721,13.406999588012695
2,360,7,1542,13.326874732971191
2,360,8,594,13.28399658203125
2,360,9,2752,13.203821182250977
2,360,10,393,13.198728561401367
2,361,1,566,14.398500442504883
2,361,2,2609,13.93195915222168
2,361,3,506,13.57472038269043
2,361,4,1517,13.525362968444824
2,361,5,779,13.436736106872559
2,361,6,2721,13.406999588012695
2,361,7,1542,13.326874732971191
2,361,8,594,13.28399658203125
2,361,9,2752,13.203821182250977
2,361,10,393,13.198728561401367
2,362,1,566,14.398500442504883
2,362,2,2609,13.93195915222168
2,362,3,506,13.57472038269043
2,362,4,1517,13.525362968444824
2,362,5,779,13.436736106872559
2,362,6,2721,13.406999588012695
2,362,7,1542,13.326874732971191
2,362,8,594,13.28399658203125
2,362,9,2752,13.203821182250977
2,362,10,393,13.198728561401367
2,363,1,566,14.422534942626953
2,363,2,2609,13.9527587890625
2,363,3,506,13.59614086151123
2,363,4,1517,13.544415473937988
2,363,5,779,13.446074485778809
2,363,6,2721,13.42702579498291
2,363,7,1542,13.345276832580566
2,363,8,594,13.30612850189209
2,363,9,393,13.212041854858398
2,363,10,2752,13.211531639099121
2,365,1,788,10.990914344787598
2,365,2,2927,10.949771881103516
2,365,3,210,10.915121078491211
2,365,4,2705,10.820894241333008
2,365,5,1635,10.814537048339844
2,365,6,2602,10.797463417053223
2,365,7,1692,10.531285285949707
2,365,8,2107,10.515518188476562
2,365,9,2309,10.384241104125977
2,365,10,397,10.373528480529785
2,366,1,788,10.952187538146973
2,366,2,1494,10.946333885192871
2,366,3,2602,10.397749900817871
2,366,4,2927,10.393843650817871
2,366,5,1635,10.308919906616211
2,366,6,2705,10.267333030700684
2,366,7,1779,10.187000274658203
2,366,8,2309,10.119123458862305
2,366,9,2107,9.95665454864502
2,366,10,1692,9.93526840209961
2,367,1,788,12.096263885498047
2,367,2,2602,11.910505294799805
2,367,3,2927,11.479813575744629
2,367,4,2309,11.409351348876953
2,367,5,1779,11.404023170471191
2,367,6,2705,11.32302188873291
2,367,7,1635,11.32018756866455
2,367,8,2173,11.224136352539062
2,367,9,2018,11.092010498046875
2,367,10,1692,11.042163848876953
2,368,1,788,12.063194274902344
2,368,2,2602,11.671796798706055
2,368,3,2927,11.579734802246094
2,368,4,1779,11.518607139587402
2,368,5,2705,11.50705623626709
2,368,6,1635,11.505826950073242
2,368,7,2309,11.304346084594727
2,368,8,1692,11.089034080505371
2,368,9,2107,11.022808074951172
2,368,10,2173,10.896814346313477
2,369,1,2739,17.845394134521484
2,369,2,477,17.708890914916992
2,369,3,1347,17.544574737548828
2,369,4,869,14.753993034362793
2,369,5,65,14.454476356506348
2,369,6,1159,14.351313591003418
2,369,7,2212,14.280120849609375
2,369,8,2480,14.24610424041748
2,369,9,2602,14.15619945526123
2,369,10,3048,14.102806091308594
2,370,1,2739,17.9172306060791
2,370,2,1606,17.843687057495117
2,370,3,918,16.80228042602539
2,370,4,869,14.575653076171875
2,370,5,2602,14.187253952026367
2,370,6,65,14.159638404846191
2,370,7,1159,14.077775001525879
2,370,8,2480,14.022769927978516
2,370,9,2212,13.996662139892578
2,370,10,3048,13.987458229064941
2,372,1,272,17.087438583374023
2,372,2,1398,17.077434539794922
2,372,3,1606,16.8388614654541
2,372,4,2359,13.662168502807617
2,372,5,2754,13.48430347442627
2,372,6,747,12.942197799682617
2,372,7,168,12.662650108337402
2,372,8,1293,12.487720489501953
2,372,9,869,12.471399307250977
2,372,10,64,12.466991424560547
2,373,1,1606,16.667015075683594
2,373,2,2464,16.337921142578125
2,373,3,2687,16.122499465942383
2,373,4,2754,13.575915336608887
2,373,5,2359,13.043842315673828
2,373,6,747,12.958183288574219
2,373,7,168,12.849283218383789
2,373,8,1190,12.3231201171875
2,373,9,221,12.301405906677246
2,373,10,869,12.223794937133789
2,374,1,2441,17.587242126464844
2,374,2,918,16.191673278808594
2,374,3,2888,15.85875415802002
2,374,4,2754,15.235841751098633
2,374,5,747,14.415617942810059
2,374,6,168,14.266645431518555
2,374,7,2359,14.203659057617188
2,374,8,221,13.842010498046875
2,374,9,1190,13.822490692138672
2,374,10,1275,13.30561351776123
2,375,1,2739,18.25071907043457
2,375,2,2441,17.72376251220703
2,375,3,2321,17.285076141357422
2,375,4,869,15.403788566589355
2,375,5,2602,15.169097900390625
2,375,6,1159,15.119882583618164
2,375,7,3048,14.767993927001953
2,375,8,65,14.764293670654297
2,375,9,2480,14.746885299682617
2,375,10,2212,14.628023147583008
2,378,1,477,18.046737670898438
2,378,2,1347,17.89889144897461
2,378,3,2888,16.47190284729004
2,378,4,2359,14.252498626708984
2,378,5,2754,13.567693710327148
2,378,6,747,13.321258544921875
2,378,7,869,13.32077407836914
2,378,8,65,13.056846618652344
2,378,9,168,13.050942420959473
2,378,10,64,12.989604949951172
2,379,1,2441,19.796844482421875
2,379,2,2321,19.450254440307617
2,379,3,1678,17.27699089050293
2,379,4,2359,16.677841186523438
2,379,5,2754,15.973348617553711
2,379,6,747,15.410888671875
2,379,7,1293,15.351858139038086
2,379,8,64,15.208297729492188
2,379,9,585,15.206871032714844
2,379,10,168,15.144451141357422
2,380,1,477,18.323650360107422
2,380,2,2441,17.881031036376953
2,380,3,918,17.120140075683594
2,380,4,2359,14.802996635437012
2,380,5,2602,14.104681968688965
2,380,6,869,14.056863784790039
2,380,7,65,14.029641151428223
2,380,8,64,13.930803298950195
2,380,9,585,13.817933082580566
2,380,10,2212,13.817523002624512
2,381,1,2739,17.906583786010742
2,381,2,2441,17.49028968811035
2,381,3,2888,16.396337509155273
2,381,4,2602,15.71231746673584
2,381,5,1159,15.11589241027832
2,381,6,869,14.933077812194824
2,381,7,899,14.909496307373047
2,381,8,2603,14.46536636352539
2,381,9,2309,14.440771102905273
2,381,10,65,14.348684310913086
2,383,1,1347,17.909015655517578
2,383,2,918,16.43545150756836
2,383,3,2888,16.1975040435791
2,383,4,2754,14.814990997314453
2,383,5,2359,14.786786079406738
2,383,6,747,14.211759567260742
2,383,7,168,13.96031379699707
2,383,8,1190,13.68221664428711
2,383,9,64,13.606155395507812
2,383,10,221,13.556538581848145
2,384,1,2441,18.322500228881836
2,384,2,1826,16.964683532714844
2,384,3,1678,15.952871322631836
2,384,4,2359,15.645873069763184
2,384,5,2754,15.421478271484375
2,384,6,747,14.780717849731445
2,384,7,64,14.71061897277832
2,384,8,1293,14.517293930053711
2,384,9,585,14.514066696166992
2,384,10,168,14.402634620666504
2,385,1,2739,17.77779197692871
2,385,2,272,17.70795249938965
2,385,3,2464,17.25662612915039
2,385,4,869,13.936149597167969
2,385,5,65,13.717615127563477
2,385,6,2602,13.600006103515625
2,385,7,2359,13.583328247070312
2,385,8,2212,13.532541275024414
2,385,9,2480,13.50523567199707
2,385,10,1159,13.47988510131836
2,386,1,1398,17.38913345336914
2,386,2,2464,16.83620834350586
2,386,3,1826,16.194046020507812
2,386,4,869,13.69323444366455
2,386,5,2602,13.664306640625
2,386,6,1159,13.413460731506348
2,386,7,2359,13.316837310791016
2,386,8,65,13.315055847167969
2,386,9,2212,13.13519287109375
2,386,10,2480,13.079041481018066
2,387,1,1347,20.216060638427734
2,387,2,918,18.752077102661133
2,387,3,1678,17.222183227539062
2,387,4,2359,16.715662002563477
2,387,5,2754,15.885185241699219
2,387,6,747,15.304222106933594
2,387,7,1293,15.303726196289062
2,387,8,585,15.176837921142578
2,387,9,64,15.16646957397461
2,387,10,65,15.081250190734863
2,388,1,272,16.893617630004883
2,388,2,477,16.736270904541016
2,388,3,1826,15.749124526977539
2,388,4,2359,13.182722091674805
2,388,5,64,12.141621589660645
2,388,6,869,12.068778991699219
2,388,7,2754,12.06139850616455
2,388,8,747,12.043258666992188
2,388,9,3048,11.902183532714844
2,388,10,1293,11.896005630493164
2,391,1,272,17.60261344909668
2,391,2,1606,17.48029327392578
2,391,3,1108,16.814071655273438
2,391,4,869,13.728697776794434
2,391,5,65,13.323724746704102
2,391,6,2359,13.3094482421875
2,391,7,3048,13.276025772094727
2,391,8,1159,13.253870010375977
2,391,9,2602,13.206451416015625
2,391,10,2480,13.195991516113281
2,392,1,641,9.727956771850586
2,392,2,2082,9.70450210571289
2,392,3,2490,8.536705017089844
2,392,4,1427,8.126543998718262
2,392,5,1362,8.021479606628418
2,392,6,2345,7.853777885437012
2,392,7,2209,7.849217414855957
2,392,8,2098,7.813856601715088
2,392,9,2287,7.721632480621338
2,392,10,1142,7.7053704261779785
2,395,1,1102,9.736311912536621
2,395,2,1287,8.737432479858398
2,395,3,2345,8.677696228027344
2,395,4,2287,8.611392974853516
2,395,5,1142,8.498231887817383
2,395,6,1645,8.456783294677734
2,395,7,1044,8.438020706176758
2,395,8,1744,8.329126358032227
2,395,9,1686,8.329005241394043
2,395,10,2452,8.317153930664062
2,396,1,2156,8.516104698181152
2,396,2,2607,8.489510536193848
2,396,3,1287,7.749144554138184
2,396,4,2452,7.720086097717285
2,396,5,1142,7.398112773895264
2,396,6,1645,7.3824310302734375
2,396,7,1044,7.31083345413208
2,396,8,2287,7.246668338775635
2,396,9,1686,7.232565879821777
2,396,10,1744,7.156533241271973
2,397,1,1028,11.107926368713379
2,397,2,2253,10.929105758666992
2,397,3,206,10.767536163330078
2,397,4,609,10.019430160522461
2,397,5,696,10.003799438476562
2,397,6,1307,9.652286529541016
2,397,7,972,9.25537109375
2,397,8,2243,9.219614028930664
2,397,9,527,9.044441223144531
2,397,10,2141,9.043262481689453
2,398,1,1009,14.029848098754883
2,398,2,2752,13.991884231567383
2,398,3,1999,13.736665725708008
2,398,4,82,13.338048934936523
2,398,5,2568,12.774116516113281
2,398,6,1587,12.211848258972168
2,398,7,2391,12.15526008605957
2,398,8,949,11.937487602233887
2,398,9,774,11.796114921569824
2,398,10,672,11.786982536315918
2,399,1,2253,13.595932006835938
2,399,2,1028,13.595121383666992
2,399,3,206,13.037358283996582
2,399,4,696,12.202371597290039
2,399,5,1248,11.921010971069336
2,399,6,972,11.39307975769043
2,399,7,2238,11.378127098083496
2,399,8,2243,11.095932006835938
2,399,9,295,10.939547538757324
2,399,10,692,10.91894817352295
2,400,1,2253,10.854080200195312
2,400,2,1028,10.637319564819336
2,400,3,696,9.810503005981445
2,400,4,1379,9.608962059020996
2,400,5,2136,9.56839656829834
2,400,6,1301,9.527040481567383
2,400,7,2910,9.493577003479004
2,400,8,1999,9.298689842224121
2,400,9,475,9.045699119567871
2,400,10,95,8.85269546508789
2,401,1,2558,10.280389785766602
2,401,2,2104,10.264047622680664
2,401,3,2599,10.254302024841309
2,401,4,609,9.43402099609375
2,401,5,1028,9.37855339050293
2,401,6,206,9.2316312789917
2,401,7,2080,9.143985748291016
2,401,8,527,9.04728889465332
2,401,9,475,8.942924499511719
2,401,10,2243,8.814395904541016
2,403,1,2253,12.658559799194336
2,403,2,1028,12.327245712280273
2,403,3,696,11.191397666931152
2,403,4,2910,10.945516586303711
2,403,5,1307,10.758569717407227
2,403,6,1248,10.708727836608887
2,403,7,2141,10.490188598632812
2,403,8,609,10.432557106018066
2,403,9,972,10.320517539978027
2,403,10,2048,10.088064193725586
2,404,1,1028,12.837605476379395
2,404,2,2253,12.640876770019531
2,404,3,1379,12.211796760559082
2,404,4,1301,11.951004028320312
2,404,5,696,11.613327980041504
2,404,6,609,11.169809341430664
2,404,7,2243,10.388513565063477
2,404,8,972,10.184428215026855
2,404,9,295,10.03981876373291
2,404,10,2238,9.915481567382812
2,405,1,1570,14.817497253417969
2,405,2,2080,14.7236967086792
2,405,3,1028,14.528372764587402
2,405,4,89,14.14331340789795
2,405,5,1379,13.982783317565918
2,405,6,2253,13.851339340209961
2,405,7,103,13.715145111083984
2,405,8,1009,13.696052551269531
2,405,9,2568,13.597070693969727
2,405,10,1307,13.53118896484375
2,406,1,1028,12.349160194396973
2,406,2,206,12.225301742553711
2,406,3,2253,12.078509330749512
2,406,4,1570,11.901763916015625
2,406,5,1379,11.420066833496094
2,406,6,89,11.39258861541748
2,406,7,475,11.185664176940918
2,406,8,696,11.134706497192383
2,406,9,1307,11.039552688598633
2,406,10,2830,10.832509994506836
2,407,1,103,13.560340881347656
2,407,2,275,13.435123443603516
2,407,3,1009,13.054622650146484
2,407,4,2817,12.037677764892578
2,407,5,774,11.981117248535156
2,407,6,2080,11.817178726196289
2,407,7,2391,11.652385711669922
2,407,8,609,11.453393936157227
2,407,9,301,11.43302059173584
2,407,10,1587,11.380412101745605
2,408,1,275,10.184398651123047
2,408,2,1009,9.72179126739502
2,408,3,2643,9.534421920776367
2,408,4,2817,9.50523853302002
2,408,5,774,9.477019309997559
2,408,6,833,9.181020736694336
2,408,7,301,9.025546073913574
2,408,8,1408,8.974655151367188
2,408,9,672,8.916751861572266
2,408,10,609,8.825079917907715
2,409,1,2817,10.785317420959473
2,409,2,594,10.749849319458008
2,409,3,774,10.745635032653809
2,409,4,538,10.741984367370605
2,409,5,2721,10.480836868286133
2,409,6,2272,10.462597846984863
2,409,7,2609,10.456534385681152
2,409,8,535,10.442313194274902
2,409,9,1408,9.957683563232422
2,409,10,521,9.933274269104004
2,410,1,774,13.036784172058105
2,410,2,538,12.571685791015625
2,410,3,261,12.549779891967773
2,410,4,594,12.517499923706055
2,410,5,2721,12.423237800598145
2,410,6,1009,12.369739532470703
2,410,7,2609,12.308832168579102
2,410,8,535,12.285841941833496
2,410,9,2397,12.2738618850708
2,410,10,2272,12.197147369384766
2,411,1,2817,11.280303955078125
2,411,2,2609,11.241640090942383
2,411,3,594,11.233020782470703
2,411,4,538,11.166131019592285
2,411,5,2721,11.001370429992676
2,411,6,535,10.907181739807129
2,411,7,2272,10.881587028503418
2,411,8,566,10.761245727539062
2,411,9,2397,10.59147834777832
2,411,10,1408,10.503315925598145
2,412,1,2609,12.647167205810547
2,412,2,538,12.43852424621582
2,412,3,594,12.344746589660645
2,412,4,2721,12.289852142333984
2,412,5,566,12.199155807495117
2,412,6,2272,12.161822319030762
2,412,7,535,12.04269027709961
2,412,8,1517,11.476332664489746
2,412,9,2488,11.386218070983887
2,412,10,774,11.313596725463867
2,413,1,594,10.972490310668945
2,413,2,538,10.777190208435059
2,413,3,2272,10.713883399963379
2,413,4,1208,10.654340744018555
2,413,5,535,10.637216567993164
2,413,6,2721,10.62126350402832
2,413,7,82,10.480018615722656
2,413,8,2488,10.416820526123047
2,413,9,2754,10.366899490356445
2,413,10,2643,10.307148933410645
2,414,1,774,11.497020721435547
2,414,2,2754,11.456218719482422
2,414,3,594,11.44372844696045
2,414,4,1208,11.322111129760742
2,414,5,538,11.054726600646973
2,414,6,2272,10.984282493591309
2,414,7,1952,10.902792930603027
2,414,8,2721,10.893952369689941
2,414,9,535,10.767280578613281
2,414,10,566,10.660074234008789
2,415,1,3010,15.99220085144043
2,415,2,2183,15.04735279083252
2,415,3,1696,14.921603202819824
2,415,4,2754,13.344072341918945
2,415,5,670,13.284826278686523
2,415,6,1913,13.200582504272461
2,415,7,221,13.181645393371582
2,415,8,1208,13.145476341247559
2,415,9,594,12.944769859313965
2,415,10,1651,12.783056259155273
2,416,1,670,10.860298156738281
2,416,2,585,10.678244590759277
2,416,3,1502,10.599239349365234
2,416,4,742,10.567622184753418
2,416,5,576,10.491631507873535
2,416,6,264,10.26706314086914
2,416,7,518,10.218840599060059
2,416,8,1293,10.202625274658203
2,416,9,293,10.07145881652832
2,416,10,64,10.055449485778809
2,417,1,2359,10.291996002197266
2,417,2,670,10.269400596618652
2,417,3,1029,10.049086570739746
2,417,4,585,9.905238151550293
2,417,5,576,9.899521827697754
2,417,6,1293,9.807857513427734
2,417,7,1018,9.488184928894043
2,417,8,566,9.469450950622559
2,417,9,2757,9.430798530578613
2,417,10,64,9.2166748046875
2,418,1,566,14.534201622009277
2,418,2,2173,14.264632225036621
2,418,3,585,13.876895904541016
2,418,4,2359,13.817819595336914
2,418,5,2700,13.810698509216309
2,418,6,2018,13.674982070922852
2,418,7,2602,13.517704963684082
2,418,8,64,13.39950942993164
2,418,9,1517,13.372029304504395
2,418,10,1029,13.272558212280273
2,419,1,1696,13.78005599975586
2,419,2,3019,13.561393737792969
2,419,3,1884,13.21727180480957
2,419,4,2754,12.140884399414062
2,419,5,1208,12.057083129882812
2,419,6,594,11.973265647888184
2,419,7,221,11.831584930419922
2,419,8,1913,11.79364013671875
2,419,9,670,11.714614868164062
2,419,10,2272,11.589703559875488
2,420,1,3010,15.167855262756348
2,420,2,1196,14.592689514160156
2,420,3,704,14.108057022094727
2,420,4,2754,13.217060089111328
2,420,5,221,12.941255569458008
2,420,6,1208,12.874349594116211
2,420,7,1913,12.822607040405273
2,420,8,670,12.533561706542969
2,420,9,1767,12.52820873260498
2,420,10,1651,12.435858726501465
2,421,1,2609,14.990930557250977
2,421,2,1517,14.398322105407715
2,421,3,576,14.010008811950684
2,421,4,2721,13.873350143432617
2,421,5,2754,13.819415092468262
2,421,6,1190,13.676653861999512
2,421,7,747,13.629499435424805
2,421,8,538,13.431238174438477
2,421,9,826,13.343972206115723
2,421,10,2359,13.28567886352539
2,422,1,3010,14.339468002319336
2,422,2,1196,13.792364120483398
2,422,3,1884,13.421546936035156
2,422,4,2754,12.5897855758667
2,422,5,1208,12.348604202270508
2,422,6,221,12.319463729858398
2,422,7,1913,12.200389862060547
2,422,8,1651,11.996665954589844
2,422,9,670,11.992138862609863
2,422,10,1767,11.835920333862305
2,423,1,1791,13.564289093017578
2,423,2,2028,13.520235061645508
2,423,3,3019,13.234760284423828
2,423,4,2754,12.527959823608398
2,423,5,1208,12.404221534729004
2,423,6,221,12.119094848632812
2,423,7,594,11.998098373413086
2,423,8,1913,11.855289459228516
2,423,9,1767,11.766117095947266
2,423,10,2272,11.58448314666748
2,424,1,2609,15.509209632873535
2,424,2,1517,14.371851921081543
2,424,3,2817,13.94923210144043
2,424,4,2754,13.948486328125
2,424,5,2488,13.393362045288086
2,424,6,518,13.387591361999512
2,424,7,1208,13.293720245361328
2,424,8,774,12.961281776428223
2,424,9,1190,12.901580810546875
2,424,10,2397,12.865015029907227
2,425,1,2739,18.21983528137207
2,425,2,2441,18.098543167114258
2,425,3,2754,17.964263916015625
2,425,4,1347,17.90433692932129
2,425,5,1606,17.7134952545166
2,425,6,1398,17.571603775024414
2,425,7,2321,17.558670043945312
2,425,8,1108,17.379104614257812
2,425,9,477,17.284141540527344
2,425,10,272,17.278038024902344
2,426,1,538,14.990716934204102
2,426,2,2272,14.831512451171875
2,426,3,2754,14.604461669921875
2,426,4,506,14.10749626159668
2,426,5,434,13.923158645629883
2,426,6,2817,13.891061782836914
2,426,7,518,13.636430740356445
2,426,8,1208,13.606504440307617
2,426,9,1190,13.57971477508545
2,426,10,360,13.500814437866211
2,427,1,2609,13.86355972290039
2,427,2,1029,13.435935974121094
2,427,3,585,13.199283599853516
2,427,4,2700,13.169290542602539
2,427,5,2359,13.124188423156738
2,427,6,576,13.102213859558105
2,427,7,2802,12.910293579101562
2,427,8,594,12.880767822265625
2,427,9,1293,12.788604736328125
2,427,10,742,12.670105934143066
2,428,1,2272,14.950931549072266
2,428,2,2817,14.391029357910156
2,428,3,2488,13.697402954101562
2,428,4,2754,13.58454418182373
2,428,5,2752,13.506391525268555
2,428,6,82,13.182903289794922
2,428,7,774,13.135863304138184
2,428,8,1408,13.092771530151367
2,428,9,539,13.060754776000977
2,428,10,506,13.051429748535156
2,429,1,2272,14.950931549072266
2,429,2,2817,14.391029357910156
2,429,3,2488,13.697402954101562
2,429,4,2754,13.58454418182373
2,429,5,2752,13.506391525268555
2,429,6,82,13.182903289794922
2,429,7,774,13.135863304138184
2,429,8,1408,13.092771530151367
2,429,9,539,13.060754776000977
2,429,10,506,13.051429748535156
2,430,1,2272,14.950931549072266
2,430,2,2817,14.391029357910156
2,430,3,2488,13.697402954101562
2,430,4,2754,13.58454418182373
2,430,5,2752,13.506391525268555
2,430,6,82,13.182903289794922
2,430,7,774,13.135863304138184
2,430,8,1408,13.092771530151367
2,430,9,539,13.060754776000977
2,430,10,506,13.051429748535156
2,435,1,576,10.758967399597168
2,435,2,566,10.613489151000977
2,435,3,621,10.319353103637695
2,435,4,2911,10.290107727050781
2,435,5,1018,10.22892951965332
2,435,6,2721,10.224026679992676
2,435,7,1952,10.140765190124512
2,435,8,594,9.94662857055664
2,435,9,1517,9.862922668457031
2,435,10,2757,9.847088813781738
2,436,1,670,15.29698371887207
2,436,2,566,14.999406814575195
2,436,3,576,14.992019653320312
2,436,4,264,14.861985206604004
2,436,5,2739,14.572687149047852
2,436,6,747,14.398494720458984
2,436,7,2441,14.218695640563965
2,436,8,1018,14.145550727844238
2,436,9,1606,14.132232666015625
2,436,10,1347,14.123873710632324
2,437,1,670,12.568724632263184
2,437,2,624,11.818822860717773
2,437,3,566,11.802286148071289
2,437,4,576,11.643488883972168
2,437,5,2496,11.286985397338867
2,437,6,2911,11.07922649383545
2,437,7,1018,11.051002502441406
2,437,8,293,11.049556732177734
2,437,9,2757,10.991414070129395
2,437,10,747,10.970094680786133
2,439,1,2359,12.197328567504883
2,439,2,293,11.821866989135742
2,439,3,2911,11.626425743103027
2,439,4,1040,11.459273338317871
2,439,5,670,11.396058082580566
2,439,6,585,11.303630828857422
2,439,7,576,11.271331787109375
2,439,8,2739,11.270901679992676
2,439,9,2441,11.24356746673584
2,439,10,64,11.109874725341797
2,440,1,2359,13.207035064697266
2,440,2,585,13.20219612121582
2,440,3,64,12.770391464233398
2,440,4,1293,12.575562477111816
2,440,5,670,12.499698638916016
2,440,6,1029,12.350780487060547
2,440,7,742,12.159259796142578
2,440,8,264,12.009594917297363
2,440,9,624,12.004753112792969
2,440,10,2308,11.950599670410156
2,441,1,566,14.704551696777344
2,441,2,2754,14.511857986450195
2,441,3,576,14.454343795776367
2,441,4,2359,14.425081253051758
2,441,5,670,14.295557022094727
2,441,6,747,13.852296829223633
2,441,7,1029,13.846746444702148
2,441,8,1018,13.827252388000488
2,441,9,168,13.808581352233887
2,441,10,1208,13.670943260192871
2,442,1,1502,11.256608963012695
2,442,2,1467,10.430720329284668
2,442,3,2734,10.255975723266602
2,442,4,2359,10.16991901397705
2,442,5,576,10.15826416015625
2,442,6,670,10.078886032104492
2,442,7,2665,10.020416259765625
2,442,8,755,9.981611251831055
2,442,9,704,9.919877052307129
2,442,10,3019,9.832124710083008
2,443,1,64,12.449881553649902
2,443,2,585,12.348386764526367
2,443,3,2359,11.995851516723633
2,443,4,1029,11.944332122802734
2,443,5,1293,11.854792594909668
2,443,6,2308,11.646458625793457
2,443,7,2700,11.595830917358398
2,443,8,670,11.301342010498047
2,443,9,624,11.287675857543945
2,443,10,1606,11.255535125732422
2,444,1,2602,14.9498291015625
2,444,2,2309,14.160417556762695
2,444,3,788,13.981440544128418
2,444,4,2384,13.831945419311523
2,444,5,899,13.758912086486816
2,444,6,2927,13.671184539794922
2,444,7,2261,13.659137725830078
2,444,8,900,13.541385650634766
2,444,9,90,13.34099006652832
2,444,10,2705,13.255213737487793
2,445,1,2602,16.11263656616211
2,445,2,2309,15.149295806884766
2,445,3,2384,14.85734748840332
2,445,4,788,14.623749732971191
2,445,5,2261,14.510086059570312
2,445,6,2927,14.39819622039795
2,445,7,899,14.327900886535645
2,445,8,90,14.296119689941406
2,445,9,2705,14.03605842590332
2,445,10,1692,13.988040924072266
2,446,1,2018,12.155481338500977
2,446,2,2602,11.991325378417969
2,446,3,1386,11.461366653442383
2,446,4,2309,11.025331497192383
2,446,5,2609,10.786517143249512
2,446,6,2384,10.5574951171875
2,446,7,899,10.536884307861328
2,446,8,2927,10.472803115844727
2,446,9,900,10.413192749023438
2,446,10,2261,10.353988647460938
2,448,1,833,12.524554252624512
2,448,2,2912,11.072465896606445
2,448,3,2210,11.03805160522461
2,448,4,665,10.953431129455566
2,448,5,2704,10.86812973022461
2,448,6,2173,10.778115272521973
2,448,7,2602,10.64406681060791
2,448,8,2018,10.612578392028809
2,448,9,788,10.570242881774902
2,448,10,1200,10.349349975585938
2,449,1,833,11.415853500366211
2,449,2,1999,10.399266242980957
2,449,3,507,10.248040199279785
2,449,4,2210,10.145387649536133
2,449,5,475,10.069780349731445
2,449,6,2704,10.018956184387207
2,449,7,2112,10.009126663208008
2,449,8,1009,9.923694610595703
2,449,9,2568,9.782127380371094
2,449,10,1200,9.778472900390625
2,450,1,833,12.95893669128418
2,450,2,410,12.043262481689453
2,450,3,1200,11.31447696685791
2,450,4,1718,11.29819393157959
2,450,5,1386,11.258451461791992
2,450,6,581,11.194450378417969
2,450,7,665,11.188114166259766
2,450,8,2033,11.062179565429688
2,450,9,788,10.862428665161133
2,450,10,2566,10.766776084899902
2,451,1,2210,11.731852531433105
2,451,2,410,11.715375900268555
2,451,3,665,11.698891639709473
2,451,4,507,11.549955368041992
2,451,5,2704,11.534099578857422
2,451,6,1009,11.001590728759766
2,451,7,2615,10.982608795166016
2,451,8,2033,10.88217544555664
2,451,9,1200,10.877951622009277
2,451,10,581,10.827898979187012
2,452,1,833,12.913299560546875
2,452,2,2210,11.876935958862305
2,452,3,2704,11.84415054321289
2,452,4,410,11.40450668334961
2,452,5,2615,11.36545467376709
2,452,6,665,11.328779220581055
2,452,7,1386,11.161418914794922
2,452,8,1048,11.11577320098877
2,452,9,788,10.87479019165039
2,452,10,2566,10.697222709655762
2,453,1,394,11.328453063964844
2,453,2,191,11.218229293823242
2,453,3,2704,11.216279983520508
2,453,4,2210,11.187865257263184
2,453,5,173,11.122118949890137
2,453,6,507,10.921957015991211
2,453,7,665,10.852046966552734
2,453,8,2912,10.811368942260742
2,453,9,2942,10.565688133239746
2,453,10,410,10.011971473693848
2,454,1,475,10.27099323272705
2,454,2,103,10.221817016601562
2,454,3,2112,10.189985275268555
2,454,4,1999,10.1696138381958
2,454,5,833,10.156129837036133
2,454,6,275,10.030884742736816
2,454,7,2752,9.70516586303711
2,454,8,1333,9.638507843017578
2,454,9,527,9.512741088867188
2,454,10,196,9.472902297973633
2,455,1,394,11.264251708984375
2,455,2,191,11.143646240234375
2,455,3,410,10.817164421081543
2,455,4,1747,10.789470672607422
2,455,5,173,10.656635284423828
2,455,6,1048,10.537066459655762
2,455,7,2912,10.436723709106445
2,455,8,788,10.39319133758545
2,455,9,507,10.259222030639648
2,455,10,1779,10.245986938476562
2,456,1,394,12.995376586914062
2,456,2,191,12.894085884094238
2,456,3,507,12.542490005493164
2,456,4,173,12.491914749145508
2,456,5,2615,12.314579010009766
2,456,6,2912,12.286186218261719
2,456,7,410,12.057855606079102
2,456,8,1718,11.988675117492676
2,456,9,2942,11.724897384643555
2,456,10,1999,11.719488143920898
2,457,1,394,10.966611862182617
2,457,2,191,10.874994277954102
2,457,3,410,10.433975219726562
2,457,4,2210,10.379006385803223
2,457,5,2704,10.358683586120605
2,457,6,173,10.268939971923828
2,457,7,2912,10.07137393951416
2,457,8,2615,10.036184310913086
2,457,9,507,9.931770324707031
2,457,10,1747,9.88051700592041
2,458,1,833,10.87601375579834
2,458,2,1200,10.622064590454102
2,458,3,394,10.340116500854492
2,458,4,191,10.261517524719238
2,458,5,1718,10.12846851348877
2,458,6,1048,10.057821273803711
2,458,7,2033,9.755781173706055
2,458,8,1587,9.746962547302246
2,458,9,2942,9.736909866333008
2,458,10,949,9.508167266845703
2,459,1,1173,10.097640991210938
2,459,2,774,9.702345848083496
2,459,3,1832,9.276922225952148
2,459,4,278,9.179879188537598
2,459,5,2488,9.148604393005371
2,459,6,1878,9.091158866882324
2,459,7,1408,9.080623626708984
2,459,8,2423,9.076077461242676
2,459,9,493,9.034693717956543
2,459,10,82,9.034549713134766
2,460,1,1260,8.685001373291016
2,460,2,774,8.405477523803711
2,460,3,1878,7.753787517547607
2,460,4,2423,7.732176303863525
2,460,5,493,7.719393730163574
2,460,6,2488,7.716739177703857
2,460,7,3017,7.702905654907227
2,460,8,444,7.693461894989014
2,460,9,521,7.6735639572143555
2,460,10,2397,7.621487617492676
2,461,1,774,9.285057067871094
2,461,2,1173,9.239208221435547
2,461,3,2488,8.837606430053711
2,461,4,2817,8.821735382080078
2,461,5,2643,8.578466415405273
2,461,6,2423,8.546501159667969
2,461,7,493,8.53907585144043
2,461,8,1408,8.533167839050293
2,461,9,1878,8.514933586120605
2,461,10,82,8.503193855285645
2,462,1,774,10.815648078918457
2,462,2,2817,10.126609802246094
2,462,3,2397,9.941082954406738
2,462,4,2643,9.824790000915527
2,462,5,493,9.799638748168945
2,462,6,2488,9.79305648803711
2,462,7,2423,9.780954360961914
2,462,8,1153,9.724156379699707
2,462,9,1878,9.68630599975586
2,462,10,1408,9.671285629272461
2,463,1,2363,7.328585624694824
2,463,2,1198,7.2524237632751465
2,463,3,1206,7.158431053161621
2,463,4,1153,7.113389015197754
2,463,5,774,7.102632522583008
2,463,6,2956,7.095012187957764
2,463,7,1158,6.997596740722656
2,463,8,1369,6.971079349517822
2,463,9,2176,6.906850337982178
2,463,10,2106,6.905238628387451
2,465,1,1582,9.995098114013672
2,465,2,2580,9.923683166503906
2,465,3,608,9.704444885253906
2,465,4,2280,9.661457061767578
2,465,5,2628,9.48651123046875
2,465,6,122,9.463218688964844
2,465,7,1516,9.455704689025879
2,465,8,104,9.365143775939941
2,465,9,2952,9.34265422821045
2,465,10,555,9.335887908935547
2,467,1,1582,10.648563385009766
2,467,2,2628,10.557132720947266
2,467,3,2580,10.546387672424316
2,467,4,608,10.53032398223877
2,467,5,2280,10.471986770629883
2,467,6,122,10.384531021118164
2,467,7,1516,10.151803970336914
2,467,8,2952,10.083138465881348
2,467,9,555,9.966507911682129
2,467,10,1821,9.958569526672363
2,468,1,1582,11.389342308044434
2,468,2,2580,11.216286659240723
2,468,3,608,11.117197036743164
2,468,4,2280,10.88744831085205
2,468,5,2952,10.71484661102295
2,468,6,555,10.671971321105957
2,468,7,2628,10.663990020751953
2,468,8,1516,10.606600761413574
2,468,9,122,10.444920539855957
2,468,10,104,10.297101974487305
2,469,1,774,10.37576675415039
2,469,2,2488,9.728971481323242
2,469,3,2817,9.706082344055176
2,469,4,2643,9.5477294921875
2,469,5,1408,9.489287376403809
2,469,6,1153,9.467758178710938
2,469,7,1878,9.43623161315918
2,469,8,2423,9.402692794799805
2,469,9,493,9.395715713500977
2,469,10,82,9.352519989013672
2,470,1,1582,10.461099624633789
2,470,2,2580,10.249649047851562
2,470,3,608,10.144804954528809
2,470,4,2628,9.789443969726562
2,470,5,2280,9.757686614990234
2,470,6,122,9.639737129211426
2,470,7,1516,9.59895133972168
2,470,8,2952,9.356656074523926
2,470,9,1400,9.283618927001953
2,470,10,121,9.185800552368164
2,471,1,359,8.930745124816895
2,471,2,1447,8.32984733581543
2,471,3,294,8.327902793884277
2,471,4,717,8.18781566619873
2,471,5,2141,8.17645263671875
2,471,6,1248,8.164002418518066
2,471,7,1809,8.06896686553955
2,471,8,520,7.702297687530518
2,471,9,1547,7.696533679962158
2,471,10,971,7.5807061195373535
2,472,1,359,9.909448623657227
2,472,2,294,9.64874267578125
2,472,3,2019,9.429224014282227
2,472,4,2141,9.260196685791016
2,472,5,1809,8.928178787231445
2,472,6,717,8.84237289428711
2,472,7,1248,8.734132766723633
2,472,8,1547,8.591687202453613
2,472,9,398,8.53094482421875
2,472,10,2972,8.505014419555664
2,474,1,359,12.001975059509277
2,474,2,1809,11.306781768798828
2,474,3,1985,10.835567474365234
2,474,4,717,10.81392765045166
2,474,5,294,10.746235847473145
2,474,6,1547,10.443110466003418
2,474,7,1248,10.360377311706543
2,474,8,1412,10.178550720214844
2,474,9,520,10.01260757446289
2,474,10,2141,9.922406196594238
2,475,1,359,14.649435997009277
2,475,2,1809,13.554061889648438
2,475,3,2019,13.430049896240234
2,475,4,717,13.348766326904297
2,475,5,294,12.886808395385742
2,475,6,1447,12.669591903686523
2,475,7,520,12.554616928100586
2,475,8,1985,12.515913009643555
2,475,9,1547,12.229754447937012
2,475,10,2141,11.985652923583984
2,476,1,359,12.044949531555176
2,476,2,1809,11.02410888671875
2,476,3,717,10.823953628540039
2,476,4,294,10.709654808044434
2,476,5,1985,10.232606887817383
2,476,6,1531,10.22120189666748
2,476,7,1412,10.199097633361816
2,476,8,1981,10.157958030700684
2,476,9,520,10.013598442077637
2,476,10,1547,9.784887313842773
2,477,1,359,14.567037582397461
2,477,2,1809,13.397482872009277
2,477,3,2019,13.299266815185547
2,477,4,520,12.848901748657227
2,477,5,294,12.720349311828613
2,477,6,2141,12.51296615600586
2,477,7,1447,12.506430625915527
2,477,8,1547,12.46508502960205
2,477,9,1985,12.263387680053711
2,477,10,1412,11.99493408203125
2,478,1,359,11.947354316711426
2,478,2,1248,11.75145149230957
2,478,3,1809,11.327126502990723
2,478,4,534,10.92576789855957
2,478,5,717,10.86564826965332
2,478,6,1412,10.756103515625
2,478,7,1985,10.754315376281738
2,478,8,707,10.198211669921875
2,478,9,1612,10.101648330688477
2,478,10,2482,10.066635131835938
2,479,1,359,14.175034523010254
2,479,2,1248,13.34864616394043
2,479,3,1531,13.131365776062012
2,479,4,717,12.900708198547363
2,479,5,950,12.199027061462402
2,479,6,1981,12.104537963867188
2,479,7,707,12.101142883300781
2,479,8,520,11.910970687866211
2,479,9,2019,11.764039993286133
2,479,10,1252,11.703742980957031
2,480,1,359,12.943268775939941
2,480,2,1809,11.823801040649414
2,480,3,717,11.786642074584961
2,480,4,294,11.436002731323242
2,480,5,520,11.079862594604492
2,480,6,2141,11.023672103881836
2,480,7,1412,10.851394653320312
2,480,8,1985,10.823043823242188
2,480,9,1547,10.749798774719238
2,480,10,2048,10.620845794677734
2,483,1,2019,11.29443359375
2,483,2,1248,11.007562637329102
2,483,3,1447,10.840304374694824
2,483,4,971,10.834502220153809
2,483,5,1531,10.659148216247559
2,483,6,707,10.390294075012207
2,483,7,1866,10.163309097290039
2,483,8,950,10.11058235168457
2,483,9,1981,10.034293174743652
2,483,10,1829,10.01506233215332
2,484,1,2019,11.29443359375
2,484,2,1248,11.007562637329102
2,484,3,1447,10.840304374694824
2,484,4,971,10.834502220153809
2,484,5,1531,10.659148216247559
2,484,6,707,10.390294075012207
2,484,7,1866,10.163309097290039
2,484,8,950,10.11058235168457
2,484,9,1981,10.034293174743652
2,484,10,1829,10.01506233215332
2,485,1,717,9.277799606323242
2,485,2,1412,8.49779224395752
2,485,3,2141,8.120485305786133
2,485,4,1248,7.881664276123047
2,485,5,2019,7.71081018447876
2,485,6,1447,7.448592185974121
2,485,7,1531,7.3118438720703125
2,485,8,707,7.174291133880615
2,485,9,2432,7.152174472808838
2,485,10,1829,7.150744915008545
2,486,1,294,9.77897834777832
2,486,2,359,9.490819931030273
2,486,3,1809,8.871968269348145
2,486,4,1547,8.798959732055664
2,486,5,398,8.695867538452148
2,486,6,2972,8.680950164794922
2,486,7,1985,8.673014640808105
2,486,8,717,8.631806373596191
2,486,9,306,8.575620651245117
2,486,10,2100,8.560349464416504
2,487,1,1985,11.169221878051758
2,487,2,359,10.55770206451416
2,487,3,1809,10.283173561096191
2,487,4,81,10.178486824035645
2,487,5,520,9.799270629882812
2,487,6,1547,9.736260414123535
2,487,7,424,9.639814376831055
2,487,8,1248,9.591785430908203
2,487,9,717,9.523269653320312
2,487,10,1412,9.360445022583008
2,491,1,1246,9.391395568847656
2,491,2,2642,9.341493606567383
2,491,3,1665,8.871153831481934
2,491,4,1836,8.545391082763672
2,491,5,1831,8.446645736694336
2,491,6,2356,8.008010864257812
2,491,7,2594,7.914022445678711
2,491,8,2691,7.579452037811279
2,491,9,208,7.450007438659668
2,491,10,1858,7.438610553741455
2,492,1,208,10.679235458374023
2,492,2,2961,10.433210372924805
2,492,3,1246,10.318896293640137
2,492,4,2642,10.263011932373047
2,492,5,2324,10.241520881652832
2,492,6,183,9.869133949279785
2,492,7,1665,9.861296653747559
2,492,8,653,9.84264850616455
2,492,9,31,9.61898422241211
2,492,10,289,9.585502624511719
2,493,1,185,10.298177719116211
2,493,2,208,10.183826446533203
2,493,3,439,9.725661277770996
2,493,4,2961,9.693126678466797
2,493,5,1836,9.662033081054688
2,493,6,653,9.288552284240723
2,493,7,183,9.21231460571289
2,493,8,2324,9.201322555541992
2,493,9,2738,9.113323211669922
2,493,10,402,9.084491729736328
2,494,1,185,8.511442184448242
2,494,2,1161,8.49685001373291
2,494,3,1246,7.809070587158203
2,494,4,2642,7.714526176452637
2,494,5,1665,7.6361799240112305
2,494,6,208,7.296185493469238
2,494,7,1278,7.269919395446777
2,494,8,2356,7.152645111083984
2,494,9,1304,7.138617038726807
2,494,10,2961,7.1153788566589355
2,495,1,1682,9.230259895324707
2,495,2,541,9.129949569702148
2,495,3,652,8.80831527709961
2,495,4,1161,8.748939514160156
2,495,5,495,8.632688522338867
2,495,6,1831,8.498861312866211
2,495,7,298,8.485231399536133
2,495,8,1518,8.468164443969727
2,495,9,2630,8.371722221374512
2,495,10,439,8.353628158569336
3,1,1,2089,6.827216148376465
3,1,2,1839,6.474372386932373
3,1,3,2287,6.468771934509277
3,1,4,1391,6.350013256072998
3,1,5,1341,6.336071014404297
3,1,6,696,6.316943168640137
3,1,7,557,6.3128557205200195
3,1,8,484,6.303883075714111
3,1,9,1657,6.216516017913818
3,1,10,1028,6.1494669914245605
3,2,1,1982,6.665412902832031
3,2,2,2288,6.5852861404418945
3,2,3,738,6.234478950500488
3,2,4,1507,6.144766807556152
3,2,5,2303,6.0188493728637695
3,2,6,2559,6.000921249389648
3,2,7,2780,5.9321489334106445
3,2,8,1146,5.922534942626953
3,2,9,1502,5.777631759643555
3,2,10,634,5.735617637634277
3,3,1,1028,7.805093288421631
3,3,2,494,7.778705596923828
3,3,3,674,7.767958641052246
3,3,4,767,7.684436798095703
3,3,5,1650,7.584010601043701
3,3,6,696,7.534265518188477
3,3,7,2416,7.514611721038818
3,3,8,2745,7.464860916137695
3,3,9,2556,7.38714599609375
3,3,10,530,7.387051582336426
3,4,1,364,8.279242515563965
3,4,2,857,8.032886505126953
3,4,3,861,7.290771484375
3,4,4,530,7.185310363769531
3,4,5,756,7.168186187744141
3,4,6,2989,7.12101936340332
3,4,7,2344,7.05267333984375
3,4,8,2144,7.010785102844238
3,4,9,1176,6.973255634307861
3,4,10,1792,6.951920509338379
3,7,1,689,11.252346992492676
3,7,2,2192,11.154566764831543
3,7,3,530,11.1463623046875
3,7,4,494,10.793285369873047
3,7,5,1650,10.700922012329102
3,7,6,1569,10.633246421813965
3,7,7,674,10.521278381347656
3,7,8,1327,10.447486877441406
3,7,9,2896,10.40888786315918
3,7,10,2556,10.066447257995605
3,8,1,2288,9.532238006591797
3,8,2,2303,9.280285835266113
3,8,3,1982,9.123003005981445
3,8,4,1507,8.752135276794434
3,8,5,2780,8.556608200073242
3,8,6,634,8.327367782592773
3,8,7,1197,8.220111846923828
3,8,8,2474,8.015266418457031
3,8,9,1839,7.9915618896484375
3,8,10,2167,7.805479049682617
3,9,1,2089,8.701507568359375
3,9,2,652,8.60647964477539
3,9,3,39,8.503232955932617
3,9,4,1280,8.473810195922852
3,9,5,1391,8.347708702087402
3,9,6,136,8.33525276184082
3,9,7,1194,8.32644271850586
3,9,8,1898,8.319263458251953
3,9,9,2184,8.245890617370605
3,9,10,2630,8.245596885681152
3,10,1,2745,7.896965026855469
3,10,2,2719,7.721499443054199
3,10,3,498,7.631953239440918
3,10,4,530,7.6219682693481445
3,10,5,327,7.482691764831543
3,10,6,453,7.469923973083496
3,10,7,2137,7.467856407165527
3,10,8,123,7.444138526916504
3,10,9,767,7.401566505432129
3,10,10,205,7.351100921630859
3,11,1,530,6.652553558349609
3,11,2,2444,6.4829254150390625
3,11,3,2416,6.459533214569092
3,11,4,2159,6.433629035949707
3,11,5,674,6.43330192565918
3,11,6,556,6.4327392578125
3,11,7,498,6.4180426597595215
3,11,8,559,6.378203868865967
3,11,9,612,6.376507759094238
3,11,10,2143,6.349123001098633
3,12,1,2957,9.228119850158691
3,12,2,257,9.218456268310547
3,12,3,1720,9.209915161132812
3,12,4,1339,9.170421600341797
3,12,5,615,9.168479919433594
3,12,6,193,9.029282569885254
3,12,7,1429,9.013599395751953
3,12,8,1620,8.92361068725586
3,12,9,1645,8.878052711486816
3,12,10,1287,8.80777645111084
3,13,1,2238,8.799635887145996
3,13,2,1028,8.791025161743164
3,13,3,1817,8.717694282531738
3,13,4,696,8.696194648742676
3,13,5,2087,8.617238998413086
3,13,6,534,8.604674339294434
3,13,7,2810,8.44122314453125
3,13,8,129,8.39069938659668
3,13,9,556,8.133974075317383
3,13,10,791,8.110190391540527
3,14,1,530,9.640493392944336
3,14,2,2745,9.521615982055664
3,14,3,2719,9.379035949707031
3,14,4,327,9.369136810302734
3,14,5,498,9.311948776245117
3,14,6,205,9.279888153076172
3,14,7,767,9.210872650146484
3,14,8,706,9.193792343139648
3,14,9,407,9.154764175415039
3,14,10,453,9.057129859924316
3,15,1,530,9.043651580810547
3,15,2,2192,8.913498878479004
3,15,3,2396,8.714776992797852
3,15,4,2344,8.702195167541504
3,15,5,767,8.685540199279785
3,15,6,2416,8.640790939331055
3,15,7,494,8.50533390045166
3,15,8,689,8.426957130432129
3,15,9,1112,8.397677421569824
3,15,10,1650,8.364237785339355
3,16,1,2745,7.114087104797363
3,16,2,498,6.788434028625488
3,16,3,2719,6.765883445739746
3,16,4,767,6.7579545974731445
3,16,5,530,6.745638847351074
3,16,6,327,6.657735824584961
3,16,7,2396,6.598793983459473
3,16,8,407,6.398606300354004
3,16,9,2137,6.390624046325684
3,16,10,1838,6.364470481872559
3,17,1,2287,7.695137977600098
3,17,2,1391,7.574525833129883
3,17,3,1657,7.500199794769287
3,17,4,498,7.425946235656738
3,17,5,205,7.3875813484191895
3,17,6,2787,7.232980728149414
3,17,7,2238,7.21669864654541
3,17,8,652,7.153182029724121
3,17,9,2099,7.130010604858398
3,17,10,2184,7.108846664428711
3,18,1,364,7.238359451293945
3,18,2,857,7.066758632659912
3,18,3,1358,7.008706092834473
3,18,4,756,6.727805137634277
3,18,5,861,6.71073579788208
3,18,6,2882,6.527736186981201
3,18,7,1340,6.521849632263184
3,18,8,2989,6.368525505065918
3,18,9,2053,6.323768615722656
3,18,10,706,6.322469711303711
3,20,1,696,8.411602020263672
3,20,2,1028,8.383892059326172
3,20,3,2238,8.33012580871582
3,20,4,556,8.014711380004883
3,20,5,534,7.862730979919434
3,20,6,295,7.816524505615234
3,20,7,2087,7.805134296417236
3,20,8,2658,7.748019695281982
3,20,9,1817,7.746438503265381
3,20,10,2243,7.697993278503418
3,21,1,1839,11.381129264831543
3,21,2,2288,11.169475555419922
3,21,3,696,11.147388458251953
3,21,4,557,10.935667037963867
3,21,5,1507,10.891378402709961
3,21,6,1982,10.840459823608398
3,21,7,2238,10.703451156616211
3,21,8,1028,10.607863426208496
3,21,9,2287,10.590187072753906
3,21,10,2780,10.393760681152344
3,22,1,530,6.676278114318848
3,22,2,1461,6.656676292419434
3,22,3,599,6.647197723388672
3,22,4,6,6.605613708496094
3,22,5,1028,6.5518693923950195
3,22,6,461,6.547934532165527
3,22,7,696,6.500200271606445
3,22,8,400,6.484038352966309
3,22,9,1737,6.479996204376221
3,22,10,1817,6.477370262145996
3,23,1,530,10.241130828857422
3,23,2,407,10.09747314453125
3,23,3,498,10.011577606201172
3,23,4,1838,9.816859245300293
3,23,5,748,9.775049209594727
3,23,6,2661,9.760839462280273
3,23,7,612,9.733848571777344
3,23,8,2144,9.678487777709961
3,23,9,615,9.609365463256836
3,23,10,1339,9.53137493133545
3,24,1,415,7.993016242980957
3,24,2,1645,7.85714864730835
3,24,3,129,7.846426010131836
3,24,4,1287,7.825323104858398
3,24,5,1708,7.819415092468262
3,24,6,2087,7.73297119140625
3,24,7,1588,7.7196149826049805
3,24,8,1156,7.66549825668335
3,24,9,2395,7.6585588455200195
3,24,10,1500,7.634037017822266
3,26,1,1280,11.569695472717285
3,26,2,1194,11.025590896606445
3,26,3,2234,11.007414817810059
3,26,4,136,10.831621170043945
3,26,5,3047,10.521478652954102
3,26,6,186,10.335383415222168
3,26,7,39,10.302227020263672
3,26,8,2412,10.220832824707031
3,26,9,2796,10.128856658935547
3,26,10,414,10.05730152130127
3,27,1,3084,7.4332194328308105
3,27,2,1586,7.377213478088379
3,27,3,2678,6.584560394287109
3,27,4,205,6.5690107345581055
3,27,5,863,6.446382522583008
3,27,6,444,6.408750057220459
3,27,7,865,6.395414352416992
3,27,8,298,6.395414352416992
3,27,9,1311,6.378456115722656
3,27,10,536,6.329507827758789
3,28,1,39,6.639222145080566
3,28,2,1686,6.599127292633057
3,28,3,2254,6.576932907104492
3,28,4,2514,6.576932907104492
3,28,5,2200,6.576932907104492
3,28,6,1728,6.576932907104492
3,28,7,1470,6.576932907104492
3,28,8,1656,6.576932907104492
3,28,9,1644,6.41986608505249
3,28,10,2940,6.35261869430542
3,29,1,1982,9.514108657836914
3,29,2,2234,9.318239212036133
3,29,3,3004,9.199588775634766
3,29,4,2514,9.059608459472656
3,29,5,1728,9.059608459472656
3,29,6,1656,9.059608459472656
3,29,7,2254,9.059608459472656
3,29,8,1470,9.059608459472656
3,29,9,2200,9.059608459472656
3,29,10,2211,9.033649444580078
3,31,1,2734,6.982876777648926
3,31,2,530,6.762611389160156
3,31,3,1725,6.663268089294434
3,31,4,2050,6.468889236450195
3,31,5,2390,6.413114547729492
3,31,6,2583,6.309863567352295
3,31,7,1194,6.289981365203857
3,31,8,346,6.265425682067871
3,31,9,3047,6.194491386413574
3,31,10,123,6.056285381317139
3,32,1,2706,10.080347061157227
3,32,2,986,9.77784538269043
3,32,3,1801,9.60304069519043
3,32,4,2352,9.55531120300293
3,32,5,2099,9.551759719848633
3,32,6,1045,9.547850608825684
3,32,7,1669,9.374686241149902
3,32,8,2740,9.19314956665039
3,32,9,1538,9.185201644897461
3,32,10,2111,9.178733825683594
3,33,1,1028,9.295101165771484
3,33,2,689,9.268424987792969
3,33,3,696,9.209957122802734
3,33,4,1569,9.170679092407227
3,33,5,674,9.076571464538574
3,33,6,1327,9.01883316040039
3,33,7,2192,8.938785552978516
3,33,8,530,8.859675407409668
3,33,9,295,8.85175895690918
3,33,10,494,8.726635932922363
3,34,1,652,6.961877346038818
3,34,2,39,6.693650245666504
3,34,3,2234,6.640079975128174
3,34,4,1518,6.618796348571777
3,34,5,2412,6.612018585205078
3,34,6,1657,6.607937812805176
3,34,7,556,6.572190284729004
3,34,8,2238,6.5562920570373535
3,34,9,2755,6.544534683227539
3,34,10,560,6.535499572753906
3,35,1,1311,5.372926712036133
3,35,2,2734,4.829690933227539
3,35,3,1038,4.816808223724365
3,35,4,3084,4.796486854553223
3,35,5,2669,4.659995079040527
3,35,6,865,4.636475086212158
3,35,7,298,4.636475086212158
3,35,8,2219,4.591272354125977
3,35,9,2634,4.586566925048828
3,35,10,1395,4.584850788116455
3,36,1,2089,7.084755897521973
3,36,2,1059,6.958662986755371
3,36,3,1391,6.904348373413086
3,36,4,32,6.7667646408081055
3,36,5,1657,6.629195213317871
3,36,6,2957,6.6173014640808105
3,36,7,615,6.5689473152160645
3,36,8,551,6.545505046844482
3,36,9,1567,6.516763687133789
3,36,10,1341,6.411952018737793
3,37,1,1686,8.124217987060547
3,37,2,1028,7.999759674072266
3,37,3,2238,7.952402114868164
3,37,4,1817,7.917551040649414
3,37,5,696,7.88947868347168
3,37,6,2658,7.704765796661377
3,37,7,295,7.679781436920166
3,37,8,129,7.4898176193237305
3,37,9,2170,7.468001842498779
3,37,10,1812,7.318390846252441
3,38,1,2390,7.768186569213867
3,38,2,494,7.575139999389648
3,38,3,2985,7.279568672180176
3,38,4,235,7.26634407043457
3,38,5,158,7.199452877044678
3,38,6,2660,7.198965072631836
3,38,7,2684,7.1748046875
3,38,8,1335,7.1339287757873535
3,38,9,321,7.121624946594238
3,38,10,2192,7.121503829956055
3,39,1,2691,10.803349494934082
3,39,2,2642,9.988337516784668
3,39,3,2323,9.952482223510742
3,39,4,158,9.84444808959961
3,39,5,321,9.736091613769531
3,39,6,2390,9.73587417602539
3,39,7,2985,9.679117202758789
3,39,8,739,9.620030403137207
3,39,9,1665,9.604341506958008
3,39,10,235,9.577449798583984
3,40,1,530,11.247920989990234
3,40,2,2390,10.928901672363281
3,40,3,205,10.730284690856934
3,40,4,2192,10.626630783081055
3,40,5,689,10.582691192626953
3,40,6,1725,10.563680648803711
3,40,7,494,10.558924674987793
3,40,8,235,10.473917007446289
3,40,9,1104,10.462715148925781
3,40,10,2922,10.430402755737305
3,42,1,667,9.587006568908691
3,42,2,113,9.087390899658203
3,42,3,1738,8.795516967773438
3,42,4,315,8.72427749633789
3,42,5,325,8.001273155212402
3,42,6,540,7.951229572296143
3,42,7,1189,7.903061866760254
3,42,8,2343,7.895480155944824
3,42,9,1920,7.813274383544922
3,42,10,1113,7.726404190063477
3,43,1,325,8.438873291015625
3,43,2,1165,7.953733444213867
3,43,3,1818,7.59732723236084
3,43,4,533,7.240461349487305
3,43,5,2554,7.133817672729492
3,43,6,315,7.061473846435547
3,43,7,314,6.939178943634033
3,43,8,2967,6.920807361602783
3,43,9,2343,6.894432067871094
3,43,10,1920,6.765288352966309
3,45,1,1738,8.869421005249023
3,45,2,325,8.475173950195312
3,45,3,390,8.434114456176758
3,45,4,1818,8.324905395507812
3,45,5,315,8.033255577087402
3,45,6,2053,7.751640796661377
3,45,7,2343,7.708949089050293
3,45,8,533,7.65785026550293
3,45,9,540,7.549417495727539
3,45,10,1189,7.401824474334717
3,46,1,667,8.532142639160156
3,46,2,325,8.439435958862305
3,46,3,113,7.951956272125244
3,46,4,1848,7.8728132247924805
3,46,5,315,7.50309419631958
3,46,6,1920,7.3887104988098145
3,46,7,2343,7.348109722137451
3,46,8,2899,7.171309471130371
3,46,9,533,7.159059524536133
3,46,10,2053,7.1228742599487305
3,47,1,667,8.59921932220459
3,47,2,315,7.62602424621582
3,47,3,2273,7.518698692321777
3,47,4,1818,7.475188255310059
3,47,5,2343,7.0890703201293945
3,47,6,540,6.993664741516113
3,47,7,1189,6.986309051513672
3,47,8,2053,6.972749710083008
3,47,9,1920,6.9349236488342285
3,47,10,325,6.925432205200195
3,48,1,325,16.88142967224121
3,48,2,2343,16.55695343017578
3,48,3,1920,16.419071197509766
3,48,4,1738,16.325191497802734
3,48,5,471,16.12605857849121
3,48,6,315,15.87917423248291
3,48,7,2899,15.819891929626465
3,48,8,1587,15.622371673583984
3,48,9,1707,15.602100372314453
3,48,10,394,15.341787338256836
3,49,1,667,9.118088722229004
3,49,2,1848,8.655871391296387
3,49,3,325,7.852479934692383
3,49,4,315,7.3664703369140625
3,49,5,1447,7.141271591186523
3,49,6,2343,6.829232215881348
3,49,7,1189,6.814054012298584
3,49,8,1920,6.797610282897949
3,49,9,533,6.607901573181152
3,49,10,540,6.532364845275879
3,50,1,248,11.607405662536621
3,50,2,325,10.87790584564209
3,50,3,533,9.521860122680664
3,50,4,1417,9.498897552490234
3,50,5,315,9.379096031188965
3,50,6,1447,8.974539756774902
3,50,7,2343,8.887626647949219
3,50,8,2554,8.864416122436523
3,50,9,314,8.772560119628906
3,50,10,1189,8.766830444335938
3,51,1,667,9.364826202392578
3,51,2,113,8.861089706420898
3,51,3,315,8.524736404418945
3,51,4,390,8.265905380249023
3,51,5,325,8.236180305480957
3,51,6,2343,8.0772705078125
3,51,7,1189,7.926637172698975
3,51,8,1920,7.916693210601807
3,51,9,1592,7.683001518249512
3,51,10,540,7.6565327644348145
3,52,1,948,10.218281745910645
3,52,2,2706,10.168583869934082
3,52,3,2594,9.95161247253418
3,52,4,480,9.683576583862305
3,52,5,1028,9.569550514221191
3,52,6,2243,9.533727645874023
3,52,7,137,9.446954727172852
3,52,8,1446,9.432220458984375
3,52,9,1669,9.264303207397461
3,52,10,986,9.254318237304688
3,53,1,2594,10.655299186706543
3,53,2,2706,10.468927383422852
3,53,3,1028,10.120060920715332
3,53,4,2243,9.982515335083008
3,53,5,480,9.804506301879883
3,53,6,137,9.7393217086792
3,53,7,295,9.736615180969238
3,53,8,1082,9.657878875732422
3,53,9,2658,9.596017837524414
3,53,10,192,9.574289321899414
3,54,1,2594,11.548670768737793
3,54,2,2014,10.953454971313477
3,54,3,2706,10.918041229248047
3,54,4,1279,10.478694915771484
3,54,5,480,10.436882019042969
3,54,6,2127,10.378726959228516
3,54,7,1446,10.198392868041992
3,54,8,1801,10.108085632324219
3,54,9,2405,9.91758918762207
3,54,10,1821,9.874029159545898
3,55,1,2594,10.963725090026855
3,55,2,948,10.74471664428711
3,55,3,2706,10.72732925415039
3,55,4,480,10.288700103759766
3,55,5,986,10.171010971069336
3,55,6,192,9.963081359863281
3,55,7,1028,9.960186004638672
3,55,8,122,9.943159103393555
3,55,9,1446,9.91326904296875
3,55,10,2014,9.857613563537598
3,56,1,1251,9.609981536865234
3,56,2,2195,9.534733772277832
3,56,3,2963,9.113391876220703
3,56,4,1317,8.954822540283203
3,56,5,2442,8.922348976135254
3,56,6,1080,8.885017395019531
3,56,7,2594,8.746394157409668
3,56,8,2014,8.609780311584473
3,56,9,2074,8.547056198120117
3,56,10,205,8.522878646850586
3,57,1,2594,10.177111625671387
3,57,2,948,9.98788833618164
3,57,3,2353,9.913777351379395
3,57,4,1582,9.898683547973633
3,57,5,1461,9.793228149414062
3,57,6,192,9.76263427734375
3,57,7,122,9.729666709899902
3,57,8,2580,9.665423393249512
3,57,9,1279,9.625516891479492
3,57,10,1495,9.622528076171875
3,58,1,2195,10.602295875549316
3,58,2,1251,10.568090438842773
3,58,3,1438,10.265450477600098
3,58,4,1628,10.113456726074219
3,58,5,1317,10.022568702697754
3,58,6,1080,9.739416122436523
3,58,7,689,9.645668029785156
3,58,8,2442,9.59046745300293
3,58,9,1308,9.261165618896484
3,58,10,530,9.228553771972656
3,59,1,948,9.379798889160156
3,59,2,2195,9.370037078857422
3,59,3,1365,9.093450546264648
3,59,4,645,9.043428421020508
3,59,5,1251,9.022217750549316
3,59,6,1080,8.926979064941406
3,59,7,1621,8.852203369140625
3,59,8,1327,8.791424751281738
3,59,9,192,8.762944221496582
3,59,10,72,8.75226879119873
3,60,1,1194,10.5389986038208
3,60,2,3047,9.792003631591797
3,60,3,2668,9.745949745178223
3,60,4,414,9.425335884094238
3,60,5,421,9.201911926269531
3,60,6,1280,9.079961776733398
3,60,7,1881,9.065465927124023
3,60,8,2736,8.780610084533691
3,60,9,1087,8.751070976257324
3,60,10,39,8.710275650024414
3,61,1,1089,14.096925735473633
3,61,2,1087,12.944127082824707
3,61,3,2299,12.75181770324707
3,61,4,546,12.732230186462402
3,61,5,2736,12.619823455810547
3,61,6,584,12.354747772216797
3,61,7,2668,12.242973327636719
3,61,8,681,12.198805809020996
3,61,9,1247,12.10539436340332
3,61,10,39,12.077796936035156
3,62,1,99,12.678627967834473
3,62,2,2408,11.142380714416504
3,62,3,1087,10.589651107788086
3,62,4,980,10.411869049072266
3,62,5,1970,10.381625175476074
3,62,6,1247,10.380001068115234
3,62,7,681,10.256414413452148
3,62,8,2668,10.160432815551758
3,62,9,2914,10.117292404174805
3,62,10,1543,10.02585220336914
3,63,1,346,13.321819305419922
3,63,2,1087,12.410269737243652
3,63,3,1247,12.050848960876465
3,63,4,980,11.8963623046875
3,63,5,681,11.865554809570312
3,63,6,1970,11.836845397949219
3,63,7,2299,11.697067260742188
3,63,8,546,11.639782905578613
3,63,9,1202,11.62590503692627
3,63,10,1543,11.577239036560059
3,64,1,986,11.028465270996094
3,64,2,2706,10.926984786987305
3,64,3,2405,10.689050674438477
3,64,4,1446,10.658448219299316
3,64,5,2594,10.591289520263672
3,64,6,2127,10.460220336914062
3,64,7,1246,10.367911338806152
3,64,8,2014,10.03658390045166
3,64,9,2581,9.915223121643066
3,64,10,2111,9.862656593322754
3,65,1,1028,7.848244667053223
3,65,2,2243,7.694211959838867
3,65,3,480,7.690910816192627
3,65,4,1817,7.62132453918457
3,65,5,3059,7.384298324584961
3,65,6,696,7.376200199127197
3,65,7,295,7.3563618659973145
3,65,8,972,7.306325912475586
3,65,9,2658,7.290225982666016
3,65,10,2253,7.150532245635986
3,67,1,972,7.256573677062988
3,67,2,2742,7.104051113128662
3,67,3,2253,7.067944526672363
3,67,4,1028,7.012081146240234
3,67,5,1817,6.873308181762695
3,67,6,295,6.84099006652832
3,67,7,2658,6.745551109313965
3,67,8,2352,6.740729331970215
3,67,9,3059,6.7169013023376465
3,67,10,2243,6.631178855895996
3,68,1,480,11.517932891845703
3,68,2,1446,10.516794204711914
3,68,3,2706,10.50990104675293
3,68,4,2405,10.362464904785156
3,68,5,1801,10.171378135681152
3,68,6,986,10.142915725708008
3,68,7,1669,9.962158203125
3,68,8,880,9.855552673339844
3,68,9,2740,9.848274230957031
3,68,10,2089,9.847528457641602
3,69,1,480,9.42988395690918
3,69,2,2352,9.107980728149414
3,69,3,2581,9.024662017822266
3,69,4,750,8.960631370544434
3,69,5,1446,8.892152786254883
3,69,6,2111,8.834728240966797
3,69,7,2706,8.730224609375
3,69,8,205,8.63103199005127
3,69,9,2089,8.562106132507324
3,69,10,2127,8.526891708374023
3,70,1,2127,9.040743827819824
3,70,2,2099,8.664667129516602
3,70,3,1446,8.419527053833008
3,70,4,480,8.41495132446289
3,70,5,1538,8.360333442687988
3,70,6,2352,8.330739974975586
3,70,7,2706,8.266596794128418
3,70,8,2594,8.139200210571289
3,70,9,1586,8.05555248260498
3,70,10,986,7.925824165344238
3,71,1,2099,8.785123825073242
3,71,2,2127,8.774585723876953
3,71,3,1446,8.546475410461426
3,71,4,2706,8.499259948730469
3,71,5,2594,8.395099639892578
3,71,6,480,8.36429214477539
3,71,7,2352,8.182823181152344
3,71,8,1669,8.093652725219727
3,71,9,2014,8.087333679199219
3,71,10,986,8.061692237854004
3,72,1,1127,11.55066204071045
3,72,2,2368,10.762147903442383
3,72,3,2407,10.155078887939453
3,72,4,1466,10.015837669372559
3,72,5,63,9.879417419433594
3,72,6,1698,9.829607963562012
3,72,7,2554,9.654450416564941
3,72,8,608,9.584415435791016
3,72,9,3042,9.511215209960938
3,72,10,1344,9.470542907714844
3,73,1,1127,11.420121192932129
3,73,2,1737,10.664291381835938
3,73,3,2407,10.12122631072998
3,73,4,1466,9.933265686035156
3,73,5,63,9.541218757629395
3,73,6,1698,9.491617202758789
3,73,7,2554,9.487483024597168
3,73,8,608,9.385303497314453
3,73,9,3042,9.371135711669922
3,73,10,1344,9.302877426147461
3,74,1,1730,11.521818161010742
3,74,2,1737,10.37004280090332
3,74,3,2003,10.041433334350586
3,74,4,2407,9.618474006652832
3,74,5,1466,9.483146667480469
3,74,6,1698,9.304976463317871
3,74,7,63,9.296500205993652
3,74,8,608,9.056204795837402
3,74,9,1248,9.049959182739258
3,74,10,2554,8.97522258758545
3,75,1,1461,12.360236167907715
3,75,2,400,12.27856731414795
3,75,3,1248,12.224685668945312
3,75,4,1698,11.871395111083984
3,75,5,2256,11.84720230102539
3,75,6,707,11.298450469970703
3,75,7,2432,11.181977272033691
3,75,8,1063,11.121274948120117
3,75,9,1829,10.964544296264648
3,75,10,2554,10.93417739868164
3,76,1,1028,10.455286979675293
3,76,2,295,9.672927856445312
3,76,3,696,9.567831039428711
3,76,4,2658,9.471882820129395
3,76,5,972,9.298322677612305
3,76,6,2170,9.172799110412598
3,76,7,1817,9.112211227416992
3,76,8,2253,8.859625816345215
3,76,9,2243,8.816346168518066
3,76,10,2302,8.743803024291992
3,77,1,1461,12.114547729492188
3,77,2,599,12.053781509399414
3,77,3,1686,11.865072250366211
3,77,4,1428,11.803126335144043
3,77,5,1737,11.789204597473145
3,77,6,1730,11.782992362976074
3,77,7,400,11.556879043579102
3,77,8,1028,11.519168853759766
3,77,9,1127,11.484292984008789
3,77,10,696,11.410933494567871
3,78,1,1028,8.843484878540039
3,78,2,295,8.215507507324219
3,78,3,696,8.21065902709961
3,78,4,2658,8.086648941040039
3,78,5,2302,7.965693473815918
3,78,6,567,7.965236663818359
3,78,7,674,7.830137252807617
3,78,8,2170,7.773879528045654
3,78,9,2985,7.7070112228393555
3,78,10,2243,7.574070930480957
3,80,1,235,10.471057891845703
3,80,2,739,10.403345108032227
3,80,3,1308,10.272375106811523
3,80,4,2660,10.200799942016602
3,80,5,2390,10.150251388549805
3,80,6,736,10.094342231750488
3,80,7,494,9.931596755981445
3,80,8,1335,9.903000831604004
3,80,9,2442,9.633842468261719
3,80,10,2014,9.538959503173828
3,81,1,494,10.384378433227539
3,81,2,530,10.250685691833496
3,81,3,2985,10.014504432678223
3,81,4,674,9.828516960144043
3,81,5,2192,9.786417007446289
3,81,6,1112,9.321184158325195
3,81,7,2556,9.200777053833008
3,81,8,689,9.19855785369873
3,81,9,2892,9.18484115600586
3,81,10,2114,9.088626861572266
3,82,1,494,10.310081481933594
3,82,2,2192,10.00860595703125
3,82,3,2985,10.000004768371582
3,82,4,530,9.603631973266602
3,82,5,674,9.279790878295898
3,82,6,80,9.203109741210938
3,82,7,2896,9.168816566467285
3,82,8,2306,9.041703224182129
3,82,9,1104,9.037330627441406
3,82,10,235,8.994644165039062
3,83,1,2660,10.119525909423828
3,83,2,1335,9.916360855102539
3,83,3,494,9.825644493103027
3,83,4,235,9.642496109008789
3,83,5,2390,9.494064331054688
3,83,6,2192,9.252305030822754
3,83,7,1308,9.153707504272461
3,83,8,2442,9.043736457824707
3,83,9,530,8.968276977539062
3,83,10,1522,8.909688949584961
3,84,1,2114,10.461583137512207
3,84,2,494,10.377342224121094
3,84,3,3032,9.965590476989746
3,84,4,530,9.859052658081055
3,84,5,2654,9.783602714538574
3,84,6,80,9.707365036010742
3,84,7,674,9.676984786987305
3,84,8,2306,9.601411819458008
3,84,9,2192,9.541144371032715
3,84,10,1522,9.499481201171875
3,85,1,158,12.162732124328613
3,85,2,321,12.058097839355469
3,85,3,2691,10.009861946105957
3,85,4,1308,9.65960693359375
3,85,5,736,9.573770523071289
3,85,6,494,9.368429183959961
3,85,7,2642,9.304086685180664
3,85,8,2985,9.275150299072266
3,85,9,1665,9.24622917175293
3,85,10,1251,9.061408996582031
3,86,1,205,12.181594848632812
3,86,2,2594,11.95163345336914
3,86,3,2691,11.829889297485352
3,86,4,2642,11.691786766052246
3,86,5,736,11.683981895446777
3,86,6,1308,11.56592845916748
3,86,7,1665,11.458711624145508
3,86,8,1946,11.318183898925781
3,86,9,2442,11.26035213470459
3,86,10,2014,11.234760284423828
3,87,1,2789,9.982372283935547
3,87,2,2691,9.897880554199219
3,87,3,1308,9.751482009887695
3,87,4,2985,9.522367477416992
3,87,5,736,9.514049530029297
3,87,6,2642,9.451264381408691
3,87,7,1665,9.2633056640625
3,87,8,1251,9.110858917236328
3,87,9,2839,9.075186729431152
3,87,10,2014,9.027053833007812
3,88,1,1984,9.674285888671875
3,88,2,1091,8.720071792602539
3,88,3,60,8.190523147583008
3,88,4,767,8.041645050048828
3,88,5,2754,7.995214939117432
3,88,6,2228,7.9699907302856445
3,88,7,948,7.928028106689453
3,88,8,333,7.8447418212890625
3,88,9,689,7.792240142822266
3,88,10,459,7.73973274230957
3,89,1,738,10.589637756347656
3,89,2,2734,10.367259979248047
3,89,3,767,9.734153747558594
3,89,4,459,9.64314079284668
3,89,5,60,9.545967102050781
3,89,6,2844,8.945825576782227
3,89,7,1778,8.847013473510742
3,89,8,749,8.596221923828125
3,89,9,2755,8.489045143127441
3,89,10,1028,8.44013500213623
3,90,1,2734,11.753829956054688
3,90,2,1502,10.619173049926758
3,90,3,2844,10.586908340454102
3,90,4,993,10.081804275512695
3,90,5,767,9.950584411621094
3,90,6,749,9.848222732543945
3,90,7,1312,9.322847366333008
3,90,8,2755,9.273921966552734
3,90,9,1395,9.00437068939209
3,90,10,1778,8.726764678955078
3,91,1,2559,11.876972198486328
3,91,2,278,11.81826400756836
3,91,3,2844,10.748041152954102
3,91,4,993,10.141361236572266
3,91,5,767,10.130966186523438
3,91,6,749,10.1140775680542
3,91,7,1312,9.741969108581543
3,91,8,1778,9.682181358337402
3,91,9,1395,8.92020034790039
3,91,10,2754,8.777830123901367
3,93,1,1984,10.86454963684082
3,93,2,738,10.527234077453613
3,93,3,2734,10.072021484375
3,93,4,1840,9.666727066040039
3,93,5,1091,9.342657089233398
3,93,6,1146,9.337993621826172
3,93,7,1502,9.298450469970703
3,93,8,1395,9.03543758392334
3,93,9,2559,9.034883499145508
3,93,10,278,8.931127548217773
3,95,1,1984,9.724384307861328
3,95,2,738,9.721206665039062
3,95,3,60,9.498967170715332
3,95,4,459,9.360459327697754
3,95,5,2734,9.3578462600708
3,95,6,1840,9.14828109741211
3,95,7,1502,8.716670989990234
3,95,8,1091,8.630569458007812
3,95,9,278,8.546784400939941
3,95,10,2559,8.522268295288086
3,97,1,559,9.111563682556152
3,97,2,530,8.95732593536377
3,97,3,767,8.887657165527344
3,97,4,2134,8.756114959716797
3,97,5,1650,8.745641708374023
3,97,6,689,8.715450286865234
3,97,7,674,8.683999061584473
3,97,8,1569,8.662739753723145
3,97,9,748,8.66100788116455
3,97,10,2556,8.568385124206543
3,98,1,2957,10.171104431152344
3,98,2,615,10.108684539794922
3,98,3,426,10.03200912475586
3,98,4,3054,10.003150939941406
3,98,5,2134,9.857667922973633
3,98,6,2502,9.713963508605957
3,98,7,530,9.645737648010254
3,98,8,748,9.60633373260498
3,98,9,1339,9.562824249267578
3,98,10,674,9.470623970031738
3,99,1,559,8.934418678283691
3,99,2,767,8.515681266784668
3,99,3,615,8.350351333618164
3,99,4,1650,8.240839004516602
3,99,5,1339,8.226534843444824
3,99,6,748,8.16795539855957
3,99,7,498,8.124857902526855
3,99,8,2502,8.076075553894043
3,99,9,2957,8.056197166442871
3,99,10,1273,7.986839294433594
3,100,1,1339,8.515850067138672
3,100,2,615,8.270191192626953
3,100,3,2143,8.268881797790527
3,100,4,193,8.176722526550293
3,100,5,2159,8.141722679138184
3,100,6,1525,8.09542465209961
3,100,7,748,8.091723442077637
3,100,8,2095,8.09156608581543
3,100,9,2957,8.048116683959961
3,100,10,2502,7.981325626373291
3,101,1,556,12.29373550415039
3,101,2,2238,12.233874320983887
3,101,3,129,12.016916275024414
3,101,4,2367,11.924296379089355
3,101,5,2143,11.913633346557617
3,101,6,1645,11.627092361450195
3,101,7,1686,11.622103691101074
3,101,8,1287,11.606526374816895
3,101,9,1708,11.552319526672363
3,101,10,1720,11.531423568725586
3,102,1,129,10.489952087402344
3,102,2,2238,10.406108856201172
3,102,3,556,10.299226760864258
3,102,4,1645,9.974668502807617
3,102,5,1287,9.944385528564453
3,102,6,2143,9.9434175491333
3,102,7,1708,9.823362350463867
3,102,8,1686,9.732931137084961
3,102,9,415,9.711135864257812
3,102,10,1720,9.66949462890625
3,103,1,193,10.345439910888672
3,103,2,2159,10.233600616455078
3,103,3,1525,10.11436653137207
3,103,4,1645,10.051351547241211
3,103,5,415,10.047571182250977
3,103,6,1287,9.960742950439453
3,103,7,1882,9.940489768981934
3,103,8,1339,9.887359619140625
3,103,9,257,9.809802055358887
3,103,10,129,9.77319049835205
3,104,1,129,10.801599502563477
3,104,2,2087,10.745035171508789
3,104,3,1645,10.384109497070312
3,104,4,2367,10.324191093444824
3,104,5,1287,10.31580924987793
3,104,6,415,10.26125717163086
3,104,7,2521,10.170629501342773
3,104,8,1708,10.070941925048828
3,104,9,193,9.958175659179688
3,104,10,215,9.928191184997559
3,105,1,129,10.284000396728516
3,105,2,1645,10.247122764587402
3,105,3,1287,10.20177936553955
3,105,4,2087,10.118550300598145
3,105,5,193,10.070536613464355
3,105,6,1525,10.058155059814453
3,105,7,2367,10.031251907348633
3,105,8,415,9.985825538635254
3,105,9,1708,9.943397521972656
3,105,10,534,9.9334716796875
3,106,1,193,11.955018043518066
3,106,2,1720,11.863330841064453
3,106,3,1525,11.814364433288574
3,106,4,1686,11.787962913513184
3,106,5,1235,11.785295486450195
3,106,6,1645,11.776357650756836
3,106,7,257,11.726941108703613
3,106,8,1287,11.721012115478516
3,106,9,500,11.626989364624023
3,106,10,1429,11.589698791503906
3,108,1,689,12.039478302001953
3,108,2,1650,12.028167724609375
3,108,3,2087,11.994521141052246
3,108,4,534,11.951692581176758
3,108,5,129,11.885653495788574
3,108,6,1569,11.835983276367188
3,108,7,559,11.661879539489746
3,108,8,2416,11.626825332641602
3,108,9,2159,11.547785758972168
3,108,10,556,11.475603103637695
3,109,1,1645,10.929252624511719
3,109,2,1686,10.912603378295898
3,109,3,1287,10.868318557739258
3,109,4,193,10.742783546447754
3,109,5,1720,10.736974716186523
3,109,6,2367,10.721017837524414
3,109,7,559,10.719695091247559
3,109,8,1044,10.715178489685059
3,109,9,1525,10.659489631652832
3,109,10,2095,10.637561798095703
3,112,1,364,7.519522190093994
3,112,2,857,7.289299488067627
3,112,3,2144,6.731986045837402
3,112,4,756,6.692690372467041
3,112,5,453,6.674151420593262
3,112,6,706,6.664559841156006
3,112,7,2137,6.589559078216553
3,112,8,327,6.523002624511719
3,112,9,861,6.467270851135254
3,112,10,2989,6.4507155418396
3,113,1,1586,6.659887790679932
3,113,2,205,6.627498626708984
3,113,3,1940,6.512813568115234
3,113,4,2315,6.342438697814941
3,113,5,2127,6.20498514175415
3,113,6,2366,6.136789321899414
3,113,7,453,6.060061454772949
3,113,8,481,6.05324649810791
3,113,9,123,5.976161956787109
3,113,10,2678,5.944596767425537
3,114,1,2144,9.916885375976562
3,114,2,2989,9.811358451843262
3,114,3,1176,9.807795524597168
3,114,4,861,9.717766761779785
3,114,5,706,9.716493606567383
3,114,6,530,9.617789268493652
3,114,7,364,9.593316078186035
3,114,8,767,9.5714693069458
3,114,9,969,9.413385391235352
3,114,10,407,9.276773452758789
3,115,1,530,14.081672668457031
3,115,2,767,13.638843536376953
3,115,3,1112,13.307357788085938
3,115,4,1176,13.186355590820312
3,115,5,2144,13.164765357971191
3,115,6,674,13.08755111694336
3,115,7,861,13.067358016967773
3,115,8,969,13.04808235168457
3,115,9,2989,13.044280052185059
3,115,10,2416,12.851628303527832
3,116,1,2416,15.538692474365234
3,116,2,767,15.429267883300781
3,116,3,559,15.231730461120605
3,116,4,530,14.908016204833984
3,116,5,407,14.5177001953125
3,116,6,2745,14.421662330627441
3,116,7,3054,14.3397216796875
3,116,8,1112,14.330381393432617
3,116,9,498,14.299830436706543
3,116,10,1650,14.217239379882812
3,117,1,767,13.23511791229248
3,117,2,674,13.131482124328613
3,117,3,2087,13.071715354919434
3,117,4,530,12.834819793701172
3,117,5,494,12.747137069702148
3,117,6,534,12.744134902954102
3,117,7,129,12.728748321533203
3,117,8,1569,12.697760581970215
3,117,9,1650,12.668086051940918
3,117,10,2238,12.654866218566895
3,118,1,530,15.52574348449707
3,118,2,767,14.597511291503906
3,118,3,2745,14.594118118286133
3,118,4,2416,14.520295143127441
3,118,5,498,14.207401275634766
3,118,6,706,14.073769569396973
3,118,7,407,14.005593299865723
3,118,8,674,13.626218795776367
3,118,9,559,13.603464126586914
3,118,10,612,13.526365280151367
3,119,1,364,10.834887504577637
3,119,2,1176,10.128951072692871
3,119,3,2882,9.92811107635498
3,119,4,530,9.843958854675293
3,119,5,1792,9.199515342712402
3,119,6,407,9.074376106262207
3,119,7,453,8.901775360107422
3,119,8,498,8.862860679626465
3,119,9,2848,8.808867454528809
3,119,10,327,8.791133880615234
3,120,1,2344,9.886343955993652
3,120,2,2882,9.809223175048828
3,120,3,530,9.658658027648926
3,120,4,969,9.515640258789062
3,120,5,2137,9.261504173278809
3,120,6,327,9.086515426635742
3,120,7,1792,9.078371047973633
3,120,8,498,9.058055877685547
3,120,9,453,9.007499694824219
3,120,10,407,8.94794750213623
3,121,1,706,9.496903419494629
3,121,2,861,9.268527030944824
3,121,3,530,9.190763473510742
3,121,4,2882,9.11427116394043
3,121,5,2144,8.990030288696289
3,121,6,724,8.948058128356934
3,121,7,1342,8.887150764465332
3,121,8,453,8.85615348815918
3,121,9,2533,8.785528182983398
3,121,10,1358,8.724477767944336
3,122,1,2313,10.137431144714355
3,122,2,98,10.11733627319336
3,122,3,3047,9.876092910766602
3,122,4,2780,9.837040901184082
3,122,5,1194,9.793801307678223
3,122,6,2668,9.761430740356445
3,122,7,99,9.734007835388184
3,122,8,2067,9.578897476196289
3,122,9,177,9.542646408081055
3,122,10,136,9.525251388549805
3,123,1,1194,13.646546363830566
3,123,2,136,13.498283386230469
3,123,3,39,13.14816951751709
3,123,4,1280,13.087120056152344
3,123,5,3047,13.020261764526367
3,123,6,2780,12.87448501586914
3,123,7,186,12.860000610351562
3,123,8,2234,12.802506446838379
3,123,9,2412,12.759729385375977
3,123,10,1982,12.416322708129883
3,124,1,1194,12.579912185668945
3,124,2,136,12.284130096435547
3,124,3,3047,12.212288856506348
3,124,4,1280,12.212284088134766
3,124,5,39,11.99702262878418
3,124,6,2234,11.695697784423828
3,124,7,2412,11.631843566894531
3,124,8,186,11.60970687866211
3,124,9,2780,11.461042404174805
3,124,10,2668,11.120075225830078
3,125,1,3047,12.423517227172852
3,125,2,1194,12.174178123474121
3,125,3,136,11.329972267150879
3,125,4,2780,11.329172134399414
3,125,5,2313,11.101357460021973
3,125,6,2668,10.983882904052734
3,125,7,1982,10.959823608398438
3,125,8,1280,10.915118217468262
3,125,9,98,10.788408279418945
3,125,10,1881,10.686670303344727
3,127,1,1194,9.691667556762695
3,127,2,3047,9.30760669708252
3,127,3,1280,9.267831802368164
3,127,4,136,9.026163101196289
3,127,5,2780,8.945619583129883
3,127,6,39,8.792488098144531
3,127,7,1982,8.68113899230957
3,127,8,2668,8.604610443115234
3,127,9,2412,8.53608512878418
3,127,10,186,8.520232200622559
3,129,1,1194,8.113466262817383
3,129,2,2313,7.867865562438965
3,129,3,3047,7.815391540527344
3,129,4,136,7.178647994995117
3,129,5,2780,7.118393898010254
3,129,6,414,7.0914411544799805
3,129,7,98,6.990184307098389
3,129,8,2234,6.9781270027160645
3,129,9,835,6.952447891235352
3,129,10,1280,6.947760105133057
3,131,1,1507,14.391770362854004
3,131,2,2303,14.124509811401367
3,131,3,1280,13.705793380737305
3,131,4,1194,13.556066513061523
3,131,5,136,13.355125427246094
3,131,6,3047,13.339332580566406
3,131,7,38,13.26509952545166
3,131,8,2234,13.203950881958008
3,131,9,557,12.773298263549805
3,131,10,2796,12.574408531188965
3,132,1,2669,14.560147285461426
3,132,2,2634,13.981708526611328
3,132,3,2067,13.855573654174805
3,132,4,3047,13.788129806518555
3,132,5,98,13.768410682678223
3,132,6,560,13.189668655395508
3,132,7,2202,13.170822143554688
3,132,8,1194,13.129441261291504
3,132,9,421,12.961677551269531
3,132,10,2313,12.892068862915039
3,133,1,2669,14.560147285461426
3,133,2,2634,13.981708526611328
3,133,3,2067,13.855573654174805
3,133,4,3047,13.788129806518555
3,133,5,98,13.768410682678223
3,133,6,560,13.189668655395508
3,133,7,2202,13.170822143554688
3,133,8,1194,13.129441261291504
3,133,9,421,12.961677551269531
3,133,10,2313,12.892068862915039
3,134,1,2669,14.560147285461426
3,134,2,2634,13.981708526611328
3,134,3,2067,13.855573654174805
3,134,4,3047,13.788129806518555
3,134,5,98,13.768410682678223
3,134,6,560,13.189668655395508
3,134,7,2202,13.170822143554688
3,134,8,1194,13.129441261291504
3,134,9,421,12.961677551269531
3,134,10,2313,12.892068862915039
3,135,1,2669,14.560147285461426
3,135,2,2634,13.981708526611328
3,135,3,2067,13.855573654174805
3,135,4,3047,13.788129806518555
3,135,5,98,13.768410682678223
3,135,6,560,13.189668655395508
3,135,7,2202,13.170822143554688
3,135,8,1194,13.129441261291504
3,135,9,421,12.961677551269531
3,135,10,2313,12.892068862915039
3,136,1,865,11.894909858703613
3,136,2,298,11.894909858703613
3,136,3,3047,11.817535400390625
3,136,4,2219,11.29901123046875
3,136,5,1748,11.259693145751953
3,136,6,1194,11.15138053894043
3,136,7,2669,11.120367050170898
3,136,8,3018,11.105097770690918
3,136,9,98,11.019294738769531
3,136,10,2067,10.95576286315918
3,137,1,1280,12.475704193115234
3,137,2,1839,12.35867691040039
3,137,3,136,12.236139297485352
3,137,4,1197,11.87010383605957
3,137,5,1194,11.721662521362305
3,137,6,2234,11.641789436340332
3,137,7,39,11.444326400756836
3,137,8,2796,11.190069198608398
3,137,9,2810,11.127121925354004
3,137,10,186,11.110504150390625
3,138,1,1982,14.375753402709961
3,138,2,2288,14.229206085205078
3,138,3,38,12.056790351867676
3,138,4,136,11.789653778076172
3,138,5,1194,11.772452354431152
3,138,6,2234,11.547239303588867
3,138,7,1280,11.373298645019531
3,138,8,2804,11.260150909423828
3,138,9,3047,11.196670532226562
3,138,10,186,11.052877426147461
3,139,1,2303,15.041269302368164
3,139,2,136,13.372186660766602
3,139,3,1280,13.266742706298828
3,139,4,1194,12.967521667480469
3,139,5,2234,12.819564819335938
3,139,6,2167,12.605956077575684
3,139,7,3047,12.457578659057617
3,139,8,39,12.382871627807617
3,139,9,1197,12.310686111450195
3,139,10,2796,12.295515060424805
3,140,1,1507,14.1011962890625
3,140,2,1194,13.688006401062012
3,140,3,3047,13.661949157714844
3,140,4,2303,13.490896224975586
3,140,5,136,13.276582717895508
3,140,6,2234,13.273167610168457
3,140,7,1280,13.125057220458984
3,140,8,2669,12.937984466552734
3,140,9,2313,12.83317756652832
3,140,10,2219,12.816661834716797
3,141,1,2313,9.111885070800781
3,141,2,298,9.001880645751953
3,141,3,865,9.001880645751953
3,141,4,3047,8.962308883666992
3,141,5,2877,8.697964668273926
3,141,6,1748,8.611822128295898
3,141,7,3018,8.572872161865234
3,141,8,2219,8.535051345825195
3,141,9,2669,8.442381858825684
3,141,10,1194,8.335060119628906
3,142,1,865,9.61398696899414
3,142,2,298,9.61398696899414
3,142,3,3047,9.472652435302734
3,142,4,2669,9.189414024353027
3,142,5,2877,9.117441177368164
3,142,6,2313,9.116464614868164
3,142,7,2219,9.095351219177246
3,142,8,3018,9.059206008911133
3,142,9,1748,9.037631034851074
3,142,10,2634,8.69017505645752
3,143,1,865,9.66405963897705
3,143,2,298,9.66405963897705
3,143,3,2219,9.171009063720703
3,143,4,1748,9.160905838012695
3,143,5,3018,9.04696273803711
3,143,6,2877,8.948074340820312
3,143,7,1966,8.66295051574707
3,143,8,2669,8.537406921386719
3,143,9,1435,8.477272987365723
3,143,10,2634,8.213495254516602
3,144,1,1280,13.288833618164062
3,144,2,2234,12.413640022277832
3,144,3,136,12.159521102905273
3,144,4,2669,11.733743667602539
3,144,5,421,11.504761695861816
3,144,6,186,11.434012413024902
3,144,7,2634,11.173101425170898
3,144,8,39,11.11302375793457
3,144,9,118,10.85345458984375
3,144,10,3004,10.74907398223877
3,145,1,1280,12.532712936401367
3,145,2,2669,12.245325088500977
3,145,3,2234,11.934370040893555
3,145,4,2634,11.64589786529541
3,145,5,414,11.523849487304688
3,145,6,136,11.486680030822754
3,145,7,865,11.277523040771484
3,145,8,298,11.277523040771484
3,145,9,2219,11.267311096191406
3,145,10,118,10.796560287475586
3,146,1,298,12.089460372924805
3,146,2,865,12.089460372924805
3,146,3,2669,12.07695198059082
3,146,4,1280,12.067331314086914
3,146,5,2219,11.852855682373047
3,146,6,3018,11.64700698852539
3,146,7,2234,11.595857620239258
3,146,8,2634,11.414962768554688
3,146,9,136,11.297807693481445
3,146,10,98,11.249177932739258
3,147,1,3047,11.93496322631836
3,147,2,1194,11.684309005737305
3,147,3,1280,11.561917304992676
3,147,4,2669,11.364858627319336
3,147,5,2234,11.187751770019531
3,147,6,2634,10.809549331665039
3,147,7,865,10.692909240722656
3,147,8,298,10.692909240722656
3,147,9,136,10.69013500213623
3,147,10,2219,10.644655227661133
3,148,1,865,15.027295112609863
3,148,2,298,15.027295112609863
3,148,3,2219,14.894460678100586
3,148,4,3047,14.867135047912598
3,148,5,2634,14.629777908325195
3,148,6,1194,14.367181777954102
3,148,7,2234,14.300650596618652
3,148,8,3018,14.254552841186523
3,148,9,2313,14.151594161987305
3,148,10,2067,14.118047714233398
3,150,1,1280,11.678153991699219
3,150,2,1194,11.620674133300781
3,150,3,2234,11.610773086547852
3,150,4,3047,11.59109115600586
3,150,5,2219,11.208306312561035
3,150,6,136,10.997014999389648
3,150,7,298,10.882659912109375
3,150,8,865,10.882659912109375
3,150,9,414,10.775583267211914
3,150,10,1881,10.693180084228516
3,151,1,1280,12.555510520935059
3,151,2,1194,12.234153747558594
3,151,3,3047,12.178488731384277
3,151,4,2634,11.642396926879883
3,151,5,136,11.593151092529297
3,151,6,414,11.447603225708008
3,151,7,2219,11.265116691589355
3,151,8,1881,11.224630355834961
3,151,9,298,11.146754264831543
3,151,10,865,11.146754264831543
3,153,1,1280,13.107942581176758
3,153,2,1194,12.451369285583496
3,153,3,3047,11.760069847106934
3,153,4,414,11.716400146484375
3,153,5,2796,11.686979293823242
3,153,6,1881,11.23301887512207
3,153,7,2412,10.624861717224121
3,153,8,421,10.61903190612793
3,153,9,2940,10.523497581481934
3,153,10,2669,10.520059585571289
3,154,1,1280,13.479291915893555
3,154,2,1194,13.020090103149414
3,154,3,414,12.332199096679688
3,154,4,2796,12.311630249023438
3,154,5,3047,12.157398223876953
3,154,6,1881,11.557601928710938
3,154,7,2412,11.130781173706055
3,154,8,3004,11.012113571166992
3,154,9,421,10.929758071899414
3,154,10,2940,10.871153831481934
3,155,1,2234,14.222793579101562
3,155,2,1194,13.865043640136719
3,155,3,3047,13.197185516357422
3,155,4,2796,13.076961517333984
3,155,5,414,12.884855270385742
3,155,6,2288,12.471957206726074
3,155,7,3004,12.339197158813477
3,155,8,652,12.267040252685547
3,155,9,1881,12.251129150390625
3,155,10,2184,12.133163452148438
3,156,1,2234,14.222793579101562
3,156,2,1194,13.865043640136719
3,156,3,3047,13.197185516357422
3,156,4,2796,13.076961517333984
3,156,5,414,12.884855270385742
3,156,6,2288,12.471957206726074
3,156,7,3004,12.339197158813477
3,156,8,652,12.267040252685547
3,156,9,1881,12.251129150390625
3,156,10,2184,12.133163452148438
3,157,1,2234,14.222793579101562
3,157,2,1194,13.865043640136719
3,157,3,3047,13.197185516357422
3,157,4,2796,13.076961517333984
3,157,5,414,12.884855270385742
3,157,6,2288,12.471957206726074
3,157,7,3004,12.339197158813477
3,157,8,652,12.267040252685547
3,157,9,1881,12.251129150390625
3,157,10,2184,12.133163452148438
3,159,1,2234,12.706620216369629
3,159,2,2184,12.285293579101562
3,159,3,136,12.107312202453613
3,159,4,39,12.103282928466797
3,159,5,1194,12.093531608581543
3,159,6,3037,11.83390998840332
3,159,7,186,11.802114486694336
3,159,8,2796,11.795171737670898
3,159,9,3004,11.557221412658691
3,159,10,2810,11.549556732177734
3,160,1,1280,17.529722213745117
3,160,2,1194,16.86419677734375
3,160,3,136,16.851123809814453
3,160,4,2234,16.461376190185547
3,160,5,39,16.40815544128418
3,160,6,3047,16.249671936035156
3,160,7,2412,16.21691131591797
3,160,8,186,16.121299743652344
3,160,9,3037,15.26747989654541
3,160,10,2796,15.223295211791992
3,161,1,1280,16.53970718383789
3,161,2,1194,15.871261596679688
3,161,3,136,15.831463813781738
3,161,4,2234,15.67306900024414
3,161,5,39,15.413612365722656
3,161,6,2412,15.268640518188477
3,161,7,3047,15.237927436828613
3,161,8,186,15.208292007446289
3,161,9,3037,14.502019882202148
3,161,10,2796,14.472606658935547
3,162,1,2736,11.465348243713379
3,162,2,99,11.224346160888672
3,162,3,546,11.194953918457031
3,162,4,2937,11.157438278198242
3,162,5,2299,11.064432144165039
3,162,6,2409,10.795441627502441
3,162,7,2668,10.4027099609375
3,162,8,1341,10.370391845703125
3,162,9,550,10.334070205688477
3,162,10,1388,10.319879531860352
3,163,1,32,9.991759300231934
3,163,2,99,9.528472900390625
3,163,3,2409,9.481039047241211
3,163,4,2554,9.436964988708496
3,163,5,2736,9.306510925292969
3,163,6,325,9.049225807189941
3,163,7,2937,9.004091262817383
3,163,8,1250,8.977764129638672
3,163,9,546,8.950690269470215
3,163,10,314,8.838663101196289
3,164,1,325,10.32785415649414
3,164,2,2554,10.067436218261719
3,164,3,314,9.412215232849121
3,164,4,1344,9.092642784118652
3,164,5,551,8.879507064819336
3,164,6,544,8.821630477905273
3,164,7,1100,8.66873550415039
3,164,8,1415,8.620851516723633
3,164,9,40,8.560235023498535
3,164,10,2090,8.548519134521484
3,165,1,2554,11.266458511352539
3,165,2,325,11.236164093017578
3,165,3,314,10.468440055847168
3,165,4,1344,9.73576831817627
3,165,5,2090,9.207775115966797
3,165,6,727,9.140817642211914
3,165,7,533,9.128593444824219
3,165,8,555,9.115134239196777
3,165,9,1528,9.095675468444824
3,165,10,1688,9.093592643737793
3,166,1,2030,9.503031730651855
3,166,2,2127,9.428197860717773
3,166,3,2594,9.20588493347168
3,166,4,773,9.042585372924805
3,166,5,2053,9.040323257446289
3,166,6,1567,8.955110549926758
3,166,7,40,8.87333869934082
3,166,8,1237,8.836103439331055
3,166,9,2014,8.763750076293945
3,166,10,2957,8.68446159362793
3,167,1,2957,9.661138534545898
3,167,2,1358,9.495049476623535
3,167,3,2237,9.341572761535645
3,167,4,498,9.28460693359375
3,167,5,1415,9.239411354064941
3,167,6,2286,9.138978958129883
3,167,7,615,9.062625885009766
3,167,8,2030,9.044451713562012
3,167,9,2134,8.994009017944336
3,167,10,40,8.9403715133667
3,168,1,2053,8.680109024047852
3,168,2,1567,8.442407608032227
3,168,3,2702,8.412839889526367
3,168,4,2552,8.260405540466309
3,168,5,1927,8.187901496887207
3,168,6,2736,8.02428913116455
3,168,7,32,7.97559928894043
3,168,8,3041,7.880417823791504
3,168,9,2409,7.818686485290527
3,168,10,551,7.762807846069336
3,169,1,1567,8.91020393371582
3,169,2,2736,8.699710845947266
3,169,3,1415,8.5516996383667
3,169,4,2552,8.518462181091309
3,169,5,2053,8.51593017578125
3,169,6,32,8.501287460327148
3,169,7,546,8.354156494140625
3,169,8,2409,8.312535285949707
3,169,9,99,8.287196159362793
3,169,10,551,8.286296844482422
3,170,1,2237,9.035745620727539
3,170,2,1927,8.893836975097656
3,170,3,2957,8.58679485321045
3,170,4,2702,8.47561264038086
3,170,5,2594,8.371614456176758
3,170,6,615,8.313780784606934
3,170,7,773,8.146791458129883
3,170,8,40,8.114629745483398
3,170,9,2127,8.051313400268555
3,170,10,3016,7.88297700881958
3,171,1,530,11.371182441711426
3,171,2,235,10.659036636352539
3,171,3,1335,10.382311820983887
3,171,4,494,10.306195259094238
3,171,5,767,10.27406120300293
3,171,6,2734,10.196292877197266
3,171,7,2660,10.189144134521484
3,171,8,2442,10.066274642944336
3,171,9,2560,9.988286972045898
3,171,10,674,9.972770690917969
3,172,1,2734,7.486147880554199
3,172,2,235,7.393139839172363
3,172,3,767,7.327171802520752
3,172,4,530,7.173250198364258
3,172,5,1335,7.11399507522583
3,172,6,2660,7.088495254516602
3,172,7,494,7.030880451202393
3,172,8,1502,7.001567840576172
3,172,9,706,6.999258995056152
3,172,10,2933,6.991847038269043
3,174,1,530,10.826160430908203
3,174,2,2192,10.397010803222656
3,174,3,235,9.990196228027344
3,174,4,767,9.664908409118652
3,174,5,1335,9.61275863647461
3,174,6,1112,9.426277160644531
3,174,7,80,9.393972396850586
3,174,8,2660,9.273645401000977
3,174,9,327,9.26963996887207
3,174,10,2933,9.25775146484375
3,175,1,494,12.33405590057373
3,175,2,767,11.831686019897461
3,175,3,2896,11.745426177978516
3,175,4,1650,11.715198516845703
3,175,5,530,11.241475105285645
3,175,6,674,11.083246231079102
3,175,7,2745,10.945218086242676
3,175,8,2719,10.887475967407227
3,175,9,2556,10.761363983154297
3,175,10,2416,10.594137191772461
3,176,1,1650,15.911940574645996
3,176,2,767,15.127967834472656
3,176,3,530,15.085208892822266
3,176,4,2556,14.655319213867188
3,176,5,2073,14.241304397583008
3,176,6,2745,14.12254810333252
3,176,7,1104,14.025911331176758
3,176,8,1112,13.955095291137695
3,176,9,2416,13.823652267456055
3,176,10,1327,13.704132080078125
3,177,1,674,13.089351654052734
3,177,2,2238,12.959096908569336
3,177,3,530,12.82880687713623
3,177,4,696,12.595691680908203
3,177,5,2920,12.560722351074219
3,177,6,1686,12.485071182250977
3,177,7,2087,12.446273803710938
3,177,8,1028,12.37506103515625
3,177,9,1812,12.169328689575195
3,177,10,692,12.12919807434082
3,178,1,2238,14.441340446472168
3,178,2,696,14.074045181274414
3,178,3,767,14.066539764404297
3,178,4,1686,13.8880033493042
3,178,5,1028,13.84803581237793
3,178,6,559,13.818463325500488
3,178,7,530,13.730390548706055
3,178,8,2920,13.698488235473633
3,178,9,692,13.664213180541992
3,178,10,2416,13.592304229736328
3,179,1,1720,13.072630882263184
3,179,2,415,12.888648986816406
3,179,3,2938,12.715890884399414
3,179,4,1525,11.927713394165039
3,179,5,2143,11.852228164672852
3,179,6,2367,11.819862365722656
3,179,7,2238,11.80323314666748
3,179,8,81,11.761137008666992
3,179,9,193,11.754247665405273
3,179,10,2095,11.647459983825684
3,180,1,1686,13.904129028320312
3,180,2,1720,13.86170482635498
3,180,3,2938,13.593240737915039
3,180,4,2713,13.541284561157227
3,180,5,81,13.08536148071289
3,180,6,1525,12.72864818572998
3,180,7,1001,12.681506156921387
3,180,8,2143,12.626096725463867
3,180,9,193,12.531286239624023
3,180,10,2367,12.521018028259277
3,181,1,129,13.478520393371582
3,181,2,1720,13.363825798034668
3,181,3,1686,13.273663520812988
3,181,4,1525,12.612311363220215
3,181,5,2143,12.424139022827148
3,181,6,2938,12.390470504760742
3,181,7,2367,12.36562728881836
3,181,8,193,12.358963012695312
3,181,9,2095,12.306107521057129
3,181,10,500,12.285956382751465
3,182,1,1267,14.151795387268066
3,182,2,1044,13.984036445617676
3,182,3,2713,13.927837371826172
3,182,4,2938,13.73010540008545
3,182,5,1525,13.596967697143555
3,182,6,193,13.437700271606445
3,182,7,500,13.324125289916992
3,182,8,257,13.26762866973877
3,182,9,1235,13.236997604370117
3,182,10,81,13.213831901550293
3,183,1,1339,11.633479118347168
3,183,2,193,10.998207092285156
3,183,3,615,10.964288711547852
3,183,4,1525,10.728692054748535
3,183,5,2957,10.720252990722656
3,183,6,641,10.433089256286621
3,183,7,2558,10.40948486328125
3,183,8,2599,10.277891159057617
3,183,9,2104,10.27477741241455
3,183,10,1763,10.233579635620117
3,184,1,1339,12.083452224731445
3,184,2,1235,11.822099685668945
3,184,3,615,11.68389892578125
3,184,4,2957,11.614458084106445
3,184,5,1882,11.251653671264648
3,184,6,1645,10.763418197631836
3,184,7,2502,10.756927490234375
3,184,8,2367,10.751102447509766
3,184,9,1287,10.684045791625977
3,184,10,1763,10.571374893188477
3,185,1,1339,11.412041664123535
3,185,2,257,11.287311553955078
3,185,3,615,11.089238166809082
3,185,4,2957,11.057326316833496
3,185,5,652,10.375409126281738
3,185,6,1645,10.363222122192383
3,185,7,2367,10.35812759399414
3,185,8,1295,10.323328018188477
3,185,9,1287,10.298110008239746
3,185,10,1657,10.281899452209473
3,186,1,2957,10.773902893066406
3,186,2,615,10.756278991699219
3,186,3,1720,10.567187309265137
3,186,4,2367,10.48253345489502
3,186,5,2143,10.303417205810547
3,186,6,2095,10.240364074707031
3,186,7,1645,10.211904525756836
3,186,8,748,10.182018280029297
3,186,9,2159,10.1618070602417
3,186,10,1287,10.155147552490234
3,187,1,2416,11.927845001220703
3,187,2,498,11.112308502197266
3,187,3,2237,11.092256546020508
3,187,4,2745,10.947244644165039
3,187,5,1838,10.697981834411621
3,187,6,2347,10.67683219909668
3,187,7,3054,10.62912654876709
3,187,8,612,10.447237968444824
3,187,9,559,10.426437377929688
3,187,10,40,10.424423217773438
3,188,1,615,12.984621047973633
3,188,2,2957,12.972867965698242
3,188,3,2416,12.673447608947754
3,188,4,2237,11.527494430541992
3,188,5,498,11.473562240600586
3,188,6,2745,11.245348930358887
3,188,7,1838,11.154693603515625
3,188,8,3054,11.001220703125
3,188,9,2347,10.922896385192871
3,188,10,559,10.849920272827148
3,189,1,2127,11.021133422851562
3,189,2,2134,11.01068115234375
3,189,3,2594,10.852893829345703
3,189,4,748,10.583309173583984
3,189,5,498,10.50490951538086
3,189,6,2099,10.388467788696289
3,189,7,2702,10.279825210571289
3,189,8,2502,10.276959419250488
3,189,9,2030,10.221538543701172
3,189,10,2416,10.130857467651367
3,190,1,1339,13.17378044128418
3,190,2,2416,11.597954750061035
3,190,3,2594,11.08888053894043
3,190,4,2099,11.058365821838379
3,190,5,2347,10.955225944519043
3,190,6,498,10.814872741699219
3,190,7,3062,10.620102882385254
3,190,8,698,10.559447288513184
3,190,9,1235,10.436155319213867
3,190,10,1838,10.417987823486328
3,191,1,2594,9.093225479125977
3,191,2,158,8.536596298217773
3,191,3,321,8.490205764770508
3,191,4,954,8.270936965942383
3,191,5,2356,8.13160514831543
3,191,6,1980,7.988103866577148
3,191,7,2323,7.959895133972168
3,191,8,2127,7.933141708374023
3,191,9,2684,7.9324727058410645
3,191,10,1638,7.90483283996582
3,192,1,2127,11.779947280883789
3,192,2,2099,11.74260139465332
3,192,3,2014,11.226154327392578
3,192,4,1246,11.092658042907715
3,192,5,2706,10.92296314239502
3,192,6,205,10.776323318481445
3,192,7,2326,10.676315307617188
3,192,8,986,10.585735321044922
3,192,9,736,10.420675277709961
3,192,10,498,10.397527694702148
3,194,1,2127,12.693824768066406
3,194,2,205,12.490333557128906
3,194,3,2099,12.328344345092773
3,194,4,2014,12.267694473266602
3,194,5,1246,12.011434555053711
3,194,6,1801,11.84910774230957
3,194,7,1946,11.622335433959961
3,194,8,2326,11.615303039550781
3,194,9,498,11.462421417236328
3,194,10,2442,11.391599655151367
3,195,1,480,11.028175354003906
3,195,2,2594,10.969934463500977
3,195,3,49,10.901283264160156
3,195,4,2405,10.780677795410156
3,195,5,122,10.661355972290039
3,195,6,2127,10.630943298339844
3,195,7,1383,10.525018692016602
3,195,8,2956,10.507795333862305
3,195,9,2075,10.489256858825684
3,195,10,2862,10.472968101501465
3,196,1,2594,10.53741455078125
3,196,2,2127,10.223084449768066
3,196,3,2405,10.171001434326172
3,196,4,480,9.913732528686523
3,196,5,1045,9.42106819152832
3,196,6,1801,9.398612022399902
3,196,7,2793,9.223382949829102
3,196,8,2014,9.147658348083496
3,196,9,1246,9.132394790649414
3,196,10,2089,9.119990348815918
3,197,1,2594,9.901388168334961
3,197,2,2706,9.629918098449707
3,197,3,2127,9.33204460144043
3,197,4,480,9.216238021850586
3,197,5,2405,9.199331283569336
3,197,6,2014,8.76797103881836
3,197,7,1801,8.670494079589844
3,197,8,1279,8.566197395324707
3,197,9,40,8.533496856689453
3,197,10,905,8.507585525512695
3,198,1,2594,10.924236297607422
3,198,2,2706,10.627513885498047
3,198,3,2127,10.595874786376953
3,198,4,2099,10.49201488494873
3,198,5,2405,10.490518569946289
3,198,6,480,10.01356029510498
3,198,7,2799,9.768209457397461
3,198,8,1045,9.700735092163086
3,198,9,2862,9.592721939086914
3,198,10,40,9.465867042541504
3,199,1,295,11.55213737487793
3,199,2,2658,11.4557466506958
3,199,3,948,10.952652931213379
3,199,4,2170,10.829733848571777
3,199,5,2706,10.521392822265625
3,199,6,2353,10.355051040649414
3,199,7,1495,10.18165397644043
3,199,8,480,10.170816421508789
3,199,9,1279,10.043177604675293
3,199,10,192,9.812199592590332
3,201,1,696,14.58815860748291
3,201,2,674,13.156938552856445
3,201,3,948,12.578996658325195
3,201,4,732,12.340590476989746
3,201,5,1569,12.325690269470215
3,201,6,2302,12.325159072875977
3,201,7,2387,12.204405784606934
3,201,8,1362,12.13377571105957
3,201,9,689,12.086647987365723
3,201,10,2556,12.085601806640625
3,202,1,1028,13.810253143310547
3,202,2,1817,13.086538314819336
3,202,3,696,12.382593154907227
3,202,4,948,11.849010467529297
3,202,5,732,11.302910804748535
3,202,6,2259,11.181373596191406
3,202,7,2387,11.037853240966797
3,202,8,2353,10.990947723388672
3,202,9,1751,10.97482967376709
3,202,10,2985,10.787406921386719
3,203,1,1028,17.855623245239258
3,203,2,696,16.997802734375
3,203,3,2243,16.293804168701172
3,203,4,674,16.137950897216797
3,203,5,948,15.143331527709961
3,203,6,689,15.025553703308105
3,203,7,1569,15.014742851257324
3,203,8,2302,15.005407333374023
3,203,9,2556,14.866140365600586
3,203,10,1362,14.702753067016602
3,204,1,1028,7.663575172424316
3,204,2,2581,7.416040420532227
3,204,3,295,7.228505611419678
3,204,4,2658,7.1336822509765625
3,204,5,2243,7.112318992614746
3,204,6,972,7.065814971923828
3,204,7,1146,7.029570579528809
3,204,8,696,6.9381914138793945
3,204,9,2111,6.9274444580078125
3,204,10,1153,6.921881675720215
3,205,1,779,8.782870292663574
3,205,2,333,8.67141342163086
3,205,3,747,8.670269966125488
3,205,4,2163,8.33812427520752
3,205,5,1911,8.23086929321289
3,205,6,502,8.156120300292969
3,205,7,1827,8.107614517211914
3,205,8,1002,8.107464790344238
3,205,9,1786,7.960080146789551
3,205,10,1897,7.922904014587402
3,206,1,779,9.876522064208984
3,206,2,1913,8.92691421508789
3,206,3,333,8.772985458374023
3,206,4,1827,8.395329475402832
3,206,5,1911,8.341364860534668
3,206,6,1002,8.291682243347168
3,206,7,1786,8.282076835632324
3,206,8,1897,8.27811050415039
3,206,9,482,8.21835994720459
3,206,10,2163,8.196436882019043
3,207,1,779,10.602821350097656
3,207,2,333,10.421892166137695
3,207,3,2163,9.755179405212402
3,207,4,747,9.753303527832031
3,207,5,1911,9.733302116394043
3,207,6,502,9.690154075622559
3,207,7,1002,9.620983123779297
3,207,8,1827,9.606745719909668
3,207,9,1786,9.526435852050781
3,207,10,1897,9.447635650634766
3,208,1,1278,8.643665313720703
3,208,2,779,8.550406455993652
3,208,3,333,8.521662712097168
3,208,4,2493,8.445311546325684
3,208,5,3084,8.362061500549316
3,208,6,2562,8.298298835754395
3,208,7,1832,8.281229019165039
3,208,8,1494,8.233683586120605
3,208,9,1304,8.218487739562988
3,208,10,2163,8.204527854919434
3,209,1,884,9.437015533447266
3,209,2,78,9.431918144226074
3,209,3,2725,9.420106887817383
3,209,4,1769,9.25477123260498
3,209,5,2802,9.22498607635498
3,209,6,1040,9.1987886428833
3,209,7,1293,9.147916793823242
3,209,8,974,9.118378639221191
3,209,9,2308,8.977783203125
3,209,10,704,8.905952453613281
3,211,1,1293,7.567661285400391
3,211,2,974,7.453182220458984
3,211,3,2725,7.385470390319824
3,211,4,1769,7.380040168762207
3,211,5,2308,7.202768325805664
3,211,6,2359,7.153042793273926
3,211,7,3073,7.143315315246582
3,211,8,64,7.132363796234131
3,211,9,2257,7.121114253997803
3,211,10,1215,7.115921497344971
3,212,1,842,10.255820274353027
3,212,2,2869,10.229633331298828
3,212,3,1037,9.956844329833984
3,212,4,2562,9.706682205200195
3,212,5,2665,9.639482498168945
3,212,6,1266,9.612630844116211
3,212,7,784,9.555795669555664
3,212,8,270,9.513116836547852
3,212,9,622,9.478910446166992
3,212,10,2697,9.287131309509277
3,214,1,1769,9.175450325012207
3,214,2,2440,8.825081825256348
3,214,3,826,8.64231014251709
3,214,4,2802,8.512998580932617
3,214,5,617,8.388527870178223
3,214,6,1517,8.312541007995605
3,214,7,393,8.311266899108887
3,214,8,2365,8.264805793762207
3,214,9,2609,8.215558052062988
3,214,10,535,8.209187507629395
3,216,1,1769,10.9280424118042
3,216,2,2440,10.595396995544434
3,216,3,842,10.092499732971191
3,216,4,779,10.058052062988281
3,216,5,393,9.986958503723145
3,216,6,1037,9.868176460266113
3,216,7,1739,9.868001937866211
3,216,8,2665,9.801926612854004
3,216,9,2562,9.741711616516113
3,216,10,784,9.720577239990234
3,217,1,2440,10.918368339538574
3,217,2,393,10.44346809387207
3,217,3,1070,10.314533233642578
3,217,4,779,10.281311988830566
3,217,5,1265,10.271788597106934
3,217,6,842,10.201789855957031
3,217,7,2869,10.10210132598877
3,217,8,2322,10.084321022033691
3,217,9,1037,9.95322036743164
3,217,10,1275,9.739152908325195
3,218,1,842,12.025542259216309
3,218,2,2869,12.003555297851562
3,218,3,1739,11.937118530273438
3,218,4,1037,11.687541961669922
3,218,5,1070,11.626869201660156
3,218,6,270,11.482635498046875
3,218,7,1266,11.457385063171387
3,218,8,2665,11.379966735839844
3,218,9,2562,11.321555137634277
3,218,10,622,11.24176025390625
3,219,1,2440,13.291183471679688
3,219,2,2869,13.278851509094238
3,219,3,842,13.103897094726562
3,219,4,1266,12.650161743164062
3,219,5,1037,12.646954536437988
3,219,6,622,12.33823013305664
3,219,7,2562,12.273955345153809
3,219,8,2665,12.226614952087402
3,219,9,1265,12.184765815734863
3,219,10,1769,12.170391082763672
3,221,1,63,9.64093017578125
3,221,2,779,9.274516105651855
3,221,3,759,8.915716171264648
3,221,4,1685,8.827096939086914
3,221,5,2562,8.447919845581055
3,221,6,1037,8.416915893554688
3,221,7,1275,8.300085067749023
3,221,8,2440,8.215187072753906
3,221,9,842,8.147289276123047
3,221,10,2665,8.022001266479492
3,222,1,63,9.83480167388916
3,222,2,779,8.782503128051758
3,222,3,2562,7.883171558380127
3,222,4,1037,7.846053600311279
3,222,5,1275,7.733781337738037
3,222,6,671,7.685054779052734
3,222,7,482,7.640456676483154
3,222,8,2440,7.5314226150512695
3,222,9,842,7.513312816619873
3,222,10,2665,7.484098434448242
3,223,1,2478,7.151251316070557
3,223,2,759,6.77006721496582
3,223,3,1685,6.653611660003662
3,223,4,1277,6.125565528869629
3,223,5,2938,5.942936897277832
3,223,6,1437,5.859337329864502
3,223,7,416,5.854244232177734
3,223,8,740,5.803781032562256
3,223,9,176,5.792359352111816
3,223,10,1540,5.779706001281738
3,224,1,2938,12.355722427368164
3,224,2,1248,10.944368362426758
3,224,3,189,10.83353328704834
3,224,4,2595,10.8318452835083
3,224,5,2141,10.754354476928711
3,224,6,1673,10.690244674682617
3,224,7,599,10.42750072479248
3,224,8,1063,10.42457389831543
3,224,9,1730,10.401643753051758
3,224,10,108,10.370895385742188
3,225,1,2938,10.831914901733398
3,225,2,2708,10.788394927978516
3,225,3,63,10.748417854309082
3,225,4,2200,9.972448348999023
3,225,5,1728,9.972448348999023
3,225,6,2254,9.972448348999023
3,225,7,2514,9.972448348999023
3,225,8,1656,9.972448348999023
3,225,9,1470,9.972448348999023
3,225,10,1028,9.830770492553711
3,226,1,2478,10.881824493408203
3,226,2,63,10.64738655090332
3,226,3,572,10.068519592285156
3,226,4,1659,10.04331111907959
3,226,5,2141,10.004241943359375
3,226,6,514,9.967904090881348
3,226,7,1465,9.957115173339844
3,226,8,1111,9.723855018615723
3,226,9,1613,9.632615089416504
3,226,10,1171,9.59065055847168
3,227,1,2478,10.328202247619629
3,227,2,63,10.013323783874512
3,227,3,2622,9.821557998657227
3,227,4,572,9.51492691040039
3,227,5,1659,9.508720397949219
3,227,6,1465,9.4197359085083
3,227,7,514,9.400396347045898
3,227,8,2141,9.365321159362793
3,227,9,1111,9.233112335205078
3,227,10,2254,9.193971633911133
3,229,1,2938,8.206731796264648
3,229,2,2595,8.104670524597168
3,229,3,1673,8.047012329101562
3,229,4,1465,7.941789627075195
3,229,5,1787,7.770984649658203
3,229,6,1111,7.769330978393555
3,229,7,1484,7.737175941467285
3,229,8,514,7.727365493774414
3,229,9,509,7.687991142272949
3,229,10,2708,7.675779342651367
3,230,1,1659,7.521348476409912
3,230,2,572,7.5165886878967285
3,230,3,30,7.369712829589844
3,230,4,1931,7.352025032043457
3,230,5,2622,7.329927921295166
3,230,6,2938,7.2688164710998535
3,230,7,198,7.236073017120361
3,230,8,514,7.232217788696289
3,230,9,1465,7.206315994262695
3,230,10,189,7.096213340759277
3,231,1,2143,6.353129863739014
3,231,2,2087,6.343847751617432
3,231,3,2095,6.2765092849731445
3,231,4,2159,6.223271369934082
3,231,5,2367,6.184845924377441
3,231,6,556,6.124107360839844
3,231,7,1787,6.099039554595947
3,231,8,94,6.096941947937012
3,231,9,767,6.011415958404541
3,231,10,2448,6.003532409667969
3,232,1,1787,8.20850944519043
3,232,2,3084,7.216518402099609
3,232,3,767,6.894599914550781
3,232,4,572,6.699284553527832
3,232,5,1659,6.657486915588379
3,232,6,1028,6.473062515258789
3,232,7,2006,6.46045446395874
3,232,8,1395,6.327266693115234
3,232,9,2985,6.262442588806152
3,232,10,1518,6.227392196655273
3,233,1,3084,7.220090866088867
3,233,2,767,7.05336856842041
3,233,3,572,6.697312355041504
3,233,4,1659,6.662566184997559
3,233,5,2006,6.656673908233643
3,233,6,1837,6.6450300216674805
3,233,7,2755,6.541692733764648
3,233,8,1501,6.532055854797363
3,233,9,1577,6.472958564758301
3,233,10,1395,6.467414379119873
3,234,1,514,6.706570625305176
3,234,2,532,6.300056457519531
3,234,3,2916,6.278139591217041
3,234,4,30,6.135287284851074
3,234,5,2165,5.960077285766602
3,234,6,1613,5.936590671539307
3,234,7,1320,5.92503023147583
3,234,8,572,5.9150800704956055
3,234,9,2092,5.899188995361328
3,234,10,1659,5.869905471801758
3,235,1,2235,9.567975997924805
3,235,2,2136,9.17000961303711
3,235,3,1379,9.090428352355957
3,235,4,2910,9.052298545837402
3,235,5,1301,8.776390075683594
3,235,6,1307,8.70716667175293
3,235,7,206,8.482544898986816
3,235,8,89,8.408120155334473
3,235,9,1570,8.402826309204102
3,235,10,2758,8.24107837677002
3,236,1,63,7.40848970413208
3,236,2,1613,7.138278007507324
3,236,3,2525,6.936468601226807
3,236,4,2478,6.810367584228516
3,236,5,1171,6.6540069580078125
3,236,6,572,6.652833461761475
3,236,7,1659,6.573096752166748
3,236,8,2141,6.564117908477783
3,236,9,2708,6.5048017501831055
3,236,10,206,6.429251670837402
3,237,1,1632,9.251649856567383
3,237,2,2916,9.113212585449219
3,237,3,2235,8.992748260498047
3,237,4,1379,8.896988868713379
3,237,5,63,8.770601272583008
3,237,6,2136,8.690653800964355
3,237,7,2910,8.678442001342773
3,237,8,1307,8.533394813537598
3,237,9,1301,8.380586624145508
3,237,10,89,8.343703269958496
3,238,1,1999,8.159754753112793
3,238,2,1613,7.937485694885254
3,238,3,2568,7.806402206420898
3,238,4,475,7.462640285491943
3,238,5,30,7.389501094818115
3,238,6,572,7.353553295135498
3,238,7,1659,7.317049980163574
3,238,8,2504,7.203027725219727
3,238,9,63,7.067953109741211
3,238,10,609,7.012709140777588
3,239,1,2136,12.625375747680664
3,239,2,2910,12.28898811340332
3,239,3,2235,12.076240539550781
3,239,4,1379,11.878852844238281
3,239,5,206,11.359383583068848
3,239,6,1307,11.148523330688477
3,239,7,1301,10.72397518157959
3,239,8,609,10.587760925292969
3,239,9,2758,10.38459300994873
3,239,10,527,10.240167617797852
3,240,1,2504,11.089238166809082
3,240,2,475,10.401970863342285
3,240,3,1999,10.205560684204102
3,240,4,609,10.096149444580078
3,240,5,527,9.945690155029297
3,240,6,2568,9.832880020141602
3,240,7,2136,9.729120254516602
3,240,8,2112,9.64118766784668
3,240,9,206,9.619834899902344
3,240,10,2080,9.592279434204102
3,241,1,475,10.81071949005127
3,241,2,2504,10.6334228515625
3,241,3,609,10.468122482299805
3,241,4,2080,10.423615455627441
3,241,5,2112,10.29328727722168
3,241,6,527,10.105735778808594
3,241,7,196,10.006937980651855
3,241,8,2752,9.694995880126953
3,241,9,275,9.66947078704834
3,241,10,103,9.483222961425781
3,242,1,475,12.64407730102539
3,242,2,2504,12.60090446472168
3,242,3,609,12.400776863098145
3,242,4,527,12.109686851501465
3,242,5,2080,11.96888542175293
3,242,6,2112,11.527859687805176
3,242,7,196,11.312440872192383
3,242,8,275,11.293386459350586
3,242,9,2568,11.264516830444336
3,242,10,2136,11.185826301574707
3,243,1,475,12.362174034118652
3,243,2,2504,12.042110443115234
3,243,3,609,11.972882270812988
3,243,4,527,11.733207702636719
3,243,5,2080,11.655468940734863
3,243,6,2112,11.189806938171387
3,243,7,1999,11.18345832824707
3,243,8,196,11.170016288757324
3,243,9,2568,11.166524887084961
3,243,10,275,11.098421096801758
3,244,1,475,8.557333946228027
3,244,2,1893,8.517316818237305
3,244,3,2752,8.490520477294922
3,244,4,196,8.452958106994629
3,244,5,2345,8.421661376953125
3,244,6,1333,8.37122631072998
3,244,7,261,8.282441139221191
3,244,8,1654,8.277856826782227
3,244,9,2576,8.269207954406738
3,244,10,2118,8.205411911010742
3,245,1,2752,10.013062477111816
3,245,2,1654,9.792719841003418
3,245,3,2345,9.771707534790039
3,245,4,2293,9.722166061401367
3,245,5,1615,9.702906608581543
3,245,6,196,9.552907943725586
3,245,7,475,9.402347564697266
3,245,8,2118,9.388111114501953
3,245,9,627,9.370172500610352
3,245,10,103,9.342087745666504
3,246,1,627,12.835861206054688
3,246,2,656,12.77496337890625
3,246,3,97,11.840482711791992
3,246,4,429,11.708715438842773
3,246,5,2160,11.534781455993652
3,246,6,689,11.358194351196289
3,246,7,1893,11.312639236450195
3,246,8,2345,11.169477462768555
3,246,9,2192,10.943414688110352
3,246,10,1104,10.784284591674805
3,247,1,97,10.266063690185547
3,247,2,1654,10.154271125793457
3,247,3,1893,9.91891098022461
3,247,4,2576,9.89381217956543
3,247,5,1615,9.832618713378906
3,247,6,2293,9.787114143371582
3,247,7,1232,9.722028732299805
3,247,8,2345,9.42829418182373
3,247,9,2195,8.861507415771484
3,247,10,1456,8.797977447509766
3,248,1,1893,10.492460250854492
3,248,2,1654,10.354936599731445
3,248,3,1456,10.313819885253906
3,248,4,1232,10.213665008544922
3,248,5,2576,10.131444931030273
3,248,6,1615,10.084142684936523
3,248,7,2293,10.070243835449219
3,248,8,2345,9.510194778442383
3,248,9,1067,9.409292221069336
3,248,10,1448,9.178030014038086
3,249,1,429,12.193702697753906
3,249,2,1654,11.696858406066895
3,249,3,1893,11.5746488571167
3,249,4,2576,11.316191673278809
3,249,5,1615,11.28443431854248
3,249,6,2293,11.233948707580566
3,249,7,1232,11.141815185546875
3,249,8,689,11.031835556030273
3,249,9,1104,10.983649253845215
3,249,10,2345,10.983440399169922
3,250,1,2691,6.464332580566406
3,250,2,2642,6.293393135070801
3,250,3,2789,6.147767066955566
3,250,4,653,6.1144256591796875
3,250,5,2961,6.050652027130127
3,250,6,504,6.038891792297363
3,250,7,627,5.968936920166016
3,250,8,656,5.944714546203613
3,250,9,1665,5.921572208404541
3,250,10,1870,5.876935005187988
3,251,1,2691,9.898164749145508
3,251,2,2642,9.815240859985352
3,251,3,1665,9.349579811096191
3,251,4,31,8.78076171875
3,251,5,1558,8.481222152709961
3,251,6,2191,8.434917449951172
3,251,7,1548,8.383156776428223
3,251,8,1594,8.337095260620117
3,251,9,2590,8.26485824584961
3,251,10,2769,8.193675994873047
3,252,1,2691,9.391329765319824
3,252,2,2642,9.15949535369873
3,252,3,1665,8.532999992370605
3,252,4,2191,8.319869995117188
3,252,5,1558,8.296058654785156
3,252,6,2769,8.212275505065918
3,252,7,2590,8.12331485748291
3,252,8,194,8.10795783996582
3,252,9,2961,8.096083641052246
3,252,10,504,8.000038146972656
3,253,1,2691,9.732867240905762
3,253,2,2642,9.481847763061523
3,253,3,1665,8.876869201660156
3,253,4,2191,8.349332809448242
3,253,5,1548,8.198037147521973
3,253,6,1594,8.162615776062012
3,253,7,1558,8.147622108459473
3,253,8,2769,8.079788208007812
3,253,9,2590,7.991821765899658
3,253,10,194,7.931981563568115
3,254,1,2691,10.778493881225586
3,254,2,2642,10.159010887145996
3,254,3,1665,9.48617935180664
3,254,4,1594,9.042072296142578
3,254,5,1548,9.029558181762695
3,254,6,2191,9.007627487182617
3,254,7,183,8.90687084197998
3,254,8,1558,8.844252586364746
3,254,9,2590,8.627079010009766
3,254,10,194,8.554902076721191
3,255,1,2642,9.950279235839844
3,255,2,2691,9.686125755310059
3,255,3,1665,9.436735153198242
3,255,4,31,9.095805168151855
3,255,5,653,8.980631828308105
3,255,6,2725,8.815129280090332
3,255,7,2961,8.717330932617188
3,255,8,2801,8.634329795837402
3,255,9,259,8.576494216918945
3,255,10,563,8.537362098693848
3,256,1,2691,8.83544921875
3,256,2,2642,8.390402793884277
3,256,3,2191,8.177748680114746
3,256,4,2801,8.038549423217773
3,256,5,563,7.716188907623291
3,256,6,1665,7.704717636108398
3,256,7,653,7.6123046875
3,256,8,31,7.573667526245117
3,256,9,504,7.552842617034912
3,256,10,2769,7.547727584838867
3,257,1,2725,10.473105430603027
3,257,2,2642,9.763638496398926
3,257,3,2691,9.557467460632324
3,257,4,1665,9.366813659667969
3,257,5,2769,9.36312484741211
3,257,6,787,9.357370376586914
3,257,7,2761,9.20252799987793
3,257,8,78,9.191020965576172
3,257,9,1716,9.189895629882812
3,257,10,1579,9.148811340332031
3,258,1,2725,12.402623176574707
3,258,2,2328,10.891794204711914
3,258,3,78,10.75389289855957
3,258,4,2590,10.72413444519043
3,258,5,8,10.691608428955078
3,258,6,44,10.681574821472168
3,258,7,2642,10.583147048950195
3,258,8,2093,10.477895736694336
3,258,9,2191,10.4703950881958
3,258,10,2429,10.423510551452637
3,259,1,2642,10.869823455810547
3,259,2,2691,10.852289199829102
3,259,3,2725,10.75062084197998
3,259,4,2191,10.748486518859863
3,259,5,1716,10.254758834838867
3,259,6,259,10.217756271362305
3,259,7,1665,10.200996398925781
3,259,8,1558,10.143095016479492
3,259,9,787,9.9967041015625
3,259,10,183,9.962335586547852
3,260,1,2725,13.745494842529297
3,260,2,2075,13.429869651794434
3,260,3,122,13.338276863098145
3,260,4,104,12.927427291870117
3,260,5,1034,12.713459968566895
3,260,6,948,12.703910827636719
3,260,7,1062,12.658615112304688
3,260,8,2706,12.59309196472168
3,260,9,2594,12.576569557189941
3,260,10,2956,12.522456169128418
3,261,1,2769,14.447046279907227
3,261,2,1246,14.43385124206543
3,261,3,2725,14.40156364440918
3,261,4,2594,14.39334487915039
3,261,5,2706,14.154248237609863
3,261,6,986,14.1406831741333
3,261,7,480,13.88223648071289
3,261,8,194,13.7855224609375
3,261,9,2642,13.771369934082031
3,261,10,1801,13.704484939575195
3,262,1,2725,11.851691246032715
3,262,2,2191,11.648615837097168
3,262,3,2691,11.517269134521484
3,262,4,2642,11.32012939453125
3,262,5,2769,11.09208869934082
3,262,6,194,10.924684524536133
3,262,7,259,10.7971773147583
3,262,8,1558,10.659134864807129
3,262,9,2590,10.614408493041992
3,262,10,1665,10.608230590820312
3,263,1,2725,14.365520477294922
3,263,2,2642,13.005194664001465
3,263,3,2691,12.534235000610352
3,263,4,2769,12.437440872192383
3,263,5,2191,12.434150695800781
3,263,6,194,12.36635971069336
3,263,7,2761,12.222057342529297
3,263,8,2328,12.208698272705078
3,263,9,8,12.12645149230957
3,263,10,1665,12.121343612670898
3,264,1,1246,12.813929557800293
3,264,2,986,12.79324722290039
3,264,3,2594,12.668632507324219
3,264,4,1383,12.417983055114746
3,264,5,105,12.39051628112793
3,264,6,2725,12.305784225463867
3,264,7,2640,12.299524307250977
3,264,8,2274,12.179832458496094
3,264,9,2127,12.141223907470703
3,264,10,1159,11.990083694458008
3,265,1,2725,11.169267654418945
3,265,2,338,10.889144897460938
3,265,3,78,10.831897735595703
3,265,4,984,10.025747299194336
3,265,5,2640,9.55807113647461
3,265,6,105,9.541543960571289
3,265,7,2867,9.445968627929688
3,265,8,2513,9.42449951171875
3,265,9,884,9.363784790039062
3,265,10,2212,9.306229591369629
3,266,1,986,13.518095016479492
3,266,2,2725,13.351844787597656
3,266,3,1246,13.087785720825195
3,266,4,2594,12.566079139709473
3,266,5,338,12.412954330444336
3,266,6,1446,12.258759498596191
3,266,7,2127,12.169133186340332
3,266,8,1159,11.972841262817383
3,266,9,480,11.801864624023438
3,266,10,2867,11.783987998962402
3,267,1,2725,10.73155403137207
3,267,2,338,10.707401275634766
3,267,3,984,10.198090553283691
3,267,4,701,10.137258529663086
3,267,5,1750,9.947685241699219
3,267,6,2867,9.915695190429688
3,267,7,78,9.826799392700195
3,267,8,2274,9.688246726989746
3,267,9,49,9.614726066589355
3,267,10,2480,9.61441421508789
3,268,1,2725,11.671426773071289
3,268,2,338,11.62896728515625
3,268,3,984,10.821660041809082
3,268,4,986,10.798932075500488
3,268,5,701,10.577774047851562
3,268,6,1750,10.101192474365234
3,268,7,2274,10.052867889404297
3,268,8,750,10.047219276428223
3,268,9,78,10.015151977539062
3,268,10,65,10.007362365722656
3,269,1,338,10.228455543518066
3,269,2,984,9.693808555603027
3,269,3,2725,9.532196998596191
3,269,4,1907,9.499345779418945
3,269,5,1367,9.362664222717285
3,269,6,986,9.230459213256836
3,269,7,2971,9.179608345031738
3,269,8,859,9.174402236938477
3,269,9,869,9.125635147094727
3,269,10,2603,9.077457427978516
3,271,1,2594,11.454178810119629
3,271,2,1446,11.374603271484375
3,271,3,986,11.306169509887695
3,271,4,49,11.294706344604492
3,271,5,122,11.25480842590332
3,271,6,480,11.198141098022461
3,271,7,2862,11.091570854187012
3,271,8,2127,11.062894821166992
3,271,9,1383,11.046939849853516
3,271,10,2706,10.983795166015625
3,272,1,701,13.187224388122559
3,272,2,2971,13.102764129638672
3,272,3,986,13.092655181884766
3,272,4,122,13.044416427612305
3,272,5,2956,13.005711555480957
3,272,6,2274,12.938451766967773
3,272,7,1671,12.931964874267578
3,272,8,2075,12.875444412231445
3,272,9,637,12.577136993408203
3,272,10,1907,12.525012969970703
3,273,1,2956,11.317544937133789
3,273,2,2971,11.058906555175781
3,273,3,1671,10.986527442932129
3,273,4,2500,10.805941581726074
3,273,5,33,10.64426326751709
3,273,6,1964,10.622770309448242
3,273,7,637,10.615499496459961
3,273,8,2075,10.599555969238281
3,273,9,49,10.59232234954834
3,273,10,2176,10.520752906799316
3,274,1,49,10.820534706115723
3,274,2,1383,10.657635688781738
3,274,3,986,10.517329216003418
3,274,4,2274,10.431760787963867
3,274,5,2480,10.383024215698242
3,274,6,1907,10.350698471069336
3,274,7,1246,10.201727867126465
3,274,8,122,10.139906883239746
3,274,9,105,10.129304885864258
3,274,10,480,10.071989059448242
3,276,1,192,11.233237266540527
3,276,2,122,11.040692329406738
3,276,3,295,10.893959045410156
3,276,4,2353,10.834098815917969
3,276,5,2658,10.833062171936035
3,276,6,948,10.754919052124023
3,276,7,2243,10.620841026306152
3,276,8,1127,10.579068183898926
3,276,9,1028,10.506969451904297
3,276,10,1817,10.468613624572754
3,277,1,192,10.980918884277344
3,277,2,2628,10.888388633728027
3,277,3,122,10.684565544128418
3,277,4,948,10.66830062866211
3,277,5,295,10.630353927612305
3,277,6,2353,10.619394302368164
3,277,7,2658,10.549834251403809
3,277,8,2580,10.457929611206055
3,277,9,121,10.451908111572266
3,277,10,1028,10.44658374786377
3,278,1,192,8.984088897705078
3,278,2,1671,8.885557174682617
3,278,3,286,8.725850105285645
3,278,4,2628,8.696929931640625
3,278,5,663,8.600200653076172
3,278,6,637,8.549298286437988
3,278,7,2956,8.522817611694336
3,278,8,2157,8.507611274719238
3,278,9,2407,8.41353988647461
3,278,10,2353,8.375612258911133
3,279,1,948,10.999113082885742
3,279,2,2353,10.972328186035156
3,279,3,2580,10.949813842773438
3,279,4,121,10.867700576782227
3,279,5,295,10.808155059814453
3,279,6,2658,10.754753112792969
3,279,7,1279,10.665096282958984
3,279,8,1671,10.538705825805664
3,279,9,1516,10.502453804016113
3,279,10,2956,10.486886978149414
3,280,1,948,11.529630661010742
3,280,2,2353,11.012149810791016
3,280,3,1279,10.900273323059082
3,280,4,192,10.868520736694336
3,280,5,1028,10.754858016967773
3,280,6,295,10.754488945007324
3,280,7,1495,10.653048515319824
3,280,8,2706,10.628181457519531
3,280,9,2658,10.619453430175781
3,280,10,122,10.417654991149902
3,282,1,122,9.762741088867188
3,282,2,192,9.685264587402344
3,282,3,948,9.565567970275879
3,282,4,2353,9.447318077087402
3,282,5,1400,9.304619789123535
3,282,6,2580,9.228179931640625
3,282,7,1279,9.220062255859375
3,282,8,663,9.183156967163086
3,282,9,1495,9.146101951599121
3,282,10,1671,9.103132247924805
3,283,1,948,8.932882308959961
3,283,2,122,8.911605834960938
3,283,3,2353,8.679616928100586
3,283,4,1279,8.576956748962402
3,283,5,2628,8.502592086791992
3,283,6,1495,8.39899730682373
3,283,7,1400,8.36240005493164
3,283,8,2706,8.33646011352539
3,283,9,663,8.28748893737793
3,283,10,1034,8.244134902954102
3,284,1,1127,9.350336074829102
3,284,2,1428,9.306039810180664
3,284,3,599,9.238231658935547
3,284,4,1730,9.107317924499512
3,284,5,1461,8.933871269226074
3,284,6,2407,8.912025451660156
3,284,7,400,8.901248931884766
3,284,8,666,8.817704200744629
3,284,9,461,8.80854320526123
3,284,10,597,8.710247039794922
3,285,1,63,9.770318984985352
3,285,2,2525,9.593509674072266
3,285,3,666,9.48536205291748
3,285,4,597,9.4446439743042
3,285,5,1747,9.247307777404785
3,285,6,1127,9.12297248840332
3,285,7,1171,9.09032917022705
3,285,8,1428,8.913481712341309
3,285,9,599,8.785574913024902
3,285,10,553,8.747499465942383
3,286,1,1127,11.745278358459473
3,286,2,2525,11.675004005432129
3,286,3,1747,11.650785446166992
3,286,4,666,11.550298690795898
3,286,5,1428,11.528345108032227
3,286,6,63,11.525830268859863
3,286,7,597,11.460131645202637
3,286,8,599,11.370856285095215
3,286,9,1730,11.358072280883789
3,286,10,2554,11.293313980102539
3,287,1,1127,11.10527229309082
3,287,2,2554,11.064209938049316
3,287,3,1747,11.027383804321289
3,287,4,1428,10.969656944274902
3,287,5,1730,10.930675506591797
3,287,6,2407,10.822153091430664
3,287,7,599,10.817947387695312
3,287,8,2525,10.581884384155273
3,287,9,63,10.546503067016602
3,287,10,666,10.518786430358887
3,288,1,1127,12.309749603271484
3,288,2,1428,12.252082824707031
3,288,3,1747,12.11373519897461
3,288,4,1730,12.11245346069336
3,288,5,599,12.094589233398438
3,288,6,666,11.663968086242676
3,288,7,63,11.656784057617188
3,288,8,461,11.600873947143555
3,288,9,2554,11.593911170959473
3,288,10,1461,11.587580680847168
3,289,1,314,12.598689079284668
3,289,2,1730,12.367101669311523
3,289,3,1127,12.325942039489746
3,289,4,1428,12.294486045837402
3,289,5,1747,12.238402366638184
3,289,6,1344,12.223298072814941
3,289,7,599,12.138901710510254
3,289,8,1461,11.892026901245117
3,289,9,461,11.863690376281738
3,289,10,400,11.577199935913086
3,290,1,325,12.013572692871094
3,290,2,533,10.603816032409668
3,290,3,2952,9.55366039276123
3,290,4,2090,9.312511444091797
3,290,5,1248,8.373114585876465
3,290,6,2256,8.084175109863281
3,290,7,707,8.067981719970703
3,290,8,851,7.660501480102539
3,290,9,2484,7.598766326904297
3,290,10,2019,7.322457313537598
3,291,1,727,12.756237030029297
3,291,2,860,12.428940773010254
3,291,3,1528,11.321510314941406
3,291,4,1248,10.997825622558594
3,291,5,2256,10.633525848388672
3,291,6,707,10.517963409423828
3,291,7,1730,10.283483505249023
3,291,8,1760,10.208560943603516
3,291,9,1707,10.044790267944336
3,291,10,2484,9.991800308227539
3,292,1,375,12.653040885925293
3,292,2,2090,11.233924865722656
3,292,3,1248,9.888557434082031
3,292,4,1760,9.864151000976562
3,292,5,707,9.556118965148926
3,292,6,2256,9.37346076965332
3,292,7,1447,8.814327239990234
3,292,8,2019,8.762541770935059
3,292,9,851,8.633373260498047
3,292,10,1698,8.541364669799805
3,293,1,325,17.72077178955078
3,293,2,1344,15.610855102539062
3,293,3,1528,13.330501556396484
3,293,4,1248,13.117759704589844
3,293,5,2256,13.065900802612305
3,293,6,707,12.912099838256836
3,293,7,1760,12.31108283996582
3,293,8,1730,11.966979026794434
3,293,9,1698,11.874363899230957
3,293,10,2019,11.841794967651367
3,294,1,325,9.377975463867188
3,294,2,2554,9.289543151855469
3,294,3,1344,8.435527801513672
3,294,4,2952,8.365160942077637
3,294,5,860,7.803173065185547
3,294,6,2090,7.726944446563721
3,294,7,1248,7.149564743041992
3,294,8,707,6.816675186157227
3,294,9,1528,6.794548511505127
3,294,10,2256,6.557825565338135
3,295,1,325,7.75020170211792
3,295,2,2554,7.253918647766113
3,295,3,314,6.939940452575684
3,295,4,1344,6.902289390563965
3,295,5,375,6.883906841278076
3,295,6,1248,6.788666248321533
3,295,7,2967,6.618119239807129
3,295,8,707,6.548039436340332
3,295,9,727,6.496490955352783
3,295,10,860,6.279124736785889
3,297,1,3061,8.080805778503418
3,297,2,1248,7.968748092651367
3,297,3,1794,7.831388473510742
3,297,4,707,7.616003036499023
3,297,5,1381,7.319582462310791
3,297,6,2256,7.275813102722168
3,297,7,1698,7.115187644958496
3,297,8,2554,7.094712257385254
3,297,9,533,7.075218200683594
3,297,10,2952,6.937703609466553
3,298,1,1248,8.280784606933594
3,298,2,1794,8.246074676513672
3,298,3,707,8.03937816619873
3,298,4,2256,7.74772310256958
3,298,5,1698,7.531650543212891
3,298,6,2141,7.2751359939575195
3,298,7,2128,7.168514251708984
3,298,8,2019,7.165297031402588
3,298,9,533,7.054910182952881
3,298,10,1063,7.053933143615723
3,299,1,1248,9.159658432006836
3,299,2,707,8.81579875946045
3,299,3,2256,8.59669303894043
3,299,4,3061,8.594938278198242
3,299,5,1794,8.247833251953125
3,299,6,1698,8.152064323425293
3,299,7,2121,7.963878154754639
3,299,8,1447,7.921436309814453
3,299,9,2019,7.859092712402344
3,299,10,540,7.592248916625977
3,300,1,315,7.025827407836914
3,300,2,272,6.407107353210449
3,300,3,667,6.316964149475098
3,300,4,1606,6.275434494018555
3,300,5,1108,6.257061958312988
3,300,6,69,6.235809326171875
3,300,7,477,6.213540077209473
3,300,8,1811,6.136105537414551
3,300,9,1826,6.1238813400268555
3,300,10,1347,6.120082855224609
3,301,1,667,5.230633735656738
3,301,2,1407,5.154953479766846
3,301,3,1016,5.151279449462891
3,301,4,2053,5.147263526916504
3,301,5,272,5.109765529632568
3,301,6,2273,5.072768688201904
3,301,7,1108,5.0723161697387695
3,301,8,1606,5.07122802734375
3,301,9,2321,5.03652286529541
3,301,10,477,5.013729095458984
3,302,1,272,6.057078838348389
3,302,2,1606,6.039066314697266
3,302,3,2464,5.985288143157959
3,302,4,1108,5.9851393699646
3,302,5,1347,5.976140022277832
3,302,6,477,5.943509101867676
3,302,7,1113,5.937506198883057
3,302,8,1826,5.840763092041016
3,302,9,1398,5.819972038269043
3,302,10,1678,5.8120927810668945
3,303,1,272,8.784749984741211
3,303,2,69,8.728242874145508
3,303,3,1108,8.637702941894531
3,303,4,1189,8.602948188781738
3,303,5,1990,8.582159996032715
3,303,6,1606,8.572120666503906
3,303,7,477,8.507247924804688
3,303,8,1826,8.446650505065918
3,303,9,1347,8.431896209716797
3,303,10,2321,8.382265090942383
3,304,1,1823,7.510036945343018
3,304,2,59,7.492275238037109
3,304,3,2623,7.485874652862549
3,304,4,1498,7.416755676269531
3,304,5,1571,7.275079727172852
3,304,6,1990,6.984527587890625
3,304,7,562,6.977286338806152
3,304,8,1995,6.940248489379883
3,304,9,357,6.854184150695801
3,304,10,315,6.832882881164551
3,305,1,69,10.302648544311523
3,305,2,1498,10.231672286987305
3,305,3,1811,10.191520690917969
3,305,4,272,9.894474029541016
3,305,5,1701,9.784089088439941
3,305,6,1108,9.761966705322266
3,305,7,1571,9.693734169006348
3,305,8,1606,9.688937187194824
3,305,9,2321,9.675664901733398
3,305,10,2974,9.651030540466309
3,306,1,69,14.434734344482422
3,306,2,562,13.574901580810547
3,306,3,2623,13.567586898803711
3,306,4,1823,13.567008972167969
3,306,5,59,13.55836296081543
3,306,6,1701,13.422661781311035
3,306,7,2974,13.31719970703125
3,306,8,1571,13.28010368347168
3,306,9,1498,13.073868751525879
3,306,10,1990,13.053583145141602
3,307,1,562,9.728155136108398
3,307,2,272,9.233842849731445
3,307,3,1990,9.231460571289062
3,307,4,1108,9.041143417358398
3,307,5,1116,9.020673751831055
3,307,6,2321,8.985160827636719
3,307,7,1347,8.92957592010498
3,307,8,1606,8.90124797821045
3,307,9,2464,8.889859199523926
3,307,10,1826,8.889498710632324
3,308,1,1498,10.17359733581543
3,308,2,59,10.165493965148926
3,308,3,562,10.101841926574707
3,308,4,357,9.604822158813477
3,308,5,2686,9.484891891479492
3,308,6,1116,9.475249290466309
3,308,7,1367,9.357221603393555
3,308,8,1868,8.899677276611328
3,308,9,1198,8.790689468383789
3,308,10,1635,8.751415252685547
3,309,1,1498,12.369848251342773
3,309,2,562,11.337879180908203
3,309,3,1701,11.242744445800781
3,309,4,1995,10.779573440551758
3,309,5,1920,10.5744047164917
3,309,6,2899,10.251264572143555
3,309,7,2927,9.981014251708984
3,309,8,315,9.969583511352539
3,309,9,1868,9.862829208374023
3,309,10,272,9.861013412475586
3,310,1,1498,10.463813781738281
3,310,2,1990,9.730988502502441
3,310,3,1811,9.72368049621582
3,310,4,1995,9.517637252807617
3,310,5,1868,8.947159767150879
3,310,6,272,8.780390739440918
3,310,7,1920,8.773676872253418
3,310,8,1367,8.747123718261719
3,310,9,1108,8.735617637634277
3,310,10,2899,8.701486587524414
3,311,1,69,11.456785202026367
3,311,2,59,11.311738014221191
3,311,3,1498,11.000781059265137
3,311,4,2974,10.693130493164062
3,311,5,1811,10.383661270141602
3,311,6,1920,9.970484733581543
3,311,7,2899,9.78456974029541
3,311,8,272,9.575246810913086
3,311,9,1108,9.512935638427734
3,311,10,1016,9.467751502990723
3,312,1,1367,11.665399551391602
3,312,2,69,11.611322402954102
3,312,3,1701,11.51097297668457
3,312,4,1571,11.4202880859375
3,312,5,2974,11.362905502319336
3,312,6,1635,11.271512031555176
3,312,7,2623,10.974782943725586
3,312,8,1920,10.957395553588867
3,312,9,1781,10.9382905960083
3,312,10,1823,10.903325080871582
3,314,1,984,9.66118049621582
3,314,2,338,9.643260955810547
3,314,3,1367,9.582625389099121
3,314,4,859,8.430858612060547
3,314,5,1198,8.316282272338867
3,314,6,1964,8.013113975524902
3,314,7,1206,7.812505722045898
3,314,8,2971,7.709001064300537
3,314,9,195,7.647553443908691
3,314,10,2176,7.635322570800781
3,315,1,1541,8.223296165466309
3,315,2,2757,7.908617973327637
3,315,3,2725,7.817429542541504
3,315,4,906,7.726092338562012
3,315,5,1293,7.569545745849609
3,315,6,2308,7.523458003997803
3,315,7,585,7.504044532775879
3,315,8,884,7.3510847091674805
3,315,9,2609,7.342835426330566
3,315,10,1367,7.296651840209961
3,316,1,338,10.512657165527344
3,316,2,2176,9.908956527709961
3,316,3,1964,9.89755916595459
3,316,4,49,9.673664093017578
3,316,5,2106,9.569438934326172
3,316,6,2725,9.552597045898438
3,316,7,701,9.471846580505371
3,316,8,2971,9.448472023010254
3,316,9,2956,9.412656784057617
3,316,10,2274,9.360546112060547
3,317,1,2725,11.157652854919434
3,317,2,701,10.795998573303223
3,317,3,1206,10.745491981506348
3,317,4,1383,10.539989471435547
3,317,5,105,10.532698631286621
3,317,6,1367,10.490486145019531
3,317,7,2640,10.463665008544922
3,317,8,1907,10.444305419921875
3,317,9,869,10.396123886108398
3,317,10,49,10.390423774719238
3,318,1,1781,12.26618766784668
3,318,2,1541,11.832015991210938
3,318,3,1206,11.346404075622559
3,318,4,1198,11.228943824768066
3,318,5,2725,11.104883193969727
3,318,6,701,10.876890182495117
3,318,7,1907,10.768204689025879
3,318,8,1383,10.76797103881836
3,318,9,49,10.767763137817383
3,318,10,2480,10.765485763549805
3,319,1,1367,13.608863830566406
3,319,2,2176,13.126659393310547
3,319,3,1206,12.915382385253906
3,319,4,1198,12.675960540771484
3,319,5,1688,12.261655807495117
3,319,6,1671,11.8778657913208
3,319,7,984,11.829421043395996
3,319,8,33,11.81610107421875
3,319,9,637,11.730608940124512
3,319,10,1781,11.655901908874512
3,321,1,2106,12.6417236328125
3,321,2,1367,12.455896377563477
3,321,3,2971,12.453987121582031
3,321,4,1206,12.428557395935059
3,321,5,2956,12.132619857788086
3,321,6,1198,12.109338760375977
3,321,7,1688,12.035959243774414
3,321,8,2363,12.001477241516113
3,321,9,1707,11.867694854736328
3,321,10,203,11.780805587768555
3,322,1,1367,12.626216888427734
3,322,2,1206,11.833982467651367
3,322,3,195,11.73392105102539
3,322,4,1198,11.459296226501465
3,322,5,984,11.396059036254883
3,322,6,338,11.373169898986816
3,322,7,1688,11.301926612854004
3,322,8,1671,11.25361156463623
3,322,9,446,11.054336547851562
3,322,10,49,11.05051040649414
3,323,1,1688,13.935471534729004
3,323,2,1206,13.801733016967773
3,323,3,2971,13.72053050994873
3,323,4,637,13.62092399597168
3,323,5,1671,13.590911865234375
3,323,6,1198,13.473102569580078
3,323,7,2084,13.306593894958496
3,323,8,1964,13.187641143798828
3,323,9,1422,13.183001518249512
3,323,10,2363,13.063405990600586
3,324,1,1206,13.419679641723633
3,324,2,195,13.400951385498047
3,324,3,1198,13.106800079345703
3,324,4,859,12.5587797164917
3,324,5,2956,12.538976669311523
3,324,6,1671,12.518417358398438
3,324,7,446,12.501309394836426
3,324,8,637,12.40800666809082
3,324,9,1158,12.177042007446289
3,324,10,1707,12.14362907409668
3,325,1,2176,10.829113006591797
3,325,2,2971,10.719035148620605
3,325,3,2106,10.674779891967773
3,325,4,195,10.434395790100098
3,325,5,2363,10.380681991577148
3,325,6,1688,10.309109687805176
3,325,7,1206,10.27376651763916
3,325,8,122,10.207161903381348
3,325,9,1964,10.170890808105469
3,325,10,2084,10.154834747314453
3,326,1,2176,8.508373260498047
3,326,2,2106,8.402894973754883
3,326,3,1206,8.213030815124512
3,326,4,2363,8.18846607208252
3,326,5,195,8.15361213684082
3,326,6,122,8.043416976928711
3,326,7,1964,8.02020263671875
3,326,8,1367,7.894101142883301
3,326,9,33,7.843354225158691
3,326,10,1198,7.837302207946777
3,327,1,1688,10.736391067504883
3,327,2,2176,10.320333480834961
3,327,3,1367,10.218879699707031
3,327,4,1707,10.177833557128906
3,327,5,2106,10.142423629760742
3,327,6,203,10.11910629272461
3,327,7,2484,10.013427734375
3,327,8,1368,9.985391616821289
3,327,9,195,9.938507080078125
3,327,10,33,9.899316787719727
3,328,1,1688,10.718770027160645
3,328,2,325,10.315115928649902
3,328,3,2554,10.279119491577148
3,328,4,1707,10.25895881652832
3,328,5,2971,10.22225570678711
3,328,6,203,10.21592903137207
3,328,7,2084,10.212636947631836
3,328,8,2176,10.159774780273438
3,328,9,1671,10.066510200500488
3,328,10,2106,9.99267864227295
3,329,1,325,12.719411849975586
3,329,2,1367,12.265470504760742
3,329,3,2554,12.077726364135742
3,329,4,2971,12.051405906677246
3,329,5,2484,12.000328063964844
3,329,6,2176,11.953371047973633
3,329,7,1422,11.81649112701416
3,329,8,1964,11.717142105102539
3,329,9,2106,11.717048645019531
3,329,10,195,11.532403945922852
3,330,1,2176,13.967144012451172
3,330,2,325,13.881556510925293
3,330,3,1367,13.760143280029297
3,330,4,2106,13.649567604064941
3,330,5,2484,13.572691917419434
3,330,6,195,13.506715774536133
3,330,7,1206,13.45077133178711
3,330,8,1198,13.406423568725586
3,330,9,2554,13.318605422973633
3,330,10,1747,13.24681568145752
3,331,1,325,15.780267715454102
3,331,2,2554,15.370833396911621
3,331,3,1747,15.278953552246094
3,331,4,2484,14.930992126464844
3,331,5,2176,14.833619117736816
3,331,6,1127,14.673395156860352
3,331,7,1730,14.60692024230957
3,331,8,1367,14.565618515014648
3,331,9,2106,14.449687004089355
3,331,10,195,14.273622512817383
3,332,1,1367,12.860427856445312
3,332,2,195,12.747325897216797
3,332,3,2176,12.708866119384766
3,332,4,2106,12.593428611755371
3,332,5,1198,12.55206298828125
3,332,6,1206,12.548274993896484
3,332,7,1964,12.046378135681152
3,332,8,2084,11.977499961853027
3,332,9,1962,11.806780815124512
3,332,10,2971,11.754434585571289
3,333,1,1655,10.26123046875
3,333,2,2602,10.070981979370117
3,333,3,1116,9.802433967590332
3,333,4,2384,9.631671905517578
3,333,5,69,9.606428146362305
3,333,6,59,9.463996887207031
3,333,7,2623,9.445075035095215
3,333,8,2686,9.431560516357422
3,333,9,562,9.422235488891602
3,333,10,1823,9.413466453552246
3,334,1,2927,8.651325225830078
3,334,2,1116,8.523272514343262
3,334,3,69,8.356608390808105
3,334,4,2107,8.344803810119629
3,334,5,2686,8.31601333618164
3,334,6,1692,8.239102363586426
3,334,7,562,8.237903594970703
3,334,8,2705,8.235647201538086
3,334,9,2623,8.09245491027832
3,334,10,2309,8.077388763427734
3,335,1,2602,9.86980152130127
3,335,2,1692,9.801526069641113
3,335,3,1116,9.775644302368164
3,335,4,69,9.621824264526367
3,335,5,2309,9.542591094970703
3,335,6,562,9.50417709350586
3,335,7,2686,9.48764419555664
3,335,8,2623,9.43272590637207
3,335,9,59,9.377285957336426
3,335,10,1823,9.353602409362793
3,336,1,2927,11.320619583129883
3,336,2,394,11.251344680786133
3,336,3,191,11.036530494689941
3,336,4,2107,10.980646133422852
3,336,5,173,10.967254638671875
3,336,6,1635,10.909521102905273
3,336,7,2912,10.829980850219727
3,336,8,1116,10.667940139770508
3,336,9,2942,10.578315734863281
3,336,10,833,10.510571479797363
3,337,1,1498,8.65772819519043
3,337,2,1116,8.649200439453125
3,337,3,2602,8.61119270324707
3,337,4,69,8.550288200378418
3,337,5,59,8.516911506652832
3,337,6,2705,8.384970664978027
3,337,7,2623,8.37756633758545
3,337,8,1571,8.36888313293457
3,337,9,562,8.323094367980957
3,337,10,2686,8.321969032287598
3,338,1,2927,9.414721488952637
3,338,2,2107,9.106121063232422
3,338,3,1779,8.910859107971191
3,338,4,2705,8.794733047485352
3,338,5,788,8.680612564086914
3,338,6,1116,8.50442123413086
3,338,7,69,8.297445297241211
3,338,8,59,8.153129577636719
3,338,9,1498,8.084461212158203
3,338,10,1823,8.061850547790527
3,339,1,1635,10.532303810119629
3,339,2,1491,10.34061050415039
3,339,3,2705,10.268468856811523
3,339,4,1116,10.24530029296875
3,339,5,2686,10.173882484436035
3,339,6,562,10.031265258789062
3,339,7,173,9.955111503601074
3,339,8,2912,9.913869857788086
3,339,9,394,9.899288177490234
3,339,10,69,9.885144233703613
3,340,1,1692,8.948823928833008
3,340,2,2705,8.695036888122559
3,340,3,1779,8.628896713256836
3,340,4,2145,8.539708137512207
3,340,5,788,8.376094818115234
3,340,6,2384,8.287506103515625
3,340,7,1116,8.134637832641602
3,340,8,2061,8.029747009277344
3,340,9,69,7.929784774780273
3,340,10,562,7.868758201599121
3,342,1,779,12.408732414245605
3,342,2,1827,10.621467590332031
3,342,3,2163,10.591882705688477
3,342,4,1002,10.516632080078125
3,342,5,11,10.06564998626709
3,342,6,792,10.03398323059082
3,342,7,2264,9.987009048461914
3,342,8,646,9.821142196655273
3,342,9,2328,9.636688232421875
3,342,10,2725,9.531192779541016
3,343,1,2927,7.77721643447876
3,343,2,2322,7.620968341827393
3,343,3,1692,7.380082130432129
3,343,4,1655,7.275993347167969
3,343,5,1265,7.2407965660095215
3,343,6,2705,7.229924201965332
3,343,7,2602,7.1601362228393555
3,343,8,1779,7.15528678894043
3,343,9,1070,7.109484672546387
3,343,10,2870,7.020981788635254
3,344,1,2163,10.65629768371582
3,344,2,1002,10.62741756439209
3,344,3,1827,10.622245788574219
3,344,4,333,10.401041030883789
3,344,5,11,10.32209300994873
3,344,6,1786,10.205622673034668
3,344,7,502,10.1026611328125
3,344,8,646,10.02192497253418
3,344,9,1911,9.82607650756836
3,344,10,2312,9.759658813476562
3,345,1,779,13.751640319824219
3,345,2,1827,12.077609062194824
3,345,3,1002,11.921919822692871
3,345,4,2163,11.87593936920166
3,345,5,502,11.732418060302734
3,345,6,11,11.630603790283203
3,345,7,1786,11.51008415222168
3,345,8,333,11.444741249084473
3,345,9,1911,11.139520645141602
3,345,10,387,11.034582138061523
3,346,1,779,13.163668632507324
3,346,2,1827,11.57745361328125
3,346,3,1002,11.39323616027832
3,346,4,2163,11.358458518981934
3,346,5,11,11.277939796447754
3,346,6,1786,11.02747917175293
3,346,7,333,10.99261474609375
3,346,8,502,10.985493659973145
3,346,9,671,10.976019859313965
3,346,10,1911,10.791024208068848
3,347,1,1827,12.136983871459961
3,347,2,1002,12.106599807739258
3,347,3,2163,11.84985637664795
3,347,4,333,11.754988670349121
3,347,5,11,11.697394371032715
3,347,6,502,11.656343460083008
3,347,7,1786,11.641879081726074
3,347,8,1911,11.149504661560059
3,347,9,72,10.680498123168945
3,347,10,2403,10.588056564331055
3,348,1,779,11.254463195800781
3,348,2,2754,10.072924613952637
3,348,3,2228,10.036908149719238
3,348,4,502,9.681341171264648
3,348,5,2529,9.344305038452148
3,348,6,482,9.2777681350708
3,348,7,738,9.057791709899902
3,348,8,1984,8.878745079040527
3,348,9,1840,8.849248886108398
3,348,10,792,8.765687942504883
3,349,1,779,10.78797721862793
3,349,2,1911,9.368675231933594
3,349,3,482,9.073251724243164
3,349,4,2754,8.941530227661133
3,349,5,2228,8.909247398376465
3,349,6,1897,8.766059875488281
3,349,7,2529,8.554959297180176
3,349,8,792,8.473114013671875
3,349,9,2264,8.177925109863281
3,349,10,646,8.169876098632812
3,350,1,779,10.440547943115234
3,350,2,333,9.560215950012207
3,350,3,2754,9.110918045043945
3,350,4,502,9.079954147338867
3,350,5,2228,9.078609466552734
3,350,6,482,8.890456199645996
3,350,7,2529,8.656798362731934
3,350,8,792,8.107815742492676
3,350,9,738,8.038005828857422
3,350,10,646,7.95764684677124
3,352,1,1266,8.73108196258545
3,352,2,2697,8.490873336791992
3,352,3,1275,8.201584815979004
3,352,4,432,8.196313858032227
3,352,5,270,8.109445571899414
3,352,6,1,8.040578842163086
3,352,7,779,7.990368843078613
3,352,8,784,7.985580921173096
3,352,9,2440,7.818780422210693
3,352,10,2653,7.803286075592041
3,353,1,2562,11.445732116699219
3,353,2,2440,10.591838836669922
3,353,3,1769,10.282683372497559
3,353,4,270,10.218801498413086
3,353,5,784,10.171122550964355
3,353,6,393,10.143908500671387
3,353,7,1275,10.089298248291016
3,353,8,432,9.922042846679688
3,353,9,1,9.868026733398438
3,353,10,1739,9.684088706970215
3,354,1,2562,9.449728012084961
3,354,2,826,9.373424530029297
3,354,3,910,9.195039749145508
3,354,4,2645,9.077959060668945
3,354,5,2311,9.077959060668945
3,354,6,297,9.06032657623291
3,354,7,1517,9.027558326721191
3,354,8,579,8.90051555633545
3,354,9,1490,8.8057861328125
3,354,10,576,8.792797088623047
3,355,1,2665,10.812414169311523
3,355,2,2440,10.133783340454102
3,355,3,1769,9.704362869262695
3,355,4,270,9.69027328491211
3,355,5,784,9.670736312866211
3,355,6,393,9.640799522399902
3,355,7,1275,9.535310745239258
3,355,8,754,9.523872375488281
3,355,9,1739,9.287657737731934
3,355,10,432,9.106609344482422
3,356,1,2869,11.936508178710938
3,356,2,622,11.68028450012207
3,356,3,2440,11.07972240447998
3,356,4,2574,10.718396186828613
3,356,5,393,10.71060562133789
3,356,6,784,10.646133422851562
3,356,7,270,10.620735168457031
3,356,8,1275,10.565324783325195
3,356,9,1769,10.52553939819336
3,356,10,1739,10.169154167175293
3,357,1,842,13.014404296875
3,357,2,1037,12.987652778625488
3,357,3,2562,12.918808937072754
3,357,4,2665,12.781942367553711
3,357,5,2869,12.508617401123047
3,357,6,915,12.324685096740723
3,357,7,622,12.269832611083984
3,357,8,2440,12.259718894958496
3,357,9,1266,12.104978561401367
3,357,10,1769,11.751870155334473
3,358,1,579,9.777052879333496
3,358,2,2645,9.367948532104492
3,358,3,2311,9.367948532104492
3,358,4,826,9.342329025268555
3,358,5,2721,9.130002975463867
3,358,6,594,9.091092109680176
3,358,7,1517,9.013227462768555
3,358,8,538,8.987320899963379
3,358,9,576,8.932501792907715
3,358,10,535,8.903582572937012
3,359,1,826,10.624963760375977
3,359,2,1517,10.284236907958984
3,359,3,2721,10.11215591430664
3,359,4,594,10.033661842346191
3,359,5,1018,10.00446891784668
3,359,6,538,9.981505393981934
3,359,7,576,9.972156524658203
3,359,8,535,9.914331436157227
3,359,9,622,9.808723449707031
3,359,10,1266,9.746335983276367
3,360,1,826,10.624963760375977
3,360,2,1517,10.284236907958984
3,360,3,2721,10.11215591430664
3,360,4,594,10.033661842346191
3,360,5,1018,10.00446891784668
3,360,6,538,9.981505393981934
3,360,7,576,9.972156524658203
3,360,8,535,9.914331436157227
3,360,9,622,9.808723449707031
3,360,10,1266,9.746335983276367
3,361,1,826,10.624963760375977
3,361,2,1517,10.284236907958984
3,361,3,2721,10.11215591430664
3,361,4,594,10.033661842346191
3,361,5,1018,10.00446891784668
3,361,6,538,9.981505393981934
3,361,7,576,9.972156524658203
3,361,8,535,9.914331436157227
3,361,9,622,9.808723449707031
3,361,10,1266,9.746335983276367
3,362,1,826,10.624963760375977
3,362,2,1517,10.284236907958984
3,362,3,2721,10.11215591430664
3,362,4,594,10.033661842346191
3,362,5,1018,10.00446891784668
3,362,6,538,9.981505393981934
3,362,7,576,9.972156524658203
3,362,8,535,9.914331436157227
3,362,9,622,9.808723449707031
3,362,10,1266,9.746335983276367
3,363,1,826,10.638657569885254
3,363,2,1517,10.301511764526367
3,363,3,2721,10.125346183776855
3,363,4,594,10.046016693115234
3,363,5,1018,10.022263526916504
3,363,6,538,9.993888854980469
3,363,7,576,9.988381385803223
3,363,8,535,9.92605209350586
3,363,9,622,9.840812683105469
3,363,10,1266,9.777446746826172
3,365,1,397,8.321748733520508
3,365,2,210,7.654280185699463
3,365,3,1653,7.649839401245117
3,365,4,1964,7.365266799926758
3,365,5,1913,7.240195274353027
3,365,6,2525,7.20974063873291
3,365,7,2176,6.846762180328369
3,365,8,1978,6.7764482498168945
3,365,9,2788,6.641420364379883
3,365,10,2106,6.619826316833496
3,366,1,2078,8.10527515411377
3,366,2,1964,7.325018882751465
3,366,3,1913,7.029158592224121
3,366,4,2525,7.0046467781066895
3,366,5,2705,6.793770790100098
3,366,6,2176,6.6768622398376465
3,366,7,1635,6.6650848388671875
3,366,8,1779,6.577983856201172
3,366,9,2106,6.570180416107178
3,366,10,523,6.539561748504639
3,367,1,418,8.222728729248047
3,367,2,1203,7.413108825683594
3,367,3,1964,6.638462066650391
3,367,4,1913,6.357078552246094
3,367,5,2525,6.228221893310547
3,367,6,2705,6.161092758178711
3,367,7,1779,6.105839252471924
3,367,8,2176,6.0662641525268555
3,367,9,1635,6.058938503265381
3,367,10,523,5.95709228515625
3,368,1,1494,9.886944770812988
3,368,2,2759,9.350833892822266
3,368,3,2078,9.042228698730469
3,368,4,1964,8.418688774108887
3,368,5,2176,8.173585891723633
3,368,6,2106,8.033456802368164
3,368,7,2525,7.957867622375488
3,368,8,2500,7.797007083892822
3,368,9,2956,7.737949371337891
3,368,10,195,7.734511852264404
3,369,1,477,12.328651428222656
3,369,2,1347,12.119192123413086
3,369,3,2888,11.283891677856445
3,369,4,510,9.647289276123047
3,369,5,315,9.461231231689453
3,369,6,1336,9.288030624389648
3,369,7,1592,8.98582649230957
3,369,8,1189,8.785849571228027
3,369,9,1990,8.625810623168945
3,369,10,2343,8.549005508422852
3,370,1,1606,13.742881774902344
3,370,2,1108,13.440099716186523
3,370,3,2739,12.803167343139648
3,370,4,510,11.064640045166016
3,370,5,1336,10.711540222167969
3,370,6,315,10.103944778442383
3,370,7,1592,9.746689796447754
3,370,8,1113,9.33509635925293
3,370,9,1189,9.306527137756348
3,370,10,2672,9.216453552246094
3,371,1,1108,11.663530349731445
3,371,2,2321,11.487167358398438
3,371,3,918,10.671564102172852
3,371,4,510,9.941330909729004
3,371,5,1336,9.66181755065918
3,371,6,3040,8.625957489013672
3,371,7,2672,8.43098258972168
3,371,8,1794,8.367049217224121
3,371,9,2440,8.29588508605957
3,371,10,2128,8.244260787963867
3,372,1,1606,13.317863464355469
3,372,2,272,13.001649856567383
3,372,3,2321,12.754749298095703
3,372,4,510,10.153621673583984
3,372,5,315,9.872712135314941
3,372,6,1336,9.755008697509766
3,372,7,1592,9.400217056274414
3,372,8,1113,9.086177825927734
3,372,9,1189,9.051100730895996
3,372,10,540,8.927302360534668
3,373,1,1606,13.894643783569336
3,373,2,1347,13.440671920776367
3,373,3,2687,11.68685531616211
3,373,4,510,10.493002891540527
3,373,5,315,10.466054916381836
3,373,6,1336,10.061798095703125
3,373,7,1592,9.937158584594727
3,373,8,1113,9.683640480041504
3,373,9,1189,9.563300132751465
3,373,10,540,9.519619941711426
3,374,1,2321,14.682368278503418
3,374,2,2888,14.180421829223633
3,374,3,918,13.914268493652344
3,374,4,510,11.614904403686523
3,374,5,315,11.387125968933105
3,374,6,1336,11.151080131530762
3,374,7,1592,10.906017303466797
3,374,8,1113,10.687995910644531
3,374,9,540,10.417123794555664
3,374,10,1189,10.362985610961914
3,375,1,2321,14.095378875732422
3,375,2,2739,13.748250961303711
3,375,3,1678,12.207887649536133
3,375,4,510,11.723617553710938
3,375,5,1336,11.318008422851562
3,375,6,315,10.445487976074219
3,375,7,1592,10.181852340698242
3,375,8,3040,9.73371410369873
3,375,9,1113,9.696990966796875
3,375,10,1072,9.680463790893555
3,378,1,1606,14.940321922302246
3,378,2,477,14.690343856811523
3,378,3,2888,13.61739444732666
3,378,4,510,11.734134674072266
3,378,5,1336,11.297744750976562
3,378,6,315,11.082098007202148
3,378,7,1592,10.714441299438477
3,378,8,1113,10.287870407104492
3,378,9,1189,10.166925430297852
3,378,10,540,10.110153198242188
3,379,1,2321,13.155767440795898
3,379,2,918,12.354825973510742
3,379,3,1678,11.33603286743164
3,379,4,510,11.104631423950195
3,379,5,1336,10.753315925598145
3,379,6,315,9.654924392700195
3,379,7,1592,9.441179275512695
3,379,8,3040,9.291275978088379
3,379,9,2672,9.207009315490723
3,379,10,2128,9.087835311889648
3,380,1,477,12.968582153320312
3,380,2,2441,12.420989990234375
3,380,3,2739,12.353015899658203
3,380,4,315,10.275552749633789
3,380,5,510,9.902618408203125
3,380,6,1592,9.559041976928711
3,380,7,1336,9.521480560302734
3,380,8,1189,9.444028854370117
3,380,9,1113,9.173344612121582
3,380,10,540,9.113198280334473
3,381,1,2441,11.42303466796875
3,381,2,2739,11.39422607421875
3,381,3,918,10.821359634399414
3,381,4,315,10.45582103729248
3,381,5,899,9.702402114868164
3,381,6,1920,9.65456485748291
3,381,7,1189,9.617839813232422
3,381,8,2343,9.616434097290039
3,381,9,59,9.575727462768555
3,381,10,1592,9.551010131835938
3,383,1,272,13.874333381652832
3,383,2,1347,13.773590087890625
3,383,3,918,12.849061965942383
3,383,4,315,11.245277404785156
3,383,5,1592,10.494474411010742
3,383,6,510,10.333158493041992
3,383,7,1113,10.29460334777832
3,383,8,1189,10.222539901733398
3,383,9,540,10.161935806274414
3,383,10,1336,9.892707824707031
3,384,1,477,12.42612361907959
3,384,2,1826,12.220947265625
3,384,3,1678,10.808145523071289
3,384,4,315,10.527580261230469
3,384,5,1189,9.714164733886719
3,384,6,2343,9.60552978515625
3,384,7,1920,9.547879219055176
3,384,8,2899,9.503957748413086
3,384,9,1592,9.493309020996094
3,384,10,1016,9.445898056030273
3,385,1,477,13.563020706176758
3,385,2,272,13.517114639282227
3,385,3,2464,13.336634635925293
3,385,4,315,10.548748016357422
3,385,5,510,10.53205680847168
3,385,6,1336,10.134777069091797
3,385,7,1592,10.01201343536377
3,385,8,1189,9.663813591003418
3,385,9,1113,9.604368209838867
3,385,10,540,9.456830978393555
3,386,1,2464,12.955163955688477
3,386,2,1398,12.749347686767578
3,386,3,2888,12.199471473693848
3,386,4,510,10.538461685180664
3,386,5,1336,10.184743881225586
3,386,6,315,9.938329696655273
3,386,7,1592,9.532360076904297
3,386,8,1189,9.148308753967285
3,386,9,1113,9.100381851196289
3,386,10,540,8.98884105682373
3,387,1,2464,12.613458633422852
3,387,2,918,11.723979949951172
3,387,3,1678,10.764881134033203
3,387,4,510,10.54189682006836
3,387,5,1336,10.212486267089844
3,387,6,315,9.122639656066895
3,387,7,3040,9.056846618652344
3,387,8,2672,8.849166870117188
3,387,9,1592,8.82889175415039
3,387,10,1794,8.818986892700195
3,388,1,477,13.853004455566406
3,388,2,1826,13.695767402648926
3,388,3,2441,13.202587127685547
3,388,4,510,10.749921798706055
3,388,5,315,10.66447925567627
3,388,6,1336,10.358641624450684
3,388,7,1592,10.05241870880127
3,388,8,1189,9.824905395507812
3,388,9,1990,9.60986328125
3,388,10,1113,9.54434871673584
3,391,1,1606,13.412943840026855
3,391,2,1108,13.108510971069336
3,391,3,1347,12.95752239227295
3,391,4,510,10.444416046142578
3,391,5,1336,10.038557052612305
3,391,6,315,9.733795166015625
3,391,7,1592,9.397165298461914
3,391,8,1113,9.074289321899414
3,391,9,1189,8.949455261230469
3,391,10,1072,8.890213012695312
3,392,1,641,9.905570983886719
3,392,2,2558,9.728425025939941
3,392,3,2490,9.611336708068848
3,392,4,615,8.918055534362793
3,392,5,2957,8.394461631774902
3,392,6,1339,8.178680419921875
3,392,7,1657,8.17560863494873
3,392,8,3015,8.135108947753906
3,392,9,2897,8.131134986877441
3,392,10,1235,8.100749969482422
3,395,1,1102,9.06686019897461
3,395,2,716,9.059646606445312
3,395,3,2452,8.84202766418457
3,395,4,615,8.393792152404785
3,395,5,2957,7.872875690460205
3,395,6,1339,7.791088104248047
3,395,7,1235,7.762404441833496
3,395,8,257,7.736581802368164
3,395,9,1657,7.697882652282715
3,395,10,1044,7.667060852050781
3,396,1,2082,9.178659439086914
3,396,2,2607,9.060791015625
3,396,3,2452,8.972265243530273
3,396,4,615,8.5901460647583
3,396,5,2957,8.106502532958984
3,396,6,1339,7.937373638153076
3,396,7,1657,7.925295829772949
3,396,8,1235,7.882596969604492
3,396,9,257,7.8447489738464355
3,396,10,1620,7.732845306396484
3,397,1,1307,10.520956993103027
3,397,2,1301,10.30440616607666
3,397,3,206,9.75598430633545
3,397,4,609,8.33460807800293
3,397,5,527,7.954230308532715
3,397,6,1744,7.917508125305176
3,397,7,2080,7.901334285736084
3,397,8,2180,7.8839311599731445
3,397,9,2504,7.787812232971191
3,397,10,696,7.759187698364258
3,398,1,2752,9.493386268615723
3,398,2,2568,9.136260986328125
3,398,3,2345,9.015178680419922
3,398,4,2118,8.82762622833252
3,398,5,2209,8.804710388183594
3,398,6,1999,8.771479606628418
3,398,7,1654,8.763517379760742
3,398,8,2576,8.71933650970459
3,398,9,1232,8.656432151794434
3,398,10,1615,8.631645202636719
3,399,1,2830,9.29156494140625
3,399,2,206,9.199073791503906
3,399,3,609,7.802375793457031
3,399,4,2087,7.610761642456055
3,399,5,696,7.446704864501953
3,399,6,1028,7.434544086456299
3,399,7,2180,7.3989362716674805
3,399,8,527,7.359790802001953
3,399,9,1744,7.323745250701904
3,399,10,2080,7.309431076049805
3,400,1,2235,10.766529083251953
3,400,2,2136,10.736810684204102
3,400,3,1379,10.545419692993164
3,400,4,2910,10.525997161865234
3,400,5,1307,9.852113723754883
3,400,6,1301,9.651192665100098
3,400,7,2568,8.350994110107422
3,400,8,514,8.014384269714355
3,400,9,532,7.993628025054932
3,400,10,1744,7.933213233947754
3,401,1,2599,7.8115129470825195
3,401,2,2104,7.782663345336914
3,401,3,615,7.331777572631836
3,401,4,2957,7.09240198135376
3,401,5,1657,6.850881099700928
3,401,6,1235,6.592155933380127
3,401,7,652,6.546077251434326
3,401,8,257,6.492939472198486
3,401,9,1339,6.457664489746094
3,401,10,1620,6.440375804901123
3,403,1,1307,10.046212196350098
3,403,2,2830,9.1144380569458
3,403,3,609,7.964146614074707
3,403,4,1028,7.649224281311035
3,403,5,1744,7.641502380371094
3,403,6,696,7.634258270263672
3,403,7,2180,7.604278564453125
3,403,8,2087,7.591582298278809
3,403,9,527,7.488403797149658
3,403,10,2080,7.438485145568848
3,404,1,1379,11.963553428649902
3,404,2,2758,10.432210922241211
3,404,3,609,9.5809907913208
3,404,4,527,9.130393981933594
3,404,5,2568,9.007631301879883
3,404,6,2080,8.977116584777832
3,404,7,475,8.887621879577637
3,404,8,696,8.885086059570312
3,404,9,2180,8.847281455993652
3,404,10,1028,8.781076431274414
3,405,1,2080,8.768265724182129
3,405,2,514,8.683966636657715
3,405,3,2916,8.56418514251709
3,405,4,1465,8.527584075927734
3,405,5,532,8.507058143615723
3,405,6,1632,8.372283935546875
3,405,7,483,8.199323654174805
3,405,8,196,8.18244457244873
3,405,9,1111,8.085185050964355
3,405,10,2092,8.065716743469238
3,406,1,1379,11.255962371826172
3,406,2,1307,10.665541648864746
3,406,3,1301,10.177705764770508
3,406,4,206,9.839988708496094
3,406,5,89,9.814897537231445
3,406,6,2758,9.792906761169434
3,406,7,1570,9.696399688720703
3,406,8,2830,9.639226913452148
3,406,9,2568,8.224506378173828
3,406,10,1744,8.204693794250488
3,407,1,1456,7.436570644378662
3,407,2,275,7.046268463134766
3,407,3,447,6.9998579025268555
3,407,4,2209,6.909929275512695
3,407,5,1413,6.904697418212891
3,407,6,2092,6.852281093597412
3,407,7,532,6.7787628173828125
3,407,8,514,6.76235818862915
3,407,9,527,6.657482624053955
3,407,10,1067,6.651443004608154
3,408,1,475,6.72540807723999
3,408,2,275,6.604372501373291
3,408,3,447,6.264735698699951
3,408,4,1456,6.240686893463135
3,408,5,2345,6.146629333496094
3,408,6,2118,6.131438255310059
3,408,7,609,6.105711936950684
3,408,8,1413,6.104679584503174
3,408,9,1232,6.078858375549316
3,408,10,532,6.058614730834961
3,409,1,1408,8.131839752197266
3,409,2,1878,8.003557205200195
3,409,3,2188,8.002097129821777
3,409,4,2817,7.913536071777344
3,409,5,521,7.617973327636719
3,409,6,539,7.482643127441406
3,409,7,103,7.269604682922363
3,409,8,2785,7.247152328491211
3,409,9,475,7.208438873291016
3,409,10,2568,7.175287246704102
3,410,1,1333,9.429704666137695
3,410,2,261,9.230749130249023
3,410,3,2188,8.710835456848145
3,410,4,2488,8.46650218963623
3,410,5,1456,8.286823272705078
3,410,6,774,8.11076831817627
3,410,7,2397,8.027606964111328
3,410,8,2423,8.002394676208496
3,410,9,2257,8.000524520874023
3,410,10,521,7.78148078918457
3,411,1,2752,8.555624008178711
3,411,2,2609,7.997989654541016
3,411,3,1517,7.930424690246582
3,411,4,2423,7.759563446044922
3,411,5,826,7.75114107131958
3,411,6,2397,7.739382743835449
3,411,7,538,7.715169906616211
3,411,8,1333,7.681663990020752
3,411,9,64,7.6668500900268555
3,411,10,2721,7.613195419311523
3,412,1,774,8.853442192077637
3,412,2,2488,8.684575080871582
3,412,3,2609,8.523185729980469
3,412,4,1878,8.457094192504883
3,412,5,2752,8.330440521240234
3,412,6,1517,8.303506851196289
3,412,7,538,8.251689910888672
3,412,8,64,8.21485710144043
3,412,9,2721,8.117684364318848
3,412,10,535,8.105916976928711
3,413,1,2752,10.628194808959961
3,413,2,1333,10.072723388671875
3,413,3,261,9.917591094970703
3,413,4,82,9.910111427307129
3,413,5,539,9.597346305847168
3,413,6,196,9.431190490722656
3,413,7,1456,9.143014907836914
3,413,8,64,9.076820373535156
3,413,9,2643,8.924604415893555
3,413,10,2359,8.863290786743164
3,414,1,2752,11.675456047058105
3,414,2,1333,10.593667030334473
3,414,3,261,10.349823951721191
3,414,4,82,10.232523918151855
3,414,5,774,10.012035369873047
3,414,6,196,9.568764686584473
3,414,7,1408,9.530893325805664
3,414,8,2257,9.248409271240234
3,414,9,1456,9.234570503234863
3,414,10,538,9.138351440429688
3,415,1,2725,14.881223678588867
3,415,2,884,14.307336807250977
3,415,3,2609,14.188507080078125
3,415,4,64,13.990318298339844
3,415,5,78,13.870079040527344
3,415,6,755,13.852328300476074
3,415,7,201,13.848921775817871
3,415,8,1293,13.837961196899414
3,415,9,2183,13.822047233581543
3,415,10,2308,13.76398754119873
3,416,1,2609,11.516996383666992
3,416,2,704,11.516582489013672
3,416,3,2826,11.499385833740234
3,416,4,91,11.425294876098633
3,416,5,1696,11.401315689086914
3,416,6,3019,11.377788543701172
3,416,7,1263,11.133606910705566
3,416,8,2725,11.080948829650879
3,416,9,1884,10.993334770202637
3,416,10,293,10.958105087280273
3,417,1,2725,9.261632919311523
3,417,2,884,8.529539108276367
3,417,3,64,8.07003402709961
3,417,4,1040,7.9322710037231445
3,417,5,2308,7.806472301483154
3,417,6,1293,7.794622421264648
3,417,7,792,7.762521266937256
3,417,8,2496,7.67218017578125
3,417,9,2359,7.621405601501465
3,417,10,585,7.58724308013916
3,418,1,2359,11.18466567993164
3,418,2,64,10.990381240844727
3,418,3,2757,10.937018394470215
3,418,4,2725,10.893325805664062
3,418,5,884,10.888269424438477
3,418,6,906,10.882339477539062
3,418,7,1040,10.696524620056152
3,418,8,957,10.468440055847168
3,418,9,3073,10.356531143188477
3,418,10,5,10.302688598632812
3,419,1,3019,12.251006126403809
3,419,2,1884,12.185371398925781
3,419,3,2725,12.150135040283203
3,419,4,884,11.629758834838867
3,419,5,2757,11.35615062713623
3,419,6,1293,11.305727005004883
3,419,7,2609,11.218671798706055
3,419,8,1263,11.179166793823242
3,419,9,78,11.164657592773438
3,419,10,755,11.1389741897583
3,420,1,704,12.935225486755371
3,420,2,2609,12.81352424621582
3,420,3,1884,12.47851848602295
3,420,4,884,12.19588851928711
3,420,5,2725,12.01241683959961
3,420,6,2790,11.948822021484375
3,420,7,64,11.92274284362793
3,420,8,1040,11.898591041564941
3,420,9,2359,11.703121185302734
3,420,10,1293,11.665926933288574
3,421,1,2609,8.544402122497559
3,421,2,1293,8.44947624206543
3,421,3,2802,8.408937454223633
3,421,4,2757,8.360882759094238
3,421,5,64,8.316875457763672
3,421,6,906,8.270856857299805
3,421,7,2308,8.230645179748535
3,421,8,5,8.211723327636719
3,421,9,2359,8.181977272033691
3,421,10,1360,8.17489242553711
3,422,1,2609,13.37960433959961
3,422,2,884,12.830207824707031
3,422,3,2790,12.711669921875
3,422,4,2725,12.657846450805664
3,422,5,2028,12.623905181884766
3,422,6,1196,12.514564514160156
3,422,7,1040,12.501218795776367
3,422,8,64,12.499902725219727
3,422,9,2757,12.214607238769531
3,422,10,1293,12.183073043823242
3,423,1,2028,12.382894515991211
3,423,2,1791,12.261099815368652
3,423,3,704,12.249149322509766
3,423,4,2609,11.585880279541016
3,423,5,884,11.34273910522461
3,423,6,535,11.213801383972168
3,423,7,2725,11.203326225280762
3,423,8,957,11.156960487365723
3,423,9,1040,11.11471939086914
3,423,10,2359,11.021671295166016
3,424,1,1517,11.308517456054688
3,424,2,826,11.029642105102539
3,424,3,579,10.7164306640625
3,424,4,1018,10.643707275390625
3,424,5,2294,10.419015884399414
3,424,6,704,10.406096458435059
3,424,7,595,10.242227554321289
3,424,8,2826,10.127812385559082
3,424,9,1884,9.989891052246094
3,424,10,3019,9.957437515258789
3,425,1,2609,12.838739395141602
3,425,2,704,12.336653709411621
3,425,3,1884,11.970086097717285
3,425,4,1517,11.927691459655762
3,425,5,535,11.870149612426758
3,425,6,2826,11.772089004516602
3,425,7,3019,11.625724792480469
3,425,8,2757,11.552090644836426
3,425,9,91,11.520971298217773
3,425,10,906,11.485820770263672
3,426,1,826,11.488031387329102
3,426,2,579,11.047281265258789
3,426,3,704,10.956156730651855
3,426,4,2826,10.80096435546875
3,426,5,2294,10.700157165527344
3,426,6,1263,10.616686820983887
3,426,7,3019,10.613103866577148
3,426,8,566,10.60565185546875
3,426,9,91,10.516671180725098
3,426,10,595,10.502718925476074
3,427,1,2609,11.109025955200195
3,427,2,1293,10.11508846282959
3,427,3,2359,10.100634574890137
3,427,4,704,10.043031692504883
3,427,5,535,9.83339786529541
3,427,6,2308,9.773253440856934
3,427,7,2826,9.735170364379883
3,427,8,3019,9.614387512207031
3,427,9,1884,9.610122680664062
3,427,10,91,9.540376663208008
3,428,1,579,10.556646347045898
3,428,2,2609,10.27723217010498
3,428,3,2294,10.266971588134766
3,428,4,1018,10.13641357421875
3,428,5,595,10.082005500793457
3,428,6,910,9.824283599853516
3,428,7,2311,9.635313034057617
3,428,8,2645,9.635313034057617
3,428,9,297,9.596426963806152
3,428,10,704,9.531282424926758
3,429,1,579,10.556646347045898
3,429,2,2609,10.27723217010498
3,429,3,2294,10.266971588134766
3,429,4,1018,10.13641357421875
3,429,5,595,10.082005500793457
3,429,6,910,9.824283599853516
3,429,7,2311,9.635313034057617
3,429,8,2645,9.635313034057617
3,429,9,297,9.596426963806152
3,429,10,704,9.531282424926758
3,430,1,579,10.556646347045898
3,430,2,2609,10.27723217010498
3,430,3,2294,10.266971588134766
3,430,4,1018,10.13641357421875
3,430,5,595,10.082005500793457
3,430,6,910,9.824283599853516
3,430,7,2311,9.635313034057617
3,430,8,2645,9.635313034057617
3,430,9,297,9.596426963806152
3,430,10,704,9.531282424926758
3,435,1,2725,12.167868614196777
3,435,2,704,11.180049896240234
3,435,3,884,11.103550910949707
3,435,4,1884,11.102306365966797
3,435,5,2757,11.01640796661377
3,435,6,2790,10.946870803833008
3,435,7,2609,10.91758918762207
3,435,8,906,10.79484748840332
3,435,9,2826,10.784130096435547
3,435,10,1360,10.7412109375
3,436,1,2725,13.78796672821045
3,436,2,884,13.131856918334961
3,436,3,2757,12.969039916992188
3,436,4,2802,12.949254989624023
3,436,5,974,12.939567565917969
3,436,6,906,12.937019348144531
3,436,7,5,12.817537307739258
3,436,8,2609,12.710975646972656
3,436,9,886,12.698343276977539
3,436,10,1040,12.490411758422852
3,437,1,2725,12.280707359313965
3,437,2,884,11.309242248535156
3,437,3,2496,11.020599365234375
3,437,4,2757,11.004186630249023
3,437,5,2609,10.917407035827637
3,437,6,906,10.884359359741211
3,437,7,974,10.883377075195312
3,437,8,2802,10.865425109863281
3,437,9,2790,10.819621086120605
3,437,10,5,10.750310897827148
3,438,1,2609,11.667901992797852
3,438,2,2725,11.524039268493652
3,438,3,704,11.456555366516113
3,438,4,585,11.430939674377441
3,438,5,2757,11.376209259033203
3,438,6,1884,11.276047706604004
3,438,7,884,11.243818283081055
3,438,8,906,11.221611022949219
3,438,9,1263,11.207148551940918
3,438,10,2826,11.101593017578125
3,439,1,1040,10.989398956298828
3,439,2,293,10.456502914428711
3,439,3,2790,10.222153663635254
3,439,4,2205,9.955228805541992
3,439,5,64,9.946046829223633
3,439,6,2328,9.76602554321289
3,439,7,704,9.751073837280273
3,439,8,2826,9.724336624145508
3,439,9,3019,9.64620590209961
3,439,10,78,9.606040954589844
3,440,1,2725,10.198141098022461
3,440,2,2328,9.039606094360352
3,440,3,957,8.758110046386719
3,440,4,2163,8.751258850097656
3,440,5,502,8.712331771850586
3,440,6,333,8.571558952331543
3,440,7,779,8.422919273376465
3,440,8,2761,8.3135347366333
3,440,9,1827,8.302019119262695
3,440,10,338,8.278867721557617
3,441,1,2609,13.894231796264648
3,441,2,2826,13.853625297546387
3,441,3,704,13.83979320526123
3,441,4,3019,13.76426887512207
3,441,5,91,13.755663871765137
3,441,6,1696,13.711761474609375
3,441,7,1884,13.459352493286133
3,441,8,1263,13.35212516784668
3,441,9,2725,13.220354080200195
3,441,10,64,12.844221115112305
3,442,1,704,11.796895980834961
3,442,2,2826,11.753496170043945
3,442,3,91,11.665864944458008
3,442,4,3019,11.645252227783203
3,442,5,2609,11.56772518157959
3,442,6,1696,11.449710845947266
3,442,7,1884,11.391056060791016
3,442,8,2790,11.383569717407227
3,442,9,64,11.246420860290527
3,442,10,1263,11.201200485229492
3,443,1,2067,9.601829528808594
3,443,2,2202,9.066939353942871
3,443,3,2313,8.89913272857666
3,443,4,98,8.869559288024902
3,443,5,835,8.417312622070312
3,443,6,1590,8.179361343383789
3,443,7,2447,8.020269393920898
3,443,8,3084,7.954793930053711
3,443,9,2566,7.898458003997803
3,443,10,2018,7.878867149353027
3,444,1,2067,13.994268417358398
3,444,2,98,13.489733695983887
3,444,3,835,13.478996276855469
3,444,4,2313,13.166886329650879
3,444,5,2447,12.566224098205566
3,444,6,2202,11.997161865234375
3,444,7,2536,11.955653190612793
3,444,8,394,11.889141082763672
3,444,9,1009,11.755474090576172
3,444,10,191,11.75072193145752
3,445,1,2067,16.965713500976562
3,445,2,98,16.664119720458984
3,445,3,2313,16.60984230041504
3,445,4,835,16.285400390625
3,445,5,2202,15.195561408996582
3,445,6,2536,14.823065757751465
3,445,7,2447,14.794832229614258
3,445,8,1009,14.508346557617188
3,445,9,394,13.989913940429688
3,445,10,191,13.827072143554688
3,446,1,2067,12.009023666381836
3,446,2,835,11.479578971862793
3,446,3,98,11.381499290466309
3,446,4,2313,11.203836441040039
3,446,5,2447,10.56429672241211
3,446,6,2536,10.453960418701172
3,446,7,1009,10.299957275390625
3,446,8,2202,10.26049518585205
3,446,9,2018,9.715656280517578
3,446,10,672,9.40417766571045
3,448,1,394,10.835282325744629
3,448,2,2067,10.041958808898926
3,448,3,833,9.965014457702637
3,448,4,835,9.947324752807617
3,448,5,98,9.622035026550293
3,448,6,2912,9.591920852661133
3,448,7,2447,9.152009963989258
3,448,8,1603,9.063399314880371
3,448,9,2704,8.916979789733887
3,448,10,2210,8.887914657592773
3,449,1,833,11.252583503723145
3,449,2,1009,11.020023345947266
3,449,3,672,10.983786582946777
3,449,4,507,10.797444343566895
3,449,5,2704,10.683235168457031
3,449,6,2210,10.594293594360352
3,449,7,2615,10.439082145690918
3,449,8,1048,10.360544204711914
3,449,9,2067,10.34856128692627
3,449,10,1200,10.254780769348145
3,450,1,833,12.370346069335938
3,450,2,1587,12.32260513305664
3,450,3,665,12.310028076171875
3,450,4,173,12.251920700073242
3,450,5,1048,11.985855102539062
3,450,6,1184,11.87274169921875
3,450,7,1200,11.81010627746582
3,450,8,1718,11.718966484069824
3,450,9,2391,11.38802719116211
3,450,10,1635,11.234210968017578
3,451,1,2814,10.351350784301758
3,451,2,1587,10.171664237976074
3,451,3,665,10.093646049499512
3,451,4,672,9.962267875671387
3,451,5,507,9.891426086425781
3,451,6,2704,9.592208862304688
3,451,7,2210,9.588652610778809
3,451,8,1184,9.575679779052734
3,451,9,2391,9.507268905639648
3,451,10,2615,9.335550308227539
3,452,1,833,10.509230613708496
3,452,2,2814,10.324836730957031
3,452,3,1587,10.289299011230469
3,452,4,665,10.252649307250977
3,452,5,1009,10.124898910522461
3,452,6,672,10.096661567687988
3,452,7,2067,10.003162384033203
3,452,8,2210,9.884542465209961
3,452,9,2704,9.880002975463867
3,452,10,1184,9.738930702209473
3,453,1,394,16.422828674316406
3,453,2,191,16.188005447387695
3,453,3,173,15.620307922363281
3,453,4,665,15.577266693115234
3,453,5,2912,15.4198579788208
3,453,6,2704,14.835813522338867
3,453,7,2942,14.809759140014648
3,453,8,2210,14.713324546813965
3,453,9,1009,14.606779098510742
3,453,10,2814,14.501672744750977
3,455,1,394,14.169268608093262
3,455,2,191,13.945857048034668
3,455,3,1587,13.653657913208008
3,455,4,173,13.055057525634766
3,455,5,2912,13.000326156616211
3,455,6,1009,12.790799140930176
3,455,7,301,12.706013679504395
3,455,8,2814,12.561739921569824
3,455,9,1048,12.541165351867676
3,455,10,2942,12.421653747558594
3,456,1,394,15.905620574951172
3,456,2,191,15.816207885742188
3,456,3,173,14.82773208618164
3,456,4,1009,14.502842903137207
3,456,5,2814,14.471126556396484
3,456,6,2912,14.333719253540039
3,456,7,301,14.296672821044922
3,456,8,2942,14.01049518585205
3,456,9,672,13.742300033569336
3,456,10,2067,13.670931816101074
3,457,1,394,16.49334716796875
3,457,2,191,16.281570434570312
3,457,3,173,15.466403007507324
3,457,4,2912,15.038506507873535
3,457,5,2814,14.602762222290039
3,457,6,2942,14.567461013793945
3,457,7,1009,14.34430980682373
3,457,8,301,14.329328536987305
3,457,9,672,14.014694213867188
3,457,10,507,13.96634578704834
3,458,1,394,13.87270450592041
3,458,2,191,13.631136894226074
3,458,3,833,13.144061088562012
3,458,4,173,12.84937858581543
3,458,5,1048,12.46635913848877
3,458,6,1200,12.303950309753418
3,458,7,2391,12.245508193969727
3,458,8,2942,12.2198486328125
3,458,9,1718,12.188314437866211
3,458,10,1759,11.919797897338867
3,459,1,3084,11.738374710083008
3,459,2,1278,10.99046516418457
3,459,3,863,10.673986434936523
3,459,4,1304,10.509401321411133
3,459,5,1832,10.469282150268555
3,459,6,185,10.097822189331055
3,459,7,1145,10.007174491882324
3,459,8,1674,9.915752410888672
3,459,9,1586,9.658717155456543
3,459,10,1836,9.390377044677734
3,460,1,2493,9.831487655639648
3,460,2,1278,9.722893714904785
3,460,3,444,9.429725646972656
3,460,4,1304,9.2725830078125
3,460,5,185,9.224099159240723
3,460,6,1260,8.935083389282227
3,460,7,1145,8.823196411132812
3,460,8,1586,8.689935684204102
3,460,9,1836,8.550864219665527
3,460,10,1161,8.48715877532959
3,461,1,1278,11.009817123413086
3,461,2,1304,10.528209686279297
3,461,3,185,10.166973114013672
3,461,4,1157,10.159564018249512
3,461,5,444,10.018431663513184
3,461,6,1145,10.003541946411133
3,461,7,2898,9.39698314666748
3,461,8,1161,9.350652694702148
3,461,9,1836,9.339262008666992
3,461,10,1586,9.23989486694336
3,462,1,1278,11.010265350341797
3,462,2,1304,10.557319641113281
3,462,3,185,10.216169357299805
3,462,4,1145,10.131295204162598
3,462,5,444,10.109560012817383
3,462,6,1153,10.0150785446167
3,462,7,2898,9.658759117126465
3,462,8,1836,9.57526969909668
3,462,9,1161,9.510261535644531
3,462,10,1311,9.424478530883789
3,463,1,1278,9.948785781860352
3,463,2,185,9.830120086669922
3,463,3,1304,9.59792709350586
3,463,4,1153,9.58568000793457
3,463,5,1586,9.251768112182617
3,463,6,1161,9.149782180786133
3,463,7,1836,9.138641357421875
3,463,8,1145,9.089662551879883
3,463,9,1157,9.068828582763672
3,463,10,1831,8.88062572479248
3,465,1,2706,10.889500617980957
3,465,2,2594,10.879237174987793
3,465,3,986,10.85631275177002
3,465,4,2157,10.815289497375488
3,465,5,122,10.74524211883545
3,465,6,1446,10.712058067321777
3,465,7,2099,10.500709533691406
3,465,8,480,10.481605529785156
3,465,9,192,10.457815170288086
3,465,10,40,10.361495971679688
3,467,1,2706,11.054296493530273
3,467,2,986,10.863718032836914
3,467,3,2594,10.815390586853027
3,467,4,1446,10.777168273925781
3,467,5,2099,10.621167182922363
3,467,6,122,10.605594635009766
3,467,7,192,10.548965454101562
3,467,8,2355,10.516838073730469
3,467,9,480,10.493307113647461
3,467,10,668,10.415082931518555
3,468,1,2706,11.354421615600586
3,468,2,2594,11.199995040893555
3,468,3,1446,11.174962997436523
3,468,4,986,11.173421859741211
3,468,5,122,11.078557968139648
3,468,6,2099,11.030722618103027
3,468,7,192,10.901254653930664
3,468,8,480,10.835208892822266
3,468,9,40,10.770057678222656
3,468,10,1400,10.769231796264648
3,469,1,1278,7.195683479309082
3,469,2,554,6.9399824142456055
3,469,3,185,6.896698474884033
3,469,4,1840,6.8036346435546875
3,469,5,1354,6.738202095031738
3,469,6,1304,6.725673675537109
3,469,7,278,6.6762213706970215
3,469,8,1984,6.6741743087768555
3,469,9,1674,6.65580415725708
3,469,10,1145,6.550126552581787
3,470,1,2706,10.836813926696777
3,470,2,2862,10.816526412963867
3,470,3,2594,10.770565032958984
3,470,4,1446,10.701218605041504
3,470,5,122,10.69307804107666
3,470,6,1476,10.685502052307129
3,470,7,986,10.625576972961426
3,470,8,2099,10.554238319396973
3,470,9,192,10.506887435913086
3,470,10,480,10.409391403198242
3,471,1,1248,12.325578689575195
3,471,2,2256,11.928031921386719
3,471,3,1447,11.01498794555664
3,471,4,1412,10.31972885131836
3,471,5,2141,10.283479690551758
3,471,6,325,9.828961372375488
3,471,7,717,9.594062805175781
3,471,8,375,9.539133071899414
3,471,9,533,9.177845001220703
3,471,10,2554,9.140571594238281
3,472,1,707,14.05148696899414
3,472,2,1248,12.963143348693848
3,472,3,2048,11.546630859375
3,472,4,1412,10.862325668334961
3,472,5,2141,10.776056289672852
3,472,6,325,10.656150817871094
3,472,7,375,10.35875129699707
3,472,8,717,10.054915428161621
3,472,9,2554,10.01569938659668
3,472,10,1730,9.98200798034668
3,474,1,1531,12.182886123657227
3,474,2,1829,12.175505638122559
3,474,3,2141,11.832687377929688
3,474,4,1412,11.59648323059082
3,474,5,229,11.250219345092773
3,474,6,717,11.093966484069824
3,474,7,375,10.988758087158203
3,474,8,325,10.756887435913086
3,474,9,1730,10.584941864013672
3,474,10,533,10.492789268493652
3,475,1,1698,12.495830535888672
3,475,2,1063,12.053272247314453
3,475,3,1447,11.872232437133789
3,475,4,717,11.398633003234863
3,475,5,2141,11.08938217163086
3,475,6,359,10.31151008605957
3,475,7,375,10.063302993774414
3,475,8,325,9.832155227661133
3,475,9,127,9.780952453613281
3,475,10,1547,9.676736831665039
3,476,1,2432,12.919748306274414
3,476,2,1447,12.748627662658691
3,476,3,1531,12.654666900634766
3,476,4,1412,12.247354507446289
3,476,5,717,12.091451644897461
3,476,6,1547,11.079825401306152
3,476,7,359,10.986414909362793
3,476,8,1730,10.90127944946289
3,476,9,375,10.675243377685547
3,476,10,127,10.644109725952148
3,477,1,1698,13.254072189331055
3,477,2,2019,12.40921401977539
3,477,3,2141,11.957234382629395
3,477,4,1447,11.899679183959961
3,477,5,1412,11.435747146606445
3,477,6,359,10.541970252990723
3,477,7,1547,10.401102066040039
3,477,8,1730,10.283354759216309
3,477,9,375,10.165897369384766
3,477,10,398,10.026104927062988
3,478,1,1248,13.31723403930664
3,478,2,707,13.111946105957031
3,478,3,1698,11.30048942565918
3,478,4,2141,10.57792854309082
3,478,5,717,10.200139045715332
3,478,6,1412,10.173226356506348
3,478,7,3061,9.73823356628418
3,478,8,533,9.29039192199707
3,478,9,325,9.253127098083496
3,478,10,375,9.237092971801758
3,479,1,707,14.793984413146973
3,479,2,1063,14.331028938293457
3,479,3,1698,14.168485641479492
3,479,4,2256,13.962780952453613
3,479,5,1248,13.872894287109375
3,479,6,2141,13.757492065429688
3,479,7,2432,13.401185989379883
3,479,8,1829,13.283407211303711
3,479,9,717,13.269109725952148
3,479,10,1981,13.228680610656738
3,480,1,2048,12.395248413085938
3,480,2,1063,12.061643600463867
3,480,3,1412,11.778141975402832
3,480,4,229,11.732390403747559
3,480,5,717,11.097189903259277
3,480,6,2141,10.984428405761719
3,480,7,375,10.89653205871582
3,480,8,325,10.775045394897461
3,480,9,533,10.446039199829102
3,480,10,127,10.208961486816406
3,481,1,707,11.454834938049316
3,481,2,1063,10.443167686462402
3,481,3,1698,10.372838973999023
3,481,4,1248,9.968334197998047
3,481,5,2256,9.920099258422852
3,481,6,1981,9.748112678527832
3,481,7,2048,9.69468879699707
3,481,8,229,9.630353927612305
3,481,9,2432,9.630168914794922
3,481,10,1829,9.519079208374023
3,483,1,707,16.23617172241211
3,483,2,2256,14.660059928894043
3,483,3,1248,14.558183670043945
3,483,4,1698,14.516977310180664
3,483,5,1063,14.412698745727539
3,483,6,1981,13.760580062866211
3,483,7,2048,13.658468246459961
3,483,8,2432,13.495397567749023
3,483,9,1829,13.312018394470215
3,483,10,229,13.282657623291016
3,484,1,707,16.23617172241211
3,484,2,2256,14.660059928894043
3,484,3,1248,14.558183670043945
3,484,4,1698,14.516977310180664
3,484,5,1063,14.412698745727539
3,484,6,1981,13.760580062866211
3,484,7,2048,13.658468246459961
3,484,8,2432,13.495397567749023
3,484,9,1829,13.312018394470215
3,484,10,229,13.282657623291016
3,485,1,707,10.823017120361328
3,485,2,1063,10.149353981018066
3,485,3,1698,9.949913024902344
3,485,4,717,9.686243057250977
3,485,5,229,9.641777992248535
3,485,6,2141,9.461874008178711
3,485,7,1613,9.348956108093262
3,485,8,2432,9.265501022338867
3,485,9,2256,9.128353118896484
3,485,10,1829,9.10600471496582
3,486,1,1698,7.7181782722473145
3,486,2,1063,7.692868232727051
3,486,3,707,7.662851333618164
3,486,4,2141,7.647265434265137
3,486,5,1248,7.288517475128174
3,486,6,2432,7.2741899490356445
3,486,7,1829,7.204343318939209
3,486,8,1613,7.1725664138793945
3,486,9,2256,6.838527202606201
3,486,10,717,6.828607559204102
3,487,1,1063,10.70651626586914
3,487,2,1698,10.63646125793457
3,487,3,2141,10.421314239501953
3,487,4,2432,10.142731666564941
3,487,5,1829,10.080039978027344
3,487,6,707,9.789770126342773
3,487,7,1248,9.73434066772461
3,487,8,2938,9.586433410644531
3,487,9,1547,9.517459869384766
3,487,10,2256,9.398188591003418
3,491,1,1278,8.549087524414062
3,491,2,3084,8.476722717285156
3,491,3,1586,8.46402645111084
3,491,4,1311,8.18558120727539
3,491,5,1836,7.957144260406494
3,491,6,2493,7.896171569824219
3,491,7,1831,7.799583435058594
3,491,8,1153,7.794012069702148
3,491,9,1038,7.7896833419799805
3,491,10,554,7.736388206481934
3,492,1,3084,8.919402122497559
3,492,2,2493,8.413782119750977
3,492,3,863,7.99737548828125
3,492,4,1153,7.992337226867676
3,492,5,444,7.961995601654053
3,492,6,1157,7.956541061401367
3,492,7,536,7.95606803894043
3,492,8,1832,7.928309917449951
3,492,9,554,7.917171478271484
3,492,10,1586,7.820605754852295
3,493,1,3084,8.735889434814453
3,493,2,185,8.669551849365234
3,493,3,495,8.274160385131836
3,493,4,863,8.15519905090332
3,493,5,439,8.073749542236328
3,493,6,1836,8.055743217468262
3,493,7,2493,7.914596080780029
3,493,8,1311,7.780187606811523
3,493,9,1157,7.526179313659668
3,493,10,1038,7.510782718658447
3,494,1,1586,7.466022491455078
3,494,2,495,7.41387939453125
3,494,3,1311,7.248849391937256
3,494,4,3010,7.237571716308594
3,494,5,3084,7.207330703735352
3,494,6,1223,7.141076564788818
3,494,7,185,7.140718460083008
3,494,8,1470,7.073782920837402
3,494,9,2200,7.073782920837402
3,494,10,1656,7.073782920837402
3,495,1,560,8.415275573730469
3,495,2,2219,8.33452320098877
3,495,3,298,8.114927291870117
3,495,4,865,8.114927291870117
3,495,5,1717,7.922223091125488
3,495,6,2669,7.715625286102295
3,495,7,2751,7.6318464279174805
3,495,8,184,7.591054916381836
3,495,9,421,7.465774059295654
3,495,10,1966,7.4193010330200195
4,1,1,2053,7.233856678009033
4,1,2,2099,7.199189186096191
4,1,3,453,7.1017303466796875
4,1,4,1567,7.07502555847168
4,1,5,1669,7.020996570587158
4,1,6,2789,6.911487579345703
4,1,7,2195,6.887555122375488
4,1,8,599,6.791067123413086
4,1,9,2740,6.760072708129883
4,1,10,1521,6.701921463012695
4,2,1,2734,6.921740531921387
4,2,2,1546,6.770480155944824
4,2,3,738,6.598511695861816
4,2,4,1365,6.585259437561035
4,2,5,746,6.527466297149658
4,2,6,1438,6.502734661102295
4,2,7,1628,6.302679538726807
4,2,8,1091,6.233880996704102
4,2,9,1415,6.20640754699707
4,2,10,2963,6.171738624572754
4,3,1,2896,8.890527725219727
4,3,2,220,8.164650917053223
4,3,3,1335,8.008613586425781
4,3,4,1308,7.986217498779297
4,3,5,1522,7.977505683898926
4,3,6,1013,7.914527893066406
4,3,7,2713,7.735377311706543
4,3,8,55,7.6038103103637695
4,3,9,1447,7.571007251739502
4,3,10,127,7.55425500869751
4,4,1,1028,6.642037391662598
4,4,2,1669,6.364708423614502
4,4,3,2283,6.361750602722168
4,4,4,2658,6.302229404449463
4,4,5,295,6.263381481170654
4,4,6,696,6.234923839569092
4,4,7,599,6.170571327209473
4,4,8,890,6.168424129486084
4,4,9,2170,6.056369304656982
4,4,10,2090,5.997877597808838
4,7,1,1250,9.714715957641602
4,7,2,1567,9.548681259155273
4,7,3,732,9.513120651245117
4,7,4,2053,9.438206672668457
4,7,5,2502,9.155220985412598
4,7,6,2896,8.882280349731445
4,7,7,438,8.741851806640625
4,7,8,1059,8.608356475830078
4,7,9,80,8.57638168334961
4,7,10,599,8.439286231994629
4,8,1,2053,9.717482566833496
4,8,2,551,9.713179588317871
4,8,3,2286,9.695343017578125
4,8,4,1415,9.590993881225586
4,8,5,598,9.521285057067871
4,8,6,599,9.389562606811523
4,8,7,1528,9.195028305053711
4,8,8,2502,9.16557502746582
4,8,9,1250,9.080169677734375
4,8,10,1737,9.065467834472656
4,9,1,30,7.523218154907227
4,9,2,1194,7.10274076461792
4,9,3,1720,7.0850348472595215
4,9,4,644,7.030022621154785
4,9,5,481,6.980131149291992
4,9,6,193,6.873528957366943
4,9,7,1620,6.859539985656738
4,9,8,2661,6.8545379638671875
4,9,9,2702,6.8413262367248535
4,9,10,1235,6.815690994262695
4,10,1,1308,7.326859951019287
4,10,2,2896,6.862852573394775
4,10,3,1442,6.742980003356934
4,10,4,461,6.7216596603393555
4,10,5,220,6.721283435821533
4,10,6,3063,6.717228889465332
4,10,7,1567,6.705904006958008
4,10,8,1817,6.625428199768066
4,10,9,2099,6.599384307861328
4,10,10,1669,6.596226692199707
4,11,1,598,8.032201766967773
4,11,2,2159,7.885828971862793
4,11,3,2238,7.875746250152588
4,11,4,2095,7.762106895446777
4,11,5,2143,7.692220687866211
4,11,6,1642,7.557873725891113
4,11,7,534,7.5093536376953125
4,11,8,1812,7.490479469299316
4,11,9,692,7.488273620605469
4,11,10,306,7.46585750579834
4,12,1,3015,10.960805892944336
4,12,2,1882,10.930037498474121
4,12,3,1339,10.776793479919434
4,12,4,1295,10.521623611450195
4,12,5,748,10.391265869140625
4,12,6,1720,10.259145736694336
4,12,7,193,10.252334594726562
4,12,8,129,10.130178451538086
4,12,9,2897,10.101304054260254
4,12,10,1645,10.055801391601562
4,13,1,556,7.227623462677002
4,13,2,1487,7.030404567718506
4,13,3,1644,6.807397842407227
4,13,4,2621,6.773244857788086
4,13,5,598,6.507382392883301
4,13,6,1342,6.452297210693359
4,13,7,2238,6.407194137573242
4,13,8,1812,6.353031635284424
4,13,9,2159,6.323962688446045
4,13,10,1586,6.314668655395508
4,14,1,1569,7.354111671447754
4,14,2,508,7.06687068939209
4,14,3,689,7.05695104598999
4,14,4,2920,7.0353522300720215
4,14,5,306,6.930537700653076
4,14,6,2664,6.765403747558594
4,14,7,520,6.7178826332092285
4,14,8,674,6.695941925048828
4,14,9,2073,6.688470363616943
4,14,10,1870,6.6605401039123535
4,15,1,2285,7.138615608215332
4,15,2,598,7.0526628494262695
4,15,3,2552,6.932112216949463
4,15,4,2344,6.834113597869873
4,15,5,2432,6.7831902503967285
4,15,6,1047,6.738014221191406
4,15,7,1698,6.703858375549316
4,15,8,2159,6.678151607513428
4,15,9,674,6.638810157775879
4,15,10,1374,6.605703353881836
4,16,1,598,5.871013164520264
4,16,2,1047,5.605899333953857
4,16,3,2238,5.4006757736206055
4,16,4,674,5.386308193206787
4,16,5,2073,5.337440490722656
4,16,6,2095,5.281282901763916
4,16,7,2159,5.274015426635742
4,16,8,2951,5.269676685333252
4,16,9,407,5.2655863761901855
4,16,10,2432,5.26312255859375
4,17,1,1429,4.972874641418457
4,17,2,193,4.9237189292907715
4,17,3,40,4.9171142578125
4,17,4,2957,4.849989414215088
4,17,5,1720,4.847350120544434
4,17,6,1235,4.829087734222412
4,17,7,1645,4.801973342895508
4,17,8,2238,4.7161431312561035
4,17,9,598,4.675335884094238
4,17,10,1525,4.659374713897705
4,18,1,289,9.12047004699707
4,18,2,2590,9.063901901245117
4,18,3,2552,8.935407638549805
4,18,4,2848,8.756446838378906
4,18,5,2769,8.726737022399902
4,18,6,2975,8.709944725036621
4,18,7,2127,8.68742847442627
4,18,8,1374,8.611919403076172
4,18,9,424,8.608490943908691
4,18,10,1691,8.530102729797363
4,20,1,3015,8.979416847229004
4,20,2,2238,8.95923900604248
4,20,3,692,8.897326469421387
4,20,4,598,8.813138961791992
4,20,5,306,8.749135971069336
4,20,6,534,8.577932357788086
4,20,7,2095,8.535648345947266
4,20,8,2159,8.512063980102539
4,20,9,1044,8.49531364440918
4,20,10,1681,8.48349380493164
4,21,1,2286,7.812411308288574
4,21,2,3041,7.3347978591918945
4,21,3,551,7.299263000488281
4,21,4,1724,7.085354804992676
4,21,5,532,6.929121971130371
4,21,6,2576,6.922107696533203
4,21,7,2607,6.914123058319092
4,21,8,2118,6.898932456970215
4,21,9,40,6.8945488929748535
4,21,10,1821,6.88739013671875
4,22,1,1567,7.671628952026367
4,22,2,2896,7.256975173950195
4,22,3,310,7.100615501403809
4,22,4,2053,7.060347557067871
4,22,5,1059,7.047374725341797
4,22,6,2195,6.979609489440918
4,22,7,2719,6.915016174316406
4,22,8,599,6.897709846496582
4,22,9,1250,6.893525123596191
4,22,10,438,6.829804420471191
4,23,1,193,8.4177885055542
4,23,2,1720,8.389625549316406
4,23,3,1235,8.278242111206055
4,23,4,40,8.269805908203125
4,23,5,1754,8.261248588562012
4,23,6,2502,8.215044975280762
4,23,7,1620,8.153365135192871
4,23,8,1525,8.037315368652344
4,23,9,498,7.940700531005859
4,23,10,1645,7.9153947830200195
4,24,1,1202,6.402249336242676
4,24,2,1645,6.275699615478516
4,24,3,1302,6.166458606719971
4,24,4,1342,6.122800827026367
4,24,5,556,6.097681045532227
4,24,6,1525,6.014187335968018
4,24,7,40,5.997756004333496
4,24,8,1267,5.947900295257568
4,24,9,415,5.924295425415039
4,24,10,2621,5.913259983062744
4,25,1,1342,7.635340213775635
4,25,2,1487,7.593796253204346
4,25,3,1785,7.590993881225586
4,25,4,1359,7.554586887359619
4,25,5,724,7.551902770996094
4,25,6,1683,7.3905863761901855
4,25,7,1535,7.274775981903076
4,25,8,177,7.210391998291016
4,25,9,1047,7.199488639831543
4,25,10,2937,7.091062545776367
4,26,1,2940,9.669960021972656
4,26,2,2717,9.493453025817871
4,26,3,421,9.465218544006348
4,26,4,546,9.380852699279785
4,26,5,184,9.300381660461426
4,26,6,1087,9.018744468688965
4,26,7,1839,8.929327964782715
4,26,8,2736,8.695732116699219
4,26,9,98,8.587055206298828
4,26,10,2751,8.54825210571289
4,27,1,1592,8.603219032287598
4,27,2,2140,8.147982597351074
4,27,3,1072,8.146796226501465
4,27,4,1597,8.131182670593262
4,27,5,559,8.130059242248535
4,27,6,1113,8.010882377624512
4,27,7,2969,7.991286277770996
4,27,8,540,7.98378849029541
4,27,9,3048,7.953357696533203
4,27,10,1327,7.905449867248535
4,28,1,738,7.890806674957275
4,28,2,724,7.225377559661865
4,28,3,2734,7.133829593658447
4,28,4,1146,6.8307695388793945
4,28,5,1785,6.826560020446777
4,28,6,2098,6.77532434463501
4,28,7,1359,6.762442588806152
4,28,8,177,6.703677177429199
4,28,9,1466,6.66672420501709
4,28,10,1535,6.64015007019043
4,29,1,2940,8.24023723602295
4,29,2,2717,8.014299392700195
4,29,3,421,7.910791397094727
4,29,4,1839,7.801817417144775
4,29,5,2952,7.627720355987549
4,29,6,510,7.592019081115723
4,29,7,1087,7.482688903808594
4,29,8,546,7.470064640045166
4,29,9,2616,7.426179885864258
4,29,10,98,7.357391357421875
4,30,1,2053,8.23917007446289
4,30,2,2098,7.928635120391846
4,30,3,2677,7.753938674926758
4,30,4,2405,7.732264518737793
4,30,5,2787,7.661173343658447
4,30,6,1427,7.598488807678223
4,30,7,453,7.554815769195557
4,30,8,732,7.535340785980225
4,30,9,1415,7.487547874450684
4,30,10,1250,7.460490703582764
4,31,1,2098,7.185966968536377
4,31,2,732,7.050409317016602
4,31,3,2053,6.995548248291016
4,31,4,1250,6.928468704223633
4,31,5,2161,6.810412406921387
4,31,6,1362,6.785183429718018
4,31,7,890,6.7786078453063965
4,31,8,1710,6.687991142272949
4,31,9,1567,6.587193489074707
4,31,10,1045,6.565108776092529
4,32,1,2590,9.106143951416016
4,32,2,194,9.094038963317871
4,32,3,2769,9.025696754455566
4,32,4,44,9.01772689819336
4,32,5,1716,9.006288528442383
4,32,6,1558,8.72352409362793
4,32,7,852,8.68370246887207
4,32,8,542,8.496837615966797
4,32,9,2280,8.392547607421875
4,32,10,1476,8.321370124816895
4,33,1,555,4.9077348709106445
4,33,2,475,4.7858662605285645
4,33,3,1673,4.765558242797852
4,33,4,609,4.671420574188232
4,33,5,2080,4.661596298217773
4,33,6,2090,4.640439033508301
4,33,7,2341,4.553603649139404
4,33,8,2554,4.544120788574219
4,33,9,527,4.537145137786865
4,33,10,189,4.526838779449463
4,34,1,1531,6.451435089111328
4,34,2,707,5.902680397033691
4,34,3,2238,5.864354133605957
4,34,4,2256,5.829837322235107
4,34,5,1248,5.76169490814209
4,34,6,1447,5.659795761108398
4,34,7,674,5.645346641540527
4,34,8,1612,5.549100875854492
4,34,9,2285,5.542909622192383
4,34,10,2095,5.541530609130859
4,35,1,271,5.634113788604736
4,35,2,1365,5.604551315307617
4,35,3,890,5.551242351531982
4,35,4,1438,5.460975646972656
4,35,5,1428,5.42463493347168
4,35,6,1461,5.260475158691406
4,35,7,2963,5.184795379638672
4,35,8,1600,5.177003860473633
4,35,9,2053,5.169768333435059
4,35,10,599,5.133270263671875
4,36,1,2098,7.144540786743164
4,36,2,1427,7.057218074798584
4,36,3,732,7.044833660125732
4,36,4,1045,6.954986572265625
4,36,5,2161,6.939696311950684
4,36,6,2053,6.899460792541504
4,36,7,1362,6.70687198638916
4,36,8,1785,6.690394878387451
4,36,9,1710,6.65333366394043
4,36,10,2387,6.58341646194458
4,37,1,1567,7.233010768890381
4,37,2,2195,7.066134452819824
4,37,3,2896,6.971593856811523
4,37,4,732,6.96152925491333
4,37,5,890,6.934990882873535
4,37,6,2502,6.8770551681518555
4,37,7,2053,6.8422698974609375
4,37,8,1442,6.78835391998291
4,37,9,310,6.744217872619629
4,37,10,2933,6.63178014755249
4,38,1,310,11.264347076416016
4,38,2,2871,10.840514183044434
4,38,3,579,10.802225112915039
4,38,4,2486,10.44049072265625
4,38,5,621,10.42375373840332
4,38,6,2645,10.41226577758789
4,38,7,1442,10.355913162231445
4,38,8,264,10.166133880615234
4,38,9,974,10.086484909057617
4,38,10,910,10.046234130859375
4,39,1,310,9.895082473754883
4,39,2,621,9.699139595031738
4,39,3,208,9.129552841186523
4,39,4,264,9.034448623657227
4,39,5,585,8.88936996459961
4,39,6,2144,8.787893295288086
4,39,7,2496,8.70361614227295
4,39,8,624,8.69965648651123
4,39,9,518,8.65269660949707
4,39,10,670,8.595487594604492
4,40,1,310,9.38318920135498
4,40,2,2719,8.352521896362305
4,40,3,1442,8.34655475616455
4,40,4,1567,8.255202293395996
4,40,5,461,8.056623458862305
4,40,6,621,8.02797794342041
4,40,7,732,7.952850818634033
4,40,8,438,7.809514999389648
4,40,9,2925,7.75438117980957
4,40,10,2896,7.7068047523498535
4,41,1,310,8.663167953491211
4,41,2,621,8.578414916992188
4,41,3,208,8.439109802246094
4,41,4,2144,8.258874893188477
4,41,5,264,8.256136894226074
4,41,6,518,8.050579071044922
4,41,7,670,8.041460037231445
4,41,8,2258,8.002690315246582
4,41,9,2291,7.995736122131348
4,41,10,2738,7.985675811767578
4,42,1,248,11.715222358703613
4,42,2,272,11.372119903564453
4,42,3,1826,11.266044616699219
4,42,4,477,11.08673095703125
4,42,5,2441,11.010368347167969
4,42,6,471,10.977583885192871
4,42,7,2739,10.768363952636719
4,42,8,1398,10.767026901245117
4,42,9,667,10.543384552001953
4,42,10,1347,10.527587890625
4,43,1,272,12.373806953430176
4,43,2,477,12.206558227539062
4,43,3,1826,12.106249809265137
4,43,4,2441,12.069326400756836
4,43,5,2193,12.056804656982422
4,43,6,2739,12.056587219238281
4,43,7,1398,11.834569931030273
4,43,8,2464,11.700704574584961
4,43,9,2321,11.690279006958008
4,43,10,1347,11.648750305175781
4,45,1,2193,14.220466613769531
4,45,2,1738,13.43200397491455
4,45,3,272,12.730709075927734
4,45,4,1826,12.568485260009766
4,45,5,477,12.531551361083984
4,45,6,1678,12.437612533569336
4,45,7,1606,12.385770797729492
4,45,8,2441,12.288589477539062
4,45,9,2739,12.240974426269531
4,45,10,1398,12.149019241333008
4,46,1,2273,12.450937271118164
4,46,2,1738,11.651327133178711
4,46,3,272,11.281574249267578
4,46,4,1826,11.155338287353516
4,46,5,477,11.003912925720215
4,46,6,1730,10.923956871032715
4,46,7,2441,10.878664016723633
4,46,8,1358,10.695807456970215
4,46,9,1398,10.657157897949219
4,46,10,2090,10.611684799194336
4,47,1,272,11.850194931030273
4,47,2,2273,11.697484016418457
4,47,3,1826,11.68587875366211
4,47,4,1417,11.628166198730469
4,47,5,477,11.610740661621094
4,47,6,2441,11.578743934631348
4,47,7,2739,11.252899169921875
4,47,8,1398,11.217353820800781
4,47,9,1108,11.085182189941406
4,47,10,1347,11.06716537475586
4,48,1,1848,11.245773315429688
4,48,2,272,10.997872352600098
4,48,3,2739,10.978389739990234
4,48,4,248,10.903582572937012
4,48,5,1826,10.882108688354492
4,48,6,477,10.83419418334961
4,48,7,2441,10.796449661254883
4,48,8,2464,10.553709030151367
4,48,9,1398,10.52894115447998
4,48,10,1347,10.453401565551758
4,49,1,1848,12.005390167236328
4,49,2,1826,11.556217193603516
4,49,3,272,11.54601001739502
4,49,4,477,11.229192733764648
4,49,5,2441,11.161985397338867
4,49,6,1398,10.94714641571045
4,49,7,1108,10.862224578857422
4,49,8,2739,10.855090141296387
4,49,9,1685,10.72952651977539
4,49,10,346,10.672317504882812
4,50,1,2273,12.507144927978516
4,50,2,248,12.372345924377441
4,50,3,272,11.934784889221191
4,50,4,1826,11.820049285888672
4,50,5,477,11.776891708374023
4,50,6,2441,11.70235824584961
4,50,7,2739,11.591352462768555
4,50,8,1398,11.40224838256836
4,50,9,1678,11.260675430297852
4,50,10,346,11.246699333190918
4,51,1,2193,13.756477355957031
4,51,2,390,12.890767097473145
4,51,3,1738,12.639083862304688
4,51,4,272,12.365897178649902
4,51,5,1826,12.270471572875977
4,51,6,477,12.069169044494629
4,51,7,2441,11.894081115722656
4,51,8,1398,11.728132247924805
4,51,9,2739,11.677850723266602
4,51,10,1730,11.551372528076172
4,52,1,314,10.559091567993164
4,52,2,2090,10.373111724853516
4,52,3,1730,10.370323181152344
4,52,4,1528,10.095353126525879
4,52,5,99,10.002689361572266
4,52,6,1127,9.884462356567383
4,52,7,346,9.848087310791016
4,52,8,6,9.718341827392578
4,52,9,2554,9.683298110961914
4,52,10,727,9.633501052856445
4,53,1,2090,10.283548355102539
4,53,2,1730,10.064430236816406
4,53,3,1528,9.966862678527832
4,53,4,314,9.888689041137695
4,53,5,1127,9.650524139404297
4,53,6,1428,9.429901123046875
4,53,7,599,9.31633186340332
4,53,8,1461,9.30055046081543
4,53,9,727,9.190043449401855
4,53,10,2554,9.161796569824219
4,54,1,1730,10.545408248901367
4,54,2,2090,10.283599853515625
4,54,3,1127,10.110986709594727
4,54,4,1528,10.03844928741455
4,54,5,314,9.94127082824707
4,54,6,1461,9.837484359741211
4,54,7,1428,9.738004684448242
4,54,8,599,9.70132064819336
4,54,9,461,9.334006309509277
4,54,10,1365,9.320272445678711
4,55,1,1730,10.29670524597168
4,55,2,314,10.208141326904297
4,55,3,2090,10.150644302368164
4,55,4,1127,9.902691841125488
4,55,5,1528,9.847431182861328
4,55,6,599,9.605537414550781
4,55,7,1461,9.597846031188965
4,55,8,1428,9.500822067260742
4,55,9,461,9.430401802062988
4,55,10,2554,9.419628143310547
4,56,1,1730,9.32632827758789
4,56,2,6,8.898414611816406
4,56,3,1127,8.888506889343262
4,56,4,1428,8.883066177368164
4,56,5,1461,8.829630851745605
4,56,6,461,8.664552688598633
4,56,7,2090,8.522976875305176
4,56,8,1528,8.467123985290527
4,56,9,1600,8.392348289489746
4,56,10,2963,8.374722480773926
4,58,1,1730,9.220345497131348
4,58,2,6,8.83160400390625
4,58,3,1127,8.805585861206055
4,58,4,1428,8.784271240234375
4,58,5,1461,8.758211135864258
4,58,6,461,8.612624168395996
4,58,7,2090,8.448240280151367
4,58,8,1528,8.421331405639648
4,58,9,1415,8.361332893371582
4,58,10,599,8.194477081298828
4,60,1,1089,11.109113693237305
4,60,2,1415,10.501011848449707
4,60,3,1685,10.322128295898438
4,60,4,63,10.060441970825195
4,60,5,2914,9.935651779174805
4,60,6,746,9.919225692749023
4,60,7,1237,9.759620666503906
4,60,8,833,9.717622756958008
4,60,9,1438,9.713862419128418
4,60,10,1365,9.712203979492188
4,61,1,1089,10.54953670501709
4,61,2,1415,10.053352355957031
4,61,3,63,9.717179298400879
4,61,4,1528,9.65392017364502
4,61,5,1685,9.598790168762207
4,61,6,2090,9.588545799255371
4,61,7,314,9.468952178955078
4,61,8,555,9.457797050476074
4,61,9,2723,9.44787311553955
4,61,10,1237,9.414899826049805
4,62,1,346,10.437163352966309
4,62,2,1415,10.404481887817383
4,62,3,1237,9.821292877197266
4,62,4,2286,9.6669282913208
4,62,5,1757,9.580520629882812
4,62,6,1528,9.539470672607422
4,62,7,2090,9.368528366088867
4,62,8,555,9.263192176818848
4,62,9,833,9.149012565612793
4,62,10,1358,9.081159591674805
4,63,1,1415,10.440644264221191
4,63,2,1237,9.899538040161133
4,63,3,346,9.862552642822266
4,63,4,2286,9.661401748657227
4,63,5,1757,9.658653259277344
4,63,6,1388,9.348833084106445
4,63,7,1087,9.307038307189941
4,63,8,2940,9.259736061096191
4,63,9,546,9.052870750427246
4,63,10,557,9.042438507080078
4,64,1,2787,10.122766494750977
4,64,2,2677,9.967089653015137
4,64,3,1045,9.631730079650879
4,64,4,1513,8.86711311340332
4,64,5,2280,8.807828903198242
4,64,6,2098,8.749931335449219
4,64,7,2581,8.72110652923584
4,64,8,1516,8.709284782409668
4,64,9,655,8.605356216430664
4,64,10,121,8.577138900756836
4,65,1,1437,6.196922302246094
4,65,2,1362,6.178168773651123
4,65,3,1427,6.157418251037598
4,65,4,634,6.094043254852295
4,65,5,1466,5.918202877044678
4,65,6,2677,5.860868453979492
4,65,7,1342,5.8530378341674805
4,65,8,480,5.8392839431762695
4,65,9,553,5.83547306060791
4,65,10,2098,5.778631210327148
4,66,1,2787,12.30523681640625
4,66,2,2677,12.174293518066406
4,66,3,1045,12.002202033996582
4,66,4,2405,11.560568809509277
4,66,5,2098,11.373785018920898
4,66,6,1476,11.244356155395508
4,66,7,2931,11.147430419921875
4,66,8,1231,10.891571998596191
4,66,9,2157,10.845240592956543
4,66,10,1516,10.805654525756836
4,67,1,2787,8.205554962158203
4,67,2,2677,8.008687973022461
4,67,3,1516,7.963782787322998
4,67,4,308,7.960403919219971
4,67,5,2280,7.9545063972473145
4,67,6,121,7.847896575927734
4,67,7,795,7.792369842529297
4,67,8,2628,7.730860710144043
4,67,9,719,7.658351898193359
4,67,10,122,7.61424446105957
4,68,1,2787,9.072042465209961
4,68,2,2677,8.911773681640625
4,68,3,1045,8.678293228149414
4,68,4,480,8.639772415161133
4,68,5,1516,8.515754699707031
4,68,6,2405,8.478323936462402
4,68,7,121,8.32787799835205
4,68,8,2280,8.301790237426758
4,68,9,2098,8.233311653137207
4,68,10,2628,8.148824691772461
4,69,1,2098,10.748417854309082
4,69,2,2354,10.639116287231445
4,69,3,1231,10.60041618347168
4,69,4,2157,10.549057006835938
4,69,5,905,10.484931945800781
4,69,6,480,10.405834197998047
4,69,7,1516,10.40103530883789
4,69,8,575,10.373878479003906
4,69,9,1476,10.329889297485352
4,69,10,668,10.229270935058594
4,70,1,2787,10.288957595825195
4,70,2,2098,9.814565658569336
4,70,3,1427,9.295044898986816
4,70,4,2053,9.123891830444336
4,70,5,2161,9.100942611694336
4,70,6,480,8.978740692138672
4,70,7,2789,8.921194076538086
4,70,8,1710,8.919975280761719
4,70,9,2581,8.908320426940918
4,70,10,732,8.868370056152344
4,71,1,1669,9.221744537353516
4,71,2,1028,9.129507064819336
4,71,3,2098,9.0882568359375
4,71,4,2099,8.921045303344727
4,71,5,2789,8.895331382751465
4,71,6,2740,8.874164581298828
4,71,7,2053,8.828252792358398
4,71,8,1567,8.781558990478516
4,71,9,2195,8.746026992797852
4,71,10,2658,8.73709774017334
4,72,1,2090,9.594423294067383
4,72,2,1528,9.398910522460938
4,72,3,314,9.223636627197266
4,72,4,1428,9.044417381286621
4,72,5,2053,8.596365928649902
4,72,6,1279,8.575078964233398
4,72,7,2554,8.555826187133789
4,72,8,1415,8.503722190856934
4,72,9,890,8.487586975097656
4,72,10,1365,8.472657203674316
4,73,1,2090,10.904640197753906
4,73,2,1528,10.617008209228516
4,73,3,314,10.550167083740234
4,73,4,1461,10.28154468536377
4,73,5,99,10.211441040039062
4,73,6,1365,10.16516399383545
4,73,7,1279,10.09097671508789
4,73,8,645,9.923114776611328
4,73,9,1388,9.91242790222168
4,73,10,2554,9.895267486572266
4,74,1,2090,12.186285972595215
4,74,2,1818,12.057791709899902
4,74,3,1528,12.012813568115234
4,74,4,314,11.955368041992188
4,74,5,99,11.928472518920898
4,74,6,746,11.918522834777832
4,74,7,1365,11.728635787963867
4,74,8,2193,11.588665008544922
4,74,9,1417,11.567774772644043
4,74,10,1848,11.545919418334961
4,75,1,1730,10.925724029541016
4,75,2,2053,10.226215362548828
4,75,3,2090,10.10574722290039
4,75,4,1528,10.017969131469727
4,75,5,1428,10.015922546386719
4,75,6,890,9.87641716003418
4,75,7,1628,9.628236770629883
4,75,8,1567,9.60300064086914
4,75,9,2678,9.554960250854492
4,75,10,314,9.492597579956055
4,76,1,1045,10.579256057739258
4,76,2,1476,10.411148071289062
4,76,3,2931,10.28022575378418
4,76,4,1231,10.1632080078125
4,76,5,2405,10.129409790039062
4,76,6,1521,10.107606887817383
4,76,7,2677,10.038864135742188
4,76,8,2354,10.000164031982422
4,76,9,2157,9.984291076660156
4,76,10,2787,9.978208541870117
4,77,1,2098,11.564942359924316
4,77,2,1045,11.070878982543945
4,77,3,1521,11.06800651550293
4,77,4,1028,11.004707336425781
4,77,5,1516,10.938708305358887
4,77,6,453,10.768840789794922
4,77,7,121,10.733213424682617
4,77,8,2677,10.692991256713867
4,77,9,2787,10.643827438354492
4,77,10,2658,10.587846755981445
4,78,1,2283,9.620370864868164
4,78,2,1028,9.344743728637695
4,78,3,230,9.14544677734375
4,78,4,1516,8.886714935302734
4,78,5,2658,8.884461402893066
4,78,6,1427,8.88271713256836
4,78,7,121,8.875531196594238
4,78,8,3053,8.824671745300293
4,78,9,295,8.77668571472168
4,78,10,2628,8.770862579345703
4,80,1,1980,10.090412139892578
4,80,2,55,10.076810836791992
4,80,3,2283,10.01233196258545
4,80,4,220,9.96847152709961
4,80,5,1303,9.632596015930176
4,80,6,655,9.626588821411133
4,80,7,310,9.53519058227539
4,80,8,2253,9.487601280212402
4,80,9,1751,9.400959014892578
4,80,10,2787,9.302372932434082
4,81,1,2713,10.110990524291992
4,81,2,1817,10.025846481323242
4,81,3,1531,9.966947555541992
4,81,4,438,9.904312133789062
4,81,5,674,9.856151580810547
4,81,6,2896,9.771015167236328
4,81,7,1522,9.751763343811035
4,81,8,220,9.321982383728027
4,81,9,2933,9.281045913696289
4,81,10,2283,9.276847839355469
4,82,1,1531,8.941793441772461
4,82,2,1447,8.266633033752441
4,82,3,707,8.100421905517578
4,82,4,2144,8.076223373413086
4,82,5,1248,7.989550590515137
4,82,6,1612,7.985783100128174
4,82,7,235,7.9357194900512695
4,82,8,2256,7.913673400878906
4,82,9,766,7.731744289398193
4,82,10,674,7.5928053855896
4,83,1,220,11.168601036071777
4,83,2,2713,11.082952499389648
4,83,3,2283,10.82595157623291
4,83,4,1522,10.7882080078125
4,83,5,1531,10.439370155334473
4,83,6,1817,10.354125022888184
4,83,7,766,10.323196411132812
4,83,8,795,10.193916320800781
4,83,9,1303,10.169315338134766
4,83,10,2144,10.094172477722168
4,84,1,1531,8.638160705566406
4,84,2,1612,8.37548542022705
4,84,3,766,8.253210067749023
4,84,4,674,8.178873062133789
4,84,5,1817,8.171958923339844
4,84,6,494,8.033151626586914
4,84,7,438,8.026632308959961
4,84,8,1447,7.942218780517578
4,84,9,2448,7.8849053382873535
4,84,10,2713,7.884675979614258
4,85,1,310,11.595954895019531
4,85,2,1303,11.58962345123291
4,85,3,220,11.31598949432373
4,85,4,2135,11.151615142822266
4,85,5,264,11.100934028625488
4,85,6,518,11.025911331176758
4,85,7,3063,10.77574348449707
4,85,8,1293,10.735797882080078
4,85,9,2283,10.712743759155273
4,85,10,670,10.703258514404297
4,86,1,2405,11.892583847045898
4,86,2,1045,11.514988899230957
4,86,3,2280,11.499732971191406
4,86,4,121,11.430294036865234
4,86,5,2580,11.41118049621582
4,86,6,480,11.377410888671875
4,86,7,1516,11.267595291137695
4,86,8,2628,11.261259078979492
4,86,9,1476,11.243310928344727
4,86,10,2098,11.210474014282227
4,87,1,2789,11.40343952178955
4,87,2,2253,11.368084907531738
4,87,3,1028,11.356362342834473
4,87,4,2283,11.351737976074219
4,87,5,1669,11.261651992797852
4,87,6,2658,11.069868087768555
4,87,7,295,10.917787551879883
4,87,8,2740,10.802532196044922
4,87,9,1045,10.789094924926758
4,87,10,696,10.7520112991333
4,88,1,1669,9.414920806884766
4,88,2,1028,9.294751167297363
4,88,3,890,9.271946907043457
4,88,4,461,9.19631290435791
4,88,5,2053,9.129480361938477
4,88,6,599,9.123479843139648
4,88,7,1045,9.08448314666748
4,88,8,2099,9.048637390136719
4,88,9,2098,9.024053573608398
4,88,10,2740,8.99191665649414
4,89,1,508,8.594491958618164
4,89,2,1045,8.243244171142578
4,89,3,2098,8.2222900390625
4,89,4,1476,8.10866928100586
4,89,5,1028,8.068400382995605
4,89,6,2405,8.059367179870605
4,89,7,2931,8.048910140991211
4,89,8,1669,7.913376808166504
4,89,9,890,7.859471321105957
4,89,10,2408,7.802310943603516
4,90,1,1628,10.285228729248047
4,90,2,746,9.97610092163086
4,90,3,890,9.89402961730957
4,90,4,1365,9.830046653747559
4,90,5,461,9.785560607910156
4,90,6,2618,9.745973587036133
4,90,7,1730,9.69125747680664
4,90,8,2341,9.636836051940918
4,90,9,6,9.522546768188477
4,90,10,1461,9.51648998260498
4,91,1,278,8.320883750915527
4,91,2,1546,7.868438720703125
4,91,3,749,7.701818466186523
4,91,4,3084,7.624627590179443
4,91,5,1365,7.58002233505249
4,91,6,2211,7.577225685119629
4,91,7,2963,7.5150465965271
4,91,8,1034,7.503122806549072
4,91,9,1674,7.49648904800415
4,91,10,544,7.490965843200684
4,93,1,1311,9.798107147216797
4,93,2,749,9.122017860412598
4,93,3,1685,8.279181480407715
4,93,4,563,8.113015174865723
4,93,5,1161,8.09964370727539
4,93,6,63,8.006589889526367
4,93,7,541,7.982974052429199
4,93,8,495,7.9692182540893555
4,93,9,2324,7.952341556549072
4,93,10,1831,7.938551425933838
4,94,1,1685,9.71231460571289
4,94,2,63,9.378965377807617
4,94,3,1171,9.250388145446777
4,94,4,2322,9.227762222290039
4,94,5,2525,9.205296516418457
4,94,6,1265,9.083063125610352
4,94,7,666,9.080110549926758
4,94,8,597,8.859793663024902
4,94,9,58,8.452195167541504
4,94,10,1070,8.450517654418945
4,95,1,60,6.4620466232299805
4,95,2,72,6.2433271408081055
4,95,3,595,6.179740905761719
4,95,4,2525,6.135078430175781
4,95,5,1897,6.113791465759277
4,95,6,884,6.022256374359131
4,95,7,730,6.014203071594238
4,95,8,3084,6.010232448577881
4,95,9,2440,6.0032639503479
4,95,10,3043,5.969766139984131
4,97,1,2896,8.141683578491211
4,97,2,2719,7.885552883148193
4,97,3,235,7.468925476074219
4,97,4,1522,7.420274257659912
4,97,5,611,7.371450901031494
4,97,6,2073,7.356864929199219
4,97,7,674,7.2277913093566895
4,97,8,2552,7.173569679260254
4,97,9,1047,7.146125316619873
4,97,10,2933,6.865056037902832
4,98,1,2416,9.148079872131348
4,98,2,2896,9.08199691772461
4,98,3,193,8.779062271118164
4,98,4,40,8.647967338562012
4,98,5,1522,8.409099578857422
4,98,6,1235,8.346796035766602
4,98,7,2957,8.292999267578125
4,98,8,1525,8.257569313049316
4,98,9,257,8.235888481140137
4,98,10,1720,8.131202697753906
4,99,1,498,10.310670852661133
4,99,2,407,9.635878562927246
4,99,3,40,9.62948989868164
4,99,4,2074,9.316193580627441
4,99,5,193,9.299839973449707
4,99,6,1525,9.211219787597656
4,99,7,2502,9.071931838989258
4,99,8,271,9.068593978881836
4,99,9,1339,9.055208206176758
4,99,10,500,9.036421775817871
4,100,1,1645,10.187508583068848
4,100,2,193,10.060483932495117
4,100,3,2896,9.969225883483887
4,100,4,1522,9.950698852539062
4,100,5,1525,9.903146743774414
4,100,6,629,9.888593673706055
4,100,7,407,9.79908561706543
4,100,8,1720,9.759629249572754
4,100,9,500,9.733868598937988
4,100,10,1235,9.67631721496582
4,101,1,674,10.380264282226562
4,101,2,2713,10.226743698120117
4,101,3,2238,10.162569999694824
4,101,4,1645,10.15392017364502
4,101,5,629,9.951194763183594
4,101,6,2143,9.904329299926758
4,101,7,1531,9.821098327636719
4,101,8,692,9.792703628540039
4,101,9,2896,9.763283729553223
4,101,10,1044,9.565411567687988
4,102,1,1681,12.338044166564941
4,102,2,1248,12.087715148925781
4,102,3,2482,12.062232971191406
4,102,4,1447,11.888679504394531
4,102,5,2713,11.82516860961914
4,102,6,1531,11.801162719726562
4,102,7,2521,11.77395248413086
4,102,8,1812,11.165642738342285
4,102,9,2395,11.160421371459961
4,102,10,129,11.133269309997559
4,103,1,129,11.370830535888672
4,103,2,2713,11.243631362915039
4,103,3,2395,10.961301803588867
4,103,4,1645,10.769620895385742
4,103,5,1156,10.725983619689941
4,103,6,415,10.527210235595703
4,103,7,1681,10.409038543701172
4,103,8,1686,10.329427719116211
4,103,9,1267,10.324697494506836
4,103,10,1287,10.19975757598877
4,104,1,2713,9.098479270935059
4,104,2,1531,9.088102340698242
4,104,3,1248,9.007829666137695
4,104,4,2448,8.904973983764648
4,104,5,1447,8.886463165283203
4,104,6,1612,8.811943054199219
4,104,7,129,8.773978233337402
4,104,8,2482,8.735100746154785
4,104,9,2238,8.631509780883789
4,104,10,2521,8.620080947875977
4,105,1,1612,10.872842788696289
4,105,2,2448,10.73687744140625
4,105,3,1812,10.597521781921387
4,105,4,675,10.414756774902344
4,105,5,1248,10.394186019897461
4,105,6,2238,10.346107482910156
4,105,7,129,10.293859481811523
4,105,8,1809,10.195379257202148
4,105,9,598,10.133810997009277
4,105,10,1156,10.090490341186523
4,106,1,598,10.997936248779297
4,106,2,674,10.459152221679688
4,106,3,1645,10.283243179321289
4,106,4,1642,10.278100967407227
4,106,5,1612,10.151407241821289
4,106,6,1531,10.126646041870117
4,106,7,1569,10.114892959594727
4,106,8,2448,10.07208251953125
4,106,9,2951,10.044578552246094
4,106,10,25,10.002760887145996
4,108,1,534,11.186023712158203
4,108,2,1612,11.039915084838867
4,108,3,1531,10.892284393310547
4,108,4,1248,10.718510627746582
4,108,5,1681,10.709860801696777
4,108,6,1569,10.642583847045898
4,108,7,2482,10.541336059570312
4,108,8,1447,10.402093887329102
4,108,9,306,10.37826919555664
4,108,10,598,10.356069564819336
4,109,1,1569,10.762931823730469
4,109,2,598,10.614322662353516
4,109,3,306,10.554953575134277
4,109,4,2920,10.417457580566406
4,109,5,689,10.38638687133789
4,109,6,2285,10.194636344909668
4,109,7,2159,10.19281005859375
4,109,8,674,10.164483070373535
4,109,9,2432,10.067085266113281
4,109,10,2095,10.041173934936523
4,110,1,2391,10.269180297851562
4,110,2,2615,10.211212158203125
4,110,3,2704,10.158304214477539
4,110,4,1718,10.14772891998291
4,110,5,2210,10.104808807373047
4,110,6,30,10.099313735961914
4,110,7,833,10.047407150268555
4,110,8,1184,9.872806549072266
4,110,9,1048,9.76446533203125
4,110,10,2870,9.602447509765625
4,111,1,2273,10.07352066040039
4,111,2,953,10.059067726135254
4,111,3,1718,9.94125747680664
4,111,4,2615,9.680038452148438
4,111,5,2870,9.66756820678711
4,111,6,1184,9.527442932128906
4,111,7,1380,9.526763916015625
4,111,8,833,9.508615493774414
4,111,9,2391,9.48941421508789
4,111,10,1113,9.453218460083008
4,112,1,953,9.655649185180664
4,112,2,30,8.869865417480469
4,112,3,559,8.752572059631348
4,112,4,2391,8.565396308898926
4,112,5,2210,8.549407005310059
4,112,6,2615,8.396472930908203
4,112,7,2704,8.390209197998047
4,112,8,2952,8.306209564208984
4,112,9,1184,8.17119026184082
4,112,10,249,8.083529472351074
4,113,1,1380,9.263401985168457
4,113,2,249,9.217787742614746
4,113,3,2615,9.085920333862305
4,113,4,1184,9.056713104248047
4,113,5,1587,9.042320251464844
4,113,6,2704,8.961557388305664
4,113,7,2391,8.948305130004883
4,113,8,1635,8.881780624389648
4,113,9,2870,8.787300109863281
4,113,10,2705,8.780517578125
4,114,1,2291,10.874934196472168
4,114,2,2144,10.558673858642578
4,114,3,1531,10.494308471679688
4,114,4,2552,10.464672088623047
4,114,5,1374,10.460264205932617
4,114,6,2727,10.377498626708984
4,114,7,1078,10.215299606323242
4,114,8,2256,10.210718154907227
4,114,9,1201,9.891361236572266
4,114,10,235,9.850854873657227
4,115,1,2552,13.170129776000977
4,115,2,2285,13.034993171691895
4,115,3,14,12.88393497467041
4,115,4,2045,12.308977127075195
4,115,5,1201,12.029415130615234
4,115,6,424,11.86823844909668
4,115,7,2144,11.794635772705078
4,115,8,2377,11.600467681884766
4,115,9,1001,11.583518981933594
4,115,10,235,11.54040813446045
4,116,1,2552,13.89433479309082
4,116,2,2285,13.736345291137695
4,116,3,2045,12.896997451782227
4,116,4,1001,12.610026359558105
4,116,5,2377,12.600066184997559
4,116,6,424,12.513258934020996
4,116,7,1112,12.28724479675293
4,116,8,2444,12.263175964355469
4,116,9,1569,12.255370140075684
4,116,10,2144,12.235803604125977
4,117,1,2552,15.4490327835083
4,117,2,2144,14.276266098022461
4,117,3,1201,14.191274642944336
4,117,4,1078,14.00307846069336
4,117,5,2045,13.91977310180664
4,117,6,1112,13.900114059448242
4,117,7,2989,13.690792083740234
4,117,8,2344,13.5457763671875
4,117,9,424,13.542075157165527
4,117,10,235,13.439516067504883
4,118,1,2552,11.797098159790039
4,118,2,2848,11.247777938842773
4,118,3,14,10.903487205505371
4,118,4,2285,10.836732864379883
4,118,5,2291,10.735095977783203
4,118,6,1691,10.594529151916504
4,118,7,969,10.533342361450195
4,118,8,1531,10.211191177368164
4,118,9,674,10.054764747619629
4,118,10,2045,10.030522346496582
4,119,1,2848,10.725698471069336
4,119,2,1374,10.48641586303711
4,119,3,2291,10.301498413085938
4,119,4,14,10.301009178161621
4,119,5,2285,10.077936172485352
4,119,6,1691,10.063581466674805
4,119,7,364,9.752573013305664
4,119,8,208,9.718829154968262
4,119,9,1201,9.708927154541016
4,119,10,2258,9.69857406616211
4,120,1,2552,12.0084810256958
4,120,2,2291,11.405709266662598
4,120,3,2848,11.139139175415039
4,120,4,208,11.029966354370117
4,120,5,14,10.923208236694336
4,120,6,2258,10.8514986038208
4,120,7,2738,10.797882080078125
4,120,8,1374,10.748209953308105
4,120,9,601,10.714776992797852
4,120,10,1691,10.464200973510742
4,121,1,2848,8.700019836425781
4,121,2,1374,8.571374893188477
4,121,3,14,8.560277938842773
4,121,4,2291,8.34830093383789
4,121,5,1201,8.246119499206543
4,121,6,1691,8.212921142578125
4,121,7,2285,8.037494659423828
4,121,8,208,7.9987921714782715
4,121,9,2344,7.994269371032715
4,121,10,2258,7.822501182556152
4,122,1,1785,9.748717308044434
4,122,2,1683,9.503684043884277
4,122,3,1359,9.434157371520996
4,122,4,1341,9.111448287963867
4,122,5,510,8.981151580810547
4,122,6,1487,8.975211143493652
4,122,7,1839,8.952527046203613
4,122,8,2717,8.921961784362793
4,122,9,1197,8.914812088012695
4,122,10,2940,8.897621154785156
4,123,1,1785,10.365180015563965
4,123,2,1683,10.263572692871094
4,123,3,1839,10.000030517578125
4,123,4,2940,9.988061904907227
4,123,5,2717,9.978580474853516
4,123,6,510,9.970829963684082
4,123,7,421,9.874604225158691
4,123,8,1194,9.84026050567627
4,123,9,2937,9.828947067260742
4,123,10,1466,9.713662147521973
4,124,1,2940,9.697481155395508
4,124,2,2717,9.649945259094238
4,124,3,421,9.58305835723877
4,124,4,1359,9.431321144104004
4,124,5,1839,9.399492263793945
4,124,6,1466,9.197426795959473
4,124,7,510,9.195137977600098
4,124,8,1341,9.12846565246582
4,124,9,1487,9.053711891174316
4,124,10,2447,9.044929504394531
4,125,1,2717,9.950032234191895
4,125,2,2940,9.94605827331543
4,125,3,1839,9.938161849975586
4,125,4,421,9.836947441101074
4,125,5,1197,9.802165031433105
4,125,6,98,9.56512451171875
4,125,7,1872,9.539151191711426
4,125,8,1785,9.49157428741455
4,125,9,38,9.480620384216309
4,125,10,1359,9.42198657989502
4,127,1,1785,9.11191463470459
4,127,2,2937,8.851999282836914
4,127,3,1466,8.53034782409668
4,127,4,177,8.428424835205078
4,127,5,2319,8.309342384338379
4,127,6,510,8.302163124084473
4,127,7,1982,8.253890037536621
4,127,8,38,8.114150047302246
4,127,9,2780,8.04804515838623
4,127,10,2407,8.03866958618164
4,129,1,2937,9.485163688659668
4,129,2,2319,9.180931091308594
4,129,3,510,8.752519607543945
4,129,4,1982,8.698273658752441
4,129,5,38,8.646599769592285
4,129,6,1197,8.56299877166748
4,129,7,1466,8.544767379760742
4,129,8,414,8.543513298034668
4,129,9,2780,8.518194198608398
4,129,10,1487,8.494425773620605
4,131,1,2940,11.736021041870117
4,131,2,2717,11.672988891601562
4,131,3,421,11.54357624053955
4,131,4,546,11.531838417053223
4,131,5,681,11.331506729125977
4,131,6,184,11.11143684387207
4,131,7,1872,11.015323638916016
4,131,8,1087,11.007734298706055
4,131,9,560,10.960890769958496
4,131,10,2736,10.936844825744629
4,132,1,1717,9.734865188598633
4,132,2,560,9.585175514221191
4,132,3,184,9.334942817687988
4,132,4,98,9.252076148986816
4,132,5,476,9.134092330932617
4,132,6,1721,9.045672416687012
4,132,7,546,9.022333145141602
4,132,8,1424,8.82699966430664
4,132,9,1087,8.738605499267578
4,132,10,2940,8.71857738494873
4,133,1,1717,9.734865188598633
4,133,2,560,9.585175514221191
4,133,3,184,9.334942817687988
4,133,4,98,9.252076148986816
4,133,5,476,9.134092330932617
4,133,6,1721,9.045672416687012
4,133,7,546,9.022333145141602
4,133,8,1424,8.82699966430664
4,133,9,1087,8.738605499267578
4,133,10,2940,8.71857738494873
4,134,1,1717,9.734865188598633
4,134,2,560,9.585175514221191
4,134,3,184,9.334942817687988
4,134,4,98,9.252076148986816
4,134,5,476,9.134092330932617
4,134,6,1721,9.045672416687012
4,134,7,546,9.022333145141602
4,134,8,1424,8.82699966430664
4,134,9,1087,8.738605499267578
4,134,10,2940,8.71857738494873
4,135,1,1717,9.734865188598633
4,135,2,560,9.585175514221191
4,135,3,184,9.334942817687988
4,135,4,98,9.252076148986816
4,135,5,476,9.134092330932617
4,135,6,1721,9.045672416687012
4,135,7,546,9.022333145141602
4,135,8,1424,8.82699966430664
4,135,9,1087,8.738605499267578
4,135,10,2940,8.71857738494873
4,136,1,2940,9.730823516845703
4,136,2,2717,9.703041076660156
4,136,3,421,9.617776870727539
4,136,4,546,9.584988594055176
4,136,5,1839,9.5533447265625
4,136,6,681,9.477636337280273
4,136,7,1087,9.2754545211792
4,136,8,98,9.27487564086914
4,136,9,2736,9.203558921813965
4,136,10,184,9.200716018676758
4,137,1,2319,12.97201156616211
4,137,2,1336,12.849905014038086
4,137,3,1794,12.725468635559082
4,137,4,177,12.63037395477295
4,137,5,1785,12.506978988647461
4,137,6,2937,12.493998527526855
4,137,7,3061,12.362719535827637
4,137,8,1359,12.336350440979004
4,137,9,1101,12.066272735595703
4,137,10,510,12.05887508392334
4,138,1,1816,11.119134902954102
4,138,2,1839,10.98755168914795
4,138,3,681,10.89038372039795
4,138,4,1872,10.883946418762207
4,138,5,2717,10.767162322998047
4,138,6,2940,10.723808288574219
4,138,7,421,10.608863830566406
4,138,8,1881,10.493099212646484
4,138,9,3047,10.453531265258789
4,138,10,2736,10.384313583374023
4,139,1,510,11.160696983337402
4,139,2,1872,10.96766471862793
4,139,3,1794,10.956968307495117
4,139,4,2319,10.947859764099121
4,139,5,1336,10.931469917297363
4,139,6,414,10.889301300048828
4,139,7,2780,10.877163887023926
4,139,8,1359,10.825203895568848
4,139,9,681,10.817059516906738
4,139,10,2717,10.791468620300293
4,140,1,414,10.14395523071289
4,140,2,2717,10.004671096801758
4,140,3,2940,9.984128952026367
4,140,4,421,9.882444381713867
4,140,5,1785,9.811214447021484
4,140,6,1359,9.804699897766113
4,140,7,681,9.790050506591797
4,140,8,1816,9.761388778686523
4,140,9,546,9.734042167663574
4,140,10,2780,9.719155311584473
4,141,1,2940,10.056648254394531
4,141,2,2717,9.989660263061523
4,141,3,546,9.907597541809082
4,141,4,421,9.868183135986328
4,141,5,1839,9.6514253616333
4,141,6,560,9.548612594604492
4,141,7,184,9.533550262451172
4,141,8,681,9.52174186706543
4,141,9,1717,9.475812911987305
4,141,10,1087,9.427679061889648
4,142,1,2940,10.14578628540039
4,142,2,2717,10.114011764526367
4,142,3,546,10.097034454345703
4,142,4,421,10.006294250488281
4,142,5,1839,9.792037963867188
4,142,6,1087,9.710904121398926
4,142,7,184,9.68514633178711
4,142,8,560,9.554702758789062
4,142,9,1717,9.532140731811523
4,142,10,2736,9.43288803100586
4,143,1,184,9.562051773071289
4,143,2,546,9.492391586303711
4,143,3,98,9.391376495361328
4,143,4,2940,9.370298385620117
4,143,5,1717,9.356637001037598
4,143,6,2717,9.317660331726074
4,143,7,421,9.238912582397461
4,143,8,1087,9.165664672851562
4,143,9,560,9.098419189453125
4,143,10,1839,8.966218948364258
4,144,1,546,9.713041305541992
4,144,2,1839,9.613691329956055
4,144,3,184,9.546958923339844
4,144,4,681,9.484877586364746
4,144,5,1087,9.450996398925781
4,144,6,98,9.423589706420898
4,144,7,1717,9.339439392089844
4,144,8,557,9.327699661254883
4,144,9,560,9.290048599243164
4,144,10,2288,9.188098907470703
4,145,1,2940,12.182750701904297
4,145,2,1839,11.548105239868164
4,145,3,546,11.538338661193848
4,145,4,98,11.212912559509277
4,145,5,1087,11.10258674621582
4,145,6,557,10.97174072265625
4,145,7,184,10.937688827514648
4,145,8,681,10.870858192443848
4,145,9,560,10.832799911499023
4,145,10,2736,10.769682884216309
4,146,1,184,12.121450424194336
4,146,2,546,11.968273162841797
4,146,3,557,11.881847381591797
4,146,4,1839,11.786165237426758
4,146,5,560,11.75571060180664
4,146,6,1087,11.686443328857422
4,146,7,1717,11.587908744812012
4,146,8,98,11.542745590209961
4,146,9,1424,11.031537055969238
4,146,10,681,10.925193786621094
4,147,1,1839,10.800918579101562
4,147,2,546,10.595316886901855
4,147,3,98,10.326738357543945
4,147,4,557,10.295892715454102
4,147,5,681,10.291634559631348
4,147,6,1087,10.272283554077148
4,147,7,2736,10.21700382232666
4,147,8,2288,10.161954879760742
4,147,9,1872,10.10606861114502
4,147,10,510,9.96483325958252
4,148,1,546,13.431346893310547
4,148,2,2940,13.289265632629395
4,148,3,2717,13.16917896270752
4,148,4,98,13.062811851501465
4,148,5,421,13.056219100952148
4,148,6,681,12.980318069458008
4,148,7,1087,12.694025039672852
4,148,8,560,12.64824390411377
4,148,9,2736,12.607854843139648
4,148,10,1839,12.43819522857666
4,149,1,546,11.80129623413086
4,149,2,2940,11.738542556762695
4,149,3,2717,11.6204833984375
4,149,4,421,11.530948638916016
4,149,5,1087,11.286232948303223
4,149,6,98,11.25872802734375
4,149,7,1839,10.956517219543457
4,149,8,2447,10.674616813659668
4,149,9,476,10.650705337524414
4,149,10,2736,10.615646362304688
4,150,1,2940,14.578198432922363
4,150,2,546,14.577014923095703
4,150,3,98,14.482521057128906
4,150,4,2717,14.42697525024414
4,150,5,681,14.387672424316406
4,150,6,421,14.260091781616211
4,150,7,184,14.207478523254395
4,150,8,2736,13.878192901611328
4,150,9,476,13.863442420959473
4,150,10,1839,13.858264923095703
4,151,1,681,12.346701622009277
4,151,2,546,12.203186988830566
4,151,3,2940,12.202848434448242
4,151,4,2717,12.175996780395508
4,151,5,421,12.057744979858398
4,151,6,2736,12.047998428344727
4,151,7,1839,11.81878662109375
4,151,8,1872,11.781489372253418
4,151,9,98,11.68971061706543
4,151,10,184,11.658804893493652
4,153,1,681,12.844612121582031
4,153,2,1839,12.781699180603027
4,153,3,546,12.730376243591309
4,153,4,2940,12.696730613708496
4,153,5,2717,12.68181037902832
4,153,6,2621,12.60873031616211
4,153,7,2736,12.58781623840332
4,153,8,1872,12.568824768066406
4,153,9,1197,12.552547454833984
4,153,10,421,12.532999992370605
4,154,1,681,11.707191467285156
4,154,2,1839,11.519078254699707
4,154,3,546,11.513738632202148
4,154,4,2621,11.49040412902832
4,154,5,2736,11.436424255371094
4,154,6,1872,11.413467407226562
4,154,7,2940,11.396800994873047
4,154,8,2717,11.3914213180542
4,154,9,421,11.257895469665527
4,154,10,1197,11.236348152160645
4,155,1,652,11.53640365600586
4,155,2,556,11.512336730957031
4,155,3,2940,11.505533218383789
4,155,4,1391,11.478621482849121
4,155,5,2621,11.465105056762695
4,155,6,2630,11.448142051696777
4,155,7,546,11.418449401855469
4,155,8,2717,11.406654357910156
4,155,9,2736,11.382501602172852
4,155,10,421,11.261716842651367
4,156,1,652,11.53640365600586
4,156,2,556,11.512336730957031
4,156,3,2940,11.505533218383789
4,156,4,1391,11.478621482849121
4,156,5,2621,11.465105056762695
4,156,6,2630,11.448142051696777
4,156,7,546,11.418449401855469
4,156,8,2717,11.406654357910156
4,156,9,2736,11.382501602172852
4,156,10,421,11.261716842651367
4,157,1,652,11.53640365600586
4,157,2,556,11.512336730957031
4,157,3,2940,11.505533218383789
4,157,4,1391,11.478621482849121
4,157,5,2621,11.465105056762695
4,157,6,2630,11.448142051696777
4,157,7,546,11.418449401855469
4,157,8,2717,11.406654357910156
4,157,9,2736,11.382501602172852
4,157,10,421,11.261716842651367
4,159,1,556,11.41059684753418
4,159,2,2621,10.857677459716797
4,159,3,2156,10.522746086120605
4,159,4,2104,10.269588470458984
4,159,5,2194,10.239208221435547
4,159,6,2558,10.218621253967285
4,159,7,1487,10.198643684387207
4,159,8,1644,10.157661437988281
4,159,9,2082,10.108697891235352
4,159,10,2599,10.030673027038574
4,160,1,2940,11.867194175720215
4,160,2,2717,11.753294944763184
4,160,3,421,11.605281829833984
4,160,4,1839,11.478846549987793
4,160,5,2621,11.395283699035645
4,160,6,556,11.269298553466797
4,160,7,546,11.191180229187012
4,160,8,1487,11.030815124511719
4,160,9,98,10.935447692871094
4,160,10,2412,10.7978515625
4,161,1,556,10.528221130371094
4,161,2,2621,10.519266128540039
4,161,3,1315,10.375935554504395
4,161,4,2412,10.370916366577148
4,161,5,2940,10.343040466308594
4,161,6,1487,10.321476936340332
4,161,7,2717,10.267067909240723
4,161,8,1839,10.164079666137695
4,161,9,546,10.15422534942627
4,161,10,421,10.142925262451172
4,162,1,1250,10.614119529724121
4,162,2,1237,9.31129264831543
4,162,3,1415,9.24269962310791
4,162,4,1528,9.15700912475586
4,162,5,2053,9.093761444091797
4,162,6,1100,8.963302612304688
4,162,7,1344,8.830984115600586
4,162,8,2702,8.755620956420898
4,162,9,555,8.70373821258545
4,162,10,2090,8.6810302734375
4,163,1,1250,9.604743003845215
4,163,2,1415,8.672090530395508
4,163,3,1237,8.590607643127441
4,163,4,1100,8.484407424926758
4,163,5,1528,8.422657012939453
4,163,6,1358,8.392167091369629
4,163,7,1757,8.266216278076172
4,163,8,1730,8.255827903747559
4,163,9,2053,8.204849243164062
4,163,10,1927,8.122123718261719
4,164,1,1528,9.6616792678833
4,164,2,2090,9.399425506591797
4,164,3,1730,9.339712142944336
4,164,4,1127,9.12529468536377
4,164,5,1237,9.07723617553711
4,164,6,1415,9.06236743927002
4,164,7,2554,9.039209365844727
4,164,8,1461,9.013362884521484
4,164,9,325,8.806146621704102
4,164,10,599,8.794438362121582
4,165,1,1415,9.687599182128906
4,165,2,1528,9.466580390930176
4,165,3,1237,9.447583198547363
4,165,4,1250,9.3089017868042
4,165,5,325,9.205965042114258
4,165,6,2090,9.192691802978516
4,165,7,2554,9.170663833618164
4,165,8,555,9.081815719604492
4,165,9,1757,8.943292617797852
4,165,10,2967,8.834298133850098
4,166,1,1528,8.35031509399414
4,166,2,99,8.242549896240234
4,166,3,2090,8.025796890258789
4,166,4,1344,7.9878387451171875
4,166,5,555,7.980340003967285
4,166,6,1089,7.897544860839844
4,166,7,1730,7.611352920532227
4,166,8,2967,7.5541768074035645
4,166,9,325,7.532466888427734
4,166,10,2554,7.523312091827393
4,167,1,2053,7.958009243011475
4,167,2,551,7.741053104400635
4,167,3,2502,7.689385414123535
4,167,4,400,7.638753890991211
4,167,5,2099,7.594076156616211
4,167,6,2286,7.576611518859863
4,167,7,1567,7.4854841232299805
4,167,8,1620,7.260583877563477
4,167,9,2090,7.1941609382629395
4,167,10,1528,7.164861679077148
4,168,1,1250,10.158466339111328
4,168,2,2053,9.098075866699219
4,168,3,1202,8.831156730651855
4,168,4,2702,8.574541091918945
4,168,5,1528,8.392354965209961
4,168,6,1567,8.27550220489502
4,168,7,551,8.254140853881836
4,168,8,32,8.214344024658203
4,168,9,2090,7.921112060546875
4,168,10,400,7.891481876373291
4,169,1,1250,9.381492614746094
4,169,2,2053,8.308731079101562
4,169,3,2286,7.913146495819092
4,169,4,32,7.522907257080078
4,169,5,1528,7.445469856262207
4,169,6,551,7.423327445983887
4,169,7,2702,7.422718048095703
4,169,8,3041,7.381605625152588
4,169,9,1567,7.239715576171875
4,169,10,1730,7.064820289611816
4,170,1,1250,9.734844207763672
4,170,2,2053,8.428426742553711
4,170,3,1567,7.951066970825195
4,170,4,1528,7.938176155090332
4,170,5,551,7.873033046722412
4,170,6,32,7.848998546600342
4,170,7,2702,7.65216064453125
4,170,8,1730,7.631375789642334
4,170,9,2090,7.556750297546387
4,170,10,1127,7.424938201904297
4,171,1,2073,5.836411952972412
4,171,2,2933,5.819854736328125
4,171,3,674,5.74642276763916
4,171,4,2695,5.428597450256348
4,171,5,1317,5.344325065612793
4,171,6,2195,5.34063720703125
4,171,7,1236,5.304919242858887
4,171,8,2502,5.302674293518066
4,171,9,1531,5.29465389251709
4,171,10,2896,5.260483741760254
4,172,1,1818,7.56704044342041
4,172,2,248,7.0612874031066895
4,172,3,2894,7.056130886077881
4,172,4,1848,7.0454277992248535
4,172,5,2,6.987077236175537
4,172,6,1628,6.9041748046875
4,172,7,1308,6.846637725830078
4,172,8,667,6.817915916442871
4,172,9,1407,6.802010536193848
4,172,10,512,6.612016677856445
4,173,1,890,8.223203659057617
4,173,2,2206,8.206974029541016
4,173,3,645,8.074687004089355
4,173,4,1628,8.017159461975098
4,173,5,599,8.00721549987793
4,173,6,1328,7.9674973487854
4,173,7,656,7.9661149978637695
4,173,8,551,7.92094612121582
4,173,9,461,7.860790252685547
4,173,10,1091,7.854230880737305
4,174,1,1531,9.100685119628906
4,174,2,1447,8.676223754882812
4,174,3,2256,8.457560539245605
4,174,4,1317,8.439512252807617
4,174,5,707,8.403209686279297
4,174,6,2745,8.241813659667969
4,174,7,2073,8.167929649353027
4,174,8,2933,8.009326934814453
4,174,9,612,7.977354049682617
4,174,10,327,7.87526798248291
4,175,1,674,7.84547233581543
4,175,2,1531,7.808534622192383
4,175,3,598,7.743350982666016
4,175,4,1413,7.674467086791992
4,175,5,2238,7.571512699127197
4,175,6,2576,7.528103828430176
4,175,7,692,7.467743396759033
4,175,8,2118,7.399174690246582
4,175,9,306,7.355704307556152
4,175,10,1447,7.341851234436035
4,176,1,1612,12.477922439575195
4,176,2,534,12.291048049926758
4,176,3,1531,12.022703170776367
4,176,4,2448,11.978009223937988
4,176,5,1248,11.594987869262695
4,176,6,1681,11.417562484741211
4,176,7,1447,11.413911819458008
4,176,8,2238,11.216194152832031
4,176,9,598,11.139555931091309
4,176,10,2482,11.130277633666992
4,177,1,1531,13.420236587524414
4,177,2,2713,12.787646293640137
4,177,3,1447,12.580605506896973
4,177,4,1248,12.287549018859863
4,177,5,707,12.106683731079102
4,177,6,1612,12.011497497558594
4,177,7,2238,11.972785949707031
4,177,8,598,11.972207069396973
4,177,9,2448,11.885075569152832
4,177,10,1645,11.853557586669922
4,178,1,1612,11.236259460449219
4,178,2,2238,11.125383377075195
4,178,3,692,11.066877365112305
4,178,4,598,11.051230430603027
4,178,5,1531,10.926253318786621
4,178,6,2448,10.859964370727539
4,178,7,534,10.624137878417969
4,178,8,306,10.618690490722656
4,178,9,2095,10.581459045410156
4,178,10,1413,10.517772674560547
4,179,1,1645,12.369661331176758
4,179,2,3015,12.18559455871582
4,179,3,415,12.174768447875977
4,179,4,1287,12.157428741455078
4,179,5,2448,11.796380996704102
4,179,6,534,11.77191162109375
4,179,7,2238,11.663312911987305
4,179,8,1720,11.612598419189453
4,179,9,2095,11.578371047973633
4,179,10,2159,11.465862274169922
4,180,1,2713,13.026679992675781
4,180,2,1645,12.76774787902832
4,180,3,3015,12.647162437438965
4,180,4,2448,12.28594970703125
4,180,5,534,12.199502944946289
4,180,6,1720,11.948629379272461
4,180,7,1525,11.727910995483398
4,180,8,2238,11.630311965942383
4,180,9,500,11.57387924194336
4,180,10,1882,11.554468154907227
4,181,1,1720,13.050056457519531
4,181,2,129,12.87447452545166
4,181,3,1525,12.868653297424316
4,181,4,193,12.761981964111328
4,181,5,500,12.606894493103027
4,181,6,1235,12.60391902923584
4,181,7,2713,12.464569091796875
4,181,8,1882,12.036236763000488
4,181,9,2238,11.996166229248047
4,181,10,2897,11.892696380615234
4,182,1,3015,13.590912818908691
4,182,2,1287,13.444467544555664
4,182,3,1525,12.99770736694336
4,182,4,629,12.98331356048584
4,182,5,193,12.964056015014648
4,182,6,1235,12.810441970825195
4,182,7,1882,12.77780532836914
4,182,8,500,12.719969749450684
4,182,9,2897,12.447540283203125
4,182,10,1295,12.430428504943848
4,183,1,193,14.688533782958984
4,183,2,2134,13.572712898254395
4,183,3,1339,13.443263053894043
4,183,4,1645,13.440068244934082
4,183,5,629,13.231332778930664
4,183,6,415,13.153213500976562
4,183,7,1686,13.033842086791992
4,183,8,498,13.031612396240234
4,183,9,1287,13.019475936889648
4,183,10,2957,12.923250198364258
4,184,1,2897,13.133975982666016
4,184,2,1645,12.004049301147461
4,184,3,500,11.992202758789062
4,184,4,2957,11.608269691467285
4,184,5,629,11.482072830200195
4,184,6,2134,11.438478469848633
4,184,7,40,11.433387756347656
4,184,8,415,11.384119033813477
4,184,9,1686,11.360769271850586
4,184,10,1287,11.314817428588867
4,185,1,3015,13.809663772583008
4,185,2,500,12.211841583251953
4,185,3,1429,12.207514762878418
4,185,4,1295,12.144784927368164
4,185,5,1645,11.95020866394043
4,185,6,2957,11.839000701904297
4,185,7,40,11.634156227111816
4,185,8,629,11.620330810546875
4,185,9,415,11.432291984558105
4,185,10,1686,11.42767333984375
4,186,1,3015,15.053705215454102
4,186,2,1720,14.244048118591309
4,186,3,1645,13.583295822143555
4,186,4,2896,13.118009567260742
4,186,5,629,12.760261535644531
4,186,6,2713,12.703441619873047
4,186,7,415,12.690084457397461
4,186,8,40,12.646668434143066
4,186,9,2134,12.634742736816406
4,186,10,2957,12.569933891296387
4,187,1,1882,11.638195991516113
4,187,2,3015,11.06215763092041
4,187,3,193,11.034887313842773
4,187,4,498,10.99660587310791
4,187,5,2896,10.951099395751953
4,187,6,1295,10.892631530761719
4,187,7,1522,10.684261322021484
4,187,8,611,10.680973052978516
4,187,9,1525,10.665157318115234
4,187,10,407,10.595491409301758
4,188,1,3015,10.794778823852539
4,188,2,1882,10.769733428955078
4,188,3,1295,10.412209510803223
4,188,4,2897,9.798445701599121
4,188,5,193,9.46973705291748
4,188,6,1838,9.438199996948242
4,188,7,2713,9.436349868774414
4,188,8,857,9.435225486755371
4,188,9,1525,9.431304931640625
4,188,10,407,9.343015670776367
4,190,1,193,10.77634048461914
4,190,2,498,10.74923324584961
4,190,3,3015,10.607869148254395
4,190,4,1339,10.568087577819824
4,190,5,1235,10.528440475463867
4,190,6,1882,10.493176460266113
4,190,7,611,10.400505065917969
4,190,8,1525,10.380664825439453
4,190,9,1720,10.289470672607422
4,190,10,3054,10.195158004760742
4,191,1,2590,13.779611587524414
4,191,2,194,13.394060134887695
4,191,3,2743,13.313852310180664
4,191,4,2093,13.211723327636719
4,191,5,8,13.150279998779297
4,191,6,2769,13.13180923461914
4,191,7,787,12.92061996459961
4,191,8,44,12.907875061035156
4,191,9,273,12.880815505981445
4,191,10,1716,12.819089889526367
4,192,1,289,14.570969581604004
4,192,2,2590,14.246971130371094
4,192,3,2743,13.992134094238281
4,192,4,8,13.898100852966309
4,192,5,2769,13.693979263305664
4,192,6,1858,13.663772583007812
4,192,7,2093,13.653064727783203
4,192,8,194,13.61905574798584
4,192,9,2975,13.544336318969727
4,192,10,787,13.544086456298828
4,194,1,2590,11.68217658996582
4,194,2,2093,11.509725570678711
4,194,3,194,11.436416625976562
4,194,4,2743,11.436172485351562
4,194,5,8,11.309640884399414
4,194,6,273,11.184178352355957
4,194,7,2769,11.164709091186523
4,194,8,44,11.155973434448242
4,194,9,1716,11.097698211669922
4,194,10,787,11.074951171875
4,195,1,1730,7.542321681976318
4,195,2,599,7.385382175445557
4,195,3,2053,7.373873710632324
4,195,4,1127,7.3732805252075195
4,195,5,1461,7.3097991943359375
4,195,6,1528,7.085880279541016
4,195,7,2090,7.040307998657227
4,195,8,1045,7.033504486083984
4,195,9,1428,6.949893951416016
4,195,10,32,6.884266376495361
4,196,1,2053,7.113546371459961
4,196,2,599,6.975261688232422
4,196,3,1446,6.946832656860352
4,196,4,1045,6.868747234344482
4,196,5,1730,6.80507755279541
4,196,6,1127,6.718491554260254
4,196,7,1461,6.7126264572143555
4,196,8,1028,6.643138885498047
4,196,9,1528,6.550259590148926
4,196,10,2789,6.527997970581055
4,197,1,599,12.415022850036621
4,197,2,461,12.292778968811035
4,197,3,1669,12.12247371673584
4,197,4,1461,12.068693161010742
4,197,5,1127,11.895135879516602
4,197,6,1730,11.83495044708252
4,197,7,2053,11.470419883728027
4,197,8,3042,11.233059883117676
4,197,9,1747,11.134693145751953
4,197,10,2740,11.112102508544922
4,198,1,599,9.284425735473633
4,198,2,1730,9.275911331176758
4,198,3,1127,9.142070770263672
4,198,4,461,9.104926109313965
4,198,5,2053,9.071418762207031
4,198,6,2090,9.041305541992188
4,198,7,1461,9.029333114624023
4,198,8,1528,8.898215293884277
4,198,9,1045,8.772869110107422
4,198,10,1428,8.637248992919922
4,199,1,121,11.084787368774414
4,199,2,1516,11.074055671691895
4,199,3,2098,11.024175643920898
4,199,4,2628,10.997621536254883
4,199,5,1045,10.936233520507812
4,199,6,2789,10.813785552978516
4,199,7,2677,10.791728019714355
4,199,8,192,10.757417678833008
4,199,9,2787,10.749370574951172
4,199,10,508,10.71545124053955
4,200,1,1028,10.916186332702637
4,200,2,2098,10.751993179321289
4,200,3,1516,10.707901000976562
4,200,4,1521,10.549920082092285
4,200,5,508,10.541553497314453
4,200,6,192,10.498268127441406
4,200,7,121,10.490954399108887
4,200,8,2628,10.427509307861328
4,200,9,3053,10.340250015258789
4,200,10,2789,10.316041946411133
4,201,1,1817,10.968084335327148
4,201,2,508,10.310663223266602
4,201,3,1516,10.296278953552246
4,201,4,121,10.295846939086914
4,201,5,2628,10.233305931091309
4,201,6,2789,10.166728973388672
4,201,7,2098,10.156160354614258
4,201,8,3053,10.13433837890625
4,201,9,1669,10.130413055419922
4,201,10,438,10.110054016113281
4,202,1,1303,10.610137939453125
4,202,2,3032,10.52927303314209
4,202,3,438,10.361709594726562
4,202,4,1254,10.286080360412598
4,202,5,2114,10.177080154418945
4,202,6,2135,10.124812126159668
4,202,7,795,10.117705345153809
4,202,8,1028,9.877488136291504
4,202,9,1335,9.75888442993164
4,202,10,2323,9.729534149169922
4,204,1,1442,9.222273826599121
4,204,2,2754,9.069249153137207
4,204,3,1446,8.768491744995117
4,204,4,2793,8.766809463500977
4,204,5,1461,8.679244995117188
4,204,6,599,8.561897277832031
4,204,7,1127,8.561002731323242
4,204,8,2799,8.535295486450195
4,204,9,1730,8.520607948303223
4,204,10,2894,8.454174041748047
4,205,1,538,11.230396270751953
4,205,2,2609,10.92778205871582
4,205,3,2721,10.858428001403809
4,205,4,2272,10.825394630432129
4,205,5,535,10.729458808898926
4,205,6,594,10.66762638092041
4,205,7,566,10.408782005310059
4,205,8,1517,10.393842697143555
4,205,9,1409,10.247528076171875
4,205,10,2923,10.109771728515625
4,206,1,1749,15.489433288574219
4,206,2,2035,15.161126136779785
4,206,3,2272,14.907222747802734
4,206,4,876,14.901557922363281
4,206,5,1517,14.764899253845215
4,206,6,2609,14.686784744262695
4,206,7,884,14.46697998046875
4,206,8,293,14.356328010559082
4,206,9,566,14.060285568237305
4,206,10,2322,13.955598831176758
4,207,1,1442,12.16114616394043
4,207,2,579,12.112283706665039
4,207,3,2609,12.068388938903809
4,207,4,2851,12.022226333618164
4,207,5,2486,11.859090805053711
4,207,6,2272,11.849411010742188
4,207,7,2645,11.844827651977539
4,207,8,2761,11.743457794189453
4,207,9,2986,11.738140106201172
4,207,10,2793,11.70515251159668
4,208,1,2228,11.620572090148926
4,208,2,2609,10.854727745056152
4,208,3,2272,10.820596694946289
4,208,4,1190,10.77607536315918
4,208,5,566,10.4384126663208
4,208,6,1749,10.420591354370117
4,208,7,1517,10.394545555114746
4,208,8,2035,10.177212715148926
4,208,9,538,10.057886123657227
4,208,10,2721,10.018441200256348
4,209,1,974,11.481452941894531
4,209,2,2851,11.205028533935547
4,209,3,1542,11.077995300292969
4,209,4,579,11.026834487915039
4,209,5,2761,10.997443199157715
4,209,6,910,10.989398956298828
4,209,7,2645,10.981245040893555
4,209,8,2486,10.980875015258789
4,209,9,1,10.800458908081055
4,209,10,2871,10.727605819702148
4,210,1,2272,7.4373064041137695
4,210,2,2609,7.2935333251953125
4,210,3,884,7.077536106109619
4,210,4,1517,6.980724334716797
4,210,5,293,6.967401504516602
4,210,6,566,6.962874412536621
4,210,7,1749,6.8557891845703125
4,210,8,2365,6.804008960723877
4,210,9,2725,6.777106761932373
4,210,10,2035,6.687519073486328
4,211,1,974,9.342582702636719
4,211,2,2986,9.208196640014648
4,211,3,579,9.113462448120117
4,211,4,910,9.034123420715332
4,211,5,2486,8.880702018737793
4,211,6,2645,8.863547325134277
4,211,7,2851,8.456038475036621
4,211,8,5,8.413544654846191
4,211,9,1215,8.385387420654297
4,211,10,1542,8.263167381286621
4,212,1,1749,10.147747993469238
4,212,2,2035,10.023809432983398
4,212,3,876,9.934616088867188
4,212,4,1685,9.805309295654297
4,212,5,2525,9.669604301452637
4,212,6,2228,8.982181549072266
4,212,7,884,8.706701278686523
4,212,8,357,8.587434768676758
4,212,9,1517,8.560386657714844
4,212,10,666,8.520940780639648
4,213,1,2684,7.774873733520508
4,213,2,1206,7.6734209060668945
4,213,3,1513,7.669740200042725
4,213,4,1669,7.5939226150512695
4,213,5,633,7.558824062347412
4,213,6,595,7.5064167976379395
4,213,7,2302,7.481921195983887
4,213,8,1153,7.389714241027832
4,213,9,1369,7.3487958908081055
4,213,10,1198,7.3420586585998535
4,214,1,579,12.566326141357422
4,214,2,910,12.39897346496582
4,214,3,2486,12.26091480255127
4,214,4,2645,12.235673904418945
4,214,5,2851,11.517263412475586
4,214,6,2761,11.200933456420898
4,214,7,1542,11.122654914855957
4,214,8,2757,11.092131614685059
4,214,9,55,10.903254508972168
4,214,10,2294,10.885437965393066
4,215,1,1,8.029382705688477
4,215,2,1542,7.970942497253418
4,215,3,2609,7.946975231170654
4,215,4,2272,7.927852153778076
4,215,5,595,7.858628749847412
4,215,6,2757,7.857273101806641
4,215,7,915,7.835132598876953
4,215,8,1409,7.803289413452148
4,215,9,2665,7.742074966430664
4,215,10,754,7.740322113037109
4,216,1,579,12.362974166870117
4,216,2,910,12.219438552856445
4,216,3,2486,12.08914852142334
4,216,4,2645,12.067413330078125
4,216,5,2851,11.393329620361328
4,216,6,1542,11.112305641174316
4,216,7,2761,11.053144454956055
4,216,8,55,10.727834701538086
4,216,9,1409,10.67153549194336
4,216,10,2294,10.537663459777832
4,217,1,1,11.427738189697266
4,217,2,1749,11.36209487915039
4,217,3,2035,11.178472518920898
4,217,4,876,11.036569595336914
4,217,5,730,11.002388000488281
4,217,6,842,10.960441589355469
4,217,7,884,10.810029029846191
4,217,8,1070,10.807099342346191
4,217,9,2725,10.755209922790527
4,217,10,393,10.69333553314209
4,218,1,1,13.539291381835938
4,218,2,884,13.525697708129883
4,218,3,1739,13.294997215270996
4,218,4,2725,13.2837553024292
4,218,5,1749,13.184477806091309
4,218,6,842,13.145989418029785
4,218,7,730,12.971148490905762
4,218,8,2035,12.970541000366211
4,218,9,876,12.792438507080078
4,218,10,2665,12.718610763549805
4,219,1,1749,11.089578628540039
4,219,2,2035,10.907211303710938
4,219,3,876,10.765653610229492
4,219,4,1,10.588706970214844
4,219,5,2322,10.420833587646484
4,219,6,884,10.176766395568848
4,219,7,842,10.127507209777832
4,219,8,2525,10.071725845336914
4,219,9,1685,10.06492805480957
4,219,10,2725,10.051013946533203
4,220,1,1749,9.808478355407715
4,220,2,1685,9.752312660217285
4,220,3,2035,9.677303314208984
4,220,4,730,9.644876480102539
4,220,5,1265,9.59069538116455
4,220,6,876,9.581117630004883
4,220,7,2525,9.416357040405273
4,220,8,1,9.336836814880371
4,220,9,357,8.976421356201172
4,220,10,842,8.97046184539795
4,221,1,1311,8.953329086303711
4,221,2,2193,8.627739906311035
4,221,3,1386,8.510052680969238
4,221,4,346,8.299846649169922
4,221,5,2942,8.23637580871582
4,221,6,416,8.188889503479004
4,221,7,1577,8.067352294921875
4,221,8,58,8.007410049438477
4,221,9,746,7.991715908050537
4,221,10,2583,7.8351874351501465
4,222,1,2525,9.767334938049316
4,222,2,1311,9.632909774780273
4,222,3,1386,8.673337936401367
4,222,4,2193,8.640631675720215
4,222,5,346,8.555574417114258
4,222,6,1312,8.480449676513672
4,222,7,1577,8.426947593688965
4,222,8,58,8.392438888549805
4,222,9,1395,8.352106094360352
4,222,10,2942,8.247658729553223
4,223,1,346,10.16032886505127
4,223,2,63,9.79305648803711
4,223,3,2583,9.500349044799805
4,223,4,99,9.31460189819336
4,223,5,2193,9.31043529510498
4,223,6,746,9.141036987304688
4,223,7,2322,8.941960334777832
4,223,8,1388,8.789237022399902
4,223,9,2206,8.728160858154297
4,223,10,1365,8.69337272644043
4,224,1,416,9.126882553100586
4,224,2,532,8.835083961486816
4,224,3,1465,8.637918472290039
4,224,4,514,8.56391429901123
4,224,5,2916,8.298540115356445
4,224,6,1388,8.063699722290039
4,224,7,1111,7.93756628036499
4,224,8,666,7.936916828155518
4,224,9,1160,7.818802833557129
4,224,10,2092,7.812730312347412
4,225,1,1673,10.694417953491211
4,225,2,2391,10.37032699584961
4,225,3,2210,10.365633964538574
4,225,4,609,10.19540786743164
4,225,5,2704,10.179841041564941
4,225,6,475,10.167436599731445
4,225,7,1580,10.063833236694336
4,225,8,2615,10.057369232177734
4,225,9,2185,10.026422500610352
4,225,10,555,9.900053977966309
4,226,1,2391,9.754188537597656
4,226,2,2210,9.750645637512207
4,226,3,2952,9.582326889038086
4,226,4,1587,9.577765464782715
4,226,5,2704,9.423696517944336
4,226,6,2615,9.36827564239502
4,226,7,1184,9.171558380126953
4,226,8,1009,8.979196548461914
4,226,9,559,8.708854675292969
4,226,10,665,8.61288070678711
4,227,1,2595,7.609368801116943
4,227,2,609,7.3993377685546875
4,227,3,2391,7.350459575653076
4,227,4,2210,7.327556610107422
4,227,5,475,7.305386543273926
4,227,6,572,7.260683059692383
4,227,7,2952,7.071944713592529
4,227,8,527,7.030673027038574
4,227,9,2704,7.006486892700195
4,227,10,2758,7.004687309265137
4,228,1,2391,10.18985366821289
4,228,2,2210,10.151928901672363
4,228,3,555,10.086301803588867
4,228,4,2704,9.960301399230957
4,228,5,2615,9.919779777526855
4,228,6,475,9.793121337890625
4,228,7,609,9.744396209716797
4,228,8,30,9.706417083740234
4,228,9,1184,9.548676490783691
4,228,10,1344,9.546653747558594
4,229,1,1673,8.65673542022705
4,229,2,189,8.156455039978027
4,229,3,559,7.935939788818359
4,229,4,2210,7.555916786193848
4,229,5,2391,7.5521440505981445
4,229,6,953,7.425457000732422
4,229,7,2952,7.3959059715271
4,229,8,30,7.313549995422363
4,229,9,481,7.2951979637146
4,229,10,2704,7.279275894165039
4,230,1,475,8.960490226745605
4,230,2,2112,8.943817138671875
4,230,3,609,8.882865905761719
4,230,4,527,8.426033973693848
4,230,5,2758,8.377523422241211
4,230,6,2080,8.2601318359375
4,230,7,2910,8.080202102661133
4,230,8,1999,8.059111595153809
4,230,9,2136,8.00515079498291
4,230,10,1580,7.82224178314209
4,231,1,2758,10.309318542480469
4,231,2,609,10.30394172668457
4,231,3,475,10.254800796508789
4,231,4,2112,9.9523344039917
4,231,5,2136,9.654839515686035
4,231,6,2910,9.62712287902832
4,231,7,527,9.601524353027344
4,231,8,2830,9.199963569641113
4,231,9,1999,9.151537895202637
4,231,10,2210,9.122623443603516
4,232,1,2112,9.677633285522461
4,232,2,609,9.342353820800781
4,232,3,475,9.333202362060547
4,232,4,2758,9.118250846862793
4,232,5,527,8.78779411315918
4,232,6,30,8.582530975341797
4,232,7,1999,8.48829460144043
4,232,8,2080,8.44572925567627
4,232,9,2910,8.386760711669922
4,232,10,2136,8.363529205322266
4,233,1,609,9.915264129638672
4,233,2,475,9.90966510772705
4,233,3,2758,9.561582565307617
4,233,4,30,9.373666763305664
4,233,5,2112,9.31268310546875
4,233,6,527,9.27810287475586
4,233,7,2136,9.101808547973633
4,233,8,2910,9.09268856048584
4,233,9,2080,8.877677917480469
4,233,10,2830,8.87441349029541
4,235,1,416,12.268730163574219
4,235,2,532,12.061263084411621
4,235,3,514,11.646728515625
4,235,4,2092,11.045797348022461
4,235,5,1346,10.871380805969238
4,235,6,483,10.635787010192871
4,235,7,1580,10.630464553833008
4,235,8,1160,10.608642578125
4,235,9,1673,10.387467384338379
4,235,10,1388,10.206840515136719
4,236,1,1388,12.15837287902832
4,236,2,2583,12.041621208190918
4,236,3,63,11.610123634338379
4,236,4,1012,11.52774429321289
4,236,5,483,11.514593124389648
4,236,6,1673,11.379181861877441
4,236,7,584,11.364057540893555
4,236,8,1744,11.27003288269043
4,236,9,597,11.255882263183594
4,236,10,2118,11.122313499450684
4,237,1,532,12.722879409790039
4,237,2,1388,11.290329933166504
4,237,3,2583,11.146980285644531
4,237,4,63,10.794401168823242
4,237,5,1111,10.630046844482422
4,237,6,1012,10.607845306396484
4,237,7,597,10.49362564086914
4,237,8,584,10.44920539855957
4,237,9,2118,10.2661714553833
4,237,10,1580,10.077265739440918
4,238,1,1465,12.607187271118164
4,238,2,1346,12.089452743530273
4,238,3,1673,11.94796371459961
4,238,4,63,11.634027481079102
4,238,5,1388,11.36305046081543
4,238,6,597,11.207511901855469
4,238,7,2583,10.902530670166016
4,238,8,108,10.872332572937012
4,238,9,1744,10.830684661865234
4,238,10,1012,10.796989440917969
4,239,1,416,11.380668640136719
4,239,2,1465,11.317232131958008
4,239,3,1413,11.040345191955566
4,239,4,2576,10.954994201660156
4,239,5,2293,10.573953628540039
4,239,6,2916,10.485883712768555
4,239,7,1232,10.39137077331543
4,239,8,1615,10.357357025146484
4,239,9,1388,10.293365478515625
4,239,10,447,10.205113410949707
4,240,1,416,10.884443283081055
4,240,2,532,10.483200073242188
4,240,3,1465,10.03575325012207
4,240,4,2180,9.955419540405273
4,240,5,1413,9.925168991088867
4,240,6,2576,9.791948318481445
4,240,7,1744,9.569425582885742
4,240,8,2293,9.548934936523438
4,240,9,1893,9.509456634521484
4,240,10,1232,9.430636405944824
4,241,1,2345,12.930521011352539
4,241,2,1328,12.310897827148438
4,241,3,656,12.243669509887695
4,241,4,97,12.09189224243164
4,241,5,2270,12.080942153930664
4,241,6,508,11.990438461303711
4,241,7,1654,11.815095901489258
4,241,8,306,11.646629333496094
4,241,9,1744,11.531643867492676
4,241,10,2664,11.499147415161133
4,242,1,2576,12.574296951293945
4,242,2,2345,12.360267639160156
4,242,3,1328,12.135356903076172
4,242,4,656,12.071756362915039
4,242,5,447,12.013195037841797
4,242,6,97,12.011896133422852
4,242,7,2270,11.914761543273926
4,242,8,508,11.81110668182373
4,242,9,2664,11.336719512939453
4,242,10,1870,11.324408531188965
4,243,1,1328,13.07687759399414
4,243,2,656,13.015707015991211
4,243,3,2270,12.84204387664795
4,243,4,508,12.805057525634766
4,243,5,97,12.608985900878906
4,243,6,1654,12.533941268920898
4,243,7,1744,12.36800765991211
4,243,8,306,12.211122512817383
4,243,9,2643,12.184222221374512
4,243,10,475,12.146926879882812
4,244,1,1328,11.442117691040039
4,244,2,97,11.414560317993164
4,244,3,656,11.37686824798584
4,244,4,2576,11.147712707519531
4,244,5,1413,11.12442398071289
4,244,6,2643,11.115102767944336
4,244,7,508,11.02169418334961
4,244,8,2118,10.809160232543945
4,244,9,2345,10.72604751586914
4,244,10,82,10.458799362182617
4,245,1,97,9.383261680603027
4,245,2,2293,9.302173614501953
4,245,3,1328,9.295207977294922
4,245,4,656,9.231578826904297
4,245,5,2118,9.157451629638672
4,245,6,2345,9.146203994750977
4,245,7,2270,9.118635177612305
4,245,8,2643,8.885505676269531
4,245,9,508,8.879541397094727
4,245,10,3015,8.807940483093262
4,246,1,508,12.307109832763672
4,246,2,97,12.26944637298584
4,246,3,283,11.460753440856934
4,246,4,2643,11.240081787109375
4,246,5,2576,10.727611541748047
4,246,6,1413,10.712464332580566
4,246,7,1448,10.647104263305664
4,246,8,774,10.599252700805664
4,246,9,82,10.587428092956543
4,246,10,1333,10.54705810546875
4,247,1,1028,12.697305679321289
4,247,2,97,12.5316162109375
4,247,3,2658,12.349306106567383
4,247,4,121,12.286357879638672
4,247,5,295,12.275152206420898
4,247,6,696,12.22704029083252
4,247,7,2628,12.19941520690918
4,247,8,2580,12.178190231323242
4,247,9,1516,12.164060592651367
4,247,10,627,12.134193420410156
4,248,1,1028,11.495660781860352
4,248,2,1121,11.291723251342773
4,248,3,2658,11.220365524291992
4,248,4,295,11.148744583129883
4,248,5,696,11.110723495483398
4,248,6,121,10.998123168945312
4,248,7,1516,10.948894500732422
4,248,8,2580,10.899795532226562
4,248,9,2628,10.878891944885254
4,248,10,2354,10.805173873901367
4,249,1,795,11.077563285827637
4,249,2,3053,10.900450706481934
4,249,3,1516,10.85719108581543
4,249,4,121,10.759443283081055
4,249,5,2628,10.758227348327637
4,249,6,192,10.726316452026367
4,249,7,1028,10.673625946044922
4,249,8,774,10.666574478149414
4,249,9,696,10.55768871307373
4,249,10,2658,10.554984092712402
4,251,1,2590,12.957839965820312
4,251,2,194,12.148246765136719
4,251,3,2769,12.139032363891602
4,251,4,2045,11.833337783813477
4,251,5,2975,11.780467987060547
4,251,6,653,11.747941970825195
4,251,7,1376,11.56246280670166
4,251,8,664,11.515036582946777
4,251,9,2743,11.402948379516602
4,251,10,44,11.354645729064941
4,252,1,474,12.059942245483398
4,252,2,424,11.573060989379883
4,252,3,1685,11.313161849975586
4,252,4,495,11.237458229064941
4,252,5,2590,11.148988723754883
4,252,6,2961,11.12669849395752
4,252,7,1831,11.110170364379883
4,252,8,2045,11.07290267944336
4,252,9,1252,10.984485626220703
4,252,10,512,10.952751159667969
4,253,1,2590,13.313165664672852
4,253,2,194,12.558119773864746
4,253,3,2769,12.519156455993652
4,253,4,1376,12.425132751464844
4,253,5,2975,12.241857528686523
4,253,6,2045,12.148712158203125
4,253,7,2743,12.072790145874023
4,253,8,664,12.071980476379395
4,253,9,8,11.913555145263672
4,253,10,2801,11.75792407989502
4,254,1,289,13.490199089050293
4,254,2,2590,13.059425354003906
4,254,3,2045,12.448601722717285
4,254,4,2769,12.435073852539062
4,254,5,194,12.367053985595703
4,254,6,2975,12.333218574523926
4,254,7,424,12.1978120803833
4,254,8,2743,12.087739944458008
4,254,9,8,11.906583786010742
4,254,10,2042,11.523385047912598
4,255,1,2590,13.624101638793945
4,255,2,2975,12.773459434509277
4,255,3,2324,12.353063583374023
4,255,4,2743,12.29127311706543
4,255,5,8,12.127503395080566
4,255,6,504,11.989765167236328
4,255,7,563,11.915068626403809
4,255,8,44,11.758283615112305
4,255,9,2045,11.726720809936523
4,255,10,787,11.635835647583008
4,256,1,2590,13.046163558959961
4,256,2,2324,12.615524291992188
4,256,3,194,12.21396255493164
4,256,4,2769,12.019819259643555
4,256,5,2297,11.793630599975586
4,256,6,563,11.69286060333252
4,256,7,787,11.679635047912598
4,256,8,2093,11.619232177734375
4,256,9,259,11.609326362609863
4,256,10,44,11.546527862548828
4,257,1,2093,12.566984176635742
4,257,2,787,12.310222625732422
4,257,3,194,12.000755310058594
4,257,4,1716,11.83353042602539
4,257,5,44,11.830633163452148
4,257,6,2042,11.825031280517578
4,257,7,12,11.79401969909668
4,257,8,259,11.42695426940918
4,257,9,2191,10.828765869140625
4,257,10,869,10.807376861572266
4,258,1,787,12.651411056518555
4,258,2,8,12.422414779663086
4,258,3,2093,12.36676025390625
4,258,4,2743,12.353540420532227
4,258,5,2769,12.270540237426758
4,258,6,273,12.176305770874023
4,258,7,2975,11.969255447387695
4,258,8,852,11.901483535766602
4,258,9,2772,11.87833023071289
4,258,10,2429,11.149971008300781
4,259,1,787,13.14046859741211
4,259,2,2590,12.944576263427734
4,259,3,12,12.77297592163086
4,259,4,2042,12.411066055297852
4,259,5,44,12.265868186950684
4,259,6,1716,12.231595993041992
4,259,7,2772,11.764158248901367
4,259,8,259,11.737719535827637
4,259,9,852,11.694416046142578
4,259,10,3048,11.642131805419922
4,260,1,2042,13.248983383178711
4,260,2,259,12.573965072631836
4,260,3,2772,12.329676628112793
4,260,4,3048,12.315523147583008
4,260,5,1558,12.303048133850098
4,260,6,852,12.083905220031738
4,260,7,2328,12.045926094055176
4,260,8,869,12.012208938598633
4,260,9,289,11.846196174621582
4,260,10,2429,11.832746505737305
4,262,1,2743,14.040568351745605
4,262,2,3048,13.880866050720215
4,262,3,2042,13.77228832244873
4,262,4,2590,13.63813591003418
4,262,5,194,13.367826461791992
4,262,6,259,13.24384593963623
4,262,7,2772,13.184418678283691
4,262,8,105,13.038244247436523
4,262,9,2769,12.914619445800781
4,262,10,2429,12.805420875549316
4,263,1,2590,12.91553783416748
4,263,2,2093,12.738801956176758
4,263,3,2772,12.612541198730469
4,263,4,8,12.593851089477539
4,263,5,852,12.572693824768066
4,263,6,273,12.550403594970703
4,263,7,194,12.468917846679688
4,263,8,2042,12.395005226135254
4,263,9,2743,12.37767219543457
4,263,10,3048,12.287160873413086
4,264,1,1383,13.56773567199707
4,264,2,1159,13.3836030960083
4,264,3,2590,12.43883228302002
4,264,4,308,12.216736793518066
4,264,5,194,12.189453125
4,264,6,2274,12.183568954467773
4,264,7,852,12.140313148498535
4,264,8,12,12.121646881103516
4,264,9,1716,12.1039400100708
4,264,10,44,12.0884370803833
4,265,1,1383,13.00087833404541
4,265,2,49,12.503150939941406
4,265,3,2710,12.500836372375488
4,265,4,2212,12.264131546020508
4,265,5,308,11.813838005065918
4,265,6,701,11.499378204345703
4,265,7,12,11.479763984680176
4,265,8,286,11.403695106506348
4,265,9,1180,11.062345504760742
4,265,10,869,11.004752159118652
4,266,1,105,13.68752670288086
4,266,2,1159,13.628883361816406
4,266,3,2212,13.547974586486816
4,266,4,2710,13.324045181274414
4,266,5,2772,12.97246265411377
4,266,6,12,12.932790756225586
4,266,7,308,12.873273849487305
4,266,8,2603,12.768601417541504
4,266,9,2429,12.676190376281738
4,266,10,2328,12.428939819335938
4,267,1,1383,12.97960090637207
4,267,2,49,12.782793045043945
4,267,3,195,12.601323127746582
4,267,4,2176,12.502147674560547
4,267,5,2710,12.48283576965332
4,267,6,2659,12.453195571899414
4,267,7,1571,12.372096061706543
4,267,8,1707,12.241737365722656
4,267,9,1367,12.231752395629883
4,267,10,1206,12.212320327758789
4,268,1,1159,13.209417343139648
4,268,2,2772,12.682909965515137
4,268,3,2429,12.567724227905273
4,268,4,12,12.245200157165527
4,268,5,2590,12.064138412475586
4,268,6,2274,12.057207107543945
4,268,7,308,12.044322967529297
4,268,8,1180,11.995155334472656
4,268,9,852,11.898893356323242
4,268,10,1558,11.846284866333008
4,269,1,3048,18.767379760742188
4,269,2,1383,17.358997344970703
4,269,3,2710,16.77556610107422
4,269,4,105,16.705120086669922
4,269,5,2640,16.5660400390625
4,269,6,1380,15.616939544677734
4,269,7,308,15.372200965881348
4,269,8,2772,15.237434387207031
4,269,9,2429,15.19381332397461
4,269,10,975,14.789127349853516
4,271,1,1113,11.200757026672363
4,271,2,2212,11.084744453430176
4,271,3,49,10.954568862915039
4,271,4,3048,10.789556503295898
4,271,5,2969,10.640542030334473
4,271,6,1159,10.571916580200195
4,271,7,540,10.569413185119629
4,271,8,105,10.413873672485352
4,271,9,1383,10.179534912109375
4,271,10,2640,10.11346435546875
4,272,1,3048,12.437877655029297
4,272,2,1383,12.054733276367188
4,272,3,105,11.835967063903809
4,272,4,2640,11.677955627441406
4,272,5,1380,11.670296669006348
4,272,6,308,11.063749313354492
4,272,7,2274,11.003725051879883
4,272,8,1113,10.886542320251465
4,272,9,2772,10.788959503173828
4,272,10,286,10.752796173095703
4,273,1,3048,8.735095024108887
4,273,2,880,8.40561294555664
4,273,3,105,8.393289566040039
4,273,4,286,8.265534400939941
4,273,5,2776,8.230117797851562
4,273,6,2640,8.229191780090332
4,273,7,1383,8.228144645690918
4,273,8,49,8.10151481628418
4,273,9,2212,8.085349082946777
4,273,10,480,7.959052562713623
4,274,1,3048,10.84564208984375
4,274,2,49,10.339094161987305
4,274,3,1380,10.304298400878906
4,274,4,1383,10.191248893737793
4,274,5,105,9.947880744934082
4,274,6,2274,9.820829391479492
4,274,7,2640,9.752718925476074
4,274,8,308,9.616121292114258
4,274,9,1113,9.449274063110352
4,274,10,2969,9.053119659423828
4,277,1,1980,9.724682807922363
4,277,2,1582,9.70071792602539
4,277,3,1516,9.683035850524902
4,277,4,1513,9.677638053894043
4,277,5,2628,9.675748825073242
4,277,6,121,9.658380508422852
4,277,7,2684,9.637908935546875
4,277,8,2580,9.58586311340332
4,277,9,3032,9.54056453704834
4,277,10,192,9.493428230285645
4,278,1,1980,9.085525512695312
4,278,2,192,8.926673889160156
4,278,3,2628,8.894563674926758
4,278,4,2280,8.808494567871094
4,278,5,843,8.78713607788086
4,278,6,1303,8.762454986572266
4,278,7,1513,8.643733024597168
4,278,8,480,8.5743989944458
4,278,9,2684,8.51600456237793
4,278,10,1400,8.474353790283203
4,279,1,795,11.25351619720459
4,279,2,1516,10.978660583496094
4,279,3,121,10.886043548583984
4,279,4,1303,10.858400344848633
4,279,5,2580,10.681730270385742
4,279,6,843,10.63570785522461
4,279,7,3053,10.593111038208008
4,279,8,1513,10.532308578491211
4,279,9,2280,10.491556167602539
4,279,10,1980,10.35324478149414
4,280,1,1980,10.753053665161133
4,280,2,121,10.397194862365723
4,280,3,2628,10.341238021850586
4,280,4,1516,10.316697120666504
4,280,5,1513,10.242137908935547
4,280,6,2578,10.218610763549805
4,280,7,2684,10.17445182800293
4,280,8,192,10.115052223205566
4,280,9,480,9.945415496826172
4,280,10,1400,9.935213088989258
4,282,1,3053,10.201347351074219
4,282,2,2628,10.120737075805664
4,282,3,192,10.117481231689453
4,282,4,2098,10.037324905395508
4,282,5,2354,10.007883071899414
4,282,6,480,9.91218376159668
4,282,7,905,9.886260986328125
4,282,8,2787,9.847392082214355
4,282,9,1231,9.79121208190918
4,282,10,1521,9.759654998779297
4,283,1,1028,11.671112060546875
4,283,2,508,11.561237335205078
4,283,3,2658,11.397539138793945
4,283,4,295,11.267532348632812
4,283,5,696,11.161214828491211
4,283,6,795,11.044944763183594
4,283,7,1669,10.972844123840332
4,283,8,627,10.970159530639648
4,283,9,2283,10.950538635253906
4,283,10,2354,10.918866157531738
4,284,1,2354,8.163225173950195
4,284,2,905,8.024282455444336
4,284,3,2098,7.9413862228393555
4,284,4,121,7.879642486572266
4,284,5,1231,7.7624831199646
4,284,6,1427,7.730375289916992
4,284,7,1620,7.702852249145508
4,284,8,2628,7.693218231201172
4,284,9,2580,7.663053512573242
4,284,10,453,7.6628594398498535
4,285,1,634,6.661865234375
4,285,2,2387,6.503054618835449
4,285,3,1466,6.409246921539307
4,285,4,1362,6.388420581817627
4,285,5,1427,6.36817741394043
4,285,6,1620,6.288522243499756
4,285,7,2098,6.210303783416748
4,285,8,1342,6.138515472412109
4,285,9,2937,6.087715148925781
4,285,10,1785,6.027760982513428
4,286,1,553,7.659242630004883
4,286,2,2387,7.080327033996582
4,286,3,1427,6.901533126831055
4,286,4,1362,6.873896598815918
4,286,5,634,6.873499393463135
4,286,6,2937,6.697601318359375
4,286,7,2098,6.6747307777404785
4,286,8,1785,6.5997796058654785
4,286,9,1683,6.535293102264404
4,286,10,1342,6.462184429168701
4,287,1,176,6.897202968597412
4,287,2,2407,6.509214401245117
4,287,3,634,6.40979528427124
4,287,4,2387,6.3971357345581055
4,287,5,1362,6.232308387756348
4,287,6,2937,6.138458251953125
4,287,7,1785,6.130163192749023
4,287,8,1427,6.119696140289307
4,287,9,1683,6.049673080444336
4,287,10,2098,5.998918056488037
4,288,1,510,7.122095584869385
4,288,2,1194,7.046724319458008
4,288,3,2387,6.978548049926758
4,288,4,1785,6.97644567489624
4,288,5,1683,6.971567153930664
4,288,6,1359,6.863502502441406
4,288,7,1487,6.806326866149902
4,288,8,2937,6.786842346191406
4,288,9,1427,6.711278915405273
4,288,10,1362,6.661220550537109
4,289,1,1415,9.641275405883789
4,289,2,555,9.529609680175781
4,289,3,99,9.454805374145508
4,289,4,1237,9.185256004333496
4,289,5,1344,9.139145851135254
4,289,6,1089,9.005019187927246
4,289,7,1718,8.917430877685547
4,289,8,833,8.791608810424805
4,289,9,1388,8.716222763061523
4,289,10,1012,8.611684799194336
4,290,1,99,11.143136978149414
4,290,2,1730,10.804117202758789
4,290,3,1818,10.686113357543945
4,290,4,1415,10.60506534576416
4,290,5,1417,10.53746223449707
4,290,6,1344,10.518156051635742
4,290,7,1428,10.50225830078125
4,290,8,1388,10.491496086120605
4,290,9,1089,10.404252052307129
4,290,10,1127,10.390522003173828
4,291,1,2090,10.868724822998047
4,291,2,727,10.09744644165039
4,291,3,1415,9.947919845581055
4,291,4,99,9.935741424560547
4,291,5,1428,9.87214469909668
4,291,6,1237,9.743356704711914
4,291,7,1388,9.715911865234375
4,291,8,1730,9.702838897705078
4,291,9,1417,9.521934509277344
4,291,10,1718,9.450081825256348
4,292,1,99,11.030679702758789
4,292,2,1417,10.802745819091797
4,292,3,1818,10.736480712890625
4,292,4,1730,10.733963966369629
4,292,5,1415,10.643450736999512
4,292,6,1388,10.537615776062012
4,292,7,1428,10.486837387084961
4,292,8,471,10.449807167053223
4,292,9,375,10.441308975219727
4,292,10,2273,10.357196807861328
4,293,1,99,10.785882949829102
4,293,2,1730,10.742582321166992
4,293,3,1415,10.632137298583984
4,293,4,1428,10.628047943115234
4,293,5,1344,10.525423049926758
4,293,6,1127,10.419483184814453
4,293,7,1237,10.382881164550781
4,293,8,1388,10.342552185058594
4,293,9,1089,10.16836929321289
4,293,10,1417,10.137280464172363
4,294,1,2704,8.191661834716797
4,294,2,2391,8.153814315795898
4,294,3,2210,8.133367538452148
4,294,4,2615,8.115846633911133
4,294,5,833,7.572035789489746
4,294,6,557,7.561574935913086
4,294,7,1048,7.560585021972656
4,294,8,1184,7.474811553955078
4,294,9,2616,7.4484357833862305
4,294,10,1415,7.4438042640686035
4,295,1,510,7.401430130004883
4,295,2,2929,6.92317533493042
4,295,3,557,6.922186851501465
4,295,4,285,6.877692222595215
4,295,5,1359,6.591365337371826
4,295,6,953,6.584467887878418
4,295,7,2210,6.509925842285156
4,295,8,2391,6.4552202224731445
4,295,9,2704,6.384722709655762
4,295,10,2288,6.3491950035095215
4,297,1,1381,8.075201034545898
4,297,2,2952,7.919918060302734
4,297,3,2937,6.950082778930664
4,297,4,1359,6.870491027832031
4,297,5,1785,6.805671215057373
4,297,6,557,6.72912073135376
4,297,7,1344,6.659526348114014
4,297,8,2391,6.613123416900635
4,297,9,2210,6.597514629364014
4,297,10,2704,6.5438408851623535
4,298,1,557,8.702774047851562
4,298,2,2128,8.607369422912598
4,298,3,1359,8.562216758728027
4,298,4,1194,8.502163887023926
4,298,5,1839,8.488462448120117
4,298,6,2952,8.431735038757324
4,298,7,1487,8.318772315979004
4,298,8,1785,8.31421184539795
4,298,9,1683,8.213878631591797
4,298,10,2940,8.2064790725708
4,299,1,540,8.353065490722656
4,299,2,2969,8.280213356018066
4,299,3,2952,8.123506546020508
4,299,4,2616,7.951761722564697
4,299,5,1794,7.951521396636963
4,299,6,3061,7.796703815460205
4,299,7,559,7.720276832580566
4,299,8,1920,7.695826053619385
4,299,9,2431,7.679555416107178
4,299,10,2978,7.612342357635498
4,300,1,1592,10.359262466430664
4,300,2,2978,10.307641983032227
4,300,3,1380,10.21854305267334
4,300,4,1597,10.139839172363281
4,300,5,2343,9.816078186035156
4,300,6,2212,9.578458786010742
4,300,7,2710,9.526180267333984
4,300,8,2128,9.306965827941895
4,300,9,3048,9.289464950561523
4,300,10,2273,9.245609283447266
4,301,1,1072,8.350958824157715
4,301,2,1380,8.126799583435059
4,301,3,2710,7.913518905639648
4,301,4,2212,7.699733257293701
4,301,5,3048,7.480114459991455
4,301,6,2140,7.426217079162598
4,301,7,49,7.345126152038574
4,301,8,2197,7.332248687744141
4,301,9,701,7.30279541015625
4,301,10,1016,7.216943264007568
4,302,1,2273,8.69271183013916
4,302,2,1380,8.658706665039062
4,302,3,2212,8.055801391601562
4,302,4,2710,7.88740348815918
4,302,5,1592,7.857213020324707
4,302,6,1826,7.7421875
4,302,7,1606,7.717255592346191
4,302,8,2978,7.701075077056885
4,302,9,49,7.69434928894043
4,302,10,1678,7.675243377685547
4,303,1,3048,12.582853317260742
4,303,2,1380,12.556617736816406
4,303,3,1113,12.339913368225098
4,303,4,1189,12.086915969848633
4,303,5,701,12.086179733276367
4,303,6,2212,11.822638511657715
4,303,7,477,11.627569198608398
4,303,8,1116,11.617461204528809
4,303,9,1826,11.589254379272461
4,303,10,272,11.57780933380127
4,304,1,1116,12.92753791809082
4,304,2,357,12.613353729248047
4,304,3,477,12.199043273925781
4,304,4,1823,12.105751037597656
4,304,5,272,12.012636184692383
4,304,6,2686,11.978992462158203
4,304,7,1826,11.857807159423828
4,304,8,1611,11.796319961547852
4,304,9,2321,11.732036590576172
4,304,10,2441,11.713846206665039
4,305,1,477,11.299312591552734
4,305,2,272,11.05019760131836
4,305,3,2321,11.049489974975586
4,305,4,2441,10.934224128723145
4,305,5,1606,10.92708683013916
4,305,6,1380,10.9246187210083
4,305,7,2464,10.923662185668945
4,305,8,1826,10.833827018737793
4,305,9,2273,10.767465591430664
4,305,10,1116,10.758641242980957
4,306,1,1380,12.439910888671875
4,306,2,3048,11.977612495422363
4,306,3,357,11.941993713378906
4,306,4,2212,11.865559577941895
4,306,5,1383,11.641279220581055
4,306,6,701,11.46824836730957
4,306,7,49,11.39700698852539
4,306,8,1823,11.24721622467041
4,306,9,562,11.201371192932129
4,306,10,2969,11.175592422485352
4,307,1,357,12.650602340698242
4,307,2,1116,12.172386169433594
4,307,3,2686,12.09415054321289
4,307,4,1611,11.607614517211914
4,307,5,1380,11.592330932617188
4,307,6,477,11.395180702209473
4,307,7,562,11.327784538269043
4,307,8,1606,11.327392578125
4,307,9,2273,11.295350074768066
4,307,10,272,11.139886856079102
4,308,1,1823,13.776270866394043
4,308,2,1116,13.650848388671875
4,308,3,1611,13.048978805541992
4,308,4,1380,12.666280746459961
4,308,5,2309,12.519425392150879
4,308,6,562,12.429287910461426
4,308,7,523,12.352672576904297
4,308,8,90,12.334352493286133
4,308,9,2602,12.32989501953125
4,308,10,1692,12.308706283569336
4,309,1,1701,12.45915412902832
4,309,2,1380,12.371384620666504
4,309,3,975,12.192996978759766
4,309,4,562,12.184247970581055
4,309,5,2623,12.010106086730957
4,309,6,195,11.817508697509766
4,309,7,1692,11.778900146484375
4,309,8,90,11.774796485900879
4,309,9,455,11.770345687866211
4,309,10,338,11.748239517211914
4,310,1,1116,13.045077323913574
4,310,2,1611,12.614675521850586
4,310,3,69,12.57287311553955
4,310,4,975,12.220576286315918
4,310,5,1995,12.133228302001953
4,310,6,1380,12.096609115600586
4,310,7,2309,12.073854446411133
4,310,8,523,11.949663162231445
4,310,9,1692,11.93135929107666
4,310,10,2107,11.869159698486328
4,311,1,2686,12.857646942138672
4,311,2,1769,12.454692840576172
4,311,3,477,12.381945610046387
4,311,4,1611,12.331666946411133
4,311,5,1606,12.171323776245117
4,311,6,272,12.107969284057617
4,311,7,2441,12.074604034423828
4,311,8,2321,12.073688507080078
4,311,9,1380,11.980409622192383
4,311,10,2739,11.978739738464355
4,312,1,1571,11.528252601623535
4,312,2,1383,11.20727825164795
4,312,3,2212,10.929954528808594
4,312,4,49,10.906126976013184
4,312,5,1380,10.844062805175781
4,312,6,1995,10.731205940246582
4,312,7,1823,10.699317932128906
4,312,8,1701,10.681173324584961
4,312,9,1159,10.445999145507812
4,312,10,2640,10.29248332977295
4,314,1,1823,8.699076652526855
4,314,2,1,8.658576965332031
4,314,3,3069,8.517477989196777
4,314,4,1206,8.478368759155273
4,314,5,338,8.44700813293457
4,314,6,984,8.402018547058105
4,314,7,1571,8.34864616394043
4,314,8,2562,8.253976821899414
4,314,9,1811,8.219866752624512
4,314,10,1198,8.13404369354248
4,315,1,1206,10.712282180786133
4,315,2,195,9.90739631652832
4,315,3,1571,9.757858276367188
4,315,4,1383,9.720172882080078
4,315,5,2106,9.717702865600586
4,315,6,3069,9.632046699523926
4,315,7,859,9.533519744873047
4,315,8,2176,9.5307035446167
4,315,9,1062,9.480969429016113
4,315,10,2659,9.472426414489746
4,316,1,2176,13.167947769165039
4,316,2,2106,12.973651885986328
4,316,3,2659,12.943522453308105
4,316,4,1571,12.58851146697998
4,316,5,1707,12.468795776367188
4,316,6,203,12.428918838500977
4,316,7,633,12.428091049194336
4,316,8,1383,12.321757316589355
4,316,9,1964,12.300812721252441
4,316,10,1062,12.28593635559082
4,317,1,3069,12.74662971496582
4,317,2,2176,12.565555572509766
4,317,3,859,12.50171947479248
4,317,4,2659,12.389686584472656
4,317,5,1367,12.240833282470703
4,317,6,1383,12.171937942504883
4,317,7,1571,12.155069351196289
4,317,8,1221,11.947408676147461
4,317,9,1062,11.914642333984375
4,317,10,1707,11.86690616607666
4,318,1,1571,12.61069393157959
4,318,2,1823,12.565083503723145
4,318,3,2106,12.294113159179688
4,318,4,1198,12.21506118774414
4,318,5,2659,12.213410377502441
4,318,6,1158,12.027572631835938
4,318,7,1367,11.997160911560059
4,318,8,633,11.954397201538086
4,318,9,1707,11.868429183959961
4,318,10,203,11.847175598144531
4,319,1,1571,14.4246187210083
4,319,2,1707,14.10616683959961
4,319,3,203,14.066713333129883
4,319,4,2659,13.845552444458008
4,319,5,1823,13.841763496398926
4,319,6,1422,13.618522644042969
4,319,7,3069,13.609193801879883
4,319,8,1671,13.56258773803711
4,319,9,1203,13.539483070373535
4,319,10,1030,13.509198188781738
4,323,1,1571,13.34797477722168
4,323,2,2176,12.725214004516602
4,323,3,3069,12.653709411621094
4,323,4,2659,12.581842422485352
4,323,5,338,12.54773998260498
4,323,6,1823,12.53763484954834
4,323,7,1422,12.384769439697266
4,323,8,1206,12.343860626220703
4,323,9,1671,12.132614135742188
4,323,10,2296,12.128975868225098
4,324,1,195,13.835575103759766
4,324,2,1571,13.79008674621582
4,324,3,1707,13.732721328735352
4,324,4,203,13.691181182861328
4,324,5,2659,13.633241653442383
4,324,6,1367,13.461017608642578
4,324,7,1671,13.28445053100586
4,324,8,1422,13.23758316040039
4,324,9,3069,13.105541229248047
4,324,10,1203,13.055195808410645
4,325,1,2176,11.045373916625977
4,325,2,2659,10.836193084716797
4,325,3,1707,10.726424217224121
4,325,4,203,10.692024230957031
4,325,5,195,10.690457344055176
4,325,6,2106,10.681869506835938
4,325,7,1367,10.510154724121094
4,325,8,1571,10.477805137634277
4,325,9,2296,10.317350387573242
4,325,10,1964,10.30328369140625
4,326,1,2176,12.797279357910156
4,326,2,2106,12.469743728637695
4,326,3,195,12.444923400878906
4,326,4,1367,12.209074974060059
4,326,5,859,12.193354606628418
4,326,6,2659,12.183662414550781
4,326,7,446,12.178478240966797
4,326,8,1206,12.175985336303711
4,326,9,1964,12.172843933105469
4,326,10,1472,11.937726974487305
4,327,1,2176,10.690364837646484
4,327,2,2106,10.455415725708008
4,327,3,2659,10.395675659179688
4,327,4,195,10.367664337158203
4,327,5,1707,10.200126647949219
4,327,6,203,10.187444686889648
4,327,7,1367,10.167596817016602
4,327,8,1472,10.073965072631836
4,327,9,1964,10.028027534484863
4,327,10,446,9.993610382080078
4,328,1,2176,10.249156951904297
4,328,2,2106,10.079811096191406
4,328,3,195,10.037639617919922
4,328,4,1964,9.989133834838867
4,328,5,1367,9.822343826293945
4,328,6,1206,9.76717758178711
4,328,7,859,9.74274730682373
4,328,8,446,9.66408920288086
4,328,9,2659,9.626655578613281
4,328,10,203,9.58726692199707
4,329,1,1571,12.694347381591797
4,329,2,1823,12.129582405090332
4,329,3,2176,11.9517240524292
4,329,4,195,11.901103973388672
4,329,5,1367,11.592920303344727
4,329,6,1671,11.549304962158203
4,329,7,446,11.506500244140625
4,329,8,1203,11.467822074890137
4,329,9,1030,11.440250396728516
4,329,10,859,11.439611434936523
4,330,1,1571,12.774557113647461
4,330,2,1823,12.298179626464844
4,330,3,2176,11.874866485595703
4,330,4,195,11.859272956848145
4,330,5,1030,11.57274055480957
4,330,6,2686,11.555126190185547
4,330,7,1367,11.546636581420898
4,330,8,2659,11.543543815612793
4,330,9,1671,11.534332275390625
4,330,10,1653,11.532171249389648
4,331,1,1571,11.096460342407227
4,331,2,1823,10.818739891052246
4,331,3,2176,10.336261749267578
4,331,4,195,10.324447631835938
4,331,5,446,10.115570068359375
4,331,6,1964,10.096927642822266
4,331,7,1367,10.064297676086426
4,331,8,2686,10.046808242797852
4,331,9,1671,10.02192497253418
4,331,10,1030,10.015398025512695
4,332,1,1571,11.981450080871582
4,332,2,1030,11.813494682312012
4,332,3,1653,11.781898498535156
4,332,4,1203,11.663122177124023
4,332,5,2078,11.390249252319336
4,332,6,2870,11.362293243408203
4,332,7,210,11.31924819946289
4,332,8,195,11.190441131591797
4,332,9,1823,11.146355628967285
4,332,10,1422,11.094429016113281
4,333,1,2870,13.005528450012207
4,333,2,1718,12.418968200683594
4,333,3,1030,12.221050262451172
4,333,4,1653,12.193575859069824
4,333,5,1655,12.043966293334961
4,333,6,2615,11.91923713684082
4,333,7,1184,11.842466354370117
4,333,8,1048,11.76971435546875
4,333,9,2704,11.660561561584473
4,333,10,1203,11.62511157989502
4,334,1,1692,12.167962074279785
4,334,2,1779,11.885263442993164
4,334,3,2107,11.719947814941406
4,334,4,523,11.648700714111328
4,334,5,1184,11.647019386291504
4,334,6,2615,11.609414100646973
4,334,7,90,11.470486640930176
4,334,8,1030,11.439676284790039
4,334,9,1653,11.392425537109375
4,334,10,1048,11.367912292480469
4,335,1,2870,13.937304496765137
4,335,2,2615,13.33266830444336
4,335,3,1692,13.31268310546875
4,335,4,1184,13.278740882873535
4,335,5,1635,13.142634391784668
4,335,6,2704,13.141487121582031
4,335,7,1718,13.081335067749023
4,335,8,1048,12.88921070098877
4,335,9,2391,12.803864479064941
4,335,10,672,12.720901489257812
4,336,1,2870,13.333642959594727
4,336,2,523,12.60314655303955
4,336,3,1655,12.522676467895508
4,336,4,2107,12.449556350708008
4,336,5,1184,12.366074562072754
4,336,6,2615,12.226594924926758
4,336,7,665,12.218819618225098
4,336,8,1587,12.182188034057617
4,336,9,2145,12.171745300292969
4,336,10,90,12.14016342163086
4,337,1,2705,12.164031028747559
4,337,2,788,12.028982162475586
4,337,3,249,11.950090408325195
4,337,4,2870,11.944013595581055
4,337,5,1678,11.87987995147705
4,337,6,1635,11.853714942932129
4,337,7,1779,11.803105354309082
4,337,8,2739,11.744405746459961
4,337,9,1606,11.687786102294922
4,337,10,1491,11.586257934570312
4,338,1,2705,12.422143936157227
4,338,2,788,12.395658493041992
4,338,3,1635,12.042052268981934
4,338,4,249,12.012040138244629
4,338,5,1779,11.990092277526855
4,338,6,1491,11.864486694335938
4,338,7,1184,11.507448196411133
4,338,8,1030,11.455642700195312
4,338,9,1653,11.403736114501953
4,338,10,2615,11.349142074584961
4,339,1,788,13.598289489746094
4,339,2,249,13.36180591583252
4,339,3,2705,13.200115203857422
4,339,4,2870,13.159259796142578
4,339,5,1779,13.115385055541992
4,339,6,1587,12.879358291625977
4,339,7,523,12.734243392944336
4,339,8,1635,12.693059921264648
4,339,9,1184,12.497246742248535
4,339,10,665,12.49064826965332
4,340,1,2870,12.837468147277832
4,340,2,788,12.593870162963867
4,340,3,2705,12.577018737792969
4,340,4,249,12.235532760620117
4,340,5,1635,12.184808731079102
4,340,6,1779,12.163936614990234
4,340,7,1491,12.010173797607422
4,340,8,1030,11.727784156799316
4,340,9,1184,11.669105529785156
4,340,10,1653,11.66755485534668
4,341,1,2176,11.998727798461914
4,341,2,2106,11.816844940185547
4,341,3,195,11.546634674072266
4,341,4,1206,11.535709381103516
4,341,5,1367,11.47730827331543
4,341,6,2971,11.323234558105469
4,341,7,1472,11.304454803466797
4,341,8,2659,11.183094024658203
4,341,9,1369,11.150116920471191
4,341,10,1964,11.141178131103516
4,343,1,788,10.488443374633789
4,343,2,249,10.367603302001953
4,343,3,1779,10.104400634765625
4,343,4,2705,10.078872680664062
4,343,5,2870,9.949396133422852
4,343,6,1692,9.826766014099121
4,343,7,1635,9.814988136291504
4,343,8,2739,9.700786590576172
4,343,9,2261,9.631338119506836
4,343,10,1491,9.600224494934082
4,344,1,1206,11.853374481201172
4,344,2,2176,11.79982852935791
4,344,3,2106,11.771678924560547
4,344,4,195,11.51241683959961
4,344,5,2971,11.501224517822266
4,344,6,1369,11.436275482177734
4,344,7,859,11.369854927062988
4,344,8,1472,11.302894592285156
4,344,9,1367,11.28575611114502
4,344,10,3069,11.202908515930176
4,345,1,2176,10.381658554077148
4,345,2,2106,10.255269050598145
4,345,3,1206,10.108358383178711
4,345,4,859,10.099912643432617
4,345,5,195,10.082318305969238
4,345,6,1367,10.00236701965332
4,345,7,3069,9.983771324157715
4,345,8,338,9.974058151245117
4,345,9,1964,9.968955993652344
4,345,10,446,9.854045867919922
4,346,1,1206,11.563697814941406
4,346,2,2176,11.474824905395508
4,346,3,779,11.472394943237305
4,346,4,859,11.45073413848877
4,346,5,3069,11.433633804321289
4,346,6,338,11.34906005859375
4,346,7,2106,11.339692115783691
4,346,8,195,11.240777969360352
4,346,9,984,11.211501121520996
4,346,10,1369,11.121953964233398
4,347,1,2176,11.240105628967285
4,347,2,2106,11.165050506591797
4,347,3,1206,10.949149131774902
4,347,4,195,10.896021842956543
4,347,5,2971,10.851533889770508
4,347,6,1367,10.80349349975586
4,347,7,859,10.764321327209473
4,347,8,1964,10.762374877929688
4,347,9,446,10.635276794433594
4,347,10,1369,10.590044021606445
4,348,1,2312,10.84766960144043
4,348,2,779,10.64660930633545
4,348,3,502,10.400136947631836
4,348,4,1206,10.381146430969238
4,348,5,1827,10.374214172363281
4,348,6,2971,10.300127029418945
4,348,7,1,10.284980773925781
4,348,8,536,10.249089241027832
4,348,9,387,10.230340957641602
4,348,10,1153,10.20193862915039
4,349,1,1206,11.452888488769531
4,349,2,2971,11.137609481811523
4,349,3,3069,11.094341278076172
4,349,4,984,11.068353652954102
4,349,5,2106,11.025201797485352
4,349,6,859,11.0219144821167
4,349,7,2176,10.94552230834961
4,349,8,338,10.944819450378418
4,349,9,1369,10.900484085083008
4,349,10,1964,10.889740943908691
4,350,1,1,11.124938011169434
4,350,2,1037,10.75511360168457
4,350,3,333,10.694648742675781
4,350,4,2665,10.625584602355957
4,350,5,2869,10.560591697692871
4,350,6,915,10.531700134277344
4,350,7,2257,10.415534019470215
4,350,8,842,10.380463600158691
4,350,9,622,10.365893363952637
4,350,10,2312,10.343799591064453
4,351,1,2312,11.725824356079102
4,351,2,1206,11.47878646850586
4,351,3,1,11.454866409301758
4,351,4,984,11.306336402893066
4,351,5,779,11.268930435180664
4,351,6,2971,11.15692138671875
4,351,7,3069,11.104775428771973
4,351,8,1490,11.085352897644043
4,351,9,1037,11.081493377685547
4,351,10,2163,11.038593292236328
4,352,1,842,11.404590606689453
4,352,2,2257,10.973381042480469
4,352,3,754,10.921852111816406
4,352,4,1266,10.873754501342773
4,352,5,333,10.576689720153809
4,352,6,1739,10.572120666503906
4,352,7,984,10.566547393798828
4,352,8,393,10.489330291748047
4,352,9,3069,10.451908111572266
4,352,10,2725,10.439414978027344
4,353,1,1037,13.934163093566895
4,353,2,2562,13.789986610412598
4,353,3,2257,13.5113525390625
4,353,4,2697,13.203628540039062
4,353,5,2725,12.991316795349121
4,353,6,1542,12.75687026977539
4,353,7,1739,12.688190460205078
4,353,8,106,12.586873054504395
4,353,9,1040,12.472147941589355
4,353,10,595,12.440433502197266
4,354,1,1,14.630762100219727
4,354,2,2257,13.447759628295898
4,354,3,984,13.251882553100586
4,354,4,1490,12.91586685180664
4,354,5,2697,12.913559913635254
4,354,6,3069,12.909317016601562
4,354,7,338,12.897359848022461
4,354,8,2725,12.852426528930664
4,354,9,1542,12.844640731811523
4,354,10,1206,12.768019676208496
4,355,1,842,13.087911605834961
4,355,2,754,13.0106201171875
4,355,3,2257,13.002001762390137
4,355,4,2725,12.384784698486328
4,355,5,1542,12.293609619140625
4,355,6,106,12.05190372467041
4,355,7,1739,12.040571212768555
4,355,8,595,11.937429428100586
4,355,9,1275,11.91584587097168
4,355,10,1040,11.853114128112793
4,356,1,1,14.379168510437012
4,356,2,622,13.52061653137207
4,356,3,2257,13.256952285766602
4,356,4,1542,13.10822582244873
4,356,5,2725,12.999853134155273
4,356,6,106,12.473388671875
4,356,7,595,12.415241241455078
4,356,8,884,12.397720336914062
4,356,9,1739,12.387388229370117
4,356,10,1040,12.308244705200195
4,357,1,579,17.28499412536621
4,357,2,974,16.34931755065918
4,357,3,1360,16.027429580688477
4,357,4,2851,16.02393341064453
4,357,5,2871,15.549196243286133
4,357,6,1767,15.528322219848633
4,357,7,886,15.44871711730957
4,357,8,2513,15.424118995666504
4,357,9,906,15.34719467163086
4,357,10,2761,15.32223892211914
4,358,1,1,13.281206130981445
4,358,2,1037,12.585423469543457
4,358,3,2869,12.576889991760254
4,358,4,2665,12.455635070800781
4,358,5,842,12.427196502685547
4,358,6,2725,12.26613712310791
4,358,7,622,12.230133056640625
4,358,8,2562,12.20817756652832
4,358,9,915,12.045626640319824
4,358,10,1266,11.958385467529297
4,359,1,1360,13.172950744628906
4,359,2,1,12.818799018859863
4,359,3,2513,12.694225311279297
4,359,4,2609,12.60682487487793
4,359,5,2272,12.565393447875977
4,359,6,2851,12.538637161254883
4,359,7,974,12.4827880859375
4,359,8,2986,12.443592071533203
4,359,9,886,12.441324234008789
4,359,10,906,12.384452819824219
4,360,1,1360,13.172950744628906
4,360,2,1,12.818799018859863
4,360,3,2513,12.694225311279297
4,360,4,2609,12.60682487487793
4,360,5,2272,12.565393447875977
4,360,6,2851,12.538637161254883
4,360,7,974,12.4827880859375
4,360,8,2986,12.443592071533203
4,360,9,886,12.441324234008789
4,360,10,906,12.384452819824219
4,361,1,1360,13.172950744628906
4,361,2,1,12.818799018859863
4,361,3,2513,12.694225311279297
4,361,4,2609,12.60682487487793
4,361,5,2272,12.565393447875977
4,361,6,2851,12.538637161254883
4,361,7,974,12.4827880859375
4,361,8,2986,12.443592071533203
4,361,9,886,12.441324234008789
4,361,10,906,12.384452819824219
4,362,1,1360,13.172950744628906
4,362,2,1,12.818799018859863
4,362,3,2513,12.694225311279297
4,362,4,2609,12.60682487487793
4,362,5,2272,12.565393447875977
4,362,6,2851,12.538637161254883
4,362,7,974,12.4827880859375
4,362,8,2986,12.443592071533203
4,362,9,886,12.441324234008789
4,362,10,906,12.384452819824219
4,363,1,1360,13.17945671081543
4,363,2,1,12.827770233154297
4,363,3,2513,12.701160430908203
4,363,4,2609,12.618978500366211
4,363,5,2272,12.578103065490723
4,363,6,2851,12.55021858215332
4,363,7,974,12.490497589111328
4,363,8,2986,12.448505401611328
4,363,9,886,12.446403503417969
4,363,10,906,12.38937759399414
4,364,1,628,10.090291976928711
4,364,2,2870,9.516130447387695
4,364,3,2061,9.349045753479004
4,364,4,1571,9.337074279785156
4,364,5,1635,9.328324317932129
4,364,6,203,9.293464660644531
4,364,7,2659,9.282432556152344
4,364,8,1707,9.272451400756836
4,364,9,1671,9.250263214111328
4,364,10,1422,9.181949615478516
4,365,1,2870,9.073471069335938
4,365,2,1571,8.969438552856445
4,365,3,2061,8.910314559936523
4,365,4,203,8.843948364257812
4,365,5,1635,8.841243743896484
4,365,6,1707,8.831005096435547
4,365,7,2659,8.800033569335938
4,365,8,1671,8.746114730834961
4,365,9,1422,8.714334487915039
4,365,10,195,8.699138641357422
4,366,1,1203,10.021074295043945
4,366,2,2870,9.88120174407959
4,366,3,1635,9.79118537902832
4,366,4,788,9.695034980773926
4,366,5,1692,9.581670761108398
4,366,6,1491,9.580739974975586
4,366,7,2705,9.568639755249023
4,366,8,2061,9.429798126220703
4,366,9,1655,9.20837688446045
4,366,10,2107,9.205395698547363
4,367,1,1653,10.426673889160156
4,367,2,1030,10.378596305847168
4,367,3,2870,9.12059211730957
4,367,4,1571,9.111017227172852
4,367,5,2061,8.935111999511719
4,367,6,1635,8.877168655395508
4,367,7,1707,8.77442741394043
4,367,8,203,8.771279335021973
4,367,9,1692,8.754781723022461
4,367,10,1491,8.743690490722656
4,368,1,2870,9.864742279052734
4,368,2,1635,9.629441261291504
4,368,3,2061,9.544109344482422
4,368,4,1571,9.442928314208984
4,368,5,1491,9.433777809143066
4,368,6,203,9.393054008483887
4,368,7,2659,9.381149291992188
4,368,8,1707,9.376175880432129
4,368,9,1671,9.338713645935059
4,368,10,1692,9.313590049743652
4,369,1,477,14.233332633972168
4,369,2,2193,12.782822608947754
4,369,3,1818,12.364262580871582
4,369,4,2273,12.340917587280273
4,369,5,1606,11.98254680633545
4,369,6,1417,11.843140602111816
4,369,7,1848,11.673394203186035
4,369,8,2,11.658677101135254
4,369,9,390,11.314807891845703
4,369,10,1738,11.253852844238281
4,370,1,1826,14.315383911132812
4,370,2,2739,14.165299415588379
4,370,3,2441,14.138923645019531
4,370,4,2193,12.465638160705566
4,370,5,1818,11.804733276367188
4,370,6,2273,11.775675773620605
4,370,7,2,11.649035453796387
4,370,8,1848,11.576848983764648
4,370,9,1417,11.551185607910156
4,370,10,2322,11.365693092346191
4,371,1,2321,14.24806022644043
4,371,2,2888,13.893610000610352
4,371,3,2193,13.231199264526367
4,371,4,1678,12.738654136657715
4,371,5,1818,12.677909851074219
4,371,6,2273,12.432391166687012
4,371,7,2,12.412940979003906
4,371,8,1848,12.370058059692383
4,371,9,1417,12.176907539367676
4,371,10,248,12.024188995361328
4,372,1,477,13.051970481872559
4,372,2,272,12.80837631225586
4,372,3,1108,12.1527681350708
4,372,4,2193,11.825392723083496
4,372,5,1417,11.310701370239258
4,372,6,2273,10.952028274536133
4,372,7,1738,10.949203491210938
4,372,8,390,10.940408706665039
4,372,9,2322,10.903564453125
4,372,10,2,10.895829200744629
4,373,1,272,14.578420639038086
4,373,2,1398,14.090086936950684
4,373,3,2193,12.633016586303711
4,373,4,2273,11.956624031066895
4,373,5,1818,11.765995979309082
4,373,6,2,11.726689338684082
4,373,7,1417,11.708117485046387
4,373,8,2322,11.598155975341797
4,373,9,1848,11.574159622192383
4,373,10,2687,11.56332778930664
4,374,1,1826,14.208991050720215
4,374,2,2464,13.624414443969727
4,374,3,918,13.416959762573242
4,374,4,2193,12.506832122802734
4,374,5,1818,12.003519058227539
4,374,6,2273,11.928476333618164
4,374,7,2,11.805986404418945
4,374,8,1848,11.720277786254883
4,374,9,1417,11.671684265136719
4,374,10,248,11.475645065307617
4,375,1,2739,14.43459415435791
4,375,2,1108,13.999595642089844
4,375,3,2193,13.006436347961426
4,375,4,2273,12.254693984985352
4,375,5,2,12.18130874633789
4,375,6,1818,12.129179000854492
4,375,7,1417,12.082799911499023
4,375,8,1848,12.079042434692383
4,375,9,1165,11.847333908081055
4,375,10,248,11.798381805419922
4,378,1,477,14.700457572937012
4,378,2,1826,14.556610107421875
4,378,3,2464,13.99608039855957
4,378,4,2193,12.474865913391113
4,378,5,2273,12.087568283081055
4,378,6,1818,11.810651779174805
4,378,7,1417,11.708084106445312
4,378,8,2,11.693578720092773
4,378,9,1848,11.563985824584961
4,378,10,1165,11.441690444946289
4,379,1,2464,12.89763069152832
4,379,2,2193,12.14535903930664
4,379,3,1818,11.903621673583984
4,379,4,2273,11.787861824035645
4,379,5,1678,11.444585800170898
4,379,6,1417,11.293680191040039
4,379,7,1848,11.19727611541748
4,379,8,2,11.17006778717041
4,379,9,390,10.78230094909668
4,379,10,248,10.739219665527344
4,380,1,477,13.476327896118164
4,380,2,1108,13.067733764648438
4,380,3,2888,12.184436798095703
4,380,4,2193,12.058805465698242
4,380,5,2273,11.716346740722656
4,380,6,1818,11.625822067260742
4,380,7,1417,11.296163558959961
4,380,8,1848,11.02198600769043
4,380,9,2,10.942639350891113
4,380,10,390,10.773931503295898
4,381,1,2441,14.064464569091797
4,381,2,1108,13.78426742553711
4,381,3,2193,12.647475242614746
4,381,4,1165,12.248538970947266
4,381,5,2273,12.168489456176758
4,381,6,1417,12.1279878616333
4,381,7,2,11.88014030456543
4,381,8,1738,11.801604270935059
4,381,9,1848,11.751072883605957
4,381,10,1818,11.721445083618164
4,383,1,1826,13.63170337677002
4,383,2,2441,13.597488403320312
4,383,3,918,13.04003620147705
4,383,4,2193,12.033899307250977
4,383,5,2322,11.526704788208008
4,383,6,2273,11.200963973999023
4,383,7,1417,11.169185638427734
4,383,8,2,11.016361236572266
4,383,9,900,10.999149322509766
4,383,10,1818,10.977893829345703
4,384,1,272,14.053377151489258
4,384,2,1826,13.876543045043945
4,384,3,2739,13.77921199798584
4,384,4,2193,12.148824691772461
4,384,5,2273,11.878381729125977
4,384,6,1417,11.65310001373291
4,384,7,1165,11.536739349365234
4,384,8,1738,11.311162948608398
4,384,9,1818,11.299986839294434
4,384,10,2,11.281164169311523
4,385,1,272,14.038065910339355
4,385,2,1398,13.48891544342041
4,385,3,2193,12.044801712036133
4,385,4,1678,11.793744087219238
4,385,5,1818,11.685945510864258
4,385,6,2273,11.456718444824219
4,385,7,2,11.430017471313477
4,385,8,1848,11.355993270874023
4,385,9,248,11.06025505065918
4,385,10,1417,11.001233100891113
4,386,1,477,15.05150318145752
4,386,2,2464,14.296087265014648
4,386,3,2193,13.57999038696289
4,386,4,1606,12.933856964111328
4,386,5,1818,12.8977632522583
4,386,6,2273,12.88724136352539
4,386,7,1417,12.623880386352539
4,386,8,2,12.609493255615234
4,386,9,1848,12.58232593536377
4,386,10,1165,12.190324783325195
4,387,1,918,13.855249404907227
4,387,2,2888,13.717578887939453
4,387,3,2193,13.356307983398438
4,387,4,1606,12.694604873657227
4,387,5,1818,12.62896728515625
4,387,6,2273,12.53978157043457
4,387,7,1417,12.355622291564941
4,387,8,2,12.321009635925293
4,387,9,1848,12.295358657836914
4,387,10,1165,11.946321487426758
4,388,1,1826,14.407752990722656
4,388,2,1398,13.972309112548828
4,388,3,2193,12.510723114013672
4,388,4,1678,12.144572257995605
4,388,5,1818,12.143247604370117
4,388,6,2273,11.974352836608887
4,388,7,2,11.796856880187988
4,388,8,1848,11.76068115234375
4,388,9,1165,11.562273025512695
4,388,10,1417,11.553318977355957
4,391,1,477,14.56596851348877
4,391,2,2441,14.243162155151367
4,391,3,2193,12.652454376220703
4,391,4,1606,12.355156898498535
4,391,5,1818,12.153862953186035
4,391,6,2273,12.151841163635254
4,391,7,2,11.866019248962402
4,391,8,1848,11.830575942993164
4,391,9,1165,11.723713874816895
4,391,10,1417,11.70454216003418
4,392,1,556,9.416357040405273
4,392,2,652,8.980681419372559
4,392,3,1391,8.936525344848633
4,392,4,2630,8.887911796569824
4,392,5,2621,8.808547973632812
4,392,6,1315,8.781512260437012
4,392,7,2412,8.741767883300781
4,392,8,1657,8.667365074157715
4,392,9,1644,8.48346996307373
4,392,10,1487,8.443909645080566
4,395,1,556,9.268548011779785
4,395,2,306,9.191047668457031
4,395,3,2082,8.929064750671387
4,395,4,2599,8.873340606689453
4,395,5,1102,8.68356704711914
4,395,6,2951,8.674609184265137
4,395,7,2118,8.546454429626465
4,395,8,2345,8.499856948852539
4,395,9,1547,8.491541862487793
4,395,10,598,8.490503311157227
4,396,1,556,8.85134506225586
4,396,2,2621,8.262803077697754
4,396,3,1644,7.965641975402832
4,396,4,2412,7.961972236633301
4,396,5,652,7.951088905334473
4,396,6,306,7.946819305419922
4,396,7,1391,7.921002388000488
4,396,8,1315,7.841469764709473
4,396,9,2630,7.834967136383057
4,396,10,2951,7.772388935089111
4,397,1,2112,9.40919303894043
4,397,2,475,9.230212211608887
4,397,3,609,9.130292892456055
4,397,4,2910,8.716169357299805
4,397,5,2080,8.49241828918457
4,397,6,527,8.487592697143555
4,397,7,1307,8.290389060974121
4,397,8,206,8.107743263244629
4,397,9,275,7.801701068878174
4,397,10,3015,7.7296342849731445
4,398,1,3015,10.889459609985352
4,398,2,2080,10.544244766235352
4,398,3,1720,10.426267623901367
4,398,4,193,10.344231605529785
4,398,5,1235,10.224344253540039
4,398,6,2897,10.180159568786621
4,398,7,1754,10.161779403686523
4,398,8,2910,10.04592514038086
4,398,9,1429,9.906396865844727
4,398,10,2136,9.887855529785156
4,399,1,2112,10.201066970825195
4,399,2,475,10.072420120239258
4,399,3,609,10.039770126342773
4,399,4,527,9.248798370361328
4,399,5,2080,9.191444396972656
4,399,6,3015,9.111159324645996
4,399,7,206,8.919487953186035
4,399,8,1429,8.588810920715332
4,399,9,2897,8.565041542053223
4,399,10,2568,8.415514945983887
4,400,1,2910,10.072992324829102
4,400,2,527,10.041449546813965
4,400,3,3015,9.82535457611084
4,400,4,2136,9.825248718261719
4,400,5,1999,9.823978424072266
4,400,6,2345,9.506420135498047
4,400,7,1429,9.397317886352539
4,400,8,275,9.170941352844238
4,400,9,2897,9.106664657592773
4,400,10,2235,9.050886154174805
4,401,1,2156,8.989400863647461
4,401,2,556,8.945099830627441
4,401,3,2082,8.608078002929688
4,401,4,2599,8.562256813049316
4,401,5,306,8.329349517822266
4,401,6,2621,8.286396980285645
4,401,7,1644,8.00239372253418
4,401,8,2951,7.997158527374268
4,401,9,2412,7.961000919342041
4,401,10,652,7.90790319442749
4,403,1,475,10.030752182006836
4,403,2,2112,10.028923034667969
4,403,3,609,9.986604690551758
4,403,4,2758,9.470193862915039
4,403,5,2080,9.326406478881836
4,403,6,527,9.274032592773438
4,403,7,3015,9.128917694091797
4,403,8,2136,9.123978614807129
4,403,9,2345,9.104873657226562
4,403,10,1429,8.889283180236816
4,404,1,2112,10.424931526184082
4,404,2,475,10.34548282623291
4,404,3,609,10.236197471618652
4,404,4,2080,9.748611450195312
4,404,5,2910,9.719500541687012
4,404,6,527,9.542409896850586
4,404,7,3015,9.410804748535156
4,404,8,1429,9.277332305908203
4,404,9,2830,9.217710494995117
4,404,10,1999,9.216808319091797
4,405,1,2758,10.954289436340332
4,405,2,2080,10.281233787536621
4,405,3,1307,9.92561149597168
4,405,4,2830,9.88801383972168
4,405,5,206,9.746336936950684
4,405,6,89,9.699240684509277
4,405,7,1570,9.326972007751465
4,405,8,30,9.102721214294434
4,405,9,1580,8.93993091583252
4,405,10,2643,8.921220779418945
4,406,1,2758,10.079893112182617
4,406,2,1999,9.829833030700684
4,406,3,1307,9.490190505981445
4,406,4,2830,9.382061004638672
4,406,5,3015,9.379384994506836
4,406,6,89,9.28878402709961
4,406,7,1429,9.113616943359375
4,406,8,275,9.082452774047852
4,406,9,2345,9.015883445739746
4,406,10,2643,8.96099853515625
4,407,1,475,8.623796463012695
4,407,2,609,8.366578102111816
4,407,3,2643,8.109707832336426
4,407,4,206,7.860940933227539
4,407,5,275,7.84022331237793
4,407,6,2758,7.811426639556885
4,407,7,89,7.798951148986816
4,407,8,2136,7.795983791351318
4,407,9,2910,7.781641006469727
4,407,10,2830,7.712056636810303
4,408,1,609,9.636520385742188
4,408,2,206,9.077922821044922
4,408,3,275,9.041664123535156
4,408,4,2136,9.034247398376465
4,408,5,89,9.00711441040039
4,408,6,2758,8.967823028564453
4,408,7,2896,8.938912391662598
4,408,8,2910,8.905561447143555
4,408,9,2235,8.804681777954102
4,408,10,2830,8.790637016296387
4,409,1,475,9.950870513916016
4,409,2,97,9.869240760803223
4,409,3,2112,9.801628112792969
4,409,4,2080,9.746500015258789
4,409,5,1328,9.742863655090332
4,409,6,656,9.702823638916016
4,409,7,2270,9.67080020904541
4,409,8,2293,9.565763473510742
4,409,9,609,9.520777702331543
4,409,10,1232,9.419073104858398
4,410,1,1328,10.254551887512207
4,410,2,656,10.207206726074219
4,410,3,475,10.155204772949219
4,410,4,97,10.141300201416016
4,410,5,2270,10.117674827575684
4,410,6,2293,9.999101638793945
4,410,7,2112,9.978981971740723
4,410,8,2080,9.975067138671875
4,410,9,508,9.85214900970459
4,410,10,1232,9.83414077758789
4,411,1,1870,11.941619873046875
4,411,2,508,11.905166625976562
4,411,3,2664,11.886347770690918
4,411,4,283,11.426789283752441
4,411,5,774,11.364069938659668
4,411,6,1121,11.088238716125488
4,411,7,656,11.082357406616211
4,411,8,1328,11.048736572265625
4,411,9,2270,11.039478302001953
4,411,10,2971,10.866233825683594
4,412,1,508,12.237251281738281
4,412,2,1870,12.188310623168945
4,412,3,2664,12.128557205200195
4,412,4,2488,11.94633674621582
4,412,5,283,11.693170547485352
4,412,6,656,11.3438720703125
4,412,7,1328,11.314006805419922
4,412,8,2270,11.306140899658203
4,412,9,1121,11.292725563049316
4,412,10,2971,10.99549388885498
4,413,1,508,12.484077453613281
4,413,2,1870,12.161800384521484
4,413,3,2664,12.135534286499023
4,413,4,283,11.749337196350098
4,413,5,1437,11.519682884216309
4,413,6,656,11.362533569335938
4,413,7,1328,11.335317611694336
4,413,8,2270,11.298233032226562
4,413,9,1121,11.03897762298584
4,413,10,1448,10.985784530639648
4,414,1,2906,8.83355712890625
4,414,2,1437,8.216859817504883
4,414,3,1878,8.20615291595459
4,414,4,2697,8.081721305847168
4,414,5,72,7.887175559997559
4,414,6,1312,7.873469352722168
4,414,7,759,7.869265079498291
4,414,8,718,7.847182273864746
4,414,9,1897,7.77066707611084
4,414,10,774,7.64627742767334
4,415,1,742,14.363052368164062
4,415,2,2272,13.85820198059082
4,415,3,2609,13.706905364990234
4,415,4,2851,13.690652847290039
4,415,5,566,13.569046020507812
4,415,6,2496,13.479429244995117
4,415,7,826,13.46837043762207
4,415,8,264,13.42564582824707
4,415,9,621,13.235767364501953
4,415,10,2183,13.197724342346191
4,416,1,2272,12.69510269165039
4,416,2,2609,12.62129020690918
4,416,3,826,11.936782836914062
4,416,4,566,11.889911651611328
4,416,5,884,11.787944793701172
4,416,6,2851,11.476306915283203
4,416,7,2761,11.301525115966797
4,416,8,594,11.267292976379395
4,416,9,2721,11.243896484375
4,416,10,535,11.232593536376953
4,417,1,742,13.556421279907227
4,417,2,2496,13.162795066833496
4,417,3,579,13.045360565185547
4,417,4,910,13.04437255859375
4,417,5,2486,12.811674118041992
4,417,6,624,12.792389869689941
4,417,7,2645,12.78010082244873
4,417,8,310,12.632390975952148
4,417,9,585,12.507887840270996
4,417,10,1029,12.301595687866211
4,418,1,2851,11.037559509277344
4,418,2,2272,10.814291954040527
4,418,3,2761,10.666482925415039
4,418,4,538,10.599830627441406
4,418,5,2721,10.452342987060547
4,418,6,566,10.406959533691406
4,418,7,826,10.38703727722168
4,418,8,2754,10.342863082885742
4,418,9,594,10.215519905090332
4,418,10,957,10.098445892333984
4,419,1,742,13.68919563293457
4,419,2,2272,13.014642715454102
4,419,3,2496,12.979202270507812
4,419,4,2609,12.768895149230957
4,419,5,12,12.749666213989258
4,419,6,826,12.701208114624023
4,419,7,2851,12.696626663208008
4,419,8,704,12.677312850952148
4,419,9,264,12.565840721130371
4,419,10,566,12.561199188232422
4,420,1,742,13.154237747192383
4,420,2,2272,13.115591049194336
4,420,3,2851,13.090869903564453
4,420,4,2609,12.990720748901367
4,420,5,1767,12.89449691772461
4,420,6,566,12.708368301391602
4,420,7,12,12.661876678466797
4,420,8,2761,12.657108306884766
4,420,9,826,12.621787071228027
4,420,10,2496,12.547603607177734
4,421,1,579,11.818143844604492
4,421,2,910,11.713504791259766
4,421,3,2486,11.638649940490723
4,421,4,2645,11.623231887817383
4,421,5,2851,11.439922332763672
4,421,6,2609,11.40628719329834
4,421,7,2761,11.050251007080078
4,421,8,826,10.848485946655273
4,421,9,2294,10.638717651367188
4,421,10,2311,10.638715744018555
4,422,1,742,14.247345924377441
4,422,2,264,13.902080535888672
4,422,3,2496,13.402935028076172
4,422,4,621,13.37667465209961
4,422,5,2700,13.338918685913086
4,422,6,518,13.323351860046387
4,422,7,2851,13.156770706176758
4,422,8,2272,13.112814903259277
4,422,9,2609,13.000486373901367
4,422,10,566,12.990096092224121
4,423,1,2272,14.23893928527832
4,423,2,538,14.040950775146484
4,423,3,535,13.997101783752441
4,423,4,2721,13.978917121887207
4,423,5,2609,13.95517349243164
4,423,6,594,13.88802433013916
4,423,7,742,13.723264694213867
4,423,8,566,13.681201934814453
4,423,9,264,13.614049911499023
4,423,10,826,13.416398048400879
4,424,1,2851,13.967705726623535
4,424,2,535,13.712233543395996
4,424,3,2761,13.658210754394531
4,424,4,884,13.639345169067383
4,424,5,1749,13.622920989990234
4,424,6,2035,13.284025192260742
4,424,7,2725,13.075556755065918
4,424,8,876,12.988483428955078
4,424,9,2754,12.885863304138184
4,424,10,1767,12.830573081970215
4,425,1,742,14.47990608215332
4,425,2,2496,13.76881217956543
4,425,3,2851,13.58108901977539
4,425,4,621,13.570023536682129
4,425,5,264,13.297919273376465
4,425,6,1767,13.287480354309082
4,425,7,2272,13.14199447631836
4,425,8,2609,12.951656341552734
4,425,9,12,12.884092330932617
4,425,10,2761,12.864304542541504
4,426,1,1749,12.807367324829102
4,426,2,884,12.598810195922852
4,426,3,2035,12.527398109436035
4,426,4,876,12.242437362670898
4,426,5,2725,12.20976448059082
4,426,6,826,12.131448745727539
4,426,7,293,11.71483039855957
4,426,8,1,11.395607948303223
4,426,9,2205,11.347888946533203
4,426,10,1467,11.297351837158203
4,427,1,742,14.983562469482422
4,427,2,2496,14.54774284362793
4,427,3,2851,14.192131042480469
4,427,4,310,14.122854232788086
4,427,5,910,13.706655502319336
4,427,6,579,13.691133499145508
4,427,7,1029,13.663411140441895
4,427,8,2486,13.544336318969727
4,427,9,2645,13.51965045928955
4,427,10,2761,13.143501281738281
4,428,1,884,11.968110084533691
4,428,2,1749,11.855710983276367
4,428,3,1517,11.81851577758789
4,428,4,2725,11.720898628234863
4,428,5,2035,11.591785430908203
4,428,6,876,11.322998046875
4,428,7,1,11.161991119384766
4,428,8,293,10.929542541503906
4,428,9,1040,10.868766784667969
4,428,10,2851,10.820096969604492
4,429,1,884,11.968110084533691
4,429,2,1749,11.855710983276367
4,429,3,1517,11.81851577758789
4,429,4,2725,11.720898628234863
4,429,5,2035,11.591785430908203
4,429,6,876,11.322998046875
4,429,7,1,11.161991119384766
4,429,8,293,10.929542541503906
4,429,9,1040,10.868766784667969
4,429,10,2851,10.820096969604492
4,430,1,884,11.968110084533691
4,430,2,1749,11.855710983276367
4,430,3,1517,11.81851577758789
4,430,4,2725,11.720898628234863
4,430,5,2035,11.591785430908203
4,430,6,876,11.322998046875
4,430,7,1,11.161991119384766
4,430,8,293,10.929542541503906
4,430,9,1040,10.868766784667969
4,430,10,2851,10.820096969604492
4,435,1,742,13.369967460632324
4,435,2,12,13.009845733642578
4,435,3,621,12.856634140014648
4,435,4,2700,12.659255981445312
4,435,5,1767,12.389888763427734
4,435,6,2851,12.128181457519531
4,435,7,2328,12.094240188598633
4,435,8,8,12.060338020324707
4,435,9,2093,11.965530395507812
4,435,10,273,11.889825820922852
4,436,1,2851,14.500690460205078
4,436,2,1767,13.700836181640625
4,436,3,2761,13.470890998840332
4,436,4,910,13.299707412719727
4,436,5,826,13.24822998046875
4,436,6,310,13.21830940246582
4,436,7,579,13.192636489868164
4,436,8,2486,13.114316940307617
4,436,9,2645,13.093864440917969
4,436,10,566,13.026493072509766
4,437,1,1767,14.370790481567383
4,437,2,2851,14.116434097290039
4,437,3,624,13.982381820678711
4,437,4,12,13.962291717529297
4,437,5,8,13.427289962768555
4,437,6,2328,13.294483184814453
4,437,7,2761,13.249109268188477
4,437,8,2093,13.206231117248535
4,437,9,826,13.197632789611816
4,437,10,2183,13.180093765258789
4,438,1,1767,14.765625
4,438,2,2851,14.32140827178955
4,438,3,12,14.262065887451172
4,438,4,2328,13.92806339263916
4,438,5,264,13.900729179382324
4,438,6,8,13.726491928100586
4,438,7,2761,13.70580005645752
4,438,8,2093,13.630215644836426
4,438,9,273,13.44240665435791
4,438,10,2700,13.392664909362793
4,439,1,2609,10.630754470825195
4,439,2,2272,10.621437072753906
4,439,3,538,10.302358627319336
4,439,4,826,10.086502075195312
4,439,5,595,10.069515228271484
4,439,6,566,10.03471851348877
4,439,7,2721,9.97146987915039
4,439,8,594,9.907426834106445
4,439,9,535,9.888198852539062
4,439,10,1542,9.833295822143555
4,440,1,2272,12.358866691589355
4,440,2,2609,12.263148307800293
4,440,3,538,11.964542388916016
4,440,4,884,11.806428909301758
4,440,5,915,11.778157234191895
4,440,6,1517,11.752227783203125
4,440,7,1,11.675176620483398
4,440,8,826,11.517230033874512
4,440,9,566,11.4517183303833
4,440,10,2665,11.415108680725098
4,441,1,2272,15.564608573913574
4,441,2,2609,15.400768280029297
4,441,3,826,14.503053665161133
4,441,4,538,14.421638488769531
4,441,5,1517,14.381439208984375
4,441,6,566,14.343587875366211
4,441,7,594,13.83012580871582
4,441,8,535,13.705034255981445
4,441,9,2721,13.522212028503418
4,441,10,1,13.34740161895752
4,442,1,1153,12.193878173828125
4,442,2,1206,12.162065505981445
4,442,3,536,11.952284812927246
4,442,4,538,11.944636344909668
4,442,5,1198,11.754825592041016
4,442,6,1674,11.739965438842773
4,442,7,595,11.670506477355957
4,442,8,730,11.65534782409668
4,442,9,1723,11.645634651184082
4,442,10,2312,11.608610153198242
4,443,1,1311,16.084369659423828
4,443,2,2228,15.352174758911133
4,443,3,2322,15.28614616394043
4,443,4,1070,14.87799072265625
4,443,5,357,14.421194076538086
4,443,6,1685,14.336931228637695
4,443,7,1190,14.309743881225586
4,443,8,1749,14.16159439086914
4,443,9,513,14.153874397277832
4,443,10,2525,14.119729995727539
4,444,1,58,11.46755599975586
4,444,2,1311,10.898233413696289
4,444,3,749,10.380245208740234
4,444,4,1223,10.225221633911133
4,444,5,2228,9.56922435760498
4,444,6,357,9.517661094665527
4,444,7,1312,9.471150398254395
4,444,8,1038,9.385854721069336
4,444,9,278,9.287341117858887
4,444,10,1190,9.2527494430542
4,445,1,1311,13.033727645874023
4,445,2,513,12.278018951416016
4,445,3,357,11.288412094116211
4,445,4,2322,11.264092445373535
4,445,5,1070,11.172807693481445
4,445,6,1386,11.015914916992188
4,445,7,1223,10.995055198669434
4,445,8,394,10.854287147521973
4,445,9,1312,10.651426315307617
4,445,10,2525,10.57149887084961
4,446,1,357,11.45974349975586
4,446,2,1311,11.162975311279297
4,446,3,2322,10.799827575683594
4,446,4,1070,10.780988693237305
4,446,5,1590,10.697797775268555
4,446,6,1685,10.463260650634766
4,446,7,1116,10.407515525817871
4,446,8,2525,10.271825790405273
4,446,9,1265,10.222465515136719
4,446,10,1769,10.20124626159668
4,448,1,1587,9.503218650817871
4,448,2,1116,9.48442268371582
4,448,3,2615,9.440351486206055
4,448,4,249,9.362244606018066
4,448,5,2704,9.35020637512207
4,448,6,1380,9.339496612548828
4,448,7,2705,9.331748962402344
4,448,8,788,9.264162063598633
4,448,9,665,9.23772144317627
4,448,10,2870,9.172714233398438
4,449,1,2615,10.496267318725586
4,449,2,2704,10.406091690063477
4,449,3,2391,10.193391799926758
4,449,4,2705,9.987972259521484
4,449,5,1048,9.96653938293457
4,449,6,2870,9.932055473327637
4,449,7,507,9.90078067779541
4,449,8,2210,9.770959854125977
4,449,9,249,9.738828659057617
4,449,10,1635,9.626655578613281
4,450,1,2391,13.946630477905273
4,450,2,1587,13.684843063354492
4,450,3,1184,13.656085968017578
4,450,4,1048,13.602916717529297
4,450,5,2210,13.43993091583252
4,450,6,665,13.167269706726074
4,450,7,2870,13.019577026367188
4,450,8,1200,12.952398300170898
4,450,9,2705,12.941102981567383
4,450,10,1718,12.90025520324707
4,451,1,2615,10.166936874389648
4,451,2,2704,10.117366790771484
4,451,3,2391,9.982768058776855
4,451,4,1184,9.861869812011719
4,451,5,1587,9.858860969543457
4,451,6,1048,9.684988021850586
4,451,7,2210,9.621248245239258
4,451,8,2870,9.6034517288208
4,451,9,2705,9.477319717407227
4,451,10,665,9.391809463500977
4,452,1,2615,11.691034317016602
4,452,2,2704,11.532033920288086
4,452,3,1184,11.336066246032715
4,452,4,1048,11.307014465332031
4,452,5,2870,11.301368713378906
4,452,6,2391,11.262361526489258
4,452,7,2705,11.19399642944336
4,452,8,1587,11.134328842163086
4,452,9,672,10.973396301269531
4,452,10,1635,10.922324180603027
4,453,1,2704,17.564117431640625
4,453,2,2391,17.305988311767578
4,453,3,2210,16.76224708557129
4,453,4,507,15.657175064086914
4,453,5,672,15.561832427978516
4,453,6,2870,15.292243957519531
4,453,7,833,15.277626037597656
4,453,8,249,15.157806396484375
4,453,9,2705,15.066556930541992
4,453,10,2912,15.021247863769531
4,454,1,1048,15.257408142089844
4,454,2,665,14.870780944824219
4,454,3,2952,14.516867637634277
4,454,4,1200,14.337285995483398
4,454,5,953,13.984285354614258
4,454,6,833,13.859790802001953
4,454,7,249,13.712700843811035
4,454,8,2705,13.557344436645508
4,454,9,481,13.481108665466309
4,454,10,2870,13.47966194152832
4,455,1,1048,15.746800422668457
4,455,2,507,14.808834075927734
4,455,3,1200,14.736663818359375
4,455,4,672,14.426580429077148
4,455,5,2952,13.97601318359375
4,455,6,2870,13.967799186706543
4,455,7,2912,13.893363952636719
4,455,8,1009,13.758230209350586
4,455,9,2705,13.690832138061523
4,455,10,249,13.622507095336914
4,456,1,1184,19.110210418701172
4,456,2,507,18.570056915283203
4,456,3,2952,18.355052947998047
4,456,4,1009,17.95382308959961
4,456,5,833,17.806716918945312
4,456,6,672,17.665264129638672
4,456,7,557,17.016185760498047
4,456,8,1718,17.00381088256836
4,456,9,2912,16.979122161865234
4,456,10,249,16.518539428710938
4,457,1,2704,17.391319274902344
4,457,2,2210,16.687881469726562
4,457,3,507,15.40610122680664
4,457,4,672,15.216915130615234
4,457,5,833,14.840226173400879
4,457,6,2870,14.830953598022461
4,457,7,2912,14.67811393737793
4,457,8,249,14.673504829406738
4,457,9,2705,14.667518615722656
4,457,10,1009,14.306279182434082
4,458,1,2391,13.713272094726562
4,458,2,2210,13.264391899108887
4,458,3,1048,13.206528663635254
4,458,4,1200,12.484525680541992
4,458,5,2870,12.410422325134277
4,458,6,249,12.281694412231445
4,458,7,2705,12.27621078491211
4,458,8,1718,12.174726486206055
4,458,9,833,11.842533111572266
4,458,10,1635,11.753860473632812
4,459,1,2493,10.524961471557617
4,459,2,2971,10.21929931640625
4,459,3,1674,10.10718822479248
4,459,4,1354,9.898296356201172
4,459,5,1832,9.890680313110352
4,459,6,1206,9.547172546386719
4,459,7,2106,9.433921813964844
4,459,8,2312,9.35601806640625
4,459,9,508,9.306239128112793
4,459,10,2007,9.19271183013916
4,460,1,2971,9.526451110839844
4,460,2,2106,9.138500213623047
4,460,3,1206,8.939284324645996
4,460,4,387,8.862922668457031
4,460,5,2176,8.845222473144531
4,460,6,508,8.755819320678711
4,460,7,863,8.730741500854492
4,460,8,1964,8.707347869873047
4,460,9,2363,8.703922271728516
4,460,10,2312,8.67214298248291
4,461,1,1153,10.138331413269043
4,461,2,2971,9.907967567443848
4,461,3,387,9.621963500976562
4,461,4,2106,9.493903160095215
4,461,5,2176,9.327991485595703
4,461,6,2403,9.316837310791016
4,461,7,738,9.289249420166016
4,461,8,779,9.257243156433105
4,461,9,646,9.23808479309082
4,461,10,1964,9.23296070098877
4,462,1,2971,10.265789031982422
4,462,2,554,9.802921295166016
4,462,3,1206,9.614054679870605
4,462,4,2106,9.50914478302002
4,462,5,508,9.448173522949219
4,462,6,72,9.433497428894043
4,462,7,2312,9.399608612060547
4,462,8,2007,9.302665710449219
4,462,9,387,9.289548873901367
4,462,10,1310,9.278620719909668
4,463,1,2971,9.507566452026367
4,463,2,1153,9.339398384094238
4,463,3,536,9.287890434265137
4,463,4,738,9.246825218200684
4,463,5,2106,9.150471687316895
4,463,6,1146,9.150116920471191
4,463,7,2176,9.122390747070312
4,463,8,387,9.099397659301758
4,463,9,1964,9.052966117858887
4,463,10,2403,8.915857315063477
4,465,1,2157,8.861534118652344
4,465,2,508,8.781893730163574
4,465,3,668,8.64730167388916
4,465,4,2862,8.576465606689453
4,465,5,2270,8.255290985107422
4,465,6,656,8.233214378356934
4,465,7,1328,8.221956253051758
4,465,8,2628,8.016767501831055
4,465,9,192,8.013957977294922
4,465,10,1516,8.005926132202148
4,467,1,508,9.9686861038208
4,467,2,2355,9.859829902648926
4,467,3,2270,9.409887313842773
4,467,4,656,9.400235176086426
4,467,5,1328,9.378434181213379
4,467,6,2098,9.281723022460938
4,467,7,192,9.250194549560547
4,467,8,1516,9.247004508972168
4,467,9,2628,9.228267669677734
4,467,10,1521,9.203207969665527
4,468,1,2354,9.496356964111328
4,468,2,508,9.399741172790527
4,468,3,905,9.371576309204102
4,468,4,656,9.050655364990234
4,468,5,1328,9.023530960083008
4,468,6,2270,9.003656387329102
4,468,7,627,8.930925369262695
4,468,8,637,8.847936630249023
4,468,9,2628,8.83604621887207
4,468,10,1718,8.817388534545898
4,469,1,2971,10.587263107299805
4,469,2,1674,10.307791709899902
4,469,3,1354,10.101641654968262
4,469,4,1206,9.980363845825195
4,469,5,1832,9.966712951660156
4,469,6,2106,9.867151260375977
4,469,7,2312,9.690658569335938
4,469,8,508,9.681653022766113
4,469,9,387,9.620219230651855
4,469,10,2176,9.547567367553711
4,470,1,508,10.759918212890625
4,470,2,2270,10.213129043579102
4,470,3,656,10.201581954956055
4,470,4,1328,10.189191818237305
4,470,5,1476,10.129565238952637
4,470,6,2931,9.975774765014648
4,470,7,192,9.737703323364258
4,470,8,1516,9.673583984375
4,470,9,2098,9.587709426879883
4,470,10,2628,9.569883346557617
4,471,1,1248,10.228153228759766
4,471,2,707,9.45431137084961
4,471,3,534,8.983383178710938
4,471,4,1612,8.863248825073242
4,471,5,766,8.656328201293945
4,471,6,1681,8.475813865661621
4,471,7,2448,8.296241760253906
4,471,8,2482,8.194076538085938
4,471,9,2432,8.187841415405273
4,471,10,2521,8.17625904083252
4,472,1,1248,12.705549240112305
4,472,2,766,10.826896667480469
4,472,3,534,10.751041412353516
4,472,4,1612,10.590869903564453
4,472,5,1681,10.081768989562988
4,472,6,2521,9.96782112121582
4,472,7,2713,9.83040714263916
4,472,8,2482,9.792506217956543
4,472,9,2448,9.734002113342285
4,472,10,674,9.705042839050293
4,474,1,1531,12.295268058776855
4,474,2,534,11.260791778564453
4,474,3,1612,10.987085342407227
4,474,4,1681,10.693975448608398
4,474,5,2521,10.557817459106445
4,474,6,2482,10.538061141967773
4,474,7,598,10.241689682006836
4,474,8,674,10.23792839050293
4,474,9,1698,10.218528747558594
4,474,10,2159,10.168989181518555
4,475,1,1447,14.053707122802734
4,475,2,534,12.39832592010498
4,475,3,1612,12.081915855407715
4,475,4,1681,11.68513298034668
4,475,5,2521,11.671107292175293
4,475,6,766,11.577058792114258
4,475,7,2482,11.490396499633789
4,475,8,2432,11.11104965209961
4,475,9,674,11.007078170776367
4,475,10,2448,10.913921356201172
4,476,1,534,11.63296890258789
4,476,2,1681,11.178359985351562
4,476,3,1612,11.0555419921875
4,476,4,2482,11.013426780700684
4,476,5,1531,10.829879760742188
4,476,6,2521,10.462862968444824
4,476,7,1809,10.124993324279785
4,476,8,2448,10.028544425964355
4,476,9,1812,10.009868621826172
4,476,10,306,9.82718276977539
4,477,1,1531,12.099382400512695
4,477,2,1447,12.040016174316406
4,477,3,534,11.090691566467285
4,477,4,1612,10.955266952514648
4,477,5,1681,10.566269874572754
4,477,6,674,10.530315399169922
4,477,7,598,10.530006408691406
4,477,8,2521,10.351146697998047
4,477,9,2159,10.339290618896484
4,477,10,2482,10.31912612915039
4,478,1,1447,10.708623886108398
4,478,2,1248,10.685647010803223
4,478,3,1531,10.533360481262207
4,478,4,534,9.903938293457031
4,478,5,1612,9.511428833007812
4,478,6,1681,9.503986358642578
4,478,7,2521,9.405393600463867
4,478,8,2482,9.363763809204102
4,478,9,598,9.284332275390625
4,478,10,2159,9.223674774169922
4,479,1,1248,10.583080291748047
4,479,2,2285,10.581890106201172
4,479,3,534,10.401449203491211
4,479,4,1447,10.39631462097168
4,479,5,2848,10.351158142089844
4,479,6,1681,10.169563293457031
4,479,7,1374,10.156026840209961
4,479,8,2552,10.059832572937012
4,479,9,1981,10.048927307128906
4,479,10,2482,10.041789054870605
4,480,1,1248,13.212249755859375
4,480,2,766,11.278867721557617
4,480,3,534,10.89053726196289
4,480,4,1612,10.725480079650879
4,480,5,2521,10.409945487976074
4,480,6,2144,10.234185218811035
4,480,7,1681,10.233026504516602
4,480,8,674,10.224981307983398
4,480,9,127,10.171133995056152
4,480,10,235,10.151947021484375
4,481,1,1328,8.839510917663574
4,481,2,656,8.771345138549805
4,481,3,2118,8.386004447937012
4,481,4,2270,8.3073091506958
4,481,5,2293,8.295202255249023
4,481,6,1413,8.192938804626465
4,481,7,416,8.17729377746582
4,481,8,1346,8.15839958190918
4,481,9,508,8.128311157226562
4,481,10,1465,8.113109588623047
4,483,1,534,8.693404197692871
4,483,2,1681,8.684318542480469
4,483,3,1328,8.452796936035156
4,483,4,656,8.380792617797852
4,483,5,2482,8.37983226776123
4,483,6,508,8.25873851776123
4,483,7,1612,8.208977699279785
4,483,8,1569,8.112727165222168
4,483,9,2270,7.993139266967773
4,483,10,2118,7.977144241333008
4,484,1,534,8.693404197692871
4,484,2,1681,8.684318542480469
4,484,3,1328,8.452796936035156
4,484,4,656,8.380792617797852
4,484,5,2482,8.37983226776123
4,484,6,508,8.25873851776123
4,484,7,1612,8.208977699279785
4,484,8,1569,8.112727165222168
4,484,9,2270,7.993139266967773
4,484,10,2118,7.977144241333008
4,485,1,534,8.94039249420166
4,485,2,1681,8.783365249633789
4,485,3,1248,8.729584693908691
4,485,4,1612,8.65150260925293
4,485,5,1447,8.620954513549805
4,485,6,1569,8.557146072387695
4,485,7,2482,8.485776901245117
4,485,8,508,8.373703002929688
4,485,9,1328,8.29422378540039
4,485,10,520,8.229159355163574
4,486,1,474,9.222551345825195
4,486,2,1312,8.95467758178711
4,486,3,1395,8.931650161743164
4,486,4,63,8.730687141418457
4,486,5,1311,8.724201202392578
4,486,6,2228,8.609576225280762
4,486,7,1685,8.576593399047852
4,486,8,746,8.571370124816895
4,486,9,1600,8.560789108276367
4,486,10,597,8.39022445678711
4,487,1,1328,8.140158653259277
4,487,2,656,8.07301139831543
4,487,3,398,8.056069374084473
4,487,4,2100,8.051694869995117
4,487,5,2972,8.02186393737793
4,487,6,508,7.943658828735352
4,487,7,1270,7.928311824798584
4,487,8,2045,7.693821907043457
4,487,9,306,7.610053062438965
4,487,10,2270,7.582159042358398
4,491,1,1015,10.099921226501465
4,491,2,504,10.034013748168945
4,491,3,495,9.9949951171875
4,491,4,1685,9.961347579956055
4,491,5,2324,9.948750495910645
4,491,6,1831,9.946948051452637
4,491,7,563,9.73686408996582
4,491,8,183,9.624073028564453
4,491,9,998,9.505969047546387
4,491,10,1312,9.439051628112793
4,492,1,1161,10.739992141723633
4,492,2,504,10.69252872467041
4,492,3,1312,10.646642684936523
4,492,4,1015,10.536846160888672
4,492,5,1682,10.259915351867676
4,492,6,2324,10.236211776733398
4,492,7,1685,10.211896896362305
4,492,8,2297,10.20284652709961
4,492,9,563,10.0785551071167
4,492,10,1395,9.995302200317383
4,493,1,1312,9.557207107543945
4,493,2,1395,9.263290405273438
4,493,3,185,8.871776580810547
4,493,4,541,8.86719036102295
4,493,5,1015,8.8387451171875
4,493,6,504,8.827714920043945
4,493,7,563,8.783512115478516
4,493,8,1836,8.684869766235352
4,493,9,2324,8.590205192565918
4,493,10,1161,8.524065971374512
4,494,1,1685,12.999079704284668
4,494,2,666,12.289032936096191
4,494,3,63,12.233613014221191
4,494,4,597,12.008279800415039
4,494,5,1265,11.989311218261719
4,494,6,474,11.833621978759766
4,494,7,2525,11.676029205322266
4,494,8,1311,11.326892852783203
4,494,9,1171,11.196150779724121
4,494,10,1312,10.91172981262207
4,495,1,1966,11.400096893310547
4,495,2,2219,11.400096893310547
4,495,3,1435,10.698369026184082
4,495,4,2412,10.301595687866211
4,495,5,546,10.223304748535156
4,495,6,98,10.185785293579102
4,495,7,1717,10.04879379272461
4,495,8,184,10.033247947692871
4,495,9,3018,9.962084770202637
4,495,10,476,9.925278663635254
