fold,user,rank,item,score
0,1,1,3009,11.636651992797852
0,1,2,2734,11.413625717163086
0,1,3,2273,11.337209701538086
0,1,4,2789,11.257698059082031
0,1,5,1461,11.195108413696289
0,1,6,2581,11.159473419189453
0,1,7,2559,11.072696685791016
0,1,8,2111,10.960810661315918
0,1,9,2410,10.946611404418945
0,1,10,278,10.929679870605469
0,2,1,3018,5.735976696014404
0,2,2,865,5.735976696014404
0,2,3,298,5.67841911315918
0,2,4,98,5.657507419586182
0,2,5,414,5.656561851501465
0,2,6,2067,5.56806755065918
0,2,7,1717,5.552314758300781
0,2,8,1966,5.53542947769165
0,2,9,2202,5.473294258117676
0,2,10,1712,5.403214931488037
0,3,1,634,6.698623180389404
0,3,2,14,6.689166069030762
0,3,3,2258,6.453143119812012
0,3,4,2291,6.401066780090332
0,3,5,208,6.342864990234375
0,3,6,2127,6.307394027709961
0,3,7,1156,6.237751007080078
0,3,8,494,6.215620994567871
0,3,9,2848,6.210616588592529
0,3,10,601,6.175138473510742
0,4,1,634,7.980572700500488
0,4,2,327,7.943352699279785
0,4,3,1737,7.508503437042236
0,4,4,215,7.427266597747803
0,4,5,1127,7.351132869720459
0,4,6,598,7.279899597167969
0,4,7,990,7.2616729736328125
0,4,8,3016,7.225025177001953
0,4,9,1525,7.203310012817383
0,4,10,1982,7.14198112487793
0,7,1,599,7.359676361083984
0,7,2,1127,7.295736789703369
0,7,3,1428,7.283026695251465
0,7,4,1300,7.226114749908447
0,7,5,205,7.127253532409668
0,7,6,2410,7.101297378540039
0,7,7,1059,6.949156761169434
0,7,8,2111,6.920987606048584
0,7,9,3042,6.892187118530273
0,7,10,954,6.890058517456055
0,9,1,865,7.5749664306640625
0,9,2,3018,7.5749664306640625
0,9,3,2940,7.388218879699707
0,9,4,421,7.3793792724609375
0,9,5,2877,7.3628339767456055
0,9,6,767,7.341043472290039
0,9,7,2995,7.272586822509766
0,9,8,414,7.2589263916015625
0,9,9,1966,7.249305248260498
0,9,10,2717,7.237368583679199
0,11,1,2073,6.865888595581055
0,11,2,674,6.805184364318848
0,11,3,1650,6.704448699951172
0,11,4,2556,6.542733669281006
0,11,5,327,6.416944980621338
0,11,6,2287,6.4095916748046875
0,11,7,557,6.382746696472168
0,11,8,1839,6.357518196105957
0,11,9,689,6.340161323547363
0,11,10,38,6.236894607543945
0,12,1,3016,8.133489608764648
0,12,2,1642,7.937658309936523
0,12,3,215,7.828062057495117
0,12,4,2367,7.5095415115356445
0,12,5,598,7.485176086425781
0,12,6,2143,7.450669288635254
0,12,7,2073,7.402749061584473
0,12,8,556,7.38692569732666
0,12,9,689,7.382185459136963
0,12,10,2159,7.366425514221191
0,13,1,634,9.620874404907227
0,13,2,2877,8.886988639831543
0,13,3,327,8.498647689819336
0,13,4,766,8.219396591186523
0,13,5,2258,8.177130699157715
0,13,6,494,8.16897201538086
0,13,7,1748,8.155963897705078
0,13,8,1982,8.127469062805176
0,13,9,3018,8.082331657409668
0,13,10,865,8.082331657409668
0,14,1,674,6.844200134277344
0,14,2,2892,6.570768356323242
0,14,3,14,6.4169206619262695
0,14,4,1495,6.405625343322754
0,14,5,1691,6.4020586013793945
0,14,6,557,6.3794355392456055
0,14,7,2114,6.3740339279174805
0,14,8,1651,6.365928649902344
0,14,9,38,6.351656436920166
0,14,10,567,6.32697057723999
0,15,1,3018,8.270122528076172
0,15,2,865,8.270122528076172
0,15,3,634,8.089606285095215
0,15,4,2877,7.9510273933410645
0,15,5,1748,7.577947616577148
0,15,6,1712,7.576785087585449
0,15,7,2219,7.499602317810059
0,15,8,298,7.492032051086426
0,15,9,1966,7.479490756988525
0,15,10,2616,7.454188346862793
0,16,1,1507,9.4923095703125
0,16,2,634,8.935489654541016
0,16,3,1461,8.850645065307617
0,16,4,298,8.754091262817383
0,16,5,1127,8.72970199584961
0,16,6,2789,8.613143920898438
0,16,7,1982,8.54353141784668
0,16,8,461,8.420937538146973
0,16,9,1513,8.389717102050781
0,16,10,611,8.38788890838623
0,17,1,2745,5.8845720291137695
0,17,2,38,5.5726776123046875
0,17,3,1650,5.565436840057373
0,17,4,2303,5.533148765563965
0,17,5,674,5.517045021057129
0,17,6,2073,5.4926066398620605
0,17,7,557,5.427491664886475
0,17,8,2556,5.351371765136719
0,17,9,1839,5.331360816955566
0,17,10,55,5.289492607116699
0,18,1,634,8.299696922302246
0,18,2,1525,7.895502090454102
0,18,3,327,7.889678001403809
0,18,4,1197,7.8498759269714355
0,18,5,2848,7.6613311767578125
0,18,6,598,7.639011859893799
0,18,7,861,7.620670318603516
0,18,8,215,7.530516624450684
0,18,9,1792,7.527524948120117
0,18,10,2127,7.524013042449951
0,21,1,2367,6.3370561599731445
0,21,2,2087,6.264031410217285
0,21,3,415,5.9930033683776855
0,21,4,2238,5.929034233093262
0,21,5,556,5.89052677154541
0,21,6,1359,5.889559745788574
0,21,7,598,5.877856731414795
0,21,8,2095,5.790175437927246
0,21,9,1142,5.771880626678467
0,21,10,1642,5.762896537780762
0,22,1,746,9.122279167175293
0,22,2,2963,8.9364013671875
0,22,3,1546,8.73854923248291
0,22,4,1127,8.358284950256348
0,22,5,461,8.040851593017578
0,22,6,1600,8.002891540527344
0,22,7,1582,7.963078498840332
0,22,8,2259,7.955019474029541
0,22,9,2306,7.8885626792907715
0,22,10,3063,7.800614356994629
0,23,1,3018,9.48729133605957
0,23,2,865,9.48729133605957
0,23,3,2219,8.949102401733398
0,23,4,1966,8.764751434326172
0,23,5,298,8.67951774597168
0,23,6,767,8.606630325317383
0,23,7,1712,8.528255462646484
0,23,8,2877,8.467109680175781
0,23,9,1748,8.450699806213379
0,23,10,1839,8.410931587219238
0,24,1,1717,8.26046371459961
0,24,2,3018,8.132972717285156
0,24,3,865,8.132972717285156
0,24,4,1966,7.6930251121521
0,24,5,2751,7.6188788414001465
0,24,6,2219,7.537675857543945
0,24,7,2877,7.457910537719727
0,24,8,1712,7.449075698852539
0,24,9,39,7.402462482452393
0,24,10,634,7.393320083618164
0,25,1,14,9.653721809387207
0,25,2,2291,9.428496360778809
0,25,3,2127,9.35283088684082
0,25,4,1352,9.31672477722168
0,25,5,2258,9.294942855834961
0,25,6,1535,9.258197784423828
0,25,7,2848,9.07940673828125
0,25,8,634,8.978339195251465
0,25,9,402,8.792198181152344
0,25,10,601,8.788467407226562
0,26,1,1717,12.245393753051758
0,26,2,3004,11.31051254272461
0,26,3,865,11.160500526428223
0,26,4,3018,11.160500526428223
0,26,5,2877,11.098381042480469
0,26,6,46,10.952804565429688
0,26,7,2219,10.895523071289062
0,26,8,2751,10.800189018249512
0,26,9,767,10.787717819213867
0,26,10,1966,10.74998664855957
0,27,1,634,11.697586059570312
0,27,2,780,11.592493057250977
0,27,3,2288,11.484285354614258
0,27,4,2780,11.400681495666504
0,27,5,1197,11.227252006530762
0,27,6,3004,10.814112663269043
0,27,7,1543,10.775588989257812
0,27,8,2167,10.770574569702148
0,27,9,1839,10.715890884399414
0,27,10,2474,10.690526962280273
0,28,1,2616,7.382311820983887
0,28,2,426,7.0937299728393555
0,28,3,3018,6.936576843261719
0,28,4,865,6.936576843261719
0,28,5,285,6.870607376098633
0,28,6,3054,6.790088653564453
0,28,7,612,6.789392948150635
0,28,8,498,6.752715110778809
0,28,9,611,6.702107906341553
0,28,10,1712,6.65452241897583
0,29,1,129,7.792423248291016
0,29,2,3037,7.622811317443848
0,29,3,421,7.486268043518066
0,29,4,1359,7.471920967102051
0,29,5,780,7.448374271392822
0,29,6,1839,7.391787528991699
0,29,7,2073,7.3065314292907715
0,29,8,2940,7.256702423095703
0,29,9,2896,7.22545862197876
0,29,10,2303,7.209367752075195
0,31,1,2435,7.0793328285217285
0,31,2,634,6.884008884429932
0,31,3,1507,6.333987236022949
0,31,4,1554,6.090599536895752
0,31,5,1982,5.940921783447266
0,31,6,2552,5.928053855895996
0,31,7,2810,5.915440559387207
0,31,8,186,5.8970465660095215
0,31,9,364,5.798268795013428
0,31,10,2474,5.727367401123047
0,32,1,1127,9.297616958618164
0,32,2,1737,8.875692367553711
0,32,3,1461,8.743590354919434
0,32,4,298,8.565165519714355
0,32,5,1513,8.476638793945312
0,32,6,2789,8.444660186767578
0,32,7,400,8.39901065826416
0,32,8,2742,8.370823860168457
0,32,9,1428,8.322851181030273
0,32,10,2581,8.270217895507812
0,33,1,38,7.436499118804932
0,33,2,2288,7.276210308074951
0,33,3,557,7.129750728607178
0,33,4,2780,7.050300598144531
0,33,5,1839,7.000232696533203
0,33,6,634,6.926711082458496
0,33,7,2303,6.71856164932251
0,33,8,1982,6.490045070648193
0,33,9,1359,6.457749366760254
0,33,10,1342,6.396679878234863
0,34,1,1374,7.467761039733887
0,34,2,2674,7.408046722412109
0,34,3,2127,7.248586654663086
0,34,4,1442,7.248302459716797
0,34,5,1669,7.242176055908203
0,34,6,1723,7.227700710296631
0,34,7,1206,7.151801586151123
0,34,8,1682,7.142055511474609
0,34,9,1201,7.139699935913086
0,34,10,63,7.135069370269775
0,35,1,1717,6.148200511932373
0,35,2,2751,5.889954566955566
0,35,3,2299,5.733578681945801
0,35,4,2969,5.592300891876221
0,35,5,865,5.588388442993164
0,35,6,3018,5.588388442993164
0,35,7,455,5.544505596160889
0,35,8,38,5.466171741485596
0,35,9,98,5.4530744552612305
0,35,10,1206,5.41508674621582
0,36,1,1507,7.974015235900879
0,36,2,1461,7.531604290008545
0,36,3,1127,7.4275922775268555
0,36,4,1839,7.274599075317383
0,36,5,2111,7.199288368225098
0,36,6,2742,7.172358512878418
0,36,7,205,7.157864570617676
0,36,8,1300,7.156748294830322
0,36,9,461,7.122685432434082
0,36,10,2789,7.122312068939209
0,37,1,634,8.540081024169922
0,37,2,208,7.9769697189331055
0,37,3,2288,7.820575714111328
0,37,4,1940,7.799593925476074
0,37,5,1982,7.736833572387695
0,37,6,2780,7.67502498626709
0,37,7,1454,7.6489105224609375
0,37,8,1340,7.614783763885498
0,37,9,2727,7.588741302490234
0,37,10,2895,7.569524765014648
0,38,1,1302,8.406892776489258
0,38,2,655,8.362201690673828
0,38,3,1202,8.205503463745117
0,38,4,1513,8.194782257080078
0,38,5,1237,8.194337844848633
0,38,6,530,8.141887664794922
0,38,7,1550,8.064496040344238
0,38,8,321,7.964838981628418
0,38,9,2789,7.9315080642700195
0,38,10,2405,7.8301286697387695
0,39,1,354,12.94424057006836
0,39,2,2018,12.649328231811523
0,39,3,1302,12.645198822021484
0,39,4,321,12.496162414550781
0,39,5,2030,12.3052978515625
0,39,6,1237,12.192657470703125
0,39,7,1757,12.113080978393555
0,39,8,2802,12.045670509338379
0,39,9,906,11.920143127441406
0,39,10,1196,11.912002563476562
0,40,1,1302,9.850912094116211
0,40,2,1237,9.684773445129395
0,40,3,1202,9.565649032592773
0,40,4,655,9.307341575622559
0,40,5,55,8.937519073486328
0,40,6,1550,8.90997314453125
0,40,7,2405,8.825484275817871
0,40,8,354,8.79835319519043
0,40,9,2839,8.724954605102539
0,40,10,321,8.703478813171387
0,42,1,1738,12.402121543884277
0,42,2,747,12.145427703857422
0,42,3,957,12.027425765991211
0,42,4,2754,11.890531539916992
0,42,5,221,11.810810089111328
0,42,6,2212,11.588844299316406
0,42,7,786,11.515968322753906
0,42,8,1913,11.504637718200684
0,42,9,1190,11.458492279052734
0,42,10,2228,11.45246696472168
0,43,1,747,11.614990234375
0,43,2,221,11.468896865844727
0,43,3,2754,11.465462684631348
0,43,4,2212,11.452676773071289
0,43,5,1913,11.243128776550293
0,43,6,786,11.231744766235352
0,43,7,957,11.211722373962402
0,43,8,1190,11.173730850219727
0,43,9,2228,11.156196594238281
0,43,10,471,10.93859577178955
0,45,1,2273,11.055824279785156
0,45,2,1611,10.547370910644531
0,45,3,2974,10.514071464538574
0,45,4,2347,10.461749076843262
0,45,5,2173,10.454914093017578
0,45,6,1995,10.21939468383789
0,45,7,612,10.137285232543945
0,45,8,1701,10.105043411254883
0,45,9,1571,9.985641479492188
0,45,10,562,9.875614166259766
0,46,1,59,11.102560043334961
0,46,2,667,11.080235481262207
0,46,3,1995,11.073883056640625
0,46,4,957,11.030085563659668
0,46,5,390,11.02652359008789
0,46,6,1611,10.95050048828125
0,46,7,747,10.690723419189453
0,46,8,2974,10.652655601501465
0,46,9,1116,10.617176055908203
0,46,10,562,10.601659774780273
0,47,1,747,9.581747055053711
0,47,2,2754,9.408050537109375
0,47,3,957,9.363903999328613
0,47,4,221,9.358467102050781
0,47,5,876,9.33156681060791
0,47,6,1913,9.170806884765625
0,47,7,248,9.158808708190918
0,47,8,786,9.117229461669922
0,47,9,1190,9.104148864746094
0,47,10,2228,9.094867706298828
0,48,1,1738,10.720227241516113
0,48,2,2273,10.175271987915039
0,48,3,1995,9.617218017578125
0,48,4,2,9.519689559936523
0,48,5,59,9.515859603881836
0,48,6,957,9.481901168823242
0,48,7,1611,9.440054893493652
0,48,8,747,9.343311309814453
0,48,9,535,9.269514083862305
0,48,10,2974,9.263236999511719
0,49,1,747,11.8270263671875
0,49,2,957,11.365560531616211
0,49,3,2754,11.203926086425781
0,49,4,221,11.048519134521484
0,49,5,667,10.871784210205078
0,49,6,2788,10.796791076660156
0,49,7,1190,10.688192367553711
0,49,8,2228,10.666900634765625
0,49,9,1913,10.653465270996094
0,49,10,786,10.647340774536133
0,50,1,1848,13.763801574707031
0,50,2,747,12.418911933898926
0,50,3,957,12.134550094604492
0,50,4,1417,11.521921157836914
0,50,5,2212,11.361178398132324
0,50,6,1208,11.304359436035156
0,50,7,1040,11.021116256713867
0,50,8,2205,10.98331069946289
0,50,9,221,10.802445411682129
0,50,10,1913,10.774825096130371
0,51,1,2273,12.256513595581055
0,51,2,747,11.438702583312988
0,51,3,957,11.25551700592041
0,51,4,2173,11.111230850219727
0,51,5,1208,11.055216789245605
0,51,6,1621,11.003747940063477
0,51,7,1818,10.81209945678711
0,51,8,826,10.75355339050293
0,51,9,535,10.69847297668457
0,51,10,1040,10.679174423217773
0,52,1,1461,9.899532318115234
0,52,2,1127,9.897443771362305
0,52,3,1428,9.754386901855469
0,52,4,461,9.48904800415039
0,52,5,2789,9.432416915893555
0,52,6,1513,9.274883270263672
0,52,7,2111,9.174375534057617
0,52,8,599,9.123039245605469
0,52,9,205,9.051227569580078
0,52,10,480,9.045318603515625
0,53,1,1461,7.185120582580566
0,53,2,1279,7.155858039855957
0,53,3,390,6.951412677764893
0,53,4,1738,6.767088890075684
0,53,5,471,6.724087715148926
0,53,6,599,6.669135093688965
0,53,7,655,6.656135559082031
0,53,8,430,6.563902854919434
0,53,9,32,6.536237716674805
0,53,10,551,6.535872459411621
0,54,1,2353,7.883289813995361
0,54,2,1461,7.308231353759766
0,54,3,461,6.970808982849121
0,54,4,1250,6.968744277954102
0,54,5,3042,6.94707727432251
0,54,6,599,6.943742275238037
0,54,7,2557,6.912899971008301
0,54,8,2339,6.881030559539795
0,54,9,430,6.752551078796387
0,54,10,2556,6.718910217285156
0,55,1,1104,6.940544605255127
0,55,2,1250,6.633345603942871
0,55,3,3042,6.600221633911133
0,55,4,1279,6.52474308013916
0,55,5,2557,6.523255348205566
0,55,6,461,6.486157417297363
0,55,7,264,6.344522476196289
0,55,8,621,6.3046650886535645
0,55,9,1127,6.268784999847412
0,55,10,2740,6.1929216384887695
0,56,1,890,9.573878288269043
0,56,2,2340,9.515579223632812
0,56,3,1428,9.174595832824707
0,56,4,1127,8.721538543701172
0,56,5,2804,8.541332244873047
0,56,6,599,8.47636890411377
0,56,7,645,8.435709953308105
0,56,8,461,8.360514640808105
0,56,9,1461,8.233478546142578
0,56,10,791,8.143228530883789
0,57,1,865,9.340010643005371
0,57,2,3018,9.340010643005371
0,57,3,2219,9.197144508361816
0,57,4,767,9.16341781616211
0,57,5,1712,9.14579963684082
0,57,6,1428,9.106855392456055
0,57,7,1966,9.054547309875488
0,57,8,1127,8.993742942810059
0,57,9,298,8.988068580627441
0,57,10,2877,8.837454795837402
0,58,1,2340,10.008007049560547
0,58,2,1428,9.418825149536133
0,58,3,634,9.28189468383789
0,58,4,1982,9.20463752746582
0,58,5,2804,9.192205429077148
0,58,6,461,9.156314849853516
0,58,7,724,9.11005973815918
0,58,8,1156,9.015839576721191
0,58,9,791,9.009873390197754
0,58,10,1127,8.864862442016602
0,59,1,634,8.19823169708252
0,59,2,1156,8.098470687866211
0,59,3,1197,7.947659492492676
0,59,4,1438,7.932202339172363
0,59,5,2713,7.894392967224121
0,59,6,1982,7.8199143409729
0,59,7,2288,7.73972225189209
0,59,8,2877,7.666983604431152
0,59,9,2340,7.61327600479126
0,59,10,2780,7.606288909912109
0,60,1,2347,14.019905090332031
0,60,2,426,12.708075523376465
0,60,3,3054,12.66462230682373
0,60,4,1388,12.652701377868652
0,60,5,559,12.488521575927734
0,60,6,99,12.454328536987305
0,60,7,498,12.386879920959473
0,60,8,612,12.384689331054688
0,60,9,611,12.360574722290039
0,60,10,414,11.787202835083008
0,61,1,426,13.169245719909668
0,61,2,2583,12.852764129638672
0,61,3,2347,12.368990898132324
0,61,4,55,12.315455436706543
0,61,5,612,12.273246765136719
0,61,6,3054,12.169797897338867
0,61,7,498,12.104157447814941
0,61,8,611,11.990510940551758
0,61,9,2952,11.917342185974121
0,61,10,584,11.915975570678711
0,62,1,426,12.297531127929688
0,62,2,2914,12.252130508422852
0,62,3,2347,12.137317657470703
0,62,4,3054,11.601974487304688
0,62,5,612,11.567291259765625
0,62,6,498,11.462661743164062
0,62,7,611,11.407462120056152
0,62,8,414,11.28417682647705
0,62,9,1012,11.283936500549316
0,62,10,2952,11.135788917541504
0,63,1,426,13.403094291687012
0,63,2,2723,12.69432544708252
0,63,3,55,12.654927253723145
0,63,4,2347,12.57918930053711
0,63,5,612,12.513391494750977
0,63,6,3054,12.41179084777832
0,63,7,498,12.364480972290039
0,63,8,611,12.288891792297363
0,63,9,414,12.227272987365723
0,63,10,584,12.179155349731445
0,64,1,1513,8.597909927368164
0,64,2,2789,8.265599250793457
0,64,3,2581,8.230142593383789
0,64,4,2111,8.143522262573242
0,64,5,2594,8.040034294128418
0,64,6,1127,8.014542579650879
0,64,7,1246,8.00263786315918
0,64,8,2356,7.964787483215332
0,64,9,2405,7.954262733459473
0,64,10,2368,7.91936731338501
0,65,1,1127,9.154687881469727
0,65,2,1513,8.809093475341797
0,65,3,2789,8.674443244934082
0,65,4,1461,8.55061149597168
0,65,5,1428,8.527379989624023
0,65,6,400,8.48468017578125
0,65,7,1300,8.46902847290039
0,65,8,1737,8.397884368896484
0,65,9,1730,8.298125267028809
0,65,10,2396,8.195292472839355
0,66,1,2368,9.440988540649414
0,66,2,1513,9.259032249450684
0,66,3,2742,9.24807071685791
0,66,4,1127,9.228947639465332
0,66,5,2356,9.113601684570312
0,66,6,2789,9.05899429321289
0,66,7,1246,9.043353080749512
0,66,8,2594,9.023741722106934
0,66,9,1785,8.976022720336914
0,66,10,1300,8.793624877929688
0,67,1,1785,9.694950103759766
0,67,2,1513,9.269526481628418
0,67,3,2789,9.246187210083008
0,67,4,2410,9.174809455871582
0,67,5,954,9.02171516418457
0,67,6,1127,8.814610481262207
0,67,7,1507,8.68179702758789
0,67,8,205,8.648553848266602
0,67,9,1055,8.646645545959473
0,67,10,1461,8.534578323364258
0,68,1,1127,9.76036548614502
0,68,2,2368,9.620241165161133
0,68,3,1300,9.321625709533691
0,68,4,1428,9.199182510375977
0,68,5,1461,9.138534545898438
0,68,6,122,9.078134536743164
0,68,7,2280,8.90377426147461
0,68,8,608,8.872142791748047
0,68,9,2789,8.84823989868164
0,68,10,49,8.843347549438477
0,69,1,1127,8.234660148620605
0,69,2,2111,8.184686660766602
0,69,3,1513,8.12751293182373
0,69,4,480,8.059228897094727
0,69,5,2581,8.00624942779541
0,69,6,2789,7.9742045402526855
0,69,7,2368,7.878002166748047
0,69,8,1428,7.778881072998047
0,69,9,2352,7.769627571105957
0,69,10,1461,7.72411584854126
0,70,1,1513,11.748619079589844
0,70,2,2789,11.188909530639648
0,70,3,2347,11.155689239501953
0,70,4,321,11.099630355834961
0,70,5,2416,11.009683609008789
0,70,6,2684,10.82211971282959
0,70,7,655,10.706550598144531
0,70,8,1127,10.703704833984375
0,70,9,611,10.689071655273438
0,70,10,3054,10.661489486694336
0,71,1,1127,11.43193531036377
0,71,2,1513,11.039475440979004
0,71,3,2789,10.862921714782715
0,71,4,1461,10.744057655334473
0,71,5,1428,10.717313766479492
0,71,6,400,10.368932723999023
0,71,7,954,10.233500480651855
0,71,8,2111,10.231491088867188
0,71,9,1737,10.175518035888672
0,71,10,1730,10.118099212646484
0,72,1,1127,10.298511505126953
0,72,2,1461,9.287369728088379
0,72,3,599,8.9904203414917
0,72,4,2340,8.329198837280273
0,72,5,746,8.003829002380371
0,72,6,2368,7.988831520080566
0,72,7,645,7.807879447937012
0,72,8,1600,7.6820759773254395
0,72,9,890,7.674482822418213
0,72,10,2341,7.6494035720825195
0,73,1,1127,9.676902770996094
0,73,2,1300,8.159504890441895
0,73,3,2789,7.917392730712891
0,73,4,2410,7.819962024688721
0,73,5,1513,7.764665126800537
0,73,6,205,7.760467529296875
0,73,7,2368,7.621667861938477
0,73,8,954,7.574498653411865
0,73,9,2594,7.525454044342041
0,73,10,2787,7.290499687194824
0,74,1,1730,9.658649444580078
0,74,2,1300,8.741521835327148
0,74,3,2410,8.493486404418945
0,74,4,2368,8.33084774017334
0,74,5,2789,8.306821823120117
0,74,6,205,8.29731273651123
0,74,7,954,8.210285186767578
0,74,8,1513,8.067756652832031
0,74,9,2594,7.945493698120117
0,74,10,746,7.868266582489014
0,75,1,1461,11.234906196594238
0,75,2,2368,9.440122604370117
0,75,3,1300,9.413250923156738
0,75,4,205,9.40743637084961
0,75,5,2789,9.386241912841797
0,75,6,2410,9.134567260742188
0,75,7,954,9.079219818115234
0,75,8,2340,9.04232406616211
0,75,9,1513,9.004741668701172
0,75,10,2594,8.980650901794434
0,76,1,2340,9.13972282409668
0,76,2,2161,7.938673496246338
0,76,3,890,7.903286933898926
0,76,4,1686,7.697964668273926
0,76,5,2363,7.5246171951293945
0,76,6,415,7.506089210510254
0,76,7,1428,7.500990867614746
0,76,8,746,7.453750133514404
0,76,9,1754,7.438355922698975
0,76,10,1720,7.419332504272461
0,77,1,1686,9.367292404174805
0,77,2,415,9.150726318359375
0,77,3,1287,8.768218040466309
0,77,4,1645,8.681177139282227
0,77,5,1142,8.518882751464844
0,77,6,1754,8.382822036743164
0,77,7,1267,8.333349227905273
0,77,8,193,8.328229904174805
0,77,9,1359,8.266327857971191
0,77,10,2713,8.20840072631836
0,78,1,1686,7.655584812164307
0,78,2,2340,7.408257007598877
0,78,3,415,7.392922878265381
0,78,4,2713,7.201842784881592
0,78,5,1287,7.108902454376221
0,78,6,1156,7.089821815490723
0,78,7,1645,6.984133243560791
0,78,8,1754,6.898406028747559
0,78,9,193,6.86470890045166
0,78,10,2098,6.825193881988525
0,80,1,2258,9.108264923095703
0,80,2,64,8.62040901184082
0,80,3,364,8.586393356323242
0,80,4,857,8.53046989440918
0,80,5,2359,8.470122337341309
0,80,6,2933,8.341482162475586
0,80,7,2892,8.27843952178955
0,80,8,2695,8.26794147491455
0,80,9,2738,8.114429473876953
0,80,10,1335,8.068059921264648
0,81,1,2114,9.520158767700195
0,81,2,2127,9.182146072387695
0,81,3,861,9.02454948425293
0,81,4,2989,9.023885726928711
0,81,5,14,9.010672569274902
0,81,6,2848,9.009744644165039
0,81,7,2258,8.994377136230469
0,81,8,1112,8.939840316772461
0,81,9,969,8.92236042022705
0,81,10,2285,8.752664566040039
0,82,1,2258,12.364846229553223
0,82,2,14,12.123090744018555
0,82,3,2738,12.086151123046875
0,82,4,364,11.434086799621582
0,82,5,2127,11.311788558959961
0,82,6,857,11.30571174621582
0,82,7,208,11.06290054321289
0,82,8,2285,11.044723510742188
0,82,9,2344,10.998791694641113
0,82,10,601,10.951726913452148
0,83,1,2258,10.898774147033691
0,83,2,14,10.520705223083496
0,83,3,857,10.267599105834961
0,83,4,364,10.235658645629883
0,83,5,2290,9.966014862060547
0,83,6,1992,9.952481269836426
0,83,7,2127,9.851325035095215
0,83,8,706,9.822874069213867
0,83,9,208,9.528902053833008
0,83,10,2344,9.520126342773438
0,84,1,2258,11.124890327453613
0,84,2,3032,10.909502029418945
0,84,3,364,10.61075210571289
0,84,4,14,10.591752052307129
0,84,5,857,10.572270393371582
0,84,6,706,10.192838668823242
0,84,7,2302,10.021917343139648
0,84,8,2127,9.986154556274414
0,84,9,2290,9.910844802856445
0,84,10,1992,9.89773941040039
0,85,1,954,11.09708023071289
0,85,2,1100,10.911465644836426
0,85,3,1127,10.493045806884766
0,85,4,1461,10.459793090820312
0,85,5,2410,10.418111801147461
0,85,6,1302,10.3427734375
0,85,7,461,10.251240730285645
0,85,8,205,10.201662063598633
0,85,9,2481,10.157171249389648
0,85,10,1757,10.003883361816406
0,86,1,1302,10.961881637573242
0,86,2,1246,10.154434204101562
0,86,3,1638,9.900339126586914
0,86,4,2356,9.750727653503418
0,86,5,1665,9.748539924621582
0,86,6,2642,9.74272632598877
0,86,7,2594,9.741316795349121
0,86,8,954,9.597599029541016
0,86,9,1409,9.522451400756836
0,86,10,2405,9.515359878540039
0,87,1,1302,10.183521270751953
0,87,2,354,9.59244155883789
0,87,3,2410,9.58907699584961
0,87,4,1100,9.588296890258789
0,87,5,906,9.575721740722656
0,87,6,2986,9.56878662109375
0,87,7,2286,9.528916358947754
0,87,8,1409,9.457533836364746
0,87,9,1237,9.453336715698242
0,87,10,1757,9.448938369750977
0,89,1,2328,7.651553153991699
0,89,2,8,7.633073329925537
0,89,3,12,7.485279083251953
0,89,4,852,7.480003356933594
0,89,5,2339,7.469394683837891
0,89,6,2734,7.312778949737549
0,89,7,471,7.265780448913574
0,89,8,2273,7.237744331359863
0,89,9,44,7.203976631164551
0,89,10,2429,7.198064804077148
0,91,1,1507,8.814044952392578
0,91,2,2273,8.759489059448242
0,91,3,273,8.714542388916016
0,91,4,1848,8.704764366149902
0,91,5,2324,8.670267105102539
0,91,6,2743,8.655423164367676
0,91,7,2339,8.529745101928711
0,91,8,12,8.519695281982422
0,91,9,664,8.448384284973145
0,91,10,998,8.42574691772461
0,92,1,1738,8.888015747070312
0,92,2,2273,8.652823448181152
0,92,3,471,8.426164627075195
0,92,4,390,8.400899887084961
0,92,5,612,7.826012134552002
0,92,6,1611,7.728686809539795
0,92,7,426,7.578012466430664
0,92,8,2734,7.571012496948242
0,92,9,1198,7.560975074768066
0,92,10,1417,7.5185651779174805
0,93,1,2324,14.833074569702148
0,93,2,12,14.561723709106445
0,93,3,939,14.433183670043945
0,93,4,208,14.311844825744629
0,93,5,998,14.29708194732666
0,93,6,2743,14.232057571411133
0,93,7,2042,14.168339729309082
0,93,8,2727,14.078700065612793
0,93,9,2476,14.07641887664795
0,93,10,2339,14.058208465576172
0,95,1,459,10.633428573608398
0,95,2,622,10.581330299377441
0,95,3,754,10.578326225280762
0,95,4,2562,10.521064758300781
0,95,5,1223,10.460386276245117
0,95,6,984,10.296968460083008
0,95,7,1266,10.283025741577148
0,95,8,1206,10.250711441040039
0,95,9,1015,10.22415828704834
0,95,10,1826,10.1661376953125
0,97,1,2347,8.743963241577148
0,97,2,426,8.447484970092773
0,97,3,1513,8.222244262695312
0,97,4,414,8.17043685913086
0,97,5,1300,8.127614974975586
0,97,6,2789,8.03591251373291
0,97,7,3062,7.959662437438965
0,97,8,1785,7.953415870666504
0,97,9,2111,7.78127908706665
0,97,10,655,7.771358013153076
0,98,1,2347,11.386133193969727
0,98,2,414,11.071949005126953
0,98,3,2616,10.857588768005371
0,98,4,559,10.764034271240234
0,98,5,3016,10.278413772583008
0,98,6,598,10.103097915649414
0,98,7,2952,10.094537734985352
0,98,8,2957,10.007349967956543
0,98,9,615,9.913930892944336
0,98,10,285,9.878414154052734
0,100,1,3016,11.075725555419922
0,100,2,2347,11.0653076171875
0,100,3,1525,10.902153015136719
0,100,4,612,10.846303939819336
0,100,5,2957,10.441957473754883
0,100,6,2616,10.335172653198242
0,100,7,414,10.259844779968262
0,100,8,2396,10.092769622802734
0,100,9,615,9.919577598571777
0,100,10,2134,9.915138244628906
0,101,1,2073,9.490641593933105
0,101,2,674,9.315500259399414
0,101,3,2896,9.246723175048828
0,101,4,494,9.07141399383545
0,101,5,689,8.883718490600586
0,101,6,2087,8.837530136108398
0,101,7,556,8.780019760131836
0,101,8,1720,8.769492149353027
0,101,9,2713,8.758458137512207
0,101,10,2143,8.651188850402832
0,102,1,2896,10.086090087890625
0,102,2,494,9.991844177246094
0,102,3,2073,9.634950637817383
0,102,4,674,9.527006149291992
0,102,5,2192,9.21742057800293
0,102,6,2713,9.177876472473145
0,102,7,1681,9.170766830444336
0,102,8,2288,9.130224227905273
0,102,9,1522,9.079950332641602
0,102,10,689,9.055718421936035
0,103,1,2367,11.21194076538086
0,103,2,3016,11.134615898132324
0,103,3,1197,11.058485984802246
0,103,4,1543,11.006470680236816
0,103,5,1156,10.951919555664062
0,103,6,2143,10.9075927734375
0,103,7,634,10.866619110107422
0,103,8,327,10.72884464263916
0,103,9,598,10.707113265991211
0,103,10,494,10.700751304626465
0,104,1,2367,9.131608963012695
0,104,2,3016,8.967629432678223
0,104,3,2087,8.888894081115723
0,104,4,2448,8.841976165771484
0,104,5,2095,8.753222465515137
0,104,6,327,8.729366302490234
0,104,7,494,8.729093551635742
0,104,8,215,8.716900825500488
0,104,9,634,8.678293228149414
0,104,10,598,8.624748229980469
0,105,1,634,11.40823745727539
0,105,2,1197,11.34296703338623
0,105,3,1156,11.245340347290039
0,105,4,494,11.153788566589355
0,105,5,327,10.923504829406738
0,105,6,990,10.791955947875977
0,105,7,2448,10.727970123291016
0,105,8,1985,10.690573692321777
0,105,9,3016,10.666703224182129
0,105,10,1547,10.657325744628906
0,106,1,2087,8.965579986572266
0,106,2,2367,8.832937240600586
0,106,3,556,8.73868179321289
0,106,4,2073,8.647504806518555
0,106,5,2238,8.502609252929688
0,106,6,3016,8.474567413330078
0,106,7,415,8.421592712402344
0,106,8,689,8.418060302734375
0,106,9,674,8.379183769226074
0,106,10,215,8.378150939941406
0,108,1,2073,8.075188636779785
0,108,2,674,7.9718170166015625
0,108,3,2896,7.878521919250488
0,108,4,494,7.721528053283691
0,108,5,2192,7.6809797286987305
0,108,6,689,7.652562618255615
0,108,7,1650,7.272625923156738
0,108,8,2448,7.269078254699707
0,108,9,2920,7.2423553466796875
0,108,10,1569,7.153143882751465
0,109,1,2073,8.39141845703125
0,109,2,689,8.226201057434082
0,109,3,674,8.148825645446777
0,109,4,2920,8.036815643310547
0,109,5,494,8.028207778930664
0,109,6,556,7.974994659423828
0,109,7,1547,7.939554214477539
0,109,8,512,7.939554214477539
0,109,9,520,7.836447715759277
0,109,10,2100,7.804375648498535
0,112,1,14,10.415972709655762
0,112,2,2738,9.961957931518555
0,112,3,1374,9.650083541870117
0,112,4,38,9.523866653442383
0,112,5,402,9.436494827270508
0,112,6,1201,9.340804100036621
0,112,7,2127,9.334775924682617
0,112,8,1078,9.305903434753418
0,112,9,2780,9.299949645996094
0,112,10,969,9.299153327941895
0,113,1,2127,9.575713157653809
0,113,2,14,9.574506759643555
0,113,3,2258,9.526802062988281
0,113,4,208,9.51927375793457
0,113,5,1374,9.430161476135254
0,113,6,402,9.42552375793457
0,113,7,2848,9.40231704711914
0,113,8,2291,9.363971710205078
0,113,9,969,9.32553482055664
0,113,10,2738,9.299643516540527
0,114,1,2258,13.314504623413086
0,114,2,14,12.924302101135254
0,114,3,1201,12.817464828491211
0,114,4,1112,12.472482681274414
0,114,5,969,12.418802261352539
0,114,6,861,12.332406044006348
0,114,7,364,12.323749542236328
0,114,8,2989,12.189126968383789
0,114,9,1176,12.166088104248047
0,114,10,2344,11.98259162902832
0,115,1,2848,14.966668128967285
0,115,2,601,14.34262466430664
0,115,3,969,14.09246826171875
0,115,4,861,13.984227180480957
0,115,5,1112,13.970715522766113
0,115,6,2989,13.692615509033203
0,115,7,1176,13.683402061462402
0,115,8,364,13.498964309692383
0,115,9,2344,13.47938346862793
0,115,10,1374,13.366613388061523
0,116,1,2127,13.632672309875488
0,116,2,969,12.890071868896484
0,116,3,861,12.747086524963379
0,116,4,1112,12.640560150146484
0,116,5,2989,12.480531692504883
0,116,6,1176,12.238731384277344
0,116,7,14,12.182645797729492
0,116,8,1374,12.090328216552734
0,116,9,364,11.822080612182617
0,116,10,1078,11.803546905517578
0,117,1,1112,15.020950317382812
0,117,2,969,14.991260528564453
0,117,3,861,14.884178161621094
0,117,4,364,14.823904037475586
0,117,5,1176,14.708269119262695
0,117,6,2989,14.70442008972168
0,117,7,2344,14.613540649414062
0,117,8,1078,14.429717063903809
0,117,9,857,14.18779182434082
0,117,10,706,14.175863265991211
0,118,1,14,9.465453147888184
0,118,2,2258,9.437926292419434
0,118,3,2127,9.410970687866211
0,118,4,2291,9.038415908813477
0,118,5,402,9.007525444030762
0,118,6,601,8.975753784179688
0,118,7,2727,8.955429077148438
0,118,8,2848,8.947997093200684
0,118,9,208,8.892414093017578
0,118,10,2738,8.82496452331543
0,119,1,2127,11.256196975708008
0,119,2,2258,11.074382781982422
0,119,3,2848,10.94555950164795
0,119,4,601,10.85416030883789
0,119,5,2727,10.611424446105957
0,119,6,208,10.555893898010254
0,119,7,1201,10.46125602722168
0,119,8,402,10.352510452270508
0,119,9,2291,10.166925430297852
0,119,10,14,10.094606399536133
0,120,1,2258,14.192296028137207
0,120,2,2127,13.821659088134766
0,120,3,601,13.312767028808594
0,120,4,2848,13.299915313720703
0,120,5,208,13.189737319946289
0,120,6,14,13.180244445800781
0,120,7,2727,13.07115364074707
0,120,8,1201,12.829916000366211
0,120,9,402,12.560932159423828
0,120,10,2285,12.501067161560059
0,121,1,2127,13.498541831970215
0,121,2,2258,13.08157730102539
0,121,3,2848,13.00103759765625
0,121,4,601,12.583639144897461
0,121,5,1201,12.308460235595703
0,121,6,14,12.158729553222656
0,121,7,402,12.133180618286133
0,121,8,2727,12.101341247558594
0,121,9,857,12.013355255126953
0,121,10,208,11.942569732666016
0,122,1,2899,11.578580856323242
0,122,2,1592,10.69922924041748
0,122,3,2969,10.434676170349121
0,122,4,1920,10.319900512695312
0,122,5,315,10.02708625793457
0,122,6,540,9.906452178955078
0,122,7,1113,9.873974800109863
0,122,8,39,9.846090316772461
0,122,9,2343,9.75265121459961
0,122,10,2978,9.668322563171387
0,123,1,3018,13.240227699279785
0,123,2,865,13.240227699279785
0,123,3,39,13.047382354736328
0,123,4,1717,12.468167304992676
0,123,5,2219,12.381158828735352
0,123,6,2899,12.230413436889648
0,123,7,186,12.192098617553711
0,123,8,136,12.177518844604492
0,123,9,1966,12.17421817779541
0,123,10,1592,12.152376174926758
0,124,1,2899,12.734746932983398
0,124,2,39,11.383697509765625
0,124,3,2969,11.31202220916748
0,124,4,1592,11.265387535095215
0,124,5,1920,11.074193954467773
0,124,6,3018,11.038141250610352
0,124,7,865,11.038141250610352
0,124,8,1717,11.029241561889648
0,124,9,136,11.01805305480957
0,124,10,186,10.84861946105957
0,125,1,2899,15.085453033447266
0,125,2,1920,13.275436401367188
0,125,3,1592,13.131468772888184
0,125,4,2969,12.964325904846191
0,125,5,315,12.627795219421387
0,125,6,2343,12.393380165100098
0,125,7,540,12.267777442932129
0,125,8,1113,12.161763191223145
0,125,9,1597,12.104352951049805
0,125,10,2978,11.82338809967041
0,127,1,3018,10.661053657531738
0,127,2,865,10.661053657531738
0,127,3,2219,9.961278915405273
0,127,4,2877,9.852960586547852
0,127,5,1966,9.776049613952637
0,127,6,767,9.767341613769531
0,127,7,1748,9.447347640991211
0,127,8,39,9.313669204711914
0,127,9,1717,9.301630973815918
0,127,10,1435,9.261884689331055
0,129,1,2877,9.728693962097168
0,129,2,3018,9.175790786743164
0,129,3,865,9.175790786743164
0,129,4,634,9.105100631713867
0,129,5,780,9.004439353942871
0,129,6,1543,8.932499885559082
0,129,7,2780,8.917237281799316
0,129,8,1748,8.757034301757812
0,129,9,1966,8.696285247802734
0,129,10,2219,8.666223526000977
0,131,1,1543,12.679247856140137
0,131,2,1748,12.485563278198242
0,131,3,634,12.472289085388184
0,131,4,865,12.384700775146484
0,131,5,3018,12.384700775146484
0,131,6,780,12.342866897583008
0,131,7,1966,12.044584274291992
0,131,8,2219,11.747982025146484
0,131,9,767,11.631158828735352
0,131,10,2995,11.34482192993164
0,132,1,634,15.49200439453125
0,132,2,1424,15.44948959350586
0,132,3,1717,15.33267593383789
0,132,4,1839,15.072101593017578
0,132,5,2940,14.888427734375
0,132,6,2288,14.781667709350586
0,132,7,2780,14.751008987426758
0,132,8,2717,14.708043098449707
0,132,9,421,14.56646728515625
0,132,10,1435,14.53730583190918
0,133,1,634,15.49200439453125
0,133,2,1424,15.44948959350586
0,133,3,1717,15.33267593383789
0,133,4,1839,15.072101593017578
0,133,5,2940,14.888427734375
0,133,6,2288,14.781667709350586
0,133,7,2780,14.751008987426758
0,133,8,2717,14.708043098449707
0,133,9,421,14.56646728515625
0,133,10,1435,14.53730583190918
0,134,1,634,15.49200439453125
0,134,2,1424,15.44948959350586
0,134,3,1717,15.33267593383789
0,134,4,1839,15.072101593017578
0,134,5,2940,14.888427734375
0,134,6,2288,14.781667709350586
0,134,7,2780,14.751008987426758
0,134,8,2717,14.708043098449707
0,134,9,421,14.56646728515625
0,134,10,1435,14.53730583190918
0,135,1,634,15.49200439453125
0,135,2,1424,15.44948959350586
0,135,3,1717,15.33267593383789
0,135,4,1839,15.072101593017578
0,135,5,2940,14.888427734375
0,135,6,2288,14.781667709350586
0,135,7,2780,14.751008987426758
0,135,8,2717,14.708043098449707
0,135,9,421,14.56646728515625
0,135,10,1435,14.53730583190918
0,136,1,2877,10.426036834716797
0,136,2,865,10.16965103149414
0,136,3,3018,10.16965103149414
0,136,4,780,9.958491325378418
0,136,5,1966,9.840960502624512
0,136,6,1717,9.7247314453125
0,136,7,2219,9.659918785095215
0,136,8,1748,9.643651008605957
0,136,9,767,9.604656219482422
0,136,10,3004,9.51004409790039
0,137,1,2877,13.009452819824219
0,137,2,1543,11.704668045043945
0,137,3,1748,11.67247486114502
0,137,4,3018,11.462767601013184
0,137,5,865,11.462767601013184
0,137,6,1197,11.295032501220703
0,137,7,1966,11.147333145141602
0,137,8,2219,10.945968627929688
0,137,9,767,10.92216682434082
0,137,10,1712,10.82637882232666
0,138,1,2877,13.771749496459961
0,138,2,634,12.83294677734375
0,138,3,1543,12.469390869140625
0,138,4,1748,12.410089492797852
0,138,5,3018,12.192754745483398
0,138,6,865,12.192754745483398
0,138,7,1966,12.014467239379883
0,138,8,780,11.762054443359375
0,138,9,2219,11.637389183044434
0,138,10,767,11.586053848266602
0,139,1,2877,13.261210441589355
0,139,2,1543,12.340407371520996
0,139,3,865,12.020973205566406
0,139,4,3018,12.020973205566406
0,139,5,1748,11.953948974609375
0,139,6,1966,11.78964614868164
0,139,7,2219,11.621315956115723
0,139,8,767,11.567474365234375
0,139,9,1712,11.432522773742676
0,139,10,780,11.399301528930664
0,140,1,2877,10.535745620727539
0,140,2,865,10.255895614624023
0,140,3,3018,10.255895614624023
0,140,4,1966,9.96669864654541
0,140,5,2219,9.858026504516602
0,140,6,767,9.794794082641602
0,140,7,1543,9.76124382019043
0,140,8,1748,9.757159233093262
0,140,9,1712,9.70248031616211
0,140,10,298,9.456900596618652
0,141,1,2877,8.715950012207031
0,141,2,865,8.610671997070312
0,141,3,3018,8.610671997070312
0,141,4,1712,8.426913261413574
0,141,5,1966,8.402828216552734
0,141,6,298,8.331438064575195
0,141,7,2219,8.055269241333008
0,141,8,1748,8.042647361755371
0,141,9,767,8.012739181518555
0,141,10,1352,7.902932167053223
0,142,1,1717,7.906822681427002
0,142,2,2447,7.894404888153076
0,142,3,865,7.873239517211914
0,142,4,3018,7.873239517211914
0,142,5,1712,7.858616828918457
0,142,6,1424,7.796943187713623
0,142,7,2313,7.777876377105713
0,142,8,1586,7.760271072387695
0,142,9,1966,7.754884243011475
0,142,10,414,7.6681365966796875
0,143,1,1872,8.018316268920898
0,143,2,2097,8.014734268188477
0,143,3,2211,7.918437957763672
0,143,4,1712,7.880083084106445
0,143,5,865,7.855811595916748
0,143,6,3018,7.855811595916748
0,143,7,2877,7.842176914215088
0,143,8,1966,7.741241455078125
0,143,9,298,7.726578712463379
0,143,10,1352,7.642242431640625
0,144,1,3018,14.363317489624023
0,144,2,865,14.363317489624023
0,144,3,2668,14.001103401184082
0,144,4,2877,13.884771347045898
0,144,5,421,13.826860427856445
0,144,6,1717,13.811948776245117
0,144,7,1966,13.778192520141602
0,144,8,1712,13.771135330200195
0,144,9,2097,13.529508590698242
0,144,10,767,13.418802261352539
0,145,1,865,14.048934936523438
0,145,2,3018,14.048934936523438
0,145,3,2877,13.79499340057373
0,145,4,1717,13.652196884155273
0,145,5,1712,13.51325798034668
0,145,6,1543,13.410956382751465
0,145,7,1966,13.356765747070312
0,145,8,767,13.205427169799805
0,145,9,2097,13.173727035522461
0,145,10,2219,13.079124450683594
0,147,1,1717,13.86512279510498
0,147,2,865,13.445661544799805
0,147,3,3018,13.445661544799805
0,147,4,2877,13.126011848449707
0,147,5,3004,12.974088668823242
0,147,6,780,12.963516235351562
0,147,7,1966,12.89046573638916
0,147,8,2717,12.839279174804688
0,147,9,46,12.780559539794922
0,147,10,1712,12.748334884643555
0,148,1,2899,14.43976879119873
0,148,2,39,14.307318687438965
0,148,3,3018,14.229146003723145
0,148,4,865,14.229146003723145
0,148,5,136,13.995645523071289
0,148,6,2969,13.613183975219727
0,148,7,46,13.5830717086792
0,148,8,186,13.373260498046875
0,148,9,1966,13.308476448059082
0,148,10,1592,13.258814811706543
0,149,1,1717,12.386492729187012
0,149,2,2899,12.210750579833984
0,149,3,136,11.9893217086792
0,149,4,186,11.948278427124023
0,149,5,39,11.859153747558594
0,149,6,3018,11.819456100463867
0,149,7,865,11.819456100463867
0,149,8,2877,11.436141967773438
0,149,9,699,11.37152099609375
0,149,10,2969,11.25271987915039
0,150,1,1717,11.680001258850098
0,150,2,3018,11.303943634033203
0,150,3,865,11.303943634033203
0,150,4,2899,11.199731826782227
0,150,5,39,11.144105911254883
0,150,6,136,10.935383796691895
0,150,7,186,10.782544136047363
0,150,8,2969,10.626218795776367
0,150,9,1966,10.582206726074219
0,150,10,2877,10.471822738647461
0,151,1,136,11.836868286132812
0,151,2,2810,11.79747200012207
0,151,3,186,11.776926040649414
0,151,4,2751,11.65865707397461
0,151,5,2877,11.466981887817383
0,151,6,39,11.409273147583008
0,151,7,865,11.33043098449707
0,151,8,3018,11.33043098449707
0,151,9,699,11.283310890197754
0,151,10,1554,11.076913833618164
0,152,1,865,11.408136367797852
0,152,2,3018,11.408136367797852
0,152,3,2969,10.71904468536377
0,152,4,1592,10.613411903381348
0,152,5,2219,10.541423797607422
0,152,6,1966,10.224140167236328
0,152,7,1712,10.223832130432129
0,152,8,1717,10.155503273010254
0,152,9,767,10.143982887268066
0,152,10,2899,9.852086067199707
0,153,1,2877,11.258377075195312
0,153,2,3018,10.958658218383789
0,153,3,865,10.958658218383789
0,153,4,780,10.828695297241211
0,153,5,1717,10.728363037109375
0,153,6,3004,10.709589004516602
0,153,7,1748,10.613927841186523
0,153,8,1966,10.51551342010498
0,153,9,2435,10.381009101867676
0,153,10,634,10.336323738098145
0,154,1,3018,9.730846405029297
0,154,2,865,9.730846405029297
0,154,3,2877,9.609233856201172
0,154,4,1717,9.370321273803711
0,154,5,1748,9.264737129211426
0,154,6,1966,9.202764511108398
0,154,7,2219,9.187640190124512
0,154,8,780,9.16106128692627
0,154,9,3004,9.047390937805176
0,154,10,1644,8.935140609741211
0,155,1,1717,16.25375747680664
0,155,2,3004,14.760251998901367
0,155,3,46,14.643461227416992
0,155,4,2751,14.533181190490723
0,155,5,780,14.467735290527344
0,155,6,1861,14.221382141113281
0,155,7,2899,13.927087783813477
0,155,8,3018,13.757905006408691
0,155,9,865,13.757905006408691
0,155,10,184,13.56474494934082
0,156,1,1717,16.25375747680664
0,156,2,3004,14.760251998901367
0,156,3,46,14.643461227416992
0,156,4,2751,14.533181190490723
0,156,5,780,14.467735290527344
0,156,6,1861,14.221382141113281
0,156,7,2899,13.927087783813477
0,156,8,3018,13.757905006408691
0,156,9,865,13.757905006408691
0,156,10,184,13.56474494934082
0,157,1,1717,16.25375747680664
0,157,2,3004,14.760251998901367
0,157,3,46,14.643461227416992
0,157,4,2751,14.533181190490723
0,157,5,780,14.467735290527344
0,157,6,1861,14.221382141113281
0,157,7,2899,13.927087783813477
0,157,8,3018,13.757905006408691
0,157,9,865,13.757905006408691
0,157,10,184,13.56474494934082
0,159,1,1717,9.844335556030273
0,159,2,780,9.797987937927246
0,159,3,3037,8.95765495300293
0,159,4,2751,8.943283081054688
0,159,5,3004,8.73635196685791
0,159,6,3018,8.708108901977539
0,159,7,865,8.708108901977539
0,159,8,1712,8.520618438720703
0,159,9,46,8.45541000366211
0,159,10,2877,8.450262069702148
0,160,1,1717,14.715864181518555
0,160,2,780,14.071304321289062
0,160,3,3004,13.595516204833984
0,160,4,3018,13.322738647460938
0,160,5,865,13.322738647460938
0,160,6,46,13.195547103881836
0,160,7,2877,13.071035385131836
0,160,8,2751,12.991594314575195
0,160,9,2219,12.807188987731934
0,160,10,1966,12.790824890136719
0,161,1,865,12.434648513793945
0,161,2,3018,12.434648513793945
0,161,3,1717,11.88598918914795
0,161,4,1712,11.726621627807617
0,161,5,2219,11.570178985595703
0,161,6,2877,11.562820434570312
0,161,7,39,11.522880554199219
0,161,8,1966,11.50937271118164
0,161,9,780,11.469535827636719
0,161,10,1352,11.390128135681152
0,162,1,634,12.5555419921875
0,162,2,1717,12.209540367126465
0,162,3,39,12.116992950439453
0,162,4,429,11.979007720947266
0,162,5,1388,11.803638458251953
0,162,6,2435,11.76573371887207
0,162,7,99,11.718843460083008
0,162,8,136,11.713567733764648
0,162,9,1521,11.63621711730957
0,162,10,2299,11.372603416442871
0,163,1,1388,10.231212615966797
0,163,2,99,10.136360168457031
0,163,3,1461,9.421165466308594
0,163,4,2409,9.2204008102417
0,163,5,2914,9.062999725341797
0,163,6,599,8.975109100341797
0,163,7,1127,8.87003231048584
0,163,8,2583,8.850802421569824
0,163,9,1428,8.7586030960083
0,163,10,1250,8.757304191589355
0,164,1,1461,8.316362380981445
0,164,2,1495,8.131118774414062
0,164,3,1428,7.982844352722168
0,164,4,599,7.969322204589844
0,164,5,1388,7.961544036865234
0,164,6,99,7.883779525756836
0,164,7,55,7.866967678070068
0,164,8,1279,7.828918933868408
0,164,9,1127,7.808255672454834
0,164,10,2745,7.774919033050537
0,165,1,1428,8.277153968811035
0,165,2,1127,8.128765106201172
0,165,3,1461,8.095048904418945
0,165,4,1388,8.039048194885254
0,165,5,99,7.992857933044434
0,165,6,599,7.580404281616211
0,165,7,2409,7.522945404052734
0,165,8,461,7.395261764526367
0,165,9,1730,7.280245304107666
0,165,10,2340,7.1170501708984375
0,166,1,2347,7.050429821014404
0,166,2,426,6.94291353225708
0,166,3,530,6.92889928817749
0,166,4,1302,6.815302848815918
0,166,5,1202,6.777434349060059
0,166,6,1621,6.715482711791992
0,166,7,535,6.706497669219971
0,166,8,3054,6.703684329986572
0,166,9,612,6.673259258270264
0,166,10,559,6.650786399841309
0,167,1,14,6.649865627288818
0,167,2,1047,6.607491493225098
0,167,3,567,6.530914306640625
0,167,4,2309,6.464010238647461
0,167,5,530,6.40407657623291
0,167,6,2892,6.387965679168701
0,167,7,2738,6.288722991943359
0,167,8,1650,6.237046241760254
0,167,9,2927,6.219503402709961
0,167,10,2560,6.219164848327637
0,168,1,2018,10.136422157287598
0,168,2,1513,9.743749618530273
0,168,3,655,9.562950134277344
0,168,4,1550,9.370491027832031
0,168,5,1409,9.335737228393555
0,168,6,1258,9.305349349975586
0,168,7,2923,9.276618957519531
0,168,8,2802,9.261856079101562
0,168,9,321,9.252249717712402
0,168,10,513,9.210012435913086
0,169,1,1202,8.941503524780273
0,169,2,1513,8.901636123657227
0,169,3,1358,8.712610244750977
0,169,4,2018,8.711531639099121
0,169,5,655,8.5962495803833
0,169,6,1258,8.492975234985352
0,169,7,2789,8.478466033935547
0,169,8,513,8.435144424438477
0,169,9,1550,8.434358596801758
0,169,10,1409,8.391589164733887
0,170,1,2018,10.255367279052734
0,170,2,1258,9.459222793579102
0,170,3,1513,9.377248764038086
0,170,4,1409,9.350570678710938
0,170,5,513,9.350090026855469
0,170,6,2923,9.219030380249023
0,170,7,2802,9.213103294372559
0,170,8,906,9.128697395324707
0,170,9,2566,9.08425521850586
0,170,10,655,9.074596405029297
0,172,1,2719,8.65845012664795
0,172,2,127,8.565939903259277
0,172,3,2595,8.465980529785156
0,172,4,1673,8.451393127441406
0,172,5,1447,8.447484970092773
0,172,6,189,8.389655113220215
0,172,7,1248,8.281793594360352
0,172,8,96,8.204390525817871
0,172,9,2938,8.09627628326416
0,172,10,394,7.998189926147461
0,173,1,58,7.84125280380249
0,173,2,1386,7.770776271820068
0,173,3,410,7.769208908081055
0,173,4,513,7.720506191253662
0,173,5,1258,7.7071404457092285
0,173,6,2209,7.485161781311035
0,173,7,1469,7.3489532470703125
0,173,8,2566,7.34002685546875
0,173,9,1447,7.300909996032715
0,173,10,581,7.147832870483398
0,174,1,2938,9.914714813232422
0,174,2,2595,9.79282283782959
0,174,3,96,9.566502571105957
0,174,4,189,9.50368881225586
0,174,5,1673,9.490124702453613
0,174,6,108,9.433253288269043
0,174,7,1447,9.348957061767578
0,174,8,2137,8.951068878173828
0,174,9,1945,8.859694480895996
0,174,10,1248,8.796930313110352
0,175,1,674,7.036734104156494
0,175,2,2896,6.540798187255859
0,175,3,1522,6.413566589355469
0,175,4,2556,6.307027339935303
0,175,5,1569,6.192074775695801
0,175,6,494,6.104521751403809
0,175,7,81,6.027332782745361
0,175,8,1270,6.01491641998291
0,175,9,14,5.9622344970703125
0,175,10,2238,5.934841632843018
0,176,1,2556,9.291665077209473
0,176,2,81,9.005890846252441
0,176,3,1270,8.993553161621094
0,176,4,1985,8.794595718383789
0,176,5,2238,8.732078552246094
0,176,6,1720,8.574355125427246
0,176,7,2938,8.539121627807617
0,176,8,1612,8.519651412963867
0,176,9,2521,8.492795944213867
0,176,10,556,8.491981506347656
0,177,1,674,9.69736385345459
0,177,2,1650,8.711315155029297
0,177,3,1720,8.567670822143555
0,177,4,1754,8.300167083740234
0,177,5,2238,8.284626007080078
0,177,6,193,8.256671905517578
0,177,7,1620,8.136978149414062
0,177,8,257,8.118152618408203
0,177,9,1235,7.947869300842285
0,177,10,692,7.913292407989502
0,178,1,1650,9.462910652160645
0,178,2,1720,9.159721374511719
0,178,3,2238,8.958746910095215
0,178,4,1754,8.853553771972656
0,178,5,193,8.817578315734863
0,178,6,1620,8.77515983581543
0,178,7,257,8.716553688049316
0,178,8,556,8.598072052001953
0,178,9,692,8.59376335144043
0,178,10,1235,8.580238342285156
0,179,1,193,9.888747215270996
0,179,2,1754,9.886312484741211
0,179,3,1044,9.75450611114502
0,179,4,257,9.624622344970703
0,179,5,1359,9.624391555786133
0,179,6,1720,9.575689315795898
0,179,7,1235,9.384425163269043
0,179,8,1620,9.210639953613281
0,179,9,1642,9.119841575622559
0,179,10,3037,9.10241413116455
0,180,1,1686,10.115790367126465
0,180,2,1142,9.379173278808594
0,180,3,193,9.3247709274292
0,180,4,1754,9.324256896972656
0,180,5,257,9.172196388244629
0,180,6,1720,9.170721054077148
0,180,7,1359,8.945649147033691
0,180,8,1235,8.93702220916748
0,180,9,1620,8.70832633972168
0,180,10,534,8.677949905395508
0,181,1,534,9.679149627685547
0,181,2,2073,9.596593856811523
0,181,3,674,9.516324996948242
0,181,4,2896,9.511861801147461
0,181,5,2087,9.250016212463379
0,181,6,1642,9.242952346801758
0,181,7,2303,9.206100463867188
0,181,8,1681,9.182297706604004
0,181,9,1720,9.160787582397461
0,181,10,689,9.071533203125
0,182,1,2087,10.361088752746582
0,182,2,1720,10.26822280883789
0,182,3,1754,10.12645149230957
0,182,4,257,10.09073257446289
0,182,5,2073,10.0457181930542
0,182,6,193,10.024194717407227
0,182,7,1620,9.97228717803955
0,182,8,1235,9.960258483886719
0,182,9,556,9.960013389587402
0,182,10,2238,9.958744049072266
0,183,1,2118,9.953612327575684
0,183,2,2209,9.567623138427734
0,183,3,1160,9.469497680664062
0,183,4,2009,9.208642959594727
0,183,5,2345,9.03669548034668
0,183,6,1429,8.923081398010254
0,183,7,1379,8.87155532836914
0,183,8,532,8.827493667602539
0,183,9,1570,8.78205680847168
0,183,10,1936,8.772042274475098
0,184,1,2118,10.136557579040527
0,184,2,2073,9.891380310058594
0,184,3,2997,9.512555122375488
0,184,4,2238,9.364076614379883
0,184,5,674,9.328369140625
0,184,6,740,9.298761367797852
0,184,7,692,9.188193321228027
0,184,8,1379,9.181321144104004
0,184,9,2345,9.18031120300293
0,184,10,1295,9.121552467346191
0,185,1,2118,9.780988693237305
0,185,2,2997,9.167266845703125
0,185,3,2897,9.160540580749512
0,185,4,1379,9.044569969177246
0,185,5,3015,8.96213436126709
0,185,6,2073,8.878920555114746
0,185,7,2345,8.875795364379883
0,185,8,2910,8.82133674621582
0,185,9,2209,8.731644630432129
0,185,10,609,8.723749160766602
0,186,1,1720,9.467927932739258
0,186,2,2073,9.363523483276367
0,186,3,2118,9.07298469543457
0,186,4,674,8.94567584991455
0,186,5,3015,8.793855667114258
0,186,6,2009,8.726140975952148
0,186,7,1160,8.62802505493164
0,186,8,1650,8.620813369750977
0,186,9,2238,8.538043975830078
0,186,10,2209,8.456363677978516
0,187,1,2080,7.6720170974731445
0,187,2,475,7.541706085205078
0,187,3,2180,7.491514205932617
0,187,4,2916,7.462653160095215
0,187,5,1744,7.4305620193481445
0,187,6,1465,7.413373947143555
0,187,7,206,7.356070041656494
0,187,8,698,7.330789566040039
0,187,9,2997,7.327587604522705
0,187,10,2568,7.192514896392822
0,188,1,2237,6.306177616119385
0,188,2,1763,6.032900810241699
0,188,3,2347,5.980599880218506
0,188,4,2080,5.885904312133789
0,188,5,559,5.664247035980225
0,188,6,1999,5.636078357696533
0,188,7,475,5.621579170227051
0,188,8,3054,5.543140411376953
0,188,9,2997,5.534611701965332
0,188,10,542,5.530239105224609
0,189,1,2080,9.585297584533691
0,189,2,1333,9.059917449951172
0,189,3,82,9.003068923950195
0,189,4,103,8.906782150268555
0,189,5,475,8.886621475219727
0,189,6,2917,8.560773849487305
0,189,7,2347,8.547491073608398
0,189,8,275,8.546759605407715
0,189,9,2568,8.479966163635254
0,189,10,104,8.44762897491455
0,190,1,2080,6.595804214477539
0,190,2,33,6.501190185546875
0,190,3,2917,6.477433204650879
0,190,4,555,6.474682807922363
0,190,5,2090,6.43018913269043
0,190,6,1422,6.408200740814209
0,190,7,1344,6.342922687530518
0,190,8,1064,6.328767776489258
0,190,9,2997,6.323765277862549
0,190,10,314,6.314233779907227
0,191,1,1302,8.873703002929688
0,191,2,1513,8.810319900512695
0,191,3,321,8.75206470489502
0,191,4,2789,8.312275886535645
0,191,5,2684,8.200069427490234
0,191,6,655,8.100841522216797
0,191,7,2135,8.040013313293457
0,191,8,2594,8.034881591796875
0,191,9,2323,8.024599075317383
0,191,10,2347,7.978273391723633
0,192,1,1302,11.224467277526855
0,192,2,2323,10.754945755004883
0,192,3,321,10.711929321289062
0,192,4,2114,10.560530662536621
0,192,5,990,10.528156280517578
0,192,6,1665,10.35139274597168
0,192,7,2347,10.34638500213623
0,192,8,1513,10.269207000732422
0,192,9,2369,10.244035720825195
0,192,10,559,10.140544891357422
0,194,1,1513,9.136119842529297
0,194,2,1302,9.128976821899414
0,194,3,321,8.911933898925781
0,194,4,1246,8.775572776794434
0,194,5,1665,8.772119522094727
0,194,6,3016,8.64667797088623
0,194,7,2789,8.61182689666748
0,194,8,2684,8.366471290588379
0,194,9,655,8.356607437133789
0,194,10,2323,8.35202407836914
0,195,1,31,8.19758415222168
0,195,2,1669,8.08624267578125
0,195,3,563,8.046149253845215
0,195,4,653,8.012859344482422
0,195,5,44,8.010245323181152
0,195,6,105,7.955465793609619
0,195,7,1015,7.93632173538208
0,195,8,78,7.7146501541137695
0,195,9,2163,7.7020440101623535
0,195,10,2429,7.680789947509766
0,196,1,12,7.992247581481934
0,196,2,2328,7.398040771484375
0,196,3,1982,7.35237979888916
0,196,4,674,7.328226089477539
0,196,5,2258,7.28176212310791
0,196,6,634,7.160562515258789
0,196,7,954,7.136246681213379
0,196,8,2114,7.122067451477051
0,196,9,3032,7.099178314208984
0,196,10,1507,7.085919380187988
0,197,1,1442,9.38101863861084
0,197,2,2674,9.257647514343262
0,197,3,12,8.635127067565918
0,197,4,674,8.63051700592041
0,197,5,44,8.536033630371094
0,197,6,2963,8.445978164672852
0,197,7,1628,8.320241928100586
0,197,8,2706,8.28687858581543
0,197,9,852,8.063827514648438
0,197,10,2556,8.061646461486816
0,198,1,2799,7.593231201171875
0,198,2,44,7.300909042358398
0,198,3,674,7.182870864868164
0,198,4,2706,7.05186128616333
0,198,5,105,7.0309014320373535
0,198,6,2556,6.963715076446533
0,198,7,12,6.895889759063721
0,198,8,1446,6.894654273986816
0,198,9,1628,6.853551864624023
0,198,10,852,6.836973190307617
0,199,1,2340,6.590907096862793
0,199,2,122,6.3206939697265625
0,199,3,608,6.271633148193359
0,199,4,2280,6.14642333984375
0,199,5,295,6.128758430480957
0,199,6,663,6.124574661254883
0,199,7,1028,6.103137493133545
0,199,8,2628,6.034541606903076
0,199,9,2090,5.958707809448242
0,199,10,2363,5.953629493713379
0,200,1,2340,7.145354270935059
0,200,2,2283,6.870515823364258
0,200,3,1669,6.744752883911133
0,200,4,2363,6.574201583862305
0,200,5,2740,6.512434005737305
0,200,6,696,6.461147308349609
0,200,7,674,6.430515289306641
0,200,8,1720,6.309234142303467
0,200,9,193,6.265287399291992
0,200,10,1754,6.233758926391602
0,201,1,2340,6.3805670738220215
0,201,2,696,5.772703170776367
0,201,3,1720,5.732973575592041
0,201,4,193,5.729703426361084
0,201,5,1754,5.722639560699463
0,201,6,674,5.702681064605713
0,201,7,1669,5.684382438659668
0,201,8,2363,5.678418159484863
0,201,9,348,5.5345258712768555
0,201,10,1295,5.530285835266113
0,202,1,2658,7.497391700744629
0,202,2,2340,7.259139060974121
0,202,3,1817,7.220953941345215
0,202,4,1669,6.967165946960449
0,202,5,608,6.967060089111328
0,202,6,2363,6.9503984451293945
0,202,7,2740,6.7463788986206055
0,202,8,663,6.55120325088501
0,202,9,286,6.464616775512695
0,202,10,2956,6.451066970825195
0,203,1,2340,9.45853042602539
0,203,2,2658,9.019804000854492
0,203,3,2243,9.00918960571289
0,203,4,608,8.410335540771484
0,203,5,696,8.334397315979004
0,203,6,2363,8.323269844055176
0,203,7,1720,8.289007186889648
0,203,8,1669,8.27718734741211
0,203,9,1754,8.104866027832031
0,203,10,663,8.032657623291016
0,204,1,948,10.73579216003418
0,204,2,1100,10.336196899414062
0,204,3,1279,10.058979034423828
0,204,4,1461,10.039447784423828
0,204,5,264,9.981693267822266
0,204,6,2353,9.812328338623047
0,204,7,216,9.746776580810547
0,204,8,621,9.709959030151367
0,204,9,461,9.675592422485352
0,204,10,2789,9.640384674072266
0,205,1,948,14.269783973693848
0,205,2,1848,14.009268760681152
0,205,3,747,13.723569869995117
0,205,4,2353,13.514935493469238
0,205,5,2359,13.451906204223633
0,205,6,216,13.430456161499023
0,205,7,1407,13.30906867980957
0,205,8,8,13.225309371948242
0,205,9,2,13.120455741882324
0,205,10,1818,13.052242279052734
0,206,1,624,17.12735939025879
0,206,2,2308,16.94218635559082
0,206,3,2359,16.91381072998047
0,206,4,2754,16.5695743560791
0,206,5,621,16.47249412536621
0,206,6,1293,16.127288818359375
0,206,7,64,16.03748321533203
0,206,8,1848,15.973896026611328
0,206,9,2700,15.968833923339844
0,206,10,576,15.938603401184082
0,207,1,1848,12.49969482421875
0,207,2,1738,12.133879661560059
0,207,3,2359,11.996028900146484
0,207,4,1407,11.944440841674805
0,207,5,624,11.835844993591309
0,207,6,471,11.817395210266113
0,207,7,2273,11.721570014953613
0,207,8,64,11.701700210571289
0,207,9,264,11.621490478515625
0,207,10,2308,11.606925010681152
0,208,1,2308,12.491202354431152
0,208,2,624,12.440093040466309
0,208,3,2359,12.30687141418457
0,208,4,1848,12.14090633392334
0,208,5,1293,12.058629989624023
0,208,6,957,11.97346019744873
0,208,7,621,11.93126106262207
0,208,8,1913,11.908126831054688
0,208,9,64,11.885107040405273
0,208,10,576,11.849040985107422
0,209,1,2018,14.311715126037598
0,209,2,354,14.047441482543945
0,209,3,1767,13.522377967834473
0,209,4,2790,13.508149147033691
0,209,5,1757,13.484878540039062
0,209,6,2030,13.289058685302734
0,209,7,624,13.12513256072998
0,209,8,621,13.117063522338867
0,209,9,3010,13.115948677062988
0,209,10,2700,13.064632415771484
0,210,1,2740,6.492796897888184
0,210,2,2674,6.411054611206055
0,210,3,1723,6.269356727600098
0,210,4,444,6.184910774230957
0,210,5,536,6.133169174194336
0,210,6,1442,6.105874061584473
0,210,7,1832,6.097163200378418
0,210,8,2493,6.076360702514648
0,210,9,3084,6.042072296142578
0,210,10,1173,6.031880855560303
0,211,1,2018,12.866353988647461
0,211,2,354,12.559459686279297
0,211,3,906,12.51076602935791
0,211,4,624,12.458956718444824
0,211,5,2359,12.270548820495605
0,211,6,2308,12.24277114868164
0,211,7,1767,12.211801528930664
0,211,8,2790,12.196027755737305
0,211,9,621,12.168123245239258
0,211,10,1757,12.165948867797852
0,212,1,2359,10.437384605407715
0,212,2,2788,10.407442092895508
0,212,3,747,10.36027717590332
0,212,4,1167,10.276321411132812
0,212,5,64,10.262127876281738
0,212,6,1606,10.250204086303711
0,212,7,2321,10.210823059082031
0,212,8,624,10.207971572875977
0,212,9,576,10.152374267578125
0,212,10,477,10.102688789367676
0,214,1,624,9.958200454711914
0,214,2,2308,9.923587799072266
0,214,3,621,9.90218448638916
0,214,4,2700,9.83574104309082
0,214,5,2359,9.74609661102295
0,214,6,1293,9.673003196716309
0,214,7,2018,9.607587814331055
0,214,8,64,9.333789825439453
0,214,9,747,9.289867401123047
0,214,10,2790,9.063213348388672
0,215,1,2018,10.456159591674805
0,215,2,906,10.103400230407715
0,215,3,354,9.949800491333008
0,215,4,1757,9.722134590148926
0,215,5,624,9.674295425415039
0,215,6,2308,9.584166526794434
0,215,7,1258,9.579517364501953
0,215,8,1767,9.527726173400879
0,215,9,2790,9.480768203735352
0,215,10,621,9.47813606262207
0,216,1,2018,10.53333854675293
0,216,2,906,10.243695259094238
0,216,3,354,9.973469734191895
0,216,4,1258,9.836468696594238
0,216,5,624,9.826382637023926
0,216,6,2308,9.806714057922363
0,216,7,1757,9.784797668457031
0,216,8,1767,9.723017692565918
0,216,9,747,9.676712036132812
0,216,10,2790,9.675948143005371
0,217,1,338,9.056877136230469
0,217,2,444,8.604354858398438
0,217,3,397,8.470914840698242
0,217,4,859,8.387250900268555
0,217,5,2176,8.377033233642578
0,217,6,536,8.366708755493164
0,217,7,3084,8.354239463806152
0,217,8,1832,8.31540584564209
0,217,9,1173,8.294442176818848
0,217,10,1367,8.26822280883789
0,218,1,444,10.131708145141602
0,218,2,338,10.040533065795898
0,218,3,536,9.768216133117676
0,218,4,1832,9.748984336853027
0,218,5,2493,9.665264129638672
0,218,6,1173,9.625839233398438
0,218,7,3084,9.623151779174805
0,218,8,397,9.607179641723633
0,218,9,2759,9.495674133300781
0,218,10,1723,9.451764106750488
0,219,1,444,9.165693283081055
0,219,2,536,8.977752685546875
0,219,3,1832,8.957664489746094
0,219,4,2493,8.85200309753418
0,219,5,1173,8.784599304199219
0,219,6,3084,8.662103652954102
0,219,7,1723,8.645039558410645
0,219,8,1157,8.60479736328125
0,219,9,2543,8.553020477294922
0,219,10,397,8.4757080078125
0,221,1,2740,7.740126609802246
0,221,2,2493,7.523870468139648
0,221,3,1723,7.452908515930176
0,221,4,1669,7.287324905395508
0,221,5,1685,7.278915882110596
0,221,6,2674,7.176512718200684
0,221,7,2163,7.17030143737793
0,221,8,1682,7.071339130401611
0,221,9,2007,7.035068988800049
0,221,10,541,7.0347394943237305
0,222,1,2740,8.068364143371582
0,222,2,1669,7.764955043792725
0,222,3,597,7.451754570007324
0,222,4,2674,7.3211493492126465
0,222,5,2493,7.2686567306518555
0,222,6,1723,7.2678751945495605
0,222,7,2163,7.184010028839111
0,222,8,1442,7.171052932739258
0,222,9,2799,7.113761901855469
0,222,10,2007,7.07820463180542
0,223,1,1669,7.631094455718994
0,223,2,2740,7.571612358093262
0,223,3,2658,7.18698787689209
0,223,4,295,7.113544940948486
0,223,5,2243,7.075448513031006
0,223,6,1028,7.0616302490234375
0,223,7,1817,6.978396415710449
0,223,8,1685,6.862067699432373
0,223,9,2799,6.580641269683838
0,223,10,2163,6.53093147277832
0,225,1,1754,8.888970375061035
0,225,2,193,8.85675048828125
0,225,3,2658,8.788274765014648
0,225,4,1817,8.74566650390625
0,225,5,1028,8.72029972076416
0,225,6,1720,8.708459854125977
0,225,7,608,8.688862800598145
0,225,8,295,8.670272827148438
0,225,9,2243,8.572033882141113
0,225,10,1620,8.313762664794922
0,226,1,2719,9.617067337036133
0,226,2,572,9.568231582641602
0,226,3,674,9.207866668701172
0,226,4,2556,8.896482467651367
0,226,5,2137,8.746045112609863
0,226,6,1447,8.50698471069336
0,226,7,2390,8.428494453430176
0,226,8,1650,8.3894681930542
0,226,9,1104,8.372186660766602
0,226,10,707,8.282757759094238
0,227,1,2719,9.172039031982422
0,227,2,674,8.886049270629883
0,227,3,2556,8.48843002319336
0,227,4,2622,8.259725570678711
0,227,5,1650,8.163673400878906
0,227,6,2073,8.123527526855469
0,227,7,1447,8.112508773803711
0,227,8,2137,8.036072731018066
0,227,9,1248,7.91437292098999
0,227,10,2390,7.913491249084473
0,228,1,674,9.754371643066406
0,228,2,1945,9.112435340881348
0,228,3,2719,9.029449462890625
0,228,4,2664,8.88258171081543
0,228,5,2556,8.878862380981445
0,228,6,2258,8.823877334594727
0,228,7,14,8.776792526245117
0,228,8,2390,8.725934982299805
0,228,9,1569,8.652376174926758
0,228,10,739,8.592300415039062
0,229,1,2938,8.264780044555664
0,229,2,1447,8.237421035766602
0,229,3,1248,8.118398666381836
0,229,4,707,7.935986518859863
0,229,5,2719,7.922257900238037
0,229,6,294,7.587676525115967
0,229,7,283,7.5113372802734375
0,229,8,127,7.436065673828125
0,229,9,2256,7.382017135620117
0,229,10,2137,7.349750995635986
0,230,1,2664,8.943488121032715
0,230,2,1870,8.772247314453125
0,230,3,2270,8.746570587158203
0,230,4,283,8.583295822143555
0,230,5,97,8.485950469970703
0,230,6,1456,8.43856430053711
0,230,7,2209,8.38064193725586
0,230,8,1328,8.361425399780273
0,230,9,1654,8.278360366821289
0,230,10,1121,8.241089820861816
0,231,1,2664,10.15588092803955
0,231,2,2270,9.93552017211914
0,231,3,1870,9.929598808288574
0,231,4,283,9.848091125488281
0,231,5,1456,9.749011039733887
0,231,6,97,9.519765853881836
0,231,7,1121,9.503159523010254
0,231,8,132,9.437904357910156
0,231,9,1328,9.411355972290039
0,231,10,2209,9.378790855407715
0,232,1,2664,9.937746047973633
0,232,2,1870,9.70869255065918
0,232,3,2270,9.700098037719727
0,232,4,283,9.541303634643555
0,232,5,1456,9.462970733642578
0,232,6,2209,9.38007926940918
0,232,7,97,9.36815071105957
0,232,8,1328,9.284181594848633
0,232,9,1121,9.005399703979492
0,232,10,1936,8.964021682739258
0,233,1,2270,9.507049560546875
0,233,2,2209,9.43231201171875
0,233,3,2664,9.410565376281738
0,233,4,1654,9.181209564208984
0,233,5,509,9.164073944091797
0,233,6,1870,9.112924575805664
0,233,7,447,9.053800582885742
0,233,8,283,9.032246589660645
0,233,9,2118,9.018366813659668
0,233,10,1456,8.987966537475586
0,234,1,2080,8.616765975952148
0,234,2,475,8.580564498901367
0,234,3,206,8.569324493408203
0,234,4,2917,8.489029884338379
0,234,5,615,8.419377326965332
0,234,6,33,8.398534774780273
0,234,7,104,8.381107330322266
0,234,8,2568,8.348010063171387
0,234,9,2237,8.312244415283203
0,234,10,527,8.289877891540527
0,235,1,2209,10.31396484375
0,235,2,206,9.969669342041016
0,235,3,527,9.785554885864258
0,235,4,2180,9.741119384765625
0,235,5,475,9.63840103149414
0,235,6,532,9.411752700805664
0,235,7,2118,9.369474411010742
0,235,8,2080,9.347458839416504
0,235,9,609,9.346696853637695
0,235,10,2910,9.293506622314453
0,236,1,2209,10.370450019836426
0,236,2,206,9.936490058898926
0,236,3,527,9.815961837768555
0,236,4,475,9.586383819580078
0,236,5,2504,9.493350982666016
0,236,6,2180,9.492297172546387
0,236,7,609,9.342171669006348
0,236,8,2080,9.288166999816895
0,236,9,2910,9.24708366394043
0,236,10,2118,9.215572357177734
0,237,1,2209,11.473645210266113
0,237,2,206,10.485636711120605
0,237,3,2504,10.3921537399292
0,237,4,527,10.387652397155762
0,237,5,2180,10.2464599609375
0,237,6,475,10.091646194458008
0,237,7,609,9.834112167358398
0,237,8,2118,9.808713912963867
0,237,9,2910,9.807513236999512
0,237,10,2080,9.79231071472168
0,239,1,206,11.616203308105469
0,239,2,2345,11.515920639038086
0,239,3,527,11.443719863891602
0,239,4,1936,11.285698890686035
0,239,5,475,10.98110580444336
0,239,6,1654,10.951103210449219
0,239,7,609,10.947639465332031
0,239,8,1465,10.8676176071167
0,239,9,2910,10.860908508300781
0,239,10,1632,10.779279708862305
0,240,1,359,11.461494445800781
0,240,2,717,11.403792381286621
0,240,3,1893,11.336152076721191
0,240,4,1654,11.304619789123535
0,240,5,520,11.054581642150879
0,240,6,2100,11.044288635253906
0,240,7,2180,10.923201560974121
0,240,8,2916,10.559675216674805
0,240,9,1744,10.507580757141113
0,240,10,1232,10.477746963500977
0,241,1,447,11.63585090637207
0,241,2,2009,11.198060035705566
0,241,3,2293,10.967052459716797
0,241,4,509,10.771162986755371
0,241,5,1931,10.676048278808594
0,241,6,1160,10.674479484558105
0,241,7,520,10.576247215270996
0,241,8,2100,10.563488960266113
0,241,9,703,10.546415328979492
0,241,10,1346,10.462535858154297
0,242,1,2118,12.598288536071777
0,242,2,1893,12.067741394042969
0,242,3,1048,11.284128189086914
0,242,4,2916,11.275115966796875
0,242,5,1744,11.218412399291992
0,242,6,2180,11.158132553100586
0,242,7,3079,11.140777587890625
0,242,8,1413,11.135527610778809
0,242,9,532,11.078605651855469
0,242,10,1346,11.057929039001465
0,243,1,2118,11.636556625366211
0,243,2,1160,10.676346778869629
0,243,3,1346,10.426153182983398
0,243,4,2180,10.38121223449707
0,243,5,2916,10.346233367919922
0,243,6,1744,10.291450500488281
0,243,7,532,10.258078575134277
0,243,8,509,10.068168640136719
0,243,9,1413,10.036218643188477
0,243,10,1048,9.95339584350586
0,244,1,1779,11.240901947021484
0,244,2,283,11.008394241333008
0,244,3,1456,10.882644653320312
0,244,4,2870,10.882308006286621
0,244,5,2664,10.843341827392578
0,244,6,1478,10.699624061584473
0,244,7,97,10.607248306274414
0,244,8,1870,10.605133056640625
0,244,9,173,10.578187942504883
0,244,10,788,10.55103874206543
0,245,1,2664,11.430534362792969
0,245,2,1654,11.298770904541016
0,245,3,1121,11.136937141418457
0,245,4,1870,11.06471061706543
0,245,5,2270,10.945046424865723
0,245,6,1328,10.71676254272461
0,245,7,447,10.655932426452637
0,245,8,2990,10.629444122314453
0,245,9,1931,10.472427368164062
0,245,10,2209,10.449076652526855
0,246,1,283,10.68425178527832
0,246,2,1456,10.499049186706543
0,246,3,97,10.214725494384766
0,246,4,536,10.193126678466797
0,246,5,1779,10.158480644226074
0,246,6,1654,10.099397659301758
0,246,7,2870,9.926725387573242
0,246,8,793,9.86552619934082
0,246,9,1478,9.814837455749512
0,246,10,788,9.807796478271484
0,247,1,2270,9.030202865600586
0,247,2,2293,8.568916320800781
0,247,3,2576,8.494422912597656
0,247,4,536,8.432109832763672
0,247,5,1232,8.404561996459961
0,247,6,793,8.398364067077637
0,247,7,1654,8.316656112670898
0,247,8,1615,8.160984992980957
0,247,9,1260,8.081316947937012
0,247,10,1067,8.02081298828125
0,248,1,1931,9.986492156982422
0,248,2,793,9.892637252807617
0,248,3,198,9.857606887817383
0,248,4,2990,9.825630187988281
0,248,5,703,9.804807662963867
0,248,6,1787,9.802164077758789
0,248,7,627,9.724237442016602
0,248,8,132,9.7160005569458
0,248,9,536,9.631725311279297
0,248,10,2576,9.524003982543945
0,249,1,1310,9.284927368164062
0,249,2,536,8.914724349975586
0,249,3,1931,8.82127857208252
0,249,4,1787,8.800537109375
0,249,5,2990,8.67436695098877
0,249,6,1484,8.624502182006836
0,249,7,132,8.6182861328125
0,249,8,793,8.595073699951172
0,249,9,198,8.577112197875977
0,249,10,703,8.568689346313477
0,250,1,2664,8.21175479888916
0,250,2,1260,8.151288032531738
0,250,3,536,8.07372760772705
0,250,4,2493,8.048080444335938
0,250,5,1832,7.945331573486328
0,250,6,1723,7.9047369956970215
0,250,7,1153,7.813797950744629
0,250,8,1157,7.80115270614624
0,250,9,1869,7.794900894165039
0,250,10,2740,7.7649922370910645
0,251,1,2042,11.073888778686523
0,251,2,459,10.96186637878418
0,251,3,664,10.760980606079102
0,251,4,1502,10.581952095031738
0,251,5,12,10.580556869506836
0,251,6,1716,10.514535903930664
0,251,7,194,10.481637954711914
0,251,8,939,10.454646110534668
0,251,9,852,10.399696350097656
0,251,10,787,10.250102996826172
0,252,1,459,13.46924114227295
0,252,2,664,12.998884201049805
0,252,3,1015,12.984195709228516
0,252,4,12,12.727378845214844
0,252,5,273,12.719064712524414
0,252,6,787,12.684640884399414
0,252,7,2743,12.647148132324219
0,252,8,939,12.592658996582031
0,252,9,1716,12.56846809387207
0,252,10,259,12.536672592163086
0,253,1,2042,12.928243637084961
0,253,2,998,12.885984420776367
0,253,3,459,12.236139297485352
0,253,4,44,11.805590629577637
0,253,5,12,11.785396575927734
0,253,6,273,11.764741897583008
0,253,7,787,11.753339767456055
0,253,8,259,11.73607063293457
0,253,9,852,11.689838409423828
0,253,10,2743,11.668680191040039
0,254,1,459,13.177358627319336
0,254,2,1015,12.671027183532715
0,254,3,664,12.541789054870605
0,254,4,12,12.354825973510742
0,254,5,787,12.335335731506348
0,254,6,2844,12.285416603088379
0,254,7,939,12.271761894226074
0,254,8,259,12.234981536865234
0,254,9,2743,12.157888412475586
0,254,10,273,12.13038158416748
0,255,1,459,11.47414779663086
0,255,2,12,11.0469388961792
0,255,3,653,11.046327590942383
0,255,4,939,10.933303833007812
0,255,5,1015,10.809554100036621
0,255,6,2844,10.756880760192871
0,255,7,852,10.677595138549805
0,255,8,2328,10.64683723449707
0,255,9,2801,10.635478973388672
0,255,10,259,10.53734302520752
0,256,1,459,10.992093086242676
0,256,2,1716,10.92896842956543
0,256,3,2743,10.893319129943848
0,256,4,12,10.891278266906738
0,256,5,787,10.822077751159668
0,256,6,2328,10.636163711547852
0,256,7,259,10.477607727050781
0,256,8,939,10.419013023376465
0,256,9,1502,10.407838821411133
0,256,10,2769,10.401082992553711
0,257,1,1502,9.421738624572754
0,257,2,12,9.238845825195312
0,257,3,2324,9.09925651550293
0,257,4,459,9.027044296264648
0,257,5,998,8.958808898925781
0,257,6,664,8.859468460083008
0,257,7,273,8.745830535888672
0,257,8,1716,8.713900566101074
0,257,9,2042,8.701923370361328
0,257,10,990,8.51955509185791
0,258,1,2324,11.843629837036133
0,258,2,998,11.754188537597656
0,258,3,653,11.390205383300781
0,258,4,273,11.287559509277344
0,258,5,2328,11.19204330444336
0,258,6,459,11.147684097290039
0,258,7,2743,11.113615989685059
0,258,8,1015,11.051936149597168
0,258,9,1716,11.012353897094727
0,258,10,2961,10.888778686523438
0,259,1,2324,11.317526817321777
0,259,2,998,11.209238052368164
0,259,3,2042,11.136499404907227
0,259,4,459,11.039201736450195
0,259,5,12,10.978279113769531
0,259,6,664,10.537134170532227
0,259,7,653,10.444334030151367
0,259,8,787,10.417241096496582
0,259,9,1716,10.389820098876953
0,259,10,1502,10.316605567932129
0,260,1,2324,11.773866653442383
0,260,2,998,11.527053833007812
0,260,3,459,11.485395431518555
0,260,4,2042,11.470190048217773
0,260,5,664,11.416448593139648
0,260,6,653,10.889516830444336
0,260,7,1502,10.711877822875977
0,260,8,1015,10.694659233093262
0,260,9,2961,10.559901237487793
0,260,10,183,10.503328323364258
0,261,1,2042,11.896322250366211
0,261,2,653,11.8698091506958
0,261,3,2324,11.805675506591797
0,261,4,998,11.69758415222168
0,261,5,1716,11.509099960327148
0,261,6,2961,11.318708419799805
0,261,7,2328,11.269465446472168
0,261,8,183,11.213472366333008
0,261,9,1376,11.070293426513672
0,261,10,1015,10.951885223388672
0,262,1,2324,13.48080062866211
0,262,2,2042,13.42465877532959
0,262,3,998,13.419315338134766
0,262,4,459,12.915143966674805
0,262,5,653,12.84568977355957
0,262,6,664,12.767095565795898
0,262,7,1015,12.589707374572754
0,262,8,2961,12.342555046081543
0,262,9,8,12.171991348266602
0,262,10,183,12.158458709716797
0,263,1,653,12.82603931427002
0,263,2,2042,12.635287284851074
0,263,3,2324,12.521319389343262
0,263,4,998,12.413755416870117
0,263,5,2961,12.276716232299805
0,263,6,1015,12.201021194458008
0,263,7,183,12.080799102783203
0,263,8,1376,11.874536514282227
0,263,9,31,11.779458999633789
0,263,10,1716,11.772200584411621
0,264,1,1383,11.396724700927734
0,264,2,105,11.212072372436523
0,264,3,2212,10.842220306396484
0,264,4,1198,10.831067085266113
0,264,5,671,10.752649307250977
0,264,6,1159,10.74356746673584
0,264,7,65,10.645801544189453
0,264,8,2163,10.618579864501953
0,264,9,2274,10.593618392944336
0,264,10,2294,10.497288703918457
0,265,1,49,11.441591262817383
0,265,2,701,10.84496021270752
0,265,3,671,10.653663635253906
0,265,4,1380,10.569292068481445
0,265,5,105,10.568687438964844
0,265,6,2403,10.380115509033203
0,265,7,646,10.319260597229004
0,265,8,2163,10.284733772277832
0,265,9,1472,10.270088195800781
0,265,10,482,10.248079299926758
0,266,1,671,11.959190368652344
0,266,2,1472,11.837665557861328
0,266,3,482,11.763632774353027
0,266,4,1380,11.706087112426758
0,266,5,646,11.671792030334473
0,266,6,2403,11.665199279785156
0,266,7,387,11.641416549682617
0,266,8,2294,11.546175003051758
0,266,9,1159,11.257793426513672
0,266,10,2710,11.233606338500977
0,267,1,671,12.550448417663574
0,267,2,1472,12.357872009277344
0,267,3,482,12.344879150390625
0,267,4,701,12.284146308898926
0,267,5,2403,12.198205947875977
0,267,6,646,12.188714981079102
0,267,7,387,12.180259704589844
0,267,8,2294,11.89557933807373
0,267,9,2274,11.675281524658203
0,267,10,2710,11.659671783447266
0,268,1,1180,12.202812194824219
0,268,2,2163,11.831704139709473
0,268,3,2212,11.768970489501953
0,268,4,671,11.694263458251953
0,268,5,1198,11.560215950012207
0,268,6,1159,11.534029006958008
0,268,7,2294,11.467195510864258
0,268,8,65,11.45263385772705
0,268,9,2274,11.448837280273438
0,268,10,2429,11.42176628112793
0,269,1,3048,13.699182510375977
0,269,2,2640,13.220355987548828
0,269,3,2212,13.014404296875
0,269,4,105,12.85563850402832
0,269,5,2163,12.508471488952637
0,269,6,869,12.479877471923828
0,269,7,671,12.196409225463867
0,269,8,2294,12.1632080078125
0,269,9,1198,12.150094985961914
0,269,10,2429,12.051023483276367
0,271,1,1198,11.887716293334961
0,271,2,49,11.554764747619629
0,271,3,1611,11.545669555664062
0,271,4,1472,11.405569076538086
0,271,5,1383,11.373072624206543
0,271,6,2640,11.345465660095215
0,271,7,65,11.313161849975586
0,271,8,455,11.284971237182617
0,271,9,1158,11.069351196289062
0,271,10,387,11.05031681060791
0,272,1,49,13.21940803527832
0,272,2,3048,12.94051742553711
0,272,3,701,12.904655456542969
0,272,4,1198,12.711138725280762
0,272,5,2640,12.605802536010742
0,272,6,385,12.497552871704102
0,272,7,105,12.076751708984375
0,272,8,869,12.070764541625977
0,272,9,2274,12.027698516845703
0,272,10,2294,11.943933486938477
0,273,1,482,9.596456527709961
0,273,2,671,9.341200828552246
0,273,3,1472,9.337427139282227
0,273,4,387,9.233662605285645
0,273,5,646,9.216506958007812
0,273,6,2403,9.149872779846191
0,273,7,49,9.045183181762695
0,273,8,608,8.974337577819824
0,273,9,2578,8.819664001464844
0,273,10,2640,8.809385299682617
0,274,1,49,11.645204544067383
0,274,2,1198,11.300599098205566
0,274,3,2640,11.172778129577637
0,274,4,1383,11.119213104248047
0,274,5,2212,11.055481910705566
0,274,6,3048,10.931385040283203
0,274,7,2294,10.866900444030762
0,274,8,65,10.830633163452148
0,274,9,385,10.702855110168457
0,274,10,671,10.597928047180176
0,276,1,608,7.715021133422852
0,276,2,2090,7.5211896896362305
0,276,3,192,7.278726100921631
0,276,4,1344,7.268643379211426
0,276,5,2111,7.221465587615967
0,276,6,2280,7.119804382324219
0,276,7,663,7.087719917297363
0,276,8,1963,7.082502841949463
0,276,9,555,7.066696643829346
0,276,10,122,7.062518119812012
0,278,1,2280,6.717009544372559
0,278,2,2090,6.6730451583862305
0,278,3,2628,6.667169570922852
0,278,4,608,6.624271392822266
0,278,5,2111,6.572579383850098
0,278,6,1127,6.563747406005859
0,278,7,2368,6.4687042236328125
0,278,8,480,6.375375270843506
0,278,9,2581,6.341128349304199
0,278,10,192,6.308590888977051
0,279,1,2111,7.804237365722656
0,279,2,2581,7.639291763305664
0,279,3,192,7.5729498863220215
0,279,4,121,7.396994590759277
0,279,5,1963,7.387378692626953
0,279,6,1400,7.3337531089782715
0,279,7,954,7.320671081542969
0,279,8,2580,7.236577987670898
0,279,9,2352,7.130460739135742
0,279,10,2368,7.122203826904297
0,280,1,2363,9.644203186035156
0,280,2,482,9.467470169067383
0,280,3,608,9.449790000915527
0,280,4,2956,9.366741180419922
0,280,5,671,9.208871841430664
0,280,6,637,9.20653247833252
0,280,7,2090,9.180623054504395
0,280,8,1062,9.142372131347656
0,280,9,646,9.08797836303711
0,280,10,2403,9.066222190856934
0,282,1,104,9.677406311035156
0,282,2,2090,9.63780403137207
0,282,3,608,9.634642601013184
0,282,4,637,9.60490608215332
0,282,5,2075,9.341248512268066
0,282,6,2917,9.268131256103516
0,282,7,1344,9.234174728393555
0,282,8,1991,9.205677032470703
0,282,9,2363,9.179652214050293
0,282,10,2197,9.101521492004395
0,283,1,2090,8.846465110778809
0,283,2,1344,8.338798522949219
0,283,3,727,8.093125343322754
0,283,4,1528,8.076156616210938
0,283,5,555,8.069592475891113
0,283,6,104,7.9292731285095215
0,283,7,1516,7.921041965484619
0,283,8,2580,7.898921012878418
0,283,9,608,7.850250720977783
0,283,10,2197,7.821497440338135
0,284,1,608,7.43464469909668
0,284,2,2628,7.286581516265869
0,284,3,2197,7.26962423324585
0,284,4,121,7.243184566497803
0,284,5,3062,7.236926555633545
0,284,6,555,7.2295732498168945
0,284,7,1400,7.22226619720459
0,284,8,1344,7.1816935539245605
0,284,9,414,7.173048973083496
0,284,10,2090,7.15700101852417
0,285,1,1437,8.830018043518066
0,285,2,608,8.785326957702637
0,285,3,2098,8.553462982177734
0,285,4,783,8.516090393066406
0,285,5,1362,8.512407302856445
0,285,6,553,8.465100288391113
0,285,7,2197,8.2546968460083
0,285,8,3037,8.21435832977295
0,285,9,414,8.112316131591797
0,285,10,2628,8.074856758117676
0,286,1,1437,9.005500793457031
0,286,2,608,8.737796783447266
0,286,3,1277,8.710577011108398
0,286,4,2098,8.66775131225586
0,286,5,1362,8.337516784667969
0,286,6,414,8.267748832702637
0,286,7,2578,8.087896347045898
0,286,8,2197,8.070780754089355
0,286,9,2628,7.993098735809326
0,286,10,129,7.962351322174072
0,287,1,1437,7.274943828582764
0,287,2,1362,7.166552543640137
0,287,3,2098,7.12129545211792
0,287,4,2082,7.104868412017822
0,287,5,641,7.0876264572143555
0,287,6,2558,7.058751106262207
0,287,7,2599,6.920923233032227
0,287,8,414,6.855217456817627
0,287,9,2607,6.832846164703369
0,287,10,2194,6.8039069175720215
0,288,1,414,8.90592098236084
0,288,2,2558,8.169289588928223
0,288,3,2082,8.083717346191406
0,288,4,641,7.980332851409912
0,288,5,1362,7.886844635009766
0,288,6,2599,7.846377849578857
0,288,7,285,7.821683883666992
0,288,8,2607,7.763603687286377
0,288,9,3037,7.755947113037109
0,288,10,2104,7.749835968017578
0,289,1,2111,8.32545280456543
0,289,2,122,8.237756729125977
0,289,3,2090,8.111574172973633
0,289,4,2578,8.092315673828125
0,289,5,2967,7.982936382293701
0,289,6,2628,7.981427192687988
0,289,7,1437,7.956823348999023
0,289,8,1344,7.930211067199707
0,289,9,2581,7.928286552429199
0,289,10,49,7.8843159675598145
0,290,1,982,7.782033920288086
0,290,2,104,7.7807536125183105
0,290,3,2340,7.755612850189209
0,290,4,2628,7.752107620239258
0,290,5,2084,7.567074775695801
0,290,6,33,7.566471099853516
0,290,7,121,7.552511215209961
0,290,8,2917,7.545426368713379
0,290,9,851,7.472357749938965
0,290,10,2280,7.45282506942749
0,291,1,860,7.708409309387207
0,291,2,2997,7.245250701904297
0,291,3,1760,7.127041816711426
0,291,4,121,7.045445442199707
0,291,5,2628,6.967147350311279
0,291,6,33,6.854461193084717
0,291,7,104,6.748571395874023
0,291,8,2084,6.727110862731934
0,291,9,2917,6.720381736755371
0,291,10,1766,6.567548751831055
0,292,1,13,7.9582624435424805
0,292,2,2997,7.509627342224121
0,292,3,33,7.397878646850586
0,292,4,1760,7.380661964416504
0,292,5,2628,7.213294982910156
0,292,6,2084,7.207263946533203
0,292,7,121,7.206758499145508
0,292,8,104,7.180224418640137
0,292,9,2917,7.166440963745117
0,292,10,2340,7.0504255294799805
0,293,1,2090,7.095551013946533
0,293,2,2997,6.625901222229004
0,293,3,2628,6.180230140686035
0,293,4,1760,6.139430999755859
0,293,5,121,6.090323448181152
0,293,6,1766,5.753819942474365
0,293,7,2580,5.717635154724121
0,293,8,2340,5.668837547302246
0,293,9,192,5.666717529296875
0,293,10,122,5.662507057189941
0,294,1,2347,8.206839561462402
0,294,2,414,8.188251495361328
0,294,3,3054,8.06971549987793
0,294,4,498,7.957424640655518
0,294,5,3062,7.908899307250977
0,294,6,426,7.894700527191162
0,294,7,559,7.819640159606934
0,294,8,612,7.7778825759887695
0,294,9,611,7.7493896484375
0,294,10,1999,7.685682773590088
0,295,1,414,9.585323333740234
0,295,2,2347,9.397756576538086
0,295,3,3054,8.971094131469727
0,295,4,426,8.861343383789062
0,295,5,498,8.80112075805664
0,295,6,612,8.730829238891602
0,295,7,559,8.613093376159668
0,295,8,611,8.605672836303711
0,295,9,3062,8.421342849731445
0,295,10,584,8.380359649658203
0,297,1,2616,9.768171310424805
0,297,2,414,9.469802856445312
0,297,3,3061,8.871772766113281
0,297,4,1543,8.77479076385498
0,297,5,3054,8.645793914794922
0,297,6,426,8.638686180114746
0,297,7,2723,8.617855072021484
0,297,8,2952,8.600534439086914
0,297,9,498,8.548364639282227
0,297,10,2347,8.489751815795898
0,298,1,414,9.015829086303711
0,298,2,2668,8.679666519165039
0,298,3,1543,8.507678985595703
0,298,4,2723,8.110651016235352
0,298,5,421,7.627689838409424
0,298,6,2952,7.53954553604126
0,298,7,3062,7.537352561950684
0,298,8,426,7.536286354064941
0,298,9,1881,7.43653678894043
0,298,10,2940,7.413958549499512
0,299,1,865,9.3194580078125
0,299,2,3018,9.3194580078125
0,299,3,2219,8.524641036987305
0,299,4,1712,8.496857643127441
0,299,5,767,8.478156089782715
0,299,6,2877,8.47125244140625
0,299,7,1966,8.382742881774902
0,299,8,1748,8.374298095703125
0,299,9,298,8.149313926696777
0,299,10,2616,8.132617950439453
0,300,1,2899,13.701099395751953
0,300,2,2969,12.029173851013184
0,300,3,315,11.822600364685059
0,300,4,980,11.493881225585938
0,300,5,2937,11.186814308166504
0,300,6,2978,11.183578491210938
0,300,7,1087,11.108070373535156
0,300,8,546,11.022656440734863
0,300,9,681,10.758357048034668
0,300,10,1970,10.744908332824707
0,301,1,1592,11.44143295288086
0,301,2,980,11.16886043548584
0,301,3,1970,10.746940612792969
0,301,4,2937,10.745468139648438
0,301,5,2736,10.715193748474121
0,301,6,2978,10.699641227722168
0,301,7,1087,10.55551528930664
0,301,8,546,10.437185287475586
0,301,9,2127,10.221668243408203
0,301,10,1995,10.004531860351562
0,302,1,980,12.65291976928711
0,302,2,1597,12.208577156066895
0,302,3,315,12.160384178161621
0,302,4,2937,12.039175033569336
0,302,5,1087,11.94985580444336
0,302,6,1970,11.892999649047852
0,302,7,546,11.787925720214844
0,302,8,2736,11.570334434509277
0,302,9,39,11.443686485290527
0,302,10,681,11.400809288024902
0,303,1,2937,11.535857200622559
0,303,2,980,11.510692596435547
0,303,3,546,11.424173355102539
0,303,4,1087,11.414011001586914
0,303,5,2127,11.134517669677734
0,303,6,1454,10.993260383605957
0,303,7,1717,10.987167358398438
0,303,8,2736,10.920169830322266
0,303,9,2299,10.887311935424805
0,303,10,2978,10.853509902954102
0,304,1,59,12.762133598327637
0,304,2,1995,12.395964622497559
0,304,3,1611,11.921952247619629
0,304,4,2623,11.87590503692627
0,304,5,1116,11.269842147827148
0,304,6,1823,11.250213623046875
0,304,7,562,11.026164054870605
0,304,8,2899,10.996479034423828
0,304,9,2686,10.19785213470459
0,304,10,980,10.083309173583984
0,305,1,1597,11.887200355529785
0,305,2,980,11.692476272583008
0,305,3,2343,11.592720031738281
0,305,4,2969,11.263482093811035
0,305,5,1592,11.254045486450195
0,305,6,1113,11.184744834899902
0,305,7,540,11.173365592956543
0,305,8,2937,11.147880554199219
0,305,9,2736,11.029518127441406
0,305,10,272,10.984720230102539
0,306,1,59,13.55217170715332
0,306,2,1995,12.922760963439941
0,306,3,2623,12.168228149414062
0,306,4,2974,11.958625793457031
0,306,5,1701,11.88227653503418
0,306,6,69,11.874704360961914
0,306,7,1571,11.69901180267334
0,306,8,562,11.571290016174316
0,306,9,1823,11.565388679504395
0,306,10,2562,11.469320297241211
0,307,1,1611,14.140515327453613
0,307,2,1116,13.033044815063477
0,307,3,59,12.960393905639648
0,307,4,2686,12.465136528015137
0,307,5,1848,12.071674346923828
0,307,6,1738,12.064434051513672
0,307,7,1198,11.923361778259277
0,307,8,1781,11.92317008972168
0,307,9,455,11.844919204711914
0,307,10,471,11.748259544372559
0,308,1,1995,13.809830665588379
0,308,2,59,13.074063301086426
0,308,3,2686,13.071573257446289
0,308,4,562,13.046819686889648
0,308,5,1781,12.896228790283203
0,308,6,1198,12.821864128112793
0,308,7,493,12.78791618347168
0,308,8,385,12.598926544189453
0,308,9,1868,12.515970230102539
0,308,10,595,12.463849067687988
0,309,1,1823,13.644899368286133
0,309,2,562,13.443246841430664
0,309,3,2686,13.223397254943848
0,309,4,493,12.594751358032227
0,309,5,2574,12.54261589050293
0,309,6,2869,12.541385650634766
0,309,7,1198,12.466986656188965
0,309,8,455,12.404523849487305
0,309,9,1781,12.40002727508545
0,309,10,1490,12.397557258605957
0,310,1,1611,13.178903579711914
0,310,2,1701,12.123590469360352
0,310,3,1990,11.66520881652832
0,310,4,1198,11.636629104614258
0,310,5,455,11.232736587524414
0,310,6,385,11.201774597167969
0,310,7,1781,11.125211715698242
0,310,8,59,11.098937034606934
0,310,9,1868,10.869609832763672
0,310,10,1158,10.823596000671387
0,311,1,1611,12.770345687866211
0,311,2,2974,12.089412689208984
0,311,3,1116,11.444164276123047
0,311,4,1198,11.257983207702637
0,311,5,455,11.201187133789062
0,311,6,1781,11.156221389770508
0,311,7,385,11.053868293762207
0,311,8,1369,11.037796974182129
0,311,9,59,11.020865440368652
0,311,10,1158,10.997762680053711
0,312,1,1611,14.320075988769531
0,312,2,1738,13.439811706542969
0,312,3,2273,13.378616333007812
0,312,4,471,13.055068969726562
0,312,5,1848,13.051538467407227
0,312,6,2974,12.958446502685547
0,312,7,1369,12.915870666503906
0,312,8,1701,12.891664505004883
0,312,9,1781,12.750120162963867
0,312,10,1571,12.719429016113281
0,314,1,1990,11.936927795410156
0,314,2,2974,11.702744483947754
0,314,3,1116,11.700284957885742
0,314,4,1701,11.545846939086914
0,314,5,2686,11.46180534362793
0,314,6,1571,11.325906753540039
0,314,7,2623,11.30176067352295
0,314,8,1823,11.269319534301758
0,314,9,69,11.218114852905273
0,314,10,65,11.059989929199219
0,315,1,1611,14.426645278930664
0,315,2,1781,13.826967239379883
0,315,3,1198,13.772167205810547
0,315,4,1395,13.629610061645508
0,315,5,2574,13.437952041625977
0,315,6,1490,13.418205261230469
0,315,7,2869,13.335631370544434
0,315,8,2686,13.243431091308594
0,315,9,2974,13.199189186096191
0,315,10,1701,13.147700309753418
0,316,1,2106,13.061674118041992
0,316,2,2176,12.782964706420898
0,316,3,2294,12.55759334564209
0,316,4,701,12.465797424316406
0,316,5,31,12.422164916992188
0,316,6,3069,12.275358200073242
0,316,7,1015,12.274258613586426
0,316,8,2274,12.256664276123047
0,316,9,455,12.231853485107422
0,316,10,1198,12.226871490478516
0,317,1,1472,12.488933563232422
0,317,2,387,12.475859642028809
0,317,3,2264,12.438838005065918
0,317,4,671,12.412806510925293
0,317,5,1198,12.366594314575195
0,317,6,2294,12.300952911376953
0,317,7,646,12.281914710998535
0,317,8,493,12.241924285888672
0,317,9,2274,12.22230339050293
0,317,10,2403,12.183302879333496
0,318,1,671,13.636960983276367
0,318,2,1793,13.566230773925781
0,318,3,646,13.376359939575195
0,318,4,387,13.274057388305664
0,318,5,2403,13.241360664367676
0,318,6,482,13.182090759277344
0,318,7,779,13.086212158203125
0,318,8,1472,12.824165344238281
0,318,9,101,12.565402030944824
0,318,10,2264,12.541841506958008
0,319,1,338,13.780229568481445
0,319,2,2176,12.955409049987793
0,319,3,2106,12.671831130981445
0,319,4,2363,12.518192291259766
0,319,5,1793,12.446389198303223
0,319,6,2294,12.072315216064453
0,319,7,1167,11.939957618713379
0,319,8,2163,11.901311874389648
0,319,9,671,11.762563705444336
0,319,10,779,11.714873313903809
0,321,1,482,11.142263412475586
0,321,2,387,11.019712448120117
0,321,3,671,11.003570556640625
0,321,4,104,10.968645095825195
0,321,5,1472,10.783470153808594
0,321,6,646,10.768760681152344
0,321,7,1793,10.760265350341797
0,321,8,2403,10.5879487991333
0,321,9,779,10.562877655029297
0,321,10,637,10.471656799316406
0,322,1,1367,12.299736022949219
0,322,2,1793,12.234357833862305
0,322,3,338,12.199995040893555
0,322,4,671,11.882858276367188
0,322,5,482,11.835501670837402
0,322,6,646,11.742910385131836
0,322,7,851,11.709297180175781
0,322,8,779,11.703880310058594
0,322,9,3027,11.633697509765625
0,322,10,2403,11.60828971862793
0,323,1,104,10.66174602508545
0,323,2,1991,10.133832931518555
0,323,3,387,10.126099586486816
0,323,4,482,10.100954055786133
0,323,5,637,10.033437728881836
0,323,6,671,10.015518188476562
0,323,7,2917,9.98533821105957
0,323,8,2075,9.89078140258789
0,323,9,1671,9.854774475097656
0,323,10,646,9.829679489135742
0,324,1,482,12.729012489318848
0,324,2,671,12.541778564453125
0,324,3,104,12.519681930541992
0,324,4,646,12.42996883392334
0,324,5,1964,12.40121841430664
0,324,6,387,12.338190078735352
0,324,7,2403,12.255306243896484
0,324,8,1793,12.228103637695312
0,324,9,637,12.18845272064209
0,324,10,851,11.98359203338623
0,325,1,2363,10.614913940429688
0,325,2,637,10.40518569946289
0,325,3,2917,9.942811965942383
0,325,4,2090,9.868814468383789
0,325,5,482,9.818105697631836
0,325,6,982,9.797584533691406
0,325,7,2084,9.774272918701172
0,325,8,1964,9.707842826843262
0,325,9,2971,9.693089485168457
0,325,10,671,9.471275329589844
0,326,1,104,10.347110748291016
0,326,2,2917,9.684408187866211
0,326,3,482,9.58902645111084
0,326,4,2084,9.457839965820312
0,326,5,1964,9.386907577514648
0,326,6,387,9.321983337402344
0,326,7,671,9.27275276184082
0,326,8,2090,9.261202812194824
0,326,9,646,9.210430145263672
0,326,10,982,9.208850860595703
0,327,1,2956,10.513507843017578
0,327,2,1991,10.366435050964355
0,327,3,2090,10.224170684814453
0,327,4,482,9.950905799865723
0,327,5,33,9.948701858520508
0,327,6,1671,9.94780158996582
0,327,7,1964,9.942850112915039
0,327,8,1064,9.838006973266602
0,327,9,1516,9.74579906463623
0,327,10,1422,9.732419967651367
0,328,1,1062,8.679610252380371
0,328,2,33,8.621050834655762
0,328,3,2363,8.43562126159668
0,328,4,1516,8.423965454101562
0,328,5,2090,8.388349533081055
0,328,6,2956,8.189375877380371
0,328,7,387,8.1165771484375
0,328,8,482,8.06871509552002
0,328,9,1344,8.043172836303711
0,328,10,555,8.034242630004883
0,329,1,104,11.353976249694824
0,329,2,637,10.858377456665039
0,329,3,2090,10.690811157226562
0,329,4,2075,10.582408905029297
0,329,5,1991,10.557226181030273
0,329,6,1062,10.24032211303711
0,329,7,2363,10.238770484924316
0,329,8,1671,10.155163764953613
0,329,9,1344,10.149432182312012
0,329,10,851,10.09676456451416
0,330,1,104,9.250088691711426
0,330,2,1064,8.912805557250977
0,330,3,33,8.752180099487305
0,330,4,1991,8.706378936767578
0,330,5,2090,8.699975967407227
0,330,6,555,8.534313201904297
0,330,7,637,8.423845291137695
0,330,8,1344,8.389535903930664
0,330,9,1671,8.389328002929688
0,330,10,2075,8.350533485412598
0,331,1,104,10.691106796264648
0,331,2,1991,10.010782241821289
0,331,3,637,9.99123764038086
0,331,4,2090,9.872808456420898
0,331,5,2075,9.849211692810059
0,331,6,1671,9.61848258972168
0,331,7,1062,9.502744674682617
0,331,8,1344,9.419209480285645
0,331,9,555,9.381338119506836
0,331,10,1516,9.312929153442383
0,332,1,104,10.941620826721191
0,332,2,1064,10.706140518188477
0,332,3,2917,10.629828453063965
0,332,4,1422,10.542946815490723
0,332,5,2084,10.423799514770508
0,332,6,33,10.411188125610352
0,332,7,1991,10.27932071685791
0,332,8,637,10.211711883544922
0,332,9,1671,10.054728507995605
0,332,10,2075,9.968790054321289
0,333,1,2870,14.044153213500977
0,333,2,2261,13.451763153076172
0,333,3,2145,12.862014770507812
0,333,4,1478,12.786202430725098
0,333,5,397,12.732209205627441
0,333,6,1655,12.729722023010254
0,333,7,2602,12.632034301757812
0,333,8,2705,12.558319091796875
0,333,9,2309,12.526379585266113
0,333,10,2384,12.452974319458008
0,334,1,523,9.399894714355469
0,334,2,900,9.308016777038574
0,334,3,90,9.043612480163574
0,334,4,1478,8.97457504272461
0,334,5,394,8.9220609664917
0,334,6,397,8.914933204650879
0,334,7,2927,8.89827823638916
0,334,8,2705,8.802592277526855
0,334,9,2750,8.767922401428223
0,334,10,2078,8.753528594970703
0,335,1,2261,12.964008331298828
0,335,2,90,12.524063110351562
0,335,3,2602,12.380213737487793
0,335,4,2309,12.31485652923584
0,335,5,1692,12.237215995788574
0,335,6,2384,12.225951194763184
0,335,7,397,12.200681686401367
0,335,8,1478,12.102867126464844
0,335,9,2078,11.98172664642334
0,335,10,249,11.878695487976074
0,336,1,523,12.349523544311523
0,336,2,90,11.927133560180664
0,336,3,2927,11.856253623962402
0,336,4,2705,11.834814071655273
0,336,5,900,11.688177108764648
0,336,6,1478,11.602039337158203
0,336,7,2145,11.572957992553711
0,336,8,1635,11.3591947555542
0,336,9,397,11.358736038208008
0,336,10,2309,11.346183776855469
0,337,1,2609,11.254974365234375
0,337,2,1606,10.724504470825195
0,337,3,1517,10.627107620239258
0,337,4,1398,10.495131492614746
0,337,5,2321,10.471549034118652
0,337,6,1347,10.454205513000488
0,337,7,576,10.424020767211914
0,337,8,477,10.391159057617188
0,337,9,2464,10.361528396606445
0,337,10,2739,10.302300453186035
0,338,1,2309,11.230289459228516
0,338,2,1779,11.0244140625
0,338,3,2145,11.009306907653809
0,338,4,2107,10.54047966003418
0,338,5,2705,10.537124633789062
0,338,6,1635,10.333276748657227
0,338,7,249,10.258394241333008
0,338,8,1478,10.191079139709473
0,338,9,788,10.150949478149414
0,338,10,1491,10.139921188354492
0,339,1,1779,10.238692283630371
0,339,2,2705,10.067500114440918
0,339,3,2309,9.859783172607422
0,339,4,1635,9.847114562988281
0,339,5,261,9.818766593933105
0,339,6,1064,9.71350383758545
0,339,7,1878,9.69139289855957
0,339,8,521,9.685474395751953
0,339,9,1491,9.643819808959961
0,339,10,2078,9.601800918579102
0,340,1,2261,12.365941047668457
0,340,2,1779,11.888710021972656
0,340,3,2309,11.648935317993164
0,340,4,2384,11.449469566345215
0,340,5,2705,11.237260818481445
0,340,6,397,11.088997840881348
0,340,7,1635,10.967512130737305
0,340,8,249,10.92642879486084
0,340,9,1478,10.912647247314453
0,340,10,2078,10.7952299118042
0,341,1,49,9.912012100219727
0,341,2,2163,9.89497184753418
0,341,3,105,9.654631614685059
0,341,4,2640,9.509963989257812
0,341,5,701,9.49270248413086
0,341,6,1383,9.292694091796875
0,341,7,2106,9.270638465881348
0,341,8,502,9.258345603942871
0,341,9,2363,9.239474296569824
0,341,10,1380,9.230575561523438
0,342,1,671,10.594867706298828
0,342,2,49,10.555389404296875
0,342,3,646,10.419670104980469
0,342,4,2403,10.3768892288208
0,342,5,387,10.260746002197266
0,342,6,2640,10.127829551696777
0,342,7,2163,10.109933853149414
0,342,8,2294,10.035112380981445
0,342,9,2363,9.96435832977295
0,342,10,2956,9.849451065063477
0,343,1,2870,12.408056259155273
0,343,2,2609,12.069557189941406
0,343,3,1655,11.649506568908691
0,343,4,2107,11.530394554138184
0,343,5,535,11.456243515014648
0,343,6,2602,11.451001167297363
0,343,7,1779,11.274700164794922
0,343,8,1517,11.237128257751465
0,343,9,397,11.16539192199707
0,343,10,1478,11.150400161743164
0,345,1,482,10.705570220947266
0,345,2,1472,10.586565017700195
0,345,3,104,9.895545959472656
0,345,4,2106,9.83810806274414
0,345,5,2176,9.800094604492188
0,345,6,2363,9.774036407470703
0,345,7,2956,9.71302318572998
0,345,8,49,9.686223983764648
0,345,9,1964,9.683481216430664
0,345,10,1991,9.647920608520508
0,346,1,671,10.358299255371094
0,346,2,49,9.725341796875
0,346,3,2294,9.560404777526855
0,346,4,2106,9.497692108154297
0,346,5,2176,9.444366455078125
0,346,6,2640,9.36965560913086
0,346,7,2363,9.316444396972656
0,346,8,2956,9.312484741210938
0,346,9,2710,9.285565376281738
0,346,10,1964,9.260522842407227
0,347,1,646,10.268753051757812
0,347,2,2403,10.114840507507324
0,347,3,2294,9.726499557495117
0,347,4,1964,9.529525756835938
0,347,5,2106,9.515714645385742
0,347,6,49,9.460865020751953
0,347,7,2176,9.444055557250977
0,347,8,2173,9.298578262329102
0,347,9,2710,9.274398803710938
0,347,10,1367,9.135795593261719
0,348,1,2163,10.60048770904541
0,348,2,105,10.386813163757324
0,348,3,49,10.384041786193848
0,348,4,701,10.245035171508789
0,348,5,3048,10.168549537658691
0,348,6,1180,10.090950012207031
0,348,7,2007,10.06793212890625
0,348,8,2480,10.013858795166016
0,348,9,1380,9.988716125488281
0,348,10,1015,9.852372169494629
0,349,1,49,10.388025283813477
0,349,2,701,10.160608291625977
0,349,3,105,10.154851913452148
0,349,4,3048,10.066339492797852
0,349,5,1786,9.95611572265625
0,349,6,1180,9.946569442749023
0,349,7,2640,9.73824405670166
0,349,8,1380,9.725397109985352
0,349,9,1964,9.678407669067383
0,349,10,1911,9.616691589355469
0,350,1,1827,10.260296821594238
0,350,2,49,10.246496200561523
0,350,3,105,10.147666931152344
0,350,4,3048,10.134757995605469
0,350,5,701,10.127721786499023
0,350,6,1180,10.121057510375977
0,350,7,2480,9.803849220275879
0,350,8,1380,9.741823196411133
0,350,9,1015,9.613449096679688
0,350,10,2640,9.526611328125
0,351,1,2363,9.242486953735352
0,351,2,49,8.97092056274414
0,351,3,2956,8.939413070678711
0,351,4,2007,8.86203384399414
0,351,5,2176,8.682245254516602
0,351,6,1964,8.636980056762695
0,351,7,2106,8.57939624786377
0,351,8,105,8.572260856628418
0,351,9,701,8.5316162109375
0,351,10,482,8.512812614440918
0,352,1,506,11.85777473449707
0,352,2,2486,11.561681747436523
0,352,3,910,11.492706298828125
0,352,4,595,11.401642799377441
0,352,5,297,11.329715728759766
0,352,6,1395,11.17060661315918
0,352,7,579,11.039387702941895
0,352,8,2562,10.84293270111084
0,352,9,2311,10.805765151977539
0,352,10,1606,10.592985153198242
0,353,1,506,12.880424499511719
0,353,2,595,12.726966857910156
0,353,3,2486,12.566324234008789
0,353,4,910,12.49942684173584
0,353,5,579,12.3407564163208
0,353,6,297,12.319584846496582
0,353,7,1611,11.849897384643555
0,353,8,1395,11.793927192687988
0,353,9,1653,11.78041934967041
0,353,10,2974,11.766897201538086
0,354,1,595,11.467947006225586
0,354,2,506,11.281816482543945
0,354,3,579,11.131155014038086
0,354,4,2486,11.027700424194336
0,354,5,1611,11.021991729736328
0,354,6,910,10.947856903076172
0,354,7,2974,10.925225257873535
0,354,8,297,10.798494338989258
0,354,9,493,10.78465747833252
0,354,10,1701,10.714332580566406
0,355,1,506,11.79289436340332
0,355,2,2486,11.490877151489258
0,355,3,595,11.463944435119629
0,355,4,2869,11.427785873413086
0,355,5,910,11.413311958312988
0,355,6,1606,11.403586387634277
0,355,7,2464,11.360336303710938
0,355,8,2697,11.322816848754883
0,355,9,1826,11.2919921875
0,355,10,272,11.289560317993164
0,356,1,506,12.787676811218262
0,356,2,595,12.507128715515137
0,356,3,2486,12.493264198303223
0,356,4,910,12.398642539978027
0,356,5,297,12.240154266357422
0,356,6,579,12.122306823730469
0,356,7,2574,12.122018814086914
0,356,8,1395,11.986577033996582
0,356,9,2697,11.82785701751709
0,356,10,2311,11.73714828491211
0,357,1,506,10.359626770019531
0,357,2,338,10.341387748718262
0,357,3,1167,9.876541137695312
0,357,4,1369,9.847681045532227
0,357,5,2294,9.839073181152344
0,357,6,859,9.815117835998535
0,357,7,1180,9.767105102539062
0,357,8,595,9.74975299835205
0,357,9,1395,9.613384246826172
0,357,10,1367,9.512929916381836
0,358,1,576,10.118042945861816
0,358,2,747,9.967487335205078
0,358,3,2754,9.781277656555176
0,358,4,2321,9.739341735839844
0,358,5,1606,9.730030059814453
0,358,6,2788,9.668375015258789
0,358,7,2464,9.662662506103516
0,358,8,1347,9.5708646774292
0,358,9,1398,9.546842575073242
0,358,10,957,9.540689468383789
0,359,1,1395,11.919139862060547
0,359,2,1897,11.779731750488281
0,359,3,1037,11.681785583496094
0,359,4,1,11.619970321655273
0,359,5,842,11.566597938537598
0,359,6,2562,11.52308177947998
0,359,7,1490,11.476960182189941
0,359,8,2665,11.468559265136719
0,359,9,2869,11.440345764160156
0,359,10,2574,11.415810585021973
0,360,1,1395,11.919139862060547
0,360,2,1897,11.779731750488281
0,360,3,1037,11.681785583496094
0,360,4,1,11.619970321655273
0,360,5,842,11.566597938537598
0,360,6,2562,11.52308177947998
0,360,7,1490,11.476960182189941
0,360,8,2665,11.468559265136719
0,360,9,2869,11.440345764160156
0,360,10,2574,11.415810585021973
0,361,1,1395,11.919139862060547
0,361,2,1897,11.779731750488281
0,361,3,1037,11.681785583496094
0,361,4,1,11.619970321655273
0,361,5,842,11.566597938537598
0,361,6,2562,11.52308177947998
0,361,7,1490,11.476960182189941
0,361,8,2665,11.468559265136719
0,361,9,2869,11.440345764160156
0,361,10,2574,11.415810585021973
0,362,1,1395,11.919139862060547
0,362,2,1897,11.779731750488281
0,362,3,1037,11.681785583496094
0,362,4,1,11.619970321655273
0,362,5,842,11.566597938537598
0,362,6,2562,11.52308177947998
0,362,7,1490,11.476960182189941
0,362,8,2665,11.468559265136719
0,362,9,2869,11.440345764160156
0,362,10,2574,11.415810585021973
0,363,1,1395,11.89500617980957
0,363,2,1897,11.75558090209961
0,363,3,1037,11.653820037841797
0,363,4,1,11.592302322387695
0,363,5,842,11.541452407836914
0,363,6,2562,11.492032051086426
0,363,7,1490,11.450984954833984
0,363,8,2665,11.441085815429688
0,363,9,2869,11.414482116699219
0,363,10,2574,11.389991760253906
0,364,1,2759,14.342955589294434
0,364,2,1779,13.797703742980957
0,364,3,418,13.393767356872559
0,364,4,2870,13.198942184448242
0,364,5,788,13.151674270629883
0,364,6,249,13.090655326843262
0,364,7,2261,12.549785614013672
0,364,8,1655,12.481894493103027
0,364,9,1491,12.470904350280762
0,364,10,2061,12.459863662719727
0,365,1,1478,13.786734580993652
0,365,2,1653,13.487364768981934
0,365,3,1779,13.409577369689941
0,365,4,418,13.292963981628418
0,365,5,2870,12.772846221923828
0,365,6,788,12.703834533691406
0,365,7,249,12.647289276123047
0,365,8,2261,12.078264236450195
0,365,9,1655,11.983468055725098
0,365,10,1635,11.972804069519043
0,366,1,1779,12.367147445678711
0,366,2,418,11.990066528320312
0,366,3,2870,11.862259864807129
0,366,4,1653,11.747838973999023
0,366,5,788,11.529232025146484
0,366,6,249,11.453910827636719
0,366,7,2261,11.249077796936035
0,366,8,900,10.99134635925293
0,366,9,523,10.948591232299805
0,366,10,1635,10.736889839172363
0,367,1,1203,13.1016845703125
0,367,2,1478,12.964723587036133
0,367,3,2078,12.865764617919922
0,367,4,1779,12.174723625183105
0,367,5,2870,11.613990783691406
0,367,6,788,11.530769348144531
0,367,7,249,11.393888473510742
0,367,8,1635,10.962736129760742
0,367,9,2061,10.938106536865234
0,367,10,2261,10.886754035949707
0,368,1,1203,10.88946533203125
0,368,2,1653,10.539995193481445
0,368,3,1494,10.531023025512695
0,368,4,1779,10.461788177490234
0,368,5,2870,9.960334777832031
0,368,6,249,9.82248592376709
0,368,7,788,9.740644454956055
0,368,8,1333,9.681008338928223
0,368,9,103,9.589364051818848
0,368,10,1655,9.568143844604492
0,369,1,1398,20.065242767333984
0,369,2,2888,19.293298721313477
0,369,3,1108,19.279197692871094
0,369,4,2609,18.533857345581055
0,369,5,64,18.489532470703125
0,369,6,1517,18.379451751708984
0,369,7,576,18.132022857666016
0,369,8,2543,18.12506675720215
0,369,9,2359,17.688331604003906
0,369,10,899,17.31317901611328
0,370,1,1398,18.12752914428711
0,370,2,2321,17.840818405151367
0,370,3,1108,17.288715362548828
0,370,4,64,16.396451950073242
0,370,5,576,16.388938903808594
0,370,6,2609,16.347869873046875
0,370,7,2543,16.1226806640625
0,370,8,1517,16.086265563964844
0,370,9,2359,15.72007942199707
0,370,10,899,15.465984344482422
0,371,1,272,17.273529052734375
0,371,2,1826,16.642932891845703
0,371,3,1108,16.46253776550293
0,371,4,576,16.21816635131836
0,371,5,64,16.19963264465332
0,371,6,2609,15.970965385437012
0,371,7,1517,15.952789306640625
0,371,8,2359,15.713582992553711
0,371,9,1848,15.250333786010742
0,371,10,2543,15.230125427246094
0,372,1,2464,17.888164520263672
0,372,2,2321,17.86212921142578
0,372,3,1826,17.328893661499023
0,372,4,64,17.06538963317871
0,372,5,576,17.03561019897461
0,372,6,2609,16.805919647216797
0,372,7,1517,16.729433059692383
0,372,8,2359,16.57158088684082
0,372,9,2543,15.999212265014648
0,372,10,1848,15.840490341186523
0,373,1,2321,18.833396911621094
0,373,2,1347,18.81855010986328
0,373,3,2441,18.299476623535156
0,373,4,2609,17.395370483398438
0,373,5,64,17.383224487304688
0,373,6,576,17.299579620361328
0,373,7,1517,17.15483283996582
0,373,8,2543,17.044918060302734
0,373,9,2359,16.60211944580078
0,373,10,899,16.30060577392578
0,374,1,2321,20.80101776123047
0,374,2,477,20.674137115478516
0,374,3,64,19.57901382446289
0,374,4,2609,19.520336151123047
0,374,5,576,19.405071258544922
0,374,6,1517,19.273624420166016
0,374,7,2359,18.86163330078125
0,374,8,2543,18.852176666259766
0,374,9,899,17.966764450073242
0,374,10,624,17.86630630493164
0,375,1,1347,20.608030319213867
0,375,2,477,20.495956420898438
0,375,3,64,19.447555541992188
0,375,4,576,19.418489456176758
0,375,5,2609,19.356685638427734
0,375,6,1517,19.210206985473633
0,375,7,2543,18.809513092041016
0,375,8,2359,18.76520538330078
0,375,9,899,17.933727264404297
0,375,10,624,17.796892166137695
0,378,1,1606,18.526174545288086
0,378,2,2321,18.121885299682617
0,378,3,2739,17.935806274414062
0,378,4,576,16.7249755859375
0,378,5,2609,16.67305564880371
0,378,6,1517,16.660411834716797
0,378,7,64,16.49494171142578
0,378,8,2543,16.379297256469727
0,378,9,2359,15.814395904541016
0,378,10,1848,15.74244499206543
0,379,1,1606,20.24506187438965
0,379,2,272,20.028276443481445
0,379,3,918,19.067317962646484
0,379,4,2609,18.50048065185547
0,379,5,64,18.468887329101562
0,379,6,1517,18.449020385742188
0,379,7,576,18.230159759521484
0,379,8,2543,18.03995704650879
0,379,9,2359,17.697458267211914
0,379,10,899,17.212982177734375
0,380,1,2321,21.553482055664062
0,380,2,2739,21.316696166992188
0,380,3,64,20.37078094482422
0,380,4,2609,20.195491790771484
0,380,5,576,20.003074645996094
0,380,6,1517,19.984508514404297
0,380,7,2543,19.530811309814453
0,380,8,2359,19.51021957397461
0,380,9,899,18.592018127441406
0,380,10,1848,18.454666137695312
0,381,1,1826,20.195209503173828
0,381,2,918,19.819744110107422
0,381,3,2609,19.436479568481445
0,381,4,64,19.217815399169922
0,381,5,1517,19.09210777282715
0,381,6,576,19.07466697692871
0,381,7,2543,18.85641098022461
0,381,8,2359,18.429500579833984
0,381,9,899,17.96365737915039
0,381,10,1678,17.738319396972656
0,383,1,1606,21.161998748779297
0,383,2,272,20.87213706970215
0,383,3,2609,19.586322784423828
0,383,4,64,19.56208038330078
0,383,5,576,19.451478958129883
0,383,6,1517,19.313182830810547
0,383,7,2543,18.88102149963379
0,383,8,2359,18.871858596801758
0,383,9,899,18.00480842590332
0,383,10,624,17.921010971069336
0,384,1,1347,18.818771362304688
0,384,2,477,18.771251678466797
0,384,3,918,18.122474670410156
0,384,4,2609,17.563331604003906
0,384,5,2543,17.320266723632812
0,384,6,1517,17.24970817565918
0,384,7,576,17.24879264831543
0,384,8,64,17.05542755126953
0,384,9,899,16.589244842529297
0,384,10,2359,16.2866153717041
0,385,1,477,17.768905639648438
0,385,2,1826,17.3963623046875
0,385,3,1108,17.224153518676758
0,385,4,64,17.070833206176758
0,385,5,1517,16.781057357788086
0,385,6,2609,16.752601623535156
0,385,7,576,16.72089385986328
0,385,8,2359,16.486574172973633
0,385,9,1848,16.00868797302246
0,385,10,2543,15.713069915771484
0,386,1,272,21.10898208618164
0,386,2,2888,20.332340240478516
0,386,3,64,19.824382781982422
0,386,4,576,19.7465763092041
0,386,5,2609,19.52435302734375
0,386,6,1517,19.45528221130371
0,386,7,2359,19.134769439697266
0,386,8,2543,18.994787216186523
0,386,9,899,18.14027976989746
0,386,10,1678,18.054203033447266
0,387,1,2464,18.311824798583984
0,387,2,2321,18.17948341369629
0,387,3,2687,17.043256759643555
0,387,4,576,16.827919006347656
0,387,5,64,16.72938346862793
0,387,6,2609,16.67489242553711
0,387,7,2543,16.6157169342041
0,387,8,1517,16.513946533203125
0,387,9,2359,16.05254364013672
0,387,10,899,15.902956008911133
0,388,1,2739,19.012699127197266
0,388,2,2441,18.657529830932617
0,388,3,1108,18.59684181213379
0,388,4,64,17.584918975830078
0,388,5,2543,17.42350196838379
0,388,6,2609,17.412092208862305
0,388,7,576,17.408748626708984
0,388,8,1517,17.275720596313477
0,388,9,2359,16.773595809936523
0,388,10,899,16.70821762084961
0,391,1,1398,19.942453384399414
0,391,2,2321,19.68389892578125
0,391,3,1347,19.673145294189453
0,391,4,2609,18.432003021240234
0,391,5,64,18.29524040222168
0,391,6,1517,18.18756866455078
0,391,7,576,17.994468688964844
0,391,8,2543,17.972320556640625
0,391,9,2359,17.449718475341797
0,391,10,899,17.156875610351562
0,392,1,414,11.546178817749023
0,392,2,2558,11.002508163452148
0,392,3,2104,10.322399139404297
0,392,4,2108,10.262422561645508
0,392,5,421,10.237967491149902
0,392,6,2616,10.21146011352539
0,392,7,1437,10.19923210144043
0,392,8,1362,10.005722045898438
0,392,9,176,9.930329322814941
0,392,10,2940,9.924259185791016
0,395,1,414,10.504534721374512
0,395,2,2616,9.536296844482422
0,395,3,2104,9.531492233276367
0,395,4,2156,9.445716857910156
0,395,5,1362,9.32912540435791
0,395,6,716,9.185959815979004
0,395,7,1437,9.16659927368164
0,395,8,285,9.078874588012695
0,395,9,421,8.903285026550293
0,395,10,1657,8.859825134277344
0,396,1,414,10.894198417663574
0,396,2,2082,10.488834381103516
0,396,3,641,10.374177932739258
0,396,4,1437,9.878334045410156
0,396,5,1362,9.790011405944824
0,396,6,2616,9.763322830200195
0,396,7,176,9.443331718444824
0,396,8,285,9.225140571594238
0,396,9,421,9.18437385559082
0,396,10,1277,9.097461700439453
0,397,1,2997,9.046439170837402
0,397,2,2209,8.760353088378906
0,397,3,1301,8.64599609375
0,397,4,206,8.531020164489746
0,397,5,527,8.468843460083008
0,397,6,1570,8.453631401062012
0,397,7,1379,8.353116035461426
0,397,8,2504,8.302515029907227
0,397,9,609,8.251686096191406
0,397,10,475,8.15648078918457
0,398,1,2568,10.539259910583496
0,398,2,1064,10.367637634277344
0,398,3,527,10.344367980957031
0,398,4,33,10.318229675292969
0,398,5,1422,10.290818214416504
0,398,6,104,10.27568244934082
0,398,7,2917,10.271520614624023
0,398,8,555,9.963261604309082
0,398,9,2090,9.956521034240723
0,398,10,2910,9.930517196655273
0,399,1,2209,9.58887767791748
0,399,2,2997,8.760717391967773
0,399,3,206,8.46411418914795
0,399,4,2504,8.449106216430664
0,399,5,527,8.443251609802246
0,399,6,2180,8.310952186584473
0,399,7,1346,8.265368461608887
0,399,8,1160,8.238725662231445
0,399,9,609,8.223857879638672
0,399,10,2916,8.207565307617188
0,400,1,2209,11.062544822692871
0,400,2,2997,11.01511001586914
0,400,3,2910,10.84964656829834
0,400,4,1301,10.782036781311035
0,400,5,2568,10.42132568359375
0,400,6,2136,10.379544258117676
0,400,7,2916,10.21179485321045
0,400,8,1744,10.168338775634766
0,400,9,2180,10.022920608520508
0,400,10,2080,9.976977348327637
0,401,1,414,11.570223808288574
0,401,2,2616,10.565157890319824
0,401,3,1362,10.23846435546875
0,401,4,2108,10.207708358764648
0,401,5,285,9.981888771057129
0,401,6,1437,9.846187591552734
0,401,7,1391,9.772400856018066
0,401,8,1657,9.75406265258789
0,401,9,98,9.669363021850586
0,401,10,421,9.584190368652344
0,403,1,2209,9.667240142822266
0,403,2,206,9.276799201965332
0,403,3,527,9.20217514038086
0,403,4,2997,9.158690452575684
0,403,5,89,8.965900421142578
0,403,6,2118,8.880487442016602
0,403,7,475,8.842411041259766
0,403,8,2568,8.834232330322266
0,403,9,2916,8.814144134521484
0,403,10,2180,8.812461853027344
0,404,1,2209,11.104379653930664
0,404,2,206,10.362054824829102
0,404,3,527,10.265752792358398
0,404,4,2758,10.113039016723633
0,404,5,2504,10.087223052978516
0,404,6,475,9.878507614135742
0,404,7,2180,9.818720817565918
0,404,8,2916,9.708741188049316
0,404,9,2568,9.700021743774414
0,404,10,1744,9.672611236572266
0,405,1,2209,11.39163589477539
0,405,2,2180,10.592401504516602
0,405,3,2997,10.549854278564453
0,405,4,2916,10.390989303588867
0,405,5,2758,10.376591682434082
0,405,6,1744,10.35056209564209
0,405,7,1301,10.087336540222168
0,405,8,1570,10.076364517211914
0,405,9,1379,9.947117805480957
0,405,10,532,9.861856460571289
0,406,1,2209,11.874100685119629
0,406,2,2997,11.343538284301758
0,406,3,2758,11.029338836669922
0,406,4,1301,10.96518325805664
0,406,5,2916,10.90549087524414
0,406,6,2180,10.883840560913086
0,406,7,1744,10.859736442565918
0,406,8,1379,10.792152404785156
0,406,9,1570,10.750238418579102
0,406,10,2235,10.4893159866333
0,407,1,2504,8.993042945861816
0,407,2,206,8.927597999572754
0,407,3,527,8.632083892822266
0,407,4,581,8.397945404052734
0,407,5,1422,8.233392715454102
0,407,6,2910,8.210596084594727
0,407,7,1064,8.205172538757324
0,407,8,33,8.197900772094727
0,407,9,2180,8.188347816467285
0,407,10,2916,8.169231414794922
0,408,1,475,9.301989555358887
0,408,2,103,9.281240463256836
0,408,3,1999,8.86940860748291
0,408,4,206,8.609565734863281
0,408,5,1064,8.146284103393555
0,408,6,1422,8.114492416381836
0,408,7,581,8.0653715133667
0,408,8,615,7.984692573547363
0,408,9,2237,7.952455043792725
0,408,10,33,7.942226409912109
0,409,1,521,11.740047454833984
0,409,2,1408,11.571212768554688
0,409,3,1878,11.443655014038086
0,409,4,3017,11.265848159790039
0,409,5,2785,11.244898796081543
0,409,6,2862,10.990103721618652
0,409,7,493,10.976932525634766
0,409,8,2355,10.968362808227539
0,409,9,82,10.954346656799316
0,409,10,539,10.620037078857422
0,410,1,1408,12.04032039642334
0,410,2,2862,11.803300857543945
0,410,3,2397,11.773561477661133
0,410,4,2355,11.768691062927246
0,410,5,1333,11.650541305541992
0,410,6,2423,11.586950302124023
0,410,7,493,11.406692504882812
0,410,8,774,11.083534240722656
0,410,9,1064,11.056438446044922
0,410,10,104,10.997472763061523
0,411,1,1878,11.942573547363281
0,411,2,2423,11.565448760986328
0,411,3,103,11.363292694091797
0,411,4,275,11.260612487792969
0,411,5,2862,11.141063690185547
0,411,6,2355,11.133654594421387
0,411,7,261,11.001333236694336
0,411,8,1064,10.98583984375
0,411,9,2974,10.906655311584473
0,411,10,104,10.876832962036133
0,412,1,1878,12.906940460205078
0,412,2,493,12.243498802185059
0,412,3,275,12.073026657104492
0,412,4,261,12.069515228271484
0,412,5,103,12.010391235351562
0,412,6,2862,11.942878723144531
0,412,7,2355,11.880304336547852
0,412,8,2870,11.781859397888184
0,412,9,1064,11.769109725952148
0,412,10,1779,11.747795104980469
0,413,1,2785,14.078080177307129
0,413,2,275,13.02038860321045
0,413,3,103,13.000236511230469
0,413,4,261,12.707450866699219
0,413,5,493,12.630674362182617
0,413,6,2862,12.629396438598633
0,413,7,1333,12.620160102844238
0,413,8,196,12.575316429138184
0,413,9,2355,12.552811622619629
0,413,10,82,12.468984603881836
0,414,1,3017,11.377801895141602
0,414,2,2974,10.855449676513672
0,414,3,2423,10.82679557800293
0,414,4,2355,10.825849533081055
0,414,5,2862,10.815983772277832
0,414,6,103,10.790279388427734
0,414,7,1990,10.630773544311523
0,414,8,275,10.590401649475098
0,414,9,1611,10.508806228637695
0,414,10,104,10.471456527709961
0,415,1,2018,15.816234588623047
0,415,2,2308,15.62154769897461
0,415,3,624,15.616238594055176
0,415,4,621,15.330181121826172
0,415,5,747,15.311269760131836
0,415,6,2272,15.302877426147461
0,415,7,2700,15.267162322998047
0,415,8,1258,15.264070510864258
0,415,9,1293,15.174956321716309
0,415,10,2359,15.119321823120117
0,416,1,1848,16.346879959106445
0,416,2,747,15.99919605255127
0,416,3,1606,15.832737922668457
0,416,4,168,15.802599906921387
0,416,5,2321,15.763235092163086
0,416,6,576,15.703041076660156
0,416,7,2739,15.671462059020996
0,416,8,2464,15.650404930114746
0,416,9,1347,15.521034240722656
0,416,10,477,15.501644134521484
0,417,1,1590,10.678058624267578
0,417,2,466,10.454465866088867
0,417,3,1258,10.232470512390137
0,417,4,513,9.820667266845703
0,417,5,58,9.794981002807617
0,417,6,2566,9.775275230407715
0,417,7,2018,9.701454162597656
0,417,8,410,9.692123413085938
0,417,9,1469,9.42962646484375
0,417,10,624,9.280433654785156
0,418,1,624,15.165105819702148
0,418,2,1517,15.096920013427734
0,418,3,2359,15.072641372680664
0,418,4,64,14.862527847290039
0,418,5,2272,14.81963062286377
0,418,6,747,14.77219295501709
0,418,7,621,14.481914520263672
0,418,8,535,14.413335800170898
0,418,9,566,14.343046188354492
0,418,10,2700,14.282133102416992
0,419,1,3010,15.88983154296875
0,419,2,2018,15.790910720825195
0,419,3,2028,15.393056869506836
0,419,4,1258,15.36056137084961
0,419,5,2173,14.876449584960938
0,419,6,354,14.77804183959961
0,419,7,466,14.742103576660156
0,419,8,2566,14.580605506896973
0,419,9,1196,14.556747436523438
0,419,10,293,14.445964813232422
0,420,1,2018,18.353412628173828
0,420,2,1767,17.711139678955078
0,420,3,2790,17.7012996673584
0,420,4,1258,17.43482208251953
0,420,5,354,17.140230178833008
0,420,6,466,17.07109832763672
0,420,7,293,16.689353942871094
0,420,8,2030,16.623668670654297
0,420,9,2173,16.60877799987793
0,420,10,2566,16.560897827148438
0,421,1,1258,15.235857963562012
0,421,2,466,15.020075798034668
0,421,3,1590,14.700239181518555
0,421,4,2566,14.494441032409668
0,421,5,513,14.45773696899414
0,421,6,3010,14.338595390319824
0,421,7,2700,14.011530876159668
0,421,8,1202,13.95162582397461
0,421,9,621,13.874314308166504
0,421,10,518,13.76621150970459
0,422,1,957,14.569799423217773
0,422,2,2173,14.504083633422852
0,422,3,747,14.485773086547852
0,422,4,2790,13.930913925170898
0,422,5,1767,13.920320510864258
0,422,6,293,13.759151458740234
0,422,7,2308,13.708572387695312
0,422,8,876,13.685827255249023
0,422,9,2018,13.584820747375488
0,422,10,755,13.535558700561523
0,423,1,2173,15.629545211791992
0,423,2,535,14.927431106567383
0,423,3,826,14.923212051391602
0,423,4,1258,14.701742172241211
0,423,5,704,14.634971618652344
0,423,6,2721,14.576313018798828
0,423,7,566,14.573935508728027
0,423,8,594,14.220319747924805
0,423,9,2566,13.91110610961914
0,423,10,2347,13.893623352050781
0,424,1,826,15.39303207397461
0,424,2,518,14.824009895324707
0,424,3,576,14.766461372375488
0,424,4,624,14.721786499023438
0,424,5,621,14.434833526611328
0,424,6,2700,14.387484550476074
0,424,7,2359,14.385072708129883
0,424,8,2308,14.36457347869873
0,424,9,1590,14.349936485290527
0,424,10,670,14.317235946655273
0,425,1,1258,10.783059120178223
0,425,2,2018,10.75316047668457
0,425,3,1590,10.729576110839844
0,425,4,466,10.71210765838623
0,425,5,747,10.421121597290039
0,425,6,2272,10.34326171875
0,425,7,2173,10.280027389526367
0,425,8,2566,10.190847396850586
0,425,9,2700,10.1278657913208
0,425,10,576,10.125165939331055
0,426,1,566,12.018928527832031
0,426,2,2974,11.138193130493164
0,426,3,518,11.014026641845703
0,426,4,2173,10.822641372680664
0,426,5,103,10.781717300415039
0,426,6,1995,10.659854888916016
0,426,7,275,10.537666320800781
0,426,8,1333,10.507838249206543
0,426,9,1258,10.44611644744873
0,426,10,1701,10.432994842529297
0,427,1,2700,12.611531257629395
0,427,2,2308,12.577338218688965
0,427,3,518,12.50123405456543
0,427,4,535,12.416807174682617
0,427,5,1590,12.297246932983398
0,427,6,826,12.231032371520996
0,427,7,670,12.220526695251465
0,427,8,2359,12.198918342590332
0,427,9,1293,12.139596939086914
0,427,10,1258,12.098760604858398
0,428,1,1258,10.851888656616211
0,428,2,2173,10.636028289794922
0,428,3,466,10.391711235046387
0,428,4,1590,10.380691528320312
0,428,5,513,10.263028144836426
0,428,6,2566,10.261577606201172
0,428,7,112,10.257518768310547
0,428,8,201,10.252592086791992
0,428,9,2018,10.125800132751465
0,428,10,2183,9.9404296875
0,429,1,1258,10.851888656616211
0,429,2,2173,10.636028289794922
0,429,3,466,10.391711235046387
0,429,4,1590,10.380691528320312
0,429,5,513,10.263028144836426
0,429,6,2566,10.261577606201172
0,429,7,112,10.257518768310547
0,429,8,201,10.252592086791992
0,429,9,2018,10.125800132751465
0,429,10,2183,9.9404296875
0,430,1,1258,10.851888656616211
0,430,2,2173,10.636028289794922
0,430,3,466,10.391711235046387
0,430,4,1590,10.380691528320312
0,430,5,513,10.263028144836426
0,430,6,2566,10.261577606201172
0,430,7,112,10.257518768310547
0,430,8,201,10.252592086791992
0,430,9,2018,10.125800132751465
0,430,10,2183,9.9404296875
0,435,1,747,13.674596786499023
0,435,2,2788,13.133424758911133
0,435,3,585,12.609235763549805
0,435,4,168,12.571161270141602
0,435,5,576,12.423810958862305
0,435,6,1208,12.20033073425293
0,435,7,2754,12.199563980102539
0,435,8,2294,12.01437759399414
0,435,9,221,11.823193550109863
0,435,10,957,11.804149627685547
0,436,1,747,12.732831954956055
0,436,2,2018,12.723666191101074
0,436,3,1590,12.476569175720215
0,436,4,2790,12.19987678527832
0,436,5,1258,12.09707260131836
0,436,6,1767,12.09196662902832
0,436,7,466,12.013198852539062
0,436,8,576,11.891377449035645
0,436,9,2788,11.856480598449707
0,436,10,354,11.794187545776367
0,437,1,621,13.494791984558105
0,437,2,747,12.496294021606445
0,437,3,2788,11.834244728088379
0,437,4,1590,11.689451217651367
0,437,5,2294,11.633931159973145
0,437,6,1208,11.512947082519531
0,437,7,2018,11.480499267578125
0,437,8,168,11.175806045532227
0,437,9,742,11.146153450012207
0,437,10,1258,11.133862495422363
0,438,1,747,12.847027778625488
0,438,2,585,12.366352081298828
0,438,3,2018,12.143697738647461
0,438,4,1590,12.022432327270508
0,438,5,2788,12.014847755432129
0,438,6,1208,11.821501731872559
0,438,7,1258,11.741771697998047
0,438,8,2294,11.634730339050293
0,438,9,2790,11.602827072143555
0,438,10,1767,11.517175674438477
0,439,1,2205,10.168990135192871
0,439,2,2264,10.10092830657959
0,439,3,1369,10.074295043945312
0,439,4,535,10.040311813354492
0,439,5,2721,9.943707466125488
0,439,6,566,9.883329391479492
0,439,7,538,9.880885124206543
0,439,8,264,9.806475639343262
0,439,9,670,9.784560203552246
0,439,10,2106,9.781583786010742
0,441,1,2173,12.594720840454102
0,441,2,2028,11.881507873535156
0,441,3,201,11.816778182983398
0,441,4,112,11.788591384887695
0,441,5,704,11.772929191589355
0,441,6,2183,11.744979858398438
0,441,7,3010,11.678223609924316
0,441,8,1258,11.48392391204834
0,441,9,826,11.417736053466797
0,441,10,535,11.385266304016113
0,443,1,1590,10.690868377685547
0,443,2,826,10.592011451721191
0,443,3,535,10.47714614868164
0,443,4,2721,10.3720121383667
0,443,5,518,10.257501602172852
0,443,6,566,10.221153259277344
0,443,7,112,10.142850875854492
0,443,8,594,10.133443832397461
0,443,9,2272,10.110685348510742
0,443,10,201,10.080936431884766
0,444,1,1952,11.321959495544434
0,444,2,1202,11.098579406738281
0,444,3,535,10.983585357666016
0,444,4,1767,10.957839965820312
0,444,5,2173,10.937847137451172
0,444,6,594,10.89820671081543
0,444,7,826,10.870584487915039
0,444,8,2790,10.84295654296875
0,444,9,2028,10.835670471191406
0,444,10,2721,10.798260688781738
0,445,1,2018,11.487016677856445
0,445,2,2272,10.697554588317871
0,445,3,2700,10.267067909240723
0,445,4,518,10.22412109375
0,445,5,535,10.208836555480957
0,445,6,1952,10.184633255004883
0,445,7,742,10.15333080291748
0,445,8,621,10.11702823638916
0,445,9,826,10.106024742126465
0,445,10,2721,10.02350902557373
0,446,1,466,10.655942916870117
0,446,2,1590,10.343515396118164
0,446,3,535,9.90707778930664
0,446,4,2272,9.831756591796875
0,446,5,594,9.70589828491211
0,446,6,826,9.644096374511719
0,446,7,2721,9.464360237121582
0,446,8,566,9.414867401123047
0,446,9,2018,9.404044151306152
0,446,10,1952,9.242183685302734
0,448,1,1048,9.037629127502441
0,448,2,1718,9.030949592590332
0,448,3,1200,9.013418197631836
0,448,4,394,8.86106014251709
0,448,5,1184,8.788166999816895
0,448,6,2080,8.68754768371582
0,448,7,2210,8.685274124145508
0,448,8,2615,8.650967597961426
0,448,9,665,8.616357803344727
0,448,10,206,8.605557441711426
0,449,1,1718,9.832132339477539
0,449,2,1200,9.815038681030273
0,449,3,1048,9.748578071594238
0,449,4,672,9.632680892944336
0,449,5,3079,9.578627586364746
0,449,6,2705,9.382171630859375
0,449,7,2210,9.366896629333496
0,449,8,2615,9.303339958190918
0,449,9,523,9.299434661865234
0,449,10,2704,9.262451171875
0,450,1,1718,11.443876266479492
0,450,2,1200,11.400128364562988
0,450,3,1048,11.396488189697266
0,450,4,1184,11.048444747924805
0,450,5,3079,10.921863555908203
0,450,6,173,10.819557189941406
0,450,7,665,10.674860000610352
0,450,8,2704,10.620615005493164
0,450,9,581,10.557581901550293
0,450,10,2391,10.554667472839355
0,451,1,3079,8.263608932495117
0,451,2,1200,8.144293785095215
0,451,3,1718,8.133269309997559
0,451,4,672,8.058035850524902
0,451,5,2391,7.990564346313477
0,451,6,2870,7.9894232749938965
0,451,7,1779,7.891299247741699
0,451,8,1184,7.834847450256348
0,451,9,2705,7.790350914001465
0,451,10,2615,7.744867324829102
0,453,1,1718,12.905923843383789
0,453,2,1200,12.873265266418457
0,453,3,2210,12.678878784179688
0,453,4,672,12.650310516357422
0,453,5,507,12.596158027648926
0,453,6,1048,12.451217651367188
0,453,7,2912,12.443754196166992
0,453,8,2814,11.922626495361328
0,453,9,2942,11.712162017822266
0,453,10,2080,11.703039169311523
0,454,1,1718,10.882246971130371
0,454,2,1200,10.868826866149902
0,454,3,507,10.795495986938477
0,454,4,1048,10.714447021484375
0,454,5,2814,10.569902420043945
0,454,6,394,10.104790687561035
0,454,7,191,10.085295677185059
0,454,8,2942,10.072656631469727
0,454,9,2209,10.05996322631836
0,454,10,3079,9.842310905456543
0,455,1,507,12.562326431274414
0,455,2,2912,12.361903190612793
0,455,3,672,12.225724220275879
0,455,4,2814,11.90479850769043
0,455,5,2942,11.826342582702637
0,455,6,394,11.817808151245117
0,455,7,2080,11.68589973449707
0,455,8,191,11.636110305786133
0,455,9,173,11.565942764282227
0,455,10,301,11.011821746826172
0,456,1,672,14.725220680236816
0,456,2,1048,14.662239074707031
0,456,3,507,14.544731140136719
0,456,4,2814,14.526622772216797
0,456,5,2912,14.392274856567383
0,456,6,2704,13.88621711730957
0,456,7,394,13.832481384277344
0,456,8,191,13.730655670166016
0,456,9,2942,13.53551959991455
0,456,10,1009,13.384523391723633
0,458,1,1718,11.184619903564453
0,458,2,1200,11.156797409057617
0,458,3,1048,11.137935638427734
0,458,4,394,10.917266845703125
0,458,5,191,10.754627227783203
0,458,6,3079,10.677499771118164
0,458,7,2942,10.53515625
0,458,8,2209,10.508183479309082
0,458,9,665,10.444323539733887
0,458,10,173,10.328680038452148
0,459,1,444,11.758122444152832
0,459,2,863,11.64777946472168
0,459,3,1275,11.444684982299805
0,459,4,1723,11.19482421875
0,459,5,1739,11.141372680664062
0,459,6,397,11.006399154663086
0,459,7,730,10.961771965026855
0,459,8,2759,10.90243911743164
0,459,9,2196,10.850787162780762
0,459,10,393,10.823162078857422
0,460,1,1275,11.396669387817383
0,460,2,1153,11.187759399414062
0,460,3,1739,11.101786613464355
0,460,4,2759,11.079647064208984
0,460,5,2493,11.053613662719727
0,460,6,397,11.051946640014648
0,460,7,338,11.038119316101074
0,460,8,730,10.970621109008789
0,460,9,2176,10.890592575073242
0,460,10,2106,10.836151123046875
0,461,1,1275,12.009106636047363
0,461,2,1739,11.750285148620605
0,461,3,338,11.539463996887207
0,461,4,2759,11.524581909179688
0,461,5,397,11.498414039611816
0,461,6,730,11.364304542541504
0,461,7,1157,11.319880485534668
0,461,8,393,11.269493103027344
0,461,9,2365,11.254358291625977
0,461,10,1779,11.17625904083252
0,462,1,444,13.215229034423828
0,462,2,1275,13.028353691101074
0,462,3,1739,12.798578262329102
0,462,4,3084,12.598615646362305
0,462,5,397,12.5052490234375
0,462,6,2759,12.49374008178711
0,462,7,730,12.444698333740234
0,462,8,393,12.3046875
0,462,9,2365,12.291247367858887
0,462,10,2196,11.980720520019531
0,463,1,1779,11.814839363098145
0,463,2,397,11.613574981689453
0,463,3,2870,11.59593677520752
0,463,4,2759,11.504013061523438
0,463,5,2078,11.420027732849121
0,463,6,2176,11.403881072998047
0,463,7,730,11.39512825012207
0,463,8,2106,11.361895561218262
0,463,9,1275,11.360920906066895
0,463,10,2365,11.299385070800781
0,465,1,1476,10.378345489501953
0,465,2,103,10.07348918914795
0,465,3,275,9.756831169128418
0,465,4,1333,9.713321685791016
0,465,5,82,9.692659378051758
0,465,6,521,9.689689636230469
0,465,7,1878,9.599573135375977
0,465,8,1408,9.574146270751953
0,465,9,2237,9.543664932250977
0,465,10,615,9.513029098510742
0,467,1,103,11.186134338378906
0,467,2,521,10.950163841247559
0,467,3,275,10.947734832763672
0,467,4,1333,10.93619441986084
0,467,5,82,10.912942886352539
0,467,6,1408,10.831181526184082
0,467,7,1878,10.795248031616211
0,467,8,196,10.668115615844727
0,467,9,104,10.613199234008789
0,467,10,2423,10.593555450439453
0,468,1,104,10.465276718139648
0,468,2,2917,10.246543884277344
0,468,3,575,10.165214538574219
0,468,4,2931,10.110172271728516
0,468,5,521,10.037727355957031
0,468,6,1991,10.034510612487793
0,468,7,103,10.030725479125977
0,468,8,1878,9.924415588378906
0,468,9,1408,9.9114990234375
0,468,10,1064,9.884844779968262
0,469,1,536,13.906431198120117
0,469,2,1275,13.338489532470703
0,469,3,397,13.22467041015625
0,469,4,2759,13.12167739868164
0,469,5,1739,12.996720314025879
0,469,6,554,12.971067428588867
0,469,7,730,12.867133140563965
0,469,8,1779,12.75296401977539
0,469,9,2365,12.709967613220215
0,469,10,2196,12.584386825561523
0,470,1,2862,9.096637725830078
0,470,2,2355,8.973442077636719
0,470,3,1758,8.511858940124512
0,470,4,104,8.40896987915039
0,470,5,2917,8.350269317626953
0,470,6,33,8.118764877319336
0,470,7,1991,8.067512512207031
0,470,8,615,8.037313461303711
0,470,9,637,8.017707824707031
0,470,10,2237,8.00308609008789
0,471,1,2938,14.139745712280273
0,471,2,189,13.896113395690918
0,471,3,2595,13.740436553955078
0,471,4,1673,13.560216903686523
0,471,5,96,13.525228500366211
0,471,6,108,13.188691139221191
0,471,7,2256,13.16525650024414
0,471,8,294,13.00285530090332
0,471,9,2209,12.89000129699707
0,471,10,2719,12.880220413208008
0,472,1,2938,16.038803100585938
0,472,2,189,16.016338348388672
0,472,3,2595,15.671907424926758
0,472,4,1673,15.550630569458008
0,472,5,96,15.44813346862793
0,472,6,108,14.945627212524414
0,472,7,294,14.692856788635254
0,472,8,2719,14.488241195678711
0,472,9,2209,14.150407791137695
0,472,10,2048,14.113797187805176
0,474,1,2938,12.13125991821289
0,474,2,2209,11.793659210205078
0,474,3,189,11.635945320129395
0,474,4,2595,11.463659286499023
0,474,5,96,11.434191703796387
0,474,6,108,11.419361114501953
0,474,7,1673,11.297725677490234
0,474,8,2719,10.58938217163086
0,474,9,1936,10.522407531738281
0,474,10,359,10.50590705871582
0,475,1,2938,14.420787811279297
0,475,2,189,13.97558307647705
0,475,3,2595,13.835474014282227
0,475,4,1673,13.634130477905273
0,475,5,96,13.60465145111084
0,475,6,108,13.471837997436523
0,475,7,2719,13.00108528137207
0,475,8,127,12.978235244750977
0,475,9,2209,12.824385643005371
0,475,10,1063,12.547500610351562
0,476,1,1447,14.022260665893555
0,476,2,2938,13.536697387695312
0,476,3,189,13.22547721862793
0,476,4,707,13.09503173828125
0,476,5,2595,12.994507789611816
0,476,6,1673,12.876916885375977
0,476,7,96,12.775979995727539
0,476,8,108,12.610335350036621
0,476,9,2209,12.551506042480469
0,476,10,127,12.453254699707031
0,477,1,2938,14.123239517211914
0,477,2,189,13.684051513671875
0,477,3,2595,13.545103073120117
0,477,4,1673,13.345483779907227
0,477,5,96,13.324878692626953
0,477,6,108,13.282371520996094
0,477,7,1698,12.774856567382812
0,477,8,127,12.724651336669922
0,477,9,2719,12.635906219482422
0,477,10,2432,12.3568754196167
0,478,1,1981,13.733235359191895
0,478,2,2938,13.704460144042969
0,478,3,189,13.260146141052246
0,478,4,2595,13.034088134765625
0,478,5,127,12.899579048156738
0,478,6,1673,12.86423110961914
0,478,7,96,12.802579879760742
0,478,8,108,12.801797866821289
0,478,9,2209,12.763860702514648
0,478,10,1698,12.542810440063477
0,479,1,359,8.42068862915039
0,479,2,294,8.335437774658203
0,479,3,717,8.230724334716797
0,479,4,14,7.947992324829102
0,479,5,674,7.752935409545898
0,479,6,1109,7.720862865447998
0,479,7,2141,7.720855236053467
0,479,8,2100,7.665990352630615
0,479,9,520,7.629281044006348
0,479,10,1612,7.59016227722168
0,480,1,2209,12.026542663574219
0,480,2,1160,10.944930076599121
0,480,3,1936,10.274799346923828
0,480,4,2118,10.223361015319824
0,480,5,2009,10.167948722839355
0,480,6,359,10.148185729980469
0,480,7,2938,10.05328369140625
0,480,8,2180,10.009038925170898
0,480,9,717,9.986823081970215
0,480,10,1447,9.835052490234375
0,481,1,1270,10.367961883544922
0,481,2,81,10.36060619354248
0,481,3,1809,9.905895233154297
0,481,4,2100,9.902824401855469
0,481,5,1985,9.887782096862793
0,481,6,520,9.877645492553711
0,481,7,2209,9.161849021911621
0,481,8,1547,8.946852684020996
0,481,9,512,8.946852684020996
0,481,10,1160,8.734512329101562
0,483,1,2209,13.444284439086914
0,483,2,1160,12.692936897277832
0,483,3,2009,12.585415840148926
0,483,4,2118,12.554555892944336
0,483,5,1936,12.363077163696289
0,483,6,1547,12.133129119873047
0,483,7,512,12.133129119873047
0,483,8,971,12.030378341674805
0,483,9,2345,11.959346771240234
0,483,10,1866,11.85346508026123
0,484,1,2209,13.444284439086914
0,484,2,1160,12.692936897277832
0,484,3,2009,12.585415840148926
0,484,4,2118,12.554555892944336
0,484,5,1936,12.363077163696289
0,484,6,1547,12.133129119873047
0,484,7,512,12.133129119873047
0,484,8,971,12.030378341674805
0,484,9,2345,11.959346771240234
0,484,10,1866,11.85346508026123
0,485,1,717,14.622445106506348
0,485,2,2141,13.047102928161621
0,485,3,1412,12.954345703125
0,485,4,674,12.509681701660156
0,485,5,2209,12.480891227722168
0,485,6,1547,12.227646827697754
0,485,7,512,12.227646827697754
0,485,8,2073,12.214579582214355
0,485,9,424,12.070507049560547
0,485,10,2009,12.006192207336426
0,486,1,359,9.195732116699219
0,486,2,717,9.116912841796875
0,486,3,1270,8.972381591796875
0,486,4,81,8.953211784362793
0,486,5,2100,8.911081314086914
0,486,6,520,8.868255615234375
0,486,7,2141,8.808025360107422
0,486,8,398,8.665101051330566
0,486,9,294,8.624776840209961
0,486,10,567,8.555793762207031
0,487,1,1270,8.403827667236328
0,487,2,81,8.39434814453125
0,487,3,294,8.276399612426758
0,487,4,359,8.178726196289062
0,487,5,717,8.049100875854492
0,487,6,1809,7.753232479095459
0,487,7,2938,7.68966817855835
0,487,8,189,7.647919178009033
0,487,9,2100,7.645350456237793
0,487,10,1985,7.637643337249756
0,492,1,2127,11.564702987670898
0,492,2,402,11.201854705810547
0,492,3,2848,11.154624938964844
0,492,4,495,11.077335357666016
0,492,5,2258,11.030525207519531
0,492,6,1831,10.787736892700195
0,492,7,1201,10.765583038330078
0,492,8,2727,10.739964485168457
0,492,9,601,10.560489654541016
0,492,10,2285,10.459136962890625
0,493,1,2127,10.339323043823242
0,493,2,1682,10.209890365600586
0,493,3,402,10.143139839172363
0,493,4,2848,9.979459762573242
0,493,5,2258,9.787299156188965
0,493,6,2727,9.649426460266113
0,493,7,1201,9.584905624389648
0,493,8,2476,9.575359344482422
0,493,9,185,9.563104629516602
0,493,10,601,9.47027587890625
0,494,1,2127,12.07754898071289
0,494,2,2848,11.491735458374023
0,494,3,495,11.464998245239258
0,494,4,402,11.302614212036133
0,494,5,185,11.215612411499023
0,494,6,1836,11.151510238647461
0,494,7,1201,11.122048377990723
0,494,8,1113,10.985923767089844
0,494,9,540,10.688272476196289
0,494,10,2285,10.670231819152832
0,495,1,1686,6.302308082580566
0,495,2,1754,6.069196701049805
0,495,3,193,6.0110626220703125
0,495,4,415,5.915864944458008
0,495,5,1620,5.756430149078369
0,495,6,257,5.733139514923096
0,495,7,1720,5.706902980804443
0,495,8,1287,5.69495964050293
0,495,9,1235,5.685989856719971
0,495,10,1645,5.656023025512695
1,1,1,1816,7.069074630737305
1,1,2,1710,6.924824237823486
1,1,3,766,6.905423164367676
1,1,4,674,6.776439189910889
1,1,5,1538,6.576005935668945
1,1,6,2098,6.556562900543213
1,1,7,2143,6.50221586227417
1,1,8,556,6.463450908660889
1,1,9,2167,6.459872245788574
1,1,10,1642,6.458247184753418
1,2,1,2303,6.2138824462890625
1,2,2,2792,5.842766284942627
1,2,3,2780,5.699850082397461
1,2,4,2288,5.566305160522461
1,2,5,557,5.460196495056152
1,2,6,1839,5.410750389099121
1,2,7,2412,5.284829616546631
1,2,8,1982,5.145451545715332
1,2,9,2408,5.078015327453613
1,2,10,1012,5.078015327453613
1,3,1,2095,6.454737663269043
1,3,2,1642,6.245172500610352
1,3,3,2159,6.199485778808594
1,3,4,2143,6.113336086273193
1,3,5,534,6.074172019958496
1,3,6,215,6.026750564575195
1,3,7,1612,5.9488444328308105
1,3,8,1708,5.878371238708496
1,3,9,598,5.8729095458984375
1,3,10,94,5.756928443908691
1,4,1,1522,9.472557067871094
1,4,2,1833,9.299127578735352
1,4,3,2787,9.068140983581543
1,4,4,2713,8.963910102844238
1,4,5,674,8.915417671203613
1,4,6,3042,8.901956558227539
1,4,7,1538,8.885015487670898
1,4,8,2074,8.869728088378906
1,4,9,644,8.860490798950195
1,4,10,1267,8.848194122314453
1,7,1,674,7.506211757659912
1,7,2,3042,7.355569362640381
1,7,3,1710,7.0349531173706055
1,7,4,2556,6.902961730957031
1,7,5,2405,6.8665452003479
1,7,6,494,6.820300102233887
1,7,7,1127,6.734511375427246
1,7,8,599,6.677920341491699
1,7,9,1538,6.667307376861572
1,7,10,2713,6.6595282554626465
1,9,1,1267,9.818927764892578
1,9,2,1816,9.792475700378418
1,9,3,1273,9.752116203308105
1,9,4,2143,9.70451545715332
1,9,5,1428,9.62756633758545
1,9,6,3054,9.622058868408203
1,9,7,766,9.599730491638184
1,9,8,1645,9.538656234741211
1,9,9,426,9.513261795043945
1,9,10,2347,9.47958755493164
1,10,1,2074,9.352497100830078
1,10,2,674,8.902082443237305
1,10,3,766,8.841736793518066
1,10,4,2661,8.82390022277832
1,10,5,1710,8.812211036682129
1,10,6,1104,8.718069076538086
1,10,7,2323,8.691505432128906
1,10,8,1538,8.683733940124512
1,10,9,2556,8.453850746154785
1,10,10,1300,8.436474800109863
1,11,1,766,8.966504096984863
1,11,2,1267,8.778054237365723
1,11,3,1710,8.740636825561523
1,11,4,1645,8.489042282104492
1,11,5,3042,8.452997207641602
1,11,6,415,8.34177303314209
1,11,7,2143,8.338462829589844
1,11,8,1142,8.302457809448242
1,11,9,2347,8.296356201171875
1,11,10,1287,8.29137897491455
1,12,1,2957,10.800817489624023
1,12,2,40,10.396187782287598
1,12,3,2134,10.246788024902344
1,12,4,1946,9.834878921508789
1,12,5,542,9.741454124450684
1,12,6,1708,9.665295600891113
1,12,7,1513,9.628150939941406
1,12,8,3016,9.590524673461914
1,12,9,1642,9.5397310256958
1,12,10,1428,9.502420425415039
1,13,1,766,11.853565216064453
1,13,2,2143,11.200460433959961
1,13,3,2006,11.161113739013672
1,13,4,2159,11.128198623657227
1,13,5,1816,10.978836059570312
1,13,6,2087,10.928165435791016
1,13,7,2285,10.882003784179688
1,13,8,1642,10.838672637939453
1,13,9,2095,10.831755638122559
1,13,10,2444,10.768128395080566
1,14,1,766,8.130066871643066
1,14,2,40,8.11133861541748
1,14,3,1642,8.015632629394531
1,14,4,2073,7.993300437927246
1,14,5,1650,7.872755527496338
1,14,6,1569,7.8151397705078125
1,14,7,674,7.8075103759765625
1,14,8,2896,7.66064977645874
1,14,9,615,7.640664100646973
1,14,10,2074,7.6318511962890625
1,15,1,1127,9.6932373046875
1,15,2,2003,9.515016555786133
1,15,3,39,9.511114120483398
1,15,4,2755,9.50705337524414
1,15,5,1461,9.27786922454834
1,15,6,2006,9.252096176147461
1,15,7,1737,9.251319885253906
1,15,8,215,9.114041328430176
1,15,9,1816,9.111821174621582
1,15,10,3054,8.982962608337402
1,16,1,1778,6.245516777038574
1,16,2,2006,6.071279525756836
1,16,3,39,6.056061744689941
1,16,4,1312,5.999943733215332
1,16,5,402,5.971900939941406
1,16,6,2370,5.938990592956543
1,16,7,2848,5.919924736022949
1,16,8,791,5.905089855194092
1,16,9,1554,5.77970027923584
1,16,10,2622,5.750757217407227
1,17,1,1816,6.839341163635254
1,17,2,1082,6.633544921875
1,17,3,2074,6.584089279174805
1,17,4,2796,6.521419525146484
1,17,5,1461,6.396846771240234
1,17,6,767,6.345578670501709
1,17,7,2053,6.326180934906006
1,17,8,2287,6.2415361404418945
1,17,9,1428,6.178362846374512
1,17,10,692,6.173364639282227
1,18,1,1778,8.50326156616211
1,18,2,2370,8.227838516235352
1,18,3,215,8.044092178344727
1,18,4,2291,8.008898735046387
1,18,5,39,7.955841541290283
1,18,6,861,7.943543434143066
1,18,7,402,7.941947937011719
1,18,8,2435,7.844658851623535
1,18,9,2848,7.789853096008301
1,18,10,601,7.694633483886719
1,20,1,674,10.074848175048828
1,20,2,766,10.023584365844727
1,20,3,2896,9.845743179321289
1,20,4,40,9.775135040283203
1,20,5,2556,9.722894668579102
1,20,6,2925,9.698566436767578
1,20,7,2073,9.670893669128418
1,20,8,1236,9.668661117553711
1,20,9,1642,9.635038375854492
1,20,10,494,9.59315013885498
1,21,1,544,7.923652648925781
1,21,2,557,7.6963324546813965
1,21,3,2780,7.6895294189453125
1,21,4,2658,7.669649124145508
1,21,5,2288,7.665843963623047
1,21,6,1817,7.573953151702881
1,21,7,2121,7.5465192794799805
1,21,8,1580,7.367973327636719
1,21,9,1839,7.305016994476318
1,21,10,2095,7.2882466316223145
1,22,1,2143,9.007745742797852
1,22,2,1267,8.986745834350586
1,22,3,2159,8.974835395812988
1,22,4,766,8.82911491394043
1,22,5,2006,8.795769691467285
1,22,6,1642,8.794495582580566
1,22,7,2095,8.736501693725586
1,22,8,1708,8.670528411865234
1,22,9,1645,8.639031410217285
1,22,10,1142,8.45604133605957
1,23,1,215,8.237281799316406
1,23,2,2285,7.8907151222229
1,23,3,1708,7.873634338378906
1,23,4,1374,7.859677314758301
1,23,5,402,7.761172294616699
1,23,6,2444,7.736347198486328
1,23,7,1201,7.677272319793701
1,23,8,2661,7.635706901550293
1,23,9,1267,7.599266529083252
1,23,10,598,7.579401969909668
1,24,1,1721,6.204165935516357
1,24,2,39,6.194483757019043
1,24,3,1586,6.1944580078125
1,24,4,652,6.170328617095947
1,24,5,2095,6.14643669128418
1,24,6,2184,6.126542568206787
1,24,7,2412,5.993122100830078
1,24,8,1657,5.916934967041016
1,24,9,38,5.817139625549316
1,24,10,1435,5.791576385498047
1,25,1,791,7.8808488845825195
1,25,2,2435,7.817870616912842
1,25,3,39,7.7480268478393555
1,25,4,2074,7.5422515869140625
1,25,5,2444,7.2799177169799805
1,25,6,2006,7.148038387298584
1,25,7,215,6.999083042144775
1,25,8,1538,6.978476524353027
1,25,9,2810,6.963926315307617
1,25,10,2804,6.923112869262695
1,26,1,1644,8.875039100646973
1,26,2,39,8.618368148803711
1,26,3,1586,8.438627243041992
1,26,4,2810,8.388386726379395
1,26,5,2412,8.336823463439941
1,26,6,2095,8.323202133178711
1,26,7,1721,8.279492378234863
1,26,8,1657,8.196118354797363
1,26,9,186,8.044492721557617
1,26,10,2159,7.983428001403809
1,27,1,2285,10.803144454956055
1,27,2,1374,10.629902839660645
1,27,3,2444,10.38565444946289
1,27,4,2727,10.317764282226562
1,27,5,1201,10.274494171142578
1,27,6,2127,10.053674697875977
1,27,7,402,9.922540664672852
1,27,8,601,9.905824661254883
1,27,9,39,9.897754669189453
1,27,10,2258,9.848427772521973
1,28,1,1267,6.667946815490723
1,28,2,1127,6.508620262145996
1,28,3,3054,6.475910186767578
1,28,4,1710,6.409956932067871
1,28,5,3042,6.399120330810547
1,28,6,1645,6.372457504272461
1,28,7,1287,6.338616847991943
1,28,8,2416,6.317346096038818
1,28,9,1142,6.315666675567627
1,28,10,559,6.301729202270508
1,29,1,692,7.067174911499023
1,29,2,2303,7.028872013092041
1,29,3,1839,7.025787353515625
1,29,4,2780,6.839150428771973
1,29,5,414,6.569045066833496
1,29,6,1816,6.49393367767334
1,29,7,1982,6.487851142883301
1,29,8,2167,6.357740879058838
1,29,9,2412,6.162783145904541
1,29,10,584,6.109602928161621
1,30,1,1127,11.343310356140137
1,30,2,1428,11.239400863647461
1,30,3,1267,11.162009239196777
1,30,4,1273,11.057170867919922
1,30,5,1710,10.910931587219238
1,30,6,3054,10.909564971923828
1,30,7,3042,10.88090705871582
1,30,8,559,10.811992645263672
1,30,9,1645,10.782610893249512
1,30,10,692,10.75720500946045
1,31,1,39,7.800351142883301
1,31,2,601,7.761674880981445
1,31,3,2435,7.720006942749023
1,31,4,215,7.635563373565674
1,31,5,2848,7.606044769287109
1,31,6,2755,7.507030487060547
1,31,7,2285,7.493745803833008
1,31,8,861,7.491170406341553
1,31,9,402,7.449100971221924
1,31,10,364,7.443646430969238
1,32,1,1127,8.062076568603516
1,32,2,674,7.911556243896484
1,32,3,1710,7.886368274688721
1,32,4,3042,7.848206996917725
1,32,5,1708,7.62674617767334
1,32,6,692,7.47580623626709
1,32,7,599,7.457022190093994
1,32,8,1428,7.446372985839844
1,32,9,2098,7.410768508911133
1,32,10,1362,7.406402587890625
1,33,1,674,8.164880752563477
1,33,2,1710,8.031201362609863
1,33,3,1708,7.782362937927246
1,33,4,3042,7.70072603225708
1,33,5,766,7.527129650115967
1,33,6,1287,7.51824951171875
1,33,7,2713,7.5158514976501465
1,33,8,1267,7.5072784423828125
1,33,9,1142,7.495767593383789
1,33,10,415,7.447165489196777
1,34,1,2482,5.327567100524902
1,34,2,2095,5.195338249206543
1,34,3,1612,5.062640190124512
1,34,4,1642,4.88863468170166
1,34,5,534,4.82434606552124
1,34,6,2159,4.753406524658203
1,34,7,215,4.662574291229248
1,34,8,2143,4.588230133056641
1,34,9,193,4.574169158935547
1,34,10,766,4.522917747497559
1,35,1,2118,5.58401346206665
1,35,2,1580,5.2764787673950195
1,35,3,2345,5.189683437347412
1,35,4,1413,4.939591407775879
1,35,5,1654,4.909513473510742
1,35,6,447,4.721056938171387
1,35,7,416,4.561649322509766
1,35,8,2576,4.549319267272949
1,35,9,2293,4.447157382965088
1,35,10,1893,4.426078796386719
1,36,1,40,7.9662699699401855
1,36,2,2957,7.704972267150879
1,36,3,2073,7.588871955871582
1,36,4,2502,7.578925132751465
1,36,5,2074,7.561087131500244
1,36,6,1569,7.534532070159912
1,36,7,1650,7.505641937255859
1,36,8,674,7.49090576171875
1,36,9,1525,7.486584663391113
1,36,10,2143,7.480566024780273
1,37,1,766,9.406706809997559
1,37,2,494,8.765071868896484
1,37,3,1710,8.656630516052246
1,37,4,1816,8.60473346710205
1,37,5,1522,8.54986572265625
1,37,6,1496,8.395450592041016
1,37,7,1104,8.31303596496582
1,37,8,2323,8.302492141723633
1,37,9,769,8.274999618530273
1,37,10,1538,8.197654724121094
1,38,1,2609,8.790803909301758
1,38,2,530,8.777843475341797
1,38,3,1590,8.5619535446167
1,38,4,576,8.306922912597656
1,38,5,2442,8.174016952514648
1,38,6,585,8.127141952514648
1,38,7,2566,8.089191436767578
1,38,8,2323,7.986711502075195
1,38,9,1047,7.928217887878418
1,38,10,1082,7.847615718841553
1,39,1,2323,11.617816925048828
1,39,2,576,11.544240951538086
1,39,3,585,11.32363510131836
1,39,4,2609,11.185346603393555
1,39,5,2135,10.66254997253418
1,39,6,621,10.649438858032227
1,39,7,1029,10.64834976196289
1,39,8,624,10.647258758544922
1,39,9,2074,10.49996566772461
1,39,10,2700,10.485515594482422
1,40,1,2609,9.121001243591309
1,40,2,1590,8.857660293579102
1,40,3,1047,8.61933708190918
1,40,4,2925,8.483464241027832
1,40,5,1082,8.478752136230469
1,40,6,1952,8.384445190429688
1,40,7,2323,8.347497940063477
1,40,8,1495,8.335119247436523
1,40,9,585,8.255611419677734
1,40,10,2566,8.244513511657715
1,41,1,1817,7.420811176300049
1,41,2,2658,7.01210355758667
1,41,3,1580,6.945825576782227
1,41,4,1028,6.925832748413086
1,41,5,2283,6.915256977081299
1,41,6,295,6.906765460968018
1,41,7,2243,6.859379768371582
1,41,8,1495,6.704530715942383
1,41,9,1669,6.4526214599609375
1,41,10,1082,6.419350624084473
1,42,1,1818,13.234237670898438
1,42,2,1738,13.130802154541016
1,42,3,1417,13.079654693603516
1,42,4,1838,11.15860366821289
1,42,5,2090,10.807147026062012
1,42,6,612,10.319995880126953
1,42,7,559,10.30533504486084
1,42,8,727,10.25667667388916
1,42,9,2416,10.029593467712402
1,42,10,2347,10.011887550354004
1,43,1,1165,12.972963333129883
1,43,2,390,12.123551368713379
1,43,3,471,11.806546211242676
1,43,4,1838,10.928235054016113
1,43,5,55,9.995637893676758
1,43,6,2687,9.940102577209473
1,43,7,1189,9.939102172851562
1,43,8,2416,9.795767784118652
1,43,9,2003,9.720481872558594
1,43,10,2090,9.67913818359375
1,45,1,248,13.068278312683105
1,45,2,1818,12.85262393951416
1,45,3,471,12.762040138244629
1,45,4,2090,11.199546813964844
1,45,5,1838,11.1513090133667
1,45,6,612,10.725557327270508
1,45,7,559,10.71487045288086
1,45,8,2347,10.445417404174805
1,45,9,727,10.334612846374512
1,45,10,3054,10.332006454467773
1,46,1,1165,12.289605140686035
1,46,2,667,10.955589294433594
1,46,3,2193,10.675256729125977
1,46,4,2090,10.299325942993164
1,46,5,1838,9.793910026550293
1,46,6,99,9.532247543334961
1,46,7,727,9.525664329528809
1,46,8,612,9.357227325439453
1,46,9,559,9.343469619750977
1,46,10,1528,9.04506778717041
1,47,1,113,13.07260799407959
1,47,2,248,12.977968215942383
1,47,3,667,12.012657165527344
1,47,4,1838,10.781759262084961
1,47,5,2090,10.41065788269043
1,47,6,612,9.91741943359375
1,47,7,559,9.899380683898926
1,47,8,727,9.842281341552734
1,47,9,2396,9.711458206176758
1,47,10,2003,9.67000961303711
1,48,1,2273,14.571003913879395
1,48,2,1738,14.221118927001953
1,48,3,1818,14.165975570678711
1,48,4,1838,12.764432907104492
1,48,5,2090,12.546453475952148
1,48,6,612,12.221065521240234
1,48,7,559,12.219322204589844
1,48,8,727,11.969049453735352
1,48,9,2396,11.904623031616211
1,48,10,2347,11.899862289428711
1,49,1,2273,14.307535171508789
1,49,2,1818,13.614973068237305
1,49,3,667,13.152870178222656
1,49,4,1838,11.675915718078613
1,49,5,2687,11.104750633239746
1,49,6,2090,10.932456970214844
1,49,7,2003,10.600767135620117
1,49,8,1189,10.584964752197266
1,49,9,612,10.44443416595459
1,49,10,559,10.404853820800781
1,50,1,113,11.887578964233398
1,50,2,1417,11.666742324829102
1,50,3,390,11.58486270904541
1,50,4,1838,9.87094783782959
1,50,5,2090,9.75428581237793
1,50,6,727,9.275899887084961
1,50,7,13,9.14702033996582
1,50,8,860,9.109881401062012
1,50,9,555,8.708181381225586
1,50,10,2967,8.696256637573242
1,51,1,1818,13.401683807373047
1,51,2,113,13.37817668914795
1,51,3,1417,13.200002670288086
1,51,4,1838,11.329306602478027
1,51,5,2090,11.245965003967285
1,51,6,612,10.642267227172852
1,51,7,559,10.634937286376953
1,51,8,727,10.566888809204102
1,51,9,2396,10.312850952148438
1,51,10,99,10.242429733276367
1,52,1,2053,9.36700439453125
1,52,2,1724,9.258601188659668
1,52,3,2206,8.990106582641602
1,52,4,416,8.96788501739502
1,52,5,6,8.742971420288086
1,52,6,32,8.602144241333008
1,52,7,773,8.583971977233887
1,52,8,1461,8.532923698425293
1,52,9,137,8.52806568145752
1,52,10,2546,8.508289337158203
1,53,1,416,10.004402160644531
1,53,2,1279,9.691997528076172
1,53,3,2118,9.06893253326416
1,53,4,1365,8.961774826049805
1,53,5,216,8.959244728088379
1,53,6,1724,8.915342330932617
1,53,7,484,8.885517120361328
1,53,8,1600,8.749305725097656
1,53,9,2053,8.742963790893555
1,53,10,1817,8.715400695800781
1,54,1,416,9.692201614379883
1,54,2,2118,9.109075546264648
1,54,3,380,8.959257125854492
1,54,4,1724,8.875905990600586
1,54,5,1817,8.801443099975586
1,54,6,2345,8.791120529174805
1,54,7,2658,8.686029434204102
1,54,8,1365,8.610663414001465
1,54,9,484,8.542242050170898
1,54,10,2283,8.523820877075195
1,55,1,416,8.10990047454834
1,55,2,1279,7.99178409576416
1,55,3,3059,7.429007053375244
1,55,4,1365,7.309701919555664
1,55,5,1817,7.252758979797363
1,55,6,2118,7.238581657409668
1,55,7,1600,7.138615608215332
1,55,8,1628,7.0615997314453125
1,55,9,1724,6.991686820983887
1,55,10,2658,6.891293525695801
1,56,1,1082,10.131437301635742
1,56,2,1495,10.064854621887207
1,56,3,2206,9.85582160949707
1,56,4,2353,9.834837913513184
1,56,5,416,9.794478416442871
1,56,6,948,9.753637313842773
1,56,7,137,9.706220626831055
1,56,8,1821,9.581135749816895
1,56,9,1279,9.394339561462402
1,56,10,1817,9.323955535888672
1,57,1,416,11.53717041015625
1,57,2,1817,11.337888717651367
1,57,3,2658,11.1477689743042
1,57,4,2118,11.111166000366211
1,57,5,2345,10.90897274017334
1,57,6,2283,10.739067077636719
1,57,7,2916,10.625192642211914
1,57,8,1028,10.618511199951172
1,57,9,2009,10.610730171203613
1,57,10,2303,10.550699234008789
1,58,1,416,10.534551620483398
1,58,2,1817,10.204907417297363
1,58,3,137,10.102243423461914
1,58,4,1365,10.096284866333008
1,58,5,1495,9.90153694152832
1,58,6,2206,9.834487915039062
1,58,7,2658,9.83056926727295
1,58,8,1082,9.766611099243164
1,58,9,2353,9.742502212524414
1,58,10,948,9.587574005126953
1,59,1,1461,11.54336929321289
1,59,2,1127,11.503480911254883
1,59,3,2341,11.14907455444336
1,59,4,1428,11.111754417419434
1,59,5,3042,11.022439002990723
1,59,6,645,10.929722785949707
1,59,7,1082,10.915868759155273
1,59,8,2368,10.878253936767578
1,59,9,2074,10.829750061035156
1,59,10,1273,10.789716720581055
1,60,1,1388,10.354629516601562
1,60,2,1012,10.321185111999512
1,60,3,1567,10.293828964233398
1,60,4,773,10.147791862487793
1,60,5,2792,9.883055686950684
1,60,6,2053,9.879218101501465
1,60,7,692,9.875017166137695
1,60,8,1127,9.787924766540527
1,60,9,1726,9.778813362121582
1,60,10,2546,9.727802276611328
1,61,1,1127,12.6165189743042
1,61,2,1730,11.739679336547852
1,61,3,1428,11.599395751953125
1,61,4,1461,11.566246032714844
1,61,5,1273,11.413497924804688
1,61,6,1737,11.381975173950195
1,61,7,692,11.301682472229004
1,61,8,407,11.227148056030273
1,61,9,612,11.201544761657715
1,61,10,2003,11.200305938720703
1,62,1,1127,10.705595970153809
1,62,2,2409,10.585224151611328
1,62,3,2792,10.531211853027344
1,62,4,416,10.478611946105957
1,62,5,1365,10.439614295959473
1,62,6,692,10.363775253295898
1,62,7,1461,9.931846618652344
1,62,8,2303,9.90540599822998
1,62,9,2914,9.860024452209473
1,62,10,2368,9.84416389465332
1,63,1,584,14.76813793182373
1,63,2,2792,13.963574409484863
1,63,3,416,13.668147087097168
1,63,4,1127,13.595515251159668
1,63,5,1365,13.516940116882324
1,63,6,99,13.489014625549316
1,63,7,692,13.478288650512695
1,63,8,2303,13.191226959228516
1,63,9,2780,13.011486053466797
1,63,10,1428,12.65888786315918
1,64,1,597,11.20438289642334
1,64,2,2111,11.056819915771484
1,64,3,2581,10.957527160644531
1,64,4,666,10.925882339477539
1,64,5,2358,10.82364273071289
1,64,6,2708,10.788806915283203
1,64,7,2525,10.634760856628418
1,64,8,2622,10.498876571655273
1,64,9,65,10.397068977355957
1,64,10,1383,10.335417747497559
1,65,1,1708,8.255940437316895
1,65,2,1538,8.165386199951172
1,65,3,674,8.1602144241333
1,65,4,2742,8.152952194213867
1,65,5,2896,7.892870903015137
1,65,6,2341,7.683103561401367
1,65,7,2405,7.619205474853516
1,65,8,250,7.57606840133667
1,65,9,494,7.558335781097412
1,65,10,1055,7.540585041046143
1,66,1,572,9.602524757385254
1,66,2,674,9.580485343933105
1,66,3,597,9.567404747009277
1,66,4,1708,9.444355010986328
1,66,5,608,9.426795959472656
1,66,6,2708,9.393009185791016
1,66,7,666,9.348031997680664
1,66,8,2098,9.056840896606445
1,66,9,1055,9.046520233154297
1,66,10,2525,8.992198944091797
1,67,1,1538,11.899557113647461
1,67,2,597,11.895214080810547
1,67,3,2410,11.842866897583008
1,67,4,2525,11.599746704101562
1,67,5,666,11.595016479492188
1,67,6,939,11.512776374816895
1,67,7,2478,11.472993850708008
1,67,8,1055,11.378644943237305
1,67,9,273,11.344724655151367
1,67,10,2480,11.296049118041992
1,68,1,674,10.892471313476562
1,68,2,597,10.831892967224121
1,68,3,572,10.747957229614258
1,68,4,2708,10.661812782287598
1,68,5,666,10.583221435546875
1,68,6,608,10.428890228271484
1,68,7,1708,10.357961654663086
1,68,8,2710,10.333151817321777
1,68,9,1710,10.283075332641602
1,68,10,2098,10.236068725585938
1,69,1,674,7.851548194885254
1,69,2,1708,7.779480934143066
1,69,3,2661,7.642126083374023
1,69,4,1710,7.614910125732422
1,69,5,2622,7.558322906494141
1,69,6,1045,7.533769607543945
1,69,7,2358,7.481686115264893
1,69,8,2998,7.410029411315918
1,69,9,2111,7.345968246459961
1,69,10,2410,7.321354389190674
1,71,1,674,10.20555305480957
1,71,2,766,10.02402114868164
1,71,3,494,9.711005210876465
1,71,4,1710,9.647682189941406
1,71,5,2713,9.31297492980957
1,71,6,1708,9.252660751342773
1,71,7,2896,9.22934341430664
1,71,8,2556,9.192893981933594
1,71,9,1522,9.191102981567383
1,71,10,2661,9.156015396118164
1,72,1,1127,9.556188583374023
1,72,2,1273,9.094401359558105
1,72,3,1461,9.084657669067383
1,72,4,3054,8.99255084991455
1,72,5,612,8.905773162841797
1,72,6,559,8.898446083068848
1,72,7,611,8.859817504882812
1,72,8,2053,8.63632869720459
1,72,9,407,8.474552154541016
1,72,10,692,8.413997650146484
1,73,1,1127,10.485251426696777
1,73,2,407,10.09918212890625
1,73,3,3054,9.974586486816406
1,73,4,612,9.688990592956543
1,73,5,559,9.669648170471191
1,73,6,1428,9.659955978393555
1,73,7,1273,9.616686820983887
1,73,8,611,9.392532348632812
1,73,9,498,9.373878479003906
1,73,10,32,9.337898254394531
1,74,1,3054,11.178407669067383
1,74,2,1730,11.089996337890625
1,74,3,612,10.959336280822754
1,74,4,559,10.95584487915039
1,74,5,407,10.945640563964844
1,74,6,1273,10.663924217224121
1,74,7,2416,10.61944580078125
1,74,8,611,10.548149108886719
1,74,9,498,10.488381385803223
1,74,10,1838,10.392446517944336
1,75,1,3054,12.070089340209961
1,75,2,1273,11.968667984008789
1,75,3,559,11.874311447143555
1,75,4,612,11.86380386352539
1,75,5,1461,11.656164169311523
1,75,6,611,11.467992782592773
1,75,7,407,11.446020126342773
1,75,8,599,11.441171646118164
1,75,9,498,11.226091384887695
1,75,10,2416,11.157644271850586
1,76,1,1708,9.879583358764648
1,76,2,1127,9.012840270996094
1,76,3,674,8.96243667602539
1,76,4,1287,8.876777648925781
1,76,5,415,8.85793685913086
1,76,6,1142,8.835172653198242
1,76,7,3042,8.765142440795898
1,76,8,1267,8.693665504455566
1,76,9,2161,8.624100685119629
1,76,10,2347,8.623483657836914
1,77,1,1267,11.022045135498047
1,77,2,1287,10.86941909790039
1,77,3,1142,10.826591491699219
1,77,4,415,10.733808517456055
1,77,5,1708,10.72242546081543
1,77,6,1645,10.669926643371582
1,77,7,2347,10.446228981018066
1,77,8,3042,10.324482917785645
1,77,9,2713,10.321161270141602
1,77,10,3054,10.265059471130371
1,78,1,1708,9.947080612182617
1,78,2,2098,9.461902618408203
1,78,3,1538,9.4054594039917
1,78,4,674,9.268214225769043
1,78,5,2347,9.257329940795898
1,78,6,2661,9.212669372558594
1,78,7,1267,9.157926559448242
1,78,8,2162,9.108451843261719
1,78,9,3042,9.106846809387207
1,78,10,1287,9.07451057434082
1,80,1,1716,8.613420486450195
1,80,2,1538,8.487060546875
1,80,3,701,8.394025802612305
1,80,4,1380,8.345941543579102
1,80,5,1383,8.314939498901367
1,80,6,1180,8.311273574829102
1,80,7,105,8.233677864074707
1,80,8,2710,8.220537185668945
1,80,9,2603,8.212743759155273
1,80,10,1159,8.203596115112305
1,81,1,2285,10.781637191772461
1,81,2,62,10.2018461227417
1,81,3,1374,10.099893569946289
1,81,4,2074,10.06389045715332
1,81,5,2444,9.91666316986084
1,81,6,2127,9.901056289672852
1,81,7,2661,9.840181350708008
1,81,8,1201,9.654481887817383
1,81,9,2738,9.562845230102539
1,81,10,1691,9.558805465698242
1,82,1,2933,9.639769554138184
1,82,2,2660,9.262845039367676
1,82,3,424,8.280230522155762
1,82,4,1866,8.087949752807617
1,82,5,72,7.7148847579956055
1,82,6,512,7.6728410720825195
1,82,7,1985,7.587123870849609
1,82,8,81,7.528409957885742
1,82,9,1270,7.4944539070129395
1,82,10,2007,7.481492042541504
1,83,1,2933,9.770818710327148
1,83,2,2660,9.174351692199707
1,83,3,2654,8.73597240447998
1,83,4,792,8.08840560913086
1,83,5,1121,7.649257659912109
1,83,6,2205,7.281050205230713
1,83,7,1448,7.271047115325928
1,83,8,1467,7.194667816162109
1,83,9,2911,7.145669460296631
1,83,10,1964,7.129743576049805
1,84,1,567,8.63839054107666
1,84,2,3032,8.250555992126465
1,84,3,2302,8.149519920349121
1,84,4,424,7.387199401855469
1,84,5,1866,7.296298503875732
1,84,6,81,6.949267387390137
1,84,7,1270,6.904489517211914
1,84,8,1985,6.881374359130859
1,84,9,2127,6.810784339904785
1,84,10,512,6.764409065246582
1,85,1,1513,11.578807830810547
1,85,2,2727,11.50327205657959
1,85,3,991,11.064064979553223
1,85,4,2661,10.961931228637695
1,85,5,2258,10.920690536499023
1,85,6,2285,10.780084609985352
1,85,7,1691,10.766858100891113
1,85,8,2127,10.641027450561523
1,85,9,2323,10.601607322692871
1,85,10,2315,10.541399002075195
1,87,1,2356,10.543909072875977
1,87,2,2609,10.435039520263672
1,87,3,2901,10.386221885681152
1,87,4,2372,10.363014221191406
1,87,5,1246,10.351462364196777
1,87,6,701,10.301369667053223
1,87,7,2212,10.279239654541016
1,87,8,1946,10.247943878173828
1,87,9,2661,10.221339225769043
1,87,10,1665,10.176056861877441
1,89,1,2734,9.407772064208984
1,89,2,1665,9.374412536621094
1,89,3,993,9.055273056030273
1,89,4,2135,8.915468215942383
1,89,5,2191,8.75268268585205
1,89,6,278,8.625929832458496
1,89,7,910,8.60804271697998
1,89,8,2826,8.590425491333008
1,89,9,1778,8.570527076721191
1,89,10,174,8.53952693939209
1,91,1,993,8.671077728271484
1,91,2,524,8.317529678344727
1,91,3,749,8.211750984191895
1,91,4,434,7.870316028594971
1,91,5,910,7.786555767059326
1,91,6,1778,7.3876118659973145
1,91,7,1312,7.344147205352783
1,91,8,2826,6.910809516906738
1,91,9,474,6.820774555206299
1,91,10,704,6.736823558807373
1,93,1,1395,9.742870330810547
1,93,2,864,8.669694900512695
1,93,3,2755,7.989566802978516
1,93,4,738,7.188624382019043
1,93,5,1597,7.06156587600708
1,93,6,1502,6.923012733459473
1,93,7,2734,6.872467517852783
1,93,8,434,6.830328941345215
1,93,9,2687,6.791005611419678
1,93,10,540,6.755139350891113
1,94,1,2687,10.41499137878418
1,94,2,2003,10.406560897827148
1,94,3,113,10.350425720214844
1,94,4,248,10.139742851257324
1,94,5,1848,10.005897521972656
1,94,6,864,9.930768013000488
1,94,7,55,9.829727172851562
1,94,8,1597,9.809555053710938
1,94,9,2752,9.728281021118164
1,94,10,60,9.725839614868164
1,95,1,1395,10.214376449584961
1,95,2,459,9.013699531555176
1,95,3,864,9.002827644348145
1,95,4,60,8.975326538085938
1,95,5,738,7.915551662445068
1,95,6,2687,7.802555084228516
1,95,7,1223,7.800683975219727
1,95,8,1597,7.762316703796387
1,95,9,2734,7.464981555938721
1,95,10,1502,7.452421188354492
1,97,1,2347,12.160215377807617
1,97,2,1127,12.045122146606445
1,97,3,498,11.736711502075195
1,97,4,3042,11.587667465209961
1,97,5,1710,11.562504768371582
1,97,6,599,11.383221626281738
1,97,7,1267,11.373048782348633
1,97,8,2003,11.2658109664917
1,97,9,1730,11.106369018554688
1,97,10,1428,11.092992782592773
1,98,1,1127,10.96983528137207
1,98,2,2347,10.540491104125977
1,98,3,692,10.10690975189209
1,98,4,599,10.041004180908203
1,98,5,1730,9.952779769897461
1,98,6,498,9.926763534545898
1,98,7,1710,9.842100143432617
1,98,8,1737,9.83631420135498
1,98,9,3042,9.825643539428711
1,98,10,2368,9.771516799926758
1,100,1,2347,12.942481994628906
1,100,2,1267,12.39832878112793
1,100,3,559,11.997872352600098
1,100,4,1645,11.927704811096191
1,100,5,612,11.924699783325195
1,100,6,1127,11.867262840270996
1,100,7,407,11.735525131225586
1,100,8,1273,11.687111854553223
1,100,9,1428,11.620809555053711
1,100,10,415,11.507145881652832
1,101,1,2095,10.384202003479004
1,101,2,402,10.188217163085938
1,101,3,1374,9.844341278076172
1,101,4,2285,9.840070724487305
1,101,5,2143,9.775552749633789
1,101,6,2444,9.698324203491211
1,101,7,2127,9.645729064941406
1,101,8,1201,9.543997764587402
1,101,9,2367,9.40079402923584
1,101,10,2291,9.283031463623047
1,102,1,2143,10.25855827331543
1,102,2,2285,10.189081192016602
1,102,3,402,9.990612030029297
1,102,4,2444,9.897420883178711
1,102,5,1374,9.860464096069336
1,102,6,94,9.796735763549805
1,102,7,1201,9.607748031616211
1,102,8,2127,9.507354736328125
1,102,9,1681,9.488409042358398
1,102,10,1657,9.245530128479004
1,103,1,2285,14.008340835571289
1,103,2,2444,13.64554214477539
1,103,3,2482,13.53087329864502
1,103,4,1374,13.519025802612305
1,103,5,94,13.331823348999023
1,103,6,1833,13.20805549621582
1,103,7,402,13.148909568786621
1,103,8,1201,13.080207824707031
1,103,9,1612,12.80008316040039
1,103,10,2661,12.797167778015137
1,104,1,766,11.477996826171875
1,104,2,1612,10.362913131713867
1,104,3,1833,10.359331130981445
1,104,4,2095,10.257183074951172
1,104,5,2159,10.220544815063477
1,104,6,2285,10.16341781616211
1,104,7,1522,10.08556842803955
1,104,8,2444,9.853681564331055
1,104,9,2661,9.701191902160645
1,104,10,1708,9.65981674194336
1,105,1,2285,11.457847595214844
1,105,2,1833,11.437692642211914
1,105,3,2444,11.117195129394531
1,105,4,2095,11.11555290222168
1,105,5,1267,11.061281204223633
1,105,6,2661,11.003917694091797
1,105,7,2482,10.872652053833008
1,105,8,1374,10.825815200805664
1,105,9,1522,10.703958511352539
1,105,10,1645,10.638267517089844
1,106,1,1267,11.836799621582031
1,106,2,1645,11.4219388961792
1,106,3,556,11.325356483459473
1,106,4,2095,11.180821418762207
1,106,5,1657,11.046010971069336
1,106,6,1287,11.026877403259277
1,106,7,1142,10.998395919799805
1,106,8,415,10.884925842285156
1,106,9,598,10.873214721679688
1,106,10,1044,10.797269821166992
1,108,1,766,13.430902481079102
1,108,2,1267,12.052931785583496
1,108,3,1645,11.625707626342773
1,108,4,2713,11.54316520690918
1,108,5,1287,11.42155647277832
1,108,6,1142,11.378721237182617
1,108,7,2143,11.351009368896484
1,108,8,415,11.329692840576172
1,108,9,1710,11.270227432250977
1,108,10,1642,11.174776077270508
1,109,1,1267,13.18149185180664
1,109,2,1645,12.700382232666016
1,109,3,766,12.56810188293457
1,109,4,1287,12.170832633972168
1,109,5,1142,12.142921447753906
1,109,6,415,12.135228157043457
1,109,7,2143,12.008522033691406
1,109,8,1044,11.9583740234375
1,109,9,2347,11.91292953491211
1,109,10,556,11.827415466308594
1,111,1,2285,14.355363845825195
1,111,2,2727,14.172830581665039
1,111,3,2127,13.729743003845215
1,111,4,601,13.479988098144531
1,111,5,2258,13.359817504882812
1,111,6,1691,13.305397033691406
1,111,7,1374,13.250268936157227
1,111,8,1538,13.188329696655273
1,111,9,402,13.115776062011719
1,111,10,1201,12.947244644165039
1,112,1,2727,17.684959411621094
1,112,2,2285,17.508861541748047
1,112,3,2127,17.070886611938477
1,112,4,601,16.99748420715332
1,112,5,2258,16.533138275146484
1,112,6,1374,16.514108657836914
1,112,7,402,16.432525634765625
1,112,8,1201,16.032241821289062
1,112,9,2444,15.932745933532715
1,112,10,1691,15.816770553588867
1,113,1,2285,16.04062843322754
1,113,2,2727,15.767507553100586
1,113,3,2127,15.58704948425293
1,113,4,1538,15.354355812072754
1,113,5,1945,15.235578536987305
1,113,6,601,15.052850723266602
1,113,7,402,14.948549270629883
1,113,8,1691,14.84264850616455
1,113,9,2258,14.721257209777832
1,113,10,2622,14.70859432220459
1,114,1,1374,15.503479957580566
1,114,2,364,15.468114852905273
1,114,3,2344,15.418755531311035
1,114,4,706,15.315208435058594
1,114,5,1201,14.955657958984375
1,114,6,14,14.931499481201172
1,114,7,2895,14.781826972961426
1,114,8,2315,14.615950584411621
1,114,9,1176,14.295445442199707
1,114,10,1940,14.292154312133789
1,115,1,601,17.73841094970703
1,115,2,2344,16.327381134033203
1,115,3,2661,15.97824478149414
1,115,4,706,15.975532531738281
1,115,5,2848,15.594616889953613
1,115,6,364,15.523886680603027
1,115,7,991,15.394513130187988
1,115,8,1176,15.186640739440918
1,115,9,1112,15.128423690795898
1,115,10,2895,15.064279556274414
1,116,1,2127,15.199029922485352
1,116,2,14,13.742530822753906
1,116,3,2661,13.238621711730957
1,116,4,2344,12.977901458740234
1,116,5,215,12.818719863891602
1,116,6,1112,12.797651290893555
1,116,7,1176,12.788919448852539
1,116,8,2989,12.693803787231445
1,116,9,1513,12.671582221984863
1,116,10,2372,12.65884017944336
1,117,1,1691,17.07244110107422
1,117,2,2344,16.991973876953125
1,117,3,2661,16.94122886657715
1,117,4,706,16.548757553100586
1,117,5,364,16.259605407714844
1,117,6,2848,16.23712921142578
1,117,7,2372,16.20246124267578
1,117,8,2895,16.087200164794922
1,117,9,1112,15.946231842041016
1,117,10,1176,15.924600601196289
1,118,1,2285,13.77369499206543
1,118,2,2127,13.68572998046875
1,118,3,2727,13.639517784118652
1,118,4,601,13.148558616638184
1,118,5,402,12.99089241027832
1,118,6,2258,12.978862762451172
1,118,7,1691,12.604546546936035
1,118,8,2661,12.070589065551758
1,118,9,2291,11.992960929870605
1,118,10,2848,11.876630783081055
1,119,1,2727,15.239627838134766
1,119,2,601,15.104024887084961
1,119,3,2258,14.947881698608398
1,119,4,2127,14.588708877563477
1,119,5,2285,14.28316879272461
1,119,6,2344,14.143697738647461
1,119,7,1374,13.784162521362305
1,119,8,1691,13.780841827392578
1,119,9,402,13.746065139770508
1,119,10,1201,13.084524154663086
1,120,1,2727,14.761996269226074
1,120,2,601,14.553784370422363
1,120,3,2258,14.325700759887695
1,120,4,2127,14.038761138916016
1,120,5,2285,13.693109512329102
1,120,6,1374,13.274089813232422
1,120,7,402,13.249139785766602
1,120,8,1691,13.172903060913086
1,120,9,991,13.017252922058105
1,120,10,1201,12.672172546386719
1,121,1,2727,14.257352828979492
1,121,2,601,14.005328178405762
1,121,3,2258,13.789220809936523
1,121,4,2127,13.55759048461914
1,121,5,2285,12.85923957824707
1,121,6,1691,12.50281810760498
1,121,7,1374,12.457688331604004
1,121,8,402,12.440694808959961
1,121,9,991,12.130043029785156
1,121,10,1201,11.832304000854492
1,122,1,1683,9.178352355957031
1,122,2,2127,9.042468070983887
1,122,3,1435,8.691195487976074
1,122,4,1487,8.650727272033691
1,122,5,2727,8.623942375183105
1,122,6,1644,8.623812675476074
1,122,7,1374,8.611404418945312
1,122,8,39,8.604938507080078
1,122,9,2621,8.563673973083496
1,122,10,2717,8.485580444335938
1,123,1,1374,11.809995651245117
1,123,2,2285,11.693960189819336
1,123,3,2127,11.576753616333008
1,123,4,2727,11.549521446228027
1,123,5,1201,11.35537052154541
1,123,6,601,11.327308654785156
1,123,7,2291,11.321500778198242
1,123,8,402,11.272865295410156
1,123,9,39,11.256608963012695
1,123,10,2444,11.256455421447754
1,124,1,1435,8.61465835571289
1,124,2,39,8.488402366638184
1,124,3,1644,8.36373519897461
1,124,4,2804,8.345295906066895
1,124,5,2717,8.312788009643555
1,124,6,2940,8.214025497436523
1,124,7,421,8.151121139526367
1,124,8,2127,8.14351749420166
1,124,9,1487,8.121225357055664
1,124,10,177,8.076105117797852
1,125,1,2804,9.049640655517578
1,125,2,14,8.998968124389648
1,125,3,2727,8.958197593688965
1,125,4,681,8.818954467773438
1,125,5,2127,8.68957233428955
1,125,6,864,8.681200981140137
1,125,7,2299,8.629863739013672
1,125,8,2258,8.625179290771484
1,125,9,706,8.490191459655762
1,125,10,2717,8.406909942626953
1,127,1,1435,7.29536771774292
1,127,2,1644,7.273451805114746
1,127,3,39,6.819233417510986
1,127,4,2751,6.708887577056885
1,127,5,186,6.659607887268066
1,127,6,3018,6.637823104858398
1,127,7,865,6.637823104858398
1,127,8,1717,6.589369297027588
1,127,9,1721,6.554739952087402
1,127,10,2810,6.50499153137207
1,129,1,39,8.231643676757812
1,129,2,1644,7.980685234069824
1,129,3,2810,7.955345153808594
1,129,4,2804,7.942011833190918
1,129,5,186,7.891148090362549
1,129,6,136,7.777471542358398
1,129,7,1194,7.573923110961914
1,129,8,2668,7.541795253753662
1,129,9,421,7.532937049865723
1,129,10,2604,7.53195858001709
1,131,1,2303,10.703850746154785
1,131,2,2211,10.482783317565918
1,131,3,2668,10.45237922668457
1,131,4,421,10.27165412902832
1,131,5,1892,10.103716850280762
1,131,6,1424,10.039497375488281
1,131,7,2780,10.029668807983398
1,131,8,1587,10.025371551513672
1,131,9,557,10.004999160766602
1,131,10,2796,9.975725173950195
1,132,1,1644,9.4713773727417
1,132,2,421,9.237951278686523
1,132,3,39,9.018073081970215
1,132,4,2668,8.860419273376465
1,132,5,2796,8.86012077331543
1,132,6,1657,8.84972095489502
1,132,7,1435,8.825382232666016
1,132,8,2940,8.733847618103027
1,132,9,177,8.690885543823242
1,132,10,2649,8.667313575744629
1,133,1,1644,9.4713773727417
1,133,2,421,9.237951278686523
1,133,3,39,9.018073081970215
1,133,4,2668,8.860419273376465
1,133,5,2796,8.86012077331543
1,133,6,1657,8.84972095489502
1,133,7,1435,8.825382232666016
1,133,8,2940,8.733847618103027
1,133,9,177,8.690885543823242
1,133,10,2649,8.667313575744629
1,134,1,1644,9.4713773727417
1,134,2,421,9.237951278686523
1,134,3,39,9.018073081970215
1,134,4,2668,8.860419273376465
1,134,5,2796,8.86012077331543
1,134,6,1657,8.84972095489502
1,134,7,1435,8.825382232666016
1,134,8,2940,8.733847618103027
1,134,9,177,8.690885543823242
1,134,10,2649,8.667313575744629
1,135,1,1644,9.4713773727417
1,135,2,421,9.237951278686523
1,135,3,39,9.018073081970215
1,135,4,2668,8.860419273376465
1,135,5,2796,8.86012077331543
1,135,6,1657,8.84972095489502
1,135,7,1435,8.825382232666016
1,135,8,2940,8.733847618103027
1,135,9,177,8.690885543823242
1,135,10,2649,8.667313575744629
1,136,1,421,9.231416702270508
1,136,2,2668,8.923521995544434
1,136,3,2940,8.464868545532227
1,136,4,2536,8.369186401367188
1,136,5,1194,8.27392292022705
1,136,6,2717,7.984617710113525
1,136,7,1881,7.980903625488281
1,136,8,39,7.859774589538574
1,136,9,2211,7.7805352210998535
1,136,10,2796,7.7129364013671875
1,137,1,2303,11.282224655151367
1,137,2,2412,10.341482162475586
1,137,3,414,10.333030700683594
1,137,4,2006,10.291153907775879
1,137,5,2211,10.19763469696045
1,137,6,692,10.0546293258667
1,137,7,1939,9.793766021728516
1,137,8,1816,9.669766426086426
1,137,9,1197,9.59781551361084
1,137,10,1012,9.579283714294434
1,138,1,1939,11.232208251953125
1,138,2,2792,11.18521499633789
1,138,3,2211,10.96375560760498
1,138,4,2006,10.916058540344238
1,138,5,2412,10.865839004516602
1,138,6,414,10.783210754394531
1,138,7,1197,10.621557235717773
1,138,8,2219,10.555197715759277
1,138,9,692,10.45744514465332
1,138,10,38,10.349382400512695
1,139,1,2006,11.550219535827637
1,139,2,1939,11.42983627319336
1,139,3,2412,11.054574966430664
1,139,4,414,10.905116081237793
1,139,5,2211,10.896683692932129
1,139,6,2792,10.771194458007812
1,139,7,692,10.49374008178711
1,139,8,38,10.435178756713867
1,139,9,2219,10.284942626953125
1,139,10,2087,10.247858047485352
1,140,1,2288,10.823241233825684
1,140,2,2211,10.017509460449219
1,140,3,1939,9.975597381591797
1,140,4,414,9.747175216674805
1,140,5,2006,9.733867645263672
1,140,6,2412,9.60621452331543
1,140,7,2792,9.457393646240234
1,140,8,1816,9.35651969909668
1,140,9,2167,9.350500106811523
1,140,10,38,9.216935157775879
1,141,1,1881,6.668231010437012
1,141,2,2211,6.444260597229004
1,141,3,2668,6.438763618469238
1,141,4,1194,6.332206726074219
1,141,5,2649,6.303015232086182
1,141,6,2313,6.287369251251221
1,141,7,98,6.149116516113281
1,141,8,1424,6.148876190185547
1,141,9,421,6.097517490386963
1,141,10,476,6.08424711227417
1,142,1,1341,8.198589324951172
1,142,2,421,7.869596004486084
1,142,3,1881,7.832853317260742
1,142,4,2668,7.784433364868164
1,142,5,1424,7.4636969566345215
1,142,6,2447,7.455122947692871
1,142,7,2940,7.250885009765625
1,142,8,2319,7.031838417053223
1,142,9,2313,6.983035564422607
1,142,10,2796,6.935761451721191
1,143,1,1341,8.613897323608398
1,143,2,1881,8.376291275024414
1,143,3,421,8.03087043762207
1,143,4,2668,7.99953031539917
1,143,5,1194,7.931549072265625
1,143,6,1435,7.767797470092773
1,143,7,2940,7.5821990966796875
1,143,8,476,7.54949951171875
1,143,9,1872,7.324222087860107
1,143,10,2717,7.265479564666748
1,144,1,2804,11.864533424377441
1,144,2,835,11.284721374511719
1,144,3,1892,10.63660717010498
1,144,4,2668,10.545604705810547
1,144,5,421,10.403997421264648
1,144,6,1341,9.919933319091797
1,144,7,1435,9.772335052490234
1,144,8,2536,9.530420303344727
1,144,9,186,9.510844230651855
1,144,10,1454,9.461909294128418
1,145,1,835,12.99625015258789
1,145,2,2804,12.979316711425781
1,145,3,421,12.307421684265137
1,145,4,1892,11.813908576965332
1,145,5,1341,10.985448837280273
1,145,6,2536,10.613317489624023
1,145,7,1435,10.531235694885254
1,145,8,186,10.259535789489746
1,145,9,1454,10.236737251281738
1,145,10,2882,10.193368911743164
1,146,1,1424,11.324729919433594
1,146,2,1892,10.779993057250977
1,146,3,1712,10.756892204284668
1,146,4,2804,10.481096267700195
1,146,5,835,10.417236328125
1,146,6,476,9.96986198425293
1,146,7,414,9.960683822631836
1,146,8,39,9.959297180175781
1,146,9,1435,9.855255126953125
1,146,10,98,9.618967056274414
1,147,1,2804,12.48046875
1,147,2,835,12.3158597946167
1,147,3,1424,12.309998512268066
1,147,4,1395,12.281907081604004
1,147,5,1892,11.90673828125
1,147,6,186,11.528999328613281
1,147,7,39,11.34109878540039
1,147,8,136,11.3085298538208
1,147,9,1712,11.256839752197266
1,147,10,1816,11.234790802001953
1,148,1,2649,10.197744369506836
1,148,2,3018,10.016010284423828
1,148,3,865,10.016010284423828
1,148,4,1435,9.992904663085938
1,148,5,421,9.90142822265625
1,148,6,1644,9.879905700683594
1,148,7,1712,9.828712463378906
1,148,8,1748,9.810656547546387
1,148,9,1352,9.686410903930664
1,148,10,2804,9.631614685058594
1,149,1,2649,9.958287239074707
1,149,2,2804,9.670160293579102
1,149,3,186,9.618331909179688
1,149,4,421,9.516426086425781
1,149,5,1352,9.514059066772461
1,149,6,1644,9.473217964172363
1,149,7,1194,9.369462966918945
1,149,8,1712,9.362021446228027
1,149,9,2668,9.312024116516113
1,149,10,2796,9.292230606079102
1,150,1,2649,10.251252174377441
1,150,2,1644,10.042537689208984
1,150,3,1435,9.917163848876953
1,150,4,2804,9.839326858520508
1,150,5,1352,9.786937713623047
1,150,6,186,9.695476531982422
1,150,7,1712,9.677742004394531
1,150,8,1683,9.673095703125
1,150,9,3018,9.589016914367676
1,150,10,865,9.589016914367676
1,151,1,186,11.51552963256836
1,151,2,2649,11.432409286499023
1,151,3,2810,11.217123985290527
1,151,4,39,10.891667366027832
1,151,5,2604,10.82737922668457
1,151,6,1352,10.825105667114258
1,151,7,2632,10.789267539978027
1,151,8,1683,10.686955451965332
1,151,9,136,10.662110328674316
1,151,10,1435,10.659775733947754
1,152,1,1435,9.823555946350098
1,152,2,1712,9.739617347717285
1,152,3,1586,9.73793888092041
1,152,4,1683,9.662297248840332
1,152,5,414,9.651493072509766
1,152,6,2412,9.634883880615234
1,152,7,1341,9.58520221710205
1,152,8,2095,9.573793411254883
1,152,9,2211,9.568593978881836
1,152,10,1657,9.47540283203125
1,153,1,186,11.656728744506836
1,153,2,1194,11.059782028198242
1,153,3,2995,10.979424476623535
1,153,4,1315,10.876653671264648
1,153,5,864,10.52316951751709
1,153,6,1151,10.51938533782959
1,153,7,2412,10.323751449584961
1,153,8,414,10.15774154663086
1,153,9,1657,10.106252670288086
1,153,10,1280,10.087441444396973
1,154,1,1194,12.91388988494873
1,154,2,39,12.742044448852539
1,154,3,2995,12.161969184875488
1,154,4,1315,12.060723304748535
1,154,5,1151,11.925378799438477
1,154,6,864,11.861724853515625
1,154,7,1454,11.782926559448242
1,154,8,1644,11.746150970458984
1,154,9,2649,11.592073440551758
1,154,10,2804,11.29522705078125
1,155,1,1194,12.054817199707031
1,155,2,2604,11.955889701843262
1,155,3,1644,11.915606498718262
1,155,4,1657,11.352910041809082
1,155,5,1315,11.32522201538086
1,155,6,414,11.29592514038086
1,155,7,2796,11.26828384399414
1,155,8,1775,11.203004837036133
1,155,9,1721,11.185022354125977
1,155,10,2649,11.179931640625
1,156,1,1194,12.054817199707031
1,156,2,2604,11.955889701843262
1,156,3,1644,11.915606498718262
1,156,4,1657,11.352910041809082
1,156,5,1315,11.32522201538086
1,156,6,414,11.29592514038086
1,156,7,2796,11.26828384399414
1,156,8,1775,11.203004837036133
1,156,9,1721,11.185022354125977
1,156,10,2649,11.179931640625
1,157,1,1194,12.054817199707031
1,157,2,2604,11.955889701843262
1,157,3,1644,11.915606498718262
1,157,4,1657,11.352910041809082
1,157,5,1315,11.32522201538086
1,157,6,414,11.29592514038086
1,157,7,2796,11.26828384399414
1,157,8,1775,11.203004837036133
1,157,9,1721,11.185022354125977
1,157,10,2649,11.179931640625
1,159,1,2095,9.097471237182617
1,159,2,2159,8.906097412109375
1,159,3,2143,8.648630142211914
1,159,4,2006,8.534849166870117
1,159,5,1642,8.46820068359375
1,159,6,39,8.456815719604492
1,159,7,215,8.399076461791992
1,159,8,1315,7.976705551147461
1,159,9,2087,7.955410003662109
1,159,10,414,7.926380157470703
1,160,1,2095,10.409039497375488
1,160,2,2159,9.980169296264648
1,160,3,2143,9.564826965332031
1,160,4,2087,9.47355842590332
1,160,5,1642,9.445261001586914
1,160,6,2006,9.370803833007812
1,160,7,39,9.259583473205566
1,160,8,1644,9.093353271484375
1,160,9,379,8.975715637207031
1,160,10,215,8.904266357421875
1,161,1,2095,11.034765243530273
1,161,2,39,10.651498794555664
1,161,3,2159,10.605890274047852
1,161,4,2006,10.345979690551758
1,161,5,215,10.323902130126953
1,161,6,2143,10.165078163146973
1,161,7,1644,10.111845016479492
1,161,8,1642,10.037454605102539
1,161,9,2087,9.95663070678711
1,161,10,2810,9.92436408996582
1,163,1,1567,9.314929008483887
1,163,2,1273,9.143376350402832
1,163,3,2409,8.992632865905762
1,163,4,1428,8.97713851928711
1,163,5,692,8.96930980682373
1,163,6,1927,8.713460922241211
1,163,7,1127,8.711057662963867
1,163,8,407,8.46396255493164
1,163,9,1724,8.426467895507812
1,163,10,612,8.413379669189453
1,164,1,32,9.337081909179688
1,164,2,1273,9.011752128601074
1,164,3,692,8.821459770202637
1,164,4,1428,8.687259674072266
1,164,5,2409,8.511367797851562
1,164,6,612,8.496856689453125
1,164,7,559,8.459214210510254
1,164,8,3054,8.341840744018555
1,164,9,1838,8.295022010803223
1,164,10,1127,8.28243637084961
1,165,1,1838,8.893562316894531
1,165,2,612,8.838838577270508
1,165,3,559,8.791683197021484
1,165,4,1273,8.66222095489502
1,165,5,3054,8.616708755493164
1,165,6,407,8.582257270812988
1,165,7,1730,8.426519393920898
1,165,8,1127,8.417940139770508
1,165,9,1428,8.344263076782227
1,165,10,2416,8.33015251159668
1,166,1,1202,9.663129806518555
1,166,2,1580,9.646686553955078
1,166,3,1415,9.605146408081055
1,166,4,1302,9.262414932250977
1,166,5,2118,9.2420015335083
1,166,6,2345,9.182321548461914
1,166,7,2658,9.108125686645508
1,166,8,1100,8.965127944946289
1,166,9,1102,8.900113105773926
1,166,10,447,8.877056121826172
1,167,1,40,9.88408088684082
1,167,2,354,9.707523345947266
1,167,3,2118,9.660877227783203
1,167,4,1415,9.637792587280273
1,167,5,1102,9.625282287597656
1,167,6,2108,9.595904350280762
1,167,7,2607,9.59196662902832
1,167,8,544,9.578266143798828
1,167,9,1580,9.509786605834961
1,167,10,2345,9.455581665039062
1,168,1,544,11.050098419189453
1,168,2,2607,10.7818603515625
1,168,3,2108,10.762548446655273
1,168,4,1102,10.725378036499023
1,168,5,40,10.725008964538574
1,168,6,2452,10.679807662963867
1,168,7,2082,10.469789505004883
1,168,8,641,10.409355163574219
1,168,9,2599,10.3843994140625
1,168,10,1484,10.376945495605469
1,169,1,1202,12.986754417419434
1,169,2,1580,12.657626152038574
1,169,3,1484,12.463787078857422
1,169,4,613,12.390875816345215
1,169,5,509,12.359546661376953
1,169,6,2108,12.236295700073242
1,169,7,2009,12.209076881408691
1,169,8,2607,12.202629089355469
1,169,9,2658,12.044285774230957
1,169,10,2118,11.92991828918457
1,170,1,1484,10.27495288848877
1,170,2,2452,10.144521713256836
1,170,3,1580,10.035144805908203
1,170,4,2108,9.914913177490234
1,170,5,2607,9.898715019226074
1,170,6,3041,9.843498229980469
1,170,7,2658,9.83167839050293
1,170,8,613,9.822210311889648
1,170,9,509,9.757131576538086
1,170,10,2009,9.595113754272461
1,171,1,1082,8.74978256225586
1,171,2,1590,8.739051818847656
1,171,3,1080,8.738662719726562
1,171,4,2609,8.73734188079834
1,171,5,1279,8.667396545410156
1,171,6,2018,8.644962310791016
1,171,7,2206,8.471543312072754
1,171,8,2053,8.460531234741211
1,171,9,2892,8.456741333007812
1,171,10,2074,8.404830932617188
1,172,1,2609,9.728158950805664
1,172,2,1590,9.104464530944824
1,172,3,2922,9.080096244812012
1,172,4,1080,8.60574722290039
1,172,5,576,8.478790283203125
1,172,6,2018,8.314614295959473
1,172,7,2566,8.299226760864258
1,172,8,1082,8.289883613586426
1,172,9,1952,8.282626152038574
1,172,10,2053,8.212459564208984
1,173,1,2609,10.26357650756836
1,173,2,1590,9.871644973754883
1,173,3,2560,9.699716567993164
1,173,4,1080,9.443413734436035
1,173,5,2018,9.401313781738281
1,173,6,2053,9.27831745147705
1,173,7,1082,9.236125946044922
1,173,8,2566,9.23165512084961
1,173,9,1952,9.149584770202637
1,173,10,1279,9.13620376586914
1,174,1,2661,10.44301700592041
1,174,2,2444,10.274225234985352
1,174,3,2609,10.197582244873047
1,174,4,766,10.192747116088867
1,174,5,2738,10.076108932495117
1,174,6,2074,9.970037460327148
1,174,7,2285,9.962970733642578
1,174,8,1538,9.934972763061523
1,174,9,2323,9.83102798461914
1,174,10,644,9.68571662902832
1,175,1,40,9.018163681030273
1,175,2,1236,8.355704307556152
1,175,3,2925,8.322405815124512
1,175,4,2896,8.252220153808594
1,175,5,674,8.220083236694336
1,175,6,2099,8.209844589233398
1,175,7,1339,8.199213981628418
1,175,8,2957,8.159324645996094
1,175,9,1442,8.156583786010742
1,175,10,1669,8.130821228027344
1,176,1,766,13.57605266571045
1,176,2,1339,12.517969131469727
1,176,3,2661,12.383722305297852
1,176,4,1538,12.333629608154297
1,176,5,1236,12.323030471801758
1,176,6,2099,12.302000045776367
1,176,7,1642,12.26270866394043
1,176,8,2740,12.253185272216797
1,176,9,1708,12.164674758911133
1,176,10,629,12.138191223144531
1,177,1,766,11.160123825073242
1,177,2,1708,11.058694839477539
1,177,3,2482,10.965612411499023
1,177,4,1339,10.827533721923828
1,177,5,674,10.80550479888916
1,177,6,1642,10.679770469665527
1,177,7,40,10.60304069519043
1,177,8,2099,10.594642639160156
1,177,9,2793,10.56161880493164
1,177,10,2740,10.558197021484375
1,178,1,766,12.219879150390625
1,178,2,1642,11.517794609069824
1,178,3,40,11.458673477172852
1,178,4,1339,11.399420738220215
1,178,5,1569,11.175893783569336
1,178,6,1236,11.13299560546875
1,178,7,2740,11.114056587219238
1,178,8,2099,11.083162307739258
1,178,9,2444,11.035625457763672
1,178,10,2925,10.976557731628418
1,179,1,1708,11.877574920654297
1,179,2,1710,11.428454399108887
1,179,3,766,11.094644546508789
1,179,4,2713,10.831571578979492
1,179,5,674,10.811140060424805
1,179,6,556,10.593998908996582
1,179,7,2162,10.585470199584961
1,179,8,2347,10.576984405517578
1,179,9,3042,10.535530090332031
1,179,10,598,10.527366638183594
1,180,1,766,14.539681434631348
1,180,2,1710,14.236337661743164
1,180,3,2347,13.791309356689453
1,180,4,3042,13.741802215576172
1,180,5,1708,13.416925430297852
1,180,6,3054,13.358980178833008
1,180,7,2238,13.305034637451172
1,180,8,692,13.274066925048828
1,180,9,674,13.223978042602539
1,180,10,556,13.156373977661133
1,181,1,1710,13.025240898132324
1,181,2,1267,12.800559997558594
1,181,3,766,12.756261825561523
1,181,4,674,12.598073959350586
1,181,5,3042,12.477347373962402
1,181,6,1645,12.394168853759766
1,181,7,2098,12.056346893310547
1,181,8,2162,11.938004493713379
1,181,9,556,11.881107330322266
1,181,10,1127,11.836780548095703
1,182,1,1267,13.528071403503418
1,182,2,1710,12.888662338256836
1,182,3,766,12.819417953491211
1,182,4,2347,12.669363021850586
1,182,5,3042,12.520809173583984
1,182,6,1708,12.401132583618164
1,182,7,3054,12.288983345031738
1,182,8,2238,12.173229217529297
1,182,9,692,12.16053295135498
1,182,10,1127,12.051553726196289
1,183,1,2482,10.223228454589844
1,183,2,1580,9.803129196166992
1,183,3,1612,9.721382141113281
1,183,4,30,9.633951187133789
1,183,5,613,9.6121826171875
1,183,6,1525,9.581530570983887
1,183,7,1642,9.569099426269531
1,183,8,40,9.569086074829102
1,183,9,2957,9.412800788879395
1,183,10,534,9.375333786010742
1,184,1,193,10.604226112365723
1,184,2,40,10.232693672180176
1,184,3,2482,10.138938903808594
1,184,4,1580,9.907238960266113
1,184,5,2957,9.85169792175293
1,184,6,1708,9.752574920654297
1,184,7,1642,9.748302459716797
1,184,8,30,9.715399742126465
1,184,9,613,9.701945304870605
1,184,10,1295,9.659603118896484
1,185,1,1620,10.2257080078125
1,185,2,1525,10.121018409729004
1,185,3,40,10.057483673095703
1,185,4,2482,10.031538963317871
1,185,5,2957,9.99499225616455
1,185,6,1642,9.736061096191406
1,185,7,30,9.730634689331055
1,185,8,1580,9.644278526306152
1,185,9,613,9.607954978942871
1,185,10,1708,9.498527526855469
1,186,1,2482,11.014196395874023
1,186,2,1612,10.346797943115234
1,186,3,2134,10.26122760772705
1,186,4,40,10.240252494812012
1,186,5,534,9.819585800170898
1,186,6,1580,9.806879997253418
1,186,7,748,9.780787467956543
1,186,8,30,9.661113739013672
1,186,9,2957,9.637744903564453
1,186,10,613,9.615415573120117
1,187,1,766,10.794696807861328
1,187,2,2896,10.227448463439941
1,187,3,1642,10.199714660644531
1,187,4,2482,10.182378768920898
1,187,5,1358,10.065607070922852
1,187,6,1525,9.990074157714844
1,187,7,2099,9.982015609741211
1,187,8,542,9.92810344696045
1,187,9,615,9.896808624267578
1,187,10,1236,9.837381362915039
1,188,1,2482,8.419053077697754
1,188,2,30,8.260322570800781
1,188,3,1580,8.259166717529297
1,188,4,613,8.143095016479492
1,188,5,193,8.01587963104248
1,188,6,1763,7.956471920013428
1,188,7,1202,7.921707630157471
1,188,8,1484,7.905932903289795
1,188,9,1235,7.897208213806152
1,188,10,500,7.893833160400391
1,189,1,2287,10.124161720275879
1,189,2,2957,9.915225982666016
1,189,3,1358,9.691840171813965
1,189,4,2134,9.58994197845459
1,189,5,2053,9.512565612792969
1,189,6,1724,9.507600784301758
1,189,7,1642,9.389057159423828
1,189,8,1102,9.3189058303833
1,189,9,1202,9.254837036132812
1,189,10,2556,9.252277374267578
1,190,1,1339,9.272430419921875
1,190,2,2287,8.588045120239258
1,190,3,1202,8.553051948547363
1,190,4,1358,8.518844604492188
1,190,5,1642,8.261768341064453
1,190,6,3041,8.198057174682617
1,190,7,1580,8.08779525756836
1,190,8,1569,8.062372207641602
1,190,9,1102,8.046083450317383
1,190,10,1620,8.041202545166016
1,191,1,1513,9.837968826293945
1,191,2,2594,9.663270950317383
1,191,3,1594,9.460963249206543
1,191,4,2789,9.096253395080566
1,191,5,1521,9.096094131469727
1,191,6,2135,8.991555213928223
1,191,7,655,8.841580390930176
1,191,8,1550,8.63974380493164
1,191,9,954,8.293905258178711
1,191,10,1374,8.286214828491211
1,192,1,1513,10.389394760131836
1,192,2,1665,10.017129898071289
1,192,3,2789,9.789016723632812
1,192,4,1521,9.645635604858398
1,192,5,655,9.457784652709961
1,192,6,1550,9.327665328979492
1,192,7,1374,9.306446075439453
1,192,8,2444,9.270751953125
1,192,9,2285,9.20529556274414
1,192,10,2661,9.187254905700684
1,194,1,1513,8.904948234558105
1,194,2,1665,8.358983993530273
1,194,3,1946,8.163595199584961
1,194,4,2594,8.125110626220703
1,194,5,2135,8.119012832641602
1,194,6,2789,8.063432693481445
1,194,7,2661,8.043495178222656
1,194,8,2285,7.996787071228027
1,194,9,655,7.921642780303955
1,194,10,2848,7.8686652183532715
1,195,1,572,7.97189998626709
1,195,2,2099,7.8583478927612305
1,195,3,189,7.761624813079834
1,195,4,2938,7.748913288116455
1,195,5,1659,7.737705230712891
1,195,6,2622,7.729991436004639
1,195,7,2793,7.371555805206299
1,195,8,2708,7.359168529510498
1,195,9,96,7.32888126373291
1,195,10,1513,7.274213790893555
1,196,1,2938,9.81539535522461
1,196,2,572,9.4115571975708
1,196,3,108,9.403443336486816
1,196,4,2708,9.276931762695312
1,196,5,1659,9.218631744384766
1,196,6,189,9.20213508605957
1,196,7,2622,9.200422286987305
1,196,8,96,8.843717575073242
1,196,9,2896,8.790888786315918
1,196,10,2740,8.674038887023926
1,197,1,2938,11.076011657714844
1,197,2,572,11.074296951293945
1,197,3,189,10.71790599822998
1,197,4,1659,10.58096694946289
1,197,5,2622,10.466934204101562
1,197,6,2896,10.389531135559082
1,197,7,2708,10.270729064941406
1,197,8,1442,10.248353958129883
1,197,9,1708,10.210899353027344
1,197,10,96,10.139120101928711
1,198,1,2925,10.586286544799805
1,198,2,572,10.266508102416992
1,198,3,674,10.213842391967773
1,198,4,2073,10.104057312011719
1,198,5,2799,10.084542274475098
1,198,6,2938,10.056934356689453
1,198,7,2896,10.054141998291016
1,198,8,40,10.054104804992676
1,198,9,2622,10.009084701538086
1,198,10,1659,9.946683883666992
1,199,1,1817,10.213181495666504
1,199,2,295,9.66592025756836
1,199,3,572,8.943455696105957
1,199,4,2170,8.636940002441406
1,199,5,2708,8.62335205078125
1,199,6,1580,8.333014488220215
1,199,7,1495,8.202083587646484
1,199,8,1202,8.173234939575195
1,199,9,509,7.956320762634277
1,199,10,1659,7.898099899291992
1,200,1,572,10.450921058654785
1,200,2,295,10.3843355178833
1,200,3,2283,9.908804893493652
1,200,4,2708,9.871635437011719
1,200,5,2938,9.731937408447266
1,200,6,696,9.441549301147461
1,200,7,2185,9.432567596435547
1,200,8,1659,9.392520904541016
1,200,9,1580,9.321598052978516
1,200,10,2030,9.269372940063477
1,201,1,2658,10.308307647705078
1,201,2,572,9.426090240478516
1,201,3,1580,9.238704681396484
1,201,4,696,9.187481880187988
1,201,5,2708,9.022263526916504
1,201,6,509,8.86264705657959
1,201,7,613,8.78125
1,201,8,544,8.768260955810547
1,201,9,1202,8.756879806518555
1,201,10,2286,8.693610191345215
1,202,1,1817,11.571941375732422
1,202,2,2658,10.924433708190918
1,202,3,572,10.45850944519043
1,202,4,2283,10.388015747070312
1,202,5,2708,10.050447463989258
1,202,6,2185,9.88597297668457
1,202,7,2938,9.844670295715332
1,202,8,1580,9.378531455993652
1,202,9,1659,9.17989730834961
1,202,10,2030,9.174524307250977
1,203,1,2658,12.247106552124023
1,203,2,2243,11.737714767456055
1,203,3,2283,11.661239624023438
1,203,4,572,11.317344665527344
1,203,5,696,11.050549507141113
1,203,6,2708,10.883574485778809
1,203,7,1495,10.586169242858887
1,203,8,1580,10.530759811401367
1,203,9,509,10.325464248657227
1,203,10,608,10.167972564697266
1,204,1,105,10.793661117553711
1,204,2,259,10.673477172851562
1,204,3,869,10.589282989501953
1,204,4,2274,10.57760238647461
1,204,5,1716,10.39441204071045
1,204,6,2603,10.31065559387207
1,204,7,1383,10.264379501342773
1,204,8,787,10.200385093688965
1,204,9,2135,10.173885345458984
1,204,10,1180,10.15449333190918
1,205,1,259,14.819793701171875
1,205,2,105,14.358126640319824
1,205,3,1716,14.330673217773438
1,205,4,869,14.158952713012695
1,205,5,2603,14.059126853942871
1,205,6,65,13.926986694335938
1,205,7,44,13.888168334960938
1,205,8,2274,13.745049476623535
1,205,9,2042,13.723690032958984
1,205,10,787,13.71783447265625
1,206,1,2609,10.733160018920898
1,206,2,2323,10.71264362335205
1,206,3,8,10.666627883911133
1,206,4,12,10.646156311035156
1,206,5,576,10.543902397155762
1,206,6,2328,10.474708557128906
1,206,7,585,10.390737533569336
1,206,8,2754,9.946149826049805
1,206,9,273,9.890756607055664
1,206,10,1254,9.885171890258789
1,207,1,2603,10.366098403930664
1,207,2,65,10.283646583557129
1,207,3,1383,10.19627857208252
1,207,4,2323,10.142147064208984
1,207,5,1159,10.129934310913086
1,207,6,2135,10.049160957336426
1,207,7,1716,10.02293586730957
1,207,8,105,9.999933242797852
1,207,9,2274,9.979516983032227
1,207,10,1180,9.940019607543945
1,208,1,2323,10.605838775634766
1,208,2,1696,10.545966148376465
1,208,3,2609,10.54137134552002
1,208,4,3019,10.337677955627441
1,208,5,2557,10.254463195800781
1,208,6,576,10.2274169921875
1,208,7,585,10.208864212036133
1,208,8,91,10.073904037475586
1,208,9,1791,10.050724983215332
1,208,10,538,9.948861122131348
1,209,1,1696,13.140777587890625
1,209,2,2609,13.000192642211914
1,209,3,3019,12.804654121398926
1,209,4,2323,12.803934097290039
1,209,5,2272,12.642940521240234
1,209,6,2486,12.595919609069824
1,209,7,2757,12.521778106689453
1,209,8,1618,12.434015274047852
1,209,9,91,12.41602897644043
1,209,10,1791,12.38467025756836
1,210,1,259,11.226519584655762
1,210,2,1716,10.8438081741333
1,210,3,1070,10.638439178466797
1,210,4,44,10.61373233795166
1,210,5,2525,10.534568786621094
1,210,6,787,10.46922492980957
1,210,7,1907,10.393533706665039
1,210,8,852,10.220470428466797
1,210,9,2743,10.158194541931152
1,210,10,597,10.1063232421875
1,211,1,2486,12.433727264404297
1,211,2,2757,12.24764633178711
1,211,3,2272,12.09112548828125
1,211,4,1618,11.998950958251953
1,211,5,2609,11.331253051757812
1,211,6,506,11.313579559326172
1,211,7,2294,11.299034118652344
1,211,8,595,11.175764083862305
1,211,9,1167,11.098690032958984
1,211,10,1696,11.095588684082031
1,212,1,1070,11.839585304260254
1,212,2,1360,11.331754684448242
1,212,3,2757,11.267925262451172
1,212,4,1215,11.163122177124023
1,212,5,754,11.096582412719727
1,212,6,1,11.079617500305176
1,212,7,784,11.008007049560547
1,212,8,270,10.956464767456055
1,212,9,2339,10.859201431274414
1,212,10,2513,10.849458694458008
1,213,1,2513,10.530768394470215
1,213,2,2486,10.169305801391602
1,213,3,2272,9.973306655883789
1,213,4,1618,9.881515502929688
1,213,5,2923,9.711334228515625
1,213,6,2294,9.698012351989746
1,213,7,595,9.576906204223633
1,213,8,566,9.547714233398438
1,213,9,2721,9.508777618408203
1,213,10,535,9.379955291748047
1,216,1,1,11.784768104553223
1,216,2,915,11.469568252563477
1,216,3,2486,10.871702194213867
1,216,4,2665,10.83984661102295
1,216,5,2653,10.829818725585938
1,216,6,754,10.774513244628906
1,216,7,2311,10.675948143005371
1,216,8,2339,10.663137435913086
1,216,9,622,10.63518238067627
1,216,10,2562,10.590842247009277
1,217,1,2440,10.916696548461914
1,217,2,754,10.753671646118164
1,217,3,1,10.615091323852539
1,217,4,2665,10.416007995605469
1,217,5,482,10.34481430053711
1,217,6,2322,10.160021781921387
1,217,7,1266,10.001206398010254
1,217,8,20,9.923832893371582
1,217,9,1070,9.829398155212402
1,217,10,106,9.76175308227539
1,218,1,754,10.381730079650879
1,218,2,270,10.330718994140625
1,218,3,1,10.145857810974121
1,218,4,2665,9.967084884643555
1,218,5,482,9.96175479888916
1,218,6,2322,9.824190139770508
1,218,7,20,9.709611892700195
1,218,8,1266,9.515541076660156
1,218,9,1070,9.505784034729004
1,218,10,1472,9.491212844848633
1,219,1,754,10.448583602905273
1,219,2,2440,10.342069625854492
1,219,3,1265,10.127409934997559
1,219,4,1,10.071039199829102
1,219,5,2257,10.024209976196289
1,219,6,2665,9.909881591796875
1,219,7,2196,9.836967468261719
1,219,8,482,9.729256629943848
1,219,9,1266,9.50984001159668
1,219,10,2407,9.45989990234375
1,220,1,1,13.57978343963623
1,220,2,754,13.04652214050293
1,220,3,2665,12.853496551513672
1,220,4,915,12.628732681274414
1,220,5,2257,12.467713356018066
1,220,6,1266,12.459365844726562
1,220,7,2757,12.442882537841797
1,220,8,2196,12.414735794067383
1,220,9,1360,12.120085716247559
1,220,10,2562,12.081537246704102
1,221,1,1265,9.780939102172852
1,221,2,1716,9.381244659423828
1,221,3,259,9.35445499420166
1,221,4,44,9.209871292114258
1,221,5,1466,9.039064407348633
1,221,6,787,9.029939651489258
1,221,7,2743,8.993293762207031
1,221,8,852,8.87429141998291
1,221,9,2352,8.854900360107422
1,221,10,176,8.826939582824707
1,222,1,259,10.441326141357422
1,222,2,1716,10.279914855957031
1,222,3,787,10.243074417114258
1,222,4,44,9.997074127197266
1,222,5,1265,9.846719741821289
1,222,6,105,9.662093162536621
1,222,7,869,9.603090286254883
1,222,8,194,9.487151145935059
1,222,9,2743,9.435493469238281
1,222,10,2769,9.424955368041992
1,223,1,1716,8.726031303405762
1,223,2,44,8.582801818847656
1,223,3,2352,8.560201644897461
1,223,4,2111,8.517627716064453
1,223,5,2581,8.487013816833496
1,223,6,480,8.340778350830078
1,223,7,105,8.305093765258789
1,223,8,1070,8.27688217163086
1,223,9,852,8.196937561035156
1,223,10,2429,8.17716121673584
1,226,1,189,12.803685188293457
1,226,2,2478,12.68995475769043
1,226,3,572,12.481612205505371
1,226,4,2998,12.211488723754883
1,226,5,1538,11.905193328857422
1,226,6,597,11.748331069946289
1,226,7,666,11.636465072631836
1,226,8,2358,11.633684158325195
1,226,9,1055,11.561920166015625
1,226,10,2352,11.514041900634766
1,227,1,2622,11.888492584228516
1,227,2,2478,11.630659103393555
1,227,3,597,10.824621200561523
1,227,4,666,10.729101181030273
1,227,5,1945,10.713359832763672
1,227,6,2998,10.624242782592773
1,227,7,2352,10.402889251708984
1,227,8,608,10.38499641418457
1,227,9,2435,10.316990852355957
1,227,10,2111,10.314229965209961
1,228,1,1708,8.898660659790039
1,228,2,257,8.368408203125
1,228,3,1754,8.348087310791016
1,228,4,193,8.257244110107422
1,228,5,2099,8.232879638671875
1,228,6,1235,8.15629768371582
1,228,7,500,8.115375518798828
1,228,8,1817,8.091485977172852
1,228,9,2740,8.051751136779785
1,228,10,674,7.9972825050354
1,229,1,2661,11.71843147277832
1,229,2,2326,11.427456855773926
1,229,3,2998,11.399425506591797
1,229,4,991,11.255305290222168
1,229,5,481,11.169811248779297
1,229,6,2285,11.152833938598633
1,229,7,2315,11.101358413696289
1,229,8,2372,11.097476959228516
1,229,9,2848,11.050065994262695
1,229,10,402,11.031291961669922
1,230,1,1817,9.661680221557617
1,230,2,2658,9.437006950378418
1,230,3,544,9.16582202911377
1,230,4,1202,8.99563217163086
1,230,5,1028,8.993913650512695
1,230,6,1484,8.944314002990723
1,230,7,2243,8.930837631225586
1,230,8,2286,8.858924865722656
1,230,9,509,8.841782569885254
1,230,10,2482,8.822973251342773
1,231,1,2482,9.918235778808594
1,231,2,1612,9.04496955871582
1,231,3,193,8.976967811584473
1,231,4,534,8.937541961669922
1,231,5,1235,8.869897842407227
1,231,6,500,8.842095375061035
1,231,7,30,8.83714485168457
1,231,8,2134,8.796258926391602
1,231,9,1754,8.578751564025879
1,231,10,1525,8.560230255126953
1,232,1,2482,9.802175521850586
1,232,2,1612,9.083163261413574
1,232,3,534,8.758373260498047
1,232,4,2994,8.609029769897461
1,232,5,2134,8.412361145019531
1,232,6,193,8.309743881225586
1,232,7,1339,8.265195846557617
1,232,8,748,8.254383087158203
1,232,9,1882,8.206483840942383
1,232,10,2832,8.031813621520996
1,233,1,544,10.020013809204102
1,233,2,1202,9.891179084777832
1,233,3,1817,9.642349243164062
1,233,4,2658,9.630882263183594
1,233,5,2286,9.530355453491211
1,233,6,1302,9.508954048156738
1,233,7,40,9.477128982543945
1,233,8,1415,9.408211708068848
1,233,9,354,9.367793083190918
1,233,10,2607,9.174625396728516
1,234,1,2118,10.342123031616211
1,234,2,2345,10.249350547790527
1,234,3,447,9.860733032226562
1,234,4,2576,9.83485221862793
1,234,5,627,9.781021118164062
1,234,6,2916,9.726202011108398
1,234,7,1615,9.711898803710938
1,234,8,1232,9.694329261779785
1,234,9,1654,9.667213439941406
1,234,10,1413,9.664775848388672
1,235,1,2009,11.68380355834961
1,235,2,2118,11.666154861450195
1,235,3,2345,11.619746208190918
1,235,4,508,11.349322319030762
1,235,5,627,11.295805931091309
1,235,6,1936,11.222623825073242
1,235,7,137,11.19986343383789
1,235,8,447,11.184968948364258
1,235,9,584,11.123956680297852
1,235,10,2576,11.11783218383789
1,236,1,137,11.078754425048828
1,236,2,584,10.782163619995117
1,236,3,2303,10.723499298095703
1,236,4,2009,10.718092918395996
1,236,5,2118,10.703096389770508
1,236,6,627,10.672633171081543
1,236,7,508,10.660419464111328
1,236,8,2345,10.625663757324219
1,236,9,2792,10.597156524658203
1,236,10,2180,10.554354667663574
1,237,1,416,12.806221961975098
1,237,2,2118,12.646395683288574
1,237,3,627,12.541532516479492
1,237,4,2345,12.525679588317871
1,237,5,2180,12.499974250793457
1,237,6,2009,12.346940994262695
1,237,7,447,12.34481143951416
1,237,8,2270,12.258979797363281
1,237,9,1413,12.249262809753418
1,237,10,1615,12.225015640258789
1,238,1,2303,8.955292701721191
1,238,2,416,8.842012405395508
1,238,3,2792,8.725516319274902
1,238,4,584,8.65778636932373
1,238,5,1012,8.374669075012207
1,238,6,2118,8.355765342712402
1,238,7,2583,8.281442642211914
1,238,8,2345,8.207252502441406
1,238,9,1413,8.201127052307129
1,238,10,447,8.1832275390625
1,239,1,416,12.627291679382324
1,239,2,2303,12.313344955444336
1,239,3,1936,12.22392463684082
1,239,4,447,12.072250366210938
1,239,5,584,11.942225456237793
1,239,6,2792,11.917858123779297
1,239,7,1413,11.709784507751465
1,239,8,1012,11.616411209106445
1,239,9,1654,11.576216697692871
1,239,10,2576,11.516347885131836
1,240,1,2118,10.564229965209961
1,240,2,1121,10.136858940124512
1,240,3,416,10.08748722076416
1,240,4,2576,9.893484115600586
1,240,5,2270,9.82870864868164
1,240,6,2664,9.783170700073242
1,240,7,1654,9.729830741882324
1,240,8,627,9.66798210144043
1,240,9,2916,9.665274620056152
1,240,10,283,9.639899253845215
1,241,1,2009,12.064872741699219
1,241,2,447,11.474494934082031
1,241,3,508,10.941762924194336
1,241,4,627,10.928485870361328
1,241,5,2270,10.851929664611816
1,241,6,416,10.749241828918457
1,241,7,2916,10.68040943145752
1,241,8,2180,10.604952812194824
1,241,9,1346,10.576751708984375
1,241,10,532,10.55255126953125
1,242,1,2118,11.80931282043457
1,242,2,1413,10.939104080200195
1,242,3,508,10.885782241821289
1,242,4,627,10.872654914855957
1,242,5,2270,10.766468048095703
1,242,6,416,10.740196228027344
1,242,7,2916,10.486930847167969
1,242,8,2180,10.290745735168457
1,242,9,532,10.207035064697266
1,242,10,1121,10.118688583374023
1,243,1,2118,10.899081230163574
1,243,2,1936,10.337064743041992
1,243,3,627,10.281732559204102
1,243,4,508,10.230642318725586
1,243,5,1413,10.203764915466309
1,243,6,2270,10.154391288757324
1,243,7,416,9.906133651733398
1,243,8,1121,9.699288368225098
1,243,9,2916,9.693170547485352
1,243,10,2664,9.546056747436523
1,244,1,2118,8.464767456054688
1,244,2,1232,8.43980884552002
1,244,3,2345,8.32830810546875
1,244,4,416,8.27113151550293
1,244,5,2664,7.941924095153809
1,244,6,508,7.83295202255249
1,244,7,1328,7.725268363952637
1,244,8,2009,7.602517127990723
1,244,9,2180,7.5425214767456055
1,244,10,2296,7.503409385681152
1,245,1,1121,9.38115119934082
1,245,2,2971,9.364439010620117
1,245,3,627,9.104127883911133
1,245,4,2664,9.052465438842773
1,245,5,1688,8.920475006103516
1,245,6,2075,8.792150497436523
1,245,7,2363,8.766439437866211
1,245,8,2917,8.689030647277832
1,245,9,104,8.65130615234375
1,245,10,508,8.611854553222656
1,246,1,2270,10.752893447875977
1,246,2,2345,10.118017196655273
1,246,3,283,10.00441837310791
1,246,4,2118,9.94223690032959
1,246,5,447,9.930192947387695
1,246,6,2009,9.831436157226562
1,246,7,1654,9.771211624145508
1,246,8,2209,9.766500473022461
1,246,9,2176,9.713574409484863
1,246,10,446,9.625316619873047
1,247,1,2270,8.665887832641602
1,247,2,1615,8.006205558776855
1,247,3,508,7.951635360717773
1,247,4,2293,7.827227592468262
1,247,5,1232,7.80044412612915
1,247,6,2576,7.779730319976807
1,247,7,2971,7.6250081062316895
1,247,8,2296,7.5603132247924805
1,247,9,1688,7.4805097579956055
1,247,10,2363,7.461332321166992
1,248,1,627,9.859415054321289
1,248,2,508,8.952213287353516
1,248,3,2971,8.935897827148438
1,248,4,1615,8.881340026855469
1,248,5,1688,8.877218246459961
1,248,6,1232,8.73082160949707
1,248,7,2293,8.673608779907227
1,248,8,2576,8.61661434173584
1,248,9,1448,8.590314865112305
1,248,10,2296,8.38179874420166
1,249,1,2971,10.604757308959961
1,249,2,446,10.59143352508545
1,249,3,1367,10.50623607635498
1,249,4,1964,10.41021728515625
1,249,5,656,10.206592559814453
1,249,6,859,9.90850830078125
1,249,7,1615,9.895496368408203
1,249,8,2576,9.87932300567627
1,249,9,1232,9.823707580566406
1,249,10,2500,9.7969388961792
1,250,1,1964,9.243843078613281
1,250,2,859,9.053422927856445
1,250,3,446,8.845083236694336
1,250,4,1367,8.825468063354492
1,250,5,2971,8.654294967651367
1,250,6,2500,8.614740371704102
1,250,7,1121,8.445980072021484
1,250,8,792,7.990503311157227
1,250,9,1206,7.952406883239746
1,250,10,2664,7.928126335144043
1,251,1,991,8.29100513458252
1,251,2,601,8.28652572631836
1,251,3,2127,8.146203994750977
1,251,4,364,8.093958854675293
1,251,5,2848,8.08816909790039
1,251,6,1691,8.068251609802246
1,251,7,2258,8.060225486755371
1,251,8,2727,8.02783203125
1,251,9,861,7.878236293792725
1,251,10,402,7.813656806945801
1,253,1,991,12.535704612731934
1,253,2,504,12.389878273010254
1,253,3,998,12.322282791137695
1,253,4,2727,11.873882293701172
1,253,5,601,11.810200691223145
1,253,6,2258,11.754361152648926
1,253,7,2127,11.513919830322266
1,253,8,194,11.429859161376953
1,253,9,1691,11.323259353637695
1,253,10,364,11.26576042175293
1,254,1,2961,10.910242080688477
1,254,2,194,10.630302429199219
1,254,3,991,10.326465606689453
1,254,4,1558,10.062816619873047
1,254,5,601,9.799741744995117
1,254,6,2258,9.728232383728027
1,254,7,1278,9.713401794433594
1,254,8,2727,9.65313720703125
1,254,9,2769,9.561685562133789
1,254,10,1691,9.543710708618164
1,255,1,991,10.730117797851562
1,255,2,105,10.141669273376465
1,255,3,2727,10.072879791259766
1,255,4,2127,9.89115047454834
1,255,5,1691,9.852503776550293
1,255,6,939,9.779234886169434
1,255,7,2258,9.680237770080566
1,255,8,2135,9.66956615447998
1,255,9,601,9.662473678588867
1,255,10,653,9.661676406860352
1,256,1,194,11.102119445800781
1,256,2,787,10.733211517333984
1,256,3,2769,10.371460914611816
1,256,4,105,10.307912826538086
1,256,5,259,10.256674766540527
1,256,6,1558,10.211012840270996
1,256,7,504,10.15921401977539
1,256,8,1716,10.085979461669922
1,256,9,44,9.874839782714844
1,256,10,869,9.84649658203125
1,257,1,2525,13.375910758972168
1,257,2,1716,12.884095191955566
1,257,3,597,12.86341667175293
1,257,4,44,12.732397079467773
1,257,5,259,12.730616569519043
1,257,6,787,12.607999801635742
1,257,7,105,12.52425765991211
1,257,8,666,12.440003395080566
1,257,9,2042,12.359487533569336
1,257,10,63,12.256584167480469
1,258,1,2603,12.945793151855469
1,258,2,2274,12.858386993408203
1,258,3,65,12.662055969238281
1,258,4,2480,12.62104320526123
1,258,5,1383,12.585611343383789
1,258,6,2212,12.526360511779785
1,258,7,1180,12.418241500854492
1,258,8,2640,12.34195327758789
1,258,9,1159,12.27170181274414
1,258,10,49,12.179681777954102
1,259,1,1716,10.761184692382812
1,259,2,2525,10.592813491821289
1,259,3,44,10.550091743469238
1,259,4,597,10.473963737487793
1,259,5,259,10.46628189086914
1,259,6,1907,10.138874053955078
1,259,7,105,10.13088607788086
1,259,8,666,10.121809959411621
1,259,9,65,10.034469604492188
1,259,10,2743,9.95311164855957
1,260,1,105,12.575897216796875
1,260,2,2525,12.118947982788086
1,260,3,2603,11.990903854370117
1,260,4,194,11.960083961486816
1,260,5,65,11.933849334716797
1,260,6,2274,11.873388290405273
1,260,7,869,11.80844497680664
1,260,8,597,11.746459007263184
1,260,9,2429,11.733592987060547
1,260,10,1907,11.707437515258789
1,261,1,597,10.448636054992676
1,261,2,105,10.191560745239258
1,261,3,666,10.157445907592773
1,261,4,2525,10.097358703613281
1,261,5,1383,9.919904708862305
1,261,6,2640,9.751279830932617
1,261,7,2274,9.710174560546875
1,261,8,2708,9.649322509765625
1,261,9,2352,9.594863891601562
1,261,10,480,9.537444114685059
1,262,1,65,12.791962623596191
1,262,2,2603,12.580270767211914
1,262,3,597,12.48643684387207
1,262,4,105,12.416293144226074
1,262,5,2525,12.305925369262695
1,262,6,8,12.156850814819336
1,262,7,1907,12.118951797485352
1,262,8,666,12.07930850982666
1,262,9,2480,12.029184341430664
1,262,10,1383,12.021862030029297
1,263,1,597,9.67467212677002
1,263,2,2525,9.445077896118164
1,263,3,666,9.433241844177246
1,263,4,1716,9.372980117797852
1,263,5,2274,9.12382984161377
1,263,6,1383,9.101694107055664
1,263,7,2708,9.08534049987793
1,263,8,63,8.947800636291504
1,263,9,2352,8.761499404907227
1,263,10,1159,8.720758438110352
1,264,1,597,10.486265182495117
1,264,2,2708,10.305683135986328
1,264,3,572,10.286593437194824
1,264,4,666,10.240001678466797
1,264,5,1383,10.229185104370117
1,264,6,480,9.99251937866211
1,264,7,2111,9.954105377197266
1,264,8,2525,9.94542121887207
1,264,9,65,9.914005279541016
1,264,10,2581,9.86638069152832
1,265,1,105,10.77482795715332
1,265,2,49,10.024648666381836
1,265,3,2525,9.954724311828613
1,265,4,597,9.907072067260742
1,265,5,701,9.828879356384277
1,265,6,1716,9.82484245300293
1,265,7,2212,9.702692031860352
1,265,8,666,9.657916069030762
1,265,9,44,9.625840187072754
1,265,10,1380,9.574474334716797
1,266,1,2212,12.89781665802002
1,266,2,2603,12.879150390625
1,266,3,701,12.860773086547852
1,266,4,1159,12.779290199279785
1,266,5,65,12.76205825805664
1,266,6,1380,12.540349960327148
1,266,7,2135,12.251165390014648
1,266,8,1716,12.2437744140625
1,266,9,44,11.900679588317871
1,266,10,597,11.781017303466797
1,267,1,105,10.126038551330566
1,267,2,701,10.047270774841309
1,267,3,2274,10.011577606201172
1,267,4,597,9.848957061767578
1,267,5,2480,9.80620288848877
1,267,6,2710,9.76384449005127
1,267,7,2525,9.692303657531738
1,267,8,666,9.602445602416992
1,267,9,2708,9.50207805633545
1,267,10,572,9.341839790344238
1,268,1,2274,12.114362716674805
1,268,2,65,11.787497520446777
1,268,3,1159,11.787118911743164
1,268,4,2603,11.769946098327637
1,268,5,1180,11.749471664428711
1,268,6,597,11.645618438720703
1,268,7,2708,11.642809867858887
1,268,8,2710,11.503070831298828
1,268,9,572,11.46839714050293
1,268,10,666,11.40489387512207
1,269,1,105,12.35379409790039
1,269,2,869,12.073299407958984
1,269,3,2274,12.071769714355469
1,269,4,597,11.991689682006836
1,269,5,2640,11.904767990112305
1,269,6,666,11.721231460571289
1,269,7,3048,11.717402458190918
1,269,8,1180,11.696271896362305
1,269,9,2525,11.690740585327148
1,269,10,2708,11.59424114227295
1,272,1,701,11.391241073608398
1,272,2,597,11.13797664642334
1,272,3,2212,11.015247344970703
1,272,4,49,10.99687385559082
1,272,5,3048,10.995037078857422
1,272,6,2640,10.98196029663086
1,272,7,2274,10.882728576660156
1,272,8,666,10.859604835510254
1,272,9,105,10.85543155670166
1,272,10,2708,10.82162094116211
1,273,1,105,10.293310165405273
1,273,2,1383,10.262481689453125
1,273,3,2480,10.223885536193848
1,273,4,2525,10.144355773925781
1,273,5,65,10.142745018005371
1,273,6,597,10.088361740112305
1,273,7,869,9.93844985961914
1,273,8,49,9.92436695098877
1,273,9,2640,9.87978744506836
1,273,10,666,9.838722229003906
1,274,1,1383,12.504583358764648
1,274,2,65,12.501083374023438
1,274,3,2480,12.399958610534668
1,274,4,2212,12.254447937011719
1,274,5,49,12.147319793701172
1,274,6,105,12.143000602722168
1,274,7,3048,12.033647537231445
1,274,8,2640,11.903169631958008
1,274,9,869,11.679059982299805
1,274,10,597,11.571152687072754
1,276,1,480,9.540789604187012
1,276,2,572,9.490310668945312
1,276,3,597,9.457904815673828
1,276,4,666,9.228277206420898
1,276,5,2111,9.214153289794922
1,276,6,2708,9.173471450805664
1,276,7,2581,9.101673126220703
1,276,8,674,9.045234680175781
1,276,9,608,8.970300674438477
1,276,10,1963,8.946880340576172
1,277,1,572,9.048345565795898
1,277,2,597,8.74960994720459
1,277,3,2708,8.6631498336792
1,277,4,480,8.628504753112793
1,277,5,666,8.543736457824707
1,277,6,1708,8.37401008605957
1,277,7,2111,8.30233383178711
1,277,8,2525,8.2525634765625
1,277,9,2352,8.213457107543945
1,277,10,2581,8.198685646057129
1,278,1,480,8.945602416992188
1,278,2,597,8.873356819152832
1,278,3,2525,8.767534255981445
1,278,4,2111,8.694936752319336
1,278,5,666,8.619914054870605
1,278,6,2581,8.579221725463867
1,278,7,2710,8.308932304382324
1,278,8,2352,8.301445007324219
1,278,9,2708,8.2504301071167
1,278,10,572,8.229055404663086
1,279,1,597,9.365591049194336
1,279,2,666,9.142436981201172
1,279,3,572,9.102659225463867
1,279,4,2708,9.00894546508789
1,279,5,2525,8.874394416809082
1,279,6,480,8.767047882080078
1,279,7,2352,8.600092887878418
1,279,8,2111,8.545669555664062
1,279,9,1963,8.541635513305664
1,279,10,2581,8.472076416015625
1,280,1,572,10.308082580566406
1,280,2,2708,10.053543090820312
1,280,3,597,9.825363159179688
1,280,4,666,9.61857795715332
1,280,5,1659,9.33630657196045
1,280,6,480,9.207927703857422
1,280,7,608,9.166463851928711
1,280,8,105,9.075719833374023
1,280,9,2525,9.068364143371582
1,280,10,2352,8.987003326416016
1,282,1,572,9.655132293701172
1,282,2,2708,9.290142059326172
1,282,3,597,8.81264877319336
1,282,4,666,8.66169548034668
1,282,5,1659,8.635563850402832
1,282,6,608,8.552836418151855
1,282,7,480,8.444047927856445
1,282,8,2622,8.2673921585083
1,282,9,2352,8.137761116027832
1,282,10,2111,8.092223167419434
1,283,1,572,9.88614273071289
1,283,2,2708,9.585477828979492
1,283,3,1659,9.102827072143555
1,283,4,597,9.07901382446289
1,283,5,608,8.927287101745605
1,283,6,666,8.91545295715332
1,283,7,2622,8.774760246276855
1,283,8,189,8.678733825683594
1,283,9,2938,8.678281784057617
1,283,10,480,8.515691757202148
1,284,1,2525,8.505537986755371
1,284,2,597,8.227035522460938
1,284,3,666,8.04763412475586
1,284,4,63,7.836236000061035
1,284,5,480,7.29057502746582
1,284,6,2352,7.257446765899658
1,284,7,2111,7.234397888183594
1,284,8,2581,7.180405616760254
1,284,9,2708,7.124153137207031
1,284,10,1466,7.039752006530762
1,285,1,2525,10.959207534790039
1,285,2,597,10.2805814743042
1,285,3,63,10.156023025512695
1,285,4,666,10.107943534851074
1,285,5,553,9.914241790771484
1,285,6,1277,9.584202766418457
1,285,7,1070,9.325103759765625
1,285,8,759,9.258441925048828
1,285,9,2111,9.011215209960938
1,285,10,2352,9.008563995361328
1,286,1,2525,10.040599822998047
1,286,2,1277,9.624907493591309
1,286,3,1070,8.938383102416992
1,286,4,63,8.908452987670898
1,286,5,597,8.792781829833984
1,286,6,1265,8.71587085723877
1,286,7,666,8.635360717773438
1,286,8,1448,8.513819694519043
1,286,9,759,8.335417747497559
1,286,10,2322,8.270330429077148
1,287,1,2525,9.801551818847656
1,287,2,1448,9.07027816772461
1,287,3,1062,8.408403396606445
1,287,4,2363,8.37149429321289
1,287,5,1265,8.290241241455078
1,287,6,637,8.290060043334961
1,287,7,597,8.239265441894531
1,287,8,1437,8.21495246887207
1,287,9,63,8.189149856567383
1,287,10,2296,8.141538619995117
1,288,1,553,8.508588790893555
1,288,2,1466,8.430481910705566
1,288,3,2525,7.901893615722656
1,288,4,1448,7.849127769470215
1,288,5,63,7.353724479675293
1,288,6,2363,7.177927017211914
1,288,7,597,7.122840881347656
1,288,8,1062,7.110073089599609
1,288,9,666,7.075470924377441
1,288,10,1070,6.955378532409668
1,289,1,2273,8.259601593017578
1,289,2,1848,8.152170181274414
1,289,3,1738,8.094295501708984
1,289,4,471,8.00097370147705
1,289,5,555,7.9007463455200195
1,289,6,1417,7.837203025817871
1,289,7,390,7.78596305847168
1,289,8,1818,7.741067409515381
1,289,9,1165,7.714458465576172
1,289,10,1344,7.707479953765869
1,290,1,1165,13.030196189880371
1,290,2,1818,12.909055709838867
1,290,3,2273,12.86452865600586
1,290,4,1848,12.825684547424316
1,290,5,1407,12.61567497253418
1,290,6,1417,12.414880752563477
1,290,7,390,12.262998580932617
1,290,8,471,12.24399471282959
1,290,9,1738,12.055961608886719
1,290,10,2,12.003623962402344
1,291,1,1848,10.818217277526855
1,291,2,2273,10.627584457397461
1,291,3,1165,10.58206844329834
1,291,4,1417,10.23099422454834
1,291,5,1407,10.173579216003418
1,291,6,1818,10.124659538269043
1,291,7,390,10.038488388061523
1,291,8,555,10.019327163696289
1,291,9,471,9.968023300170898
1,291,10,1738,9.963705062866211
1,292,1,1848,11.128744125366211
1,292,2,2554,11.013092041015625
1,292,3,2273,10.690542221069336
1,292,4,1165,10.687984466552734
1,292,5,1407,10.397839546203613
1,292,6,13,10.370526313781738
1,292,7,555,10.35377311706543
1,292,8,1818,10.29258918762207
1,292,9,1417,10.262565612792969
1,292,10,471,10.16800594329834
1,293,1,2090,11.599063873291016
1,293,2,1848,11.460508346557617
1,293,3,2273,11.147571563720703
1,293,4,1165,10.952998161315918
1,293,5,1407,10.813655853271484
1,293,6,1818,10.700591087341309
1,293,7,1417,10.656185150146484
1,293,8,390,10.606173515319824
1,293,9,471,10.550256729125977
1,293,10,1738,10.521814346313477
1,294,1,533,9.20244026184082
1,294,2,2090,8.511226654052734
1,294,3,1528,8.4796724319458
1,294,4,1344,8.35067367553711
1,294,5,2273,8.02145004272461
1,294,6,2554,7.877250671386719
1,294,7,1848,7.729622840881348
1,294,8,2294,7.655548095703125
1,294,9,1417,7.637824058532715
1,294,10,390,7.5195207595825195
1,295,1,2294,9.501188278198242
1,295,2,595,9.347922325134277
1,295,3,579,8.972476959228516
1,295,4,2486,8.68707275390625
1,295,5,2923,7.956422805786133
1,295,6,1678,7.759276390075684
1,295,7,2431,7.707954406738281
1,295,8,1409,7.621495246887207
1,295,9,2757,7.4877424240112305
1,295,10,555,7.475389003753662
1,297,1,2616,8.804230690002441
1,297,2,1101,8.68460750579834
1,297,3,3061,8.15778923034668
1,297,4,2322,7.907710075378418
1,297,5,2440,7.845410346984863
1,297,6,1466,7.813823223114014
1,297,7,2923,7.802145004272461
1,297,8,1070,7.801445007324219
1,297,9,1769,7.738290309906006
1,297,10,1360,7.643486499786377
1,298,1,2440,9.736679077148438
1,298,2,1769,9.736136436462402
1,298,3,2923,9.500106811523438
1,298,4,1794,9.424802780151367
1,298,5,730,9.314135551452637
1,298,6,2869,9.298599243164062
1,298,7,617,9.256092071533203
1,298,8,1490,9.213086128234863
1,298,9,2365,9.196279525756836
1,298,10,270,9.162256240844727
1,299,1,1395,8.485541343688965
1,299,2,474,8.129575729370117
1,299,3,1312,7.960420608520508
1,299,4,60,7.771514892578125
1,299,5,407,7.7476806640625
1,299,6,2734,7.742058753967285
1,299,7,2687,7.461758613586426
1,299,8,2755,7.413190841674805
1,299,9,2978,7.336864471435547
1,299,10,1678,7.299993515014648
1,300,1,2978,10.056171417236328
1,300,2,2687,9.641104698181152
1,300,3,1395,9.134758949279785
1,300,4,2969,8.983384132385254
1,300,5,55,8.956872940063477
1,300,6,1347,8.929624557495117
1,300,7,1398,8.88709831237793
1,300,8,1018,8.884172439575195
1,300,9,477,8.851223945617676
1,300,10,576,8.817785263061523
1,302,1,2687,9.115074157714844
1,302,2,2193,8.998823165893555
1,302,3,248,8.903270721435547
1,302,4,2752,8.882685661315918
1,302,5,113,8.861669540405273
1,302,6,1848,8.828672409057617
1,302,7,1165,8.809886932373047
1,302,8,1395,8.622092247009277
1,302,9,1407,8.605573654174805
1,302,10,2273,8.596979141235352
1,303,1,2687,10.84083366394043
1,303,2,1395,10.754724502563477
1,303,3,2752,10.374879837036133
1,303,4,1347,9.91861629486084
1,303,5,1398,9.907964706420898
1,303,6,1999,9.877501487731934
1,303,7,477,9.800390243530273
1,303,8,55,9.79593276977539
1,303,9,2003,9.667570114135742
1,303,10,2888,9.661942481994629
1,304,1,59,7.7465667724609375
1,304,2,1116,7.57732629776001
1,304,3,1995,7.428476333618164
1,304,4,2686,7.346944332122803
1,304,5,1611,7.050651550292969
1,304,6,562,7.016707420349121
1,304,7,2623,6.898924827575684
1,304,8,2978,6.8824663162231445
1,304,9,1823,6.844693183898926
1,304,10,2343,6.837817192077637
1,305,1,315,12.382637023925781
1,305,2,2343,12.22963809967041
1,305,3,1999,11.580547332763672
1,305,4,2687,11.528766632080078
1,305,5,540,11.474863052368164
1,305,6,2752,11.442205429077148
1,305,7,1113,11.30949592590332
1,305,8,1189,11.151569366455078
1,305,9,2686,11.034950256347656
1,305,10,1592,10.846452713012695
1,306,1,315,13.168203353881836
1,306,2,2687,12.715401649475098
1,306,3,1449,12.57475471496582
1,306,4,2752,12.28885269165039
1,306,5,2193,12.259098052978516
1,306,6,1189,12.189678192138672
1,306,7,1398,12.070627212524414
1,306,8,1999,11.973382949829102
1,306,9,59,11.94802474975586
1,306,10,477,11.85360050201416
1,307,1,1116,9.292722702026367
1,307,2,2686,9.231729507446289
1,307,3,59,9.195037841796875
1,307,4,1611,8.824520111083984
1,307,5,315,8.720803260803223
1,307,6,1823,8.560263633728027
1,307,7,1449,8.289098739624023
1,307,8,2343,8.114591598510742
1,307,9,1016,7.92479944229126
1,307,10,2978,7.913954734802246
1,308,1,2686,9.667196273803711
1,308,2,69,9.514425277709961
1,308,3,1995,9.453876495361328
1,308,4,59,9.38681411743164
1,308,5,3017,9.352371215820312
1,308,6,1868,9.306329727172852
1,308,7,562,9.029577255249023
1,308,8,1781,8.85063362121582
1,308,9,1494,8.836828231811523
1,308,10,1408,8.812718391418457
1,309,1,1571,11.567420959472656
1,309,2,315,11.528790473937988
1,309,3,1823,11.238143920898438
1,309,4,562,10.897882461547852
1,309,5,1449,10.682090759277344
1,309,6,2343,10.578449249267578
1,309,7,2978,10.50108528137207
1,309,8,1016,10.359573364257812
1,309,9,82,10.125490188598633
1,309,10,1333,10.057684898376465
1,310,1,1611,8.418859481811523
1,310,2,1701,8.323890686035156
1,310,3,2974,8.303869247436523
1,310,4,1990,8.038145065307617
1,310,5,315,7.561979293823242
1,310,6,1333,7.480294227600098
1,310,7,82,7.453857421875
1,310,8,1868,7.415884017944336
1,310,9,2080,7.368018627166748
1,310,10,475,7.358304977416992
1,311,1,315,9.385936737060547
1,311,2,1995,9.27161693572998
1,311,3,59,9.110383033752441
1,311,4,1449,8.948471069335938
1,311,5,1611,8.763543128967285
1,311,6,2343,8.708786010742188
1,311,7,2974,8.703662872314453
1,311,8,82,8.689419746398926
1,311,9,2978,8.585922241210938
1,311,10,540,8.49652099609375
1,312,1,1571,9.342385292053223
1,312,2,1611,9.27425479888916
1,312,3,1995,9.157480239868164
1,312,4,1701,9.089226722717285
1,312,5,2974,9.051454544067383
1,312,6,1823,8.901097297668457
1,312,7,2623,8.424285888671875
1,312,8,69,8.358002662658691
1,312,9,1990,8.326777458190918
1,312,10,1333,8.205952644348145
1,314,1,1964,9.557137489318848
1,314,2,859,9.321296691894531
1,314,3,338,9.164556503295898
1,314,4,792,8.840007781982422
1,314,5,1367,8.81983757019043
1,314,6,1206,8.786261558532715
1,314,7,1158,8.61197280883789
1,314,8,446,8.510268211364746
1,314,9,2106,8.356908798217773
1,314,10,1173,8.344817161560059
1,315,1,1964,12.455944061279297
1,315,2,859,11.888545989990234
1,315,3,1367,11.336400032043457
1,315,4,446,11.31563949584961
1,315,5,2106,11.076759338378906
1,315,6,2176,10.644798278808594
1,315,7,2500,10.627767562866211
1,315,8,1260,10.426580429077148
1,315,9,1173,10.408961296081543
1,315,10,792,10.341779708862305
1,316,1,1964,12.014358520507812
1,316,2,446,11.228338241577148
1,316,3,2106,11.177459716796875
1,316,4,2176,10.796451568603516
1,316,5,2500,10.639705657958984
1,316,6,3069,10.343469619750977
1,316,7,1781,10.006155967712402
1,316,8,554,9.898283004760742
1,316,9,792,9.716569900512695
1,316,10,2956,9.623903274536133
1,317,1,859,13.259292602539062
1,317,2,446,12.877531051635742
1,317,3,1367,12.718450546264648
1,317,4,1206,12.711966514587402
1,317,5,1369,12.442619323730469
1,317,6,2500,12.377702713012695
1,317,7,1173,10.999293327331543
1,317,8,554,10.96870231628418
1,317,9,1260,10.957782745361328
1,317,10,2971,10.877442359924316
1,318,1,1206,11.384428977966309
1,318,2,2500,11.188714027404785
1,318,3,984,10.708782196044922
1,318,4,792,10.602964401245117
1,318,5,1158,10.598899841308594
1,318,6,1541,10.528170585632324
1,318,7,1173,10.16751766204834
1,318,8,2971,10.063286781311035
1,318,9,195,10.049748420715332
1,318,10,1260,9.970314025878906
1,319,1,446,9.117566108703613
1,319,2,1206,8.9871826171875
1,319,3,633,8.952720642089844
1,319,4,2106,8.792501449584961
1,319,5,1369,8.71435546875
1,319,6,338,8.64964485168457
1,319,7,2176,8.483879089355469
1,319,8,984,8.325593948364258
1,319,9,3069,8.189722061157227
1,319,10,508,8.002092361450195
1,321,1,627,7.770724296569824
1,321,2,656,7.462378025054932
1,321,3,2363,7.226125717163086
1,321,4,508,7.213743209838867
1,321,5,2296,7.130411624908447
1,321,6,2956,7.0373382568359375
1,321,7,1615,7.02439022064209
1,321,8,2176,6.998841762542725
1,321,9,1232,6.980087757110596
1,321,10,2106,6.919248580932617
1,322,1,859,12.772159576416016
1,322,2,633,12.434671401977539
1,322,3,1206,12.39980411529541
1,322,4,1367,12.277139663696289
1,322,5,1369,12.077871322631836
1,322,6,338,11.735013961791992
1,322,7,984,11.349533081054688
1,322,8,508,11.300163269042969
1,322,9,195,11.251199722290039
1,322,10,1158,11.222652435302734
1,323,1,627,14.19487190246582
1,323,2,2664,13.724279403686523
1,323,3,1121,13.427921295166016
1,323,4,656,13.288041114807129
1,323,5,508,12.902750015258789
1,323,6,1615,12.852346420288086
1,323,7,1232,12.777495384216309
1,323,8,1328,12.704742431640625
1,323,9,2270,12.653091430664062
1,323,10,2293,12.622579574584961
1,324,1,1964,13.855968475341797
1,324,2,1206,13.603740692138672
1,324,3,1369,13.20353889465332
1,324,4,859,13.15975570678711
1,324,5,633,13.011655807495117
1,324,6,1158,12.60760498046875
1,324,7,508,12.584748268127441
1,324,8,195,12.53073787689209
1,324,9,627,12.392428398132324
1,324,10,554,12.280523300170898
1,325,1,627,10.462740898132324
1,325,2,508,9.899503707885742
1,325,3,656,9.886589050292969
1,325,4,2363,9.857556343078613
1,325,5,2296,9.725522994995117
1,325,6,2971,9.662087440490723
1,325,7,2664,9.581207275390625
1,325,8,1121,9.552303314208984
1,325,9,2084,9.454326629638672
1,325,10,1615,9.405475616455078
1,326,1,2075,7.583245277404785
1,326,2,1448,7.582406997680664
1,326,3,2296,7.412906169891357
1,326,4,508,7.356225967407227
1,326,5,627,7.252490997314453
1,326,6,1466,7.225685119628906
1,326,7,176,7.225059509277344
1,326,8,553,7.204093933105469
1,326,9,1277,7.106813430786133
1,326,10,2084,7.079959392547607
1,327,1,627,9.601402282714844
1,327,2,2296,9.310159683227539
1,327,3,1688,9.180059432983398
1,327,4,1707,9.177640914916992
1,327,5,1422,9.117768287658691
1,327,6,656,9.066783905029297
1,327,7,1962,9.064254760742188
1,327,8,203,9.049304962158203
1,327,9,2664,9.028951644897461
1,327,10,2484,9.026348114013672
1,328,1,627,9.766952514648438
1,328,2,2296,9.495674133300781
1,328,3,1707,9.358662605285645
1,328,4,203,9.29557991027832
1,328,5,656,9.226632118225098
1,328,6,2363,9.116292953491211
1,328,7,1062,9.08950424194336
1,328,8,1615,9.018816947937012
1,328,9,1232,8.896642684936523
1,328,10,2293,8.844663619995117
1,329,1,627,13.87198257446289
1,329,2,656,13.195335388183594
1,329,3,1121,13.067180633544922
1,329,4,2664,12.830930709838867
1,329,5,2075,12.73675537109375
1,329,6,1615,12.525675773620605
1,329,7,2484,12.452118873596191
1,329,8,2270,12.30633544921875
1,329,9,1232,12.287813186645508
1,329,10,2293,12.251657485961914
1,330,1,627,12.766332626342773
1,330,2,1121,12.348143577575684
1,330,3,2664,12.273841857910156
1,330,4,656,12.031434059143066
1,330,5,2296,11.781730651855469
1,330,6,2075,11.774641990661621
1,330,7,1064,11.71353816986084
1,330,8,1615,11.583532333374023
1,330,9,283,11.479896545410156
1,330,10,1232,11.405252456665039
1,331,1,627,13.456623077392578
1,331,2,656,12.773263931274414
1,331,3,1121,12.757406234741211
1,331,4,2664,12.546817779541016
1,331,5,2075,12.40247631072998
1,331,6,2484,12.28071117401123
1,331,7,1615,12.165018081665039
1,331,8,1962,12.161787033081055
1,331,9,1232,11.958354949951172
1,331,10,2270,11.955747604370117
1,332,1,2075,7.662015438079834
1,332,2,2917,7.525620460510254
1,332,3,2084,7.303484916687012
1,332,4,2107,7.190531253814697
1,332,5,2927,7.120368957519531
1,332,6,627,7.107968330383301
1,332,7,1422,7.071563720703125
1,332,8,2602,7.031057357788086
1,332,9,203,7.005463600158691
1,332,10,1064,7.000922203063965
1,333,1,2145,9.679314613342285
1,333,2,2602,9.498747825622559
1,333,3,2107,9.497369766235352
1,333,4,2384,9.38372802734375
1,333,5,1655,9.370594024658203
1,333,6,1408,9.333778381347656
1,333,7,521,9.296541213989258
1,333,8,493,9.224858283996582
1,333,9,774,9.177698135375977
1,333,10,539,9.130684852600098
1,334,1,2309,7.901612281799316
1,334,2,90,7.714199066162109
1,334,3,523,7.609011173248291
1,334,4,2643,7.593533515930176
1,334,5,2927,7.552585124969482
1,334,6,1692,7.2656731605529785
1,334,7,2107,7.25726318359375
1,334,8,1655,7.115908622741699
1,334,9,191,7.059978485107422
1,334,10,1491,6.928083896636963
1,335,1,2927,8.594549179077148
1,335,2,2602,8.422218322753906
1,335,3,1692,8.393704414367676
1,335,4,2309,8.387158393859863
1,335,5,2384,8.251924514770508
1,335,6,90,8.230050086975098
1,335,7,2643,8.102209091186523
1,335,8,493,7.980590343475342
1,335,9,1408,7.915098667144775
1,335,10,2261,7.911671161651611
1,336,1,2927,9.241947174072266
1,336,2,2309,8.999648094177246
1,336,3,2107,8.989776611328125
1,336,4,90,8.90667724609375
1,336,5,2145,8.891586303710938
1,336,6,523,8.83499526977539
1,336,7,2384,8.826472282409668
1,336,8,1635,8.30941390991211
1,336,9,2705,8.306878089904785
1,336,10,493,8.25704288482666
1,337,1,774,8.12054443359375
1,337,2,1408,8.067344665527344
1,337,3,521,8.025575637817383
1,337,4,2785,8.00429916381836
1,337,5,493,7.99562931060791
1,337,6,539,7.7549543380737305
1,337,7,2397,7.590150833129883
1,337,8,1878,7.483966827392578
1,337,9,2188,7.434135437011719
1,337,10,2602,7.3779401779174805
1,338,1,2145,9.0928373336792
1,338,2,2107,8.855512619018555
1,338,3,2061,8.715361595153809
1,338,4,2384,8.674978256225586
1,338,5,1491,8.506872177124023
1,338,6,493,8.32861328125
1,338,7,1408,8.266826629638672
1,338,8,774,8.241142272949219
1,338,9,2643,8.232147216796875
1,338,10,2705,8.22194766998291
1,339,1,2927,8.361442565917969
1,339,2,2061,8.150688171386719
1,339,3,1491,7.989132404327393
1,339,4,493,7.97421932220459
1,339,5,1408,7.9648871421813965
1,339,6,2145,7.939280986785889
1,339,7,521,7.929207801818848
1,339,8,2705,7.694153785705566
1,339,9,1635,7.679814338684082
1,339,10,2397,7.564075469970703
1,340,1,2061,8.56596565246582
1,340,2,2384,8.535455703735352
1,340,3,493,8.471549987792969
1,340,4,523,8.443855285644531
1,340,5,1408,8.43660831451416
1,340,6,521,8.36961555480957
1,340,7,1491,8.357067108154297
1,340,8,774,8.292511940002441
1,340,9,2261,8.256936073303223
1,340,10,1635,8.12782096862793
1,341,1,2971,8.37886905670166
1,341,2,2363,8.14436149597168
1,341,3,1448,8.097405433654785
1,341,4,176,7.84625244140625
1,341,5,553,7.7475385665893555
1,341,6,1466,7.710629463195801
1,341,7,1277,7.555878162384033
1,341,8,2407,7.526761054992676
1,341,9,1062,7.521060943603516
1,341,10,1472,7.363282203674316
1,342,1,792,8.342308044433594
1,342,2,72,7.788605690002441
1,342,3,2163,7.756841659545898
1,342,4,1911,7.616774559020996
1,342,5,11,7.565995216369629
1,342,6,2971,7.521450042724609
1,342,7,2007,7.49012565612793
1,342,8,387,7.444384574890137
1,342,9,1040,7.442709922790527
1,342,10,1466,7.420597076416016
1,343,1,2145,10.279823303222656
1,343,2,2602,9.906866073608398
1,343,3,1408,9.657085418701172
1,343,4,2107,9.63913345336914
1,343,5,539,9.62649917602539
1,343,6,2061,9.609298706054688
1,343,7,521,9.573551177978516
1,343,8,774,9.55704402923584
1,343,9,493,9.537809371948242
1,343,10,1635,9.456829071044922
1,345,1,2363,10.281696319580078
1,345,2,2971,10.210752487182617
1,345,3,1653,10.20297908782959
1,345,4,2075,10.160398483276367
1,345,5,2078,10.029474258422852
1,345,6,1408,10.014104843139648
1,345,7,418,9.9854736328125
1,345,8,851,9.981700897216797
1,345,9,521,9.969959259033203
1,345,10,3027,9.964494705200195
1,346,1,851,8.58603572845459
1,346,2,3027,8.577598571777344
1,346,3,2971,8.392281532287598
1,346,4,1448,8.154502868652344
1,346,5,1275,8.113131523132324
1,346,6,2440,7.987826347351074
1,346,7,1739,7.986808776855469
1,346,8,2407,7.952978134155273
1,346,9,2007,7.940218448638916
1,346,10,617,7.93610954284668
1,347,1,2440,9.707618713378906
1,347,2,1275,9.611442565917969
1,347,3,1739,9.59127426147461
1,347,4,617,9.493240356445312
1,347,5,393,9.300357818603516
1,347,6,730,9.192051887512207
1,347,7,784,9.190437316894531
1,347,8,646,9.034756660461426
1,347,9,387,9.011236190795898
1,347,10,2403,8.975152969360352
1,348,1,1964,9.483802795410156
1,348,2,792,9.4747896194458
1,348,3,859,9.284149169921875
1,348,4,1367,8.78302001953125
1,348,5,2971,8.752693176269531
1,348,6,1206,8.734103202819824
1,348,7,446,8.732649803161621
1,348,8,1369,8.703817367553711
1,348,9,2500,8.54299545288086
1,348,10,2106,8.53749942779541
1,349,1,783,8.864788055419922
1,349,2,2407,8.7213716506958
1,349,3,62,8.583236694335938
1,349,4,2042,8.472362518310547
1,349,5,11,8.431358337402344
1,349,6,1466,8.417581558227539
1,349,7,333,8.410689353942871
1,349,8,1540,8.408003807067871
1,349,9,792,8.394280433654785
1,349,10,2525,8.370841026306152
1,350,1,1827,10.159570693969727
1,350,2,792,10.080652236938477
1,350,3,783,9.519742965698242
1,350,4,2007,9.4518461227417
1,350,5,2407,9.256911277770996
1,350,6,62,9.17696762084961
1,350,7,1466,9.02521800994873
1,350,8,1964,9.021980285644531
1,350,9,859,9.004980087280273
1,350,10,1540,8.95637321472168
1,351,1,792,9.872082710266113
1,351,2,1827,9.381217956542969
1,351,3,1964,9.373214721679688
1,351,4,859,9.239269256591797
1,351,5,2007,8.95002555847168
1,351,6,2695,8.72931957244873
1,351,7,62,8.661975860595703
1,351,8,1367,8.649307250976562
1,351,9,1369,8.647317886352539
1,351,10,1206,8.600762367248535
1,352,1,1769,10.169477462768555
1,352,2,2196,10.093639373779297
1,352,3,784,9.93177604675293
1,352,4,1739,9.923505783081055
1,352,5,2257,9.909775733947754
1,352,6,995,9.848203659057617
1,352,7,270,9.820910453796387
1,352,8,2440,9.81062126159668
1,352,9,1275,9.738459587097168
1,352,10,2757,9.664752960205078
1,353,1,1,9.769033432006836
1,353,2,2440,9.462984085083008
1,353,3,754,9.461835861206055
1,353,4,1769,9.395668983459473
1,353,5,2196,9.24509334564209
1,353,6,1739,9.161855697631836
1,353,7,784,9.157590866088867
1,353,8,2257,9.144451141357422
1,353,9,1275,9.04218864440918
1,353,10,617,9.00820541381836
1,354,1,2757,9.572525978088379
1,354,2,754,9.431913375854492
1,354,3,2196,9.415365219116211
1,354,4,2486,9.342087745666504
1,354,5,2257,9.221644401550293
1,354,6,1769,9.221506118774414
1,354,7,2311,9.17805290222168
1,354,8,974,9.044601440429688
1,354,9,2440,9.037262916564941
1,354,10,2294,9.027067184448242
1,355,1,2486,10.194680213928223
1,355,2,2757,10.044929504394531
1,355,3,2311,9.905202865600586
1,355,4,2294,9.61634635925293
1,355,5,579,9.502305030822754
1,355,6,595,9.459598541259766
1,355,7,974,9.434423446655273
1,355,8,2196,9.409907341003418
1,355,9,506,9.383624076843262
1,355,10,297,9.380253791809082
1,356,1,1769,10.113558769226074
1,356,2,2757,10.097436904907227
1,356,3,2196,10.080827713012695
1,356,4,2257,9.96583366394043
1,356,5,2486,9.722801208496094
1,356,6,2440,9.655191421508789
1,356,7,974,9.566511154174805
1,356,8,784,9.520439147949219
1,356,9,2574,9.484855651855469
1,356,10,270,9.463581085205078
1,359,1,2272,12.900226593017578
1,359,2,1618,12.78651237487793
1,359,3,535,12.284924507141113
1,359,4,826,12.108012199401855
1,359,5,1018,11.655450820922852
1,359,6,1517,11.651984214782715
1,359,7,2721,11.624831199645996
1,359,8,566,11.562472343444824
1,359,9,2757,11.46764850616455
1,359,10,594,11.466490745544434
1,360,1,2272,12.900226593017578
1,360,2,1618,12.78651237487793
1,360,3,535,12.284924507141113
1,360,4,826,12.108012199401855
1,360,5,1018,11.655450820922852
1,360,6,1517,11.651984214782715
1,360,7,2721,11.624831199645996
1,360,8,566,11.562472343444824
1,360,9,2757,11.46764850616455
1,360,10,594,11.466490745544434
1,361,1,2272,12.900226593017578
1,361,2,1618,12.78651237487793
1,361,3,535,12.284924507141113
1,361,4,826,12.108012199401855
1,361,5,1018,11.655450820922852
1,361,6,1517,11.651984214782715
1,361,7,2721,11.624831199645996
1,361,8,566,11.562472343444824
1,361,9,2757,11.46764850616455
1,361,10,594,11.466490745544434
1,362,1,2272,12.900226593017578
1,362,2,1618,12.78651237487793
1,362,3,535,12.284924507141113
1,362,4,826,12.108012199401855
1,362,5,1018,11.655450820922852
1,362,6,1517,11.651984214782715
1,362,7,2721,11.624831199645996
1,362,8,566,11.562472343444824
1,362,9,2757,11.46764850616455
1,362,10,594,11.466490745544434
1,363,1,2272,12.908700942993164
1,363,2,1618,12.794750213623047
1,363,3,535,12.300333023071289
1,363,4,826,12.123640060424805
1,363,5,1018,11.6692476272583
1,363,6,1517,11.667886734008789
1,363,7,2721,11.64284896850586
1,363,8,566,11.57053279876709
1,363,9,2757,11.504919052124023
1,363,10,594,11.477438926696777
1,364,1,627,11.283899307250977
1,364,2,1653,11.088988304138184
1,364,3,2106,11.076333045959473
1,364,4,1408,11.027225494384766
1,364,5,1964,10.931344985961914
1,364,6,656,10.927595138549805
1,364,7,521,10.907620429992676
1,364,8,2176,10.84530258178711
1,364,9,2397,10.823594093322754
1,364,10,508,10.713732719421387
1,365,1,1478,9.85336685180664
1,365,2,1653,9.743804931640625
1,365,3,2078,9.631624221801758
1,365,4,1408,9.041099548339844
1,365,5,521,8.96272087097168
1,365,6,2397,8.92046070098877
1,365,7,627,8.774629592895508
1,365,8,493,8.755297660827637
1,365,9,2488,8.660493850708008
1,365,10,2106,8.649948120117188
1,366,1,1030,9.803519248962402
1,366,2,1964,9.704622268676758
1,366,3,1408,9.652585983276367
1,366,4,418,9.638765335083008
1,366,5,2397,9.605170249938965
1,366,6,2106,9.600105285644531
1,366,7,521,9.54246711730957
1,366,8,3017,9.469268798828125
1,366,9,2488,9.445426940917969
1,366,10,633,9.44137954711914
1,367,1,1203,10.19401741027832
1,367,2,1478,10.147089004516602
1,367,3,1408,10.098712921142578
1,367,4,521,10.001947402954102
1,367,5,2397,9.771875381469727
1,367,6,493,9.71755599975586
1,367,7,627,9.659889221191406
1,367,8,2602,9.433662414550781
1,367,9,2363,9.412227630615234
1,367,10,1494,9.407419204711914
1,368,1,1653,10.567201614379883
1,368,2,627,10.263801574707031
1,368,3,418,10.006998062133789
1,368,4,656,9.897172927856445
1,368,5,1408,9.769636154174805
1,368,6,1615,9.721988677978516
1,368,7,1232,9.69532299041748
1,368,8,521,9.665525436401367
1,368,9,508,9.629351615905762
1,368,10,2293,9.554558753967285
1,369,1,113,12.92486572265625
1,369,2,248,12.868626594543457
1,369,3,2888,12.609893798828125
1,369,4,1848,12.495223999023438
1,369,5,1407,12.474681854248047
1,369,6,2464,12.460700988769531
1,369,7,1108,12.267196655273438
1,369,8,1165,12.211084365844727
1,369,9,2193,12.182453155517578
1,369,10,2,12.115388870239258
1,370,1,1398,12.779533386230469
1,370,2,477,12.565805435180664
1,370,3,1108,11.829198837280273
1,370,4,113,11.779430389404297
1,370,5,248,11.730619430541992
1,370,6,2899,11.364555358886719
1,370,7,2978,11.147954940795898
1,370,8,2752,11.084067344665527
1,370,9,1407,11.058497428894043
1,370,10,2193,10.990509033203125
1,371,1,272,13.185661315917969
1,371,2,1108,12.564644813537598
1,371,3,113,12.553555488586426
1,371,4,2978,12.471315383911133
1,371,5,1606,12.453746795654297
1,371,6,2752,12.453310012817383
1,371,7,2899,12.439120292663574
1,371,8,248,12.377595901489258
1,371,9,2193,11.841876983642578
1,371,10,1189,11.746795654296875
1,372,1,1826,14.355350494384766
1,372,2,113,14.148347854614258
1,372,3,2321,14.082695960998535
1,372,4,248,14.05824089050293
1,372,5,2899,13.651206970214844
1,372,6,2978,13.619190216064453
1,372,7,1189,13.314743041992188
1,372,8,1407,13.273857116699219
1,372,9,1848,13.213160514831543
1,372,10,2193,13.193608283996582
1,373,1,477,13.674600601196289
1,373,2,1347,13.54217529296875
1,373,3,2441,13.03560733795166
1,373,4,2899,12.852960586547852
1,373,5,2978,12.664382934570312
1,373,6,113,12.584465026855469
1,373,7,2752,12.450483322143555
1,373,8,248,12.437723159790039
1,373,9,1189,11.976746559143066
1,373,10,1481,11.958242416381836
1,374,1,2321,14.539825439453125
1,374,2,113,14.370271682739258
1,374,3,248,14.224466323852539
1,374,4,2899,14.195039749145508
1,374,5,1606,14.152359962463379
1,374,6,2978,14.119194030761719
1,374,7,1189,13.937274932861328
1,374,8,1848,13.595547676086426
1,374,9,1407,13.56799602508545
1,374,10,2486,13.468640327453613
1,375,1,477,14.579109191894531
1,375,2,272,14.314530372619629
1,375,3,113,13.49095344543457
1,375,4,248,13.388120651245117
1,375,5,2899,13.31456470489502
1,375,6,2978,13.146564483642578
1,375,7,1407,12.694197654724121
1,375,8,1189,12.67059326171875
1,375,9,1848,12.640462875366211
1,375,10,2193,12.637641906738281
1,378,1,2441,12.79973030090332
1,378,2,2321,12.737994194030762
1,378,3,2978,12.588310241699219
1,378,4,2899,12.546233177185059
1,378,5,1606,12.42361068725586
1,378,6,113,12.284561157226562
1,378,7,248,12.17728042602539
1,378,8,2752,12.058832168579102
1,378,9,1189,11.932252883911133
1,378,10,1395,11.647428512573242
1,379,1,2739,14.523101806640625
1,379,2,113,14.453115463256836
1,379,3,248,14.381209373474121
1,379,4,1848,13.902270317077637
1,379,5,1407,13.809093475341797
1,379,6,1606,13.684747695922852
1,379,7,2978,13.681879043579102
1,379,8,918,13.676013946533203
1,379,9,2899,13.58593463897705
1,379,10,2193,13.572465896606445
1,380,1,2739,15.13773250579834
1,380,2,272,14.965087890625
1,380,3,2321,14.628019332885742
1,380,4,2978,14.472394943237305
1,380,5,2899,14.313864707946777
1,380,6,113,14.284063339233398
1,380,7,248,14.094088554382324
1,380,8,2752,13.815013885498047
1,380,9,2193,13.767086029052734
1,380,10,1189,13.481510162353516
1,381,1,1347,13.314231872558594
1,381,2,2899,12.86860179901123
1,381,3,2978,12.473983764648438
1,381,4,918,12.454124450683594
1,381,5,113,12.145095825195312
1,381,6,2486,12.112184524536133
1,381,7,1189,12.049201965332031
1,381,8,2752,12.033892631530762
1,381,9,248,12.029754638671875
1,381,10,1481,12.023078918457031
1,383,1,477,12.525470733642578
1,383,2,272,12.276969909667969
1,383,3,113,11.921675682067871
1,383,4,2978,11.818796157836914
1,383,5,248,11.753417015075684
1,383,6,2899,11.749302864074707
1,383,7,1606,11.519515037536621
1,383,8,1189,11.378616333007812
1,383,9,2193,11.305407524108887
1,383,10,1848,11.262176513671875
1,385,1,2687,14.718329429626465
1,385,2,477,14.295550346374512
1,385,3,1826,13.674662590026855
1,385,4,2899,13.329813003540039
1,385,5,2978,13.326253890991211
1,385,6,113,13.204877853393555
1,385,7,2752,13.173871040344238
1,385,8,248,13.075101852416992
1,385,9,1848,12.500807762145996
1,385,10,2193,12.473779678344727
1,386,1,2687,17.09578514099121
1,386,2,2888,16.286815643310547
1,386,3,113,15.499755859375
1,386,4,248,15.341723442077637
1,386,5,2978,15.232065200805664
1,386,6,2899,15.105386734008789
1,386,7,1848,14.504920959472656
1,386,8,1189,14.490622520446777
1,386,9,1407,14.471969604492188
1,386,10,2193,14.3472318649292
1,387,1,2687,14.138592720031738
1,387,2,477,13.651901245117188
1,387,3,2464,13.284191131591797
1,387,4,2752,12.920902252197266
1,387,5,2899,12.82609748840332
1,387,6,2978,12.72273063659668
1,387,7,113,12.454086303710938
1,387,8,248,12.328433990478516
1,387,9,1481,11.979072570800781
1,387,10,2193,11.82874870300293
1,388,1,2687,14.745464324951172
1,388,2,2441,13.56051254272461
1,388,3,1108,13.428922653198242
1,388,4,113,13.354850769042969
1,388,5,248,13.225245475769043
1,388,6,2899,12.97411823272705
1,388,7,2978,12.96881103515625
1,388,8,2752,12.82687759399414
1,388,9,2193,12.510326385498047
1,388,10,1407,12.419992446899414
1,391,1,1398,12.933466911315918
1,391,2,1347,12.507680892944336
1,391,3,113,12.446298599243164
1,391,4,248,12.394163131713867
1,391,5,2888,12.326942443847656
1,391,6,1407,11.880471229553223
1,391,7,1848,11.774024963378906
1,391,8,2,11.67933464050293
1,391,9,2752,11.64848518371582
1,391,10,2193,11.519075393676758
1,392,1,40,8.580936431884766
1,392,2,1202,8.521783828735352
1,392,3,2156,8.47179889678955
1,392,4,2558,8.401756286621094
1,392,5,1415,8.309725761413574
1,392,6,2957,8.017451286315918
1,392,7,1302,7.927719593048096
1,392,8,544,7.875054359436035
1,392,9,2286,7.7657365798950195
1,392,10,2104,7.626895904541016
1,395,1,1202,8.850281715393066
1,395,2,40,8.76198673248291
1,395,3,1415,8.485715866088867
1,395,4,716,8.485662460327148
1,395,5,2957,8.25338077545166
1,395,6,1302,8.139710426330566
1,395,7,2104,7.96585750579834
1,395,8,544,7.9658074378967285
1,395,9,2286,7.893596649169922
1,395,10,3016,7.797668933868408
1,396,1,1102,10.331412315368652
1,396,2,1202,10.14603328704834
1,396,3,2082,10.13770866394043
1,396,4,641,10.08362865447998
1,396,5,1415,9.815494537353516
1,396,6,40,9.791253089904785
1,396,7,1302,9.470622062683105
1,396,8,544,9.455090522766113
1,396,9,2286,9.204887390136719
1,396,10,2957,9.090738296508789
1,397,1,609,14.163422584533691
1,397,2,206,14.035113334655762
1,397,3,2504,13.965970993041992
1,397,4,475,13.859525680541992
1,397,5,1379,13.768671035766602
1,397,6,2080,13.60030746459961
1,397,7,527,13.426336288452148
1,397,8,1301,13.288841247558594
1,397,9,89,12.607545852661133
1,397,10,2112,11.968533515930176
1,398,1,2568,14.285062789916992
1,398,2,2504,13.956123352050781
1,398,3,2136,13.688955307006836
1,398,4,2910,13.65792179107666
1,398,5,2235,13.471656799316406
1,398,6,1379,12.956949234008789
1,398,7,2112,12.421318054199219
1,398,8,1307,12.054292678833008
1,398,9,1301,11.509378433227539
1,398,10,2758,11.32348918914795
1,399,1,2504,12.532451629638672
1,399,2,2136,12.506268501281738
1,399,3,609,12.381528854370117
1,399,4,206,12.265839576721191
1,399,5,475,12.161659240722656
1,399,6,2080,11.942585945129395
1,399,7,527,11.736642837524414
1,399,8,2112,10.167520523071289
1,399,9,1333,10.017955780029297
1,399,10,82,9.946592330932617
1,400,1,2910,15.663772583007812
1,400,2,2136,15.619976997375488
1,400,3,2235,15.496223449707031
1,400,4,2568,15.078749656677246
1,400,5,2080,14.763498306274414
1,400,6,1307,14.17223834991455
1,400,7,1301,14.043992042541504
1,400,8,1333,12.548596382141113
1,400,9,82,12.457822799682617
1,400,10,2830,11.682743072509766
1,401,1,2607,9.259895324707031
1,401,2,2108,9.23654556274414
1,401,3,1202,9.150619506835938
1,401,4,40,8.992191314697266
1,401,5,1415,8.813600540161133
1,401,6,2957,8.421415328979492
1,401,7,1302,8.421236038208008
1,401,8,544,8.213523864746094
1,401,9,2702,8.158645629882812
1,401,10,2286,8.1031494140625
1,403,1,1379,13.884286880493164
1,403,2,2568,13.876873970031738
1,403,3,2504,13.789146423339844
1,403,4,475,13.705310821533203
1,403,5,2080,13.39404010772705
1,403,6,527,13.29669189453125
1,403,7,89,12.749850273132324
1,403,8,2112,11.519388198852539
1,403,9,1333,11.335212707519531
1,403,10,82,11.242106437683105
1,404,1,2568,14.275083541870117
1,404,2,475,14.099930763244629
1,404,3,2504,13.874238014221191
1,404,4,1307,13.84389591217041
1,404,5,2080,13.813538551330566
1,404,6,527,13.772994041442871
1,404,7,2758,13.325900077819824
1,404,8,1570,12.827183723449707
1,404,9,1333,11.807437896728516
1,404,10,2112,11.774795532226562
1,405,1,1379,13.993831634521484
1,405,2,82,13.39169979095459
1,405,3,1307,13.23388385772705
1,405,4,1301,13.187017440795898
1,405,5,1333,13.160177230834961
1,405,6,2758,12.944587707519531
1,405,7,89,12.489912986755371
1,405,8,1570,12.473549842834473
1,405,9,32,12.229902267456055
1,405,10,1999,12.09974479675293
1,406,1,2235,16.42544174194336
1,406,2,1379,15.529032707214355
1,406,3,1307,14.796207427978516
1,406,4,1301,14.478385925292969
1,406,5,2758,14.261499404907227
1,406,6,2112,14.001906394958496
1,406,7,89,13.878205299377441
1,406,8,1570,13.853004455566406
1,406,9,1333,13.404983520507812
1,406,10,82,13.304094314575195
1,407,1,2504,11.781641006469727
1,407,2,527,11.331521034240723
1,407,3,315,11.015708923339844
1,407,4,2235,10.970788955688477
1,407,5,2978,10.962079048156738
1,407,6,2343,10.844379425048828
1,407,7,540,10.738489151000977
1,407,8,609,10.707988739013672
1,407,9,2136,10.609817504882812
1,407,10,206,10.60135269165039
1,408,1,475,12.600534439086914
1,408,2,2235,12.388710021972656
1,408,3,2136,12.023785591125488
1,408,4,2910,11.966897010803223
1,408,5,609,11.962793350219727
1,408,6,206,11.84823989868164
1,408,7,1379,11.115530014038086
1,408,8,1307,10.2797212600708
1,408,9,196,10.198742866516113
1,408,10,1301,9.96444320678711
1,409,1,1408,10.933263778686523
1,409,2,521,10.790884017944336
1,409,3,2785,10.034577369689941
1,409,4,1611,9.965397834777832
1,409,5,539,9.948039054870605
1,409,6,1478,9.918113708496094
1,409,7,1203,9.667581558227539
1,409,8,1571,9.657554626464844
1,409,9,1878,9.610101699829102
1,409,10,1494,9.597872734069824
1,410,1,493,10.351638793945312
1,410,2,774,10.104884147644043
1,410,3,2397,10.029987335205078
1,410,4,1611,9.591014862060547
1,410,5,1333,9.507448196411133
1,410,6,2188,9.472288131713867
1,410,7,82,9.421365737915039
1,410,8,2974,9.332422256469727
1,410,9,1571,9.314322471618652
1,410,10,1701,9.259775161743164
1,411,1,1878,10.908166885375977
1,411,2,2488,10.712587356567383
1,411,3,2750,10.564848899841309
1,411,4,2423,10.394070625305176
1,411,5,2602,10.227348327636719
1,411,6,1478,10.204292297363281
1,411,7,2078,10.202169418334961
1,411,8,628,10.184555053710938
1,411,9,1653,10.165948867797852
1,411,10,1990,10.145735740661621
1,412,1,493,10.184929847717285
1,412,2,1878,9.531756401062012
1,412,3,1611,9.330099105834961
1,412,4,1990,9.320145606994629
1,412,5,1494,9.078415870666504
1,412,6,1964,9.06653881072998
1,412,7,2423,9.009778022766113
1,412,8,2974,9.005645751953125
1,412,9,1701,8.991090774536133
1,412,10,1116,8.950581550598145
1,413,1,493,11.894636154174805
1,413,2,1964,11.890439987182617
1,413,3,774,11.675235748291016
1,413,4,2785,11.326093673706055
1,413,5,446,11.225265502929688
1,413,6,633,11.182976722717285
1,413,7,2106,11.131681442260742
1,413,8,2971,11.079984664916992
1,413,9,859,10.830307960510254
1,413,10,2176,10.803827285766602
1,414,1,3017,7.973886489868164
1,414,2,2488,7.830311298370361
1,414,3,2974,7.798711776733398
1,414,4,1701,7.648375511169434
1,414,5,1611,7.648222923278809
1,414,6,2423,7.571069717407227
1,414,7,20,7.527414321899414
1,414,8,2311,7.507082939147949
1,414,9,1990,7.46452522277832
1,414,10,2643,7.425424575805664
1,415,1,2609,13.475921630859375
1,415,2,576,12.992679595947266
1,415,3,1791,12.9437894821167
1,415,4,2272,12.878524780273438
1,415,5,585,12.760024070739746
1,415,6,1618,12.499801635742188
1,415,7,621,12.284482955932617
1,415,8,1263,12.269947052001953
1,415,9,624,12.260068893432617
1,415,10,538,12.18478775024414
1,416,1,2609,8.85171890258789
1,416,2,1952,8.47461986541748
1,416,3,2018,8.440877914428711
1,416,4,2272,8.327508926391602
1,416,5,792,8.237213134765625
1,416,6,1590,8.218132019042969
1,416,7,585,8.196197509765625
1,416,8,1618,8.131013870239258
1,416,9,566,8.082344055175781
1,416,10,576,8.080011367797852
1,417,1,2609,11.550172805786133
1,417,2,2272,11.08967399597168
1,417,3,1618,10.848688125610352
1,417,4,576,10.841207504272461
1,417,5,585,10.259739875793457
1,417,6,1263,10.128057479858398
1,417,7,2308,9.917473793029785
1,417,8,594,9.878381729125977
1,417,9,1791,9.831111907958984
1,417,10,91,9.660422325134277
1,418,1,2272,13.688092231750488
1,418,2,1618,13.415115356445312
1,418,3,1517,12.179946899414062
1,418,4,621,12.165067672729492
1,418,5,538,12.002140998840332
1,418,6,566,11.97351360321045
1,418,7,1791,11.8308744430542
1,418,8,3019,11.776769638061523
1,418,9,2496,11.746707916259766
1,418,10,2323,11.704570770263672
1,419,1,2609,16.39351463317871
1,419,2,576,15.532951354980469
1,419,3,2272,15.40084457397461
1,419,4,585,15.289546966552734
1,419,5,1618,14.975543022155762
1,419,6,1263,14.829877853393555
1,419,7,538,14.702099800109863
1,419,8,621,14.60476303100586
1,419,9,624,14.365039825439453
1,419,10,2308,14.239137649536133
1,420,1,2609,15.619815826416016
1,420,2,2272,14.943307876586914
1,420,3,576,14.84589672088623
1,420,4,1618,14.557720184326172
1,420,5,585,14.544905662536621
1,420,6,1884,14.093249320983887
1,420,7,538,13.984617233276367
1,420,8,621,13.856685638427734
1,420,9,1517,13.84492015838623
1,420,10,624,13.684724807739258
1,421,1,2609,13.681400299072266
1,421,2,576,12.392688751220703
1,421,3,585,12.11848258972168
1,421,4,1590,11.809051513671875
1,421,5,1517,11.515573501586914
1,421,6,1263,11.502452850341797
1,421,7,2308,11.405073165893555
1,421,8,2359,11.320430755615234
1,421,9,538,11.194561004638672
1,421,10,624,10.789743423461914
1,422,1,2761,10.616353988647461
1,422,2,2790,10.48538589477539
1,422,3,3019,10.471701622009277
1,422,4,1696,10.324140548706055
1,422,5,538,10.242090225219727
1,422,6,2272,10.235044479370117
1,422,7,624,10.197256088256836
1,422,8,576,10.13347053527832
1,422,9,2609,10.123567581176758
1,422,10,585,9.978567123413086
1,423,1,704,9.775004386901855
1,423,2,2761,9.070194244384766
1,423,3,738,8.950437545776367
1,423,4,112,8.716675758361816
1,423,5,1091,8.647481918334961
1,423,6,2790,8.633758544921875
1,423,7,2272,8.574302673339844
1,423,8,2851,8.573383331298828
1,423,9,538,8.52000617980957
1,423,10,749,8.496210098266602
1,424,1,576,14.206890106201172
1,424,2,2721,13.04765510559082
1,424,3,1018,12.901951789855957
1,424,4,585,12.777839660644531
1,424,5,826,12.72559642791748
1,424,6,2308,12.581605911254883
1,424,7,518,12.452322006225586
1,424,8,2486,12.212356567382812
1,424,9,621,12.15532398223877
1,424,10,1293,12.10261344909668
1,425,1,2272,13.871070861816406
1,425,2,2486,13.424747467041016
1,425,3,2609,13.36738109588623
1,425,4,576,12.42076587677002
1,425,5,506,12.277824401855469
1,425,6,1517,12.12039566040039
1,425,7,535,12.102380752563477
1,425,8,297,11.96013069152832
1,425,9,1167,11.880878448486328
1,425,10,2294,11.830965995788574
1,427,1,2609,14.603584289550781
1,427,2,2272,14.407510757446289
1,427,3,1618,14.113611221313477
1,427,4,576,13.648554801940918
1,427,5,2308,12.495070457458496
1,427,6,594,12.358061790466309
1,427,7,1791,12.080117225646973
1,427,8,1884,11.913951873779297
1,427,9,1018,11.791351318359375
1,427,10,91,11.780142784118652
1,428,1,2609,14.53884506225586
1,428,2,2486,13.352006912231445
1,428,3,594,13.023258209228516
1,428,4,1263,12.47785758972168
1,428,5,2308,12.318855285644531
1,428,6,506,12.314571380615234
1,428,7,2294,12.140547752380371
1,428,8,585,12.13025188446045
1,428,9,297,12.048957824707031
1,428,10,595,12.045348167419434
1,429,1,2609,14.53884506225586
1,429,2,2486,13.352006912231445
1,429,3,594,13.023258209228516
1,429,4,1263,12.47785758972168
1,429,5,2308,12.318855285644531
1,429,6,506,12.314571380615234
1,429,7,2294,12.140547752380371
1,429,8,585,12.13025188446045
1,429,9,297,12.048957824707031
1,429,10,595,12.045348167419434
1,430,1,2609,14.53884506225586
1,430,2,2486,13.352006912231445
1,430,3,594,13.023258209228516
1,430,4,1263,12.47785758972168
1,430,5,2308,12.318855285644531
1,430,6,506,12.314571380615234
1,430,7,2294,12.140547752380371
1,430,8,585,12.13025188446045
1,430,9,297,12.048957824707031
1,430,10,595,12.045348167419434
1,435,1,2609,16.48386001586914
1,435,2,576,15.198073387145996
1,435,3,2272,15.103189468383789
1,435,4,1618,14.83523941040039
1,435,5,1263,14.321039199829102
1,435,6,594,13.708425521850586
1,435,7,1791,13.384391784667969
1,435,8,3019,13.356046676635742
1,435,9,538,13.13019847869873
1,435,10,91,13.118071556091309
1,436,1,2609,16.925010681152344
1,436,2,2272,15.833632469177246
1,436,3,576,15.585332870483398
1,436,4,1618,15.530959129333496
1,436,5,1263,14.625895500183105
1,436,6,594,14.053780555725098
1,436,7,1791,13.814169883728027
1,436,8,566,13.655902862548828
1,436,9,1517,13.639886856079102
1,436,10,3019,13.637121200561523
1,437,1,2609,16.37761688232422
1,437,2,2272,15.280471801757812
1,437,3,576,15.165342330932617
1,437,4,1618,14.97905158996582
1,437,5,1263,13.903905868530273
1,437,6,594,13.536083221435547
1,437,7,566,13.385218620300293
1,437,8,538,13.257333755493164
1,437,9,2700,13.228256225585938
1,437,10,1517,13.164416313171387
1,438,1,2272,10.479397773742676
1,438,2,1618,10.336823463439941
1,438,3,2609,10.092033386230469
1,438,4,566,9.760808944702148
1,438,5,576,9.374296188354492
1,438,6,2721,9.241883277893066
1,438,7,585,9.229716300964355
1,438,8,538,9.221601486206055
1,438,9,594,9.025371551513672
1,438,10,1263,8.877066612243652
1,439,1,2826,10.26386833190918
1,439,2,1884,10.173294067382812
1,439,3,704,10.119470596313477
1,439,4,1791,9.921189308166504
1,439,5,91,9.88148021697998
1,439,6,2790,9.783674240112305
1,439,7,112,9.678204536437988
1,439,8,538,9.592426300048828
1,439,9,3019,9.498212814331055
1,439,10,201,9.280994415283203
1,441,1,2725,9.313770294189453
1,441,2,2790,8.836426734924316
1,441,3,1884,8.693046569824219
1,441,4,1040,8.66197395324707
1,441,5,538,8.658143997192383
1,441,6,884,8.612683296203613
1,441,7,2272,8.505350112915039
1,441,8,1791,8.487353324890137
1,441,9,91,8.454922676086426
1,441,10,3019,8.444784164428711
1,443,1,2609,10.614151000976562
1,443,2,1590,10.6063871383667
1,443,3,576,10.107730865478516
1,443,4,1952,9.763872146606445
1,443,5,2272,9.74700927734375
1,443,6,410,9.519062995910645
1,443,7,585,9.4854097366333
1,443,8,853,9.483001708984375
1,443,9,1080,9.429533958435059
1,443,10,1618,9.411255836486816
1,445,1,2018,11.383283615112305
1,445,2,58,11.109825134277344
1,445,3,2609,11.043581008911133
1,445,4,576,10.593223571777344
1,445,5,2272,10.274811744689941
1,445,6,1952,10.22996711730957
1,445,7,2173,10.185380935668945
1,445,8,853,10.176775932312012
1,445,9,1080,10.013053894042969
1,445,10,1116,9.960447311401367
1,446,1,2018,11.301137924194336
1,446,2,1116,11.15013313293457
1,446,3,466,10.936641693115234
1,446,4,1590,10.752290725708008
1,446,5,315,10.48983097076416
1,446,6,2974,10.362188339233398
1,446,7,2686,10.337061882019043
1,446,8,1611,10.297694206237793
1,446,9,1701,10.277772903442383
1,446,10,2173,10.23161792755127
1,448,1,665,11.894573211669922
1,448,2,1587,11.704521179199219
1,448,3,2210,11.68592643737793
1,448,4,1200,11.562604904174805
1,448,5,1184,11.303176879882812
1,448,6,2033,11.268228530883789
1,448,7,2615,11.218208312988281
1,448,8,1718,10.99085807800293
1,448,9,949,10.94719123840332
1,448,10,2391,10.910113334655762
1,449,1,672,15.018160820007324
1,449,2,2210,14.474851608276367
1,449,3,1200,14.343239784240723
1,449,4,301,14.327287673950195
1,449,5,2033,13.99367904663086
1,449,6,2615,13.899345397949219
1,449,7,1718,13.724068641662598
1,449,8,949,13.400199890136719
1,449,9,2704,13.188512802124023
1,449,10,2080,13.062856674194336
1,450,1,1200,11.15079116821289
1,450,2,665,11.064725875854492
1,450,3,2033,10.93667984008789
1,450,4,1184,10.775419235229492
1,450,5,1718,10.65310287475586
1,450,6,1587,10.606852531433105
1,450,7,949,10.348193168640137
1,450,8,2391,10.190282821655273
1,450,9,173,10.124878883361816
1,450,10,2080,9.745792388916016
1,451,1,672,11.621973037719727
1,451,2,301,11.478580474853516
1,451,3,665,11.427696228027344
1,451,4,1200,11.366098403930664
1,451,5,2033,11.184350967407227
1,451,6,2210,11.159591674804688
1,451,7,1587,10.914449691772461
1,451,8,1184,10.848447799682617
1,451,9,1718,10.781570434570312
1,451,10,2615,10.780930519104004
1,452,1,665,12.29522705078125
1,452,2,2210,12.112281799316406
1,452,3,1184,11.89161491394043
1,452,4,2615,11.782099723815918
1,452,5,2704,11.707914352416992
1,452,6,1587,11.548395156860352
1,452,7,2391,11.277957916259766
1,452,8,949,11.215624809265137
1,452,9,2080,11.166495323181152
1,452,10,2752,10.944406509399414
1,453,1,672,14.988929748535156
1,453,2,2210,14.31680965423584
1,453,3,301,14.213346481323242
1,453,4,2912,14.149425506591797
1,453,5,1718,13.755060195922852
1,453,6,1587,13.481465339660645
1,453,7,173,13.07994270324707
1,453,8,2942,13.02313232421875
1,453,9,2814,12.932575225830078
1,453,10,2080,12.82151985168457
1,454,1,1200,13.263699531555176
1,454,2,2033,13.241422653198242
1,454,3,949,12.78126049041748
1,454,4,1718,12.719934463500977
1,454,5,2814,12.315027236938477
1,454,6,2704,12.167054176330566
1,454,7,394,11.887697219848633
1,454,8,191,11.844619750976562
1,454,9,2942,11.826143264770508
1,454,10,2080,11.498346328735352
1,455,1,672,13.301164627075195
1,455,2,665,13.294061660766602
1,455,3,301,12.822425842285156
1,455,4,949,12.593207359313965
1,455,5,2912,12.303218841552734
1,455,6,2814,11.387161254882812
1,455,7,1009,11.379207611083984
1,455,8,173,11.244044303894043
1,455,9,2136,10.78799819946289
1,455,10,2568,10.763689041137695
1,456,1,672,15.627973556518555
1,456,2,1587,15.316795349121094
1,456,3,301,15.027881622314453
1,456,4,2912,14.457180976867676
1,456,5,1009,13.530750274658203
1,456,6,2814,13.492471694946289
1,456,7,2704,13.394234657287598
1,456,8,173,13.172536849975586
1,456,9,2504,12.823509216308594
1,456,10,2136,12.790924072265625
1,457,1,672,15.687089920043945
1,457,2,301,15.117731094360352
1,457,3,1200,14.870843887329102
1,457,4,2033,14.766814231872559
1,457,5,2912,14.699356079101562
1,457,6,2814,13.738805770874023
1,457,7,2704,13.625097274780273
1,457,8,173,13.514198303222656
1,457,9,1009,13.432903289794922
1,457,10,394,13.210809707641602
1,458,1,2033,12.95150375366211
1,458,2,1200,12.746787071228027
1,458,3,949,12.529850006103516
1,458,4,1718,12.363577842712402
1,458,5,2704,11.744808197021484
1,458,6,1009,11.632216453552246
1,458,7,173,11.482208251953125
1,458,8,2942,11.171859741210938
1,458,9,2136,11.076123237609863
1,458,10,1048,11.033437728881836
1,459,1,1964,10.20596694946289
1,459,2,633,9.927852630615234
1,459,3,859,9.905126571655273
1,459,4,1206,9.50091552734375
1,459,5,338,9.477069854736328
1,459,6,446,9.293050765991211
1,459,7,1369,9.275186538696289
1,459,8,2500,9.239082336425781
1,459,9,1367,9.209064483642578
1,459,10,1781,9.16679859161377
1,460,1,1964,10.84598159790039
1,460,2,859,10.483657836914062
1,460,3,446,10.106710433959961
1,460,4,633,10.026630401611328
1,460,5,1367,9.997995376586914
1,460,6,2500,9.664082527160645
1,460,7,1206,9.547615051269531
1,460,8,338,9.488393783569336
1,460,9,1369,9.391365051269531
1,460,10,2106,9.287084579467773
1,461,1,1964,11.621503829956055
1,461,2,859,11.056267738342285
1,461,3,633,10.859560012817383
1,461,4,446,10.820168495178223
1,461,5,1367,10.731583595275879
1,461,6,792,10.235971450805664
1,461,7,2500,10.179100036621094
1,461,8,1369,10.044351577758789
1,461,9,338,10.036613464355469
1,461,10,1206,10.000345230102539
1,462,1,1964,11.996625900268555
1,462,2,859,11.535003662109375
1,462,3,446,11.163673400878906
1,462,4,633,11.134526252746582
1,462,5,1367,11.045825958251953
1,462,6,2500,10.68095588684082
1,462,7,1206,10.632429122924805
1,462,8,1369,10.482306480407715
1,462,9,338,10.45695686340332
1,462,10,2106,10.331950187683105
1,463,1,1964,12.503539085388184
1,463,2,859,11.904149055480957
1,463,3,446,11.716728210449219
1,463,4,633,11.677070617675781
1,463,5,1367,11.606086730957031
1,463,6,1206,11.592287063598633
1,463,7,1369,11.396322250366211
1,463,8,2106,11.376422882080078
1,463,9,2500,11.103872299194336
1,463,10,2176,11.097620010375977
1,467,1,2931,10.037331581115723
1,467,2,1091,9.325907707214355
1,467,3,1369,9.138762474060059
1,467,4,905,9.028841018676758
1,467,5,2106,8.881887435913086
1,467,6,1502,8.79653263092041
1,467,7,2734,8.757458686828613
1,467,8,1158,8.737628936767578
1,467,9,1206,8.592829704284668
1,467,10,2176,8.54953384399414
1,468,1,1369,10.926400184631348
1,468,2,2106,10.66193962097168
1,468,3,1206,10.582282066345215
1,468,4,575,10.572050094604492
1,468,5,2157,10.496284484863281
1,468,6,1158,10.304617881774902
1,468,7,2176,10.251279830932617
1,468,8,633,10.112030029296875
1,468,9,1964,9.894186973571777
1,468,10,554,9.718330383300781
1,469,1,1964,11.5966796875
1,469,2,446,11.07262897491455
1,469,3,2106,10.99296760559082
1,469,4,1206,10.826118469238281
1,469,5,633,10.820548057556152
1,469,6,1369,10.714227676391602
1,469,7,2176,10.669363021850586
1,469,8,859,10.646272659301758
1,469,9,1158,10.602550506591797
1,469,10,1367,10.510513305664062
1,470,1,2355,9.969078063964844
1,470,2,668,9.922831535339355
1,470,3,2862,9.884593963623047
1,470,4,1091,8.94070816040039
1,470,5,1369,8.640958786010742
1,470,6,1502,8.49390983581543
1,470,7,2734,8.472892761230469
1,470,8,2274,8.425704956054688
1,470,9,2106,8.309327125549316
1,470,10,105,8.233527183532715
1,471,1,2256,15.274860382080078
1,471,2,1981,13.895183563232422
1,471,3,359,12.916125297546387
1,471,4,2141,12.869565963745117
1,471,5,717,12.618573188781738
1,471,6,2972,12.185917854309082
1,471,7,1412,11.930813789367676
1,471,8,949,11.537073135375977
1,471,9,2033,11.134143829345703
1,471,10,1742,11.117300033569336
1,472,1,2141,13.667667388916016
1,472,2,359,13.549531936645508
1,472,3,717,13.206872940063477
1,472,4,2972,12.965766906738281
1,472,5,1412,12.62794017791748
1,472,6,949,12.336164474487305
1,472,7,229,12.184566497802734
1,472,8,2033,11.990802764892578
1,472,9,1718,11.950366973876953
1,472,10,1048,11.847193717956543
1,474,1,2256,15.849393844604492
1,474,2,1829,14.89358139038086
1,474,3,2141,13.36931324005127
1,474,4,359,12.724804878234863
1,474,5,949,12.62537956237793
1,474,6,1718,12.530452728271484
1,474,7,2972,12.467775344848633
1,474,8,1048,12.383197784423828
1,474,9,2033,12.380668640136719
1,474,10,717,12.302238464355469
1,475,1,1063,14.642095565795898
1,475,2,2141,13.514886856079102
1,475,3,359,13.333900451660156
1,475,4,127,12.911564826965332
1,475,5,717,12.878040313720703
1,475,6,2972,12.770735740661621
1,475,7,949,12.341120719909668
1,475,8,2033,12.061628341674805
1,475,9,1718,12.057687759399414
1,475,10,1048,11.96745491027832
1,476,1,1447,16.58576011657715
1,476,2,707,14.254321098327637
1,476,3,359,13.341485023498535
1,476,4,2972,12.89853572845459
1,476,5,717,12.893543243408203
1,476,6,1412,12.413193702697754
1,476,7,127,12.338711738586426
1,476,8,520,11.7789888381958
1,476,9,949,11.68011474609375
1,476,10,1742,11.636446952819824
1,477,1,2432,15.009162902832031
1,477,2,1698,14.767102241516113
1,477,3,1829,14.5829496383667
1,477,4,359,14.116255760192871
1,477,5,2141,13.78809928894043
1,477,6,2972,13.324959754943848
1,477,7,1412,13.210480690002441
1,477,8,127,12.659833908081055
1,477,9,520,12.122467041015625
1,477,10,1742,12.070109367370605
1,478,1,359,14.107863426208496
1,478,2,1698,13.914102554321289
1,478,3,2141,13.585775375366211
1,478,4,1412,13.512066841125488
1,478,5,717,13.438669204711914
1,478,6,2972,13.28648853302002
1,478,7,1981,13.120820999145508
1,478,8,127,11.840913772583008
1,478,9,1809,11.804901123046875
1,478,10,1742,11.789292335510254
1,479,1,2727,13.356224060058594
1,479,2,601,13.163158416748047
1,479,3,2258,13.117295265197754
1,479,4,2127,13.018421173095703
1,479,5,706,12.986123085021973
1,479,6,1078,12.149431228637695
1,479,7,2654,12.121089935302734
1,479,8,864,12.085742950439453
1,479,9,504,12.08192253112793
1,479,10,2285,11.984561920166016
1,480,1,1447,18.163969039916992
1,480,2,359,14.966803550720215
1,480,3,2141,14.700277328491211
1,480,4,717,14.440074920654297
1,480,5,2972,14.23414134979248
1,480,6,1412,13.83366870880127
1,480,7,127,13.48532485961914
1,480,8,520,12.929901123046875
1,480,9,949,12.81269645690918
1,480,10,2033,12.674070358276367
1,481,1,1447,9.4627685546875
1,481,2,1248,9.374824523925781
1,481,3,520,9.367730140686035
1,481,4,2432,9.109020233154297
1,481,5,1683,9.027626991271973
1,481,6,1698,8.73095703125
1,481,7,2256,8.619053840637207
1,481,8,1829,8.568161010742188
1,481,9,1809,8.565572738647461
1,481,10,2377,8.540637969970703
1,483,1,1447,12.025967597961426
1,483,2,1248,11.9134521484375
1,483,3,1866,11.250804901123047
1,483,4,2432,11.197271347045898
1,483,5,2256,11.081501007080078
1,483,6,424,11.069816589355469
1,483,7,1683,10.982078552246094
1,483,8,1531,10.938089370727539
1,483,9,2377,10.738775253295898
1,483,10,1742,10.681877136230469
1,484,1,1447,12.025967597961426
1,484,2,1248,11.9134521484375
1,484,3,1866,11.250804901123047
1,484,4,2432,11.197271347045898
1,484,5,2256,11.081501007080078
1,484,6,424,11.069816589355469
1,484,7,1683,10.982078552246094
1,484,8,1531,10.938089370727539
1,484,9,2377,10.738775253295898
1,484,10,1742,10.681877136230469
1,485,1,1412,11.905603408813477
1,485,2,2972,11.762889862060547
1,485,3,717,11.144947052001953
1,485,4,2141,11.107632637023926
1,485,5,1683,10.788555145263672
1,485,6,424,10.307315826416016
1,485,7,1601,10.077438354492188
1,485,8,1447,10.047039031982422
1,485,9,1252,9.99629020690918
1,485,10,2127,9.994522094726562
1,486,1,359,7.407736778259277
1,486,2,2972,7.225607872009277
1,486,3,717,7.212351322174072
1,486,4,1447,7.168208122253418
1,486,5,1248,7.08857536315918
1,486,6,2141,6.9579010009765625
1,486,7,2432,6.847116470336914
1,486,8,1412,6.740673065185547
1,486,9,1698,6.636639595031738
1,486,10,1829,6.501660346984863
1,487,1,1412,6.686502933502197
1,487,2,2972,6.6756815910339355
1,487,3,359,6.546119689941406
1,487,4,520,6.527167797088623
1,487,5,398,6.420224189758301
1,487,6,2654,6.407397270202637
1,487,7,1809,6.392917156219482
1,487,8,2141,6.3774614334106445
1,487,9,1252,6.363557815551758
1,487,10,1683,6.349908828735352
1,491,1,2127,7.853720188140869
1,491,2,998,7.709255695343018
1,491,3,504,7.685441493988037
1,491,4,2961,7.644562721252441
1,491,5,1691,7.622396469116211
1,491,6,2727,7.604246139526367
1,491,7,1577,7.597578048706055
1,491,8,1837,7.582303524017334
1,491,9,2324,7.578456401824951
1,491,10,1501,7.563923358917236
1,492,1,504,8.292707443237305
1,492,2,998,8.26606559753418
1,492,3,289,8.243551254272461
1,492,4,1501,8.224695205688477
1,492,5,664,8.20858097076416
1,492,6,2042,8.14648151397705
1,492,7,2654,8.051108360290527
1,492,8,1577,8.035050392150879
1,492,9,1837,8.012772560119629
1,492,10,1335,7.9894304275512695
1,493,1,664,11.261569023132324
1,493,2,998,11.226385116577148
1,493,3,504,11.22319221496582
1,493,4,2042,11.17889404296875
1,493,5,289,11.157327651977539
1,493,6,2324,10.65671157836914
1,493,7,991,10.650856018066406
1,493,8,2961,10.395026206970215
1,493,9,2727,10.340067863464355
1,493,10,194,10.336462020874023
1,494,1,1223,9.261152267456055
1,494,2,738,8.837377548217773
1,494,3,864,8.670429229736328
1,494,4,183,8.379098892211914
1,494,5,993,8.370841026306152
1,494,6,2961,8.272050857543945
1,494,7,2324,8.244335174560547
1,494,8,1376,8.206052780151367
1,494,9,504,8.179642677307129
1,494,10,653,8.11782455444336
1,495,1,424,10.481569290161133
1,495,2,1212,10.404892921447754
1,495,3,512,10.272409439086914
1,495,4,2654,10.233499526977539
1,495,5,2972,10.181587219238281
1,495,6,1547,10.162590026855469
1,495,7,1866,10.150121688842773
1,495,8,185,10.119670867919922
1,495,9,1252,10.072583198547363
1,495,10,1335,10.02391242980957
2,1,1,1538,5.13985538482666
2,1,2,2405,5.0963311195373535
2,1,3,480,5.028951168060303
2,1,4,1600,5.017780303955078
2,1,5,271,4.856544494628906
2,1,6,1801,4.832413673400879
2,1,7,645,4.821709632873535
2,1,8,1438,4.808830261230469
2,1,9,205,4.792949676513672
2,1,10,652,4.7268385887146
2,2,1,1725,5.8269243240356445
2,2,2,990,5.700636386871338
2,2,3,1386,5.607017517089844
2,2,4,1839,5.549674987792969
2,2,5,2922,5.54095458984375
2,2,6,39,5.476120948791504
2,2,7,557,5.460990905761719
2,2,8,32,5.401719093322754
2,2,9,2566,5.398514747619629
2,2,10,453,5.31164026260376
2,3,1,1838,9.202045440673828
2,3,2,530,9.119078636169434
2,3,3,1538,8.951394081115723
2,3,4,2366,8.940194129943848
2,3,5,2998,8.752283096313477
2,3,6,500,8.739557266235352
2,3,7,1525,8.689742088317871
2,3,8,2448,8.632336616516113
2,3,9,2323,8.595479965209961
2,3,10,2997,8.573823928833008
2,4,1,954,6.230443954467773
2,4,2,158,6.001808166503906
2,4,3,2922,5.9942498207092285
2,4,4,1513,5.991995334625244
2,4,5,655,5.958086967468262
2,4,6,321,5.896821022033691
2,4,7,1538,5.819520950317383
2,4,8,1980,5.794992923736572
2,4,9,2998,5.789463043212891
2,4,10,1725,5.70743989944458
2,7,1,2581,9.497364044189453
2,7,2,1427,9.348081588745117
2,7,3,1365,9.292719841003418
2,7,4,2161,9.284408569335938
2,7,5,1287,9.183603286743164
2,7,6,1429,9.168516159057617
2,7,7,205,9.06893539428711
2,7,8,1362,8.976635932922363
2,7,9,1300,8.963388442993164
2,7,10,2713,8.957273483276367
2,8,1,2448,7.61791467666626
2,8,2,1871,7.579436779022217
2,8,3,2127,7.384771823883057
2,8,4,93,7.340787410736084
2,8,5,1681,7.3162407875061035
2,8,6,1156,7.203289031982422
2,8,7,1518,7.166566848754883
2,8,8,1898,7.102558135986328
2,8,9,1812,7.075724124908447
2,8,10,601,7.06883430480957
2,9,1,474,8.79405689239502
2,9,2,2844,8.203287124633789
2,9,3,652,8.078153610229492
2,9,4,1038,8.040842056274414
2,9,5,1312,7.961849212646484
2,9,6,2630,7.957273483276367
2,9,7,731,7.836216926574707
2,9,8,1311,7.7741193771362305
2,9,9,1146,7.766577243804932
2,9,10,1966,7.721469402313232
2,10,1,746,9.151510238647461
2,10,2,2787,8.904214859008789
2,10,3,271,8.812093734741211
2,10,4,1156,8.733229637145996
2,10,5,1538,8.637131690979004
2,10,6,205,8.593607902526855
2,10,7,1438,8.565685272216797
2,10,8,2405,8.528746604919434
2,10,9,1801,8.427252769470215
2,10,10,1365,8.401345252990723
2,11,1,1156,9.197689056396484
2,11,2,2127,9.173008918762207
2,11,3,601,9.106851577758789
2,11,4,2143,9.068187713623047
2,11,5,1487,8.946446418762207
2,11,6,1812,8.742801666259766
2,11,7,652,8.724618911743164
2,11,8,2444,8.694271087646484
2,11,9,1342,8.628966331481934
2,11,10,1683,8.593412399291992
2,12,1,193,8.529096603393555
2,12,2,559,8.171939849853516
2,12,3,2713,8.074223518371582
2,12,4,257,8.029969215393066
2,12,5,1429,7.939882278442383
2,12,6,1686,7.899874687194824
2,12,7,1538,7.879303455352783
2,12,8,1645,7.865652084350586
2,12,9,1044,7.861891269683838
2,12,10,1620,7.835658073425293
2,13,1,464,9.969660758972168
2,13,2,1871,9.865652084350586
2,13,3,1898,9.674785614013672
2,13,4,1518,9.636899948120117
2,13,5,186,9.598873138427734
2,13,6,2184,9.225011825561523
2,13,7,652,9.11207389831543
2,13,8,2630,8.943851470947266
2,13,9,2127,8.86041259765625
2,13,10,1683,8.84287166595459
2,14,1,1146,7.605867862701416
2,14,2,2127,7.283510208129883
2,14,3,1538,7.18235969543457
2,14,4,60,7.0899810791015625
2,14,5,2734,7.088225841522217
2,14,6,1502,7.028781414031982
2,14,7,2016,6.95632266998291
2,14,8,1487,6.954224586486816
2,14,9,2285,6.92873477935791
2,14,10,652,6.919967174530029
2,15,1,60,8.33568000793457
2,15,2,474,8.27707290649414
2,15,3,1087,8.176868438720703
2,15,4,1201,8.151847839355469
2,15,5,2621,8.139074325561523
2,15,6,2127,8.076059341430664
2,15,7,208,8.066526412963867
2,15,8,2476,7.861418724060059
2,15,9,546,7.857540130615234
2,15,10,1374,7.854562759399414
2,16,1,1146,10.816773414611816
2,16,2,1502,9.603035926818848
2,16,3,1659,9.498322486877441
2,16,4,174,9.44998550415039
2,16,5,572,9.321313858032227
2,16,6,738,9.315104484558105
2,16,7,1984,9.210780143737793
2,16,8,2127,9.20241928100586
2,16,9,2734,9.111075401306152
2,16,10,2622,9.071818351745605
2,17,1,2581,10.524301528930664
2,17,2,1725,9.907693862915039
2,17,3,453,9.627300262451172
2,17,4,1047,9.606477737426758
2,17,5,1628,9.524503707885742
2,17,6,2111,9.451236724853516
2,17,7,2922,9.292774200439453
2,17,8,890,9.205411911010742
2,17,9,1429,9.076034545898438
2,17,10,2742,8.816012382507324
2,18,1,724,9.326638221740723
2,18,2,1352,9.13900375366211
2,18,3,2882,8.816144943237305
2,18,4,2114,8.749937057495117
2,18,5,857,8.673489570617676
2,18,6,364,8.43709659576416
2,18,7,1522,8.418452262878418
2,18,8,1535,8.399270057678223
2,18,9,1087,8.38680648803711
2,18,10,2621,8.258255004882812
2,20,1,1028,9.02857780456543
2,20,2,2622,8.676233291625977
2,20,3,189,8.649410247802734
2,20,4,2658,8.587672233581543
2,20,5,696,8.453746795654297
2,20,6,295,8.381902694702148
2,20,7,2253,8.326546669006348
2,20,8,2243,8.198298454284668
2,20,9,559,8.186383247375488
2,20,10,572,8.0802001953125
2,21,1,3042,11.038318634033203
2,21,2,1248,10.952116012573242
2,21,3,1428,10.922466278076172
2,21,4,1730,10.905048370361328
2,21,5,1127,10.888338088989258
2,21,6,1461,10.835888862609863
2,21,7,599,10.716620445251465
2,21,8,99,10.391977310180664
2,21,9,1829,10.235570907592773
2,21,10,1447,10.165771484375
2,22,1,2581,10.141864776611328
2,22,2,1725,9.92937183380127
2,22,3,453,9.804665565490723
2,22,4,2922,9.640552520751953
2,22,5,2618,9.59267807006836
2,22,6,1047,9.53133773803711
2,22,7,2390,9.183771133422852
2,22,8,2560,8.989952087402344
2,22,9,2111,8.917498588562012
2,22,10,791,8.87103271484375
2,23,1,500,7.996043682098389
2,23,2,1525,7.898114204406738
2,23,3,1838,7.811275482177734
2,23,4,1538,7.7407708168029785
2,23,5,1235,7.697431564331055
2,23,6,2448,7.486706733703613
2,23,7,2366,7.3414387702941895
2,23,8,193,7.3271379470825195
2,23,9,2998,7.311047554016113
2,23,10,2416,7.274307727813721
2,24,1,601,7.504925727844238
2,24,2,1087,7.346681594848633
2,24,3,1871,7.277618885040283
2,24,4,2299,7.19597053527832
2,24,5,2621,7.1059746742248535
2,24,6,546,7.077600955963135
2,24,7,1681,7.075565814971924
2,24,8,2127,7.029057025909424
2,24,9,2736,6.972295761108398
2,24,10,681,6.969650745391846
2,26,1,681,6.661496162414551
2,26,2,1839,6.576119422912598
2,26,3,186,6.571712493896484
2,26,4,2474,6.48519229888916
2,26,5,1087,6.480783939361572
2,26,6,2299,6.45510196685791
2,26,7,39,6.3156938552856445
2,26,8,2053,6.236993312835693
2,26,9,3042,6.235596179962158
2,26,10,557,6.228155136108398
2,27,1,1792,8.295063018798828
2,27,2,2882,8.104496002197266
2,27,3,2476,8.034597396850586
2,27,4,857,7.770170211791992
2,27,5,2448,7.629482269287109
2,27,6,364,7.362371444702148
2,27,7,1838,7.34591007232666
2,27,8,991,7.313190460205078
2,27,9,1235,7.168362617492676
2,27,10,2989,7.145813941955566
2,28,1,1194,4.918183326721191
2,28,2,845,4.881570816040039
2,28,3,557,4.443857669830322
2,28,4,1839,4.40468692779541
2,28,5,2408,4.395474910736084
2,28,6,2717,4.367772102355957
2,28,7,2668,4.357569694519043
2,28,8,421,4.34617280960083
2,28,9,2995,4.345141887664795
2,28,10,3037,4.270060062408447
2,29,1,2814,5.063257217407227
2,29,2,189,5.062100887298584
2,29,3,572,5.020896911621094
2,29,4,2622,5.020321369171143
2,29,5,186,4.977117538452148
2,29,6,2165,4.932775020599365
2,29,7,30,4.858914852142334
2,29,8,1839,4.829815864562988
2,29,9,2938,4.807605743408203
2,29,10,1644,4.787182331085205
2,31,1,1146,11.609122276306152
2,31,2,1502,11.160627365112305
2,31,3,60,10.25946044921875
2,31,4,1312,9.858105659484863
2,31,5,174,9.730804443359375
2,31,6,2734,9.724458694458008
2,31,7,504,9.39871883392334
2,31,8,2801,9.340751647949219
2,31,9,1015,9.205065727233887
2,31,10,2297,9.187764167785645
2,32,1,1737,7.574402332305908
2,32,2,400,7.237926006317139
2,32,3,2319,7.226160526275635
2,32,4,1127,7.212140083312988
2,32,5,1428,7.076934814453125
2,32,6,1461,7.063907623291016
2,32,7,1730,7.062091827392578
2,32,8,1438,7.028784275054932
2,32,9,557,6.9486165046691895
2,32,10,599,6.876804351806641
2,33,1,1287,8.356931686401367
2,33,2,1028,8.16889762878418
2,33,3,1429,7.842677116394043
2,33,4,2658,7.79397439956665
2,33,5,696,7.781386375427246
2,33,6,2098,7.746465682983398
2,33,7,1427,7.695255279541016
2,33,8,295,7.676304817199707
2,33,9,1267,7.65749454498291
2,33,10,2161,7.646890163421631
2,34,1,601,10.389738082885742
2,34,2,95,9.847259521484375
2,34,3,2143,9.677098274230957
2,34,4,1201,9.444214820861816
2,34,5,769,9.37478256225586
2,34,6,2258,9.356778144836426
2,34,7,652,9.330018997192383
2,34,8,2444,9.292594909667969
2,34,9,2299,9.084565162658691
2,34,10,1087,9.074844360351562
2,35,1,990,6.545326232910156
2,35,2,1927,6.1337080001831055
2,35,3,1725,6.034543991088867
2,35,4,327,5.791831016540527
2,35,5,791,5.704920768737793
2,35,6,2922,5.697967529296875
2,35,7,1358,5.626898765563965
2,35,8,39,5.615908145904541
2,35,9,453,5.610219955444336
2,35,10,2604,5.600836277008057
2,36,1,1628,8.722016334533691
2,36,2,1600,8.090606689453125
2,36,3,2581,7.963717460632324
2,36,4,1438,7.830639839172363
2,36,5,1365,7.387025356292725
2,36,6,480,7.3717241287231445
2,36,7,2111,7.371315002441406
2,36,8,192,7.255289554595947
2,36,9,2405,7.179503440856934
2,36,10,1300,7.125006198883057
2,37,1,271,10.175960540771484
2,37,2,2143,10.096673965454102
2,37,3,1427,10.002291679382324
2,37,4,1267,9.958237648010254
2,37,5,1362,9.906821250915527
2,37,6,1365,9.885187149047852
2,37,7,1438,9.792572021484375
2,37,8,2161,9.68587875366211
2,37,9,2787,9.607151985168457
2,37,10,645,9.599039077758789
2,38,1,1848,7.364706039428711
2,38,2,1621,7.210155487060547
2,38,3,1818,7.192997932434082
2,38,4,1407,7.1188859939575195
2,38,5,747,7.088418960571289
2,38,6,2273,6.957016944885254
2,38,7,192,6.881944179534912
2,38,8,2557,6.837957382202148
2,38,9,1538,6.82350492477417
2,38,10,2529,6.81343412399292
2,39,1,530,8.227056503295898
2,39,2,736,7.8357253074646
2,39,3,1848,7.406786918640137
2,39,4,1818,7.353085517883301
2,39,5,1407,7.265478134155273
2,39,6,2273,7.2366838455200195
2,39,7,471,6.993362903594971
2,39,8,2894,6.990219593048096
2,39,9,192,6.950075149536133
2,39,10,843,6.839718818664551
2,40,1,530,9.832271575927734
2,40,2,1818,9.594351768493652
2,40,3,1848,9.47028636932373
2,40,4,192,9.360979080200195
2,40,5,1407,9.272493362426758
2,40,6,736,9.129135131835938
2,40,7,2273,9.081559181213379
2,40,8,2557,9.02008056640625
2,40,9,471,8.799638748168945
2,40,10,1516,8.766364097595215
2,42,1,667,10.639453887939453
2,42,2,1848,10.244860649108887
2,42,3,113,9.438228607177734
2,42,4,2739,9.014612197875977
2,42,5,272,8.940898895263672
2,42,6,1398,8.823591232299805
2,42,7,1347,8.819942474365234
2,42,8,508,8.72787094116211
2,42,9,477,8.724411010742188
2,42,10,1621,8.668310165405273
2,43,1,1818,10.819384574890137
2,43,2,1738,9.82328987121582
2,43,3,1469,9.632539749145508
2,43,4,2193,9.296795845031738
2,43,5,2173,9.137133598327637
2,43,6,2739,9.014830589294434
2,43,7,466,9.011038780212402
2,43,8,272,9.00597095489502
2,43,9,1398,8.874584197998047
2,43,10,1347,8.82644271850586
2,45,1,667,13.230058670043945
2,45,2,390,13.082544326782227
2,45,3,1738,13.076070785522461
2,45,4,2739,11.886916160583496
2,45,5,272,11.696317672729492
2,45,6,1347,11.587959289550781
2,45,7,1398,11.52031135559082
2,45,8,477,11.39405632019043
2,45,9,1606,11.29007339477539
2,45,10,2464,11.24769115447998
2,46,1,1848,12.195709228515625
2,46,2,2,11.15615177154541
2,46,3,430,11.025920867919922
2,46,4,2739,10.942344665527344
2,46,5,2557,10.909664154052734
2,46,6,113,10.860222816467285
2,46,7,272,10.844070434570312
2,46,8,1347,10.758387565612793
2,46,9,1398,10.695775985717773
2,46,10,477,10.601561546325684
2,47,1,1848,11.982257843017578
2,47,2,2739,11.848490715026855
2,47,3,272,11.67967700958252
2,47,4,1818,11.639252662658691
2,47,5,1398,11.529085159301758
2,47,6,1347,11.465353012084961
2,47,7,477,11.376396179199219
2,47,8,1606,11.244382858276367
2,47,9,2464,11.205496788024902
2,47,10,2273,10.962139129638672
2,48,1,471,14.95442008972168
2,48,2,390,14.646476745605469
2,48,3,2739,14.376679420471191
2,48,4,272,14.275907516479492
2,48,5,1398,14.106404304504395
2,48,6,1417,14.087240219116211
2,48,7,1347,14.085308074951172
2,48,8,477,13.949355125427246
2,48,9,1606,13.657833099365234
2,48,10,2464,13.570371627807617
2,49,1,1848,11.48823356628418
2,49,2,2739,11.337190628051758
2,49,3,272,11.190135955810547
2,49,4,1398,11.055379867553711
2,49,5,1347,11.023933410644531
2,49,6,477,10.923412322998047
2,49,7,1606,10.775693893432617
2,49,8,2464,10.690202713012695
2,49,9,2888,10.418807029724121
2,49,10,1108,10.278487205505371
2,50,1,248,11.739622116088867
2,50,2,2,10.964104652404785
2,50,3,2739,10.926877975463867
2,50,4,272,10.786456108093262
2,50,5,2193,10.771188735961914
2,50,6,1347,10.685785293579102
2,50,7,1398,10.632120132446289
2,50,8,477,10.525386810302734
2,50,9,1606,10.404735565185547
2,50,10,2464,10.331575393676758
2,51,1,667,13.420173645019531
2,51,2,390,13.298662185668945
2,51,3,2,12.043150901794434
2,51,4,2739,11.98538875579834
2,51,5,272,11.846564292907715
2,51,6,1347,11.73495101928711
2,51,7,1398,11.683218002319336
2,51,8,477,11.561779975891113
2,51,9,1606,11.404666900634766
2,51,10,2557,11.375263214111328
2,52,1,1237,8.173614501953125
2,52,2,1111,7.933614730834961
2,52,3,2075,7.8945722579956055
2,52,4,2916,7.798292636871338
2,52,5,1465,7.7679829597473145
2,52,6,484,7.744681358337402
2,52,7,613,7.735825061798096
2,52,8,1062,7.7079243659973145
2,52,9,416,7.6959547996521
2,52,10,1632,7.6953911781311035
2,53,1,2581,6.7761383056640625
2,53,2,2206,6.606553077697754
2,53,3,597,6.312814712524414
2,53,4,1730,6.228026390075684
2,53,5,1082,6.223107814788818
2,53,6,608,6.222479820251465
2,53,7,400,6.217282295227051
2,53,8,1428,6.159006118774414
2,53,9,666,6.1398162841796875
2,53,10,1628,6.103784561157227
2,54,1,1279,9.276578903198242
2,54,2,1821,9.20427131652832
2,54,3,3059,8.651740074157715
2,54,4,1671,8.20214557647705
2,54,5,2075,8.183639526367188
2,54,6,1062,8.140557289123535
2,54,7,1730,8.084729194641113
2,54,8,2581,8.075386047363281
2,54,9,637,8.07346248626709
2,54,10,1991,7.987957000732422
2,55,1,1237,8.328697204589844
2,55,2,1495,8.030835151672363
2,55,3,613,7.353626251220703
2,55,4,416,7.29911470413208
2,55,5,1111,7.277799606323242
2,55,6,1465,7.163256645202637
2,55,7,2075,7.0625762939453125
2,55,8,544,7.053763389587402
2,55,9,1632,7.049366474151611
2,55,10,2560,7.017251014709473
2,56,1,2581,11.208846092224121
2,56,2,480,10.251546859741211
2,56,3,271,10.107504844665527
2,56,4,1766,10.063409805297852
2,56,5,2111,10.052472114562988
2,56,6,1963,9.901172637939453
2,56,7,2405,9.808483123779297
2,56,8,1300,9.75953483581543
2,56,9,2481,9.729232788085938
2,56,10,1047,9.372417449951172
2,57,1,1600,10.011611938476562
2,57,2,2581,9.547795295715332
2,57,3,461,9.505584716796875
2,57,4,2405,9.061395645141602
2,57,5,1300,9.007593154907227
2,57,6,480,8.992145538330078
2,57,7,2787,8.94234848022461
2,57,8,2368,8.894784927368164
2,57,9,1362,8.879179000854492
2,57,10,2161,8.722983360290527
2,58,1,2368,8.786886215209961
2,58,2,3042,8.692259788513184
2,58,3,2581,8.659103393554688
2,58,4,1963,8.368566513061523
2,58,5,461,8.365571975708008
2,58,6,1461,8.269709587097168
2,58,7,1730,8.250601768493652
2,58,8,2405,8.205451011657715
2,58,9,480,8.1759033203125
2,58,10,1428,8.175674438476562
2,59,1,2581,11.867138862609863
2,59,2,1600,11.827811241149902
2,59,3,1365,11.187406539916992
2,59,4,480,11.103828430175781
2,59,5,1766,10.736961364746094
2,59,6,2111,10.636617660522461
2,59,7,2405,10.480403900146484
2,59,8,1963,10.359758377075195
2,59,9,1047,10.288482666015625
2,59,10,2481,10.256156921386719
2,60,1,2256,13.731907844543457
2,60,2,1447,13.676092147827148
2,60,3,1248,13.637063980102539
2,60,4,1829,12.679549217224121
2,60,5,1730,12.545110702514648
2,60,6,1428,12.519628524780273
2,60,7,1063,12.457046508789062
2,60,8,2432,12.306619644165039
2,60,9,2141,12.257213592529297
2,60,10,2048,12.246204376220703
2,61,1,1248,19.04389190673828
2,61,2,2256,18.539548873901367
2,61,3,1447,18.211135864257812
2,61,4,1829,17.332313537597656
2,61,5,2048,17.010011672973633
2,61,6,1063,17.000192642211914
2,61,7,2141,16.917579650878906
2,61,8,2432,16.866756439208984
2,61,9,1698,16.64148712158203
2,61,10,707,16.51462745666504
2,62,1,2256,14.053142547607422
2,62,2,1248,13.90513801574707
2,62,3,1447,13.860512733459473
2,62,4,1829,12.970785140991211
2,62,5,1730,12.866817474365234
2,62,6,1428,12.826650619506836
2,62,7,1063,12.752172470092773
2,62,8,2432,12.613478660583496
2,62,9,707,12.566800117492676
2,62,10,1127,12.54914665222168
2,63,1,2256,15.256094932556152
2,63,2,1447,15.219053268432617
2,63,3,1248,15.004006385803223
2,63,4,1829,13.977489471435547
2,63,5,1730,13.791569709777832
2,63,6,1428,13.76729965209961
2,63,7,1063,13.722951889038086
2,63,8,707,13.720723152160645
2,63,9,2048,13.684229850769043
2,63,10,1127,13.51000690460205
2,64,1,1963,6.752284049987793
2,64,2,500,6.582777500152588
2,64,3,193,6.566627502441406
2,64,4,192,6.554305076599121
2,64,5,2581,6.542764186859131
2,64,6,1525,6.534504413604736
2,64,7,2997,6.504664421081543
2,64,8,1600,6.445407867431641
2,64,9,1754,6.44075870513916
2,64,10,2677,6.388242244720459
2,65,1,890,9.564321517944336
2,65,2,2618,9.444589614868164
2,65,3,1628,9.330805778503418
2,65,4,2742,8.770803451538086
2,65,5,1600,8.764124870300293
2,65,6,1910,8.70910358428955
2,65,7,1766,8.687467575073242
2,65,8,1047,8.679694175720215
2,65,9,2922,8.562376022338867
2,65,10,480,8.494460105895996
2,66,1,1725,9.360893249511719
2,66,2,453,8.760049819946289
2,66,3,2922,8.65362548828125
2,66,4,1628,8.624490737915039
2,66,5,1047,8.58115005493164
2,66,6,1766,8.285266876220703
2,66,7,1600,8.278833389282227
2,66,8,1963,8.230616569519043
2,66,9,890,8.179155349731445
2,66,10,1300,8.149900436401367
2,67,1,1725,10.506832122802734
2,67,2,2581,10.416864395141602
2,67,3,2742,9.791712760925293
2,67,4,2922,9.68933391571045
2,67,5,2390,9.528258323669434
2,67,6,453,9.5132417678833
2,67,7,1766,9.363609313964844
2,67,8,1047,9.201210021972656
2,67,9,890,9.183326721191406
2,67,10,2618,8.904924392700195
2,68,1,2581,11.21068000793457
2,68,2,1628,9.956411361694336
2,68,3,890,9.936339378356934
2,68,4,1725,9.832228660583496
2,68,5,192,9.49687385559082
2,68,6,2481,9.423368453979492
2,68,7,2922,9.352265357971191
2,68,8,1047,9.31897258758545
2,68,9,530,9.274709701538086
2,68,10,453,9.259603500366211
2,69,1,193,6.8933563232421875
2,69,2,2997,6.87693452835083
2,69,3,1963,6.873232841491699
2,69,4,2581,6.815733909606934
2,69,5,500,6.803500175476074
2,69,6,1525,6.714153289794922
2,69,7,1754,6.636478424072266
2,69,8,1538,6.512545585632324
2,69,9,1600,6.50634765625
2,69,10,192,6.489912033081055
2,70,1,1538,8.345829010009766
2,70,2,193,8.073152542114258
2,70,3,500,7.918688774108887
2,70,4,1525,7.880231857299805
2,70,5,2997,7.772357940673828
2,70,6,1963,7.748404502868652
2,70,7,2366,7.731069564819336
2,70,8,1754,7.6586809158325195
2,70,9,2581,7.618168830871582
2,70,10,645,7.474648952484131
2,72,1,2368,13.406253814697266
2,72,2,1248,13.32894229888916
2,72,3,3042,12.734477996826172
2,72,4,1447,12.586037635803223
2,72,5,2256,12.453876495361328
2,72,6,1829,12.367271423339844
2,72,7,2432,12.22650146484375
2,72,8,1063,12.17704963684082
2,72,9,1698,11.927360534667969
2,72,10,99,11.8727445602417
2,73,1,1248,14.742077827453613
2,73,2,2256,14.502124786376953
2,73,3,1447,14.351978302001953
2,73,4,1829,13.640182495117188
2,73,5,2432,13.481356620788574
2,73,6,1063,13.40742301940918
2,73,7,1698,13.159111976623535
2,73,8,3042,13.11288833618164
2,73,9,2048,12.994852066040039
2,73,10,2141,12.917386054992676
2,74,1,1248,16.88709259033203
2,74,2,1447,16.330673217773438
2,74,3,2256,16.20396614074707
2,74,4,1829,15.562588691711426
2,74,5,1063,15.309720039367676
2,74,6,2432,15.271161079406738
2,74,7,2048,14.998465538024902
2,74,8,1698,14.996702194213867
2,74,9,2003,14.866267204284668
2,74,10,3042,14.726284980773926
2,75,1,1248,17.26681137084961
2,75,2,1447,16.827877044677734
2,75,3,2256,16.64946937561035
2,75,4,1829,15.994609832763672
2,75,5,2432,15.837186813354492
2,75,6,1063,15.762198448181152
2,75,7,1698,15.44378662109375
2,75,8,2048,15.040548324584961
2,75,9,2141,14.86392879486084
2,75,10,400,14.79399299621582
2,76,1,1438,9.935165405273438
2,76,2,746,9.740591049194336
2,76,3,1365,9.729925155639648
2,76,4,271,9.702159881591797
2,76,5,1362,9.537467002868652
2,76,6,3042,9.43643569946289
2,76,7,645,9.335759162902832
2,76,8,1600,9.33095932006836
2,76,9,1267,8.986722946166992
2,76,10,461,8.860438346862793
2,77,1,1287,9.716590881347656
2,77,2,1267,9.462939262390137
2,77,3,2713,9.426029205322266
2,77,4,1645,9.408391952514648
2,77,5,2143,9.215198516845703
2,77,6,205,9.208536148071289
2,77,7,769,9.156656265258789
2,77,8,2095,9.078862190246582
2,77,9,1686,9.058467864990234
2,77,10,1044,9.057540893554688
2,78,1,1438,9.387837409973145
2,78,2,746,9.248167991638184
2,78,3,1600,8.955306053161621
2,78,4,1365,8.946256637573242
2,78,5,271,8.936163902282715
2,78,6,2341,8.721120834350586
2,78,7,1801,8.711854934692383
2,78,8,645,8.630879402160645
2,78,9,2618,8.563741683959961
2,78,10,2405,8.445380210876465
2,80,1,954,10.440829277038574
2,80,2,857,10.10822868347168
2,80,3,655,9.858996391296387
2,80,4,1665,9.509313583374023
2,80,5,1550,9.33450984954834
2,80,6,364,9.275886535644531
2,80,7,235,9.24252986907959
2,80,8,1246,9.163358688354492
2,80,9,2191,9.147675514221191
2,80,10,2642,9.139894485473633
2,81,1,601,11.685657501220703
2,81,2,2299,10.539454460144043
2,81,3,2258,10.537837982177734
2,81,4,546,10.416706085205078
2,81,5,1087,10.415314674377441
2,81,6,1156,10.32858657836914
2,81,7,2736,10.303783416748047
2,81,8,2444,10.286316871643066
2,81,9,1681,10.165970802307129
2,81,10,429,10.140033721923828
2,82,1,3032,11.075738906860352
2,82,2,359,10.242959976196289
2,82,3,2114,10.126001358032227
2,82,4,1547,9.85293197631836
2,82,5,1809,9.762608528137207
2,82,6,717,9.701969146728516
2,82,7,321,9.645486831665039
2,82,8,158,9.60647964477539
2,82,9,2684,9.392619132995605
2,82,10,2323,8.886772155761719
2,83,1,359,9.949959754943848
2,83,2,717,9.517287254333496
2,83,3,1809,9.207201957702637
2,83,4,158,9.16295337677002
2,83,5,1547,9.131427764892578
2,83,6,321,9.03714370727539
2,83,7,2323,8.616982460021973
2,83,8,971,8.360883712768555
2,83,9,2684,8.196895599365234
2,83,10,2100,7.961350440979004
2,84,1,2654,8.185708999633789
2,84,2,2660,8.026976585388184
2,84,3,2114,7.709283828735352
2,84,4,2684,7.689205646514893
2,84,5,321,7.532464981079102
2,84,6,601,7.50067138671875
2,84,7,158,7.487126350402832
2,84,8,1513,7.299644470214844
2,84,9,1547,7.2937726974487305
2,84,10,2258,7.264909744262695
2,85,1,1665,9.30656909942627
2,85,2,2594,9.26570987701416
2,85,3,2642,9.208646774291992
2,85,4,1246,9.205561637878418
2,85,5,2127,8.832193374633789
2,85,6,321,8.82899284362793
2,85,7,1548,8.641963005065918
2,85,8,2356,8.59990119934082
2,85,9,1521,8.509615898132324
2,85,10,2297,8.426031112670898
2,86,1,1665,8.061149597167969
2,86,2,2642,8.039539337158203
2,86,3,2594,8.036149978637695
2,86,4,1246,8.030401229858398
2,86,5,2356,7.73400354385376
2,86,6,1979,7.577409267425537
2,86,7,2127,7.505476951599121
2,86,8,1538,7.1535844802856445
2,86,9,954,7.0607099533081055
2,86,10,1548,7.02915096282959
2,87,1,1665,8.201333999633789
2,87,2,2642,8.11610221862793
2,87,3,1246,8.116050720214844
2,87,4,857,8.04926872253418
2,87,5,1979,8.03231430053711
2,87,6,2594,8.026453971862793
2,87,7,2127,7.849644184112549
2,87,8,364,7.831997871398926
2,87,9,235,7.801111221313477
2,87,10,174,7.733644962310791
2,88,1,2801,10.002786636352539
2,88,2,747,9.909852981567383
2,88,3,2963,9.853816032409668
2,88,4,60,9.820367813110352
2,88,5,504,9.8120698928833
2,88,6,2961,9.80281925201416
2,88,7,653,9.64123249053955
2,88,8,31,9.574792861938477
2,88,9,1383,9.465638160705566
2,88,10,1190,9.394209861755371
2,89,1,738,9.485525131225586
2,89,2,2963,9.47087574005127
2,89,3,60,8.9967622756958
2,89,4,2801,8.5068359375
2,89,5,747,8.457159042358398
2,89,6,2297,8.439826011657715
2,89,7,2961,8.391656875610352
2,89,8,504,8.36973762512207
2,89,9,653,8.219482421875
2,89,10,31,8.201858520507812
2,90,1,1312,11.32767105102539
2,90,2,2297,11.016752243041992
2,90,3,1038,10.509231567382812
2,90,4,1015,10.493194580078125
2,90,5,2734,10.442631721496582
2,90,6,2801,10.355142593383789
2,90,7,289,10.345301628112793
2,90,8,864,10.341299057006836
2,90,9,504,10.282811164855957
2,90,10,1311,10.214557647705078
2,91,1,174,12.606380462646484
2,91,2,2801,12.580363273620605
2,91,3,504,12.464978218078613
2,91,4,2297,12.100025177001953
2,91,5,1015,12.009881973266602
2,91,6,2963,11.972794532775879
2,91,7,864,11.842222213745117
2,91,8,653,11.81078815460205
2,91,9,289,11.773289680480957
2,91,10,2961,11.679985046386719
2,93,1,1146,14.273982048034668
2,93,2,738,13.860934257507324
2,93,3,1502,12.95226764678955
2,93,4,1223,12.904507637023926
2,93,5,1984,12.528234481811523
2,93,6,864,11.669949531555176
2,93,7,174,11.588150024414062
2,93,8,2440,11.523870468139648
2,93,9,2814,11.447111129760742
2,93,10,230,11.407074928283691
2,94,1,738,11.805042266845703
2,94,2,1146,11.688970565795898
2,94,3,459,11.398673057556152
2,94,4,1502,11.062106132507324
2,94,5,272,10.893610000610352
2,94,6,2739,10.853801727294922
2,94,7,477,10.847236633300781
2,94,8,1398,10.807106971740723
2,94,9,60,10.653803825378418
2,94,10,1347,10.634099006652832
2,95,1,738,10.911335945129395
2,95,2,1146,10.670976638793945
2,95,3,459,10.415437698364258
2,95,4,1502,10.354195594787598
2,95,5,60,10.050691604614258
2,95,6,747,9.764252662658691
2,95,7,2440,9.24654769897461
2,95,8,2734,9.159659385681152
2,95,9,230,9.133135795593262
2,95,10,1984,9.102322578430176
2,97,1,2416,11.306295394897461
2,97,2,500,10.341387748718262
2,97,3,2713,10.28819465637207
2,97,4,1525,10.217094421386719
2,97,5,3015,10.171737670898438
2,97,6,2448,10.132372856140137
2,97,7,2395,9.866897583007812
2,97,8,193,9.833968162536621
2,97,9,1287,9.764169692993164
2,97,10,2897,9.714361190795898
2,98,1,1287,14.80523681640625
2,98,2,2713,14.639583587646484
2,98,3,1645,14.014165878295898
2,98,4,193,13.961982727050781
2,98,5,1686,13.784238815307617
2,98,6,1044,13.755426406860352
2,98,7,2395,13.617189407348633
2,98,8,257,13.544912338256836
2,98,9,3015,13.427206039428711
2,98,10,1720,13.37850570678711
2,99,1,2448,11.192426681518555
2,99,2,500,10.565112113952637
2,99,3,2395,10.452622413635254
2,99,4,1525,10.438660621643066
2,99,5,2713,10.260472297668457
2,99,6,1156,10.084853172302246
2,99,7,1295,9.964146614074707
2,99,8,193,9.927026748657227
2,99,9,1287,9.920113563537598
2,99,10,2134,9.827252388000488
2,100,1,1287,13.718544960021973
2,100,2,93,13.692350387573242
2,100,3,2713,13.60006332397461
2,100,4,1645,13.290071487426758
2,100,5,2395,13.208769798278809
2,100,6,1044,12.933333396911621
2,100,7,1686,12.906271934509277
2,100,8,1156,12.889419555664062
2,100,9,500,12.82961368560791
2,100,10,1525,12.825514793395996
2,101,1,2143,11.394613265991211
2,101,2,2416,10.999900817871094
2,101,3,1287,10.97983169555664
2,101,4,2521,10.953330993652344
2,101,5,1156,10.939628601074219
2,101,6,559,10.854186058044434
2,101,7,93,10.837106704711914
2,101,8,1645,10.832191467285156
2,101,9,1267,10.723498344421387
2,101,10,1812,10.688542366027832
2,102,1,1156,12.468931198120117
2,102,2,2143,12.19047737121582
2,102,3,2416,12.106855392456055
2,102,4,675,11.883150100708008
2,102,5,1812,11.882453918457031
2,102,6,93,11.860097885131836
2,102,7,769,11.853469848632812
2,102,8,2521,11.832841873168945
2,102,9,1681,11.72852897644043
2,102,10,2395,11.66096305847168
2,103,1,93,13.576272010803223
2,103,2,2416,13.296497344970703
2,103,3,1812,13.184215545654297
2,103,4,769,12.983469009399414
2,103,5,1156,12.731403350830078
2,103,6,1612,12.572439193725586
2,103,7,2159,12.57180404663086
2,103,8,2521,12.486845970153809
2,103,9,1838,12.29367446899414
2,103,10,559,12.286735534667969
2,104,1,1156,15.241460800170898
2,104,2,2143,14.767974853515625
2,104,3,2448,14.5414400100708
2,104,4,2521,13.988741874694824
2,104,5,2406,13.957574844360352
2,104,6,1612,13.857510566711426
2,104,7,2416,13.754226684570312
2,104,8,2087,13.737274169921875
2,104,9,692,13.653438568115234
2,104,10,215,13.527584075927734
2,105,1,1812,12.376934051513672
2,105,2,2143,12.055116653442383
2,105,3,769,12.001018524169922
2,105,4,2448,11.629938125610352
2,105,5,1156,11.626313209533691
2,105,6,2087,11.50792407989502
2,105,7,1612,11.353349685668945
2,105,8,534,11.331992149353027
2,105,9,692,11.209964752197266
2,105,10,215,11.040731430053711
2,106,1,1287,12.418938636779785
2,106,2,1645,12.201508522033691
2,106,3,1708,11.99985122680664
2,106,4,2521,11.919797897338867
2,106,5,1267,11.804276466369629
2,106,6,1044,11.756760597229004
2,106,7,1686,11.741098403930664
2,106,8,2713,11.727243423461914
2,106,9,2159,11.56787109375
2,106,10,2951,11.43179702758789
2,108,1,1156,11.91535758972168
2,108,2,2143,11.82113265991211
2,108,3,1681,11.566976547241211
2,108,4,675,11.534664154052734
2,108,5,2406,11.45314884185791
2,108,6,2095,11.401792526245117
2,108,7,2159,11.347273826599121
2,108,8,1642,11.322328567504883
2,108,9,2306,11.316864013671875
2,108,10,2448,11.175127029418945
2,109,1,2143,9.950034141540527
2,109,2,1287,9.673898696899414
2,109,3,1645,9.57384967803955
2,109,4,2095,9.528940200805664
2,109,5,2521,9.493208885192871
2,109,6,1267,9.426798820495605
2,109,7,1708,9.395222663879395
2,109,8,1642,9.326737403869629
2,109,9,2713,9.314493179321289
2,109,10,2159,9.303443908691406
2,110,1,1538,8.6055326461792
2,110,2,2352,7.969040870666504
2,110,3,1686,7.938197135925293
2,110,4,1044,7.934722900390625
2,110,5,1659,7.761456489562988
2,110,6,612,7.634517192840576
2,110,7,2127,7.610219955444336
2,110,8,861,7.5996246337890625
2,110,9,2989,7.534056663513184
2,110,10,1645,7.511396408081055
2,111,1,1522,6.227313041687012
2,111,2,857,5.975899696350098
2,111,3,1538,5.910831928253174
2,111,4,706,5.888731002807617
2,111,5,2989,5.848415851593018
2,111,6,2366,5.74781608581543
2,111,7,861,5.6715593338012695
2,111,8,2352,5.592988967895508
2,111,9,969,5.504749298095703
2,111,10,364,5.471826553344727
2,112,1,2998,10.448323249816895
2,112,2,857,10.396371841430664
2,112,3,2366,10.285696029663086
2,112,4,1522,10.152753829956055
2,112,5,706,10.093596458435059
2,112,6,756,9.951499938964844
2,112,7,1146,9.927112579345703
2,112,8,235,9.87910270690918
2,112,9,1538,9.759783744812012
2,112,10,2297,9.759194374084473
2,113,1,2998,9.168825149536133
2,113,2,857,9.06514835357666
2,113,3,2366,8.77995491027832
2,113,4,235,8.589143753051758
2,113,5,1940,8.527875900268555
2,113,6,1838,8.51283073425293
2,113,7,756,8.358043670654297
2,113,8,706,8.355840682983398
2,113,9,364,8.333732604980469
2,113,10,1522,8.22613525390625
2,114,1,1970,12.953887939453125
2,114,2,429,12.65951156616211
2,114,3,2444,12.640155792236328
2,114,4,1087,12.48978042602539
2,114,5,1374,12.459168434143066
2,114,6,546,12.420433044433594
2,114,7,2285,12.380046844482422
2,114,8,2736,12.282002449035645
2,114,9,601,12.267511367797852
2,114,10,474,12.125284194946289
2,115,1,2127,15.210988998413086
2,115,2,1087,15.169336318969727
2,115,3,546,15.049966812133789
2,115,4,429,15.022820472717285
2,115,5,2736,14.890713691711426
2,115,6,1970,14.875504493713379
2,115,7,1487,14.85068130493164
2,115,8,2621,14.686895370483398
2,115,9,2299,14.549994468688965
2,115,10,1342,14.259037017822266
2,116,1,1087,14.76107120513916
2,116,2,2285,14.626075744628906
2,116,3,546,14.58806037902832
2,116,4,2736,14.438859939575195
2,116,5,2621,14.431853294372559
2,116,6,1487,14.26031494140625
2,116,7,2299,14.258071899414062
2,116,8,2738,14.24886417388916
2,116,9,429,14.128402709960938
2,116,10,1970,14.042633056640625
2,117,1,652,11.142967224121094
2,117,2,2630,10.954611778259277
2,117,3,1087,10.945390701293945
2,117,4,546,10.688772201538086
2,117,5,2299,10.635607719421387
2,117,6,2184,10.621468544006348
2,117,7,2736,10.600428581237793
2,117,8,1487,10.47964859008789
2,117,9,2621,10.458999633789062
2,117,10,1518,10.403550148010254
2,118,1,2127,13.616968154907227
2,118,2,2285,13.293078422546387
2,118,3,208,13.263239860534668
2,118,4,1156,13.086578369140625
2,118,5,601,13.063410758972168
2,118,6,14,13.000994682312012
2,118,7,1340,12.805926322937012
2,118,8,2258,12.768163681030273
2,118,9,2848,12.747993469238281
2,118,10,2552,12.72300910949707
2,119,1,2297,11.702856063842773
2,119,2,364,11.688074111938477
2,119,3,2127,11.568572998046875
2,119,4,2476,11.31151008605957
2,119,5,2323,11.26786994934082
2,119,6,208,11.067449569702148
2,119,7,60,10.988527297973633
2,119,8,174,10.927988052368164
2,119,9,969,10.913738250732422
2,119,10,1513,10.89486026763916
2,120,1,2476,12.295904159545898
2,120,2,1522,12.155750274658203
2,120,3,2127,12.07442855834961
2,120,4,2323,11.785890579223633
2,120,5,208,11.649295806884766
2,120,6,2297,11.643455505371094
2,120,7,2366,11.632547378540039
2,120,8,1538,11.61014175415039
2,120,9,93,11.565363883972168
2,120,10,1513,11.453857421875
2,121,1,2127,12.047011375427246
2,121,2,2297,11.997885704040527
2,121,3,208,11.767134666442871
2,121,4,1146,11.532063484191895
2,121,5,2285,11.52449893951416
2,121,6,60,11.51143741607666
2,121,7,706,11.482664108276367
2,121,8,2258,11.367035865783691
2,121,9,2476,11.307910919189453
2,121,10,429,11.3020601272583
2,122,1,1087,12.48953914642334
2,122,2,1487,12.139070510864258
2,122,3,1970,11.83761978149414
2,122,4,1374,11.773938179016113
2,122,5,2621,11.772016525268555
2,122,6,2444,11.72744083404541
2,122,7,1146,11.69519329071045
2,122,8,601,11.673453330993652
2,122,9,208,11.60746955871582
2,122,10,2285,11.603189468383789
2,123,1,1146,10.217140197753906
2,123,2,2127,9.91668701171875
2,123,3,1087,9.7515287399292
2,123,4,474,9.738710403442383
2,123,5,429,9.705711364746094
2,123,6,546,9.637748718261719
2,123,7,652,9.619688987731934
2,123,8,2621,9.54726791381836
2,123,9,1785,9.522711753845215
2,123,10,2736,9.520472526550293
2,124,1,1487,10.500423431396484
2,124,2,601,10.275222778320312
2,124,3,429,10.232095718383789
2,124,4,1535,10.22330379486084
2,124,5,652,10.159693717956543
2,124,6,724,10.05087661743164
2,124,7,1342,9.998191833496094
2,124,8,2630,9.869746208190918
2,124,9,2444,9.7977933883667
2,124,10,1359,9.748671531677246
2,125,1,2444,10.596041679382324
2,125,2,1374,10.578516006469727
2,125,3,208,10.522712707519531
2,125,4,1683,10.494463920593262
2,125,5,601,10.494302749633789
2,125,6,652,10.422185897827148
2,125,7,2285,10.41093635559082
2,125,8,2630,10.339879035949707
2,125,9,2127,10.336057662963867
2,125,10,724,10.273734092712402
2,127,1,1087,9.548982620239258
2,127,2,474,9.307826042175293
2,127,3,2621,9.205739974975586
2,127,4,546,9.186724662780762
2,127,5,2299,9.137081146240234
2,127,6,2736,9.066274642944336
2,127,7,724,9.02551555633545
2,127,8,652,8.789900779724121
2,127,9,2127,8.687542915344238
2,127,10,681,8.514557838439941
2,129,1,474,10.113391876220703
2,129,2,1087,10.039935111999512
2,129,3,3047,9.937856674194336
2,129,4,1194,9.719698905944824
2,129,5,2621,9.575919151306152
2,129,6,546,9.454285621643066
2,129,7,2736,9.345800399780273
2,129,8,2299,9.25175666809082
2,129,9,652,9.182183265686035
2,129,10,2668,9.165521621704102
2,131,1,1194,11.707172393798828
2,131,2,38,11.628881454467773
2,131,3,2474,11.535733222961426
2,131,4,845,11.346701622009277
2,131,5,2536,11.101921081542969
2,131,6,3047,10.93016529083252
2,131,7,414,10.6650390625
2,131,8,557,10.64256477355957
2,131,9,421,10.617081642150879
2,131,10,2717,10.583192825317383
2,132,1,1839,12.064483642578125
2,132,2,421,11.5327730178833
2,132,3,2717,11.508262634277344
2,132,4,2668,11.362977027893066
2,132,5,652,11.32373332977295
2,132,6,557,11.23072624206543
2,132,7,1341,11.229618072509766
2,132,8,476,11.095854759216309
2,132,9,1892,11.008420944213867
2,132,10,474,11.005367279052734
2,133,1,1839,12.064483642578125
2,133,2,421,11.5327730178833
2,133,3,2717,11.508262634277344
2,133,4,2668,11.362977027893066
2,133,5,652,11.32373332977295
2,133,6,557,11.23072624206543
2,133,7,1341,11.229618072509766
2,133,8,476,11.095854759216309
2,133,9,1892,11.008420944213867
2,133,10,474,11.005367279052734
2,134,1,1839,12.064483642578125
2,134,2,421,11.5327730178833
2,134,3,2717,11.508262634277344
2,134,4,2668,11.362977027893066
2,134,5,652,11.32373332977295
2,134,6,557,11.23072624206543
2,134,7,1341,11.229618072509766
2,134,8,476,11.095854759216309
2,134,9,1892,11.008420944213867
2,134,10,474,11.005367279052734
2,135,1,1839,12.064483642578125
2,135,2,421,11.5327730178833
2,135,3,2717,11.508262634277344
2,135,4,2668,11.362977027893066
2,135,5,652,11.32373332977295
2,135,6,557,11.23072624206543
2,135,7,1341,11.229618072509766
2,135,8,476,11.095854759216309
2,135,9,1892,11.008420944213867
2,135,10,474,11.005367279052734
2,136,1,1982,10.602249145507812
2,136,2,1194,10.44246768951416
2,136,3,2288,10.27388858795166
2,136,4,2780,10.248746871948242
2,136,5,1197,10.075212478637695
2,136,6,845,10.06466293334961
2,136,7,421,10.011415481567383
2,136,8,2717,9.955195426940918
2,136,9,38,9.944042205810547
2,136,10,3047,9.930957794189453
2,137,1,1352,11.437646865844727
2,137,2,1194,11.209531784057617
2,137,3,2536,10.835402488708496
2,137,4,414,10.673101425170898
2,137,5,1839,10.406895637512207
2,137,6,990,10.40604305267334
2,137,7,2668,10.265326499938965
2,137,8,474,10.228654861450195
2,137,9,3047,10.118019104003906
2,137,10,327,10.032506942749023
2,138,1,2288,10.880459785461426
2,138,2,1982,10.759561538696289
2,138,3,1352,10.07048225402832
2,138,4,1194,9.559804916381836
2,138,5,414,9.277071952819824
2,138,6,2536,9.182766914367676
2,138,7,557,9.166238784790039
2,138,8,2234,9.11902141571045
2,138,9,1939,9.11036205291748
2,138,10,2995,8.937658309936523
2,139,1,1197,10.400777816772461
2,139,2,1352,10.358733177185059
2,139,3,1194,10.138941764831543
2,139,4,414,9.984823226928711
2,139,5,990,9.79734992980957
2,139,6,2536,9.668844223022461
2,139,7,1939,9.396711349487305
2,139,8,1872,9.277359008789062
2,139,9,835,9.133584022521973
2,139,10,791,9.12431526184082
2,140,1,1352,9.569099426269531
2,140,2,1839,9.40809154510498
2,140,3,1507,9.123497009277344
2,140,4,1194,9.064477920532227
2,140,5,2536,9.045763969421387
2,140,6,414,9.01602554321289
2,140,7,990,8.997552871704102
2,140,8,1816,8.95567512512207
2,140,9,835,8.653948783874512
2,140,10,1939,8.576172828674316
2,141,1,845,9.033052444458008
2,141,2,1839,8.715006828308105
2,141,3,1982,8.704824447631836
2,141,4,2536,8.620386123657227
2,141,5,2474,8.58414077758789
2,141,6,1352,8.485383987426758
2,141,7,2288,8.430109024047852
2,141,8,2780,8.366994857788086
2,141,9,421,8.327817916870117
2,141,10,557,8.30793571472168
2,142,1,1352,10.524285316467285
2,142,2,845,10.495983123779297
2,142,3,1982,10.36237621307373
2,142,4,1194,10.158077239990234
2,142,5,2288,10.092656135559082
2,142,6,421,10.066278457641602
2,142,7,1839,10.039111137390137
2,142,8,2717,10.019963264465332
2,142,9,2780,9.967893600463867
2,142,10,2814,9.959442138671875
2,143,1,1352,10.1122407913208
2,143,2,1892,9.869531631469727
2,143,3,845,9.81008529663086
2,143,4,1982,9.283889770507812
2,143,5,421,9.182902336120605
2,143,6,2717,9.135238647460938
2,143,7,1194,9.110427856445312
2,143,8,2780,9.063000679016113
2,143,9,1839,8.927966117858887
2,143,10,2288,8.903260231018066
2,144,1,1352,12.334819793701172
2,144,2,2536,11.492152214050293
2,144,3,2814,11.361868858337402
2,144,4,2780,11.195201873779297
2,144,5,1982,11.14815902709961
2,144,6,835,11.142390251159668
2,144,7,1839,11.132375717163086
2,144,8,1892,11.112224578857422
2,144,9,845,11.015470504760742
2,144,10,474,10.99933910369873
2,145,1,2814,14.52147102355957
2,145,2,474,13.144378662109375
2,145,3,1352,12.947793006896973
2,145,4,2536,12.64315414428711
2,145,5,835,12.418373107910156
2,145,6,1892,12.336677551269531
2,145,7,1839,12.032870292663574
2,145,8,2912,11.66680908203125
2,145,9,301,11.658147811889648
2,145,10,665,11.579719543457031
2,146,1,474,10.578397750854492
2,146,2,2940,10.520021438598633
2,146,3,1839,10.46249008178711
2,146,4,1352,10.388567924499512
2,146,5,2536,9.893196105957031
2,146,6,2780,9.727624893188477
2,146,7,1982,9.71053695678711
2,146,8,557,9.660074234008789
2,146,9,1892,9.646112442016602
2,146,10,835,9.48893928527832
2,147,1,1352,10.529924392700195
2,147,2,1194,10.380266189575195
2,147,3,845,10.100540161132812
2,147,4,1839,10.066976547241211
2,147,5,2536,9.982479095458984
2,147,6,1982,9.793585777282715
2,147,7,835,9.727943420410156
2,147,8,1892,9.657100677490234
2,147,9,557,9.625631332397461
2,147,10,2780,9.595640182495117
2,148,1,557,11.556432723999023
2,148,2,845,11.340447425842285
2,148,3,1435,11.141664505004883
2,148,4,1839,11.098915100097656
2,148,5,298,10.812877655029297
2,148,6,2910,10.595230102539062
2,148,7,2219,10.512685775756836
2,148,8,1379,10.357572555541992
2,148,9,2136,10.339731216430664
2,148,10,1248,10.1713228225708
2,150,1,557,10.505729675292969
2,150,2,845,10.368368148803711
2,150,3,2910,10.240741729736328
2,150,4,1379,10.065336227416992
2,150,5,1839,10.041632652282715
2,150,6,2136,10.02137565612793
2,150,7,1435,10.005237579345703
2,150,8,1248,9.919820785522461
2,150,9,184,9.497357368469238
2,150,10,2141,9.458527565002441
2,151,1,845,9.825069427490234
2,151,2,557,9.404111862182617
2,151,3,2474,9.027193069458008
2,151,4,1839,8.981527328491211
2,151,5,1435,8.592876434326172
2,151,6,1721,8.4907865524292
2,151,7,699,8.392852783203125
2,151,8,38,8.270837783813477
2,151,9,184,8.211382865905762
2,151,10,2995,8.204097747802734
2,153,1,845,10.62807846069336
2,153,2,2474,10.505361557006836
2,153,3,557,10.148914337158203
2,153,4,1839,10.081497192382812
2,153,5,32,10.044902801513672
2,153,6,1567,9.924433708190918
2,153,7,1725,9.809094429016113
2,153,8,1726,9.708251953125
2,153,9,1250,9.637344360351562
2,153,10,38,9.624755859375
2,154,1,1725,11.572549819946289
2,154,2,2474,11.260855674743652
2,154,3,990,11.096091270446777
2,154,4,845,10.837536811828613
2,154,5,1839,10.710073471069336
2,154,6,2006,10.576257705688477
2,154,7,557,10.548089027404785
2,154,8,2922,10.53933334350586
2,154,9,327,10.538315773010254
2,154,10,1982,10.502812385559082
2,155,1,464,11.725971221923828
2,155,2,186,11.565662384033203
2,155,3,1839,11.098288536071777
2,155,4,2630,10.866305351257324
2,155,5,681,10.6644926071167
2,155,6,2474,10.542472839355469
2,155,7,1087,10.524747848510742
2,155,8,652,10.52243709564209
2,155,9,1518,10.494853973388672
2,155,10,2668,10.429923057556152
2,156,1,464,11.725971221923828
2,156,2,186,11.565662384033203
2,156,3,1839,11.098288536071777
2,156,4,2630,10.866305351257324
2,156,5,681,10.6644926071167
2,156,6,2474,10.542472839355469
2,156,7,1087,10.524747848510742
2,156,8,652,10.52243709564209
2,156,9,1518,10.494853973388672
2,156,10,2668,10.429923057556152
2,157,1,464,11.725971221923828
2,157,2,186,11.565662384033203
2,157,3,1839,11.098288536071777
2,157,4,2630,10.866305351257324
2,157,5,681,10.6644926071167
2,157,6,2474,10.542472839355469
2,157,7,1087,10.524747848510742
2,157,8,652,10.52243709564209
2,157,9,1518,10.494853973388672
2,157,10,2668,10.429923057556152
2,159,1,464,12.043329238891602
2,159,2,1898,11.95816707611084
2,159,3,1871,11.638692855834961
2,159,4,2016,11.27011489868164
2,159,5,186,11.022555351257324
2,159,6,601,10.999800682067871
2,159,7,1087,10.96902084350586
2,159,8,2097,10.923508644104004
2,159,9,177,10.7676362991333
2,159,10,298,10.767173767089844
2,160,1,2668,11.07296371459961
2,160,2,1315,10.741907119750977
2,160,3,1087,10.711233139038086
2,160,4,1683,10.56900691986084
2,160,5,186,10.563399314880371
2,160,6,177,10.466713905334473
2,160,7,298,10.359432220458984
2,160,8,2016,10.349449157714844
2,160,9,2299,10.29217529296875
2,160,10,681,10.268428802490234
2,161,1,186,11.51150131225586
2,161,2,1087,10.892385482788086
2,161,3,601,10.83613109588623
2,161,4,681,10.82941722869873
2,161,5,1683,10.652984619140625
2,161,6,2299,10.617725372314453
2,161,7,38,10.573369026184082
2,161,8,2668,10.538312911987305
2,161,9,2995,10.407041549682617
2,161,10,2621,10.359289169311523
2,162,1,186,9.7847900390625
2,162,2,39,9.235359191894531
2,162,3,1839,9.032819747924805
2,162,4,2630,8.985578536987305
2,162,5,2412,8.827037811279297
2,162,6,2581,8.809331893920898
2,162,7,1391,8.788260459899902
2,162,8,652,8.764787673950195
2,162,9,1518,8.757522583007812
2,162,10,1359,8.581750869750977
2,163,1,39,8.254476547241211
2,163,2,1839,8.060293197631836
2,163,3,186,7.926894187927246
2,163,4,32,7.87760066986084
2,163,5,557,7.68111515045166
2,163,6,1644,7.594782829284668
2,163,7,2412,7.584190368652344
2,163,8,2219,7.3080153465271
2,163,9,298,7.242242336273193
2,163,10,1721,7.212015151977539
2,164,1,1725,7.824125289916992
2,164,2,453,7.426153182983398
2,164,3,2581,7.420590400695801
2,164,4,2719,7.299956321716309
2,164,5,551,7.102376937866211
2,164,6,2922,7.040789604187012
2,164,7,1415,6.952131271362305
2,164,8,1047,6.86698055267334
2,164,9,2286,6.7923994064331055
2,164,10,2162,6.7802252769470215
2,165,1,1725,8.552549362182617
2,165,2,2581,8.211247444152832
2,165,3,453,7.988315582275391
2,165,4,2719,7.8000383377075195
2,165,5,1415,7.780029296875
2,165,6,2922,7.635986328125
2,165,7,990,7.569108009338379
2,165,8,1047,7.35012674331665
2,165,9,2286,7.296667098999023
2,165,10,123,7.160683631896973
2,166,1,1725,9.490449905395508
2,166,2,453,8.858094215393066
2,166,3,1237,8.648141860961914
2,166,4,2922,8.62137222290039
2,166,5,1100,8.44015121459961
2,166,6,3041,8.344149589538574
2,166,7,1047,8.09949016571045
2,166,8,123,7.965391159057617
2,166,9,2719,7.772775650024414
2,166,10,1821,7.729404926300049
2,167,1,1415,9.338349342346191
2,167,2,1237,8.971261978149414
2,167,3,1358,8.726685523986816
2,167,4,2286,8.672253608703613
2,167,5,544,8.617536544799805
2,167,6,1725,8.483150482177734
2,167,7,354,8.468079566955566
2,167,8,30,8.341120719909668
2,167,9,2165,8.271462440490723
2,167,10,509,8.136545181274414
2,168,1,444,9.626030921936035
2,168,2,536,8.871981620788574
2,168,3,1832,8.727298736572266
2,168,4,990,8.355477333068848
2,168,5,554,8.25947380065918
2,168,6,3041,8.128927230834961
2,168,7,863,8.05132007598877
2,168,8,1302,7.998541355133057
2,168,9,1723,7.681840896606445
2,168,10,1674,7.672275543212891
2,169,1,444,9.787073135375977
2,169,2,536,9.070432662963867
2,169,3,1832,8.952462196350098
2,169,4,554,8.54336929321289
2,169,5,1415,8.41273307800293
2,169,6,863,8.327759742736816
2,169,7,354,8.313716888427734
2,169,8,1723,8.05005931854248
2,169,9,1674,8.050048828125
2,169,10,2493,7.8155598640441895
2,170,1,444,8.865018844604492
2,170,2,1237,8.178743362426758
2,170,3,536,8.15518856048584
2,170,4,1202,8.067892074584961
2,170,5,1832,7.918156623840332
2,170,6,327,7.855544090270996
2,170,7,1302,7.439638137817383
2,170,8,863,7.32340145111084
2,170,9,1725,7.307979583740234
2,170,10,554,7.1655192375183105
2,171,1,453,9.498085021972656
2,171,2,2581,8.773744583129883
2,171,3,1415,8.755264282226562
2,171,4,2560,8.640976905822754
2,171,5,791,8.582233428955078
2,171,6,990,8.528502464294434
2,171,7,2719,8.31277084350586
2,171,8,2286,8.214408874511719
2,171,9,2998,8.070210456848145
2,171,10,2358,7.9442925453186035
2,172,1,990,8.215588569641113
2,172,2,2581,8.144643783569336
2,172,3,1415,7.968728065490723
2,172,4,2286,7.468862533569336
2,172,5,2137,7.468469619750977
2,172,6,791,7.463004112243652
2,172,7,2702,7.313595771789551
2,172,8,2111,7.2983174324035645
2,172,9,1724,7.218996047973633
2,172,10,2358,7.103024482727051
2,173,1,2922,7.469602108001709
2,173,2,1415,7.421985626220703
2,173,3,990,7.390414237976074
2,173,4,1047,7.303755760192871
2,173,5,2286,7.021755218505859
2,173,6,2581,7.021517753601074
2,173,7,2702,6.979325771331787
2,173,8,1724,6.929925918579102
2,173,9,791,6.664767265319824
2,173,10,3041,6.517501354217529
2,174,1,1429,9.356026649475098
2,174,2,193,8.973767280578613
2,174,3,1720,8.846719741821289
2,174,4,2581,8.764213562011719
2,174,5,559,8.68567180633545
2,174,6,1287,8.537690162658691
2,174,7,629,8.45221996307373
2,174,8,1047,8.393827438354492
2,174,9,2997,8.355646133422852
2,174,10,2098,8.34992790222168
2,175,1,1429,8.351167678833008
2,175,2,2581,8.333209991455078
2,175,3,193,8.287393569946289
2,175,4,2997,8.18940258026123
2,175,5,1720,7.900407791137695
2,175,6,1725,7.868383407592773
2,175,7,453,7.77616548538208
2,175,8,1882,7.735344886779785
2,175,9,2358,7.728394508361816
2,175,10,2481,7.67744255065918
2,176,1,1365,9.728174209594727
2,176,2,2787,9.725869178771973
2,176,3,1429,9.658210754394531
2,176,4,2581,9.600103378295898
2,176,5,2448,9.536809921264648
2,176,6,2997,9.535919189453125
2,176,7,2410,9.478555679321289
2,176,8,205,9.416853904724121
2,176,9,629,9.37302303314209
2,176,10,193,9.35888385772705
2,177,1,193,10.411592483520508
2,177,2,1287,10.204501152038574
2,177,3,1429,10.169492721557617
2,177,4,1720,10.04262924194336
2,177,5,2713,9.842733383178711
2,177,6,1645,9.800800323486328
2,177,7,1142,9.5316162109375
2,177,8,2997,9.491917610168457
2,177,9,2098,9.468952178955078
2,177,10,1686,9.465045928955078
2,178,1,193,9.309268951416016
2,178,2,1429,9.213470458984375
2,178,3,1287,9.092792510986328
2,178,4,1028,9.00484848022461
2,178,5,1720,9.001592636108398
2,178,6,2622,8.726456642150879
2,178,7,696,8.66506576538086
2,178,8,2997,8.660053253173828
2,178,9,2713,8.605681419372559
2,178,10,1645,8.598834991455078
2,179,1,193,11.266584396362305
2,179,2,559,11.216493606567383
2,179,3,2143,11.210882186889648
2,179,4,2095,11.201563835144043
2,179,5,1720,11.150789260864258
2,179,6,692,11.130398750305176
2,179,7,1429,11.12170124053955
2,179,8,205,11.072395324707031
2,179,9,2098,11.049543380737305
2,179,10,1642,11.041017532348633
2,180,1,1287,11.76414680480957
2,180,2,2713,11.565693855285645
2,180,3,2448,11.259872436523438
2,180,4,2095,11.181476593017578
2,180,5,215,11.171688079833984
2,180,6,559,11.125925064086914
2,180,7,2143,11.11396598815918
2,180,8,205,11.06539535522461
2,180,9,1642,11.047636985778809
2,180,10,193,11.041074752807617
2,181,1,1287,13.422320365905762
2,181,2,193,12.892518997192383
2,181,3,559,12.842121124267578
2,181,4,1429,12.698505401611328
2,181,5,1720,12.492548942565918
2,181,6,611,12.29379653930664
2,181,7,257,12.20799446105957
2,181,8,2448,12.131966590881348
2,181,9,1620,12.07688045501709
2,181,10,205,12.055278778076172
2,182,1,2713,12.737689971923828
2,182,2,1686,12.418756484985352
2,182,3,1044,12.379409790039062
2,182,4,193,11.984516143798828
2,182,5,2448,11.900962829589844
2,182,6,611,11.878217697143555
2,182,7,2416,11.844188690185547
2,182,8,2095,11.792069435119629
2,182,9,2143,11.74176025390625
2,182,10,2521,11.732076644897461
2,183,1,193,10.531164169311523
2,183,2,1838,9.511978149414062
2,183,3,1295,9.287583351135254
2,183,4,2713,9.217926025390625
2,183,5,1686,9.054393768310547
2,183,6,1044,9.034213066101074
2,183,7,2957,8.903387069702148
2,183,8,2448,8.875832557678223
2,183,9,559,8.8485107421875
2,183,10,1645,8.803756713867188
2,184,1,1620,12.431909561157227
2,184,2,1235,11.748811721801758
2,184,3,1538,11.667448997497559
2,184,4,1686,11.426287651062012
2,184,5,2713,11.418374061584473
2,184,6,1645,11.314536094665527
2,184,7,1044,11.279821395874023
2,184,8,559,11.257845878601074
2,184,9,629,11.075544357299805
2,184,10,205,10.97807502746582
2,185,1,257,11.072168350219727
2,185,2,1686,10.445085525512695
2,185,3,2713,10.356895446777344
2,185,4,1044,10.346760749816895
2,185,5,1235,10.299745559692383
2,185,6,1645,10.287105560302734
2,185,7,1287,10.226239204406738
2,185,8,559,10.181880950927734
2,185,9,1708,9.709815979003906
2,185,10,1659,9.677278518676758
2,186,1,1838,11.492488861083984
2,186,2,1429,11.276532173156738
2,186,3,1538,11.121223449707031
2,186,4,1720,11.081867218017578
2,186,5,1754,10.913983345031738
2,186,6,2713,10.912527084350586
2,186,7,1686,10.884479522705078
2,186,8,2957,10.84124755859375
2,186,9,1044,10.821969032287598
2,186,10,2366,10.703754425048828
2,187,1,2366,9.236104011535645
2,187,2,1538,8.878889083862305
2,187,3,500,8.771289825439453
2,187,4,1235,8.717890739440918
2,187,5,1525,8.65874195098877
2,187,6,1838,8.544553756713867
2,187,7,1295,8.274550437927246
2,187,8,3062,8.182485580444336
2,187,9,348,8.080644607543945
2,187,10,2323,8.070404052734375
2,188,1,2366,9.872920989990234
2,188,2,500,9.618917465209961
2,188,3,1538,9.558036804199219
2,188,4,1235,9.502166748046875
2,188,5,1525,9.452134132385254
2,188,6,1838,9.298470497131348
2,188,7,3016,9.177837371826172
2,188,8,2323,9.125184059143066
2,188,9,1295,8.916024208068848
2,188,10,857,8.629085540771484
2,189,1,1538,7.963506698608398
2,189,2,500,7.874502182006836
2,189,3,1235,7.846138954162598
2,189,4,2366,7.840049743652344
2,189,5,1525,7.754034042358398
2,189,6,2502,7.4119744300842285
2,189,7,748,7.164827346801758
2,189,8,1838,7.114462852478027
2,189,9,2323,7.038633346557617
2,189,10,1295,6.910638809204102
2,190,1,500,8.742525100708008
2,190,2,1525,8.597574234008789
2,190,3,3015,8.547988891601562
2,190,4,1235,8.538055419921875
2,190,5,348,8.32957649230957
2,190,6,1838,8.229779243469238
2,190,7,2897,8.179739952087402
2,190,8,2502,8.152767181396484
2,190,9,1538,8.132953643798828
2,190,10,257,8.129929542541504
2,191,1,2323,8.962173461914062
2,191,2,1513,8.614200592041016
2,191,3,1979,8.47242546081543
2,191,4,655,8.286602020263672
2,191,5,158,8.283857345581055
2,191,6,2127,8.211043357849121
2,191,7,857,8.18440055847168
2,191,8,1550,8.091544151306152
2,191,9,321,7.991188049316406
2,191,10,954,7.930643081665039
2,192,1,2323,9.800544738769531
2,192,2,1513,9.796762466430664
2,192,3,2127,9.70221996307373
2,192,4,857,9.694450378417969
2,192,5,1979,9.608621597290039
2,192,6,655,9.418584823608398
2,192,7,1550,9.404831886291504
2,192,8,208,9.241954803466797
2,192,9,364,9.151031494140625
2,192,10,2297,9.082929611206055
2,194,1,2127,8.682966232299805
2,194,2,2937,8.453536033630371
2,194,3,1438,8.36384391784668
2,194,4,1487,8.226966857910156
2,194,5,271,8.167691230773926
2,194,6,655,8.125011444091797
2,194,7,1600,8.093398094177246
2,194,8,1513,8.04516315460205
2,194,9,2734,8.0032377243042
2,194,10,429,7.974905967712402
2,195,1,3042,9.838750839233398
2,195,2,1127,9.562809944152832
2,195,3,1730,9.526323318481445
2,195,4,1428,9.516725540161133
2,195,5,599,9.423591613769531
2,195,6,1461,9.333334922790527
2,195,7,2368,9.160749435424805
2,195,8,400,8.782339096069336
2,195,9,2793,8.743559837341309
2,195,10,461,8.710433959960938
2,196,1,3042,9.806682586669922
2,196,2,1730,9.49516487121582
2,196,3,1428,9.47708511352539
2,196,4,1127,9.419934272766113
2,196,5,2368,9.410700798034668
2,196,6,599,9.398726463317871
2,196,7,1461,9.332690238952637
2,196,8,1438,8.711397171020508
2,196,9,461,8.692306518554688
2,196,10,271,8.672748565673828
2,197,1,3042,11.89021110534668
2,197,2,461,11.552715301513672
2,197,3,1127,11.198674201965332
2,197,4,2706,11.069555282592773
2,197,5,1730,11.064443588256836
2,197,6,1428,11.051653861999512
2,197,7,599,10.931249618530273
2,197,8,1365,10.899640083312988
2,197,9,1461,10.797698020935059
2,197,10,400,10.665464401245117
2,198,1,1248,10.556055068969727
2,198,2,1730,10.264039993286133
2,198,3,1428,10.235198974609375
2,198,4,1127,10.221212387084961
2,198,5,3042,10.050832748413086
2,198,6,599,9.924560546875
2,198,7,1829,9.739334106445312
2,198,8,1028,9.715503692626953
2,198,9,1461,9.68531322479248
2,198,10,2141,9.667207717895508
2,199,1,2658,8.576639175415039
2,199,2,1287,8.322311401367188
2,199,3,2622,8.119952201843262
2,199,4,189,7.919742584228516
2,199,5,2170,7.8341217041015625
2,199,6,2708,7.746474742889404
2,199,7,572,7.496697425842285
2,199,8,2595,7.480894088745117
2,199,9,2938,7.365305423736572
2,199,10,1650,7.365020275115967
2,201,1,1287,6.718332290649414
2,201,2,193,6.4972243309021
2,201,3,2713,6.336021900177002
2,201,4,2997,6.185192108154297
2,201,5,1650,6.181031227111816
2,201,6,1645,6.129772663116455
2,201,7,1429,6.073393821716309
2,201,8,1720,6.064585208892822
2,201,9,767,5.972581386566162
2,201,10,1142,5.961686611175537
2,202,1,1028,7.746795654296875
2,202,2,2253,7.415338516235352
2,202,3,696,7.092054843902588
2,202,4,2719,6.73397159576416
2,202,5,1724,6.704401016235352
2,202,6,2595,6.489714622497559
2,202,7,1429,6.45608377456665
2,202,8,6,6.449704647064209
2,202,9,2581,6.4263081550598145
2,202,10,1726,6.4084696769714355
2,203,1,1287,9.948652267456055
2,203,2,1645,9.578411102294922
2,203,3,193,9.494453430175781
2,203,4,2713,9.301607131958008
2,203,5,1720,9.206747055053711
2,203,6,1686,9.193880081176758
2,203,7,1429,9.190155029296875
2,203,8,559,9.15922737121582
2,203,9,1267,9.156747817993164
2,203,10,1142,9.110257148742676
2,204,1,2557,11.252767562866211
2,204,2,597,9.712871551513672
2,204,3,2708,9.711549758911133
2,204,4,666,9.669269561767578
2,204,5,1685,9.521592140197754
2,204,6,1208,9.445812225341797
2,204,7,122,9.442737579345703
2,204,8,1159,9.344139099121094
2,204,9,1265,9.33687973022461
2,204,10,1171,9.317719459533691
2,205,1,1159,10.574240684509277
2,205,2,2603,10.46177864074707
2,205,3,597,10.407509803771973
2,205,4,666,10.399904251098633
2,205,5,2205,10.25279426574707
2,205,6,2710,10.247764587402344
2,205,7,2708,10.221174240112305
2,205,8,122,10.18710708618164
2,205,9,1380,10.14705753326416
2,205,10,2772,10.100130081176758
2,206,1,2739,10.481796264648438
2,206,2,272,10.25933837890625
2,206,3,1398,10.050082206726074
2,206,4,477,9.981563568115234
2,206,5,1347,9.954730987548828
2,206,6,2687,9.942293167114258
2,206,7,1913,9.837284088134766
2,206,8,622,9.792468070983887
2,206,9,1606,9.739147186279297
2,206,10,2464,9.693958282470703
2,207,1,747,13.444551467895508
2,207,2,2274,13.3746337890625
2,207,3,1159,13.208280563354492
2,207,4,2205,13.175116539001465
2,207,5,1848,13.156878471374512
2,207,6,1380,13.108529090881348
2,207,7,2772,13.046079635620117
2,207,8,2212,13.033580780029297
2,207,9,701,12.88083267211914
2,207,10,2603,12.775330543518066
2,208,1,2739,10.328580856323242
2,208,2,622,10.279190063476562
2,208,3,272,10.050952911376953
2,208,4,2754,10.022180557250977
2,208,5,1398,9.882024765014648
2,208,6,2687,9.871896743774414
2,208,7,1347,9.772161483764648
2,208,8,477,9.742460250854492
2,208,9,1275,9.721565246582031
2,208,10,2725,9.694157600402832
2,209,1,2609,9.410623550415039
2,209,2,566,8.569798469543457
2,209,3,2700,8.544062614440918
2,209,4,742,8.373883247375488
2,209,5,2308,8.297456741333008
2,209,6,1517,8.221158027648926
2,209,7,585,8.190574645996094
2,209,8,535,8.099207878112793
2,209,9,64,8.061375617980957
2,209,10,1293,8.02524185180664
2,210,1,2739,7.406061172485352
2,210,2,2557,7.279825210571289
2,210,3,272,7.277795314788818
2,210,4,747,7.265143394470215
2,210,5,393,7.2200517654418945
2,210,6,2529,7.212780475616455
2,210,7,477,7.149634838104248
2,210,8,1398,7.146400451660156
2,210,9,1347,7.119591236114502
2,210,10,1070,7.085620880126953
2,211,1,2609,8.69665241241455
2,211,2,566,7.885494232177734
2,211,3,535,7.854561805725098
2,211,4,742,7.7607316970825195
2,211,5,2700,7.7579121589660645
2,211,6,518,7.71934175491333
2,211,7,2721,7.70531702041626
2,211,8,1293,7.663947105407715
2,211,9,1263,7.6058759689331055
2,211,10,264,7.592089653015137
2,212,1,2739,11.003498077392578
2,212,2,1275,10.883867263793945
2,212,3,272,10.712629318237305
2,212,4,784,10.595943450927734
2,212,5,270,10.54461669921875
2,212,6,1398,10.529970169067383
2,212,7,1347,10.48779582977295
2,212,8,2687,10.485217094421387
2,212,9,1913,10.43798828125
2,212,10,477,10.434232711791992
2,214,1,2609,10.440886497497559
2,214,2,566,9.223822593688965
2,214,3,742,8.935094833374023
2,214,4,1263,8.722142219543457
2,214,5,2700,8.674262046813965
2,214,6,2308,8.631936073303223
2,214,7,1517,8.592145919799805
2,214,8,535,8.520359992980957
2,214,9,1293,8.472088813781738
2,214,10,2721,8.364757537841797
2,216,1,2609,10.87415599822998
2,216,2,2700,9.910978317260742
2,216,3,1293,9.877016067504883
2,216,4,742,9.862821578979492
2,216,5,566,9.76077651977539
2,216,6,2308,9.72136116027832
2,216,7,1263,9.498437881469727
2,216,8,585,9.331520080566406
2,216,9,2851,9.141239166259766
2,216,10,2359,9.133508682250977
2,217,1,393,11.093907356262207
2,217,2,2739,10.865171432495117
2,217,3,1275,10.766134262084961
2,217,4,2687,10.587577819824219
2,217,5,272,10.454814910888672
2,217,6,622,10.35287094116211
2,217,7,2464,10.319284439086914
2,217,8,1398,10.286371231079102
2,217,9,1347,10.282722473144531
2,217,10,2869,10.20802116394043
2,218,1,2739,10.277735710144043
2,218,2,2687,10.068794250488281
2,218,3,1913,10.037704467773438
2,218,4,272,9.87568473815918
2,218,5,622,9.822525024414062
2,218,6,2440,9.794188499450684
2,218,7,2464,9.780401229858398
2,218,8,2869,9.780277252197266
2,218,9,1739,9.742420196533203
2,218,10,1347,9.721697807312012
2,219,1,1913,12.642476081848145
2,219,2,2739,12.63989543914795
2,219,3,1311,12.417343139648438
2,219,4,272,12.256629943847656
2,219,5,2687,12.23361587524414
2,219,6,1739,12.154162406921387
2,219,7,1347,12.088624954223633
2,219,8,1398,12.067383766174316
2,219,9,477,11.953652381896973
2,219,10,2464,11.921985626220703
2,220,1,2739,9.056880950927734
2,220,2,2687,8.999786376953125
2,220,3,270,8.789883613586426
2,220,4,2464,8.744744300842285
2,220,5,2869,8.738822937011719
2,220,6,272,8.701147079467773
2,220,7,2888,8.64529800415039
2,220,8,622,8.627679824829102
2,220,9,432,8.611385345458984
2,220,10,2562,8.590191841125488
2,221,1,2708,15.070003509521484
2,221,2,597,13.981246948242188
2,221,3,63,13.570568084716797
2,221,4,759,13.352948188781738
2,221,5,2557,13.276849746704102
2,221,6,2622,13.107198715209961
2,221,7,2529,12.837581634521484
2,221,8,747,12.74295425415039
2,221,9,189,12.615416526794434
2,221,10,572,12.48301887512207
2,222,1,2708,15.534343719482422
2,222,2,1171,14.704097747802734
2,222,3,63,13.852556228637695
2,222,4,2622,13.760436058044434
2,222,5,2557,13.37921142578125
2,222,6,189,13.206033706665039
2,222,7,572,13.074296951293945
2,222,8,1659,12.818439483642578
2,222,9,2529,12.795221328735352
2,222,10,192,12.596755027770996
2,224,1,2622,9.747286796569824
2,224,2,189,9.589863777160645
2,224,3,572,9.305967330932617
2,224,4,1659,8.975791931152344
2,224,5,2938,8.73172378540039
2,224,6,597,8.562362670898438
2,224,7,1028,8.509465217590332
2,224,8,666,8.276747703552246
2,224,9,696,8.215362548828125
2,224,10,2595,8.017430305480957
2,225,1,2708,12.184186935424805
2,225,2,192,11.77197551727295
2,225,3,2997,11.094452857971191
2,225,4,2581,11.075431823730469
2,225,5,121,10.608455657958984
2,225,6,1400,10.565109252929688
2,225,7,2197,10.492544174194336
2,225,8,1963,10.42264461517334
2,225,9,193,10.395986557006836
2,225,10,1516,10.335559844970703
2,226,1,1659,10.711504936218262
2,226,2,1945,10.21280288696289
2,226,3,1171,9.419296264648438
2,226,4,63,9.402673721313477
2,226,5,1028,9.289036750793457
2,226,6,597,9.270538330078125
2,226,7,759,9.159979820251465
2,226,8,666,8.88921070098877
2,226,9,696,8.871004104614258
2,226,10,2997,8.842970848083496
2,227,1,572,10.37124252319336
2,227,2,1659,9.917237281799316
2,227,3,1028,9.334571838378906
2,227,4,1171,9.112069129943848
2,227,5,63,8.831304550170898
2,227,6,696,8.791679382324219
2,227,7,2997,8.668136596679688
2,227,8,2253,8.66805362701416
2,227,9,759,8.624622344970703
2,227,10,597,8.445294380187988
2,228,1,2708,8.940550804138184
2,228,2,189,8.917105674743652
2,228,3,193,8.655962944030762
2,228,4,192,8.544807434082031
2,228,5,2581,8.427766799926758
2,228,6,1429,8.342060089111328
2,228,7,2997,8.244441986083984
2,228,8,1720,8.197038650512695
2,228,9,597,8.089954376220703
2,228,10,2111,8.044836044311523
2,229,1,2708,9.867198944091797
2,229,2,953,9.377218246459961
2,229,3,2595,9.123055458068848
2,229,4,1028,9.116595268249512
2,229,5,559,8.593280792236328
2,229,6,1673,8.481976509094238
2,229,7,696,8.432209968566895
2,229,8,2253,8.382035255432129
2,229,9,2658,8.321647644042969
2,229,10,295,8.188244819641113
2,230,1,30,7.616250991821289
2,230,2,1028,7.5849199295043945
2,230,3,2165,7.564396381378174
2,230,4,509,7.397193431854248
2,230,5,2658,7.199834823608398
2,230,6,1931,7.049803733825684
2,230,7,1415,7.033738136291504
2,230,8,189,6.980629920959473
2,230,9,2622,6.939688205718994
2,230,10,295,6.9306135177612305
2,231,1,1931,12.316123008728027
2,231,2,1415,11.475998878479004
2,231,3,1237,10.923088073730469
2,231,4,3041,10.718395233154297
2,231,5,354,10.675565719604492
2,231,6,544,10.597187042236328
2,231,7,1100,10.54879379272461
2,231,8,990,10.202749252319336
2,231,9,1202,10.098645210266113
2,231,10,1028,10.081348419189453
2,232,1,444,11.872145652770996
2,232,2,1237,11.846853256225586
2,232,3,354,11.79832649230957
2,232,4,1415,11.650638580322266
2,232,5,1358,11.537826538085938
2,232,6,1100,11.433192253112793
2,232,7,3041,11.208806991577148
2,232,8,544,11.175762176513672
2,232,9,1832,11.124297142028809
2,232,10,1757,11.121957778930664
2,233,1,1931,10.483201026916504
2,233,2,1415,9.77061653137207
2,233,3,1977,9.710312843322754
2,233,4,1237,9.490531921386719
2,233,5,354,9.154130935668945
2,233,6,544,9.109660148620605
2,233,7,444,9.015645980834961
2,233,8,1100,8.944130897521973
2,233,9,3041,8.943632125854492
2,233,10,1202,8.80690860748291
2,235,1,189,9.935588836669922
2,235,2,2622,9.901470184326172
2,235,3,1279,9.89160442352295
2,235,4,1821,9.83253288269043
2,235,5,1028,9.829845428466797
2,235,6,1495,9.804342269897461
2,235,7,484,9.803291320800781
2,235,8,1429,9.72313117980957
2,235,9,416,9.673986434936523
2,235,10,1580,9.581451416015625
2,236,1,1870,10.405156135559082
2,236,2,2193,10.070211410522461
2,236,3,314,9.988564491271973
2,236,4,1279,9.672293663024902
2,236,5,1821,9.635635375976562
2,236,6,285,9.606720924377441
2,236,7,533,9.47032356262207
2,236,8,2664,9.465330123901367
2,236,9,3059,9.359304428100586
2,236,10,1495,9.28610610961914
2,237,1,1870,10.511340141296387
2,237,2,314,10.376067161560059
2,237,3,555,10.345629692077637
2,237,4,2916,10.308476448059082
2,237,5,1632,10.272269248962402
2,237,6,1344,10.04241943359375
2,237,7,285,9.889862060546875
2,237,8,533,9.832256317138672
2,237,9,2576,9.798932075500488
2,237,10,1654,9.697429656982422
2,238,1,1870,11.778277397155762
2,238,2,2180,11.366106986999512
2,238,3,314,11.27448844909668
2,238,4,555,10.802377700805664
2,238,5,533,10.72429370880127
2,238,6,1744,10.643584251403809
2,238,7,508,10.63243293762207
2,238,8,285,10.599417686462402
2,238,9,1344,10.531851768493652
2,238,10,2967,10.51352310180664
2,239,1,1287,11.642328262329102
2,239,2,2713,11.233083724975586
2,239,3,555,10.751916885375977
2,239,4,193,10.680886268615723
2,239,5,1645,10.564467430114746
2,239,6,498,10.534368515014648
2,239,7,611,10.356101036071777
2,239,8,2576,10.347917556762695
2,239,9,1654,10.324888229370117
2,239,10,559,10.319025039672852
2,240,1,1456,12.253873825073242
2,240,2,1654,11.864387512207031
2,240,3,2576,11.794915199279785
2,240,4,1232,11.790387153625488
2,240,5,1615,11.606263160705566
2,240,6,2293,11.443085670471191
2,240,7,1893,11.394207954406738
2,240,8,1870,11.389594078063965
2,240,9,2209,11.366036415100098
2,240,10,2345,11.091642379760742
2,241,1,1456,13.723869323730469
2,241,2,1413,13.553556442260742
2,241,3,793,13.108946800231934
2,241,4,1615,12.859304428100586
2,241,5,656,12.133227348327637
2,241,6,627,12.13182258605957
2,241,7,97,11.966886520385742
2,241,8,2270,11.779223442077637
2,241,9,555,11.714400291442871
2,241,10,1870,11.619431495666504
2,242,1,1456,12.92451000213623
2,242,2,447,12.589400291442871
2,242,3,1615,11.911354064941406
2,242,4,1936,11.37332820892334
2,242,5,656,10.864553451538086
2,242,6,627,10.842225074768066
2,242,7,97,10.6172456741333
2,242,8,555,10.587604522705078
2,242,9,2270,10.547602653503418
2,242,10,1346,10.465751647949219
2,243,1,1456,13.049613952636719
2,243,2,2576,12.94479751586914
2,243,3,1067,12.619741439819336
2,243,4,793,12.34402084350586
2,243,5,656,10.893865585327148
2,243,6,627,10.881300926208496
2,243,7,2270,10.679429054260254
2,243,8,1870,10.64507007598877
2,243,9,97,10.630613327026367
2,243,10,1346,10.622940063476562
2,244,1,1654,9.323205947875977
2,244,2,2576,9.310638427734375
2,244,3,1456,9.301835060119629
2,244,4,2293,9.046448707580566
2,244,5,774,8.540937423706055
2,244,6,2345,8.507624626159668
2,244,7,1408,8.434414863586426
2,244,8,508,8.368291854858398
2,244,9,2118,8.333361625671387
2,244,10,1870,8.286911010742188
2,245,1,1893,12.279542922973633
2,245,2,2293,12.029930114746094
2,245,3,2209,11.882498741149902
2,245,4,2345,11.776788711547852
2,245,5,1615,11.742717742919922
2,245,6,2009,11.653035163879395
2,245,7,2118,11.568490982055664
2,245,8,656,10.844719886779785
2,245,9,627,10.81604290008545
2,245,10,1870,10.703583717346191
2,246,1,627,8.674796104431152
2,246,2,656,8.614871978759766
2,246,3,1413,8.231303215026855
2,246,4,1456,8.157597541809082
2,246,5,447,8.133859634399414
2,246,6,97,7.997903823852539
2,246,7,555,7.976153373718262
2,246,8,2345,7.938216209411621
2,246,9,285,7.821786880493164
2,246,10,1344,7.760449409484863
2,247,1,1870,8.887563705444336
2,247,2,1615,8.787595748901367
2,247,3,2576,8.666419982910156
2,247,4,1654,8.581186294555664
2,247,5,1232,8.561121940612793
2,247,6,97,8.476566314697266
2,247,7,2293,8.443445205688477
2,247,8,555,8.420899391174316
2,247,9,1465,8.418715476989746
2,247,10,2916,8.364484786987305
2,248,1,1615,8.641006469726562
2,248,2,2074,8.314315795898438
2,248,3,283,8.312832832336426
2,248,4,1232,8.230814933776855
2,248,5,1317,8.209274291992188
2,248,6,1251,8.196294784545898
2,248,7,1654,8.172821998596191
2,248,8,2576,8.132668495178223
2,248,9,1456,8.051519393920898
2,248,10,2273,8.047843933105469
2,249,1,1615,8.68273639678955
2,249,2,1456,8.508979797363281
2,249,3,2576,8.507883071899414
2,249,4,1654,8.467815399169922
2,249,5,1232,8.466479301452637
2,249,6,2293,8.267590522766113
2,249,7,555,8.146405220031738
2,249,8,285,7.995279788970947
2,249,9,1413,7.932034015655518
2,249,10,2664,7.911029815673828
2,250,1,2323,9.6947021484375
2,250,2,738,9.471449851989746
2,250,3,857,9.460659980773926
2,250,4,1502,9.357504844665527
2,250,5,278,9.33199691772461
2,250,6,235,9.305935859680176
2,250,7,706,9.121999740600586
2,250,8,1040,9.083393096923828
2,250,9,1513,8.85788345336914
2,250,10,954,8.797494888305664
2,251,1,1146,11.46926498413086
2,251,2,1502,11.402229309082031
2,251,3,738,11.062352180480957
2,251,4,2734,10.98494815826416
2,251,5,664,10.367439270019531
2,251,6,1383,10.319148063659668
2,251,7,174,10.303817749023438
2,251,8,60,10.229686737060547
2,251,9,1376,10.195579528808594
2,251,10,2324,10.193111419677734
2,252,1,504,11.045339584350586
2,252,2,65,10.73952865600586
2,252,3,2274,10.719554901123047
2,252,4,2093,10.706977844238281
2,252,5,1383,10.588846206665039
2,252,6,1502,10.581984519958496
2,252,7,2480,10.50784969329834
2,252,8,273,10.474864959716797
2,252,9,2743,10.468439102172852
2,252,10,869,10.440645217895508
2,253,1,2093,11.540586471557617
2,253,2,273,11.347677230834961
2,253,3,1502,11.320160865783691
2,253,4,65,11.310147285461426
2,253,5,1146,11.228379249572754
2,253,6,2743,11.211824417114258
2,253,7,1015,11.14047622680664
2,253,8,2274,11.12016487121582
2,253,9,2480,11.109560012817383
2,253,10,738,11.086509704589844
2,254,1,2093,12.689735412597656
2,254,2,1502,12.62282943725586
2,254,3,1146,12.563661575317383
2,254,4,738,12.466883659362793
2,254,5,273,12.458145141601562
2,254,6,2743,12.206439971923828
2,254,7,65,12.175088882446289
2,254,8,2590,12.126523971557617
2,254,9,194,12.030233383178711
2,254,10,1558,12.01806640625
2,255,1,2801,12.062626838684082
2,255,2,2297,11.870841979980469
2,255,3,1146,11.834166526794434
2,255,4,738,11.610940933227539
2,255,5,1502,11.560911178588867
2,255,6,664,11.54878044128418
2,255,7,563,11.50475788116455
2,255,8,2961,11.42286491394043
2,255,9,31,11.41406536102295
2,255,10,2324,11.208504676818848
2,256,1,2801,12.983673095703125
2,256,2,664,12.85169792175293
2,256,3,563,12.761626243591309
2,256,4,1146,12.617249488830566
2,256,5,1502,12.571267127990723
2,256,6,65,12.4996976852417
2,256,7,2093,12.463187217712402
2,256,8,738,12.397811889648438
2,256,9,2274,12.342053413391113
2,256,10,2480,12.230138778686523
2,257,1,2801,12.365312576293945
2,257,2,504,12.026628494262695
2,257,3,664,11.995706558227539
2,257,4,563,11.9139404296875
2,257,5,2961,11.827532768249512
2,257,6,2297,11.787418365478516
2,257,7,31,11.778207778930664
2,257,8,2324,11.541095733642578
2,257,9,653,11.541058540344238
2,257,10,65,11.526937484741211
2,258,1,2274,10.571666717529297
2,258,2,1380,10.493309020996094
2,258,3,2772,10.319761276245117
2,258,4,1383,10.316776275634766
2,258,5,65,10.29941463470459
2,258,6,2429,10.141937255859375
2,258,7,2205,10.141701698303223
2,258,8,563,10.134121894836426
2,258,9,2093,10.117536544799805
2,258,10,2851,10.105241775512695
2,259,1,2274,11.370586395263672
2,259,2,2557,11.360023498535156
2,259,3,1380,11.287439346313477
2,259,4,1159,11.133864402770996
2,259,5,122,11.00223445892334
2,259,6,2710,11.001503944396973
2,259,7,2205,10.94591999053955
2,259,8,1383,10.92147445678711
2,259,9,2212,10.886171340942383
2,259,10,259,10.789247512817383
2,260,1,2274,9.70652961730957
2,260,2,2772,9.641277313232422
2,260,3,1380,9.637947082519531
2,260,4,105,9.590351104736328
2,260,5,2640,9.543022155761719
2,260,6,502,9.540800094604492
2,260,7,2163,9.537446022033691
2,260,8,3048,9.525856018066406
2,260,9,72,9.499244689941406
2,260,10,2429,9.454414367675781
2,261,1,122,9.042516708374023
2,261,2,1380,8.896525382995605
2,261,3,1159,8.820422172546387
2,261,4,2710,8.776869773864746
2,261,5,2772,8.771857261657715
2,261,6,2205,8.692914962768555
2,261,7,105,8.587334632873535
2,261,8,502,8.557022094726562
2,261,9,1516,8.514656066894531
2,261,10,1383,8.502495765686035
2,262,1,2274,12.068601608276367
2,262,2,3048,11.737445831298828
2,262,3,2212,11.704963684082031
2,262,4,869,11.536691665649414
2,262,5,701,11.476968765258789
2,262,6,2851,11.429073333740234
2,262,7,1380,11.384625434875488
2,262,8,65,11.378549575805664
2,262,9,2772,11.28206729888916
2,262,10,259,11.252910614013672
2,263,1,259,9.386838912963867
2,263,2,1380,9.096736907958984
2,263,3,2274,9.012523651123047
2,263,4,2772,8.99740982055664
2,263,5,1383,8.724327087402344
2,263,6,2429,8.717411041259766
2,263,7,2769,8.715767860412598
2,263,8,2205,8.653973579406738
2,263,9,1159,8.614243507385254
2,263,10,2093,8.573145866394043
2,264,1,2274,10.474699020385742
2,264,2,2205,10.237344741821289
2,264,3,259,10.208089828491211
2,264,4,1159,10.134925842285156
2,264,5,122,10.128697395324707
2,264,6,1383,9.962616920471191
2,264,7,2710,9.902767181396484
2,264,8,2851,9.865056991577148
2,264,9,2603,9.74998664855957
2,264,10,2640,9.718804359436035
2,265,1,1383,11.951746940612793
2,265,2,2212,11.872808456420898
2,265,3,1380,11.785109519958496
2,265,4,701,11.680429458618164
2,265,5,259,11.639540672302246
2,265,6,49,11.632174491882324
2,265,7,122,11.63160228729248
2,265,8,2710,11.625724792480469
2,265,9,1180,11.617155075073242
2,265,10,2557,11.592170715332031
2,266,1,2212,13.75979232788086
2,266,2,1380,13.558887481689453
2,266,3,2772,13.451536178588867
2,266,4,259,13.256832122802734
2,266,5,787,13.21100902557373
2,266,6,2851,13.087181091308594
2,266,7,1159,13.033100128173828
2,266,8,2093,13.03168773651123
2,266,9,2205,12.928784370422363
2,266,10,49,12.92618179321289
2,267,1,2274,10.575010299682617
2,267,2,2772,10.574226379394531
2,267,3,122,10.511251449584961
2,267,4,2205,10.371228218078613
2,267,5,259,10.345224380493164
2,267,6,2710,10.285439491271973
2,267,7,1180,10.216920852661133
2,267,8,2603,10.11178970336914
2,267,9,49,9.952628135681152
2,267,10,1579,9.837963104248047
2,268,1,2274,12.500778198242188
2,268,2,1159,11.974458694458008
2,268,3,2772,11.872838973999023
2,268,4,122,11.754264831542969
2,268,5,2603,11.644289016723633
2,268,6,1380,11.63711166381836
2,268,7,259,11.504478454589844
2,268,8,701,11.383089065551758
2,268,9,1180,11.35317611694336
2,268,10,65,11.275224685668945
2,269,1,2801,11.594770431518555
2,269,2,2093,11.523638725280762
2,269,3,504,11.522465705871582
2,269,4,664,11.425235748291016
2,269,5,259,11.38947582244873
2,269,6,2743,11.324165344238281
2,269,7,3048,11.302309036254883
2,269,8,273,11.292983055114746
2,269,9,869,11.261880874633789
2,269,10,2772,11.122360229492188
2,271,1,122,10.760030746459961
2,271,2,1159,10.42392349243164
2,271,3,1516,10.124292373657227
2,271,4,2772,10.096198081970215
2,271,5,2603,10.082402229309082
2,271,6,666,9.838773727416992
2,271,7,1180,9.838273048400879
2,271,8,2205,9.801924705505371
2,271,9,597,9.797382354736328
2,271,10,1383,9.75117015838623
2,272,1,122,9.639667510986328
2,272,2,2772,8.872673034667969
2,272,3,2205,8.803730964660645
2,272,4,1380,8.701456069946289
2,272,5,502,8.697261810302734
2,272,6,1516,8.582667350769043
2,272,7,105,8.524116516113281
2,272,8,72,8.42518424987793
2,272,9,259,8.411088943481445
2,272,10,2274,8.394163131713867
2,273,1,597,9.584484100341797
2,273,2,192,9.564299583435059
2,273,3,666,9.512567520141602
2,273,4,2772,9.488344192504883
2,273,5,2742,9.402078628540039
2,273,6,2640,9.377298355102539
2,273,7,105,9.35500717163086
2,273,8,1380,9.34585189819336
2,273,9,1383,9.275930404663086
2,273,10,3048,9.270545959472656
2,274,1,2274,11.572427749633789
2,274,2,122,11.494937896728516
2,274,3,1159,11.171907424926758
2,274,4,1516,11.102368354797363
2,274,5,3048,11.071001052856445
2,274,6,2772,11.043542861938477
2,274,7,2328,10.954788208007812
2,274,8,719,10.931670188903809
2,274,9,2742,10.895082473754883
2,274,10,105,10.85458755493164
2,276,1,2581,10.711786270141602
2,276,2,530,10.3232421875
2,276,3,597,10.232536315917969
2,276,4,890,10.166507720947266
2,276,5,2481,9.974116325378418
2,276,6,2708,9.940851211547852
2,276,7,1628,9.917827606201172
2,276,8,666,9.824014663696289
2,276,9,1317,9.808238983154297
2,276,10,2111,9.74167251586914
2,277,1,192,9.889633178710938
2,277,2,597,9.377857208251953
2,277,3,1516,9.100532531738281
2,277,4,121,9.04435920715332
2,277,5,2581,9.02840805053711
2,277,6,666,9.025154113769531
2,277,7,122,8.966572761535645
2,277,8,1659,8.89422607421875
2,277,9,2997,8.855890274047852
2,277,10,2622,8.790125846862793
2,278,1,192,9.252897262573242
2,278,2,2557,8.538647651672363
2,278,3,530,8.367366790771484
2,278,4,2997,8.329513549804688
2,278,5,597,8.30975341796875
2,278,6,843,8.262309074401855
2,278,7,1080,8.257219314575195
2,278,8,122,8.238197326660156
2,278,9,2628,8.183259010314941
2,278,10,2280,8.182730674743652
2,279,1,597,10.28371810913086
2,279,2,1516,10.059438705444336
2,279,3,666,9.986833572387695
2,279,4,121,9.789470672607422
2,279,5,2710,9.731785774230957
2,279,6,2581,9.66943359375
2,279,7,2280,9.580225944519043
2,279,8,719,9.431246757507324
2,279,9,2742,9.263469696044922
2,279,10,2111,9.252585411071777
2,280,1,192,8.564901351928711
2,280,2,1516,8.170699119567871
2,280,3,2197,8.040188789367676
2,280,4,121,7.986112594604492
2,280,5,122,7.793794631958008
2,280,6,1963,7.7382121086120605
2,280,7,597,7.709547996520996
2,280,8,1400,7.674178123474121
2,280,9,2710,7.673198699951172
2,280,10,1628,7.550394535064697
2,282,1,192,10.07942008972168
2,282,2,530,9.66758918762207
2,282,3,1628,9.412490844726562
2,282,4,1801,9.387114524841309
2,282,5,2581,9.325557708740234
2,282,6,2742,9.301406860351562
2,282,7,890,9.293549537658691
2,282,8,1080,9.19092845916748
2,282,9,719,9.159713745117188
2,282,10,2197,9.138277053833008
2,283,1,597,10.093864440917969
2,283,2,122,10.076223373413086
2,283,3,666,9.817550659179688
2,283,4,2710,9.790283203125
2,283,5,2197,9.724853515625
2,283,6,2581,9.583470344543457
2,283,7,2628,9.381536483764648
2,283,8,1628,9.250049591064453
2,283,9,2742,9.246511459350586
2,283,10,1400,9.22559928894043
2,284,1,1628,9.005571365356445
2,284,2,2280,8.80521011352539
2,284,3,597,8.575529098510742
2,284,4,2710,8.547286033630371
2,284,5,122,8.486572265625
2,284,6,2581,8.402175903320312
2,284,7,121,8.396233558654785
2,284,8,890,8.344453811645508
2,284,9,2580,8.334222793579102
2,284,10,666,8.322274208068848
2,285,1,646,11.786538124084473
2,285,2,2403,11.571464538574219
2,285,3,2407,11.346991539001465
2,285,4,1793,11.32146167755127
2,285,5,1671,11.043720245361328
2,285,6,718,10.931987762451172
2,285,7,387,10.915728569030762
2,285,8,1472,10.89891242980957
2,285,9,1991,10.743025779724121
2,285,10,637,10.613064765930176
2,286,1,646,10.865001678466797
2,286,2,2403,10.779059410095215
2,286,3,387,10.225658416748047
2,286,4,1472,10.157940864562988
2,286,5,1671,10.031427383422852
2,286,6,1793,9.928390502929688
2,286,7,1991,9.787378311157227
2,286,8,671,9.695174217224121
2,286,9,637,9.68911361694336
2,286,10,1062,9.561186790466309
2,287,1,2403,9.68543529510498
2,287,2,646,9.675106048583984
2,287,3,2407,9.418305397033691
2,287,4,387,9.278934478759766
2,287,5,1472,9.19396686553955
2,287,6,671,8.941047668457031
2,287,7,1671,8.7691011428833
2,287,8,1991,8.710180282592773
2,287,9,1793,8.595797538757324
2,287,10,1062,8.556385040283203
2,288,1,646,9.807807922363281
2,288,2,2403,9.705828666687012
2,288,3,1671,9.245637893676758
2,288,4,1472,9.233182907104492
2,288,5,387,9.227293968200684
2,288,6,1991,9.019342422485352
2,288,7,637,8.94100570678711
2,288,8,1062,8.880702018737793
2,288,9,671,8.848777770996094
2,288,10,1495,8.680274963378906
2,289,1,597,12.362278938293457
2,289,2,666,12.278871536254883
2,289,3,122,12.25262451171875
2,289,4,1437,11.89149284362793
2,289,5,176,11.862424850463867
2,289,6,553,11.856279373168945
2,289,7,2403,11.644735336303711
2,289,8,646,11.576483726501465
2,289,9,2710,11.545888900756836
2,289,10,1472,11.338088989257812
2,290,1,555,12.71561336517334
2,290,2,1870,12.687531471252441
2,290,3,533,12.480563163757324
2,290,4,416,12.055008888244629
2,290,5,2576,11.935218811035156
2,290,6,793,11.817821502685547
2,290,7,1615,11.737417221069336
2,290,8,285,11.725157737731934
2,290,9,1654,11.710128784179688
2,290,10,1279,11.696592330932617
2,291,1,1870,13.15018081665039
2,291,2,1456,12.928587913513184
2,291,3,793,12.917123794555664
2,291,4,2576,12.874258995056152
2,291,5,1615,12.692991256713867
2,291,6,1232,12.657841682434082
2,291,7,1654,12.621955871582031
2,291,8,285,12.575364112854004
2,291,9,447,12.30844783782959
2,291,10,627,12.26792049407959
2,292,1,1870,13.169612884521484
2,292,2,314,12.455252647399902
2,292,3,793,12.395261764526367
2,292,4,1456,12.35570240020752
2,292,5,285,12.26246452331543
2,292,6,2576,12.24940013885498
2,292,7,1615,12.106257438659668
2,292,8,1121,12.039310455322266
2,292,9,1232,11.981350898742676
2,292,10,1654,11.962278366088867
2,293,1,1456,13.307369232177734
2,293,2,2576,13.210527420043945
2,293,3,793,13.082357406616211
2,293,4,1232,13.03294563293457
2,293,5,1654,12.933972358703613
2,293,6,1615,12.916728973388672
2,293,7,1344,12.74685001373291
2,293,8,447,12.706226348876953
2,293,9,1413,12.698587417602539
2,293,10,2128,12.687110900878906
2,294,1,1615,11.31926441192627
2,294,2,2576,11.278253555297852
2,294,3,1654,11.220857620239258
2,294,4,1870,11.217650413513184
2,294,5,1232,11.17764663696289
2,294,6,793,11.145234107971191
2,294,7,1456,11.131792068481445
2,294,8,2128,11.002925872802734
2,294,9,1413,10.840795516967773
2,294,10,2293,10.770636558532715
2,295,1,2128,9.596758842468262
2,295,2,2616,9.527297973632812
2,295,3,793,9.378471374511719
2,295,4,1456,9.170520782470703
2,295,5,285,9.094010353088379
2,295,6,1615,8.79155445098877
2,295,7,2576,8.778006553649902
2,295,8,2140,8.722831726074219
2,295,9,1232,8.692853927612305
2,295,10,1654,8.615571975708008
2,297,1,1381,8.466876029968262
2,297,2,1336,8.374267578125
2,297,3,793,7.798469543457031
2,297,4,1456,7.771236419677734
2,297,5,1794,7.693298816680908
2,297,6,1738,7.552648544311523
2,297,7,533,7.524848937988281
2,297,8,2576,7.504271030426025
2,297,9,1615,7.4846625328063965
2,297,10,2270,7.408937931060791
2,298,1,2929,10.187478065490723
2,298,2,2128,10.179298400878906
2,298,3,2672,9.537266731262207
2,298,4,1738,9.481435775756836
2,298,5,1456,9.352774620056152
2,298,6,471,9.25054931640625
2,298,7,793,9.231998443603516
2,298,8,533,9.200180053710938
2,298,9,1870,9.142186164855957
2,298,10,2270,9.12199592590332
2,299,1,1456,10.337343215942383
2,299,2,1615,9.366875648498535
2,299,3,1232,9.343192100524902
2,299,4,1654,9.191415786743164
2,299,5,1413,9.133498191833496
2,299,6,2576,9.123115539550781
2,299,7,793,9.047882080078125
2,299,8,656,8.942119598388672
2,299,9,627,8.902620315551758
2,299,10,447,8.813846588134766
2,300,1,315,7.190311431884766
2,300,2,2978,7.028931617736816
2,300,3,1592,6.992572784423828
2,300,4,1449,6.818911552429199
2,300,5,538,6.730822563171387
2,300,6,2721,6.342751502990723
2,300,7,1113,6.342414855957031
2,300,8,594,6.267739295959473
2,300,9,2272,6.154395580291748
2,300,10,1995,6.132616996765137
2,301,1,774,10.753375053405762
2,301,2,1408,10.343482971191406
2,301,3,2107,10.28557014465332
2,301,4,1878,10.238031387329102
2,301,5,521,10.176746368408203
2,301,6,2927,10.091992378234863
2,301,7,2423,10.070277214050293
2,301,8,493,10.054353713989258
2,301,9,2145,9.993310928344727
2,301,10,1692,9.879817962646484
2,302,1,1920,11.435800552368164
2,302,2,1016,10.586023330688477
2,302,3,774,9.339448928833008
2,302,4,1113,9.200263023376465
2,302,5,521,9.196361541748047
2,302,6,1408,9.163389205932617
2,302,7,1878,9.114316940307617
2,302,8,2739,9.02600383758545
2,302,9,2888,8.9051513671875
2,302,10,272,8.87575626373291
2,303,1,1189,9.366422653198242
2,303,2,1016,8.939035415649414
2,303,3,2739,8.024768829345703
2,303,4,272,7.981369972229004
2,303,5,1398,7.980997085571289
2,303,6,1347,7.849320411682129
2,303,7,523,7.778144836425781
2,303,8,2464,7.754806995391846
2,303,9,2888,7.748957633972168
2,303,10,2969,7.745852470397949
2,304,1,59,8.191539764404297
2,304,2,2623,7.9876885414123535
2,304,3,2974,7.941217422485352
2,304,4,1823,7.8908562660217285
2,304,5,315,7.614286422729492
2,304,6,859,7.478943347930908
2,304,7,1571,7.392795085906982
2,304,8,1266,7.274089813232422
2,304,9,1498,7.243607521057129
2,304,10,272,7.193293571472168
2,305,1,2739,8.902775764465332
2,305,2,272,8.861834526062012
2,305,3,1398,8.825849533081055
2,305,4,69,8.761856079101562
2,305,5,2888,8.754074096679688
2,305,6,2464,8.735997200012207
2,305,7,1347,8.62850284576416
2,305,8,1606,8.448058128356934
2,305,9,477,8.44373893737793
2,305,10,1811,8.324224472045898
2,306,1,59,11.521018028259277
2,306,2,69,11.42171573638916
2,306,3,1398,10.972625732421875
2,306,4,272,10.947555541992188
2,306,5,2739,10.920950889587402
2,306,6,2888,10.728771209716797
2,306,7,1347,10.697982788085938
2,306,8,2464,10.6355619430542
2,306,9,477,10.48696517944336
2,306,10,2623,10.393827438354492
2,307,1,859,11.379850387573242
2,307,2,2173,10.989046096801758
2,307,3,338,10.882798194885254
2,307,4,1206,10.858320236206055
2,307,5,1990,10.763092041015625
2,307,6,272,10.721136093139648
2,307,7,1221,10.712705612182617
2,307,8,2686,10.68746280670166
2,307,9,1116,10.668020248413086
2,307,10,1398,10.658031463623047
2,308,1,59,15.248224258422852
2,308,2,859,13.999999046325684
2,308,3,1206,13.641374588012695
2,308,4,195,13.27981185913086
2,308,5,1498,13.161001205444336
2,308,6,562,12.993915557861328
2,308,7,1541,12.980525970458984
2,308,8,2309,12.825576782226562
2,308,9,1116,12.79267692565918
2,308,10,523,12.681524276733398
2,309,1,859,14.413748741149902
2,309,2,1206,14.013141632080078
2,309,3,195,13.686704635620117
2,309,4,1498,13.643758773803711
2,309,5,1701,13.387552261352539
2,309,6,1811,13.290556907653809
2,309,7,1541,13.27346420288086
2,309,8,1367,12.98979377746582
2,309,9,338,12.9755859375
2,309,10,562,12.958035469055176
2,310,1,859,11.759454727172852
2,310,2,272,11.757518768310547
2,310,3,2173,11.721111297607422
2,310,4,1398,11.690252304077148
2,310,5,1498,11.584427833557129
2,310,6,2739,11.399333953857422
2,310,7,1206,11.348129272460938
2,310,8,1347,11.23132038116455
2,310,9,338,11.190058708190918
2,310,10,1811,11.160887718200684
2,311,1,59,13.604411125183105
2,311,2,69,13.073930740356445
2,311,3,2927,12.238971710205078
2,311,4,859,12.093637466430664
2,311,5,2173,12.056732177734375
2,311,6,1206,12.043025970458984
2,311,7,195,12.037121772766113
2,311,8,2309,11.970941543579102
2,311,9,2107,11.916624069213867
2,311,10,1611,11.88656234741211
2,312,1,69,11.688461303710938
2,312,2,1571,11.628731727600098
2,312,3,1206,11.5790376663208
2,312,4,1701,11.390161514282227
2,312,5,2974,11.28833293914795
2,312,6,2623,11.205127716064453
2,312,7,1823,11.130247116088867
2,312,8,1995,11.035873413085938
2,312,9,195,10.781243324279785
2,312,10,859,10.681147575378418
2,314,1,59,11.71639633178711
2,314,2,69,11.493997573852539
2,314,3,1206,11.059656143188477
2,314,4,2623,10.946063995361328
2,314,5,1571,10.904671669006348
2,314,6,2974,10.877313613891602
2,314,7,1823,10.810449600219727
2,314,8,1701,10.625341415405273
2,314,9,1811,10.568262100219727
2,314,10,2686,10.255838394165039
2,315,1,1206,9.664290428161621
2,315,2,562,9.382264137268066
2,315,3,1571,9.296045303344727
2,315,4,1701,9.262308120727539
2,315,5,59,9.068120002746582
2,315,6,2686,8.979955673217773
2,315,7,1995,8.935924530029297
2,315,8,69,8.74833869934082
2,315,9,1611,8.62369441986084
2,315,10,1490,8.61097526550293
2,316,1,1571,8.956991195678711
2,316,2,69,8.860956192016602
2,316,3,59,8.825384140014648
2,316,4,2974,8.817131996154785
2,316,5,2956,8.703279495239258
2,316,6,1369,8.681498527526855
2,316,7,2176,8.641386985778809
2,316,8,2106,8.634758949279785
2,316,9,2623,8.621658325195312
2,316,10,562,8.577865600585938
2,317,1,59,10.641510009765625
2,317,2,1571,10.442755699157715
2,317,3,1701,10.197311401367188
2,317,4,1995,10.163858413696289
2,317,5,2686,10.154404640197754
2,317,6,69,10.114270210266113
2,317,7,562,10.068940162658691
2,317,8,859,9.975919723510742
2,317,9,2974,9.910017013549805
2,317,10,2927,9.82918930053711
2,318,1,2173,9.100828170776367
2,318,2,59,8.745597839355469
2,318,3,2974,8.72276496887207
2,318,4,1571,8.685306549072266
2,318,5,69,8.650379180908203
2,318,6,2623,8.5808744430542
2,318,7,2956,8.524822235107422
2,318,8,2176,8.524748802185059
2,318,9,1823,8.508626937866211
2,318,10,2106,8.499515533447266
2,319,1,1206,13.262219429016113
2,319,2,1367,12.738338470458984
2,319,3,1541,12.487878799438477
2,319,4,1571,12.414020538330078
2,319,5,69,12.309491157531738
2,319,6,2974,12.203178405761719
2,319,7,59,12.14974594116211
2,319,8,2623,12.133212089538574
2,319,9,1198,12.103675842285156
2,319,10,1823,12.029747009277344
2,321,1,2956,11.733665466308594
2,321,2,2363,11.111787796020508
2,321,3,2927,10.989137649536133
2,321,4,2107,10.94979190826416
2,321,5,1206,10.622939109802246
2,321,6,1653,10.598188400268555
2,321,7,1198,10.583244323730469
2,321,8,1030,10.57511043548584
2,321,9,2145,10.574835777282715
2,321,10,628,10.564718246459961
2,322,1,2173,11.5894193649292
2,322,2,195,10.547711372375488
2,322,3,58,10.344347953796387
2,322,4,513,10.094083786010742
2,322,5,1206,10.005062103271484
2,322,6,69,9.98606014251709
2,322,7,446,9.982009887695312
2,322,8,410,9.904537200927734
2,322,9,59,9.85239028930664
2,322,10,2974,9.82643985748291
2,323,1,2173,10.351221084594727
2,323,2,2363,10.071054458618164
2,323,3,2956,9.995088577270508
2,323,4,2971,9.837559700012207
2,323,5,58,9.631166458129883
2,323,6,513,9.566991806030273
2,323,7,410,9.367795944213867
2,323,8,2927,9.23694896697998
2,323,9,2566,9.113140106201172
2,323,10,1258,9.055545806884766
2,324,1,195,11.476848602294922
2,324,2,59,10.94422435760498
2,324,3,1206,10.926224708557129
2,324,4,1571,10.866063117980957
2,324,5,2956,10.853886604309082
2,324,6,69,10.840682983398438
2,324,7,2927,10.803317070007324
2,324,8,446,10.765273094177246
2,324,9,2173,10.669634819030762
2,324,10,2974,10.607097625732422
2,325,1,1279,9.555850982666016
2,325,2,2956,9.5272798538208
2,325,3,1821,9.479333877563477
2,325,4,1653,9.316986083984375
2,325,5,1030,9.303776741027832
2,325,6,104,9.280927658081055
2,325,7,646,9.25308609008789
2,325,8,2106,9.24100399017334
2,325,9,628,9.226640701293945
2,325,10,1203,9.20876693725586
2,326,1,1653,9.189153671264648
2,326,2,1030,9.172966003417969
2,326,3,646,9.155778884887695
2,326,4,628,9.120759963989258
2,326,5,1203,9.097005844116211
2,326,6,2106,9.075876235961914
2,326,7,2403,9.024718284606934
2,326,8,2176,9.011590003967285
2,326,9,195,8.938375473022461
2,326,10,210,8.930780410766602
2,327,1,2956,9.072799682617188
2,327,2,2403,9.069392204284668
2,327,3,387,8.871078491210938
2,327,4,646,8.86758041381836
2,327,5,1472,8.676786422729492
2,327,6,101,8.629199028015137
2,327,7,2106,8.564437866210938
2,327,8,2176,8.550333023071289
2,327,9,2296,8.501626014709473
2,327,10,176,8.463438034057617
2,328,1,2296,8.516166687011719
2,328,2,2084,8.256242752075195
2,328,3,1707,8.15201473236084
2,328,4,2917,8.125197410583496
2,328,5,203,8.03907585144043
2,328,6,1671,8.001866340637207
2,328,7,2403,7.894113063812256
2,328,8,176,7.831499099731445
2,328,9,646,7.801140308380127
2,328,10,2956,7.765554428100586
2,329,1,2296,9.206523895263672
2,329,2,1422,8.679924011230469
2,329,3,1991,8.249470710754395
2,329,4,104,8.094043731689453
2,329,5,1062,7.985126495361328
2,329,6,637,7.884008407592773
2,329,7,2075,7.8581719398498535
2,329,8,3027,7.824103832244873
2,329,9,1671,7.791976451873779
2,329,10,2363,7.75126838684082
2,330,1,2659,8.20678424835205
2,330,2,1248,7.844097137451172
2,330,3,1991,7.840822219848633
2,330,4,1368,7.826401710510254
2,330,5,104,7.784632205963135
2,330,6,2484,7.679698467254639
2,330,7,3027,7.658852577209473
2,330,8,2075,7.648136138916016
2,330,9,2363,7.604418754577637
2,330,10,1062,7.559788703918457
2,331,1,2296,8.595940589904785
2,331,2,1248,7.854063987731934
2,331,3,1368,7.36927604675293
2,331,4,707,7.2353034019470215
2,331,5,2432,7.186332702636719
2,331,6,2256,7.177314758300781
2,331,7,3027,7.134716987609863
2,331,8,1829,7.1038408279418945
2,331,9,1063,7.070079803466797
2,331,10,1991,7.026670455932617
2,332,1,2296,8.77168083190918
2,332,2,1422,8.06700325012207
2,332,3,2927,7.913920879364014
2,332,4,2917,7.755868434906006
2,332,5,2107,7.708076477050781
2,332,6,1248,7.603099822998047
2,332,7,672,7.489743232727051
2,332,8,2363,7.460967063903809
2,332,9,2145,7.357025146484375
2,332,10,2084,7.349627494812012
2,333,1,2145,14.444366455078125
2,333,2,90,14.249561309814453
2,333,3,523,14.121016502380371
2,333,4,1655,13.894134521484375
2,333,5,2870,13.34408187866211
2,333,6,2261,12.859278678894043
2,333,7,2602,12.824052810668945
2,333,8,774,12.635637283325195
2,333,9,1491,12.443098068237305
2,333,10,1408,11.988306999206543
2,334,1,2927,13.400042533874512
2,334,2,2107,13.311342239379883
2,334,3,2309,13.071577072143555
2,334,4,90,12.963676452636719
2,334,5,523,12.850065231323242
2,334,6,1692,12.113642692565918
2,334,7,2602,11.976968765258789
2,334,8,2261,11.730079650878906
2,334,9,2061,11.330744743347168
2,334,10,900,10.644010543823242
2,335,1,2309,13.703012466430664
2,335,2,90,13.575550079345703
2,335,3,523,13.552921295166016
2,335,4,1692,13.334295272827148
2,335,5,2870,12.807604789733887
2,335,6,2061,12.26860523223877
2,335,7,2261,12.249771118164062
2,335,8,2602,12.246912956237793
2,335,9,774,12.179819107055664
2,335,10,1611,11.940887451171875
2,336,1,2927,13.856511116027832
2,336,2,2309,13.842967987060547
2,336,3,2107,13.815481185913086
2,336,4,90,13.698432922363281
2,336,5,523,13.598814010620117
2,336,6,2145,13.35316276550293
2,336,7,2870,12.576770782470703
2,336,8,2363,10.915390968322754
2,336,9,900,10.910863876342773
2,336,10,1469,10.690579414367676
2,337,1,2145,11.566596984863281
2,337,2,1635,11.075735092163086
2,337,3,2705,11.071342468261719
2,337,4,1920,10.859153747558594
2,337,5,2899,10.72502613067627
2,337,6,1189,10.710198402404785
2,337,7,2343,10.438006401062012
2,337,8,788,10.15743637084961
2,337,9,774,10.142084121704102
2,337,10,1449,10.127575874328613
2,338,1,2927,13.848376274108887
2,338,2,2705,12.81450080871582
2,338,3,1635,12.752817153930664
2,338,4,2602,12.645084381103516
2,338,5,788,11.796442031860352
2,338,6,774,11.667583465576172
2,338,7,2061,11.51998519897461
2,338,8,1779,11.49740219116211
2,338,9,1611,11.312723159790039
2,338,10,1408,11.287981033325195
2,339,1,523,13.430416107177734
2,339,2,2705,13.260910034179688
2,339,3,1635,13.198570251464844
2,339,4,2061,12.191366195678711
2,339,5,1491,11.968955993652344
2,339,6,774,11.818160057067871
2,339,7,788,11.541487693786621
2,339,8,1408,11.352256774902344
2,339,9,2384,11.26348876953125
2,339,10,1779,11.229667663574219
2,340,1,2145,12.392460823059082
2,340,2,2705,11.78546142578125
2,340,3,1635,11.769071578979492
2,340,4,1692,11.654748916625977
2,340,5,900,11.363138198852539
2,340,6,1920,11.172460556030273
2,340,7,2899,10.985170364379883
2,340,8,774,10.963438034057617
2,340,9,1469,10.926497459411621
2,340,10,788,10.915313720703125
2,341,1,502,11.8057861328125
2,341,2,2274,11.443012237548828
2,341,3,1159,11.435617446899414
2,341,4,2163,11.408670425415039
2,341,5,2603,11.354652404785156
2,341,6,122,11.248703956604004
2,341,7,2710,11.202714920043945
2,341,8,1472,11.11058521270752
2,341,9,3048,11.083351135253906
2,341,10,1002,10.96999740600586
2,343,1,2927,11.114978790283203
2,343,2,2870,10.844813346862793
2,343,3,1655,10.275150299072266
2,343,4,2705,10.178945541381836
2,343,5,1635,10.128888130187988
2,343,6,1692,10.006065368652344
2,343,7,1469,9.758806228637695
2,343,8,788,9.42236328125
2,343,9,2061,9.26749038696289
2,343,10,1779,9.26237678527832
2,344,1,646,11.083454132080078
2,344,2,2407,10.113947868347168
2,344,3,20,10.084012985229492
2,344,4,176,10.008707046508789
2,344,5,1466,9.968673706054688
2,344,6,72,9.7890625
2,344,7,502,9.707661628723145
2,344,8,718,9.57379150390625
2,344,9,122,9.457771301269531
2,344,10,1437,9.395167350769043
2,345,1,387,11.853189468383789
2,345,2,2407,10.41978645324707
2,345,3,72,10.404409408569336
2,345,4,176,10.397233009338379
2,345,5,502,10.355152130126953
2,345,6,1466,10.277055740356445
2,345,7,718,10.18680191040039
2,345,8,122,9.937494277954102
2,345,9,1437,9.729757308959961
2,345,10,553,9.679816246032715
2,346,1,1472,12.285804748535156
2,346,2,718,10.848359107971191
2,346,3,72,10.77282428741455
2,346,4,176,10.771279335021973
2,346,5,2407,10.76893138885498
2,346,6,502,10.729110717773438
2,346,7,1466,10.611244201660156
2,346,8,122,10.339378356933594
2,346,9,2603,10.112783432006836
2,346,10,446,10.103759765625
2,347,1,1206,9.210159301757812
2,347,2,195,9.026623725891113
2,347,3,72,8.74866771697998
2,347,4,2956,8.745428085327148
2,347,5,446,8.667774200439453
2,347,6,502,8.63440990447998
2,347,7,482,8.616632461547852
2,347,8,176,8.545206069946289
2,347,9,2407,8.487001419067383
2,347,10,2176,8.449682235717773
2,348,1,2274,11.13140869140625
2,348,2,72,10.917269706726074
2,348,3,3048,10.903878211975098
2,348,4,869,10.686283111572266
2,348,5,2212,10.648113250732422
2,348,6,504,10.460943222045898
2,348,7,65,10.407430648803711
2,348,8,273,10.378210067749023
2,348,9,502,10.352237701416016
2,348,10,2093,10.291812896728516
2,349,1,2274,11.164982795715332
2,349,2,72,11.122252464294434
2,349,3,3048,10.882523536682129
2,349,4,2007,10.83685302734375
2,349,5,869,10.632339477539062
2,349,6,2212,10.532323837280273
2,349,7,2328,10.401453971862793
2,349,8,1159,10.337458610534668
2,349,9,1383,10.315171241760254
2,349,10,259,10.27377700805664
2,350,1,333,10.478271484375
2,350,2,2274,10.313766479492188
2,350,3,3048,10.180694580078125
2,350,4,869,9.987415313720703
2,350,5,502,9.928048133850098
2,350,6,273,9.904045104980469
2,350,7,2212,9.89734172821045
2,350,8,2093,9.800956726074219
2,350,9,259,9.722768783569336
2,350,10,2743,9.700553894042969
2,351,1,2274,9.911104202270508
2,351,2,1002,9.839330673217773
2,351,3,3048,9.610763549804688
2,351,4,333,9.504854202270508
2,351,5,1159,9.408327102661133
2,351,6,869,9.347137451171875
2,351,7,2212,9.305427551269531
2,351,8,1383,9.213300704956055
2,351,9,2603,9.164705276489258
2,351,10,105,9.133057594299316
2,352,1,1266,12.718143463134766
2,352,2,2739,12.606452941894531
2,352,3,272,12.096769332885742
2,352,4,2687,12.015531539916992
2,352,5,2464,12.009100914001465
2,352,6,1398,11.967835426330566
2,352,7,1347,11.874011039733887
2,352,8,1275,11.873497009277344
2,352,9,1606,11.819063186645508
2,352,10,1,11.795368194580078
2,353,1,2869,13.032564163208008
2,353,2,2739,12.936897277832031
2,353,3,2562,12.560638427734375
2,353,4,2464,12.514982223510742
2,353,5,432,12.510595321655273
2,353,6,272,12.490713119506836
2,353,7,1275,12.432315826416016
2,353,8,1398,12.38570785522461
2,353,9,2687,12.358475685119629
2,353,10,1606,12.27935791015625
2,354,1,1490,9.502969741821289
2,354,2,2609,9.306825637817383
2,354,3,2562,9.115256309509277
2,354,4,2739,9.041501998901367
2,354,5,2888,8.928787231445312
2,354,6,538,8.869989395141602
2,354,7,2687,8.83824348449707
2,354,8,2464,8.7877197265625
2,354,9,2665,8.67523193359375
2,354,10,1920,8.669218063354492
2,355,1,622,10.475700378417969
2,355,2,754,9.74371337890625
2,355,3,2739,9.70466423034668
2,355,4,2687,9.609827041625977
2,355,5,2665,9.549323081970215
2,355,6,2888,9.501843452453613
2,355,7,2464,9.486721992492676
2,355,8,538,9.339621543884277
2,355,9,1275,9.337940216064453
2,355,10,272,9.313837051391602
2,356,1,622,11.641351699829102
2,356,2,2869,11.45151138305664
2,356,3,2739,11.13074779510498
2,356,4,432,11.079028129577637
2,356,5,2687,10.897409439086914
2,356,6,1275,10.889495849609375
2,356,7,393,10.85222053527832
2,356,8,2464,10.798559188842773
2,356,9,272,10.6935453414917
2,356,10,2888,10.676187515258789
2,357,1,1266,12.127796173095703
2,357,2,622,11.768033027648926
2,357,3,2869,11.725668907165527
2,357,4,842,11.650224685668945
2,357,5,1037,11.203573226928711
2,357,6,1,11.174793243408203
2,357,7,432,11.147594451904297
2,357,8,915,11.076883316040039
2,357,9,754,11.073420524597168
2,357,10,1275,11.06170654296875
2,358,1,1206,9.947755813598633
2,358,2,1490,9.766728401184082
2,358,3,1266,9.601808547973633
2,358,4,432,9.503853797912598
2,358,5,1369,9.434686660766602
2,358,6,2574,9.428980827331543
2,358,7,2697,9.208032608032227
2,358,8,2653,9.047014236450195
2,358,9,195,9.024452209472656
2,358,10,387,8.976109504699707
2,359,1,1266,10.946773529052734
2,359,2,2653,10.757832527160645
2,359,3,2697,10.597415924072266
2,359,4,338,10.090160369873047
2,359,5,1,10.069051742553711
2,359,6,1490,10.059921264648438
2,359,7,842,10.059200286865234
2,359,8,915,9.978185653686523
2,359,9,2869,9.939672470092773
2,359,10,432,9.885271072387695
2,360,1,1266,10.946773529052734
2,360,2,2653,10.757832527160645
2,360,3,2697,10.597415924072266
2,360,4,338,10.090160369873047
2,360,5,1,10.069051742553711
2,360,6,1490,10.059921264648438
2,360,7,842,10.059200286865234
2,360,8,915,9.978185653686523
2,360,9,2869,9.939672470092773
2,360,10,432,9.885271072387695
2,361,1,1266,10.946773529052734
2,361,2,2653,10.757832527160645
2,361,3,2697,10.597415924072266
2,361,4,338,10.090160369873047
2,361,5,1,10.069051742553711
2,361,6,1490,10.059921264648438
2,361,7,842,10.059200286865234
2,361,8,915,9.978185653686523
2,361,9,2869,9.939672470092773
2,361,10,432,9.885271072387695
2,362,1,1266,10.946773529052734
2,362,2,2653,10.757832527160645
2,362,3,2697,10.597415924072266
2,362,4,338,10.090160369873047
2,362,5,1,10.069051742553711
2,362,6,1490,10.059921264648438
2,362,7,842,10.059200286865234
2,362,8,915,9.978185653686523
2,362,9,2869,9.939672470092773
2,362,10,432,9.885271072387695
2,363,1,1266,10.968381881713867
2,363,2,2653,10.776973724365234
2,363,3,2697,10.616090774536133
2,363,4,338,10.10506820678711
2,363,5,1,10.091798782348633
2,363,6,842,10.083880424499512
2,363,7,1490,10.066043853759766
2,363,8,915,10.00075626373291
2,363,9,2869,9.964254379272461
2,363,10,432,9.89439582824707
2,365,1,646,10.641752243041992
2,365,2,210,10.275253295898438
2,365,3,195,10.262625694274902
2,365,4,2403,10.246158599853516
2,365,5,671,10.235652923583984
2,365,6,2927,10.140782356262207
2,365,7,2107,10.11628532409668
2,365,8,2956,10.112716674804688
2,365,9,387,10.077739715576172
2,365,10,1472,10.010153770446777
2,366,1,1206,11.435633659362793
2,366,2,1541,11.335190773010254
2,366,3,195,11.26668930053711
2,366,4,1198,10.958226203918457
2,366,5,1367,10.921022415161133
2,366,6,2078,10.845091819763184
2,366,7,1158,10.730283737182617
2,366,8,2956,10.640703201293945
2,366,9,2106,10.55904483795166
2,366,10,2176,10.549959182739258
2,367,1,210,10.203897476196289
2,367,2,2107,9.903071403503418
2,367,3,2927,9.883249282836914
2,367,4,646,9.740285873413086
2,367,5,2145,9.724769592285156
2,367,6,418,9.717687606811523
2,367,7,2309,9.530683517456055
2,367,8,195,9.522480964660645
2,367,9,2705,9.484615325927734
2,367,10,1635,9.418611526489258
2,368,1,2107,10.72853946685791
2,368,2,2927,10.62778091430664
2,368,3,2759,10.596038818359375
2,368,4,2145,10.521297454833984
2,368,5,1206,10.469535827636719
2,368,6,195,10.374682426452637
2,368,7,2705,10.328948020935059
2,368,8,2078,10.30799674987793
2,368,9,1635,10.25876522064209
2,368,10,1198,10.182134628295898
2,369,1,2739,17.865901947021484
2,369,2,1347,17.540498733520508
2,369,3,477,17.43609046936035
2,369,4,622,14.003344535827637
2,369,5,1469,13.855291366577148
2,369,6,1848,13.803825378417969
2,369,7,1266,13.763982772827148
2,369,8,2173,13.747058868408203
2,369,9,2557,13.622274398803711
2,369,10,1490,13.232473373413086
2,370,1,2739,17.02981185913086
2,370,2,1606,16.214860916137695
2,370,3,918,15.092767715454102
2,370,4,622,13.066198348999023
2,370,5,1848,12.707372665405273
2,370,6,2557,12.660314559936523
2,370,7,1266,12.613417625427246
2,370,8,248,12.565947532653809
2,370,9,1275,12.509812355041504
2,370,10,270,12.257469177246094
2,372,1,272,17.064002990722656
2,372,2,1398,16.867361068725586
2,372,3,1606,16.228694915771484
2,372,4,622,12.904966354370117
2,372,5,1848,12.8042631149292
2,372,6,248,12.796782493591309
2,372,7,2557,12.646726608276367
2,372,8,1275,12.620259284973145
2,372,9,1266,12.399064064025879
2,372,10,270,12.390653610229492
2,373,1,1606,17.27560806274414
2,373,2,2464,17.212692260742188
2,373,3,2687,16.235435485839844
2,373,4,1848,14.099626541137695
2,373,5,248,13.96772575378418
2,373,6,1275,13.92635726928711
2,373,7,622,13.924100875854492
2,373,8,784,13.725532531738281
2,373,9,393,13.682570457458496
2,373,10,270,13.666155815124512
2,374,1,2888,15.93924331665039
2,374,2,918,15.563067436218262
2,374,3,2441,15.264869689941406
2,374,4,622,13.722160339355469
2,374,5,1275,13.606258392333984
2,374,6,393,13.374954223632812
2,374,7,1848,13.30640983581543
2,374,8,270,13.295166015625
2,374,9,784,13.292065620422363
2,374,10,248,13.282094955444336
2,375,1,2739,19.028221130371094
2,375,2,2321,16.95880126953125
2,375,3,2441,16.583703994750977
2,375,4,622,14.726118087768555
2,375,5,1848,14.306696891784668
2,375,6,1266,14.232832908630371
2,375,7,1275,14.194604873657227
2,375,8,2557,14.096487998962402
2,375,9,270,13.987303733825684
2,375,10,248,13.977643013000488
2,378,1,1347,17.972702026367188
2,378,2,477,17.948383331298828
2,378,3,2888,16.442102432250977
2,378,4,1275,14.103067398071289
2,378,5,622,14.087837219238281
2,378,6,784,13.848220825195312
2,378,7,270,13.794954299926758
2,378,8,1848,13.770435333251953
2,378,9,2557,13.755980491638184
2,378,10,393,13.594085693359375
2,379,1,2321,16.899200439453125
2,379,2,2441,16.605026245117188
2,379,3,622,15.370960235595703
2,379,4,1266,14.903177261352539
2,379,5,1678,14.768182754516602
2,379,6,1848,14.523726463317871
2,379,7,1275,14.406136512756348
2,379,8,842,14.39854621887207
2,379,9,2557,14.304229736328125
2,379,10,270,14.160955429077148
2,380,1,477,17.9038028717041
2,380,2,918,16.386852264404297
2,380,3,2441,16.09710693359375
2,380,4,622,14.012041091918945
2,380,5,1848,13.978609085083008
2,380,6,248,13.974286079406738
2,380,7,1275,13.951200485229492
2,380,8,784,13.74621295928955
2,380,9,270,13.709114074707031
2,380,10,393,13.605963706970215
2,381,1,2739,18.18124008178711
2,381,2,2888,16.77170753479004
2,381,3,2441,15.828669548034668
2,381,4,622,14.388972282409668
2,381,5,1266,14.142806053161621
2,381,6,1275,13.855474472045898
2,381,7,1920,13.741930961608887
2,381,8,270,13.67971134185791
2,381,9,842,13.660074234008789
2,381,10,1848,13.643495559692383
2,383,1,1347,17.37277603149414
2,383,2,2888,16.155641555786133
2,383,3,918,15.835270881652832
2,383,4,622,13.935771942138672
2,383,5,1275,13.845080375671387
2,383,6,784,13.516682624816895
2,383,7,270,13.514101028442383
2,383,8,393,13.498819351196289
2,383,9,1848,13.384910583496094
2,383,10,248,13.382980346679688
2,384,1,1826,17.40660858154297
2,384,2,2441,17.236770629882812
2,384,3,1678,15.446723937988281
2,384,4,622,15.398061752319336
2,384,5,1275,14.945306777954102
2,384,6,1266,14.90589714050293
2,384,7,270,14.697739601135254
2,384,8,1848,14.62681770324707
2,384,9,784,14.625509262084961
2,384,10,842,14.432302474975586
2,385,1,272,17.226150512695312
2,385,2,2739,17.153152465820312
2,385,3,2464,16.34238052368164
2,385,4,1848,12.869417190551758
2,385,5,622,12.844524383544922
2,385,6,248,12.836530685424805
2,385,7,2557,12.734353065490723
2,385,8,1920,12.57661247253418
2,385,9,1407,12.491636276245117
2,385,10,1275,12.484551429748535
2,386,1,1398,17.8916015625
2,386,2,2464,17.1694278717041
2,386,3,1826,15.97005844116211
2,386,4,1848,14.223228454589844
2,386,5,2557,13.875480651855469
2,386,6,248,13.867298126220703
2,386,7,622,13.85943603515625
2,386,8,1407,13.690606117248535
2,386,9,1165,13.626043319702148
2,386,10,1818,13.609748840332031
2,387,1,1347,19.370445251464844
2,387,2,918,17.560317993164062
2,387,3,1678,15.446615219116211
2,387,4,622,15.199201583862305
2,387,5,1848,15.101130485534668
2,387,6,2557,15.078500747680664
2,387,7,1275,14.932514190673828
2,387,8,784,14.702851295471191
2,387,9,248,14.688316345214844
2,387,10,270,14.654027938842773
2,388,1,272,17.52416229248047
2,388,2,477,17.010528564453125
2,388,3,1826,15.371383666992188
2,388,4,622,13.155048370361328
2,388,5,1848,13.072681427001953
2,388,6,248,13.047042846679688
2,388,7,2557,12.814065933227539
2,388,8,1275,12.777236938476562
2,388,9,1266,12.752140045166016
2,388,10,1920,12.683902740478516
2,391,1,272,17.210283279418945
2,391,2,1606,16.35321807861328
2,391,3,1108,15.475372314453125
2,391,4,622,13.18221664428711
2,391,5,1848,12.845273971557617
2,391,6,248,12.806589126586914
2,391,7,1275,12.802287101745605
2,391,8,1266,12.679452896118164
2,391,9,2557,12.621970176696777
2,391,10,784,12.567503929138184
2,392,1,1812,11.467931747436523
2,392,2,2143,11.038700103759766
2,392,3,769,10.594493865966797
2,392,4,1681,10.472732543945312
2,392,5,652,10.433101654052734
2,392,6,2630,10.296767234802246
2,392,7,601,10.252126693725586
2,392,8,2490,10.198680877685547
2,392,9,464,10.089892387390137
2,392,10,94,10.000980377197266
2,395,1,2143,10.192911148071289
2,395,2,1812,9.38541030883789
2,395,3,1102,9.236139297485352
2,395,4,692,9.216304779052734
2,395,5,2159,8.958134651184082
2,395,6,769,8.916015625
2,395,7,2521,8.892669677734375
2,395,8,652,8.711355209350586
2,395,9,2095,8.707225799560547
2,395,10,1681,8.61202621459961
2,396,1,2143,9.496901512145996
2,396,2,1812,9.066349029541016
2,396,3,769,8.718656539916992
2,396,4,2607,8.702157974243164
2,396,5,2156,8.640800476074219
2,396,6,652,8.502805709838867
2,396,7,1681,8.4613037109375
2,396,8,692,8.445945739746094
2,396,9,2159,8.369385719299316
2,396,10,2630,8.306282997131348
2,397,1,206,13.338189125061035
2,397,2,1307,12.388042449951172
2,397,3,609,12.055694580078125
2,397,4,2504,10.90890884399414
2,397,5,2235,10.804784774780273
2,397,6,527,10.39017391204834
2,397,7,275,9.835135459899902
2,397,8,2080,9.811040878295898
2,397,9,475,9.784385681152344
2,397,10,1999,9.643807411193848
2,398,1,206,11.183691024780273
2,398,2,1307,10.640810012817383
2,398,3,2107,10.047021865844727
2,398,4,2927,9.78925895690918
2,398,5,1692,9.744297981262207
2,398,6,89,9.701431274414062
2,398,7,2145,9.665252685546875
2,398,8,2910,9.621033668518066
2,398,9,1655,9.46153736114502
2,398,10,82,9.406070709228516
2,399,1,206,13.335426330566406
2,399,2,609,12.084013938903809
2,399,3,89,11.52871036529541
2,399,4,2504,10.940025329589844
2,399,5,527,10.401542663574219
2,399,6,275,9.858597755432129
2,399,7,2080,9.810269355773926
2,399,8,475,9.802719116210938
2,399,9,1999,9.675909042358398
2,399,10,2568,9.34215259552002
2,400,1,2910,13.613561630249023
2,400,2,2136,12.974706649780273
2,400,3,1379,12.93389892578125
2,400,4,475,11.373714447021484
2,400,5,275,11.018159866333008
2,400,6,1301,10.889738082885742
2,400,7,1999,10.877838134765625
2,400,8,2235,10.511720657348633
2,400,9,2568,10.465240478515625
2,400,10,2107,10.37839126586914
2,401,1,2143,7.911663055419922
2,401,2,1812,7.541506290435791
2,401,3,2558,7.132420539855957
2,401,4,2104,7.121552467346191
2,401,5,1683,7.113279819488525
2,401,6,2621,7.09454345703125
2,401,7,769,7.075009346008301
2,401,8,2599,7.062445640563965
2,401,9,692,6.971783638000488
2,401,10,1087,6.956149101257324
2,403,1,2910,13.191673278808594
2,403,2,1307,12.25269889831543
2,403,3,609,12.088780403137207
2,403,4,2504,10.947237968444824
2,403,5,527,10.416377067565918
2,403,6,1999,9.89362907409668
2,403,7,475,9.852757453918457
2,403,8,2080,9.791985511779785
2,403,9,275,9.76811408996582
2,403,10,2568,9.317319869995117
2,404,1,1379,12.92327880859375
2,404,2,609,12.571938514709473
2,404,3,2504,11.0070219039917
2,404,4,527,10.956476211547852
2,404,5,1301,10.898447036743164
2,404,6,475,10.412027359008789
2,404,7,2080,10.379271507263184
2,404,8,275,10.316401481628418
2,404,9,1999,10.032487869262695
2,404,10,2568,9.81624698638916
2,405,1,1379,12.526752471923828
2,405,2,1307,12.490242004394531
2,405,3,89,11.89010238647461
2,405,4,1570,11.6929292678833
2,405,5,2830,11.620939254760742
2,405,6,2758,11.18882942199707
2,405,7,2235,10.379416465759277
2,405,8,2080,10.346677780151367
2,405,9,2107,9.847368240356445
2,405,10,2568,9.790816307067871
2,406,1,206,11.574719429016113
2,406,2,1379,11.028241157531738
2,406,3,1307,10.735918045043945
2,406,4,89,10.061860084533691
2,406,5,2830,10.035919189453125
2,406,6,1570,10.01390552520752
2,406,7,2758,9.871294021606445
2,406,8,275,8.85926628112793
2,406,9,475,8.538888931274414
2,406,10,2568,8.105035781860352
2,407,1,2910,7.399608612060547
2,407,2,206,7.342793941497803
2,407,3,275,7.101818084716797
2,407,4,609,6.953701972961426
2,407,5,2136,6.888114929199219
2,407,6,1379,6.826284885406494
2,407,7,1307,6.65125036239624
2,407,8,1009,6.569705963134766
2,407,9,2615,6.535891056060791
2,407,10,89,6.495759010314941
2,408,1,206,8.951045989990234
2,408,2,609,8.747766494750977
2,408,3,1307,8.330263137817383
2,408,4,2910,8.267041206359863
2,408,5,275,8.238421440124512
2,408,6,89,7.932809352874756
2,408,7,2107,7.893775939941406
2,408,8,2136,7.761931419372559
2,408,9,1379,7.701086521148682
2,408,10,2927,7.646742820739746
2,409,1,2107,11.731429100036621
2,409,2,774,11.572007179260254
2,409,3,2927,11.497056007385254
2,409,4,2145,11.488286972045898
2,409,5,1408,10.960334777832031
2,409,6,2705,10.883987426757812
2,409,7,1655,10.836210250854492
2,409,8,1692,10.790421485900879
2,409,9,1635,10.781193733215332
2,409,10,90,10.569586753845215
2,410,1,774,10.19917106628418
2,410,2,2107,10.06900405883789
2,410,3,2927,9.917966842651367
2,410,4,2145,9.874771118164062
2,410,5,90,9.397661209106445
2,410,6,2705,9.280826568603516
2,410,7,1655,9.232316017150879
2,410,8,1635,9.186586380004883
2,410,9,2309,9.123823165893555
2,410,10,1692,9.116991996765137
2,411,1,1408,11.016035079956055
2,411,2,2107,10.136726379394531
2,411,3,2927,10.045977592468262
2,411,4,2145,9.948603630065918
2,411,5,2397,9.779167175292969
2,411,6,2817,9.694646835327148
2,411,7,90,9.463570594787598
2,411,8,2705,9.462730407714844
2,411,9,1635,9.447408676147461
2,411,10,1655,9.436582565307617
2,412,1,774,12.209197998046875
2,412,2,2107,11.116968154907227
2,412,3,2927,10.942983627319336
2,412,4,2145,10.89813232421875
2,412,5,2488,10.803796768188477
2,412,6,2705,10.45799446105957
2,412,7,1635,10.44670295715332
2,412,8,1655,10.416304588317871
2,412,9,2397,10.38940143585205
2,412,10,1692,10.377098083496094
2,413,1,2107,10.473483085632324
2,413,2,2927,10.312304496765137
2,413,3,2145,10.266837120056152
2,413,4,2906,10.259319305419922
2,413,5,2488,9.904716491699219
2,413,6,539,9.83802604675293
2,413,7,90,9.816598892211914
2,413,8,1655,9.763608932495117
2,413,9,2705,9.714887619018555
2,413,10,1635,9.698251724243164
2,414,1,1266,8.76119327545166
2,414,2,1490,8.753349304199219
2,414,3,774,8.506250381469727
2,414,4,69,8.447181701660156
2,414,5,2697,8.406621932983398
2,414,6,1811,8.386194229125977
2,414,7,2899,8.316598892211914
2,414,8,2785,8.308053970336914
2,414,9,2574,8.243768692016602
2,414,10,1408,8.141731262207031
2,415,1,2609,8.915002822875977
2,415,2,566,8.375012397766113
2,415,3,742,8.326396942138672
2,415,4,1696,8.304478645324707
2,415,5,2700,8.221304893493652
2,415,6,1215,8.18824291229248
2,415,7,585,8.183849334716797
2,415,8,576,8.075606346130371
2,415,9,1263,8.054219245910645
2,415,10,2308,8.034052848815918
2,416,1,1293,11.9951171875
2,416,2,2725,11.805074691772461
2,416,3,2851,11.80179500579834
2,416,4,2700,11.752554893493652
2,416,5,585,11.735137939453125
2,416,6,2308,11.719249725341797
2,416,7,2212,11.600184440612793
2,416,8,2274,11.563684463500977
2,416,9,742,11.557141304016113
2,416,10,1380,11.476827621459961
2,417,1,2609,10.326705932617188
2,417,2,1293,10.16954517364502
2,417,3,2308,9.795223236083984
2,417,4,566,9.715202331542969
2,417,5,2359,9.428685188293457
2,417,6,585,9.422001838684082
2,417,7,1263,9.328856468200684
2,417,8,1029,9.300817489624023
2,417,9,576,9.058661460876465
2,417,10,1618,8.811673164367676
2,418,1,2739,8.913923263549805
2,418,2,272,8.748739242553711
2,418,3,1347,8.697762489318848
2,418,4,1398,8.664639472961426
2,418,5,2464,8.473405838012695
2,418,6,2888,8.391338348388672
2,418,7,477,8.388391494750977
2,418,8,1606,8.386270523071289
2,418,9,1920,8.279058456420898
2,418,10,2173,8.191879272460938
2,419,1,2609,7.9804277420043945
2,419,2,2721,7.842978000640869
2,419,3,538,7.745216369628906
2,419,4,518,7.732277870178223
2,419,5,1696,7.725017070770264
2,419,6,535,7.663397312164307
2,419,7,566,7.578609466552734
2,419,8,594,7.535234451293945
2,419,9,3019,7.506580829620361
2,419,10,264,7.5041632652282715
2,420,1,2609,9.21131420135498
2,420,2,2721,8.879671096801758
2,420,3,566,8.727679252624512
2,420,4,535,8.679113388061523
2,420,5,538,8.668231010437012
2,420,6,1196,8.636146545410156
2,420,7,594,8.571867942810059
2,420,8,3010,8.526937484741211
2,420,9,518,8.476119995117188
2,420,10,704,8.397797584533691
2,421,1,2609,11.089661598205566
2,421,2,742,10.352758407592773
2,421,3,2700,10.188483238220215
2,421,4,1293,10.102935791015625
2,421,5,2308,10.075100898742676
2,421,6,585,9.849349021911621
2,421,7,535,9.797115325927734
2,421,8,1263,9.64905071258545
2,421,9,2721,9.61924934387207
2,421,10,518,9.583880424499512
2,422,1,2609,9.343841552734375
2,422,2,585,9.07302188873291
2,422,3,2721,8.983296394348145
2,422,4,566,8.974091529846191
2,422,5,742,8.965450286865234
2,422,6,538,8.952919006347656
2,422,7,2700,8.948258399963379
2,422,8,1196,8.89022445678711
2,422,9,3010,8.77720832824707
2,422,10,2308,8.749673843383789
2,423,1,538,8.683023452758789
2,423,2,1266,8.618634223937988
2,423,3,2609,8.614797592163086
2,423,4,432,8.55366325378418
2,423,5,1490,8.503471374511719
2,423,6,2721,8.379196166992188
2,423,7,2574,8.27447509765625
2,423,8,566,8.138890266418457
2,423,9,594,8.104434967041016
2,423,10,742,8.09694766998291
2,424,1,2609,8.510810852050781
2,424,2,704,7.233202934265137
2,424,3,742,7.2084808349609375
2,424,4,1517,7.188498497009277
2,424,5,2700,7.0773701667785645
2,424,6,91,7.017876148223877
2,424,7,2308,6.90634298324585
2,424,8,585,6.873631000518799
2,424,9,2826,6.859077453613281
2,424,10,1293,6.856875419616699
2,425,1,2609,11.985401153564453
2,425,2,742,11.559741020202637
2,425,3,1293,11.500911712646484
2,425,4,585,11.464170455932617
2,425,5,2496,10.46645450592041
2,425,6,91,10.417928695678711
2,425,7,576,10.343903541564941
2,425,8,1517,10.300304412841797
2,425,9,704,10.14989948272705
2,425,10,535,9.911650657653809
2,426,1,742,9.26425838470459
2,426,2,538,9.2278470993042
2,426,3,1263,9.125467300415039
2,426,4,2700,9.037567138671875
2,426,5,518,9.02302360534668
2,426,6,1215,9.016077995300293
2,426,7,2308,8.891929626464844
2,426,8,1293,8.87288761138916
2,426,9,91,8.87243366241455
2,426,10,2923,8.824337005615234
2,427,1,2609,12.773070335388184
2,427,2,742,11.704036712646484
2,427,3,2700,11.483378410339355
2,427,4,1293,11.452215194702148
2,427,5,2308,11.369233131408691
2,427,6,585,11.159470558166504
2,427,7,1029,10.933158874511719
2,427,8,535,10.886737823486328
2,427,9,576,10.632450103759766
2,427,10,594,10.593871116638184
2,428,1,2700,10.66445541381836
2,428,2,1293,10.61070442199707
2,428,3,1263,10.554821014404297
2,428,4,2308,10.54484748840332
2,428,5,585,10.399659156799316
2,428,6,91,10.17070198059082
2,428,7,704,10.144548416137695
2,428,8,1029,10.126320838928223
2,428,9,64,10.076173782348633
2,428,10,1196,9.933675765991211
2,429,1,2700,10.66445541381836
2,429,2,1293,10.61070442199707
2,429,3,1263,10.554821014404297
2,429,4,2308,10.54484748840332
2,429,5,585,10.399659156799316
2,429,6,91,10.17070198059082
2,429,7,704,10.144548416137695
2,429,8,1029,10.126320838928223
2,429,9,64,10.076173782348633
2,429,10,1196,9.933675765991211
2,430,1,2700,10.66445541381836
2,430,2,1293,10.61070442199707
2,430,3,1263,10.554821014404297
2,430,4,2308,10.54484748840332
2,430,5,585,10.399659156799316
2,430,6,91,10.17070198059082
2,430,7,704,10.144548416137695
2,430,8,1029,10.126320838928223
2,430,9,64,10.076173782348633
2,430,10,1196,9.933675765991211
2,435,1,2851,10.994780540466309
2,435,2,621,10.868144989013672
2,435,3,2609,10.719602584838867
2,435,4,44,10.611457824707031
2,435,5,2761,10.504261016845703
2,435,6,1380,10.474021911621094
2,435,7,1263,10.454751968383789
2,435,8,259,10.279899597167969
2,435,9,576,10.245375633239746
2,435,10,2205,10.101987838745117
2,436,1,2609,12.928369522094727
2,436,2,566,12.1364164352417
2,436,3,1263,11.695389747619629
2,436,4,91,11.204824447631836
2,436,5,576,11.124062538146973
2,436,6,1215,10.86987590789795
2,436,7,1899,10.8390474319458
2,436,8,1517,10.805951118469238
2,436,9,704,10.634838104248047
2,436,10,1618,10.58010196685791
2,437,1,2609,11.537590980529785
2,437,2,566,10.90352725982666
2,437,3,1263,10.663654327392578
2,437,4,576,10.36530876159668
2,437,5,91,10.231393814086914
2,437,6,2851,10.0613374710083
2,437,7,2496,10.024507522583008
2,437,8,1517,9.948236465454102
2,437,9,1899,9.863645553588867
2,437,10,1215,9.831426620483398
2,439,1,2274,10.208599090576172
2,439,2,2557,9.950263977050781
2,439,3,2212,9.86863899230957
2,439,4,2772,9.868504524230957
2,439,5,1380,9.846282005310059
2,439,6,3048,9.836807250976562
2,439,7,1159,9.715156555175781
2,439,8,701,9.670475006103516
2,439,9,869,9.581969261169434
2,439,10,1180,9.497416496276855
2,440,1,2557,13.326998710632324
2,440,2,2274,12.921676635742188
2,440,3,1380,12.466508865356445
2,440,4,2772,12.389806747436523
2,440,5,1159,12.293486595153809
2,440,6,2212,12.291522979736328
2,440,7,2529,12.227819442749023
2,440,8,1383,12.216313362121582
2,440,9,65,12.153907775878906
2,440,10,3048,12.053120613098145
2,441,1,1913,12.910414695739746
2,441,2,2788,12.782491683959961
2,441,3,2212,12.595356941223145
2,441,4,2274,12.535192489624023
2,441,5,664,12.446931838989258
2,441,6,2739,12.445184707641602
2,441,7,2754,12.400857925415039
2,441,8,65,12.39570426940918
2,441,9,2557,12.358275413513184
2,441,10,747,12.328195571899414
2,442,1,2557,10.86328125
2,442,2,1380,10.773694038391113
2,442,3,2772,10.439831733703613
2,442,4,1180,10.311655044555664
2,442,5,2274,10.266714096069336
2,442,6,1159,10.191466331481934
2,442,7,1293,10.161968231201172
2,442,8,122,10.049352645874023
2,442,9,2529,10.049015045166016
2,442,10,2212,10.020896911621094
2,443,1,272,12.101203918457031
2,443,2,1398,11.99781322479248
2,443,3,2739,11.888642311096191
2,443,4,1347,11.823554039001465
2,443,5,477,11.56309986114502
2,443,6,1606,11.383451461791992
2,443,7,2464,11.304780960083008
2,443,8,2888,11.102490425109863
2,443,9,1108,10.912546157836914
2,443,10,59,10.777243614196777
2,444,1,59,11.07398796081543
2,444,2,58,10.759025573730469
2,444,3,665,10.657510757446289
2,444,4,562,10.642654418945312
2,444,5,1603,10.628349304199219
2,444,6,2927,10.578176498413086
2,444,7,2602,10.496910095214844
2,444,8,859,10.491616249084473
2,444,9,2309,10.483830451965332
2,444,10,272,10.4449462890625
2,445,1,59,13.269465446472168
2,445,2,513,13.242463111877441
2,445,3,859,13.235029220581055
2,445,4,195,12.880319595336914
2,445,5,562,12.691720962524414
2,445,6,2363,12.561854362487793
2,445,7,1469,12.547296524047852
2,445,8,1964,12.436745643615723
2,445,9,69,12.418059349060059
2,445,10,2927,12.388910293579102
2,446,1,272,9.91433334350586
2,446,2,1398,9.89902114868164
2,446,3,2602,9.821930885314941
2,446,4,59,9.790814399719238
2,446,5,665,9.733901023864746
2,446,6,1347,9.707719802856445
2,446,7,2309,9.678653717041016
2,446,8,58,9.655389785766602
2,446,9,477,9.592851638793945
2,446,10,2927,9.58018684387207
2,448,1,665,10.821475982666016
2,448,2,2912,10.309379577636719
2,448,3,2704,10.15828800201416
2,448,4,2814,10.122377395629883
2,448,5,2210,10.073074340820312
2,448,6,1184,9.862054824829102
2,448,7,2615,9.798261642456055
2,448,8,1587,9.735237121582031
2,448,9,1603,9.491994857788086
2,448,10,2033,9.31855297088623
2,449,1,2704,11.006806373596191
2,449,2,2210,10.918498992919922
2,449,3,2615,10.545175552368164
2,449,4,2814,10.36166000366211
2,449,5,507,10.295907020568848
2,449,6,2033,9.88844108581543
2,449,7,1200,9.739764213562012
2,449,8,1718,9.596881866455078
2,449,9,1759,9.572968482971191
2,449,10,2927,9.308752059936523
2,450,1,665,10.289608001708984
2,450,2,1184,10.256979942321777
2,450,3,2814,9.907629013061523
2,450,4,1718,9.368356704711914
2,450,5,1200,9.364492416381836
2,450,6,2033,9.235645294189453
2,450,7,2927,9.222260475158691
2,450,8,1587,9.048470497131348
2,450,9,1759,9.002450942993164
2,450,10,672,8.961463928222656
2,451,1,665,10.806078910827637
2,451,2,2704,10.754949569702148
2,451,3,2210,10.66995620727539
2,451,4,2615,10.445417404174805
2,451,5,1184,10.340567588806152
2,451,6,2814,10.267851829528809
2,451,7,507,9.989529609680176
2,451,8,1587,9.731945037841797
2,451,9,1009,9.569512367248535
2,451,10,2033,9.42593002319336
2,452,1,2704,10.185785293579102
2,452,2,2210,10.108646392822266
2,452,3,665,9.943918228149414
2,452,4,1184,9.851160049438477
2,452,5,2615,9.845519065856934
2,452,6,2814,9.322565078735352
2,452,7,672,9.232972145080566
2,452,8,1587,8.885072708129883
2,452,9,2927,8.715100288391113
2,452,10,301,8.623799324035645
2,453,1,2704,11.169832229614258
2,453,2,2912,11.07649040222168
2,453,3,2210,11.037895202636719
2,453,4,2814,10.730005264282227
2,453,5,173,10.681035995483398
2,453,6,665,10.606512069702148
2,453,7,507,10.341553688049316
2,453,8,2942,9.98753547668457
2,453,9,672,9.621053695678711
2,453,10,394,9.598934173583984
2,454,1,173,10.943851470947266
2,454,2,1184,10.734891891479492
2,454,3,394,10.340794563293457
2,454,4,191,10.318203926086426
2,454,5,2033,10.122060775756836
2,454,6,2942,9.961639404296875
2,454,7,1759,9.766708374023438
2,454,8,1200,9.721149444580078
2,454,9,1603,9.617947578430176
2,454,10,1718,9.603928565979004
2,455,1,2814,11.432893753051758
2,455,2,2912,11.136247634887695
2,455,3,173,10.770209312438965
2,455,4,507,10.459029197692871
2,455,5,394,10.135343551635742
2,455,6,2942,10.075935363769531
2,455,7,191,10.066393852233887
2,455,8,1587,9.946398735046387
2,455,9,1603,9.72235107421875
2,455,10,2927,9.38458251953125
2,456,1,2912,13.375301361083984
2,456,2,2814,13.23473834991455
2,456,3,173,12.919130325317383
2,456,4,2615,12.702887535095215
2,456,5,394,12.693134307861328
2,456,6,191,12.627252578735352
2,456,7,507,12.389052391052246
2,456,8,2942,12.100482940673828
2,456,9,1603,12.056020736694336
2,456,10,301,11.685851097106934
2,457,1,2814,11.907109260559082
2,457,2,2912,11.61174201965332
2,457,3,2704,11.60964584350586
2,457,4,2210,11.463724136352539
2,457,5,2615,11.267413139343262
2,457,6,173,11.175152778625488
2,457,7,507,10.754634857177734
2,457,8,394,10.72989273071289
2,457,9,191,10.66964340209961
2,457,10,2942,10.424093246459961
2,458,1,2033,10.029163360595703
2,458,2,2942,9.964799880981445
2,458,3,1200,9.949480056762695
2,458,4,1718,9.905981063842773
2,458,5,394,9.750981330871582
2,458,6,1759,9.704488754272461
2,458,7,191,9.648819923400879
2,458,8,672,9.640633583068848
2,458,9,1587,9.615859985351562
2,458,10,1603,9.29450798034668
2,459,1,1832,9.702705383300781
2,459,2,1237,8.677457809448242
2,459,3,1674,8.457626342773438
2,459,4,1931,8.443183898925781
2,459,5,2808,8.436810493469238
2,459,6,1173,8.246274948120117
2,459,7,703,8.119633674621582
2,459,8,1358,7.912845611572266
2,459,9,1757,7.74310827255249
2,459,10,354,7.737010955810547
2,460,1,444,10.264266014099121
2,460,2,554,9.146991729736328
2,460,3,1237,8.849626541137695
2,460,4,1260,8.648067474365234
2,460,5,1931,8.129392623901367
2,460,6,2808,8.121219635009766
2,460,7,1358,8.031925201416016
2,460,8,703,7.766579627990723
2,460,9,1757,7.718605995178223
2,460,10,1100,7.561767101287842
2,461,1,444,10.223648071289062
2,461,2,1723,8.299040794372559
2,461,3,1358,8.266984939575195
2,461,4,1237,8.21763801574707
2,461,5,1173,8.129834175109863
2,461,6,2808,7.9788970947265625
2,461,7,1931,7.9189863204956055
2,461,8,703,7.630954265594482
2,461,9,354,7.549684524536133
2,461,10,1757,7.478996276855469
2,462,1,1237,11.093124389648438
2,462,2,1358,10.554817199707031
2,462,3,1931,10.52377700805664
2,462,4,2808,10.522321701049805
2,462,5,1153,10.31276798248291
2,462,6,703,10.106393814086914
2,462,7,1757,10.078024864196777
2,462,8,1354,9.98987102508545
2,462,9,354,9.868520736694336
2,462,10,1100,9.813748359680176
2,463,1,863,9.125909805297852
2,463,2,1237,8.846330642700195
2,463,3,2808,8.491451263427734
2,463,4,1931,8.447269439697266
2,463,5,703,8.155901908874512
2,463,6,1153,8.085333824157715
2,463,7,354,8.082916259765625
2,463,8,1358,8.0526123046875
2,463,9,1202,8.051913261413574
2,463,10,1757,7.908294677734375
2,465,1,493,9.348388671875
2,465,2,774,9.344407081604004
2,465,3,2423,9.338703155517578
2,465,4,1408,9.328943252563477
2,465,5,1878,9.111660957336426
2,465,6,521,9.10592269897461
2,465,7,1203,9.08065128326416
2,465,8,2157,8.97494125366211
2,465,9,1030,8.939315795898438
2,465,10,210,8.931957244873047
2,467,1,575,9.267993927001953
2,467,2,2355,9.009499549865723
2,467,3,668,8.972466468811035
2,467,4,1279,8.911079406738281
2,467,5,1821,8.870173454284668
2,467,6,1495,8.754544258117676
2,467,7,210,8.619426727294922
2,467,8,1203,8.482662200927734
2,467,9,1465,8.465216636657715
2,467,10,1030,8.435118675231934
2,468,1,210,9.550174713134766
2,468,2,1203,9.486526489257812
2,468,3,1030,9.408015251159668
2,468,4,1653,9.40524959564209
2,468,5,493,9.325448989868164
2,468,6,628,9.30251693725586
2,468,7,2423,9.275236129760742
2,468,8,774,9.137306213378906
2,468,9,668,9.129056930541992
2,468,10,1408,9.102470397949219
2,469,1,1237,11.239776611328125
2,469,2,1358,10.994643211364746
2,469,3,1100,10.52079963684082
2,469,4,1723,10.515161514282227
2,469,5,1674,10.444793701171875
2,469,6,1931,10.385821342468262
2,469,7,2808,10.37826156616211
2,469,8,1757,10.290578842163086
2,469,9,354,10.077320098876953
2,469,10,703,9.920320510864258
2,470,1,575,10.346811294555664
2,470,2,1476,10.215867042541504
2,470,3,1279,10.001863479614258
2,470,4,1821,9.955808639526367
2,470,5,1495,9.910542488098145
2,470,6,1465,9.64022159576416
2,470,7,1111,9.519447326660156
2,470,8,210,9.308793067932129
2,470,9,613,9.190317153930664
2,470,10,646,9.179187774658203
2,471,1,1248,14.37264347076416
2,471,2,1447,13.254196166992188
2,471,3,2141,12.13420295715332
2,471,4,1742,10.29452133178711
2,471,5,2003,10.139137268066406
2,471,6,1730,9.991022109985352
2,471,7,99,9.899410247802734
2,471,8,1428,9.878681182861328
2,471,9,584,9.699105262756348
2,471,10,1127,9.664226531982422
2,472,1,1248,14.651644706726074
2,472,2,707,13.142087936401367
2,472,3,2141,12.433146476745605
2,472,4,2019,12.193378448486328
2,472,5,1742,10.579927444458008
2,472,6,2003,10.409435272216797
2,472,7,1730,10.206164360046387
2,472,8,99,10.19711685180664
2,472,9,1428,10.098915100097656
2,472,10,1412,9.997331619262695
2,474,1,1248,14.062971115112305
2,474,2,2141,11.530181884765625
2,474,3,1531,11.131182670593262
2,474,4,99,10.462413787841797
2,474,5,1730,10.460318565368652
2,474,6,1428,10.362594604492188
2,474,7,1742,10.175369262695312
2,474,8,584,10.131013870239258
2,474,9,1127,10.112104415893555
2,474,10,2409,9.90809440612793
2,475,1,1447,12.340641021728516
2,475,2,1698,11.489958763122559
2,475,3,2141,11.022363662719727
2,475,4,2019,10.502582550048828
2,475,5,1730,9.990011215209961
2,475,6,1428,9.908124923706055
2,475,7,99,9.901575088500977
2,475,8,1127,9.684223175048828
2,475,9,1742,9.57955551147461
2,475,10,584,9.551936149597168
2,476,1,2432,13.451892852783203
2,476,2,1531,12.962965965270996
2,476,3,1730,11.044380187988281
2,476,4,584,10.996679306030273
2,476,5,1428,10.930065155029297
2,476,6,99,10.834917068481445
2,476,7,2003,10.832332611083984
2,476,8,1742,10.812382698059082
2,476,9,1127,10.72002124786377
2,476,10,3042,10.577001571655273
2,477,1,1447,12.889089584350586
2,477,2,2048,11.88726806640625
2,477,3,2141,11.56558895111084
2,477,4,2019,11.027013778686523
2,477,5,1730,10.334070205688477
2,477,6,1428,10.236621856689453
2,477,7,99,10.211217880249023
2,477,8,584,10.141611099243164
2,477,9,1742,10.001466751098633
2,477,10,1127,9.999521255493164
2,478,1,1248,14.85013198852539
2,478,2,707,13.577441215515137
2,478,3,2432,13.215316772460938
2,478,4,2141,12.93362045288086
2,478,5,1742,11.089550018310547
2,478,6,1412,10.986810684204102
2,478,7,1730,10.827131271362305
2,478,8,1428,10.746683120727539
2,478,9,2003,10.737163543701172
2,478,10,99,10.726314544677734
2,479,1,359,11.972759246826172
2,479,2,3032,11.828630447387695
2,479,3,717,11.640018463134766
2,479,4,739,11.48388385772705
2,479,5,321,11.304271697998047
2,479,6,158,11.25593376159668
2,479,7,2660,11.132162094116211
2,479,8,2933,10.983232498168945
2,479,9,2114,10.863045692443848
2,479,10,2654,10.443819046020508
2,480,1,707,12.49053955078125
2,480,2,1063,12.418950080871582
2,480,3,2048,12.309226989746094
2,480,4,2141,11.767135620117188
2,480,5,1730,10.326705932617188
2,480,6,99,10.259357452392578
2,480,7,1428,10.249250411987305
2,480,8,1127,10.03345012664795
2,480,9,584,10.019087791442871
2,480,10,2003,9.874405860900879
2,483,1,2256,15.35026741027832
2,483,2,1248,15.155755996704102
2,483,3,1447,15.076884269714355
2,483,4,2048,14.087756156921387
2,483,5,1829,13.919483184814453
2,483,6,707,13.88560962677002
2,483,7,2432,13.758179664611816
2,483,8,1063,13.654561996459961
2,483,9,1698,13.54098892211914
2,483,10,1531,13.484667778015137
2,484,1,2256,15.35026741027832
2,484,2,1248,15.155755996704102
2,484,3,1447,15.076884269714355
2,484,4,2048,14.087756156921387
2,484,5,1829,13.919483184814453
2,484,6,707,13.88560962677002
2,484,7,2432,13.758179664611816
2,484,8,1063,13.654561996459961
2,484,9,1698,13.54098892211914
2,484,10,1531,13.484667778015137
2,485,1,1248,13.889263153076172
2,485,2,2256,13.540220260620117
2,485,3,1447,13.047243118286133
2,485,4,1829,12.617036819458008
2,485,5,2432,12.595840454101562
2,485,6,1063,12.377102851867676
2,485,7,2048,12.336423873901367
2,485,8,707,12.259746551513672
2,485,9,1698,12.120040893554688
2,485,10,1531,12.020135879516602
2,486,1,1248,10.750582695007324
2,486,2,2256,10.133086204528809
2,486,3,2432,9.993111610412598
2,486,4,1829,9.808259010314941
2,486,5,1447,9.764999389648438
2,486,6,1063,9.57890510559082
2,486,7,2003,9.486433029174805
2,486,8,1698,9.44693374633789
2,486,9,2141,9.337209701538086
2,486,10,707,9.026998519897461
2,487,1,1248,11.043498992919922
2,487,2,2256,10.56851577758789
2,487,3,2432,10.304736137390137
2,487,4,1447,10.220760345458984
2,487,5,1829,10.155744552612305
2,487,6,1742,10.01431655883789
2,487,7,1063,9.906917572021484
2,487,8,2141,9.810453414916992
2,487,9,1698,9.797639846801758
2,487,10,2003,9.752673149108887
2,491,1,429,12.734054565429688
2,491,2,208,12.725666046142578
2,491,3,1970,12.708276748657227
2,491,4,1146,12.612412452697754
2,491,5,1831,12.263495445251465
2,491,6,2297,12.250322341918945
2,491,7,1836,12.241020202636719
2,491,8,864,12.101350784301758
2,491,9,1374,12.020849227905273
2,491,10,2738,12.004899024963379
2,492,1,1682,11.448624610900879
2,492,2,541,11.443784713745117
2,492,3,1212,11.295809745788574
2,492,4,429,10.625743865966797
2,492,5,1146,10.6187105178833
2,492,6,1970,10.352372169494629
2,492,7,864,9.97354507446289
2,492,8,2297,9.973276138305664
2,492,9,208,9.947731018066406
2,492,10,2258,9.850910186767578
2,493,1,439,13.439287185668945
2,493,2,429,13.35279369354248
2,493,3,1970,13.130914688110352
2,493,4,185,12.98794937133789
2,493,5,208,12.630268096923828
2,493,6,1836,12.403554916381836
2,493,7,546,12.294398307800293
2,493,8,2258,12.164300918579102
2,493,9,980,12.163711547851562
2,493,10,864,12.12194538116455
2,494,1,1161,9.433128356933594
2,494,2,185,9.06820297241211
2,494,3,546,8.426876068115234
2,494,4,2736,8.272464752197266
2,494,5,208,8.046767234802246
2,494,6,1087,8.031363487243652
2,494,7,1374,8.021038055419922
2,494,8,2444,7.9218339920043945
2,494,9,2738,7.878077507019043
2,494,10,402,7.870175361633301
2,495,1,1682,11.538482666015625
2,495,2,541,11.528993606567383
2,495,3,546,10.964208602905273
2,495,4,2736,10.808805465698242
2,495,5,1087,10.703527450561523
2,495,6,2299,10.61528205871582
2,495,7,2412,10.318321228027344
2,495,8,2933,10.311826705932617
2,495,9,495,10.254487991333008
2,495,10,1547,10.163986206054688
3,1,1,2581,6.941902160644531
3,1,2,2090,6.599614143371582
3,1,3,32,6.5204973220825195
3,1,4,400,6.427458763122559
3,1,5,2111,6.4073004722595215
3,1,6,1567,6.3459272384643555
3,1,7,1730,6.266034126281738
3,1,8,1344,6.1830058097839355
3,1,9,325,6.167069911956787
3,1,10,1428,6.110233306884766
3,2,1,2581,6.354596138000488
3,2,2,1461,6.058194160461426
3,2,3,2111,5.900272846221924
3,2,4,400,5.858955383300781
3,2,5,2352,5.719250679016113
3,2,6,1428,5.682191848754883
3,2,7,1127,5.652514457702637
3,2,8,1730,5.6115617752075195
3,2,9,599,5.601350784301758
3,2,10,2090,5.535499095916748
3,3,1,559,8.47166633605957
3,3,2,611,8.325425148010254
3,3,3,615,8.016319274902344
3,3,4,612,8.01230239868164
3,3,5,2957,8.008756637573242
3,3,6,498,7.993135452270508
3,3,7,2556,7.874954700469971
3,3,8,2502,7.818624496459961
3,3,9,475,7.755695343017578
3,3,10,1273,7.59967041015625
3,4,1,1535,8.545105934143066
3,4,2,1538,8.41348648071289
3,4,3,1202,8.304471015930176
3,4,4,1302,8.262716293334961
3,4,5,2074,8.202615737915039
3,4,6,1237,8.193639755249023
3,4,7,2892,8.14327621459961
3,4,8,2366,8.11042594909668
3,4,9,544,8.089546203613281
3,4,10,2286,8.087125778198242
3,7,1,609,8.309548377990723
3,7,2,1365,8.294517517089844
3,7,3,645,8.254268646240234
3,7,4,584,8.154253005981445
3,7,5,1754,8.122514724731445
3,7,6,1528,8.120428085327148
3,7,7,1600,8.0201416015625
3,7,8,193,7.984166622161865
3,7,9,1344,7.960935592651367
3,7,10,1720,7.94562292098999
3,8,1,1725,4.979063987731934
3,8,2,2474,4.754986763000488
3,8,3,2719,4.725744724273682
3,8,4,1047,4.626439571380615
3,8,5,2922,4.624239921569824
3,8,6,2581,4.588481426239014
3,8,7,327,4.572360515594482
3,8,8,2137,4.561981201171875
3,8,9,453,4.51809024810791
3,8,10,123,4.50095796585083
3,9,1,2705,6.861727714538574
3,9,2,1567,6.814846038818359
3,9,3,32,6.718507289886475
3,9,4,865,6.66411018371582
3,9,5,298,6.66411018371582
3,9,6,1966,6.524808883666992
3,9,7,2929,6.510074615478516
3,9,8,572,6.488059997558594
3,9,9,1659,6.45903205871582
3,9,10,2219,6.352517604827881
3,10,1,498,5.0831074714660645
3,10,2,400,4.985543251037598
3,10,3,559,4.866542339324951
3,10,4,2099,4.766783714294434
3,10,5,1273,4.601186752319336
3,10,6,1686,4.595241069793701
3,10,7,407,4.592118263244629
3,10,8,612,4.5807929039001465
3,10,9,1838,4.570033073425293
3,10,10,767,4.552607536315918
3,11,1,559,8.350353240966797
3,11,2,611,7.858059883117676
3,11,3,498,7.786629676818848
3,11,4,2957,7.669108867645264
3,11,5,612,7.641397953033447
3,11,6,615,7.572689056396484
3,11,7,2502,7.507651329040527
3,11,8,1273,7.490304470062256
3,11,9,3054,7.307400226593018
3,11,10,2556,7.2462921142578125
3,12,1,611,7.208569526672363
3,12,2,193,6.907744407653809
3,12,3,559,6.846685886383057
3,12,4,674,6.826305866241455
3,12,5,2556,6.732659339904785
3,12,6,615,6.698252201080322
3,12,7,415,6.665470123291016
3,12,8,1686,6.600940704345703
3,12,9,609,6.5949554443359375
3,12,10,1104,6.499242782592773
3,13,1,400,10.175467491149902
3,13,2,1725,10.06270980834961
3,13,3,2581,9.924652099609375
3,13,4,1127,9.749570846557617
3,13,5,1047,9.624335289001465
3,13,6,123,9.61279582977295
3,13,7,453,9.526702880859375
3,13,8,1554,9.490815162658691
3,13,9,2288,9.477073669433594
3,13,10,2719,9.443361282348633
3,14,1,559,7.8106231689453125
3,14,2,498,7.219427108764648
3,14,3,1273,7.041783809661865
3,14,4,611,6.8695068359375
3,14,5,2957,6.862988471984863
3,14,6,2933,6.789512634277344
3,14,7,2892,6.682488441467285
3,14,8,3054,6.506387710571289
3,14,9,615,6.492755889892578
3,14,10,2502,6.481574058532715
3,15,1,1725,7.756425857543945
3,15,2,2719,7.554701328277588
3,15,3,1047,7.413163185119629
3,15,4,123,7.306473731994629
3,15,5,60,7.227996349334717
3,15,6,453,7.21992301940918
3,15,7,1339,7.136555194854736
3,15,8,559,7.115019798278809
3,15,9,2474,7.097736358642578
3,15,10,2995,6.996787071228027
3,16,1,400,7.287782669067383
3,16,2,2581,7.078281402587891
3,16,3,1127,7.023986339569092
3,16,4,2474,6.703863143920898
3,16,5,1747,6.495349884033203
3,16,6,1725,6.467828750610352
3,16,7,1461,6.382176399230957
3,16,8,599,6.3086347579956055
3,16,9,1982,6.248734474182129
3,16,10,601,6.239137649536133
3,17,1,1725,4.354534149169922
3,17,2,2581,4.323820114135742
3,17,3,2723,4.185950756072998
3,17,4,2583,4.184146404266357
3,17,5,2474,4.182332515716553
3,17,6,2922,4.11433744430542
3,17,7,400,4.096467971801758
3,17,8,1104,4.089067459106445
3,17,9,2719,4.087131500244141
3,17,10,1686,4.063451766967773
3,18,1,2933,6.390716075897217
3,18,2,1047,6.24389123916626
3,18,3,2892,6.128352165222168
3,18,4,559,6.084813117980957
3,18,5,1535,6.065799236297607
3,18,6,2957,5.973015785217285
3,18,7,2074,5.971279621124268
3,18,8,2719,5.948367595672607
3,18,9,1725,5.912265777587891
3,18,10,1342,5.882503986358643
3,20,1,2581,4.603344440460205
3,20,2,1725,4.505080223083496
3,20,3,2922,4.449645042419434
3,20,4,99,4.38040828704834
3,20,5,1059,4.366270065307617
3,20,6,1047,4.356207847595215
3,20,7,32,4.326272010803223
3,20,8,2090,4.322342872619629
3,20,9,1127,4.318212509155273
3,20,10,559,4.307322978973389
3,21,1,99,9.961837768554688
3,21,2,2121,9.576238632202148
3,21,3,2583,9.449870109558105
3,21,4,2409,9.33880615234375
3,21,5,609,9.24007797241211
3,21,6,2723,9.22366714477539
3,21,7,2195,9.2006254196167
3,21,8,1546,9.13061237335205
3,21,9,611,9.088107109069824
3,21,10,2910,9.062965393066406
3,22,1,1726,7.623414993286133
3,22,2,1250,7.557236194610596
3,22,3,32,7.4897871017456055
3,22,4,2583,7.287957191467285
3,22,5,2723,7.155453681945801
3,22,6,325,7.120281219482422
3,22,7,1567,7.097360610961914
3,22,8,2554,7.0361433029174805
3,22,9,1344,6.983184814453125
3,22,10,1724,6.875772953033447
3,23,1,559,7.857344627380371
3,23,2,611,7.773428440093994
3,23,3,498,7.720376014709473
3,23,4,612,7.448450088500977
3,23,5,2556,7.423406600952148
3,23,6,1686,7.383871078491211
3,23,7,1273,7.357686996459961
3,23,8,500,7.339544773101807
3,23,9,1525,7.337374687194824
3,23,10,767,7.290037631988525
3,24,1,1047,5.625701904296875
3,24,2,453,5.581374168395996
3,24,3,2045,5.563268184661865
3,24,4,1725,5.515436172485352
3,24,5,1535,5.328866004943848
3,24,6,674,5.318611145019531
3,24,7,2556,5.3003363609313965
3,24,8,123,5.298367023468018
3,24,9,559,5.258597373962402
3,24,10,2882,5.234179496765137
3,26,1,1535,6.307497024536133
3,26,2,1725,6.218533039093018
3,26,3,2219,6.206110000610352
3,26,4,1966,6.165564060211182
3,26,5,453,6.1439313888549805
3,26,6,865,6.102914333343506
3,26,7,298,6.102914333343506
3,26,8,476,5.937889099121094
3,26,9,327,5.922876834869385
3,26,10,1712,5.843862533569336
3,27,1,3018,11.096455574035645
3,27,2,865,10.040321350097656
3,27,3,298,10.040321350097656
3,27,4,2219,9.36402702331543
3,27,5,1657,9.206866264343262
3,27,6,1712,9.163839340209961
3,27,7,2933,9.140664100646973
3,27,8,1415,9.093003273010254
3,27,9,2053,9.088993072509766
3,27,10,2723,9.005273818969727
3,28,1,3018,6.563162326812744
3,28,2,298,6.141707420349121
3,28,3,865,6.141707420349121
3,28,4,2219,6.0197930335998535
3,28,5,1966,5.894137382507324
3,28,6,1725,5.768820762634277
3,28,7,1712,5.582200527191162
3,28,8,1435,5.43772554397583
3,28,9,453,5.34874963760376
3,28,10,2922,5.347634315490723
3,29,1,1725,7.471389293670654
3,29,2,453,7.144774913787842
3,29,3,383,6.930612087249756
3,29,4,2995,6.80778694152832
3,29,5,1047,6.730378150939941
3,29,6,58,6.46629524230957
3,29,7,2922,6.413193225860596
3,29,8,414,6.346903324127197
3,29,9,2796,6.30369758605957
3,29,10,1839,6.225321292877197
3,31,1,2237,6.463822364807129
3,31,2,321,6.211382865905762
3,31,3,158,6.141888618469238
3,31,4,1513,5.975907325744629
3,31,5,1535,5.86031436920166
3,31,6,2030,5.8277435302734375
3,31,7,2933,5.798892974853516
3,31,8,1980,5.700033187866211
3,31,9,1550,5.6951494216918945
3,31,10,1358,5.679889678955078
3,32,1,1082,7.310098171234131
3,32,2,2353,7.142898082733154
3,32,3,1344,7.11335563659668
3,32,4,544,7.007875919342041
3,32,5,1415,6.944489479064941
3,32,6,484,6.923776626586914
3,32,7,1538,6.923010349273682
3,32,8,32,6.896844863891602
3,32,9,2387,6.8719305992126465
3,32,10,1279,6.852420806884766
3,33,1,609,5.9470295906066895
3,33,2,193,5.939552307128906
3,33,3,1104,5.845836162567139
3,33,4,615,5.780603408813477
3,33,5,611,5.773561954498291
3,33,6,500,5.757774353027344
3,33,7,1429,5.736124515533447
3,33,8,1720,5.718278884887695
3,33,9,1525,5.7039570808410645
3,33,10,1754,5.636532783508301
3,34,1,1725,5.5386528968811035
3,34,2,453,5.399869918823242
3,34,3,1047,5.317262172698975
3,34,4,400,5.300095558166504
3,34,5,2581,5.131577968597412
3,34,6,1461,5.128814697265625
3,34,7,556,5.120111465454102
3,34,8,1127,5.101812839508057
3,34,9,674,5.013026714324951
3,34,10,2474,4.985513687133789
3,35,1,298,4.666239261627197
3,35,2,865,4.666239261627197
3,35,3,2319,4.6605424880981445
3,35,4,1966,4.613940238952637
3,35,5,1435,4.571331024169922
3,35,6,476,4.495632171630859
3,35,7,3018,4.48048734664917
3,35,8,1535,4.41184139251709
3,35,9,595,4.402654647827148
3,35,10,2219,4.396523475646973
3,36,1,2387,7.753840446472168
3,36,2,732,7.674457550048828
3,36,3,2862,7.624350547790527
3,36,4,2931,7.5744242668151855
3,36,5,575,7.538032531738281
3,36,6,1231,7.487915992736816
3,36,7,2354,7.471268653869629
3,36,8,1476,7.44000244140625
3,36,9,2157,7.433529853820801
3,36,10,668,7.337667942047119
3,37,1,1461,6.539013862609863
3,37,2,609,6.378009796142578
3,37,3,2910,6.3408660888671875
3,37,4,2136,6.261230945587158
3,37,5,611,6.194414138793945
3,37,6,1307,6.172316551208496
3,37,7,1379,6.089144706726074
3,37,8,475,6.015569686889648
3,37,9,206,6.014012813568115
3,37,10,193,5.957677841186523
3,38,1,1946,7.592970371246338
3,38,2,2933,7.26544189453125
3,38,3,230,7.191924571990967
3,38,4,1535,7.123989105224609
3,38,5,1513,7.053849220275879
3,38,6,1538,6.9796929359436035
3,38,7,2752,6.962716579437256
3,38,8,706,6.9135942459106445
3,38,9,2297,6.791168212890625
3,38,10,1621,6.787754535675049
3,39,1,2752,8.582490921020508
3,39,2,1946,8.178657531738281
3,39,3,2643,8.085079193115234
3,39,4,706,8.058295249938965
3,39,5,2297,7.932132720947266
3,39,6,230,7.826244354248047
3,39,7,2933,7.7927350997924805
3,39,8,1535,7.771050453186035
3,39,9,1456,7.567676544189453
3,39,10,1513,7.544949531555176
3,40,1,1870,8.016855239868164
3,40,2,2664,7.998819351196289
3,40,3,1121,7.99630069732666
3,40,4,2270,7.9133148193359375
3,40,5,97,7.86697244644165
3,40,6,1328,7.810741901397705
3,40,7,508,7.750724792480469
3,40,8,656,7.659923553466797
3,40,9,627,7.581991672515869
3,40,10,1456,7.5529866218566895
3,42,1,1738,11.532283782958984
3,42,2,113,11.089183807373047
3,42,3,2687,10.595596313476562
3,42,4,59,10.507003784179688
3,42,5,477,10.283061981201172
3,42,6,1701,10.166278839111328
3,42,7,2974,10.145992279052734
3,42,8,69,10.11583137512207
3,42,9,1995,10.110919952392578
3,42,10,235,10.089385986328125
3,43,1,78,7.260593891143799
3,43,2,2867,7.072010040283203
3,43,3,939,6.9666595458984375
3,43,4,1907,6.87795352935791
3,43,5,164,6.831769943237305
3,43,6,2640,6.778913497924805
3,43,7,105,6.773591041564941
3,43,8,1701,6.745949745178223
3,43,9,1750,6.664645195007324
3,43,10,2725,6.639171123504639
3,45,1,390,8.261229515075684
3,45,2,1738,8.200342178344727
3,45,3,1818,7.165336608886719
3,45,4,235,7.078550338745117
3,45,5,1691,6.952394962310791
3,45,6,1678,6.881752967834473
3,45,7,2308,6.8042192459106445
3,45,8,64,6.7432169914245605
3,45,9,535,6.726774215698242
3,45,10,2429,6.718209743499756
3,46,1,2308,8.066460609436035
3,46,2,535,7.981328964233398
3,46,3,1691,7.968729019165039
3,46,4,235,7.953424453735352
3,46,5,585,7.934787750244141
3,46,6,706,7.923715114593506
3,46,7,621,7.876684188842773
3,46,8,64,7.872548580169678
3,46,9,670,7.862412929534912
3,46,10,264,7.839212417602539
3,47,1,1818,10.512287139892578
3,47,2,235,9.871133804321289
3,47,3,2687,9.769216537475586
3,47,4,59,9.712032318115234
3,47,5,576,9.699188232421875
3,47,6,667,9.65283489227295
3,47,7,64,9.627840995788574
3,47,8,2308,9.585408210754395
3,47,9,2273,9.495382308959961
3,47,10,2752,9.417242050170898
3,48,1,2725,9.978347778320312
3,48,2,2308,9.938703536987305
3,48,3,585,9.826791763305664
3,48,4,78,9.776262283325195
3,48,5,2867,9.765344619750977
3,48,6,1738,9.581581115722656
3,48,7,2687,9.574766159057617
3,48,8,471,9.537820816040039
3,48,9,1907,9.491571426391602
3,48,10,939,9.454315185546875
3,49,1,2687,11.966323852539062
3,49,2,477,11.60659122467041
3,49,3,59,11.245370864868164
3,49,4,272,11.241840362548828
3,49,5,1398,11.231643676757812
3,49,6,289,11.088909149169922
3,49,7,2193,11.088233947753906
3,49,8,1848,11.063614845275879
3,49,9,2888,11.063222885131836
3,49,10,2752,11.051536560058594
3,50,1,248,11.533397674560547
3,50,2,59,10.983779907226562
3,50,3,939,10.940109252929688
3,50,4,78,10.78070068359375
3,50,5,1701,10.695783615112305
3,50,6,2687,10.690990447998047
3,50,7,69,10.662274360656738
3,50,8,2974,10.62411117553711
3,50,9,1995,10.542901992797852
3,50,10,1571,10.501005172729492
3,51,1,390,10.189718246459961
3,51,2,2687,9.2470121383667
3,51,3,113,9.235142707824707
3,51,4,477,9.039958953857422
3,51,5,235,8.941120147705078
3,51,6,1398,8.791114807128906
3,51,7,272,8.7888765335083
3,51,8,939,8.756989479064941
3,51,9,667,8.71761417388916
3,51,10,2888,8.693533897399902
3,52,1,948,8.938508033752441
3,52,2,2407,7.969023704528809
3,52,3,1669,7.954521656036377
3,52,4,1730,7.902416229248047
3,52,5,1461,7.880342483520508
3,52,6,2706,7.856827735900879
3,52,7,1466,7.7813191413879395
3,52,8,2003,7.697917938232422
3,52,9,2363,7.6036553382873535
3,52,10,553,7.5856451988220215
3,53,1,1669,9.229328155517578
3,53,2,2407,9.199445724487305
3,53,3,2706,9.187255859375
3,53,4,2363,9.094999313354492
3,53,5,2368,8.916229248046875
3,53,6,1466,8.9155912399292
3,53,7,1461,8.883501052856445
3,53,8,2580,8.842613220214844
3,53,9,2956,8.817974090576172
3,53,10,1730,8.767501831054688
3,54,1,1279,9.168198585510254
3,54,2,1669,8.931656837463379
3,54,3,2407,8.889241218566895
3,54,4,2706,8.855779647827148
3,54,5,1461,8.843902587890625
3,54,6,2363,8.771942138671875
3,54,7,2368,8.746991157531738
3,54,8,1730,8.663269996643066
3,54,9,1466,8.60035514831543
3,54,10,2956,8.477669715881348
3,55,1,948,12.625202178955078
3,55,2,2407,11.542943954467773
3,55,3,1730,11.395608901977539
3,55,4,1466,11.343008041381836
3,55,5,1461,11.023548126220703
3,55,6,553,10.949077606201172
3,55,7,2003,10.912134170532227
3,55,8,176,10.808967590332031
3,55,9,1437,10.791769027709961
3,55,10,2090,10.634989738464355
3,56,1,1344,9.028064727783203
3,56,2,375,8.899792671203613
3,56,3,860,8.860418319702148
3,56,4,2554,8.749460220336914
3,56,5,1546,8.677480697631836
3,56,6,727,8.665658950805664
3,56,7,1528,8.655380249023438
3,56,8,2237,8.611488342285156
3,56,9,2967,8.529714584350586
3,56,10,2195,8.443394660949707
3,57,1,1344,9.981224060058594
3,57,2,1546,9.610015869140625
3,57,3,2195,9.609136581420898
3,57,4,1528,9.56542682647705
3,57,5,615,9.48615837097168
3,57,6,584,9.308151245117188
3,57,7,555,9.252948760986328
3,57,8,1654,9.252799034118652
3,57,9,2293,9.149141311645508
3,57,10,1615,9.145233154296875
3,58,1,375,10.700604438781738
3,58,2,2237,10.69295883178711
3,58,3,860,10.530667304992676
3,58,4,727,10.511085510253906
3,58,5,2967,10.10770320892334
3,58,6,2554,10.08305549621582
3,58,7,314,10.010109901428223
3,58,8,1344,9.853532791137695
3,58,9,2408,9.846319198608398
3,58,10,2009,9.649651527404785
3,59,1,1546,8.2943696975708
3,59,2,1344,8.260247230529785
3,59,3,2583,7.988770008087158
3,59,4,645,7.908790588378906
3,59,5,615,7.871416091918945
3,59,6,2554,7.860624313354492
3,59,7,99,7.762344837188721
3,59,8,325,7.751241207122803
3,59,9,2195,7.746248245239258
3,59,10,2723,7.743956089019775
3,60,1,1747,9.339751243591309
3,60,2,2003,9.072341918945312
3,60,3,461,8.693596839904785
3,60,4,2019,8.623640060424805
3,60,5,2581,8.575323104858398
3,60,6,6,8.54100227355957
3,60,7,325,8.512409210205078
3,60,8,1829,8.447885513305664
3,60,9,1698,8.315677642822266
3,60,10,1461,8.246965408325195
3,61,1,1461,15.864630699157715
3,61,2,1546,15.384782791137695
3,61,3,1344,15.32977294921875
3,61,4,2195,15.272466659545898
3,61,5,584,15.115964889526367
3,61,6,1365,14.7122163772583
3,61,7,1059,14.486978530883789
3,61,8,271,14.372631072998047
3,61,9,609,14.365524291992188
3,61,10,2165,14.320571899414062
3,62,1,99,11.966320037841797
3,62,2,2408,11.622234344482422
3,62,3,1461,11.60090446472168
3,62,4,2914,10.756158828735352
3,62,5,2910,10.414178848266602
3,62,6,2358,10.318439483642578
3,62,7,1546,10.276548385620117
3,62,8,599,10.251882553100586
3,62,9,2136,10.192195892333984
3,62,10,609,10.123147010803223
3,63,1,1461,15.062870025634766
3,63,2,1546,14.014561653137207
3,63,3,2358,13.56692886352539
3,63,4,1104,13.530925750732422
3,63,5,2195,13.476261138916016
3,63,6,1344,13.312867164611816
3,63,7,2554,13.28665828704834
3,63,8,375,13.165188789367676
3,63,9,609,13.112340927124023
3,63,10,2910,12.939647674560547
3,64,1,325,9.17947006225586
3,64,2,32,9.020477294921875
3,64,3,1567,8.790557861328125
3,64,4,2090,8.669384002685547
3,64,5,1344,8.572927474975586
3,64,6,1726,8.49416732788086
3,64,7,2554,8.374523162841797
3,64,8,1250,8.24380111694336
3,64,9,1300,8.218815803527832
3,64,10,1766,8.058491706848145
3,65,1,2003,10.942700386047363
3,65,2,1747,10.17208480834961
3,65,3,1730,10.162445068359375
3,65,4,1461,9.89950942993164
3,65,5,461,9.536005020141602
3,65,6,1428,9.270838737487793
3,65,7,400,9.269487380981445
3,65,8,1127,9.188220977783203
3,65,9,599,8.995826721191406
3,65,10,325,8.950759887695312
3,67,1,2003,13.42849349975586
3,67,2,1730,12.19939136505127
3,67,3,1747,12.18017578125
3,67,4,1461,11.77647590637207
3,67,5,461,11.27592658996582
3,67,6,400,11.104232788085938
3,67,7,1127,10.875926971435547
3,67,8,1428,10.844063758850098
3,67,9,599,10.70535659790039
3,67,10,2407,9.990493774414062
3,68,1,1730,11.782800674438477
3,68,2,2003,11.363309860229492
3,68,3,1747,10.926769256591797
3,68,4,461,10.815164566040039
3,68,5,1127,10.778488159179688
3,68,6,2090,10.640401840209961
3,68,7,2407,10.55087661743164
3,68,8,1461,10.432804107666016
3,68,9,1428,10.331668853759766
3,68,10,948,10.302082061767578
3,69,1,3018,9.325455665588379
3,69,2,32,8.934037208557129
3,69,3,1567,8.854394912719727
3,69,4,1344,8.531500816345215
3,69,5,2053,8.444902420043945
3,69,6,325,8.414581298828125
3,69,7,1415,8.233627319335938
3,69,8,2952,8.204436302185059
3,69,9,2090,8.170637130737305
3,69,10,2121,8.166788101196289
3,70,1,32,7.551273822784424
3,70,2,325,7.4811248779296875
3,70,3,1567,7.414177894592285
3,70,4,3018,7.3827691078186035
3,70,5,2053,7.281102180480957
3,70,6,1344,7.105839729309082
3,70,7,1726,6.853157043457031
3,70,8,2952,6.851240158081055
3,70,9,1415,6.8383588790893555
3,70,10,99,6.835234642028809
3,71,1,325,7.490416526794434
3,71,2,32,7.238837242126465
3,71,3,3018,7.232791900634766
3,71,4,1567,7.113348007202148
3,71,5,2053,7.024170875549316
3,71,6,1726,6.750565052032471
3,71,7,2723,6.6071953773498535
3,71,8,2583,6.589939117431641
3,71,9,1344,6.58929967880249
3,71,10,1415,6.51873779296875
3,72,1,1127,9.864953994750977
3,72,2,2581,9.797951698303223
3,72,3,1466,9.784515380859375
3,72,4,2407,9.715984344482422
3,72,5,2090,9.492677688598633
3,72,6,1437,9.25831127166748
3,72,7,176,9.241207122802734
3,72,8,295,9.040282249450684
3,72,9,2111,9.02213191986084
3,72,10,1344,9.010111808776855
3,73,1,2581,9.575840950012207
3,73,2,1127,9.346142768859863
3,73,3,1466,8.944082260131836
3,73,4,2407,8.775379180908203
3,73,5,295,8.606955528259277
3,73,6,2358,8.591479301452637
3,73,7,2658,8.550060272216797
3,73,8,2111,8.526287078857422
3,73,9,2243,8.518250465393066
3,73,10,1437,8.436296463012695
3,74,1,2003,10.640777587890625
3,74,2,1730,9.97052001953125
3,74,3,2581,9.702908515930176
3,74,4,1466,8.561248779296875
3,74,5,2111,8.547770500183105
3,74,6,2407,8.497048377990723
3,74,7,2358,8.486543655395508
3,74,8,2090,8.259222984313965
3,74,9,1437,8.063678741455078
3,74,10,176,8.06027603149414
3,75,1,1461,11.296977996826172
3,75,2,2583,10.09145450592041
3,75,3,2723,9.706413269042969
3,75,4,2358,9.472122192382812
3,75,5,2581,9.385424613952637
3,75,6,99,9.270452499389648
3,75,7,400,9.252188682556152
3,75,8,2090,8.972284317016602
3,75,9,1466,8.939972877502441
3,75,10,2121,8.93364143371582
3,76,1,1344,8.235654830932617
3,76,2,1600,8.135330200195312
3,76,3,1365,8.031840324401855
3,76,4,948,7.937260150909424
3,76,5,1528,7.912519454956055
3,76,6,645,7.905179977416992
3,76,7,1279,7.873211860656738
3,76,8,1438,7.858118057250977
3,76,9,2195,7.8539299964904785
3,76,10,1495,7.8223137855529785
3,77,1,2195,9.727347373962402
3,77,2,1365,9.494255065917969
3,77,3,584,9.312173843383789
3,77,4,645,9.290531158447266
3,77,5,1654,9.28304672241211
3,77,6,1615,9.188426971435547
3,77,7,2576,9.183652877807617
3,77,8,2293,9.160706520080566
3,77,9,1600,9.067562103271484
3,77,10,1232,9.05763053894043
3,78,1,615,7.5110063552856445
3,78,2,2195,7.247598648071289
3,78,3,645,7.163334846496582
3,78,4,1365,7.026161193847656
3,78,5,1600,6.970267295837402
3,78,6,2576,6.957265377044678
3,78,7,1232,6.8807759284973145
3,78,8,1615,6.851457595825195
3,78,9,2293,6.851068019866943
3,78,10,1654,6.839416980743408
3,80,1,1535,9.164563179016113
3,80,2,2030,8.73918342590332
3,80,3,177,8.3662748336792
3,80,4,354,8.320581436157227
3,80,5,1513,8.275760650634766
3,80,6,1785,8.116832733154297
3,80,7,1358,8.048830032348633
3,80,8,2533,7.936698913574219
3,80,9,2876,7.880402565002441
3,80,10,2933,7.840155124664307
3,81,1,559,7.223768711090088
3,81,2,2957,6.932949066162109
3,81,3,2502,6.913449764251709
3,81,4,498,6.834690570831299
3,81,5,615,6.761229991912842
3,81,6,2892,6.754996299743652
3,81,7,1273,6.661381721496582
3,81,8,2074,6.6589884757995605
3,81,9,1538,6.569278240203857
3,81,10,40,6.565499305725098
3,82,1,1535,6.099353790283203
3,82,2,2286,6.094921112060547
3,82,3,2533,6.024658203125
3,82,4,2030,5.988768100738525
3,82,5,1237,5.934139251708984
3,82,6,1725,5.912051200866699
3,82,7,1415,5.902512550354004
3,82,8,1538,5.902215003967285
3,82,9,1100,5.875061988830566
3,82,10,327,5.855038166046143
3,83,1,1535,8.37270736694336
3,83,2,2030,7.772104263305664
3,83,3,1538,7.659693241119385
3,83,4,1342,7.513741970062256
3,83,5,2533,7.440202713012695
3,83,6,2366,7.431794166564941
3,83,7,1946,7.427945137023926
3,83,8,1513,7.412954807281494
3,83,9,2286,7.371493339538574
3,83,10,2237,7.3271484375
3,84,1,2237,8.17512321472168
3,84,2,2957,8.053929328918457
3,84,3,559,8.003475189208984
3,84,4,2502,7.956241607666016
3,84,5,1946,7.894970893859863
3,84,6,1538,7.832728385925293
3,84,7,2074,7.795706272125244
3,84,8,1535,7.7154436111450195
3,84,9,615,7.675153732299805
3,84,10,498,7.577884674072266
3,85,1,230,7.752382278442383
3,85,2,158,7.45772123336792
3,85,3,321,7.436814308166504
3,85,4,1946,7.329093933105469
3,85,5,542,6.906205177307129
3,85,6,1665,6.811700820922852
3,85,7,2642,6.714111804962158
3,85,8,706,6.687631607055664
3,85,9,2237,6.587822914123535
3,85,10,1535,6.515380382537842
3,86,1,542,8.434162139892578
3,86,2,2356,8.34051513671875
3,86,3,1946,8.23315143585205
3,86,4,1665,8.11555290222168
3,86,5,2642,8.08289623260498
3,86,6,706,7.750993728637695
3,86,7,2933,7.642653465270996
3,86,8,2074,7.6281280517578125
3,86,9,1246,7.620429992675781
3,86,10,2594,7.597051620483398
3,87,1,230,8.222655296325684
3,87,2,1946,8.183450698852539
3,87,3,1535,7.73768424987793
3,87,4,542,7.585407733917236
3,87,5,706,7.511504173278809
3,87,6,1665,7.449066162109375
3,87,7,2933,7.389949798583984
3,87,8,2642,7.356464862823486
3,87,9,621,7.237143516540527
3,87,10,2237,7.079907417297363
3,88,1,747,9.091192245483398
3,88,2,1208,9.056358337402344
3,88,3,2574,9.044722557067871
3,88,4,1490,9.035401344299316
3,88,5,432,8.874090194702148
3,88,6,2974,8.817037582397461
3,88,7,1571,8.74266242980957
3,88,8,1701,8.719320297241211
3,88,9,430,8.70229434967041
3,88,10,1395,8.702280044555664
3,89,1,2734,6.3768696784973145
3,89,2,2974,6.3504252433776855
3,89,3,1701,6.341004848480225
3,89,4,1571,6.304181098937988
3,89,5,1995,6.265143394470215
3,89,6,747,6.2206830978393555
3,89,7,1913,6.140473365783691
3,89,8,1395,6.101189613342285
3,89,9,1208,6.0919318199157715
3,89,10,562,6.002819061279297
3,90,1,2844,11.063699722290039
3,90,2,208,10.906477928161621
3,90,3,993,10.66241455078125
3,90,4,1312,10.612503051757812
3,90,5,749,10.54137897491455
3,90,6,2258,10.32452392578125
3,90,7,2738,10.278099060058594
3,90,8,1311,10.260506629943848
3,90,9,402,10.173921585083008
3,90,10,2,10.143113136291504
3,91,1,749,12.314815521240234
3,91,2,1395,11.82896614074707
3,91,3,993,11.735757827758789
3,91,4,2844,11.562626838684082
3,91,5,289,11.219786643981934
3,91,6,208,11.198505401611328
3,91,7,1312,10.855122566223145
3,91,8,2,10.71731185913086
3,91,9,2687,10.641502380371094
3,91,10,504,10.58145523071289
3,93,1,2258,14.10561466217041
3,93,2,208,14.068349838256836
3,93,3,2738,13.89146614074707
3,93,4,2291,13.272089004516602
3,93,5,402,12.922983169555664
3,93,6,1395,12.825435638427734
3,93,7,2727,12.653135299682617
3,93,8,2441,12.472765922546387
3,93,9,383,12.455920219421387
3,93,10,2285,12.399147033691406
3,95,1,459,10.81328296661377
3,95,2,208,10.518758773803711
3,95,3,60,10.518061637878418
3,95,4,2,10.15058422088623
3,95,5,278,9.924726486206055
3,95,6,1840,9.883935928344727
3,95,7,289,9.747882843017578
3,95,8,2894,9.711688995361328
3,95,9,248,9.60645866394043
3,95,10,2258,9.449684143066406
3,97,1,559,8.886688232421875
3,97,2,612,8.051519393920898
3,97,3,2957,7.532329559326172
3,97,4,2933,7.472817420959473
3,97,5,475,7.464104175567627
3,97,6,2892,7.3657073974609375
3,97,7,2504,7.363387584686279
3,97,8,2556,7.303467750549316
3,97,9,615,7.288688659667969
3,97,10,767,7.288372993469238
3,98,1,615,8.311025619506836
3,98,2,2957,8.29306411743164
3,98,3,767,8.23971176147461
3,98,4,2502,8.142590522766113
3,98,5,2933,7.974488258361816
3,98,6,1413,7.854433059692383
3,98,7,475,7.8290534019470215
3,98,8,2556,7.8245344161987305
3,98,9,1650,7.752111434936523
3,98,10,447,7.746265411376953
3,99,1,559,9.480881690979004
3,99,2,498,8.7471923828125
3,99,3,1273,8.471166610717773
3,99,4,2957,8.175080299377441
3,99,5,475,8.143590927124023
3,99,6,1176,7.963765621185303
3,99,7,615,7.961788177490234
3,99,8,196,7.938205242156982
3,99,9,2556,7.874485969543457
3,99,10,2504,7.871943473815918
3,100,1,475,9.089326858520508
3,100,2,615,9.068431854248047
3,100,3,612,8.982400894165039
3,100,4,500,8.97232723236084
3,100,5,2556,8.931316375732422
3,100,6,193,8.902896881103516
3,100,7,674,8.883448600769043
3,100,8,1525,8.883222579956055
3,100,9,609,8.862754821777344
3,100,10,498,8.825684547424316
3,101,1,674,10.729803085327148
3,101,2,193,10.44989013671875
3,101,3,2143,10.332717895507812
3,101,4,609,10.273824691772461
3,101,5,611,10.127992630004883
3,101,6,1525,10.083233833312988
3,101,7,500,10.062484741210938
3,101,8,1429,9.840869903564453
3,101,9,257,9.754949569702148
3,101,10,2713,9.750923156738281
3,102,1,674,8.778739929199219
3,102,2,193,8.557655334472656
3,102,3,2143,8.465272903442383
3,102,4,609,8.290407180786133
3,102,5,1525,8.234248161315918
3,102,6,500,8.154108047485352
3,102,7,2910,8.125265121459961
3,102,8,1642,8.098312377929688
3,102,9,2136,8.059932708740234
3,102,10,1429,8.037663459777832
3,103,1,611,12.858251571655273
3,103,2,674,12.659294128417969
3,103,3,2504,12.228402137756348
3,103,4,1112,12.139362335205078
3,103,5,475,12.138936996459961
3,103,6,609,12.056952476501465
3,103,7,193,12.03200912475586
3,103,8,1525,11.841825485229492
3,103,9,500,11.841106414794922
3,103,10,598,11.827564239501953
3,104,1,611,10.222658157348633
3,104,2,674,10.162923812866211
3,104,3,193,9.649324417114258
3,104,4,1112,9.597503662109375
3,104,5,609,9.584501266479492
3,104,6,1525,9.434294700622559
3,104,7,500,9.433799743652344
3,104,8,475,9.431970596313477
3,104,9,215,9.400861740112305
3,104,10,598,9.267349243164062
3,105,1,611,10.638174057006836
3,105,2,674,10.546931266784668
3,105,3,94,10.303486824035645
3,105,4,215,10.224967956542969
3,105,5,559,10.15771770477295
3,105,6,2556,10.119853973388672
3,105,7,598,10.082626342773438
3,105,8,193,10.058658599853516
3,105,9,2448,10.050209045410156
3,105,10,1112,10.038474082946777
3,106,1,674,11.783846855163574
3,106,2,611,11.763315200805664
3,106,3,1112,11.329246520996094
3,106,4,609,11.32880973815918
3,106,5,193,11.188749313354492
3,106,6,475,11.059894561767578
3,106,7,2159,11.024795532226562
3,106,8,215,10.98359203338623
3,106,9,1525,10.982254028320312
3,106,10,500,10.953967094421387
3,108,1,674,9.501150131225586
3,108,2,2143,9.475863456726074
3,108,3,94,9.422102928161621
3,108,4,1681,9.299081802368164
3,108,5,193,9.279465675354004
3,108,6,2095,9.23004150390625
3,108,7,2087,9.120769500732422
3,108,8,1642,9.07859992980957
3,108,9,534,9.072258949279785
3,108,10,1525,9.02099609375
3,109,1,674,11.350953102111816
3,109,2,2143,11.165351867675781
3,109,3,611,11.144815444946289
3,109,4,193,11.015815734863281
3,109,5,2095,10.959644317626953
3,109,6,500,10.83285140991211
3,109,7,1525,10.821313858032227
3,109,8,2159,10.750547409057617
3,109,9,1642,10.749191284179688
3,109,10,1112,10.740043640136719
3,112,1,2969,7.60115909576416
3,112,2,498,7.05976676940918
3,112,3,2135,7.029306411743164
3,112,4,1592,6.9514594078063965
3,112,5,1686,6.949923992156982
3,112,6,481,6.815683364868164
3,112,7,530,6.695357322692871
3,112,8,767,6.690574645996094
3,112,9,861,6.64467191696167
3,112,10,1176,6.540851593017578
3,113,1,1940,7.751791000366211
3,113,2,2135,7.287901878356934
3,113,3,1047,6.962059020996094
3,113,4,498,6.927590370178223
3,113,5,634,6.7947916984558105
3,113,6,481,6.493693828582764
3,113,7,1686,6.493602752685547
3,113,8,861,6.450358867645264
3,113,9,2969,6.4462995529174805
3,113,10,2892,6.437650203704834
3,114,1,559,12.050403594970703
3,114,2,261,12.04133129119873
3,114,3,1333,11.951168060302734
3,114,4,3054,11.814476013183594
3,114,5,475,11.75851821899414
3,114,6,1176,11.711383819580078
3,114,7,1417,11.659259796142578
3,114,8,1374,11.641044616699219
3,114,9,196,11.506604194641113
3,114,10,407,11.496387481689453
3,115,1,559,14.013651847839355
3,115,2,475,13.923887252807617
3,115,3,3054,13.672959327697754
3,115,4,14,13.632608413696289
3,115,5,2504,13.62995433807373
3,115,6,1176,13.534880638122559
3,115,7,612,13.333831787109375
3,115,8,1333,13.33185863494873
3,115,9,1613,13.288747787475586
3,115,10,1001,13.278654098510742
3,116,1,559,14.171445846557617
3,116,2,2285,13.997732162475586
3,116,3,475,13.747865676879883
3,116,4,3054,13.645561218261719
3,116,5,1176,13.59482192993164
3,116,6,612,13.484525680541992
3,116,7,611,13.437021255493164
3,116,8,498,13.40948486328125
3,116,9,1112,13.34714126586914
3,116,10,2989,13.180021286010742
3,117,1,60,10.707206726074219
3,117,2,459,10.100715637207031
3,117,3,1312,10.001741409301758
3,117,4,2844,9.905235290527344
3,117,5,2755,9.850783348083496
3,117,6,94,9.82479476928711
3,117,7,208,9.582795143127441
3,117,8,215,9.547832489013672
3,117,9,1112,9.421605110168457
3,117,10,2143,9.318582534790039
3,118,1,559,12.23820686340332
3,118,2,498,11.631423950195312
3,118,3,612,11.562156677246094
3,118,4,611,11.546358108520508
3,118,5,3054,11.252211570739746
3,118,6,475,11.096125602722168
3,118,7,1273,10.908285140991211
3,118,8,2957,10.890957832336426
3,118,9,2556,10.667753219604492
3,118,10,615,10.595922470092773
3,119,1,559,9.284469604492188
3,119,2,498,9.183967590332031
3,119,3,1176,8.883943557739258
3,119,4,2957,8.753246307373047
3,119,5,612,8.69132137298584
3,119,6,3054,8.429080963134766
3,119,7,2502,8.422154426574707
3,119,8,611,8.387749671936035
3,119,9,1273,8.370479583740234
3,119,10,615,8.365405082702637
3,120,1,559,10.274070739746094
3,120,2,498,10.062337875366211
3,120,3,612,9.714071273803711
3,120,4,2957,9.533493041992188
3,120,5,3054,9.420390129089355
3,120,6,969,9.351541519165039
3,120,7,611,9.28980541229248
3,120,8,1273,9.206134796142578
3,120,9,2502,9.17115592956543
3,120,10,767,9.118169784545898
3,121,1,559,9.236319541931152
3,121,2,498,8.903564453125
3,121,3,3054,8.56863021850586
3,121,4,612,8.54994010925293
3,121,5,2957,8.357865333557129
3,121,6,706,8.357635498046875
3,121,7,611,8.269716262817383
3,121,8,1273,8.218839645385742
3,121,9,1691,8.161738395690918
3,121,10,2502,7.961319923400879
3,122,1,1246,10.684051513671875
3,122,2,1836,10.295635223388672
3,122,3,542,10.242270469665527
3,122,4,439,10.158388137817383
3,122,5,1665,10.006036758422852
3,122,6,1087,10.005125999450684
3,122,7,2356,9.996259689331055
3,122,8,2157,9.985322952270508
3,122,9,1946,9.912782669067383
3,122,10,2862,9.856765747070312
3,123,1,1946,6.665496826171875
3,123,2,542,6.596339225769043
3,123,3,1665,6.571622848510742
3,123,4,2642,6.471677780151367
3,123,5,1246,6.443686485290527
3,123,6,1513,6.4188361167907715
3,123,7,2356,6.339071750640869
3,123,8,2594,6.16664457321167
3,123,9,1550,6.0591630935668945
3,123,10,655,6.045158863067627
3,124,1,1246,11.727638244628906
3,124,2,1946,11.485145568847656
3,124,3,542,11.095891952514648
3,124,4,2319,10.923588752746582
3,124,5,1836,10.869718551635742
3,124,6,1487,10.868732452392578
3,124,7,1665,10.860268592834473
3,124,8,2356,10.803711891174316
3,124,9,2642,10.717863082885742
3,124,10,439,10.706136703491211
3,125,1,1246,10.225397109985352
3,125,2,2937,10.040326118469238
3,125,3,2862,9.980497360229492
3,125,4,2157,9.976396560668945
3,125,5,542,9.940031051635742
3,125,6,1836,9.93231201171875
3,125,7,2931,9.925237655639648
3,125,8,1231,9.815112113952637
3,125,9,2356,9.787206649780273
3,125,10,439,9.764984130859375
3,127,1,1535,6.387517929077148
3,127,2,2933,6.108117580413818
3,127,3,1202,6.083567142486572
3,127,4,1302,6.0070977210998535
3,127,5,1538,6.0046281814575195
3,127,6,2286,5.800808429718018
3,127,7,1415,5.794803619384766
3,127,8,2074,5.773492813110352
3,127,9,1513,5.772326946258545
3,127,10,1966,5.761815071105957
3,129,1,2030,6.24322509765625
3,129,2,1966,5.996113300323486
3,129,3,354,5.9675822257995605
3,129,4,298,5.858336448669434
3,129,5,865,5.858336448669434
3,129,6,3018,5.765638828277588
3,129,7,1202,5.762493133544922
3,129,8,1302,5.6702799797058105
3,129,9,2286,5.643682956695557
3,129,10,1358,5.601192474365234
3,131,1,865,11.614240646362305
3,131,2,298,11.614240646362305
3,131,3,3018,11.55821418762207
3,131,4,2219,11.478287696838379
3,131,5,1748,10.991372108459473
3,131,6,1966,10.871603012084961
3,131,7,476,10.148066520690918
3,131,8,1892,9.231382369995117
3,131,9,3047,9.173776626586914
3,131,10,1424,9.145303726196289
3,132,1,421,12.831413269042969
3,132,2,476,12.659370422363281
3,132,3,2717,12.571538925170898
3,132,4,2940,12.553049087524414
3,132,5,3047,12.496438980102539
3,132,6,1194,12.045272827148438
3,132,7,184,11.80744743347168
3,132,8,1881,11.625862121582031
3,132,9,1424,11.413444519042969
3,132,10,1892,11.066652297973633
3,133,1,421,12.831413269042969
3,133,2,476,12.659370422363281
3,133,3,2717,12.571538925170898
3,133,4,2940,12.553049087524414
3,133,5,3047,12.496438980102539
3,133,6,1194,12.045272827148438
3,133,7,184,11.80744743347168
3,133,8,1881,11.625862121582031
3,133,9,1424,11.413444519042969
3,133,10,1892,11.066652297973633
3,134,1,421,12.831413269042969
3,134,2,476,12.659370422363281
3,134,3,2717,12.571538925170898
3,134,4,2940,12.553049087524414
3,134,5,3047,12.496438980102539
3,134,6,1194,12.045272827148438
3,134,7,184,11.80744743347168
3,134,8,1881,11.625862121582031
3,134,9,1424,11.413444519042969
3,134,10,1892,11.066652297973633
3,135,1,421,12.831413269042969
3,135,2,476,12.659370422363281
3,135,3,2717,12.571538925170898
3,135,4,2940,12.553049087524414
3,135,5,3047,12.496438980102539
3,135,6,1194,12.045272827148438
3,135,7,184,11.80744743347168
3,135,8,1881,11.625862121582031
3,135,9,1424,11.413444519042969
3,135,10,1892,11.066652297973633
3,136,1,298,11.211135864257812
3,136,2,865,11.211135864257812
3,136,3,3018,10.841470718383789
3,136,4,2219,10.662982940673828
3,136,5,1966,10.572084426879883
3,136,6,1748,10.060264587402344
3,136,7,421,9.398565292358398
3,136,8,2940,9.374588966369629
3,136,9,2751,9.304645538330078
3,136,10,184,9.099745750427246
3,137,1,1725,9.411856651306152
3,137,2,2581,8.99294376373291
3,137,3,3018,8.863542556762695
3,137,4,2536,8.820520401000977
3,137,5,453,8.72236156463623
3,137,6,327,8.671533584594727
3,137,7,2219,8.66474723815918
3,137,8,2390,8.555564880371094
3,137,9,1197,8.542828559875488
3,137,10,865,8.516151428222656
3,138,1,2219,7.0850019454956055
3,138,2,298,6.838391304016113
3,138,3,865,6.838391304016113
3,138,4,1748,6.788814544677734
3,138,5,3018,6.741180419921875
3,138,6,2288,6.7100090980529785
3,138,7,1982,6.565622329711914
3,138,8,1725,6.502767562866211
3,138,9,2067,6.424821376800537
3,138,10,1966,6.420209884643555
3,139,1,2219,8.823471069335938
3,139,2,3018,8.761211395263672
3,139,3,298,8.653865814208984
3,139,4,865,8.653865814208984
3,139,5,1748,8.5321626663208
3,139,6,1725,8.330575942993164
3,139,7,1966,8.191937446594238
3,139,8,383,8.100473403930664
3,139,9,2067,7.818007469177246
3,139,10,2447,7.777382850646973
3,140,1,3018,8.096219062805176
3,140,2,865,8.078392028808594
3,140,3,298,8.078392028808594
3,140,4,2219,7.981372833251953
3,140,5,1966,7.74104642868042
3,140,6,1435,7.234383583068848
3,140,7,1748,7.2225260734558105
3,140,8,1712,6.972933769226074
3,140,9,476,6.941056251525879
3,140,10,2067,6.707314968109131
3,141,1,880,7.882596492767334
3,141,2,2024,7.77089262008667
3,141,3,2173,7.728367805480957
3,141,4,1982,7.576346397399902
3,141,5,2581,7.562999725341797
3,141,6,1913,7.5441179275512695
3,141,7,58,7.530702590942383
3,141,8,1751,7.201467514038086
3,141,9,476,7.110505104064941
3,141,10,2322,7.070185661315918
3,142,1,1341,8.470306396484375
3,142,2,2078,8.205974578857422
3,142,3,1653,8.049790382385254
3,142,4,210,8.041162490844727
3,142,5,880,7.795925140380859
3,142,6,1030,7.745340347290039
3,142,7,628,7.730468273162842
3,142,8,2024,7.727451324462891
3,142,9,865,7.689375877380371
3,142,10,298,7.689375877380371
3,143,1,2078,8.349968910217285
3,143,2,1653,8.346376419067383
3,143,3,210,8.339237213134766
3,143,4,628,8.09807014465332
3,143,5,1030,8.032258033752441
3,143,6,476,7.907593727111816
3,143,7,1203,7.775062561035156
3,143,8,397,7.454732418060303
3,143,9,1831,7.4187822341918945
3,143,10,58,7.363420009613037
3,144,1,865,12.462638854980469
3,144,2,298,12.462638854980469
3,144,3,2219,12.354724884033203
3,144,4,1748,12.128091812133789
3,144,5,3018,11.831949234008789
3,144,6,1966,11.474954605102539
3,144,7,421,11.3632173538208
3,144,8,1957,11.007168769836426
3,144,9,58,10.858590126037598
3,144,10,476,10.673297882080078
3,145,1,298,12.879454612731934
3,145,2,865,12.879454612731934
3,145,3,1748,12.261507034301758
3,145,4,2219,12.246261596679688
3,145,5,3018,12.245366096496582
3,145,6,1966,11.768196105957031
3,145,7,2877,10.961421966552734
3,145,8,1435,10.83305549621582
3,145,9,476,10.691165924072266
3,145,10,1712,10.540699005126953
3,146,1,298,12.621147155761719
3,146,2,865,12.621147155761719
3,146,3,2219,12.313522338867188
3,146,4,3018,11.970947265625
3,146,5,1748,11.83934497833252
3,146,6,1966,11.348301887512207
3,146,7,2940,11.172051429748535
3,146,8,2877,10.68000602722168
3,146,9,476,10.640647888183594
3,146,10,1435,10.518193244934082
3,147,1,298,12.125914573669434
3,147,2,865,12.125914573669434
3,147,3,2219,11.720809936523438
3,147,4,3018,11.538603782653809
3,147,5,1748,11.267999649047852
3,147,6,1966,11.013588905334473
3,147,7,3047,10.717476844787598
3,147,8,1194,10.535100936889648
3,147,9,476,10.448989868164062
3,147,10,1435,10.400125503540039
3,148,1,865,10.890868186950684
3,148,2,298,10.890868186950684
3,148,3,2219,10.83691692352295
3,148,4,3018,10.429450035095215
3,148,5,1966,10.070830345153809
3,148,6,1194,9.82310962677002
3,148,7,476,9.788143157958984
3,148,8,421,9.727460861206055
3,148,9,3047,9.681806564331055
3,148,10,2940,9.676551818847656
3,150,1,476,8.519755363464355
3,150,2,2219,8.496101379394531
3,150,3,2751,8.489225387573242
3,150,4,298,8.257296562194824
3,150,5,865,8.257296562194824
3,150,6,136,8.018558502197266
3,150,7,3018,7.97618293762207
3,150,8,184,7.934787750244141
3,150,9,780,7.896800994873047
3,150,10,1435,7.844022750854492
3,151,1,2219,9.622246742248535
3,151,2,136,9.587772369384766
3,151,3,1717,9.369125366210938
3,151,4,476,9.321187019348145
3,151,5,186,9.307990074157715
3,151,6,1588,9.281789779663086
3,151,7,298,9.233518600463867
3,151,8,865,9.233518600463867
3,151,9,1280,9.177059173583984
3,151,10,414,9.087029457092285
3,153,1,1280,8.876981735229492
3,153,2,2412,8.566539764404297
3,153,3,1717,8.289478302001953
3,153,4,560,8.254684448242188
3,153,5,1588,8.159865379333496
3,153,6,2751,7.9789018630981445
3,153,7,2995,7.895040988922119
3,153,8,414,7.659062385559082
3,153,9,652,7.605442047119141
3,153,10,184,7.580875873565674
3,154,1,1280,8.36827278137207
3,154,2,2412,8.105302810668945
3,154,3,560,7.892956256866455
3,154,4,1717,7.840054988861084
3,154,5,2995,7.832174777984619
3,154,6,1588,7.735263824462891
3,154,7,2006,7.384613037109375
3,154,8,2751,7.333160877227783
3,154,9,1454,7.292288303375244
3,154,10,652,7.259900093078613
3,155,1,560,8.709216117858887
3,155,2,1717,8.699628829956055
3,155,3,184,8.682414054870605
3,155,4,1194,8.515294075012207
3,155,5,2751,8.452847480773926
3,155,6,414,8.388633728027344
3,155,7,2219,8.302753448486328
3,155,8,1588,8.196044921875
3,155,9,2141,8.147886276245117
3,155,10,476,8.147546768188477
3,156,1,560,8.709216117858887
3,156,2,1717,8.699628829956055
3,156,3,184,8.682414054870605
3,156,4,1194,8.515294075012207
3,156,5,2751,8.452847480773926
3,156,6,414,8.388633728027344
3,156,7,2219,8.302753448486328
3,156,8,1588,8.196044921875
3,156,9,2141,8.147886276245117
3,156,10,476,8.147546768188477
3,157,1,560,8.709216117858887
3,157,2,1717,8.699628829956055
3,157,3,184,8.682414054870605
3,157,4,1194,8.515294075012207
3,157,5,2751,8.452847480773926
3,157,6,414,8.388633728027344
3,157,7,2219,8.302753448486328
3,157,8,1588,8.196044921875
3,157,9,2141,8.147886276245117
3,157,10,476,8.147546768188477
3,159,1,2219,8.561515808105469
3,159,2,3018,8.43779182434082
3,159,3,1717,8.345152854919434
3,159,4,39,8.342935562133789
3,159,5,136,8.2666654586792
3,159,6,560,8.17086410522461
3,159,7,2751,8.052953720092773
3,159,8,453,8.045927047729492
3,159,9,298,8.045761108398438
3,159,10,865,8.045761108398438
3,160,1,3018,9.698487281799316
3,160,2,2219,9.43530559539795
3,160,3,298,9.202021598815918
3,160,4,865,9.202021598815918
3,160,5,1966,8.997475624084473
3,160,6,1748,8.566422462463379
3,160,7,3037,8.439952850341797
3,160,8,1717,8.307884216308594
3,160,9,560,8.263303756713867
3,160,10,2751,8.224733352661133
3,161,1,3018,9.350809097290039
3,161,2,2219,9.0322847366333
3,161,3,865,8.748434066772461
3,161,4,298,8.748434066772461
3,161,5,1966,8.628376007080078
3,161,6,1717,8.098867416381836
3,161,7,2751,8.040365219116211
3,161,8,3037,7.983195781707764
3,161,9,560,7.97175407409668
3,161,10,453,7.88839054107666
3,162,1,3018,11.341812133789062
3,162,2,325,11.232671737670898
3,162,3,2053,10.85325813293457
3,162,4,2583,10.627123832702637
3,162,5,2723,10.508859634399414
3,162,6,99,10.110271453857422
3,162,7,1415,10.109538078308105
3,162,8,1344,10.071154594421387
3,162,9,1833,9.88730239868164
3,162,10,2952,9.821575164794922
3,163,1,32,11.172286987304688
3,163,2,325,10.850048065185547
3,163,3,1726,10.421424865722656
3,163,4,1250,10.14470100402832
3,163,5,1543,10.09182357788086
3,163,6,1344,10.064654350280762
3,163,7,1247,10.021368980407715
3,163,8,2583,10.005867004394531
3,163,9,2090,10.001988410949707
3,163,10,2723,9.92849063873291
3,164,1,325,11.380579948425293
3,164,2,1344,10.981436729431152
3,164,3,1543,10.813149452209473
3,164,4,2090,10.746696472167969
3,164,5,1247,10.626303672790527
3,164,6,2554,10.61951732635498
3,164,7,555,10.42104721069336
3,164,8,1766,10.390945434570312
3,164,9,3018,10.18679141998291
3,164,10,2952,10.13650894165039
3,165,1,325,11.764516830444336
3,165,2,2554,11.661642074584961
3,165,3,1543,11.594244003295898
3,165,4,1344,11.353312492370605
3,165,5,1247,11.34432315826416
3,165,6,375,11.175909042358398
3,165,7,1236,11.14503002166748
3,165,8,2967,11.037156105041504
3,165,9,314,10.893373489379883
3,165,10,1766,10.881694793701172
3,166,1,3018,9.655029296875
3,166,2,298,8.256174087524414
3,166,3,865,8.256174087524414
3,166,4,1966,8.209915161132812
3,166,5,2053,7.661586284637451
3,166,6,1567,7.621280670166016
3,166,7,32,7.560420989990234
3,166,8,1543,7.549270153045654
3,166,9,325,7.430124282836914
3,166,10,2219,7.424849510192871
3,167,1,3018,8.820143699645996
3,167,2,2053,8.528635025024414
3,167,3,325,8.472014427185059
3,167,4,1415,8.275311470031738
3,167,5,32,8.134293556213379
3,167,6,2366,8.13348388671875
3,167,7,1538,8.055757522583008
3,167,8,1567,8.039865493774414
3,167,9,544,7.981999397277832
3,167,10,1966,7.884021759033203
3,168,1,2053,9.514347076416016
3,168,2,2933,9.243154525756836
3,168,3,1538,9.168209075927734
3,168,4,2366,9.001619338989258
3,168,5,1535,8.999226570129395
3,168,6,3018,8.906098365783691
3,168,7,2074,8.756674766540527
3,168,8,1966,8.750398635864258
3,168,9,2702,8.740696907043457
3,168,10,2352,8.71725082397461
3,169,1,3018,7.757166385650635
3,169,2,1966,7.483486652374268
3,169,3,1538,7.325021743774414
3,169,4,1415,7.269528388977051
3,169,5,2053,7.251227378845215
3,169,6,865,7.1092753410339355
3,169,7,298,7.1092753410339355
3,169,8,2286,7.0789103507995605
3,169,9,2352,7.074069976806641
3,169,10,2933,7.064465045928955
3,170,1,1535,9.857866287231445
3,170,2,1202,9.485603332519531
3,170,3,1302,9.369460105895996
3,170,4,2933,9.137703895568848
3,170,5,2366,9.027448654174805
3,170,6,1538,8.953034400939941
3,170,7,2985,8.776263236999512
3,170,8,2053,8.772074699401855
3,170,9,2352,8.553471565246582
3,170,10,2695,8.437164306640625
3,171,1,2474,7.430411338806152
3,171,2,453,7.26088809967041
3,171,3,2288,7.136462211608887
3,171,4,1982,7.112942695617676
3,171,5,1197,7.024104118347168
3,171,6,634,6.896333694458008
3,171,7,2995,6.7391839027404785
3,171,8,38,6.701516151428223
3,171,9,557,6.645439147949219
3,171,10,60,6.635458946228027
3,172,1,2219,7.509381294250488
3,172,2,58,7.45800256729126
3,172,3,2288,7.4114179611206055
3,172,4,298,7.290666580200195
3,172,5,865,7.290666580200195
3,172,6,3018,7.220318794250488
3,172,7,1982,7.107634544372559
3,172,8,1966,6.989621639251709
3,172,9,2780,6.880804538726807
3,172,10,1258,6.874429702758789
3,174,1,559,9.783323287963867
3,174,2,1339,9.496468544006348
3,174,3,611,9.462427139282227
3,174,4,2448,9.044824600219727
3,174,5,612,9.044281005859375
3,174,6,1882,8.998510360717773
3,174,7,498,8.930383682250977
3,174,8,215,8.913187026977539
3,174,9,1273,8.880681037902832
3,174,10,2367,8.814522743225098
3,175,1,193,8.60698127746582
3,175,2,1525,8.510025024414062
3,175,3,500,8.433052062988281
3,175,4,2556,8.339741706848145
3,175,5,674,8.330154418945312
3,175,6,1235,8.321752548217773
3,175,7,609,8.255838394165039
3,175,8,615,8.185651779174805
3,175,9,257,8.181354522705078
3,175,10,559,8.163223266601562
3,176,1,193,10.915812492370605
3,176,2,1104,10.662311553955078
3,176,3,2143,10.608553886413574
3,176,4,1525,10.580617904663086
3,176,5,500,10.4000825881958
3,176,6,556,10.315313339233398
3,176,7,609,10.275365829467773
3,176,8,2095,10.246662139892578
3,176,9,1429,10.193830490112305
3,176,10,415,10.182901382446289
3,177,1,674,10.442967414855957
3,177,2,193,10.368743896484375
3,177,3,611,10.327099800109863
3,177,4,1525,10.1737060546875
3,177,5,500,10.1424560546875
3,177,6,1235,9.897403717041016
3,177,7,609,9.884408950805664
3,177,8,257,9.81594181060791
3,177,9,2143,9.810891151428223
3,177,10,615,9.780656814575195
3,178,1,193,10.160703659057617
3,178,2,1525,9.785923957824707
3,178,3,500,9.721368789672852
3,178,4,1429,9.683431625366211
3,178,5,1620,9.440649032592773
3,178,6,257,9.413004875183105
3,178,7,1720,9.388021469116211
3,178,8,2143,9.37652587890625
3,178,9,1235,9.358663558959961
3,178,10,415,9.339303970336914
3,179,1,193,11.666925430297852
3,179,2,611,11.651744842529297
3,179,3,674,11.625213623046875
3,179,4,609,11.472434043884277
3,179,5,500,11.466635704040527
3,179,6,1525,11.379524230957031
3,179,7,1429,11.205486297607422
3,179,8,2143,11.15559196472168
3,179,9,257,11.13532829284668
3,179,10,1235,11.040212631225586
3,180,1,611,10.741996765136719
3,180,2,609,10.736250877380371
3,180,3,674,10.682579040527344
3,180,4,193,10.637937545776367
3,180,5,500,10.523921966552734
3,180,6,1525,10.410446166992188
3,180,7,475,10.253257751464844
3,180,8,2143,10.228532791137695
3,180,9,1429,10.21026611328125
3,180,10,257,10.140419960021973
3,181,1,193,12.522994995117188
3,181,2,611,12.398069381713867
3,181,3,609,12.300578117370605
3,181,4,500,12.161966323852539
3,181,5,674,12.11283016204834
3,181,6,1429,12.103431701660156
3,181,7,1525,11.980854034423828
3,181,8,1720,11.811668395996094
3,181,9,257,11.750641822814941
3,181,10,615,11.621389389038086
3,182,1,611,12.548988342285156
3,182,2,193,12.078608512878418
3,182,3,609,11.988441467285156
3,182,4,500,11.887825012207031
3,182,5,674,11.788081169128418
3,182,6,1525,11.731266021728516
3,182,7,1429,11.617311477661133
3,182,8,257,11.440723419189453
3,182,9,475,11.351804733276367
3,182,10,615,11.321231842041016
3,183,1,611,12.796815872192383
3,183,2,193,12.43027114868164
3,183,3,674,12.256424903869629
3,183,4,1525,12.118818283081055
3,183,5,615,12.069293022155762
3,183,6,609,11.861480712890625
3,183,7,2556,11.498884201049805
3,183,8,1104,11.483323097229004
3,183,9,2143,11.469280242919922
3,183,10,415,11.388895988464355
3,184,1,611,11.377021789550781
3,184,2,674,11.293516159057617
3,184,3,609,11.114299774169922
3,184,4,615,10.995767593383789
3,184,5,1235,10.820991516113281
3,184,6,2713,10.631437301635742
3,184,7,2143,10.583531379699707
3,184,8,415,10.566652297973633
3,184,9,1642,10.449027061462402
3,184,10,2095,10.408929824829102
3,185,1,611,11.484583854675293
3,185,2,674,11.06165885925293
3,185,3,615,10.936052322387695
3,185,4,609,10.916963577270508
3,185,5,257,10.70449447631836
3,185,6,2143,10.370814323425293
3,185,7,415,10.300265312194824
3,185,8,475,10.283387184143066
3,185,9,2713,10.255338668823242
3,185,10,2080,10.230390548706055
3,186,1,674,10.999105453491211
3,186,2,611,10.927274703979492
3,186,3,609,10.545541763305664
3,186,4,2143,10.343338012695312
3,186,5,415,10.105466842651367
3,186,6,1104,10.097545623779297
3,186,7,2095,10.066969871520996
3,186,8,2556,10.061798095703125
3,186,9,615,10.053853034973145
3,186,10,1720,9.986867904663086
3,187,1,559,10.93542194366455
3,187,2,611,10.844278335571289
3,187,3,2504,10.225861549377441
3,187,4,498,10.211137771606445
3,187,5,612,10.134313583374023
3,187,6,475,10.021202087402344
3,187,7,1273,9.798946380615234
3,187,8,2448,9.70559024810791
3,187,9,2556,9.70154857635498
3,187,10,2112,9.619762420654297
3,188,1,559,9.953041076660156
3,188,2,611,9.758097648620605
3,188,3,498,9.370055198669434
3,188,4,612,9.239142417907715
3,188,5,2504,9.2311429977417
3,188,6,475,9.108572006225586
3,188,7,615,9.078834533691406
3,188,8,2957,9.0439453125
3,188,9,2556,8.993289947509766
3,188,10,2448,8.914101600646973
3,189,1,559,8.099940299987793
3,189,2,2933,7.739527225494385
3,189,3,2502,7.666512966156006
3,189,4,498,7.596190929412842
3,189,5,2892,7.5544843673706055
3,189,6,706,7.509407997131348
3,189,7,1946,7.405564308166504
3,189,8,612,7.401562690734863
3,189,9,1535,7.299868583679199
3,189,10,611,7.197241306304932
3,190,1,559,9.544635772705078
3,190,2,498,8.866894721984863
3,190,3,611,8.832353591918945
3,190,4,1273,8.62685775756836
3,190,5,2933,8.61354923248291
3,190,6,612,8.597909927368164
3,190,7,706,8.535545349121094
3,190,8,230,8.503337860107422
3,190,9,2892,8.458219528198242
3,190,10,3054,8.335334777832031
3,191,1,2356,10.144289016723633
3,191,2,1513,9.979209899902344
3,191,3,2594,9.743804931640625
3,191,4,2937,9.587425231933594
3,191,5,864,9.551477432250977
3,191,6,655,9.442094802856445
3,191,7,1836,9.42983627319336
3,191,8,1487,9.427146911621094
3,191,9,1550,9.411455154418945
3,191,10,2621,9.397762298583984
3,192,1,706,10.063852310180664
3,192,2,1513,10.031314849853516
3,192,3,655,9.761247634887695
3,192,4,621,9.60385513305664
3,192,5,1550,9.599563598632812
3,192,6,2552,9.216501235961914
3,192,7,264,9.187522888183594
3,192,8,2502,9.083894729614258
3,192,9,2205,9.054231643676758
3,192,10,2933,8.97909164428711
3,194,1,542,8.835042953491211
3,194,2,1246,8.102994918823242
3,194,3,1946,7.948616027832031
3,194,4,2387,7.897312164306641
3,194,5,732,7.803684234619141
3,194,6,2552,7.802467346191406
3,194,7,2937,7.689183712005615
3,194,8,706,7.663628578186035
3,194,9,1513,7.6481733322143555
3,194,10,2621,7.617658615112305
3,195,1,1730,9.240541458129883
3,195,2,2003,9.19399642944336
3,195,3,2581,9.099510192871094
3,195,4,1461,8.951544761657715
3,195,5,2090,8.800891876220703
3,195,6,948,8.782773971557617
3,195,7,2111,8.564153671264648
3,195,8,2407,8.454285621643066
3,195,9,2353,8.4481201171875
3,195,10,1428,8.340218544006348
3,196,1,948,9.714995384216309
3,196,2,2353,9.34574031829834
3,196,3,1279,9.094452857971191
3,196,4,1461,8.985363006591797
3,196,5,2581,8.89089584350586
3,196,6,1495,8.885509490966797
3,196,7,2368,8.836427688598633
3,196,8,2407,8.816671371459961
3,196,9,1730,8.722494125366211
3,196,10,2090,8.610784530639648
3,197,1,2003,9.653050422668457
3,197,2,1461,9.539163589477539
3,197,3,1730,9.213172912597656
3,197,4,2581,9.193130493164062
3,197,5,948,8.810884475708008
3,197,6,1747,8.650569915771484
3,197,7,2353,8.59850788116455
3,197,8,2407,8.564130783081055
3,197,9,599,8.500844955444336
3,197,10,2111,8.500336647033691
3,198,1,2090,9.156721115112305
3,198,2,1461,9.155433654785156
3,198,3,1730,9.154788970947266
3,198,4,2581,8.954324722290039
3,198,5,948,8.952827453613281
3,198,6,1344,8.928887367248535
3,198,7,325,8.810925483703613
3,198,8,32,8.803812026977539
3,198,9,2353,8.79949951171875
3,198,10,2003,8.710371971130371
3,199,1,1461,11.22476577758789
3,199,2,1730,10.205122947692871
3,199,3,2581,9.984004974365234
3,199,4,599,9.942000389099121
3,199,5,2003,9.819400787353516
3,199,6,948,9.773805618286133
3,199,7,1466,9.752161979675293
3,199,8,2407,9.706485748291016
3,199,9,295,9.627132415771484
3,199,10,2658,9.566776275634766
3,201,1,1461,10.044172286987305
3,201,2,599,8.944148063659668
3,201,3,1730,8.629329681396484
3,201,4,1466,8.542211532592773
3,201,5,2407,8.301446914672852
3,201,6,2003,8.227506637573242
3,201,7,1747,8.221776962280273
3,201,8,1437,8.219697952270508
3,201,9,176,8.208345413208008
3,201,10,2938,8.169931411743164
3,202,1,2003,10.944395065307617
3,202,2,1461,9.960464477539062
3,202,3,1730,9.923986434936523
3,202,4,1747,9.91724967956543
3,202,5,461,9.250728607177734
3,202,6,599,8.941680908203125
3,202,7,400,8.810813903808594
3,202,8,1466,8.809436798095703
3,202,9,2581,8.709202766418457
3,202,10,2407,8.69816780090332
3,203,1,1461,8.45677375793457
3,203,2,599,7.547341823577881
3,203,3,1466,7.118399620056152
3,203,4,1730,6.9961090087890625
3,203,5,2910,6.9567108154296875
3,203,6,1127,6.955902576446533
3,203,7,2407,6.891730785369873
3,203,8,1277,6.869230270385742
3,203,9,2358,6.862826347351074
3,203,10,1437,6.860943794250488
3,204,1,439,6.716816425323486
3,204,2,185,6.708864212036133
3,204,3,1161,6.70485782623291
3,204,4,495,6.643067359924316
3,204,5,1490,6.617447853088379
3,204,6,1208,6.608346939086914
3,204,7,1836,6.599847316741943
3,204,8,432,6.573427200317383
3,204,9,2574,6.492980003356934
3,204,10,1831,6.4420061111450195
3,205,1,1490,11.343722343444824
3,205,2,2574,11.168810844421387
3,205,3,432,11.08652400970459
3,205,4,1161,10.834915161132812
3,205,5,439,10.685379028320312
3,205,6,747,10.645772933959961
3,205,7,185,10.615089416503906
3,205,8,915,10.533463478088379
3,205,9,1266,10.521158218383789
3,205,10,2869,10.499320983886719
3,206,1,1701,8.06887149810791
3,206,2,1571,7.973674774169922
3,206,3,1913,7.926028251647949
3,206,4,69,7.91988468170166
3,206,5,2974,7.918972969055176
3,206,6,2574,7.829499244689941
3,206,7,1823,7.803328514099121
3,206,8,1490,7.779865264892578
3,206,9,2869,7.774111747741699
3,206,10,915,7.773810863494873
3,207,1,2574,9.529687881469727
3,207,2,1490,9.516615867614746
3,207,3,1266,9.404336929321289
3,207,4,2697,9.257570266723633
3,207,5,622,9.254534721374512
3,207,6,915,9.2425537109375
3,207,7,2869,9.210614204406738
3,207,8,432,9.190702438354492
3,207,9,1571,9.080131530761719
3,207,10,2067,9.069552421569824
3,208,1,1481,8.50902271270752
3,208,2,385,8.48391342163086
3,208,3,2067,8.291715621948242
3,208,4,1701,8.253802299499512
3,208,5,1571,8.24624252319336
3,208,6,2974,8.142457962036133
3,208,7,69,8.05385684967041
3,208,8,98,7.93229341506958
3,208,9,1823,7.924685478210449
3,208,10,1490,7.8599772453308105
3,209,1,974,10.557258605957031
3,209,2,2802,10.386249542236328
3,209,3,1899,10.325838088989258
3,209,4,3073,10.141654014587402
3,209,5,576,9.993409156799316
3,209,6,2308,9.964160919189453
3,209,7,1360,9.759504318237305
3,209,8,2923,9.73249340057373
3,209,9,826,9.642984390258789
3,209,10,2700,9.58401870727539
3,211,1,974,10.565144538879395
3,211,2,1215,10.184881210327148
3,211,3,1899,10.044694900512695
3,211,4,3073,9.979940414428711
3,211,5,2308,9.946826934814453
3,211,6,1293,9.71597957611084
3,211,7,576,9.706955909729004
3,211,8,585,9.607707023620605
3,211,9,2700,9.513511657714844
3,211,10,826,9.367765426635742
3,212,1,477,12.412063598632812
3,212,2,272,12.337158203125
3,212,3,1398,12.17284870147705
3,212,4,1108,11.637602806091309
3,212,5,1606,11.500125885009766
3,212,6,2321,11.488895416259766
3,212,7,1347,11.468855857849121
3,212,8,1826,11.384500503540039
3,212,9,2464,11.384137153625488
3,212,10,2739,11.113829612731934
3,214,1,826,10.570453643798828
3,214,2,576,10.543566703796387
3,214,3,1517,10.403818130493164
3,214,4,1899,10.396533966064453
3,214,5,594,10.243124008178711
3,214,6,742,10.215505599975586
3,214,7,2700,10.18610954284668
3,214,8,566,10.075679779052734
3,214,9,2721,10.045564651489258
3,214,10,538,9.96027660369873
3,216,1,1899,11.514738082885742
3,216,2,2308,11.479842185974121
3,216,3,1360,11.451711654663086
3,216,4,576,11.424728393554688
3,216,5,3073,11.291465759277344
3,216,6,826,11.201278686523438
3,216,7,1293,11.166389465332031
3,216,8,2700,11.143346786499023
3,216,9,585,11.105303764343262
3,216,10,1517,11.048432350158691
3,217,1,2440,9.858863830566406
3,217,2,393,9.400592803955078
3,217,3,1070,8.958755493164062
3,217,4,272,8.920308113098145
3,217,5,477,8.842805862426758
3,217,6,1398,8.718368530273438
3,217,7,2927,8.505046844482422
3,217,8,1265,8.49793815612793
3,217,9,1108,8.448037147521973
3,217,10,2107,8.379716873168945
3,218,1,477,9.937407493591309
3,218,2,272,9.923416137695312
3,218,3,1398,9.713224411010742
3,218,4,1070,9.60189437866211
3,218,5,1739,9.351564407348633
3,218,6,1108,9.199705123901367
3,218,7,1265,9.13635540008545
3,218,8,1347,9.093302726745605
3,218,9,2464,9.092790603637695
3,218,10,2321,9.088948249816895
3,219,1,1265,12.891195297241211
3,219,2,2440,12.717662811279297
3,219,3,272,12.709476470947266
3,219,4,477,12.627449035644531
3,219,5,1398,12.46129035949707
3,219,6,1769,12.41292667388916
3,219,7,2321,12.015464782714844
3,219,8,1913,12.011966705322266
3,219,9,1826,11.89671802520752
3,219,10,1606,11.893918991088867
3,221,1,393,9.4603910446167
3,221,2,477,9.056241989135742
3,221,3,779,9.03572940826416
3,221,4,272,9.019353866577148
3,221,5,1913,8.95509147644043
3,221,6,1398,8.91053295135498
3,221,7,1826,8.869146347045898
3,221,8,63,8.778970718383789
3,221,9,1606,8.759283065795898
3,221,10,459,8.738412857055664
3,222,1,1913,9.000072479248047
3,222,2,393,8.947827339172363
3,222,3,63,8.736205101013184
3,222,4,477,8.732255935668945
3,222,5,459,8.704463005065918
3,222,6,272,8.675973892211914
3,222,7,1398,8.60501766204834
3,222,8,60,8.592548370361328
3,222,9,779,8.499926567077637
3,222,10,1826,8.482259750366211
3,223,1,2938,7.600868225097656
3,223,2,1685,7.520979404449463
3,223,3,1379,7.328162670135498
3,223,4,1307,7.291816234588623
3,223,5,759,7.2062907218933105
3,223,6,1461,6.952321529388428
3,223,7,2322,6.913002967834473
3,223,8,295,6.7798380851745605
3,223,9,2170,6.771019458770752
3,223,10,2658,6.705888271331787
3,224,1,1461,8.249967575073242
3,224,2,1307,8.20422649383545
3,224,3,1379,8.189220428466797
3,224,4,2938,8.143096923828125
3,224,5,599,7.961048126220703
3,224,6,666,7.688855171203613
3,224,7,295,7.654488563537598
3,224,8,1301,7.596435546875
3,224,9,597,7.548022270202637
3,224,10,2658,7.54362678527832
3,225,1,1461,9.586539268493652
3,225,2,295,8.931439399719238
3,225,3,2658,8.829414367675781
3,225,4,599,8.718646049499512
3,225,5,696,8.52601432800293
3,225,6,1028,8.50414752960205
3,225,7,2938,8.499281883239746
3,225,8,2170,8.47896671295166
3,225,9,1379,8.440994262695312
3,225,10,1466,8.380949020385742
3,226,1,1461,9.533987045288086
3,226,2,1379,9.515069961547852
3,226,3,2758,9.372930526733398
3,226,4,1301,9.287253379821777
3,226,5,1817,9.263279914855957
3,226,6,295,9.199044227600098
3,226,7,972,9.197126388549805
3,226,8,63,9.102039337158203
3,226,9,2253,9.07839584350586
3,226,10,1307,9.07764720916748
3,227,1,1461,9.026811599731445
3,227,2,1379,8.778047561645508
3,227,3,972,8.739192008972168
3,227,4,2758,8.723091125488281
3,227,5,1817,8.719863891601562
3,227,6,2253,8.63211441040039
3,227,7,1301,8.602251052856445
3,227,8,295,8.59942626953125
3,227,9,2658,8.487874984741211
3,227,10,63,8.483994483947754
3,229,1,1200,8.242561340332031
3,229,2,1718,8.186397552490234
3,229,3,1048,8.175153732299805
3,229,4,2504,7.966067790985107
3,229,5,949,7.673086166381836
3,229,6,1184,7.50350284576416
3,229,7,2195,7.259971618652344
3,229,8,1759,7.255382061004639
3,229,9,1698,7.207159996032715
3,229,10,2033,7.205513000488281
3,230,1,429,6.570091724395752
3,230,2,2622,6.416341781616211
3,230,3,2938,5.866235256195068
3,230,4,1307,5.844833850860596
3,230,5,1379,5.811812877655029
3,230,6,189,5.787654876708984
3,230,7,2599,5.761655807495117
3,230,8,2104,5.757936477661133
3,230,9,572,5.714380264282227
3,230,10,641,5.704688549041748
3,231,1,1104,8.940403938293457
3,231,2,193,8.442010879516602
3,231,3,674,8.40288257598877
3,231,4,2184,8.395440101623535
3,231,5,1546,8.205658912658691
3,231,6,1525,8.187052726745605
3,231,7,500,8.012434005737305
3,231,8,1461,7.987152576446533
3,231,9,1429,7.903671741485596
3,231,10,99,7.846717357635498
3,232,1,1104,8.140368461608887
3,232,2,2184,8.080459594726562
3,232,3,674,7.806650161743164
3,232,4,1546,7.773801326751709
3,232,5,2412,7.737725734710693
3,232,6,453,7.73767614364624
3,232,7,652,7.64259147644043
3,232,8,99,7.64210319519043
3,232,9,193,7.62183952331543
3,232,10,1657,7.556797981262207
3,233,1,674,7.576011657714844
3,233,2,1104,7.461252212524414
3,233,3,1981,7.3262176513671875
3,233,4,2412,7.313955307006836
3,233,5,1063,7.2943220138549805
3,233,6,99,7.290208339691162
3,233,7,2256,7.260715007781982
3,233,8,1546,7.245781898498535
3,233,9,1461,7.241006851196289
3,233,10,1829,7.227255344390869
3,234,1,1546,7.5211944580078125
3,234,2,193,7.424347877502441
3,234,3,1429,7.135344505310059
3,234,4,271,7.097691535949707
3,234,5,1525,7.055821418762207
3,234,6,1620,7.003586292266846
3,234,7,2916,6.9732160568237305
3,234,8,500,6.972195148468018
3,234,9,615,6.95673131942749
3,234,10,1461,6.887413024902344
3,235,1,1104,10.197093963623047
3,235,2,193,9.94349479675293
3,235,3,674,9.58895492553711
3,235,4,1525,9.477691650390625
3,235,5,1429,9.463479995727539
3,235,6,500,9.399612426757812
3,235,7,1720,9.196232795715332
3,235,8,1620,9.134700775146484
3,235,9,257,8.987536430358887
3,235,10,415,8.984947204589844
3,236,1,2504,7.2409868240356445
3,236,2,1104,6.9303789138793945
3,236,3,611,6.87294864654541
3,236,4,609,6.871425628662109
3,236,5,527,6.760916233062744
3,236,6,559,6.7513227462768555
3,236,7,1522,6.688401699066162
3,236,8,475,6.677833557128906
3,236,9,615,6.674442291259766
3,236,10,1525,6.628479957580566
3,237,1,193,9.089269638061523
3,237,2,615,8.814901351928711
3,237,3,500,8.795721054077148
3,237,4,1429,8.789796829223633
3,237,5,1525,8.743404388427734
3,237,6,1620,8.72209644317627
3,237,7,257,8.580194473266602
3,237,8,1720,8.493156433105469
3,237,9,1235,8.483129501342773
3,237,10,1104,8.475053787231445
3,238,1,615,11.147851943969727
3,238,2,611,10.869656562805176
3,238,3,559,10.827356338500977
3,238,4,2237,10.774433135986328
3,238,5,2957,10.73177719116211
3,238,6,1525,10.62624454498291
3,238,7,500,10.621410369873047
3,238,8,193,10.602910995483398
3,238,9,1104,10.468303680419922
3,238,10,2502,10.43263053894043
3,239,1,193,11.316507339477539
3,239,2,500,10.976278305053711
3,239,3,1429,10.909687042236328
3,239,4,1525,10.827617645263672
3,239,5,674,10.791265487670898
3,239,6,257,10.709877014160156
3,239,7,611,10.704719543457031
3,239,8,1620,10.577178001403809
3,239,9,609,10.563039779663086
3,239,10,1720,10.556632995605469
3,240,1,559,9.297111511230469
3,240,2,611,9.28984546661377
3,240,3,615,9.255151748657227
3,240,4,2502,8.937829971313477
3,240,5,2237,8.909067153930664
3,240,6,498,8.847357749938965
3,240,7,2957,8.776116371154785
3,240,8,609,8.726747512817383
3,240,9,500,8.655145645141602
3,240,10,767,8.608870506286621
3,241,1,615,10.934194564819336
3,241,2,645,10.90847110748291
3,241,3,2195,10.69655990600586
3,241,4,611,10.51980209350586
3,241,5,1365,10.510602951049805
3,241,6,609,10.362386703491211
3,241,7,1429,10.333669662475586
3,241,8,193,10.325559616088867
3,241,9,1620,10.30531120300293
3,241,10,1754,10.239097595214844
3,242,1,615,11.331010818481445
3,242,2,645,11.07435417175293
3,242,3,611,10.980497360229492
3,242,4,2195,10.781410217285156
3,242,5,1365,10.388334274291992
3,242,6,447,10.37028694152832
3,242,7,2502,10.282569885253906
3,242,8,1413,10.25455379486084
3,242,9,609,10.247547149658203
3,242,10,1620,10.199475288391113
3,243,1,615,12.571490287780762
3,243,2,645,12.280698776245117
3,243,3,611,12.227556228637695
3,243,4,2237,11.852968215942383
3,243,5,2195,11.698836326599121
3,243,6,1365,11.504873275756836
3,243,7,1429,11.498302459716797
3,243,8,1620,11.489749908447266
3,243,9,193,11.450645446777344
3,243,10,609,11.424351692199707
3,244,1,2195,9.960676193237305
3,244,2,2929,9.35307788848877
3,244,3,1870,9.269559860229492
3,244,4,2576,9.262039184570312
3,244,5,2664,9.153663635253906
3,244,6,285,9.135659217834473
3,244,7,1654,9.110090255737305
3,244,8,508,9.03205394744873
3,244,9,645,9.017667770385742
3,244,10,2616,8.906095504760742
3,245,1,2237,7.956625461578369
3,245,2,1121,7.873837471008301
3,245,3,1870,7.844475269317627
3,245,4,2664,7.771853446960449
3,245,5,645,7.651015281677246
3,245,6,2293,7.616454124450684
3,245,7,1615,7.608311653137207
3,245,8,2270,7.457146167755127
3,245,9,615,7.434658050537109
3,245,10,767,7.393460273742676
3,246,1,2195,10.390467643737793
3,246,2,1528,10.09408187866211
3,246,3,285,9.912322044372559
3,246,4,1344,9.767393112182617
3,246,5,192,9.708192825317383
3,246,6,2929,9.699763298034668
3,246,7,1400,9.66529655456543
3,246,8,656,9.623942375183105
3,246,9,2407,9.598450660705566
3,246,10,555,9.559988975524902
3,247,1,2929,11.572244644165039
3,247,2,2195,11.023262023925781
3,247,3,285,10.900529861450195
3,247,4,2431,10.876762390136719
3,247,5,2616,10.837644577026367
3,247,6,1251,10.570757865905762
3,247,7,1621,10.482719421386719
3,247,8,97,10.405832290649414
3,247,9,2074,10.353185653686523
3,247,10,196,10.209209442138672
3,248,1,2929,12.211477279663086
3,248,2,2431,11.545490264892578
3,248,3,285,11.477133750915527
3,248,4,2616,11.43485164642334
3,248,5,1251,11.24598217010498
3,248,6,2195,10.71632194519043
3,248,7,2672,10.678309440612793
3,248,8,2074,10.609699249267578
3,248,9,1794,10.589072227478027
3,248,10,1308,10.520532608032227
3,249,1,2929,11.12605094909668
3,249,2,285,10.938232421875
3,249,3,2195,10.71738052368164
3,249,4,2616,10.593381881713867
3,249,5,2431,10.378946304321289
3,249,6,1251,10.097209930419922
3,249,7,2293,9.954201698303223
3,249,8,1615,9.919626235961914
3,249,9,1232,9.804810523986816
3,249,10,1621,9.672223091125488
3,250,1,2687,8.863861083984375
3,250,2,504,8.814556121826172
3,250,3,2441,8.693673133850098
3,250,4,1606,8.652928352355957
3,250,5,477,8.644031524658203
3,250,6,2324,8.539578437805176
3,250,7,2961,8.529834747314453
3,250,8,1398,8.472209930419922
3,250,9,653,8.428625106811523
3,250,10,2739,8.37442684173584
3,251,1,2687,10.15982723236084
3,251,2,1311,10.044363021850586
3,251,3,1606,9.815264701843262
3,251,4,1395,9.813243865966797
3,251,5,31,9.767717361450195
3,251,6,2441,9.753711700439453
3,251,7,477,9.739156723022461
3,251,8,664,9.68442153930664
3,251,9,2321,9.6065092086792
3,251,10,1678,9.591876029968262
3,252,1,504,14.43774127960205
3,252,2,2687,14.004568099975586
3,252,3,1606,13.9474515914917
3,252,4,1311,13.606765747070312
3,252,5,2441,13.598383903503418
3,252,6,477,13.595212936401367
3,252,7,2321,13.560134887695312
3,252,8,1398,13.474954605102539
3,252,9,1108,13.352121353149414
3,252,10,1347,13.345149040222168
3,253,1,2687,11.081645011901855
3,253,2,1606,10.861858367919922
3,253,3,1311,10.843515396118164
3,253,4,2441,10.595399856567383
3,253,5,2321,10.589247703552246
3,253,6,477,10.510930061340332
3,253,7,1347,10.425765037536621
3,253,8,1376,10.423446655273438
3,253,9,1398,10.414737701416016
3,253,10,1108,10.371999740600586
3,254,1,2687,12.669825553894043
3,254,2,1606,12.367120742797852
3,254,3,289,12.353410720825195
3,254,4,183,12.22734546661377
3,254,5,2441,12.138917922973633
3,254,6,2321,12.093242645263672
3,254,7,1311,12.061461448669434
3,254,8,1108,11.911149978637695
3,254,9,1347,11.889354705810547
3,254,10,477,11.854239463806152
3,255,1,1678,9.768659591674805
3,255,2,2687,9.468890190124512
3,255,3,653,9.417356491088867
3,255,4,2961,9.306560516357422
3,255,5,31,9.30318832397461
3,255,6,477,9.244940757751465
3,255,7,1398,9.17875862121582
3,255,8,1606,9.16240119934082
3,255,9,2441,9.129230499267578
3,255,10,272,9.054049491882324
3,256,1,1606,11.696431159973145
3,256,2,1108,11.68853759765625
3,256,3,477,11.47189998626709
3,256,4,2687,11.471344947814941
3,256,5,1398,11.429544448852539
3,256,6,2321,11.413000106811523
3,256,7,272,11.292652130126953
3,256,8,1347,11.27782154083252
3,256,9,2888,11.097749710083008
3,256,10,1826,11.083419799804688
3,257,1,2,9.999579429626465
3,257,2,78,9.82250690460205
3,257,3,1678,9.81725025177002
3,257,4,477,9.779213905334473
3,257,5,2640,9.739468574523926
3,257,6,105,9.734966278076172
3,257,7,2769,9.733710289001465
3,257,8,390,9.726749420166016
3,257,9,1398,9.679793357849121
3,257,10,2687,9.626913070678711
3,258,1,44,10.192131042480469
3,258,2,273,10.032512664794922
3,258,3,1180,9.48115348815918
3,258,4,2328,9.44635009765625
3,258,5,2743,9.446176528930664
3,258,6,2274,9.410008430480957
3,258,7,2429,9.405445098876953
3,258,8,2093,9.397600173950195
3,258,9,701,9.232763290405273
3,258,10,852,9.210143089294434
3,259,1,44,7.8822479248046875
3,259,2,787,7.855992317199707
3,259,3,1716,7.832606315612793
3,259,4,701,7.735687255859375
3,259,5,852,7.717761993408203
3,259,6,1380,7.698483943939209
3,259,7,2640,7.683706283569336
3,259,8,105,7.669618129730225
3,259,9,273,7.650118827819824
3,259,10,1907,7.611751556396484
3,260,1,2328,12.646879196166992
3,260,2,2603,12.291257858276367
3,260,3,2007,12.123127937316895
3,260,4,1180,12.051522254943848
3,260,5,1978,12.009169578552246
3,260,6,2274,11.987524032592773
3,260,7,646,11.98239803314209
3,260,8,49,11.794278144836426
3,260,9,869,11.78213119506836
3,260,10,1383,11.773940086364746
3,261,1,1180,10.543852806091309
3,261,2,122,10.520437240600586
3,261,3,2769,10.368648529052734
3,261,4,1159,10.184282302856445
3,261,5,49,9.95009708404541
3,261,6,2274,9.947962760925293
3,261,7,701,9.897157669067383
3,261,8,2429,9.863614082336426
3,261,9,1383,9.836960792541504
3,261,10,1380,9.746925354003906
3,262,1,2093,8.975259780883789
3,262,2,259,8.84343147277832
3,262,3,701,8.837749481201172
3,262,4,49,8.825887680053711
3,262,5,1180,8.80073070526123
3,262,6,1383,8.796623229980469
3,262,7,1380,8.778637886047363
3,262,8,2640,8.738104820251465
3,262,9,105,8.720548629760742
3,262,10,2212,8.714618682861328
3,263,1,259,9.050102233886719
3,263,2,701,8.972921371459961
3,263,3,1380,8.944184303283691
3,263,4,273,8.845304489135742
3,263,5,1180,8.83449935913086
3,263,6,49,8.739717483520508
3,263,7,2743,8.731176376342773
3,263,8,1159,8.68602180480957
3,263,9,1383,8.678997993469238
3,263,10,2274,8.666496276855469
3,264,1,44,9.4524564743042
3,264,2,1716,9.441003799438477
3,264,3,787,9.199871063232422
3,264,4,259,9.120769500732422
3,264,5,273,9.099125862121582
3,264,6,2093,8.941520690917969
3,264,7,1383,8.891772270202637
3,264,8,1159,8.867290496826172
3,264,9,2328,8.845840454101562
3,264,10,852,8.74074935913086
3,265,1,787,10.109817504882812
3,265,2,1716,9.870579719543457
3,265,3,44,9.858023643493652
3,265,4,259,9.777161598205566
3,265,5,273,9.718528747558594
3,265,6,2743,9.618165969848633
3,265,7,2640,9.590685844421387
3,265,8,105,9.576894760131836
3,265,9,2328,9.492652893066406
3,265,10,701,9.42220687866211
3,266,1,44,9.901341438293457
3,266,2,1716,9.874430656433105
3,266,3,787,9.709379196166992
3,266,4,259,9.575042724609375
3,266,5,2429,9.556478500366211
3,266,6,1380,9.528714179992676
3,266,7,273,9.455546379089355
3,266,8,2743,9.44384765625
3,266,9,1180,9.38432502746582
3,266,10,852,9.363162994384766
3,267,1,1716,9.507745742797852
3,267,2,44,9.469086647033691
3,267,3,701,9.341809272766113
3,267,4,787,9.341072082519531
3,267,5,2429,9.334802627563477
3,267,6,259,9.23515510559082
3,267,7,2769,9.187980651855469
3,267,8,852,9.159692764282227
3,267,9,562,9.142173767089844
3,267,10,2743,9.07667064666748
3,268,1,787,10.560005187988281
3,268,2,44,10.428014755249023
3,268,3,1716,10.372334480285645
3,268,4,2743,10.29997444152832
3,268,5,273,10.28030776977539
3,268,6,2328,10.165340423583984
3,268,7,2429,10.089805603027344
3,268,8,701,10.070600509643555
3,268,9,259,10.06393814086914
3,268,10,8,10.036443710327148
3,269,1,78,9.151039123535156
3,269,2,2640,9.015020370483398
3,269,3,105,9.006416320800781
3,269,4,2429,8.941208839416504
3,269,5,869,8.913246154785156
3,269,6,44,8.90496826171875
3,269,7,2743,8.899186134338379
3,269,8,1907,8.890357971191406
3,269,9,8,8.87159252166748
3,269,10,1716,8.856132507324219
3,271,1,259,9.350200653076172
3,271,2,1716,9.13105297088623
3,271,3,787,9.128242492675781
3,271,4,44,9.032691955566406
3,271,5,2328,8.981904983520508
3,271,6,1180,8.911450386047363
3,271,7,273,8.861085891723633
3,271,8,49,8.682085037231445
3,271,9,2093,8.529632568359375
3,271,10,2769,8.51211929321289
3,272,1,787,10.475149154663086
3,272,2,1716,10.249135971069336
3,272,3,259,10.217446327209473
3,272,4,44,10.191526412963867
3,272,5,273,10.06029987335205
3,272,6,2328,9.932092666625977
3,272,7,701,9.800832748413086
3,272,8,2093,9.684000015258789
3,272,9,2743,9.664791107177734
3,272,10,1380,9.662382125854492
3,273,1,259,8.714016914367676
3,273,2,1716,8.304682731628418
3,273,3,948,8.287968635559082
3,273,4,44,8.231953620910645
3,273,5,787,8.019628524780273
3,273,6,1671,7.913539409637451
3,273,7,273,7.686764717102051
3,273,8,446,7.661794662475586
3,273,9,646,7.622714996337891
3,273,10,49,7.581155300140381
3,274,1,2328,10.358370780944824
3,274,2,787,10.17562198638916
3,274,3,2093,10.122710227966309
3,274,4,273,9.912445068359375
3,274,5,8,9.900286674499512
3,274,6,44,9.775800704956055
3,274,7,1716,9.764918327331543
3,274,8,49,9.655494689941406
3,274,9,1383,9.633316040039062
3,274,10,2743,9.59487533569336
3,276,1,1730,11.351612091064453
3,276,2,2407,11.027181625366211
3,276,3,1466,10.682699203491211
3,276,4,2090,10.501632690429688
3,276,5,176,10.382158279418945
3,276,6,948,10.361103057861328
3,276,7,1437,10.34649658203125
3,276,8,553,10.330856323242188
3,276,9,1540,10.161843299865723
3,276,10,1991,10.07234001159668
3,277,1,2407,10.639461517333984
3,277,2,2090,10.563230514526367
3,277,3,1730,10.467780113220215
3,277,4,948,10.23193359375
3,277,5,121,10.169113159179688
3,277,6,1991,10.130332946777344
3,277,7,1466,10.080554962158203
3,277,8,553,10.005549430847168
3,277,9,795,9.951623916625977
3,277,10,176,9.906103134155273
3,278,1,1730,9.171338081359863
3,278,2,2407,9.165790557861328
3,278,3,948,9.04411506652832
3,278,4,2090,8.904659271240234
3,278,5,1466,8.779170036315918
3,278,6,1991,8.757198333740234
3,278,7,553,8.717336654663086
3,278,8,176,8.565715789794922
3,278,9,1437,8.52226448059082
3,278,10,663,8.375495910644531
3,279,1,1730,10.500300407409668
3,279,2,2407,10.377681732177734
3,279,3,1466,10.018156051635742
3,279,4,948,9.974597930908203
3,279,5,2090,9.853161811828613
3,279,6,553,9.797801971435547
3,279,7,176,9.772605895996094
3,279,8,1437,9.723217010498047
3,279,9,1991,9.536048889160156
3,279,10,121,9.336028099060059
3,280,1,948,9.4402437210083
3,280,2,122,8.416546821594238
3,280,3,2407,8.213542938232422
3,280,4,2363,8.069211959838867
3,280,5,1671,8.008913040161133
3,280,6,553,7.994354724884033
3,280,7,1466,7.921583652496338
3,280,8,1279,7.913042068481445
3,280,9,1516,7.906083106994629
3,280,10,2956,7.893302917480469
3,282,1,1400,9.107314109802246
3,282,2,2407,9.100643157958984
3,282,3,2090,9.015664100646973
3,282,4,948,9.013641357421875
3,282,5,1730,8.91923713684082
3,282,6,1991,8.854719161987305
3,282,7,1466,8.634915351867676
3,282,8,553,8.633304595947266
3,282,9,795,8.628122329711914
3,282,10,122,8.616047859191895
3,283,1,948,6.867972373962402
3,283,2,122,6.548957347869873
3,283,3,1400,6.132913589477539
3,283,4,2407,6.076298713684082
3,283,5,1671,6.0518269538879395
3,283,6,1466,5.955891132354736
3,283,7,1279,5.925994873046875
3,283,8,2090,5.923159599304199
3,283,9,553,5.854362487792969
3,283,10,1495,5.832706451416016
3,284,1,1461,7.404423236846924
3,284,2,2407,7.3112616539001465
3,284,3,1528,7.302798271179199
3,284,4,1466,7.236520290374756
3,284,5,1991,7.023220062255859
3,284,6,295,6.993947982788086
3,284,7,1730,6.937094688415527
3,284,8,2658,6.9014668464660645
3,284,9,1344,6.88998556137085
3,284,10,2622,6.8837504386901855
3,285,1,1730,10.921504020690918
3,285,2,1461,10.225727081298828
3,285,3,553,10.148130416870117
3,285,4,948,9.906280517578125
3,285,5,2003,9.703414916992188
3,285,6,1747,9.420310020446777
3,285,7,1127,9.372316360473633
3,285,8,599,9.314037322998047
3,285,9,461,9.275824546813965
3,285,10,1991,9.2474365234375
3,286,1,948,9.65268611907959
3,286,2,1730,9.545969009399414
3,286,3,1461,8.88092041015625
3,286,4,1991,8.602012634277344
3,286,5,666,8.557096481323242
3,286,6,597,8.538217544555664
3,286,7,1540,8.470025062561035
3,286,8,1127,8.300516128540039
3,286,9,295,8.290109634399414
3,286,10,2658,8.227508544921875
3,287,1,948,9.202516555786133
3,287,2,2407,9.036052703857422
3,287,3,1730,8.832778930664062
3,287,4,1461,8.38374137878418
3,287,5,1991,8.209750175476074
3,287,6,1671,7.873128890991211
3,287,7,295,7.84544563293457
3,287,8,2658,7.782827377319336
3,287,9,2090,7.767458915710449
3,287,10,1127,7.704451084136963
3,288,1,1730,9.979166984558105
3,288,2,948,9.930990219116211
3,288,3,1991,9.200376510620117
3,288,4,2090,9.174703598022461
3,288,5,1461,9.153284072875977
3,288,6,783,9.047585487365723
3,288,7,1528,8.989317893981934
3,288,8,1400,8.890478134155273
3,288,9,1277,8.715829849243164
3,288,10,795,8.676286697387695
3,289,1,948,10.1751708984375
3,289,2,1730,10.0515775680542
3,289,3,553,9.526422500610352
3,289,4,176,9.317115783691406
3,289,5,1437,9.296333312988281
3,289,6,1400,9.161231994628906
3,289,7,122,9.145042419433594
3,289,8,1991,9.079852104187012
3,289,9,1053,8.89039134979248
3,289,10,1671,8.877816200256348
3,290,1,1730,8.41501522064209
3,290,2,1726,8.256587982177734
3,290,3,1250,8.255322456359863
3,290,4,2090,8.238813400268555
3,290,5,2407,8.036991119384766
3,290,6,1461,7.9586944580078125
3,290,7,1466,7.915942668914795
3,290,8,32,7.850202560424805
3,290,9,948,7.846440315246582
3,290,10,2003,7.7220916748046875
3,291,1,1730,9.945667266845703
3,291,2,32,9.726114273071289
3,291,3,1726,9.402591705322266
3,291,4,1528,9.317913055419922
3,291,5,1250,9.292937278747559
3,291,6,1567,9.270065307617188
3,291,7,1400,9.14837646484375
3,291,8,121,9.106019973754883
3,291,9,2407,9.098114967346191
3,291,10,1766,8.854341506958008
3,292,1,375,7.444668769836426
3,292,2,1726,7.321488380432129
3,292,3,1250,7.065247535705566
3,292,4,32,6.92380952835083
3,292,5,2090,6.918741226196289
3,292,6,1730,6.661435127258301
3,292,7,1567,6.5604352951049805
3,292,8,121,6.384803295135498
3,292,9,1400,6.370323181152344
3,292,10,1543,6.332630157470703
3,293,1,1344,9.477128982543945
3,293,2,32,9.378353118896484
3,293,3,1528,9.235474586486816
3,293,4,1726,9.11137580871582
3,293,5,1250,9.036309242248535
3,293,6,1400,8.985795974731445
3,293,7,325,8.949141502380371
3,293,8,1567,8.947230339050293
3,293,9,121,8.929981231689453
3,293,10,1730,8.915403366088867
3,294,1,1344,6.782766819000244
3,294,2,2952,6.7818684577941895
3,294,3,32,6.543154716491699
3,294,4,2195,6.506162643432617
3,294,5,608,6.503082275390625
3,294,6,1528,6.480372428894043
3,294,7,2270,6.435610771179199
3,294,8,2616,6.3952202796936035
3,294,9,656,6.384538650512695
3,294,10,1567,6.364149570465088
3,295,1,2705,11.674997329711914
3,295,2,2927,11.202932357788086
3,295,3,1692,10.864154815673828
3,295,4,2309,10.807821273803711
3,295,5,2107,10.674354553222656
3,295,6,90,10.532421112060547
3,295,7,1779,10.477287292480469
3,295,8,2061,10.333003997802734
3,295,9,1655,10.321833610534668
3,295,10,788,10.147723197937012
3,297,1,2705,8.087821006774902
3,297,2,2927,7.849313735961914
3,297,3,2309,7.815827369689941
3,297,4,90,7.723467826843262
3,297,5,3061,7.650760650634766
3,297,6,1794,7.5916314125061035
3,297,7,1692,7.558071136474609
3,297,8,2061,7.528221607208252
3,297,9,2107,7.501145362854004
3,297,10,523,7.472832679748535
3,298,1,2929,7.0216169357299805
3,298,2,2128,6.241292476654053
3,298,3,1794,6.220758438110352
3,298,4,2705,6.162165641784668
3,298,5,533,6.091701507568359
3,298,6,656,5.924117565155029
3,298,7,627,5.90573263168335
3,298,8,2270,5.858168601989746
3,298,9,2061,5.800933361053467
3,298,10,2309,5.796932697296143
3,299,1,2710,7.428850173950195
3,299,2,2328,7.259976387023926
3,299,3,2093,6.993282794952393
3,299,4,286,6.92527961730957
3,299,5,8,6.918017387390137
3,299,6,530,6.800065040588379
3,299,7,644,6.794993877410889
3,299,8,2616,6.778406143188477
3,299,9,192,6.740517616271973
3,299,10,1991,6.715699195861816
3,300,1,2,10.641582489013672
3,300,2,2867,10.420245170593262
3,300,3,2894,10.214999198913574
3,300,4,667,10.206587791442871
3,300,5,78,10.014615058898926
3,300,6,390,9.984164237976074
3,300,7,1407,9.939085006713867
3,300,8,2308,9.901864051818848
3,300,9,471,9.890913009643555
3,300,10,1738,9.848566055297852
3,301,1,2802,6.896626949310303
3,301,2,974,6.560957908630371
3,301,3,2308,6.17507791519165
3,301,4,2923,6.141732215881348
3,301,5,585,6.068341255187988
3,301,6,1360,6.038862228393555
3,301,7,2986,6.038476943969727
3,301,8,3073,6.012718677520752
3,301,9,1293,5.967705249786377
3,301,10,2135,5.8805646896362305
3,302,1,2802,7.592562675476074
3,302,2,2308,7.36184024810791
3,302,3,585,7.325075149536133
3,302,4,974,7.319197654724121
3,302,5,1293,7.218559265136719
3,302,6,530,7.131197452545166
3,302,7,1360,7.097108840942383
3,302,8,2923,7.081300735473633
3,302,9,1072,7.075172424316406
3,302,10,2135,7.030228137969971
3,303,1,2802,8.082286834716797
3,303,2,974,7.73042631149292
3,303,3,2308,7.71254301071167
3,303,4,585,7.5980939865112305
3,303,5,2867,7.401752948760986
3,303,6,1293,7.30262565612793
3,303,7,3073,7.180359363555908
3,303,8,2923,7.082311630249023
3,303,9,667,7.006953716278076
3,303,10,2,6.968789577484131
3,304,1,1571,9.078874588012695
3,304,2,59,9.07693862915039
3,304,3,1913,8.947641372680664
3,304,4,1823,8.815361976623535
3,304,5,2,8.798938751220703
3,304,6,1990,8.78298568725586
3,304,7,1995,8.747498512268066
3,304,8,2623,8.728649139404297
3,304,9,434,8.724008560180664
3,304,10,562,8.655162811279297
3,305,1,2,9.768436431884766
3,305,2,2894,9.470821380615234
3,305,3,2308,9.405928611755371
3,305,4,1407,9.393237113952637
3,305,5,390,9.387917518615723
3,305,6,471,9.309915542602539
3,305,7,1738,9.223773002624512
3,305,8,974,9.182019233703613
3,305,9,248,9.175528526306152
3,305,10,585,9.150278091430664
3,306,1,2867,10.88769245147705
3,306,2,78,10.865211486816406
3,306,3,2,10.831143379211426
3,306,4,939,10.470447540283203
3,306,5,667,10.44514274597168
3,306,6,2308,10.338716506958008
3,306,7,2894,10.337457656860352
3,306,8,59,10.2927827835083
3,306,9,1907,10.252395629882812
3,306,10,390,10.24041748046875
3,307,1,1913,9.508411407470703
3,307,2,385,9.398296356201172
3,307,3,1990,9.394815444946289
3,307,4,1481,9.356404304504395
3,307,5,2653,9.022891998291016
3,307,6,2574,8.982181549072266
3,307,7,434,8.946345329284668
3,307,8,1490,8.936705589294434
3,307,9,2686,8.901432037353516
3,307,10,1611,8.89029598236084
3,308,1,1913,10.450189590454102
3,308,2,1490,10.105536460876465
3,308,3,2574,10.099218368530273
3,308,4,59,10.045513153076172
3,308,5,1481,9.997281074523926
3,308,6,385,9.987136840820312
3,308,7,1266,9.955595016479492
3,308,8,2697,9.936184883117676
3,308,9,2686,9.925004959106445
3,308,10,432,9.881368637084961
3,309,1,1701,10.781710624694824
3,309,2,1490,10.596944808959961
3,309,3,2574,10.526276588439941
3,309,4,432,10.317781448364258
3,309,5,2697,10.216029167175293
3,309,6,1266,10.193470001220703
3,309,7,915,10.143098831176758
3,309,8,622,10.126853942871094
3,309,9,747,10.117729187011719
3,309,10,385,10.11265754699707
3,310,1,1490,10.962747573852539
3,310,2,2574,10.910575866699219
3,310,3,432,10.68962574005127
3,310,4,747,10.59292221069336
3,310,5,1208,10.555583953857422
3,310,6,2697,10.501384735107422
3,310,7,1266,10.472464561462402
3,310,8,1913,10.414848327636719
3,310,9,622,10.327320098876953
3,310,10,2653,10.313879013061523
3,311,1,2974,9.906578063964844
3,311,2,69,9.580850601196289
3,311,3,2574,9.488571166992188
3,311,4,1490,9.484651565551758
3,311,5,432,9.331949234008789
3,311,6,59,9.327558517456055
3,311,7,1913,9.195663452148438
3,311,8,2697,9.175823211669922
3,311,9,1266,9.161380767822266
3,311,10,747,9.130045890808105
3,312,1,1369,9.140254974365234
3,312,2,1490,9.067846298217773
3,312,3,2574,9.012467384338379
3,312,4,1206,8.958773612976074
3,312,5,1716,8.893221855163574
3,312,6,432,8.832235336303711
3,312,7,1208,8.812620162963867
3,312,8,259,8.77490520477295
3,312,9,44,8.719232559204102
3,312,10,430,8.690402030944824
3,314,1,579,9.845630645751953
3,314,2,1701,9.764119148254395
3,314,3,595,9.650994300842285
3,314,4,2974,9.575712203979492
3,314,5,1913,9.55915641784668
3,314,6,1571,9.542047500610352
3,314,7,2294,9.49835205078125
3,314,8,430,9.465856552124023
3,314,9,2645,9.434783935546875
3,314,10,2311,9.434783935546875
3,315,1,2574,10.745756149291992
3,315,2,1490,10.737753868103027
3,315,3,432,10.400888442993164
3,315,4,747,10.30523681640625
3,315,5,2974,10.275284767150879
3,315,6,1701,10.254390716552734
3,315,7,1208,10.17930793762207
3,315,8,1571,10.131158828735352
3,315,9,562,10.10519027709961
3,315,10,2869,10.026613235473633
3,316,1,439,9.076847076416016
3,316,2,1836,8.971216201782227
3,316,3,455,8.929317474365234
3,316,4,1490,8.904804229736328
3,316,5,259,8.829489707946777
3,316,6,430,8.78561782836914
3,316,7,2574,8.77321720123291
3,316,8,1161,8.722380638122559
3,316,9,1716,8.680046081542969
3,316,10,185,8.668015480041504
3,317,1,1490,10.531431198120117
3,317,2,2574,10.406643867492676
3,317,3,432,10.195757865905762
3,317,4,439,9.9170503616333
3,317,5,1206,9.787454605102539
3,317,6,1208,9.765149116516113
3,317,7,1836,9.757246971130371
3,317,8,1161,9.684554100036621
3,317,9,747,9.601994514465332
3,317,10,455,9.587692260742188
3,318,1,259,11.582834243774414
3,318,2,1716,10.757600784301758
3,318,3,430,10.740846633911133
3,318,4,2163,10.597625732421875
3,318,5,1158,10.57271671295166
3,318,6,1541,10.560907363891602
3,318,7,787,10.536364555358887
3,318,8,1206,10.525922775268555
3,318,9,72,10.509181022644043
3,318,10,1198,10.498825073242188
3,319,1,259,11.507722854614258
3,319,2,2176,11.232416152954102
3,319,3,122,10.601716041564941
3,319,4,1206,10.548542022705078
3,319,5,1671,10.417140007019043
3,319,6,948,10.416752815246582
3,319,7,1716,10.40977668762207
3,319,8,338,10.366649627685547
3,319,9,1367,10.267284393310547
3,319,10,2163,10.220359802246094
3,321,1,948,10.976299285888672
3,321,2,2363,10.806438446044922
3,321,3,2956,10.795265197753906
3,321,4,122,10.747062683105469
3,321,5,259,10.667919158935547
3,321,6,2106,10.246541976928711
3,321,7,2580,9.938440322875977
3,321,8,2296,9.79727840423584
3,321,9,2971,9.648934364318848
3,321,10,104,9.648036003112793
3,322,1,259,10.889935493469238
3,322,2,446,10.761079788208008
3,322,3,195,10.676885604858398
3,322,4,338,9.92447566986084
3,322,5,1716,9.870576858520508
3,322,6,1206,9.79433822631836
3,322,7,1367,9.748706817626953
3,322,8,2163,9.690713882446289
3,322,9,122,9.686647415161133
3,322,10,1671,9.635018348693848
3,323,1,259,9.391927719116211
3,323,2,2956,8.505670547485352
3,323,3,1716,8.495940208435059
3,323,4,430,8.269710540771484
3,323,5,122,8.202762603759766
3,323,6,2163,8.164711952209473
3,323,7,2363,8.12745475769043
3,323,8,44,8.115705490112305
3,323,9,338,8.113064765930176
3,323,10,1671,8.013944625854492
3,324,1,195,10.8510103225708
3,324,2,446,10.519962310791016
3,324,3,1206,10.513235092163086
3,324,4,259,10.493979454040527
3,324,5,2956,10.145681381225586
3,324,6,1198,9.943292617797852
3,324,7,1369,9.934586524963379
3,324,8,1716,9.779678344726562
3,324,9,122,9.693753242492676
3,324,10,859,9.51767349243164
3,325,1,948,9.299074172973633
3,325,2,259,8.923382759094238
3,325,3,122,8.851644515991211
3,325,4,2363,8.841307640075684
3,325,5,2176,8.701991081237793
3,325,6,2106,8.408060073852539
3,325,7,104,8.315443992614746
3,325,8,195,8.19115161895752
3,325,9,2971,8.187076568603516
3,325,10,2580,8.163736343383789
3,326,1,446,8.791162490844727
3,326,2,259,8.605886459350586
3,326,3,948,8.562909126281738
3,326,4,2363,8.552460670471191
3,326,5,2176,8.43486213684082
3,326,6,122,8.341034889221191
3,326,7,2106,8.181705474853516
3,326,8,195,8.088096618652344
3,326,9,2296,7.624095439910889
3,326,10,2580,7.620695114135742
3,327,1,446,8.948351860046387
3,327,2,259,8.753707885742188
3,327,3,2956,8.71182632446289
3,327,4,948,8.697826385498047
3,327,5,122,8.605379104614258
3,327,6,2176,8.4558744430542
3,327,7,2106,8.219970703125
3,327,8,2296,8.13980484008789
3,327,9,203,8.070940017700195
3,327,10,2500,8.055538177490234
3,328,1,122,7.742274284362793
3,328,2,948,7.631291389465332
3,328,3,1671,7.578921318054199
3,328,4,446,7.471122741699219
3,328,5,203,7.330263614654541
3,328,6,1707,7.305421829223633
3,328,7,2296,7.252123832702637
3,328,8,1516,7.216320037841797
3,328,9,2956,7.212588310241699
3,328,10,2084,7.189786911010742
3,329,1,446,9.596118927001953
3,329,2,2956,9.060638427734375
3,329,3,948,9.037235260009766
3,329,4,637,8.974380493164062
3,329,5,2500,8.929935455322266
3,329,6,1367,8.902505874633789
3,329,7,2971,8.901369094848633
3,329,8,122,8.888849258422852
3,329,9,2363,8.86557674407959
3,329,10,1671,8.864356994628906
3,330,1,446,9.332874298095703
3,330,2,1671,9.048240661621094
3,330,3,637,8.999048233032227
3,330,4,2956,8.987483024597168
3,330,5,122,8.894401550292969
3,330,6,948,8.875152587890625
3,330,7,1991,8.850826263427734
3,330,8,2363,8.808531761169434
3,330,9,2075,8.760995864868164
3,330,10,2176,8.702013969421387
3,331,1,1991,8.742321968078613
3,331,2,637,8.418533325195312
3,331,3,2075,8.412242889404297
3,331,4,1671,8.366510391235352
3,331,5,2484,8.355611801147461
3,331,6,122,8.244470596313477
3,331,7,1062,8.149765968322754
3,331,8,446,8.019323348999023
3,331,9,2296,7.943833351135254
3,331,10,104,7.930230140686035
3,332,1,2705,10.21989631652832
3,332,2,2927,9.899199485778809
3,332,3,2107,9.478915214538574
3,332,4,1692,9.110285758972168
3,332,5,2309,8.751784324645996
3,332,6,90,8.727299690246582
3,332,7,1655,8.682662963867188
3,332,8,2602,8.523085594177246
3,332,9,2296,8.327754974365234
3,332,10,523,8.193658828735352
3,333,1,523,9.736810684204102
3,333,2,2261,9.508299827575684
3,333,3,1655,9.437843322753906
3,333,4,477,9.250017166137695
3,333,5,272,9.209721565246582
3,333,6,393,9.194084167480469
3,333,7,1398,9.187973976135254
3,333,8,2440,9.184206008911133
3,333,9,2145,8.944442749023438
3,333,10,1606,8.907703399658203
3,334,1,2705,12.511846542358398
3,334,2,2927,12.277043342590332
3,334,3,2309,12.255533218383789
3,334,4,90,12.091268539428711
3,334,5,2107,11.62016487121582
3,334,6,1692,11.489750862121582
3,334,7,523,11.323352813720703
3,334,8,2261,10.788352012634277
3,334,9,2061,10.73823356628418
3,334,10,2929,10.243617057800293
3,335,1,2309,12.335107803344727
3,335,2,1692,11.975017547607422
3,335,3,90,11.93628215789795
3,335,4,2261,10.960609436035156
3,335,5,2602,10.87988567352295
3,335,6,2384,10.864420890808105
3,335,7,788,10.53852653503418
3,335,8,1678,10.447234153747559
3,335,9,272,10.43208122253418
3,335,10,2061,10.429920196533203
3,336,1,2927,13.557121276855469
3,336,2,2309,13.343282699584961
3,336,3,90,13.095329284667969
3,336,4,2107,12.827444076538086
3,336,5,523,12.414115905761719
3,336,6,2929,11.249831199645996
3,336,7,900,10.891048431396484
3,336,8,2145,10.850282669067383
3,336,9,1718,10.767515182495117
3,336,10,2431,10.646915435791016
3,337,1,2705,10.205151557922363
3,337,2,2602,8.961891174316406
3,337,3,1779,8.940817832946777
3,337,4,788,8.903322219848633
3,337,5,2061,8.799335479736328
3,337,6,900,8.508003234863281
3,337,7,1678,8.43242359161377
3,337,8,2440,8.305474281311035
3,337,9,272,8.297880172729492
3,337,10,2929,8.290547370910645
3,338,1,477,12.64853286743164
3,338,2,272,12.530906677246094
3,338,3,1398,12.465938568115234
3,338,4,1826,12.0704927444458
3,338,5,1606,12.007475852966309
3,338,6,2739,11.79850959777832
3,338,7,1108,11.732478141784668
3,338,8,2441,11.522676467895508
3,338,9,2464,11.364339828491211
3,338,10,918,11.311441421508789
3,339,1,2705,10.080024719238281
3,339,2,523,8.940116882324219
3,339,3,2061,8.81624984741211
3,339,4,788,8.536495208740234
3,339,5,1779,8.378135681152344
3,339,6,2929,7.993372440338135
3,339,7,900,7.951165199279785
3,339,8,1491,7.929693698883057
3,339,9,2145,7.876499176025391
3,339,10,2128,7.629152774810791
3,340,1,2705,9.180569648742676
3,340,2,1692,9.177547454833984
3,340,3,393,8.670242309570312
3,340,4,2145,8.302942276000977
3,340,5,272,8.30064582824707
3,340,6,1826,8.295740127563477
3,340,7,1398,8.251154899597168
3,340,8,2440,8.221006393432617
3,340,9,2384,8.180694580078125
3,340,10,477,8.18032455444336
3,342,1,2640,8.31511116027832
3,342,2,105,8.310795783996582
3,342,3,2429,8.23967170715332
3,342,4,78,8.171085357666016
3,342,5,1978,8.157327651977539
3,342,6,2743,8.110390663146973
3,342,7,44,8.092275619506836
3,342,8,2769,8.083842277526855
3,342,9,8,8.082794189453125
3,342,10,852,8.081405639648438
3,343,1,2927,9.241662979125977
3,343,2,393,8.731069564819336
3,343,3,2705,8.546784400939941
3,343,4,1692,8.434785842895508
3,343,5,2440,8.148700714111328
3,343,6,1655,8.037030220031738
3,343,7,1070,8.016685485839844
3,343,8,1826,7.9888787269592285
3,343,9,1739,7.970944404602051
3,343,10,1108,7.894257068634033
3,344,1,259,9.892399787902832
3,344,2,430,9.755830764770508
3,344,3,72,9.694814682006836
3,344,4,646,9.594422340393066
3,344,5,1369,9.472378730773926
3,344,6,385,9.460084915161133
3,344,7,2163,9.425100326538086
3,344,8,1716,9.40816593170166
3,344,9,455,9.378958702087402
3,344,10,1481,9.354391098022461
3,345,1,259,9.270073890686035
3,345,2,787,9.17879867553711
3,345,3,2007,8.959794998168945
3,345,4,1716,8.943699836730957
3,345,5,44,8.919550895690918
3,345,6,273,8.821905136108398
3,345,7,49,8.714725494384766
3,345,8,1180,8.70909309387207
3,345,9,2328,8.512813568115234
3,345,10,701,8.457147598266602
3,346,1,385,11.059798240661621
3,346,2,1481,10.965295791625977
3,346,3,2007,10.553088188171387
3,346,4,633,10.190103530883789
3,346,5,1541,9.993042945861816
3,346,6,3063,9.776666641235352
3,346,7,1781,9.651272773742676
3,346,8,220,9.637521743774414
3,346,9,787,9.533620834350586
3,346,10,3069,9.528666496276855
3,347,1,2007,9.572285652160645
3,347,2,259,9.547632217407227
3,347,3,787,9.29753589630127
3,347,4,72,9.235025405883789
3,347,5,1716,9.131772994995117
3,347,6,44,9.028879165649414
3,347,7,2403,8.91313362121582
3,347,8,273,8.880084991455078
3,347,9,385,8.853289604187012
3,347,10,633,8.803176879882812
3,348,1,915,11.267106056213379
3,348,2,1266,11.247895240783691
3,348,3,1490,11.188387870788574
3,348,4,2574,11.16788101196289
3,348,5,2697,11.097911834716797
3,348,6,622,11.083221435546875
3,348,7,2869,10.916625022888184
3,348,8,432,10.83527946472168
3,348,9,1571,10.671382904052734
3,348,10,2653,10.636887550354004
3,349,1,1490,10.727415084838867
3,349,2,2574,10.71484375
3,349,3,1266,10.657336235046387
3,349,4,915,10.577107429504395
3,349,5,2697,10.556098937988281
3,349,6,622,10.51067066192627
3,349,7,2869,10.461002349853516
3,349,8,432,10.36473274230957
3,349,9,1208,10.189383506774902
3,349,10,430,10.15517807006836
3,350,1,1490,10.177242279052734
3,350,2,2574,10.148173332214355
3,350,3,1266,10.091651916503906
3,350,4,915,10.040802955627441
3,350,5,2697,9.989990234375
3,350,6,622,9.956318855285645
3,350,7,430,9.9535493850708
3,350,8,1208,9.903921127319336
3,350,9,333,9.862318992614746
3,350,10,2869,9.860746383666992
3,352,1,1266,12.502339363098145
3,352,2,2697,12.367000579833984
3,352,3,1,11.868871688842773
3,352,4,432,11.655965805053711
3,352,5,2653,11.51977825164795
3,352,6,1571,10.92471694946289
3,352,7,1823,10.825550079345703
3,352,8,59,10.82154369354248
3,352,9,69,10.810312271118164
3,352,10,2974,10.778306007385254
3,353,1,432,13.105955123901367
3,353,2,1,13.068655014038086
3,353,3,1571,12.117109298706055
3,353,4,2974,11.917577743530273
3,353,5,69,11.879215240478516
3,353,6,1701,11.854705810546875
3,353,7,1823,11.778406143188477
3,353,8,59,11.74052906036377
3,353,9,2686,11.705900192260742
3,353,10,2562,11.639583587646484
3,354,1,2311,10.983182907104492
3,354,2,2645,10.983182907104492
3,354,3,579,10.94950008392334
3,354,4,595,10.769744873046875
3,354,5,2294,10.641586303710938
3,354,6,1490,10.611348152160645
3,354,7,432,10.501260757446289
3,354,8,59,10.393486022949219
3,354,9,297,10.361492156982422
3,354,10,1571,10.358089447021484
3,355,1,432,13.157655715942383
3,355,2,754,12.941717147827148
3,355,3,2665,12.713857650756836
3,355,4,1571,12.546637535095215
3,355,5,69,12.414154052734375
3,355,6,2974,12.3590726852417
3,355,7,1701,12.325748443603516
3,355,8,1823,12.316925048828125
3,355,9,59,12.187623977661133
3,355,10,2623,12.174506187438965
3,356,1,2645,12.299101829528809
3,356,2,2311,12.299100875854492
3,356,3,579,12.272956848144531
3,356,4,2574,12.229500770568848
3,356,5,622,12.207574844360352
3,356,6,2869,12.140251159667969
3,356,7,595,12.037619590759277
3,356,8,1571,11.968274116516113
3,356,9,2294,11.892083168029785
3,356,10,69,11.883386611938477
3,357,1,1481,13.741031646728516
3,357,2,385,13.705282211303711
3,357,3,1913,13.460396766662598
3,357,4,69,13.438511848449707
3,357,5,1823,13.286934852600098
3,357,6,1266,13.23963737487793
3,357,7,2623,13.124332427978516
3,357,8,59,13.052316665649414
3,357,9,357,13.0206880569458
3,357,10,1990,12.838469505310059
3,358,1,2311,12.417173385620117
3,358,2,2645,12.417173385620117
3,358,3,579,11.846614837646484
3,358,4,385,10.428756713867188
3,358,5,1481,10.402189254760742
3,358,6,357,9.913322448730469
3,358,7,1913,9.764159202575684
3,358,8,59,9.732854843139648
3,358,9,69,9.696844100952148
3,358,10,1868,9.563167572021484
3,359,1,1481,11.82000732421875
3,359,2,385,11.781530380249023
3,359,3,357,11.338400840759277
3,359,4,69,11.232105255126953
3,359,5,506,11.210834503173828
3,359,6,1913,11.174549102783203
3,359,7,59,11.11787223815918
3,359,8,1571,11.021201133728027
3,359,9,1701,10.931873321533203
3,359,10,1868,10.930564880371094
3,360,1,1481,11.82000732421875
3,360,2,385,11.781530380249023
3,360,3,357,11.338400840759277
3,360,4,69,11.232105255126953
3,360,5,506,11.210834503173828
3,360,6,1913,11.174549102783203
3,360,7,59,11.11787223815918
3,360,8,1571,11.021201133728027
3,360,9,1701,10.931873321533203
3,360,10,1868,10.930564880371094
3,361,1,1481,11.82000732421875
3,361,2,385,11.781530380249023
3,361,3,357,11.338400840759277
3,361,4,69,11.232105255126953
3,361,5,506,11.210834503173828
3,361,6,1913,11.174549102783203
3,361,7,59,11.11787223815918
3,361,8,1571,11.021201133728027
3,361,9,1701,10.931873321533203
3,361,10,1868,10.930564880371094
3,362,1,1481,11.82000732421875
3,362,2,385,11.781530380249023
3,362,3,357,11.338400840759277
3,362,4,69,11.232105255126953
3,362,5,506,11.210834503173828
3,362,6,1913,11.174549102783203
3,362,7,59,11.11787223815918
3,362,8,1571,11.021201133728027
3,362,9,1701,10.931873321533203
3,362,10,1868,10.930564880371094
3,363,1,1481,11.854558944702148
3,363,2,385,11.815890312194824
3,363,3,357,11.379651069641113
3,363,4,69,11.278975486755371
3,363,5,506,11.24464225769043
3,363,6,1913,11.222244262695312
3,363,7,59,11.159343719482422
3,363,8,1571,11.062857627868652
3,363,9,1701,10.97337532043457
3,363,10,1868,10.967513084411621
3,365,1,210,8.651233673095703
3,365,2,1653,8.613431930541992
3,365,3,2067,8.607606887817383
3,365,4,98,8.350875854492188
3,365,5,397,8.103797912597656
3,365,6,1831,7.754461288452148
3,365,7,2202,7.74925422668457
3,365,8,1161,7.60174036026001
3,365,9,1341,7.541316986083984
3,365,10,1145,7.531500339508057
3,366,1,2078,7.810318946838379
3,366,2,2067,7.421252727508545
3,366,3,98,7.193866729736328
3,366,4,1831,6.897195816040039
3,366,5,1145,6.8135175704956055
3,366,6,1304,6.774479866027832
3,366,7,1161,6.768529415130615
3,366,8,2202,6.754493236541748
3,366,9,1354,6.691953659057617
3,366,10,554,6.661154747009277
3,367,1,2067,8.816335678100586
3,367,2,98,8.578290939331055
3,367,3,2202,7.934220314025879
3,367,4,1203,7.851893424987793
3,367,5,579,7.789902687072754
3,367,6,1831,7.771953582763672
3,367,7,1161,7.675991058349609
3,367,8,595,7.665742874145508
3,367,9,1145,7.595232963562012
3,367,10,1304,7.5940656661987305
3,368,1,2078,8.674516677856445
3,368,2,2067,8.190978050231934
3,368,3,98,7.943293571472168
3,368,4,1831,7.632848739624023
3,368,5,1161,7.583354949951172
3,368,6,1494,7.576406002044678
3,368,7,2202,7.541637420654297
3,368,8,1304,7.394927978515625
3,368,9,1145,7.37044620513916
3,368,10,1341,7.314044952392578
3,369,1,477,16.81294059753418
3,369,2,1347,15.110114097595215
3,369,3,2888,14.725215911865234
3,369,4,2440,13.645442962646484
3,369,5,393,13.57973861694336
3,369,6,563,13.325138092041016
3,369,7,1739,13.299090385437012
3,369,8,2801,13.212520599365234
3,369,9,504,12.94239616394043
3,369,10,2309,12.874871253967285
3,370,1,1606,17.173507690429688
3,370,2,2739,17.06576156616211
3,370,3,1108,16.336519241333008
3,370,4,393,16.12078094482422
3,370,5,2440,15.872653007507324
3,370,6,1739,15.263534545898438
3,370,7,1769,15.219600677490234
3,370,8,1070,14.882482528686523
3,370,9,784,14.256906509399414
3,370,10,270,14.256379127502441
3,371,1,2321,16.518070220947266
3,371,2,1108,16.205293655395508
3,371,3,918,15.90945053100586
3,371,4,2440,15.535388946533203
3,371,5,393,15.498685836791992
3,371,6,1739,14.681661605834961
3,371,7,1769,14.622894287109375
3,371,8,2309,14.545605659484863
3,371,9,563,14.417346954345703
3,371,10,1070,14.416308403015137
3,372,1,272,15.776233673095703
3,372,2,1606,15.714947700500488
3,372,3,2321,15.216141700744629
3,372,4,393,14.683843612670898
3,372,5,2440,14.443892478942871
3,372,6,1769,13.920151710510254
3,372,7,1739,13.838855743408203
3,372,8,563,13.442944526672363
3,372,9,2801,13.423462867736816
3,372,10,2309,13.408660888671875
3,373,1,1606,17.595413208007812
3,373,2,1347,16.607192993164062
3,373,3,393,16.514240264892578
3,373,4,2687,16.477088928222656
3,373,5,2440,16.245079040527344
3,373,6,1769,15.461236000061035
3,373,7,1739,15.374388694763184
3,373,8,1070,15.034914016723633
3,373,9,563,15.023714065551758
3,373,10,2801,14.957795143127441
3,374,1,2321,17.35614776611328
3,374,2,393,16.72947883605957
3,374,3,2440,16.654388427734375
3,374,4,918,16.638946533203125
3,374,5,2888,16.463258743286133
3,374,6,1769,15.987726211547852
3,374,7,1739,15.680187225341797
3,374,8,1070,15.327680587768555
3,374,9,563,15.029481887817383
3,374,10,2801,15.005036354064941
3,375,1,2739,18.53380584716797
3,375,2,2321,18.16196060180664
3,375,3,393,16.78390121459961
3,375,4,1678,16.739471435546875
3,375,5,2440,16.367244720458984
3,375,6,1739,16.256696701049805
3,375,7,1070,15.525701522827148
3,375,8,270,15.517671585083008
3,375,9,1769,15.470300674438477
3,375,10,784,15.343070983886719
3,378,1,477,19.464115142822266
3,378,2,1606,18.773666381835938
3,378,3,393,17.48259162902832
3,378,4,2888,17.26823616027832
3,378,5,2440,17.151588439941406
3,378,6,1739,16.489574432373047
3,378,7,1769,16.358402252197266
3,378,8,1070,16.014633178710938
3,378,9,2801,15.701203346252441
3,378,10,563,15.696911811828613
3,379,1,2321,15.882085800170898
3,379,2,918,15.443251609802246
3,379,3,1678,14.603759765625
3,379,4,393,14.088438034057617
3,379,5,2440,14.02971076965332
3,379,6,1739,13.831991195678711
3,379,7,563,13.63528823852539
3,379,8,2801,13.537559509277344
3,379,9,1070,13.361547470092773
3,379,10,504,13.356168746948242
3,380,1,477,17.754732131958008
3,380,2,2739,16.629798889160156
3,380,3,2441,16.51888656616211
3,380,4,2440,14.689825057983398
3,380,5,393,14.644453048706055
3,380,6,1739,14.349454879760742
3,380,7,270,14.074426651000977
3,380,8,1070,14.03156852722168
3,380,9,1769,13.733230590820312
3,380,10,784,13.722028732299805
3,381,1,2739,17.187328338623047
3,381,2,2441,17.097110748291016
3,381,3,2440,17.031997680664062
3,381,4,393,16.519195556640625
3,381,5,1769,16.366382598876953
3,381,6,918,16.267963409423828
3,381,7,1739,15.685100555419922
3,381,8,1070,15.426629066467285
3,381,9,2309,15.268173217773438
3,381,10,90,14.98342227935791
3,383,1,272,16.280128479003906
3,383,2,1347,15.2838716506958
3,383,3,2440,15.175804138183594
3,383,4,393,15.053238868713379
3,383,5,918,14.796302795410156
3,383,6,1769,14.585280418395996
3,383,7,1739,14.169221878051758
3,383,8,1070,13.929232597351074
3,383,9,563,13.487439155578613
3,383,10,2801,13.40756607055664
3,384,1,477,17.599407196044922
3,384,2,1826,16.148393630981445
3,384,3,2440,15.844688415527344
3,384,4,393,15.57088851928711
3,384,5,1769,15.16671371459961
3,384,6,1678,15.159807205200195
3,384,7,1739,14.867486953735352
3,384,8,1070,14.46249771118164
3,384,9,563,14.35537052154541
3,384,10,2801,14.204540252685547
3,385,1,477,16.971221923828125
3,385,2,272,16.525121688842773
3,385,3,2464,15.706192970275879
3,385,4,393,14.812238693237305
3,385,5,2440,14.65748405456543
3,385,6,1739,14.198648452758789
3,385,7,1769,13.954208374023438
3,385,8,2801,13.77326488494873
3,385,9,563,13.69586181640625
3,385,10,504,13.568032264709473
3,386,1,1398,17.371726989746094
3,386,2,2464,16.44402313232422
3,386,3,393,16.205917358398438
3,386,4,2440,16.053455352783203
3,386,5,2888,15.767910957336426
3,386,6,1769,15.375726699829102
3,386,7,1739,15.16318130493164
3,386,8,1070,14.820660591125488
3,386,9,563,14.68838882446289
3,386,10,2801,14.612420082092285
3,387,1,2464,16.048128128051758
3,387,2,918,15.69531536102295
3,387,3,1678,15.060653686523438
3,387,4,393,15.001354217529297
3,387,5,2440,14.860818862915039
3,387,6,1739,14.425507545471191
3,387,7,1769,14.037618637084961
3,387,8,1070,13.921222686767578
3,387,9,563,13.899898529052734
3,387,10,2801,13.894518852233887
3,388,1,477,17.215164184570312
3,388,2,2441,16.315765380859375
3,388,3,1826,15.76213550567627
3,388,4,393,14.334247589111328
3,388,5,2440,14.230520248413086
3,388,6,1739,13.92832088470459
3,388,7,1070,13.557426452636719
3,388,8,270,13.504091262817383
3,388,9,2801,13.373432159423828
3,388,10,504,13.32349967956543
3,391,1,1606,16.381641387939453
3,391,2,1347,15.319605827331543
3,391,3,1108,15.220096588134766
3,391,4,393,14.198202133178711
3,391,5,2440,13.934511184692383
3,391,6,2801,13.782951354980469
3,391,7,563,13.750768661499023
3,391,8,1739,13.67306900024414
3,391,9,504,13.615328788757324
3,391,10,2297,13.190985679626465
3,392,1,641,9.77834701538086
3,392,2,2558,9.682966232299805
3,392,3,1461,9.445343017578125
3,392,4,1307,9.362113952636719
3,392,5,2180,9.263633728027344
3,392,6,2595,9.217642784118652
3,392,7,1673,9.157737731933594
3,392,8,1744,9.157262802124023
3,392,9,429,9.142756462097168
3,392,10,613,9.120270729064941
3,395,1,1307,10.552522659301758
3,395,2,1461,10.543676376342773
3,395,3,716,10.502659797668457
3,395,4,2595,10.461658477783203
3,395,5,1102,10.460892677307129
3,395,6,429,10.399415969848633
3,395,7,1673,10.398771286010742
3,395,8,2180,10.22500991821289
3,395,9,1379,10.20950698852539
3,395,10,613,10.203821182250977
3,396,1,1307,10.536796569824219
3,396,2,2082,10.435123443603516
3,396,3,1461,10.384952545166016
3,396,4,2713,10.366313934326172
3,396,5,2607,10.327425003051758
3,396,6,2180,10.267322540283203
3,396,7,1744,10.184039115905762
3,396,8,193,10.168665885925293
3,396,9,1379,10.165367126464844
3,396,10,429,10.086125373840332
3,397,1,1307,8.054956436157227
3,397,2,1461,7.72113561630249
3,397,3,2938,7.592090606689453
3,397,4,1301,7.525474548339844
3,397,5,674,7.498889923095703
3,397,6,599,7.38459587097168
3,397,7,2504,7.2841877937316895
3,397,8,475,7.273568153381348
3,397,9,609,7.250760555267334
3,397,10,206,7.213603973388672
3,398,1,1999,10.153365135192871
3,398,2,2568,10.148179054260254
3,398,3,559,9.734413146972656
3,398,4,611,9.67409610748291
3,398,5,498,9.426532745361328
3,398,6,2160,9.404329299926758
3,398,7,2929,9.38892650604248
3,398,8,767,9.372004508972168
3,398,9,508,9.351320266723633
3,398,10,1273,9.157486915588379
3,399,1,674,8.781203269958496
3,399,2,1461,8.708648681640625
3,399,3,599,8.419163703918457
3,399,4,2087,8.377557754516602
3,399,5,129,8.349177360534668
3,399,6,206,8.325801849365234
3,399,7,2143,8.304204940795898
3,399,8,2938,8.285087585449219
3,399,9,1104,8.24825382232666
3,399,10,609,8.227611541748047
3,400,1,196,8.915125846862793
3,400,2,611,8.72674560546875
3,400,3,2910,8.477237701416016
3,400,4,193,8.363569259643555
3,400,5,674,8.360613822937012
3,400,6,2136,8.355070114135742
3,400,7,2195,8.293594360351562
3,400,8,2143,8.225885391235352
3,400,9,1112,8.172987937927246
3,400,10,1525,8.15211296081543
3,401,1,2104,10.246427536010742
3,401,2,2599,10.24557876586914
3,401,3,1307,10.138067245483398
3,401,4,2713,10.103580474853516
3,401,5,193,10.054261207580566
3,401,6,1461,10.044856071472168
3,401,7,674,9.97291374206543
3,401,8,1379,9.771000862121582
3,401,9,1429,9.715462684631348
3,401,10,2180,9.680658340454102
3,403,1,674,8.308857917785645
3,403,2,609,8.150757789611816
3,403,3,1307,8.149890899658203
3,403,4,1461,7.938819885253906
3,403,5,2143,7.852503776550293
3,403,6,193,7.806951522827148
3,403,7,475,7.776522636413574
3,403,8,2095,7.771646022796631
3,403,9,527,7.711458206176758
3,403,10,2159,7.688357353210449
3,404,1,674,7.484353065490723
3,404,2,609,7.331048488616943
3,404,3,2143,7.319714546203613
3,404,4,2095,7.200920104980469
3,404,5,2159,7.112997055053711
3,404,6,193,7.039549827575684
3,404,7,475,6.990952491760254
3,404,8,611,6.918694496154785
3,404,9,1525,6.914572715759277
3,404,10,527,6.909194469451904
3,405,1,196,10.837647438049316
3,405,2,611,10.468398094177246
3,405,3,2080,10.302209854125977
3,405,4,1112,9.885457992553711
3,405,5,559,9.597423553466797
3,405,6,2195,9.284721374511719
3,405,7,674,9.199995040893555
3,405,8,215,9.15112590789795
3,405,9,2143,9.148223876953125
3,405,10,612,8.940192222595215
3,406,1,2195,8.464387893676758
3,406,2,1461,8.093486785888672
3,406,3,206,8.079256057739258
3,406,4,611,7.950292587280273
3,406,5,193,7.878065586090088
3,406,6,2622,7.85302209854126
3,406,7,674,7.774128437042236
3,406,8,1720,7.762639999389648
3,406,9,1307,7.722199440002441
3,406,10,1379,7.654666900634766
3,407,1,2160,9.988059997558594
3,407,2,2080,9.86567211151123
3,407,3,2195,9.590250015258789
3,407,4,508,9.589859962463379
3,407,5,2929,9.380669593811035
3,407,6,527,9.259359359741211
3,407,7,530,9.195282936096191
3,407,8,1692,9.14193344116211
3,407,9,2927,9.008403778076172
3,407,10,275,8.999438285827637
3,408,1,2160,11.399112701416016
3,408,2,475,11.365453720092773
3,408,3,508,11.25885009765625
3,408,4,2504,11.047365188598633
3,408,5,2929,10.899433135986328
3,408,6,2195,10.803153991699219
3,408,7,530,10.401510238647461
3,408,8,2431,10.196439743041992
3,408,9,275,10.10641860961914
3,408,10,2817,10.066108703613281
3,409,1,508,11.183748245239258
3,409,2,2160,11.131027221679688
3,409,3,530,10.900561332702637
3,409,4,2817,10.871942520141602
3,409,5,1408,10.860429763793945
3,409,6,1878,10.753805160522461
3,409,7,2643,10.631329536437988
3,409,8,2568,10.573463439941406
3,409,9,31,10.501215934753418
3,409,10,2929,10.363741874694824
3,410,1,530,8.928472518920898
3,410,2,508,8.926313400268555
3,410,3,563,8.902923583984375
3,410,4,2160,8.870441436767578
3,410,5,2297,8.800971031188965
3,410,6,31,8.69774055480957
3,410,7,2488,8.645452499389648
3,410,8,261,8.563810348510742
3,410,9,2801,8.548830032348633
3,410,10,2188,8.548580169677734
3,411,1,2752,10.126154899597168
3,411,2,594,10.030704498291016
3,411,3,538,9.899479866027832
3,411,4,2721,9.88380241394043
3,411,5,535,9.837640762329102
3,411,6,1408,9.756750106811523
3,411,7,2423,9.70213508605957
3,411,8,566,9.691242218017578
3,411,9,576,9.659930229187012
3,411,10,1517,9.624836921691895
3,412,1,1878,9.521133422851562
3,412,2,594,9.227557182312012
3,412,3,538,9.163410186767578
3,412,4,535,9.122617721557617
3,412,5,2721,9.105500221252441
3,412,6,518,8.987690925598145
3,412,7,670,8.949772834777832
3,412,8,621,8.929169654846191
3,412,9,566,8.894279479980469
3,412,10,264,8.894009590148926
3,413,1,1251,8.479392051696777
3,413,2,530,8.258081436157227
3,413,3,508,8.205388069152832
3,413,4,2195,8.118326187133789
3,413,5,1621,8.111886978149414
3,413,6,493,8.092893600463867
3,413,7,2074,8.052742958068848
3,413,8,2160,7.890841007232666
3,413,9,539,7.879517555236816
3,413,10,1308,7.8509907722473145
3,414,1,2752,10.697848320007324
3,414,2,1408,10.200557708740234
3,414,3,2643,10.09035587310791
3,414,4,31,9.96998405456543
3,414,5,2297,9.96784782409668
3,414,6,82,9.736245155334473
3,414,7,261,9.687253952026367
3,414,8,2961,9.630111694335938
3,414,9,563,9.577779769897461
3,414,10,2568,9.53459644317627
3,415,1,594,12.261922836303711
3,415,2,538,12.134729385375977
3,415,3,1517,12.062265396118164
3,415,4,2721,12.016223907470703
3,415,5,535,12.014062881469727
3,415,6,826,11.990839004516602
3,415,7,621,11.979499816894531
3,415,8,742,11.884467124938965
3,415,9,566,11.871816635131836
3,415,10,518,11.857415199279785
3,416,1,2308,9.921550750732422
3,416,2,2725,9.878976821899414
3,416,3,585,9.80148696899414
3,416,4,2700,9.441272735595703
3,416,5,2609,9.43508243560791
3,416,6,535,9.38857650756836
3,416,7,78,9.32217025756836
3,416,8,1293,9.306480407714844
3,416,9,576,9.305808067321777
3,416,10,390,9.298799514770508
3,417,1,2272,8.583108901977539
3,417,2,1206,8.494423866271973
3,417,3,594,8.458890914916992
3,417,4,538,8.36667251586914
3,417,5,535,8.298677444458008
3,417,6,2028,8.231632232666016
3,417,7,1579,8.200050354003906
3,417,8,2205,8.198210716247559
3,417,9,566,8.180026054382324
3,417,10,2721,8.101158142089844
3,418,1,594,7.654236793518066
3,418,2,2721,7.6187520027160645
3,418,3,1517,7.617920875549316
3,418,4,538,7.613851547241211
3,418,5,2700,7.5153021812438965
3,418,6,566,7.490758895874023
3,418,7,2496,7.489130020141602
3,418,8,518,7.4739580154418945
3,418,9,621,7.435376167297363
3,418,10,826,7.422209739685059
3,419,1,621,11.96463394165039
3,419,2,594,11.796098709106445
3,419,3,538,11.63742446899414
3,419,4,2272,11.628291130065918
3,419,5,518,11.576120376586914
3,419,6,535,11.57174301147461
3,419,7,2721,11.475360870361328
3,419,8,566,11.446504592895508
3,419,9,2700,11.426532745361328
3,419,10,826,11.398080825805664
3,420,1,621,11.847411155700684
3,420,2,594,11.76072883605957
3,420,3,538,11.652463912963867
3,420,4,535,11.548912048339844
3,420,5,518,11.463751792907715
3,420,6,2272,11.456544876098633
3,420,7,826,11.434885025024414
3,420,8,2721,11.4336519241333
3,420,9,566,11.379711151123047
3,420,10,2700,11.331270217895508
3,421,1,621,9.314794540405273
3,421,2,826,9.283903121948242
3,421,3,538,9.043231964111328
3,421,4,535,8.957992553710938
3,421,5,518,8.955751419067383
3,421,6,2721,8.885270118713379
3,421,7,2700,8.880173683166504
3,421,8,742,8.765922546386719
3,421,9,1517,8.679671287536621
3,421,10,264,8.651711463928223
3,422,1,594,10.792827606201172
3,422,2,826,10.774528503417969
3,422,3,621,10.71541690826416
3,422,4,2700,10.647252082824707
3,422,5,538,10.618452072143555
3,422,6,1517,10.539653778076172
3,422,7,535,10.524258613586426
3,422,8,742,10.519161224365234
3,422,9,2272,10.497858047485352
3,422,10,566,10.46783447265625
3,423,1,621,11.350805282592773
3,423,2,538,11.111495971679688
3,423,3,594,11.069070816040039
3,423,4,1665,11.06731128692627
3,423,5,535,11.037681579589844
3,423,6,1206,10.997220993041992
3,423,7,2028,10.978858947753906
3,423,8,518,10.912748336791992
3,423,9,1791,10.874150276184082
3,423,10,2642,10.855981826782227
3,424,1,826,10.984102249145508
3,424,2,1517,10.918169021606445
3,424,3,518,10.721908569335938
3,424,4,621,10.687707901000977
3,424,5,2028,10.494264602661133
3,424,6,1791,10.4210844039917
3,424,7,742,10.410340309143066
3,424,8,670,10.353190422058105
3,424,9,112,10.33051586151123
3,424,10,2700,10.291369438171387
3,425,1,974,7.815148830413818
3,425,2,2700,7.711973190307617
3,425,3,2802,7.618279933929443
3,425,4,2986,7.611551761627197
3,425,5,742,7.488703727722168
3,425,6,576,7.481886863708496
3,425,7,594,7.430871486663818
3,425,8,1517,7.375882148742676
3,425,9,2923,7.3750505447387695
3,425,10,621,7.313244819641113
3,426,1,826,11.180511474609375
3,426,2,566,10.897825241088867
3,426,3,742,10.713871002197266
3,426,4,518,10.667461395263672
3,426,5,621,10.60396957397461
3,426,6,2700,10.59666919708252
3,426,7,2272,10.546955108642578
3,426,8,1791,10.43564224243164
3,426,9,2028,10.417720794677734
3,426,10,112,10.389328956604004
3,427,1,826,10.206687927246094
3,427,2,2700,10.005517959594727
3,427,3,621,9.952669143676758
3,427,4,594,9.938688278198242
3,427,5,2308,9.837667465209961
3,427,6,535,9.830944061279297
3,427,7,538,9.81984806060791
3,427,8,742,9.765424728393555
3,427,9,1360,9.680977821350098
3,427,10,2272,9.601706504821777
3,428,1,2986,9.656301498413086
3,428,2,2272,9.578445434570312
3,428,3,1360,9.523660659790039
3,428,4,621,9.517889976501465
3,428,5,670,9.513602256774902
3,428,6,1018,9.48771858215332
3,428,7,2700,9.410758018493652
3,428,8,2923,9.355720520019531
3,428,9,2028,9.300392150878906
3,428,10,1791,9.245855331420898
3,429,1,2986,9.656301498413086
3,429,2,2272,9.578445434570312
3,429,3,1360,9.523660659790039
3,429,4,621,9.517889976501465
3,429,5,670,9.513602256774902
3,429,6,1018,9.48771858215332
3,429,7,2700,9.410758018493652
3,429,8,2923,9.355720520019531
3,429,9,2028,9.300392150878906
3,429,10,1791,9.245855331420898
3,430,1,2986,9.656301498413086
3,430,2,2272,9.578445434570312
3,430,3,1360,9.523660659790039
3,430,4,621,9.517889976501465
3,430,5,670,9.513602256774902
3,430,6,1018,9.48771858215332
3,430,7,2700,9.410758018493652
3,430,8,2923,9.355720520019531
3,430,9,2028,9.300392150878906
3,430,10,1791,9.245855331420898
3,435,1,621,10.944846153259277
3,435,2,826,10.904131889343262
3,435,3,2496,10.888734817504883
3,435,4,535,10.887553215026855
3,435,5,594,10.844873428344727
3,435,6,1360,10.766633987426758
3,435,7,538,10.751413345336914
3,435,8,2721,10.704116821289062
3,435,9,2272,10.632003784179688
3,435,10,566,10.616483688354492
3,436,1,826,10.80400276184082
3,436,2,535,10.513246536254883
3,436,3,594,10.511996269226074
3,436,4,538,10.41657829284668
3,436,5,1517,10.416102409362793
3,436,6,2721,10.366209030151367
3,436,7,566,10.317825317382812
3,436,8,2609,10.234014511108398
3,436,9,2272,10.181392669677734
3,436,10,1360,10.172161102294922
3,437,1,826,10.391885757446289
3,437,2,535,10.36685562133789
3,437,3,594,10.304864883422852
3,437,4,538,10.259002685546875
3,437,5,2721,10.23422622680664
3,437,6,2496,10.21355152130127
3,437,7,1517,10.203374862670898
3,437,8,566,10.107942581176758
3,437,9,1360,10.080032348632812
3,437,10,2609,9.970788955688477
3,438,1,2700,11.032288551330566
3,438,2,585,10.929405212402344
3,438,3,621,10.87043571472168
3,438,4,826,10.865744590759277
3,438,5,535,10.744173049926758
3,438,6,594,10.743690490722656
3,438,7,538,10.635370254516602
3,438,8,1360,10.597628593444824
3,438,9,2721,10.57208251953125
3,438,10,2272,10.565455436706543
3,439,1,538,8.023571014404297
3,439,2,535,7.987600803375244
3,439,3,594,7.949789047241211
3,439,4,621,7.924251556396484
3,439,5,2721,7.7667951583862305
3,439,6,64,7.753514289855957
3,439,7,826,7.752769470214844
3,439,8,566,7.71101188659668
3,439,9,518,7.679919242858887
3,439,10,1517,7.668725967407227
3,440,1,1206,9.571868896484375
3,440,2,621,9.18613052368164
3,440,3,538,9.008553504943848
3,440,4,594,8.979232788085938
3,440,5,535,8.964018821716309
3,440,6,2028,8.870295524597168
3,440,7,1198,8.840635299682617
3,440,8,518,8.807339668273926
3,440,9,1369,8.764081001281738
3,440,10,2272,8.745519638061523
3,441,1,621,10.675901412963867
3,441,2,826,10.624370574951172
3,441,3,538,10.517545700073242
3,441,4,2700,10.507671356201172
3,441,5,535,10.497177124023438
3,441,6,594,10.478978157043457
3,441,7,1665,10.448881149291992
3,441,8,576,10.406911849975586
3,441,9,742,10.356204986572266
3,441,10,704,10.350318908691406
3,442,1,621,10.37274169921875
3,442,2,1665,10.025521278381348
3,442,3,535,9.945667266845703
3,442,4,538,9.94299030303955
3,442,5,594,9.931248664855957
3,442,6,1513,9.86583137512207
3,442,7,2642,9.864583015441895
3,442,8,518,9.804046630859375
3,442,9,2272,9.784585952758789
3,442,10,670,9.667068481445312
3,443,1,1490,8.55717945098877
3,443,2,2574,8.5031156539917
3,443,3,432,8.31768798828125
3,443,4,2067,8.011602401733398
3,443,5,1161,7.9628400802612305
3,443,6,1266,7.8538498878479
3,443,7,1571,7.8253583908081055
3,443,8,98,7.781004428863525
3,443,9,2697,7.768430233001709
3,443,10,1208,7.750121593475342
3,444,1,58,7.871102333068848
3,444,2,1258,7.764334201812744
3,444,3,298,7.562771797180176
3,444,4,865,7.562771797180176
3,444,5,2705,7.395681858062744
3,444,6,2927,7.312503337860107
3,444,7,2219,7.30644416809082
3,444,8,3018,7.198922157287598
3,444,9,2107,7.001128196716309
3,444,10,173,6.957546234130859
3,445,1,2067,9.665155410766602
3,445,2,98,9.377631187438965
3,445,3,393,9.189114570617676
3,445,4,513,9.082502365112305
3,445,5,2322,9.073942184448242
3,445,6,2927,8.939838409423828
3,445,7,2078,8.564498901367188
3,445,8,2107,8.538783073425293
3,445,9,2705,8.523458480834961
3,445,10,1108,8.518746376037598
3,446,1,1108,6.4055891036987305
3,446,2,1606,6.143474578857422
3,446,3,2321,6.10772705078125
3,446,4,393,6.057699203491211
3,446,5,2324,5.990058422088623
3,446,6,664,5.97921085357666
3,446,7,504,5.97244930267334
3,446,8,1347,5.8882598876953125
3,446,9,1957,5.862490177154541
3,446,10,1826,5.852880954742432
3,448,1,1718,12.446916580200195
3,448,2,1200,11.901451110839844
3,448,3,2912,11.763826370239258
3,448,4,1048,11.546688079833984
3,448,5,394,11.056340217590332
3,448,6,833,11.012548446655273
3,448,7,2210,10.92308235168457
3,448,8,949,10.805727005004883
3,448,9,1184,10.774845123291016
3,448,10,2704,10.719813346862793
3,449,1,1718,10.133984565734863
3,449,2,1200,9.772988319396973
3,449,3,1048,9.400474548339844
3,449,4,507,9.026984214782715
3,449,5,2705,9.020265579223633
3,449,6,949,8.837065696716309
3,449,7,1759,8.657398223876953
3,449,8,833,8.640374183654785
3,449,9,2210,8.589144706726074
3,449,10,2927,8.505956649780273
3,450,1,1718,7.060212135314941
3,450,2,2705,6.5825700759887695
3,450,3,1200,6.527614116668701
3,450,4,2927,6.356528282165527
3,450,5,2814,6.236392021179199
3,450,6,1386,6.061870574951172
3,450,7,1692,5.9946770668029785
3,450,8,173,5.985162734985352
3,450,9,1048,5.979957103729248
3,450,10,1184,5.920747756958008
3,451,1,1718,9.842195510864258
3,451,2,1200,9.415237426757812
3,451,3,2814,9.272064208984375
3,451,4,507,9.044050216674805
3,451,5,1386,8.546815872192383
3,451,6,1957,8.537004470825195
3,451,7,581,8.432855606079102
3,451,8,1184,8.411911010742188
3,451,9,672,8.271100997924805
3,451,10,2033,8.205118179321289
3,452,1,2210,8.324322700500488
3,452,2,2814,8.250539779663086
3,452,3,2704,8.104072570800781
3,452,4,1048,8.025296211242676
3,452,5,2705,8.025125503540039
3,452,6,1184,7.888282775878906
3,452,7,672,7.885504245758057
3,452,8,2615,7.794670104980469
3,452,9,1759,7.740436553955078
3,452,10,949,7.73890495300293
3,453,1,1718,14.164474487304688
3,453,2,2814,12.857951164245605
3,453,3,2912,12.687209129333496
3,453,4,507,12.677842140197754
3,453,5,2210,12.582127571105957
3,453,6,665,12.14177417755127
3,453,7,301,12.082773208618164
3,453,8,2704,12.029654502868652
3,453,9,672,11.044240951538086
3,453,10,173,10.921241760253906
3,455,1,2814,10.163520812988281
3,455,2,507,10.013657569885254
3,455,3,2912,9.748631477355957
3,455,4,1048,9.540031433105469
3,455,5,949,9.484369277954102
3,455,6,1587,9.246103286743164
3,455,7,672,8.907776832580566
3,455,8,666,8.848655700683594
3,455,9,2705,8.672881126403809
3,455,10,597,8.659988403320312
3,456,1,1718,15.154804229736328
3,456,2,2814,15.123677253723145
3,456,3,507,14.496492385864258
3,456,4,2912,13.790904998779297
3,456,5,2704,13.672281265258789
3,456,6,301,12.995818138122559
3,456,7,2615,12.821836471557617
3,456,8,672,12.768930435180664
3,456,9,2705,12.34610652923584
3,456,10,1009,12.033576965332031
3,457,1,301,14.679774284362793
3,457,2,2814,14.538459777832031
3,457,3,2912,14.15640640258789
3,457,4,507,14.024234771728516
3,457,5,2210,13.616426467895508
3,457,6,2704,12.906628608703613
3,457,7,173,12.889911651611328
3,457,8,1009,12.771156311035156
3,457,9,672,12.274742126464844
3,457,10,1248,11.997640609741211
3,458,1,1718,11.12656021118164
3,458,2,1200,10.709705352783203
3,458,3,1759,10.268970489501953
3,458,4,2033,10.122966766357422
3,458,5,1048,9.934968948364258
3,458,6,949,9.86798095703125
3,458,7,833,9.674272537231445
3,458,8,672,9.345523834228516
3,458,9,2391,8.9962158203125
3,458,10,2705,8.645936965942383
3,459,1,2078,11.414495468139648
3,459,2,210,10.85213851928711
3,459,3,1653,10.795738220214844
3,459,4,628,10.785470008850098
3,459,5,2067,10.777423858642578
3,459,6,1030,10.736520767211914
3,459,7,1145,10.6392183303833
3,459,8,1161,10.629984855651855
3,459,9,1831,10.618607521057129
3,459,10,1304,10.574187278747559
3,460,1,2078,8.890802383422852
3,460,2,1836,8.88965892791748
3,460,3,1831,8.882735252380371
3,460,4,439,8.842141151428223
3,460,5,1161,8.799125671386719
3,460,6,628,8.662580490112305
3,460,7,210,8.630960464477539
3,460,8,1653,8.605119705200195
3,460,9,1030,8.583478927612305
3,460,10,1203,8.526174545288086
3,461,1,2078,9.765302658081055
3,461,2,1831,9.524181365966797
3,461,3,210,9.465325355529785
3,461,4,1653,9.432351112365723
3,461,5,1161,9.42679214477539
3,461,6,2067,9.375520706176758
3,461,7,628,9.33918571472168
3,461,8,1030,9.289358139038086
3,461,9,1723,9.259716987609863
3,461,10,439,9.210946083068848
3,462,1,2078,10.068456649780273
3,462,2,1831,10.06772232055664
3,462,3,1161,10.003618240356445
3,462,4,210,9.787090301513672
3,462,5,1145,9.779399871826172
3,462,6,439,9.758790969848633
3,462,7,1653,9.73975944519043
3,462,8,1836,9.702178955078125
3,462,9,628,9.66644287109375
3,462,10,1304,9.666037559509277
3,463,1,1831,9.368986129760742
3,463,2,1836,9.298338890075684
3,463,3,1246,9.245233535766602
3,463,4,439,9.231010437011719
3,463,5,1161,9.168006896972656
3,463,6,2078,9.115020751953125
3,463,7,210,9.018509864807129
3,463,8,1653,8.998758316040039
3,463,9,628,8.974931716918945
3,463,10,1030,8.892269134521484
3,465,1,1206,9.806863784790039
3,465,2,2157,9.801027297973633
3,465,3,1836,9.056156158447266
3,465,4,1198,9.054994583129883
3,465,5,439,8.971861839294434
3,465,6,195,8.901847839355469
3,465,7,1246,8.811264038085938
3,465,8,2937,8.72603702545166
3,465,9,1577,8.62718391418457
3,465,10,542,8.590668678283691
3,467,1,1206,11.011798858642578
3,467,2,195,10.534514427185059
3,467,3,1198,10.300244331359863
3,467,4,668,10.057781219482422
3,467,5,2363,10.038385391235352
3,467,6,2355,10.004257202148438
3,467,7,948,9.990617752075195
3,467,8,2956,9.949750900268555
3,467,9,2106,9.800592422485352
3,467,10,122,9.800216674804688
3,468,1,1206,10.684534072875977
3,468,2,195,10.07056713104248
3,468,3,1198,10.017372131347656
3,468,4,575,9.956510543823242
3,468,5,2031,9.861364364624023
3,468,6,2363,9.401715278625488
3,468,7,2956,9.350312232971191
3,468,8,1369,9.34384536743164
3,468,9,2106,9.280268669128418
3,468,10,2205,9.239103317260742
3,469,1,595,9.23423957824707
3,469,2,579,9.227052688598633
3,469,3,2294,9.106534957885742
3,469,4,2067,8.876359939575195
3,469,5,98,8.530495643615723
3,469,6,2078,8.486845970153809
3,469,7,1354,8.480439186096191
3,469,8,554,8.442639350891113
3,469,9,1674,8.37704849243164
3,469,10,297,8.366809844970703
3,470,1,2862,9.862597465515137
3,470,2,1206,9.612142562866211
3,470,3,1476,9.595419883728027
3,470,4,195,8.997447967529297
3,470,5,1198,8.992884635925293
3,470,6,2363,8.679640769958496
3,470,7,1836,8.582282066345215
3,470,8,2387,8.579275131225586
3,470,9,2956,8.526557922363281
3,470,10,732,8.484061241149902
3,471,1,1248,11.61870288848877
3,471,2,1447,10.797439575195312
3,471,3,2256,9.998332977294922
3,471,4,2141,9.870519638061523
3,471,5,359,9.362113952636719
3,471,6,1809,9.338964462280273
3,471,7,1742,9.246986389160156
3,471,8,520,9.14123249053955
3,471,9,2100,8.955726623535156
3,471,10,398,8.938302993774414
3,472,1,1248,11.930902481079102
3,472,2,2141,10.715592384338379
3,472,3,359,10.026590347290039
3,472,4,1809,9.936381340026855
3,472,5,520,9.8797607421875
3,472,6,2048,9.69918441772461
3,472,7,2100,9.651247024536133
3,472,8,398,9.630191802978516
3,472,9,2972,9.511835098266602
3,472,10,1742,9.443163871765137
3,474,1,1829,10.450610160827637
3,474,2,2141,9.978055953979492
3,474,3,520,9.47696304321289
3,474,4,398,9.448107719421387
3,474,5,2100,9.433370590209961
3,474,6,2972,9.330099105834961
3,474,7,1809,9.270268440246582
3,474,8,359,9.177530288696289
3,474,9,1547,8.965911865234375
3,474,10,1531,8.467260360717773
3,475,1,1698,11.558377265930176
3,475,2,1063,11.24179744720459
3,475,3,2141,10.90131664276123
3,475,4,359,10.861944198608398
3,475,5,1809,10.795637130737305
3,475,6,1447,10.70578384399414
3,475,7,971,10.243486404418945
3,475,8,520,10.200182914733887
3,475,9,398,10.166945457458496
3,475,10,2100,10.160903930664062
3,476,1,1447,11.473377227783203
3,476,2,2432,10.924168586730957
3,476,3,359,10.869757652282715
3,476,4,1809,10.754268646240234
3,476,5,520,10.55700397491455
3,476,6,1531,10.37092113494873
3,476,7,398,10.261963844299316
3,476,8,2100,10.238980293273926
3,476,9,2972,10.160405158996582
3,476,10,971,10.023263931274414
3,477,1,1698,11.692670822143555
3,477,2,2141,11.52645206451416
3,477,3,359,11.402070999145508
3,477,4,2019,11.373359680175781
3,477,5,1809,11.265339851379395
3,477,6,398,10.810724258422852
3,477,7,2100,10.808023452758789
3,477,8,2972,10.711766242980957
3,477,9,1447,10.66340160369873
3,477,10,520,10.615798950195312
3,478,1,1698,6.9482421875
3,478,2,2141,6.863883018493652
3,478,3,476,6.657078266143799
3,478,4,1588,6.51322603225708
3,478,5,2412,6.474632263183594
3,478,6,1280,6.409538269042969
3,478,7,186,6.292226791381836
3,478,8,1881,6.2831807136535645
3,478,9,184,6.249783515930176
3,478,10,1717,6.187256813049316
3,479,1,1613,8.446464538574219
3,479,2,398,8.265490531921387
3,479,3,2100,8.194665908813477
3,479,4,2141,8.17158031463623
3,479,5,306,8.11275863647461
3,479,6,1588,8.094344139099121
3,479,7,2972,8.088417053222656
3,479,8,2367,7.998164176940918
3,479,9,1163,7.921847820281982
3,479,10,674,7.866955757141113
3,480,1,1063,11.493302345275879
3,480,2,2141,10.59938907623291
3,480,3,359,10.46946907043457
3,480,4,1809,10.393876075744629
3,480,5,520,9.901029586791992
3,480,6,2048,9.826945304870605
3,480,7,2100,9.782382011413574
3,480,8,398,9.777180671691895
3,480,9,971,9.717543601989746
3,480,10,2972,9.676216125488281
3,481,1,1547,8.733073234558105
3,481,2,476,8.347051620483398
3,481,3,520,8.140113830566406
3,481,4,1809,8.018425941467285
3,481,5,2412,7.80233097076416
3,481,6,1063,7.777947425842285
3,481,7,81,7.770390510559082
3,481,8,1981,7.566114902496338
3,481,9,184,7.538233757019043
3,481,10,1829,7.528554916381836
3,483,1,306,10.745100975036621
3,483,2,81,10.744573593139648
3,483,3,1063,10.2516508102417
3,483,4,1829,10.122751235961914
3,483,5,971,10.121194839477539
3,483,6,1698,9.702115058898926
3,483,7,1981,9.619024276733398
3,483,8,1248,9.582316398620605
3,483,9,2256,9.494283676147461
3,483,10,1163,9.283506393432617
3,484,1,306,10.745100975036621
3,484,2,81,10.744573593139648
3,484,3,1063,10.2516508102417
3,484,4,1829,10.122751235961914
3,484,5,971,10.121194839477539
3,484,6,1698,9.702115058898926
3,484,7,1981,9.619024276733398
3,484,8,1248,9.582316398620605
3,484,9,2256,9.494283676147461
3,484,10,1163,9.283506393432617
3,485,1,2141,9.939234733581543
3,485,2,1547,9.85429573059082
3,485,3,520,9.280126571655273
3,485,4,1412,9.104253768920898
3,485,5,1063,8.741355895996094
3,485,6,1829,8.572521209716797
3,485,7,717,8.399540901184082
3,485,8,1248,8.375439643859863
3,485,9,1698,8.350765228271484
3,485,10,1981,7.909310817718506
3,486,1,865,8.144041061401367
3,486,2,298,8.144041061401367
3,486,3,1966,8.091057777404785
3,486,4,3018,7.89167594909668
3,486,5,1435,7.808082103729248
3,486,6,2219,7.742849349975586
3,486,7,1613,7.6860737800598145
3,486,8,1712,7.632806301116943
3,486,9,2940,7.362786769866943
3,486,10,1001,7.357573986053467
3,487,1,81,6.508289337158203
3,487,2,2367,6.450255393981934
3,487,3,1717,6.430639266967773
3,487,4,652,6.35935640335083
3,487,5,2751,6.3110198974609375
3,487,6,1518,6.217307090759277
3,487,7,1435,6.188502311706543
3,487,8,1966,6.164941787719727
3,487,9,184,6.1620588302612305
3,487,10,2219,6.155665397644043
3,491,1,1836,9.624710083007812
3,491,2,1490,9.331021308898926
3,491,3,1831,9.27186107635498
3,491,4,2574,9.268016815185547
3,491,5,747,9.180534362792969
3,491,6,1208,9.137627601623535
3,491,7,432,9.010675430297852
3,491,8,1723,8.760297775268555
3,491,9,1153,8.753643035888672
3,491,10,430,8.717267990112305
3,492,1,2574,9.110635757446289
3,492,2,1490,9.10743236541748
3,492,3,1208,9.060144424438477
3,492,4,495,9.054478645324707
3,492,5,747,9.030536651611328
3,492,6,1153,8.901753425598145
3,492,7,1723,8.837852478027344
3,492,8,554,8.805323600769043
3,492,9,432,8.802038192749023
3,492,10,1354,8.799144744873047
3,493,1,1490,9.53718376159668
3,493,2,2574,9.512582778930664
3,493,3,1208,9.3936185836792
3,493,4,432,9.314775466918945
3,493,5,747,9.296464920043945
3,493,6,185,9.118733406066895
3,493,7,439,9.111827850341797
3,493,8,495,9.02273941040039
3,493,9,430,8.96542739868164
3,493,10,1395,8.917749404907227
3,494,1,1246,9.393165588378906
3,494,2,185,8.986001968383789
3,494,3,1665,8.969934463500977
3,494,4,1161,8.96561336517334
3,494,5,1674,8.944146156311035
3,494,6,554,8.940791130065918
3,494,7,1723,8.9403657913208
3,494,8,542,8.937055587768555
3,494,9,1354,8.92495346069336
3,494,10,495,8.919620513916016
3,495,1,2287,9.020488739013672
3,495,2,2319,8.928324699401855
3,495,3,1620,8.685450553894043
3,495,4,2387,8.566764831542969
3,495,5,732,8.514406204223633
3,495,6,1365,8.442161560058594
3,495,7,613,8.416418075561523
3,495,8,1744,8.38533878326416
3,495,9,1600,8.359325408935547
3,495,10,615,8.343122482299805
4,1,1,1737,5.041478633880615
4,1,2,2143,4.736166000366211
4,1,3,415,4.6826300621032715
4,1,4,2087,4.648550033569336
4,1,5,2095,4.6152119636535645
4,1,6,1686,4.586104869842529
4,1,7,1287,4.541342735290527
4,1,8,599,4.4962873458862305
4,1,9,1642,4.485774517059326
4,1,10,1461,4.468688011169434
4,2,1,2219,8.142518043518066
4,2,2,1966,8.142518043518066
4,2,3,2536,8.003301620483398
4,2,4,865,8.001773834228516
4,2,5,3018,7.793459892272949
4,2,6,2202,7.594405651092529
4,2,7,464,7.530613899230957
4,2,8,1502,7.502363681793213
4,2,9,1712,7.4736328125
4,2,10,481,7.469687461853027
4,3,1,990,10.898422241210938
4,3,2,1335,10.35435676574707
4,3,3,2660,10.330988883972168
4,3,4,2985,10.220731735229492
4,3,5,2442,10.168052673339844
4,3,6,2695,10.098295211791992
4,3,7,2053,9.930851936340332
4,3,8,2114,9.921947479248047
4,3,9,2933,9.766526222229004
4,3,10,1327,9.720539093017578
4,4,1,2302,7.519904136657715
4,4,2,2985,7.203835964202881
4,4,3,2114,7.038346290588379
4,4,4,2695,7.024378776550293
4,4,5,2892,6.91864013671875
4,4,6,2660,6.916098594665527
4,4,7,1335,6.906233787536621
4,4,8,2074,6.864116668701172
4,4,9,1858,6.859848976135254
4,4,10,3032,6.675238132476807
4,7,1,1327,6.936552047729492
4,7,2,890,6.73698616027832
4,7,3,2745,6.618879318237305
4,7,4,1858,6.5237274169921875
4,7,5,2243,6.176281929016113
4,7,6,2286,6.1398515701293945
4,7,7,1446,6.119833469390869
4,7,8,2302,6.111814498901367
4,7,9,1838,6.071615219116211
4,7,10,2369,6.050173759460449
4,8,1,748,9.010106086730957
4,8,2,453,8.37362289428711
4,8,3,1838,8.363025665283203
4,8,4,3041,8.24397087097168
4,8,5,1339,8.170509338378906
4,8,6,2192,8.081632614135742
4,8,7,2286,8.008798599243164
4,8,8,1047,8.007503509521484
4,8,9,2502,8.006689071655273
4,8,10,2745,7.95870304107666
4,9,1,481,12.335820198059082
4,9,2,644,11.66218376159668
4,9,3,2121,10.66259479522705
4,9,4,1642,10.291057586669922
4,9,5,1737,10.263633728027344
4,9,6,599,10.139850616455078
4,9,7,2128,10.08427619934082
4,9,8,1381,9.988170623779297
4,9,9,2143,9.952807426452637
4,9,10,544,9.828994750976562
4,10,1,2677,9.338834762573242
4,10,2,2787,9.27477741241455
4,10,3,1546,9.129647254943848
4,10,4,2302,9.084855079650879
4,10,5,2789,8.86711311340332
4,10,6,1362,8.77403736114502
4,10,7,2195,8.582357406616211
4,10,8,1513,8.580782890319824
4,10,9,2098,8.525774002075195
4,10,10,655,8.508517265319824
4,11,1,1569,7.637612342834473
4,11,2,2521,7.598450660705566
4,11,3,689,7.546170711517334
4,11,4,25,7.506145000457764
4,11,5,2920,7.477906703948975
4,11,6,2238,7.469992637634277
4,11,7,2556,7.412536144256592
4,11,8,692,7.367547035217285
4,11,9,215,7.362458229064941
4,11,10,674,7.210417747497559
4,12,1,1327,9.983025550842285
4,12,2,2087,9.764395713806152
4,12,3,1287,9.40192699432373
4,12,4,2098,9.325018882751465
4,12,5,2195,9.281257629394531
4,12,6,748,9.274276733398438
4,12,7,1429,9.252950668334961
4,12,8,1300,9.238975524902344
4,12,9,1882,9.193354606628418
4,12,10,2192,9.165054321289062
4,13,1,2303,8.715500831604004
4,13,2,2016,8.640619277954102
4,13,3,2167,8.343902587890625
4,13,4,186,8.342934608459473
4,13,5,2219,8.255558013916016
4,13,6,1966,8.255558013916016
4,13,7,38,8.251343727111816
4,13,8,1644,8.18360424041748
4,13,9,177,8.167055130004883
4,13,10,557,7.930491924285889
4,14,1,1569,7.746247291564941
4,14,2,689,7.675824165344238
4,14,3,2920,7.64863920211792
4,14,4,2192,7.578487873077393
4,14,5,206,7.461115837097168
4,14,6,1838,7.367580413818359
4,14,7,2560,7.317872047424316
4,14,8,1047,7.1930999755859375
4,14,9,2087,7.164735794067383
4,14,10,2073,7.100213050842285
4,15,1,208,8.61426830291748
4,15,2,1273,8.217849731445312
4,15,3,1838,8.199976921081543
4,15,4,2727,8.061952590942383
4,15,5,2097,8.027861595153809
4,15,6,2560,8.002927780151367
4,15,7,1047,7.985500335693359
4,15,8,2087,7.9841179847717285
4,15,9,1327,7.901615619659424
4,15,10,731,7.897129058837891
4,16,1,1569,6.63402795791626
4,16,2,1047,6.6300506591796875
4,16,3,689,6.5468878746032715
4,16,4,890,6.479355335235596
4,16,5,2920,6.463500022888184
4,16,6,407,6.383190631866455
4,16,7,2560,6.357334136962891
4,16,8,1104,6.284971714019775
4,16,9,2073,6.283062934875488
4,16,10,2556,6.265472888946533
4,17,1,890,9.552186965942383
4,17,2,2745,9.451802253723145
4,17,3,453,9.438011169433594
4,17,4,1104,9.077921867370605
4,17,5,1047,8.847404479980469
4,17,6,2502,8.846474647521973
4,17,7,2137,8.782411575317383
4,17,8,2286,8.671415328979492
4,17,9,2560,8.570318222045898
4,17,10,123,8.495046615600586
4,18,1,2219,10.624961853027344
4,18,2,1966,10.624961853027344
4,18,3,464,10.432828903198242
4,18,4,481,10.401992797851562
4,18,5,865,9.897043228149414
4,18,6,644,9.766632080078125
4,18,7,3018,9.739466667175293
4,18,8,1435,9.650975227355957
4,18,9,1586,9.511661529541016
4,18,10,1059,9.42336368560791
4,20,1,1628,10.966813087463379
4,20,2,2341,10.621816635131836
4,20,3,2618,10.486502647399902
4,20,4,2521,10.091861724853516
4,20,5,890,9.814905166625977
4,20,6,95,9.783141136169434
4,20,7,674,9.65728759765625
4,20,8,2303,9.594162940979004
4,20,9,1681,9.537880897521973
4,20,10,2167,9.520849227905273
4,21,1,1681,10.832805633544922
4,21,2,2118,10.573494911193848
4,21,3,1413,10.207008361816406
4,21,4,1569,10.079235076904297
4,21,5,689,9.996280670166016
4,21,6,2521,9.992044448852539
4,21,7,2920,9.923189163208008
4,21,8,2306,9.921581268310547
4,21,9,2607,9.913725852966309
4,21,10,1708,9.828235626220703
4,22,1,1858,8.487699508666992
4,22,2,1327,8.267959594726562
4,22,3,1838,8.211128234863281
4,22,4,1339,8.078737258911133
4,22,5,453,8.043407440185547
4,22,6,1335,7.958865642547607
4,22,7,748,7.915146827697754
4,22,8,2195,7.827789306640625
4,22,9,2922,7.758912086486816
4,22,10,2985,7.693792819976807
4,23,1,1628,8.118011474609375
4,23,2,890,7.866216659545898
4,23,3,2303,7.244278907775879
4,23,4,2618,7.119417190551758
4,23,5,95,6.946255683898926
4,23,6,1546,6.928391456604004
4,23,7,407,6.808701038360596
4,23,8,2745,6.789250373840332
4,23,9,271,6.7292985916137695
4,23,10,746,6.699532508850098
4,24,1,1280,8.020048141479492
4,24,2,2167,7.736080169677734
4,24,3,1966,7.6890034675598145
4,24,4,2219,7.6890034675598145
4,24,5,2303,7.626323223114014
4,24,6,438,7.20688533782959
4,24,7,769,7.0994768142700195
4,24,8,38,7.083395004272461
4,24,9,2143,7.026960849761963
4,24,10,1435,7.026525497436523
4,25,1,1628,11.48790454864502
4,25,2,208,11.154197692871094
4,25,3,2521,11.0340576171875
4,25,4,2341,10.999543190002441
4,25,5,1681,10.900087356567383
4,25,6,1761,10.742968559265137
4,25,7,2303,10.653818130493164
4,25,8,1812,10.631237030029297
4,25,9,1273,10.502793312072754
4,25,10,95,10.466439247131348
4,26,1,1966,9.65542221069336
4,26,2,2219,9.65542221069336
4,26,3,2604,9.13330078125
4,26,4,1712,9.042749404907227
4,26,5,464,9.024913787841797
4,26,6,3018,8.990955352783203
4,26,7,186,8.899622917175293
4,26,8,1280,8.72203540802002
4,26,9,1352,8.717361450195312
4,26,10,1644,8.63879680633545
4,27,1,14,6.839439392089844
4,27,2,1665,6.717412948608398
4,27,3,2642,6.652100563049316
4,27,4,2258,6.641582489013672
4,27,5,2832,6.6356329917907715
4,27,6,2738,6.607625961303711
4,27,7,2127,6.5003485679626465
4,27,8,991,6.48752498626709
4,27,9,2285,6.475615501403809
4,27,10,208,6.432912349700928
4,28,1,474,6.5442705154418945
4,28,2,890,6.485443115234375
4,28,3,402,6.3737993240356445
4,28,4,2294,6.308658599853516
4,28,5,2311,6.308658123016357
4,28,6,1038,6.275213241577148
4,28,7,14,6.212894439697266
4,28,8,55,6.152849197387695
4,28,9,2067,6.131516933441162
4,28,10,2892,6.1218743324279785
4,29,1,2143,8.017097473144531
4,29,2,2167,7.668606758117676
4,29,3,2095,7.655632019042969
4,29,4,2159,7.611191749572754
4,29,5,1642,7.408447742462158
4,29,6,2303,7.367422103881836
4,29,7,2219,7.259862899780273
4,29,8,1966,7.259862899780273
4,29,9,769,7.254922866821289
4,29,10,438,7.122040748596191
4,30,1,1737,8.469181060791016
4,30,2,2098,8.116125106811523
4,30,3,1858,7.761983394622803
4,30,4,1461,7.635225296020508
4,30,5,2243,7.528586387634277
4,30,6,1710,7.5226850509643555
4,30,7,2162,7.39569091796875
4,30,8,1362,7.327444076538086
4,30,9,551,7.3054094314575195
4,30,10,484,7.258859634399414
4,31,1,890,9.329085350036621
4,31,2,1628,8.733963966369629
4,31,3,2341,8.49555492401123
4,31,4,1546,8.238816261291504
4,31,5,310,8.2181396484375
4,31,6,2745,8.18876838684082
4,31,7,1365,7.952824592590332
4,31,8,746,7.895603179931641
4,31,9,645,7.781485080718994
4,31,10,2195,7.712227821350098
4,32,1,1737,6.610284805297852
4,32,2,2098,6.267314910888672
4,32,3,557,6.207314968109131
4,32,4,2706,6.13322639465332
4,32,5,2143,6.130805015563965
4,32,6,2095,5.978104591369629
4,32,7,1461,5.9698286056518555
4,32,8,2740,5.8982014656066895
4,32,9,2111,5.897810935974121
4,32,10,481,5.874295234680176
4,33,1,890,8.424088478088379
4,33,2,2195,8.06144905090332
4,33,3,2098,7.855762481689453
4,33,4,1279,7.845130920410156
4,33,5,2161,7.702784061431885
4,33,6,1495,7.576476573944092
4,33,7,1710,7.550728797912598
4,33,8,484,7.504767417907715
4,33,9,1082,7.4339447021484375
4,33,10,1028,7.431656837463379
4,34,1,990,7.171521186828613
4,34,2,1546,7.034624099731445
4,34,3,310,6.986939430236816
4,34,4,1550,6.985723495483398
4,34,5,1737,6.8953328132629395
4,34,6,2892,6.84459114074707
4,34,7,1502,6.8255615234375
4,34,8,14,6.745126724243164
4,34,9,557,6.6495161056518555
4,34,10,953,6.640732288360596
4,35,1,1920,8.476629257202148
4,35,2,1737,8.350600242614746
4,35,3,990,8.230942726135254
4,35,4,1059,8.203539848327637
4,35,5,464,8.13180160522461
4,35,6,1250,8.024759292602539
4,35,7,1449,7.995075225830078
4,35,8,1461,7.943587779998779
4,35,9,2969,7.691600799560547
4,35,10,540,7.688266754150391
4,36,1,890,6.553246974945068
4,36,2,271,6.334420680999756
4,36,3,1365,6.148041725158691
4,36,4,1438,6.110818862915039
4,36,5,1546,5.907956600189209
4,36,6,407,5.841574192047119
4,36,7,306,5.824827194213867
4,36,8,645,5.802544593811035
4,36,9,674,5.750227928161621
4,36,10,1628,5.687038898468018
4,37,1,2143,8.715587615966797
4,37,2,1737,8.707881927490234
4,37,3,464,8.639359474182129
4,37,4,2045,8.616013526916504
4,37,5,1966,8.427458763122559
4,37,6,2219,8.427458763122559
4,37,7,2303,8.422340393066406
4,37,8,769,8.364912033081055
4,37,9,2095,8.244653701782227
4,37,10,2159,8.159416198730469
4,38,1,2074,13.441266059875488
4,38,2,990,12.9761381149292
4,38,3,2053,12.690322875976562
4,38,4,1621,12.527793884277344
4,38,5,2933,12.500926971435547
4,38,6,2695,12.185907363891602
4,38,7,2660,12.137134552001953
4,38,8,1858,12.136983871459961
4,38,9,2302,12.088287353515625
4,38,10,2114,11.994139671325684
4,39,1,990,10.290203094482422
4,39,2,2053,10.19981861114502
4,39,3,3048,10.151580810546875
4,39,4,1180,10.12088394165039
4,39,5,2212,10.064895629882812
4,39,6,701,10.034990310668945
4,39,7,2933,9.916732788085938
4,39,8,2014,9.806921005249023
4,39,9,1380,9.743549346923828
4,39,10,2195,9.709390640258789
4,40,1,1380,10.971586227416992
4,40,2,3048,10.630363464355469
4,40,3,2053,10.600723266601562
4,40,4,1858,10.595253944396973
4,40,5,1383,10.411115646362305
4,40,6,2212,10.244260787963867
4,40,7,701,10.153448104858398
4,40,8,2302,10.13536262512207
4,40,9,1028,10.094057083129883
4,40,10,1180,9.929572105407715
4,41,1,2195,10.510107040405273
4,41,2,1380,10.452736854553223
4,41,3,1251,10.151289939880371
4,41,4,3048,9.700935363769531
4,41,5,1383,9.599191665649414
4,41,6,1028,9.52733039855957
4,41,7,1858,9.394999504089355
4,41,8,2212,9.128083229064941
4,41,9,701,9.114938735961914
4,41,10,1045,8.961324691772461
4,42,1,471,11.681384086608887
4,42,2,248,11.213554382324219
4,42,3,667,9.89506721496582
4,42,4,730,8.67782974243164
4,42,5,481,8.548761367797852
4,42,6,1769,8.184935569763184
4,42,7,2661,8.092504501342773
4,42,8,1678,7.881482124328613
4,42,9,617,7.867318153381348
4,42,10,644,7.8349785804748535
4,43,1,2193,12.233193397521973
4,43,2,2273,11.923880577087402
4,43,3,113,10.857662200927734
4,43,4,481,10.39526653289795
4,43,5,1223,9.957841873168945
4,43,6,1678,9.946869850158691
4,43,7,1606,9.846125602722168
4,43,8,730,9.824478149414062
4,43,9,1769,9.663712501525879
4,43,10,1920,9.653421401977539
4,45,1,1738,14.441254615783691
4,45,2,2193,12.819257736206055
4,45,3,1165,11.89799690246582
4,45,4,481,11.130302429199219
4,45,5,730,10.819610595703125
4,45,6,2678,10.507211685180664
4,45,7,1769,10.338827133178711
4,45,8,1678,10.28562068939209
4,45,9,644,10.243824005126953
4,45,10,1920,10.237549781799316
4,46,1,1738,12.697940826416016
4,46,2,2273,11.564788818359375
4,46,3,113,9.887687683105469
4,46,4,481,9.710590362548828
4,46,5,730,9.534297943115234
4,46,6,1769,9.391509056091309
4,46,7,2678,9.333789825439453
4,46,8,1920,9.328832626342773
4,46,9,1016,9.141321182250977
4,46,10,1678,9.064371109008789
4,47,1,1417,10.389836311340332
4,47,2,2273,9.25883674621582
4,47,3,1165,8.899362564086914
4,47,4,481,8.189897537231445
4,47,5,730,7.856338977813721
4,47,6,1769,7.776149749755859
4,47,7,1678,7.500146865844727
4,47,8,1016,7.470229148864746
4,47,9,617,7.442137241363525
4,47,10,1606,7.389832973480225
4,48,1,248,15.616222381591797
4,48,2,471,15.444086074829102
4,48,3,1848,14.827675819396973
4,48,4,481,12.117293357849121
4,48,5,730,12.002142906188965
4,48,6,1769,11.59429931640625
4,48,7,2678,11.031198501586914
4,48,8,644,10.999456405639648
4,48,9,617,10.895913124084473
4,48,10,1678,10.639630317687988
4,49,1,1848,12.684844970703125
4,49,2,1165,11.038575172424316
4,49,3,113,10.907934188842773
4,49,4,481,10.454615592956543
4,49,5,2661,9.852761268615723
4,49,6,1769,9.820003509521484
4,49,7,1678,9.767945289611816
4,49,8,730,9.742774963378906
4,49,9,2678,9.719889640808105
4,49,10,1606,9.647642135620117
4,50,1,248,11.74968433380127
4,50,2,2273,10.06662654876709
4,50,3,1165,9.53240966796875
4,50,4,481,8.98887825012207
4,50,5,730,8.610641479492188
4,50,6,1769,8.406529426574707
4,50,7,617,8.186155319213867
4,50,8,644,8.171770095825195
4,50,9,2661,8.044496536254883
4,50,10,1678,7.9441351890563965
4,51,1,1738,14.8714599609375
4,51,2,390,14.799325942993164
4,51,3,2193,13.415938377380371
4,51,4,481,11.488592147827148
4,51,5,2678,11.239215850830078
4,51,6,730,11.139969825744629
4,51,7,1769,11.001699447631836
4,51,8,1920,10.94807243347168
4,51,9,1016,10.749176025390625
4,51,10,1927,10.695219039916992
4,52,1,2243,7.8552045822143555
4,52,2,1028,7.8441481590271
4,52,3,2253,7.828740119934082
4,52,4,1380,7.681525230407715
4,52,5,2283,7.660881042480469
4,52,6,295,7.592899322509766
4,52,7,2658,7.420896530151367
4,52,8,2353,7.374275207519531
4,52,9,696,7.3199143409729
4,52,10,1383,7.319759368896484
4,53,1,1495,9.451606750488281
4,53,2,1082,8.999817848205566
4,53,3,1028,8.307345390319824
4,53,4,2243,8.053509712219238
4,53,5,295,7.947697639465332
4,53,6,1380,7.825832366943359
4,53,7,2658,7.791346549987793
4,53,8,696,7.71157693862915
4,53,9,2283,7.6428446769714355
4,53,10,2253,7.636455059051514
4,54,1,948,9.282093048095703
4,54,2,2243,8.991291046142578
4,54,3,1028,8.823261260986328
4,54,4,295,8.695710182189941
4,54,5,2253,8.600282669067383
4,54,6,2658,8.493583679199219
4,54,7,1380,8.475051879882812
4,54,8,2161,8.465763092041016
4,54,9,2098,8.444854736328125
4,54,10,696,8.374082565307617
4,55,1,2206,9.12735366821289
4,55,2,1380,8.256339073181152
4,55,3,2243,8.110796928405762
4,55,4,2253,8.086687088012695
4,55,5,1028,8.076711654663086
4,55,6,2283,7.856661796569824
4,55,7,2355,7.856480121612549
4,55,8,295,7.85352087020874
4,55,9,1383,7.804793357849121
4,55,10,2098,7.7249956130981445
4,56,1,2303,9.844827651977539
4,56,2,2167,9.171442985534668
4,56,3,2098,9.14745807647705
4,56,4,95,9.081944465637207
4,56,5,2358,9.011238098144531
4,56,6,310,8.943400382995605
4,56,7,2162,8.919478416442871
4,56,8,2406,8.837082862854004
4,56,9,2195,8.785758972167969
4,56,10,732,8.624801635742188
4,58,1,2303,10.305745124816895
4,58,2,95,10.032596588134766
4,58,3,2167,9.744933128356934
4,58,4,1546,9.25881576538086
4,58,5,310,8.96375560760498
4,58,6,2406,8.739320755004883
4,58,7,2162,8.724079132080078
4,58,8,2098,8.674388885498047
4,58,9,2358,8.46782112121582
4,58,10,2745,8.39122200012207
4,60,1,1737,12.79609489440918
4,60,2,1059,12.474579811096191
4,60,3,1461,12.30661678314209
4,60,4,990,12.041007041931152
4,60,5,551,11.96567153930664
4,60,6,2914,11.930570602416992
4,60,7,1089,11.576929092407227
4,60,8,481,11.52822494506836
4,60,9,599,11.282844543457031
4,60,10,644,11.235969543457031
4,61,1,1089,13.828581809997559
4,61,2,1413,13.425914764404297
4,61,3,2118,13.316644668579102
4,61,4,2576,12.965808868408203
4,61,5,2293,12.622810363769531
4,61,6,1615,12.506397247314453
4,61,7,1232,12.494913101196289
4,61,8,2409,12.410184860229492
4,61,9,447,12.394914627075195
4,61,10,689,12.384297370910645
4,62,1,1737,14.16547679901123
4,62,2,481,13.779539108276367
4,62,3,551,13.681232452392578
4,62,4,1300,13.643031120300293
4,62,5,1059,13.50741195678711
4,62,6,1461,13.502845764160156
4,62,7,2723,13.425947189331055
4,62,8,644,13.422414779663086
4,62,9,1413,13.311372756958008
4,62,10,2118,13.16696548461914
4,63,1,1737,14.870471954345703
4,63,2,1388,14.317140579223633
4,63,3,464,13.901359558105469
4,63,4,346,13.729470252990723
4,63,5,1642,13.710552215576172
4,63,6,1543,13.629903793334961
4,63,7,1059,13.523107528686523
4,63,8,1461,13.240224838256836
4,63,9,1247,13.23935604095459
4,63,10,481,13.206023216247559
4,64,1,2772,11.009521484375
4,64,2,852,10.885992050170898
4,64,3,2590,10.846563339233398
4,64,4,2212,10.757317543029785
4,64,5,1159,10.626285552978516
4,64,6,44,10.591464042663574
4,64,7,2603,10.563288688659668
4,64,8,1380,10.511375427246094
4,64,9,49,10.398460388183594
4,64,10,701,10.383047103881836
4,65,1,1858,7.937561988830566
4,65,2,1380,7.697882652282715
4,65,3,480,7.422126770019531
4,65,4,2405,7.393796920776367
4,65,5,2014,7.369973182678223
4,65,6,1045,7.351535797119141
4,65,7,1383,7.345785140991211
4,65,8,2195,7.217863082885742
4,65,9,2098,7.193169593811035
4,65,10,2352,7.177092552185059
4,66,1,1685,10.912631034851074
4,66,2,1380,10.88776969909668
4,66,3,2628,10.84306526184082
4,66,4,122,10.803284645080566
4,66,5,2772,10.63412094116211
4,66,6,1159,10.613691329956055
4,66,7,1582,10.560726165771484
4,66,8,2111,10.522139549255371
4,66,9,2212,10.514815330505371
4,66,10,2197,10.477049827575684
4,67,1,1685,11.660839080810547
4,67,2,122,11.329702377319336
4,67,3,2352,11.246657371520996
4,67,4,1582,11.199495315551758
4,67,5,2772,11.17576789855957
4,67,6,2590,10.978507995605469
4,67,7,2405,10.877525329589844
4,67,8,852,10.829368591308594
4,67,9,666,10.804529190063477
4,67,10,2578,10.796087265014648
4,68,1,2590,12.486444473266602
4,68,2,1685,12.348736763000488
4,68,3,122,12.112120628356934
4,68,4,1582,11.709033966064453
4,68,5,852,11.687507629394531
4,68,6,666,11.476593017578125
4,68,7,44,11.440681457519531
4,68,8,2772,11.427755355834961
4,68,9,2743,11.396982192993164
4,68,10,2197,11.39212417602539
4,69,1,122,9.595746994018555
4,69,2,1582,9.461971282958984
4,69,3,1685,9.348823547363281
4,69,4,1437,9.288542747497559
4,69,5,666,9.283639907836914
4,69,6,597,9.24452018737793
4,69,7,2355,9.177213668823242
4,69,8,176,9.044879913330078
4,69,9,553,9.032629013061523
4,69,10,1466,9.02847671508789
4,70,1,480,7.898406982421875
4,70,2,2352,7.756569862365723
4,70,3,2111,7.73877477645874
4,70,4,2581,7.5429582595825195
4,70,5,2161,7.533031463623047
4,70,6,2098,7.5180745124816895
4,70,7,2642,7.5121307373046875
4,70,8,1362,7.446171760559082
4,70,9,1665,7.444615364074707
4,70,10,1620,7.443388938903809
4,71,1,1858,8.38156509399414
4,71,2,2014,8.191144943237305
4,71,3,2195,8.170621871948242
4,71,4,1380,7.919755935668945
4,71,5,2074,7.892251968383789
4,71,6,1383,7.777067184448242
4,71,7,3048,7.595419883728027
4,71,8,1665,7.570090293884277
4,71,9,1513,7.565935134887695
4,71,10,1638,7.404102325439453
4,72,1,1059,13.398263931274414
4,72,2,551,12.783034324645996
4,72,3,990,12.706485748291016
4,72,4,2121,12.039443969726562
4,72,5,1567,11.94427490234375
4,72,6,481,11.851461410522461
4,72,7,644,11.629668235778809
4,72,8,99,11.566251754760742
4,72,9,2952,11.34814453125
4,72,10,2914,11.319356918334961
4,73,1,2952,12.331035614013672
4,73,2,1737,12.197896957397461
4,73,3,1059,12.18416690826416
4,73,4,1461,12.051700592041016
4,73,5,551,11.948810577392578
4,73,6,1344,11.575550079345703
4,73,7,990,11.439133644104004
4,73,8,555,11.172340393066406
4,73,9,1528,11.053838729858398
4,73,10,1567,10.93282699584961
4,74,1,990,13.307083129882812
4,74,2,1059,13.013082504272461
4,74,3,1737,12.261313438415527
4,74,4,1567,11.891475677490234
4,74,5,551,11.716536521911621
4,74,6,1250,11.552894592285156
4,74,7,2678,11.48632526397705
4,74,8,2922,11.279596328735352
4,74,9,1920,11.22939682006836
4,74,10,1927,11.204343795776367
4,75,1,990,13.796531677246094
4,75,2,1059,13.625153541564941
4,75,3,464,12.390962600708008
4,75,4,1567,12.340799331665039
4,75,5,551,12.306751251220703
4,75,6,1502,11.798440933227539
4,75,7,1250,11.475897789001465
4,75,8,2922,11.346820831298828
4,75,9,481,11.313908576965332
4,75,10,2121,11.279533386230469
4,76,1,2162,10.107091903686523
4,76,2,1620,10.029579162597656
4,76,3,484,9.838045120239258
4,76,4,1279,9.755510330200195
4,76,5,1754,9.679505348205566
4,76,6,1495,9.46180534362793
4,76,7,890,9.415983200073242
4,76,8,1235,9.139506340026855
4,76,9,1546,9.100418090820312
4,76,10,2355,9.064717292785645
4,77,1,2098,11.387945175170898
4,77,2,1620,10.439216613769531
4,77,3,2387,10.288228988647461
4,77,4,1754,10.201767921447754
4,77,5,484,9.925132751464844
4,77,6,1235,9.869386672973633
4,77,7,890,9.810851097106934
4,77,8,193,9.746604919433594
4,77,9,2095,9.58810806274414
4,77,10,1429,9.545707702636719
4,78,1,1362,10.773266792297363
4,78,2,1427,10.376554489135742
4,78,3,1620,10.17721176147461
4,78,4,732,10.13076400756836
4,78,5,1279,10.103374481201172
4,78,6,2206,9.796537399291992
4,78,7,3015,9.769891738891602
4,78,8,484,9.730142593383789
4,78,9,1495,9.721755981445312
4,78,10,1754,9.69438648223877
4,80,1,518,11.538179397583008
4,80,2,624,11.243863105773926
4,80,3,3048,11.198959350585938
4,80,4,264,11.036219596862793
4,80,5,585,10.728109359741211
4,80,6,1380,10.378704071044922
4,80,7,621,10.338541030883789
4,80,8,105,10.232489585876465
4,80,9,2212,10.193413734436035
4,80,10,1293,10.137283325195312
4,81,1,2302,7.27385139465332
4,81,2,2074,6.765778541564941
4,81,3,655,6.595811367034912
4,81,4,14,6.546828746795654
4,81,5,2661,6.539395332336426
4,81,6,1513,6.511805534362793
4,81,7,2677,6.444955825805664
4,81,8,2787,6.434487819671631
4,81,9,2985,6.33375883102417
4,81,10,208,6.329448223114014
4,82,1,2302,8.507417678833008
4,82,2,2323,8.405475616455078
4,82,3,2074,8.302570343017578
4,82,4,3032,8.268733024597168
4,82,5,990,8.22785758972168
4,82,6,2053,8.21551513671875
4,82,7,2661,8.146578788757324
4,82,8,1979,8.09191608428955
4,82,9,1308,8.038772583007812
4,82,10,736,8.038089752197266
4,83,1,2323,8.853511810302734
4,83,2,1979,8.82734489440918
4,83,3,990,8.682746887207031
4,83,4,2053,8.649920463562012
4,83,5,2442,8.468631744384766
4,83,6,2302,8.41942024230957
4,83,7,2074,8.393302917480469
4,83,8,736,8.329830169677734
4,83,9,2135,8.3043212890625
4,83,10,1308,8.230921745300293
4,84,1,2933,8.912418365478516
4,84,2,1082,8.737466812133789
4,84,3,2195,8.716192245483398
4,84,4,2074,8.658818244934082
4,84,5,1513,8.648113250732422
4,84,6,2114,8.568806648254395
4,84,7,748,8.446624755859375
4,84,8,1279,8.334190368652344
4,84,9,2323,8.310945510864258
4,84,10,2053,8.297581672668457
4,85,1,2590,14.566472053527832
4,85,2,518,13.445589065551758
4,85,3,1716,13.009334564208984
4,85,4,264,12.992974281311035
4,85,5,44,12.914985656738281
4,85,6,2772,12.802119255065918
4,85,7,1293,12.358036041259766
4,85,8,105,12.314552307128906
4,85,9,787,12.294105529785156
4,85,10,1380,12.201815605163574
4,86,1,2590,11.40268325805664
4,86,2,2772,10.757726669311523
4,86,3,1380,10.724477767944336
4,86,4,1716,10.37657356262207
4,86,5,44,10.321245193481445
4,86,6,105,10.290079116821289
4,86,7,1279,10.16687297821045
4,86,8,518,10.08479118347168
4,86,9,264,10.071693420410156
4,86,10,2640,10.03573989868164
4,87,1,2590,11.088661193847656
4,87,2,518,10.750406265258789
4,87,3,264,10.537282943725586
4,87,4,1380,10.219301223754883
4,87,5,1293,9.964470863342285
4,87,6,2772,9.93647575378418
4,87,7,2700,9.865565299987793
4,87,8,1716,9.845930099487305
4,87,9,670,9.81422233581543
4,87,10,44,9.754805564880371
4,88,1,1380,13.84362506866455
4,88,2,2772,13.415098190307617
4,88,3,105,13.237190246582031
4,88,4,2212,13.166675567626953
4,88,5,2640,12.842937469482422
4,88,6,1159,12.579158782958984
4,88,7,3048,12.46739387512207
4,88,8,518,12.331804275512695
4,88,9,1383,12.309571266174316
4,88,10,49,12.184017181396484
4,89,1,1380,10.974444389343262
4,89,2,2772,10.81198501586914
4,89,3,105,10.471031188964844
4,89,4,2212,10.241473197937012
4,89,5,2640,10.161646842956543
4,89,6,3048,9.839879989624023
4,89,7,1159,9.823240280151367
4,89,8,518,9.802970886230469
4,89,9,264,9.747408866882324
4,89,10,1383,9.708108901977539
4,90,1,524,9.230876922607422
4,90,2,502,9.168659210205078
4,90,3,72,9.050830841064453
4,90,4,493,8.962664604187012
4,90,5,2423,8.80859375
4,90,6,2397,8.798118591308594
4,90,7,2785,8.74551773071289
4,90,8,1408,8.737682342529297
4,90,9,521,8.580501556396484
4,90,10,1897,8.550796508789062
4,91,1,1223,10.095705032348633
4,91,2,1311,9.75613021850586
4,91,3,474,9.696030616760254
4,91,4,524,9.62746524810791
4,91,5,1038,9.599793434143066
4,91,6,1502,9.11622428894043
4,91,7,1312,8.93648624420166
4,91,8,55,8.89128303527832
4,91,9,1621,8.880743980407715
4,91,10,2311,8.82904052734375
4,93,1,1311,13.32126235961914
4,93,2,524,12.539201736450195
4,93,3,55,12.350309371948242
4,93,4,2486,12.011039733886719
4,93,5,2645,12.0088472366333
4,93,6,2311,11.960906028747559
4,93,7,2294,11.960897445678711
4,93,8,749,11.917289733886719
4,93,9,3009,11.891067504882812
4,93,10,579,11.843313217163086
4,94,1,524,11.156758308410645
4,94,2,60,10.972021102905273
4,94,3,2486,10.926973342895508
4,94,4,2645,10.925178527832031
4,94,5,2311,10.862277030944824
4,94,6,2294,10.86227035522461
4,94,7,55,10.833003997802734
4,94,8,579,10.797422409057617
4,94,9,910,10.752614974975586
4,94,10,506,10.54643440246582
4,95,1,2311,11.5396728515625
4,95,2,2294,11.539670944213867
4,95,3,2486,11.310942649841309
4,95,4,2645,11.309637069702148
4,95,5,579,11.255999565124512
4,95,6,910,11.174222946166992
4,95,7,474,10.716176986694336
4,95,8,60,10.607442855834961
4,95,9,506,10.366043090820312
4,95,10,297,10.366043090820312
4,97,1,698,8.86935043334961
4,97,2,1821,8.630014419555664
4,97,3,2896,8.623079299926758
4,97,4,2832,8.569039344787598
4,97,5,1279,8.514463424682617
4,97,6,3062,8.45060920715332
4,97,7,1495,8.333852767944336
4,97,8,40,8.314117431640625
4,97,9,2356,8.298356056213379
4,97,10,748,8.296602249145508
4,98,1,698,8.895198822021484
4,98,2,2285,8.854429244995117
4,98,3,2832,8.80276870727539
4,98,4,2642,8.7214937210083
4,98,5,2356,8.67686939239502
4,98,6,2416,8.602388381958008
4,98,7,1665,8.474578857421875
4,98,8,542,8.385602951049805
4,98,9,1946,8.383257865905762
4,98,10,2074,8.380253791809082
4,99,1,2832,8.291509628295898
4,99,2,698,8.256475448608398
4,99,3,2285,8.064906120300293
4,99,4,498,7.822809219360352
4,99,5,748,7.791535377502441
4,99,6,1946,7.780501365661621
4,99,7,2642,7.738447189331055
4,99,8,2074,7.715634346008301
4,99,9,2356,7.708557605743408
4,99,10,316,7.707571029663086
4,100,1,1686,8.364500999450684
4,100,2,1708,8.333008766174316
4,100,3,1287,8.310233116149902
4,100,4,415,8.215600967407227
4,100,5,1142,7.975110054016113
4,100,6,629,7.858982086181641
4,100,7,1267,7.638435363769531
4,100,8,731,7.566005229949951
4,100,9,1044,7.510944366455078
4,100,10,193,7.505806922912598
4,101,1,2143,13.645469665527344
4,101,2,1287,13.495667457580566
4,101,3,415,13.375292778015137
4,101,4,1686,13.221883773803711
4,101,5,2713,12.551495552062988
4,101,6,1708,12.548378944396973
4,101,7,1142,12.442184448242188
4,101,8,1267,12.25442123413086
4,101,9,629,12.213750839233398
4,101,10,2521,12.184577941894531
4,102,1,2143,12.888248443603516
4,102,2,2482,12.470062255859375
4,102,3,2521,12.469399452209473
4,102,4,2713,12.06509017944336
4,102,5,1287,12.04562759399414
4,102,6,1642,11.962419509887695
4,102,7,415,11.908777236938477
4,102,8,769,11.854591369628906
4,102,9,1686,11.766660690307617
4,102,10,2192,11.625396728515625
4,103,1,2713,12.75424575805664
4,103,2,1612,12.74677848815918
4,103,3,2159,12.363463401794434
4,103,4,1287,12.323328971862793
4,103,5,2521,12.26784896850586
4,103,6,415,12.214044570922852
4,103,7,1686,12.099494934082031
4,103,8,438,11.902082443237305
4,103,9,1156,11.844825744628906
4,103,10,2192,11.832387924194336
4,104,1,2167,12.56328010559082
4,104,2,2482,12.501056671142578
4,104,3,1612,12.395835876464844
4,104,4,438,12.382661819458008
4,104,5,2087,12.150185585021973
4,104,6,2303,11.939291000366211
4,104,7,1642,11.902379035949707
4,104,8,2713,11.712514877319336
4,104,9,2521,11.616071701049805
4,104,10,2406,11.410235404968262
4,105,1,1612,11.879284858703613
4,105,2,2087,11.840333938598633
4,105,3,769,11.157384872436523
4,105,4,2713,11.134684562683105
4,105,5,415,11.033110618591309
4,105,6,2167,10.936136245727539
4,105,7,1686,10.8956937789917
4,105,8,1287,10.836389541625977
4,105,9,438,10.741037368774414
4,105,10,1267,10.718961715698242
4,106,1,1686,11.427505493164062
4,106,2,415,11.399565696716309
4,106,3,1708,11.317436218261719
4,106,4,1267,11.220270156860352
4,106,5,1287,11.141022682189941
4,106,6,2087,11.068516731262207
4,106,7,1642,10.958063125610352
4,106,8,2713,10.769835472106934
4,106,9,1142,10.657690048217773
4,106,10,1044,10.641115188598633
4,108,1,1681,12.099950790405273
4,108,2,208,10.826168060302734
4,108,3,689,10.738122940063477
4,108,4,2920,10.667686462402344
4,108,5,2087,10.591218948364258
4,108,6,1569,10.550203323364258
4,108,7,1273,10.529672622680664
4,108,8,2192,10.302436828613281
4,108,9,2621,10.24881362915039
4,108,10,215,10.170186042785645
4,109,1,1681,12.077657699584961
4,109,2,1708,11.834282875061035
4,109,3,1267,11.487363815307617
4,109,4,1686,11.420373916625977
4,109,5,2143,11.219608306884766
4,109,6,415,11.206356048583984
4,109,7,2621,11.175050735473633
4,109,8,2521,10.928544998168945
4,109,9,215,10.909514427185059
4,109,10,2156,10.904504776000977
4,110,1,2387,12.675989151000977
4,110,2,2121,12.549858093261719
4,110,3,1362,12.493772506713867
4,110,4,2161,12.438526153564453
4,110,5,544,12.257381439208984
4,110,6,2128,12.018922805786133
4,110,7,1381,11.996456146240234
4,110,8,1642,11.992703437805176
4,110,9,1710,11.954496383666992
4,110,10,1543,11.900895118713379
4,111,1,2370,10.55777645111084
4,111,2,990,9.688846588134766
4,111,3,1597,9.620626449584961
4,111,4,1113,9.553831100463867
4,111,5,2969,9.456639289855957
4,111,6,540,9.438064575195312
4,111,7,471,9.104778289794922
4,111,8,1407,9.069790840148926
4,111,9,953,9.063615798950195
4,111,10,667,8.951318740844727
4,112,1,2315,10.993531227111816
4,112,2,990,10.736738204956055
4,112,3,1597,10.401394844055176
4,112,4,1113,10.311945915222168
4,112,5,2969,10.273193359375
4,112,6,540,10.247186660766602
4,112,7,953,10.199970245361328
4,112,8,471,10.13604736328125
4,112,9,1407,10.110359191894531
4,112,10,667,10.103805541992188
4,113,1,1940,9.288361549377441
4,113,2,990,8.815786361694336
4,113,3,471,8.402042388916016
4,113,4,667,8.271249771118164
4,113,5,2894,8.217109680175781
4,113,6,1848,8.20060920715332
4,113,7,1407,8.161493301391602
4,113,8,390,8.143514633178711
4,113,9,113,8.053459167480469
4,113,10,2,7.9842987060546875
4,114,1,1374,10.582436561584473
4,114,2,2291,10.02316665649414
4,114,3,2444,9.872119903564453
4,114,4,1151,9.848321914672852
4,114,5,2727,9.752123832702637
4,114,6,1522,9.665319442749023
4,114,7,2074,9.501546859741211
4,114,8,2892,9.492972373962402
4,114,9,2552,9.297920227050781
4,114,10,2347,9.107946395874023
4,115,1,14,14.125510215759277
4,115,2,2285,13.452844619750977
4,115,3,991,13.227508544921875
4,115,4,1273,12.412625312805176
4,115,5,2552,12.322663307189941
4,115,6,861,12.10772705078125
4,115,7,235,12.041969299316406
4,115,8,1112,11.872649192810059
4,115,9,498,11.776403427124023
4,115,10,2074,11.77389907836914
4,116,1,2285,12.275096893310547
4,116,2,1273,11.91856861114502
4,116,3,402,11.572381019592285
4,116,4,2444,11.514900207519531
4,116,5,991,11.361385345458984
4,116,6,2552,11.309341430664062
4,116,7,861,11.285381317138672
4,116,8,498,11.103805541992188
4,116,9,1112,11.058832168579102
4,116,10,235,11.028247833251953
4,117,1,991,12.960958480834961
4,117,2,402,12.795167922973633
4,117,3,2127,12.573878288269043
4,117,4,1273,12.562748908996582
4,117,5,1151,12.15709114074707
4,117,6,2552,12.13164234161377
4,117,7,498,12.106914520263672
4,117,8,235,12.010368347167969
4,117,9,1522,11.96347427368164
4,117,10,861,11.94973373413086
4,118,1,208,11.125179290771484
4,118,2,748,10.553442001342773
4,118,3,1273,10.378433227539062
4,118,4,2552,9.939105987548828
4,118,5,1838,9.895401954650879
4,118,6,2258,9.862136840820312
4,118,7,2738,9.853325843811035
4,118,8,2087,9.790823936462402
4,118,9,1339,9.696488380432129
4,118,10,731,9.563335418701172
4,119,1,208,9.932510375976562
4,119,2,748,9.709985733032227
4,119,3,364,9.342968940734863
4,119,4,1838,9.223896980285645
4,119,5,2258,9.127113342285156
4,119,6,2738,9.109305381774902
4,119,7,1339,9.035330772399902
4,119,8,731,9.013509750366211
4,119,9,2727,8.913166999816895
4,119,10,1273,8.864931106567383
4,120,1,208,12.347787857055664
4,120,2,748,11.510138511657715
4,120,3,2258,11.41508960723877
4,120,4,2738,11.396180152893066
4,120,5,2552,11.264396667480469
4,120,6,1838,11.098894119262695
4,120,7,2727,11.075126647949219
4,120,8,1339,11.036417007446289
4,120,9,861,10.680198669433594
4,120,10,1273,10.64934253692627
4,121,1,208,9.959425926208496
4,121,2,1273,8.974479675292969
4,121,3,748,8.864648818969727
4,121,4,1838,8.843276977539062
4,121,5,2738,8.830854415893555
4,121,6,2258,8.826234817504883
4,121,7,861,8.814580917358398
4,121,8,756,8.788280487060547
4,121,9,1327,8.6858549118042
4,121,10,2727,8.672369003295898
4,122,1,1785,10.542129516601562
4,122,2,1683,9.829015731811523
4,122,3,681,9.6105375289917
4,122,4,177,9.425695419311523
4,122,5,724,9.345915794372559
4,122,6,1487,9.325965881347656
4,122,7,1359,9.014681816101074
4,122,8,2876,8.959129333496094
4,122,9,1352,8.902828216552734
4,122,10,1738,8.668527603149414
4,123,1,1785,10.96855354309082
4,123,2,2604,10.361138343811035
4,123,3,1683,10.310262680053711
4,123,4,1352,10.309136390686035
4,123,5,546,10.190771102905273
4,123,6,2299,10.044795989990234
4,123,7,1087,10.039559364318848
4,123,8,980,9.917031288146973
4,123,9,186,9.880879402160645
4,123,10,681,9.855812072753906
4,124,1,1601,10.479616165161133
4,124,2,1487,10.272795677185059
4,124,3,177,10.075202941894531
4,124,4,1359,9.922562599182129
4,124,5,2621,9.85509967803955
4,124,6,724,9.605570793151855
4,124,7,1352,9.169297218322754
4,124,8,2876,9.11946964263916
4,124,9,2632,9.051405906677246
4,124,10,1644,8.974274635314941
4,125,1,1785,9.435701370239258
4,125,2,248,8.819954872131348
4,125,3,1683,8.81796646118164
4,125,4,2,8.607975006103516
4,125,5,724,8.594911575317383
4,125,6,177,8.481499671936035
4,125,7,1738,8.431836128234863
4,125,8,2876,8.419053077697754
4,125,9,118,8.386761665344238
4,125,10,2894,8.370905876159668
4,127,1,177,10.647960662841797
4,127,2,1785,10.277444839477539
4,127,3,186,9.694571495056152
4,127,4,1644,9.683688163757324
4,127,5,2604,9.654807090759277
4,127,6,2303,9.61312484741211
4,127,7,38,9.568231582641602
4,127,8,2474,9.393388748168945
4,127,9,1280,9.366643905639648
4,127,10,1197,9.3136568069458
4,129,1,1487,10.683091163635254
4,129,2,2604,10.561212539672852
4,129,3,1644,10.517388343811035
4,129,4,186,10.384615898132324
4,129,5,2299,10.369522094726562
4,129,6,546,10.172918319702148
4,129,7,1280,10.164281845092773
4,129,8,1087,10.12570858001709
4,129,9,38,9.960659980773926
4,129,10,1197,9.93819808959961
4,131,1,2219,16.092100143432617
4,131,2,1966,16.092100143432617
4,131,3,3018,14.791274070739746
4,131,4,1748,14.457303047180176
4,131,5,865,13.87434196472168
4,131,6,1280,13.862831115722656
4,131,7,2604,13.254968643188477
4,131,8,186,13.199958801269531
4,131,9,2167,13.159984588623047
4,131,10,2536,12.87855339050293
4,132,1,1280,14.377614974975586
4,132,2,98,14.366737365722656
4,132,3,2536,14.054265975952148
4,132,4,2143,13.86551570892334
4,132,5,2159,13.678665161132812
4,132,6,2067,13.539284706115723
4,132,7,438,13.466692924499512
4,132,8,2167,13.315546035766602
4,132,9,476,13.223960876464844
4,132,10,186,13.190317153930664
4,133,1,1280,14.377614974975586
4,133,2,98,14.366737365722656
4,133,3,2536,14.054265975952148
4,133,4,2143,13.86551570892334
4,133,5,2159,13.678665161132812
4,133,6,2067,13.539284706115723
4,133,7,438,13.466692924499512
4,133,8,2167,13.315546035766602
4,133,9,476,13.223960876464844
4,133,10,186,13.190317153930664
4,134,1,1280,14.377614974975586
4,134,2,98,14.366737365722656
4,134,3,2536,14.054265975952148
4,134,4,2143,13.86551570892334
4,134,5,2159,13.678665161132812
4,134,6,2067,13.539284706115723
4,134,7,438,13.466692924499512
4,134,8,2167,13.315546035766602
4,134,9,476,13.223960876464844
4,134,10,186,13.190317153930664
4,135,1,1280,14.377614974975586
4,135,2,98,14.366737365722656
4,135,3,2536,14.054265975952148
4,135,4,2143,13.86551570892334
4,135,5,2159,13.678665161132812
4,135,6,2067,13.539284706115723
4,135,7,438,13.466692924499512
4,135,8,2167,13.315546035766602
4,135,9,476,13.223960876464844
4,135,10,186,13.190317153930664
4,136,1,1966,15.125154495239258
4,136,2,2219,15.125154495239258
4,136,3,3018,14.081781387329102
4,136,4,1435,14.031551361083984
4,136,5,1748,13.779052734375
4,136,6,865,13.507661819458008
4,136,7,98,12.341403007507324
4,136,8,2604,12.318793296813965
4,136,9,1280,11.783198356628418
4,136,10,2202,11.740602493286133
4,137,1,1280,14.905521392822266
4,137,2,1352,14.712530136108398
4,137,3,186,14.351969718933105
4,137,4,177,14.300286293029785
4,137,5,2219,14.132274627685547
4,137,6,1966,14.132274627685547
4,137,7,2604,14.002049446105957
4,137,8,310,13.967521667480469
4,137,9,1881,13.880617141723633
4,137,10,414,13.855484008789062
4,138,1,1280,14.069086074829102
4,138,2,1352,13.526500701904297
4,138,3,186,13.478461265563965
4,138,4,1966,13.249528884887695
4,138,5,2219,13.249528884887695
4,138,6,2604,13.201641082763672
4,138,7,177,13.100152969360352
4,138,8,438,12.825974464416504
4,138,9,1881,12.76869010925293
4,138,10,414,12.753128051757812
4,139,1,2303,14.278676986694336
4,139,2,2167,14.179064750671387
4,139,3,1280,13.81212043762207
4,139,4,186,13.19459342956543
4,139,5,1966,13.159420013427734
4,139,6,2219,13.159420013427734
4,139,7,1352,13.107828140258789
4,139,8,2604,12.745792388916016
4,139,9,438,12.676004409790039
4,139,10,414,12.65406608581543
4,140,1,2219,11.147682189941406
4,140,2,1966,11.147682189941406
4,140,3,1280,10.849105834960938
4,140,4,1352,10.684330940246582
4,140,5,2604,10.578140258789062
4,140,6,1748,10.576789855957031
4,140,7,186,10.551356315612793
4,140,8,2167,10.547372817993164
4,140,9,2303,10.422456741333008
4,140,10,1435,10.374577522277832
4,141,1,2219,11.026052474975586
4,141,2,1966,11.026052474975586
4,141,3,474,10.84415054321289
4,141,4,1311,10.40292739868164
4,141,5,2202,10.329599380493164
4,141,6,3018,10.314435958862305
4,141,7,1223,10.19752311706543
4,141,8,1435,10.116668701171875
4,141,9,865,10.021102905273438
4,141,10,72,9.960350036621094
4,142,1,1966,10.112321853637695
4,142,2,2219,10.112321853637695
4,142,3,1223,9.575047492980957
4,142,4,474,9.563343048095703
4,142,5,3018,9.463081359863281
4,142,6,865,9.45120620727539
4,142,7,2067,9.422454833984375
4,142,8,1435,9.3683500289917
4,142,9,1311,9.22221565246582
4,142,10,1712,9.071282386779785
4,143,1,1966,10.992294311523438
4,143,2,2219,10.992294311523438
4,143,3,474,10.444826126098633
4,143,4,3018,10.287100791931152
4,143,5,1223,10.26511287689209
4,143,6,98,10.215888977050781
4,143,7,1435,10.164255142211914
4,143,8,865,10.107895851135254
4,143,9,72,9.92090892791748
4,143,10,1712,9.815021514892578
4,144,1,1966,16.422752380371094
4,144,2,2219,16.422752380371094
4,144,3,1435,15.250797271728516
4,144,4,3018,14.935664176940918
4,144,5,1280,14.916705131530762
4,144,6,1748,14.90277099609375
4,144,7,2167,14.587010383605957
4,144,8,1712,14.415687561035156
4,144,9,2303,14.251546859741211
4,144,10,186,14.208036422729492
4,145,1,1966,15.514909744262695
4,145,2,2219,15.514909744262695
4,145,3,2303,14.733098983764648
4,145,4,2167,14.611347198486328
4,145,5,1435,14.369760513305664
4,145,6,1280,13.980365753173828
4,145,7,3018,13.970497131347656
4,145,8,1748,13.951748847961426
4,145,9,1352,13.77160358428955
4,145,10,186,13.682674407958984
4,146,1,2219,16.052888870239258
4,146,2,1966,16.052888870239258
4,146,3,1435,15.030027389526367
4,146,4,1280,14.63724422454834
4,146,5,3018,14.632881164550781
4,146,6,1748,14.507038116455078
4,146,7,1712,14.26445484161377
4,146,8,186,14.193597793579102
4,146,9,2604,14.160025596618652
4,146,10,2167,13.914839744567871
4,147,1,2219,17.53265953063965
4,147,2,1966,17.53265953063965
4,147,3,2303,17.00495147705078
4,147,4,1280,16.848331451416016
4,147,5,2167,16.69682502746582
4,147,6,186,16.63641357421875
4,147,7,1435,16.424854278564453
4,147,8,2604,16.381792068481445
4,147,9,1352,16.265247344970703
4,147,10,1748,16.174240112304688
4,148,1,2219,17.347318649291992
4,148,2,1966,17.347318649291992
4,148,3,1712,16.924823760986328
4,148,4,3018,16.787351608276367
4,148,5,2604,16.70333480834961
4,148,6,1435,16.644079208374023
4,148,7,865,16.235309600830078
4,148,8,464,15.646300315856934
4,148,9,2751,15.617342948913574
4,148,10,1644,15.591837882995605
4,149,1,2219,13.199005126953125
4,149,2,1966,13.199005126953125
4,149,3,3018,12.730363845825195
4,149,4,1435,12.433176040649414
4,149,5,1712,12.282848358154297
4,149,6,2604,12.279231071472168
4,149,7,1280,12.225378036499023
4,149,8,865,12.091127395629883
4,149,9,186,11.50696086883545
4,149,10,1748,11.488460540771484
4,150,1,1966,14.539559364318848
4,150,2,2219,14.539559364318848
4,150,3,3018,13.901894569396973
4,150,4,1435,13.809371948242188
4,150,5,1712,13.576705932617188
4,150,6,2604,13.36295223236084
4,150,7,865,13.130304336547852
4,150,8,1280,12.879164695739746
4,150,9,186,12.655004501342773
4,150,10,1748,12.617300033569336
4,151,1,2604,13.576247215270996
4,151,2,1352,13.281964302062988
4,151,3,1939,12.927316665649414
4,151,4,1712,12.747041702270508
4,151,5,1966,12.66497802734375
4,151,6,2219,12.66497802734375
4,151,7,464,12.577421188354492
4,151,8,3018,12.221269607543945
4,151,9,1435,12.193672180175781
4,151,10,865,12.068147659301758
4,153,1,1280,13.91165828704834
4,153,2,2604,13.214086532592773
4,153,3,1966,13.05278205871582
4,153,4,2219,13.05278205871582
4,153,5,1352,12.593844413757324
4,153,6,2167,12.351058959960938
4,153,7,177,12.32651424407959
4,153,8,1435,12.233083724975586
4,153,9,1748,12.18239974975586
4,153,10,2303,12.114059448242188
4,154,1,1352,12.556970596313477
4,154,2,177,12.389357566833496
4,154,3,186,12.183116912841797
4,154,4,1280,12.116816520690918
4,154,5,724,11.788551330566406
4,154,6,1966,11.694007873535156
4,154,7,2219,11.694007873535156
4,154,8,1712,11.4585542678833
4,154,9,2303,11.418476104736328
4,154,10,2167,11.414365768432617
4,155,1,1966,16.330642700195312
4,155,2,2219,16.330642700195312
4,155,3,1435,15.2783203125
4,155,4,1748,15.195863723754883
4,155,5,3018,15.0716552734375
4,155,6,2167,14.832977294921875
4,155,7,1712,14.533005714416504
4,155,8,2303,14.273490905761719
4,155,9,769,14.268877029418945
4,155,10,177,14.152419090270996
4,156,1,1966,16.330642700195312
4,156,2,2219,16.330642700195312
4,156,3,1435,15.2783203125
4,156,4,1748,15.195863723754883
4,156,5,3018,15.0716552734375
4,156,6,2167,14.832977294921875
4,156,7,1712,14.533005714416504
4,156,8,2303,14.273490905761719
4,156,9,769,14.268877029418945
4,156,10,177,14.152419090270996
4,157,1,1966,16.330642700195312
4,157,2,2219,16.330642700195312
4,157,3,1435,15.2783203125
4,157,4,1748,15.195863723754883
4,157,5,3018,15.0716552734375
4,157,6,2167,14.832977294921875
4,157,7,1712,14.533005714416504
4,157,8,2303,14.273490905761719
4,157,9,769,14.268877029418945
4,157,10,177,14.152419090270996
4,159,1,2219,12.896231651306152
4,159,2,1966,12.896231651306152
4,159,3,2167,12.474708557128906
4,159,4,1435,12.153902053833008
4,159,5,2143,12.000873565673828
4,159,6,3018,11.926841735839844
4,159,7,2303,11.873575210571289
4,159,8,438,11.839973449707031
4,159,9,186,11.787813186645508
4,159,10,2604,11.760409355163574
4,160,1,1966,12.852636337280273
4,160,2,2219,12.852636337280273
4,160,3,1435,12.218263626098633
4,160,4,1280,12.158866882324219
4,160,5,2604,12.120615005493164
4,160,6,1712,11.979532241821289
4,160,7,186,11.945413589477539
4,160,8,3018,11.931498527526855
4,160,9,2167,11.682479858398438
4,160,10,1352,11.612548828125
4,161,1,1966,12.727115631103516
4,161,2,2219,12.727115631103516
4,161,3,2604,12.140010833740234
4,161,4,1435,12.122350692749023
4,161,5,1280,11.978649139404297
4,161,6,186,11.88508415222168
4,161,7,1712,11.854074478149414
4,161,8,3018,11.811307907104492
4,161,9,2167,11.696374893188477
4,161,10,1352,11.520917892456055
4,162,1,990,18.02236557006836
4,162,2,1737,16.99489974975586
4,162,3,1250,16.284860610961914
4,162,4,1920,15.703411102294922
4,162,5,118,15.678990364074707
4,162,6,2922,15.597875595092773
4,162,7,1461,15.389450073242188
4,162,8,1072,15.06863784790039
4,162,9,1502,15.0607271194458
4,162,10,1747,14.739130020141602
4,163,1,990,15.42444896697998
4,163,2,1737,13.586463928222656
4,163,3,1920,13.380435943603516
4,163,4,1250,12.873880386352539
4,163,5,2922,12.565267562866211
4,163,6,6,12.537393569946289
4,163,7,1461,12.507568359375
4,163,8,118,12.496969223022461
4,163,9,1927,12.209487915039062
4,163,10,1747,12.207745552062988
4,164,1,990,12.689276695251465
4,164,2,1737,11.790624618530273
4,164,3,1461,11.532299041748047
4,164,4,2678,11.48741340637207
4,164,5,1920,11.356500625610352
4,164,6,6,11.258917808532715
4,164,7,464,10.922830581665039
4,164,8,2922,10.824840545654297
4,164,9,118,10.528999328613281
4,164,10,481,10.50412368774414
4,165,1,1920,9.961196899414062
4,165,2,990,9.608871459960938
4,165,3,1250,9.350844383239746
4,165,4,1189,9.300932884216309
4,165,5,6,9.269866943359375
4,165,6,1449,9.239038467407227
4,165,7,1567,8.953868865966797
4,165,8,1461,8.890854835510254
4,165,9,1072,8.796380043029785
4,165,10,1592,8.769512176513672
4,166,1,1920,9.927534103393555
4,166,2,3041,9.762922286987305
4,166,3,551,9.567169189453125
4,166,4,2137,9.541000366210938
4,166,5,2502,9.458592414855957
4,166,6,1072,9.430965423583984
4,166,7,1449,9.381199836730957
4,166,8,2678,9.363250732421875
4,166,9,1059,9.300819396972656
4,166,10,2922,9.28913688659668
4,167,1,1415,10.741756439208984
4,167,2,1237,10.535205841064453
4,167,3,1927,10.43765640258789
4,167,4,2286,10.405478477478027
4,167,5,551,10.281192779541016
4,167,6,990,10.007194519042969
4,167,7,1072,9.951050758361816
4,167,8,354,9.944441795349121
4,167,9,2502,9.862677574157715
4,167,10,327,9.862051010131836
4,168,1,2502,9.912429809570312
4,168,2,453,9.882970809936523
4,168,3,551,9.820280075073242
4,168,4,2137,9.556243896484375
4,168,5,1724,9.458953857421875
4,168,6,1927,9.439117431640625
4,168,7,1072,9.295242309570312
4,168,8,1592,9.119194030761719
4,168,9,1725,9.07420539855957
4,168,10,2922,9.063084602355957
4,169,1,2121,10.336557388305664
4,169,2,481,10.175542831420898
4,169,3,551,9.936296463012695
4,169,4,1059,9.892210006713867
4,169,5,1737,9.737279891967773
4,169,6,346,9.734338760375977
4,169,7,99,9.730661392211914
4,169,8,644,9.718912124633789
4,169,9,2922,9.693012237548828
4,169,10,1250,9.633201599121094
4,170,1,551,10.985525131225586
4,170,2,2502,10.836454391479492
4,170,3,1927,10.740835189819336
4,170,4,1724,10.563854217529297
4,170,5,453,10.487777709960938
4,170,6,1250,10.37425708770752
4,170,7,32,10.36882209777832
4,170,8,1059,10.279203414916992
4,170,9,2137,10.259937286376953
4,170,10,2702,10.1702880859375
4,171,1,3041,10.27424430847168
4,171,2,2286,9.948484420776367
4,171,3,2502,9.579166412353516
4,171,4,2560,9.348601341247559
4,171,5,1415,9.30591869354248
4,171,6,1237,9.076473236083984
4,171,7,1724,8.992077827453613
4,171,8,40,8.838314056396484
4,171,9,354,8.760520935058594
4,171,10,551,8.747784614562988
4,172,1,857,9.153736114501953
4,172,2,364,9.063706398010254
4,172,3,2442,8.492919921875
4,172,4,2144,8.450514793395996
4,172,5,453,8.409757614135742
4,172,6,3041,8.3909273147583
4,172,7,2286,8.382071495056152
4,172,8,748,8.286632537841797
4,172,9,1339,8.282999992370605
4,172,10,235,8.24713134765625
4,173,1,748,10.149871826171875
4,173,2,2745,9.506628036499023
4,173,3,3041,9.36424732208252
4,173,4,1838,9.299083709716797
4,173,5,2286,9.236024856567383
4,173,6,1339,9.019606590270996
4,173,7,2502,8.921310424804688
4,173,8,40,8.807846069335938
4,173,9,2237,8.793096542358398
4,173,10,2073,8.739078521728516
4,174,1,748,11.193756103515625
4,174,2,208,10.72479248046875
4,174,3,1273,10.633502960205078
4,174,4,2745,10.577901840209961
4,174,5,1838,10.412508010864258
4,174,6,1339,10.230436325073242
4,174,7,2237,10.123334884643555
4,174,8,40,9.892215728759766
4,174,9,2738,9.834734916687012
4,174,10,1255,9.832855224609375
4,175,1,2192,10.576461791992188
4,175,2,2556,10.301963806152344
4,175,3,748,10.289533615112305
4,175,4,206,10.236688613891602
4,175,5,1838,10.220698356628418
4,175,6,2745,10.115839004516602
4,175,7,500,10.074676513671875
4,175,8,2097,9.953563690185547
4,175,9,1650,9.864013671875
4,175,10,2087,9.852599143981934
4,176,1,1681,11.634086608886719
4,176,2,2521,11.401130676269531
4,176,3,2087,11.3276948928833
4,176,4,1708,10.891557693481445
4,176,5,2143,10.64089584350586
4,176,6,1287,10.565206527709961
4,176,7,1612,10.547076225280762
4,176,8,2095,10.522836685180664
4,176,9,1686,10.521610260009766
4,176,10,215,10.498255729675293
4,177,1,748,11.63323974609375
4,177,2,890,11.01655387878418
4,177,3,1273,10.991608619689941
4,177,4,40,10.988460540771484
4,177,5,2745,10.96704387664795
4,177,6,1255,10.870290756225586
4,177,7,698,10.825803756713867
4,177,8,208,10.821283340454102
4,177,9,2237,10.722097396850586
4,177,10,498,10.680230140686035
4,178,1,1708,11.524003982543945
4,178,2,1686,11.170829772949219
4,178,3,2087,11.15571403503418
4,178,4,1681,11.129337310791016
4,178,5,1287,11.059003829956055
4,178,6,415,10.998163223266602
4,178,7,215,10.964127540588379
4,178,8,629,10.86600112915039
4,178,9,1044,10.760616302490234
4,178,10,2143,10.703908920288086
4,179,1,2087,11.324468612670898
4,179,2,2143,11.309720993041992
4,179,3,1287,11.231465339660645
4,179,4,415,11.216436386108398
4,179,5,1612,11.081010818481445
4,179,6,2095,10.93927001953125
4,179,7,534,10.839296340942383
4,179,8,2159,10.750755310058594
4,179,9,1642,10.577303886413574
4,179,10,2521,10.440265655517578
4,180,1,2087,12.971518516540527
4,180,2,2143,12.726447105407715
4,180,3,1612,12.491203308105469
4,180,4,2095,12.215997695922852
4,180,5,534,12.107269287109375
4,180,6,2159,12.020055770874023
4,180,7,2521,11.978494644165039
4,180,8,2713,11.915613174438477
4,180,9,1642,11.726033210754395
4,180,10,2482,11.55115032196045
4,181,1,2143,10.998842239379883
4,181,2,2521,10.875396728515625
4,181,3,2087,10.784239768981934
4,181,4,2095,10.7398681640625
4,181,5,1681,10.684988975524902
4,181,6,1612,10.4490966796875
4,181,7,2159,10.363786697387695
4,181,8,215,10.180872917175293
4,181,9,1569,10.168529510498047
4,181,10,2192,10.149778366088867
4,182,1,2143,11.921895027160645
4,182,2,1287,11.827957153320312
4,182,3,2087,11.714136123657227
4,182,4,2095,11.563772201538086
4,182,5,1612,11.468063354492188
4,182,6,2159,11.32382583618164
4,182,7,1642,11.285083770751953
4,182,8,534,11.17437744140625
4,182,9,629,10.657934188842773
4,182,10,2482,10.641253471374512
4,183,1,2192,11.50314712524414
4,183,2,193,11.373580932617188
4,183,3,2087,11.145537376403809
4,183,4,2162,11.108114242553711
4,183,5,2098,10.915220260620117
4,183,6,257,10.835393905639648
4,183,7,1569,10.793902397155762
4,183,8,1287,10.730405807495117
4,183,9,2161,10.646175384521484
4,183,10,1620,10.645021438598633
4,184,1,2098,10.571205139160156
4,184,2,2162,10.537652969360352
4,184,3,1569,10.502033233642578
4,184,4,1287,10.36235237121582
4,184,5,2556,10.339119911193848
4,184,6,2161,10.304143905639648
4,184,7,674,10.300357818603516
4,184,8,1650,10.275938034057617
4,184,9,500,10.245457649230957
4,184,10,1686,10.230719566345215
4,185,1,1429,10.593762397766113
4,185,2,2098,10.582983016967773
4,185,3,2162,10.546945571899414
4,185,4,1569,10.463837623596191
4,185,5,2161,10.427205085754395
4,185,6,1287,10.425159454345703
4,185,7,1362,10.374044418334961
4,185,8,1686,10.36085033416748
4,185,9,1708,10.334317207336426
4,185,10,629,10.311025619506836
4,186,1,2087,11.795537948608398
4,186,2,2192,11.453531265258789
4,186,3,1838,11.328807830810547
4,186,4,748,11.271219253540039
4,186,5,1287,10.988485336303711
4,186,6,1569,10.976886749267578
4,186,7,2745,10.696579933166504
4,186,8,2556,10.696258544921875
4,186,9,1686,10.560728073120117
4,186,10,415,10.518844604492188
4,187,1,2237,10.184810638427734
4,187,2,316,10.01224136352539
4,187,3,235,9.909141540527344
4,187,4,2896,9.904508590698242
4,187,5,208,9.884273529052734
4,187,6,2552,9.622648239135742
4,187,7,2745,9.608016967773438
4,187,8,1273,9.60606575012207
4,187,9,2144,9.569316864013672
4,187,10,1838,9.55157470703125
4,188,1,1522,10.257989883422852
4,188,2,2896,9.792466163635254
4,188,3,2285,9.586973190307617
4,188,4,2258,9.345512390136719
4,188,5,235,9.303709983825684
4,188,6,2738,9.283076286315918
4,188,7,1151,9.083581924438477
4,188,8,498,9.054238319396973
4,188,9,2144,9.047609329223633
4,188,10,2306,9.035140991210938
4,190,1,2896,10.078254699707031
4,190,2,2832,10.014947891235352
4,190,3,1446,9.640146255493164
4,190,4,316,9.5509033203125
4,190,5,2237,9.546967506408691
4,190,6,1279,9.379986763000488
4,190,7,3041,9.066020011901855
4,190,8,2286,9.023242950439453
4,190,9,453,9.016740798950195
4,190,10,890,8.981008529663086
4,191,1,2356,11.25473690032959
4,191,2,2832,10.836929321289062
4,191,3,1821,10.794353485107422
4,191,4,1279,10.51533031463623
4,191,5,1659,10.388408660888672
4,191,6,1495,10.363773345947266
4,191,7,698,10.20488166809082
4,191,8,2074,10.11518383026123
4,191,9,2901,10.029151916503906
4,191,10,1446,9.942113876342773
4,192,1,2832,9.633369445800781
4,192,2,2590,9.442390441894531
4,192,3,2074,9.375415802001953
4,192,4,1821,9.296037673950195
4,192,5,1594,9.254878997802734
4,192,6,2285,9.087248802185059
4,192,7,1151,8.987937927246094
4,192,8,1659,8.954500198364258
4,192,9,1522,8.949739456176758
4,192,10,2416,8.859386444091797
4,194,1,2197,9.910017013549805
4,194,2,2628,9.900776863098145
4,194,3,2356,9.843486785888672
4,194,4,1045,9.651670455932617
4,194,5,1279,9.629220962524414
4,194,6,2074,9.625310897827148
4,194,7,192,9.615812301635742
4,194,8,1380,9.596550941467285
4,194,9,608,9.547651290893555
4,194,10,1821,9.535778045654297
4,195,1,2098,7.734233856201172
4,195,2,1546,7.290378093719482
4,195,3,2243,7.265778541564941
4,195,4,890,7.244236946105957
4,195,5,1380,7.161234378814697
4,195,6,2161,7.110071659088135
4,195,7,1279,7.080254554748535
4,195,8,1362,7.035977363586426
4,195,9,1495,6.935268878936768
4,195,10,2195,6.9332594871521
4,196,1,2590,7.0288519859313965
4,196,2,1380,6.855307579040527
4,196,3,264,6.691878318786621
4,196,4,2594,6.671315670013428
4,196,5,1246,6.595571517944336
4,196,6,518,6.552867889404297
4,196,7,480,6.411275863647461
4,196,8,1383,6.400958061218262
4,196,9,2197,6.399057865142822
4,196,10,2642,6.395740509033203
4,197,1,2195,12.654542922973633
4,197,2,2098,11.711546897888184
4,197,3,2243,11.26045036315918
4,197,4,1858,11.201882362365723
4,197,5,1279,11.187795639038086
4,197,6,2161,10.971968650817871
4,197,7,1380,10.945661544799805
4,197,8,2787,10.945183753967285
4,197,9,2358,10.942928314208984
4,197,10,2677,10.850805282592773
4,198,1,1279,11.049535751342773
4,198,2,1495,10.820148468017578
4,198,3,2098,10.569498062133789
4,198,4,2161,9.979886054992676
4,198,5,1082,9.86558723449707
4,198,6,1380,9.860504150390625
4,198,7,2206,9.779964447021484
4,198,8,295,9.738414764404297
4,198,9,668,9.716776847839355
4,198,10,2355,9.661572456359863
4,199,1,1279,11.584237098693848
4,199,2,1380,11.346464157104492
4,199,3,2243,11.284905433654785
4,199,4,1495,11.189082145690918
4,199,5,1082,11.049615859985352
4,199,6,2206,10.934356689453125
4,199,7,948,10.349813461303711
4,199,8,220,10.263107299804688
4,199,9,2195,10.239225387573242
4,199,10,2170,10.01964282989502
4,200,1,1380,12.498653411865234
4,200,2,1279,12.452047348022461
4,200,3,1495,11.998772621154785
4,200,4,2206,11.967742919921875
4,200,5,1028,11.939689636230469
4,200,6,2195,11.8956298828125
4,200,7,1082,11.782478332519531
4,200,8,2253,11.670473098754883
4,200,9,948,11.243910789489746
4,200,10,216,10.967565536499023
4,201,1,1279,12.773719787597656
4,201,2,2206,12.31096076965332
4,201,3,1495,12.277632713317871
4,201,4,1082,11.806005477905273
4,201,5,948,11.662166595458984
4,201,6,216,11.519367218017578
4,201,7,1380,11.467567443847656
4,201,8,2195,11.278194427490234
4,201,9,2098,11.05174446105957
4,201,10,220,10.724782943725586
4,202,1,2206,13.20865249633789
4,202,2,1279,13.18516731262207
4,202,3,948,12.653884887695312
4,202,4,1082,12.645784378051758
4,202,5,1495,12.599283218383789
4,202,6,1380,12.584295272827148
4,202,7,1028,12.45193862915039
4,202,8,216,12.268937110900879
4,202,9,2195,12.250091552734375
4,202,10,2135,12.0072660446167
4,204,1,1380,10.119213104248047
4,204,2,518,9.831259727478027
4,204,3,105,9.79419231414795
4,204,4,264,9.398695945739746
4,204,5,2640,9.393697738647461
4,204,6,2212,9.159219741821289
4,204,7,2772,9.141626358032227
4,204,8,3048,9.132036209106445
4,204,9,2684,9.084756851196289
4,204,10,2053,9.019668579101562
4,205,1,1380,12.705327987670898
4,205,2,105,12.057062149047852
4,205,3,518,11.690114974975586
4,205,4,2684,11.662275314331055
4,205,5,2640,11.614065170288086
4,205,6,2772,11.458480834960938
4,205,7,1513,11.378952026367188
4,205,8,264,11.368246078491211
4,205,9,2212,11.30592155456543
4,205,10,1159,11.049551010131836
4,206,1,624,11.591548919677734
4,206,2,518,11.27791976928711
4,206,3,3048,11.18032455444336
4,206,4,2496,10.934453010559082
4,206,5,1380,10.684803009033203
4,206,6,1979,10.615371704101562
4,206,7,264,10.604021072387695
4,206,8,585,10.517488479614258
4,206,9,105,10.375083923339844
4,206,10,621,10.254322052001953
4,207,1,1380,12.540420532226562
4,207,2,1979,12.501596450805664
4,207,3,3048,12.273263931274414
4,207,4,518,12.26743221282959
4,207,5,105,11.890042304992676
4,207,6,624,11.863101959228516
4,207,7,2323,11.793048858642578
4,207,8,2212,11.788761138916016
4,207,9,2684,11.73626708984375
4,207,10,264,11.686412811279297
4,208,1,1380,9.948944091796875
4,208,2,105,9.93028450012207
4,208,3,518,9.760087966918945
4,208,4,624,9.734189987182617
4,208,5,3048,9.718733787536621
4,208,6,2212,9.633828163146973
4,208,7,2640,9.500751495361328
4,208,8,2496,9.366418838500977
4,208,9,2911,9.32868480682373
4,208,10,1190,9.305654525756836
4,209,1,594,11.63530158996582
4,209,2,538,11.574796676635742
4,209,3,2272,11.517891883850098
4,209,4,535,11.512222290039062
4,209,5,2609,11.493658065795898
4,209,6,2047,11.155166625976562
4,209,7,3073,11.11427116394043
4,209,8,826,11.091480255126953
4,209,9,2721,11.03270435333252
4,209,10,1618,10.920366287231445
4,210,1,1265,9.533738136291504
4,210,2,617,9.16786003112793
4,210,3,2322,8.954806327819824
4,210,4,63,8.905312538146973
4,210,5,393,8.656048774719238
4,210,6,1070,8.54764461517334
4,210,7,852,8.122438430786133
4,210,8,1738,8.11300277709961
4,210,9,2440,8.062512397766113
4,210,10,481,8.010679244995117
4,211,1,594,10.258363723754883
4,211,2,535,10.253419876098633
4,211,3,538,10.247255325317383
4,211,4,2721,9.93392562866211
4,211,5,1618,9.535453796386719
4,211,6,704,9.417880058288574
4,211,7,2609,9.403076171875
4,211,8,974,9.393625259399414
4,211,9,2272,9.36642837524414
4,211,10,5,9.360780715942383
4,212,1,270,12.188764572143555
4,212,2,106,11.463592529296875
4,212,3,1275,11.209096908569336
4,212,4,272,11.166425704956055
4,212,5,1818,11.149535179138184
4,212,6,784,11.147369384765625
4,212,7,1738,11.050677299499512
4,212,8,1678,11.00454330444336
4,212,9,1606,10.909982681274414
4,212,10,387,10.899518966674805
4,213,1,617,8.269433975219727
4,213,2,1265,8.035306930541992
4,213,3,2365,7.9926042556762695
4,213,4,44,7.832711696624756
4,213,5,1380,7.746131896972656
4,213,6,730,7.695671081542969
4,213,7,852,7.630259990692139
4,213,8,2911,7.618170738220215
4,213,9,387,7.601171016693115
4,213,10,105,7.551064968109131
4,214,1,2609,11.96239185333252
4,214,2,2272,11.896446228027344
4,214,3,535,11.722794532775879
4,214,4,594,11.659571647644043
4,214,5,538,11.59234619140625
4,214,6,2721,11.305276870727539
4,214,7,566,11.207544326782227
4,214,8,826,11.195823669433594
4,214,9,2757,11.180959701538086
4,214,10,1517,10.639688491821289
4,215,1,1738,8.572893142700195
4,215,2,1651,8.420166015625
4,215,3,471,8.414730072021484
4,215,4,390,8.375787734985352
4,215,5,1678,8.34749698638916
4,215,6,594,8.309381484985352
4,215,7,1417,8.301353454589844
4,215,8,1606,8.28758430480957
4,215,9,535,8.27017879486084
4,215,10,538,8.23571491241455
4,216,1,594,11.68490219116211
4,216,2,538,11.634769439697266
4,216,3,535,11.591638565063477
4,216,4,2272,11.577500343322754
4,216,5,2609,11.572129249572754
4,216,6,2721,11.19395637512207
4,216,7,566,10.963336944580078
4,216,8,826,10.921886444091797
4,216,9,1618,10.88360595703125
4,216,10,3073,10.857553482055664
4,217,1,393,11.49160099029541
4,217,2,387,11.000922203063965
4,217,3,646,10.772912979125977
4,217,4,1265,10.75179386138916
4,217,5,2403,10.542306900024414
4,217,6,784,10.531194686889648
4,217,7,730,10.479127883911133
4,217,8,671,10.236906051635742
4,217,9,854,10.19217300415039
4,217,10,779,10.131552696228027
4,218,1,387,11.95779037475586
4,218,2,1265,11.827198028564453
4,218,3,646,11.594012260437012
4,218,4,2403,11.325114250183105
4,218,5,730,10.99884033203125
4,218,6,854,10.938581466674805
4,218,7,63,10.898093223571777
4,218,8,671,10.872842788696289
4,218,9,2312,10.840744018554688
4,218,10,2365,10.71608829498291
4,219,1,617,13.436075210571289
4,219,2,393,12.494976043701172
4,219,3,1265,11.62547492980957
4,219,4,272,11.491363525390625
4,219,5,1398,11.27850341796875
4,219,6,1678,11.265575408935547
4,219,7,1818,11.243207931518555
4,219,8,477,11.22480583190918
4,219,9,1606,11.14854621887207
4,219,10,2322,11.050763130187988
4,220,1,387,10.51074504852295
4,220,2,1265,10.348679542541504
4,220,3,646,10.288926124572754
4,220,4,2403,10.154520034790039
4,220,5,730,9.702506065368652
4,220,6,63,9.59839153289795
4,220,7,671,9.571889877319336
4,220,8,784,9.445710182189941
4,220,9,106,9.431656837463379
4,220,10,1472,9.381613731384277
4,221,1,122,9.277275085449219
4,221,2,1582,9.030132293701172
4,221,3,2578,8.467292785644531
4,221,4,2628,8.212955474853516
4,221,5,759,8.111651420593262
4,221,6,608,8.092820167541504
4,221,7,2197,8.006726264953613
4,221,8,192,7.918699264526367
4,221,9,121,7.886170387268066
4,221,10,1437,7.867420196533203
4,222,1,122,8.334218978881836
4,222,2,1582,7.967425346374512
4,222,3,2525,7.739274024963379
4,222,4,2628,7.572415351867676
4,222,5,2578,7.5615234375
4,222,6,608,7.392749309539795
4,222,7,2197,7.302679061889648
4,222,8,192,7.2214789390563965
4,222,9,663,7.1592326164245605
4,222,10,2580,6.955279350280762
4,223,1,122,7.8127312660217285
4,223,2,1582,7.76478385925293
4,223,3,63,7.1591291427612305
4,223,4,1161,7.029170989990234
4,223,5,1836,6.9936676025390625
4,223,6,541,6.966178894042969
4,223,7,185,6.870584487915039
4,223,8,608,6.853941440582275
4,223,9,1437,6.821081161499023
4,223,10,2628,6.7895402908325195
4,224,1,189,9.592619895935059
4,224,2,666,9.418375968933105
4,224,3,1685,9.270176887512207
4,224,4,2578,8.587864875793457
4,224,5,122,8.466825485229492
4,224,6,572,8.291801452636719
4,224,7,1582,8.274370193481445
4,224,8,608,8.258512496948242
4,224,9,1265,8.246125221252441
4,224,10,663,8.219539642333984
4,225,1,1673,11.875598907470703
4,225,2,2595,11.805410385131836
4,225,3,2185,10.502422332763672
4,225,4,108,10.464631080627441
4,225,5,96,9.796455383300781
4,225,6,1659,9.522705078125
4,225,7,1685,9.25114917755127
4,225,8,63,9.09820556640625
4,225,9,2938,8.724639892578125
4,225,10,2377,8.601067543029785
4,226,1,2478,11.054259300231934
4,226,2,1659,10.61744499206543
4,226,3,2895,9.283519744873047
4,226,4,2377,9.110506057739258
4,226,5,1001,9.106592178344727
4,226,6,2769,9.097244262695312
4,226,7,2642,8.995613098144531
4,226,8,2961,8.874266624450684
4,226,9,597,8.811071395874023
4,226,10,563,8.800542831420898
4,227,1,2595,12.232714653015137
4,227,2,2478,10.570860862731934
4,227,3,572,10.503192901611328
4,227,4,1681,8.12904167175293
4,227,5,2642,8.113286018371582
4,227,6,597,8.069620132446289
4,227,7,2377,8.06773567199707
4,227,8,2191,8.06030559539795
4,227,9,1001,8.05439567565918
4,227,10,1594,7.8567891120910645
4,228,1,2708,14.551088333129883
4,228,2,2478,12.89136028289795
4,228,3,597,12.206523895263672
4,228,4,1659,11.61691665649414
4,228,5,666,11.511276245117188
4,228,6,1685,10.979970932006836
4,228,7,63,10.815055847167969
4,228,8,1171,10.728984832763672
4,228,9,2938,10.606760025024414
4,228,10,2377,10.519571304321289
4,229,1,189,12.698673248291016
4,229,2,1673,11.728462219238281
4,229,3,2708,11.403111457824707
4,229,4,2478,10.568009376525879
4,229,5,2377,8.625702857971191
4,229,6,1001,8.615205764770508
4,229,7,597,8.577592849731445
4,229,8,2642,8.303108215332031
4,229,9,2191,8.184179306030273
4,229,10,1946,8.167154312133789
4,230,1,189,10.598198890686035
4,230,2,2708,9.834087371826172
4,230,3,2478,9.532362937927246
4,230,4,1681,9.343674659729004
4,230,5,483,9.227374076843262
4,230,6,1569,9.003854751586914
4,230,7,176,8.983792304992676
4,230,8,572,8.93038558959961
4,230,9,1413,8.908967971801758
4,230,10,2622,8.875862121582031
4,231,1,2389,10.202799797058105
4,231,2,416,9.637591361999512
4,231,3,2180,9.570215225219727
4,231,4,483,9.510431289672852
4,231,5,176,9.493034362792969
4,231,6,1787,9.247810363769531
4,231,7,2990,9.138319969177246
4,231,8,1632,9.109513282775879
4,231,9,1111,9.048349380493164
4,231,10,1744,9.00047492980957
4,232,1,416,11.395320892333984
4,232,2,2180,11.198866844177246
4,232,3,483,11.187320709228516
4,232,4,1346,11.02267837524414
4,232,5,2389,10.911596298217773
4,232,6,532,10.890634536743164
4,232,7,176,10.798665046691895
4,232,8,2092,10.756375312805176
4,232,9,2118,10.673087120056152
4,232,10,1160,10.645997047424316
4,233,1,2389,11.001755714416504
4,233,2,176,10.340904235839844
4,233,3,2801,10.193304061889648
4,233,4,508,9.971389770507812
4,233,5,2160,9.961677551269531
4,233,6,2180,9.958452224731445
4,233,7,416,9.914189338684082
4,233,8,483,9.78762435913086
4,233,9,1111,9.783232688903809
4,233,10,2664,9.721881866455078
4,235,1,483,10.065824508666992
4,235,2,416,9.991254806518555
4,235,3,2092,9.321565628051758
4,235,4,1160,9.292764663696289
4,235,5,1346,9.101078987121582
4,235,6,532,9.057714462280273
4,235,7,176,8.952533721923828
4,235,8,514,8.883525848388672
4,235,9,1787,8.719657897949219
4,235,10,1580,8.480093002319336
4,236,1,2389,10.905802726745605
4,236,2,483,10.752846717834473
4,236,3,176,10.234899520874023
4,236,4,1744,9.657397270202637
4,236,5,1540,9.498761177062988
4,236,6,3015,9.101901054382324
4,236,7,1362,9.072286605834961
4,236,8,2407,8.968217849731445
4,236,9,703,8.854206085205078
4,236,10,2990,8.816400527954102
4,237,1,1632,10.501480102539062
4,237,2,532,10.045307159423828
4,237,3,176,9.853050231933594
4,237,4,1111,9.620573043823242
4,237,5,2990,9.048871040344238
4,237,6,2664,8.979793548583984
4,237,7,1870,8.96624755859375
4,237,8,1540,8.912351608276367
4,237,9,508,8.87031078338623
4,237,10,1787,8.784897804260254
4,238,1,176,11.519680976867676
4,238,2,1744,11.158884048461914
4,238,3,1346,11.030031204223633
4,238,4,1465,10.982372283935547
4,238,5,1540,10.79649543762207
4,238,6,1362,10.522735595703125
4,238,7,2990,10.383808135986328
4,238,8,2407,10.222149848937988
4,238,9,3015,10.135680198669434
4,238,10,1580,10.017263412475586
4,239,1,1681,9.641319274902344
4,239,2,416,9.545550346374512
4,239,3,176,9.461591720581055
4,239,4,2389,9.448583602905273
4,239,5,2916,9.330602645874023
4,239,6,2092,9.311790466308594
4,239,7,2607,9.295933723449707
4,239,8,2306,9.2521333694458
4,239,9,1708,9.110272407531738
4,239,10,2192,9.081781387329102
4,240,1,294,12.122230529785156
4,240,2,1809,11.628393173217773
4,240,3,1412,11.183608055114746
4,240,4,81,11.1458740234375
4,240,5,2180,10.970866203308105
4,240,6,306,10.837752342224121
4,240,7,1448,10.811071395874023
4,240,8,717,10.805002212524414
4,240,9,1893,10.790131568908691
4,240,10,2972,10.651073455810547
4,241,1,1654,12.219301223754883
4,241,2,2607,12.007081985473633
4,241,3,2345,11.979988098144531
4,241,4,641,11.835748672485352
4,241,5,2156,11.734966278076172
4,241,6,1448,11.7100830078125
4,241,7,2108,11.457845687866211
4,241,8,2558,11.338563919067383
4,241,9,2104,11.32177734375
4,241,10,206,11.306310653686523
4,242,1,2576,13.748743057250977
4,242,2,447,13.121334075927734
4,242,3,2607,12.99713134765625
4,242,4,2345,12.825462341308594
4,242,5,641,12.80819034576416
4,242,6,1448,12.677118301391602
4,242,7,2156,12.65215015411377
4,242,8,2108,12.250734329223633
4,242,9,2558,12.24328899383545
4,242,10,2104,12.229767799377441
4,243,1,1654,12.381387710571289
4,243,2,1067,12.323264122009277
4,243,3,1448,11.995506286621094
4,243,4,2607,11.604314804077148
4,243,5,641,11.448492050170898
4,243,6,2664,11.302919387817383
4,243,7,2156,11.296928405761719
4,243,8,1870,11.230165481567383
4,243,9,1121,11.221542358398438
4,243,10,206,11.098214149475098
4,244,1,1448,13.003212928771973
4,244,2,2664,12.9281587600708
4,244,3,1870,12.85062026977539
4,244,4,1413,12.659467697143555
4,244,5,2576,12.449740409851074
4,244,6,283,12.17283821105957
4,244,7,2118,12.081779479980469
4,244,8,1328,12.007055282592773
4,244,9,656,11.945937156677246
4,244,10,508,11.698637008666992
4,245,1,2293,11.735227584838867
4,245,2,2664,11.266782760620117
4,245,3,1870,11.219745635986328
4,245,4,2118,11.178182601928711
4,245,5,1121,11.131486892700195
4,245,6,2009,10.854055404663086
4,245,7,1067,10.763858795166016
4,245,8,1328,10.440162658691406
4,245,9,97,10.410724639892578
4,245,10,2345,10.377209663391113
4,246,1,176,13.167010307312012
4,246,2,1448,13.11822509765625
4,246,3,508,12.99348258972168
4,246,4,283,12.833841323852539
4,246,5,1413,12.544421195983887
4,246,6,553,12.534623146057129
4,246,7,97,12.505424499511719
4,246,8,2576,12.235279083251953
4,246,9,416,12.223356246948242
4,246,10,2118,12.148395538330078
4,247,1,176,11.923307418823242
4,247,2,553,11.595024108886719
4,247,3,1437,11.246683120727539
4,247,4,1466,11.235125541687012
4,247,5,2801,10.654367446899414
4,247,6,641,10.626197814941406
4,247,7,1277,10.578672409057617
4,247,8,2407,10.566120147705078
4,247,9,2607,10.514303207397461
4,247,10,1310,10.482604026794434
4,248,1,176,11.214173316955566
4,248,2,553,10.848739624023438
4,248,3,1466,10.534831047058105
4,248,4,1310,10.490151405334473
4,248,5,1437,10.466459274291992
4,248,6,1277,10.378717422485352
4,248,7,1121,10.154912948608398
4,248,8,718,10.138055801391602
4,248,9,641,9.948596954345703
4,248,10,2407,9.94052505493164
4,249,1,176,9.95595932006836
4,249,2,1277,9.533191680908203
4,249,3,553,9.441999435424805
4,249,4,718,9.354853630065918
4,249,5,416,9.280216217041016
4,249,6,1540,9.271036148071289
4,249,7,1466,9.232072830200195
4,249,8,716,9.097087860107422
4,249,9,783,9.057268142700195
4,249,10,1437,8.950851440429688
4,251,1,1685,12.59784984588623
4,251,2,597,12.257471084594727
4,251,3,666,12.24695110321045
4,251,4,2525,11.718735694885254
4,251,5,653,11.533361434936523
4,251,6,1376,11.353684425354004
4,251,7,122,11.284502029418945
4,251,8,1836,11.008981704711914
4,251,9,541,10.994682312011719
4,251,10,1171,10.903024673461914
4,252,1,2961,13.637065887451172
4,252,2,1685,12.905162811279297
4,252,3,1161,12.857502937316895
4,252,4,495,12.851085662841797
4,252,5,1836,12.795649528503418
4,252,6,1831,12.7735595703125
4,252,7,541,12.761186599731445
4,252,8,1682,12.715153694152832
4,252,9,185,12.582717895507812
4,252,10,72,12.324385643005371
4,253,1,1376,13.875324249267578
4,253,2,1685,13.630372047424316
4,253,3,664,13.549148559570312
4,253,4,495,13.43801498413086
4,253,5,1831,13.358936309814453
4,253,6,1682,13.319969177246094
4,253,7,1161,13.303561210632324
4,253,8,1836,13.291943550109863
4,253,9,541,13.266067504882812
4,253,10,185,13.103116989135742
4,254,1,2769,11.67797565460205
4,254,2,194,11.482412338256836
4,254,3,1558,11.460491180419922
4,254,4,2590,11.316143035888672
4,254,5,495,10.954794883728027
4,254,6,1682,10.94363784790039
4,254,7,1831,10.88214111328125
4,254,8,1161,10.762002944946289
4,254,9,1836,10.748085021972656
4,254,10,852,10.72463321685791
4,255,1,563,12.208929061889648
4,255,2,31,11.752391815185547
4,255,3,2324,11.576272964477539
4,255,4,1685,11.298717498779297
4,255,5,2590,11.147649765014648
4,255,6,495,10.819138526916504
4,255,7,1161,10.773365020751953
4,255,8,1836,10.76583480834961
4,255,9,1831,10.763849258422852
4,255,10,541,10.727437973022461
4,256,1,2590,11.227821350097656
4,256,2,2769,10.517491340637207
4,256,3,194,10.430912017822266
4,256,4,2324,10.016475677490234
4,256,5,563,9.925725936889648
4,256,6,1558,9.886175155639648
4,256,7,852,9.865449905395508
4,256,8,653,9.81174087524414
4,256,9,273,9.492368698120117
4,256,10,31,9.450998306274414
4,257,1,787,13.639793395996094
4,257,2,194,13.038843154907227
4,257,3,44,12.979642868041992
4,257,4,2093,12.882964134216309
4,257,5,1716,12.539588928222656
4,257,6,2028,10.853586196899414
4,257,7,201,10.432964324951172
4,257,8,1161,10.411211013793945
4,257,9,1836,10.391040802001953
4,257,10,541,10.361268997192383
4,258,1,852,12.417652130126953
4,258,2,2743,12.225650787353516
4,258,3,2975,12.09628963470459
4,258,4,2769,12.083711624145508
4,258,5,787,12.047842025756836
4,258,6,1161,12.04688835144043
4,258,7,1836,11.987207412719727
4,258,8,541,11.947956085205078
4,258,9,2772,11.82044792175293
4,258,10,185,11.73307991027832
4,259,1,2590,14.367087364196777
4,259,2,787,13.421183586120605
4,259,3,44,12.34600830078125
4,259,4,1716,11.908090591430664
4,259,5,852,11.627055168151855
4,259,6,2772,10.805780410766602
4,259,7,2028,10.622867584228516
4,259,8,201,10.217229843139648
4,259,9,112,9.867238998413086
4,259,10,1161,9.711907386779785
4,260,1,852,11.343037605285645
4,260,2,2772,10.36610221862793
4,260,3,2429,10.221970558166504
4,260,4,939,10.195429801940918
4,260,5,1558,9.940571784973145
4,260,6,2028,9.697378158569336
4,260,7,201,9.288959503173828
4,260,8,2042,9.070587158203125
4,260,9,1161,9.046344757080078
4,260,10,1836,9.041678428649902
4,262,1,2590,14.281034469604492
4,262,2,2743,12.392683982849121
4,262,3,194,12.01115608215332
4,262,4,2772,11.81550407409668
4,262,5,2429,11.487397193908691
4,262,6,2769,11.390800476074219
4,262,7,49,10.621862411499023
4,262,8,164,10.607831001281738
4,262,9,2212,10.591156005859375
4,262,10,2028,10.356545448303223
4,263,1,2590,13.981902122497559
4,263,2,2772,11.941436767578125
4,263,3,2093,11.830774307250977
4,263,4,194,11.681178092956543
4,263,5,273,11.576486587524414
4,263,6,2975,11.49153995513916
4,263,7,852,11.47460651397705
4,263,8,518,11.405105590820312
4,263,9,2743,11.346908569335938
4,263,10,8,11.323029518127441
4,264,1,2590,12.780129432678223
4,264,2,44,12.276908874511719
4,264,3,1716,12.064155578613281
4,264,4,1159,11.836621284484863
4,264,5,852,11.729412078857422
4,264,6,1380,11.602479934692383
4,264,7,1750,11.411052703857422
4,264,8,2603,11.294960975646973
4,264,9,164,10.993928909301758
4,264,10,194,10.843774795532227
4,265,1,2590,13.239545822143555
4,265,2,44,12.952486038208008
4,265,3,1716,12.778068542480469
4,265,4,2212,12.098043441772461
4,265,5,852,11.996445655822754
4,265,6,1380,11.909902572631836
4,265,7,1161,11.657773971557617
4,265,8,1836,11.501906394958496
4,265,9,541,11.457834243774414
4,265,10,49,11.450642585754395
4,266,1,2590,11.853062629699707
4,266,2,2212,11.79202651977539
4,266,3,2772,11.737031936645508
4,266,4,1380,11.72442626953125
4,266,5,105,11.65466594696045
4,266,6,44,11.38004207611084
4,266,7,518,11.317560195922852
4,266,8,1716,11.293868064880371
4,266,9,2429,11.08073616027832
4,266,10,2603,11.076334953308105
4,267,1,1161,13.914449691772461
4,267,2,1836,13.751127243041992
4,267,3,541,13.698569297790527
4,267,4,2590,13.640698432922363
4,267,5,44,13.561847686767578
4,267,6,1716,13.413026809692383
4,267,7,185,13.408561706542969
4,267,8,122,12.841184616088867
4,267,9,2772,12.776193618774414
4,267,10,1685,12.470123291015625
4,268,1,2772,12.301485061645508
4,268,2,2590,11.689069747924805
4,268,3,1380,11.66711139678955
4,268,4,44,11.352409362792969
4,268,5,1159,11.320024490356445
4,268,6,2429,11.258367538452148
4,268,7,1716,11.228219985961914
4,268,8,1750,10.773207664489746
4,268,9,852,10.730059623718262
4,268,10,2603,10.728582382202148
4,269,1,2772,14.409978866577148
4,269,2,2590,13.725238800048828
4,269,3,105,13.474574089050293
4,269,4,1380,13.391181945800781
4,269,5,44,13.265066146850586
4,269,6,2429,13.1914644241333
4,269,7,3048,13.185094833374023
4,269,8,2640,13.049551010131836
4,269,9,1716,12.98151683807373
4,269,10,852,12.842814445495605
4,271,1,2212,9.73649787902832
4,271,2,2772,9.572504043579102
4,271,3,49,9.391579627990723
4,271,4,1159,9.385258674621582
4,271,5,105,9.325839042663574
4,271,6,44,9.100912094116211
4,271,7,2640,9.083189010620117
4,271,8,2590,9.022244453430176
4,271,9,3048,8.952299118041992
4,271,10,1716,8.937335968017578
4,272,1,2772,13.236059188842773
4,272,2,2590,12.5472993850708
4,272,3,44,12.357099533081055
4,272,4,1750,12.170633316040039
4,272,5,105,12.145089149475098
4,272,6,2429,12.086775779724121
4,272,7,1716,12.059017181396484
4,272,8,852,11.961921691894531
4,272,9,1380,11.916666030883789
4,272,10,2640,11.748825073242188
4,273,1,1685,9.550155639648438
4,273,2,1582,9.176109313964844
4,273,3,1265,8.930273056030273
4,273,4,666,8.92599868774414
4,273,5,2772,8.850481986999512
4,273,6,2628,8.62340259552002
4,273,7,2525,8.606937408447266
4,273,8,1161,8.57728099822998
4,273,9,121,8.559565544128418
4,273,10,2742,8.557497024536133
4,274,1,2772,13.200441360473633
4,274,2,164,12.664249420166016
4,274,3,49,12.351319313049316
4,274,4,852,12.043752670288086
4,274,5,2480,11.934260368347168
4,274,6,2590,11.912002563476562
4,274,7,44,11.844524383544922
4,274,8,1380,11.825411796569824
4,274,9,2429,11.765676498413086
4,274,10,105,11.742424964904785
4,277,1,2628,11.388347625732422
4,277,2,192,11.094945907592773
4,277,3,122,11.007579803466797
4,277,4,2197,10.938807487487793
4,277,5,1685,10.832012176513672
4,277,6,666,10.745393753051758
4,277,7,1665,10.682306289672852
4,277,8,2642,10.590473175048828
4,277,9,597,10.585988998413086
4,277,10,1582,10.534366607666016
4,278,1,1685,11.898052215576172
4,278,2,666,11.494386672973633
4,278,3,597,11.047008514404297
4,278,4,1265,10.758224487304688
4,278,5,2628,10.708266258239746
4,278,6,2525,10.534921646118164
4,278,7,63,10.425084114074707
4,278,8,608,10.384381294250488
4,278,9,192,10.33309555053711
4,278,10,663,10.03166389465332
4,279,1,1685,13.319890975952148
4,279,2,1582,12.852246284484863
4,279,3,666,12.730945587158203
4,279,4,597,12.621535301208496
4,279,5,2197,12.453851699829102
4,279,6,795,11.636926651000977
4,279,7,2525,11.455940246582031
4,279,8,2642,11.247396469116211
4,279,9,2580,11.076142311096191
4,279,10,121,11.073648452758789
4,280,1,1685,12.444662094116211
4,280,2,666,11.730596542358398
4,280,3,597,11.516197204589844
4,280,4,2628,11.454894065856934
4,280,5,2197,11.131290435791016
4,280,6,192,10.983230590820312
4,280,7,2578,10.805342674255371
4,280,8,1265,10.799299240112305
4,280,9,121,10.751180648803711
4,280,10,63,10.582475662231445
4,282,1,2628,10.885581016540527
4,282,2,103,10.527420043945312
4,282,3,2710,10.526993751525879
4,282,4,2197,10.473572731018066
4,282,5,1730,10.469842910766602
4,282,6,1380,10.467010498046875
4,282,7,192,10.349312782287598
4,282,8,1991,10.266056060791016
4,282,9,122,10.245864868164062
4,282,10,2616,10.160691261291504
4,283,1,122,10.251420974731445
4,283,2,2197,10.243812561035156
4,283,3,1380,10.22402572631836
4,283,4,1582,10.002922058105469
4,283,5,608,9.81285285949707
4,283,6,1685,9.658159255981445
4,283,7,2111,9.59476089477539
4,283,8,666,9.539773941040039
4,283,9,663,9.458991050720215
4,283,10,1045,9.423013687133789
4,284,1,1466,11.96152114868164
4,284,2,1277,11.632259368896484
4,284,3,783,11.216136932373047
4,284,4,2407,10.989358901977539
4,284,5,2616,10.762967109680176
4,284,6,666,10.630868911743164
4,284,7,597,10.608407020568848
4,284,8,1540,10.605863571166992
4,284,9,122,10.3095064163208
4,284,10,1754,10.300621032714844
4,285,1,1466,11.375425338745117
4,285,2,1794,11.168302536010742
4,285,3,2616,11.048908233642578
4,285,4,2431,10.364282608032227
4,285,5,2128,10.332633972167969
4,285,6,2672,10.095596313476562
4,285,7,1101,10.038097381591797
4,285,8,1381,10.022302627563477
4,285,9,1991,9.927007675170898
4,285,10,3061,9.909913063049316
4,286,1,553,10.86367130279541
4,286,2,2616,10.697598457336426
4,286,3,1794,10.474263191223145
4,286,4,1540,10.209885597229004
4,286,5,2431,10.137395858764648
4,286,6,1991,10.08602523803711
4,286,7,2128,9.952125549316406
4,286,8,851,9.849081039428711
4,286,9,1101,9.639988899230957
4,286,10,1062,9.600872993469238
4,287,1,2616,11.442291259765625
4,287,2,176,11.438533782958984
4,287,3,1794,11.255762100219727
4,287,4,2431,10.971803665161133
4,287,5,2128,10.834357261657715
4,287,6,1991,10.564628601074219
4,287,7,3061,10.560449600219727
4,287,8,1101,10.423660278320312
4,287,9,2407,10.3402681350708
4,287,10,2672,10.31075668334961
4,288,1,2616,12.086341857910156
4,288,2,2431,11.678018569946289
4,288,3,2128,11.657220840454102
4,288,4,1794,11.554027557373047
4,288,5,1101,11.28905200958252
4,288,6,1381,11.186062812805176
4,288,7,3061,11.1190185546875
4,288,8,1991,10.870218276977539
4,288,9,510,10.851009368896484
4,288,10,2672,10.645780563354492
4,289,1,2616,11.838327407836914
4,289,2,2128,11.73328685760498
4,289,3,176,11.51656723022461
4,289,4,2431,11.473167419433594
4,289,5,1381,11.425872802734375
4,289,6,1101,11.395760536193848
4,289,7,510,10.918581008911133
4,289,8,1794,10.754091262817383
4,289,9,1466,10.741533279418945
4,289,10,2929,10.593412399291992
4,290,1,1336,13.9651460647583
4,290,2,2952,13.958431243896484
4,290,3,1381,13.145452499389648
4,290,4,2616,13.034914016723633
4,290,5,2128,13.0297212600708
4,290,6,2431,13.00395393371582
4,290,7,1101,12.944395065307617
4,290,8,1794,12.720893859863281
4,290,9,1415,12.675189018249512
4,290,10,510,12.669167518615723
4,291,1,1336,13.640759468078613
4,291,2,2128,13.508665084838867
4,291,3,1381,13.356456756591797
4,291,4,727,13.333137512207031
4,291,5,2616,13.294109344482422
4,291,6,1101,13.225765228271484
4,291,7,2431,13.161735534667969
4,291,8,510,12.871783256530762
4,291,9,1794,12.617574691772461
4,291,10,2929,12.464678764343262
4,292,1,1336,12.358280181884766
4,292,2,1059,11.897069931030273
4,292,3,1381,11.781418800354004
4,292,4,2431,11.719608306884766
4,292,5,1760,11.701692581176758
4,292,6,2616,11.646507263183594
4,292,7,2128,11.641826629638672
4,292,8,533,11.577773094177246
4,292,9,1101,11.522303581237793
4,292,10,1730,11.511014938354492
4,293,1,2952,14.362381935119629
4,293,2,1336,14.34345817565918
4,293,3,2128,14.201236724853516
4,293,4,1381,14.043778419494629
4,293,5,1101,13.95710277557373
4,293,6,2616,13.860746383666992
4,293,7,2431,13.700644493103027
4,293,8,1760,13.640376091003418
4,293,9,510,13.621118545532227
4,293,10,1415,13.554595947265625
4,294,1,2128,13.545369148254395
4,294,2,2616,13.406381607055664
4,294,3,1101,13.185312271118164
4,294,4,1381,13.14873218536377
4,294,5,325,13.147090911865234
4,294,6,510,13.021858215332031
4,294,7,1760,12.81389045715332
4,294,8,1991,12.796260833740234
4,294,9,1528,12.73250961303711
4,294,10,1336,12.585746765136719
4,295,1,1760,12.8157958984375
4,295,2,510,12.592259407043457
4,295,3,1991,12.379905700683594
4,295,4,851,12.16224479675293
4,295,5,2929,12.004337310791016
4,295,6,727,11.9756498336792
4,295,7,285,11.962228775024414
4,295,8,375,11.71996784210205
4,295,9,1062,11.284048080444336
4,295,10,2554,11.233095169067383
4,297,1,1381,12.207788467407227
4,297,2,1760,12.029180526733398
4,297,3,2952,11.919836044311523
4,297,4,727,11.642638206481934
4,297,5,533,11.469841003417969
4,297,6,1991,11.39242935180664
4,297,7,375,11.297374725341797
4,297,8,2554,11.081972122192383
4,297,9,2967,11.04916763305664
4,297,10,851,11.021158218383789
4,298,1,2128,13.404532432556152
4,298,2,2952,12.987211227416992
4,298,3,1760,12.665870666503906
4,298,4,3061,12.328520774841309
4,298,5,727,12.25997257232666
4,298,6,1991,12.199132919311523
4,298,7,555,12.147470474243164
4,298,8,533,11.90521240234375
4,298,9,325,11.897113800048828
4,298,10,375,11.824136734008789
4,299,1,1415,9.887479782104492
4,299,2,1927,9.82824420928955
4,299,3,1237,9.597929000854492
4,299,4,3041,9.295814514160156
4,299,5,727,9.207910537719727
4,299,6,325,9.133807182312012
4,299,7,1059,9.095237731933594
4,299,8,2286,9.055655479431152
4,299,9,354,9.042776107788086
4,299,10,2952,8.983709335327148
4,300,1,1250,14.175148010253906
4,300,2,990,13.94460678100586
4,300,3,2343,13.81674575805664
4,300,4,1927,13.336800575256348
4,300,5,2678,13.266955375671387
4,300,6,118,13.226041793823242
4,300,7,2978,13.023483276367188
4,300,8,1597,12.896757125854492
4,300,9,1059,12.744028091430664
4,300,10,1567,12.723714828491211
4,301,1,990,12.192696571350098
4,301,2,1250,12.132872581481934
4,301,3,1072,12.102691650390625
4,301,4,1927,11.69260025024414
4,301,5,2678,11.61366081237793
4,301,6,1016,11.30067253112793
4,301,7,118,11.259634017944336
4,301,8,2137,11.069592475891113
4,301,9,2922,10.990446090698242
4,301,10,1407,10.976919174194336
4,302,1,1920,13.724397659301758
4,302,2,1250,13.381868362426758
4,302,3,990,13.207498550415039
4,302,4,1927,12.82482624053955
4,302,5,2922,12.370147705078125
4,302,6,2678,12.324886322021484
4,302,7,118,12.31955623626709
4,302,8,2137,12.265792846679688
4,302,9,1592,12.057815551757812
4,302,10,1059,12.00261116027832
4,303,1,1189,14.151500701904297
4,303,2,1250,14.11872386932373
4,303,3,990,13.712376594543457
4,303,4,1927,13.420734405517578
4,303,5,1113,13.204050064086914
4,303,6,118,12.976856231689453
4,303,7,2678,12.853792190551758
4,303,8,2137,12.843366622924805
4,303,9,2922,12.581541061401367
4,303,10,1059,12.311042785644531
4,304,1,1116,13.284719467163086
4,304,2,1189,12.879953384399414
4,304,3,59,12.823141098022461
4,304,4,540,12.061450958251953
4,304,5,2969,11.997458457946777
4,304,6,2686,11.772624969482422
4,304,7,1250,11.618949890136719
4,304,8,1995,11.593545913696289
4,304,9,1611,11.5560302734375
4,304,10,1571,11.466225624084473
4,305,1,1449,14.212849617004395
4,305,2,1116,13.537824630737305
4,305,3,1811,13.023096084594727
4,305,4,540,12.673613548278809
4,305,5,2969,12.571786880493164
4,305,6,1250,12.17875862121582
4,305,7,2686,12.149144172668457
4,305,8,2974,12.037904739379883
4,305,9,1571,11.993356704711914
4,305,10,1611,11.922536849975586
4,306,1,540,17.20993423461914
4,306,2,2969,17.106281280517578
4,306,3,2899,17.075950622558594
4,306,4,1250,16.490802764892578
4,306,5,1072,16.441165924072266
4,306,6,1811,16.23029899597168
4,306,7,59,16.176225662231445
4,306,8,1927,15.95287799835205
4,306,9,1113,15.627542495727539
4,306,10,2974,15.177571296691895
4,307,1,1116,11.732782363891602
4,307,2,1920,11.097156524658203
4,307,3,2686,10.711570739746094
4,307,4,1449,10.518725395202637
4,307,5,315,10.40097427368164
4,307,6,562,10.390129089355469
4,307,7,2623,10.384532928466797
4,307,8,2978,10.258283615112305
4,307,9,1611,10.216482162475586
4,307,10,2899,10.033554077148438
4,308,1,1116,14.554386138916016
4,308,2,1920,13.939065933227539
4,308,3,59,13.537054061889648
4,308,4,1823,13.151078224182129
4,308,5,1611,13.148727416992188
4,308,6,1449,13.105645179748535
4,308,7,562,12.748674392700195
4,308,8,540,12.523155212402344
4,308,9,2969,12.455363273620605
4,308,10,397,12.289955139160156
4,309,1,1920,15.384239196777344
4,309,2,59,15.16239070892334
4,309,3,1449,14.796737670898438
4,309,4,1701,14.391839027404785
4,309,5,562,14.009200096130371
4,309,6,315,13.922224044799805
4,309,7,2623,13.87515640258789
4,309,8,2978,13.595523834228516
4,309,9,2899,13.565201759338379
4,309,10,540,13.53398323059082
4,310,1,1116,14.462759971618652
4,310,2,1920,14.062201499938965
4,310,3,1449,13.277076721191406
4,310,4,1995,13.103497505187988
4,310,5,2978,12.472960472106934
4,310,6,1611,12.469776153564453
4,310,7,315,12.457967758178711
4,310,8,2343,12.373575210571289
4,310,9,69,12.33701229095459
4,310,10,2899,12.329737663269043
4,311,1,1571,10.030555725097656
4,311,2,59,10.010040283203125
4,311,3,2686,9.685070037841797
4,311,4,1811,9.63129997253418
4,311,5,1611,9.355466842651367
4,311,6,397,8.956991195678711
4,311,7,1920,8.88748836517334
4,311,8,418,8.678054809570312
4,311,9,455,8.605021476745605
4,311,10,1449,8.581960678100586
4,312,1,397,11.814248085021973
4,312,2,387,11.275206565856934
4,312,3,671,11.192002296447754
4,312,4,646,11.184228897094727
4,312,5,1571,10.988433837890625
4,312,6,2078,10.974074363708496
4,312,7,2403,10.922098159790039
4,312,8,210,10.852846145629883
4,312,9,1030,10.815582275390625
4,312,10,418,10.785183906555176
4,314,1,201,8.856220245361328
4,314,2,704,8.798803329467773
4,314,3,513,8.735406875610352
4,314,4,1206,8.705145835876465
4,314,5,2312,8.654314994812012
4,314,6,1198,8.649553298950195
4,314,7,387,8.571529388427734
4,314,8,2574,8.53030776977539
4,314,9,432,8.520752906799316
4,314,10,2911,8.474039077758789
4,315,1,1206,12.085050582885742
4,315,2,2312,11.678842544555664
4,315,3,201,11.566654205322266
4,315,4,387,11.468719482421875
4,315,5,513,11.41187858581543
4,315,6,195,11.160294532775879
4,315,7,2028,11.080272674560547
4,315,8,704,11.063730239868164
4,315,9,646,11.012702941894531
4,315,10,2956,10.859014511108398
4,316,1,2956,11.357266426086426
4,316,2,1161,10.913745880126953
4,316,3,2363,10.881267547607422
4,316,4,1836,10.781195640563965
4,316,5,541,10.751996994018555
4,316,6,2106,10.7481107711792
4,316,7,633,10.743047714233398
4,316,8,2312,10.676470756530762
4,316,9,387,10.659713745117188
4,316,10,185,10.52139949798584
4,317,1,2956,11.222046852111816
4,317,2,1367,10.920808792114258
4,317,3,1161,10.839518547058105
4,317,4,2363,10.748295783996582
4,317,5,1836,10.712206840515137
4,317,6,541,10.681023597717285
4,317,7,387,10.61595344543457
4,317,8,2312,10.61054801940918
4,317,9,185,10.443157196044922
4,317,10,2500,10.213020324707031
4,318,1,2956,9.818399429321289
4,318,2,1367,9.403913497924805
4,318,3,2500,9.355827331542969
4,318,4,2363,9.260766983032227
4,318,5,633,9.22368049621582
4,318,6,1198,9.156547546386719
4,318,7,2312,9.154481887817383
4,318,8,2106,9.058340072631836
4,318,9,387,8.91320514678955
4,318,10,1158,8.80012321472168
4,319,1,1832,10.899351119995117
4,319,2,1153,10.826310157775879
4,319,3,1206,10.619086265563965
4,319,4,536,10.601778030395508
4,319,5,2493,10.578636169433594
4,319,6,1674,10.545186996459961
4,319,7,2971,10.484030723571777
4,319,8,1354,10.41343879699707
4,319,9,444,10.258512496948242
4,319,10,1723,10.249832153320312
4,323,1,2296,9.38151741027832
4,323,2,851,9.226921081542969
4,323,3,2659,9.218328475952148
4,323,4,2956,9.203423500061035
4,323,5,1991,9.102102279663086
4,323,6,2363,9.090632438659668
4,323,7,104,8.956876754760742
4,323,8,1062,8.946579933166504
4,323,9,2500,8.906598091125488
4,323,10,2075,8.849804878234863
4,324,1,2956,11.14875602722168
4,324,2,2363,10.757912635803223
4,324,3,1367,10.322395324707031
4,324,4,195,10.176467895507812
4,324,5,1206,10.143211364746094
4,324,6,387,9.714319229125977
4,324,7,637,9.414373397827148
4,324,8,1198,9.356968879699707
4,324,9,104,9.338769912719727
4,324,10,1153,9.324585914611816
4,325,1,2363,10.502954483032227
4,325,2,1062,9.478111267089844
4,325,3,2296,9.304713249206543
4,325,4,2106,9.266783714294434
4,325,5,195,9.257101058959961
4,325,6,1466,9.25599193572998
4,325,7,1367,9.25285816192627
4,325,8,2176,9.246038436889648
4,325,9,1153,9.165637969970703
4,325,10,1674,9.157665252685547
4,326,1,1991,9.384085655212402
4,326,2,1466,9.137714385986328
4,326,3,2616,9.089582443237305
4,326,4,851,9.050050735473633
4,326,5,2431,8.820199966430664
4,326,6,2106,8.429323196411133
4,326,7,2176,8.413543701171875
4,326,8,1437,8.406759262084961
4,326,9,553,8.370756149291992
4,326,10,2659,8.357351303100586
4,327,1,2616,8.397523880004883
4,327,2,2296,8.395925521850586
4,327,3,2659,8.350488662719727
4,327,4,203,8.150789260864258
4,327,5,1707,8.13070297241211
4,327,6,2431,8.106633186340332
4,327,7,2956,8.094335556030273
4,327,8,1466,7.846397399902344
4,327,9,2952,7.746901988983154
4,327,10,1963,7.713815689086914
4,328,1,2296,9.066998481750488
4,328,2,2616,9.039653778076172
4,328,3,2431,8.955326080322266
4,328,4,2659,8.85765552520752
4,328,5,203,8.816740989685059
4,328,6,637,8.804356575012207
4,328,7,1707,8.803711891174316
4,328,8,2952,8.774703025817871
4,328,9,2084,8.704947471618652
4,328,10,2363,8.239775657653809
4,329,1,2704,9.846527099609375
4,329,2,1184,9.757360458374023
4,329,3,672,9.69703197479248
4,329,4,2615,9.63349437713623
4,329,5,833,9.519144058227539
4,329,6,1063,9.448957443237305
4,329,7,2912,9.246404647827148
4,329,8,2210,9.218570709228516
4,329,9,1531,9.216287612915039
4,329,10,1698,9.215790748596191
4,330,1,2704,10.671306610107422
4,330,2,1184,10.50187873840332
4,330,3,1531,10.498644828796387
4,330,4,2615,10.441788673400879
4,330,5,1063,10.419137954711914
4,330,6,672,10.306268692016602
4,330,7,833,10.293116569519043
4,330,8,707,10.256689071655273
4,330,9,1698,10.142219543457031
4,330,10,2210,10.029620170593262
4,331,1,1531,10.919862747192383
4,331,2,707,10.532144546508789
4,331,3,1063,10.060752868652344
4,331,4,2704,10.00839614868164
4,331,5,1184,9.8706693649292
4,331,6,1698,9.80492115020752
4,331,7,2615,9.796512603759766
4,331,8,2432,9.589815139770508
4,331,9,672,9.46855354309082
4,331,10,833,9.444965362548828
4,332,1,2917,11.456502914428711
4,332,2,2084,11.411617279052734
4,332,3,2704,11.32717227935791
4,332,4,672,11.233642578125
4,332,5,1063,11.188519477844238
4,332,6,833,11.153104782104492
4,332,7,1422,11.09464168548584
4,332,8,2615,11.06108570098877
4,332,9,1184,10.960517883300781
4,332,10,1991,10.959429740905762
4,333,1,523,18.303089141845703
4,333,2,2145,17.81186294555664
4,333,3,1655,17.642541885375977
4,333,4,2870,17.313743591308594
4,333,5,418,17.064016342163086
4,333,6,2384,17.04977035522461
4,333,7,1203,16.420015335083008
4,333,8,1030,16.370643615722656
4,333,9,210,16.332359313964844
4,333,10,2261,16.275676727294922
4,334,1,523,17.43866729736328
4,334,2,2309,16.725431442260742
4,334,3,2261,15.876554489135742
4,334,4,2107,15.749833106994629
4,334,5,2927,15.678717613220215
4,334,6,900,15.610922813415527
4,334,7,418,15.377559661865234
4,334,8,90,15.368256568908691
4,334,9,1692,14.786600112915039
4,334,10,1203,14.700859069824219
4,335,1,2309,15.276671409606934
4,335,2,2870,15.075838088989258
4,335,3,418,15.046886444091797
4,335,4,90,14.831876754760742
4,335,5,2384,14.560094833374023
4,335,6,1203,14.463754653930664
4,335,7,210,14.338972091674805
4,335,8,1030,14.274150848388672
4,335,9,2078,14.176895141601562
4,335,10,2602,14.126440048217773
4,336,1,2145,17.64858627319336
4,336,2,523,17.6463565826416
4,336,3,2061,17.486156463623047
4,336,4,2870,17.240846633911133
4,336,5,2309,17.206777572631836
4,336,6,1655,16.290199279785156
4,336,7,418,16.226266860961914
4,336,8,90,16.13905143737793
4,336,9,900,16.056737899780273
4,336,10,2107,15.866388320922852
4,337,1,2870,12.335323333740234
4,337,2,2061,11.581668853759766
4,337,3,249,11.452025413513184
4,337,4,2705,11.187356948852539
4,337,5,418,11.053204536437988
4,337,6,1779,10.910017013549805
4,337,7,900,10.900336265563965
4,337,8,90,10.748689651489258
4,337,9,1491,10.717700958251953
4,337,10,788,10.650671005249023
4,338,1,249,18.73440170288086
4,338,2,2061,18.148147583007812
4,338,3,1779,17.729751586914062
4,338,4,2705,17.697507858276367
4,338,5,418,17.46204376220703
4,338,6,788,17.329694747924805
4,338,7,90,17.028221130371094
4,338,8,1491,16.849515914916992
4,338,9,1203,16.106548309326172
4,338,10,899,15.904638290405273
4,339,1,523,16.49408721923828
4,339,2,2870,15.399190902709961
4,339,3,2061,15.16444206237793
4,339,4,418,14.985878944396973
4,339,5,249,14.597131729125977
4,339,6,90,14.511796951293945
4,339,7,2705,14.481345176696777
4,339,8,1491,14.081283569335938
4,339,9,1203,14.038790702819824
4,339,10,1779,13.931029319763184
4,340,1,2145,17.090972900390625
4,340,2,2870,16.215457916259766
4,340,3,2061,15.788349151611328
4,340,4,418,15.608478546142578
4,340,5,249,15.572454452514648
4,340,6,2705,15.232977867126465
4,340,7,90,15.085904121398926
4,340,8,1779,14.876662254333496
4,340,9,1491,14.706917762756348
4,340,10,788,14.664385795593262
4,341,1,1161,7.840654373168945
4,341,2,502,7.815187454223633
4,341,3,1836,7.714988708496094
4,341,4,541,7.692277908325195
4,341,5,671,7.66013240814209
4,341,6,185,7.614672660827637
4,341,7,1897,7.610247611999512
4,341,8,72,7.552613258361816
4,341,9,1472,7.511218547821045
4,341,10,513,7.444310665130615
4,343,1,2261,15.11806869506836
4,343,2,2870,15.097031593322754
4,343,3,418,15.010544776916504
4,343,4,1655,14.857685089111328
4,343,5,249,14.644649505615234
4,343,6,2061,14.14513111114502
4,343,7,2705,13.820954322814941
4,343,8,1779,13.679537773132324
4,343,9,1203,13.560028076171875
4,343,10,1478,13.551353454589844
4,344,1,2403,10.250975608825684
4,344,2,2312,9.591659545898438
4,344,3,1472,9.591156959533691
4,344,4,397,9.539595603942871
4,344,5,513,9.256778717041016
4,344,6,617,9.224709510803223
4,344,7,455,9.036398887634277
4,344,8,1611,9.035821914672852
4,344,9,628,8.859569549560547
4,344,10,210,8.733621597290039
4,345,1,387,12.437015533447266
4,345,2,617,11.805633544921875
4,345,3,101,11.7684326171875
4,345,4,397,11.711435317993164
4,345,5,418,11.274288177490234
4,345,6,1611,11.018884658813477
4,345,7,270,10.945094108581543
4,345,8,1606,10.90015983581543
4,345,9,1678,10.896268844604492
4,345,10,1478,10.83681869506836
4,346,1,387,10.828145980834961
4,346,2,617,9.947877883911133
4,346,3,779,9.822707176208496
4,346,4,2312,9.702582359313965
4,346,5,397,9.487369537353516
4,346,6,270,9.327962875366211
4,346,7,784,9.036785125732422
4,346,8,1611,9.012353897094727
4,346,9,455,8.924871444702148
4,346,10,513,8.899896621704102
4,347,1,671,11.511268615722656
4,347,2,854,11.004084587097168
4,347,3,617,10.79121208190918
4,347,4,397,10.589629173278809
4,347,5,418,10.33329963684082
4,347,6,2312,10.083073616027832
4,347,7,628,10.000503540039062
4,347,8,210,9.997600555419922
4,347,9,2078,9.978660583496094
4,347,10,1611,9.964245796203613
4,348,1,3043,11.723748207092285
4,348,2,2219,10.84118366241455
4,348,3,1966,10.84118366241455
4,348,4,1682,10.83672046661377
4,348,5,1827,10.82144832611084
4,348,6,502,10.773551940917969
4,348,7,653,10.725322723388672
4,348,8,31,10.374746322631836
4,348,9,563,10.348434448242188
4,348,10,474,10.31456184387207
4,349,1,72,10.732043266296387
4,349,2,3043,10.672435760498047
4,349,3,1161,10.341367721557617
4,349,4,1002,10.307052612304688
4,349,5,1836,10.158163070678711
4,349,6,541,10.131104469299316
4,349,7,1897,10.11064338684082
4,349,8,185,10.037652969360352
4,349,9,1682,10.037497520446777
4,349,10,495,9.905218124389648
4,350,1,1682,11.055334091186523
4,350,2,1161,10.553559303283691
4,350,3,495,10.522945404052734
4,350,4,1831,10.402196884155273
4,350,5,1836,10.303949356079102
4,350,6,541,10.270252227783203
4,350,7,185,10.13453483581543
4,350,8,2219,10.064125061035156
4,350,9,1966,10.064125061035156
4,350,10,1304,9.969924926757812
4,351,1,1002,10.35531997680664
4,351,2,1682,10.055578231811523
4,351,3,2163,9.973068237304688
4,351,4,1161,9.791815757751465
4,351,5,495,9.652487754821777
4,351,6,1836,9.588752746582031
4,351,7,541,9.559539794921875
4,351,8,1831,9.549825668334961
4,351,9,185,9.45215129852295
4,351,10,653,9.228029251098633
4,352,1,842,8.455401420593262
4,352,2,201,8.438854217529297
4,352,3,513,8.386198997497559
4,352,4,2911,8.376903533935547
4,352,5,1386,8.269218444824219
4,352,6,594,8.239831924438477
4,352,7,1266,8.232213973999023
4,352,8,535,8.199423789978027
4,352,9,754,8.178876876831055
4,352,10,704,8.074828147888184
4,353,1,535,14.333633422851562
4,353,2,594,14.08537483215332
4,353,3,538,13.984516143798828
4,353,4,2697,13.881803512573242
4,353,5,2272,13.739243507385254
4,353,6,2609,13.693275451660156
4,353,7,2294,13.496082305908203
4,353,8,2311,13.49608039855957
4,353,9,749,13.269647598266602
4,353,10,2562,13.238886833190918
4,354,1,1490,15.263870239257812
4,354,2,535,14.705820083618164
4,354,3,2697,14.704017639160156
4,354,4,594,14.38930892944336
4,354,5,538,14.299576759338379
4,354,6,2272,14.224529266357422
4,354,7,2609,14.21717357635498
4,354,8,2294,13.990328788757324
4,354,9,2311,13.990325927734375
4,354,10,749,13.954973220825195
4,355,1,842,17.38552474975586
4,355,2,754,16.71158218383789
4,355,3,535,16.183761596679688
4,355,4,594,15.84027099609375
4,355,5,579,15.836292266845703
4,355,6,749,15.812739372253418
4,355,7,538,15.759521484375
4,355,8,910,15.697635650634766
4,355,9,2294,15.645068168640137
4,355,10,2311,15.645066261291504
4,356,1,622,16.088726043701172
4,356,2,535,15.763991355895996
4,356,3,2609,15.694397926330566
4,356,4,2272,15.688284873962402
4,356,5,579,15.439244270324707
4,356,6,594,15.418782234191895
4,356,7,538,15.344938278198242
4,356,8,910,15.285000801086426
4,356,9,2294,15.161629676818848
4,356,10,2311,15.161628723144531
4,357,1,1223,16.73617935180664
4,357,2,579,16.568958282470703
4,357,3,2311,16.413715362548828
4,357,4,2294,16.413715362548828
4,357,5,749,15.604795455932617
4,357,6,1311,15.556376457214355
4,357,7,535,15.278340339660645
4,357,8,1266,14.967726707458496
4,357,9,538,14.966315269470215
4,357,10,842,14.94991683959961
4,358,1,842,16.524864196777344
4,358,2,2294,16.429672241210938
4,358,3,2311,16.429672241210938
4,358,4,1266,16.26123809814453
4,358,5,535,15.952195167541504
4,358,6,432,15.824987411499023
4,358,7,2574,15.781730651855469
4,358,8,2869,15.701251983642578
4,358,9,1490,15.682706832885742
4,358,10,594,15.635150909423828
4,359,1,535,17.226367950439453
4,359,2,2609,17.177379608154297
4,359,3,2272,17.115299224853516
4,359,4,538,16.80426597595215
4,359,5,594,16.763200759887695
4,359,6,826,16.50467300415039
4,359,7,842,16.446474075317383
4,359,8,1266,16.265281677246094
4,359,9,2721,16.058643341064453
4,359,10,754,15.967063903808594
4,360,1,535,17.226367950439453
4,360,2,2609,17.177379608154297
4,360,3,2272,17.115299224853516
4,360,4,538,16.80426597595215
4,360,5,594,16.763200759887695
4,360,6,826,16.50467300415039
4,360,7,842,16.446474075317383
4,360,8,1266,16.265281677246094
4,360,9,2721,16.058643341064453
4,360,10,754,15.967063903808594
4,361,1,535,17.226367950439453
4,361,2,2609,17.177379608154297
4,361,3,2272,17.115299224853516
4,361,4,538,16.80426597595215
4,361,5,594,16.763200759887695
4,361,6,826,16.50467300415039
4,361,7,842,16.446474075317383
4,361,8,1266,16.265281677246094
4,361,9,2721,16.058643341064453
4,361,10,754,15.967063903808594
4,362,1,535,17.226367950439453
4,362,2,2609,17.177379608154297
4,362,3,2272,17.115299224853516
4,362,4,538,16.80426597595215
4,362,5,594,16.763200759887695
4,362,6,826,16.50467300415039
4,362,7,842,16.446474075317383
4,362,8,1266,16.265281677246094
4,362,9,2721,16.058643341064453
4,362,10,754,15.967063903808594
4,363,1,535,17.26700782775879
4,363,2,2609,17.218414306640625
4,363,3,2272,17.15512466430664
4,363,4,538,16.843847274780273
4,363,5,594,16.801477432250977
4,363,6,826,16.546905517578125
4,363,7,842,16.472566604614258
4,363,8,1266,16.2940673828125
4,363,9,2721,16.096132278442383
4,363,10,754,15.995562553405762
4,364,1,2061,11.513198852539062
4,364,2,90,11.259477615356445
4,364,3,1655,11.185422897338867
4,364,4,2107,11.158571243286133
4,364,5,2927,11.138765335083008
4,364,6,397,11.077783584594727
4,364,7,628,11.001415252685547
4,364,8,2870,10.981420516967773
4,364,9,523,10.89509391784668
4,364,10,2309,10.696359634399414
4,365,1,2061,11.509994506835938
4,365,2,2107,11.389619827270508
4,365,3,90,11.370833396911621
4,365,4,2927,11.35383415222168
4,365,5,1655,11.338140487670898
4,365,6,523,11.25979995727539
4,365,7,397,11.21376895904541
4,365,8,2309,11.067546844482422
4,365,9,2145,10.809954643249512
4,365,10,2870,10.738073348999023
4,366,1,1203,12.101530075073242
4,366,2,2061,11.983266830444336
4,366,3,90,11.912345886230469
4,366,4,523,11.715838432312012
4,366,5,900,11.602848052978516
4,366,6,1655,11.547112464904785
4,366,7,2107,11.545475006103516
4,366,8,2309,11.537979125976562
4,366,9,2927,11.492183685302734
4,366,10,2145,11.435463905334473
4,367,1,900,13.183425903320312
4,367,2,2870,13.12507438659668
4,367,3,523,13.042362213134766
4,367,4,2061,13.025764465332031
4,367,5,90,13.014961242675781
4,367,6,2145,12.966901779174805
4,367,7,2309,12.767248153686523
4,367,8,1030,12.73115348815918
4,367,9,1655,12.728227615356445
4,367,10,1653,12.609386444091797
4,368,1,90,11.68798828125
4,368,2,397,11.682212829589844
4,368,3,2061,11.562911987304688
4,368,4,2870,11.401620864868164
4,368,5,900,11.329687118530273
4,368,6,1655,11.22548770904541
4,368,7,523,11.200835227966309
4,368,8,2927,11.12744140625
4,368,9,2107,11.107691764831543
4,368,10,2145,10.978630065917969
4,369,1,477,13.914132118225098
4,369,2,1606,13.619203567504883
4,369,3,2687,13.077390670776367
4,369,4,1927,12.523591995239258
4,369,5,1920,12.414163589477539
4,369,6,1449,11.960582733154297
4,369,7,2053,11.607458114624023
4,369,8,1250,11.455615043640137
4,369,9,1189,11.407537460327148
4,369,10,248,11.320467948913574
4,370,1,2739,14.93187141418457
4,370,2,1826,14.695249557495117
4,370,3,2441,14.672148704528809
4,370,4,1927,12.930780410766602
4,370,5,1920,12.476337432861328
4,370,6,900,12.433023452758789
4,370,7,2870,12.42251205444336
4,370,8,1449,12.348587036132812
4,370,9,2543,12.096115112304688
4,370,10,899,12.038980484008789
4,371,1,1678,14.636078834533691
4,371,2,2321,14.187219619750977
4,371,3,2888,14.159445762634277
4,371,4,1223,12.505629539489746
4,371,5,1927,12.314163208007812
4,371,6,1920,12.14456558227539
4,371,7,900,12.110777854919434
4,371,8,2212,12.068857192993164
4,371,9,2543,12.042083740234375
4,371,10,471,11.99917221069336
4,372,1,272,15.134705543518066
4,372,2,477,15.03756332397461
4,372,3,1108,14.568488121032715
4,372,4,2870,13.803159713745117
4,372,5,2145,13.62118911743164
4,372,6,899,13.366683959960938
4,372,7,2543,13.365143775939941
4,372,8,900,13.357714653015137
4,372,9,1223,13.307828903198242
4,372,10,1655,13.086368560791016
4,373,1,272,15.303025245666504
4,373,2,1398,14.717876434326172
4,373,3,2687,13.934541702270508
4,373,4,2870,13.119491577148438
4,373,5,900,13.094919204711914
4,373,6,1920,13.042549133300781
4,373,7,1449,13.028968811035156
4,373,8,1927,12.80494499206543
4,373,9,2145,12.753830909729004
4,373,10,2543,12.618297576904297
4,374,1,1826,14.297229766845703
4,374,2,2464,14.118393898010254
4,374,3,918,13.685546875
4,374,4,1223,12.81983470916748
4,374,5,900,12.709896087646484
4,374,6,2543,12.703506469726562
4,374,7,899,12.680303573608398
4,374,8,2870,12.676654815673828
4,374,9,1920,12.63823413848877
4,374,10,1449,12.563726425170898
4,375,1,2739,15.848301887512207
4,375,2,1108,15.559062957763672
4,375,3,2687,14.827594757080078
4,375,4,2870,13.809332847595215
4,375,5,900,13.753131866455078
4,375,6,2145,13.660656929016113
4,375,7,899,13.62449836730957
4,375,8,2543,13.607671737670898
4,375,9,1223,13.364328384399414
4,375,10,1927,13.330394744873047
4,378,1,477,14.704584121704102
4,378,2,1826,14.339954376220703
4,378,3,2464,13.879280090332031
4,378,4,2870,12.547384262084961
4,378,5,900,12.500892639160156
4,378,6,1927,12.326617240905762
4,378,7,899,12.308868408203125
4,378,8,2543,12.297457695007324
4,378,9,2145,12.241752624511719
4,378,10,1223,12.050554275512695
4,379,1,1678,14.193406105041504
4,379,2,2687,13.62213134765625
4,379,3,2464,13.596986770629883
4,379,4,1920,12.648530006408691
4,379,5,1927,12.596077919006348
4,379,6,1449,12.098623275756836
4,379,7,248,11.99594783782959
4,379,8,471,11.95319652557373
4,379,9,2053,11.794904708862305
4,379,10,1189,11.603570938110352
4,380,1,477,13.606231689453125
4,380,2,1108,13.507308959960938
4,380,3,2888,13.172248840332031
4,380,4,1927,12.1145658493042
4,380,5,1920,11.837858200073242
4,380,6,1449,11.414112091064453
4,380,7,2053,11.18718147277832
4,380,8,248,10.98451042175293
4,380,9,471,10.942707061767578
4,380,10,1250,10.905923843383789
4,381,1,2441,14.584033966064453
4,381,2,1108,14.545364379882812
4,381,3,2687,14.080857276916504
4,381,4,2870,13.42880630493164
4,381,5,1449,13.361687660217285
4,381,6,1920,13.28347110748291
4,381,7,1927,13.132137298583984
4,381,8,900,13.051800727844238
4,381,9,2145,13.03215217590332
4,381,10,315,12.899934768676758
4,383,1,2441,14.239346504211426
4,383,2,1826,14.034368515014648
4,383,3,918,13.369632720947266
4,383,4,2543,12.4412260055542
4,383,5,899,12.416354179382324
4,383,6,1223,12.406241416931152
4,383,7,900,12.330622673034668
4,383,8,2870,12.216080665588379
4,383,9,1927,12.100515365600586
4,383,10,1449,12.003811836242676
4,384,1,272,15.216458320617676
4,384,2,2739,14.848862648010254
4,384,3,1826,14.405933380126953
4,384,4,1927,13.433242797851562
4,384,5,1920,13.270618438720703
4,384,6,1449,13.229268074035645
4,384,7,2870,12.946284294128418
4,384,8,900,12.854048728942871
4,384,9,2145,12.474411964416504
4,384,10,315,12.316354751586914
4,385,1,272,15.424694061279297
4,385,2,1398,14.80299186706543
4,385,3,1678,14.72034740447998
4,385,4,1920,13.218484878540039
4,385,5,1927,12.82722282409668
4,385,6,1449,12.77611255645752
4,385,7,2870,12.710927963256836
4,385,8,900,12.579479217529297
4,385,9,471,12.388575553894043
4,385,10,1611,12.330934524536133
4,386,1,477,14.508122444152832
4,386,2,1606,14.275862693786621
4,386,3,2464,13.813560485839844
4,386,4,2870,12.516685485839844
4,386,5,900,12.50171184539795
4,386,6,1927,12.33458137512207
4,386,7,2145,12.168767929077148
4,386,8,2543,12.088972091674805
4,386,9,899,12.059784889221191
4,386,10,1449,12.031299591064453
4,387,1,1606,14.217733383178711
4,387,2,2888,13.859463691711426
4,387,3,918,13.419048309326172
4,387,4,1927,12.453178405761719
4,387,5,900,12.228801727294922
4,387,6,2870,12.069829940795898
4,387,7,1920,11.974043846130371
4,387,8,1449,11.854674339294434
4,387,9,2543,11.820777893066406
4,387,10,899,11.753946304321289
4,388,1,1398,14.454269409179688
4,388,2,1678,14.364184379577637
4,388,3,1826,14.32651138305664
4,388,4,2870,12.566363334655762
4,388,5,900,12.391517639160156
4,388,6,1927,12.310359954833984
4,388,7,2145,12.239264488220215
4,388,8,899,12.131270408630371
4,388,9,2543,12.087701797485352
4,388,10,1920,12.03112506866455
4,391,1,477,14.583093643188477
4,391,2,1606,14.322875022888184
4,391,3,2441,14.180557250976562
4,391,4,900,12.70490550994873
4,391,5,2870,12.630120277404785
4,391,6,2145,12.412734985351562
4,391,7,899,12.36440658569336
4,391,8,1927,12.29876708984375
4,391,9,2543,12.294486045837402
4,391,10,2602,11.946808815002441
4,392,1,641,11.070613861083984
4,392,2,2607,10.988338470458984
4,392,3,2412,10.250347137451172
4,392,4,1087,10.008476257324219
4,392,5,1280,9.809544563293457
4,392,6,681,9.137774467468262
4,392,7,1966,8.92245101928711
4,392,8,2219,8.92245101928711
4,392,9,546,8.920063018798828
4,392,10,3018,8.913331031799316
4,395,1,2599,12.512887954711914
4,395,2,1102,12.503660202026367
4,395,3,2082,12.471405982971191
4,395,4,2412,10.091527938842773
4,395,5,2293,9.914764404296875
4,395,6,1893,9.699515342712402
4,395,7,1413,9.591445922851562
4,395,8,1615,9.485662460327148
4,395,9,1232,9.425237655639648
4,395,10,2143,9.396846771240234
4,396,1,2108,13.042405128479004
4,396,2,2452,12.331497192382812
4,396,3,2490,11.529443740844727
4,396,4,2412,10.356351852416992
4,396,5,2293,9.577352523803711
4,396,6,1087,9.463899612426758
4,396,7,1413,9.253805160522461
4,396,8,1615,9.190462112426758
4,396,9,2143,9.169737815856934
4,396,10,2621,9.151007652282715
4,397,1,206,11.698938369750977
4,397,2,609,11.304230690002441
4,397,3,475,11.155224800109863
4,397,4,2080,10.9485502243042
4,397,5,1307,10.700552940368652
4,397,6,527,10.62767219543457
4,397,7,2504,10.589189529418945
4,397,8,196,10.21359634399414
4,397,9,2112,10.193434715270996
4,397,10,2910,10.190980911254883
4,398,1,2080,13.004831314086914
4,398,2,103,11.681768417358398
4,398,3,2752,11.578683853149414
4,398,4,1307,11.576309204101562
4,398,5,1413,11.544522285461426
4,398,6,2293,11.485689163208008
4,398,7,1615,11.286515235900879
4,398,8,2910,11.211944580078125
4,398,9,1232,11.171296119689941
4,398,10,2576,11.13424301147461
4,399,1,206,11.917440414428711
4,399,2,609,11.41461181640625
4,399,3,475,10.987560272216797
4,399,4,2080,10.180505752563477
4,399,5,2087,10.163949966430664
4,399,6,527,10.05379581451416
4,399,7,1301,10.021184921264648
4,399,8,500,9.945802688598633
4,399,9,2121,9.850852966308594
4,399,10,689,9.821623802185059
4,400,1,527,8.972711563110352
4,400,2,2504,8.602807998657227
4,400,3,196,8.5938720703125
4,400,4,261,8.590627670288086
4,400,5,2910,8.523575782775879
4,400,6,2136,8.488679885864258
4,400,7,2643,8.172632217407227
4,400,8,82,8.08536148071289
4,400,9,275,8.039871215820312
4,400,10,1413,8.03775691986084
4,401,1,2599,12.068367958068848
4,401,2,2082,12.038047790527344
4,401,3,2156,12.002618789672852
4,401,4,2412,9.852333068847656
4,401,5,2293,9.291584014892578
4,401,6,1087,9.01051139831543
4,401,7,1893,8.969725608825684
4,401,8,1280,8.945783615112305
4,401,9,1413,8.900724411010742
4,401,10,1615,8.893004417419434
4,403,1,609,11.225156784057617
4,403,2,475,10.783035278320312
4,403,3,2136,10.363626480102539
4,403,4,1569,10.27471923828125
4,403,5,689,10.157968521118164
4,403,6,2087,10.157096862792969
4,403,7,2920,10.130594253540039
4,403,8,1287,10.074888229370117
4,403,9,1708,10.066015243530273
4,403,10,2080,10.027135848999023
4,404,1,609,11.511192321777344
4,404,2,475,11.103815078735352
4,404,3,2910,10.345335960388184
4,404,4,689,10.301868438720703
4,404,5,1569,10.26509952545166
4,404,6,2920,10.25191879272461
4,404,7,527,10.077777862548828
4,404,8,2080,10.044143676757812
4,404,9,2118,10.012968063354492
4,404,10,500,9.842049598693848
4,405,1,206,11.434326171875
4,405,2,2080,11.424211502075195
4,405,3,2504,11.33741283416748
4,405,4,261,11.296760559082031
4,405,5,196,11.197741508483887
4,405,6,82,10.83099365234375
4,405,7,2643,10.684066772460938
4,405,8,1333,10.528112411499023
4,405,9,1307,10.229534149169922
4,405,10,2752,9.99917984008789
4,406,1,261,11.05783748626709
4,406,2,275,10.934986114501953
4,406,3,2643,10.731325149536133
4,406,4,82,10.699285507202148
4,406,5,1333,10.415361404418945
4,406,6,1307,10.340686798095703
4,406,7,2752,9.747428894042969
4,406,8,103,9.585390090942383
4,406,9,1300,9.497918128967285
4,406,10,1963,9.294902801513672
4,407,1,1963,11.529620170593262
4,407,2,1991,11.41706657409668
4,407,3,851,11.258820533752441
4,407,4,2616,10.732601165771484
4,407,5,275,10.63000202178955
4,407,6,2643,10.61784553527832
4,407,7,671,10.463130950927734
4,407,8,1875,10.427717208862305
4,407,9,2128,10.400259017944336
4,407,10,1794,10.321465492248535
4,408,1,261,12.770294189453125
4,408,2,275,12.469869613647461
4,408,3,609,12.334455490112305
4,408,4,206,11.835442543029785
4,408,5,1963,11.66540813446045
4,408,6,1991,11.092836380004883
4,408,7,1300,10.938373565673828
4,408,8,2910,10.788481712341309
4,408,9,1307,10.712043762207031
4,408,10,851,10.694528579711914
4,409,1,1878,10.597341537475586
4,409,2,2397,10.234451293945312
4,409,3,1408,10.17466926574707
4,409,4,521,9.986322402954102
4,409,5,261,9.959707260131836
4,409,6,2785,9.857830047607422
4,409,7,2188,9.741057395935059
4,409,8,2817,9.559574127197266
4,409,9,1963,9.292318344116211
4,409,10,387,9.018259048461914
4,410,1,2397,13.773603439331055
4,410,2,493,13.665569305419922
4,410,3,521,13.573844909667969
4,410,4,2423,13.447687149047852
4,410,5,2188,13.090699195861816
4,410,6,2906,12.927597045898438
4,410,7,1437,12.92229175567627
4,410,8,2488,12.830768585205078
4,410,9,1466,12.678783416748047
4,410,10,539,12.665029525756836
4,411,1,539,16.93478012084961
4,411,2,774,15.624883651733398
4,411,3,1408,15.283794403076172
4,411,4,524,13.299561500549316
4,411,5,749,12.555939674377441
4,411,6,595,12.104635238647461
4,411,7,842,12.062499046325684
4,411,8,1490,11.916547775268555
4,411,9,2574,11.783679008483887
4,411,10,432,11.7498779296875
4,412,1,2785,13.660886764526367
4,412,2,2488,12.599262237548828
4,412,3,3017,11.529099464416504
4,412,4,524,11.373537063598633
4,412,5,275,9.736051559448242
4,412,6,738,9.64816665649414
4,412,7,1395,9.647788047790527
4,412,8,1380,9.622283935546875
4,412,9,749,9.622282981872559
4,412,10,1490,9.60062026977539
4,413,1,539,14.179171562194824
4,413,2,3017,11.555888175964355
4,413,3,524,10.94029426574707
4,413,4,2817,10.52552604675293
4,413,5,749,10.127643585205078
4,413,6,1395,9.961737632751465
4,413,7,459,9.565699577331543
4,413,8,1279,9.561023712158203
4,413,9,1495,9.427042007446289
4,413,10,738,9.335363388061523
4,414,1,2906,15.020441055297852
4,414,2,1878,14.51498794555664
4,414,3,774,13.98384952545166
4,414,4,749,13.545825958251953
4,414,5,842,13.348179817199707
4,414,6,524,13.075017929077148
4,414,7,1490,12.893558502197266
4,414,8,2869,12.883337020874023
4,414,9,754,12.7905855178833
4,414,10,2574,12.78308391571045
4,415,1,2028,13.447147369384766
4,415,2,2183,13.292013168334961
4,415,3,876,12.2489013671875
4,415,4,2035,12.151962280273438
4,415,5,1749,12.094632148742676
4,415,6,2590,12.090312957763672
4,415,7,754,12.084770202636719
4,415,8,535,12.037210464477539
4,415,9,518,11.943378448486328
4,415,10,2721,11.887633323669434
4,416,1,201,9.687047958374023
4,416,2,704,9.538203239440918
4,416,3,518,9.411230087280273
4,416,4,112,9.311238288879395
4,416,5,2028,9.254640579223633
4,416,6,91,9.218435287475586
4,416,7,2590,9.150221824645996
4,416,8,2183,9.129640579223633
4,416,9,3019,9.085554122924805
4,416,10,1293,9.019951820373535
4,417,1,704,8.923877716064453
4,417,2,201,8.700204849243164
4,417,3,518,8.60763931274414
4,417,4,1293,8.571968078613281
4,417,5,112,8.444007873535156
4,417,6,2183,8.440221786499023
4,417,7,91,8.401581764221191
4,417,8,2028,8.357645988464355
4,417,9,3019,8.30508804321289
4,417,10,1884,8.261585235595703
4,418,1,538,9.395759582519531
4,418,2,594,9.362211227416992
4,418,3,704,9.350027084350586
4,418,4,2721,9.292255401611328
4,418,5,2272,8.871204376220703
4,418,6,518,8.761757850646973
4,418,7,826,8.661561965942383
4,418,8,2496,8.621686935424805
4,418,9,2183,8.538655281066895
4,418,10,201,8.53350830078125
4,419,1,704,13.855203628540039
4,419,2,3019,13.395353317260742
4,419,3,2590,13.363201141357422
4,419,4,1791,13.227399826049805
4,419,5,1716,12.932605743408203
4,419,6,44,12.791748046875
4,419,7,876,12.641500473022461
4,419,8,518,12.633872032165527
4,419,9,2035,12.54452133178711
4,419,10,1749,12.48128604888916
4,420,1,876,12.72385025024414
4,420,2,704,12.60453987121582
4,420,3,2035,12.589323043823242
4,420,4,1749,12.502867698669434
4,420,5,2183,12.0679931640625
4,420,6,2590,11.97696590423584
4,420,7,1716,11.972970008850098
4,420,8,754,11.88252067565918
4,420,9,884,11.840150833129883
4,420,10,44,11.839363098144531
4,421,1,535,10.168935775756836
4,421,2,538,10.025209426879883
4,421,3,2609,9.899559020996094
4,421,4,704,9.750506401062012
4,421,5,2721,9.581092834472656
4,421,6,826,9.566030502319336
4,421,7,2574,9.235773086547852
4,421,8,201,9.200502395629883
4,421,9,432,9.181721687316895
4,421,10,1517,9.123680114746094
4,422,1,201,14.474357604980469
4,422,2,2590,13.32542896270752
4,422,3,1716,12.822162628173828
4,422,4,3010,12.809228897094727
4,422,5,518,12.793466567993164
4,422,6,44,12.714624404907227
4,422,7,876,12.288936614990234
4,422,8,2035,12.190004348754883
4,422,9,670,12.18758487701416
4,422,10,1293,12.145261764526367
4,423,1,201,12.6761474609375
4,423,2,2028,12.098114967346191
4,423,3,876,11.009162902832031
4,423,4,2035,10.903828620910645
4,423,5,1749,10.8312406539917
4,423,6,754,10.75422191619873
4,423,7,518,10.634115219116211
4,423,8,2911,10.629090309143066
4,423,9,2790,10.592037200927734
4,423,10,535,10.553295135498047
4,424,1,535,14.847174644470215
4,424,2,2294,12.892122268676758
4,424,3,2311,12.892120361328125
4,424,4,754,12.715455055236816
4,424,5,2697,12.688457489013672
4,424,6,579,12.557783126831055
4,424,7,704,12.526829719543457
4,424,8,842,12.46722412109375
4,424,9,1266,12.458433151245117
4,424,10,910,12.340696334838867
4,425,1,2609,12.062807083129883
4,425,2,2272,11.929357528686523
4,425,3,535,11.757521629333496
4,425,4,538,11.601224899291992
4,425,5,594,11.547391891479492
4,425,6,2721,11.455910682678223
4,425,7,2496,11.378496170043945
4,425,8,704,11.273178100585938
4,425,9,1517,11.240601539611816
4,425,10,624,11.067913055419922
4,426,1,826,11.035661697387695
4,426,2,2294,10.930256843566895
4,426,3,2311,10.930255889892578
4,426,4,2574,10.76521110534668
4,426,5,432,10.74332332611084
4,426,6,754,10.679862976074219
4,426,7,704,10.602760314941406
4,426,8,1490,10.575392723083496
4,426,9,842,10.548604965209961
4,426,10,1266,10.380355834960938
4,427,1,2496,10.60676097869873
4,427,2,1380,10.450008392333984
4,427,3,3048,10.395700454711914
4,427,4,1293,10.208876609802246
4,427,5,670,10.198518753051758
4,427,6,105,10.16836166381836
4,427,7,704,9.963678359985352
4,427,8,742,9.877976417541504
4,427,9,1029,9.853358268737793
4,427,10,2700,9.8468599319458
4,428,1,2294,13.281013488769531
4,428,2,2311,13.281011581420898
4,428,3,1517,12.798933029174805
4,428,4,579,12.571989059448242
4,428,5,704,12.567113876342773
4,428,6,754,12.419570922851562
4,428,7,910,12.329488754272461
4,428,8,2645,12.3158540725708
4,428,9,2486,12.314062118530273
4,428,10,2697,12.18631362915039
4,429,1,2294,13.281013488769531
4,429,2,2311,13.281011581420898
4,429,3,1517,12.798933029174805
4,429,4,579,12.571989059448242
4,429,5,704,12.567113876342773
4,429,6,754,12.419570922851562
4,429,7,910,12.329488754272461
4,429,8,2645,12.3158540725708
4,429,9,2486,12.314062118530273
4,429,10,2697,12.18631362915039
4,430,1,2294,13.281013488769531
4,430,2,2311,13.281011581420898
4,430,3,1517,12.798933029174805
4,430,4,579,12.571989059448242
4,430,5,704,12.567113876342773
4,430,6,754,12.419570922851562
4,430,7,910,12.329488754272461
4,430,8,2645,12.3158540725708
4,430,9,2486,12.314062118530273
4,430,10,2697,12.18631362915039
4,435,1,1380,12.610528945922852
4,435,2,2590,12.135680198669434
4,435,3,105,12.094779968261719
4,435,4,201,11.852499008178711
4,435,5,1716,11.768223762512207
4,435,6,2640,11.700119018554688
4,435,7,44,11.615789413452148
4,435,8,2028,11.482282638549805
4,435,9,112,11.253097534179688
4,435,10,704,11.24034309387207
4,436,1,1979,11.744115829467773
4,436,2,3048,11.639480590820312
4,436,3,1380,11.484859466552734
4,436,4,105,11.356062889099121
4,436,5,2323,11.036388397216797
4,436,6,670,10.933599472045898
4,436,7,2684,10.921905517578125
4,436,8,2640,10.893838882446289
4,436,9,2212,10.849308013916016
4,436,10,1293,10.67269515991211
4,437,1,2590,12.986984252929688
4,437,2,1380,12.457019805908203
4,437,3,105,12.431983947753906
4,437,4,1716,12.224405288696289
4,437,5,44,12.060345649719238
4,437,6,3048,12.002168655395508
4,437,7,2640,11.958386421203613
4,437,8,2772,11.919683456420898
4,437,9,1979,11.837178230285645
4,437,10,1293,11.756047248840332
4,438,1,1380,11.630912780761719
4,438,2,264,11.58736515045166
4,438,3,105,11.522266387939453
4,438,4,2590,11.484190940856934
4,438,5,3048,11.284075736999512
4,438,6,1716,11.12141227722168
4,438,7,2640,11.031270980834961
4,438,8,201,10.99339771270752
4,438,9,44,10.984314918518066
4,438,10,2700,10.792877197265625
4,439,1,201,11.585192680358887
4,439,2,704,11.526719093322754
4,439,3,112,11.116616249084473
4,439,4,2028,11.079076766967773
4,439,5,2183,10.840522766113281
4,439,6,1380,10.820682525634766
4,439,7,518,10.577676773071289
4,439,8,91,10.573224067687988
4,439,9,3019,10.470023155212402
4,439,10,1884,10.383719444274902
4,440,1,518,11.54976749420166
4,440,2,201,11.284967422485352
4,440,3,105,11.266120910644531
4,440,4,2590,11.205893516540527
4,440,5,1380,11.17928695678711
4,440,6,264,11.03299331665039
4,440,7,1716,10.998565673828125
4,440,8,2028,10.974291801452637
4,440,9,44,10.834907531738281
4,440,10,2640,10.824074745178223
4,441,1,201,13.383865356445312
4,441,2,2028,12.711872100830078
4,441,3,91,12.499815940856934
4,441,4,112,12.390459060668945
4,441,5,754,12.35045051574707
4,441,6,1884,12.309135437011719
4,441,7,704,12.260042190551758
4,441,8,2574,12.228325843811035
4,441,9,3019,12.20002269744873
4,441,10,432,12.174991607666016
4,442,1,1161,13.44796371459961
4,442,2,1836,13.372026443481445
4,442,3,541,13.333641052246094
4,442,4,185,13.108351707458496
4,442,5,201,12.917923927307129
4,442,6,2028,12.56982421875
4,442,7,1716,12.286215782165527
4,442,8,44,12.24114990234375
4,442,9,1380,12.075901985168457
4,442,10,105,11.970539093017578
4,443,1,535,8.179882049560547
4,443,2,704,8.163159370422363
4,443,3,2721,8.087228775024414
4,443,4,1791,8.045280456542969
4,443,5,2028,7.990586280822754
4,443,6,538,7.982492446899414
4,443,7,518,7.968335151672363
4,443,8,2609,7.9637131690979
4,443,9,624,7.953409194946289
4,443,10,201,7.947028160095215
4,444,1,387,10.413225173950195
4,444,2,1198,10.147112846374512
4,444,3,58,9.997825622558594
4,444,4,633,9.895124435424805
4,444,5,1158,9.85802173614502
4,444,6,2312,9.818324089050293
4,444,7,1386,9.771385192871094
4,444,8,646,9.599020004272461
4,444,9,301,9.595663070678711
4,444,10,1206,9.59074592590332
4,445,1,1611,11.61138916015625
4,445,2,455,11.115959167480469
4,445,3,562,11.04128360748291
4,445,4,975,10.899286270141602
4,445,5,1920,10.881784439086914
4,445,6,2686,10.66386604309082
4,445,7,1449,10.475394248962402
4,445,8,2202,10.381071090698242
4,445,9,1116,10.361907958984375
4,445,10,59,10.229164123535156
4,446,1,301,8.114274978637695
4,446,2,1198,7.884641170501709
4,446,3,432,7.821375846862793
4,446,4,2574,7.789440155029297
4,446,5,633,7.738680839538574
4,446,6,1158,7.732485771179199
4,446,7,201,7.6689605712890625
4,446,8,1206,7.626514434814453
4,446,9,1490,7.555825710296631
4,446,10,2028,7.5371527671813965
4,448,1,672,9.007929801940918
4,448,2,2912,8.867706298828125
4,448,3,127,8.593042373657227
4,448,4,1198,8.141862869262695
4,448,5,833,8.084792137145996
4,448,6,2704,7.940986633300781
4,448,7,1158,7.812006950378418
4,448,8,1063,7.715930938720703
4,448,9,1258,7.697622299194336
4,448,10,2615,7.667359352111816
4,449,1,2704,7.764438629150391
4,449,2,507,7.591382026672363
4,449,3,2615,7.552289962768555
4,449,4,1063,7.459042072296143
4,449,5,127,7.354712963104248
4,449,6,833,7.234792709350586
4,449,7,1698,7.202635765075684
4,449,8,2942,7.173623561859131
4,449,9,1718,7.106302261352539
4,449,10,1048,7.095767974853516
4,450,1,1184,8.87159538269043
4,450,2,833,8.834711074829102
4,450,3,1063,8.464447021484375
4,450,4,127,8.412851333618164
4,450,5,1718,8.411516189575195
4,450,6,2210,8.373109817504883
4,450,7,1048,8.313140869140625
4,450,8,1698,8.242202758789062
4,450,9,1200,8.213627815246582
4,450,10,2391,8.184297561645508
4,451,1,127,9.371395111083984
4,451,2,2942,8.969767570495605
4,451,3,2704,8.911730766296387
4,451,4,2615,8.617137908935547
4,451,5,1386,8.511119842529297
4,451,6,1184,8.49112319946289
4,451,7,1063,8.461562156677246
4,451,8,2814,8.325860977172852
4,451,9,1198,8.263509750366211
4,451,10,1206,8.258993148803711
4,452,1,127,10.866750717163086
4,452,2,672,10.593570709228516
4,452,3,2704,10.141376495361328
4,452,4,1063,10.11318588256836
4,452,5,2615,9.840946197509766
4,452,6,1447,9.834436416625977
4,452,7,1698,9.818770408630371
4,452,8,833,9.754205703735352
4,452,9,1184,9.68126106262207
4,452,10,2432,9.635529518127441
4,453,1,127,13.657490730285645
4,453,2,1447,13.506936073303223
4,453,3,1063,13.401103973388672
4,453,4,707,13.316995620727539
4,453,5,1698,12.944496154785156
4,453,6,2256,12.792219161987305
4,453,7,2432,12.790870666503906
4,453,8,1248,12.754627227783203
4,453,9,1531,12.503145217895508
4,453,10,2704,12.253536224365234
4,454,1,1063,9.354351043701172
4,454,2,1698,9.10606575012207
4,454,3,833,8.965583801269531
4,454,4,1718,8.921002388000488
4,454,5,2432,8.875194549560547
4,454,6,707,8.717710494995117
4,454,7,1048,8.698576927185059
4,454,8,1531,8.591880798339844
4,454,9,127,8.575983047485352
4,454,10,1200,8.498170852661133
4,455,1,707,11.551671981811523
4,455,2,1063,11.493412971496582
4,455,3,1447,11.32512092590332
4,455,4,1698,11.088502883911133
4,455,5,127,11.073338508605957
4,455,6,1531,11.035990715026855
4,455,7,2432,10.973007202148438
4,455,8,1248,10.913071632385254
4,455,9,2256,10.837526321411133
4,455,10,2019,10.261375427246094
4,456,1,127,15.894827842712402
4,456,2,1447,15.522384643554688
4,456,3,707,14.8909273147583
4,456,4,1063,14.586984634399414
4,456,5,2256,14.465808868408203
4,456,6,1248,14.353440284729004
4,456,7,2019,14.092632293701172
4,456,8,1698,14.025696754455566
4,456,9,2432,13.9663724899292
4,456,10,1531,13.804877281188965
4,457,1,1447,12.934283256530762
4,457,2,127,12.887056350708008
4,457,3,1063,12.698284149169922
4,457,4,707,12.660404205322266
4,457,5,1698,12.273443222045898
4,457,6,2256,12.228439331054688
4,457,7,1248,12.22507095336914
4,457,8,2432,12.12313461303711
4,457,9,1531,11.818117141723633
4,457,10,2019,11.614456176757812
4,458,1,707,9.411792755126953
4,458,2,1063,9.37771987915039
4,458,3,127,9.33221435546875
4,458,4,1447,9.249162673950195
4,458,5,1531,9.134446144104004
4,458,6,1698,9.108030319213867
4,458,7,2432,8.980140686035156
4,458,8,1248,8.903568267822266
4,458,9,2256,8.65671443939209
4,458,10,2019,8.480292320251465
4,459,1,1832,11.210028648376465
4,459,2,2493,10.77031421661377
4,459,3,1354,10.545852661132812
4,459,4,1674,10.506221771240234
4,459,5,2956,10.236753463745117
4,459,6,2500,9.814384460449219
4,459,7,2363,9.611373901367188
4,459,8,1206,9.36081600189209
4,459,9,195,9.305747032165527
4,459,10,2971,9.303406715393066
4,460,1,2956,10.654105186462402
4,460,2,1260,10.477992057800293
4,460,3,863,10.432315826416016
4,460,4,2363,10.253856658935547
4,460,5,2500,10.129196166992188
4,460,6,1173,9.901464462280273
4,460,7,1206,9.804089546203613
4,460,8,195,9.676804542541504
4,460,9,2061,9.662931442260742
4,460,10,2106,9.504980087280273
4,461,1,2493,10.624794006347656
4,461,2,1153,10.57748031616211
4,461,3,444,10.246927261352539
4,461,4,2956,10.004915237426758
4,461,5,1206,9.626508712768555
4,461,6,2363,9.584085464477539
4,461,7,2500,9.528873443603516
4,461,8,195,9.332539558410645
4,461,9,2106,9.234055519104004
4,461,10,1367,9.228928565979004
4,462,1,2956,10.29252815246582
4,462,2,2363,9.90431022644043
4,462,3,2500,9.896675109863281
4,462,4,1206,9.71479606628418
4,462,5,554,9.674342155456543
4,462,6,195,9.510594367980957
4,462,7,2106,9.38089656829834
4,462,8,859,9.343420028686523
4,462,9,1367,9.3292236328125
4,462,10,2971,9.284698486328125
4,463,1,1153,12.151494979858398
4,463,2,536,11.967288970947266
4,463,3,2956,11.573396682739258
4,463,4,2664,11.430854797363281
4,463,5,1260,11.4283447265625
4,463,6,656,11.406824111938477
4,463,7,2061,11.333372116088867
4,463,8,1466,11.274925231933594
4,463,9,1328,11.240788459777832
4,463,10,2363,11.218642234802246
4,465,1,668,12.004420280456543
4,465,2,2157,11.93168830871582
4,465,3,2862,11.835844993591309
4,465,4,1279,11.456430435180664
4,465,5,1495,11.189090728759766
4,465,6,1082,10.274881362915039
4,465,7,1878,10.077686309814453
4,465,8,2206,9.80413818359375
4,465,9,2243,9.751949310302734
4,465,10,2161,9.710861206054688
4,467,1,2355,12.782442092895508
4,467,2,1279,11.896324157714844
4,467,3,1495,11.64389419555664
4,467,4,1878,10.880807876586914
4,467,5,1082,10.76060676574707
4,467,6,1516,10.201318740844727
4,467,7,1028,10.06799602508545
4,467,8,2243,10.05670166015625
4,467,9,1466,10.023515701293945
4,467,10,493,9.989487648010254
4,468,1,905,11.641622543334961
4,468,2,1279,11.495393753051758
4,468,3,2354,11.48190689086914
4,468,4,1495,11.25946044921875
4,468,5,1878,10.54879379272461
4,468,6,1082,10.396366119384766
4,468,7,1516,9.93614387512207
4,468,8,1466,9.91655158996582
4,468,9,2243,9.752910614013672
4,468,10,1028,9.740775108337402
4,469,1,1832,10.092483520507812
4,469,2,1674,9.612286567687988
4,469,3,1354,9.611393928527832
4,469,4,2956,8.97825813293457
4,469,5,1206,8.902900695800781
4,469,6,1030,8.656989097595215
4,469,7,1653,8.58564281463623
4,469,8,633,8.56481647491455
4,469,9,3084,8.552422523498535
4,469,10,2363,8.528589248657227
4,470,1,1279,14.037070274353027
4,470,2,1495,13.636581420898438
4,470,3,2931,13.130659103393555
4,470,4,1476,13.105932235717773
4,470,5,1082,12.5931396484375
4,470,6,2161,12.222696304321289
4,470,7,176,12.185324668884277
4,470,8,2206,11.970890045166016
4,470,9,1466,11.902229309082031
4,470,10,1878,11.853663444519043
4,471,1,1248,12.950103759765625
4,471,2,707,11.897485733032227
4,471,3,1742,11.308523178100586
4,471,4,1809,10.952096939086914
4,471,5,1412,10.890106201171875
4,471,6,2432,10.830039978027344
4,471,7,717,10.58473014831543
4,471,8,3079,10.257536888122559
4,471,9,306,10.045492172241211
4,471,10,520,9.799151420593262
4,472,1,1248,14.912623405456543
4,472,2,1742,14.048940658569336
4,472,3,1829,12.001800537109375
4,472,4,1809,11.821259498596191
4,472,5,1412,11.72327995300293
4,472,6,717,11.483707427978516
4,472,7,520,11.05717658996582
4,472,8,3079,11.047041893005371
4,472,9,306,10.831493377685547
4,472,10,1718,10.683015823364258
4,474,1,1531,11.778474807739258
4,474,2,1742,11.54162311553955
4,474,3,1063,11.208776473999023
4,474,4,1698,10.94544506072998
4,474,5,1412,10.059980392456055
4,474,6,1809,9.967960357666016
4,474,7,3079,9.781085968017578
4,474,8,717,9.724634170532227
4,474,9,520,9.39631175994873
4,474,10,1184,9.198307037353516
4,475,1,1447,13.843413352966309
4,475,2,1742,13.102804183959961
4,475,3,127,12.691871643066406
4,475,4,2432,12.063798904418945
4,475,5,1809,11.647069931030273
4,475,6,717,11.250799179077148
4,475,7,1829,11.182239532470703
4,475,8,520,10.471019744873047
4,475,9,306,10.391581535339355
4,475,10,3079,10.333272933959961
4,476,1,127,12.775310516357422
4,476,2,1742,12.567317008972168
4,476,3,1063,11.599247932434082
4,476,4,1531,11.452905654907227
4,476,5,1412,11.067790985107422
4,476,6,1809,10.780556678771973
4,476,7,717,10.366056442260742
4,476,8,520,10.026863098144531
4,476,9,3079,9.828601837158203
4,476,10,306,9.705619812011719
4,477,1,1447,13.220765113830566
4,477,2,1742,12.461370468139648
4,477,3,127,12.284148216247559
4,477,4,1531,12.103389739990234
4,477,5,1809,11.2525053024292
4,477,6,1412,11.074562072753906
4,477,7,520,10.674335479736328
4,477,8,306,10.578814506530762
4,477,9,3079,10.207070350646973
4,477,10,1547,10.150589942932129
4,478,1,1447,13.731287002563477
4,478,2,1248,13.564261436462402
4,478,3,127,13.247997283935547
4,478,4,1742,12.51920223236084
4,478,5,1531,11.56787395477295
4,478,6,1412,11.421844482421875
4,478,7,1809,10.940581321716309
4,478,8,717,10.59140396118164
4,478,9,3079,10.295267105102539
4,478,10,306,10.058272361755371
4,479,1,294,10.531661987304688
4,479,2,1809,10.441941261291504
4,479,3,306,10.152265548706055
4,479,4,1248,10.027809143066406
4,479,5,2972,9.997539520263672
4,479,6,717,9.950053215026855
4,479,7,2100,9.902120590209961
4,479,8,512,9.893278121948242
4,479,9,1981,9.878726959228516
4,479,10,398,9.827011108398438
4,480,1,1248,15.364076614379883
4,480,2,127,13.622771263122559
4,480,3,1063,13.259300231933594
4,480,4,1829,12.066123962402344
4,480,5,1809,11.593189239501953
4,480,6,1412,11.506936073303223
4,480,7,717,11.286142349243164
4,480,8,980,11.1437406539917
4,480,9,1601,11.13383960723877
4,480,10,1738,11.012519836425781
4,481,1,1809,11.922917366027832
4,481,2,306,11.734688758850098
4,481,3,1248,11.577763557434082
4,481,4,1447,11.486642837524414
4,481,5,81,11.426946640014648
4,481,6,1547,11.228586196899414
4,481,7,127,11.061771392822266
4,481,8,520,10.97610855102539
4,481,9,1742,10.472342491149902
4,481,10,1270,10.246561050415039
4,483,1,1248,13.927092552185059
4,483,2,1447,13.09356689453125
4,483,3,127,12.29017162322998
4,483,4,1742,11.837596893310547
4,483,5,2256,11.423052787780762
4,483,6,2019,11.358774185180664
4,483,7,707,11.341790199279785
4,483,8,2048,11.035930633544922
4,483,9,1981,11.013583183288574
4,483,10,1270,10.948949813842773
4,484,1,1248,13.927092552185059
4,484,2,1447,13.09356689453125
4,484,3,127,12.29017162322998
4,484,4,1742,11.837596893310547
4,484,5,2256,11.423052787780762
4,484,6,2019,11.358774185180664
4,484,7,707,11.341790199279785
4,484,8,2048,11.035930633544922
4,484,9,1981,11.013583183288574
4,484,10,1270,10.948949813842773
4,485,1,1412,11.313844680786133
4,485,2,717,10.39883041381836
4,485,3,398,10.249183654785156
4,485,4,1248,9.967201232910156
4,485,5,520,9.880158424377441
4,485,6,1447,9.522310256958008
4,485,7,512,9.211285591125488
4,485,8,1613,9.094226837158203
4,485,9,1252,9.071109771728516
4,485,10,1742,9.009323120117188
4,486,1,294,8.889276504516602
4,486,2,1412,8.562540054321289
4,486,3,81,8.47253131866455
4,486,4,2972,8.104450225830078
4,486,5,2100,8.021870613098145
4,486,6,398,7.975237846374512
4,486,7,306,7.85001802444458
4,486,8,1270,7.822384357452393
4,486,9,1547,7.684420585632324
4,486,10,1985,7.668359756469727
4,487,1,81,10.818531036376953
4,487,2,294,10.760740280151367
4,487,3,1412,10.620475769042969
4,487,4,306,10.441326141357422
4,487,5,2972,10.40097427368164
4,487,6,2100,10.335846900939941
4,487,7,1809,10.165773391723633
4,487,8,398,10.162468910217285
4,487,9,1270,10.143227577209473
4,487,10,1547,10.055757522583008
4,491,1,2590,13.120677947998047
4,491,2,1831,12.928178787231445
4,491,3,495,12.916807174682617
4,491,4,2772,12.888050079345703
4,491,5,44,12.444429397583008
4,491,6,1716,12.348760604858398
4,491,7,852,12.269363403320312
4,491,8,194,11.81556224822998
4,491,9,2028,11.557281494140625
4,491,10,201,11.4619779586792
4,492,1,1161,14.686971664428711
4,492,2,2590,14.321763038635254
4,492,3,2772,13.822509765625
4,492,4,44,13.282196998596191
4,492,5,852,13.220401763916016
4,492,6,1682,13.187336921691895
4,492,7,1716,13.161650657653809
4,492,8,194,12.658376693725586
4,492,9,2743,12.548685073852539
4,492,10,1685,12.453312873840332
4,493,1,541,11.895126342773438
4,493,2,1836,11.882400512695312
4,493,3,1161,11.859325408935547
4,493,4,185,11.827887535095215
4,493,5,2590,11.644340515136719
4,493,6,2772,11.001163482666016
4,493,7,852,10.906269073486328
4,493,8,194,10.761621475219727
4,493,9,2769,10.568460464477539
4,493,10,44,10.463552474975586
4,494,1,185,12.08245849609375
4,494,2,1682,11.373577117919922
4,494,3,2590,11.364025115966797
4,494,4,44,10.749112129211426
4,494,5,194,10.606904983520508
4,494,6,2772,10.581554412841797
4,494,7,1716,10.569954872131348
4,494,8,852,10.477607727050781
4,494,9,72,10.329208374023438
4,494,10,1278,10.240967750549316
4,495,1,2599,9.74271297454834
4,495,2,1102,9.689565658569336
4,495,3,2082,9.67944622039795
4,495,4,2452,9.581182479858398
4,495,5,2156,9.50389575958252
4,495,6,2104,9.49112319946289
4,495,7,2558,9.48902416229248
4,495,8,2194,9.443889617919922
4,495,9,2412,9.193119049072266
4,495,10,2108,9.162740707397461
