fold,user,rank,item,score
0,1,1,880,0.6926897168159485
0,1,2,2358,0.69073086977005
0,1,3,2024,0.685950517654419
0,1,4,2045,0.6825055480003357
0,1,5,1594,0.6748082637786865
0,1,6,2998,0.6464782357215881
0,1,7,2014,0.6433367133140564
0,1,8,2369,0.6385554671287537
0,1,9,2050,0.6340738534927368
0,1,10,1250,0.6223271489143372
0,2,1,1341,0.6109476089477539
0,2,2,2089,0.5972571969032288
0,2,3,98,0.5746154189109802
0,2,4,2202,0.5660974383354187
0,2,5,2067,0.5514641404151917
0,2,6,2618,0.5460190773010254
0,2,7,1435,0.5331537127494812
0,2,8,551,0.5218833088874817
0,2,9,2678,0.5214506983757019
0,2,10,1359,0.520765483379364
0,3,1,1315,0.6090900897979736
0,3,2,2552,0.5871772170066833
0,3,3,2435,0.5729517340660095
0,3,4,2649,0.5607606768608093
0,3,5,2995,0.5579118132591248
0,3,6,2882,0.5395693182945251
0,3,7,1078,0.5314328074455261
0,3,8,2717,0.5306629538536072
0,3,9,1775,0.5297945141792297
0,3,10,629,0.5281398892402649
0,4,1,864,0.5756218433380127
0,4,2,95,0.5736071467399597
0,4,3,230,0.569119930267334
0,4,4,2258,0.5266662836074829
0,4,5,706,0.516909658908844
0,4,6,857,0.505462646484375
0,4,7,364,0.5029633641242981
0,4,8,1427,0.4988236427307129
0,4,9,1691,0.4864829182624817
0,4,10,756,0.4806579053401947
0,7,1,791,0.6053759455680847
0,7,2,1317,0.602541446685791
0,7,3,1580,0.5961402654647827
0,7,4,613,0.5884163975715637
0,7,5,2435,0.5876010060310364
0,7,6,38,0.581577718257904
0,7,7,2165,0.5745137929916382
0,7,8,599,0.574033796787262
0,7,9,1279,0.5738707780838013
0,7,10,551,0.5685262680053711
0,9,1,557,0.7109123468399048
0,9,2,2303,0.6880993843078613
0,9,3,38,0.6630039215087891
0,9,4,476,0.6440677642822266
0,9,5,2288,0.636656641960144
0,9,6,560,0.6363443732261658
0,9,7,2702,0.6264395117759705
0,9,8,1237,0.6246869564056396
0,9,9,1424,0.6221266388893127
0,9,10,2615,0.6184877753257751
0,11,1,598,0.5415332317352295
0,11,2,1642,0.5282911062240601
0,11,3,689,0.523870050907135
0,11,4,1569,0.521708071231842
0,11,5,2920,0.5157032608985901
0,11,6,2287,0.512787938117981
0,11,7,2073,0.5115872621536255
0,11,8,2556,0.5110872387886047
0,11,9,1142,0.5082993507385254
0,11,10,2143,0.5011728405952454
0,12,1,3016,0.5824800133705139
0,12,2,542,0.581303060054779
0,12,3,1055,0.5488147139549255
0,12,4,193,0.5397948026657104
0,12,5,1302,0.5367633104324341
0,12,6,205,0.5359830856323242
0,12,7,1754,0.5323081016540527
0,12,8,426,0.531891405582428
0,12,9,559,0.5317578315734863
0,12,10,1833,0.5317476987838745
0,13,1,2435,0.7221376895904541
0,13,2,1816,0.7204374670982361
0,13,3,1315,0.706154465675354
0,13,4,2995,0.6997948884963989
0,13,5,2649,0.6991462707519531
0,13,6,2552,0.6988853812217712
0,13,7,1194,0.6959906816482544
0,13,8,1340,0.6829777359962463
0,13,9,2536,0.6583267450332642
0,13,10,1881,0.6534181833267212
0,14,1,1650,0.7074511051177979
0,14,2,2435,0.6722813248634338
0,14,3,2920,0.657555878162384
0,14,4,2302,0.6465084552764893
0,14,5,1254,0.6458584666252136
0,14,6,655,0.6428777575492859
0,14,7,689,0.6411473751068115
0,14,8,2933,0.6391698122024536
0,14,9,2432,0.6384978890419006
0,14,10,1698,0.6329235434532166
0,15,1,2435,0.691172182559967
0,15,2,2995,0.6815453767776489
0,15,3,2649,0.6671535968780518
0,15,4,2313,0.6631731390953064
0,15,5,791,0.654717743396759
0,15,6,1775,0.6323589086532593
0,15,7,2796,0.629308819770813
0,15,8,2810,0.6260661482810974
0,15,9,1315,0.618333637714386
0,15,10,2474,0.6152113080024719
0,16,1,2533,0.5912682414054871
0,16,2,2702,0.586129367351532
0,16,3,2474,0.5826719999313354
0,16,4,2432,0.5738670825958252
0,16,5,634,0.5710329413414001
0,16,6,2137,0.5702423453330994
0,16,7,1358,0.5599433779716492
0,16,8,1698,0.5547537207603455
0,16,9,1650,0.5539780855178833
0,16,10,1775,0.5525144338607788
0,17,1,2796,0.7189250588417053
0,17,2,6,0.6754265427589417
0,17,3,599,0.67528235912323
0,17,4,38,0.6602911353111267
0,17,5,1279,0.6421883702278137
0,17,6,1724,0.6419824957847595
0,17,7,1127,0.6384230256080627
0,17,8,1428,0.6350308656692505
0,17,9,2353,0.6294487118721008
0,17,10,2702,0.6235186457633972
0,18,1,1816,0.6045154929161072
0,18,2,1946,0.5337717533111572
0,18,3,1525,0.5278494358062744
0,18,4,2901,0.5197255611419678
0,18,5,1858,0.5075276494026184
0,18,6,731,0.4937034547328949
0,18,7,1721,0.48567914962768555
0,18,8,2998,0.48322293162345886
0,18,9,2144,0.48309919238090515
0,18,10,2432,0.4758702218532562
0,21,1,1237,0.6725825071334839
0,21,2,2286,0.6677612066268921
0,21,3,38,0.6595519185066223
0,21,4,1302,0.6595102548599243
0,21,5,1415,0.6546851992607117
0,21,6,1111,0.6413165926933289
0,21,7,2165,0.6395764350891113
0,21,8,416,0.6331825256347656
0,21,9,509,0.6315864324569702
0,21,10,1465,0.6298221349716187
0,22,1,30,0.7577949166297913
0,22,2,613,0.7406435012817383
0,22,3,1580,0.7382979989051819
0,22,4,1317,0.724797248840332
0,22,5,1320,0.7246856689453125
0,22,6,551,0.7230654358863831
0,22,7,6,0.7197360396385193
0,22,8,703,0.718593180179596
0,22,9,1931,0.7159878611564636
0,22,10,132,0.7158739566802979
0,23,1,2367,0.6571130752563477
0,23,2,598,0.6518711447715759
0,23,3,1267,0.6441071033477783
0,23,4,556,0.642239511013031
0,23,5,215,0.6328424215316772
0,23,6,629,0.6313083171844482
0,23,7,2238,0.6295709609985352
0,23,8,1044,0.625872015953064
0,23,9,3016,0.6255805492401123
0,23,10,1142,0.6249490976333618
0,24,1,1946,0.6080387830734253
0,24,2,1966,0.5735173225402832
0,24,3,2219,0.5654948949813843
0,24,4,1151,0.5499861836433411
0,24,5,2848,0.5480132102966309
0,24,6,1201,0.5393674373626709
0,24,7,2144,0.5316866040229797
0,24,8,598,0.5279901027679443
0,24,9,767,0.525982141494751
0,24,10,215,0.5197301506996155
0,25,1,2882,0.6857558488845825
0,25,2,1151,0.6796334385871887
0,25,3,235,0.6783034801483154
0,25,4,1078,0.6708787679672241
0,25,5,2344,0.6667498350143433
0,25,6,756,0.6595764756202698
0,25,7,1340,0.6592196226119995
0,25,8,2995,0.6542076468467712
0,25,9,2989,0.6531133651733398
0,25,10,1176,0.6529461145401001
0,26,1,2536,0.7697929739952087
0,26,2,1341,0.7560883164405823
0,26,3,98,0.7302893996238708
0,26,4,1712,0.7287686467170715
0,26,5,2447,0.7276808619499207
0,26,6,2089,0.7197156548500061
0,26,7,2067,0.7152264714241028
0,26,8,1872,0.7082919478416443
0,26,9,2219,0.6926895380020142
0,26,10,2097,0.6900951862335205
0,27,1,601,0.6386224031448364
0,27,2,756,0.626606285572052
0,27,3,2727,0.602583646774292
0,27,4,2552,0.5983952283859253
0,27,5,1201,0.5981054902076721
0,27,6,1691,0.5958492159843445
0,27,7,2127,0.5910443067550659
0,27,8,2848,0.5884155631065369
0,27,9,598,0.5817376375198364
0,27,10,2285,0.5697447061538696
0,28,1,1417,0.7178292274475098
0,28,2,471,0.7020009756088257
0,28,3,2273,0.6860272288322449
0,28,4,1047,0.686014711856842
0,28,5,390,0.6859442591667175
0,28,6,2098,0.6848160624504089
0,28,7,1738,0.6815817952156067
0,28,8,1300,0.6761456727981567
0,28,9,530,0.6659621596336365
0,28,10,2914,0.6633694767951965
0,29,1,1882,0.639881432056427
0,29,2,2832,0.637787401676178
0,29,3,1435,0.6365768313407898
0,29,4,2668,0.6356286406517029
0,29,5,2994,0.6326747536659241
0,29,6,780,0.621887743473053
0,29,7,3037,0.6155100464820862
0,29,8,1588,0.6119503974914551
0,29,9,2367,0.6055441498756409
0,29,10,2210,0.6016260981559753
0,31,1,1816,0.7219579815864563
0,31,2,2901,0.6170777678489685
0,31,3,857,0.5811271667480469
0,31,4,2552,0.5803981423377991
0,31,5,364,0.5793663859367371
0,31,6,766,0.5774751901626587
0,31,7,756,0.5748543739318848
0,31,8,2144,0.5624420642852783
0,31,9,2053,0.5486157536506653
0,31,10,1340,0.5395988821983337
0,32,1,2963,0.6407638788223267
0,32,2,2121,0.638215184211731
0,32,3,773,0.6318855881690979
0,32,4,1438,0.6309042572975159
0,32,5,1927,0.6302717328071594
0,32,6,2583,0.6240101456642151
0,32,7,1600,0.6218023300170898
0,32,8,2546,0.6211238503456116
0,32,9,645,0.619744598865509
0,32,10,544,0.6136001944541931
0,33,1,60,0.7275058627128601
0,33,2,1091,0.7083009481430054
0,33,3,1812,0.6869845390319824
0,33,4,2951,0.6785083413124084
0,33,5,2740,0.670387327671051
0,33,6,2734,0.6695769429206848
0,33,7,1502,0.6624154448509216
0,33,8,1521,0.661320686340332
0,33,9,861,0.6553725600242615
0,33,10,3009,0.651283323764801
0,34,1,524,0.6603245735168457
0,34,2,993,0.6596684455871582
0,34,3,459,0.6590617299079895
0,34,4,1312,0.656126856803894
0,34,5,2844,0.6492422223091125
0,34,6,1682,0.6173745393753052
0,34,7,1223,0.6096211671829224
0,34,8,1278,0.6044551134109497
0,34,9,1837,0.6028124094009399
0,34,10,439,0.6024341583251953
0,35,1,2089,0.6798617839813232
0,35,2,1341,0.6516390442848206
0,35,3,298,0.645672619342804
0,35,4,2067,0.6332330107688904
0,35,5,98,0.6269341707229614
0,35,6,2211,0.6210485696792603
0,35,7,1712,0.6145951151847839
0,35,8,2368,0.6056744456291199
0,35,9,1359,0.5998059511184692
0,35,10,2751,0.5984631776809692
0,36,1,2368,0.5722155570983887
0,36,2,1359,0.5461121797561646
0,36,3,2089,0.539947509765625
0,36,4,1438,0.5290980339050293
0,36,5,2341,0.5263487100601196
0,36,6,2678,0.5207011699676514
0,36,7,2202,0.5204933881759644
0,36,8,1341,0.5202829837799072
0,36,9,2121,0.5158877968788147
0,36,10,2267,0.5088732242584229
0,37,1,60,0.7330764532089233
0,37,2,1650,0.7017449140548706
0,37,3,2804,0.7011369466781616
0,37,4,2552,0.6953032612800598
0,37,5,791,0.6939390301704407
0,37,6,2435,0.6928399801254272
0,37,7,1078,0.6904208064079285
0,37,8,2717,0.6804739832878113
0,37,9,706,0.6779387593269348
0,37,10,2649,0.6767345070838928
0,38,1,530,0.7113355398178101
0,38,2,2273,0.6925477385520935
0,38,3,1417,0.6810271143913269
0,38,4,1308,0.6792938709259033
0,38,5,2894,0.6684935092926025
0,38,6,471,0.6662028431892395
0,38,7,1738,0.6645532250404358
0,38,8,1165,0.6601922512054443
0,38,9,1848,0.6592051982879639
0,38,10,2789,0.6518951654434204
0,39,1,174,0.7193410396575928
0,39,2,2193,0.7145885825157166
0,39,3,1848,0.7096995711326599
0,39,4,2684,0.703392744064331
0,39,5,1513,0.7016777992248535
0,39,6,113,0.697500467300415
0,39,7,1979,0.6935253739356995
0,39,8,1165,0.6881014704704285
0,39,9,2789,0.6787434220314026
0,39,10,2,0.6784113049507141
0,40,1,1710,0.6574943661689758
0,40,2,1427,0.656990647315979
0,40,3,612,0.6483249664306641
0,40,4,2347,0.6433494091033936
0,40,5,559,0.6428177356719971
0,40,6,3054,0.6403014659881592
0,40,7,498,0.6382259726524353
0,40,8,1047,0.6280279755592346
0,40,9,55,0.6261100769042969
0,40,10,732,0.6239447593688965
0,42,1,1016,0.7690586447715759
0,42,2,315,0.7682783007621765
0,42,3,704,0.764321506023407
0,42,4,1678,0.7407655715942383
0,42,5,2974,0.7243158221244812
0,42,6,1347,0.722510814666748
0,42,7,2888,0.7211135625839233
0,42,8,1398,0.7188278436660767
0,42,9,1517,0.7187466621398926
0,42,10,477,0.7185876965522766
0,43,1,1165,0.8013284206390381
0,43,2,471,0.7656413316726685
0,43,3,2183,0.7575052380561829
0,43,4,201,0.7522934675216675
0,43,5,174,0.7441299557685852
0,43,6,704,0.7417612671852112
0,43,7,826,0.7370666861534119
0,43,8,112,0.7367099523544312
0,43,9,1196,0.7331485152244568
0,43,10,1517,0.732964038848877
0,45,1,2273,0.7762895822525024
0,45,2,530,0.7380391359329224
0,45,3,1621,0.7313858270645142
0,45,4,1308,0.7059798836708069
0,45,5,1251,0.702423632144928
0,45,6,1344,0.690639853477478
0,45,7,555,0.6867949366569519
0,45,8,2442,0.6866374611854553
0,45,9,2347,0.6846896409988403
0,45,10,670,0.6843559145927429
0,46,1,667,0.7087175846099854
0,46,2,1621,0.7054786682128906
0,46,3,530,0.7028087377548218
0,46,4,390,0.7018289566040039
0,46,5,1308,0.6733426451683044
0,46,6,538,0.6733342409133911
0,46,7,670,0.6727768182754517
0,46,8,2193,0.6708764433860779
0,46,9,1251,0.6638599038124084
0,46,10,518,0.6599969863891602
0,47,1,667,0.7251269221305847
0,47,2,174,0.6777352690696716
0,47,3,1621,0.6713854670524597
0,47,4,375,0.6696703433990479
0,47,5,518,0.668802797794342
0,47,6,1513,0.6655675172805786
0,47,7,1344,0.6621041297912598
0,47,8,2754,0.6609827280044556
0,47,9,2684,0.6588669419288635
0,47,10,530,0.6510922908782959
0,48,1,2273,0.7091201543807983
0,48,2,2,0.7090629935264587
0,48,3,1738,0.68996661901474
0,48,4,1621,0.6805272698402405
0,48,5,2442,0.6646760106086731
0,48,6,530,0.6644133925437927
0,48,7,375,0.6572852730751038
0,48,8,1251,0.6535440683364868
0,48,9,670,0.6517407894134521
0,48,10,518,0.6484565138816833
0,49,1,704,0.7787256240844727
0,49,2,2183,0.7766253352165222
0,49,3,201,0.7742273807525635
0,49,4,1196,0.7597526907920837
0,49,5,112,0.7556618452072144
0,49,6,2826,0.7502356767654419
0,49,7,174,0.7501125335693359
0,49,8,2028,0.7447760105133057
0,49,9,667,0.7436209321022034
0,49,10,1979,0.7301379442214966
0,50,1,1417,0.7315511703491211
0,50,2,1848,0.6975446939468384
0,50,3,538,0.6958225965499878
0,50,4,530,0.6915765404701233
0,50,5,670,0.6833826899528503
0,50,6,1621,0.6827370524406433
0,50,7,594,0.6750693321228027
0,50,8,535,0.6732788681983948
0,50,9,826,0.6697148680686951
0,50,10,585,0.6690743565559387
0,51,1,2273,0.7674368619918823
0,51,2,530,0.7361747622489929
0,51,3,1621,0.7313871383666992
0,51,4,1308,0.6966391205787659
0,51,5,1251,0.6926460266113281
0,51,6,2347,0.6887465119361877
0,51,7,585,0.6808082461357117
0,51,8,670,0.6802787780761719
0,51,9,2442,0.6712592244148254
0,51,10,538,0.6694441437721252
0,52,1,1415,0.7506161332130432
0,52,2,137,0.7437823414802551
0,52,3,544,0.7406919002532959
0,52,4,1237,0.717338502407074
0,52,5,1202,0.7134107947349548
0,52,6,416,0.7061108946800232
0,52,7,1100,0.7056688070297241
0,52,8,1757,0.7019697427749634
0,52,9,3041,0.6969178318977356
0,52,10,327,0.6927749514579773
0,53,1,1805,0.7139254808425903
0,53,2,484,0.7131855487823486
0,53,3,544,0.6858496069908142
0,53,4,1757,0.6823104023933411
0,53,5,1415,0.6793754696846008
0,53,6,1202,0.6729385256767273
0,53,7,1100,0.6721248030662537
0,53,8,3041,0.6701460480690002
0,53,9,1302,0.6676929593086243
0,53,10,2003,0.6615198254585266
0,54,1,544,0.7736586332321167
0,54,2,484,0.7698391675949097
0,54,3,3041,0.7630165815353394
0,54,4,1415,0.7558971643447876
0,54,5,1202,0.7512535452842712
0,54,6,1724,0.7455255389213562
0,54,7,1100,0.7451649308204651
0,54,8,1237,0.7422271370887756
0,54,9,327,0.7362220287322998
0,54,10,1580,0.7341352701187134
0,55,1,3059,0.860076367855072
0,55,2,1927,0.7723775506019592
0,55,3,1250,0.7630133628845215
0,55,4,773,0.7567043900489807
0,55,5,544,0.7549183368682861
0,55,6,1781,0.7520661354064941
0,55,7,2546,0.751314103603363
0,55,8,1100,0.7494549751281738
0,55,9,195,0.7461243271827698
0,55,10,984,0.7413721084594727
0,56,1,2368,0.6813616752624512
0,56,2,2678,0.6678180694580078
0,56,3,645,0.6612846255302429
0,56,4,1446,0.6285226941108704
0,56,5,890,0.6209823489189148
0,56,6,637,0.6109380722045898
0,56,7,1053,0.5976141095161438
0,56,8,2340,0.5876175761222839
0,56,9,2742,0.5804688930511475
0,56,10,1466,0.5780004262924194
0,57,1,2368,0.6915771961212158
0,57,2,2121,0.6570010781288147
0,57,3,2678,0.6567613482475281
0,57,4,2594,0.6516295075416565
0,57,5,2742,0.6462970972061157
0,57,6,2583,0.6393038630485535
0,57,7,2356,0.6353926062583923
0,57,8,2341,0.6326169967651367
0,57,9,2202,0.6325033903121948
0,57,10,637,0.6267011165618896
0,58,1,2340,0.7094432711601257
0,58,2,1910,0.6899918913841248
0,58,3,851,0.643764317035675
0,58,4,783,0.6416639089584351
0,58,5,3027,0.6364135146141052
0,58,6,1053,0.6360533237457275
0,58,7,1540,0.6324790716171265
0,58,8,637,0.6290102601051331
0,58,9,2678,0.627170741558075
0,58,10,1495,0.6244857311248779
0,59,1,645,0.6936594247817993
0,59,2,2368,0.6783540844917297
0,59,3,637,0.6750403046607971
0,59,4,1053,0.6453158259391785
0,59,5,2678,0.6416667699813843
0,59,6,2075,0.6331444978713989
0,59,7,1446,0.6273348927497864
0,59,8,2340,0.6266442537307739
0,59,9,1466,0.6223303079605103
0,59,10,1910,0.6148729920387268
0,60,1,1059,0.7458569407463074
0,60,2,1567,0.7339255213737488
0,60,3,1726,0.7320569753646851
0,60,4,32,0.7119295001029968
0,60,5,2053,0.701593816280365
0,60,6,773,0.676516592502594
0,60,7,99,0.6668171882629395
0,60,8,1388,0.6601884961128235
0,60,9,2546,0.659076452255249
0,60,10,1250,0.6521607041358948
0,61,1,1059,0.7547122836112976
0,61,2,32,0.7536678314208984
0,61,3,2053,0.7468876838684082
0,61,4,1726,0.7330074310302734
0,61,5,1567,0.7245165109634399
0,61,6,533,0.6945372223854065
0,61,7,2583,0.6871747970581055
0,61,8,551,0.6618332266807556
0,61,9,584,0.6559852361679077
0,61,10,773,0.6467956900596619
0,62,1,1059,0.6928204298019409
0,62,2,2914,0.6794350147247314
0,62,3,32,0.6672457456588745
0,62,4,2053,0.6550302505493164
0,62,5,1567,0.6550045609474182
0,62,6,1726,0.6518348455429077
0,62,7,533,0.6456983685493469
0,62,8,1721,0.6072684526443481
0,62,9,1012,0.6032416224479675
0,62,10,2952,0.6022312641143799
0,63,1,1059,0.6376653909683228
0,63,2,32,0.6315529942512512
0,63,3,584,0.6292847394943237
0,63,4,2053,0.6226451396942139
0,63,5,533,0.6056850552558899
0,63,6,2723,0.5993505716323853
0,63,7,1726,0.5932097434997559
0,63,8,1657,0.5920011401176453
0,63,9,1567,0.5898396372795105
0,63,10,2082,0.5856369733810425
0,64,1,795,0.7343001961708069
0,64,2,2580,0.6724491715431213
0,64,3,2581,0.6666300296783447
0,64,4,2111,0.6613264083862305
0,64,5,1400,0.6579739451408386
0,64,6,2197,0.6515619158744812
0,64,7,121,0.6498197317123413
0,64,8,2405,0.643776535987854
0,64,9,2628,0.6277172565460205
0,64,10,2481,0.6258389949798584
0,65,1,1737,0.618539571762085
0,65,2,2742,0.6094504594802856
0,65,3,400,0.6045819520950317
0,65,4,1300,0.6005517840385437
0,65,5,2914,0.5921623110771179
0,65,6,1089,0.5870324373245239
0,65,7,1012,0.5858768224716187
0,65,8,2405,0.5846692323684692
0,65,9,1461,0.5836020708084106
0,65,10,1730,0.5806816220283508
0,66,1,1365,0.7527706027030945
0,66,2,795,0.7318123579025269
0,66,3,1600,0.7215450406074524
0,66,4,2742,0.7023888230323792
0,66,5,645,0.7001566886901855
0,66,6,2580,0.6980890035629272
0,66,7,1064,0.695461094379425
0,66,8,2356,0.6951776146888733
0,66,9,1422,0.6890993714332581
0,66,10,1438,0.6860707998275757
0,67,1,1446,0.6127763986587524
0,67,2,2045,0.6120681166648865
0,67,3,2914,0.6018610000610352
0,67,4,2099,0.6016569137573242
0,67,5,2922,0.590321958065033
0,67,6,1089,0.5899233222007751
0,67,7,1785,0.588697612285614
0,67,8,2405,0.5764907598495483
0,67,9,2121,0.5750905275344849
0,67,10,453,0.5748820900917053
0,68,1,1438,0.724750280380249
0,68,2,1600,0.7031729817390442
0,68,3,1365,0.6933478116989136
0,68,4,2583,0.6855630278587341
0,68,5,645,0.6781384944915771
0,68,6,795,0.6732544302940369
0,68,7,2356,0.671733558177948
0,68,8,2594,0.6707329154014587
0,68,9,2121,0.6705024838447571
0,68,10,2963,0.6437953114509583
0,69,1,795,0.7234325408935547
0,69,2,121,0.7084077000617981
0,69,3,2580,0.7074664235115051
0,69,4,1546,0.6989142298698425
0,69,5,1400,0.6928454637527466
0,69,6,2628,0.6919103264808655
0,69,7,1047,0.682283341884613
0,69,8,2197,0.68067866563797
0,69,9,1963,0.670657217502594
0,69,10,2099,0.6671447157859802
0,70,1,2922,0.700720489025116
0,70,2,559,0.6816172003746033
0,70,3,2998,0.6742470264434814
0,70,4,1548,0.6729966402053833
0,70,5,1858,0.6722013354301453
0,70,6,1525,0.662726640701294
0,70,7,542,0.6556947827339172
0,70,8,2416,0.6519019603729248
0,70,9,498,0.651290774345398
0,70,10,3054,0.6511619687080383
0,71,1,1047,0.7079998254776001
0,71,2,1055,0.7001018524169922
0,71,3,2099,0.6927149891853333
0,71,4,559,0.6897562742233276
0,71,5,3054,0.6830055117607117
0,71,6,612,0.6813421249389648
0,71,7,498,0.680190920829773
0,71,8,611,0.6755085587501526
0,71,9,2396,0.6755067110061646
0,71,10,453,0.6614950895309448
0,72,1,1725,0.8030489683151245
0,72,2,453,0.7921714186668396
0,72,3,2090,0.7694661617279053
0,72,4,1528,0.7619143128395081
0,72,5,1012,0.7615683078765869
0,72,6,1344,0.7595762610435486
0,72,7,1461,0.7578903436660767
0,72,8,1127,0.7505745887756348
0,72,9,1546,0.7446308135986328
0,72,10,599,0.7347286939620972
0,73,1,1127,0.7865974307060242
0,73,2,1300,0.7440012097358704
0,73,3,1724,0.7391303777694702
0,73,4,1495,0.735274076461792
0,73,5,1725,0.7282201647758484
0,73,6,551,0.7266626358032227
0,73,7,484,0.7211863994598389
0,73,8,1279,0.720801055431366
0,73,9,2702,0.715018093585968
0,73,10,453,0.7096226811408997
0,74,1,1730,0.796173632144928
0,74,2,1725,0.7843503952026367
0,74,3,1012,0.7818470597267151
0,74,4,551,0.7719131708145142
0,74,5,453,0.7709961533546448
0,74,6,1724,0.7707439661026001
0,74,7,584,0.7571922540664673
0,74,8,1495,0.7503771781921387
0,74,9,1300,0.748173713684082
0,74,10,327,0.7471348643302917
0,75,1,1300,0.7778701782226562
0,75,2,1461,0.7686346173286438
0,75,3,1725,0.7666308879852295
0,75,4,453,0.7481929659843445
0,75,5,1546,0.7439785599708557
0,75,6,1012,0.7279719114303589
0,75,7,551,0.7239558100700378
0,75,8,2090,0.7238355875015259
0,75,9,1528,0.7172715663909912
0,75,10,1273,0.7140525579452515
0,76,1,732,0.75807124376297
0,76,2,2161,0.7570292353630066
0,76,3,2372,0.7430033683776855
0,76,4,1091,0.7339494228363037
0,76,5,481,0.7313905358314514
0,76,6,644,0.7246313095092773
0,76,7,2734,0.7222543954849243
0,76,8,2740,0.7147595882415771
0,76,9,1521,0.7096555233001709
0,76,10,2287,0.7063412070274353
0,77,1,1650,0.7693299055099487
0,77,2,2556,0.7516933083534241
0,77,3,2920,0.7446359992027283
0,77,4,426,0.7439683675765991
0,77,5,674,0.7337031960487366
0,77,6,2957,0.7329007387161255
0,77,7,40,0.7306036353111267
0,77,8,1047,0.7297777533531189
0,77,9,3054,0.7278243899345398
0,77,10,689,0.7276099324226379
0,78,1,2372,0.7276639342308044
0,78,2,1091,0.7193377614021301
0,78,3,2740,0.713594913482666
0,78,4,2734,0.7129360437393188
0,78,5,481,0.7123497128486633
0,78,6,644,0.7072387933731079
0,78,7,2160,0.6929081082344055
0,78,8,2098,0.6855533719062805
0,78,9,278,0.6836848855018616
0,78,10,407,0.6815858483314514
0,80,1,127,0.730498731136322
0,80,2,707,0.6841538548469543
0,80,3,644,0.6741107702255249
0,80,4,738,0.6705413460731506
0,80,5,481,0.6688193082809448
0,80,6,706,0.6660506725311279
0,80,7,655,0.6651415824890137
0,80,8,1698,0.660519003868103
0,80,9,1091,0.6579564213752747
0,80,10,2740,0.6556532382965088
0,81,1,2141,0.7168858051300049
0,81,2,398,0.7082759141921997
0,81,3,1412,0.7033597230911255
0,81,4,2100,0.6937766075134277
0,81,5,2695,0.6932187080383301
0,81,6,520,0.6908780336380005
0,81,7,2114,0.687196671962738
0,81,8,1809,0.6669292449951172
0,81,9,306,0.6592342257499695
0,81,10,508,0.6575114727020264
0,82,1,950,0.6909696459770203
0,82,2,1063,0.6717227101325989
0,82,3,2048,0.6697646379470825
0,82,4,2141,0.6652651429176331
0,82,5,2019,0.6638104915618896
0,82,6,1829,0.6629239320755005
0,82,7,2432,0.6591940522193909
0,82,8,1550,0.6569762229919434
0,82,9,655,0.6528641581535339
0,82,10,359,0.6438295841217041
0,83,1,2141,0.7160649299621582
0,83,2,1412,0.7115375399589539
0,83,3,294,0.7034705877304077
0,83,4,1985,0.6989287734031677
0,83,5,398,0.6988343000411987
0,83,6,1270,0.6910205483436584
0,83,7,81,0.6908079981803894
0,83,8,306,0.6863760352134705
0,83,9,1809,0.6810786724090576
0,83,10,508,0.6807088851928711
0,84,1,2141,0.745154857635498
0,84,2,1412,0.7288687229156494
0,84,3,398,0.7186230421066284
0,84,4,81,0.6972837448120117
0,84,5,1270,0.697174072265625
0,84,6,1985,0.6921530365943909
0,84,7,2100,0.6862963438034058
0,84,8,520,0.6791525483131409
0,84,9,512,0.6694243550300598
0,84,10,1547,0.6694243550300598
0,85,1,127,0.7728747725486755
0,85,2,2014,0.7645519375801086
0,85,3,2323,0.7569851875305176
0,85,4,954,0.7364493012428284
0,85,5,853,0.7330631017684937
0,85,6,383,0.7217061519622803
0,85,7,453,0.7190424203872681
0,85,8,2560,0.706238329410553
0,85,9,3057,0.7038552165031433
0,85,10,229,0.7033658027648926
0,86,1,1829,0.6671735048294067
0,86,2,2114,0.6610792875289917
0,86,3,559,0.653116762638092
0,86,4,2933,0.6495625376701355
0,86,5,954,0.6493200659751892
0,86,6,1063,0.6440839171409607
0,86,7,1698,0.6436094045639038
0,86,8,2432,0.6387720108032227
0,86,9,229,0.6361384987831116
0,86,10,498,0.6167826056480408
0,87,1,174,0.7777895331382751
0,87,2,127,0.7676505446434021
0,87,3,229,0.7241079211235046
0,87,4,2014,0.7136502265930176
0,87,5,1007,0.7128862738609314
0,87,6,1698,0.7027010321617126
0,87,7,3057,0.7009391188621521
0,87,8,736,0.6928262114524841
0,87,9,1829,0.6905567049980164
0,87,10,1442,0.6892656683921814
0,89,1,2734,0.8086125254631042
0,89,2,2740,0.7669833898544312
0,89,3,481,0.7618986964225769
0,89,4,1146,0.7616746425628662
0,89,5,644,0.7595521807670593
0,89,6,60,0.7565074563026428
0,89,7,1362,0.7530473470687866
0,89,8,2372,0.7470051646232605
0,89,9,407,0.7387985587120056
0,89,10,1710,0.7278754115104675
0,91,1,644,0.7062743902206421
0,91,2,481,0.703454315662384
0,91,3,2740,0.6989638805389404
0,91,4,1778,0.698117733001709
0,91,5,749,0.6973922848701477
0,91,6,1038,0.696515679359436
0,91,7,2315,0.6868422627449036
0,91,8,474,0.6866492629051208
0,91,9,1448,0.6784452795982361
0,91,10,2372,0.6654653549194336
0,92,1,652,0.5222970247268677
0,92,2,1586,0.5219612717628479
0,92,3,2630,0.5164113640785217
0,92,4,298,0.5084657669067383
0,92,5,1683,0.5014222860336304
0,92,6,1966,0.4982800781726837
0,92,7,1518,0.4948291778564453
0,92,8,1391,0.4936796724796295
0,92,9,767,0.49346333742141724
0,92,10,1101,0.4917307198047638
0,93,1,439,0.7675549387931824
0,93,2,2898,0.7613250613212585
0,93,3,1831,0.7435865998268127
0,93,4,1278,0.73917156457901
0,93,5,1146,0.7377213835716248
0,93,6,1395,0.7369389533996582
0,93,7,1304,0.7336012125015259
0,93,8,1161,0.7312940955162048
0,93,9,1682,0.728839099407196
0,93,10,474,0.7279390096664429
0,95,1,2899,0.7456434369087219
0,95,2,1481,0.7447226047515869
0,95,3,2315,0.7336379885673523
0,95,4,2343,0.7324999570846558
0,95,5,2740,0.7216597199440002
0,95,6,1449,0.718315064907074
0,95,7,1146,0.7143192887306213
0,95,8,2978,0.7119739055633545
0,95,9,60,0.7044880986213684
0,95,10,3009,0.7041971683502197
0,97,1,1047,0.7244024872779846
0,97,2,2719,0.7057713866233826
0,97,3,2390,0.6968994140625
0,97,4,2098,0.6911460757255554
0,97,5,426,0.6775898337364197
0,97,6,1710,0.675648033618927
0,97,7,2892,0.6746631264686584
0,97,8,2920,0.6734084486961365
0,97,9,1963,0.6696100831031799
0,97,10,2560,0.6670975685119629
0,98,1,2892,0.6859597563743591
0,98,2,2576,0.6733742356300354
0,98,3,1232,0.6726759076118469
0,98,4,2293,0.6562201976776123
0,98,5,2345,0.6554850339889526
0,98,6,2118,0.6536502242088318
0,98,7,1413,0.6500197649002075
0,98,8,1654,0.649103045463562
0,98,9,2180,0.6461752653121948
0,98,10,447,0.644992470741272
0,100,1,2159,0.5307980179786682
0,100,2,2095,0.528130054473877
0,100,3,2143,0.5279790163040161
0,100,4,1642,0.5141341686248779
0,100,5,3016,0.5090062022209167
0,100,6,2832,0.5053597688674927
0,100,7,2989,0.5008049011230469
0,100,8,1681,0.4914814531803131
0,100,9,1525,0.49100786447525024
0,100,10,1763,0.490939199924469
0,101,1,2143,0.6809160113334656
0,101,2,1681,0.6505630612373352
0,101,3,2285,0.6312531232833862
0,101,4,2989,0.62962406873703
0,101,5,756,0.6270713806152344
0,101,6,1201,0.6262484788894653
0,101,7,2848,0.6236384510993958
0,101,8,556,0.6209542751312256
0,101,9,861,0.6208632588386536
0,101,10,2444,0.6206995844841003
0,102,1,2159,0.728682816028595
0,102,2,756,0.716278612613678
0,102,3,2989,0.6932284235954285
0,102,4,2848,0.6919906139373779
0,102,5,2285,0.6905441880226135
0,102,6,2143,0.6905430555343628
0,102,7,1201,0.6904643177986145
0,102,8,1681,0.6892998218536377
0,102,9,601,0.6779392957687378
0,102,10,1112,0.6778593063354492
0,103,1,2482,0.8027262687683105
0,103,2,598,0.778462827205658
0,103,3,1612,0.7606126666069031
0,103,4,2143,0.7499383091926575
0,103,5,556,0.7364202737808228
0,103,6,756,0.7340231537818909
0,103,7,2367,0.7237808108329773
0,103,8,2521,0.7218510508537292
0,103,9,2238,0.7123507261276245
0,103,10,2989,0.7072154879570007
0,104,1,2095,0.7513538599014282
0,104,2,598,0.7494962215423584
0,104,3,215,0.732551634311676
0,104,4,1612,0.7239657640457153
0,104,5,756,0.6819904446601868
0,104,6,861,0.6771191954612732
0,104,7,2989,0.6734302639961243
0,104,8,2448,0.6720686554908752
0,104,9,1078,0.6679379940032959
0,104,10,364,0.6634195446968079
0,105,1,598,0.7930818796157837
0,105,2,2095,0.7751278281211853
0,105,3,756,0.7637441158294678
0,105,4,215,0.7619670629501343
0,105,5,2448,0.7593989968299866
0,105,6,1612,0.7380754351615906
0,105,7,2989,0.7370476722717285
0,105,8,2848,0.730704665184021
0,105,9,1201,0.7286748886108398
0,105,10,379,0.7228907942771912
0,106,1,598,0.6821253299713135
0,106,2,215,0.655849039554596
0,106,3,2482,0.6314287185668945
0,106,4,2285,0.6258671879768372
0,106,5,629,0.6257351636886597
0,106,6,534,0.6252369284629822
0,106,7,2367,0.6186263561248779
0,106,8,1142,0.615652859210968
0,106,9,556,0.6097794771194458
0,106,10,1708,0.6046580672264099
0,108,1,598,0.8002583980560303
0,108,2,675,0.7931675910949707
0,108,3,215,0.7904319763183594
0,108,4,534,0.7858620882034302
0,108,5,2143,0.7826210856437683
0,108,6,2482,0.7794786095619202
0,108,7,2951,0.7765492796897888
0,108,8,1078,0.7738963961601257
0,108,9,2095,0.76954185962677
0,108,10,1612,0.7666924595832825
0,109,1,2095,0.7260115742683411
0,109,2,534,0.7233686447143555
0,109,3,2482,0.7228125333786011
0,109,4,1612,0.715492844581604
0,109,5,1642,0.7042856216430664
0,109,6,2159,0.7014714479446411
0,109,7,598,0.7011512517929077
0,109,8,215,0.6989169120788574
0,109,9,675,0.6961679458618164
0,109,10,2143,0.6896213889122009
0,112,1,2727,0.7028583288192749
0,112,2,1812,0.7009881138801575
0,112,3,1201,0.6921525001525879
0,112,4,1078,0.6901276111602783
0,112,5,2344,0.6824376583099365
0,112,6,2444,0.6812964081764221
0,112,7,601,0.6783840656280518
0,112,8,706,0.6712661981582642
0,112,9,402,0.6635602116584778
0,112,10,2989,0.6627445220947266
0,113,1,1812,0.7052960991859436
0,113,2,2370,0.6700067520141602
0,113,3,2740,0.6587280631065369
0,113,4,60,0.6544851660728455
0,113,5,2661,0.6456612944602966
0,113,6,2951,0.6352242231369019
0,113,7,2344,0.6333867311477661
0,113,8,1078,0.6219147443771362
0,113,9,2315,0.6215564012527466
0,113,10,706,0.6199520230293274
0,114,1,2258,0.6967341899871826
0,114,2,1201,0.6964483261108398
0,114,3,756,0.6620630621910095
0,114,4,2989,0.6540495157241821
0,114,5,1340,0.641769289970398
0,114,6,1112,0.6412520408630371
0,114,7,706,0.6401645541191101
0,114,8,2552,0.6363080143928528
0,114,9,857,0.6345556974411011
0,114,10,1176,0.6309241652488708
0,115,1,601,0.7367767095565796
0,115,2,756,0.7077188491821289
0,115,3,2848,0.7058495283126831
0,115,4,2989,0.682371199131012
0,115,5,857,0.6742566227912903
0,115,6,1340,0.6699791550636292
0,115,7,1112,0.6656909584999084
0,115,8,598,0.6652809381484985
0,115,9,364,0.6625571846961975
0,115,10,706,0.656921923160553
0,116,1,756,0.7027710676193237
0,116,2,2989,0.6941201090812683
0,116,3,2127,0.6926513314247131
0,116,4,598,0.6843611001968384
0,116,5,1112,0.6810511350631714
0,116,6,1176,0.6763888001441956
0,116,7,2095,0.6712486147880554
0,116,8,861,0.6692905426025391
0,116,9,1078,0.6661064028739929
0,116,10,2159,0.6648760437965393
0,117,1,756,0.7182866334915161
0,117,2,1078,0.7130666375160217
0,117,3,2989,0.7108290195465088
0,117,4,2344,0.7023684978485107
0,117,5,1691,0.6960192918777466
0,117,6,1112,0.6958191990852356
0,117,7,235,0.695611834526062
0,117,8,861,0.6941275000572205
0,117,9,1176,0.691642701625824
0,117,10,1340,0.6885703802108765
0,118,1,2727,0.7604106664657593
0,118,2,601,0.7455054521560669
0,118,3,2848,0.7243419289588928
0,118,4,402,0.7202039361000061
0,118,5,2285,0.7178680896759033
0,118,6,2661,0.7138270139694214
0,118,7,1812,0.7087531685829163
0,118,8,644,0.6960824131965637
0,118,9,2738,0.6935636401176453
0,118,10,2552,0.6916964650154114
0,119,1,756,0.7929584383964539
0,119,2,601,0.7905510067939758
0,119,3,2727,0.7580647468566895
0,119,4,1201,0.7558120489120483
0,119,5,1691,0.7513192296028137
0,119,6,2848,0.7494983077049255
0,119,7,598,0.748464047908783
0,119,8,2258,0.739111065864563
0,119,9,2127,0.7317535281181335
0,119,10,2285,0.7177790403366089
0,120,1,601,0.7778204083442688
0,120,2,598,0.7612466216087341
0,120,3,2258,0.7547487020492554
0,120,4,1201,0.7491408586502075
0,120,5,1691,0.7486642003059387
0,120,6,2727,0.7443397045135498
0,120,7,1340,0.7334932088851929
0,120,8,2848,0.7261797189712524
0,120,9,2432,0.712515115737915
0,120,10,969,0.71198970079422
0,121,1,598,0.7253090143203735
0,121,2,601,0.7236706614494324
0,121,3,1201,0.7171337008476257
0,121,4,2848,0.7151064872741699
0,121,5,1691,0.7068076133728027
0,121,6,857,0.700916588306427
0,121,7,2727,0.6923233270645142
0,121,8,1340,0.6898406147956848
0,121,9,2258,0.682856023311615
0,121,10,2127,0.6787815093994141
0,122,1,3004,0.8627362251281738
0,122,2,46,0.8397543430328369
0,122,3,2751,0.8393025398254395
0,122,4,1601,0.8375962972640991
0,122,5,1861,0.832889974117279
0,122,6,1712,0.8254866600036621
0,122,7,2669,0.8189139366149902
0,122,8,2634,0.8136111497879028
0,122,9,2447,0.8135048747062683
0,122,10,118,0.8127130270004272
0,123,1,2940,0.7618952989578247
0,123,2,1424,0.7594072818756104
0,123,3,421,0.7522605061531067
0,123,4,1194,0.7386385798454285
0,123,5,1881,0.7368723750114441
0,123,6,2717,0.7210159301757812
0,123,7,2649,0.7131655812263489
0,123,8,39,0.7073100209236145
0,123,9,2995,0.7071459889411926
0,123,10,1280,0.702247679233551
0,124,1,3004,0.8005087375640869
0,124,2,46,0.7841129899024963
0,124,3,1861,0.7777512073516846
0,124,4,780,0.761429488658905
0,124,5,2751,0.7544673681259155
0,124,6,2669,0.748888373374939
0,124,7,2634,0.746997594833374
0,124,8,2447,0.7427800893783569
0,124,9,1280,0.7356415390968323
0,124,10,1712,0.7345269322395325
0,125,1,3004,0.8501313924789429
0,125,2,2669,0.8360381126403809
0,125,3,46,0.833167552947998
0,125,4,2634,0.8310284614562988
0,125,5,1861,0.8266851305961609
0,125,6,2299,0.8092027902603149
0,125,7,2751,0.8083624839782715
0,125,8,2877,0.7980282306671143
0,125,9,118,0.7914185523986816
0,125,10,1712,0.7881286144256592
0,127,1,1341,0.6779277324676514
0,127,2,98,0.6662254333496094
0,127,3,2067,0.6654332280158997
0,127,4,2089,0.6457220911979675
0,127,5,2219,0.6436087489128113
0,127,6,2751,0.640082836151123
0,127,7,2202,0.6314498782157898
0,127,8,2536,0.6304894685745239
0,127,9,1644,0.6217505931854248
0,127,10,767,0.618567943572998
0,129,1,1872,0.8051431775093079
0,129,2,1341,0.7966040968894958
0,129,3,1892,0.7914626598358154
0,129,4,2447,0.7793615460395813
0,129,5,835,0.7668420076370239
0,129,6,98,0.7624744176864624
0,129,7,780,0.7451716661453247
0,129,8,476,0.743939995765686
0,129,9,2067,0.7412503361701965
0,129,10,2211,0.7398697137832642
0,131,1,1554,0.8406486511230469
0,131,2,3004,0.8327787518501282
0,131,3,1881,0.8282800316810608
0,131,4,835,0.8201162815093994
0,131,5,1424,0.8142328858375549
0,131,6,1280,0.813392162322998
0,131,7,2810,0.8073310256004333
0,131,8,46,0.8063137531280518
0,131,9,1861,0.8027973175048828
0,131,10,1194,0.8015570044517517
0,132,1,2751,0.6661460995674133
0,132,2,2299,0.6553807258605957
0,132,3,2634,0.6466764807701111
0,132,4,98,0.6437780261039734
0,132,5,1683,0.6426117420196533
0,132,6,2669,0.6425115466117859
0,132,7,2067,0.6405825018882751
0,132,8,546,0.6382063031196594
0,132,9,1644,0.6369125843048096
0,132,10,2089,0.6363484859466553
0,133,1,2751,0.6661460995674133
0,133,2,2299,0.6553807258605957
0,133,3,2634,0.6466764807701111
0,133,4,98,0.6437780261039734
0,133,5,1683,0.6426117420196533
0,133,6,2669,0.6425115466117859
0,133,7,2067,0.6405825018882751
0,133,8,546,0.6382063031196594
0,133,9,1644,0.6369125843048096
0,133,10,2089,0.6363484859466553
0,134,1,2751,0.6661460995674133
0,134,2,2299,0.6553807258605957
0,134,3,2634,0.6466764807701111
0,134,4,98,0.6437780261039734
0,134,5,1683,0.6426117420196533
0,134,6,2669,0.6425115466117859
0,134,7,2067,0.6405825018882751
0,134,8,546,0.6382063031196594
0,134,9,1644,0.6369125843048096
0,134,10,2089,0.6363484859466553
0,135,1,2751,0.6661460995674133
0,135,2,2299,0.6553807258605957
0,135,3,2634,0.6466764807701111
0,135,4,98,0.6437780261039734
0,135,5,1683,0.6426117420196533
0,135,6,2669,0.6425115466117859
0,135,7,2067,0.6405825018882751
0,135,8,546,0.6382063031196594
0,135,9,1644,0.6369125843048096
0,135,10,2089,0.6363484859466553
0,136,1,1892,0.8561655879020691
0,136,2,780,0.8029676675796509
0,136,3,1454,0.7828896641731262
0,136,4,98,0.7825920581817627
0,136,5,1881,0.7756336331367493
0,136,6,2876,0.7704901695251465
0,136,7,184,0.764394223690033
0,136,8,118,0.7601802945137024
0,136,9,2751,0.7565855979919434
0,136,10,1535,0.7499135136604309
0,137,1,1197,0.8179351091384888
0,137,2,2303,0.8114362359046936
0,137,3,791,0.7216901779174805
0,137,4,2810,0.7181575298309326
0,137,5,2668,0.692232608795166
0,137,6,1554,0.6900214552879333
0,137,7,1237,0.6810089945793152
0,137,8,2702,0.6732923984527588
0,137,9,1721,0.6641403436660767
0,137,10,2165,0.6639460921287537
0,138,1,2810,0.7998216152191162
0,138,2,1554,0.7939245700836182
0,138,3,38,0.7854418158531189
0,138,4,2604,0.7731797099113464
0,138,5,791,0.7569389343261719
0,138,6,136,0.7441248297691345
0,138,7,1424,0.7386241555213928
0,138,8,2649,0.736421525478363
0,138,9,2995,0.7343143820762634
0,138,10,1194,0.7337283492088318
0,139,1,1554,0.8036421537399292
0,139,2,2810,0.7826398611068726
0,139,3,2604,0.7674393653869629
0,139,4,1507,0.7403795719146729
0,139,5,2167,0.738628089427948
0,139,6,791,0.7372897863388062
0,139,7,2668,0.7333678007125854
0,139,8,1424,0.7274317145347595
0,139,9,1881,0.7147645950317383
0,139,10,2995,0.712823212146759
0,140,1,1554,0.7260711193084717
0,140,2,2810,0.7177926301956177
0,140,3,1424,0.7096542119979858
0,140,4,38,0.7092737555503845
0,140,5,560,0.7003940939903259
0,140,6,2604,0.6971861124038696
0,140,7,136,0.69383305311203
0,140,8,2940,0.6800056099891663
0,140,9,39,0.6739300489425659
0,140,10,1881,0.6731399297714233
0,141,1,3004,0.839198112487793
0,141,2,780,0.8329301476478577
0,141,3,1712,0.8317959904670715
0,141,4,2751,0.8312768936157227
0,141,5,46,0.8219248652458191
0,141,6,1861,0.8218622207641602
0,141,7,118,0.8214946985244751
0,141,8,2634,0.820488452911377
0,141,9,2669,0.8181528449058533
0,141,10,1554,0.7949329614639282
0,142,1,3004,0.8168720006942749
0,142,2,2447,0.8038167953491211
0,142,3,118,0.7949996590614319
0,142,4,1861,0.7939302325248718
0,142,5,46,0.7910869717597961
0,142,6,2751,0.7819282412528992
0,142,7,1712,0.7710190415382385
0,142,8,1717,0.7636426687240601
0,142,9,1352,0.7592514157295227
0,142,10,1341,0.7587363123893738
0,143,1,1872,0.8509318828582764
0,143,2,118,0.8009295463562012
0,143,3,1352,0.7814429402351379
0,143,4,1454,0.7772104740142822
0,143,5,780,0.773601770401001
0,143,6,1712,0.7596099376678467
0,143,7,476,0.7577072978019714
0,143,8,2751,0.7564648389816284
0,143,9,3004,0.7492510080337524
0,143,10,2876,0.7433614134788513
0,144,1,835,0.8076508641242981
0,144,2,1352,0.7850381731987
0,144,3,421,0.784845769405365
0,144,4,1554,0.7839049100875854
0,144,5,2668,0.7803305983543396
0,144,6,1197,0.7713218331336975
0,144,7,2810,0.7707666754722595
0,144,8,2882,0.7684547305107117
0,144,9,1280,0.7598136067390442
0,144,10,476,0.7575521469116211
0,145,1,835,0.8518039584159851
0,145,2,1352,0.8373533487319946
0,145,3,1280,0.8174121975898743
0,145,4,1872,0.8147463202476501
0,145,5,2882,0.8131738305091858
0,145,6,1554,0.804736852645874
0,145,7,476,0.7969159483909607
0,145,8,3004,0.7946659922599792
0,145,9,184,0.791515052318573
0,145,10,2810,0.7805933356285095
0,147,1,1424,0.8656650185585022
0,147,2,835,0.857277512550354
0,147,3,1352,0.836757242679596
0,147,4,1872,0.8015769124031067
0,147,5,476,0.7991020083427429
0,147,6,1280,0.7983221411705017
0,147,7,1554,0.7898719310760498
0,147,8,2882,0.7889242172241211
0,147,9,2313,0.7855844497680664
0,147,10,2804,0.777080774307251
0,148,1,46,0.7984370589256287
0,148,2,1424,0.7901577353477478
0,148,3,835,0.7884333729743958
0,148,4,1352,0.7855979204177856
0,148,5,136,0.782570481300354
0,148,6,1872,0.7796573042869568
0,148,7,1881,0.7795682549476624
0,148,8,2447,0.7754087448120117
0,148,9,1554,0.7730211019515991
0,148,10,1280,0.7698256969451904
0,149,1,1872,0.8047792911529541
0,149,2,1861,0.7985154390335083
0,149,3,1554,0.7974559664726257
0,149,4,835,0.7950506210327148
0,149,5,1280,0.7922534942626953
0,149,6,1352,0.790083646774292
0,149,7,1424,0.78497314453125
0,149,8,1881,0.784318745136261
0,149,9,2604,0.7737419605255127
0,149,10,136,0.7722373604774475
0,150,1,1554,0.7250664234161377
0,150,2,2604,0.6914551854133606
0,150,3,780,0.6866328716278076
0,150,4,1280,0.6818687319755554
0,150,5,1424,0.6817311644554138
0,150,6,2810,0.680692195892334
0,150,7,1717,0.67911696434021
0,150,8,136,0.6774285435676575
0,150,9,2234,0.6763013005256653
0,150,10,2447,0.6640284061431885
0,151,1,1554,0.7936498522758484
0,151,2,2810,0.7650781273841858
0,151,3,835,0.7583174109458923
0,151,4,1424,0.7578918933868408
0,151,5,1881,0.7576116919517517
0,151,6,1872,0.7521238923072815
0,151,7,2604,0.7452650666236877
0,151,8,1280,0.7419167757034302
0,151,9,2995,0.7414208054542542
0,151,10,1194,0.7381367087364197
0,152,1,2234,0.6606300473213196
0,152,2,3004,0.6437281966209412
0,152,3,46,0.6375641226768494
0,152,4,1861,0.6372013092041016
0,152,5,1717,0.6240666508674622
0,152,6,2751,0.6191290616989136
0,152,7,2604,0.6175972819328308
0,152,8,560,0.5971278548240662
0,152,9,1424,0.5958675146102905
0,152,10,1712,0.5958333015441895
0,153,1,3004,0.778757631778717
0,153,2,1424,0.7633099555969238
0,153,3,46,0.7580794095993042
0,153,4,1280,0.7577081918716431
0,153,5,1861,0.7526657581329346
0,153,6,1881,0.7499667406082153
0,153,7,835,0.7426970601081848
0,153,8,780,0.7408952713012695
0,153,9,1352,0.7389234900474548
0,153,10,1197,0.7358947396278381
0,154,1,1197,0.6714192032814026
0,154,2,3004,0.669994056224823
0,154,3,46,0.6559051275253296
0,154,4,1424,0.6532100439071655
0,154,5,1982,0.6490715146064758
0,154,6,1861,0.6484758853912354
0,154,7,780,0.6481096148490906
0,154,8,1280,0.6364293694496155
0,154,9,2303,0.6282184720039368
0,154,10,2288,0.6258481740951538
0,155,1,1881,0.842985212802887
0,155,2,1424,0.8322874307632446
0,155,3,780,0.8110172748565674
0,155,4,1352,0.8105838298797607
0,155,5,835,0.8046279549598694
0,155,6,1194,0.8018552660942078
0,155,7,3004,0.8015094995498657
0,155,8,2940,0.7963802218437195
0,155,9,421,0.796269416809082
0,155,10,184,0.792317807674408
0,156,1,1881,0.842985212802887
0,156,2,1424,0.8322874307632446
0,156,3,780,0.8110172748565674
0,156,4,1352,0.8105838298797607
0,156,5,835,0.8046279549598694
0,156,6,1194,0.8018552660942078
0,156,7,3004,0.8015094995498657
0,156,8,2940,0.7963802218437195
0,156,9,421,0.796269416809082
0,156,10,184,0.792317807674408
0,157,1,1881,0.842985212802887
0,157,2,1424,0.8322874307632446
0,157,3,780,0.8110172748565674
0,157,4,1352,0.8105838298797607
0,157,5,835,0.8046279549598694
0,157,6,1194,0.8018552660942078
0,157,7,3004,0.8015094995498657
0,157,8,2940,0.7963802218437195
0,157,9,421,0.796269416809082
0,157,10,184,0.792317807674408
0,159,1,1554,0.7313928604125977
0,159,2,2313,0.695611298084259
0,159,3,2810,0.6894537210464478
0,159,4,2604,0.6815758347511292
0,159,5,1721,0.6790359020233154
0,159,6,2995,0.6753919124603271
0,159,7,2234,0.674859881401062
0,159,8,39,0.67428058385849
0,159,9,2184,0.6720845699310303
0,159,10,1197,0.6700055599212646
0,160,1,1424,0.7860109210014343
0,160,2,2940,0.7760239243507385
0,160,3,421,0.7718793153762817
0,160,4,780,0.7704898715019226
0,160,5,1881,0.7660930752754211
0,160,6,1435,0.7616098523139954
0,160,7,1554,0.7558459043502808
0,160,8,39,0.7534590363502502
0,160,9,1194,0.7531911134719849
0,160,10,2536,0.7492454648017883
0,161,1,3004,0.7358086109161377
0,161,2,1721,0.7255032658576965
0,161,3,2234,0.7247714996337891
0,161,4,1554,0.7225958704948425
0,161,5,1644,0.7215700149536133
0,161,6,2669,0.7151297330856323
0,161,7,2634,0.7150123119354248
0,161,8,46,0.706030011177063
0,161,9,2604,0.7044684290885925
0,161,10,1861,0.7016586065292358
0,162,1,421,0.7343760132789612
0,162,2,1881,0.7282922267913818
0,162,3,1424,0.7119143009185791
0,162,4,2940,0.7038811445236206
0,162,5,184,0.7021602988243103
0,162,6,1435,0.6585662364959717
0,162,7,474,0.6542820930480957
0,162,8,39,0.653937041759491
0,162,9,835,0.6457839608192444
0,162,10,1352,0.6427015662193298
0,163,1,1059,0.6387474536895752
0,163,2,2914,0.6319406628608704
0,163,3,99,0.6261961460113525
0,163,4,2723,0.6254262924194336
0,163,5,1089,0.621631383895874
0,163,6,2121,0.6203752160072327
0,163,7,1250,0.619507908821106
0,163,8,1388,0.61681067943573
0,163,9,533,0.6100249290466309
0,163,10,2409,0.5966628193855286
0,164,1,32,0.6607245206832886
0,164,2,1012,0.6530445218086243
0,164,3,2702,0.6441278457641602
0,164,4,2914,0.6192144155502319
0,164,5,327,0.5954185724258423
0,164,6,584,0.5933027863502502
0,164,7,1415,0.592608630657196
0,164,8,533,0.5918995141983032
0,164,9,99,0.5914720892906189
0,164,10,555,0.5880255103111267
0,165,1,2914,0.6876103281974792
0,165,2,1012,0.6707790493965149
0,165,3,2723,0.6675930619239807
0,165,4,99,0.6657694578170776
0,165,5,533,0.659363329410553
0,165,6,1388,0.6561275124549866
0,165,7,2121,0.6557353138923645
0,165,8,2409,0.6508989930152893
0,165,9,555,0.6487964987754822
0,165,10,2967,0.6446440815925598
0,166,1,1048,0.6670485138893127
0,166,2,665,0.647245466709137
0,166,3,1302,0.6417621374130249
0,166,4,833,0.6376529335975647
0,166,5,584,0.6312243342399597
0,166,6,1012,0.6137180924415588
0,166,7,1202,0.6101134419441223
0,166,8,2615,0.6082693338394165
0,166,9,949,0.6004565358161926
0,166,10,1184,0.5971115231513977
0,167,1,1358,0.7413811683654785
0,167,2,2286,0.7412887811660767
0,167,3,1237,0.7182983160018921
0,167,4,1415,0.7027612924575806
0,167,5,327,0.69203782081604
0,167,6,544,0.6803813576698303
0,167,7,990,0.6738071441650391
0,167,8,1757,0.6319394111633301
0,167,9,1012,0.6223316192626953
0,167,10,665,0.6188317537307739
0,168,1,544,0.6950193047523499
0,168,2,2033,0.6616206765174866
0,168,3,833,0.6483011841773987
0,168,4,2792,0.6337790489196777
0,168,5,2533,0.6315206289291382
0,168,6,327,0.6250677704811096
0,168,7,949,0.6141483783721924
0,168,8,739,0.6047639846801758
0,168,9,137,0.6039021611213684
0,168,10,1048,0.6019666790962219
0,169,1,833,0.6487117409706116
0,169,2,665,0.6253259778022766
0,169,3,2792,0.6248751878738403
0,169,4,1048,0.6242818236351013
0,169,5,2033,0.61598140001297
0,169,6,1202,0.6134943962097168
0,169,7,949,0.6132241487503052
0,169,8,327,0.6114815473556519
0,169,9,1009,0.6043705940246582
0,169,10,137,0.5864850878715515
0,170,1,2033,0.6561973094940186
0,170,2,2792,0.618468165397644
0,170,3,739,0.5982362627983093
0,170,4,833,0.5981857776641846
0,170,5,137,0.5914876461029053
0,170,6,731,0.5776848196983337
0,170,7,128,0.5764147043228149
0,170,8,950,0.5758665204048157
0,170,9,1415,0.5704210996627808
0,170,10,2691,0.5653139352798462
0,172,1,727,0.6527096033096313
0,172,2,2090,0.6254714131355286
0,172,3,2014,0.6242596507072449
0,172,4,773,0.6195953488349915
0,172,5,2546,0.6188998818397522
0,172,6,1726,0.61494380235672
0,172,7,2967,0.609215259552002
0,172,8,2914,0.6080430150032043
0,172,9,1927,0.605247974395752
0,172,10,1344,0.6045986413955688
0,173,1,2099,0.7079280018806458
0,173,2,1446,0.6926177144050598
0,173,3,1273,0.686622142791748
0,173,4,1546,0.6776185631752014
0,173,5,205,0.6676326990127563
0,173,6,2408,0.6634544730186462
0,173,7,611,0.6622619032859802
0,173,8,2789,0.6587708592414856
0,173,9,2410,0.6541773676872253
0,173,10,1104,0.6532354354858398
0,174,1,1650,0.8035956025123596
0,174,2,1521,0.7687744498252869
0,174,3,1091,0.767949104309082
0,174,4,1502,0.7573275566101074
0,174,5,481,0.7567360997200012
0,174,6,1710,0.7542292475700378
0,174,7,2920,0.7513598799705505
0,174,8,644,0.7511433959007263
0,174,9,1362,0.7509483098983765
0,174,10,2745,0.748201310634613
0,175,1,2556,0.7490007877349854
0,175,2,674,0.7302828431129456
0,175,3,494,0.7296708822250366
0,175,4,769,0.7234760522842407
0,175,5,2896,0.7181425094604492
0,175,6,1522,0.7172464728355408
0,175,7,2745,0.7118018865585327
0,175,8,426,0.7114387154579163
0,175,9,438,0.7110471725463867
0,175,10,1496,0.7018557190895081
0,176,1,2556,0.8208398222923279
0,176,2,2951,0.7939555048942566
0,176,3,415,0.7858619093894958
0,176,4,2521,0.7844207286834717
0,176,5,481,0.7827813029289246
0,176,6,644,0.7796821594238281
0,176,7,1708,0.7759844064712524
0,176,8,2713,0.7740582227706909
0,176,9,2395,0.7734721302986145
0,176,10,629,0.7717529535293579
0,177,1,1650,0.8090581297874451
0,177,2,674,0.8000567555427551
0,177,3,1708,0.7721723318099976
0,177,4,2951,0.7620012760162354
0,177,5,598,0.7578541040420532
0,177,6,769,0.7527771592140198
0,177,7,415,0.7507925629615784
0,177,8,2521,0.7503945231437683
0,177,9,1142,0.7487608194351196
0,177,10,692,0.739497721195221
0,178,1,2920,0.7964049577713013
0,178,2,1650,0.78797847032547
0,178,3,415,0.7443591356277466
0,178,4,1708,0.7415523529052734
0,178,5,2951,0.7330837249755859
0,178,6,598,0.7298301458358765
0,178,7,481,0.7201530337333679
0,178,8,1142,0.715721845626831
0,178,9,644,0.715389609336853
0,178,10,1267,0.7136420607566833
0,179,1,1642,0.7453247904777527
0,179,2,2367,0.7383460402488708
0,179,3,2951,0.7352999448776245
0,179,4,2095,0.7345632314682007
0,179,5,2159,0.7292385101318359
0,179,6,1044,0.7256469130516052
0,179,7,2143,0.7252446413040161
0,179,8,1708,0.7235887050628662
0,179,9,1569,0.7215144634246826
0,179,10,2989,0.7193769216537476
0,180,1,1142,0.7426050901412964
0,180,2,1569,0.7407350540161133
0,180,3,2951,0.7353743314743042
0,180,4,2367,0.7235074639320374
0,180,5,2521,0.7055608034133911
0,180,6,1642,0.7008028626441956
0,180,7,2073,0.6953169107437134
0,180,8,598,0.6938027739524841
0,180,9,2287,0.6924198865890503
0,180,10,861,0.6919594407081604
0,181,1,598,0.7749163508415222
0,181,2,2951,0.7685961723327637
0,181,3,2367,0.7643166184425354
0,181,4,1642,0.7489755749702454
0,181,5,2521,0.7480354309082031
0,181,6,1569,0.74763423204422
0,181,7,2143,0.7339363694190979
0,181,8,2238,0.7325306534767151
0,181,9,2095,0.7254123687744141
0,181,10,861,0.7223160266876221
0,182,1,598,0.759605348110199
0,182,2,2143,0.7467005252838135
0,182,3,1642,0.7454947233200073
0,182,4,2159,0.7336652874946594
0,182,5,2095,0.730571448802948
0,182,6,556,0.7275386452674866
0,182,7,692,0.7268975973129272
0,182,8,215,0.7225682139396667
0,182,9,629,0.7195451855659485
0,182,10,2238,0.7099443674087524
0,183,1,1429,0.7334740161895752
0,183,2,1763,0.7211648225784302
0,183,3,206,0.702216386795044
0,183,4,1235,0.6963199377059937
0,183,5,475,0.6934145092964172
0,183,6,2832,0.6922438144683838
0,183,7,527,0.6890586614608765
0,183,8,609,0.6723436713218689
0,183,9,2136,0.6665375828742981
0,183,10,2910,0.6528831720352173
0,184,1,426,0.7126733660697937
0,184,2,2237,0.7096101641654968
0,184,3,611,0.706299901008606
0,184,4,2134,0.6912925243377686
0,184,5,1763,0.6884848475456238
0,184,6,615,0.6865174770355225
0,184,7,206,0.6856356859207153
0,184,8,3054,0.6846965551376343
0,184,9,1339,0.684080183506012
0,184,10,498,0.6821843981742859
0,185,1,2237,0.7217186689376831
0,185,2,2897,0.7178705930709839
0,185,3,426,0.7120313048362732
0,185,4,611,0.7060056328773499
0,185,5,1763,0.7048963904380798
0,185,6,1339,0.7034549117088318
0,185,7,2134,0.6996985077857971
0,185,8,615,0.698740541934967
0,185,9,3015,0.6887020468711853
0,185,10,1255,0.6845189332962036
0,186,1,1763,0.7132133841514587
0,186,2,426,0.69563227891922
0,186,3,2134,0.6935726404190063
0,186,4,611,0.6843761801719666
0,186,5,2237,0.6835798025131226
0,186,6,1339,0.6801806092262268
0,186,7,615,0.6752262711524963
0,186,8,1720,0.6720518469810486
0,186,9,498,0.6672232151031494
0,186,10,3054,0.6667050719261169
0,187,1,3054,0.6452740430831909
0,187,2,498,0.6429899334907532
0,187,3,426,0.6394344568252563
0,187,4,611,0.6292643547058105
0,187,5,559,0.6260222792625427
0,187,6,612,0.6172415614128113
0,187,7,2347,0.6101559400558472
0,187,8,2920,0.5994365215301514
0,187,9,698,0.5920734405517578
0,187,10,2396,0.5888509750366211
0,188,1,1650,0.7447813153266907
0,188,2,2134,0.7443346381187439
0,188,3,2920,0.738877534866333
0,188,4,2073,0.7321506142616272
0,188,5,674,0.7316985130310059
0,188,6,689,0.7308997511863708
0,188,7,2556,0.7305763363838196
0,188,8,1710,0.7218291163444519
0,188,9,426,0.7208632230758667
0,188,10,732,0.7183876633644104
0,189,1,2134,0.6624202728271484
0,189,2,3054,0.6509592533111572
0,189,3,498,0.6465132832527161
0,189,4,612,0.6351485252380371
0,189,5,426,0.6346215605735779
0,189,6,559,0.6295314431190491
0,189,7,2347,0.6288055777549744
0,189,8,611,0.6263970136642456
0,189,9,2396,0.609604001045227
0,189,10,3016,0.608383059501648
0,190,1,1339,0.6321449279785156
0,190,2,1047,0.6204105615615845
0,190,3,3054,0.6192652583122253
0,190,4,498,0.6158045530319214
0,190,5,611,0.6156478524208069
0,190,6,426,0.6151112914085388
0,190,7,612,0.6129334568977356
0,190,8,2099,0.6096169352531433
0,190,9,2098,0.5978389382362366
0,190,10,732,0.5961883068084717
0,191,1,1858,0.6408812403678894
0,191,2,1962,0.615732729434967
0,191,3,2695,0.5938014388084412
0,191,4,1558,0.5892201662063599
0,191,5,1833,0.5880061984062195
0,191,6,2594,0.5846263766288757
0,191,7,1525,0.5803926587104797
0,191,8,2028,0.5535311698913574
0,191,9,2030,0.5494204163551331
0,191,10,1716,0.5478686690330505
0,192,1,2030,0.7300621271133423
0,192,2,950,0.7023952603340149
0,192,3,1665,0.6942020654678345
0,192,4,128,0.6785635352134705
0,192,5,2048,0.6603643894195557
0,192,6,1999,0.6547796726226807
0,192,7,1833,0.6425537467002869
0,192,8,2752,0.6244460940361023
0,192,9,2019,0.6162118315696716
0,192,10,2695,0.6030134558677673
0,194,1,542,0.651494562625885
0,194,2,2695,0.6292216181755066
0,194,3,1665,0.6144588589668274
0,194,4,1055,0.6118411421775818
0,194,5,2892,0.6101805567741394
0,194,6,559,0.6062156558036804
0,194,7,2772,0.5956127047538757
0,194,8,1946,0.5953792333602905
0,194,9,2580,0.5937395095825195
0,194,10,1962,0.5867568850517273
0,195,1,430,0.8116292953491211
0,195,2,1208,0.7734917402267456
0,195,3,2557,0.7696009278297424
0,195,4,2788,0.7682680487632751
0,195,5,2529,0.7644888758659363
0,195,6,221,0.7549260854721069
0,195,7,1190,0.7536829710006714
0,195,8,2228,0.7497867941856384
0,195,9,747,0.7433338761329651
0,195,10,2754,0.7417274713516235
0,196,1,2674,0.7091119289398193
0,196,2,1669,0.6896162629127502
0,196,3,1208,0.6767632961273193
0,196,4,430,0.6763184666633606
0,196,5,2170,0.6667170524597168
0,196,6,1047,0.6571906208992004
0,196,7,2560,0.6526755690574646
0,196,8,2390,0.6522208452224731
0,196,9,674,0.6491807699203491
0,196,10,1698,0.6431574821472168
0,197,1,2706,0.7530224323272705
0,197,2,1442,0.7125188708305359
0,197,3,1208,0.7118895649909973
0,197,4,430,0.71100914478302
0,197,5,2674,0.7033277153968811
0,197,6,674,0.6720691919326782
0,197,7,1047,0.6706874370574951
0,197,8,2170,0.6595510840415955
0,197,9,2556,0.6522215008735657
0,197,10,2581,0.6506829857826233
0,198,1,696,0.7211487293243408
0,198,2,2754,0.69095379114151
0,198,3,430,0.6842856407165527
0,198,4,2170,0.6765984892845154
0,198,5,127,0.6721084117889404
0,198,6,1208,0.6627643704414368
0,198,7,655,0.6501320600509644
0,198,8,2228,0.6494255065917969
0,198,9,1190,0.6492964029312134
0,198,10,1550,0.6485790610313416
0,199,1,2170,0.7529539465904236
0,199,2,295,0.7119658589363098
0,199,3,1028,0.7111378908157349
0,199,4,1817,0.6639644503593445
0,199,5,1442,0.6606519222259521
0,199,6,2789,0.635803759098053
0,199,7,1236,0.6175954937934875
0,199,8,2192,0.6085888147354126
0,199,9,494,0.6033341884613037
0,199,10,674,0.600791871547699
0,200,1,2283,0.743798017501831
0,200,2,1496,0.7367461323738098
0,200,3,696,0.7355436086654663
0,200,4,25,0.7243620157241821
0,200,5,2170,0.717002809047699
0,200,6,769,0.7057216167449951
0,200,7,2192,0.7025406360626221
0,200,8,30,0.6917187571525574
0,200,9,1669,0.6856874823570251
0,200,10,2073,0.6680194139480591
0,201,1,696,0.7666304111480713
0,201,2,1496,0.7592295408248901
0,201,3,25,0.7475452423095703
0,201,4,2170,0.7456921339035034
0,201,5,769,0.7280190587043762
0,201,6,2192,0.7163429260253906
0,201,7,1669,0.7149946093559265
0,201,8,2073,0.690199613571167
0,201,9,30,0.6886960864067078
0,201,10,494,0.6823046803474426
0,202,1,2658,0.7618287205696106
0,202,2,1669,0.75930255651474
0,202,3,1817,0.7252376079559326
0,202,4,1236,0.6991497874259949
0,202,5,2595,0.6960863471031189
0,202,6,1673,0.695219099521637
0,202,7,1442,0.6913265585899353
0,202,8,1496,0.6883267164230347
0,202,9,25,0.6793535351753235
0,202,10,494,0.6710859537124634
0,203,1,608,0.7018033862113953
0,203,2,2197,0.6763134598731995
0,203,3,1400,0.6708347201347351
0,203,4,1720,0.6489114165306091
0,203,5,1277,0.6431552171707153
0,203,6,176,0.6426027417182922
0,203,7,257,0.6368412375450134
0,203,8,1620,0.63381427526474
0,203,9,1429,0.6308192610740662
0,203,10,2073,0.6296401619911194
0,204,1,2674,0.6331309676170349
0,204,2,1913,0.6273913979530334
0,204,3,2706,0.6099244952201843
0,204,4,264,0.6063594222068787
0,204,5,1442,0.6045727133750916
0,204,6,2529,0.6022689342498779
0,204,7,540,0.5894778370857239
0,204,8,1592,0.5881072282791138
0,204,9,1113,0.5876597166061401
0,204,10,2047,0.5856653451919556
0,205,1,1592,0.7657303810119629
0,205,2,540,0.7573356032371521
0,205,3,1113,0.7566834688186646
0,205,4,2969,0.7546411752700806
0,205,5,1189,0.7543311715126038
0,205,6,2343,0.7177309393882751
0,205,7,1920,0.7139698266983032
0,205,8,1597,0.710908055305481
0,205,9,2955,0.7087018489837646
0,205,10,1940,0.7086320519447327
0,206,1,2754,0.8083126544952393
0,206,2,430,0.7722439169883728
0,206,3,1189,0.7502607107162476
0,206,4,2343,0.7489714622497559
0,206,5,168,0.7337595820426941
0,206,6,540,0.7319592237472534
0,206,7,1113,0.7282509803771973
0,206,8,1920,0.7177910208702087
0,206,9,1592,0.7175425887107849
0,206,10,2674,0.7142350077629089
0,207,1,1190,0.6936190128326416
0,207,2,2228,0.6898418068885803
0,207,3,2674,0.6727915406227112
0,207,4,540,0.666016697883606
0,207,5,1592,0.6644152998924255
0,207,6,1113,0.6612617373466492
0,207,7,2969,0.6327579021453857
0,207,8,264,0.6187922358512878
0,207,9,2047,0.6172469258308411
0,207,10,1189,0.617106556892395
0,208,1,2343,0.7659107446670532
0,208,2,2899,0.7628121376037598
0,208,3,540,0.7612718343734741
0,208,4,1113,0.7500208020210266
0,208,5,1189,0.7379543781280518
0,208,6,1592,0.732622504234314
0,208,7,1481,0.7320888638496399
0,208,8,1449,0.7268986701965332
0,208,9,1920,0.7198423147201538
0,208,10,1869,0.7179232239723206
0,209,1,112,0.7633286118507385
0,209,2,2183,0.7603310942649841
0,209,3,1791,0.7546852231025696
0,209,4,201,0.7527086734771729
0,209,5,91,0.7517551183700562
0,209,6,2923,0.7517296075820923
0,209,7,3019,0.7513295412063599
0,209,8,1696,0.748336136341095
0,209,9,1196,0.744683027267456
0,209,10,2028,0.7430652976036072
0,210,1,504,0.7276710867881775
0,210,2,289,0.7252138257026672
0,210,3,664,0.7041019201278687
0,210,4,194,0.7039821743965149
0,210,5,2324,0.7016226649284363
0,210,6,1015,0.6963222622871399
0,210,7,2042,0.6949157118797302
0,210,8,2801,0.6871461272239685
0,210,9,1265,0.6844276189804077
0,210,10,2769,0.6728765964508057
0,211,1,755,0.7640343308448792
0,211,2,1409,0.7458401918411255
0,211,3,112,0.7373301982879639
0,211,4,3010,0.7332002520561218
0,211,5,1696,0.7294049263000488
0,211,6,2183,0.7289353609085083
0,211,7,3019,0.727824330329895
0,211,8,201,0.7277483344078064
0,211,9,1791,0.7266221046447754
0,211,10,2028,0.721447229385376
0,212,1,784,0.7860904932022095
0,212,2,2653,0.7744821310043335
0,212,3,1015,0.7672322392463684
0,212,4,1897,0.7599726319313049
0,212,5,2365,0.7589541077613831
0,212,6,270,0.7583070397377014
0,212,7,1275,0.7493413686752319
0,212,8,899,0.7454754114151001
0,212,9,842,0.7448709607124329
0,212,10,915,0.7417640089988708
0,214,1,2802,0.7480685710906982
0,214,2,1651,0.7397168278694153
0,214,3,755,0.7378629446029663
0,214,4,112,0.7244628667831421
0,214,5,3019,0.7230674028396606
0,214,6,2183,0.7207984924316406
0,214,7,1791,0.7159786820411682
0,214,8,3010,0.7141560912132263
0,214,9,1696,0.7138305902481079
0,214,10,1196,0.7111973762512207
0,215,1,755,0.7587609887123108
0,215,2,3010,0.7494233846664429
0,215,3,3019,0.748521625995636
0,215,4,1696,0.7449981570243835
0,215,5,5,0.740494966506958
0,215,6,112,0.7399901747703552
0,215,7,1791,0.7365257143974304
0,215,8,2183,0.7333784699440002
0,215,9,2028,0.731205940246582
0,215,10,91,0.7303761839866638
0,216,1,755,0.7514651417732239
0,216,2,886,0.7493777275085449
0,216,3,112,0.7417478561401367
0,216,4,1651,0.737819254398346
0,216,5,2183,0.7347015738487244
0,216,6,201,0.7317752242088318
0,216,7,3010,0.7253975868225098
0,216,8,2028,0.7246014475822449
0,216,9,1696,0.72390216588974
0,216,10,3019,0.7231850028038025
0,217,1,2440,0.7983769774436951
0,217,2,2653,0.7978633642196655
0,217,3,617,0.7903808951377869
0,217,4,842,0.784843385219574
0,217,5,915,0.7834989428520203
0,217,6,2665,0.7742421627044678
0,217,7,1037,0.7736589908599854
0,217,8,2493,0.7723267078399658
0,217,9,1897,0.769984781742096
0,217,10,1266,0.7691014409065247
0,218,1,270,0.7925365567207336
0,218,2,617,0.7869547605514526
0,218,3,842,0.7773639559745789
0,218,4,915,0.7672221064567566
0,218,5,1266,0.7609390616416931
0,218,6,2665,0.7591214179992676
0,218,7,1037,0.7589473724365234
0,218,8,493,0.7580123543739319
0,218,9,2653,0.7577639222145081
0,218,10,2697,0.7553761005401611
0,219,1,842,0.8249547481536865
0,219,2,2440,0.8223307728767395
0,219,3,2653,0.8167763352394104
0,219,4,915,0.8134210705757141
0,219,5,2665,0.8132819533348083
0,219,6,1037,0.8131554126739502
0,219,7,1266,0.809807538986206
0,219,8,2196,0.8025898933410645
0,219,9,622,0.7994911670684814
0,219,10,1,0.7987425923347473
0,221,1,510,0.7671288847923279
0,221,2,1101,0.7644757628440857
0,221,3,402,0.7632284164428711
0,221,4,1336,0.7607565522193909
0,221,5,504,0.749580979347229
0,221,6,2127,0.7387849688529968
0,221,7,208,0.7369795441627502
0,221,8,2140,0.7367410659790039
0,221,9,995,0.7349194884300232
0,221,10,1381,0.7335173487663269
0,222,1,504,0.8569036722183228
0,222,2,2961,0.8182815909385681
0,222,3,1376,0.8179164528846741
0,222,4,183,0.8165488839149475
0,222,5,653,0.8147033452987671
0,222,6,2801,0.8144738078117371
0,222,7,2476,0.8100702166557312
0,222,8,1265,0.8070657253265381
0,222,9,2324,0.8067454695701599
0,222,10,194,0.8030320405960083
0,223,1,194,0.7797572612762451
0,223,2,1101,0.7755895256996155
0,223,3,510,0.769284188747406
0,223,4,1336,0.7635501027107239
0,223,5,1070,0.742720901966095
0,223,6,1376,0.7390537858009338
0,223,7,2961,0.7385690808296204
0,223,8,183,0.7358720302581787
0,223,9,653,0.7336298823356628
0,223,10,1381,0.7295792698860168
0,225,1,1817,0.7185705304145813
0,225,2,1642,0.7159337401390076
0,225,3,2143,0.7029709219932556
0,225,4,2095,0.7002484798431396
0,225,5,295,0.700169026851654
0,225,6,1028,0.6998252868652344
0,225,7,1044,0.6961969137191772
0,225,8,1287,0.6958758234977722
0,225,9,1142,0.6931485533714294
0,225,10,1569,0.690457284450531
0,226,1,572,0.7995581030845642
0,226,2,1817,0.7360345125198364
0,226,3,1612,0.7339898347854614
0,226,4,295,0.7218348383903503
0,226,5,1028,0.7199528813362122
0,226,6,675,0.7096989750862122
0,226,7,597,0.6944759488105774
0,226,8,2185,0.6918752193450928
0,226,9,2478,0.6902643442153931
0,226,10,2658,0.6875051259994507
0,227,1,2622,0.8063422441482544
0,227,2,2185,0.7751293778419495
0,227,3,1817,0.7299185991287231
0,227,4,2478,0.7276885509490967
0,227,5,1028,0.7257450222969055
0,227,6,295,0.7257170677185059
0,227,7,597,0.7232969403266907
0,227,8,1171,0.7197980284690857
0,227,9,2243,0.7086926102638245
0,227,10,2658,0.7071090340614319
0,228,1,2708,0.6639797687530518
0,228,2,2622,0.6294183135032654
0,228,3,597,0.6250694990158081
0,228,4,1612,0.6155298948287964
0,228,5,666,0.6095097661018372
0,228,6,1945,0.5941903591156006
0,228,7,675,0.5939471125602722
0,228,8,534,0.590359091758728
0,228,9,2482,0.5789578557014465
0,228,10,2367,0.5755025744438171
0,229,1,766,0.7272607684135437
0,229,2,675,0.7086867094039917
0,229,3,364,0.702795684337616
0,229,4,857,0.6917968988418579
0,229,5,95,0.660184383392334
0,229,6,1612,0.6584233045578003
0,229,7,534,0.6502541899681091
0,229,8,215,0.6425376534461975
0,229,9,598,0.6422116160392761
0,229,10,2448,0.6415821313858032
0,230,1,2192,0.7410908937454224
0,230,2,509,0.73512864112854
0,230,3,2990,0.7289744019508362
0,230,4,2253,0.7272064685821533
0,230,5,972,0.7208959460258484
0,230,6,295,0.7184464335441589
0,230,7,1028,0.7161098718643188
0,230,8,416,0.7094768285751343
0,230,9,2243,0.7079892158508301
0,230,10,3041,0.7000659704208374
0,231,1,30,0.8315669894218445
0,231,2,1317,0.7844231128692627
0,231,3,2192,0.7753612995147705
0,231,4,416,0.774038553237915
0,231,5,1724,0.77171790599823
0,231,6,132,0.7486028671264648
0,231,7,6,0.7423811554908752
0,231,8,1111,0.7331795692443848
0,231,9,2702,0.7265259027481079
0,231,10,295,0.71901535987854
0,232,1,1484,0.8213133215904236
0,232,2,416,0.8081864714622498
0,232,3,1317,0.7892911434173584
0,232,4,2165,0.7842841744422913
0,232,5,3041,0.7826352715492249
0,232,6,1724,0.776733934879303
0,232,7,1111,0.7724593281745911
0,232,8,6,0.7656659483909607
0,232,9,1279,0.7625851631164551
0,232,10,2389,0.7568560838699341
0,233,1,3041,0.7894287109375
0,233,2,1202,0.7665683031082153
0,233,3,509,0.7644088864326477
0,233,4,1317,0.7611843943595886
0,233,5,2165,0.7611576914787292
0,233,6,1724,0.7493829131126404
0,233,7,6,0.7428914904594421
0,233,8,416,0.7364012598991394
0,233,9,2533,0.7322843074798584
0,233,10,1279,0.7172868847846985
0,234,1,1127,0.8026971817016602
0,234,2,1365,0.7873526215553284
0,234,3,1428,0.7859315276145935
0,234,4,400,0.7855209112167358
0,234,5,1437,0.7786118984222412
0,234,6,1620,0.773402988910675
0,234,7,1720,0.7728387117385864
0,234,8,599,0.7672752737998962
0,234,9,1277,0.7659668922424316
0,234,10,1461,0.7640174031257629
0,235,1,1580,0.7505230903625488
0,235,2,1724,0.7474003434181213
0,235,3,613,0.7453864216804504
0,235,4,1320,0.7381231784820557
0,235,5,532,0.7362391948699951
0,235,6,2286,0.7278114557266235
0,235,7,30,0.7275558710098267
0,235,8,1279,0.7251421213150024
0,235,9,1202,0.7248498201370239
0,235,10,1237,0.7175707817077637
0,236,1,1465,0.8022698163986206
0,236,2,509,0.7744231224060059
0,236,3,2990,0.7625189423561096
0,236,4,2412,0.7451007962226868
0,236,5,1160,0.724505603313446
0,236,6,2286,0.7160881757736206
0,236,7,2180,0.7120146155357361
0,236,8,1279,0.7109823822975159
0,236,9,2165,0.70152348279953
0,236,10,1580,0.7013841271400452
0,237,1,2180,0.7103458046913147
0,237,2,2412,0.6827192306518555
0,237,3,2118,0.680905818939209
0,237,4,567,0.6640223860740662
0,237,5,2141,0.6550370454788208
0,237,6,509,0.6494898200035095
0,237,7,215,0.6409074664115906
0,237,8,398,0.6375352144241333
0,237,9,2345,0.6341544985771179
0,237,10,1412,0.6296178102493286
0,239,1,1465,0.698895275592804
0,239,2,2412,0.6701968908309937
0,239,3,567,0.66797935962677
0,239,4,2345,0.6667637825012207
0,239,5,2141,0.6635707020759583
0,239,6,215,0.6630659103393555
0,239,7,1632,0.6594243049621582
0,239,8,398,0.6572207808494568
0,239,9,1412,0.6471937298774719
0,239,10,2100,0.6469871997833252
0,240,1,2180,0.7634332776069641
0,240,2,1654,0.73880535364151
0,240,3,1232,0.6832393407821655
0,240,4,2576,0.6750995516777039
0,240,5,2159,0.6729129552841187
0,240,6,2293,0.6680559515953064
0,240,7,215,0.6663368344306946
0,240,8,1893,0.6631070375442505
0,240,9,1792,0.6603696942329407
0,240,10,2143,0.6539715528488159
0,241,1,447,0.7526249289512634
0,241,2,2180,0.7516119480133057
0,241,3,2293,0.7075464725494385
0,241,4,2009,0.6955446004867554
0,241,5,532,0.6784965395927429
0,241,6,2159,0.6578240394592285
0,241,7,2848,0.6564608812332153
0,241,8,215,0.648901641368866
0,241,9,2270,0.6479359269142151
0,241,10,1346,0.6438191533088684
0,242,1,2118,0.8106011152267456
0,242,2,2180,0.7878718972206116
0,242,3,1413,0.7744777202606201
0,242,4,532,0.7231453061103821
0,242,5,1893,0.7200767397880554
0,242,6,2270,0.7187861204147339
0,242,7,627,0.6972656846046448
0,242,8,1001,0.6914141178131104
0,242,9,1613,0.6904793381690979
0,242,10,2377,0.6867558360099792
0,243,1,2118,0.7898900508880615
0,243,2,2180,0.7818751335144043
0,243,3,532,0.7260734438896179
0,243,4,1346,0.7060360312461853
0,243,5,1413,0.7030789852142334
0,243,6,1160,0.686747670173645
0,243,7,2141,0.6657525300979614
0,243,8,1615,0.6634045243263245
0,243,9,1412,0.6627794504165649
0,243,10,1744,0.6529073119163513
0,244,1,2270,0.7662070989608765
0,244,2,283,0.7641196250915527
0,244,3,2664,0.755208432674408
0,244,4,1456,0.7537685632705688
0,244,5,508,0.753064751625061
0,244,6,1613,0.7310547828674316
0,244,7,2160,0.7286868095397949
0,244,8,2345,0.7270650863647461
0,244,9,479,0.7260574102401733
0,244,10,97,0.7189103364944458
0,245,1,1654,0.8035150170326233
0,245,2,2345,0.8009899854660034
0,245,3,447,0.7986729145050049
0,245,4,2118,0.7620701193809509
0,245,5,2180,0.7529242038726807
0,245,6,1121,0.7276016473770142
0,245,7,2270,0.7191200852394104
0,245,8,2009,0.7178654074668884
0,245,9,2848,0.7153304219245911
0,245,10,627,0.7072752714157104
0,246,1,1456,0.836456835269928
0,246,2,2160,0.8300256133079529
0,246,3,283,0.8274177312850952
0,246,4,97,0.8125767111778259
0,246,5,1613,0.79790860414505
0,246,6,1310,0.7927443385124207
0,246,7,479,0.7918961048126221
0,246,8,1001,0.7906761765480042
0,246,9,2377,0.7876701354980469
0,246,10,1163,0.781454861164093
0,247,1,2302,0.7310343384742737
0,247,2,2160,0.7095813155174255
0,247,3,62,0.7044039964675903
0,247,4,2933,0.6971890926361084
0,247,5,60,0.6944077014923096
0,247,6,2270,0.6931777596473694
0,247,7,1427,0.6910997629165649
0,247,8,2745,0.6909623146057129
0,247,9,738,0.6876043081283569
0,247,10,278,0.6858624815940857
0,248,1,1866,0.7776508331298828
0,248,2,971,0.7698593735694885
0,248,3,2160,0.7509250044822693
0,248,4,2302,0.750532865524292
0,248,5,306,0.7469165325164795
0,248,6,62,0.7408608794212341
0,248,7,424,0.738968551158905
0,248,8,1270,0.7378959059715271
0,248,9,81,0.7378541231155396
0,248,10,60,0.7313928604125977
0,249,1,1310,0.8649561405181885
0,249,2,1866,0.8012224435806274
0,249,3,424,0.7906323671340942
0,249,4,1163,0.7888464331626892
0,249,5,1109,0.7699524164199829
0,249,6,1001,0.7657797336578369
0,249,7,306,0.7646733522415161
0,249,8,2377,0.7635789513587952
0,249,9,1613,0.7592180371284485
0,249,10,971,0.7552329301834106
0,250,1,60,0.7858660817146301
0,250,2,1146,0.77845299243927
0,250,3,278,0.7777342796325684
0,250,4,1121,0.7662850022315979
0,250,5,283,0.737285852432251
0,250,6,2664,0.7318902015686035
0,250,7,185,0.7314402461051941
0,250,8,738,0.7312167286872864
0,250,9,1091,0.7310879826545715
0,250,10,1311,0.7301204204559326
0,251,1,2476,0.852950930595398
0,251,2,208,0.8381448984146118
0,251,3,991,0.8361794352531433
0,251,4,563,0.8295204639434814
0,251,5,995,0.8244143724441528
0,251,6,31,0.8239712715148926
0,251,7,1145,0.8214643001556396
0,251,8,2127,0.8078863620758057
0,251,9,402,0.8040658235549927
0,251,10,289,0.8032024502754211
0,252,1,194,0.8242107629776001
0,252,2,664,0.7999870181083679
0,252,3,2297,0.7957656383514404
0,252,4,1265,0.782097578048706
0,252,5,1015,0.7780818343162537
0,252,6,1558,0.7717992067337036
0,252,7,2476,0.7587833404541016
0,252,8,2769,0.7576425075531006
0,252,9,2590,0.7530868053436279
0,252,10,2975,0.7490791082382202
0,253,1,563,0.7794856429100037
0,253,2,998,0.7587804198265076
0,253,3,2476,0.75779128074646
0,253,4,991,0.7445433139801025
0,253,5,194,0.7354284524917603
0,253,6,1265,0.7189007997512817
0,253,7,2042,0.7152740359306335
0,253,8,208,0.7124263048171997
0,253,9,402,0.6978029012680054
0,253,10,2127,0.6977779269218445
0,254,1,1015,0.8099269270896912
0,254,2,2476,0.7969927191734314
0,254,3,194,0.7950694561004639
0,254,4,31,0.7864599227905273
0,254,5,664,0.7862172722816467
0,254,6,1265,0.7803689241409302
0,254,7,991,0.743747353553772
0,254,8,1558,0.7340759634971619
0,254,9,208,0.7319822311401367
0,254,10,1769,0.7311615347862244
0,255,1,653,0.8113068342208862
0,255,2,563,0.7973976731300354
0,255,3,2801,0.7917261719703674
0,255,4,2297,0.7811810374259949
0,255,5,31,0.7752538919448853
0,255,6,1265,0.7658137083053589
0,255,7,1015,0.7608989477157593
0,255,8,1558,0.7522338032722473
0,255,9,2476,0.7417466044425964
0,255,10,2975,0.7253970503807068
0,256,1,2093,0.8060929179191589
0,256,2,1558,0.7958728671073914
0,256,3,194,0.7463334202766418
0,256,4,1750,0.7427577376365662
0,256,5,787,0.7085177898406982
0,256,6,1716,0.6929030418395996
0,256,7,2590,0.6910734176635742
0,256,8,2769,0.6888543367385864
0,256,9,876,0.6726943254470825
0,256,10,1957,0.6693142652511597
0,257,1,787,0.751380443572998
0,257,2,664,0.7342880368232727
0,257,3,1716,0.7323111891746521
0,257,4,273,0.7240988612174988
0,257,5,289,0.7197338938713074
0,257,6,12,0.7056043744087219
0,257,7,183,0.6908950209617615
0,257,8,2324,0.6907169222831726
0,257,9,1750,0.6898375153541565
0,257,10,2042,0.6882100701332092
0,258,1,2590,0.7688611745834351
0,258,2,2975,0.7534381151199341
0,258,3,1558,0.7456249594688416
0,258,4,2093,0.742861807346344
0,258,5,1716,0.7398455739021301
0,258,6,289,0.7393785119056702
0,258,7,1376,0.7330140471458435
0,258,8,183,0.7324691414833069
0,258,9,2961,0.7301665544509888
0,258,10,273,0.7285656929016113
0,259,1,44,0.7067499160766602
0,259,2,259,0.6904631853103638
0,259,3,1716,0.6884072422981262
0,259,4,12,0.661376953125
0,259,5,787,0.6534177660942078
0,259,6,31,0.6495557427406311
0,259,7,2706,0.6495001316070557
0,259,8,2557,0.6465521454811096
0,259,9,430,0.6461967825889587
0,259,10,1907,0.6424615979194641
0,260,1,194,0.7525088787078857
0,260,2,664,0.7463528513908386
0,260,3,1750,0.7360214591026306
0,260,4,289,0.7322417497634888
0,260,5,2042,0.698198139667511
0,260,6,2324,0.6947547197341919
0,260,7,183,0.6929643154144287
0,260,8,1376,0.6893888115882874
0,260,9,2961,0.6860930323600769
0,260,10,998,0.6784641146659851
0,261,1,2590,0.6984285116195679
0,261,2,1716,0.692596435546875
0,261,3,2769,0.6916186809539795
0,261,4,2429,0.6909289956092834
0,261,5,65,0.6731432676315308
0,261,6,1383,0.6554287075996399
0,261,7,2640,0.6536850929260254
0,261,8,49,0.6466113328933716
0,261,9,105,0.645362913608551
0,261,10,1040,0.6432516574859619
0,262,1,2590,0.796012818813324
0,262,2,2769,0.7900959849357605
0,262,3,31,0.7615354061126709
0,262,4,2801,0.7551358342170715
0,262,5,194,0.747287392616272
0,262,6,289,0.7430287003517151
0,262,7,664,0.7414951920509338
0,262,8,1376,0.7406381368637085
0,262,9,563,0.7393977642059326
0,262,10,183,0.7391915917396545
0,263,1,2590,0.7228518724441528
0,263,2,2769,0.7144879102706909
0,263,3,2743,0.6811618804931641
0,263,4,273,0.6803658604621887
0,263,5,1716,0.6789721250534058
0,263,6,31,0.66368168592453
0,263,7,2328,0.6613011956214905
0,263,8,12,0.6470858454704285
0,263,9,2706,0.6234643459320068
0,263,10,2801,0.6225959658622742
0,264,1,1383,0.7879232168197632
0,264,2,105,0.7813922166824341
0,264,3,122,0.7700935006141663
0,264,4,1159,0.7660499215126038
0,264,5,2274,0.763100266456604
0,264,6,502,0.7629703879356384
0,264,7,65,0.7622323036193848
0,264,8,2761,0.7529637217521667
0,264,9,72,0.7459583878517151
0,264,10,2603,0.7456469535827637
0,265,1,2480,0.8393405079841614
0,265,2,49,0.8177359700202942
0,265,3,2867,0.8164237141609192
0,265,4,11,0.8125631213188171
0,265,5,1827,0.8098897933959961
0,265,6,2761,0.8077252507209778
0,265,7,1786,0.8069946765899658
0,265,8,502,0.8063300251960754
0,265,9,72,0.8034473061561584
0,265,10,2851,0.8017526268959045
0,266,1,1159,0.8005607724189758
0,266,2,65,0.7965183854103088
0,266,3,1380,0.7945886254310608
0,266,4,2603,0.7854290008544922
0,266,5,2761,0.7844656705856323
0,266,6,2911,0.7780683636665344
0,266,7,1467,0.770065426826477
0,266,8,2480,0.7652328610420227
0,266,9,2710,0.7613297700881958
0,266,10,2212,0.7590512633323669
0,267,1,701,0.81553053855896
0,267,2,2274,0.8122326731681824
0,267,3,105,0.8069006204605103
0,267,4,2867,0.8058422803878784
0,267,5,65,0.8005576729774475
0,267,6,1180,0.8000056743621826
0,267,7,2761,0.7982782125473022
0,267,8,2480,0.7930367588996887
0,267,9,2911,0.7864734530448914
0,267,10,1467,0.7751677632331848
0,268,1,2603,0.8171528577804565
0,268,2,502,0.8145626783370972
0,268,3,65,0.8126765489578247
0,268,4,1159,0.8085054755210876
0,268,5,1786,0.8055509924888611
0,268,6,2274,0.8036507964134216
0,268,7,1180,0.8032060861587524
0,268,8,1827,0.8024117350578308
0,268,9,2163,0.7982264161109924
0,268,10,72,0.7961192727088928
0,269,1,11,0.823576807975769
0,269,2,1786,0.8208521008491516
0,269,3,1911,0.8206859230995178
0,269,4,869,0.8155969977378845
0,269,5,333,0.8097667098045349
0,269,6,1827,0.797236442565918
0,269,7,3048,0.7941990494728088
0,269,8,1002,0.7929637432098389
0,269,9,105,0.7854267954826355
0,269,10,502,0.783037006855011
0,271,1,122,0.7717190384864807
0,271,2,2911,0.7574090957641602
0,271,3,2761,0.7516056895256042
0,271,4,2640,0.7479872107505798
0,271,5,2280,0.7417927980422974
0,271,6,49,0.7413597702980042
0,271,7,1383,0.737004280090332
0,271,8,1991,0.7364770770072937
0,271,9,1467,0.7363650798797607
0,271,10,1040,0.7357859015464783
0,272,1,2274,0.802564799785614
0,272,2,701,0.8021272420883179
0,272,3,2640,0.7894115447998047
0,272,4,49,0.7883957624435425
0,272,5,105,0.7855910658836365
0,272,6,2911,0.7798488140106201
0,272,7,2761,0.7788316011428833
0,272,8,3048,0.7702438831329346
0,272,9,293,0.7690965533256531
0,272,10,869,0.7672960162162781
0,273,1,1991,0.7807406187057495
0,273,2,1671,0.776219367980957
0,273,3,1600,0.7736175060272217
0,273,4,2075,0.770075261592865
0,273,5,637,0.7670362591743469
0,273,6,1053,0.7658494114875793
0,273,7,2640,0.7595791220664978
0,273,8,49,0.7547950744628906
0,273,9,663,0.7536521553993225
0,273,10,104,0.7512016296386719
0,274,1,105,0.7483351826667786
0,274,2,2429,0.7449809908866882
0,274,3,2640,0.7279943823814392
0,274,4,49,0.725246012210846
0,274,5,1040,0.7243143916130066
0,274,6,1383,0.7203282713890076
0,274,7,44,0.7123495936393738
0,274,8,1579,0.7122511863708496
0,274,9,2725,0.7042443752288818
0,274,10,65,0.7008666396141052
0,276,1,1963,0.8058868646621704
0,276,2,1466,0.7849523425102234
0,276,3,192,0.784190833568573
0,276,4,1437,0.781333327293396
0,276,5,553,0.7810966372489929
0,276,6,608,0.7769995331764221
0,276,7,176,0.7733064293861389
0,276,8,2280,0.7693931460380554
0,276,9,663,0.7642815709114075
0,276,10,1053,0.762241005897522
0,278,1,608,0.788171112537384
0,278,2,2628,0.7774940729141235
0,278,3,1963,0.7647997140884399
0,278,4,286,0.7629677057266235
0,278,5,2280,0.7545897364616394
0,278,6,1466,0.7270208597183228
0,278,7,1053,0.7210087180137634
0,278,8,192,0.7069158554077148
0,278,9,1910,0.7045689225196838
0,278,10,1600,0.7009762525558472
0,279,1,1400,0.8064674139022827
0,279,2,2580,0.797088086605072
0,279,3,1466,0.7850773930549622
0,279,4,553,0.7717369198799133
0,279,5,1053,0.7584646940231323
0,279,6,121,0.7520355582237244
0,279,7,1600,0.7477057576179504
0,279,8,176,0.7455312013626099
0,279,9,1437,0.7427047491073608
0,279,10,1963,0.7381942868232727
0,280,1,121,0.7382012605667114
0,280,2,2197,0.7348926067352295
0,280,3,1600,0.7145166397094727
0,280,4,1400,0.7119612693786621
0,280,5,1476,0.7113896608352661
0,280,6,1053,0.7113304138183594
0,280,7,2075,0.7104920148849487
0,280,8,637,0.7080563902854919
0,280,9,104,0.704723596572876
0,280,10,1991,0.7046695351600647
0,282,1,2396,0.6784940958023071
0,282,2,612,0.6725545525550842
0,282,3,1400,0.664826512336731
0,282,4,1045,0.6595690250396729
0,282,5,2197,0.6571628451347351
0,282,6,1838,0.6491287350654602
0,282,7,3054,0.6440047025680542
0,282,8,1273,0.639751672744751
0,282,9,559,0.6388751864433289
0,282,10,498,0.6380768418312073
0,283,1,1273,0.673191249370575
0,283,2,1516,0.6653566956520081
0,283,3,2568,0.6459317207336426
0,283,4,2580,0.6428333520889282
0,283,5,1725,0.6375607848167419
0,283,6,1307,0.6362709403038025
0,283,7,453,0.6314710378646851
0,283,8,2910,0.63027423620224
0,283,9,2396,0.6299652457237244
0,283,10,482,0.6261148452758789
0,284,1,1379,0.7765036225318909
0,284,2,1307,0.7759436368942261
0,284,3,2910,0.7682563066482544
0,284,4,609,0.7527616024017334
0,284,5,2136,0.7502623796463013
0,284,6,2568,0.7309183478355408
0,284,7,89,0.7228538393974304
0,284,8,2830,0.7210942506790161
0,284,9,527,0.7111416459083557
0,284,10,206,0.70862877368927
0,285,1,1379,0.8237820863723755
0,285,2,1307,0.8039288520812988
0,285,3,2340,0.8007169961929321
0,285,4,2910,0.7790641784667969
0,285,5,609,0.7680004239082336
0,285,6,2136,0.762109100818634
0,285,7,1570,0.7618765830993652
0,285,8,89,0.7615556120872498
0,285,9,2830,0.7501726746559143
0,285,10,1301,0.7500907182693481
0,286,1,2340,0.7638007998466492
0,286,2,1277,0.7382429242134094
0,286,3,1379,0.7312522530555725
0,286,4,1437,0.7088544368743896
0,286,5,1307,0.6954166889190674
0,286,6,890,0.6914341449737549
0,286,7,645,0.6770194172859192
0,286,8,89,0.6760157942771912
0,286,9,2910,0.6758067011833191
0,286,10,609,0.6702950596809387
0,287,1,1437,0.7384770512580872
0,287,2,2340,0.7325878739356995
0,287,3,1379,0.7245224118232727
0,287,4,1307,0.719245433807373
0,287,5,2075,0.71163409948349
0,287,6,637,0.7096100449562073
0,287,7,1671,0.7063873410224915
0,287,8,1062,0.7052143216133118
0,287,9,1991,0.7017444968223572
0,287,10,608,0.6987150311470032
0,288,1,1379,0.7206237316131592
0,288,2,1963,0.7190806865692139
0,288,3,192,0.7151969075202942
0,288,4,1307,0.712499737739563
0,288,5,2628,0.7106834650039673
0,288,6,2910,0.7071995735168457
0,288,7,609,0.6982952952384949
0,288,8,121,0.6979417204856873
0,288,9,2340,0.6967350840568542
0,288,10,2136,0.6947843432426453
0,289,1,2090,0.7868526577949524
0,289,2,1344,0.7797840237617493
0,289,3,555,0.7534096837043762
0,289,4,1516,0.7503191232681274
0,289,5,482,0.7451605200767517
0,289,6,727,0.7384998202323914
0,289,7,121,0.7352294921875
0,289,8,2967,0.7139467597007751
0,289,9,192,0.7127234935760498
0,289,10,314,0.7119566798210144
0,290,1,375,0.8193396329879761
0,290,2,2554,0.7967305183410645
0,290,3,1198,0.7414599061012268
0,290,4,667,0.725824236869812
0,290,5,482,0.7249317169189453
0,290,6,533,0.7154953479766846
0,290,7,1082,0.7076088786125183
0,290,8,1567,0.7031410932540894
0,290,9,2914,0.7015824317932129
0,290,10,1726,0.6979297399520874
0,291,1,2914,0.6972856521606445
0,291,2,2409,0.6886633038520813
0,291,3,482,0.6849486827850342
0,291,4,2121,0.6843842267990112
0,291,5,99,0.6807463765144348
0,291,6,2952,0.6776325702667236
0,291,7,667,0.6748127341270447
0,291,8,2273,0.6719896197319031
0,291,9,1388,0.67103511095047
0,291,10,1567,0.6650421023368835
0,292,1,2554,0.774461030960083
0,292,2,2409,0.7450656294822693
0,292,3,2914,0.7388452887535095
0,292,4,99,0.7327890396118164
0,292,5,2121,0.7296655178070068
0,292,6,1388,0.7255677580833435
0,292,7,471,0.7243674993515015
0,292,8,667,0.7219187617301941
0,292,9,2273,0.7215378284454346
0,292,10,2952,0.7122895121574402
0,293,1,2090,0.771582305431366
0,293,2,667,0.7618983387947083
0,293,3,533,0.7524222135543823
0,293,4,471,0.7430051565170288
0,293,5,2409,0.7362717986106873
0,293,6,99,0.732982873916626
0,293,7,2914,0.7290217280387878
0,293,8,1388,0.7244301438331604
0,293,9,2273,0.7203904390335083
0,293,10,1417,0.7130009531974792
0,294,1,2121,0.6158657670021057
0,294,2,99,0.6126338243484497
0,294,3,1388,0.6068567037582397
0,294,4,2409,0.5758234858512878
0,294,5,2583,0.5696415901184082
0,294,6,2914,0.5614914298057556
0,294,7,2128,0.5607951879501343
0,294,8,2723,0.5439209938049316
0,294,9,2672,0.5290493369102478
0,294,10,32,0.5274978280067444
0,295,1,2678,0.5440939664840698
0,295,2,298,0.5353800058364868
0,295,3,2089,0.5324602127075195
0,295,4,865,0.5306915044784546
0,295,5,3018,0.5306915044784546
0,295,6,2431,0.5287672281265259
0,295,7,2202,0.5286960601806641
0,295,8,2067,0.5259639620780945
0,295,9,3040,0.5158460736274719
0,295,10,2299,0.5095016956329346
0,297,1,3061,0.7684556245803833
0,297,2,3018,0.7355165481567383
0,297,3,865,0.7355165481567383
0,297,4,2616,0.7339062690734863
0,297,5,298,0.7184387445449829
0,297,6,2067,0.7060715556144714
0,297,7,1966,0.6990286707878113
0,297,8,1683,0.6873917579650879
0,297,9,2202,0.6850879192352295
0,297,10,2299,0.6839305758476257
0,298,1,2067,0.7044299244880676
0,298,2,2211,0.7035709619522095
0,298,3,432,0.6939479112625122
0,298,4,1966,0.6894180774688721
0,298,5,1223,0.6776032447814941
0,298,6,754,0.6775978207588196
0,298,7,2697,0.675951361656189
0,298,8,2869,0.6747832894325256
0,298,9,865,0.6721860766410828
0,298,10,3018,0.6721860766410828
0,299,1,402,0.7270782589912415
0,299,2,208,0.7204052805900574
0,299,3,2727,0.7150477766990662
0,299,4,2801,0.7131929397583008
0,299,5,991,0.7098810076713562
0,299,6,2127,0.7025879621505737
0,299,7,504,0.7003145813941956
0,299,8,2661,0.6941770315170288
0,299,9,1691,0.6888048052787781
0,299,10,1312,0.6883020997047424
0,300,1,2899,0.7918259501457214
0,300,2,2969,0.7733151912689209
0,300,3,1481,0.7656592726707458
0,300,4,1395,0.7535325288772583
0,300,5,1312,0.75117427110672
0,300,6,749,0.7471494078636169
0,300,7,1869,0.7459403276443481
0,300,8,1778,0.7455742955207825
0,300,9,2955,0.7401320338249207
0,300,10,2978,0.7387372255325317
0,301,1,1481,0.7252039313316345
0,301,2,2740,0.7212361693382263
0,301,3,749,0.6948712468147278
0,301,4,1778,0.6943779587745667
0,301,5,2978,0.6894256472587585
0,301,6,1038,0.6861696839332581
0,301,7,2294,0.6697393655776978
0,301,8,474,0.6617670655250549
0,301,9,3009,0.661038339138031
0,301,10,1312,0.6589189767837524
0,302,1,1312,0.7624489665031433
0,302,2,1395,0.7434573769569397
0,302,3,524,0.7407010793685913
0,302,4,993,0.7393471002578735
0,302,5,474,0.7372960448265076
0,302,6,1038,0.732598066329956
0,302,7,1481,0.7241303324699402
0,302,8,2895,0.7229055166244507
0,302,9,749,0.7165108323097229
0,302,10,1940,0.7159160375595093
0,303,1,1481,0.7901085615158081
0,303,2,2978,0.770044207572937
0,303,3,1038,0.7652725577354431
0,303,4,1312,0.7641170024871826
0,303,5,1395,0.7542527318000793
0,303,6,524,0.749679446220398
0,303,7,749,0.7491196990013123
0,303,8,1778,0.748124897480011
0,303,9,993,0.7449247241020203
0,303,10,474,0.7197030782699585
0,304,1,59,0.879393994808197
0,304,2,1116,0.8598409295082092
0,304,3,1481,0.8478090763092041
0,304,4,562,0.8442683815956116
0,304,5,1995,0.8416249752044678
0,304,6,1823,0.8291882276535034
0,304,7,2623,0.8285598754882812
0,304,8,357,0.8204780220985413
0,304,9,1811,0.8132254481315613
0,304,10,2899,0.8128361701965332
0,305,1,1481,0.8530343174934387
0,305,2,2343,0.7954495549201965
0,305,3,749,0.7930095791816711
0,305,4,1778,0.7923402190208435
0,305,5,1116,0.7780324816703796
0,305,6,1395,0.7647268176078796
0,305,7,1868,0.7493138909339905
0,305,8,1811,0.746070146560669
0,305,9,69,0.7421271204948425
0,305,10,1701,0.7420018315315247
0,306,1,1449,0.8228994607925415
0,306,2,562,0.8089010715484619
0,306,3,1995,0.7886559367179871
0,306,4,357,0.788358747959137
0,306,5,1395,0.7879803776741028
0,306,6,1312,0.7790160775184631
0,306,7,1868,0.7789042592048645
0,306,8,474,0.7752408981323242
0,306,9,1823,0.7745883464813232
0,306,10,1571,0.7732065320014954
0,307,1,1116,0.8144524693489075
0,307,2,2686,0.8068537712097168
0,307,3,1611,0.7972698211669922
0,307,4,59,0.7887476086616516
0,307,5,394,0.7751176953315735
0,307,6,455,0.7619317770004272
0,307,7,507,0.7600740790367126
0,307,8,2942,0.7566373348236084
0,307,9,173,0.7510389685630798
0,307,10,1678,0.7465659379959106
0,308,1,1868,0.9126507043838501
0,308,2,1995,0.8696098923683167
0,308,3,59,0.8643388748168945
0,308,4,562,0.8597654104232788
0,308,5,2686,0.8510674238204956
0,308,6,455,0.8450976610183716
0,308,7,1221,0.8168272972106934
0,308,8,315,0.7686899900436401
0,308,9,394,0.7659047245979309
0,308,10,173,0.7552052140235901
0,309,1,1823,0.8943453431129456
0,309,2,562,0.8809964060783386
0,309,3,1868,0.8704094290733337
0,309,4,2686,0.845001220703125
0,309,5,455,0.816114604473114
0,309,6,315,0.7858096957206726
0,309,7,173,0.7779954671859741
0,309,8,394,0.7634474635124207
0,309,9,1016,0.7619237303733826
0,309,10,1481,0.7615206241607666
0,310,1,1868,0.8816046118736267
0,310,2,1611,0.8728147149085999
0,310,3,1701,0.8596827387809753
0,310,4,455,0.8518698811531067
0,310,5,59,0.8283993601799011
0,310,6,1990,0.8098270893096924
0,310,7,173,0.7753779292106628
0,310,8,394,0.7745025157928467
0,310,9,1221,0.7724143266677856
0,310,10,2814,0.7640551924705505
0,311,1,2974,0.8479129672050476
0,311,2,1116,0.8476203680038452
0,311,3,1990,0.8431938886642456
0,311,4,1611,0.842711865901947
0,311,5,59,0.8131929636001587
0,311,6,173,0.7988753914833069
0,311,7,455,0.7945154905319214
0,311,8,394,0.7937688827514648
0,311,9,2814,0.7838166356086731
0,311,10,507,0.7753742337226868
0,312,1,2623,0.8515951633453369
0,312,2,2974,0.8377442955970764
0,312,3,69,0.8360100388526917
0,312,4,1701,0.832702100276947
0,312,5,1571,0.8311231732368469
0,312,6,1823,0.8288509249687195
0,312,7,1990,0.8235561847686768
0,312,8,1611,0.8231875896453857
0,312,9,1995,0.8215842843055725
0,312,10,357,0.764546275138855
0,314,1,1367,0.823326051235199
0,314,2,195,0.8070836663246155
0,314,3,859,0.7967923283576965
0,314,4,446,0.7890042066574097
0,314,5,2176,0.7791702151298523
0,314,6,338,0.7687819004058838
0,314,7,1964,0.7418975234031677
0,314,8,101,0.7364531755447388
0,314,9,2106,0.7363990545272827
0,314,10,633,0.7315012812614441
0,315,1,1354,0.7239066362380981
0,315,2,554,0.7217351794242859
0,315,3,1153,0.7193715572357178
0,315,4,1723,0.7173293232917786
0,315,5,859,0.7172667980194092
0,315,6,1198,0.7126317024230957
0,315,7,195,0.7125335335731506
0,315,8,1611,0.7123058438301086
0,315,9,1260,0.7105348706245422
0,315,10,536,0.7095791697502136
0,316,1,2176,0.8688697218894958
0,316,2,2106,0.8608568906784058
0,316,3,2956,0.8383826613426208
0,316,4,446,0.8307304382324219
0,316,5,1367,0.8268210291862488
0,316,6,3069,0.8256930112838745
0,316,7,2500,0.8214580416679382
0,316,8,1964,0.820900559425354
0,316,9,2363,0.8103618621826172
0,316,10,2971,0.7933684587478638
0,317,1,859,0.8325128555297852
0,317,2,1964,0.8247928023338318
0,317,3,2500,0.8102807998657227
0,317,4,2956,0.8016488552093506
0,317,5,446,0.7591888308525085
0,317,6,2363,0.7506213784217834
0,317,7,101,0.7505835890769958
0,317,8,1367,0.7449280619621277
0,317,9,2971,0.7420488595962524
0,317,10,1952,0.738037109375
0,318,1,2500,0.8616687655448914
0,318,2,2956,0.8523330092430115
0,318,3,446,0.8462736010551453
0,318,4,385,0.8418758511543274
0,318,5,1158,0.8303395509719849
0,318,6,1541,0.815491259098053
0,318,7,2363,0.806919276714325
0,318,8,101,0.8060076832771301
0,318,9,2971,0.8021203875541687
0,318,10,779,0.7863602638244629
0,319,1,385,0.9112598896026611
0,319,2,3069,0.9085981249809265
0,319,3,1781,0.9038310050964355
0,319,4,1369,0.8869404196739197
0,319,5,2176,0.8861896395683289
0,319,6,2106,0.8680287599563599
0,319,7,338,0.8582853674888611
0,319,8,101,0.8463777899742126
0,319,9,779,0.837243378162384
0,319,10,1158,0.83686763048172
0,321,1,2363,0.860209047794342
0,321,2,387,0.8512835502624512
0,321,3,1062,0.841880202293396
0,321,4,1472,0.8415583968162537
0,321,5,2403,0.841279923915863
0,321,6,646,0.8407838940620422
0,321,7,2956,0.8366535902023315
0,321,8,671,0.8331954479217529
0,321,9,482,0.832597553730011
0,321,10,2075,0.8318213820457458
0,322,1,1369,0.8963942527770996
0,322,2,195,0.8917456269264221
0,322,3,1781,0.8768510818481445
0,322,4,1367,0.8767094612121582
0,322,5,385,0.874921977519989
0,322,6,3069,0.8742076754570007
0,322,7,859,0.8701956868171692
0,322,8,101,0.8684206604957581
0,322,9,779,0.8581005930900574
0,322,10,1158,0.8441178202629089
0,323,1,1472,0.8378298282623291
0,323,2,482,0.8342878222465515
0,323,3,387,0.8310051560401917
0,323,4,2363,0.8238942623138428
0,323,5,646,0.8205679059028625
0,323,6,2403,0.8203767538070679
0,323,7,104,0.81767737865448
0,323,8,2075,0.8155452609062195
0,323,9,637,0.8134051561355591
0,323,10,671,0.8129510879516602
0,324,1,2075,0.8458347916603088
0,324,2,1991,0.8433836698532104
0,324,3,482,0.8429139256477356
0,324,4,1472,0.8407456278800964
0,324,5,387,0.8379726409912109
0,324,6,1671,0.8375268578529358
0,324,7,646,0.8347405791282654
0,324,8,104,0.8345466256141663
0,324,9,2403,0.8344946503639221
0,324,10,1062,0.8290333151817322
0,325,1,2363,0.8129797577857971
0,325,2,575,0.8125203251838684
0,325,3,2931,0.811674177646637
0,325,4,1203,0.8094215989112854
0,325,5,1653,0.8001989722251892
0,325,6,2157,0.7993471622467041
0,325,7,2354,0.7992815375328064
0,325,8,668,0.7990445494651794
0,325,9,628,0.7985104322433472
0,325,10,1231,0.7982694506645203
0,326,1,646,0.8811795115470886
0,326,2,2403,0.8806900978088379
0,326,3,387,0.8771536946296692
0,326,4,671,0.866526186466217
0,326,5,1472,0.8499054312705994
0,326,6,1793,0.841968297958374
0,326,7,104,0.8340094685554504
0,326,8,482,0.8256950378417969
0,326,9,2176,0.8106132745742798
0,326,10,779,0.8090642690658569
0,327,1,387,0.8797333240509033
0,327,2,2403,0.8744180202484131
0,327,3,646,0.8723384737968445
0,327,4,671,0.8720414042472839
0,327,5,1793,0.8676860332489014
0,327,6,779,0.8401033282279968
0,327,7,1472,0.8336339592933655
0,327,8,101,0.8300005793571472
0,327,9,854,0.8137239217758179
0,327,10,2007,0.8131265044212341
0,328,1,1707,0.7996160387992859
0,328,2,1368,0.7907548546791077
0,328,3,203,0.7897136807441711
0,328,4,1688,0.7879283428192139
0,328,5,2296,0.7877864241600037
0,328,6,33,0.7781350016593933
0,328,7,1472,0.7531370520591736
0,328,8,646,0.7511728405952454
0,328,9,2403,0.7491147518157959
0,328,10,482,0.7435646057128906
0,329,1,646,0.7768337726593018
0,329,2,2403,0.77437824010849
0,329,3,104,0.7702227830886841
0,329,4,203,0.7692511677742004
0,329,5,637,0.7684972882270813
0,329,6,482,0.7682856917381287
0,329,7,387,0.7672929167747498
0,329,8,671,0.7659885287284851
0,329,9,2075,0.7650111317634583
0,329,10,1472,0.7644853591918945
0,330,1,33,0.7950313091278076
0,330,2,671,0.7674393057823181
0,330,3,646,0.7602915167808533
0,330,4,387,0.7580443024635315
0,330,5,2403,0.7562484741210938
0,330,6,2594,0.7529649138450623
0,330,7,2356,0.7483587265014648
0,330,8,1472,0.7467492818832397
0,330,9,1638,0.746351420879364
0,330,10,2642,0.7443464994430542
0,331,1,1472,0.674222469329834
0,331,2,671,0.6721121072769165
0,331,3,646,0.6700679063796997
0,331,4,2403,0.6677020192146301
0,331,5,387,0.667388379573822
0,331,6,104,0.6598010659217834
0,331,7,482,0.6525058150291443
0,331,8,2363,0.6475355625152588
0,331,9,2356,0.6465973854064941
0,331,10,2075,0.6451902389526367
0,332,1,1064,0.7525132894515991
0,332,2,2084,0.7496441006660461
0,332,3,104,0.7486256957054138
0,332,4,1203,0.7483536601066589
0,332,5,646,0.7457764744758606
0,332,6,628,0.7456451058387756
0,332,7,1030,0.7453358173370361
0,332,8,1653,0.7450100779533386
0,332,9,1422,0.7442942261695862
0,332,10,210,0.7442769408226013
0,333,1,2870,0.8900986313819885
0,333,2,1655,0.8821243047714233
0,333,3,2602,0.8808144927024841
0,333,4,2384,0.8763027787208557
0,333,5,2261,0.8729599118232727
0,333,6,2145,0.8554961085319519
0,333,7,1635,0.8381319046020508
0,333,8,2705,0.8375364542007446
0,333,9,3017,0.8331881761550903
0,333,10,2906,0.8290531039237976
0,334,1,523,0.8218554258346558
0,334,2,2927,0.8066903352737427
0,334,3,1692,0.8065798878669739
0,334,4,2107,0.8043245077133179
0,334,5,90,0.8010362386703491
0,334,6,1491,0.7606549859046936
0,334,7,2705,0.7247851490974426
0,334,8,2423,0.7087894082069397
0,334,9,2188,0.7000042200088501
0,334,10,900,0.6985816359519958
0,335,1,249,0.8696935176849365
0,335,2,788,0.8666000366210938
0,335,3,2602,0.862921953201294
0,335,4,2384,0.8515282273292542
0,335,5,1692,0.8483527898788452
0,335,6,2107,0.845947802066803
0,335,7,90,0.8400399684906006
0,335,8,2261,0.8311920762062073
0,335,9,2423,0.8037459254264832
0,335,10,2906,0.7825013399124146
0,336,1,523,0.8297616839408875
0,336,2,2927,0.8182637095451355
0,336,3,2107,0.8178867101669312
0,336,4,90,0.8144953846931458
0,336,5,2145,0.7865217328071594
0,336,6,1635,0.7760410308837891
0,336,7,2705,0.7705211639404297
0,336,8,2423,0.7691375017166138
0,336,9,261,0.7601590156555176
0,336,10,103,0.7452617883682251
0,337,1,1779,0.7722906470298767
0,337,2,788,0.7387964129447937
0,337,3,249,0.7224128246307373
0,337,4,2785,0.7214379906654358
0,337,5,2188,0.7185514569282532
0,337,6,2384,0.714056134223938
0,337,7,2602,0.7100455164909363
0,337,8,774,0.7072523832321167
0,337,9,2906,0.7049932479858398
0,337,10,2488,0.7015347480773926
0,338,1,1779,0.8764227032661438
0,338,2,788,0.8473750352859497
0,338,3,249,0.8456001877784729
0,338,4,2107,0.8027953505516052
0,338,5,2145,0.7791556119918823
0,338,6,1491,0.7790059447288513
0,338,7,2061,0.7772335410118103
0,338,8,2423,0.7491343021392822
0,338,9,1635,0.7444153428077698
0,338,10,2705,0.7402893304824829
0,339,1,1491,0.8020038604736328
0,339,2,2423,0.801028847694397
0,339,3,2061,0.7979902029037476
0,339,4,249,0.7970279455184937
0,339,5,1779,0.7957264184951782
0,339,6,788,0.7916544675827026
0,339,7,2705,0.7788055539131165
0,339,8,2397,0.776119589805603
0,339,9,1635,0.77590012550354
0,339,10,2906,0.7709670066833496
0,340,1,1779,0.8565640449523926
0,340,2,788,0.840057373046875
0,340,3,249,0.8360854387283325
0,340,4,2384,0.8238499164581299
0,340,5,2261,0.8096789121627808
0,340,6,1491,0.7962561845779419
0,340,7,2061,0.7954145073890686
0,340,8,2906,0.7889750003814697
0,340,9,2423,0.7875877618789673
0,340,10,3017,0.7768905162811279
0,341,1,671,0.824591875076294
0,341,2,387,0.8227676153182983
0,341,3,1062,0.7724480628967285
0,341,4,101,0.7702152729034424
0,341,5,1472,0.7639984488487244
0,341,6,2363,0.7634936571121216
0,341,7,1203,0.7539352178573608
0,341,8,2078,0.7514029741287231
0,341,9,628,0.7501752376556396
0,341,10,1030,0.7496541738510132
0,342,1,646,0.8381325006484985
0,342,2,2403,0.8368968367576599
0,342,3,1062,0.8346547484397888
0,342,4,2075,0.8343567848205566
0,342,5,2363,0.8330196738243103
0,342,6,637,0.829852283000946
0,342,7,104,0.8294296264648438
0,342,8,387,0.8288499712944031
0,342,9,671,0.8198925852775574
0,342,10,1671,0.8071251511573792
0,343,1,1779,0.7952033281326294
0,343,2,2870,0.7883645296096802
0,343,3,2107,0.7877541184425354
0,343,4,788,0.7755547761917114
0,343,5,1655,0.7672160863876343
0,343,6,2785,0.7595923542976379
0,343,7,774,0.7556818723678589
0,343,8,2906,0.7551804780960083
0,343,9,249,0.7550873160362244
0,343,10,2602,0.7489098310470581
0,345,1,2363,0.7823554277420044
0,345,2,1203,0.7818334698677063
0,345,3,628,0.7723271250724792
0,345,4,1030,0.7713243961334229
0,345,5,210,0.7699331045150757
0,345,6,366,0.7687863111495972
0,345,7,2078,0.7682873606681824
0,345,8,1472,0.7658863067626953
0,345,9,1494,0.7639150619506836
0,345,10,2956,0.7585076093673706
0,346,1,671,0.8668416738510132
0,346,2,2363,0.8454214334487915
0,346,3,2971,0.8281799554824829
0,346,4,1062,0.8246516585350037
0,346,5,2956,0.8155927062034607
0,346,6,1203,0.79510098695755
0,346,7,195,0.7929758429527283
0,346,8,3027,0.7921381592750549
0,346,9,851,0.7902272939682007
0,346,10,628,0.7885535955429077
0,347,1,2403,0.8685306310653687
0,347,2,646,0.8663194179534912
0,347,3,2363,0.8295588493347168
0,347,4,3027,0.8177030682563782
0,347,5,851,0.8168051242828369
0,347,6,2971,0.8149715662002563
0,347,7,1062,0.8142738938331604
0,347,8,2007,0.7932074069976807
0,347,9,2956,0.7865757942199707
0,347,10,637,0.7851381301879883
0,348,1,2312,0.740069568157196
0,348,2,2163,0.7303531765937805
0,348,3,2211,0.6639983654022217
0,348,4,1794,0.6562786102294922
0,348,5,3061,0.6560719609260559
0,348,6,2678,0.6469646692276001
0,348,7,2128,0.6384723782539368
0,348,8,2007,0.6329318881034851
0,348,9,2929,0.6294291615486145
0,348,10,2616,0.6186150312423706
0,349,1,11,0.7811957001686096
0,349,2,1786,0.765047013759613
0,349,3,1911,0.7602123022079468
0,349,4,2211,0.667551577091217
0,349,5,2678,0.6625775694847107
0,349,6,1794,0.6492552161216736
0,349,7,2403,0.6425591707229614
0,349,8,646,0.6407355666160583
0,349,9,2128,0.6377187371253967
0,349,10,2480,0.6360374689102173
0,350,1,1827,0.7341351509094238
0,350,2,3061,0.6834949254989624
0,350,3,1794,0.6806385517120361
0,350,4,194,0.6724715828895569
0,350,5,2128,0.6596280932426453
0,350,6,2525,0.6592662334442139
0,350,7,2929,0.6559766530990601
0,350,8,787,0.6527541279792786
0,350,9,2211,0.6521006226539612
0,350,10,1978,0.6501638293266296
0,351,1,194,0.6440455317497253
0,351,2,105,0.6438577771186829
0,351,3,2480,0.6335494518280029
0,351,4,2128,0.631774365901947
0,351,5,49,0.6315785646438599
0,351,6,2007,0.6310539245605469
0,351,7,2929,0.6294947266578674
0,351,8,493,0.6293963193893433
0,351,9,1383,0.6264393925666809
0,351,10,2640,0.6248616576194763
0,352,1,2653,0.824393093585968
0,352,2,622,0.8239818215370178
0,352,3,432,0.8202747106552124
0,352,4,2697,0.8121489882469177
0,352,5,2562,0.8094205260276794
0,352,6,2543,0.8074267506599426
0,352,7,899,0.8065744042396545
0,352,8,2440,0.8053118586540222
0,352,9,2322,0.8001939654350281
0,352,10,1265,0.800114631652832
0,353,1,493,0.7900617122650146
0,353,2,2196,0.7858088612556458
0,353,3,900,0.7785540223121643
0,353,4,842,0.7771844267845154
0,353,5,730,0.7763184905052185
0,353,6,393,0.7744383215904236
0,353,7,1739,0.7731362581253052
0,353,8,1275,0.7653425931930542
0,353,9,1897,0.7631959915161133
0,353,10,2653,0.7625212073326111
0,354,1,432,0.8031543493270874
0,354,2,2196,0.7956705689430237
0,354,3,900,0.792837381362915
0,354,4,493,0.7913074493408203
0,354,5,2653,0.7899471521377563
0,354,6,393,0.7890099287033081
0,354,7,754,0.7889662981033325
0,354,8,1739,0.78868168592453
0,354,9,1897,0.7878890037536621
0,354,10,730,0.7867522835731506
0,355,1,432,0.8735053539276123
0,355,2,2869,0.8696255683898926
0,355,3,2697,0.864447295665741
0,355,4,1897,0.8444751501083374
0,355,5,1739,0.8194490671157837
0,355,6,730,0.8178238272666931
0,355,7,393,0.817451536655426
0,355,8,2365,0.815273106098175
0,355,9,2440,0.81292724609375
0,355,10,2196,0.8126212358474731
0,356,1,842,0.8452484011650085
0,356,2,2697,0.8328482508659363
0,356,3,1897,0.8283287286758423
0,356,4,2574,0.8268871903419495
0,356,5,1739,0.8181585073471069
0,356,6,393,0.8167741298675537
0,356,7,2196,0.8076899647712708
0,356,8,900,0.8046653270721436
0,356,9,1275,0.8037745952606201
0,356,10,730,0.8016054630279541
0,357,1,595,0.814995288848877
0,357,2,506,0.8128807544708252
0,357,3,1167,0.8116748332977295
0,357,4,2294,0.7901020050048828
0,357,5,168,0.7761269211769104
0,357,6,315,0.7696036696434021
0,357,7,1517,0.7690972089767456
0,357,8,1016,0.7674570679664612
0,357,9,1449,0.7638457417488098
0,357,10,535,0.7623136043548584
0,358,1,579,0.826888382434845
0,358,2,595,0.81410151720047
0,358,3,434,0.7702637910842896
0,358,4,315,0.7674532532691956
0,358,5,1016,0.7612771987915039
0,358,6,1517,0.7605763077735901
0,358,7,1449,0.7535380125045776
0,358,8,168,0.751263439655304
0,358,9,535,0.7508371472358704
0,358,10,566,0.7465627789497375
0,359,1,2294,0.7779251337051392
0,359,2,315,0.7718634605407715
0,359,3,1449,0.7584912180900574
0,359,4,1016,0.7584586143493652
0,359,5,2899,0.7386407852172852
0,359,6,1517,0.735270082950592
0,359,7,535,0.7286655902862549
0,359,8,594,0.7252220511436462
0,359,9,566,0.7245279550552368
0,359,10,826,0.720463216304779
0,360,1,2294,0.7779251337051392
0,360,2,315,0.7718634605407715
0,360,3,1449,0.7584912180900574
0,360,4,1016,0.7584586143493652
0,360,5,2899,0.7386407852172852
0,360,6,1517,0.735270082950592
0,360,7,535,0.7286655902862549
0,360,8,594,0.7252220511436462
0,360,9,566,0.7245279550552368
0,360,10,826,0.720463216304779
0,361,1,2294,0.7779251337051392
0,361,2,315,0.7718634605407715
0,361,3,1449,0.7584912180900574
0,361,4,1016,0.7584586143493652
0,361,5,2899,0.7386407852172852
0,361,6,1517,0.735270082950592
0,361,7,535,0.7286655902862549
0,361,8,594,0.7252220511436462
0,361,9,566,0.7245279550552368
0,361,10,826,0.720463216304779
0,362,1,2294,0.7779251337051392
0,362,2,315,0.7718634605407715
0,362,3,1449,0.7584912180900574
0,362,4,1016,0.7584586143493652
0,362,5,2899,0.7386407852172852
0,362,6,1517,0.735270082950592
0,362,7,535,0.7286655902862549
0,362,8,594,0.7252220511436462
0,362,9,566,0.7245279550552368
0,362,10,826,0.720463216304779
0,363,1,2294,0.7780522108078003
0,363,2,315,0.7721710801124573
0,363,3,1449,0.75868159532547
0,363,4,1016,0.7586606740951538
0,363,5,2899,0.7388269305229187
0,363,6,1517,0.7350478172302246
0,363,7,535,0.7284663915634155
0,363,8,594,0.7251884937286377
0,363,9,566,0.7243341207504272
0,363,10,826,0.7202242016792297
0,364,1,2759,0.8463395237922668
0,364,2,2705,0.7800090312957764
0,364,3,418,0.779118537902832
0,364,4,1491,0.7789002656936646
0,364,5,2061,0.770484447479248
0,364,6,1635,0.7596453428268433
0,364,7,2602,0.7375655174255371
0,364,8,2384,0.7275590896606445
0,364,9,1655,0.7268952131271362
0,364,10,1692,0.7265552282333374
0,365,1,1478,0.9184165000915527
0,365,2,1653,0.8432980179786682
0,365,3,418,0.8416807055473328
0,365,4,2705,0.8340201377868652
0,365,5,1491,0.8321639895439148
0,365,6,2061,0.8253099918365479
0,365,7,1635,0.815182626247406
0,365,8,249,0.8034234046936035
0,365,9,788,0.7893050312995911
0,365,10,2602,0.7878586053848267
0,366,1,1653,0.8320323824882507
0,366,2,418,0.8122143745422363
0,366,3,2705,0.7850703001022339
0,366,4,1491,0.7763696312904358
0,366,5,2061,0.7718673348426819
0,366,6,2403,0.7661070227622986
0,366,7,1635,0.7651454210281372
0,366,8,646,0.7629227638244629
0,366,9,2264,0.758758008480072
0,366,10,1062,0.7537388801574707
0,367,1,1478,0.8637152314186096
0,367,2,1203,0.8251411318778992
0,367,3,2078,0.8245862722396851
0,367,4,2705,0.7766669988632202
0,367,5,1491,0.7737560868263245
0,367,6,2061,0.7641888856887817
0,367,7,1635,0.7544964551925659
0,367,8,249,0.7396260499954224
0,367,9,2602,0.7253340482711792
0,367,10,788,0.7197620868682861
0,368,1,1203,0.8011635541915894
0,368,2,1653,0.7762957811355591
0,368,3,1494,0.7525262236595154
0,368,4,2403,0.7091352343559265
0,368,5,646,0.7066148519515991
0,368,6,1062,0.7061351537704468
0,368,7,671,0.6968511939048767
0,368,8,2363,0.6968204975128174
0,368,9,2956,0.6958277225494385
0,368,10,387,0.6933570504188538
0,369,1,1398,0.8618008494377136
0,369,2,2888,0.8499055504798889
0,369,3,1108,0.8410986661911011
0,369,4,2978,0.8405040502548218
0,369,5,1481,0.824880838394165
0,369,6,2899,0.813052237033844
0,369,7,1016,0.8034490942955017
0,369,8,1449,0.8016756176948547
0,369,9,315,0.798907995223999
0,369,10,2343,0.7829005718231201
0,370,1,1398,0.8891809582710266
0,370,2,1108,0.8653655052185059
0,370,3,2978,0.8648840188980103
0,370,4,2321,0.8493722081184387
0,370,5,2899,0.8488921523094177
0,370,6,1481,0.8453431725502014
0,370,7,1449,0.8391053080558777
0,370,8,1016,0.835437536239624
0,370,9,2343,0.8252448439598083
0,370,10,315,0.821570873260498
0,371,1,272,0.8644720315933228
0,371,2,2978,0.8606972694396973
0,371,3,2899,0.8417870998382568
0,371,4,1481,0.8396274447441101
0,371,5,1016,0.8375672101974487
0,371,6,1449,0.8362416625022888
0,371,7,315,0.8285976052284241
0,371,8,1108,0.8263860940933228
0,371,9,1826,0.8242383003234863
0,371,10,2343,0.8144722580909729
0,372,1,2978,0.8694091439247131
0,372,2,2899,0.8525517582893372
0,372,3,1481,0.8515818119049072
0,372,4,2464,0.8504149913787842
0,372,5,1449,0.8405315279960632
0,372,6,1016,0.8393941521644592
0,372,7,315,0.8300729990005493
0,372,8,2343,0.8279386162757874
0,372,9,1826,0.8269553184509277
0,372,10,2321,0.8161461353302002
0,373,1,2441,0.8692732453346252
0,373,2,1347,0.8690584897994995
0,373,3,2321,0.8377645611763
0,373,4,2978,0.8298220038414001
0,373,5,2899,0.8137281537055969
0,373,6,1481,0.8112039566040039
0,373,7,1449,0.8047147989273071
0,373,8,1016,0.80185866355896
0,373,9,2343,0.7891773581504822
0,373,10,315,0.7873619794845581
0,374,1,477,0.8798797130584717
0,374,2,2321,0.8504568934440613
0,374,3,1678,0.8453301191329956
0,374,4,2978,0.8033943176269531
0,374,5,2899,0.7983559966087341
0,374,6,2343,0.7917395234107971
0,374,7,1449,0.7894198298454285
0,374,8,1016,0.7883520722389221
0,374,9,1481,0.7734583616256714
0,374,10,315,0.7645661234855652
0,375,1,477,0.8999017477035522
0,375,2,1347,0.8936840295791626
0,375,3,2978,0.8709050416946411
0,375,4,1678,0.8698911666870117
0,375,5,2899,0.8589442372322083
0,375,6,1481,0.8476121425628662
0,375,7,1449,0.8467060327529907
0,375,8,1016,0.8440709114074707
0,375,9,2343,0.8424049019813538
0,375,10,315,0.8265970349311829
0,378,1,1606,0.8779849410057068
0,378,2,2739,0.8687326312065125
0,378,3,2321,0.8390985727310181
0,378,4,2978,0.8357043266296387
0,378,5,2899,0.8260266780853271
0,378,6,1449,0.814974308013916
0,378,7,1481,0.8123253583908081
0,378,8,1016,0.8114153146743774
0,378,9,2343,0.8099256157875061
0,378,10,315,0.794270396232605
0,379,1,272,0.8802863955497742
0,379,2,1606,0.8734241724014282
0,379,3,918,0.8645492792129517
0,379,4,2978,0.8240298628807068
0,379,5,2899,0.804137647151947
0,379,6,1016,0.801161527633667
0,379,7,1481,0.8010057210922241
0,379,8,1449,0.7974288463592529
0,379,9,315,0.7906389832496643
0,379,10,2343,0.7753856182098389
0,380,1,2739,0.8797050714492798
0,380,2,1678,0.8582861423492432
0,380,3,2321,0.8557232618331909
0,380,4,2978,0.8153639435768127
0,380,5,2899,0.8049721717834473
0,380,6,1016,0.8001806139945984
0,380,7,1449,0.7982407212257385
0,380,8,2343,0.7904568314552307
0,380,9,1481,0.7868887186050415
0,380,10,315,0.7770211696624756
0,381,1,918,0.8868712186813354
0,381,2,1826,0.876117467880249
0,381,3,1678,0.8610568046569824
0,381,4,2978,0.8365845680236816
0,381,5,2899,0.830225944519043
0,381,6,1449,0.8202486634254456
0,381,7,1016,0.818871021270752
0,381,8,2343,0.8188336491584778
0,381,9,1481,0.8118540644645691
0,381,10,315,0.798007607460022
0,383,1,272,0.885654628276825
0,383,2,1606,0.8807809352874756
0,383,3,1678,0.8469707369804382
0,383,4,2978,0.8107873797416687
0,383,5,2899,0.8059319853782654
0,383,6,1016,0.8015417456626892
0,383,7,1449,0.7983339428901672
0,383,8,2343,0.7935845255851746
0,383,9,1481,0.7828498482704163
0,383,10,315,0.7794538736343384
0,384,1,477,0.8707722425460815
0,384,2,918,0.8629180788993835
0,384,3,1347,0.8627317547798157
0,384,4,2978,0.8197532892227173
0,384,5,2899,0.8088942170143127
0,384,6,1481,0.8045639395713806
0,384,7,1449,0.797661304473877
0,384,8,1016,0.7948864102363586
0,384,9,2343,0.7827423810958862
0,384,10,315,0.7815625071525574
0,385,1,477,0.8620865345001221
0,385,2,1108,0.8500503301620483
0,385,3,1826,0.8380295634269714
0,385,4,2978,0.8188281059265137
0,385,5,2899,0.8137697577476501
0,385,6,2343,0.8034543395042419
0,385,7,1449,0.7987117171287537
0,385,8,1481,0.797770619392395
0,385,9,1016,0.7893840074539185
0,385,10,1395,0.7756547927856445
0,386,1,272,0.9105961918830872
0,386,2,2888,0.8926814198493958
0,386,3,1678,0.8682465553283691
0,386,4,2978,0.8664534091949463
0,386,5,2899,0.85707026720047
0,386,6,1016,0.8467757105827332
0,386,7,1449,0.8461669683456421
0,386,8,2343,0.8428298234939575
0,386,9,1481,0.8382837176322937
0,386,10,315,0.8268191814422607
0,387,1,2464,0.8749064803123474
0,387,2,2978,0.8521358370780945
0,387,3,2321,0.8417124152183533
0,387,4,2687,0.8323037624359131
0,387,5,2899,0.8305327892303467
0,387,6,1481,0.83015376329422
0,387,7,1016,0.8232406973838806
0,387,8,1449,0.8232375383377075
0,387,9,315,0.8087000846862793
0,387,10,2343,0.8082547783851624
0,388,1,2441,0.8797834515571594
0,388,2,2739,0.8778042197227478
0,388,3,1108,0.8650887608528137
0,388,4,2978,0.8388586044311523
0,388,5,2899,0.8257622122764587
0,388,6,1449,0.8172141909599304
0,388,7,1481,0.816618025302887
0,388,8,1016,0.8152801394462585
0,388,9,2343,0.8058838248252869
0,388,10,315,0.7957779765129089
0,391,1,1398,0.8772121667861938
0,391,2,1347,0.8674508929252625
0,391,3,2321,0.84189772605896
0,391,4,2978,0.7966360449790955
0,391,5,2899,0.7850217223167419
0,391,6,1481,0.7820121049880981
0,391,7,1449,0.7745168209075928
0,391,8,1016,0.7688095569610596
0,391,9,2343,0.7624772191047668
0,391,10,1395,0.7607899308204651
0,392,1,1657,0.6956673860549927
0,392,2,2558,0.6750024557113647
0,392,3,2108,0.6650448441505432
0,392,4,2303,0.6526076197624207
0,392,5,1391,0.6483142971992493
0,392,6,38,0.6467946171760559
0,392,7,2104,0.6423817276954651
0,392,8,557,0.6379730701446533
0,392,9,1839,0.6372175216674805
0,392,10,1044,0.6313745975494385
0,395,1,716,0.7101413607597351
0,395,2,2156,0.7073799967765808
0,395,3,1657,0.6963662505149841
0,395,4,38,0.6863921880722046
0,395,5,2303,0.6790204644203186
0,395,6,1044,0.6704947352409363
0,395,7,1839,0.6674920320510864
0,395,8,557,0.6610034108161926
0,395,9,257,0.6605432033538818
0,395,10,2412,0.6582149863243103
0,396,1,2082,0.7268328666687012
0,396,2,641,0.7024904489517212
0,396,3,1657,0.6888999938964844
0,396,4,2412,0.6809952855110168
0,396,5,1391,0.6504496932029724
0,396,6,584,0.6453666090965271
0,396,7,38,0.6443876624107361
0,396,8,1235,0.6441973447799683
0,396,9,257,0.6418916583061218
0,396,10,2303,0.6408469080924988
0,397,1,1379,0.8230721354484558
0,397,2,1570,0.8018597364425659
0,397,3,609,0.8009110689163208
0,397,4,1301,0.7938284873962402
0,397,5,527,0.7532237768173218
0,397,6,206,0.7481741309165955
0,397,7,475,0.730617105960846
0,397,8,2504,0.6661176085472107
0,397,9,2080,0.6650269031524658
0,397,10,192,0.6478281021118164
0,398,1,1491,0.6960836052894592
0,398,2,2061,0.6861069202423096
0,398,3,2705,0.6847909092903137
0,398,4,1635,0.6763067245483398
0,398,5,2602,0.6694209575653076
0,398,6,2293,0.6686052680015564
0,398,7,2568,0.6652964353561401
0,398,8,527,0.6642451286315918
0,398,9,2423,0.659300684928894
0,398,10,1232,0.6510508060455322
0,399,1,1307,0.8623146414756775
0,399,2,2830,0.8106104135513306
0,399,3,609,0.8055362701416016
0,399,4,2136,0.8015424013137817
0,399,5,527,0.7515245079994202
0,399,6,206,0.7406906485557556
0,399,7,475,0.7150471806526184
0,399,8,2112,0.675782322883606
0,399,9,2504,0.6574174761772156
0,399,10,1346,0.6481561660766602
0,400,1,1307,0.8044100403785706
0,400,2,2910,0.8020060658454895
0,400,3,2136,0.7881858348846436
0,400,4,2568,0.7544324398040771
0,400,5,1301,0.7415727972984314
0,400,6,2235,0.7196851968765259
0,400,7,2080,0.6664575338363647
0,400,8,192,0.6545236706733704
0,400,9,1963,0.6427246928215027
0,400,10,1277,0.6367752552032471
0,401,1,1657,0.7221403121948242
0,401,2,584,0.692658543586731
0,401,3,1391,0.6861380934715271
0,401,4,2412,0.6780329346656799
0,401,5,2108,0.675961971282959
0,401,6,1721,0.6719809174537659
0,401,7,2303,0.6594924926757812
0,401,8,38,0.6568912863731384
0,401,9,2583,0.6472728848457336
0,401,10,1586,0.6439768671989441
0,403,1,89,0.757102906703949
0,403,2,2830,0.7477333545684814
0,403,3,527,0.7122584581375122
0,403,4,2568,0.7077876329421997
0,403,5,206,0.7054324150085449
0,403,6,475,0.6863679885864258
0,403,7,2340,0.6466677188873291
0,403,8,1277,0.6430118680000305
0,403,9,1346,0.6212125420570374
0,403,10,2180,0.6198684573173523
0,404,1,1307,0.7973777651786804
0,404,2,2758,0.7850840091705322
0,404,3,2568,0.7619682550430298
0,404,4,527,0.7561963796615601
0,404,5,206,0.7532802820205688
0,404,6,475,0.7488489747047424
0,404,7,2209,0.6918945908546448
0,404,8,2504,0.6856631636619568
0,404,9,2080,0.6741096377372742
0,404,10,1160,0.6392021179199219
0,405,1,2209,0.7263430953025818
0,405,2,2830,0.6862843036651611
0,405,3,89,0.6676629185676575
0,405,4,1936,0.663284182548523
0,405,5,1379,0.6498149037361145
0,405,6,1570,0.6376509070396423
0,405,7,1307,0.6253182888031006
0,405,8,2758,0.6235180497169495
0,405,9,1654,0.619426429271698
0,405,10,447,0.6107096672058105
0,406,1,1307,0.7953580021858215
0,406,2,1379,0.788516640663147
0,406,3,2830,0.7739518880844116
0,406,4,89,0.7692840695381165
0,406,5,1570,0.7517215013504028
0,406,6,2758,0.7461889982223511
0,406,7,1301,0.7411993741989136
0,406,8,2235,0.739866316318512
0,406,9,192,0.6582314968109131
0,406,10,1963,0.6390679478645325
0,407,1,527,0.5954375863075256
0,407,2,206,0.5800014138221741
0,407,3,2504,0.5776601433753967
0,407,4,261,0.5760993957519531
0,407,5,609,0.5552560091018677
0,407,6,1491,0.5474683046340942
0,407,7,2136,0.5445986986160278
0,407,8,2061,0.5392348766326904
0,407,9,2602,0.5385571122169495
0,407,10,1307,0.531783938407898
0,408,1,1779,0.6611505746841431
0,408,2,249,0.6516973972320557
0,408,3,103,0.6496623754501343
0,408,4,1491,0.6442590951919556
0,408,5,2870,0.6394530534744263
0,408,6,2602,0.6372667551040649
0,408,7,2061,0.6341084837913513
0,408,8,788,0.6336883902549744
0,408,9,1655,0.6241512894630432
0,408,10,2705,0.6176283955574036
0,409,1,2602,0.7825425863265991
0,409,2,1655,0.7688269019126892
0,409,3,1491,0.7653825879096985
0,409,4,2107,0.7620673775672913
0,409,5,2384,0.761010468006134
0,409,6,2061,0.7597196698188782
0,409,7,1692,0.7575699090957642
0,409,8,2927,0.7509015798568726
0,409,9,82,0.750374972820282
0,409,10,2870,0.7471393346786499
0,410,1,1779,0.7804280519485474
0,410,2,2870,0.7768054008483887
0,410,3,249,0.7701404094696045
0,410,4,2602,0.7638890743255615
0,410,5,1655,0.7531904578208923
0,410,6,788,0.7511601448059082
0,410,7,523,0.7480922937393188
0,410,8,2384,0.7404812574386597
0,410,9,1491,0.7368978261947632
0,410,10,90,0.7346156239509583
0,411,1,523,0.8365247845649719
0,411,2,1779,0.8200523257255554
0,411,3,2107,0.8147581219673157
0,411,4,2261,0.8139886260032654
0,411,5,90,0.8139709234237671
0,411,6,2870,0.8108127117156982
0,411,7,2927,0.8069076538085938
0,411,8,1692,0.8024915456771851
0,411,9,1655,0.7993906736373901
0,411,10,788,0.797451913356781
0,412,1,1779,0.8158438205718994
0,412,2,523,0.8148646950721741
0,412,3,2870,0.8044952154159546
0,412,4,2107,0.8002738952636719
0,412,5,90,0.7926207184791565
0,412,6,249,0.7924941182136536
0,412,7,788,0.7920689582824707
0,412,8,1655,0.7919467687606812
0,412,9,2602,0.7906737327575684
0,412,10,2927,0.789581835269928
0,413,1,523,0.8069725632667542
0,413,2,2107,0.7975457310676575
0,413,3,1655,0.7949780821800232
0,413,4,2927,0.7946664094924927
0,413,5,2602,0.7934361100196838
0,413,6,2870,0.7928153872489929
0,413,7,1779,0.7916637659072876
0,413,8,1692,0.7912750840187073
0,413,9,2384,0.7886127233505249
0,413,10,90,0.7882471680641174
0,414,1,523,0.8101506233215332
0,414,2,2107,0.8049049377441406
0,414,3,2145,0.7950435876846313
0,414,4,90,0.7911780476570129
0,414,5,3017,0.7867553234100342
0,414,6,2927,0.779088020324707
0,414,7,1692,0.7741509675979614
0,414,8,2870,0.7665064334869385
0,414,9,1655,0.7643497586250305
0,414,10,2261,0.7635765075683594
0,415,1,248,0.8692530989646912
0,415,2,1884,0.8488722443580627
0,415,3,112,0.8454165458679199
0,415,4,201,0.8434325456619263
0,415,5,755,0.824999988079071
0,415,6,1360,0.8247602581977844
0,415,7,113,0.8246955275535583
0,415,8,1215,0.8219354748725891
0,415,9,886,0.8201186060905457
0,415,10,2802,0.810325026512146
0,416,1,863,0.7187674045562744
0,416,2,1153,0.7081204056739807
0,416,3,3084,0.7014419436454773
0,416,4,1723,0.687614917755127
0,416,5,1354,0.6868683695793152
0,416,6,106,0.6833218932151794
0,416,7,554,0.6790385842323303
0,416,8,31,0.6745762825012207
0,416,9,2493,0.6739421486854553
0,416,10,2440,0.6700822114944458
0,417,1,385,0.7966001033782959
0,417,2,3069,0.7612996697425842
0,417,3,1198,0.7269188165664673
0,417,4,293,0.7165090441703796
0,417,5,1029,0.7158306241035461
0,417,6,1369,0.7081730961799622
0,417,7,1952,0.7059890031814575
0,417,8,1781,0.7054650187492371
0,417,9,2176,0.7008113265037537
0,417,10,876,0.7007524371147156
0,418,1,1407,0.7723831534385681
0,418,2,1738,0.7623009085655212
0,418,3,471,0.7588089108467102
0,418,4,2,0.7570744752883911
0,418,5,1848,0.7545870542526245
0,418,6,826,0.7400957942008972
0,418,7,518,0.7394999861717224
0,418,8,1165,0.7393853664398193
0,418,9,594,0.7390820980072021
0,418,10,535,0.7385568618774414
0,419,1,248,0.8623712658882141
0,419,2,2028,0.8483413457870483
0,419,3,1196,0.8478178381919861
0,419,4,3010,0.8386693596839905
0,419,5,886,0.8302003145217896
0,419,6,1215,0.829850971698761
0,419,7,1360,0.8280008435249329
0,419,8,113,0.8266675472259521
0,419,9,2802,0.8208307027816772
0,419,10,2986,0.817723274230957
0,420,1,201,0.8581549525260925
0,420,2,248,0.8529812097549438
0,420,3,1884,0.8447659611701965
0,420,4,886,0.8174327611923218
0,420,5,1360,0.8156650066375732
0,420,6,2986,0.8129233717918396
0,420,7,2802,0.8085842132568359
0,420,8,755,0.8083988428115845
0,420,9,1215,0.808226466178894
0,420,10,906,0.8080613613128662
0,421,1,2183,0.7595116496086121
0,421,2,112,0.747692883014679
0,421,3,201,0.7414230108261108
0,421,4,2785,0.7362530827522278
0,421,5,103,0.734287440776825
0,421,6,2851,0.7325031161308289
0,421,7,2028,0.7248254418373108
0,421,8,343,0.72294682264328
0,421,9,2205,0.7227075099945068
0,421,10,1040,0.7187641859054565
0,422,1,356,0.8169313669204712
0,422,2,3019,0.816190242767334
0,422,3,248,0.7765392661094666
0,422,4,2028,0.7621815204620361
0,422,5,106,0.7531704306602478
0,422,6,1767,0.7466870546340942
0,422,7,2790,0.7438693046569824
0,422,8,1651,0.7423149347305298
0,422,9,2687,0.7360575199127197
0,422,10,1360,0.7358692288398743
0,423,1,248,0.860769510269165
0,423,2,1196,0.8486610054969788
0,423,3,113,0.8175255060195923
0,423,4,704,0.8087103962898254
0,423,5,906,0.7943853139877319
0,423,6,1409,0.793330729007721
0,423,7,2790,0.7921406030654907
0,423,8,1767,0.7881575226783752
0,423,9,1215,0.7879713773727417
0,423,10,876,0.78676837682724
0,424,1,826,0.8601763248443604
0,424,2,518,0.8182533979415894
0,424,3,576,0.7827229499816895
0,424,4,1651,0.7801167368888855
0,424,5,670,0.7665441632270813
0,424,6,579,0.7616078853607178
0,424,7,595,0.7593884468078613
0,424,8,2047,0.7522698044776917
0,424,9,3073,0.7491560578346252
0,424,10,356,0.7448365688323975
0,425,1,2311,0.8154411911964417
0,425,2,2486,0.805702269077301
0,425,3,910,0.7985082864761353
0,425,4,297,0.7981886267662048
0,425,5,579,0.7959715723991394
0,425,6,1517,0.7949240803718567
0,425,7,518,0.7942588925361633
0,425,8,2721,0.7941966652870178
0,425,9,506,0.7938336730003357
0,425,10,595,0.792639434337616
0,426,1,566,0.8294932246208191
0,426,2,518,0.8276278376579285
0,426,3,1263,0.7441373467445374
0,426,4,1651,0.7334571480751038
0,426,5,595,0.7128650546073914
0,426,6,579,0.703801691532135
0,426,7,2047,0.7024149298667908
0,426,8,1029,0.6915252208709717
0,426,9,471,0.6903535723686218
0,426,10,1165,0.6886113882064819
0,427,1,518,0.8516796231269836
0,427,2,594,0.7830734848976135
0,427,3,2700,0.7796295285224915
0,427,4,826,0.7656133770942688
0,427,5,535,0.7644116282463074
0,427,6,1618,0.7440178394317627
0,427,7,2272,0.7415421605110168
0,427,8,1651,0.7323864102363586
0,427,9,667,0.7117071747779846
0,427,10,2047,0.7094612717628479
0,428,1,538,0.813633382320404
0,428,2,595,0.7670190930366516
0,428,3,1263,0.7660130262374878
0,428,4,1651,0.7616754770278931
0,428,5,579,0.7601544260978699
0,428,6,670,0.7452306747436523
0,428,7,2047,0.7289614081382751
0,428,8,2486,0.728542149066925
0,428,9,2311,0.7249262928962708
0,428,10,506,0.723588228225708
0,429,1,538,0.813633382320404
0,429,2,595,0.7670190930366516
0,429,3,1263,0.7660130262374878
0,429,4,1651,0.7616754770278931
0,429,5,579,0.7601544260978699
0,429,6,670,0.7452306747436523
0,429,7,2047,0.7289614081382751
0,429,8,2486,0.728542149066925
0,429,9,2311,0.7249262928962708
0,429,10,506,0.723588228225708
0,430,1,538,0.813633382320404
0,430,2,595,0.7670190930366516
0,430,3,1263,0.7660130262374878
0,430,4,1651,0.7616754770278931
0,430,5,579,0.7601544260978699
0,430,6,670,0.7452306747436523
0,430,7,2047,0.7289614081382751
0,430,8,2486,0.728542149066925
0,430,9,2311,0.7249262928962708
0,430,10,506,0.723588228225708
0,435,1,1208,0.7951028943061829
0,435,2,430,0.7824584245681763
0,435,3,2788,0.7767641544342041
0,435,4,168,0.774513304233551
0,435,5,518,0.7737918496131897
0,435,6,2047,0.7660739421844482
0,435,7,1651,0.7573530077934265
0,435,8,747,0.7553094625473022
0,435,9,2557,0.7455000281333923
0,435,10,566,0.7432971596717834
0,436,1,1651,0.7549416422843933
0,436,2,168,0.7402801513671875
0,436,3,2721,0.7385233640670776
0,436,4,566,0.7383579015731812
0,436,5,2047,0.7372331619262695
0,436,6,826,0.7341035008430481
0,436,7,1208,0.7330335974693298
0,436,8,535,0.7257788181304932
0,436,9,430,0.7252315878868103
0,436,10,1899,0.7246894836425781
0,437,1,2721,0.7834516167640686
0,437,2,2047,0.763709306716919
0,437,3,168,0.7598161697387695
0,437,4,1208,0.7582493424415588
0,437,5,1651,0.7555156946182251
0,437,6,566,0.7513153553009033
0,437,7,621,0.7473904490470886
0,437,8,826,0.7459794282913208
0,437,9,430,0.7374557256698608
0,437,10,535,0.7372225522994995
0,438,1,1651,0.7529364824295044
0,438,2,2721,0.750562846660614
0,438,3,2047,0.7462750673294067
0,438,4,566,0.7454357147216797
0,438,5,826,0.7448864579200745
0,438,6,535,0.7347739338874817
0,438,7,1208,0.7307592630386353
0,438,8,2923,0.7304357290267944
0,438,9,1899,0.7290849089622498
0,438,10,1409,0.7251846194267273
0,439,1,2205,0.7866145372390747
0,439,2,1467,0.7856081128120422
0,439,3,2911,0.7750555872917175
0,439,4,2274,0.7746937870979309
0,439,5,1159,0.7659918069839478
0,439,6,701,0.7628787159919739
0,439,7,521,0.760347843170166
0,439,8,1408,0.7545419931411743
0,439,9,884,0.7508353590965271
0,439,10,2397,0.7500985860824585
0,441,1,2183,0.8174610733985901
0,441,2,2028,0.8115870356559753
0,441,3,2790,0.8107447624206543
0,441,4,1767,0.8101300597190857
0,441,5,3019,0.8092730045318604
0,441,6,1696,0.8059389591217041
0,441,7,112,0.801722526550293
0,441,8,1952,0.8005752563476562
0,441,9,201,0.7909031510353088
0,441,10,1196,0.7898291349411011
0,443,1,2942,0.7779732346534729
0,443,2,1048,0.7581688165664673
0,443,3,1386,0.7548452019691467
0,443,4,58,0.7430763244628906
0,443,5,410,0.7391130924224854
0,443,6,1200,0.7343193888664246
0,443,7,191,0.7340550422668457
0,443,8,394,0.7334656119346619
0,443,9,1718,0.7332170605659485
0,443,10,1590,0.7205724120140076
0,444,1,1048,0.7916234731674194
0,444,2,2942,0.7870500087738037
0,444,3,191,0.7842203378677368
0,444,4,394,0.7717457413673401
0,444,5,1200,0.745455801486969
0,444,6,665,0.7437615394592285
0,444,7,1718,0.7431454658508301
0,444,8,507,0.7332751154899597
0,444,9,2912,0.7261071801185608
0,444,10,581,0.7131845951080322
0,445,1,2942,0.8165128231048584
0,445,2,191,0.8162459135055542
0,445,3,394,0.8052384853363037
0,445,4,1048,0.789470911026001
0,445,5,1200,0.781764030456543
0,445,6,1718,0.777878999710083
0,445,7,173,0.7716702222824097
0,445,8,507,0.7702214121818542
0,445,9,2912,0.7695496678352356
0,445,10,301,0.7615710496902466
0,446,1,1200,0.7476300597190857
0,446,2,1718,0.7429092526435852
0,446,3,507,0.7305816411972046
0,446,4,173,0.7131316661834717
0,446,5,2912,0.704753041267395
0,446,6,466,0.6843429207801819
0,446,7,301,0.6796385049819946
0,446,8,672,0.6705392599105835
0,446,9,2814,0.6672016382217407
0,446,10,1048,0.661067545413971
0,448,1,1200,0.8035765290260315
0,448,2,173,0.801423192024231
0,448,3,1718,0.8011472821235657
0,448,4,394,0.7974726557731628
0,448,5,3079,0.7325577139854431
0,448,6,1184,0.7272979021072388
0,448,7,2615,0.714307427406311
0,448,8,2210,0.7139876484870911
0,448,9,1587,0.7022056579589844
0,448,10,2391,0.7012606263160706
0,449,1,1718,0.8046596646308899
0,449,2,1200,0.8039382696151733
0,449,3,672,0.7901325821876526
0,449,4,2210,0.7529866695404053
0,449,5,2615,0.7434157133102417
0,449,6,2704,0.7216627597808838
0,449,7,665,0.7150958180427551
0,449,8,1048,0.7131950259208679
0,449,9,833,0.6859298348426819
0,449,10,3079,0.672825276851654
0,450,1,1200,0.7952238321304321
0,450,2,1718,0.7952104806900024
0,450,3,173,0.7746555805206299
0,450,4,1184,0.7607688307762146
0,450,5,665,0.7484585046768188
0,450,6,3079,0.7391811013221741
0,450,7,1048,0.7370439171791077
0,450,8,1587,0.7209030389785767
0,450,9,2391,0.7196741700172424
0,450,10,833,0.7035689949989319
0,451,1,1200,0.8220790028572083
0,451,2,1718,0.8219608068466187
0,451,3,3079,0.8101537823677063
0,451,4,672,0.8040529489517212
0,451,5,1184,0.782848060131073
0,451,6,2615,0.7799347639083862
0,451,7,665,0.7773554921150208
0,451,8,2210,0.7692970037460327
0,451,9,1587,0.7602503299713135
0,451,10,2391,0.7317171692848206
0,453,1,1009,0.7855876684188843
0,453,2,301,0.7848681807518005
0,453,3,672,0.7773471474647522
0,453,4,2210,0.7752710580825806
0,453,5,2814,0.763277530670166
0,453,6,2912,0.7550085783004761
0,453,7,1718,0.7302232980728149
0,453,8,1200,0.7298164963722229
0,453,9,507,0.7163240313529968
0,453,10,1048,0.7147741317749023
0,454,1,2814,0.7758321166038513
0,454,2,1718,0.7434934973716736
0,454,3,1200,0.7426731586456299
0,454,4,3079,0.7366726994514465
0,454,5,507,0.7253307700157166
0,454,6,1048,0.710254967212677
0,454,7,2391,0.7022348642349243
0,454,8,2755,0.68766188621521
0,454,9,191,0.6829308271408081
0,454,10,1939,0.6829072833061218
0,455,1,301,0.6964048743247986
0,455,2,2912,0.6955859661102295
0,455,3,1009,0.6827201247215271
0,455,4,672,0.680322527885437
0,455,5,507,0.6630573868751526
0,455,6,2814,0.6546609997749329
0,455,7,3079,0.6543046236038208
0,455,8,2942,0.636823296546936
0,455,9,173,0.6250646710395813
0,455,10,191,0.6134856939315796
0,456,1,301,0.8219061493873596
0,456,2,672,0.7927685976028442
0,456,3,2912,0.790925145149231
0,456,4,2814,0.7907800674438477
0,456,5,507,0.7657656073570251
0,456,6,173,0.7574675679206848
0,456,7,1009,0.7545599937438965
0,456,8,1048,0.7427834868431091
0,456,9,2704,0.7328195571899414
0,456,10,191,0.7299551963806152
0,458,1,1718,0.7676495313644409
0,458,2,1200,0.7665262818336487
0,458,3,2755,0.7520994544029236
0,458,4,1009,0.7501369714736938
0,458,5,173,0.7281601428985596
0,458,6,665,0.7263913750648499
0,458,7,394,0.715895414352417
0,458,8,3079,0.7144418358802795
0,458,9,191,0.7100476026535034
0,458,10,2942,0.7010231018066406
0,459,1,444,0.8545706868171692
0,459,2,1723,0.8419345617294312
0,459,3,863,0.8318294286727905
0,459,4,1399,0.8006215691566467
0,459,5,2261,0.8001914620399475
0,459,6,2927,0.7985737323760986
0,459,7,1692,0.7963681817054749
0,459,8,2145,0.7937837839126587
0,459,9,2384,0.789595365524292
0,459,10,90,0.7888547778129578
0,460,1,1153,0.8264355063438416
0,460,2,1399,0.7773187160491943
0,460,3,3017,0.7723367214202881
0,460,4,2927,0.7698684334754944
0,460,5,1692,0.7681118845939636
0,460,6,2107,0.7659351825714111
0,460,7,2145,0.7628858685493469
0,460,8,523,0.7627126574516296
0,460,9,2384,0.7614196538925171
0,460,10,1655,0.7608827352523804
0,461,1,1157,0.811918318271637
0,461,2,1811,0.8090454936027527
0,461,3,1260,0.8077031373977661
0,461,4,2145,0.7531095147132874
0,461,5,2261,0.7521782517433167
0,461,6,2927,0.7492212057113647
0,461,7,1399,0.7460498809814453
0,461,8,1701,0.7445217967033386
0,461,9,1692,0.743327260017395
0,461,10,1655,0.7389904856681824
0,462,1,444,0.8589686155319214
0,462,2,3084,0.8507382273674011
0,462,3,2196,0.7936732172966003
0,462,4,730,0.7900988459587097
0,462,5,900,0.7821263670921326
0,462,6,2145,0.7787295579910278
0,462,7,1399,0.7777623534202576
0,462,8,393,0.7745015025138855
0,462,9,2309,0.7727664113044739
0,462,10,2365,0.7698626518249512
0,463,1,1723,0.8527664542198181
0,463,2,1157,0.8513577580451965
0,463,3,1399,0.8164348006248474
0,463,4,2927,0.7933622598648071
0,463,5,2384,0.7913105487823486
0,463,6,1692,0.7872819900512695
0,463,7,2145,0.77754807472229
0,463,8,1655,0.7768498063087463
0,463,9,2602,0.7747784852981567
0,463,10,2107,0.7713392376899719
0,465,1,1476,0.7989197969436646
0,465,2,2423,0.7533334493637085
0,465,3,1467,0.7520454525947571
0,465,4,2911,0.7494044899940491
0,465,5,1991,0.7469015717506409
0,465,6,2956,0.7408642768859863
0,465,7,1671,0.7348156571388245
0,465,8,103,0.7325118184089661
0,465,9,2761,0.7316609621047974
0,465,10,2280,0.7312164306640625
0,467,1,103,0.7411009669303894
0,467,2,2423,0.7390391826629639
0,467,3,1467,0.7227345108985901
0,467,4,275,0.7214955687522888
0,467,5,2911,0.7213869094848633
0,467,6,196,0.7210702300071716
0,467,7,82,0.7210023403167725
0,467,8,905,0.7019422650337219
0,467,9,1991,0.700742781162262
0,467,10,2205,0.6999069452285767
0,468,1,575,0.8435558676719666
0,468,2,2931,0.8427644968032837
0,468,3,2280,0.7957127094268799
0,468,4,2628,0.795178234577179
0,468,5,1991,0.7936561703681946
0,468,6,1671,0.7864307761192322
0,468,7,2580,0.7803981304168701
0,468,8,104,0.7786896824836731
0,468,9,121,0.7756053805351257
0,468,10,2075,0.774624228477478
0,469,1,536,0.864591121673584
0,469,2,554,0.8417288064956665
0,469,3,1811,0.8200462460517883
0,469,4,2145,0.7878086566925049
0,469,5,2261,0.7854533791542053
0,469,6,1399,0.7850086092948914
0,469,7,2927,0.7746086716651917
0,469,8,523,0.7738612294197083
0,469,9,1692,0.7716556191444397
0,469,10,90,0.7716500759124756
0,470,1,2862,0.8289507031440735
0,470,2,2355,0.8254873156547546
0,470,3,2280,0.7982110381126404
0,470,4,2628,0.7945243716239929
0,470,5,1991,0.7925342917442322
0,470,6,1671,0.783465564250946
0,470,7,2580,0.7819561958312988
0,470,8,121,0.7751227617263794
0,470,9,1516,0.7715536952018738
0,470,10,104,0.7710435390472412
0,471,1,655,0.699253261089325
0,471,2,1063,0.6925631761550903
0,471,3,1550,0.6855533719062805
0,471,4,2256,0.6627955436706543
0,471,5,857,0.6488280892372131
0,471,6,2933,0.6392606496810913
0,471,7,706,0.6357141733169556
0,471,8,2344,0.6349872350692749
0,471,9,62,0.629705548286438
0,471,10,766,0.6207618713378906
0,472,1,2432,0.6667211055755615
0,472,2,1550,0.6370380520820618
0,472,3,655,0.632245659828186
0,472,4,1335,0.5923475623130798
0,472,5,359,0.5827142000198364
0,472,6,2933,0.5826502442359924
0,472,7,2114,0.5568031668663025
0,472,8,2141,0.5551197528839111
0,472,9,717,0.5503606200218201
0,472,10,2048,0.5494386553764343
0,474,1,1829,0.7329731583595276
0,474,2,655,0.6944180130958557
0,474,3,1550,0.6883499622344971
0,474,4,2048,0.6658198237419128
0,474,5,950,0.6429675817489624
0,474,6,2933,0.6397064924240112
0,474,7,128,0.6198716759681702
0,474,8,857,0.6115350127220154
0,474,9,62,0.5979583263397217
0,474,10,2302,0.594275712966919
0,475,1,1063,0.7584218978881836
0,475,2,655,0.7424506545066833
0,475,3,1550,0.7328988313674927
0,475,4,857,0.6954522728919983
0,475,5,766,0.6686491966247559
0,475,6,364,0.6668350100517273
0,475,7,706,0.6660563349723816
0,475,8,127,0.663451611995697
0,475,9,2933,0.6620206236839294
0,475,10,62,0.6588305234909058
0,476,1,1447,0.7232108116149902
0,476,2,707,0.7076900601387024
0,476,3,1550,0.6861461997032166
0,476,4,655,0.6856222748756409
0,476,5,2933,0.619973361492157
0,476,6,857,0.6059922575950623
0,476,7,766,0.6014188528060913
0,476,8,128,0.5995161533355713
0,476,9,95,0.5951234102249146
0,476,10,127,0.5948601961135864
0,477,1,2432,0.7545799612998962
0,477,2,655,0.7380748987197876
0,477,3,1698,0.7274836301803589
0,477,4,1550,0.7253953218460083
0,477,5,706,0.7093529105186462
0,477,6,62,0.6993940472602844
0,477,7,2344,0.697342574596405
0,477,8,857,0.6956027150154114
0,477,9,2933,0.6819561123847961
0,477,10,2302,0.6686705350875854
0,478,1,1698,0.6903374195098877
0,478,2,1550,0.6607121825218201
0,478,3,655,0.6575969457626343
0,478,4,2933,0.6059806942939758
0,478,5,857,0.6041408181190491
0,478,6,766,0.5882619023323059
0,478,7,1335,0.5804452300071716
0,478,8,364,0.5770761370658875
0,478,9,95,0.5764673948287964
0,478,10,359,0.576116144657135
0,479,1,424,0.8240959644317627
0,479,2,1613,0.8039182424545288
0,479,3,283,0.7948020100593567
0,479,4,479,0.7938317060470581
0,479,5,2664,0.7895739674568176
0,479,6,1121,0.7842872142791748
0,479,7,2270,0.7701982855796814
0,479,8,2444,0.7694624066352844
0,479,9,1163,0.7627289295196533
0,479,10,2160,0.7611315250396729
0,480,1,1335,0.5854895114898682
0,480,2,2933,0.5756333470344543
0,480,3,359,0.5663021802902222
0,480,4,2141,0.5618358254432678
0,480,5,1447,0.5607964992523193
0,480,6,128,0.559363842010498
0,480,7,1550,0.5558506846427917
0,480,8,655,0.5531533360481262
0,480,9,2114,0.5508664846420288
0,480,10,567,0.5465901494026184
0,481,1,81,0.8069965243339539
0,481,2,1270,0.8067028522491455
0,481,3,1001,0.7888143658638
0,481,4,2377,0.7877932190895081
0,481,5,512,0.7805400490760803
0,481,6,1547,0.7805400490760803
0,481,7,1613,0.778477132320404
0,481,8,1985,0.7782615423202515
0,481,9,1866,0.7716025114059448
0,481,10,520,0.7619522213935852
0,483,1,971,0.6688005924224854
0,483,2,567,0.6620020866394043
0,483,3,2345,0.6596749424934387
0,483,4,2180,0.655918538570404
0,483,5,2009,0.6479665040969849
0,483,6,2118,0.6414423584938049
0,483,7,2933,0.6402138471603394
0,483,8,2654,0.6401426196098328
0,483,9,447,0.6396892070770264
0,483,10,1654,0.638166606426239
0,484,1,971,0.6688005924224854
0,484,2,567,0.6620020866394043
0,484,3,2345,0.6596749424934387
0,484,4,2180,0.655918538570404
0,484,5,2009,0.6479665040969849
0,484,6,2118,0.6414423584938049
0,484,7,2933,0.6402138471603394
0,484,8,2654,0.6401426196098328
0,484,9,447,0.6396892070770264
0,484,10,1654,0.638166606426239
0,485,1,424,0.758457601070404
0,485,2,2848,0.7491987347602844
0,485,3,1412,0.7456150054931641
0,485,4,1547,0.7333008050918579
0,485,5,512,0.7333008050918579
0,485,6,283,0.7300021648406982
0,485,7,1121,0.7240449786186218
0,485,8,2444,0.720939040184021
0,485,9,1001,0.7149568796157837
0,485,10,2654,0.7135599255561829
0,486,1,185,0.7773743271827698
0,486,2,2160,0.771324872970581
0,486,3,627,0.7364965081214905
0,486,4,1121,0.7331115007400513
0,486,5,1212,0.7310500144958496
0,486,6,508,0.7242206335067749
0,486,7,2664,0.7232500910758972
0,486,8,2848,0.7221333384513855
0,486,9,1161,0.721667468547821
0,486,10,283,0.7211016416549683
0,487,1,1547,0.8301165699958801
0,487,2,512,0.8301165699958801
0,487,3,81,0.8268023729324341
0,487,4,1270,0.8265669941902161
0,487,5,306,0.8226810097694397
0,487,6,398,0.8081454038619995
0,487,7,1985,0.8062763810157776
0,487,8,1412,0.8047922849655151
0,487,9,283,0.8031514286994934
0,487,10,2270,0.7981281280517578
0,492,1,1831,0.8276363015174866
0,492,2,1145,0.8197744488716125
0,492,3,524,0.8152737021446228
0,492,4,993,0.8123278021812439
0,492,5,459,0.8041986227035522
0,492,6,2844,0.7990230321884155
0,492,7,1038,0.7759119868278503
0,492,8,1312,0.7682554721832275
0,492,9,749,0.7515067458152771
0,492,10,1778,0.7509201169013977
0,493,1,2727,0.8047659397125244
0,493,2,1682,0.7895824313163757
0,493,3,402,0.7721695303916931
0,493,4,208,0.7670329809188843
0,493,5,185,0.7650910019874573
0,493,6,459,0.7616994380950928
0,493,7,601,0.7597324848175049
0,493,8,1201,0.7584083080291748
0,493,9,993,0.7567251920700073
0,493,10,524,0.7562799453735352
0,494,1,459,0.7690640091896057
0,494,2,2844,0.7574787139892578
0,494,3,185,0.7528345584869385
0,494,4,1038,0.7523748278617859
0,494,5,524,0.7498975396156311
0,494,6,993,0.7476493120193481
0,494,7,1836,0.7471732497215271
0,494,8,1304,0.7348996996879578
0,494,9,1223,0.7230046391487122
0,494,10,402,0.711165189743042
0,495,1,2234,0.6729633808135986
0,495,2,2219,0.6425323486328125
0,495,3,1586,0.6406469941139221
0,495,4,652,0.6389707922935486
0,495,5,1391,0.637654721736908
0,495,6,1712,0.6348555088043213
0,495,7,2082,0.6260836720466614
0,495,8,641,0.6219322085380554
0,495,9,298,0.62156081199646
0,495,10,2156,0.616282045841217
1,1,1,1465,0.7074832916259766
1,1,2,2702,0.7070258259773254
1,1,3,2618,0.7027406692504883
1,1,4,327,0.7023971080780029
1,1,5,1365,0.7021670341491699
1,1,6,416,0.7008093595504761
1,1,7,2165,0.7007138729095459
1,1,8,509,0.7004455327987671
1,1,9,2353,0.6999552249908447
1,1,10,1600,0.6916428804397583
1,2,1,1055,0.7469767332077026
1,2,2,1424,0.7220104932785034
1,2,3,480,0.7061247229576111
1,2,4,2111,0.7028874754905701
1,2,5,2581,0.7005779147148132
1,2,6,2197,0.7004601955413818
1,2,7,1518,0.6993945240974426
1,2,8,286,0.6859807372093201
1,2,9,2352,0.6844499707221985
1,2,10,1400,0.6817379593849182
1,3,1,2630,0.6972283720970154
1,3,2,3016,0.6844614148139954
1,3,3,2556,0.6571710705757141
1,3,4,2957,0.6546805500984192
1,3,5,2073,0.6495192050933838
1,3,6,1638,0.6493648290634155
1,3,7,2368,0.6452875733375549
1,3,8,674,0.6427242755889893
1,3,9,1812,0.6329272985458374
1,3,10,2444,0.6296136379241943
1,4,1,2684,0.7668582797050476
1,4,2,1007,0.76529860496521
1,4,3,655,0.7645241618156433
1,4,4,1550,0.7593008279800415
1,4,5,1980,0.747268795967102
1,4,6,2989,0.7392707467079163
1,4,7,1521,0.7379909157752991
1,4,8,1112,0.7327081561088562
1,4,9,706,0.7312361598014832
1,4,10,969,0.7306031584739685
1,7,1,2165,0.7775489091873169
1,7,2,2206,0.7726596593856812
1,7,3,2353,0.7693161368370056
1,7,4,416,0.7687993049621582
1,7,5,1279,0.7674826383590698
1,7,6,30,0.756812572479248
1,7,7,1082,0.7553730010986328
1,7,8,1495,0.7549645304679871
1,7,9,1817,0.7469233870506287
1,7,10,1028,0.7389202117919922
1,9,1,2412,0.8213772773742676
1,9,2,1721,0.809186577796936
1,9,3,551,0.8072558641433716
1,9,4,1280,0.791808009147644
1,9,5,39,0.788472592830658
1,9,6,1341,0.7750822901725769
1,9,7,205,0.7645124197006226
1,9,8,1424,0.760418713092804
1,9,9,2053,0.7561304569244385
1,9,10,1644,0.7543042898178101
1,10,1,498,0.8119313716888428
1,10,2,1521,0.8118144273757935
1,10,3,3054,0.8106011748313904
1,10,4,599,0.8089804649353027
1,10,5,689,0.8081750273704529
1,10,6,2920,0.7986418604850769
1,10,7,1007,0.7960202097892761
1,10,8,612,0.7946191430091858
1,10,9,559,0.7920026183128357
1,10,10,2323,0.7909824848175049
1,11,1,1730,0.8689583539962769
1,11,2,1737,0.8605173230171204
1,11,3,2143,0.8584110736846924
1,11,4,2368,0.857848048210144
1,11,5,3054,0.8545013070106506
1,11,6,2951,0.852061927318573
1,11,7,599,0.851757287979126
1,11,8,1127,0.8495090007781982
1,11,9,400,0.8491739630699158
1,11,10,1428,0.8445132970809937
1,12,1,205,0.6235002279281616
1,12,2,1538,0.6182616353034973
1,12,3,2405,0.6136549115180969
1,12,4,1586,0.6046371459960938
1,12,5,1708,0.6035429835319519
1,12,6,1657,0.6020424365997314
1,12,7,644,0.6001251935958862
1,12,8,652,0.5981065034866333
1,12,9,2367,0.5972779989242554
1,12,10,1142,0.592685878276825
1,13,1,2621,0.8019741773605347
1,13,2,2632,0.799846351146698
1,13,3,1487,0.7920315265655518
1,13,4,177,0.7888737320899963
1,13,5,310,0.7741919159889221
1,13,6,1683,0.7724472284317017
1,13,7,1342,0.7705916166305542
1,13,8,724,0.7588461637496948
1,13,9,1359,0.7354179620742798
1,13,10,32,0.7349527478218079
1,14,1,400,0.7660788297653198
1,14,2,414,0.7649337649345398
1,14,3,689,0.760986328125
1,14,4,1737,0.7576746344566345
1,14,5,599,0.7543252110481262
1,14,6,1362,0.7520384192466736
1,14,7,2920,0.7504134178161621
1,14,8,2073,0.7431689500808716
1,14,9,1428,0.7415496110916138
1,14,10,1730,0.740688145160675
1,15,1,2989,0.762549102306366
1,15,2,235,0.7562889456748962
1,15,3,2344,0.756231427192688
1,15,4,1112,0.7554369568824768
1,15,5,1176,0.7552281618118286
1,15,6,1007,0.7484913468360901
1,15,7,969,0.7456915974617004
1,15,8,2552,0.733790934085846
1,15,9,861,0.7288447022438049
1,15,10,1078,0.7251410484313965
1,16,1,2556,0.7958096265792847
1,16,2,2073,0.792534351348877
1,16,3,689,0.7826270461082458
1,16,4,2920,0.7797510027885437
1,16,5,674,0.7687426209449768
1,16,6,1569,0.7646854519844055
1,16,7,1650,0.7595709562301636
1,16,8,1428,0.7581766843795776
1,16,9,1279,0.7538027763366699
1,16,10,629,0.7476086616516113
1,17,1,1267,0.7553828358650208
1,17,2,2405,0.7383336424827576
1,17,3,1645,0.7308478355407715
1,17,4,1538,0.7235996723175049
1,17,5,1055,0.7222311496734619
1,17,6,205,0.7204974293708801
1,17,7,2184,0.7170777320861816
1,17,8,2630,0.7140482664108276
1,17,9,1586,0.7129297256469727
1,17,10,1657,0.7087451815605164
1,18,1,1246,0.6711329221725464
1,18,2,2594,0.6410856246948242
1,18,3,14,0.6182816624641418
1,18,4,674,0.6150901913642883
1,18,5,480,0.6084281206130981
1,18,6,1858,0.5991542935371399
1,18,7,1446,0.5987080931663513
1,18,8,2291,0.5976148247718811
1,18,9,2556,0.5944734811782837
1,18,10,608,0.5896670818328857
1,20,1,1279,0.7822068929672241
1,20,2,1495,0.7768939137458801
1,20,3,416,0.7650585770606995
1,20,4,1082,0.7626140117645264
1,20,5,2658,0.7525362968444824
1,20,6,2702,0.7491216063499451
1,20,7,2353,0.7484058737754822
1,20,8,611,0.7436006665229797
1,20,9,2137,0.7350732088088989
1,20,10,645,0.7331705093383789
1,21,1,1461,0.7790687084197998
1,21,2,416,0.76753830909729
1,21,3,1279,0.7620605230331421
1,21,4,484,0.7570548057556152
1,21,5,2702,0.7553611993789673
1,21,6,611,0.7540342807769775
1,21,7,2353,0.751089334487915
1,21,8,1724,0.7478911876678467
1,21,9,2165,0.7459293007850647
1,21,10,1082,0.7410090565681458
1,22,1,601,0.7205016016960144
1,22,2,1710,0.6820937395095825
1,22,3,1007,0.6784300208091736
1,22,4,2989,0.6716739535331726
1,22,5,1374,0.6697379350662231
1,22,6,14,0.6697062849998474
1,22,7,969,0.6651098728179932
1,22,8,407,0.6642286777496338
1,22,9,1267,0.6635244488716125
1,22,10,2594,0.6604141592979431
1,23,1,1342,0.7808002829551697
1,23,2,2989,0.7371041178703308
1,23,3,2630,0.733734130859375
1,23,4,1340,0.7238596081733704
1,23,5,414,0.7226337790489197
1,23,6,2552,0.7163437008857727
1,23,7,1586,0.7161548733711243
1,23,8,2184,0.7112107276916504
1,23,9,1176,0.6972646713256836
1,23,10,1112,0.6928412914276123
1,24,1,177,0.7882686257362366
1,24,2,1315,0.7778477072715759
1,24,3,2995,0.7725052833557129
1,24,4,1342,0.769004225730896
1,24,5,2632,0.7618028521537781
1,24,6,1359,0.7577952146530151
1,24,7,2621,0.7511328458786011
1,24,8,1775,0.7509292960166931
1,24,9,1535,0.7382407188415527
1,24,10,464,0.7362952828407288
1,25,1,1966,0.7327912449836731
1,25,2,298,0.7234979271888733
1,25,3,767,0.717438817024231
1,25,4,2877,0.7146533131599426
1,25,5,865,0.7130928635597229
1,25,6,3018,0.7130928635597229
1,25,7,791,0.7097530364990234
1,25,8,1748,0.7076494097709656
1,25,9,1342,0.7065710425376892
1,25,10,2796,0.706415593624115
1,26,1,1341,0.6938945055007935
1,26,2,480,0.6860305666923523
1,26,3,2581,0.6737399697303772
1,26,4,2111,0.6737321615219116
1,26,5,2352,0.6649242043495178
1,26,6,1801,0.6549255847930908
1,26,7,2089,0.652036726474762
1,26,8,795,0.6336686015129089
1,26,9,2067,0.6290922164916992
1,26,10,121,0.6284005641937256
1,27,1,298,0.703933596611023
1,27,2,767,0.6985215544700623
1,27,3,1871,0.6938602924346924
1,27,4,1315,0.6877481937408447
1,27,5,865,0.6732740998268127
1,27,6,3018,0.6732740998268127
1,27,7,2649,0.6643484830856323
1,27,8,2097,0.6585301160812378
1,27,9,414,0.6518559455871582
1,27,10,1586,0.6515612006187439
1,28,1,2556,0.770095944404602
1,28,2,400,0.7646278142929077
1,28,3,1127,0.7535900473594666
1,28,4,1737,0.752207338809967
1,28,5,1300,0.7515769004821777
1,28,6,1287,0.7500274181365967
1,28,7,1156,0.7499391436576843
1,28,8,1142,0.7498810887336731
1,28,9,599,0.7489044666290283
1,28,10,1730,0.7443810105323792
1,29,1,2089,0.5869894623756409
1,29,2,2447,0.5771175622940063
1,29,3,1435,0.5767214894294739
1,29,4,476,0.5702033042907715
1,29,5,2202,0.5629652738571167
1,29,6,1055,0.5565276741981506
1,29,7,652,0.5556135177612305
1,29,8,1341,0.5473478436470032
1,29,9,2751,0.5462360978126526
1,29,10,1712,0.5449374318122864
1,30,1,2914,0.8644752502441406
1,30,2,1645,0.8619887232780457
1,30,3,2583,0.8597837090492249
1,30,4,551,0.8477124571800232
1,30,5,1267,0.8409808278083801
1,30,6,1657,0.8319215178489685
1,30,7,205,0.8283135890960693
1,30,8,2723,0.8278387784957886
1,30,9,2121,0.8206204771995544
1,30,10,346,0.8172316551208496
1,31,1,512,0.5612231492996216
1,31,2,424,0.5606838464736938
1,31,3,1970,0.5527305603027344
1,31,4,1001,0.5498495101928711
1,31,5,550,0.5411005020141602
1,31,6,2552,0.5388083457946777
1,31,7,479,0.538424551486969
1,31,8,2736,0.5369448065757751
1,31,9,1252,0.5330380797386169
1,31,10,1866,0.531980037689209
1,32,1,1267,0.7642295360565186
1,32,2,1645,0.7526336908340454
1,32,3,1142,0.750251829624176
1,32,4,1287,0.7490392327308655
1,32,5,205,0.7458392381668091
1,32,6,1686,0.7449271082878113
1,32,7,1400,0.7421426177024841
1,32,8,1045,0.7382911443710327
1,32,9,1737,0.7367032170295715
1,32,10,1127,0.7366529703140259
1,33,1,689,0.8211392164230347
1,33,2,2920,0.8134972453117371
1,33,3,400,0.7961844801902771
1,33,4,2556,0.7948887944221497
1,33,5,599,0.7919632196426392
1,33,6,2073,0.786863386631012
1,33,7,674,0.7784652709960938
1,33,8,2143,0.7783823609352112
1,33,9,414,0.7760046720504761
1,33,10,629,0.7759140729904175
1,34,1,2184,0.7216953039169312
1,34,2,1638,0.7211717367172241
1,34,3,2502,0.7114577293395996
1,34,4,2706,0.6844372153282166
1,34,5,2642,0.6783431172370911
1,34,6,2957,0.6766388416290283
1,34,7,40,0.6764668226242065
1,34,8,2144,0.6691931486129761
1,34,9,1446,0.6590452194213867
1,34,10,1374,0.6555295586585999
1,35,1,1424,0.7638289928436279
1,35,2,1341,0.7365493774414062
1,35,3,2111,0.7336087226867676
1,35,4,1872,0.733378529548645
1,35,5,544,0.7295569777488708
1,35,6,2581,0.729501485824585
1,35,7,476,0.7146686315536499
1,35,8,2352,0.7136784791946411
1,35,9,2211,0.7104529142379761
1,35,10,480,0.7070866227149963
1,36,1,1720,0.8276582360267639
1,36,2,1235,0.8267854452133179
1,36,3,500,0.8248788714408875
1,36,4,257,0.8229696750640869
1,36,5,1525,0.8188638687133789
1,36,6,1429,0.8134399652481079
1,36,7,1754,0.7877029180526733
1,36,8,2370,0.7806172966957092
1,36,9,215,0.7787960171699524
1,36,10,1295,0.775391697883606
1,37,1,2556,0.7209894061088562
1,37,2,2073,0.6975459456443787
1,37,3,494,0.6732146739959717
1,37,4,2985,0.6682952642440796
1,37,5,2896,0.665208637714386
1,37,6,689,0.6458228230476379
1,37,7,1650,0.6438398957252502
1,37,8,1461,0.6416586637496948
1,37,9,2192,0.6413519382476807
1,37,10,2920,0.636946439743042
1,38,1,278,0.8109085559844971
1,38,2,2734,0.7917828559875488
1,38,3,736,0.7697424292564392
1,38,4,1091,0.7687174677848816
1,38,5,1840,0.7578201293945312
1,38,6,2559,0.7508711814880371
1,38,7,1312,0.745022177696228
1,38,8,1502,0.7334856986999512
1,38,9,530,0.725396454334259
1,38,10,738,0.7238425016403198
1,39,1,278,0.7380421757698059
1,39,2,1312,0.7291953563690186
1,39,3,2734,0.7282586693763733
1,39,4,1091,0.7048241496086121
1,39,5,1502,0.6996020078659058
1,39,6,1038,0.6900678277015686
1,39,7,1311,0.6866520643234253
1,39,8,749,0.6840915083885193
1,39,9,1840,0.6810014843940735
1,39,10,738,0.677061140537262
1,40,1,278,0.784446656703949
1,40,2,2734,0.7743357419967651
1,40,3,1091,0.7511461973190308
1,40,4,3057,0.7449332475662231
1,40,5,2369,0.7402593493461609
1,40,6,1312,0.7380766272544861
1,40,7,1840,0.7262835502624512
1,40,8,2559,0.7198129892349243
1,40,9,1502,0.7159266471862793
1,40,10,1308,0.7096684575080872
1,41,1,498,0.7872195243835449
1,41,2,2161,0.7791659832000732
1,41,3,3054,0.7736501097679138
1,41,4,612,0.7576143145561218
1,41,5,559,0.756450891494751
1,41,6,732,0.7464486360549927
1,41,7,2347,0.7443332076072693
1,41,8,2951,0.7411726713180542
1,41,9,99,0.7352575063705444
1,41,10,1300,0.7258402705192566
1,42,1,1417,0.8632111549377441
1,42,2,1029,0.8389390707015991
1,42,3,1517,0.8371149301528931
1,42,4,576,0.8321974277496338
1,42,5,518,0.8246555924415588
1,42,6,670,0.8212188482284546
1,42,7,1018,0.815585732460022
1,42,8,2721,0.8149914741516113
1,42,9,264,0.8124692440032959
1,42,10,538,0.8070263862609863
1,43,1,390,0.7711011171340942
1,43,2,1165,0.7423653602600098
1,43,3,2035,0.7259546518325806
1,43,4,2609,0.720319390296936
1,43,5,343,0.7128362655639648
1,43,6,293,0.6967391967773438
1,43,7,876,0.6945928931236267
1,43,8,1749,0.692676842212677
1,43,9,1517,0.6872907280921936
1,43,10,2513,0.6856728196144104
1,45,1,2347,0.7991936802864075
1,45,2,670,0.7654713988304138
1,45,3,1013,0.7605510354042053
1,45,4,498,0.7601670622825623
1,45,5,264,0.7528311610221863
1,45,6,624,0.7507298588752747
1,45,7,576,0.7460249662399292
1,45,8,621,0.7397762537002563
1,45,9,585,0.7382003664970398
1,45,10,1018,0.7380020022392273
1,46,1,576,0.8085397481918335
1,46,2,1029,0.7973254323005676
1,46,3,670,0.7963891625404358
1,46,4,518,0.794134795665741
1,46,5,1018,0.7923616170883179
1,46,6,264,0.7887950539588928
1,46,7,2721,0.7873793244361877
1,46,8,2347,0.7870721817016602
1,46,9,594,0.7809097170829773
1,46,10,1517,0.7805066704750061
1,47,1,113,0.7806695103645325
1,47,2,248,0.757267951965332
1,47,3,1517,0.7166831493377686
1,47,4,2609,0.7139683961868286
1,47,5,576,0.712786078453064
1,47,6,2347,0.707966148853302
1,47,7,624,0.7006971836090088
1,47,8,538,0.6990258097648621
1,47,9,483,0.6977596879005432
1,47,10,621,0.6943458914756775
1,48,1,2347,0.8162885904312134
1,48,2,1013,0.7765220999717712
1,48,3,498,0.7706800103187561
1,48,4,670,0.7609558701515198
1,48,5,2273,0.748473048210144
1,48,6,264,0.745368480682373
1,48,7,624,0.7423893213272095
1,48,8,576,0.7356846928596497
1,48,9,1018,0.7264419198036194
1,48,10,1517,0.72101229429245
1,49,1,343,0.7470840215682983
1,49,2,289,0.7406885027885437
1,49,3,2035,0.7082539200782776
1,49,4,876,0.6941825747489929
1,49,5,747,0.6786051392555237
1,49,6,1208,0.6774670481681824
1,49,7,1749,0.6726784706115723
1,49,8,221,0.6723830699920654
1,49,9,2228,0.6706252694129944
1,49,10,168,0.6696470379829407
1,50,1,390,0.8669694066047668
1,50,2,1417,0.843625545501709
1,50,3,293,0.8298998475074768
1,50,4,2609,0.8253204822540283
1,50,5,1029,0.8219918012619019
1,50,6,1952,0.8157299757003784
1,50,7,576,0.8135861754417419
1,50,8,2272,0.8090493679046631
1,50,9,2911,0.8087911605834961
1,50,10,566,0.8070254325866699
1,51,1,1417,0.8647295832633972
1,51,2,2347,0.8043838143348694
1,51,3,670,0.7813646197319031
1,51,4,1517,0.7761325836181641
1,51,5,576,0.7735102772712708
1,51,6,264,0.7693976759910583
1,51,7,518,0.7680834531784058
1,51,8,1029,0.7648574113845825
1,51,9,2721,0.7606664896011353
1,51,10,538,0.7605459690093994
1,52,1,416,0.8747139573097229
1,52,2,2165,0.8711279034614563
1,52,3,2170,0.8491703867912292
1,52,4,30,0.8413214087486267
1,52,5,1580,0.8377786874771118
1,52,6,613,0.8310092687606812
1,52,7,1465,0.8266928195953369
1,52,8,1817,0.8257513642311096
1,52,9,1111,0.8244801163673401
1,52,10,2243,0.8207288384437561
1,53,1,416,0.8817899227142334
1,53,2,2165,0.8631706833839417
1,53,3,1465,0.8419550657272339
1,53,4,2170,0.8392083048820496
1,53,5,1111,0.8357365727424622
1,53,6,30,0.8303473591804504
1,53,7,2243,0.8195185661315918
1,53,8,484,0.8173196315765381
1,53,9,613,0.8156759142875671
1,53,10,1580,0.8154427409172058
1,54,1,2165,0.8686837553977966
1,54,2,416,0.8612110018730164
1,54,3,2170,0.8466832637786865
1,54,4,2243,0.8371033072471619
1,54,5,30,0.836172878742218
1,54,6,1028,0.83478182554245
1,54,7,484,0.8216525912284851
1,54,8,613,0.8193680047988892
1,54,9,1580,0.8160025477409363
1,54,10,509,0.8153234124183655
1,55,1,416,0.8185414671897888
1,55,2,2165,0.8113554120063782
1,55,3,2170,0.8022931218147278
1,55,4,1580,0.7954257726669312
1,55,5,1202,0.7942322492599487
1,55,6,613,0.7861584424972534
1,55,7,3059,0.7850192189216614
1,55,8,30,0.7833503484725952
1,55,9,1111,0.7734130024909973
1,55,10,2286,0.7690479159355164
1,56,1,1346,0.7909517288208008
1,56,2,2916,0.7841196060180664
1,56,3,416,0.7815200686454773
1,56,4,532,0.77897709608078
1,56,5,1744,0.7696396112442017
1,56,6,2180,0.7592400312423706
1,56,7,739,0.7591019868850708
1,56,8,2092,0.7580051422119141
1,56,9,1232,0.7555767893791199
1,56,10,2345,0.7549523115158081
1,57,1,2916,0.7887058854103088
1,57,2,532,0.7882570028305054
1,57,3,2345,0.7788094878196716
1,57,4,1232,0.7759861946105957
1,57,5,2180,0.775059163570404
1,57,6,1744,0.7744852304458618
1,57,7,2576,0.7730193138122559
1,57,8,2293,0.7729899287223816
1,57,9,447,0.7725816369056702
1,57,10,1615,0.7720041275024414
1,58,1,1465,0.7516170740127563
1,58,2,416,0.7479766011238098
1,58,3,739,0.7390324473381042
1,58,4,1365,0.7367442846298218
1,58,5,1111,0.7333115935325623
1,58,6,532,0.7317752242088318
1,58,7,2916,0.7306125164031982
1,58,8,2353,0.7279917597770691
1,58,9,1346,0.7255268096923828
1,58,10,1744,0.7241448163986206
1,59,1,532,0.7303323149681091
1,59,2,1744,0.7194668054580688
1,59,3,1465,0.7146004438400269
1,59,4,2916,0.7115032076835632
1,59,5,2092,0.7096876502037048
1,59,6,514,0.7060343623161316
1,59,7,483,0.702315628528595
1,59,8,1111,0.7003267407417297
1,59,9,1160,0.6980953216552734
1,59,10,2180,0.697646975517273
1,60,1,1388,0.8036394119262695
1,60,2,2995,0.8008736371994019
1,60,3,1645,0.7937014102935791
1,60,4,1267,0.7765873074531555
1,60,5,551,0.7703803777694702
1,60,6,1045,0.7628467082977295
1,60,7,426,0.7607271671295166
1,60,8,1775,0.7588261365890503
1,60,9,2053,0.7535020112991333
1,60,10,1273,0.7482573986053467
1,61,1,2583,0.8377243876457214
1,61,2,2995,0.8157814145088196
1,61,3,1645,0.8005147576332092
1,61,4,1267,0.781074583530426
1,61,5,551,0.7775039076805115
1,61,6,1045,0.7709270715713501
1,61,7,426,0.7673978805541992
1,61,8,1775,0.7650291919708252
1,61,9,2053,0.7634554505348206
1,61,10,464,0.7598920464515686
1,62,1,2409,0.8330089449882507
1,62,2,2914,0.8222740292549133
1,62,3,2995,0.8188692927360535
1,62,4,1645,0.7969164252281189
1,62,5,426,0.7763411998748779
1,62,6,1267,0.7763226628303528
1,62,7,551,0.7686457633972168
1,62,8,1775,0.7671341300010681
1,62,9,1045,0.7590527534484863
1,62,10,2053,0.7556020617485046
1,63,1,2995,0.822539210319519
1,63,2,1645,0.7993202209472656
1,63,3,1267,0.7786581516265869
1,63,4,551,0.7773799896240234
1,63,5,1045,0.7732842564582825
1,63,6,1775,0.7705139517784119
1,63,7,2053,0.7652731537818909
1,63,8,1359,0.7648147940635681
1,63,9,464,0.7641750574111938
1,63,10,426,0.7630951404571533
1,64,1,1588,0.7272287607192993
1,64,2,205,0.7194719314575195
1,64,3,2405,0.7065575122833252
1,64,4,1424,0.6889804005622864
1,64,5,652,0.6865160465240479
1,64,6,1341,0.684971272945404
1,64,7,1657,0.6834315061569214
1,64,8,1435,0.680911660194397
1,64,9,1586,0.6765525341033936
1,64,10,556,0.6728164553642273
1,65,1,1424,0.7658829689025879
1,65,2,2089,0.757836639881134
1,65,3,1341,0.7451708912849426
1,65,4,1435,0.742565393447876
1,65,5,476,0.7032812833786011
1,65,6,2202,0.6996592283248901
1,65,7,2352,0.698995053768158
1,65,8,2447,0.6967148184776306
1,65,9,2067,0.6954453587532043
1,65,10,560,0.6914258003234863
1,66,1,1400,0.8309928774833679
1,66,2,2197,0.8254444599151611
1,66,3,663,0.8242486715316772
1,66,4,122,0.8113773465156555
1,66,5,795,0.7980844974517822
1,66,6,121,0.7787694931030273
1,66,7,1437,0.7770941257476807
1,66,8,608,0.7644839882850647
1,66,9,2710,0.7532061338424683
1,66,10,286,0.7434243559837341
1,67,1,121,0.7647700309753418
1,67,2,480,0.7233936190605164
1,67,3,3048,0.7011693120002747
1,67,4,2525,0.6931621432304382
1,67,5,11,0.6916452050209045
1,67,6,666,0.6903602480888367
1,67,7,795,0.6858612298965454
1,67,8,63,0.6839209794998169
1,67,9,3061,0.6834996938705444
1,67,10,597,0.6833155155181885
1,68,1,1400,0.7962062358856201
1,68,2,3037,0.7706824541091919
1,68,3,663,0.756183922290802
1,68,4,2197,0.751880407333374
1,68,5,1991,0.7518171072006226
1,68,6,795,0.7475056648254395
1,68,7,1062,0.7468035221099854
1,68,8,1341,0.7441186308860779
1,68,9,104,0.743667483329773
1,68,10,1671,0.7419782876968384
1,69,1,1045,0.8019760251045227
1,69,2,1391,0.760799765586853
1,69,3,1588,0.7474966645240784
1,69,4,1657,0.7463483810424805
1,69,5,2914,0.7357790470123291
1,69,6,1586,0.7336772084236145
1,69,7,652,0.7318679690361023
1,69,8,2238,0.7306913733482361
1,69,9,1645,0.7277238965034485
1,69,10,551,0.7222070097923279
1,71,1,2914,0.8430445790290833
1,71,2,1045,0.8415848612785339
1,71,3,1645,0.8397553563117981
1,71,4,1391,0.8397529125213623
1,71,5,2583,0.834293782711029
1,71,6,1267,0.8211952447891235
1,71,7,346,0.8176537156105042
1,71,8,2409,0.8168384432792664
1,71,9,1686,0.8071573972702026
1,71,10,551,0.8014615774154663
1,72,1,2368,0.8387060761451721
1,72,2,2405,0.8331974148750305
1,72,3,1127,0.8283818960189819
1,72,4,1267,0.8212370276451111
1,72,5,1645,0.8211590051651001
1,72,6,1686,0.809541642665863
1,72,7,205,0.800446629524231
1,72,8,1045,0.7913299798965454
1,72,9,2630,0.7908450961112976
1,72,10,2951,0.7894728779792786
1,73,1,2405,0.8226810693740845
1,73,2,1127,0.8095428943634033
1,73,3,2630,0.8013554215431213
1,73,4,1428,0.7921978831291199
1,73,5,205,0.7907009124755859
1,73,6,1267,0.7901508808135986
1,73,7,1645,0.7843492031097412
1,73,8,2951,0.7711830139160156
1,73,9,2143,0.7698209881782532
1,73,10,1686,0.766534149646759
1,74,1,1730,0.8309164643287659
1,74,2,2405,0.8232746720314026
1,74,3,1267,0.8191788196563721
1,74,4,1273,0.8190991878509521
1,74,5,1645,0.8131293654441833
1,74,6,1686,0.8052217364311218
1,74,7,205,0.7977670431137085
1,74,8,2143,0.7967982292175293
1,74,9,2951,0.7949063777923584
1,74,10,2162,0.7940735816955566
1,75,1,2405,0.8197149634361267
1,75,2,1267,0.8194936513900757
1,75,3,1645,0.8171952962875366
1,75,4,599,0.8114427328109741
1,75,5,1273,0.7992982864379883
1,75,6,1686,0.7987474203109741
1,75,7,2630,0.7968233823776245
1,75,8,205,0.7911078929901123
1,75,9,2143,0.7848435640335083
1,75,10,426,0.7790533304214478
1,76,1,14,0.8101770281791687
1,76,2,601,0.8050163984298706
1,76,3,2594,0.8044230341911316
1,76,4,1374,0.7837358117103577
1,76,5,2951,0.7805584669113159
1,76,6,599,0.7800167798995972
1,76,7,2161,0.774746835231781
1,76,8,1428,0.7740808129310608
1,76,9,2285,0.77286696434021
1,76,10,1737,0.7701079845428467
1,77,1,1730,0.8967491388320923
1,77,2,1737,0.8846196532249451
1,77,3,400,0.8842077255249023
1,77,4,2143,0.8805990815162659
1,77,5,2521,0.8764452338218689
1,77,6,1127,0.8747974634170532
1,77,7,599,0.8706220388412476
1,77,8,2951,0.8704355359077454
1,77,9,2368,0.8680351972579956
1,77,10,3042,0.8592731356620789
1,78,1,14,0.6827351450920105
1,78,2,601,0.6607008576393127
1,78,3,2848,0.6446812748908997
1,78,4,407,0.643222987651825
1,78,5,2285,0.6405786275863647
1,78,6,1374,0.6344835162162781
1,78,7,2594,0.6281012892723083
1,78,8,2162,0.6280408501625061
1,78,9,2727,0.6269567608833313
1,78,10,2098,0.6205061674118042
1,80,1,1448,0.6679442524909973
1,80,2,283,0.646950900554657
1,80,3,174,0.6398049592971802
1,80,4,1456,0.6365169286727905
1,80,5,494,0.6355084180831909
1,80,6,1979,0.6264916658401489
1,80,7,655,0.6217437386512756
1,80,8,2738,0.6208366751670837
1,80,9,1550,0.6165308356285095
1,80,10,954,0.6125115752220154
1,81,1,2848,0.7896862626075745
1,81,2,706,0.7895042896270752
1,81,3,235,0.7893319725990295
1,81,4,2160,0.78909832239151
1,81,5,1201,0.7858529686927795
1,81,6,508,0.7843008041381836
1,81,7,627,0.7823521494865417
1,81,8,1176,0.7796737551689148
1,81,9,1112,0.7768663167953491
1,81,10,2344,0.7734631299972534
1,82,1,1121,0.7425591349601746
1,82,2,2270,0.7219501733779907
1,82,3,283,0.7183796167373657
1,82,4,2660,0.7082252502441406
1,82,5,1456,0.7063125371932983
1,82,6,1328,0.7058064341545105
1,82,7,2664,0.6788309812545776
1,82,8,627,0.6773892641067505
1,82,9,1310,0.6742230653762817
1,82,10,2160,0.673838198184967
1,83,1,283,0.7612406015396118
1,83,2,1121,0.7560167908668518
1,83,3,1448,0.7476449012756348
1,83,4,1456,0.7442715167999268
1,83,5,1328,0.7379317283630371
1,83,6,1310,0.7337523102760315
1,83,7,2660,0.7137537002563477
1,83,8,1870,0.709477961063385
1,83,9,2270,0.6988734006881714
1,83,10,2664,0.6975837349891663
1,84,1,283,0.7470680475234985
1,84,2,1456,0.7378678321838379
1,84,3,1121,0.7281798720359802
1,84,4,1328,0.7268425822257996
1,84,5,1448,0.7228501439094543
1,84,6,2664,0.6876792907714844
1,84,7,2270,0.6823489665985107
1,84,8,1870,0.677668035030365
1,84,9,1310,0.6760624051094055
1,84,10,2160,0.6524364948272705
1,85,1,2323,0.7447172999382019
1,85,2,1007,0.7219944596290588
1,85,3,706,0.7165189385414124
1,85,4,1513,0.705433189868927
1,85,5,2901,0.6953960657119751
1,85,6,14,0.6844894886016846
1,85,7,2642,0.6759327054023743
1,85,8,969,0.6719119548797607
1,85,9,1521,0.6697914004325867
1,85,10,1502,0.668158233165741
1,87,1,2901,0.7374597787857056
1,87,2,174,0.7322143316268921
1,87,3,2642,0.7250791192054749
1,87,4,2691,0.7230737209320068
1,87,5,14,0.7210493087768555
1,87,6,1007,0.7140625715255737
1,87,7,1980,0.7131074070930481
1,87,8,1665,0.7085948586463928
1,87,9,706,0.6959984302520752
1,87,10,1594,0.6858251094818115
1,89,1,736,0.776241660118103
1,89,2,2734,0.775736391544342
1,89,3,1621,0.7631110548973083
1,89,4,1038,0.743811309337616
1,89,5,530,0.7425674796104431
1,89,6,3057,0.7389786243438721
1,89,7,1251,0.7373635172843933
1,89,8,155,0.7312759160995483
1,89,9,278,0.7276039719581604
1,89,10,1040,0.726148247718811
1,91,1,1251,0.7532728314399719
1,91,2,736,0.7418649792671204
1,91,3,1312,0.7359126210212708
1,91,4,1038,0.7316555976867676
1,91,5,3057,0.730768084526062
1,91,6,2369,0.7301352024078369
1,91,7,2559,0.728155791759491
1,91,8,155,0.7256415486335754
1,91,9,1621,0.716562032699585
1,91,10,1308,0.7081999182701111
1,93,1,1395,0.6160133481025696
1,93,2,2755,0.6030333042144775
1,93,3,1992,0.6007336974143982
1,93,4,2290,0.581545352935791
1,93,5,278,0.5809783935546875
1,93,6,2377,0.5695147514343262
1,93,7,1742,0.5656904578208923
1,93,8,2734,0.5596432685852051
1,93,9,1251,0.5513779520988464
1,93,10,998,0.5483393669128418
1,94,1,459,0.7176492810249329
1,94,2,278,0.6930641531944275
1,94,3,1251,0.6894721388816833
1,94,4,1317,0.682253360748291
1,94,5,60,0.6793314814567566
1,94,6,155,0.6719603538513184
1,94,7,2369,0.670446515083313
1,94,8,3057,0.6691368818283081
1,94,9,736,0.6673992276191711
1,94,10,2734,0.6621958613395691
1,95,1,459,0.7573153972625732
1,95,2,1395,0.6720553040504456
1,95,3,278,0.6636397838592529
1,95,4,60,0.6481210589408875
1,95,5,1992,0.6338633894920349
1,95,6,1251,0.62828528881073
1,95,7,2734,0.6261233687400818
1,95,8,3057,0.6207691431045532
1,95,9,1317,0.6205318570137024
1,95,10,2369,0.6160334944725037
1,97,1,1730,0.8048921823501587
1,97,2,2521,0.8039724230766296
1,97,3,1681,0.8028287291526794
1,97,4,2143,0.7906630039215088
1,97,5,2098,0.7830730676651001
1,97,6,3042,0.7777929306030273
1,97,7,1737,0.7756252288818359
1,97,8,400,0.7754467725753784
1,97,9,732,0.7750063538551331
1,97,10,498,0.771094799041748
1,98,1,2521,0.8548438549041748
1,98,2,2143,0.8497399091720581
1,98,3,1681,0.8484074473381042
1,98,4,438,0.8283448815345764
1,98,5,2159,0.8257009387016296
1,98,6,94,0.8238675594329834
1,98,7,2406,0.820454478263855
1,98,8,1642,0.8188452124595642
1,98,9,3042,0.8176432251930237
1,98,10,1730,0.8164593577384949
1,100,1,2143,0.8557513356208801
1,100,2,2521,0.8306163549423218
1,100,3,1681,0.8176088929176331
1,100,4,1642,0.815355122089386
1,100,5,1730,0.8113743662834167
1,100,6,559,0.8023831844329834
1,100,7,2406,0.8014765381813049
1,100,8,2159,0.8010328412055969
1,100,9,2951,0.7993192672729492
1,100,10,612,0.7992686629295349
1,101,1,235,0.7573263049125671
1,101,2,1201,0.7415334582328796
1,101,3,2344,0.7410489916801453
1,101,4,1374,0.7356213927268982
1,101,5,2521,0.7339495420455933
1,101,6,2143,0.7319290637969971
1,101,7,1176,0.7315928936004639
1,101,8,2095,0.7312337756156921
1,101,9,861,0.7294912338256836
1,101,10,1078,0.7288761734962463
1,102,1,2143,0.7689415812492371
1,102,2,1078,0.7686982750892639
1,102,3,2521,0.7646429538726807
1,102,4,94,0.7595400810241699
1,102,5,2344,0.7410500049591064
1,102,6,414,0.737698495388031
1,102,7,644,0.7316103577613831
1,102,8,3042,0.7305790185928345
1,102,9,1681,0.7295051217079163
1,102,10,2087,0.7283642888069153
1,103,1,2521,0.8368695378303528
1,103,2,94,0.8209817409515381
1,103,3,3042,0.7845445275306702
1,103,4,400,0.7813348174095154
1,103,5,1730,0.7793498039245605
1,103,6,2344,0.7716085314750671
1,103,7,235,0.7707270979881287
1,103,8,2989,0.7703355550765991
1,103,9,644,0.7685199975967407
1,103,10,426,0.7637012004852295
1,104,1,2521,0.8403628468513489
1,104,2,2108,0.8071431517601013
1,104,3,2607,0.805442214012146
1,104,4,2599,0.8022810816764832
1,104,5,1102,0.8012703657150269
1,104,6,2194,0.8002269268035889
1,104,7,641,0.7994194626808167
1,104,8,2082,0.7982016801834106
1,104,9,1730,0.7963758111000061
1,104,10,2558,0.7961398363113403
1,105,1,400,0.8280845284461975
1,105,2,1730,0.8261426091194153
1,105,3,3042,0.8185504674911499
1,105,4,438,0.8156490921974182
1,105,5,1737,0.814193606376648
1,105,6,599,0.8061906695365906
1,105,7,644,0.8028194904327393
1,105,8,2951,0.8022105693817139
1,105,9,426,0.8000633120536804
1,105,10,1127,0.7962141036987305
1,106,1,438,0.8422397971153259
1,106,2,2951,0.8383052349090576
1,106,3,1730,0.8361117243766785
1,106,4,2368,0.8294144868850708
1,106,5,1737,0.8287438154220581
1,106,6,2521,0.8268634080886841
1,106,7,400,0.82628333568573
1,106,8,599,0.8229053020477295
1,106,9,1127,0.8134693503379822
1,106,10,1362,0.813339352607727
1,108,1,2368,0.8116269707679749
1,108,2,2405,0.7801894545555115
1,108,3,1737,0.779107928276062
1,108,4,599,0.7790624499320984
1,108,5,1428,0.7759718298912048
1,108,6,1730,0.7755422592163086
1,108,7,732,0.771820068359375
1,108,8,2098,0.7700974941253662
1,108,9,1127,0.7671436667442322
1,108,10,400,0.7671355605125427
1,109,1,2368,0.8426623940467834
1,109,2,599,0.8275798559188843
1,109,3,1737,0.8252498507499695
1,109,4,1730,0.8166963458061218
1,109,5,400,0.8144341707229614
1,109,6,2405,0.8084120750427246
1,109,7,438,0.80771803855896
1,109,8,2594,0.8033570647239685
1,109,9,1428,0.7989150881767273
1,109,10,1127,0.7982913255691528
1,111,1,3016,0.7431623935699463
1,111,2,1940,0.7234370112419128
1,111,3,2099,0.7232582569122314
1,111,4,1858,0.7174077033996582
1,111,5,748,0.7137585878372192
1,111,6,3062,0.7077926993370056
1,111,7,2502,0.7070181965827942
1,111,8,40,0.7060468792915344
1,111,9,2957,0.70112544298172
1,111,10,1665,0.7007330656051636
1,112,1,3016,0.800412654876709
1,112,2,2957,0.7598166465759277
1,112,3,1858,0.751058042049408
1,112,4,3062,0.7470360398292542
1,112,5,40,0.7380638718605042
1,112,6,748,0.7375257015228271
1,112,7,2099,0.7356283068656921
1,112,8,1763,0.7333148121833801
1,112,9,2502,0.7317858338356018
1,112,10,1339,0.7199179530143738
1,113,1,3016,0.7902401685714722
1,113,2,674,0.7606136202812195
1,113,3,2099,0.7594814896583557
1,113,4,2556,0.754549503326416
1,113,5,2957,0.7371336817741394
1,113,6,1858,0.7348452806472778
1,113,7,3062,0.7265563011169434
1,113,8,1763,0.7239449620246887
1,113,9,748,0.7191311120986938
1,113,10,2073,0.7174064517021179
1,114,1,2801,0.7653827667236328
1,114,2,1015,0.7652462124824524
1,114,3,998,0.7597920298576355
1,114,4,2324,0.7588270306587219
1,114,5,2961,0.7217451930046082
1,114,6,1376,0.7128045558929443
1,114,7,31,0.7072693705558777
1,114,8,653,0.7021511197090149
1,114,9,664,0.6972643136978149
1,114,10,183,0.6938007473945618
1,115,1,2324,0.768277645111084
1,115,2,2801,0.7675700187683105
1,115,3,1015,0.7612844109535217
1,115,4,998,0.7469233274459839
1,115,5,235,0.7404091358184814
1,115,6,706,0.7358605861663818
1,115,7,504,0.7322863340377808
1,115,8,2848,0.731342077255249
1,115,9,2961,0.725334107875824
1,115,10,1112,0.7180079817771912
1,116,1,235,0.785708487033844
1,116,2,1176,0.7613478899002075
1,116,3,1112,0.7534685134887695
1,116,4,969,0.7492562532424927
1,116,5,2344,0.7489057779312134
1,116,6,861,0.7483921647071838
1,116,7,2989,0.7280476093292236
1,116,8,504,0.7211158871650696
1,116,9,706,0.7150890827178955
1,116,10,2801,0.7150115966796875
1,117,1,235,0.7298856973648071
1,117,2,2848,0.7232316732406616
1,117,3,706,0.7104945182800293
1,117,4,969,0.7098756432533264
1,117,5,1078,0.7045117616653442
1,117,6,1015,0.7023063898086548
1,117,7,2344,0.7014294862747192
1,117,8,1112,0.698347270488739
1,117,9,2989,0.6893225908279419
1,117,10,1176,0.687170147895813
1,118,1,2727,0.8087076544761658
1,118,2,14,0.7988446950912476
1,118,3,2285,0.7904799580574036
1,118,4,2848,0.7822623252868652
1,118,5,2291,0.7766050696372986
1,118,6,601,0.7719799280166626
1,118,7,1015,0.7675527334213257
1,118,8,2127,0.7658349275588989
1,118,9,402,0.7589468359947205
1,118,10,2594,0.7442060708999634
1,119,1,2258,0.7518007755279541
1,119,2,2727,0.7257592082023621
1,119,3,1015,0.7109019756317139
1,119,4,2324,0.6849527955055237
1,119,5,2801,0.6798168420791626
1,119,6,998,0.6726083159446716
1,119,7,1691,0.6659950613975525
1,119,8,2127,0.6609806418418884
1,119,9,1201,0.6601353883743286
1,119,10,2297,0.6543755531311035
1,120,1,2727,0.7005768418312073
1,120,2,2258,0.6943219304084778
1,120,3,2801,0.6807175278663635
1,120,4,508,0.6530318260192871
1,120,5,2160,0.6527714133262634
1,120,6,1328,0.6424762606620789
1,120,7,969,0.6361652612686157
1,120,8,2848,0.6355254054069519
1,120,9,1448,0.6299322247505188
1,120,10,504,0.6294279098510742
1,121,1,2258,0.7660912871360779
1,121,2,2727,0.7564572691917419
1,121,3,1015,0.6961297988891602
1,121,4,1374,0.6907860636711121
1,121,5,2801,0.6894319653511047
1,121,6,1201,0.6888810396194458
1,121,7,2127,0.687952995300293
1,121,8,2848,0.68458092212677
1,121,9,2291,0.6797657012939453
1,121,10,2989,0.6763556599617004
1,122,1,1535,0.807225227355957
1,122,2,2632,0.7497754693031311
1,122,3,1487,0.7476755976676941
1,122,4,1359,0.7453938126564026
1,122,5,1683,0.7451205849647522
1,122,6,177,0.7443413734436035
1,122,7,1970,0.7330011129379272
1,122,8,1809,0.7260144352912903
1,122,9,2621,0.7092313170433044
1,122,10,1352,0.6954798698425293
1,123,1,1683,0.7213014364242554
1,123,2,1970,0.6975366473197937
1,123,3,1087,0.69480299949646
1,123,4,1359,0.6862137913703918
1,123,5,546,0.6769464015960693
1,123,6,1785,0.6749231815338135
1,123,7,1601,0.6739378571510315
1,123,8,699,0.6572911143302917
1,123,9,2299,0.6531021595001221
1,123,10,2937,0.6481895446777344
1,124,1,1535,0.8039684891700745
1,124,2,1970,0.7986664772033691
1,124,3,2632,0.7878181338310242
1,124,4,1809,0.7661380171775818
1,124,5,1487,0.7626873850822449
1,124,6,177,0.7553353309631348
1,124,7,1087,0.7468404173851013
1,124,8,1985,0.723361611366272
1,124,9,2736,0.7134904265403748
1,124,10,1359,0.6992255449295044
1,125,1,1809,0.7421116232872009
1,125,2,1535,0.7309213280677795
1,125,3,1985,0.7227412462234497
1,125,4,2632,0.7161546945571899
1,125,5,2299,0.7078685760498047
1,125,6,1683,0.7017638087272644
1,125,7,681,0.696748673915863
1,125,8,1785,0.6948914527893066
1,125,9,177,0.6870220303535461
1,125,10,1547,0.6780033707618713
1,127,1,1535,0.7566395401954651
1,127,2,1087,0.7486429810523987
1,127,3,2621,0.7451037764549255
1,127,4,1342,0.7351887822151184
1,127,5,2089,0.7230310440063477
1,127,6,1435,0.7090204954147339
1,127,7,1454,0.7070803046226501
1,127,8,2940,0.7022525668144226
1,127,9,2717,0.6992188692092896
1,127,10,1644,0.6944384574890137
1,129,1,1487,0.7953280210494995
1,129,2,1683,0.7627906799316406
1,129,3,2621,0.7405928373336792
1,129,4,1087,0.7264404892921448
1,129,5,2940,0.6987634897232056
1,129,6,2717,0.6981645822525024
1,129,7,2995,0.6830547451972961
1,129,8,2089,0.6830054521560669
1,129,9,1775,0.6819400191307068
1,129,10,1454,0.6786168813705444
1,131,1,3018,0.7182192802429199
1,131,2,865,0.7182192802429199
1,131,3,767,0.7058511972427368
1,131,4,2412,0.7012268900871277
1,131,5,1966,0.700190544128418
1,131,6,557,0.6994788646697998
1,131,7,298,0.6980510354042053
1,131,8,39,0.6978026032447815
1,131,9,186,0.69516921043396
1,131,10,1341,0.6945484280586243
1,132,1,1194,0.616531491279602
1,132,2,1871,0.6023857593536377
1,132,3,2649,0.5950987339019775
1,132,4,1315,0.5865702033042908
1,132,5,652,0.5848552584648132
1,132,6,2184,0.5826654434204102
1,132,7,184,0.575840175151825
1,132,8,1342,0.5749393105506897
1,132,9,1151,0.5748399496078491
1,132,10,2717,0.574630856513977
1,133,1,1194,0.616531491279602
1,133,2,1871,0.6023857593536377
1,133,3,2649,0.5950987339019775
1,133,4,1315,0.5865702033042908
1,133,5,652,0.5848552584648132
1,133,6,2184,0.5826654434204102
1,133,7,184,0.575840175151825
1,133,8,1342,0.5749393105506897
1,133,9,1151,0.5748399496078491
1,133,10,2717,0.574630856513977
1,134,1,1194,0.616531491279602
1,134,2,1871,0.6023857593536377
1,134,3,2649,0.5950987339019775
1,134,4,1315,0.5865702033042908
1,134,5,652,0.5848552584648132
1,134,6,2184,0.5826654434204102
1,134,7,184,0.575840175151825
1,134,8,1342,0.5749393105506897
1,134,9,1151,0.5748399496078491
1,134,10,2717,0.574630856513977
1,135,1,1194,0.616531491279602
1,135,2,1871,0.6023857593536377
1,135,3,2649,0.5950987339019775
1,135,4,1315,0.5865702033042908
1,135,5,652,0.5848552584648132
1,135,6,2184,0.5826654434204102
1,135,7,184,0.575840175151825
1,135,8,1342,0.5749393105506897
1,135,9,1151,0.5748399496078491
1,135,10,2717,0.574630856513977
1,136,1,98,0.7756317853927612
1,136,2,2067,0.768466591835022
1,136,3,186,0.7471935749053955
1,136,4,1839,0.7446987628936768
1,136,5,2089,0.7425384521484375
1,136,6,557,0.7384960055351257
1,136,7,136,0.7343592643737793
1,136,8,2202,0.730349063873291
1,136,9,39,0.7258850336074829
1,136,10,2412,0.7117565274238586
1,137,1,1341,0.7835303544998169
1,137,2,2412,0.7637233138084412
1,137,3,98,0.761081337928772
1,137,4,2447,0.7512966394424438
1,137,5,39,0.744907021522522
1,137,6,476,0.7383506298065186
1,137,7,2067,0.7363437414169312
1,137,8,2089,0.7301321029663086
1,137,9,2303,0.7291193604469299
1,137,10,1280,0.7280179262161255
1,138,1,98,0.7513131499290466
1,138,2,1341,0.7499767541885376
1,138,3,1872,0.7360079884529114
1,138,4,1816,0.7335048913955688
1,138,5,2358,0.723630428314209
1,138,6,2067,0.7225629687309265
1,138,7,2804,0.7220942974090576
1,138,8,2089,0.715631902217865
1,138,9,1197,0.7144871950149536
1,138,10,2447,0.7033337950706482
1,139,1,98,0.7537038326263428
1,139,2,1341,0.7515684366226196
1,139,3,1872,0.7439677715301514
1,139,4,2067,0.7258502244949341
1,139,5,2358,0.7256085872650146
1,139,6,2804,0.723976731300354
1,139,7,2089,0.7178959846496582
1,139,8,186,0.7152602672576904
1,139,9,780,0.7054309844970703
1,139,10,2447,0.7040951251983643
1,140,1,98,0.7662184834480286
1,140,2,1341,0.7565518617630005
1,140,3,2089,0.7458817958831787
1,140,4,2067,0.740258514881134
1,140,5,2288,0.7353242039680481
1,140,6,1712,0.7331185936927795
1,140,7,1435,0.7208983302116394
1,140,8,780,0.719832718372345
1,140,9,1816,0.7164933085441589
1,140,10,2751,0.7088758945465088
1,141,1,186,0.806182324886322
1,141,2,2089,0.7901248931884766
1,141,3,98,0.7854468822479248
1,141,4,136,0.7833055853843689
1,141,5,780,0.7741491794586182
1,141,6,1712,0.7730156779289246
1,141,7,2751,0.7674246430397034
1,141,8,39,0.756613552570343
1,141,9,560,0.748447060585022
1,141,10,1280,0.743345320224762
1,142,1,2089,0.7694234848022461
1,142,2,1424,0.7663822770118713
1,142,3,560,0.765034556388855
1,142,4,1712,0.758726179599762
1,142,5,2751,0.7541420459747314
1,142,6,1435,0.7455261945724487
1,142,7,2877,0.7438499331474304
1,142,8,2634,0.7278832793235779
1,142,9,2447,0.7137584090232849
1,142,10,1341,0.7137190103530884
1,143,1,186,0.8406515121459961
1,143,2,136,0.8187685012817383
1,143,3,2751,0.7974897623062134
1,143,4,780,0.792230486869812
1,143,5,39,0.7899580001831055
1,143,6,2089,0.7829174399375916
1,143,7,1872,0.7755321860313416
1,143,8,1280,0.7753747701644897
1,143,9,1717,0.7722913026809692
1,143,10,1712,0.7687185406684875
1,144,1,1712,0.7077704071998596
1,144,2,652,0.7025895118713379
1,144,3,767,0.6972689628601074
1,144,4,298,0.6967786550521851
1,144,5,1721,0.6938833594322205
1,144,6,1966,0.6904621124267578
1,144,7,1342,0.68451327085495
1,144,8,1586,0.6837705373764038
1,144,9,865,0.6832945346832275
1,144,10,3018,0.6832945346832275
1,145,1,1721,0.7306360602378845
1,145,2,652,0.7250001430511475
1,145,3,1586,0.7170875072479248
1,145,4,421,0.7161821126937866
1,145,5,1487,0.7147594690322876
1,145,6,1644,0.7146891951560974
1,145,7,2089,0.7117463946342468
1,145,8,1657,0.7116039991378784
1,145,9,1342,0.7086475491523743
1,145,10,1712,0.7059901356697083
1,146,1,1487,0.7490118145942688
1,146,2,1683,0.7395723462104797
1,146,3,1712,0.7391685247421265
1,146,4,2089,0.7280288934707642
1,146,5,2717,0.7228103280067444
1,146,6,560,0.7207753658294678
1,146,7,1359,0.7168902158737183
1,146,8,1087,0.715328574180603
1,146,9,1424,0.713898777961731
1,146,10,767,0.7082982659339905
1,147,1,1342,0.7395203709602356
1,147,2,2717,0.731691837310791
1,147,3,1871,0.7234492301940918
1,147,4,1487,0.7232314944267273
1,147,5,177,0.7026717662811279
1,147,6,1712,0.6871418952941895
1,147,7,2313,0.685052752494812
1,147,8,1683,0.6838964819908142
1,147,9,298,0.6778111457824707
1,147,10,1424,0.677005410194397
1,148,1,2089,0.8145040273666382
1,148,2,1644,0.7864835262298584
1,148,3,1435,0.7849084138870239
1,148,4,1712,0.783115565776825
1,148,5,1359,0.7799510359764099
1,148,6,1683,0.7770522236824036
1,148,7,1487,0.7736354470252991
1,148,8,1424,0.7674956321716309
1,148,9,1352,0.7614015340805054
1,148,10,1087,0.7613542675971985
1,149,1,1712,0.7828121781349182
1,149,2,1435,0.7672851085662842
1,149,3,1352,0.7544836401939392
1,149,4,2877,0.7540490627288818
1,149,5,1424,0.7517110109329224
1,149,6,1359,0.7400761246681213
1,149,7,1487,0.7399002909660339
1,149,8,1644,0.7383319735527039
1,149,9,1683,0.7313312888145447
1,149,10,2604,0.7261631488800049
1,150,1,1712,0.7609758377075195
1,150,2,1454,0.7566447257995605
1,150,3,2877,0.7482087016105652
1,150,4,780,0.7471289038658142
1,150,5,186,0.7463006377220154
1,150,6,1352,0.7460970878601074
1,150,7,1435,0.7442907691001892
1,150,8,136,0.7389190196990967
1,150,9,1424,0.736614465713501
1,150,10,2604,0.7360877990722656
1,151,1,1454,0.8051422238349915
1,151,2,2751,0.7914827466011047
1,151,3,2089,0.775048017501831
1,151,4,1352,0.7718693614006042
1,151,5,1712,0.7508528828620911
1,151,6,2877,0.7457876801490784
1,151,7,186,0.7449637651443481
1,151,8,2604,0.7426996231079102
1,151,9,1487,0.7401859164237976
1,151,10,1535,0.7375010251998901
1,152,1,1280,0.7613248229026794
1,152,2,551,0.7551389932632446
1,152,3,1341,0.7400475144386292
1,152,4,2447,0.7398442625999451
1,152,5,2412,0.7398346662521362
1,152,6,1712,0.728313684463501
1,152,7,1424,0.7263142466545105
1,152,8,652,0.7193261384963989
1,152,9,1657,0.717936098575592
1,152,10,2053,0.7174956798553467
1,153,1,1280,0.7892156839370728
1,153,2,186,0.7239540815353394
1,153,3,2412,0.723292350769043
1,153,4,1712,0.7210766077041626
1,153,5,767,0.7068778872489929
1,153,6,1342,0.7059170603752136
1,153,7,1871,0.7042422890663147
1,153,8,1966,0.7041645050048828
1,153,9,298,0.7035913467407227
1,153,10,1194,0.6995174884796143
1,154,1,1280,0.7488706111907959
1,154,2,39,0.7181155681610107
1,154,3,1342,0.6824748516082764
1,154,4,1712,0.6755162477493286
1,154,5,2877,0.6742451786994934
1,154,6,1644,0.6682591438293457
1,154,7,2412,0.6677742004394531
1,154,8,1966,0.6639237999916077
1,154,9,767,0.6632447242736816
1,154,10,865,0.6540193557739258
1,155,1,1721,0.7734811305999756
1,155,2,1644,0.7610352039337158
1,155,3,2604,0.7434014678001404
1,155,4,551,0.7378702163696289
1,155,5,464,0.7127730846405029
1,155,6,1342,0.7098267674446106
1,155,7,2995,0.7079929113388062
1,155,8,184,0.704177737236023
1,155,9,2447,0.7004725337028503
1,155,10,2053,0.6987249255180359
1,156,1,1721,0.7734811305999756
1,156,2,1644,0.7610352039337158
1,156,3,2604,0.7434014678001404
1,156,4,551,0.7378702163696289
1,156,5,464,0.7127730846405029
1,156,6,1342,0.7098267674446106
1,156,7,2995,0.7079929113388062
1,156,8,184,0.704177737236023
1,156,9,2447,0.7004725337028503
1,156,10,2053,0.6987249255180359
1,157,1,1721,0.7734811305999756
1,157,2,1644,0.7610352039337158
1,157,3,2604,0.7434014678001404
1,157,4,551,0.7378702163696289
1,157,5,464,0.7127730846405029
1,157,6,1342,0.7098267674446106
1,157,7,2995,0.7079929113388062
1,157,8,184,0.704177737236023
1,157,9,2447,0.7004725337028503
1,157,10,2053,0.6987249255180359
1,159,1,1721,0.7710673213005066
1,159,2,2097,0.7693743109703064
1,159,3,414,0.7640465497970581
1,159,4,1538,0.7596825957298279
1,159,5,205,0.7572969794273376
1,159,6,1342,0.7444080710411072
1,159,7,1645,0.7432122826576233
1,159,8,1267,0.7431219220161438
1,159,9,551,0.7376065254211426
1,159,10,2184,0.7345633506774902
1,160,1,1194,0.7427273392677307
1,160,2,1342,0.7278929352760315
1,160,3,1721,0.718685507774353
1,160,4,414,0.7136444449424744
1,160,5,1538,0.6874938607215881
1,160,6,791,0.6864006519317627
1,160,7,2184,0.6801865100860596
1,160,8,2313,0.6800439953804016
1,160,9,2810,0.6795796155929565
1,160,10,1424,0.6698746085166931
1,161,1,1194,0.7167479991912842
1,161,2,1966,0.7019798755645752
1,161,3,298,0.7008370757102966
1,161,4,767,0.6926379203796387
1,161,5,1342,0.691975474357605
1,161,6,414,0.6858186721801758
1,161,7,2649,0.6814171671867371
1,161,8,2717,0.6718066334724426
1,161,9,865,0.6711457967758179
1,161,10,3018,0.6711457967758179
1,163,1,1644,0.7977941036224365
1,163,2,39,0.7890000939369202
1,163,3,186,0.7756978869438171
1,163,4,136,0.7720183730125427
1,163,5,1280,0.7719671130180359
1,163,6,780,0.7658801078796387
1,163,7,1721,0.7658557891845703
1,163,8,184,0.7635858058929443
1,163,9,1717,0.7618797421455383
1,163,10,1089,0.761242151260376
1,164,1,2412,0.7763453125953674
1,164,2,1012,0.7700142860412598
1,164,3,203,0.7388179302215576
1,164,4,1717,0.7382913827896118
1,164,5,186,0.7335157990455627
1,164,6,39,0.7332916259765625
1,164,7,1064,0.7331010699272156
1,164,8,1422,0.7313499450683594
1,164,9,1280,0.727083683013916
1,164,10,1839,0.7270488739013672
1,165,1,1717,0.7784174680709839
1,165,2,186,0.7438835501670837
1,165,3,98,0.7382082343101501
1,165,4,2412,0.7293717861175537
1,165,5,39,0.7288638353347778
1,165,6,2751,0.7242621183395386
1,165,7,136,0.7208502888679504
1,165,8,1280,0.7141178846359253
1,165,9,780,0.7135317325592041
1,165,10,1012,0.7134366035461426
1,166,1,608,0.8016265034675598
1,166,2,2197,0.7896919846534729
1,166,3,1279,0.7853326201438904
1,166,4,192,0.7762535810470581
1,166,5,1963,0.7693073153495789
1,166,6,1365,0.7686036825180054
1,166,7,1495,0.7672726511955261
1,166,8,271,0.7653077244758606
1,166,9,257,0.7650619745254517
1,166,10,645,0.7649640440940857
1,167,1,544,0.7767238020896912
1,167,2,416,0.7519084215164185
1,167,3,484,0.7508445978164673
1,167,4,509,0.7484573125839233
1,167,5,2165,0.7482478618621826
1,167,6,1082,0.7453940510749817
1,167,7,1320,0.7423269748687744
1,167,8,1495,0.7421523928642273
1,167,9,327,0.7392594814300537
1,167,10,1279,0.7362871170043945
1,168,1,2099,0.7631076574325562
1,168,2,1669,0.7478488087654114
1,168,3,2706,0.7445260286331177
1,168,4,2740,0.7321457862854004
1,168,5,2170,0.7288897633552551
1,168,6,1665,0.7257871627807617
1,168,7,1495,0.7209936380386353
1,168,8,2502,0.7150908708572388
1,168,9,40,0.7112422585487366
1,168,10,2642,0.7103049755096436
1,169,1,2740,0.7462946772575378
1,169,2,1202,0.7449734210968018
1,169,3,608,0.7313148975372314
1,169,4,2502,0.7282911539077759
1,169,5,2099,0.7257058024406433
1,169,6,40,0.7212954759597778
1,169,7,1669,0.7169938683509827
1,169,8,2706,0.7163594365119934
1,169,9,615,0.7125133872032166
1,169,10,1446,0.7057961821556091
1,170,1,2099,0.7579469084739685
1,170,2,1669,0.7551202178001404
1,170,3,2706,0.753617525100708
1,170,4,2740,0.7529494166374207
1,170,5,2502,0.7295017242431641
1,170,6,40,0.7244429588317871
1,170,7,1446,0.7227180004119873
1,170,8,1665,0.717474639415741
1,170,9,1638,0.7079057693481445
1,170,10,2556,0.7070105075836182
1,171,1,1029,0.840689480304718
1,171,2,727,0.7907828092575073
1,171,3,1344,0.7711408138275146
1,171,4,670,0.7697054743766785
1,171,5,2559,0.769120991230011
1,171,6,264,0.7677634358406067
1,171,7,621,0.763987123966217
1,171,8,314,0.7637516856193542
1,171,9,1952,0.7592053413391113
1,171,10,2967,0.7590735554695129
1,172,1,1029,0.8274878263473511
1,172,2,1952,0.7911707758903503
1,172,3,518,0.7780081033706665
1,172,4,1517,0.7762069702148438
1,172,5,2967,0.7761213779449463
1,172,6,727,0.7673901915550232
1,172,7,2721,0.7598703503608704
1,172,8,621,0.7579780220985413
1,172,9,2700,0.7532860636711121
1,172,10,576,0.7502815127372742
1,173,1,1029,0.812847375869751
1,173,2,670,0.7793996930122375
1,173,3,264,0.776903510093689
1,173,4,2496,0.7736586928367615
1,173,5,621,0.7609724402427673
1,173,6,727,0.7531360387802124
1,173,7,624,0.7454718947410583
1,173,8,1293,0.744091808795929
1,173,9,2308,0.7436932921409607
1,173,10,2967,0.7407615780830383
1,174,1,2073,0.825961172580719
1,174,2,629,0.7937307953834534
1,174,3,2985,0.7754159569740295
1,174,4,1650,0.7708631753921509
1,174,5,1254,0.7689579725265503
1,174,6,689,0.7622774243354797
1,174,7,2192,0.759477436542511
1,174,8,2920,0.7524793148040771
1,174,9,1569,0.7519021034240723
1,174,10,599,0.7306406497955322
1,175,1,2556,0.8799193501472473
1,175,2,674,0.8546364307403564
1,175,3,599,0.8152295351028442
1,175,4,400,0.808859646320343
1,175,5,1638,0.8064466714859009
1,175,6,2957,0.7985633611679077
1,175,7,1254,0.7873209714889526
1,175,8,2099,0.7853987216949463
1,175,9,2985,0.7851323485374451
1,175,10,629,0.7843624353408813
1,176,1,2556,0.8701691627502441
1,176,2,689,0.8132702112197876
1,176,3,629,0.805901288986206
1,176,4,3016,0.7990574836730957
1,176,5,599,0.7921897768974304
1,176,6,400,0.7796621322631836
1,176,7,1737,0.7757492661476135
1,176,8,1638,0.772040605545044
1,176,9,14,0.7700788974761963
1,176,10,2099,0.7691486477851868
1,177,1,2556,0.8757546544075012
1,177,2,674,0.8658010363578796
1,177,3,599,0.8178787231445312
1,177,4,1650,0.8101766109466553
1,177,5,400,0.8091709017753601
1,177,6,1737,0.8079706430435181
1,177,7,3016,0.8033773899078369
1,177,8,2368,0.8020819425582886
1,177,9,1428,0.7965742945671082
1,177,10,14,0.7925993800163269
1,178,1,1569,0.8270695805549622
1,178,2,629,0.8198955655097961
1,178,3,2920,0.8126009106636047
1,178,4,3016,0.8118507266044617
1,178,5,599,0.7981178760528564
1,178,6,14,0.7917903661727905
1,178,7,2594,0.7892023324966431
1,178,8,2368,0.7884135842323303
1,178,9,400,0.7838308215141296
1,178,10,1737,0.7834796905517578
1,179,1,2368,0.8721832036972046
1,179,2,2405,0.8544083833694458
1,179,3,1127,0.844059944152832
1,179,4,1737,0.8437494039535522
1,179,5,1730,0.8300506472587585
1,179,6,400,0.8288479447364807
1,179,7,599,0.8209933042526245
1,179,8,438,0.8183597326278687
1,179,9,1428,0.8161877393722534
1,179,10,2951,0.815952718257904
1,180,1,2368,0.864616870880127
1,180,2,2405,0.856070876121521
1,180,3,1127,0.8517610430717468
1,180,4,1737,0.8492728471755981
1,180,5,1730,0.8389263153076172
1,180,6,400,0.8374326229095459
1,180,7,438,0.8344002366065979
1,180,8,3042,0.8268937468528748
1,180,9,599,0.8252236247062683
1,180,10,1686,0.8213802576065063
1,181,1,2405,0.8157041668891907
1,181,2,2368,0.8121709823608398
1,181,3,2108,0.8106937408447266
1,181,4,2607,0.8095457553863525
1,181,5,641,0.8027077913284302
1,181,6,2599,0.8024621605873108
1,181,7,1102,0.8016637563705444
1,181,8,2082,0.8010693192481995
1,181,9,2194,0.7999846935272217
1,181,10,1737,0.7996283173561096
1,182,1,438,0.7693718075752258
1,182,2,2108,0.7611475586891174
1,182,3,2156,0.7591290473937988
1,182,4,2558,0.758512556552887
1,182,5,2607,0.7577638626098633
1,182,6,2521,0.7574537992477417
1,182,7,2194,0.7573831081390381
1,182,8,2599,0.7571771740913391
1,182,9,1102,0.7526240944862366
1,182,10,2159,0.7523214817047119
1,183,1,1429,0.6912075281143188
1,183,2,1525,0.6803354024887085
1,183,3,608,0.6577518582344055
1,183,4,509,0.6573752760887146
1,183,5,544,0.653838038444519
1,183,6,1320,0.6489824056625366
1,183,7,192,0.6474568843841553
1,183,8,615,0.6451079845428467
1,183,9,2197,0.6401713490486145
1,183,10,2370,0.6374843120574951
1,184,1,1295,0.7486854195594788
1,184,2,193,0.7452373504638672
1,184,3,608,0.7213481664657593
1,184,4,615,0.7000097632408142
1,184,5,544,0.6943702697753906
1,184,6,2197,0.6940141320228577
1,184,7,509,0.6936275959014893
1,184,8,192,0.6897602081298828
1,184,9,2370,0.6848848462104797
1,184,10,1320,0.6818001866340637
1,185,1,1620,0.7262014150619507
1,185,2,1525,0.7146917581558228
1,185,3,608,0.7019770741462708
1,185,4,509,0.6857880353927612
1,185,5,615,0.6848982572555542
1,185,6,192,0.6832392811775208
1,185,7,544,0.6809589266777039
1,185,8,2197,0.6804035902023315
1,185,9,1320,0.6771373748779297
1,185,10,1365,0.6665943264961243
1,186,1,257,0.7092173099517822
1,186,2,1320,0.698746383190155
1,186,3,509,0.6894004344940186
1,186,4,30,0.6800467371940613
1,186,5,544,0.675896167755127
1,186,6,1295,0.6753425002098083
1,186,7,1720,0.671043872833252
1,186,8,1525,0.6669042110443115
1,186,9,2165,0.6607869863510132
1,186,10,2370,0.6556156873703003
1,187,1,1858,0.6919907927513123
1,187,2,2661,0.6608656048774719
1,187,3,731,0.6599081754684448
1,187,4,481,0.6503565907478333
1,187,5,2895,0.6497485637664795
1,187,6,1940,0.6461984515190125
1,187,7,2099,0.6421974301338196
1,187,8,1946,0.6414440274238586
1,187,9,2372,0.6407985687255859
1,187,10,953,0.6333109140396118
1,188,1,1858,0.7614552974700928
1,188,2,2099,0.7451513409614563
1,188,3,1946,0.7401489615440369
1,188,4,1665,0.7371505498886108
1,188,5,1638,0.7282964587211609
1,188,6,2661,0.7270208597183228
1,188,7,542,0.7244598865509033
1,188,8,2372,0.7194334864616394
1,188,9,731,0.7190033793449402
1,188,10,2642,0.7150260806083679
1,189,1,1858,0.7305610775947571
1,189,2,2661,0.7231553792953491
1,189,3,1946,0.7166406512260437
1,189,4,3016,0.7104877233505249
1,189,5,2099,0.702715277671814
1,189,6,1665,0.7008373141288757
1,189,7,2191,0.6937566995620728
1,189,8,1638,0.6915589570999146
1,189,9,2957,0.6903809905052185
1,189,10,2642,0.6863027811050415
1,190,1,3062,0.7146602869033813
1,190,2,3016,0.7113152742385864
1,190,3,2099,0.7108492255210876
1,190,4,481,0.701632022857666
1,190,5,2661,0.6980330944061279
1,190,6,2372,0.6932839155197144
1,190,7,1940,0.6829580068588257
1,190,8,2740,0.6826997399330139
1,190,9,1569,0.6820856332778931
1,190,10,1669,0.6792631149291992
1,191,1,2727,0.7903903722763062
1,191,2,2127,0.7589377760887146
1,191,3,14,0.7533285021781921
1,191,4,402,0.7438418865203857
1,191,5,1015,0.7436689138412476
1,191,6,2594,0.7330631017684937
1,191,7,2285,0.7268093228340149
1,191,8,2848,0.7209832668304443
1,191,9,2258,0.7171626687049866
1,191,10,969,0.7085064053535461
1,192,1,2727,0.7715059518814087
1,192,2,14,0.7392542958259583
1,192,3,1015,0.7208001613616943
1,192,4,2127,0.7113718390464783
1,192,5,2258,0.6987913250923157
1,192,6,2285,0.6963585019111633
1,192,7,2848,0.6938596963882446
1,192,8,235,0.6890841722488403
1,192,9,706,0.6855121850967407
1,192,10,402,0.6830726861953735
1,194,1,2727,0.7236130833625793
1,194,2,2127,0.7188805937767029
1,194,3,1015,0.7182616591453552
1,194,4,402,0.6970813274383545
1,194,5,1665,0.6695566773414612
1,194,6,998,0.6677327752113342
1,194,7,2961,0.665448784828186
1,194,8,2324,0.6634654998779297
1,194,9,1376,0.6604788899421692
1,194,10,31,0.6585845947265625
1,195,1,1446,0.7713472843170166
1,195,2,1665,0.7701531052589417
1,195,3,2642,0.7533418536186218
1,195,4,1246,0.745323657989502
1,195,5,2502,0.7433550953865051
1,195,6,542,0.7213135361671448
1,195,7,2099,0.7209583520889282
1,195,8,2356,0.71697598695755
1,195,9,40,0.7151763439178467
1,195,10,1946,0.7086617350578308
1,196,1,1665,0.7663087248802185
1,196,2,1246,0.7650956511497498
1,196,3,2642,0.7495781779289246
1,196,4,2356,0.7243900299072266
1,196,5,2740,0.7241896390914917
1,196,6,1638,0.72357177734375
1,196,7,542,0.706074595451355
1,196,8,2502,0.7050114274024963
1,196,9,2594,0.7006210684776306
1,196,10,1202,0.6958937048912048
1,197,1,1665,0.7946192026138306
1,197,2,2706,0.7924109101295471
1,197,3,3016,0.7884764671325684
1,197,4,1246,0.7842578291893005
1,197,5,2642,0.7791880965232849
1,197,6,2502,0.7784327268600464
1,197,7,1638,0.7769448161125183
1,197,8,40,0.7744350433349609
1,197,9,1858,0.7679285407066345
1,197,10,2556,0.7640435099601746
1,198,1,1202,0.8316084146499634
1,198,2,1302,0.7886863350868225
1,198,3,2170,0.7758177518844604
1,198,4,2286,0.7729836702346802
1,198,5,1495,0.7697089910507202
1,198,6,2706,0.766085147857666
1,198,7,2642,0.7634532451629639
1,198,8,2356,0.7577781677246094
1,198,9,295,0.750457763671875
1,198,10,615,0.7489303946495056
1,199,1,1495,0.773910403251648
1,199,2,1202,0.7622942924499512
1,199,3,2170,0.7616145610809326
1,199,4,295,0.7595241069793701
1,199,5,1082,0.7496103048324585
1,199,6,2286,0.7435941100120544
1,199,7,2353,0.7421332597732544
1,199,8,1302,0.7371150255203247
1,199,9,615,0.7359007000923157
1,199,10,2165,0.7334348559379578
1,200,1,295,0.8505862355232239
1,200,2,1495,0.8470557332038879
1,200,3,1461,0.8395145535469055
1,200,4,2286,0.8305450677871704
1,200,5,1279,0.8235098719596863
1,200,6,2353,0.8179816603660583
1,200,7,1302,0.8159220814704895
1,200,8,1082,0.8142415285110474
1,200,9,544,0.8083512187004089
1,200,10,696,0.7946158647537231
1,201,1,1495,0.8439567685127258
1,201,2,696,0.8316752910614014
1,201,3,2286,0.8266918063163757
1,201,4,1302,0.8220748901367188
1,201,5,1082,0.8183319568634033
1,201,6,2353,0.8144412040710449
1,201,7,1202,0.8101580739021301
1,201,8,544,0.8005947470664978
1,201,9,1461,0.7986682653427124
1,201,10,1279,0.7979146242141724
1,202,1,1495,0.8504462838172913
1,202,2,2165,0.8358849287033081
1,202,3,1302,0.8291983604431152
1,202,4,2353,0.8285866975784302
1,202,5,2286,0.8267185688018799
1,202,6,1202,0.8264757394790649
1,202,7,1082,0.8250475525856018
1,202,8,30,0.8098452687263489
1,202,9,1817,0.8068920969963074
1,202,10,1461,0.7984302639961243
1,203,1,1495,0.8833249807357788
1,203,2,2165,0.8595800995826721
1,203,3,2243,0.8565343618392944
1,203,4,1279,0.8555207848548889
1,203,5,2353,0.8494510054588318
1,203,6,1082,0.8482811450958252
1,203,7,1461,0.8449075818061829
1,203,8,30,0.8381200432777405
1,203,9,2286,0.8291082978248596
1,203,10,1320,0.8176040053367615
1,204,1,2339,0.842727541923523
1,204,2,1190,0.8268044590950012
1,204,3,1750,0.7785597443580627
1,204,4,495,0.7735819220542908
1,204,5,168,0.7661229968070984
1,204,6,259,0.757786214351654
1,204,7,1558,0.7576225996017456
1,204,8,2769,0.7560622096061707
1,204,9,1836,0.7559990882873535
1,204,10,2590,0.7530491948127747
1,205,1,1208,0.8541658520698547
1,205,2,747,0.8438140153884888
1,205,3,1190,0.8179234862327576
1,205,4,495,0.8062087297439575
1,205,5,876,0.8058832883834839
1,205,6,2035,0.7855454683303833
1,205,7,259,0.783475399017334
1,205,8,1750,0.7667455077171326
1,205,9,1304,0.7664324641227722
1,205,10,1836,0.7648770809173584
1,206,1,1189,0.8273589611053467
1,206,2,1597,0.8267861604690552
1,206,3,2035,0.8262109160423279
1,206,4,1016,0.8240815997123718
1,206,5,876,0.8223634362220764
1,206,6,2978,0.8210919499397278
1,206,7,1767,0.8131545782089233
1,206,8,2343,0.811765730381012
1,206,9,1920,0.807490885257721
1,206,10,957,0.800378680229187
1,207,1,1190,0.8813691139221191
1,207,2,2228,0.8611619472503662
1,207,3,876,0.860708475112915
1,207,4,444,0.8588672280311584
1,207,5,2035,0.8518639206886292
1,207,6,1832,0.8424314260482788
1,207,7,1723,0.8421466946601868
1,207,8,1749,0.8327639102935791
1,207,9,1173,0.8281068205833435
1,207,10,536,0.8061428666114807
1,208,1,2557,0.8662225008010864
1,208,2,2339,0.8416507840156555
1,208,3,876,0.8313384652137756
1,208,4,2035,0.8258647322654724
1,208,5,1749,0.7980877161026001
1,208,6,356,0.7961412072181702
1,208,7,842,0.7896560430526733
1,208,8,1189,0.7793323993682861
1,208,9,1597,0.7776867151260376
1,208,10,2978,0.7717811465263367
1,209,1,2757,0.8846654295921326
1,209,2,2196,0.857399046421051
1,209,3,974,0.846872091293335
1,209,4,2257,0.8246017694473267
1,209,5,842,0.8013615608215332
1,209,6,784,0.8006286025047302
1,209,7,1275,0.79462730884552
1,209,8,270,0.7858484387397766
1,209,9,2923,0.7678443193435669
1,209,10,2365,0.761479914188385
1,210,1,842,0.7749243974685669
1,210,2,2665,0.7685242891311646
1,210,3,1265,0.764903724193573
1,210,4,915,0.7620596885681152
1,210,5,2529,0.759408175945282
1,210,6,2339,0.7589142918586731
1,210,7,1070,0.7482059001922607
1,210,8,1769,0.7440616488456726
1,210,9,2322,0.7335507869720459
1,210,10,430,0.7334712147712708
1,211,1,2757,0.8151758909225464
1,211,2,2196,0.8148255944252014
1,211,3,974,0.8119815587997437
1,211,4,2272,0.8098978400230408
1,211,5,1618,0.8063147664070129
1,211,6,1275,0.7834997177124023
1,211,7,566,0.7807005047798157
1,211,8,535,0.7733094096183777
1,211,9,784,0.7632649540901184
1,211,10,1739,0.7566096782684326
1,212,1,2665,0.8778647184371948
1,212,2,915,0.8705734610557556
1,212,3,1,0.8671322464942932
1,212,4,2697,0.8610047101974487
1,212,5,1070,0.8588125109672546
1,212,6,1266,0.850335955619812
1,212,7,622,0.8502611517906189
1,212,8,2562,0.8482863306999207
1,212,9,270,0.844553530216217
1,212,10,754,0.8391256332397461
1,213,1,1618,0.8323377966880798
1,213,2,2272,0.830625593662262
1,213,3,2513,0.8164011240005493
1,213,4,566,0.8095695376396179
1,213,5,535,0.8093478679656982
1,213,6,2923,0.7931686043739319
1,213,7,826,0.7908276915550232
1,213,8,1899,0.7892478108406067
1,213,9,518,0.7779514789581299
1,213,10,2721,0.763364851474762
1,216,1,1275,0.8505104184150696
1,216,2,784,0.8477444052696228
1,216,3,1739,0.834373414516449
1,216,4,393,0.8250306844711304
1,216,5,270,0.8199785351753235
1,216,6,842,0.8020501136779785
1,216,7,106,0.789350152015686
1,216,8,2365,0.77923184633255
1,216,9,900,0.7777281403541565
1,216,10,899,0.7700077295303345
1,217,1,1266,0.8082736730575562
1,217,2,2145,0.8072448372840881
1,217,3,2309,0.80574631690979
1,217,4,622,0.8037515878677368
1,217,5,523,0.8022242188453674
1,217,6,2562,0.8001312613487244
1,217,7,2264,0.7990426421165466
1,217,8,900,0.7977002263069153
1,217,9,2665,0.7961350083351135
1,217,10,2440,0.794238269329071
1,218,1,270,0.8721990585327148
1,218,2,900,0.8720590472221375
1,218,3,523,0.8668643236160278
1,218,4,2309,0.8643761277198792
1,218,5,2264,0.8600972890853882
1,218,6,90,0.8587285280227661
1,218,7,2145,0.8505620360374451
1,218,8,788,0.8307349681854248
1,218,9,1603,0.8288719058036804
1,218,10,2927,0.8272406458854675
1,219,1,2257,0.8579670190811157
1,219,2,2196,0.851706326007843
1,219,3,2562,0.8346896767616272
1,219,4,1266,0.8234410285949707
1,219,5,900,0.817564845085144
1,219,6,1,0.8152555227279663
1,219,7,622,0.8140189051628113
1,219,8,2665,0.8089134693145752
1,219,9,2365,0.8051265478134155
1,219,10,915,0.8039402961730957
1,220,1,1275,0.9339200258255005
1,220,2,2196,0.8908777236938477
1,220,3,2257,0.8818048238754272
1,220,4,2562,0.8758701086044312
1,220,5,1266,0.8600438833236694
1,220,6,622,0.8526743650436401
1,220,7,617,0.8371825814247131
1,220,8,1,0.837035059928894
1,220,9,730,0.8300095200538635
1,220,10,2665,0.8229391574859619
1,221,1,2007,0.794503390789032
1,221,2,8,0.7557278275489807
1,221,3,1827,0.7533343434333801
1,221,4,1685,0.749987781047821
1,221,5,2312,0.7475737929344177
1,221,6,1265,0.7367856502532959
1,221,7,646,0.7315084338188171
1,221,8,2403,0.7310442328453064
1,221,9,387,0.7260778546333313
1,221,10,72,0.724685788154602
1,222,1,2007,0.7621620297431946
1,222,2,72,0.7443848252296448
1,222,3,1002,0.7364648580551147
1,222,4,1786,0.734135091304779
1,222,5,1827,0.7314149141311646
1,222,6,2312,0.7141740322113037
1,222,7,646,0.7116321921348572
1,222,8,2403,0.7113877534866333
1,222,9,2708,0.709539532661438
1,222,10,11,0.7087464332580566
1,223,1,72,0.7403684258460999
1,223,2,2163,0.7251784801483154
1,223,3,1911,0.7207531332969666
1,223,4,1786,0.7102949023246765
1,223,5,11,0.7073304653167725
1,223,6,502,0.7069801092147827
1,223,7,1002,0.7047332525253296
1,223,8,1827,0.6800353527069092
1,223,9,176,0.6750550866127014
1,223,10,646,0.6716594099998474
1,226,1,572,0.8416889905929565
1,226,2,189,0.7361775636672974
1,226,3,666,0.7353684902191162
1,226,4,597,0.725447416305542
1,226,5,2167,0.7128951549530029
1,226,6,880,0.6945393085479736
1,226,7,2024,0.6933860778808594
1,226,8,1751,0.6855112910270691
1,226,9,2478,0.6828638911247253
1,226,10,1507,0.6818474531173706
1,227,1,2622,0.838999330997467
1,227,2,666,0.7493078112602234
1,227,3,597,0.7396372556686401
1,227,4,880,0.7111186981201172
1,227,5,2024,0.7046343684196472
1,227,6,1751,0.7018866539001465
1,227,7,2167,0.6890953779220581
1,227,8,1982,0.6767971515655518
1,227,9,2303,0.6763910055160522
1,227,10,1507,0.6670854091644287
1,228,1,2622,0.7724794149398804
1,228,2,2708,0.6975403428077698
1,228,3,2303,0.6935223340988159
1,228,4,2165,0.688065767288208
1,228,5,613,0.6853033900260925
1,228,6,557,0.6755986213684082
1,228,7,30,0.6743808388710022
1,228,8,1580,0.6730701327323914
1,228,9,509,0.665923535823822
1,228,10,327,0.6631834506988525
1,229,1,132,0.7218976616859436
1,229,2,613,0.703272819519043
1,229,3,509,0.6988651156425476
1,229,4,2235,0.6902340650558472
1,229,5,257,0.67979896068573
1,229,6,2185,0.677395761013031
1,229,7,572,0.6770269274711609
1,229,8,1580,0.6760578751564026
1,229,9,1484,0.6713366508483887
1,229,10,1570,0.6712227463722229
1,230,1,1320,0.8324914574623108
1,230,2,509,0.8061840534210205
1,230,3,132,0.7926238179206848
1,230,4,416,0.7853003144264221
1,230,5,1484,0.7798470258712769
1,230,6,2170,0.7787295579910278
1,230,7,1495,0.7756845951080322
1,230,8,2353,0.7710509896278381
1,230,9,1465,0.7630061507225037
1,230,10,2286,0.761684000492096
1,231,1,30,0.8059819340705872
1,231,2,1202,0.7760348916053772
1,231,3,544,0.766726553440094
1,231,4,2286,0.7620525360107422
1,231,5,1580,0.7613412737846375
1,231,6,1302,0.7453062534332275
1,231,7,2170,0.7452019453048706
1,231,8,1495,0.7329763770103455
1,231,9,416,0.7250774502754211
1,231,10,1279,0.7195242047309875
1,232,1,2165,0.7397602200508118
1,232,2,1302,0.7073955535888672
1,232,3,2170,0.7051215767860413
1,232,4,2286,0.7038654088973999
1,232,5,544,0.7032055258750916
1,232,6,1202,0.7019175291061401
1,232,7,615,0.6682167649269104
1,232,8,1495,0.6626397967338562
1,232,9,1415,0.6484441757202148
1,232,10,1279,0.64791339635849
1,233,1,2165,0.8297667503356934
1,233,2,1202,0.8052110075950623
1,233,3,2170,0.788313627243042
1,233,4,2286,0.7751219868659973
1,233,5,1495,0.7734869718551636
1,233,6,1302,0.7633998990058899
1,233,7,416,0.759472668170929
1,233,8,2353,0.7516643404960632
1,233,9,1082,0.748728334903717
1,233,10,544,0.7431833744049072
1,234,1,1744,0.7438251376152039
1,234,2,532,0.7410778999328613
1,234,3,2916,0.7405462265014648
1,234,4,514,0.7285379767417908
1,234,5,1365,0.7242593765258789
1,234,6,483,0.7218241095542908
1,234,7,2180,0.7198624014854431
1,234,8,2353,0.7195389866828918
1,234,9,2956,0.7134777307510376
1,234,10,2363,0.7086611986160278
1,235,1,1111,0.7443815469741821
1,235,2,532,0.7385819554328918
1,235,3,1365,0.7237473130226135
1,235,4,739,0.7079756855964661
1,235,5,1600,0.7067503929138184
1,235,6,2353,0.6994219422340393
1,235,7,2092,0.6984789371490479
1,235,8,1346,0.6961352229118347
1,235,9,645,0.6958780884742737
1,235,10,2892,0.6953298449516296
1,236,1,1121,0.7103927731513977
1,236,2,656,0.7094682455062866
1,236,3,1310,0.7086985111236572
1,236,4,2270,0.7064162492752075
1,236,5,283,0.7051554918289185
1,236,6,2180,0.6963862776756287
1,236,7,1456,0.6957891583442688
1,236,8,2160,0.6930184960365295
1,236,9,508,0.6897099614143372
1,236,10,97,0.6887772679328918
1,237,1,508,0.7365321516990662
1,237,2,2160,0.7339346408843994
1,237,3,1121,0.7172636389732361
1,237,4,1310,0.7171913981437683
1,237,5,627,0.7158863544464111
1,237,6,2270,0.7141240835189819
1,237,7,1870,0.7140395045280457
1,237,8,656,0.7014635801315308
1,237,9,283,0.6997949481010437
1,237,10,1456,0.693306028842926
1,238,1,1310,0.6908028721809387
1,238,2,1870,0.6839341521263123
1,238,3,508,0.6818373799324036
1,238,4,1121,0.6797211766242981
1,238,5,2160,0.669996440410614
1,238,6,283,0.6566048860549927
1,238,7,2270,0.6552860736846924
1,238,8,1328,0.6524021029472351
1,238,9,1456,0.6497822403907776
1,238,10,627,0.6432633399963379
1,239,1,656,0.7950387001037598
1,239,2,447,0.7920048832893372
1,239,3,97,0.7895241379737854
1,239,4,1232,0.7862229347229004
1,239,5,1632,0.7846895456314087
1,239,6,2293,0.7831752300262451
1,239,7,1615,0.7823015451431274
1,239,8,2576,0.782237708568573
1,239,9,283,0.7801091074943542
1,239,10,1121,0.7758724093437195
1,240,1,283,0.8267828822135925
1,240,2,1121,0.8237839341163635
1,240,3,1456,0.7992057204246521
1,240,4,656,0.7942882180213928
1,240,5,2916,0.7927756309509277
1,240,6,97,0.787794828414917
1,240,7,2180,0.7870811223983765
1,240,8,2654,0.7846377491950989
1,240,9,1232,0.7844119071960449
1,240,10,2293,0.7813912630081177
1,241,1,532,0.754321277141571
1,241,2,447,0.7516986131668091
1,241,3,2180,0.7392297387123108
1,241,4,1067,0.7350592017173767
1,241,5,2916,0.7347418069839478
1,241,6,2092,0.7293403148651123
1,241,7,656,0.7290810346603394
1,241,8,1744,0.7211382389068604
1,241,9,1160,0.7193355560302734
1,241,10,1346,0.7118563652038574
1,242,1,1067,0.8235487937927246
1,242,2,532,0.8159230351448059
1,242,3,2092,0.8139346241950989
1,242,4,1160,0.8120978474617004
1,242,5,1413,0.8069913983345032
1,242,6,2180,0.8008850812911987
1,242,7,656,0.8007904887199402
1,242,8,2916,0.8002657294273376
1,242,9,1346,0.7997493147850037
1,242,10,1744,0.7815454602241516
1,243,1,532,0.7838760018348694
1,243,2,1160,0.7820192575454712
1,243,3,2092,0.7792707085609436
1,243,4,656,0.7777013778686523
1,243,5,1413,0.7700429558753967
1,243,6,2180,0.7621021866798401
1,243,7,2916,0.7616890668869019
1,243,8,627,0.7545037269592285
1,243,9,1121,0.7537150382995605
1,243,10,1346,0.7534878253936768
1,244,1,532,0.7742425203323364
1,244,2,1160,0.7601086497306824
1,244,3,2092,0.7540081739425659
1,244,4,283,0.7528244853019714
1,244,5,2916,0.7482866048812866
1,244,6,1744,0.747084379196167
1,244,7,2180,0.7447007298469543
1,244,8,97,0.7436968684196472
1,244,9,1335,0.7432239651679993
1,244,10,1232,0.7428032755851746
1,245,1,656,0.7577072978019714
1,245,2,532,0.7467076182365417
1,245,3,2576,0.7413967847824097
1,245,4,447,0.737909197807312
1,245,5,1654,0.7260830402374268
1,245,6,627,0.7231311202049255
1,245,7,2345,0.7228958010673523
1,245,8,2180,0.7185606956481934
1,245,9,2916,0.7169579267501831
1,245,10,1744,0.7168049216270447
1,246,1,532,0.8014811873435974
1,246,2,2916,0.7785256505012512
1,246,3,2270,0.7750540971755981
1,246,4,1160,0.7747328877449036
1,246,5,1744,0.7718898057937622
1,246,6,447,0.7692790627479553
1,246,7,2160,0.7666028738021851
1,246,8,97,0.7651442289352417
1,246,9,2345,0.7629095315933228
1,246,10,283,0.7627941966056824
1,247,1,508,0.7930967807769775
1,247,2,2270,0.7371939420700073
1,247,3,504,0.7184383273124695
1,247,4,2801,0.7087916731834412
1,247,5,2324,0.6840201020240784
1,247,6,2848,0.6814883947372437
1,247,7,31,0.6810070872306824
1,247,8,1744,0.6799930334091187
1,247,9,2916,0.6773178577423096
1,247,10,483,0.6771619915962219
1,248,1,1448,0.7738750576972961
1,248,2,508,0.7170453071594238
1,248,3,627,0.7122504711151123
1,248,4,62,0.7084870934486389
1,248,5,2660,0.6937101483345032
1,248,6,2114,0.6785264015197754
1,248,7,1346,0.6776859164237976
1,248,8,2892,0.6752670407295227
1,248,9,2916,0.6742582321166992
1,248,10,1160,0.6729991436004639
1,249,1,1448,0.7638636231422424
1,249,2,2801,0.7207759022712708
1,249,3,504,0.7147259712219238
1,249,4,756,0.6705754399299622
1,249,5,235,0.6577658653259277
1,249,6,364,0.65763920545578
1,249,7,706,0.6518687605857849
1,249,8,2660,0.6334185600280762
1,249,9,2324,0.6323065757751465
1,249,10,2344,0.6269731521606445
1,250,1,1015,0.7739387154579163
1,250,2,2324,0.7478601336479187
1,250,3,998,0.7376630306243896
1,250,4,2727,0.7326240539550781
1,250,5,2258,0.7028295993804932
1,250,6,504,0.6928524374961853
1,250,7,756,0.6903525590896606
1,250,8,664,0.6814010739326477
1,250,9,2127,0.6778056025505066
1,250,10,2961,0.660045325756073
1,251,1,2727,0.7634624242782593
1,251,2,2258,0.7229554057121277
1,251,3,2127,0.7028937935829163
1,251,4,31,0.6988946199417114
1,251,5,2848,0.6978582739830017
1,251,6,402,0.6878414750099182
1,251,7,235,0.6857437491416931
1,251,8,706,0.6791038513183594
1,251,9,1374,0.6785215139389038
1,251,10,1201,0.6777055859565735
1,253,1,998,0.8115796446800232
1,253,2,2727,0.7118124961853027
1,253,3,563,0.7073773145675659
1,253,4,504,0.6977106332778931
1,253,5,2127,0.6955829858779907
1,253,6,2258,0.6899104714393616
1,253,7,1558,0.6681184768676758
1,253,8,402,0.6661157608032227
1,253,9,194,0.6617856621742249
1,253,10,1691,0.6387373805046082
1,254,1,1015,0.803223729133606
1,254,2,2961,0.7461975812911987
1,254,3,31,0.7338702082633972
1,254,4,2258,0.7240392565727234
1,254,5,2727,0.7146151065826416
1,254,6,1558,0.6972486972808838
1,254,7,2127,0.6925449371337891
1,254,8,194,0.6905127763748169
1,254,9,1691,0.6876606941223145
1,254,10,2769,0.6670346260070801
1,255,1,1015,0.8003057241439819
1,255,2,2297,0.7519930601119995
1,255,3,2801,0.7518486380577087
1,255,4,563,0.7216520309448242
1,255,5,2727,0.7189478874206543
1,255,6,31,0.7149375677108765
1,255,7,2975,0.7045440077781677
1,255,8,1376,0.7039270401000977
1,255,9,939,0.6929616332054138
1,255,10,653,0.6926836967468262
1,256,1,1015,0.8343379497528076
1,256,2,1558,0.7731058597564697
1,256,3,2297,0.7703585028648376
1,256,4,2801,0.769450843334198
1,256,5,194,0.7662824392318726
1,256,6,183,0.7625072002410889
1,256,7,2769,0.7538871169090271
1,256,8,563,0.7494370937347412
1,256,9,31,0.7435665130615234
1,256,10,2127,0.7182018160820007
1,257,1,2042,0.7861278057098389
1,257,2,664,0.7830692529678345
1,257,3,2590,0.7516700625419617
1,257,4,1015,0.7482841610908508
1,257,5,259,0.7346494197845459
1,257,6,2324,0.7339788675308228
1,257,7,1212,0.7228800654411316
1,257,8,2898,0.7226750254631042
1,257,9,541,0.7215160131454468
1,257,10,44,0.7203212380409241
1,258,1,1015,0.7761340141296387
1,258,2,998,0.7480290532112122
1,258,3,2324,0.7376793026924133
1,258,4,1558,0.7064938545227051
1,258,5,2297,0.6963863372802734
1,258,6,1376,0.6792333722114563
1,258,7,653,0.6791965365409851
1,258,8,183,0.6718087792396545
1,258,9,2961,0.6703881025314331
1,258,10,2772,0.6675745248794556
1,259,1,1558,0.8359036445617676
1,259,2,194,0.8185486197471619
1,259,3,664,0.816303551197052
1,259,4,2042,0.8143897652626038
1,259,5,259,0.8052759170532227
1,259,6,2743,0.8012192249298096
1,259,7,105,0.7676538228988647
1,259,8,2480,0.7675718069076538
1,259,9,869,0.7609587907791138
1,259,10,44,0.7599369287490845
1,260,1,2042,0.7570512890815735
1,260,2,1015,0.747959554195404
1,260,3,664,0.7401854991912842
1,260,4,998,0.726935863494873
1,260,5,2324,0.7175940871238708
1,260,6,2297,0.7101661562919617
1,260,7,194,0.7064250111579895
1,260,8,563,0.6866048574447632
1,260,9,939,0.6793880462646484
1,260,10,439,0.6689974665641785
1,261,1,1383,0.823552131652832
1,261,2,2274,0.8227666020393372
1,261,3,105,0.820433497428894
1,261,4,2640,0.8149212598800659
1,261,5,668,0.8046643733978271
1,261,6,2355,0.7998825907707214
1,261,7,2862,0.7982139587402344
1,261,8,1516,0.7963218092918396
1,261,9,1501,0.7960099577903748
1,261,10,49,0.794840395450592
1,262,1,2769,0.843429446220398
1,262,2,2480,0.8403768539428711
1,262,3,1558,0.8390665650367737
1,262,4,194,0.8267866373062134
1,262,5,2042,0.8242955207824707
1,262,6,869,0.8240575194358826
1,262,7,105,0.8221505284309387
1,262,8,664,0.8203839659690857
1,262,9,2772,0.8157890439033508
1,262,10,1383,0.8124426603317261
1,263,1,1383,0.8283031582832336
1,263,2,2042,0.818417489528656
1,263,3,664,0.8100769519805908
1,263,4,2274,0.8078963160514832
1,263,5,2480,0.8000102043151855
1,263,6,65,0.7963870167732239
1,263,7,49,0.7943682670593262
1,263,8,194,0.7913458943367004
1,263,9,2769,0.7867492437362671
1,263,10,1558,0.7770487070083618
1,264,1,1383,0.8959308862686157
1,264,2,105,0.8921940922737122
1,264,3,49,0.8801337480545044
1,264,4,2274,0.8531560301780701
1,264,5,2480,0.8497692346572876
1,264,6,65,0.8484451174736023
1,264,7,852,0.8428683280944824
1,264,8,44,0.839575469493866
1,264,9,2603,0.8299629092216492
1,264,10,1159,0.8296300172805786
1,265,1,105,0.8144911527633667
1,265,2,44,0.8028326630592346
1,265,3,2042,0.79032963514328
1,265,4,1907,0.7882564067840576
1,265,5,357,0.786064624786377
1,265,6,852,0.7859755158424377
1,265,7,259,0.7850807905197144
1,265,8,664,0.78143709897995
1,265,9,78,0.7630089521408081
1,265,10,1868,0.7625447511672974
1,266,1,2429,0.8556742072105408
1,266,2,2772,0.8424365520477295
1,266,3,852,0.8356637954711914
1,266,4,44,0.8316143751144409
1,266,5,1159,0.820151150226593
1,266,6,65,0.8176684379577637
1,266,7,1380,0.8161497116088867
1,266,8,1907,0.8130456209182739
1,266,9,701,0.8082332015037537
1,266,10,668,0.7943331003189087
1,267,1,105,0.8469640016555786
1,267,2,2274,0.8342419862747192
1,267,3,1180,0.8315499424934387
1,267,4,701,0.8247866630554199
1,267,5,2429,0.8153414130210876
1,267,6,2772,0.8111010193824768
1,267,7,668,0.7973126769065857
1,267,8,2862,0.7911291718482971
1,267,9,2355,0.7898130416870117
1,267,10,2867,0.7897177934646606
1,268,1,1180,0.8484517335891724
1,268,2,2429,0.8400094509124756
1,268,3,65,0.8355759382247925
1,268,4,2772,0.8326007127761841
1,268,5,852,0.8213891386985779
1,268,6,2603,0.8059234619140625
1,268,7,2274,0.799740731716156
1,268,8,44,0.7870386242866516
1,268,9,259,0.7835701704025269
1,268,10,1159,0.7830054759979248
1,269,1,869,0.8823055624961853
1,269,2,3048,0.8742578625679016
1,269,3,1180,0.8613909482955933
1,269,4,105,0.8451775312423706
1,269,5,2640,0.8427894115447998
1,269,6,2429,0.8228880763053894
1,269,7,2772,0.8163968324661255
1,269,8,2274,0.8079214096069336
1,269,9,852,0.7974792122840881
1,269,10,1831,0.7949347496032715
1,272,1,869,0.875999927520752
1,272,2,49,0.8620994687080383
1,272,3,2640,0.8584899306297302
1,272,4,105,0.8584163784980774
1,272,5,2274,0.8436465859413147
1,272,6,3048,0.8355249762535095
1,272,7,701,0.8288489580154419
1,272,8,2429,0.8278493881225586
1,272,9,2772,0.824859619140625
1,272,10,2212,0.8000867962837219
1,273,1,869,0.8286722898483276
1,273,2,2640,0.8084050416946411
1,273,3,105,0.8028197884559631
1,273,4,1383,0.7999994158744812
1,273,5,49,0.7794548273086548
1,273,6,2163,0.7769410610198975
1,273,7,2772,0.77421635389328
1,273,8,1911,0.7736412286758423
1,273,9,1380,0.767821192741394
1,273,10,3048,0.7657740712165833
1,274,1,3048,0.8455362319946289
1,274,2,869,0.8314235210418701
1,274,3,1383,0.8179441690444946
1,274,4,2640,0.8144742846488953
1,274,5,49,0.8074098825454712
1,274,6,2212,0.798215389251709
1,274,7,2480,0.7907878756523132
1,274,8,105,0.7906025648117065
1,274,9,65,0.7894779443740845
1,274,10,2772,0.7538590431213379
1,276,1,286,0.8113171458244324
1,276,2,122,0.8069400787353516
1,276,3,608,0.8018750548362732
1,276,4,480,0.786933422088623
1,276,5,192,0.7556776404380798
1,276,6,2280,0.7435469031333923
1,276,7,1438,0.7299325466156006
1,276,8,1437,0.7289753556251526
1,276,9,2578,0.7186718583106995
1,276,10,121,0.7171562314033508
1,277,1,663,0.7679473161697388
1,277,2,480,0.7615095973014832
1,277,3,795,0.7539796233177185
1,277,4,2580,0.7510616779327393
1,277,5,122,0.7502219676971436
1,277,6,2628,0.7476008534431458
1,277,7,2710,0.7386382222175598
1,277,8,1246,0.712831437587738
1,277,9,192,0.7079404592514038
1,277,10,2280,0.7074877023696899
1,278,1,480,0.7011167407035828
1,278,2,3037,0.6614956855773926
1,278,3,1911,0.6603947281837463
1,278,4,2581,0.6556947827339172
1,278,5,2111,0.6534572243690491
1,278,6,11,0.6497339010238647
1,278,7,3061,0.6489371657371521
1,278,8,2352,0.6480704545974731
1,278,9,1437,0.6467872858047485
1,278,10,286,0.6355277299880981
1,279,1,795,0.7398191094398499
1,279,2,1400,0.7366485595703125
1,279,3,2710,0.724865734577179
1,279,4,480,0.7167317271232605
1,279,5,1437,0.709231972694397
1,279,6,121,0.7057084441184998
1,279,7,1911,0.7055771350860596
1,279,8,2163,0.6894511580467224
1,279,9,49,0.6865520477294922
1,279,10,1380,0.6733606457710266
1,280,1,2197,0.7860995531082153
1,280,2,1516,0.7779274582862854
1,280,3,192,0.7656587362289429
1,280,4,608,0.751545250415802
1,280,5,2710,0.7375192046165466
1,280,6,1400,0.7278680205345154
1,280,7,1963,0.7273841500282288
1,280,8,1437,0.7148099541664124
1,280,9,1911,0.7098167538642883
1,280,10,2163,0.6853427886962891
1,282,1,1246,0.6955528259277344
1,282,2,402,0.684358537197113
1,282,3,2594,0.6828630566596985
1,282,4,653,0.6753518581390381
1,282,5,1427,0.6741565465927124
1,282,6,2144,0.6719565391540527
1,282,7,1376,0.6687361001968384
1,282,8,2127,0.6676344871520996
1,282,9,998,0.6647071838378906
1,282,10,2274,0.6643196940422058
1,283,1,2580,0.7725649476051331
1,283,2,1246,0.7244352102279663
1,283,3,2594,0.6897029876708984
1,283,4,308,0.6858276128768921
1,283,5,2014,0.6813668012619019
1,283,6,2274,0.6722558736801147
1,283,7,2710,0.6678565740585327
1,283,8,653,0.6649833917617798
1,283,9,2197,0.6607950925827026
1,283,10,1376,0.6583065986633301
1,284,1,122,0.8033198118209839
1,284,2,663,0.7869483232498169
1,284,3,2197,0.7837249636650085
1,284,4,1911,0.7687246799468994
1,284,5,2163,0.7630640268325806
1,284,6,1991,0.7517296671867371
1,284,7,502,0.7495940923690796
1,284,8,72,0.747016191482544
1,284,9,1466,0.744025707244873
1,284,10,608,0.7432072758674622
1,285,1,2971,0.8008705377578735
1,285,2,2363,0.7809957265853882
1,285,3,11,0.7702025175094604
1,285,4,72,0.7657098174095154
1,285,5,1002,0.7618923187255859
1,285,6,1786,0.7607656121253967
1,285,7,333,0.760172963142395
1,285,8,1062,0.7566823363304138
1,285,9,2956,0.7548285126686096
1,285,10,502,0.7539939880371094
1,286,1,72,0.7580287456512451
1,286,2,502,0.7577113509178162
1,286,3,11,0.7568722367286682
1,286,4,1911,0.7566145062446594
1,286,5,1786,0.7525513172149658
1,286,6,2163,0.7514786124229431
1,286,7,1062,0.7429311275482178
1,286,8,1002,0.741632878780365
1,286,9,333,0.7380127906799316
1,286,10,1277,0.7354418039321899
1,287,1,1062,0.8291804194450378
1,287,2,1671,0.8097476363182068
1,287,3,637,0.8087245225906372
1,287,4,1991,0.8086429834365845
1,287,5,104,0.8069878220558167
1,287,6,502,0.795419454574585
1,287,7,2363,0.7945719957351685
1,287,8,333,0.7931638956069946
1,287,9,2971,0.790260374546051
1,287,10,11,0.7865527868270874
1,288,1,1062,0.8398712873458862
1,288,2,1671,0.8285737633705139
1,288,3,637,0.8281847834587097
1,288,4,1991,0.8275100588798523
1,288,5,104,0.8253430128097534
1,288,6,502,0.8085146546363831
1,288,7,1911,0.7947016358375549
1,288,8,1466,0.788466215133667
1,288,9,2075,0.7883387804031372
1,288,10,11,0.7845945358276367
1,289,1,637,0.8706400990486145
1,289,2,1671,0.8682017922401428
1,289,3,104,0.8586689829826355
1,289,4,1991,0.8584880232810974
1,289,5,1062,0.8532040119171143
1,289,6,2075,0.8419713377952576
1,289,7,333,0.8217342495918274
1,289,8,2084,0.8190427422523499
1,289,9,2917,0.8155034780502319
1,289,10,502,0.8045694828033447
1,290,1,1671,0.7632562518119812
1,290,2,513,0.7631303668022156
1,290,3,2173,0.7617647647857666
1,290,4,1258,0.7612974643707275
1,290,5,637,0.7604701519012451
1,290,6,2075,0.7504775524139404
1,290,7,104,0.7451441287994385
1,290,8,418,0.7437918186187744
1,290,9,1030,0.7409529089927673
1,290,10,1991,0.7383132576942444
1,291,1,1618,0.7457059025764465
1,291,2,2272,0.7427467703819275
1,291,3,453,0.7351090312004089
1,291,4,535,0.7304756045341492
1,291,5,555,0.7250092625617981
1,291,6,566,0.7239428758621216
1,291,7,2922,0.7238408923149109
1,291,8,1029,0.7227235436439514
1,291,9,518,0.7164954543113708
1,291,10,99,0.712074339389801
1,292,1,555,0.7581287622451782
1,292,2,2554,0.7555622458457947
1,292,3,99,0.7284793853759766
1,292,4,2075,0.719709038734436
1,292,5,1927,0.7122918367385864
1,292,6,1030,0.7085348963737488
1,292,7,2546,0.7067205309867859
1,292,8,2484,0.7015918493270874
1,292,9,2922,0.7006893157958984
1,292,10,13,0.6990237236022949
1,293,1,1618,0.7755030989646912
1,293,2,2272,0.7697992920875549
1,293,3,535,0.7682472467422485
1,293,4,518,0.7648261189460754
1,293,5,566,0.7621580362319946
1,293,6,2721,0.7553987503051758
1,293,7,826,0.7504892349243164
1,293,8,1899,0.7470740675926208
1,293,9,1517,0.7457736730575562
1,293,10,1029,0.7457483410835266
1,294,1,1386,0.7868603467941284
1,294,2,533,0.7651179432868958
1,294,3,1603,0.7526494264602661
1,294,4,2817,0.7499198317527771
1,294,5,1878,0.7342073321342468
1,294,6,581,0.7250640392303467
1,294,7,261,0.7249735593795776
1,294,8,513,0.7243536710739136
1,294,9,2643,0.7219973206520081
1,294,10,1344,0.721704363822937
1,295,1,2321,0.7810079455375671
1,295,2,980,0.7791822552680969
1,295,3,546,0.7763037085533142
1,295,4,1826,0.7702562212944031
1,295,5,2937,0.7641860246658325
1,295,6,2739,0.7618851065635681
1,295,7,424,0.75972980260849
1,295,8,1606,0.7594286203384399
1,295,9,2441,0.7585152983665466
1,295,10,550,0.7561004161834717
1,297,1,980,0.8212948441505432
1,297,2,1970,0.7599374055862427
1,297,3,1101,0.7579444646835327
1,297,4,550,0.7460999488830566
1,297,5,1985,0.7451647520065308
1,297,6,864,0.7451067566871643
1,297,7,1547,0.7368336319923401
1,297,8,2321,0.7366775274276733
1,297,9,1826,0.7365549802780151
1,297,10,546,0.724021315574646
1,298,1,754,0.7848725318908691
1,298,2,510,0.7766523957252502
1,298,3,1794,0.7741095423698425
1,298,4,699,0.7304149866104126
1,298,5,980,0.7253425717353821
1,298,6,106,0.7110098004341125
1,298,7,2937,0.7035903334617615
1,298,8,121,0.7026150822639465
1,298,9,1,0.6995534300804138
1,298,10,432,0.6985614895820618
1,299,1,754,0.6841203570365906
1,299,2,439,0.6812806725502014
1,299,3,2140,0.680101215839386
1,299,4,2665,0.6784164905548096
1,299,5,2898,0.6735574007034302
1,299,6,1265,0.6724622249603271
1,299,7,1278,0.6670060753822327
1,299,8,3061,0.6658797860145569
1,299,9,1070,0.664836585521698
1,299,10,2672,0.6600749492645264
1,300,1,2978,0.7670676112174988
1,300,2,2969,0.7561999559402466
1,300,3,1072,0.6788390874862671
1,300,4,3019,0.6518172025680542
1,300,5,1696,0.6492315530776978
1,300,6,755,0.6450830101966858
1,300,7,510,0.6426945328712463
1,300,8,315,0.6421281695365906
1,300,9,2603,0.6408206224441528
1,300,10,91,0.637415885925293
1,302,1,1597,0.7521629929542542
1,302,2,1189,0.6865701079368591
1,302,3,2028,0.6762438416481018
1,302,4,2183,0.659899890422821
1,302,5,1696,0.6548255681991577
1,302,6,112,0.6519197225570679
1,302,7,3019,0.6518394947052002
1,302,8,538,0.6445644497871399
1,302,9,91,0.6397694945335388
1,302,10,201,0.6349073648452759
1,303,1,1920,0.7311244606971741
1,303,2,957,0.6927129030227661
1,303,3,1072,0.6831517815589905
1,303,4,1696,0.6783856153488159
1,303,5,3019,0.6770514249801636
1,303,6,91,0.6746454238891602
1,303,7,1767,0.6665688753128052
1,303,8,259,0.6648073792457581
1,303,9,755,0.6635212898254395
1,303,10,2790,0.6625083088874817
1,304,1,1995,0.793872594833374
1,304,2,2603,0.790117621421814
1,304,3,1611,0.786105215549469
1,304,4,2274,0.7837962508201599
1,304,5,1159,0.7813541293144226
1,304,6,562,0.7780812978744507
1,304,7,2686,0.7734906673431396
1,304,8,2623,0.767356812953949
1,304,9,1498,0.7654662728309631
1,304,10,65,0.7649792432785034
1,305,1,1750,0.7871155142784119
1,305,2,69,0.782427966594696
1,305,3,1868,0.7649975419044495
1,305,4,1811,0.7621979117393494
1,305,5,315,0.756336510181427
1,305,6,1701,0.7539016008377075
1,305,7,1571,0.7360565066337585
1,305,8,2974,0.7346158623695374
1,305,9,44,0.7344698309898376
1,305,10,2429,0.7314221262931824
1,306,1,1449,0.8108285069465637
1,306,2,315,0.7573252320289612
1,306,3,1597,0.752983808517456
1,306,4,2969,0.7512019276618958
1,306,5,1113,0.7428908944129944
1,306,6,540,0.7367648482322693
1,306,7,69,0.7296949625015259
1,306,8,2315,0.7281048893928528
1,306,9,2623,0.7280274033546448
1,306,10,1190,0.7238433957099915
1,307,1,1611,0.8598406314849854
1,307,2,2686,0.8569718599319458
1,307,3,1823,0.8147620558738708
1,307,4,2603,0.8067057132720947
1,307,5,2274,0.8044372200965881
1,307,6,1159,0.8028576374053955
1,307,7,65,0.7941974401473999
1,307,8,44,0.7867807745933533
1,307,9,1116,0.7784358263015747
1,307,10,575,0.7768642902374268
1,308,1,1159,0.8677937388420105
1,308,2,1868,0.8646859526634216
1,308,3,562,0.8611441850662231
1,308,4,65,0.8586829304695129
1,308,5,2867,0.8559937477111816
1,308,6,2686,0.849296510219574
1,308,7,455,0.8489056825637817
1,308,8,69,0.8481599688529968
1,308,9,2603,0.8477029800415039
1,308,10,1498,0.8417289853096008
1,309,1,562,0.8407319784164429
1,309,2,1571,0.8280708193778992
1,309,3,1868,0.8175240159034729
1,309,4,1498,0.7705336213111877
1,309,5,2274,0.7692416310310364
1,309,6,2603,0.759436845779419
1,309,7,1823,0.7453407049179077
1,309,8,1159,0.7414884567260742
1,309,9,1907,0.7396959662437439
1,309,10,1016,0.7389933466911316
1,310,1,1701,0.8765491843223572
1,310,2,2974,0.8564462065696716
1,310,3,1868,0.85414719581604
1,310,4,1611,0.8502938747406006
1,310,5,2603,0.8245406150817871
1,310,6,65,0.8224578499794006
1,310,7,1907,0.8212610483169556
1,310,8,2274,0.8187179565429688
1,310,9,1498,0.813264787197113
1,310,10,1750,0.8127884268760681
1,311,1,2274,0.8173732757568359
1,311,2,2603,0.8069398999214172
1,311,3,2974,0.8044645190238953
1,311,4,65,0.798563539981842
1,311,5,44,0.7979421615600586
1,311,6,1995,0.7976493239402771
1,311,7,1750,0.797000527381897
1,311,8,2429,0.7867961525917053
1,311,9,1611,0.7839932441711426
1,311,10,105,0.7830738425254822
1,312,1,1611,0.9006725549697876
1,312,2,1701,0.8574374914169312
1,312,3,1571,0.8568212985992432
1,312,4,2974,0.8460510969161987
1,312,5,1369,0.845274031162262
1,312,6,2931,0.8365433216094971
1,312,7,1206,0.8363268375396729
1,312,8,2354,0.8359968662261963
1,312,9,1231,0.8358392715454102
1,312,10,2862,0.8346603512763977
1,314,1,2867,0.8921197056770325
1,314,2,1383,0.8553826212882996
1,314,3,1159,0.8543106317520142
1,314,4,1990,0.853105902671814
1,314,5,65,0.8518247604370117
1,314,6,1571,0.8487769365310669
1,314,7,2429,0.8440142273902893
1,314,8,1701,0.8406838178634644
1,314,9,1380,0.8395165205001831
1,314,10,49,0.8379050493240356
1,315,1,1611,0.8917168974876404
1,315,2,1701,0.8779284954071045
1,315,3,2354,0.8773852586746216
1,315,4,1231,0.877219557762146
1,315,5,575,0.8770923018455505
1,315,6,1571,0.87608802318573
1,315,7,2157,0.8760086894035339
1,315,8,2862,0.8737529516220093
1,315,9,2931,0.8728320002555847
1,315,10,1476,0.8712944984436035
1,316,1,1198,0.910995602607727
1,316,2,2106,0.8998289108276367
1,316,3,455,0.8991790413856506
1,316,4,2176,0.879915714263916
1,316,5,1221,0.8755577802658081
1,316,6,1611,0.8743780255317688
1,316,7,1964,0.8675374388694763
1,316,8,2956,0.8589649796485901
1,316,9,2500,0.8545438051223755
1,316,10,1781,0.8501719832420349
1,317,1,1611,0.8529731631278992
1,317,2,1369,0.8430501818656921
1,317,3,1571,0.8430023193359375
1,317,4,1701,0.8383638262748718
1,317,5,562,0.8383172750473022
1,317,6,2157,0.8370354771614075
1,317,7,575,0.8352565169334412
1,317,8,455,0.8299314975738525
1,317,9,2429,0.8285911083221436
1,317,10,1231,0.8252268433570862
1,318,1,1116,0.8385013341903687
1,318,2,1990,0.8120701909065247
1,318,3,455,0.8072443008422852
1,318,4,1198,0.7943253517150879
1,318,5,1611,0.7908018827438354
1,318,6,1221,0.7886693477630615
1,318,7,2500,0.7859213948249817
1,318,8,1158,0.7779232263565063
1,318,9,2956,0.7659309506416321
1,318,10,195,0.7659294009208679
1,319,1,1198,0.8579855561256409
1,319,2,72,0.843626856803894
1,319,3,1827,0.8389943838119507
1,319,4,3069,0.8387471437454224
1,319,5,1369,0.8330025672912598
1,319,6,455,0.8268253803253174
1,319,7,2163,0.819926381111145
1,319,8,1002,0.8156657814979553
1,319,9,2106,0.8115158677101135
1,319,10,385,0.806969165802002
1,321,1,1991,0.8885090947151184
1,321,2,1062,0.8785504698753357
1,321,3,104,0.8661001920700073
1,321,4,2363,0.8615434765815735
1,321,5,333,0.8309363722801208
1,321,6,1064,0.8301183581352234
1,321,7,1422,0.8271474838256836
1,321,8,1707,0.82695472240448
1,321,9,2956,0.825639545917511
1,321,10,502,0.8243553638458252
1,322,1,1367,0.8316683173179626
1,322,2,859,0.8045403361320496
1,322,3,195,0.803879976272583
1,322,4,1198,0.7853043079376221
1,322,5,455,0.7657468318939209
1,322,6,1369,0.7630140781402588
1,322,7,338,0.762516438961029
1,322,8,1158,0.7452889680862427
1,322,9,1466,0.7334164977073669
1,322,10,72,0.7322423458099365
1,323,1,1991,0.8942447304725647
1,323,2,1671,0.8880758881568909
1,323,3,637,0.8855816125869751
1,323,4,1062,0.8814346194267273
1,323,5,104,0.8780361413955688
1,323,6,2917,0.8452062010765076
1,323,7,2084,0.8426663875579834
1,323,8,2296,0.8367100954055786
1,323,9,1053,0.8310664296150208
1,323,10,2363,0.8253473043441772
1,324,1,1991,0.8579362630844116
1,324,2,637,0.8496794104576111
1,324,3,195,0.8490509986877441
1,324,4,1671,0.8441135883331299
1,324,5,1062,0.831497848033905
1,324,6,1911,0.8254342675209045
1,324,7,502,0.8242632150650024
1,324,8,2163,0.8220754265785217
1,324,9,72,0.8186084628105164
1,324,10,1198,0.8177471160888672
1,325,1,637,0.8511524200439453
1,325,2,2363,0.8262858390808105
1,325,3,1064,0.8099784851074219
1,325,4,1053,0.8095169067382812
1,325,5,1707,0.8054689764976501
1,325,6,2084,0.8038347363471985
1,325,7,1422,0.8025274276733398
1,325,8,2296,0.797376275062561
1,325,9,2971,0.7964361310005188
1,325,10,203,0.7959330081939697
1,326,1,502,0.8137843012809753
1,326,2,72,0.8098198175430298
1,326,3,2163,0.8071072101593018
1,326,4,1911,0.8014847636222839
1,326,5,1466,0.7791587114334106
1,326,6,11,0.7772096991539001
1,326,7,176,0.7748407125473022
1,326,8,333,0.7739945650100708
1,326,9,1053,0.7727147340774536
1,326,10,1002,0.7674248218536377
1,327,1,1671,0.8212319016456604
1,327,2,2296,0.8195050954818726
1,327,3,1991,0.8173326849937439
1,327,4,637,0.8167111873626709
1,327,5,1053,0.7948797941207886
1,327,6,33,0.7942882776260376
1,327,7,1707,0.7923567295074463
1,327,8,1688,0.7793300151824951
1,327,9,333,0.7779054641723633
1,327,10,1422,0.7752728462219238
1,328,1,2296,0.8083639740943909
1,328,2,1062,0.7818044424057007
1,328,3,1707,0.7750450372695923
1,328,4,203,0.7532373666763306
1,328,5,1053,0.7391718029975891
1,328,6,555,0.7224942445755005
1,328,7,1688,0.722465991973877
1,328,8,2363,0.7215674519538879
1,328,9,502,0.7184768915176392
1,328,10,1386,0.7181674838066101
1,329,1,104,0.8421742916107178
1,329,2,1671,0.8352194428443909
1,329,3,1062,0.8335069417953491
1,329,4,1991,0.8333947658538818
1,329,5,637,0.8274860382080078
1,329,6,2075,0.8194587826728821
1,329,7,1053,0.8008167743682861
1,329,8,2363,0.7741501927375793
1,329,9,555,0.7711034417152405
1,329,10,1653,0.7678872346878052
1,330,1,104,0.8420835137367249
1,330,2,2075,0.834716796875
1,330,3,1062,0.833648681640625
1,330,4,1064,0.8270373940467834
1,330,5,1671,0.8240869045257568
1,330,6,2296,0.8232980966567993
1,330,7,1991,0.8193221092224121
1,330,8,637,0.8180983066558838
1,330,9,1053,0.7997127175331116
1,330,10,1653,0.7851229310035706
1,331,1,104,0.8552974462509155
1,331,2,1062,0.8513159155845642
1,331,3,1671,0.844912052154541
1,331,4,1991,0.8439790606498718
1,331,5,637,0.8404862284660339
1,331,6,2075,0.8373750448226929
1,331,7,1053,0.8114491701126099
1,331,8,2363,0.7782217860221863
1,331,9,333,0.7779204845428467
1,331,10,555,0.760917067527771
1,332,1,2075,0.8432409167289734
1,332,2,2917,0.8384236693382263
1,332,3,2084,0.8367356061935425
1,332,4,1064,0.8319911360740662
1,332,5,1422,0.8141578435897827
1,332,6,3027,0.8079292178153992
1,332,7,203,0.8065327405929565
1,332,8,104,0.8059418797492981
1,332,9,851,0.8058450222015381
1,332,10,1653,0.7996063828468323
1,333,1,2870,0.8384587168693542
1,333,2,2145,0.8294236660003662
1,333,3,2261,0.8142356872558594
1,333,4,2107,0.8089392185211182
1,333,5,1655,0.8077719807624817
1,333,6,2602,0.7868378162384033
1,333,7,2384,0.7810251116752625
1,333,8,1399,0.7732037305831909
1,333,9,1635,0.7262272834777832
1,333,10,2264,0.7160710692405701
1,334,1,523,0.8307726383209229
1,334,2,90,0.8212494850158691
1,334,3,2309,0.8120831847190857
1,334,4,2107,0.7937197089195251
1,334,5,1655,0.791938066482544
1,334,6,1692,0.7878314256668091
1,334,7,2927,0.7802656292915344
1,334,8,1491,0.7374881505966187
1,334,9,900,0.7160676717758179
1,334,10,2705,0.7053244113922119
1,335,1,90,0.8542900681495667
1,335,2,2309,0.8467503786087036
1,335,3,1692,0.8337236642837524
1,335,4,788,0.8328438997268677
1,335,5,2927,0.8265741467475891
1,335,6,249,0.825057864189148
1,335,7,2261,0.8174083232879639
1,335,8,2384,0.8034900426864624
1,335,9,2602,0.8028038740158081
1,335,10,1399,0.7847867012023926
1,336,1,90,0.8136365413665771
1,336,2,523,0.8102249503135681
1,336,3,2309,0.7913427948951721
1,336,4,2145,0.7897657752037048
1,336,5,2107,0.7817971706390381
1,336,6,2927,0.772261381149292
1,336,7,2384,0.7647107243537903
1,336,8,1399,0.735382080078125
1,336,9,1635,0.7290306091308594
1,336,10,2705,0.7162284851074219
1,337,1,2264,0.8100826144218445
1,337,2,2384,0.7968825697898865
1,337,3,671,0.7914845943450928
1,337,4,2602,0.7869170904159546
1,337,5,1399,0.7846741080284119
1,337,6,788,0.7825793027877808
1,337,7,2261,0.7773987054824829
1,337,8,2785,0.7766403555870056
1,337,9,249,0.7764523029327393
1,337,10,774,0.7714124321937561
1,338,1,2145,0.8106803894042969
1,338,2,1779,0.8000207543373108
1,338,3,2107,0.7994025945663452
1,338,4,249,0.7896371483802795
1,338,5,788,0.7760788202285767
1,338,6,2384,0.767493724822998
1,338,7,1399,0.7483952045440674
1,338,8,2061,0.7311596870422363
1,338,9,1491,0.7214308381080627
1,338,10,1635,0.7077985405921936
1,339,1,2927,0.8065175414085388
1,339,2,2145,0.7970294952392578
1,339,3,249,0.7891609072685242
1,339,4,1779,0.7858753800392151
1,339,5,788,0.7747913599014282
1,339,6,1399,0.7632941007614136
1,339,7,2061,0.7572532296180725
1,339,8,1491,0.7442548871040344
1,339,9,1635,0.7371323704719543
1,339,10,2264,0.7250022888183594
1,340,1,523,0.8382601737976074
1,340,2,2261,0.8199383616447449
1,340,3,1779,0.802902102470398
1,340,4,249,0.799031138420105
1,340,5,2384,0.7958881258964539
1,340,6,788,0.7871373295783997
1,340,7,1399,0.7649568319320679
1,340,8,2061,0.7631379961967468
1,340,9,1491,0.7524862885475159
1,340,10,1635,0.7430778741836548
1,341,1,2312,0.8089022040367126
1,341,2,482,0.8084310293197632
1,341,3,1786,0.7995774149894714
1,341,4,1002,0.7955190539360046
1,341,5,1472,0.7872928380966187
1,341,6,101,0.780678391456604
1,341,7,20,0.7759533524513245
1,341,8,432,0.7622843980789185
1,341,9,2163,0.7605829238891602
1,341,10,1897,0.7470507025718689
1,342,1,1258,0.8071040511131287
1,342,2,513,0.8067644834518433
1,342,3,2566,0.7864274382591248
1,342,4,2173,0.785223662853241
1,342,5,58,0.7815209627151489
1,342,6,2911,0.7702975273132324
1,342,7,1469,0.7682791352272034
1,342,8,418,0.7680879831314087
1,342,9,555,0.7649977207183838
1,342,10,2018,0.7634361386299133
1,343,1,2145,0.831366240978241
1,343,2,2870,0.8284124135971069
1,343,3,2107,0.8075959086418152
1,343,4,249,0.8018093109130859
1,343,5,1655,0.8017433285713196
1,343,6,788,0.7962291240692139
1,343,7,1779,0.795405924320221
1,343,8,2602,0.7892991900444031
1,343,9,2061,0.743894636631012
1,343,10,1491,0.7359485030174255
1,345,1,482,0.802841067314148
1,345,2,1472,0.7864317297935486
1,345,3,1793,0.774355947971344
1,345,4,2785,0.7223957180976868
1,345,5,493,0.7200118899345398
1,345,6,3017,0.718565821647644
1,345,7,774,0.7174912691116333
1,345,8,1786,0.7164320945739746
1,345,9,2397,0.7114562392234802
1,345,10,432,0.7042104601860046
1,346,1,2785,0.7371070384979248
1,346,2,3017,0.7316871881484985
1,346,3,493,0.7313218712806702
1,346,4,774,0.727446973323822
1,346,5,2312,0.726030707359314
1,346,6,671,0.7246848940849304
1,346,7,1786,0.7228447198867798
1,346,8,432,0.7153129577636719
1,346,9,1897,0.7147464752197266
1,346,10,2397,0.7146329283714294
1,347,1,387,0.7954603433609009
1,347,2,2403,0.7890970706939697
1,347,3,646,0.7878606915473938
1,347,4,2785,0.7870579361915588
1,347,5,774,0.7748642563819885
1,347,6,3017,0.75789874792099
1,347,7,1265,0.7532355785369873
1,347,8,2312,0.7456451654434204
1,347,9,493,0.7375385761260986
1,347,10,2697,0.7353581190109253
1,348,1,637,0.8186517953872681
1,348,2,1671,0.8123416900634766
1,348,3,1991,0.808095395565033
1,348,4,1062,0.7995433807373047
1,348,5,333,0.7927764058113098
1,348,6,104,0.782924473285675
1,348,7,2363,0.7711184024810791
1,348,8,1466,0.7623851299285889
1,348,9,1053,0.7524722814559937
1,348,10,176,0.7451702356338501
1,349,1,11,0.805079996585846
1,349,2,646,0.801272451877594
1,349,3,2403,0.8004970550537109
1,349,4,387,0.7964844703674316
1,349,5,1911,0.7943130731582642
1,349,6,2525,0.791433572769165
1,349,7,482,0.7631792426109314
1,349,8,333,0.7595294713973999
1,349,9,2363,0.757964015007019
1,349,10,718,0.7567381858825684
1,350,1,718,0.7697755098342896
1,350,2,2363,0.7646572589874268
1,350,3,176,0.7563174366950989
1,350,4,1540,0.7562459707260132
1,350,5,2407,0.7542417645454407
1,350,6,1466,0.7526182532310486
1,350,7,2956,0.752048909664154
1,350,8,2971,0.7513461709022522
1,350,9,783,0.7414037585258484
1,350,10,553,0.7360710501670837
1,351,1,646,0.8437143564224243
1,351,2,2403,0.8436480164527893
1,351,3,387,0.8421235084533691
1,351,4,1472,0.8151113390922546
1,351,5,482,0.7973711490631104
1,351,6,1827,0.7919889688491821
1,351,7,2363,0.7904869318008423
1,351,8,2956,0.7854845523834229
1,351,9,432,0.7761464715003967
1,351,10,101,0.7728452086448669
1,352,1,899,0.8831095695495605
1,352,2,2257,0.8821996450424194
1,352,3,2543,0.8714214563369751
1,352,4,270,0.8690547943115234
1,352,5,1769,0.8666025996208191
1,352,6,784,0.8634553551673889
1,352,7,1739,0.8603301644325256
1,352,8,106,0.8516671061515808
1,352,9,393,0.8463402986526489
1,352,10,2196,0.8399372100830078
1,353,1,1769,0.9122905135154724
1,353,2,2785,0.9045964479446411
1,353,3,2264,0.900894284248352
1,353,4,1739,0.8999686241149902
1,353,5,617,0.8965171575546265
1,353,6,270,0.8867337703704834
1,353,7,774,0.884684145450592
1,353,8,730,0.8812861442565918
1,353,9,784,0.8807518482208252
1,353,10,393,0.8776048421859741
1,354,1,1739,0.9382702112197876
1,354,2,393,0.9372720718383789
1,354,3,1275,0.9368637800216675
1,354,4,784,0.9357494711875916
1,354,5,270,0.9176125526428223
1,354,6,2257,0.9035798907279968
1,354,7,2196,0.8945012092590332
1,354,8,900,0.8767575621604919
1,354,9,617,0.861538290977478
1,354,10,2365,0.860538125038147
1,355,1,1739,0.9316933155059814
1,355,2,270,0.9263416528701782
1,355,3,393,0.9229422807693481
1,355,4,784,0.919322669506073
1,355,5,1769,0.9148486852645874
1,355,6,2257,0.9115007519721985
1,355,7,1275,0.8976274132728577
1,355,8,1266,0.8910473585128784
1,355,9,617,0.8857933878898621
1,355,10,106,0.8759152293205261
1,356,1,393,0.9166638255119324
1,356,2,1739,0.901482343673706
1,356,3,270,0.8992017507553101
1,356,4,784,0.8966215252876282
1,356,5,1275,0.866263747215271
1,356,6,617,0.8580646514892578
1,356,7,1769,0.8499736189842224
1,356,8,2574,0.8444492220878601
1,356,9,730,0.8424215912818909
1,356,10,2257,0.8409497737884521
1,359,1,2643,0.8249607086181641
1,359,2,1347,0.808334231376648
1,359,3,2888,0.793011486530304
1,359,4,477,0.7929961085319519
1,359,5,1108,0.7901769876480103
1,359,6,2739,0.7893878221511841
1,359,7,1308,0.7860219478607178
1,359,8,1398,0.7844345569610596
1,359,9,918,0.7839040160179138
1,359,10,2464,0.7821621894836426
1,360,1,2643,0.8249607086181641
1,360,2,1347,0.808334231376648
1,360,3,2888,0.793011486530304
1,360,4,477,0.7929961085319519
1,360,5,1108,0.7901769876480103
1,360,6,2739,0.7893878221511841
1,360,7,1308,0.7860219478607178
1,360,8,1398,0.7844345569610596
1,360,9,918,0.7839040160179138
1,360,10,2464,0.7821621894836426
1,361,1,2643,0.8249607086181641
1,361,2,1347,0.808334231376648
1,361,3,2888,0.793011486530304
1,361,4,477,0.7929961085319519
1,361,5,1108,0.7901769876480103
1,361,6,2739,0.7893878221511841
1,361,7,1308,0.7860219478607178
1,361,8,1398,0.7844345569610596
1,361,9,918,0.7839040160179138
1,361,10,2464,0.7821621894836426
1,362,1,2643,0.8249607086181641
1,362,2,1347,0.808334231376648
1,362,3,2888,0.793011486530304
1,362,4,477,0.7929961085319519
1,362,5,1108,0.7901769876480103
1,362,6,2739,0.7893878221511841
1,362,7,1308,0.7860219478607178
1,362,8,1398,0.7844345569610596
1,362,9,918,0.7839040160179138
1,362,10,2464,0.7821621894836426
1,363,1,2643,0.8247961401939392
1,363,2,1347,0.8083052635192871
1,363,3,477,0.7930803298950195
1,363,4,2888,0.7929826974868774
1,363,5,1108,0.7901557683944702
1,363,6,2739,0.7892618775367737
1,363,7,1308,0.7861670851707458
1,363,8,1398,0.7844408750534058
1,363,9,918,0.7838635444641113
1,363,10,2464,0.7821404337882996
1,364,1,1653,0.8340004086494446
1,364,2,1671,0.8281655311584473
1,364,3,104,0.8278517127037048
1,364,4,1062,0.8266820907592773
1,364,5,637,0.825796902179718
1,364,6,1991,0.8173050284385681
1,364,7,2084,0.808462381362915
1,364,8,418,0.8060530424118042
1,364,9,2363,0.8056023120880127
1,364,10,2075,0.8047337532043457
1,365,1,1062,0.8062794208526611
1,365,2,1671,0.8024060130119324
1,365,3,637,0.8018463253974915
1,365,4,1653,0.8012649416923523
1,365,5,104,0.7994060516357422
1,365,6,2363,0.799277126789093
1,365,7,2078,0.7983105182647705
1,365,8,1991,0.7911995053291321
1,365,9,2971,0.7898341417312622
1,365,10,1053,0.775708794593811
1,366,1,2971,0.7661475539207458
1,366,2,2363,0.7477439641952515
1,366,3,446,0.7315211296081543
1,366,4,1367,0.7187565565109253
1,366,5,2956,0.7144736051559448
1,366,6,1062,0.7076805233955383
1,366,7,1671,0.7022050023078918
1,366,8,637,0.7018941640853882
1,366,9,333,0.6978640556335449
1,366,10,1991,0.6969290971755981
1,367,1,1203,0.8082742691040039
1,367,2,104,0.7988165616989136
1,367,3,2075,0.7908633947372437
1,367,4,1671,0.7859480977058411
1,367,5,1062,0.7831916213035583
1,367,6,637,0.7820698618888855
1,367,7,2084,0.7817564606666565
1,367,8,2917,0.7735851407051086
1,367,9,1991,0.7725082635879517
1,367,10,1053,0.7643676996231079
1,368,1,104,0.8371103405952454
1,368,2,1062,0.8362700343132019
1,368,3,1671,0.8240326046943665
1,368,4,637,0.8205252289772034
1,368,5,1653,0.8188534379005432
1,368,6,2075,0.8176148533821106
1,368,7,1991,0.8161877393722534
1,368,8,2084,0.8136792778968811
1,368,9,2917,0.8090754151344299
1,368,10,2363,0.8024270534515381
1,369,1,2464,0.84787917137146
1,369,2,2888,0.8445250391960144
1,369,3,1108,0.8417113423347473
1,369,4,393,0.7276049256324768
1,369,5,864,0.7204170227050781
1,369,6,784,0.7200759649276733
1,369,7,270,0.7104645371437073
1,369,8,2562,0.7070348262786865
1,369,9,1,0.7058749198913574
1,369,10,510,0.7018865346908569
1,370,1,477,0.85367751121521
1,370,2,1398,0.8499720692634583
1,370,3,1108,0.8393123149871826
1,370,4,864,0.7457320094108582
1,370,5,510,0.7065722942352295
1,370,6,1866,0.7001652121543884
1,370,7,1109,0.6938126087188721
1,370,8,1794,0.6909186840057373
1,370,9,424,0.6878899335861206
1,370,10,393,0.6689074039459229
1,371,1,272,0.8192298412322998
1,371,2,1606,0.8171992897987366
1,371,3,1108,0.8103474974632263
1,371,4,864,0.7530187964439392
1,371,5,1866,0.7145403027534485
1,371,6,424,0.7122028470039368
1,371,7,1312,0.7080202102661133
1,371,8,1109,0.6958588361740112
1,371,9,510,0.6945764422416687
1,371,10,524,0.6869992613792419
1,372,1,2321,0.8345131874084473
1,372,2,1826,0.8333666324615479
1,372,3,864,0.7267276644706726
1,372,4,1678,0.7182512879371643
1,372,5,510,0.7035887241363525
1,372,6,1866,0.6810213327407837
1,372,7,1109,0.6725515723228455
1,372,8,424,0.672474205493927
1,372,9,1794,0.6716333031654358
1,372,10,1336,0.656442403793335
1,373,1,2441,0.8595690727233887
1,373,2,477,0.8588316440582275
1,373,3,1347,0.847669243812561
1,373,4,864,0.7376253008842468
1,373,5,393,0.7124654650688171
1,373,6,784,0.7008846998214722
1,373,7,1109,0.6888746619224548
1,373,8,270,0.6878532767295837
1,373,9,1866,0.6861721277236938
1,373,10,510,0.6856243014335632
1,374,1,2321,0.8410996794700623
1,374,2,1606,0.8387763500213623
1,374,3,864,0.7319138646125793
1,374,4,1678,0.724570631980896
1,374,5,510,0.7148473858833313
1,374,6,1109,0.6766383647918701
1,374,7,1866,0.6741541028022766
1,374,8,1794,0.6734538078308105
1,374,9,424,0.6696291565895081
1,374,10,1336,0.6662824153900146
1,375,1,477,0.851466715335846
1,375,2,272,0.836566686630249
1,375,3,1678,0.7401555776596069
1,375,4,864,0.7317847609519958
1,375,5,510,0.7030759453773499
1,375,6,1794,0.6834110617637634
1,375,7,393,0.6741048097610474
1,375,8,784,0.6701148748397827
1,375,9,1109,0.661615788936615
1,375,10,270,0.6592859625816345
1,378,1,2441,0.8477569222450256
1,378,2,2321,0.84543377161026
1,378,3,1606,0.8448064923286438
1,378,4,864,0.7484375834465027
1,378,5,1866,0.7032321691513062
1,378,6,510,0.6998841762542725
1,378,7,1109,0.6983983516693115
1,378,8,1794,0.6906218528747559
1,378,9,424,0.6891186237335205
1,378,10,393,0.673430323600769
1,379,1,918,0.8518872261047363
1,379,2,1606,0.8429552316665649
1,379,3,2739,0.8263791799545288
1,379,4,393,0.7309410572052002
1,379,5,784,0.7210917472839355
1,379,6,864,0.7146065831184387
1,379,7,270,0.7116888165473938
1,379,8,1,0.7113305926322937
1,379,9,510,0.7110919952392578
1,379,10,2562,0.7104267477989197
1,380,1,2321,0.8255801200866699
1,380,2,272,0.8130810260772705
1,380,3,2739,0.8102622032165527
1,380,4,864,0.6978143453598022
1,380,5,1109,0.657254159450531
1,380,6,1794,0.6571398973464966
1,380,7,1866,0.6510844826698303
1,380,8,510,0.6510757207870483
1,380,9,393,0.645340085029602
1,380,10,784,0.6403645277023315
1,381,1,918,0.8349080681800842
1,381,2,1347,0.829531192779541
1,381,3,393,0.7320845723152161
1,381,4,784,0.7286680340766907
1,381,5,1678,0.7265539765357971
1,381,6,1275,0.7136875987052917
1,381,7,270,0.7087270021438599
1,381,8,1739,0.7008098363876343
1,381,9,864,0.6921791434288025
1,381,10,1,0.6864259243011475
1,383,1,477,0.8452182412147522
1,383,2,1606,0.840739905834198
1,383,3,272,0.8334124684333801
1,383,4,864,0.7457874417304993
1,383,5,1866,0.7001470923423767
1,383,6,1109,0.6942670345306396
1,383,7,424,0.68465256690979
1,383,8,510,0.680417001247406
1,383,9,1794,0.6622343063354492
1,383,10,393,0.654116690158844
1,385,1,477,0.8399025797843933
1,385,2,1826,0.8363615870475769
1,385,3,2687,0.8041350245475769
1,385,4,864,0.7331299781799316
1,385,5,510,0.7107701897621155
1,385,6,1866,0.7055315971374512
1,385,7,424,0.7027641534805298
1,385,8,1109,0.7022295594215393
1,385,9,1794,0.676409900188446
1,385,10,1336,0.6647844910621643
1,386,1,2888,0.8424031138420105
1,386,2,2687,0.8155542612075806
1,386,3,864,0.7510924935340881
1,386,4,510,0.7342384457588196
1,386,5,1678,0.7324514389038086
1,386,6,424,0.6785696744918823
1,386,7,1336,0.6776019334793091
1,386,8,1866,0.674911379814148
1,386,9,1109,0.6747726798057556
1,386,10,1794,0.6726436614990234
1,387,1,2464,0.8373540043830872
1,387,2,477,0.8367809057235718
1,387,3,2687,0.7956414818763733
1,387,4,864,0.7531312704086304
1,387,5,1866,0.7220709323883057
1,387,6,424,0.7057084441184998
1,387,7,1109,0.6959322094917297
1,387,8,510,0.6937738656997681
1,387,9,1794,0.6778853535652161
1,387,10,1312,0.6643002033233643
1,388,1,2441,0.8429039120674133
1,388,2,1108,0.818001925945282
1,388,3,2687,0.8002942800521851
1,388,4,864,0.733956515789032
1,388,5,510,0.6961042881011963
1,388,6,1866,0.6801139712333679
1,388,7,424,0.6756097674369812
1,388,8,1109,0.6725374460220337
1,388,9,1794,0.6632624864578247
1,388,10,1336,0.6448963284492493
1,391,1,1347,0.8477504253387451
1,391,2,1398,0.8432193994522095
1,391,3,2888,0.840289831161499
1,391,4,864,0.730096161365509
1,391,5,510,0.7209494709968567
1,391,6,393,0.697948157787323
1,391,7,784,0.6928324699401855
1,391,8,1275,0.6786845326423645
1,391,9,1336,0.6776565313339233
1,391,10,270,0.6768936514854431
1,392,1,2368,0.8283085823059082
1,392,2,1812,0.8209661841392517
1,392,3,2951,0.8135169744491577
1,392,4,1737,0.8020291924476624
1,392,5,2405,0.8003672957420349
1,392,6,599,0.798477828502655
1,392,7,1730,0.7888103127479553
1,392,8,400,0.7863834500312805
1,392,9,2594,0.7855318784713745
1,392,10,1362,0.7836399674415588
1,395,1,2368,0.8385663628578186
1,395,2,2951,0.8312003016471863
1,395,3,1737,0.8235406875610352
1,395,4,1812,0.8225829601287842
1,395,5,716,0.8190265893936157
1,395,6,599,0.8178220987319946
1,395,7,1730,0.8167009353637695
1,395,8,400,0.8081421256065369
1,395,9,2405,0.8060232400894165
1,395,10,1127,0.8046448230743408
1,396,1,2368,0.8438255190849304
1,396,2,1812,0.8436657786369324
1,396,3,2951,0.8338613510131836
1,396,4,1737,0.8206632733345032
1,396,5,599,0.8169692158699036
1,396,6,2405,0.8162379860877991
1,396,7,641,0.8099212646484375
1,396,8,2082,0.8078397512435913
1,396,9,1730,0.8069678544998169
1,396,10,1102,0.8057053089141846
1,397,1,206,0.802790105342865
1,397,2,609,0.8026217818260193
1,397,3,527,0.7983527779579163
1,397,4,475,0.797950267791748
1,397,5,2080,0.767488956451416
1,397,6,1379,0.7318962812423706
1,397,7,1009,0.7305236458778381
1,397,8,2504,0.7241470217704773
1,397,9,196,0.7088075876235962
1,397,10,2912,0.707883358001709
1,398,1,2568,0.8418210744857788
1,398,2,2912,0.8155507445335388
1,398,3,2136,0.7986177802085876
1,398,4,672,0.7965676188468933
1,398,5,2942,0.794971764087677
1,398,6,394,0.7924895882606506
1,398,7,1184,0.7854525446891785
1,398,8,1009,0.7849783301353455
1,398,9,2910,0.7816295623779297
1,398,10,507,0.7812556028366089
1,399,1,2136,0.7497965693473816
1,399,2,206,0.7341504693031311
1,399,3,609,0.7338182330131531
1,399,4,1465,0.7144190073013306
1,399,5,1111,0.7008042931556702
1,399,6,475,0.681410551071167
1,399,7,2165,0.6766166687011719
1,399,8,527,0.6763200759887695
1,399,9,429,0.665675163269043
1,399,10,416,0.6626991629600525
1,400,1,2136,0.8238442540168762
1,400,2,2568,0.8165200352668762
1,400,3,2910,0.8152053356170654
1,400,4,2080,0.7720926403999329
1,400,5,1307,0.748691976070404
1,400,6,2235,0.7383092045783997
1,400,7,196,0.7157452702522278
1,400,8,1009,0.6986399292945862
1,400,9,1012,0.6957051753997803
1,400,10,1333,0.6871476769447327
1,401,1,2108,0.8399295210838318
1,401,2,2607,0.8398792743682861
1,401,3,2368,0.8142617344856262
1,401,4,1812,0.8140727877616882
1,401,5,2405,0.8002350926399231
1,401,6,2951,0.7965781688690186
1,401,7,1737,0.7899998426437378
1,401,8,3016,0.7800559997558594
1,401,9,599,0.7778041362762451
1,401,10,1730,0.7772809267044067
1,403,1,2568,0.7344163060188293
1,403,2,475,0.7133704423904419
1,403,3,527,0.7080296277999878
1,403,4,1379,0.6957225203514099
1,403,5,2080,0.6760106086730957
1,403,6,429,0.6540141105651855
1,403,7,2504,0.6442112326622009
1,403,8,672,0.6420663595199585
1,403,9,2912,0.6411946415901184
1,403,10,1465,0.6403056979179382
1,404,1,2568,0.797214686870575
1,404,2,475,0.7893455028533936
1,404,3,527,0.7832388281822205
1,404,4,2080,0.7568115592002869
1,404,5,1307,0.7354035973548889
1,404,6,2504,0.7143825888633728
1,404,7,2112,0.6983217000961304
1,404,8,2912,0.6952136754989624
1,404,9,196,0.69493168592453
1,404,10,1009,0.6944103837013245
1,405,1,2912,0.7991634607315063
1,405,2,1184,0.7887765765190125
1,405,3,672,0.785995602607727
1,405,4,2210,0.77944415807724
1,405,5,1200,0.7758548259735107
1,405,6,1009,0.7748620510101318
1,405,7,665,0.7744085192680359
1,405,8,2615,0.7740008234977722
1,405,9,1048,0.7687287330627441
1,405,10,1333,0.7670158743858337
1,406,1,1333,0.7574759721755981
1,406,2,82,0.7559701800346375
1,406,3,1009,0.7495601177215576
1,406,4,2912,0.7377408742904663
1,406,5,275,0.7366771101951599
1,406,6,2112,0.7346667051315308
1,406,7,1184,0.729012131690979
1,406,8,2210,0.7222626805305481
1,406,9,672,0.7220035791397095
1,406,10,665,0.7215706706047058
1,407,1,1742,0.7740717530250549
1,407,2,191,0.7571240663528442
1,407,3,394,0.7516832947731018
1,407,4,1840,0.7358359694480896
1,407,5,196,0.7290140986442566
1,407,6,278,0.7231128811836243
1,407,7,2942,0.7229729890823364
1,407,8,2290,0.715072751045227
1,407,9,2912,0.7048778533935547
1,407,10,2195,0.7037836909294128
1,408,1,394,0.8276854753494263
1,408,2,475,0.8216581344604492
1,408,3,2912,0.819246768951416
1,408,4,191,0.8167781829833984
1,408,5,2942,0.8084504008293152
1,408,6,196,0.7993049025535583
1,408,7,672,0.7985063195228577
1,408,8,2814,0.7926594614982605
1,408,9,1048,0.7924615740776062
1,408,10,1184,0.7912435531616211
1,409,1,2785,0.8459821939468384
1,409,2,3017,0.8270645141601562
1,409,3,671,0.8216848969459534
1,409,4,521,0.8126606941223145
1,409,5,1408,0.8090428113937378
1,409,6,2927,0.8070643544197083
1,409,7,387,0.7962872982025146
1,409,8,1692,0.7946876883506775
1,409,9,101,0.7926892638206482
1,409,10,2403,0.7910321950912476
1,410,1,82,0.8419966697692871
1,410,2,1333,0.8354045748710632
1,410,3,191,0.8077806234359741
1,410,4,394,0.7907289862632751
1,410,5,1163,0.7788472175598145
1,410,6,579,0.7720038890838623
1,410,7,2365,0.7699428200721741
1,410,8,2061,0.7668401598930359
1,410,9,595,0.766538679599762
1,410,10,1542,0.7656528353691101
1,411,1,101,0.8639620542526245
1,411,2,671,0.8485214114189148
1,411,3,2488,0.8384472131729126
1,411,4,854,0.8335743546485901
1,411,5,2264,0.8317911624908447
1,411,6,617,0.8205593824386597
1,411,7,387,0.8202962279319763
1,411,8,2403,0.815495491027832
1,411,9,779,0.8140159845352173
1,411,10,646,0.8128705620765686
1,412,1,101,0.8496129512786865
1,412,2,493,0.8475319743156433
1,412,3,854,0.8238942623138428
1,412,4,343,0.8228490948677063
1,412,5,671,0.8140923976898193
1,412,6,270,0.8052389025688171
1,412,7,617,0.8014785051345825
1,412,8,1275,0.7929246425628662
1,412,9,387,0.7927154302597046
1,412,10,2403,0.7902119159698486
1,413,1,2785,0.8275377154350281
1,413,2,493,0.817569375038147
1,413,3,774,0.8077852129936218
1,413,4,1472,0.8055943250656128
1,413,5,671,0.8015491366386414
1,413,6,1386,0.7902427911758423
1,413,7,387,0.7827573418617249
1,413,8,2403,0.778289794921875
1,413,9,646,0.7766443490982056
1,413,10,101,0.7678347229957581
1,414,1,101,0.869608461856842
1,414,2,671,0.8661537766456604
1,414,3,3017,0.8617057204246521
1,414,4,2264,0.8530131578445435
1,414,5,387,0.8483125567436218
1,414,6,779,0.8419873714447021
1,414,7,2403,0.841763973236084
1,414,8,646,0.8402890563011169
1,414,9,2488,0.8332521915435791
1,414,10,854,0.8321583867073059
1,415,1,1597,0.7325833439826965
1,415,2,2978,0.7214298844337463
1,415,3,2359,0.7165490984916687
1,415,4,1791,0.7124418616294861
1,415,5,957,0.7119341492652893
1,415,6,1449,0.6982571482658386
1,415,7,2725,0.6960415244102478
1,415,8,1016,0.6915391683578491
1,415,9,2969,0.6824538111686707
1,415,10,64,0.6801338195800781
1,416,1,1196,0.7715752720832825
1,416,2,91,0.7553167939186096
1,416,3,1040,0.7445290684700012
1,416,4,3019,0.7441783547401428
1,416,5,1791,0.7439190149307251
1,416,6,2183,0.7406463623046875
1,416,7,112,0.7363717555999756
1,416,8,738,0.7352466583251953
1,416,9,1018,0.7346984148025513
1,416,10,1884,0.733636200428009
1,417,1,1517,0.7281109094619751
1,417,2,2308,0.7264055609703064
1,417,3,293,0.7142748236656189
1,417,4,1263,0.7117733955383301
1,417,5,1293,0.707112729549408
1,417,6,957,0.6967537999153137
1,417,7,3019,0.691244900226593
1,417,8,585,0.6911690831184387
1,417,9,624,0.6904315948486328
1,417,10,1618,0.6895456314086914
1,418,1,957,0.795490562915802
1,418,2,3019,0.764656126499176
1,418,3,1517,0.745147705078125
1,418,4,2359,0.7447732090950012
1,418,5,1696,0.742629885673523
1,418,6,91,0.7425349354743958
1,418,7,64,0.738663375377655
1,418,8,1791,0.7363946437835693
1,418,9,293,0.7351345419883728
1,418,10,3010,0.7308552265167236
1,419,1,1196,0.7640355229377747
1,419,2,2359,0.7577062249183655
1,419,3,957,0.7529825568199158
1,419,4,2978,0.7352291941642761
1,419,5,1597,0.7349672913551331
1,419,6,3010,0.7307397127151489
1,419,7,64,0.7139996886253357
1,419,8,2725,0.7116642594337463
1,419,9,1449,0.7079968452453613
1,419,10,2183,0.7046586871147156
1,420,1,2359,0.763873279094696
1,420,2,2826,0.7602421641349792
1,420,3,957,0.7539358735084534
1,420,4,1884,0.743683934211731
1,420,5,2790,0.7371270060539246
1,420,6,2725,0.7273673415184021
1,420,7,1597,0.7180796265602112
1,420,8,64,0.7174786925315857
1,420,9,2978,0.7090023159980774
1,420,10,1767,0.7080157995223999
1,421,1,390,0.8759370446205139
1,421,2,2609,0.8745297789573669
1,421,3,1517,0.8734296560287476
1,421,4,1407,0.8705558776855469
1,421,5,518,0.8689242601394653
1,421,6,2721,0.8598262667655945
1,421,7,2273,0.8584943413734436
1,421,8,1417,0.8540331721305847
1,421,9,594,0.8532803654670715
1,421,10,576,0.85175621509552
1,422,1,2725,0.7325089573860168
1,422,2,736,0.6965903043746948
1,422,3,174,0.6949355602264404
1,422,4,1579,0.6837939023971558
1,422,5,2790,0.6819593906402588
1,422,6,884,0.6778038740158081
1,422,7,2851,0.6755868792533875
1,422,8,957,0.6754212379455566
1,422,9,1696,0.675404965877533
1,422,10,1979,0.6750680208206177
1,423,1,957,0.8081595301628113
1,423,2,1767,0.7692395448684692
1,423,3,2978,0.7674904465675354
1,423,4,1597,0.7664111852645874
1,423,5,2790,0.749308168888092
1,423,6,1196,0.7484344244003296
1,423,7,1449,0.7479243874549866
1,423,8,1016,0.7470517754554749
1,423,9,2969,0.727847695350647
1,423,10,1920,0.7265251278877258
1,424,1,293,0.812224805355072
1,424,2,826,0.7989820837974548
1,424,3,2035,0.793155312538147
1,424,4,2196,0.7758477330207825
1,424,5,1749,0.7708955407142639
1,424,6,957,0.7690001130104065
1,424,7,2365,0.764616072177887
1,424,8,2018,0.7626632452011108
1,424,9,518,0.761210024356842
1,424,10,876,0.7603095173835754
1,425,1,1517,0.7440093755722046
1,425,2,957,0.7294775247573853
1,425,3,3019,0.7199342846870422
1,425,4,2272,0.7137946486473083
1,425,5,1196,0.7067164778709412
1,425,6,2035,0.702826738357544
1,425,7,1189,0.7020395398139954
1,425,8,1767,0.6969171762466431
1,425,9,3010,0.6965569257736206
1,425,10,1696,0.6911067366600037
1,427,1,2359,0.7901909351348877
1,427,2,1293,0.7900352478027344
1,427,3,2308,0.7827596068382263
1,427,4,670,0.7810313105583191
1,427,5,1196,0.7704555988311768
1,427,6,264,0.7681548595428467
1,427,7,1018,0.7677585482597351
1,427,8,576,0.7520843148231506
1,427,9,2700,0.7408004403114319
1,427,10,957,0.7354963421821594
1,428,1,1029,0.8747372031211853
1,428,2,594,0.8421803712844849
1,428,3,293,0.8127422332763672
1,428,4,2609,0.8099899291992188
1,428,5,390,0.8098725080490112
1,428,6,2273,0.8097034692764282
1,428,7,1263,0.8035576939582825
1,428,8,2911,0.801455557346344
1,428,9,538,0.7982242703437805
1,428,10,2018,0.796019971370697
1,429,1,1029,0.8747372031211853
1,429,2,594,0.8421803712844849
1,429,3,293,0.8127422332763672
1,429,4,2609,0.8099899291992188
1,429,5,390,0.8098725080490112
1,429,6,2273,0.8097034692764282
1,429,7,1263,0.8035576939582825
1,429,8,2911,0.801455557346344
1,429,9,538,0.7982242703437805
1,429,10,2018,0.796019971370697
1,430,1,1029,0.8747372031211853
1,430,2,594,0.8421803712844849
1,430,3,293,0.8127422332763672
1,430,4,2609,0.8099899291992188
1,430,5,390,0.8098725080490112
1,430,6,2273,0.8097034692764282
1,430,7,1263,0.8035576939582825
1,430,8,2911,0.801455557346344
1,430,9,538,0.7982242703437805
1,430,10,2018,0.796019971370697
1,435,1,957,0.7037039399147034
1,435,2,1263,0.6747207641601562
1,435,3,1448,0.6695965528488159
1,435,4,1196,0.668368399143219
1,435,5,3019,0.6595317721366882
1,435,6,264,0.6588789224624634
1,435,7,1791,0.656649649143219
1,435,8,91,0.6540582180023193
1,435,9,1517,0.6472088098526001
1,435,10,3010,0.6374229788780212
1,436,1,624,0.7851505875587463
1,436,2,1196,0.7759766578674316
1,436,3,1517,0.7510627508163452
1,436,4,1018,0.746860146522522
1,436,5,1263,0.7443763613700867
1,436,6,538,0.7414889931678772
1,436,7,576,0.7395322918891907
1,436,8,3019,0.7389050722122192
1,436,9,91,0.7364044189453125
1,436,10,1791,0.7363283038139343
1,437,1,1517,0.749992311000824
1,437,2,957,0.7479806542396545
1,437,3,1263,0.7413979768753052
1,437,4,1196,0.7396002411842346
1,437,5,2700,0.7369313836097717
1,437,6,538,0.733555018901825
1,437,7,1791,0.7283647656440735
1,437,8,576,0.728071391582489
1,437,9,1018,0.7229596376419067
1,437,10,3019,0.7216315865516663
1,438,1,1517,0.803727924823761
1,438,2,957,0.7950692176818848
1,438,3,585,0.7914940714836121
1,438,4,1263,0.7897107005119324
1,438,5,2359,0.7784321308135986
1,438,6,576,0.7678967118263245
1,438,7,293,0.7650732398033142
1,438,8,538,0.7605031132698059
1,438,9,1196,0.7579327821731567
1,438,10,1018,0.7574827075004578
1,439,1,1038,0.7651685476303101
1,439,2,2734,0.7596518397331238
1,439,3,1091,0.753494918346405
1,439,4,1621,0.7397013902664185
1,439,5,2183,0.733350932598114
1,439,6,736,0.7330546379089355
1,439,7,704,0.7280595898628235
1,439,8,1427,0.7200717926025391
1,439,9,738,0.7187649607658386
1,439,10,2826,0.717087984085083
1,441,1,1767,0.7384952306747437
1,441,2,2725,0.6978633403778076
1,441,3,1884,0.6888380646705627
1,441,4,3019,0.6796906590461731
1,441,5,2790,0.678488552570343
1,441,6,1208,0.6758545637130737
1,441,7,91,0.6727706789970398
1,441,8,1791,0.6675841808319092
1,441,9,1189,0.665677011013031
1,441,10,1263,0.6652320623397827
1,443,1,1467,0.864815354347229
1,443,2,1354,0.8631778955459595
1,443,3,1674,0.8616439700126648
1,443,4,1153,0.8610263466835022
1,443,5,792,0.8435256481170654
1,443,6,863,0.8401532173156738
1,443,7,2205,0.8307430148124695
1,443,8,1029,0.8221296668052673
1,443,9,554,0.8218469619750977
1,443,10,594,0.8114198446273804
1,445,1,418,0.7418137192726135
1,445,2,210,0.7334038019180298
1,445,3,628,0.729983925819397
1,445,4,1203,0.7288175225257874
1,445,5,2173,0.7242000102996826
1,445,6,1030,0.7236282229423523
1,445,7,1671,0.72190260887146
1,445,8,637,0.7202478051185608
1,445,9,2078,0.7114765048027039
1,445,10,1653,0.7107344269752502
1,446,1,1472,0.6600425839424133
1,446,2,2173,0.6373773813247681
1,446,3,482,0.6364692449569702
1,446,4,418,0.634581446647644
1,446,5,466,0.634443998336792
1,446,6,210,0.6324713826179504
1,446,7,2018,0.6324540972709656
1,446,8,521,0.6292099952697754
1,446,9,1408,0.6286700963973999
1,446,10,1671,0.6262657642364502
1,448,1,1718,0.7514123320579529
1,448,2,2033,0.7511401772499084
1,448,3,2210,0.7484920620918274
1,448,4,1200,0.7465309500694275
1,448,5,833,0.7406483888626099
1,448,6,1184,0.7362484931945801
1,448,7,2391,0.7302755117416382
1,448,8,1048,0.7274944186210632
1,448,9,2615,0.7231863737106323
1,448,10,2100,0.6955941915512085
1,449,1,2210,0.8713402152061462
1,449,2,672,0.8675408959388733
1,449,3,1048,0.853830873966217
1,449,4,2615,0.8462212681770325
1,449,5,1718,0.8433613777160645
1,449,6,2033,0.8426378965377808
1,449,7,1200,0.8295584321022034
1,449,8,2432,0.821283221244812
1,449,9,1698,0.8161947727203369
1,449,10,1063,0.8096612691879272
1,450,1,1184,0.8525820374488831
1,450,2,1048,0.8342346549034119
1,450,3,665,0.83396977186203
1,450,4,507,0.8334987163543701
1,450,5,1200,0.8283307552337646
1,450,6,1718,0.8214698433876038
1,450,7,2391,0.8008747696876526
1,450,8,1587,0.8005147576332092
1,450,9,2033,0.796685516834259
1,450,10,949,0.7813708186149597
1,451,1,2210,0.8548583388328552
1,451,2,672,0.852438747882843
1,451,3,1184,0.8505206108093262
1,451,4,665,0.8380804061889648
1,451,5,2615,0.8351755142211914
1,451,6,1718,0.8281031250953674
1,451,7,1200,0.8227291703224182
1,451,8,2033,0.8144559264183044
1,451,9,1587,0.8140373826026917
1,451,10,2432,0.7981718182563782
1,452,1,2210,0.8431726098060608
1,452,2,1048,0.8421337604522705
1,452,3,1184,0.8386304378509521
1,452,4,2615,0.8266284465789795
1,452,5,665,0.8139280676841736
1,452,6,507,0.7997108101844788
1,452,7,1587,0.7945122718811035
1,452,8,2432,0.7815365195274353
1,452,9,1698,0.7767476439476013
1,452,10,1063,0.7748028039932251
1,453,1,2210,0.8274598717689514
1,453,2,672,0.8152412176132202
1,453,3,1048,0.8127583861351013
1,453,4,2912,0.8047736883163452
1,453,5,1718,0.7906622290611267
1,453,6,507,0.7812421321868896
1,453,7,1587,0.7729109525680542
1,453,8,1009,0.765336811542511
1,453,9,2814,0.7500725388526917
1,453,10,1063,0.7430052161216736
1,454,1,1048,0.8225487470626831
1,454,2,1718,0.8213595747947693
1,454,3,1200,0.8113020062446594
1,454,4,507,0.8049207329750061
1,454,5,2033,0.7920177578926086
1,454,6,2814,0.7901461124420166
1,454,7,2432,0.7713934183120728
1,454,8,949,0.7687607407569885
1,454,9,1698,0.766808032989502
1,454,10,1063,0.7635944485664368
1,455,1,672,0.7763701677322388
1,455,2,2912,0.7531298398971558
1,455,3,2814,0.7448945045471191
1,455,4,507,0.7352247834205627
1,455,5,665,0.7217151522636414
1,455,6,2432,0.7146071791648865
1,455,7,1698,0.7089225053787231
1,455,8,301,0.7048712372779846
1,455,9,949,0.7023232579231262
1,455,10,1063,0.7022801637649536
1,456,1,672,0.8595420122146606
1,456,2,2912,0.8456721901893616
1,456,3,1587,0.8230273127555847
1,456,4,2814,0.8223636150360107
1,456,5,507,0.8202566504478455
1,456,6,2432,0.8064689636230469
1,456,7,1698,0.8030372858047485
1,456,8,1063,0.8028556704521179
1,456,9,1829,0.786842942237854
1,456,10,1009,0.7853276133537292
1,457,1,672,0.8501073718070984
1,457,2,2033,0.8297010064125061
1,457,3,2912,0.8292092680931091
1,457,4,1200,0.8249680995941162
1,457,5,2814,0.8155372142791748
1,457,6,507,0.8088896870613098
1,457,7,2432,0.8043893575668335
1,457,8,1698,0.801551103591919
1,457,9,1063,0.7935482859611511
1,457,10,707,0.7826634049415588
1,458,1,2033,0.8439372181892395
1,458,2,1048,0.8308804035186768
1,458,3,1718,0.8289543390274048
1,458,4,1200,0.8235813975334167
1,458,5,833,0.7998529672622681
1,458,6,949,0.7946493625640869
1,458,7,2432,0.7940275073051453
1,458,8,707,0.7925315499305725
1,458,9,1698,0.7877219319343567
1,458,10,1063,0.7782277464866638
1,459,1,1723,0.8561588525772095
1,459,2,1611,0.8368498682975769
1,459,3,1674,0.8333210349082947
1,459,4,455,0.8200656175613403
1,459,5,2354,0.8177803158760071
1,459,6,2931,0.8158493638038635
1,459,7,1231,0.8153425455093384
1,459,8,2157,0.814365804195404
1,459,9,1369,0.8128481507301331
1,459,10,575,0.8110204339027405
1,460,1,2493,0.867259681224823
1,460,2,1153,0.859363317489624
1,460,3,1354,0.8553518652915955
1,460,4,1823,0.8536708950996399
1,460,5,1116,0.8407487869262695
1,460,6,2623,0.8284498453140259
1,460,7,1498,0.8182024955749512
1,460,8,1611,0.8159362077713013
1,460,9,786,0.8140080571174622
1,460,10,2974,0.8097679018974304
1,461,1,554,0.8917136192321777
1,461,2,1467,0.8359275460243225
1,461,3,2911,0.8330821990966797
1,461,4,2566,0.8180325627326965
1,461,5,2018,0.817588746547699
1,461,6,2205,0.8135136961936951
1,461,7,792,0.8087040185928345
1,461,8,1258,0.803898811340332
1,461,9,293,0.8034448027610779
1,461,10,513,0.8022563457489014
1,462,1,1611,0.8066650032997131
1,462,2,455,0.8009987473487854
1,462,3,2686,0.7987833619117737
1,462,4,2205,0.7977457642555237
1,462,5,2931,0.7946738004684448
1,462,6,1040,0.792053759098053
1,462,7,562,0.7916979193687439
1,462,8,1206,0.7907819747924805
1,462,9,1158,0.789669930934906
1,462,10,1467,0.7884571552276611
1,463,1,1723,0.8688688278198242
1,463,2,455,0.8247356414794922
1,463,3,2686,0.8156084418296814
1,463,4,2205,0.8155435919761658
1,463,5,2566,0.8126887083053589
1,463,6,884,0.8123660087585449
1,463,7,1611,0.8109630942344666
1,463,8,1040,0.8106043338775635
1,463,9,1146,0.8096755743026733
1,463,10,1467,0.809079647064209
1,467,1,1611,0.8403556942939758
1,467,2,2931,0.8164225220680237
1,467,3,1383,0.8120168447494507
1,467,4,1159,0.8085015416145325
1,467,5,1571,0.8035398721694946
1,467,6,1380,0.8021045923233032
1,467,7,1701,0.8020687103271484
1,467,8,2867,0.7964329719543457
1,467,9,49,0.7898667454719543
1,467,10,1198,0.7878868579864502
1,468,1,1611,0.8678755760192871
1,468,2,575,0.8524672985076904
1,468,3,2157,0.8498525619506836
1,468,4,1701,0.837482213973999
1,468,5,1571,0.8347783088684082
1,468,6,562,0.8213409781455994
1,468,7,2686,0.8207199573516846
1,468,8,455,0.8201040625572205
1,468,9,2974,0.8181748986244202
1,468,10,1159,0.8106018900871277
1,469,1,2035,0.8587082624435425
1,469,2,876,0.8579767942428589
1,469,3,1749,0.8311519026756287
1,469,4,1208,0.8300032615661621
1,469,5,2557,0.8188905119895935
1,469,6,1190,0.8154612183570862
1,469,7,430,0.799342930316925
1,469,8,554,0.7794430255889893
1,469,9,957,0.7788543701171875
1,469,10,747,0.7758550047874451
1,470,1,2862,0.8827039003372192
1,470,2,668,0.8782138228416443
1,470,3,2355,0.8778307437896729
1,470,4,1611,0.8538740873336792
1,470,5,1701,0.8334054350852966
1,470,6,1571,0.8298148512840271
1,470,7,2974,0.8087809681892395
1,470,8,1159,0.8087374567985535
1,470,9,562,0.8077389597892761
1,470,10,1383,0.8035010099411011
1,471,1,2256,0.8183321356773376
1,471,2,2033,0.7938015460968018
1,471,3,520,0.7763863801956177
1,471,4,398,0.7603957653045654
1,471,5,1718,0.756091833114624
1,471,6,2210,0.7560673356056213
1,471,7,1957,0.7539259195327759
1,471,8,1535,0.7517209649085999
1,471,9,2141,0.7492875456809998
1,471,10,507,0.7479709386825562
1,472,1,2033,0.8013529181480408
1,472,2,1535,0.7990359663963318
1,472,3,520,0.7936474084854126
1,472,4,398,0.7712594866752625
1,472,5,717,0.766681969165802
1,472,6,1412,0.7645124197006226
1,472,7,2141,0.7643278241157532
1,472,8,1957,0.7548291683197021
1,472,9,359,0.754619836807251
1,472,10,2210,0.7510210275650024
1,474,1,2256,0.8257808089256287
1,474,2,1829,0.8169258832931519
1,474,3,2033,0.8069507479667664
1,474,4,1535,0.8012580871582031
1,474,5,520,0.7925336956977844
1,474,6,398,0.7676788568496704
1,474,7,2210,0.7634894251823425
1,474,8,1957,0.7630016803741455
1,474,9,1718,0.7606121301651001
1,474,10,2141,0.75947505235672
1,475,1,1063,0.846248984336853
1,475,2,1535,0.8181646466255188
1,475,3,2033,0.8148747086524963
1,475,4,520,0.8071603775024414
1,475,5,717,0.7860531210899353
1,475,6,398,0.7827398180961609
1,475,7,2141,0.7753831148147583
1,475,8,359,0.7735316157341003
1,475,9,1957,0.7647336721420288
1,475,10,1718,0.7629547715187073
1,476,1,707,0.889070987701416
1,476,2,1447,0.8508652448654175
1,476,3,1535,0.79607754945755
1,476,4,2033,0.7841051816940308
1,476,5,520,0.7791230082511902
1,476,6,1412,0.7651816010475159
1,476,7,1454,0.7610467672348022
1,476,8,398,0.7576713562011719
1,476,9,717,0.7521613836288452
1,476,10,1957,0.745607316493988
1,477,1,1535,0.8420549631118774
1,477,2,1412,0.8140888214111328
1,477,3,2432,0.8085627555847168
1,477,4,359,0.8036137223243713
1,477,5,1698,0.8020802140235901
1,477,6,1454,0.8016490936279297
1,477,7,1809,0.7873669862747192
1,477,8,520,0.7799398899078369
1,477,9,2033,0.7577740550041199
1,477,10,1829,0.7549830079078674
1,478,1,1535,0.8167423009872437
1,478,2,717,0.7929975986480713
1,478,3,1412,0.7907685041427612
1,478,4,1454,0.7816385626792908
1,478,5,1698,0.7799297571182251
1,478,6,359,0.779626727104187
1,478,7,1809,0.7738506197929382
1,478,8,2033,0.745785653591156
1,478,9,1957,0.7421928644180298
1,478,10,398,0.7420122027397156
1,479,1,1970,0.8523727655410767
1,479,2,1601,0.7960942387580872
1,479,3,550,0.778765082359314
1,479,4,2736,0.7562805414199829
1,479,5,546,0.755255937576294
1,479,6,1535,0.7342483997344971
1,479,7,980,0.730851411819458
1,479,8,2937,0.7293199896812439
1,479,9,2299,0.7237709760665894
1,479,10,681,0.7142781019210815
1,480,1,1447,0.8498135805130005
1,480,2,2033,0.7940381169319153
1,480,3,1535,0.775590181350708
1,480,4,520,0.7736663818359375
1,480,5,2210,0.7713678479194641
1,480,6,1184,0.7584485411643982
1,480,7,1718,0.7582429647445679
1,480,8,507,0.7578277587890625
1,480,9,1587,0.7572618126869202
1,480,10,1048,0.7568808197975159
1,481,1,707,0.8741596937179565
1,481,2,2432,0.8521387577056885
1,481,3,1698,0.8444983959197998
1,481,4,1829,0.843760073184967
1,481,5,1531,0.8408079147338867
1,481,6,1063,0.8381787538528442
1,481,7,2256,0.8256857991218567
1,481,8,1447,0.8234537839889526
1,481,9,2019,0.8184667229652405
1,481,10,1248,0.8140643239021301
1,483,1,707,0.8904320597648621
1,483,2,1531,0.8672966361045837
1,483,3,2256,0.8586134910583496
1,483,4,1447,0.8544477224349976
1,483,5,2432,0.8502157926559448
1,483,6,1248,0.8470985889434814
1,483,7,1698,0.8441664576530457
1,483,8,2019,0.8345425724983215
1,483,9,1535,0.8327175378799438
1,483,10,1063,0.8304919600486755
1,484,1,707,0.8904320597648621
1,484,2,1531,0.8672966361045837
1,484,3,2256,0.8586134910583496
1,484,4,1447,0.8544477224349976
1,484,5,2432,0.8502157926559448
1,484,6,1248,0.8470985889434814
1,484,7,1698,0.8441664576530457
1,484,8,2019,0.8345425724983215
1,484,9,1535,0.8327175378799438
1,484,10,1063,0.8304919600486755
1,485,1,707,0.7624921798706055
1,485,2,1447,0.7512659430503845
1,485,3,1248,0.7347750067710876
1,485,4,1535,0.7208558320999146
1,485,5,1412,0.7199812531471252
1,485,6,1531,0.7038106918334961
1,485,7,2432,0.7019359469413757
1,485,8,717,0.6925157904624939
1,485,9,1698,0.6896817088127136
1,485,10,2019,0.6836380958557129
1,486,1,278,0.7505678534507751
1,486,2,1840,0.7143696546554565
1,486,3,1109,0.7006208300590515
1,486,4,1878,0.6942791938781738
1,486,5,1251,0.6914093494415283
1,486,6,2734,0.6888159513473511
1,486,7,512,0.6865285038948059
1,486,8,1091,0.6785106658935547
1,486,9,2431,0.6777439117431641
1,486,10,275,0.6701409220695496
1,487,1,1252,0.7839263677597046
1,487,2,2377,0.7275188565254211
1,487,3,1547,0.7247071862220764
1,487,4,1427,0.7211686372756958
1,487,5,546,0.7122507095336914
1,487,6,1985,0.7026147246360779
1,487,7,1270,0.6976237893104553
1,487,8,2937,0.6954964995384216
1,487,9,1970,0.69004225730896
1,487,10,550,0.6893672943115234
1,491,1,259,0.8561981320381165
1,491,2,1278,0.8365692496299744
1,491,3,2975,0.8335714340209961
1,491,4,2042,0.8296878337860107
1,491,5,2769,0.8278062343597412
1,491,6,664,0.8244925141334534
1,491,7,1682,0.8217483758926392
1,491,8,1558,0.8193331956863403
1,491,9,194,0.8147286772727966
1,491,10,2429,0.8053139448165894
1,492,1,2975,0.8437315225601196
1,492,2,2898,0.8230631351470947
1,492,3,259,0.8146985769271851
1,492,4,939,0.7926086187362671
1,492,5,2769,0.7901173233985901
1,492,6,1558,0.7882581949234009
1,492,7,2743,0.7847579121589661
1,492,8,2328,0.7817031145095825
1,492,9,8,0.7809092402458191
1,492,10,2093,0.7779623866081238
1,493,1,2042,0.8065574169158936
1,493,2,664,0.802402675151825
1,493,3,1558,0.7935833930969238
1,493,4,1015,0.7793399095535278
1,493,5,2975,0.7733085751533508
1,493,6,194,0.768851101398468
1,493,7,2297,0.7650393843650818
1,493,8,2769,0.7645003795623779
1,493,9,2324,0.7631720304489136
1,493,10,998,0.7568052411079407
1,494,1,664,0.8295179605484009
1,494,2,2042,0.8255401849746704
1,494,3,1558,0.8079273700714111
1,494,4,2769,0.7955834865570068
1,494,5,194,0.7939897775650024
1,494,6,259,0.7881568074226379
1,494,7,2975,0.779045045375824
1,494,8,1836,0.7725143432617188
1,494,9,1212,0.7702741622924805
1,494,10,2590,0.7650840282440186
1,495,1,546,0.7048899531364441
1,495,2,1547,0.7045657634735107
1,495,3,2937,0.7012988924980164
1,495,4,2128,0.6920878291130066
1,495,5,1381,0.6902483701705933
1,495,6,1101,0.6891124844551086
1,495,7,2299,0.6835383772850037
1,495,8,681,0.6755704879760742
1,495,9,1359,0.6625819802284241
1,495,10,699,0.6621807217597961
2,1,1,2713,0.7135247588157654
2,1,2,2719,0.7128884196281433
2,1,3,2607,0.7100639343261719
2,1,4,674,0.7081059217453003
2,1,5,2156,0.706336498260498
2,1,6,1686,0.686273455619812
2,1,7,2194,0.6842225193977356
2,1,8,2599,0.6828328371047974
2,1,9,2082,0.6816427111625671
2,1,10,2073,0.6806060671806335
2,2,1,1438,0.6733723282814026
2,2,2,557,0.6642436385154724
2,2,3,1388,0.6609058380126953
2,2,4,99,0.6402698159217834
2,2,5,271,0.6382560133934021
2,2,6,1435,0.637642502784729
2,2,7,1341,0.637113094329834
2,2,8,1012,0.6332812905311584
2,2,9,2403,0.6316495537757874
2,2,10,646,0.6305163502693176
2,3,1,2985,0.7237513661384583
2,3,2,55,0.7092345952987671
2,3,3,1335,0.7078640460968018
2,3,4,364,0.692423939704895
2,3,5,2660,0.6461319923400879
2,3,6,857,0.6450599431991577
2,3,7,1550,0.6424506902694702
2,3,8,2892,0.6406422257423401
2,3,9,2410,0.6356902122497559
2,3,10,2416,0.6339437365531921
2,4,1,542,0.8117575645446777
2,4,2,2642,0.7974020838737488
2,4,3,1246,0.7851543426513672
2,4,4,2594,0.7822637557983398
2,4,5,1946,0.7780281901359558
2,4,6,1548,0.7386388182640076
2,4,7,2356,0.7372933030128479
2,4,8,2191,0.7311171293258667
2,4,9,2691,0.7259160876274109
2,4,10,1586,0.7258507609367371
2,7,1,1287,0.7245102524757385
2,7,2,1267,0.721437931060791
2,7,3,1645,0.7045296430587769
2,7,4,3042,0.7021932005882263
2,7,5,1686,0.6989418864250183
2,7,6,1044,0.6905727982521057
2,7,7,2713,0.6885044574737549
2,7,8,1708,0.6839249134063721
2,7,9,2914,0.6836400032043457
2,7,10,415,0.6770340800285339
2,8,1,1546,0.7578665614128113
2,8,2,2238,0.7520501613616943
2,8,3,1554,0.750178337097168
2,8,4,692,0.7420546412467957
2,8,5,2302,0.7302179336547852
2,8,6,559,0.7288821935653687
2,8,7,1012,0.7199279069900513
2,8,8,615,0.7125743627548218
2,8,9,746,0.7125197649002075
2,8,10,556,0.7085540294647217
2,9,1,1487,0.6692289710044861
2,9,2,1359,0.6467437148094177
2,9,3,2717,0.6448454260826111
2,9,4,421,0.6429306268692017
2,9,5,2940,0.6327475905418396
2,9,6,1535,0.6309821009635925
2,9,7,1683,0.6205140948295593
2,9,8,1518,0.6132896542549133
2,9,9,1644,0.6114170551300049
2,9,10,2319,0.5967132449150085
2,10,1,271,0.7274881601333618
2,10,2,2914,0.7252039909362793
2,10,3,1012,0.7215570211410522
2,10,4,1438,0.6954523324966431
2,10,5,2978,0.6945008635520935
2,10,6,969,0.6938552856445312
2,10,7,1302,0.6902031302452087
2,10,8,1621,0.6898572444915771
2,10,9,1112,0.6895114183425903
2,10,10,1546,0.6889106631278992
2,11,1,748,0.7574377655982971
2,11,2,364,0.7532607316970825
2,11,3,1763,0.7350003719329834
2,11,4,2134,0.7264816164970398
2,11,5,2896,0.7152313590049744
2,11,6,2192,0.7102426886558533
2,11,7,615,0.7089208364486694
2,11,8,494,0.707229495048523
2,11,9,1838,0.7068225741386414
2,11,10,1569,0.7056241631507874
2,12,1,1638,0.7618966102600098
2,12,2,969,0.7594808340072632
2,12,3,1112,0.7489764094352722
2,12,4,861,0.739346981048584
2,12,5,674,0.7343311905860901
2,12,6,2957,0.7291728258132935
2,12,7,2073,0.7277178168296814
2,12,8,2556,0.7254869937896729
2,12,9,1267,0.7201626300811768
2,12,10,2789,0.7178393602371216
2,13,1,2016,0.8345040082931519
2,13,2,746,0.8264164328575134
2,13,3,271,0.7974265813827515
2,13,4,2654,0.7969208359718323
2,13,5,1546,0.7929980754852295
2,13,6,1761,0.7880219221115112
2,13,7,250,0.7841618061065674
2,13,8,1078,0.7630565762519836
2,13,9,756,0.7576175928115845
2,13,10,2341,0.7543291449546814
2,14,1,559,0.7572711110115051
2,14,2,1201,0.7382094860076904
2,14,3,615,0.7352206110954285
2,14,4,2727,0.7254775166511536
2,14,5,14,0.7057300806045532
2,14,6,1273,0.6966426968574524
2,14,7,1546,0.6939663290977478
2,14,8,601,0.6869632005691528
2,14,9,2372,0.6829893589019775
2,14,10,861,0.6762232184410095
2,15,1,756,0.8178243637084961
2,15,2,601,0.801537811756134
2,15,3,857,0.7927924990653992
2,15,4,2654,0.7870444059371948
2,15,5,2989,0.7840414047241211
2,15,6,969,0.777236819267273
2,15,7,2444,0.7724978923797607
2,15,8,1374,0.7700027823448181
2,15,9,2016,0.768635630607605
2,15,10,1078,0.7675027251243591
2,16,1,1273,0.7359321713447571
2,16,2,1550,0.6821743249893188
2,16,3,612,0.6802676916122437
2,16,4,2372,0.6776303648948669
2,16,5,559,0.676895022392273
2,16,6,14,0.672171950340271
2,16,7,2892,0.6710413098335266
2,16,8,615,0.6564471125602722
2,16,9,2396,0.6533585786819458
2,16,10,2654,0.6516124606132507
2,17,1,731,0.7619944214820862
2,17,2,1940,0.7334978580474854
2,17,3,1201,0.7320971488952637
2,17,4,1891,0.7291347980499268
2,17,5,953,0.7165095806121826
2,17,6,2045,0.7102972865104675
2,17,7,1761,0.6948887705802917
2,17,8,1327,0.686998724937439
2,17,9,601,0.6853229403495789
2,17,10,2444,0.6827651858329773
2,18,1,731,0.6811292171478271
2,18,2,612,0.6795998811721802
2,18,3,559,0.6784707307815552
2,18,4,1273,0.6745190024375916
2,18,5,1201,0.6608887910842896
2,18,6,2372,0.6605363488197327
2,18,7,14,0.6587475538253784
2,18,8,215,0.6557253003120422
2,18,9,1546,0.6501412987709045
2,18,10,861,0.6465812921524048
2,20,1,1642,0.7941524982452393
2,20,2,2287,0.7490244507789612
2,20,3,1047,0.748676061630249
2,20,4,1104,0.7374922037124634
2,20,5,438,0.7359481453895569
2,20,6,674,0.735115647315979
2,20,7,1963,0.7296624183654785
2,20,8,2556,0.7291677594184875
2,20,9,1744,0.7207940220832825
2,20,10,2137,0.7206881642341614
2,21,1,2914,0.7267573475837708
2,21,2,3042,0.7103469967842102
2,21,3,1737,0.6977958083152771
2,21,4,645,0.697620689868927
2,21,5,271,0.6875542402267456
2,21,6,1438,0.6812368631362915
2,21,7,1600,0.6734012961387634
2,21,8,1461,0.67279452085495
2,21,9,599,0.6698023080825806
2,21,10,400,0.66670823097229
2,22,1,2137,0.7566664218902588
2,22,2,1327,0.7490754723548889
2,22,3,1302,0.7474660277366638
2,22,4,2045,0.7299413084983826
2,22,5,3041,0.713216245174408
2,22,6,731,0.7077069878578186
2,22,7,530,0.6961877942085266
2,22,8,551,0.6957862973213196
2,22,9,1202,0.6956738233566284
2,22,10,2556,0.6897975206375122
2,23,1,2914,0.7128769159317017
2,23,2,1112,0.682628870010376
2,23,3,612,0.6716349124908447
2,23,4,2195,0.658218264579773
2,23,5,601,0.6574210524559021
2,23,6,1078,0.6509577035903931
2,23,7,1546,0.6483914852142334
2,23,8,271,0.6453644037246704
2,23,9,615,0.6266099810600281
2,23,10,1838,0.6250833868980408
2,24,1,1761,0.7964694499969482
2,24,2,601,0.7782659530639648
2,24,3,746,0.7457964420318604
2,24,4,756,0.7272272706031799
2,24,5,857,0.7253516316413879
2,24,6,2097,0.7247490882873535
2,24,7,2444,0.7175214290618896
2,24,8,1201,0.716916561126709
2,24,9,2848,0.7115052342414856
2,24,10,1078,0.7113686203956604
2,26,1,99,0.8067572712898254
2,26,2,1388,0.790440559387207
2,26,3,1342,0.7589719295501709
2,26,4,584,0.7570105791091919
2,26,5,2409,0.7488630414009094
2,26,6,1683,0.7428375482559204
2,26,7,1089,0.7408089637756348
2,26,8,1197,0.736909031867981
2,26,9,1816,0.7282756567001343
2,26,10,1487,0.7273398637771606
2,27,1,2848,0.6986874938011169
2,27,2,1869,0.6968706846237183
2,27,3,2444,0.68888920545578
2,27,4,2738,0.6881253719329834
2,27,5,2955,0.6872539520263672
2,27,6,402,0.6835920214653015
2,27,7,2661,0.6835105419158936
2,27,8,2370,0.6804948449134827
2,27,9,208,0.6796005368232727
2,27,10,1891,0.6748514175415039
2,28,1,2963,0.8430452942848206
2,28,2,2408,0.7390245199203491
2,28,3,2995,0.7118306159973145
2,28,4,598,0.6923140287399292
2,28,5,1775,0.6851892471313477
2,28,6,634,0.6795812249183655
2,28,7,2302,0.6670079827308655
2,28,8,706,0.6634148955345154
2,28,9,746,0.660904586315155
2,28,10,2097,0.6591193079948425
2,29,1,791,0.6962088346481323
2,29,2,1365,0.6790185570716858
2,29,3,890,0.6787481904029846
2,29,4,520,0.6777294874191284
2,29,5,2340,0.6776924729347229
2,29,6,2303,0.6735560297966003
2,29,7,2159,0.658301055431366
2,29,8,2536,0.6409063339233398
2,29,9,474,0.6407514214515686
2,29,10,2095,0.638438880443573
2,31,1,1335,0.7000386714935303
2,31,2,80,0.662584662437439
2,31,3,2654,0.6403380632400513
2,31,4,2302,0.6397109031677246
2,31,5,2660,0.6317237019538879
2,31,6,2985,0.6251897215843201
2,31,7,128,0.6227000951766968
2,31,8,62,0.6174355149269104
2,31,9,2097,0.6102624535560608
2,31,10,2695,0.6091229319572449
2,32,1,646,0.592284083366394
2,32,2,2403,0.5872805714607239
2,32,3,645,0.5823707580566406
2,32,4,400,0.581247091293335
2,32,5,1438,0.5795127153396606
2,32,6,1472,0.5729299187660217
2,32,7,502,0.5662341117858887
2,32,8,599,0.5609642863273621
2,32,9,176,0.5578487515449524
2,32,10,1365,0.5560081601142883
2,33,1,1287,0.6752828359603882
2,33,2,3042,0.673704206943512
2,33,3,1461,0.6419333815574646
2,33,4,1267,0.6390495300292969
2,33,5,599,0.6337792277336121
2,33,6,2914,0.6224842667579651
2,33,7,1645,0.6181996464729309
2,33,8,2713,0.6147139072418213
2,33,9,1686,0.6104233860969543
2,33,10,271,0.6081939935684204
2,34,1,2985,0.6577156186103821
2,34,2,2302,0.6557387113571167
2,34,3,1335,0.6553862690925598
2,34,4,62,0.6430079936981201
2,34,5,706,0.6336801052093506
2,34,6,2581,0.6238541007041931
2,34,7,80,0.6203374266624451
2,34,8,2695,0.6178479790687561
2,34,9,2933,0.6168308258056641
2,34,10,1391,0.6130366325378418
2,35,1,2319,0.7673037052154541
2,35,2,1927,0.7626864314079285
2,35,3,2706,0.7353384494781494
2,35,4,2937,0.7339740991592407
2,35,5,2053,0.7320104241371155
2,35,6,2868,0.7253870368003845
2,35,7,1724,0.7225989699363708
2,35,8,542,0.7173556685447693
2,35,9,1415,0.7129316926002502
2,35,10,2286,0.7109952569007874
2,36,1,1586,0.7779574394226074
2,36,2,1725,0.7513489723205566
2,36,3,1724,0.748228907585144
2,36,4,2706,0.7425815463066101
2,36,5,123,0.7213422060012817
2,36,6,2286,0.7141456604003906
2,36,7,327,0.7127238512039185
2,36,8,1415,0.7060599327087402
2,36,9,1710,0.7010787129402161
2,36,10,986,0.7000678181648254
2,37,1,271,0.7487334609031677
2,37,2,634,0.7404130101203918
2,37,3,2995,0.7388117909431458
2,37,4,1546,0.7357118129730225
2,37,5,1721,0.7266720533370972
2,37,6,2914,0.7201375961303711
2,37,7,1775,0.7079547047615051
2,37,8,186,0.7053089737892151
2,37,9,1365,0.7019277215003967
2,37,10,2016,0.689071774482727
2,38,1,2,0.7600967884063721
2,38,2,2894,0.7578640580177307
2,38,3,1407,0.7553271651268005
2,38,4,113,0.7313516139984131
2,38,5,1738,0.7286097407341003
2,38,6,1165,0.7280694246292114
2,38,7,1417,0.7194556593894958
2,38,8,667,0.7114839553833008
2,38,9,248,0.7107025980949402
2,38,10,390,0.7027594447135925
2,39,1,1407,0.7238677740097046
2,39,2,2,0.7224340438842773
2,39,3,2366,0.7158780694007874
2,39,4,2894,0.7089778184890747
2,39,5,736,0.7017742395401001
2,39,6,1417,0.693912148475647
2,39,7,113,0.6894729137420654
2,39,8,667,0.6858028173446655
2,39,9,1165,0.6827857494354248
2,39,10,390,0.6753736138343811
2,40,1,1597,0.7536484003067017
2,40,2,1100,0.7501635551452637
2,40,3,2,0.7155985832214355
2,40,4,1592,0.709837794303894
2,40,5,1165,0.7082927823066711
2,40,6,78,0.7047044038772583
2,40,7,2894,0.7036511301994324
2,40,8,2745,0.7026519775390625
2,40,9,701,0.6966668963432312
2,40,10,40,0.6965314745903015
2,42,1,113,0.825712263584137
2,42,2,667,0.7745296359062195
2,42,3,360,0.6709039807319641
2,42,4,1618,0.6659693121910095
2,42,5,1467,0.6601873636245728
2,42,6,2513,0.651008129119873
2,42,7,1952,0.6499394774436951
2,42,8,1651,0.6488101482391357
2,42,9,2923,0.6475726366043091
2,42,10,356,0.6422244906425476
2,43,1,2193,0.8607045412063599
2,43,2,1738,0.8554269075393677
2,43,3,1818,0.8295871615409851
2,43,4,1308,0.7549170255661011
2,43,5,1449,0.7525365948677063
2,43,6,2286,0.7362992167472839
2,43,7,2014,0.7328423261642456
2,43,8,1251,0.7314789295196533
2,43,9,1016,0.7250723838806152
2,43,10,1082,0.7207854390144348
2,45,1,390,0.844764769077301
2,45,2,667,0.8312050700187683
2,45,3,1738,0.8239074945449829
2,45,4,2513,0.6858944296836853
2,45,5,356,0.6306729316711426
2,45,6,2030,0.6263836622238159
2,45,7,5,0.6177545785903931
2,45,8,155,0.6173703074455261
2,45,9,1467,0.615321159362793
2,45,10,3057,0.613589346408844
2,46,1,113,0.7549666166305542
2,46,2,2,0.7378547787666321
2,46,3,1467,0.6741058230400085
2,46,4,2911,0.6629354357719421
2,46,5,2923,0.655127227306366
2,46,6,2986,0.6444962620735168
2,46,7,360,0.6385217308998108
2,46,8,1651,0.6362748146057129
2,46,9,1542,0.6279487609863281
2,46,10,670,0.6210353970527649
2,47,1,2273,0.7516362071037292
2,47,2,1818,0.6796902418136597
2,47,3,1467,0.6785845756530762
2,47,4,2513,0.6502008438110352
2,47,5,2911,0.6475793719291687
2,47,6,1618,0.6396982669830322
2,47,7,360,0.6376658082008362
2,47,8,356,0.637064516544342
2,47,9,1952,0.6341138482093811
2,47,10,1651,0.6248185038566589
2,48,1,390,0.7939230799674988
2,48,2,1417,0.7761884331703186
2,48,3,471,0.7737154364585876
2,48,4,2911,0.7397482395172119
2,48,5,670,0.7213596701622009
2,48,6,1467,0.7109918594360352
2,48,7,455,0.7096347808837891
2,48,8,1995,0.6984145641326904
2,48,9,385,0.6927252411842346
2,48,10,1481,0.6897725462913513
2,49,1,2193,0.8145945072174072
2,49,2,1738,0.8126413822174072
2,49,3,1308,0.6784259676933289
2,49,4,3057,0.67812180519104
2,49,5,155,0.6715154051780701
2,49,6,2513,0.6634172201156616
2,49,7,356,0.6603187918663025
2,49,8,1251,0.6566334962844849
2,49,9,1449,0.6414874792098999
2,49,10,736,0.6399284601211548
2,50,1,2,0.8889760971069336
2,50,2,248,0.8803551197052002
2,50,3,2193,0.8307298421859741
2,50,4,2513,0.6601489186286926
2,50,5,1449,0.658835768699646
2,50,6,1308,0.6424257159233093
2,50,7,385,0.6411317586898804
2,50,8,633,0.6406238079071045
2,50,9,1251,0.6403267979621887
2,50,10,5,0.6372336149215698
2,51,1,390,0.7974460124969482
2,51,2,667,0.7841280698776245
2,51,3,2,0.7824156284332275
2,51,4,1467,0.6386519074440002
2,51,5,2911,0.6120473742485046
2,51,6,2513,0.5939235091209412
2,51,7,633,0.5936273336410522
2,51,8,2923,0.5914258360862732
2,51,9,2986,0.5864697098731995
2,51,10,360,0.584892749786377
2,52,1,484,0.8245434761047363
2,52,2,1237,0.7401721477508545
2,52,3,1995,0.73763108253479
2,52,4,2286,0.7358359694480896
2,52,5,1369,0.7138220071792603
2,52,6,1611,0.7081621289253235
2,52,7,2628,0.7075366973876953
2,52,8,544,0.6977208852767944
2,52,9,3063,0.6923283934593201
2,52,10,1738,0.6903203129768372
2,53,1,2628,0.7455338835716248
2,53,2,122,0.7370397448539734
2,53,3,2206,0.7316696047782898
2,53,4,1082,0.7041147947311401
2,53,5,192,0.7003282904624939
2,53,6,137,0.6991932392120361
2,53,7,2197,0.6933127641677856
2,53,8,1400,0.6821596026420593
2,53,9,1995,0.678266704082489
2,53,10,121,0.6730421185493469
2,54,1,2628,0.7546424269676208
2,54,2,1821,0.7543215751647949
2,54,3,1279,0.7539726495742798
2,54,4,122,0.7461082935333252
2,54,5,192,0.7222812175750732
2,54,6,2280,0.717481255531311
2,54,7,121,0.7084876894950867
2,54,8,2197,0.6973746418952942
2,54,9,1400,0.6963655352592468
2,54,10,1516,0.6959288716316223
2,55,1,1995,0.7752267122268677
2,55,2,1495,0.7631670236587524
2,55,3,2286,0.7545013427734375
2,55,4,1237,0.7387408018112183
2,55,5,1449,0.7182007431983948
2,55,6,2894,0.7166399359703064
2,55,7,1611,0.7164710760116577
2,55,8,1738,0.7158674001693726
2,55,9,2273,0.711695671081543
2,55,10,1701,0.7074921131134033
2,56,1,271,0.7432429194450378
2,56,2,1012,0.7378232479095459
2,56,3,1546,0.7056600451469421
2,56,4,1737,0.6981397271156311
2,56,5,2303,0.6831401586532593
2,56,6,1388,0.666790783405304
2,56,7,1554,0.6585952639579773
2,56,8,2121,0.6479072570800781
2,56,9,584,0.6427769660949707
2,56,10,310,0.6414949297904968
2,57,1,1600,0.7355723977088928
2,57,2,1737,0.6722925305366516
2,57,3,890,0.6706291437149048
2,57,4,1012,0.665428638458252
2,57,5,1388,0.6622071862220764
2,57,6,634,0.6618770360946655
2,57,7,2303,0.6572668552398682
2,57,8,1628,0.6563035249710083
2,57,9,2167,0.6505528092384338
2,57,10,2914,0.637977659702301
2,58,1,2016,0.8108795285224915
2,58,2,791,0.7798141837120056
2,58,3,2045,0.7756572365760803
2,58,4,1775,0.7710201740264893
2,58,5,634,0.7708196640014648
2,58,6,310,0.7421872615814209
2,58,7,1197,0.7407134771347046
2,58,8,2583,0.7331774830818176
2,58,9,2995,0.7265977263450623
2,58,10,2727,0.7224502563476562
2,59,1,1365,0.7946218848228455
2,59,2,1546,0.7257639169692993
2,59,3,310,0.7257360219955444
2,59,4,1012,0.7216503024101257
2,59,5,1600,0.7102211713790894
2,59,6,2303,0.6765838265419006
2,59,7,2727,0.6755261421203613
2,59,8,1737,0.6670815944671631
2,59,9,2045,0.6560983657836914
2,59,10,1388,0.654666006565094
2,60,1,177,0.7263196706771851
2,60,2,584,0.7160964608192444
2,60,3,1342,0.7123822569847107
2,60,4,1359,0.7104653716087341
2,60,5,1683,0.6730198264122009
2,60,6,1487,0.669904351234436
2,60,7,2914,0.6684472560882568
2,60,8,2632,0.6657677292823792
2,60,9,2299,0.6571849584579468
2,60,10,271,0.6568960547447205
2,61,1,2299,0.7218337655067444
2,61,2,3042,0.6937060952186584
2,61,3,1683,0.6933342218399048
2,61,4,599,0.6781988739967346
2,61,5,2751,0.6768803000450134
2,61,6,1461,0.6712720394134521
2,61,7,1359,0.670127809047699
2,61,8,184,0.6654163002967834
2,61,9,400,0.6615831255912781
2,61,10,2736,0.6610804200172424
2,62,1,99,0.759311854839325
2,62,2,271,0.7119125723838806
2,62,3,177,0.7066810727119446
2,62,4,699,0.7005246877670288
2,62,5,1342,0.6839646100997925
2,62,6,1359,0.6826492547988892
2,62,7,1737,0.6766853928565979
2,62,8,2299,0.6747838258743286
2,62,9,400,0.674173891544342
2,62,10,1438,0.6684736609458923
2,63,1,271,0.7272839546203613
2,63,2,1012,0.7058902382850647
2,63,3,2618,0.683030366897583
2,63,4,1438,0.6817406415939331
2,63,5,177,0.676874041557312
2,63,6,746,0.6744182705879211
2,63,7,699,0.6735879182815552
2,63,8,400,0.6734920740127563
2,63,9,1775,0.6733149886131287
2,63,10,634,0.6699780821800232
2,64,1,1055,0.7473190426826477
2,64,2,2387,0.7386070489883423
2,64,3,732,0.7362163662910461
2,64,4,2161,0.7290980219841003
2,64,5,508,0.7277076244354248
2,64,6,1300,0.716374933719635
2,64,7,1362,0.7092413306236267
2,64,8,1427,0.7070004940032959
2,64,9,2111,0.7049947381019592
2,64,10,2098,0.7035996317863464
2,65,1,750,0.6610074639320374
2,65,2,2742,0.6368553638458252
2,65,3,1055,0.6086397767066956
2,65,4,2406,0.5994678735733032
2,65,5,2776,0.5985815525054932
2,65,6,55,0.5947487950325012
2,65,7,2024,0.5940130352973938
2,65,8,2405,0.5928968787193298
2,65,9,1007,0.5903778076171875
2,65,10,2985,0.588371217250824
2,66,1,2560,0.7623735070228577
2,66,2,123,0.7529297471046448
2,66,3,2390,0.7453492283821106
2,66,4,1725,0.7294625639915466
2,66,5,2481,0.7251363396644592
2,66,6,2922,0.723904550075531
2,66,7,1963,0.7159954309463501
2,66,8,453,0.7066847085952759
2,66,9,1047,0.7023043632507324
2,66,10,2719,0.6868829131126404
2,67,1,2742,0.7155705690383911
2,67,2,2406,0.6630151867866516
2,67,3,55,0.6265950798988342
2,67,4,2745,0.6162439584732056
2,67,5,2410,0.6095070242881775
2,67,6,1910,0.587413489818573
2,67,7,483,0.5857658982276917
2,67,8,1277,0.582073450088501
2,67,9,2481,0.5734726786613464
2,67,10,740,0.5685259103775024
2,68,1,480,0.7711655497550964
2,68,2,2405,0.7070720195770264
2,68,3,1910,0.70428466796875
2,68,4,732,0.6952635049819946
2,68,5,2387,0.6913024187088013
2,68,6,668,0.6799827218055725
2,68,7,2161,0.678675651550293
2,68,8,1528,0.6779129505157471
2,68,9,1801,0.6776997447013855
2,68,10,1427,0.6772602796554565
2,69,1,2183,0.7186287641525269
2,69,2,2111,0.7102500796318054
2,69,3,112,0.7099782824516296
2,69,4,201,0.7063655257225037
2,69,5,1791,0.7050195336341858
2,69,6,2028,0.7022148966789246
2,69,7,1196,0.6980710625648499
2,69,8,3010,0.6974260807037354
2,69,9,1538,0.6943517327308655
2,69,10,3019,0.6929344534873962
2,70,1,2111,0.7497369050979614
2,70,2,3010,0.7428570985794067
2,70,3,2581,0.7388653755187988
2,70,4,2183,0.7374280095100403
2,70,5,112,0.7346171736717224
2,70,6,1196,0.7304785251617432
2,70,7,201,0.7296006083488464
2,70,8,1791,0.7275712490081787
2,70,9,2028,0.7237050533294678
2,70,10,1362,0.7211137413978577
2,72,1,2368,0.7403784990310669
2,72,2,1388,0.7166664600372314
2,72,3,2409,0.7154975533485413
2,72,4,584,0.7061829566955566
2,72,5,3042,0.699306309223175
2,72,6,1287,0.6968740820884705
2,72,7,1059,0.6924151182174683
2,72,8,99,0.6641411185264587
2,72,9,1567,0.6628530621528625
2,72,10,1012,0.6604747176170349
2,73,1,1287,0.727688729763031
2,73,2,3042,0.7174966931343079
2,73,3,2287,0.6435281038284302
2,73,4,1267,0.6433530449867249
2,73,5,696,0.63788902759552
2,73,6,641,0.6371269226074219
2,73,7,2914,0.6334760189056396
2,73,8,1388,0.6331772804260254
2,73,9,2082,0.6330097317695618
2,73,10,2713,0.630327045917511
2,74,1,1388,0.7588340640068054
2,74,2,584,0.7541888356208801
2,74,3,1287,0.7340808510780334
2,74,4,1737,0.7285581231117249
2,74,5,3042,0.7198652029037476
2,74,6,2409,0.7145757079124451
2,74,7,2914,0.7128527164459229
2,74,8,1012,0.711701512336731
2,74,9,2287,0.7008508443832397
2,74,10,1059,0.6830276846885681
2,75,1,400,0.7373852729797363
2,75,2,1287,0.7092821002006531
2,75,3,1388,0.6851925849914551
2,75,4,2914,0.6744343042373657
2,75,5,584,0.6588683128356934
2,75,6,1737,0.6365695595741272
2,75,7,271,0.6362115740776062
2,75,8,2287,0.633111298084259
2,75,9,2409,0.6312556266784668
2,75,10,1267,0.6282814145088196
2,76,1,1362,0.8012423515319824
2,76,2,2581,0.7950512766838074
2,76,3,2599,0.7851237058639526
2,76,4,2111,0.7849956154823303
2,76,5,2082,0.7845363616943359
2,76,6,2104,0.7834051251411438
2,76,7,2558,0.782712459564209
2,76,8,641,0.7799412608146667
2,76,9,2481,0.7766261696815491
2,76,10,2194,0.7755614519119263
2,77,1,2287,0.806754469871521
2,77,2,641,0.763293981552124
2,77,3,1287,0.7610909938812256
2,77,4,2082,0.7573167085647583
2,77,5,1642,0.7571664452552795
2,77,6,2599,0.7570319175720215
2,77,7,2194,0.7547745704650879
2,77,8,2558,0.7547222375869751
2,77,9,1963,0.7541755437850952
2,77,10,2104,0.7536023259162903
2,78,1,2481,0.8180214166641235
2,78,2,1751,0.7374581098556519
2,78,3,2358,0.7151029706001282
2,78,4,2581,0.7080716490745544
2,78,5,2742,0.7030594348907471
2,78,6,1833,0.7024802565574646
2,78,7,2111,0.6959700584411621
2,78,8,2985,0.6902729868888855
2,78,9,1763,0.6882210969924927
2,78,10,55,0.6796090602874756
2,80,1,2745,0.7949258685112
2,80,2,655,0.7826243042945862
2,80,3,2660,0.7552189826965332
2,80,4,55,0.7535141706466675
2,80,5,3010,0.7448442578315735
2,80,6,1013,0.7404094934463501
2,80,7,2933,0.7370686531066895
2,80,8,2481,0.731968879699707
2,80,9,2695,0.7282006740570068
2,80,10,1308,0.727008581161499
2,81,1,2985,0.6987185478210449
2,81,2,2892,0.6561141014099121
2,81,3,62,0.6552265286445618
2,81,4,567,0.6355764269828796
2,81,5,2989,0.6332346200942993
2,81,6,1513,0.6312753558158875
2,81,7,861,0.6300923824310303
2,81,8,1638,0.626425564289093
2,81,9,2502,0.625302255153656
2,81,10,655,0.6234070658683777
2,82,1,55,0.6497237086296082
2,82,2,2789,0.6484178304672241
2,82,3,857,0.6467264294624329
2,82,4,364,0.6442286968231201
2,82,5,1078,0.6431161165237427
2,82,6,612,0.6371814012527466
2,82,7,1550,0.634980320930481
2,82,8,2416,0.6306701302528381
2,82,9,2410,0.6249251961708069
2,82,10,861,0.6212998628616333
2,83,1,1513,0.7398018836975098
2,83,2,1979,0.7320148944854736
2,83,3,2985,0.7315394282341003
2,83,4,1550,0.7306188344955444
2,83,5,655,0.729846715927124
2,83,6,2684,0.7175767421722412
2,83,7,1980,0.7115601897239685
2,83,8,1013,0.7091298699378967
2,83,9,321,0.7023499608039856
2,83,10,2344,0.7020878791809082
2,84,1,2660,0.6629686951637268
2,84,2,1833,0.6594870686531067
2,84,3,2416,0.6545296311378479
2,84,4,706,0.6494504809379578
2,84,5,1763,0.6424253582954407
2,84,6,55,0.6395048499107361
2,84,7,364,0.6365135312080383
2,84,8,2789,0.6247072815895081
2,84,9,748,0.6001010537147522
2,84,10,2502,0.5998897552490234
2,85,1,2684,0.7536228895187378
2,85,2,321,0.7482655048370361
2,85,3,3010,0.737092137336731
2,85,4,2114,0.7326416969299316
2,85,5,3032,0.7048829197883606
2,85,6,1196,0.6994318962097168
2,85,7,2933,0.6894529461860657
2,85,8,1013,0.6851003766059875
2,85,9,2695,0.6821767091751099
2,85,10,2985,0.6789115071296692
2,86,1,1979,0.7969321012496948
2,86,2,2684,0.7528833746910095
2,86,3,3010,0.7474340796470642
2,86,4,1196,0.7097288370132446
2,86,5,1833,0.6948791742324829
2,86,6,1013,0.6852559447288513
2,86,7,2183,0.6847004294395447
2,86,8,2114,0.6841806769371033
2,86,9,112,0.6823119521141052
2,86,10,201,0.6765035390853882
2,87,1,1979,0.7185225486755371
2,87,2,2114,0.713936448097229
2,87,3,3032,0.6978517174720764
2,87,4,2933,0.6735280752182007
2,87,5,2660,0.6698033213615417
2,87,6,3010,0.6697857975959778
2,87,7,2695,0.6616641879081726
2,87,8,2344,0.6556194424629211
2,87,9,1013,0.6525791883468628
2,87,10,2985,0.6469754576683044
2,88,1,1040,0.6037869453430176
2,88,2,884,0.6013440489768982
2,88,3,957,0.5992645621299744
2,88,4,1579,0.5956709384918213
2,88,5,1091,0.5839419364929199
2,88,6,293,0.5821365118026733
2,88,7,2163,0.5705184936523438
2,88,8,1490,0.5685850977897644
2,88,9,2725,0.5489272475242615
2,88,10,2205,0.5485689043998718
2,89,1,884,0.7244479656219482
2,89,2,1040,0.7231548428535461
2,89,3,293,0.7180023789405823
2,89,4,2007,0.7068619728088379
2,89,5,957,0.7018172740936279
2,89,6,2755,0.6879875063896179
2,89,7,1579,0.6772391200065613
2,89,8,2372,0.6720256805419922
2,89,9,2725,0.6662612557411194
2,89,10,14,0.6638153195381165
2,90,1,2963,0.7532539367675781
2,90,2,2302,0.7262140512466431
2,90,3,2755,0.6977532505989075
2,90,4,2892,0.6879891753196716
2,90,5,1546,0.6720954775810242
2,90,6,706,0.6678194999694824
2,90,7,2408,0.6611374616622925
2,90,8,1521,0.6449161767959595
2,90,9,128,0.6418875455856323
2,90,10,2654,0.6327962279319763
2,91,1,2892,0.7165988087654114
2,91,2,62,0.6954368352890015
2,91,3,2654,0.6941134333610535
2,91,4,2302,0.6816551685333252
2,91,5,1335,0.6814748048782349
2,91,6,2963,0.6812340021133423
2,91,7,128,0.6798014044761658
2,91,8,2985,0.6785137057304382
2,91,9,2695,0.6761738657951355
2,91,10,706,0.664976954460144
2,93,1,62,0.7530403137207031
2,93,2,1691,0.7377607822418213
2,93,3,1335,0.7223454117774963
2,93,4,2985,0.7087831497192383
2,93,5,706,0.7078350186347961
2,93,6,128,0.6988829970359802
2,93,7,2963,0.6963225603103638
2,93,8,2302,0.6858439445495605
2,93,9,95,0.6836666464805603
2,93,10,1374,0.680778443813324
2,94,1,1691,0.80889892578125
2,94,2,1374,0.7605334520339966
2,94,3,706,0.7577743530273438
2,94,4,402,0.6775506138801575
2,94,5,644,0.6730515956878662
2,94,6,2738,0.6720956563949585
2,94,7,208,0.6712108850479126
2,94,8,2848,0.6644175052642822
2,94,9,459,0.6617890000343323
2,94,10,474,0.6604978442192078
2,95,1,459,0.7416017055511475
2,95,2,1335,0.7277837991714478
2,95,3,2985,0.7213802933692932
2,95,4,95,0.7106731534004211
2,95,5,60,0.7012888789176941
2,95,6,706,0.6790765523910522
2,95,7,62,0.6771873235702515
2,95,8,738,0.6706169247627258
2,95,9,1691,0.666892409324646
2,95,10,230,0.6407979130744934
2,97,1,2416,0.74174964427948
2,97,2,205,0.7353009581565857
2,97,3,739,0.7351018786430359
2,97,4,2660,0.7303322553634644
2,97,5,612,0.7049001455307007
2,97,6,3032,0.688326895236969
2,97,7,1255,0.6726351380348206
2,97,8,2654,0.6628815531730652
2,97,9,748,0.6586255431175232
2,97,10,2787,0.6568616628646851
2,98,1,205,0.7933183312416077
2,98,2,3054,0.7844401001930237
2,98,3,612,0.7737770676612854
2,98,4,739,0.7273375391960144
2,98,5,426,0.7245954275131226
2,98,6,598,0.7210810780525208
2,98,7,615,0.714692234992981
2,98,8,2502,0.7140325307846069
2,98,9,415,0.7115600109100342
2,98,10,567,0.7039360404014587
2,99,1,748,0.7525877356529236
2,99,2,1833,0.7297989130020142
2,99,3,1335,0.720057487487793
2,99,4,1255,0.694751501083374
2,99,5,2985,0.6848219037055969
2,99,6,2660,0.6827678680419922
2,99,7,2787,0.6819823384284973
2,99,8,205,0.6762357950210571
2,99,9,1763,0.6753522157669067
2,99,10,706,0.6730163097381592
2,100,1,1763,0.7853574156761169
2,100,2,1335,0.7458807229995728
2,100,3,2832,0.7448843717575073
2,100,4,2985,0.7271518707275391
2,100,5,748,0.7271035313606262
2,100,6,2502,0.7170900106430054
2,100,7,62,0.7153480648994446
2,100,8,1255,0.7113686203956604
2,100,9,2994,0.7068786025047302
2,100,10,415,0.698443591594696
2,101,1,1569,0.7209708094596863
2,101,2,2285,0.7196703553199768
2,101,3,2444,0.7085672616958618
2,101,4,2920,0.7072204947471619
2,101,5,861,0.7008224129676819
2,101,6,689,0.6995741724967957
2,101,7,1374,0.6963549852371216
2,101,8,1156,0.6943666338920593
2,101,9,494,0.6923269033432007
2,101,10,1650,0.6910653710365295
2,102,1,675,0.7484483122825623
2,102,2,559,0.7396160364151001
2,102,3,1681,0.7361696362495422
2,102,4,494,0.7342419624328613
2,102,5,2521,0.731547474861145
2,102,6,2998,0.7260351777076721
2,102,7,556,0.7259113192558289
2,102,8,2951,0.7224761843681335
2,102,9,769,0.7222586274147034
2,102,10,2238,0.7063982486724854
2,103,1,1763,0.7591679096221924
2,103,2,494,0.7576291561126709
2,103,3,364,0.7564750909805298
2,103,4,2832,0.7422965168952942
2,103,5,93,0.7325418591499329
2,103,6,1156,0.7281355857849121
2,103,7,1295,0.724597692489624
2,103,8,2998,0.7195997834205627
2,103,9,2896,0.7110059261322021
2,103,10,2476,0.7083765268325806
2,104,1,2448,0.8059101700782776
2,104,2,2367,0.7856801748275757
2,104,3,1496,0.7782948017120361
2,104,4,2087,0.7749466300010681
2,104,5,2358,0.7728379964828491
2,104,6,2998,0.7691658735275269
2,104,7,2951,0.7628419399261475
2,104,8,93,0.7595143914222717
2,104,9,494,0.7575156688690186
2,104,10,559,0.7529731392860413
2,105,1,2448,0.7743000388145447
2,105,2,534,0.7616625428199768
2,105,3,215,0.7616342902183533
2,105,4,2087,0.7602983117103577
2,105,5,2367,0.7588822245597839
2,105,6,769,0.7456086874008179
2,105,7,2998,0.7414233684539795
2,105,8,494,0.7371208667755127
2,105,9,2951,0.7366237044334412
2,105,10,2990,0.7343571186065674
2,106,1,1645,0.7000418901443481
2,106,2,1267,0.6977659463882446
2,106,3,1708,0.6975540518760681
2,106,4,1044,0.6973211169242859
2,106,5,1686,0.6971567869186401
2,106,6,1650,0.6910820007324219
2,106,7,2920,0.6873905062675476
2,106,8,1569,0.6844183802604675
2,106,9,415,0.6769355535507202
2,106,10,689,0.6746853590011597
2,108,1,675,0.7758044600486755
2,108,2,2087,0.7728958129882812
2,108,3,2448,0.7636919021606445
2,108,4,534,0.7587384581565857
2,108,5,2998,0.7549425363540649
2,108,6,556,0.7531691789627075
2,108,7,2358,0.7479916214942932
2,108,8,2159,0.7443010210990906
2,108,9,2482,0.7410378456115723
2,108,10,1681,0.7403502464294434
2,109,1,2916,0.6772857904434204
2,109,2,193,0.6769707202911377
2,109,3,2159,0.6742487549781799
2,109,4,1720,0.6740902662277222
2,109,5,2095,0.6700240969657898
2,109,6,215,0.6613648533821106
2,109,7,532,0.6612176895141602
2,109,8,2920,0.6567157506942749
2,109,9,500,0.6547935605049133
2,109,10,1569,0.654644787311554
2,110,1,481,0.5474553108215332
2,110,2,1569,0.5394452810287476
2,110,3,1161,0.5376689434051514
2,110,4,541,0.5368813276290894
2,110,5,2285,0.5363408327102661
2,110,6,1682,0.5349791646003723
2,110,7,1501,0.534392774105072
2,110,8,495,0.5336072444915771
2,110,9,1831,0.5317079424858093
2,110,10,2159,0.5300853848457336
2,111,1,2738,0.6441689133644104
2,111,2,2429,0.6295846700668335
2,111,3,653,0.6263880729675293
2,111,4,49,0.6217015981674194
2,111,5,402,0.6207844018936157
2,111,6,2848,0.6151090264320374
2,111,7,2444,0.6128037571907043
2,111,8,1558,0.610054612159729
2,111,9,194,0.6028962135314941
2,111,10,2590,0.6016092300415039
2,112,1,1597,0.8146556615829468
2,112,2,1592,0.7875992059707642
2,112,3,1072,0.7712869048118591
2,112,4,1327,0.7502248883247375
2,112,5,731,0.7297313213348389
2,112,6,2291,0.7290456295013428
2,112,7,2969,0.7193760275840759
2,112,8,939,0.7186513543128967
2,112,9,14,0.7147421836853027
2,112,10,315,0.7143204212188721
2,113,1,1940,0.7717007994651794
2,113,2,939,0.7520754933357239
2,113,3,1592,0.7385132908821106
2,113,4,1597,0.7298241853713989
2,113,5,2429,0.7236786484718323
2,113,6,1327,0.7104756832122803
2,113,7,1072,0.7082594633102417
2,113,8,8,0.6988525986671448
2,113,9,852,0.6937973499298096
2,113,10,44,0.6933962106704712
2,114,1,1374,0.7641307711601257
2,114,2,2444,0.7519651055335999
2,114,3,2285,0.7112216353416443
2,114,4,644,0.705301821231842
2,114,5,2989,0.6964698433876038
2,114,6,1201,0.695837140083313
2,114,7,857,0.6867513060569763
2,114,8,861,0.673845648765564
2,114,9,364,0.6672484278678894
2,114,10,2502,0.6556856036186218
2,115,1,2989,0.7109786868095398
2,115,2,861,0.701789379119873
2,115,3,857,0.6975176930427551
2,115,4,14,0.6919146776199341
2,115,5,250,0.6854418516159058
2,115,6,969,0.6835826635360718
2,115,7,644,0.6833704113960266
2,115,8,364,0.6831863522529602
2,115,9,2127,0.6662031412124634
2,115,10,2502,0.6658318638801575
2,116,1,2285,0.7354710102081299
2,116,2,2738,0.7269685864448547
2,116,3,861,0.7052931785583496
2,116,4,2989,0.7009697556495667
2,116,5,969,0.6928949356079102
2,116,6,2502,0.6841779947280884
2,116,7,1638,0.6731327176094055
2,116,8,250,0.6577003598213196
2,116,9,857,0.6522589921951294
2,116,10,1112,0.6422354578971863
2,117,1,250,0.7654024362564087
2,117,2,2285,0.755915105342865
2,117,3,861,0.7361476421356201
2,117,4,857,0.7326169013977051
2,117,5,1078,0.7290062308311462
2,117,6,2476,0.7273015975952148
2,117,7,2016,0.7209633588790894
2,117,8,364,0.7201706171035767
2,117,9,969,0.7098263502120972
2,117,10,2998,0.7067353129386902
2,118,1,1638,0.7377352118492126
2,118,2,2502,0.6825990080833435
2,118,3,612,0.6795338988304138
2,118,4,2848,0.677251935005188
2,118,5,2789,0.6771154403686523
2,118,6,601,0.6712376475334167
2,118,7,2285,0.6690585613250732
2,118,8,611,0.6671571731567383
2,118,9,2957,0.6517091989517212
2,118,10,2556,0.6506801843643188
2,119,1,2654,0.7818378806114197
2,119,2,601,0.7713450193405151
2,119,3,2444,0.7351972460746765
2,119,4,2258,0.7248453497886658
2,119,5,969,0.7177976369857788
2,119,6,364,0.7139071822166443
2,119,7,2291,0.713765561580658
2,119,8,2848,0.7104732394218445
2,119,9,612,0.7060647010803223
2,119,10,1374,0.7049378752708435
2,120,1,601,0.7732312679290771
2,120,2,2654,0.7613201141357422
2,120,3,2444,0.7516451478004456
2,120,4,2258,0.7330334186553955
2,120,5,2848,0.7256805896759033
2,120,6,1374,0.7251707911491394
2,120,7,2291,0.7170653343200684
2,120,8,612,0.7097219228744507
2,120,9,1201,0.7077156901359558
2,120,10,402,0.7066025733947754
2,121,1,2654,0.7602460384368896
2,121,2,601,0.7331833839416504
2,121,3,2444,0.7113513946533203
2,121,4,14,0.7068318724632263
2,121,5,1946,0.7056084871292114
2,121,6,2661,0.7054981589317322
2,121,7,1597,0.6909544467926025
2,121,8,2848,0.6832969188690186
2,121,9,364,0.6807286739349365
2,121,10,2258,0.6766005158424377
2,122,1,1487,0.7496464848518372
2,122,2,1087,0.7336376905441284
2,122,3,1683,0.7315441370010376
2,122,4,1359,0.6818665266036987
2,122,5,235,0.6725348234176636
2,122,6,2053,0.662768542766571
2,122,7,1342,0.6436084508895874
2,122,8,681,0.6386415958404541
2,122,9,2632,0.6371157765388489
2,122,10,177,0.6341707706451416
2,123,1,1683,0.7712741494178772
2,123,2,1775,0.7329698801040649
2,123,3,1342,0.7313410639762878
2,123,4,1197,0.7255712747573853
2,123,5,1518,0.724969208240509
2,123,6,186,0.7173593640327454
2,123,7,699,0.7121177911758423
2,123,8,2995,0.7092189788818359
2,123,9,80,0.7075064778327942
2,123,10,1721,0.7007332444190979
2,124,1,1487,0.747893214225769
2,124,2,1359,0.7130475044250488
2,124,3,2552,0.6827446818351746
2,124,4,177,0.6781331896781921
2,124,5,429,0.6726195812225342
2,124,6,2632,0.6571878790855408
2,124,7,1342,0.6564587950706482
2,124,8,421,0.6515251398086548
2,124,9,2717,0.6503564715385437
2,124,10,99,0.6479058265686035
2,125,1,2552,0.7241010069847107
2,125,2,1683,0.7103066444396973
2,125,3,235,0.673917293548584
2,125,4,2937,0.6466912031173706
2,125,5,1342,0.6373143196105957
2,125,6,2961,0.635692834854126
2,125,7,2882,0.635216474533081
2,125,8,31,0.6224732995033264
2,125,9,1359,0.6165153384208679
2,125,10,1151,0.6144163608551025
2,127,1,177,0.7417216897010803
2,127,2,2717,0.7066165804862976
2,127,3,421,0.7050929069519043
2,127,4,2668,0.6991218328475952
2,127,5,1518,0.6935189962387085
2,127,6,2940,0.6895829439163208
2,127,7,2299,0.6867689490318298
2,127,8,2552,0.6790091395378113
2,127,9,118,0.6709374785423279
2,127,10,2937,0.6672049164772034
2,129,1,1487,0.7836555242538452
2,129,2,2632,0.7740734815597534
2,129,3,177,0.7411688566207886
2,129,4,2552,0.6867461204528809
2,129,5,118,0.681148886680603
2,129,6,1816,0.6810311079025269
2,129,7,845,0.6672396063804626
2,129,8,99,0.6599141955375671
2,129,9,699,0.6554354429244995
2,129,10,2937,0.6471412181854248
2,131,1,177,0.8194021582603455
2,131,2,780,0.8032429814338684
2,131,3,1644,0.7993255853652954
2,131,4,1939,0.7932584881782532
2,131,5,1359,0.7929974794387817
2,131,6,1721,0.7827655076980591
2,131,7,1487,0.778139054775238
2,131,8,2089,0.7750765085220337
2,131,9,1775,0.7721078395843506
2,131,10,1683,0.77186518907547
2,132,1,2089,0.7837392687797546
2,132,2,1341,0.7795191407203674
2,132,3,560,0.7768421769142151
2,132,4,1644,0.7660760283470154
2,132,5,39,0.7472846508026123
2,132,6,780,0.7427197694778442
2,132,7,476,0.7423862218856812
2,132,8,1861,0.7405945062637329
2,132,9,1717,0.7386245727539062
2,132,10,2435,0.736427366733551
2,133,1,2089,0.7837392687797546
2,133,2,1341,0.7795191407203674
2,133,3,560,0.7768421769142151
2,133,4,1644,0.7660760283470154
2,133,5,39,0.7472846508026123
2,133,6,780,0.7427197694778442
2,133,7,476,0.7423862218856812
2,133,8,1861,0.7405945062637329
2,133,9,1717,0.7386245727539062
2,133,10,2435,0.736427366733551
2,134,1,2089,0.7837392687797546
2,134,2,1341,0.7795191407203674
2,134,3,560,0.7768421769142151
2,134,4,1644,0.7660760283470154
2,134,5,39,0.7472846508026123
2,134,6,780,0.7427197694778442
2,134,7,476,0.7423862218856812
2,134,8,1861,0.7405945062637329
2,134,9,1717,0.7386245727539062
2,134,10,2435,0.736427366733551
2,135,1,2089,0.7837392687797546
2,135,2,1341,0.7795191407203674
2,135,3,560,0.7768421769142151
2,135,4,1644,0.7660760283470154
2,135,5,39,0.7472846508026123
2,135,6,780,0.7427197694778442
2,135,7,476,0.7423862218856812
2,135,8,1861,0.7405945062637329
2,135,9,1717,0.7386245727539062
2,135,10,2435,0.736427366733551
2,136,1,1939,0.8487057089805603
2,136,2,1644,0.7840784788131714
2,136,3,98,0.7835123538970947
2,136,4,2234,0.7819249033927917
2,136,5,2804,0.7761281132698059
2,136,6,2067,0.769618570804596
2,136,7,2202,0.7652701735496521
2,136,8,780,0.7615788578987122
2,136,9,2313,0.7595159411430359
2,136,10,1424,0.7469515800476074
2,137,1,1775,0.7942509651184082
2,137,2,746,0.7855948805809021
2,137,3,271,0.7548323273658752
2,137,4,177,0.7508430480957031
2,137,5,2016,0.7453639507293701
2,137,6,186,0.7353982925415039
2,137,7,1939,0.725970447063446
2,137,8,2618,0.7211303114891052
2,137,9,2963,0.7187522649765015
2,137,10,1816,0.7128344178199768
2,138,1,1775,0.7898609638214111
2,138,2,746,0.7678079009056091
2,138,3,2288,0.7637830972671509
2,138,4,177,0.7531734108924866
2,138,5,1816,0.7474341988563538
2,138,6,1939,0.747358500957489
2,138,7,271,0.7465754151344299
2,138,8,1982,0.7435943484306335
2,138,9,186,0.7296948432922363
2,138,10,557,0.7255853414535522
2,139,1,1775,0.7975817918777466
2,139,2,1939,0.7939882278442383
2,139,3,1197,0.7861863374710083
2,139,4,1872,0.7612754702568054
2,139,5,177,0.752368688583374
2,139,6,186,0.7425360679626465
2,139,7,1352,0.7371035218238831
2,139,8,1424,0.732326865196228
2,139,9,780,0.7230469584465027
2,139,10,2167,0.722814679145813
2,140,1,1816,0.7550418972969055
2,140,2,271,0.7217877507209778
2,140,3,1438,0.7126758694648743
2,140,4,1342,0.7094047665596008
2,140,5,1359,0.7026070356369019
2,140,6,2050,0.7021422386169434
2,140,7,346,0.69633948802948
2,140,8,1388,0.6903138756752014
2,140,9,99,0.6871307492256165
2,140,10,310,0.6817697882652283
2,141,1,1341,0.7941794991493225
2,141,2,2313,0.7854833006858826
2,141,3,2234,0.7752963304519653
2,141,4,1939,0.7600845098495483
2,141,5,1644,0.7572051882743835
2,141,6,1424,0.74660724401474
2,141,7,3047,0.7361274361610413
2,141,8,2940,0.730901837348938
2,141,9,39,0.7301832437515259
2,141,10,2717,0.7234039902687073
2,142,1,2234,0.7821524739265442
2,142,2,2313,0.7792956829071045
2,142,3,1939,0.7589867115020752
2,142,4,2202,0.758047342300415
2,142,5,1424,0.7549027800559998
2,142,6,1644,0.746351420879364
2,142,7,3047,0.7330318093299866
2,142,8,2940,0.6975196599960327
2,142,9,2717,0.68946772813797
2,142,10,421,0.6874125599861145
2,143,1,1892,0.769432783126831
2,143,2,1939,0.7554739713668823
2,143,3,2067,0.7489408254623413
2,143,4,2234,0.745697021484375
2,143,5,1644,0.7447172403335571
2,143,6,2089,0.7399015426635742
2,143,7,2877,0.7337891459465027
2,143,8,1435,0.7305230498313904
2,143,9,39,0.7159460783004761
2,143,10,1712,0.7144613862037659
2,144,1,177,0.8504706621170044
2,144,2,2234,0.827926516532898
2,144,3,2810,0.8181178569793701
2,144,4,1644,0.8117929100990295
2,144,5,186,0.7961141467094421
2,144,6,1721,0.7907692790031433
2,144,7,1939,0.7795277833938599
2,144,8,2632,0.7792402505874634
2,144,9,1775,0.7764490246772766
2,144,10,780,0.7722212672233582
2,145,1,2234,0.8247131109237671
2,145,2,2810,0.8242017030715942
2,145,3,1644,0.8080229759216309
2,145,4,177,0.8024100065231323
2,145,5,1939,0.7709556818008423
2,145,6,186,0.7675445675849915
2,145,7,1721,0.7642529606819153
2,145,8,2604,0.7637905478477478
2,145,9,39,0.7628875374794006
2,145,10,780,0.7583431005477905
2,146,1,2940,0.7962797284126282
2,146,2,1644,0.7898887991905212
2,146,3,39,0.7673464417457581
2,146,4,1721,0.7601413130760193
2,146,5,2810,0.7536075115203857
2,146,6,177,0.751400887966156
2,146,7,2751,0.7461937665939331
2,146,8,2234,0.7379687428474426
2,146,9,1717,0.7367778420448303
2,146,10,2089,0.736029326915741
2,147,1,1644,0.8026918172836304
2,147,2,39,0.7881156802177429
2,147,3,1194,0.7824682593345642
2,147,4,177,0.77590411901474
2,147,5,1721,0.7708603739738464
2,147,6,2234,0.7660878896713257
2,147,7,2810,0.7657132744789124
2,147,8,1717,0.7620834112167358
2,147,9,2751,0.7596874237060547
2,147,10,2604,0.755435585975647
2,148,1,2717,0.8122239112854004
2,148,2,421,0.8106778264045715
2,148,3,2940,0.8095270991325378
2,148,4,1644,0.7984192967414856
2,148,5,39,0.7936763167381287
2,148,6,560,0.769895613193512
2,148,7,1721,0.7655515074729919
2,148,8,1657,0.753255307674408
2,148,9,2810,0.7509394288063049
2,148,10,2412,0.7479386925697327
2,150,1,1644,0.8158341646194458
2,150,2,39,0.8015946745872498
2,150,3,2810,0.7921781539916992
2,150,4,2717,0.7916240692138672
2,150,5,421,0.7898916006088257
2,150,6,2751,0.7886166572570801
2,150,7,2940,0.7884865999221802
2,150,8,2604,0.7757559418678284
2,150,9,184,0.775188684463501
2,150,10,2234,0.7742725610733032
2,151,1,1939,0.8122646808624268
2,151,2,1424,0.7699132561683655
2,151,3,1775,0.7682207822799683
2,151,4,2604,0.757455587387085
2,151,5,186,0.7562747597694397
2,151,6,39,0.7529122829437256
2,151,7,1721,0.7500597238540649
2,151,8,2219,0.7476015686988831
2,151,9,2412,0.7345297336578369
2,151,10,1435,0.7320990562438965
2,153,1,1194,0.8162607550621033
2,153,2,177,0.7961514592170715
2,153,3,3047,0.7882730960845947
2,153,4,2940,0.7785161137580872
2,153,5,2717,0.7656667232513428
2,153,6,421,0.7621297836303711
2,153,7,414,0.750358521938324
2,153,8,2604,0.7418395280838013
2,153,9,1500,0.7409953474998474
2,153,10,1518,0.7379608750343323
2,154,1,2435,0.7915888428688049
2,154,2,3004,0.7891605496406555
2,154,3,634,0.7865732312202454
2,154,4,2751,0.7821311354637146
2,154,5,780,0.7686529159545898
2,154,6,177,0.7684963941574097
2,154,7,1861,0.7592974305152893
2,154,8,1194,0.7568337321281433
2,154,9,2412,0.7512150406837463
2,154,10,1424,0.7463788986206055
2,155,1,1644,0.8220125436782837
2,155,2,186,0.8077338337898254
2,155,3,2234,0.7966068983078003
2,155,4,1721,0.7921520471572876
2,155,5,2751,0.7852495908737183
2,155,6,1861,0.7796933650970459
2,155,7,1424,0.7761547565460205
2,155,8,780,0.7676142454147339
2,155,9,2940,0.7640798687934875
2,155,10,2435,0.7630967497825623
2,156,1,1644,0.8220125436782837
2,156,2,186,0.8077338337898254
2,156,3,2234,0.7966068983078003
2,156,4,1721,0.7921520471572876
2,156,5,2751,0.7852495908737183
2,156,6,1861,0.7796933650970459
2,156,7,1424,0.7761547565460205
2,156,8,780,0.7676142454147339
2,156,9,2940,0.7640798687934875
2,156,10,2435,0.7630967497825623
2,157,1,1644,0.8220125436782837
2,157,2,186,0.8077338337898254
2,157,3,2234,0.7966068983078003
2,157,4,1721,0.7921520471572876
2,157,5,2751,0.7852495908737183
2,157,6,1861,0.7796933650970459
2,157,7,1424,0.7761547565460205
2,157,8,780,0.7676142454147339
2,157,9,2940,0.7640798687934875
2,157,10,2435,0.7630967497825623
2,159,1,186,0.7637542486190796
2,159,2,1721,0.7511858344078064
2,159,3,1898,0.739609956741333
2,159,4,1871,0.7256813645362854
2,159,5,2995,0.7068449258804321
2,159,6,2016,0.7056853771209717
2,159,7,250,0.6972233653068542
2,159,8,2097,0.6932506561279297
2,159,9,1775,0.6912607550621033
2,159,10,464,0.6904128193855286
2,160,1,186,0.7569943070411682
2,160,2,1644,0.7360596656799316
2,160,3,2810,0.7288682460784912
2,160,4,177,0.7184625267982483
2,160,5,2940,0.7034561038017273
2,160,6,1721,0.7017021775245667
2,160,7,2234,0.7012182474136353
2,160,8,2717,0.7003011107444763
2,160,9,421,0.6980481147766113
2,160,10,1500,0.6936224102973938
2,161,1,186,0.7821582555770874
2,161,2,2016,0.7746837139129639
2,161,3,250,0.7672078609466553
2,161,4,1721,0.730501115322113
2,161,5,2995,0.7221529483795166
2,161,6,177,0.7090826034545898
2,161,7,1500,0.6975580453872681
2,161,8,1151,0.6968562006950378
2,161,9,1194,0.6956329345703125
2,161,10,2810,0.6931887269020081
2,162,1,2937,0.6619203090667725
2,162,2,584,0.6404833793640137
2,162,3,2089,0.6378616094589233
2,162,4,99,0.6268351078033447
2,162,5,2319,0.6260548830032349
2,162,6,699,0.620246946811676
2,162,7,1388,0.6170589327812195
2,162,8,2409,0.6164739727973938
2,162,9,780,0.6148388385772705
2,162,10,3037,0.6084820032119751
2,163,1,2937,0.7004411220550537
2,163,2,2319,0.6884980201721191
2,163,3,32,0.6816052198410034
2,163,4,2706,0.6772991418838501
2,163,5,1446,0.6658596396446228
2,163,6,2099,0.6462982892990112
2,163,7,1724,0.6430872678756714
2,163,8,1250,0.6400816440582275
2,163,9,2702,0.6331437826156616
2,163,10,986,0.6316837668418884
2,164,1,2937,0.7112411856651306
2,164,2,2319,0.7017999887466431
2,164,3,2706,0.675003707408905
2,164,4,2409,0.6616087555885315
2,164,5,584,0.6564896702766418
2,164,6,1446,0.6467821598052979
2,164,7,1586,0.6420127153396606
2,164,8,2053,0.6419867873191833
2,164,9,453,0.6325363516807556
2,164,10,551,0.6279797554016113
2,165,1,1446,0.6768392324447632
2,165,2,1100,0.6481739282608032
2,165,3,2706,0.6467877626419067
2,165,4,327,0.6429367065429688
2,165,5,2952,0.6379106640815735
2,165,6,2099,0.6326220631599426
2,165,7,990,0.6265023350715637
2,165,8,2090,0.6247931122779846
2,165,9,2286,0.6246963143348694
2,165,10,2937,0.6225177049636841
2,166,1,2533,0.8151317238807678
2,166,2,2030,0.8058497309684753
2,166,3,1082,0.8040042519569397
2,166,4,1237,0.7877667546272278
2,166,5,1757,0.7743843197822571
2,166,6,2952,0.7636713981628418
2,166,7,1442,0.7635529637336731
2,166,8,2090,0.7618614435195923
2,166,9,2678,0.7593280673027039
2,166,10,986,0.7578353881835938
2,167,1,2560,0.7077649235725403
2,167,2,1104,0.700020968914032
2,167,3,2369,0.6926150321960449
2,167,4,1047,0.6894106268882751
2,167,5,40,0.6836631298065186
2,167,6,2719,0.672996461391449
2,167,7,551,0.6727025508880615
2,167,8,123,0.6605020761489868
2,167,9,205,0.6577748656272888
2,167,10,2957,0.6573830246925354
2,168,1,1082,0.8369846343994141
2,168,2,1927,0.8311344385147095
2,168,3,2868,0.8288871049880981
2,168,4,2678,0.8230802416801453
2,168,5,1250,0.8079133033752441
2,168,6,1279,0.7891216278076172
2,168,7,1805,0.788954496383667
2,168,8,1821,0.7885802984237671
2,168,9,216,0.7848552465438843
2,168,10,1034,0.7811286449432373
2,169,1,1927,0.8005543947219849
2,169,2,1250,0.7800436615943909
2,169,3,2286,0.7757805585861206
2,169,4,1415,0.7505983114242554
2,169,5,2678,0.7386245131492615
2,169,6,2868,0.7233870625495911
2,169,7,986,0.7093091011047363
2,169,8,1442,0.7081148624420166
2,169,9,1724,0.707612931728363
2,169,10,1080,0.7018616199493408
2,170,1,1082,0.8221743702888489
2,170,2,1927,0.8205604553222656
2,170,3,2868,0.811787486076355
2,170,4,2678,0.8107351660728455
2,170,5,1250,0.8064215183258057
2,170,6,1237,0.7840235829353333
2,170,7,1805,0.7816178202629089
2,170,8,1080,0.7775701880455017
2,170,9,2894,0.7764325737953186
2,170,10,137,0.7749286890029907
2,171,1,2560,0.8617575168609619
2,171,2,2719,0.7505486607551575
2,171,3,1963,0.7468506693840027
2,171,4,453,0.7463829517364502
2,171,5,2481,0.7417404055595398
2,171,6,1339,0.7343332767486572
2,171,7,2134,0.7318001389503479
2,171,8,40,0.7286206483840942
2,171,9,2745,0.721996009349823
2,171,10,2395,0.7211802005767822
2,172,1,2957,0.7618586421012878
2,172,2,2073,0.7541675567626953
2,172,3,2395,0.7461755275726318
2,172,4,1339,0.7441490292549133
2,172,5,2237,0.7327396273612976
2,172,6,542,0.7300319075584412
2,172,7,1724,0.7205284833908081
2,172,8,2702,0.7164114713668823
2,172,9,1080,0.7148325443267822
2,172,10,2134,0.7130882740020752
2,173,1,1963,0.7248165607452393
2,173,2,1724,0.7061530351638794
2,173,3,325,0.7041945457458496
2,173,4,40,0.7028790712356567
2,173,5,1047,0.7010381817817688
2,173,6,2967,0.6980157494544983
2,173,7,1615,0.6905924081802368
2,173,8,1766,0.690401554107666
2,173,9,1344,0.6870456337928772
2,173,10,727,0.6861985921859741
2,174,1,1838,0.7580346465110779
2,174,2,2395,0.7387846112251282
2,174,3,1047,0.7296183109283447
2,174,4,2073,0.7221372723579407
2,174,5,2957,0.7170975804328918
2,174,6,2134,0.6946954131126404
2,174,7,1339,0.6941786408424377
2,174,8,453,0.688667893409729
2,174,9,689,0.6865430474281311
2,174,10,2702,0.6857799291610718
2,175,1,2896,0.7875082492828369
2,175,2,1763,0.782296359539032
2,175,3,2998,0.7673797011375427
2,175,4,1838,0.7504620552062988
2,175,5,1156,0.7486331462860107
2,175,6,316,0.7420241236686707
2,175,7,2556,0.7377246618270874
2,175,8,2134,0.7371904253959656
2,175,9,494,0.7353149652481079
2,175,10,1255,0.7214763760566711
2,176,1,675,0.786846399307251
2,176,2,1681,0.7840721011161804
2,176,3,2448,0.7759739756584167
2,176,4,2998,0.7754491567611694
2,176,5,1156,0.771732747554779
2,176,6,94,0.7577019333839417
2,176,7,1763,0.7467852234840393
2,176,8,2367,0.7464324235916138
2,176,9,2087,0.7439513206481934
2,176,10,2832,0.7416201233863831
2,177,1,2920,0.8231200575828552
2,177,2,1708,0.8205530047416687
2,177,3,1044,0.8199694752693176
2,177,4,1645,0.8189297318458557
2,177,5,1686,0.816306471824646
2,177,6,1267,0.8099444508552551
2,177,7,1142,0.7865080237388611
2,177,8,415,0.7861340045928955
2,177,9,2713,0.760773241519928
2,177,10,1744,0.7603073120117188
2,178,1,1645,0.7617582678794861
2,178,2,1686,0.7599003314971924
2,178,3,1044,0.7598122358322144
2,178,4,1267,0.7536444664001465
2,178,5,1708,0.7521936893463135
2,178,6,1142,0.7368528246879578
2,178,7,767,0.7320280075073242
2,178,8,415,0.7219951748847961
2,178,9,2713,0.7205529808998108
2,178,10,629,0.7158124446868896
2,179,1,1650,0.7660247087478638
2,179,2,2920,0.7416120171546936
2,179,3,767,0.7382122278213501
2,179,4,674,0.736470639705658
2,179,5,689,0.734616756439209
2,179,6,415,0.7239375710487366
2,179,7,1569,0.7097001075744629
2,179,8,1744,0.7037957310676575
2,179,9,2556,0.6965291500091553
2,179,10,1235,0.6929838061332703
2,180,1,1763,0.8101730942726135
2,180,2,1569,0.7924911975860596
2,180,3,689,0.7817627787590027
2,180,4,2920,0.7800089716911316
2,180,5,2502,0.7791378498077393
2,180,6,1650,0.7786839008331299
2,180,7,2832,0.7765210866928101
2,180,8,2192,0.762642502784729
2,180,9,674,0.7607502341270447
2,180,10,2994,0.7544938325881958
2,181,1,1650,0.7964909076690674
2,181,2,689,0.7950696349143982
2,181,3,2920,0.79219651222229
2,181,4,1235,0.7891154885292053
2,181,5,2502,0.7882053256034851
2,181,6,2832,0.7873350977897644
2,181,7,1763,0.7809973955154419
2,181,8,1569,0.77871173620224
2,181,9,674,0.7704895734786987
2,181,10,1744,0.7699167132377625
2,182,1,1044,0.8196308612823486
2,182,2,1686,0.8142417669296265
2,182,3,1650,0.7963426113128662
2,182,4,689,0.7865504026412964
2,182,5,1744,0.7849368453025818
2,182,6,2920,0.7841737866401672
2,182,7,2713,0.7782992124557495
2,182,8,674,0.7730322480201721
2,182,9,1235,0.769668459892273
2,182,10,1569,0.7642740607261658
2,183,1,2832,0.7660268545150757
2,183,2,193,0.7539294958114624
2,183,3,748,0.743792712688446
2,183,4,1632,0.7408444285392761
2,183,5,2306,0.7395707368850708
2,183,6,1255,0.738849937915802
2,183,7,2994,0.7358782887458801
2,183,8,2192,0.7349613308906555
2,183,9,1763,0.7327011823654175
2,183,10,483,0.7297239899635315
2,184,1,1620,0.8237390518188477
2,184,2,1235,0.8024518489837646
2,184,3,2832,0.802038848400116
2,184,4,2916,0.7835566997528076
2,184,5,2192,0.771550714969635
2,184,6,532,0.7658419609069824
2,184,7,1632,0.7615661025047302
2,184,8,689,0.7605171203613281
2,184,9,2920,0.7584629654884338
2,184,10,1156,0.7556431293487549
2,185,1,1235,0.7448123693466187
2,185,2,1142,0.7387412786483765
2,185,3,2345,0.7347823977470398
2,185,4,1044,0.734706461429596
2,185,5,257,0.7324017286300659
2,185,6,2118,0.732027530670166
2,185,7,1708,0.7317618131637573
2,185,8,1645,0.7265603542327881
2,185,9,1686,0.7246761322021484
2,185,10,1413,0.7203352451324463
2,186,1,1763,0.7907137870788574
2,186,2,2502,0.7635663151741028
2,186,3,316,0.7444691061973572
2,186,4,415,0.73548823595047
2,186,5,1720,0.7271859645843506
2,186,6,1374,0.7263807058334351
2,186,7,1429,0.725365936756134
2,186,8,1569,0.7231648564338684
2,186,9,1255,0.7211006879806519
2,186,10,2285,0.7202264666557312
2,187,1,364,0.7317799925804138
2,187,2,2416,0.6654854416847229
2,187,3,857,0.654514729976654
2,187,4,1838,0.6419633626937866
2,187,5,1176,0.6298225522041321
2,187,6,55,0.6215008497238159
2,187,7,1374,0.6169352531433105
2,187,8,2994,0.6150718331336975
2,187,9,3062,0.6147868633270264
2,187,10,612,0.6045199632644653
2,188,1,3016,0.7516375780105591
2,188,2,205,0.7280396223068237
2,188,3,1838,0.7148901224136353
2,188,4,1273,0.6983294486999512
2,188,5,2416,0.6928372383117676
2,188,6,2745,0.6822971105575562
2,188,7,2366,0.6820993423461914
2,188,8,364,0.6806925535202026
2,188,9,857,0.6799214482307434
2,188,10,612,0.6791840195655823
2,189,1,1586,0.6651344299316406
2,189,2,1080,0.6550747156143188
2,189,3,123,0.6539210081100464
2,189,4,453,0.6453332304954529
2,189,5,205,0.640369713306427
2,189,6,1308,0.6384710669517517
2,189,7,2745,0.6311096549034119
2,189,8,1725,0.6294673681259155
2,189,9,2390,0.6286765933036804
2,189,10,2560,0.616811990737915
2,190,1,2369,0.8009830713272095
2,190,2,1838,0.7859227061271667
2,190,3,1339,0.7704845070838928
2,190,4,205,0.7558261156082153
2,190,5,1273,0.7517911195755005
2,190,6,2745,0.7472131252288818
2,190,7,2366,0.7433274984359741
2,190,8,2560,0.7402936220169067
2,190,9,698,0.7365304827690125
2,190,10,1100,0.7251591682434082
2,191,1,2356,0.7306574583053589
2,191,2,78,0.7302776575088501
2,191,3,1979,0.7253656983375549
2,191,4,1513,0.7064157724380493
2,191,5,655,0.7030320763587952
2,191,6,540,0.6850547790527344
2,191,7,2661,0.6793976426124573
2,191,8,1980,0.6782069206237793
2,191,9,1113,0.6777926087379456
2,191,10,1308,0.6777793169021606
2,192,1,1513,0.7821213006973267
2,192,2,1979,0.7660504579544067
2,192,3,655,0.7524722814559937
2,192,4,1980,0.7241127490997314
2,192,5,158,0.7167407870292664
2,192,6,2684,0.7006853222846985
2,192,7,2323,0.7006723880767822
2,192,8,3010,0.6948771476745605
2,192,9,321,0.6885292530059814
2,192,10,1550,0.6843926310539246
2,194,1,542,0.6942337155342102
2,194,2,1513,0.6923314929008484
2,194,3,1979,0.6795269846916199
2,194,4,1836,0.6673047542572021
2,194,5,2324,0.6651363968849182
2,194,6,655,0.6609440445899963
2,194,7,439,0.6584900617599487
2,194,8,2961,0.6577046513557434
2,194,9,1946,0.6469241976737976
2,194,10,1831,0.6411704421043396
2,195,1,1059,0.8169842958450317
2,195,2,1567,0.7981023788452148
2,195,3,2053,0.7970082759857178
2,195,4,555,0.796884298324585
2,195,5,32,0.7901378870010376
2,195,6,986,0.7872141599655151
2,195,7,2952,0.7855705618858337
2,195,8,2090,0.7808654308319092
2,195,9,1724,0.7723621726036072
2,195,10,1415,0.7715651988983154
2,196,1,1567,0.8356624841690063
2,196,2,2053,0.8286388516426086
2,196,3,32,0.8285747766494751
2,196,4,1059,0.8278470635414124
2,196,5,1724,0.8054693937301636
2,196,6,2319,0.8044760227203369
2,196,7,555,0.8043587803840637
2,196,8,1415,0.798886239528656
2,196,9,2952,0.7842466831207275
2,196,10,544,0.7823536396026611
2,197,1,2286,0.8216503262519836
2,197,2,1082,0.8099857568740845
2,197,3,544,0.7938261032104492
2,197,4,2899,0.7749056816101074
2,197,5,1449,0.7705351114273071
2,197,6,1016,0.7701006531715393
2,197,7,1358,0.7651524543762207
2,197,8,1920,0.7623870968818665
2,197,9,2273,0.7537775039672852
2,197,10,40,0.7536110281944275
2,198,1,1358,0.8263198137283325
2,198,2,2090,0.8044509291648865
2,198,3,1082,0.8008717894554138
2,198,4,1415,0.8003232479095459
2,198,5,544,0.7988695502281189
2,198,6,2286,0.7985936999320984
2,198,7,2952,0.7970884442329407
2,198,8,555,0.7960055470466614
2,198,9,990,0.7943837642669678
2,198,10,1237,0.7863700985908508
2,199,1,2368,0.738871693611145
2,199,2,1730,0.7354644536972046
2,199,3,1428,0.7292183637619019
2,199,4,1422,0.7192710041999817
2,199,5,599,0.7187541723251343
2,199,6,1127,0.716547966003418
2,199,7,1461,0.7158847451210022
2,199,8,2170,0.7132998704910278
2,199,9,1184,0.7055023908615112
2,199,10,1048,0.7031145095825195
2,201,1,1422,0.7564288973808289
2,201,2,2136,0.7335321307182312
2,201,3,2106,0.7313146591186523
2,201,4,206,0.7308743596076965
2,201,5,2910,0.7280990481376648
2,201,6,1307,0.7279447317123413
2,201,7,203,0.7267558574676514
2,201,8,195,0.7261929512023926
2,201,9,2084,0.7248268127441406
2,201,10,2176,0.7238920331001282
2,202,1,2287,0.7885175347328186
2,202,2,544,0.7402533888816833
2,202,3,1237,0.7314837574958801
2,202,4,1642,0.7314470410346985
2,202,5,773,0.731214165687561
2,202,6,354,0.7266326546669006
2,202,7,2353,0.7129098773002625
2,202,8,1669,0.7119879722595215
2,202,9,1724,0.7117652297019958
2,202,10,1082,0.7066767811775208
2,203,1,2243,0.7159106731414795
2,203,2,1028,0.7135810852050781
2,203,3,2287,0.6979671120643616
2,203,4,1461,0.6715837121009827
2,203,5,1307,0.671164870262146
2,203,6,599,0.6687183976173401
2,203,7,1422,0.6682195067405701
2,203,8,1287,0.6668540239334106
2,203,9,1730,0.6524206399917603
2,203,10,2910,0.6503995060920715
2,204,1,538,0.785923421382904
2,204,2,2721,0.7855934500694275
2,204,3,518,0.7823508381843567
2,204,4,1542,0.7755794525146484
2,204,5,594,0.7736973762512207
2,204,6,535,0.7700160145759583
2,204,7,2272,0.763886570930481
2,204,8,670,0.7519365549087524
2,204,9,621,0.7423840165138245
2,204,10,2986,0.7417353987693787
2,205,1,1409,0.8350343108177185
2,205,2,1360,0.8278759717941284
2,205,3,2721,0.8229301571846008
2,205,4,594,0.8200254440307617
2,205,5,2923,0.8196829557418823
2,205,6,535,0.8188863396644592
2,205,7,538,0.8182439804077148
2,205,8,2272,0.8137836456298828
2,205,9,1542,0.7925828099250793
2,205,10,513,0.7864552140235901
2,206,1,1769,0.8655863404273987
2,206,2,755,0.8643549084663391
2,206,3,1767,0.8525862693786621
2,206,4,356,0.8511976003646851
2,206,5,1651,0.8474938273429871
2,206,6,2790,0.8458589315414429
2,206,7,1618,0.8339000940322876
2,206,8,1952,0.8254983425140381
2,206,9,826,0.8214916586875916
2,206,10,3019,0.8195739984512329
2,207,1,5,0.9145436882972717
2,207,2,1215,0.9092938899993896
2,207,3,2757,0.8973768949508667
2,207,4,1618,0.8958547115325928
2,207,5,906,0.8922417759895325
2,207,6,2923,0.8901832103729248
2,207,7,2871,0.8895984888076782
2,207,8,2513,0.8881244659423828
2,207,9,2986,0.8814438581466675
2,207,10,886,0.880906879901886
2,208,1,1769,0.8821220397949219
2,208,2,3019,0.8407954573631287
2,208,3,2826,0.8360908031463623
2,208,4,2754,0.8272093534469604
2,208,5,1749,0.8259000182151794
2,208,6,704,0.82557213306427
2,208,7,2035,0.8253300786018372
2,208,8,2028,0.8211876749992371
2,208,9,1767,0.8189490437507629
2,208,10,1791,0.8182780742645264
2,209,1,1618,0.9186325669288635
2,209,2,1952,0.890671968460083
2,209,3,360,0.8882720470428467
2,209,4,566,0.8791183233261108
2,209,5,2790,0.8760100603103638
2,209,6,1029,0.86934494972229
2,209,7,1018,0.8668250441551208
2,209,8,1767,0.8638322949409485
2,209,9,1190,0.859976589679718
2,209,10,747,0.8591166138648987
2,210,1,1376,0.7075212597846985
2,210,2,617,0.7040945291519165
2,210,3,2042,0.7001071572303772
2,210,4,31,0.6961330771446228
2,210,5,653,0.6952699422836304
2,210,6,1015,0.6911000609397888
2,210,7,183,0.6893660426139832
2,210,8,432,0.6850228905677795
2,210,9,915,0.6832984089851379
2,210,10,1678,0.6821197867393494
2,211,1,360,0.9133631587028503
2,211,2,1618,0.9045447707176208
2,211,3,1952,0.8952037692070007
2,211,4,1029,0.8852118849754333
2,211,5,566,0.8779290318489075
2,211,6,1215,0.875240683555603
2,211,7,1517,0.8633537292480469
2,211,8,594,0.8595238327980042
2,211,9,2196,0.8594566583633423
2,211,10,670,0.855055570602417
2,212,1,1275,0.7630741596221924
2,212,2,784,0.7338284254074097
2,212,3,2687,0.730864405632019
2,212,4,31,0.7275077700614929
2,212,5,1376,0.7247269153594971
2,212,6,653,0.7213353514671326
2,212,7,183,0.7128002643585205
2,212,8,2801,0.7117695808410645
2,212,9,270,0.7099143862724304
2,212,10,1015,0.7079033851623535
2,214,1,566,0.9035550355911255
2,214,2,506,0.8900271654129028
2,214,3,1517,0.887628972530365
2,214,4,2609,0.8747516870498657
2,214,5,1618,0.8712424039840698
2,214,6,434,0.870449960231781
2,214,7,360,0.8551568984985352
2,214,8,826,0.8541680574417114
2,214,9,594,0.8540318608283997
2,214,10,2721,0.848030686378479
2,216,1,1618,0.8700003623962402
2,216,2,5,0.862095832824707
2,216,3,1029,0.8560749292373657
2,216,4,360,0.8551969528198242
2,216,5,1952,0.8532249927520752
2,216,6,506,0.8434394598007202
2,216,7,566,0.8406438827514648
2,216,8,670,0.8351383805274963
2,216,9,434,0.8295627236366272
2,216,10,1018,0.821834146976471
2,217,1,1275,0.7967211604118347
2,217,2,506,0.7757810950279236
2,217,3,393,0.7755836248397827
2,217,4,915,0.7710624933242798
2,217,5,2653,0.7651955485343933
2,217,6,2754,0.7644829750061035
2,217,7,434,0.7630084156990051
2,217,8,1208,0.7564440369606018
2,217,9,747,0.7549235820770264
2,217,10,168,0.7501432299613953
2,218,1,2653,0.8204960227012634
2,218,2,915,0.8198189735412598
2,218,3,432,0.8110319972038269
2,218,4,2440,0.8097180724143982
2,218,5,622,0.7974122762680054
2,218,6,2869,0.7919885516166687
2,218,7,2697,0.7789502739906311
2,218,8,1490,0.7756485342979431
2,218,9,506,0.7717618346214294
2,218,10,1678,0.770602285861969
2,219,1,617,0.8315639495849609
2,219,2,2441,0.7492049932479858
2,219,3,1347,0.743128776550293
2,219,4,1490,0.742013692855835
2,219,5,1398,0.7419323325157166
2,219,6,2464,0.7384751439094543
2,219,7,477,0.7380397915840149
2,219,8,779,0.7358887791633606
2,219,9,1739,0.7351680397987366
2,219,10,1678,0.7321252822875977
2,220,1,270,0.8347772359848022
2,220,2,730,0.8137667179107666
2,220,3,106,0.7769807577133179
2,220,4,1678,0.762363612651825
2,220,5,2653,0.7484341263771057
2,220,6,1490,0.7446331977844238
2,220,7,432,0.7446023225784302
2,220,8,1159,0.7431889772415161
2,220,9,2687,0.7298433184623718
2,220,10,2441,0.7283181548118591
2,221,1,953,0.756862461566925
2,221,2,759,0.7427111864089966
2,221,3,2328,0.7250811457633972
2,221,4,2315,0.721367359161377
2,221,5,8,0.7069347500801086
2,221,6,2769,0.7042168378829956
2,221,7,2093,0.6966426968574524
2,221,8,2590,0.694720447063446
2,221,9,1558,0.691468358039856
2,221,10,194,0.6909301280975342
2,222,1,953,0.7727744579315186
2,222,2,63,0.7383521795272827
2,222,3,1171,0.7279601693153381
2,222,4,2769,0.7099775671958923
2,222,5,2328,0.7010046243667603
2,222,6,2590,0.6988722681999207
2,222,7,1558,0.6979305148124695
2,222,8,194,0.695967435836792
2,222,9,512,0.6812257766723633
2,222,10,1001,0.6768844723701477
2,224,1,481,0.7334896326065063
2,224,2,193,0.7317925691604614
2,224,3,1720,0.7276443839073181
2,224,4,500,0.714870035648346
2,224,5,1525,0.713076651096344
2,224,6,532,0.7077022194862366
2,224,7,1754,0.7066442370414734
2,224,8,2916,0.7035835981369019
2,224,9,257,0.686538577079773
2,224,10,2920,0.6849308013916016
2,225,1,1142,0.7066340446472168
2,225,2,1720,0.7027276754379272
2,225,3,2916,0.7007709741592407
2,225,4,1645,0.6972920298576355
2,225,5,1708,0.6936668753623962
2,225,6,1044,0.6889016628265381
2,225,7,1686,0.6888079643249512
2,225,8,2920,0.6866423487663269
2,225,9,1744,0.686238706111908
2,225,10,481,0.6830503344535828
2,226,1,2951,0.7423462271690369
2,226,2,675,0.7218121290206909
2,226,3,1945,0.718593180179596
2,226,4,1812,0.7174796462059021
2,226,5,1659,0.7160441279411316
2,226,6,2521,0.7040925025939941
2,226,7,2165,0.6975399851799011
2,226,8,1320,0.6930174827575684
2,226,9,769,0.6903876066207886
2,226,10,2916,0.6899117231369019
2,227,1,2951,0.7755836248397827
2,227,2,675,0.77265465259552
2,227,3,1812,0.7710160613059998
2,227,4,1496,0.7654951214790344
2,227,5,769,0.7542803287506104
2,227,6,2521,0.7462323307991028
2,227,7,2990,0.7317500114440918
2,227,8,1484,0.7262129783630371
2,227,9,556,0.7253525257110596
2,227,10,2159,0.7237429022789001
2,228,1,767,0.6295028328895569
2,228,2,481,0.6282438635826111
2,228,3,1708,0.6277565956115723
2,228,4,1645,0.6276614665985107
2,228,5,1142,0.625055730342865
2,228,6,2916,0.6236394047737122
2,228,7,1686,0.6190622448921204
2,228,8,1720,0.6189308166503906
2,228,9,1044,0.6186865568161011
2,228,10,1744,0.6182188391685486
2,229,1,2951,0.7136391997337341
2,229,2,2708,0.691213071346283
2,229,3,1395,0.68482506275177
2,229,4,415,0.6839019060134888
2,229,5,598,0.6733512282371521
2,229,6,2502,0.6660937070846558
2,229,7,2581,0.654998242855072
2,229,8,1812,0.6515879034996033
2,229,9,2410,0.6490705609321594
2,229,10,2916,0.6431763172149658
2,230,1,556,0.7969846129417419
2,230,2,559,0.7716552019119263
2,230,3,532,0.7624596953392029
2,230,4,2238,0.752201497554779
2,230,5,2087,0.7447916865348816
2,230,6,215,0.7445372343063354
2,230,7,514,0.7400462031364441
2,230,8,2159,0.734178900718689
2,230,9,2095,0.7282959222793579
2,230,10,2521,0.7276384234428406
2,231,1,1931,0.8352534770965576
2,231,2,1447,0.8270547986030579
2,231,3,1829,0.8254587650299072
2,231,4,2916,0.8240919709205627
2,231,5,1063,0.8240847587585449
2,231,6,2432,0.823872447013855
2,231,7,1111,0.8218475580215454
2,231,8,2180,0.8208975195884705
2,231,9,613,0.820848822593689
2,231,10,1698,0.8192077279090881
2,232,1,534,0.8796099424362183
2,232,2,2019,0.8726445436477661
2,232,3,1447,0.8697533011436462
2,232,4,1160,0.8661834001541138
2,232,5,2990,0.8655303716659546
2,232,6,1829,0.8585533499717712
2,232,7,1698,0.8574909567832947
2,232,8,2482,0.8571135401725769
2,232,9,2092,0.8542156219482422
2,232,10,1063,0.8534649014472961
2,233,1,1632,0.8373240828514099
2,233,2,2180,0.8201629519462585
2,233,3,2092,0.8125455975532532
2,233,4,1160,0.8123910427093506
2,233,5,1681,0.8114022016525269
2,233,6,2916,0.8102741241455078
2,233,7,1447,0.8099008798599243
2,233,8,1111,0.8095871210098267
2,233,9,1882,0.8072863221168518
2,233,10,416,0.7978734970092773
2,235,1,1882,0.8400794267654419
2,235,2,1681,0.8394371271133423
2,235,3,2092,0.8345431089401245
2,235,4,483,0.8326563835144043
2,235,5,1160,0.8283599019050598
2,235,6,675,0.813677966594696
2,235,7,1295,0.8092291951179504
2,235,8,416,0.8070754408836365
2,235,9,94,0.8054031133651733
2,235,10,2832,0.803022027015686
2,236,1,1295,0.7879440784454346
2,236,2,94,0.7854645252227783
2,236,3,675,0.7846078872680664
2,236,4,2087,0.7834612131118774
2,236,5,1681,0.782631516456604
2,236,6,93,0.7807760238647461
2,236,7,2448,0.7517915964126587
2,236,8,1156,0.7479225397109985
2,236,9,1812,0.7444632053375244
2,236,10,2476,0.744112491607666
2,237,1,1632,0.8211329579353333
2,237,2,1882,0.7888394594192505
2,237,3,1681,0.7854871153831482
2,237,4,2916,0.7664309144020081
2,237,5,2990,0.7630990147590637
2,237,6,1160,0.7620434165000916
2,237,7,94,0.7616357207298279
2,237,8,193,0.7612792253494263
2,237,9,2192,0.7602534890174866
2,237,10,2832,0.7578197121620178
2,238,1,1882,0.8417136073112488
2,238,2,1295,0.8321125507354736
2,238,3,1681,0.8304360508918762
2,238,4,1156,0.829021155834198
2,238,5,193,0.8278656005859375
2,238,6,2180,0.8266666531562805
2,238,7,2192,0.8218632936477661
2,238,8,1720,0.8140110373497009
2,238,9,1429,0.8085781335830688
2,238,10,1525,0.8035323619842529
2,239,1,1142,0.8008155226707458
2,239,2,1044,0.7980972528457642
2,239,3,1708,0.7943744659423828
2,239,4,1645,0.793389618396759
2,239,5,1686,0.7895383238792419
2,239,6,1267,0.7756204009056091
2,239,7,1720,0.7752246856689453
2,239,8,2713,0.7751486301422119
2,239,9,2920,0.7645655274391174
2,239,10,1429,0.7620671987533569
2,240,1,2180,0.8065861463546753
2,240,2,559,0.7834717035293579
2,240,3,1744,0.7833247184753418
2,240,4,556,0.7715116143226624
2,240,5,2916,0.7692862153053284
2,240,6,2238,0.7654678225517273
2,240,7,2095,0.7626972794532776
2,240,8,1720,0.761816680431366
2,240,9,215,0.7608272433280945
2,240,10,2087,0.7592667937278748
2,241,1,1413,0.8263310790061951
2,241,2,1615,0.7732321619987488
2,241,3,793,0.730614185333252
2,241,4,1744,0.724016547203064
2,241,5,285,0.7148374915122986
2,241,6,1429,0.7083647847175598
2,241,7,1104,0.7072582840919495
2,241,8,2616,0.7065941095352173
2,241,9,438,0.703751802444458
2,241,10,2098,0.7014939785003662
2,242,1,447,0.8083215355873108
2,242,2,1936,0.7680076956748962
2,242,3,1615,0.7167475819587708
2,242,4,1744,0.7050586938858032
2,242,5,2616,0.6994589567184448
2,242,6,514,0.6954623460769653
2,242,7,285,0.6921514868736267
2,242,8,1429,0.6791512370109558
2,242,9,2431,0.6724569797515869
2,242,10,438,0.6651737093925476
2,243,1,2576,0.8036456108093262
2,243,2,1067,0.7565728425979614
2,243,3,285,0.7429425120353699
2,243,4,793,0.7374011278152466
2,243,5,2616,0.7308012843132019
2,243,6,2431,0.7160413861274719
2,243,7,1429,0.707370936870575
2,243,8,1963,0.6976312398910522
2,243,9,2098,0.693291425704956
2,243,10,1744,0.6885721683502197
2,244,1,285,0.7886634469032288
2,244,2,2431,0.7705836892127991
2,244,3,314,0.7687544822692871
2,244,4,1654,0.7675060033798218
2,244,5,2576,0.7628321051597595
2,244,6,3061,0.7593941688537598
2,244,7,2616,0.7547234892845154
2,244,8,123,0.753808319568634
2,244,9,2293,0.7517794370651245
2,244,10,727,0.74900883436203
2,245,1,1615,0.7794530987739563
2,245,2,2209,0.7691229581832886
2,245,3,2098,0.7583764791488647
2,245,4,314,0.7563846111297607
2,245,5,860,0.7504028677940369
2,245,6,375,0.7432276606559753
2,245,7,2306,0.7430976033210754
2,245,8,2293,0.7251659631729126
2,245,9,1760,0.7241873145103455
2,245,10,1362,0.7213287949562073
2,246,1,1963,0.771361231803894
2,246,2,285,0.7699780464172363
2,246,3,1725,0.7670750617980957
2,246,4,627,0.7600739002227783
2,246,5,656,0.7593474388122559
2,246,6,2431,0.7579240798950195
2,246,7,447,0.7564278244972229
2,246,8,1344,0.7489380836486816
2,246,9,2952,0.7444173693656921
2,246,10,2719,0.7438029646873474
2,247,1,2719,0.6932762861251831
2,247,2,1725,0.6859956383705139
2,247,3,2922,0.6772167682647705
2,247,4,453,0.6681957840919495
2,247,5,2073,0.6558950543403625
2,247,6,2957,0.6322489380836487
2,247,7,1142,0.6208374500274658
2,247,8,542,0.6115695238113403
2,247,9,1044,0.6089041829109192
2,247,10,1686,0.6080580949783325
2,248,1,2961,0.7526490688323975
2,248,2,31,0.716647207736969
2,248,3,563,0.7056846022605896
2,248,4,2922,0.6957709789276123
2,248,5,235,0.6954467296600342
2,248,6,2324,0.6890815496444702
2,248,7,542,0.6873535513877869
2,248,8,1176,0.682095468044281
2,248,9,2366,0.6765586137771606
2,248,10,653,0.6757464408874512
2,249,1,2922,0.756463348865509
2,249,2,2352,0.7548288702964783
2,249,3,2961,0.7446852326393127
2,249,4,31,0.726585328578949
2,249,5,563,0.7064163088798523
2,249,6,2366,0.7021557688713074
2,249,7,653,0.6991897821426392
2,249,8,1538,0.6977167725563049
2,249,9,183,0.6931760311126709
2,249,10,2719,0.6871141195297241
2,250,1,1376,0.8001378178596497
2,250,2,2961,0.797231137752533
2,250,3,1015,0.79604572057724
2,250,4,653,0.7848833203315735
2,250,5,183,0.7805593013763428
2,250,6,289,0.7795442342758179
2,250,7,504,0.7770146727561951
2,250,8,2324,0.7722856998443604
2,250,9,998,0.7669514417648315
2,250,10,2042,0.7353358268737793
2,251,1,1376,0.7411832809448242
2,251,2,2324,0.7202618718147278
2,251,3,664,0.7026231288909912
2,251,4,2042,0.7005587816238403
2,251,5,1015,0.6889817714691162
2,251,6,1558,0.6642260551452637
2,251,7,2590,0.6618731021881104
2,251,8,194,0.6570359468460083
2,251,9,2769,0.6485258340835571
2,251,10,259,0.6471561193466187
2,252,1,2961,0.6976280212402344
2,252,2,1558,0.6766488552093506
2,252,3,2590,0.6711011528968811
2,252,4,2769,0.6683580279350281
2,252,5,194,0.667594313621521
2,252,6,644,0.653228223323822
2,252,7,2324,0.6524878740310669
2,252,8,504,0.6430858373641968
2,252,9,2429,0.6300203204154968
2,252,10,2738,0.6300169229507446
2,253,1,1376,0.7801023721694946
2,253,2,1015,0.7445311546325684
2,253,3,289,0.728807806968689
2,253,4,1558,0.681268036365509
2,253,5,2590,0.6811480522155762
2,253,6,194,0.675688624382019
2,253,7,2975,0.6646969318389893
2,253,8,2769,0.6635997295379639
2,253,9,2160,0.6613397598266602
2,253,10,259,0.6561909914016724
2,254,1,653,0.8128249645233154
2,254,2,183,0.800835132598877
2,254,3,289,0.7982552647590637
2,254,4,2352,0.7022347450256348
2,254,5,1310,0.6989286541938782
2,254,6,1769,0.6944911479949951
2,254,7,508,0.6921373605728149
2,254,8,1691,0.689942479133606
2,254,9,991,0.6849700212478638
2,254,10,208,0.6683323979377747
2,255,1,31,0.7287325263023376
2,255,2,2975,0.7260744571685791
2,255,3,2324,0.7199144959449768
2,255,4,2961,0.7160402536392212
2,255,5,664,0.7026358842849731
2,255,6,2801,0.7019289135932922
2,255,7,991,0.6982566118240356
2,255,8,273,0.6981925964355469
2,255,9,644,0.6906768679618835
2,255,10,2743,0.680004358291626
2,256,1,991,0.7200851440429688
2,256,2,1558,0.7119941711425781
2,256,3,653,0.7101272344589233
2,256,4,664,0.7032836079597473
2,256,5,194,0.703033983707428
2,256,6,2590,0.7023628354072571
2,256,7,2769,0.700840950012207
2,256,8,2801,0.699644148349762
2,256,9,2328,0.6857171058654785
2,256,10,31,0.684181809425354
2,257,1,2769,0.7955973148345947
2,257,2,787,0.794984757900238
2,257,3,2955,0.7557036280632019
2,257,4,2315,0.7384616136550903
2,257,5,1869,0.7341976761817932
2,257,6,1716,0.7237547636032104
2,257,7,259,0.722338080406189
2,257,8,2772,0.7222560048103333
2,257,9,44,0.7195156216621399
2,257,10,49,0.7030330896377563
2,258,1,2429,0.8157098293304443
2,258,2,2743,0.8132932186126709
2,258,3,8,0.8055486083030701
2,258,4,273,0.7985318899154663
2,258,5,852,0.7957627773284912
2,258,6,2093,0.7872147560119629
2,258,7,2772,0.7853178977966309
2,258,8,2975,0.7828953862190247
2,258,9,2328,0.7677732706069946
2,258,10,44,0.75327068567276
2,259,1,787,0.766010582447052
2,259,2,2328,0.7368839979171753
2,259,3,259,0.7261617183685303
2,259,4,852,0.7256852984428406
2,259,5,1716,0.723736047744751
2,259,6,122,0.7203550934791565
2,259,7,1907,0.7184981107711792
2,259,8,44,0.7061459422111511
2,259,9,2197,0.7055403590202332
2,259,10,273,0.7041723132133484
2,260,1,787,0.7770832777023315
2,260,2,2429,0.7762062549591064
2,260,3,852,0.7639826536178589
2,260,4,2328,0.7585636377334595
2,260,5,2772,0.7582247853279114
2,260,6,2197,0.7548251152038574
2,260,7,1907,0.7482787370681763
2,260,8,122,0.7459413409233093
2,260,9,2710,0.7455000281333923
2,260,10,2578,0.7380707859992981
2,261,1,2197,0.7068068981170654
2,261,2,122,0.7047540545463562
2,261,3,192,0.694067120552063
2,261,4,2628,0.6925267577171326
2,261,5,1400,0.6892151236534119
2,261,6,2354,0.6826179027557373
2,261,7,2355,0.6819210052490234
2,261,8,44,0.681891679763794
2,261,9,2931,0.680340051651001
2,261,10,1231,0.6796347498893738
2,262,1,1558,0.8026495575904846
2,262,2,2769,0.7999144792556763
2,262,3,194,0.7925565242767334
2,262,4,2590,0.7822679281234741
2,262,5,2955,0.7420620322227478
2,262,6,2772,0.7240031957626343
2,262,7,1869,0.7234755754470825
2,262,8,2315,0.697552502155304
2,262,9,2370,0.6898015737533569
2,262,10,1891,0.6889575719833374
2,263,1,2429,0.8011906147003174
2,263,2,2772,0.8001064658164978
2,263,3,701,0.7855213284492493
2,263,4,2274,0.7755298018455505
2,263,5,1383,0.7736242413520813
2,263,6,1380,0.7668944597244263
2,263,7,2710,0.765691339969635
2,263,8,1180,0.7631312012672424
2,263,9,2197,0.761704683303833
2,263,10,49,0.7568411231040955
2,264,1,852,0.824482262134552
2,264,2,939,0.8243470788002014
2,264,3,1383,0.8117418885231018
2,264,4,1716,0.8042750954627991
2,264,5,78,0.8039563894271851
2,264,6,2640,0.8025025129318237
2,264,7,2480,0.7905910611152649
2,264,8,2710,0.7859335541725159
2,264,9,44,0.7845146059989929
2,264,10,2274,0.7826380133628845
2,265,1,1383,0.8212730288505554
2,265,2,49,0.8164287805557251
2,265,3,2640,0.8146169781684875
2,265,4,1716,0.8020132184028625
2,265,5,852,0.7995105385780334
2,265,6,939,0.7976101040840149
2,265,7,2212,0.797602117061615
2,265,8,2710,0.796990692615509
2,265,9,1380,0.7927443385124207
2,265,10,1180,0.7902196645736694
2,266,1,315,0.8316590785980225
2,266,2,2429,0.8263024091720581
2,266,3,2772,0.8233171105384827
2,266,4,939,0.8191341161727905
2,266,5,78,0.8068100214004517
2,266,6,1592,0.7916096448898315
2,266,7,2212,0.7829287648200989
2,266,8,1380,0.7788341045379639
2,266,9,1072,0.776294469833374
2,266,10,49,0.7743296027183533
2,267,1,2772,0.8396733403205872
2,267,2,49,0.832202672958374
2,267,3,78,0.8234653472900391
2,267,4,2429,0.8226156234741211
2,267,5,1716,0.8199825882911682
2,267,6,852,0.8148549795150757
2,267,7,939,0.8111569881439209
2,267,8,1180,0.8110475540161133
2,267,9,2710,0.8054360747337341
2,267,10,701,0.8029369711875916
2,268,1,2429,0.8467908501625061
2,268,2,2772,0.8180768489837646
2,268,3,1558,0.7879688739776611
2,268,4,852,0.7877919673919678
2,268,5,194,0.7789567708969116
2,268,6,939,0.7769474983215332
2,268,7,2769,0.7747235298156738
2,268,8,2590,0.7683311104774475
2,268,9,8,0.7642471790313721
2,268,10,1716,0.761255145072937
2,269,1,1907,0.8529841899871826
2,269,2,939,0.8445107936859131
2,269,3,78,0.8287997245788574
2,269,4,3048,0.8251872062683105
2,269,5,2772,0.822104811668396
2,269,6,2429,0.820871114730835
2,269,7,869,0.810207724571228
2,269,8,105,0.8041054010391235
2,269,9,2640,0.7943775057792664
2,269,10,852,0.7908326387405396
2,271,1,1907,0.8551638126373291
2,271,2,78,0.8093861937522888
2,271,3,2772,0.8060259222984314
2,271,4,2429,0.7930058240890503
2,271,5,2640,0.7815343737602234
2,271,6,939,0.7748309969902039
2,271,7,2480,0.7738450765609741
2,271,8,105,0.7734799385070801
2,271,9,286,0.7734568119049072
2,271,10,869,0.773250162601471
2,272,1,2640,0.8013336658477783
2,272,2,105,0.8007853627204895
2,272,3,2772,0.7971934080123901
2,272,4,1907,0.778481125831604
2,272,5,2429,0.7764740586280823
2,272,6,1716,0.7714455127716064
2,272,7,1380,0.7665097117424011
2,272,8,852,0.7593817710876465
2,272,9,2197,0.7521236538887024
2,272,10,78,0.7473096251487732
2,273,1,1495,0.7825576663017273
2,273,2,2628,0.7742435932159424
2,273,3,121,0.7612898945808411
2,273,4,192,0.7597746253013611
2,273,5,2580,0.7475868463516235
2,273,6,2407,0.7455008625984192
2,273,7,1400,0.7333920001983643
2,273,8,2197,0.7314186692237854
2,273,9,2353,0.7305934429168701
2,273,10,2206,0.7286221981048584
2,274,1,1907,0.8237955570220947
2,274,2,78,0.8089258670806885
2,274,3,939,0.7618495225906372
2,274,4,2274,0.7569704651832581
2,274,5,1317,0.7486208081245422
2,274,6,2480,0.7407727837562561
2,274,7,2772,0.7290735244750977
2,274,8,869,0.7281655669212341
2,274,9,2640,0.7278383374214172
2,274,10,1327,0.7156648635864258
2,276,1,2628,0.7077924609184265
2,276,2,1381,0.7025490403175354
2,276,3,1101,0.6989213228225708
2,276,4,1516,0.6873804926872253
2,276,5,2128,0.6861081123352051
2,276,6,1910,0.683991014957428
2,276,7,2580,0.6814248561859131
2,276,8,2929,0.6808433532714844
2,276,9,2616,0.6801228523254395
2,276,10,843,0.6753369569778442
2,277,1,121,0.7590305209159851
2,277,2,1516,0.7213586568832397
2,277,3,192,0.7089539766311646
2,277,4,2580,0.6994938850402832
2,277,5,2628,0.6948778629302979
2,277,6,2280,0.69107586145401
2,277,7,668,0.6719578504562378
2,277,8,2922,0.6627401113510132
2,277,9,2355,0.6619317531585693
2,277,10,2560,0.6580758094787598
2,278,1,192,0.7754001617431641
2,278,2,2628,0.7556116580963135
2,278,3,843,0.7425612211227417
2,278,4,122,0.7413058876991272
2,278,5,2280,0.7286010980606079
2,278,6,286,0.7234001755714417
2,278,7,663,0.702966034412384
2,278,8,2407,0.6825960278511047
2,278,9,668,0.6789629459381104
2,278,10,1466,0.677972674369812
2,279,1,121,0.7496770620346069
2,279,2,1495,0.7196061611175537
2,279,3,843,0.7030744552612305
2,279,4,1516,0.6975024938583374
2,279,5,948,0.6949126720428467
2,279,6,2280,0.6871296167373657
2,279,7,2580,0.6791034936904907
2,279,8,719,0.6576194167137146
2,279,9,663,0.656527578830719
2,279,10,795,0.6538805961608887
2,280,1,121,0.7850925922393799
2,280,2,1516,0.7812119722366333
2,280,3,1400,0.7589055299758911
2,280,4,192,0.7536532878875732
2,280,5,2197,0.7449262142181396
2,280,6,122,0.7372413277626038
2,280,7,2931,0.7181280255317688
2,280,8,2355,0.7175534963607788
2,280,9,1231,0.7168518304824829
2,280,10,2354,0.7143738865852356
2,282,1,1400,0.7083690762519836
2,282,2,2580,0.7078960537910461
2,282,3,286,0.7065948247909546
2,282,4,192,0.7062567472457886
2,282,5,2197,0.7031765580177307
2,282,6,719,0.7006584405899048
2,282,7,1528,0.699627697467804
2,282,8,2952,0.6944161057472229
2,282,9,2090,0.6851508021354675
2,282,10,2407,0.6828704476356506
2,283,1,1053,0.766830325126648
2,283,2,1466,0.7626367211341858
2,283,3,553,0.7588847279548645
2,283,4,1437,0.7585611939430237
2,283,5,2628,0.7560399174690247
2,283,6,176,0.7526251673698425
2,283,7,1528,0.745089054107666
2,283,8,2952,0.742332398891449
2,283,9,718,0.7401995062828064
2,283,10,1963,0.7390801906585693
2,284,1,121,0.6931725144386292
2,284,2,1413,0.679778516292572
2,284,3,176,0.6701701879501343
2,284,4,1053,0.6689398884773254
2,284,5,447,0.6632302403450012
2,284,6,1466,0.6621702909469604
2,284,7,1540,0.6595597267150879
2,284,8,1142,0.649567723274231
2,284,9,1104,0.6492475867271423
2,284,10,1232,0.6458909511566162
2,285,1,514,0.7093210816383362
2,285,2,1413,0.7032355666160583
2,285,3,192,0.7014979720115662
2,285,4,2118,0.6959131956100464
2,285,5,1963,0.6945637464523315
2,285,6,1744,0.6897502541542053
2,285,7,121,0.6801749467849731
2,285,8,1104,0.678187370300293
2,285,9,629,0.6764751076698303
2,285,10,532,0.6728907823562622
2,286,1,1516,0.7826405763626099
2,286,2,2280,0.772990345954895
2,286,3,1991,0.7534460425376892
2,286,4,104,0.7517068386077881
2,286,5,1062,0.7500411868095398
2,286,6,1963,0.7383415699005127
2,286,7,2580,0.735609769821167
2,286,8,121,0.7352104187011719
2,286,9,1671,0.7333554625511169
2,286,10,2075,0.7300588488578796
2,287,1,2580,0.6795845627784729
2,287,2,1516,0.6790304780006409
2,287,3,2280,0.6751812696456909
2,287,4,121,0.6603946685791016
2,287,5,1582,0.6543965339660645
2,287,6,608,0.6510024666786194
2,287,7,1991,0.6501947641372681
2,287,8,104,0.6483013033866882
2,287,9,1062,0.6463137865066528
2,287,10,2407,0.6339125037193298
2,288,1,1991,0.7650086879730225
2,288,2,1062,0.7513623833656311
2,288,3,104,0.7478972673416138
2,288,4,1516,0.744145393371582
2,288,5,1671,0.7362746596336365
2,288,6,2280,0.7355260848999023
2,288,7,637,0.7346522808074951
2,288,8,2075,0.7326528429985046
2,288,9,121,0.7243140339851379
2,288,10,1963,0.7238430380821228
2,289,1,2280,0.7695101499557495
2,289,2,1053,0.7694073915481567
2,289,3,176,0.7686439156532288
2,289,4,1437,0.7678403854370117
2,289,5,553,0.7675080895423889
2,289,6,1516,0.7659371495246887
2,289,7,2580,0.7526500821113586
2,289,8,121,0.7370198965072632
2,289,9,843,0.7222059369087219
2,289,10,718,0.720990002155304
2,290,1,2259,0.7741900682449341
2,290,2,1751,0.7731959819793701
2,290,3,1802,0.76657634973526
2,290,4,2560,0.7663886547088623
2,290,5,2481,0.7526988983154297
2,290,6,793,0.7424464821815491
2,290,7,480,0.741855263710022
2,290,8,2405,0.7329511046409607
2,290,9,533,0.722643256187439
2,290,10,2306,0.7143742442131042
2,291,1,843,0.8340051770210266
2,291,2,2280,0.8180846571922302
2,291,3,1516,0.8140318393707275
2,291,4,1766,0.8131775856018066
2,291,5,727,0.8128142952919006
2,291,6,1528,0.8093484044075012
2,291,7,2580,0.7827233672142029
2,291,8,1053,0.7815068960189819
2,291,9,719,0.779956042766571
2,291,10,1963,0.7777469158172607
2,292,1,843,0.8198704719543457
2,292,2,1540,0.7933425903320312
2,292,3,718,0.7924508452415466
2,292,4,2280,0.7876278758049011
2,292,5,314,0.7871991395950317
2,292,6,1053,0.7866150736808777
2,292,7,2090,0.7823213338851929
2,292,8,1766,0.7811882495880127
2,292,9,1516,0.7779908180236816
2,292,10,1760,0.7694623470306396
2,293,1,1766,0.8118146061897278
2,293,2,843,0.8107424974441528
2,293,3,2280,0.8049120306968689
2,293,4,1528,0.8046987652778625
2,293,5,1516,0.7971699833869934
2,293,6,719,0.7842479348182678
2,293,7,1875,0.7751919627189636
2,293,8,1344,0.7745784521102905
2,293,9,1540,0.7682528495788574
2,293,10,121,0.7523317933082581
2,294,1,1615,0.8599063754081726
2,294,2,793,0.8381817936897278
2,294,3,1232,0.8216679692268372
2,294,4,860,0.8168795108795166
2,294,5,1760,0.8070480227470398
2,294,6,1654,0.7983052134513855
2,294,7,2576,0.7921684980392456
2,294,8,2280,0.7784140110015869
2,294,9,447,0.7742869853973389
2,294,10,2952,0.7727228403091431
2,295,1,3040,0.8425402045249939
2,295,2,2616,0.8217761516571045
2,295,3,2140,0.7941151261329651
2,295,4,285,0.7880258560180664
2,295,5,2128,0.7729727625846863
2,295,6,608,0.7309859991073608
2,295,7,1582,0.7303658723831177
2,295,8,795,0.7258492112159729
2,295,9,1870,0.7227967977523804
2,295,10,2270,0.7169229388237
2,297,1,1381,0.853373110294342
2,297,2,1336,0.8420454263687134
2,297,3,795,0.749843180179596
2,297,4,663,0.74477618932724
2,297,5,1794,0.7417927384376526
2,297,6,627,0.7313257455825806
2,297,7,656,0.7306069731712341
2,297,8,2270,0.7282938957214355
2,297,9,1582,0.7266647815704346
2,297,10,121,0.71630859375
2,298,1,2128,0.820860743522644
2,298,2,2929,0.7962053418159485
2,298,3,795,0.7348814010620117
2,298,4,663,0.7283470034599304
2,298,5,2710,0.7049680352210999
2,298,6,656,0.6973779201507568
2,298,7,627,0.6972767114639282
2,298,8,1400,0.6963443160057068
2,298,9,121,0.6959944367408752
2,298,10,2160,0.6932836771011353
2,299,1,2710,0.7633119225502014
2,299,2,2074,0.7518264055252075
2,299,3,1327,0.7505651116371155
2,299,4,1891,0.7490226626396179
2,299,5,1317,0.7474172115325928
2,299,6,2369,0.7441067695617676
2,299,7,2429,0.7420777678489685
2,299,8,49,0.7405105233192444
2,299,9,2772,0.7398563623428345
2,299,10,1940,0.736107587814331
2,300,1,315,0.8811367154121399
2,300,2,1449,0.8547549843788147
2,300,3,1592,0.8102530837059021
2,300,4,2978,0.8094130158424377
2,300,5,1113,0.8026582598686218
2,300,6,1380,0.7786080837249756
2,300,7,105,0.7703206539154053
2,300,8,2640,0.7672218084335327
2,300,9,1383,0.765744686126709
2,300,10,49,0.7628483176231384
2,301,1,2969,0.7528069615364075
2,301,2,2074,0.7039753198623657
2,301,3,1946,0.6871210932731628
2,301,4,1202,0.6802251935005188
2,301,5,1621,0.6793674230575562
2,301,6,1302,0.6653700470924377
2,301,7,2702,0.6639238595962524
2,301,8,2661,0.6582245826721191
2,301,9,49,0.6484286785125732
2,301,10,551,0.6447094678878784
2,302,1,1113,0.8189089894294739
2,302,2,1920,0.8135132193565369
2,302,3,1327,0.7862323522567749
2,302,4,1621,0.7718293070793152
2,302,5,731,0.7368896007537842
2,302,6,44,0.734581470489502
2,302,7,2429,0.7270291447639465
2,302,8,1380,0.726876437664032
2,302,9,2772,0.7260534167289734
2,302,10,1016,0.7240204811096191
2,303,1,1189,0.8555629253387451
2,303,2,2888,0.8001861572265625
2,303,3,2969,0.7936155200004578
2,303,4,1678,0.7690746188163757
2,303,5,1606,0.7596516609191895
2,303,6,2464,0.7591517567634583
2,303,7,1826,0.7572579383850098
2,303,8,1016,0.7555206418037415
2,303,9,918,0.7522492408752441
2,303,10,272,0.7521968483924866
2,304,1,455,0.8201462626457214
2,304,2,2686,0.8170410394668579
2,304,3,1995,0.8168331980705261
2,304,4,315,0.811472475528717
2,304,5,2308,0.8094400763511658
2,304,6,1293,0.8088757395744324
2,304,7,1571,0.8080936670303345
2,304,8,1611,0.8076340556144714
2,304,9,1990,0.801641583442688
2,304,10,2496,0.7957655191421509
2,305,1,1072,0.867172360420227
2,305,2,1592,0.8602210879325867
2,305,3,1597,0.8492165803909302
2,305,4,2978,0.8276112079620361
2,305,5,2969,0.7994019985198975
2,305,6,2274,0.791619062423706
2,305,7,540,0.7890541553497314
2,305,8,1327,0.788002610206604
2,305,9,1113,0.7870774269104004
2,305,10,2888,0.7834143042564392
2,306,1,1868,0.8216532468795776
2,306,2,1165,0.82025545835495
2,306,3,1995,0.8090967535972595
2,306,4,1990,0.8074023127555847
2,306,5,1701,0.7926865220069885
2,306,6,59,0.7899537086486816
2,306,7,1481,0.787684977054596
2,306,8,1571,0.786555826663971
2,306,9,1498,0.7788527607917786
2,306,10,562,0.7762649059295654
2,307,1,1116,0.8593779802322388
2,307,2,1990,0.8467098474502563
2,307,3,2686,0.8401960134506226
2,307,4,562,0.803459107875824
2,307,5,1611,0.7990671992301941
2,307,6,455,0.7903589606285095
2,307,7,1995,0.7769432067871094
2,307,8,1016,0.7396349310874939
2,307,9,1449,0.737747073173523
2,307,10,1781,0.7308717966079712
2,308,1,562,0.8319236040115356
2,308,2,455,0.8299925327301025
2,308,3,59,0.8076590299606323
2,308,4,1116,0.8055339455604553
2,308,5,1279,0.8030822277069092
2,308,6,1821,0.8022419214248657
2,308,7,1369,0.7967299222946167
2,308,8,1498,0.795576810836792
2,308,9,2353,0.7919585108757019
2,308,10,1868,0.7835424542427063
2,309,1,1995,0.8442808985710144
2,309,2,1701,0.832308828830719
2,309,3,1868,0.8174173831939697
2,309,4,562,0.8113483190536499
2,309,5,455,0.805758535861969
2,309,6,1279,0.7993330359458923
2,309,7,1821,0.7987063527107239
2,309,8,1498,0.7940212488174438
2,309,9,2353,0.7868080139160156
2,309,10,3059,0.7723066210746765
2,310,1,1611,0.8482142090797424
2,310,2,455,0.8428778648376465
2,310,3,1995,0.8330509066581726
2,310,4,1369,0.830247163772583
2,310,5,1498,0.8180447220802307
2,310,6,1158,0.8160887956619263
2,310,7,1868,0.8009132146835327
2,310,8,1279,0.7971891760826111
2,310,9,1821,0.7968170046806335
2,310,10,1781,0.789059042930603
2,311,1,1611,0.8368744850158691
2,311,2,455,0.8196689486503601
2,311,3,1369,0.8049474358558655
2,311,4,1279,0.8036856651306152
2,311,5,1821,0.8024736046791077
2,311,6,2353,0.8024475574493408
2,311,7,1158,0.7750025391578674
2,311,8,484,0.7695780992507935
2,311,9,1495,0.7603886723518372
2,311,10,3059,0.7497863173484802
2,312,1,1369,0.8284561038017273
2,312,2,1995,0.8011549711227417
2,312,3,455,0.7993639707565308
2,312,4,1279,0.7708762884140015
2,312,5,2353,0.7707833647727966
2,312,6,1206,0.77047199010849
2,312,7,1821,0.7695672512054443
2,312,8,1701,0.762782633304596
2,312,9,1571,0.7601019144058228
2,312,10,3069,0.7556754946708679
2,314,1,1995,0.8089466691017151
2,314,2,1990,0.8050150871276855
2,314,3,1293,0.7951106429100037
2,314,4,315,0.7930914759635925
2,314,5,585,0.788573145866394
2,314,6,1449,0.7818078994750977
2,314,7,624,0.778696596622467
2,314,8,2308,0.7784308195114136
2,314,9,2496,0.7782105207443237
2,314,10,562,0.7755793929100037
2,315,1,621,0.7542756795883179
2,315,2,562,0.743237316608429
2,315,3,264,0.7306143045425415
2,315,4,293,0.7247056365013123
2,315,5,742,0.717830240726471
2,315,6,670,0.7156251072883606
2,315,7,1040,0.7142643332481384
2,315,8,2911,0.7136833071708679
2,315,9,624,0.7105324268341064
2,315,10,957,0.7046631574630737
2,316,1,1369,0.7712056636810303
2,316,2,562,0.7473344206809998
2,316,3,1611,0.7378211617469788
2,316,4,2686,0.7367493510246277
2,316,5,455,0.7290917038917542
2,316,6,338,0.7037307024002075
2,316,7,1571,0.6992486119270325
2,316,8,264,0.6988782286643982
2,316,9,1995,0.6968339681625366
2,316,10,1701,0.6951267123222351
2,317,1,562,0.8029090762138367
2,317,2,1611,0.7905740737915039
2,317,3,455,0.7855275869369507
2,317,4,975,0.7829762101173401
2,317,5,859,0.7757167220115662
2,317,6,2686,0.7745493054389954
2,317,7,1995,0.7717635631561279
2,317,8,984,0.7703766226768494
2,317,9,446,0.7690538167953491
2,317,10,3069,0.7687280178070068
2,318,1,1158,0.8189373016357422
2,318,2,562,0.7951393127441406
2,318,3,1198,0.7949598431587219
2,318,4,1995,0.7806642055511475
2,318,5,2686,0.7771698832511902
2,318,6,1611,0.7740045785903931
2,318,7,2106,0.7722051739692688
2,318,8,2176,0.7714117169380188
2,318,9,455,0.762200653553009
2,318,10,2956,0.762090802192688
2,319,1,1206,0.801665186882019
2,319,2,1369,0.7978863716125488
2,319,3,1367,0.7976086139678955
2,319,4,1158,0.7875333428382874
2,319,5,1611,0.7719259262084961
2,319,6,1198,0.771350622177124
2,319,7,2084,0.7705960869789124
2,319,8,1671,0.7663915157318115
2,319,9,2917,0.765803337097168
2,319,10,338,0.7639499306678772
2,321,1,1991,0.7973301410675049
2,321,2,2917,0.7907671928405762
2,321,3,1062,0.7829629182815552
2,321,4,104,0.7808383703231812
2,321,5,203,0.7795219421386719
2,321,6,1053,0.7764051556587219
2,321,7,2075,0.773897111415863
2,321,8,176,0.7700984477996826
2,321,9,1466,0.7605891227722168
2,321,10,2061,0.7580868005752563
2,322,1,446,0.8636149168014526
2,322,2,195,0.8349616527557373
2,322,3,2363,0.7968498468399048
2,322,4,1671,0.7944686412811279
2,322,5,637,0.7909413576126099
2,322,6,2084,0.7906160950660706
2,322,7,2353,0.7867431640625
2,322,8,1206,0.7859601974487305
2,322,9,1369,0.7855164408683777
2,322,10,2917,0.7846827507019043
2,323,1,2084,0.8538848757743835
2,323,2,2917,0.8519353270530701
2,323,3,1422,0.8152692317962646
2,323,4,33,0.8061180114746094
2,323,5,637,0.8043049573898315
2,323,6,1707,0.8036211729049683
2,323,7,1671,0.7965927124023438
2,323,8,2353,0.7926473617553711
2,323,9,1688,0.7869784832000732
2,323,10,2956,0.7833874225616455
2,324,1,446,0.8376399278640747
2,324,2,195,0.8171699643135071
2,324,3,2084,0.7846565842628479
2,324,4,2956,0.7807325720787048
2,324,5,2061,0.778574526309967
2,324,6,2917,0.7664975523948669
2,324,7,637,0.765419602394104
2,324,8,1491,0.7650710344314575
2,324,9,1635,0.764938473701477
2,324,10,2145,0.7605286240577698
2,325,1,104,0.8260506391525269
2,325,2,203,0.8260422348976135
2,325,3,2106,0.8247552514076233
2,325,4,2176,0.8235750198364258
2,325,5,2956,0.8189157247543335
2,325,6,176,0.8108404874801636
2,325,7,1466,0.8061197996139526
2,325,8,195,0.8031275868415833
2,325,9,1707,0.8011088371276855
2,325,10,2363,0.7968575954437256
2,326,1,176,0.7947062253952026
2,326,2,1466,0.7890263795852661
2,326,3,1991,0.7880887389183044
2,326,4,1053,0.7835500836372375
2,326,5,1437,0.7750858664512634
2,326,6,553,0.7743151783943176
2,326,7,2363,0.7565953135490417
2,326,8,446,0.7546642422676086
2,326,9,2176,0.7537842988967896
2,326,10,2084,0.7521008849143982
2,327,1,446,0.8165684938430786
2,327,2,2176,0.8072990775108337
2,327,3,2106,0.8064622282981873
2,327,4,2061,0.8037328124046326
2,327,5,203,0.7974146008491516
2,327,6,176,0.7965571880340576
2,327,7,2075,0.7892521023750305
2,327,8,1053,0.7874134182929993
2,327,9,2956,0.7811896204948425
2,327,10,1466,0.7798738479614258
2,328,1,2917,0.7776676416397095
2,328,2,1671,0.7763425707817078
2,328,3,2084,0.7707604169845581
2,328,4,176,0.7534319162368774
2,328,5,553,0.7471539974212646
2,328,6,1437,0.7455372214317322
2,328,7,1466,0.7335656881332397
2,328,8,718,0.7331832647323608
2,328,9,1540,0.7328833937644958
2,328,10,1053,0.7279800176620483
2,329,1,1422,0.8224836587905884
2,329,2,446,0.8010870218276978
2,329,3,637,0.800930380821228
2,329,4,3027,0.7943902015686035
2,329,5,1964,0.7905371785163879
2,329,6,1671,0.7890992760658264
2,329,7,1991,0.7765349745750427
2,329,8,2296,0.7683297395706177
2,329,9,2106,0.7642399072647095
2,329,10,2500,0.7634279727935791
2,330,1,446,0.819144606590271
2,330,2,2484,0.8101388812065125
2,330,3,1964,0.798786461353302
2,330,4,2106,0.7794036269187927
2,330,5,2176,0.7792697548866272
2,330,6,637,0.778244137763977
2,330,7,195,0.7697957754135132
2,330,8,1671,0.765464723110199
2,330,9,2500,0.7624799609184265
2,330,10,1991,0.7575957179069519
2,331,1,33,0.7899327278137207
2,331,2,2296,0.7794162034988403
2,331,3,446,0.7686161994934082
2,331,4,1964,0.7442024350166321
2,331,5,637,0.7435945868492126
2,331,6,3027,0.7372139096260071
2,331,7,1671,0.7336616516113281
2,331,8,1991,0.7290023565292358
2,331,9,2500,0.7228840589523315
2,331,10,1368,0.7227742671966553
2,332,1,446,0.8245102167129517
2,332,2,2084,0.8208844661712646
2,332,3,2917,0.8176437020301819
2,332,4,33,0.8143751621246338
2,332,5,2106,0.7906872630119324
2,332,6,2956,0.7905479073524475
2,332,7,1964,0.790198028087616
2,332,8,2176,0.7875306606292725
2,332,9,2500,0.7860609889030457
2,332,10,2971,0.7825144529342651
2,333,1,2145,0.8745289444923401
2,333,2,1655,0.8707563877105713
2,333,3,90,0.8489329218864441
2,333,4,1399,0.8377752304077148
2,333,5,513,0.8373613953590393
2,333,6,1491,0.8356842994689941
2,333,7,2261,0.8337481617927551
2,333,8,523,0.8332446813583374
2,333,9,2602,0.8241708874702454
2,333,10,2173,0.8236913681030273
2,334,1,90,0.9103649854660034
2,334,2,523,0.898868203163147
2,334,3,2261,0.8974465727806091
2,334,4,2309,0.8953773975372314
2,334,5,2927,0.8906859159469604
2,334,6,1692,0.8888577222824097
2,334,7,2107,0.8863312602043152
2,334,8,2602,0.8808475136756897
2,334,9,2173,0.8668219447135925
2,334,10,1590,0.8613066673278809
2,335,1,1692,0.843891441822052
2,335,2,2061,0.8183308243751526
2,335,3,2078,0.8046460151672363
2,335,4,1203,0.7953394651412964
2,335,5,1030,0.7949152588844299
2,335,6,1653,0.7946557402610779
2,335,7,210,0.7941222190856934
2,335,8,628,0.7938684821128845
2,335,9,513,0.7849488258361816
2,335,10,90,0.7796644568443298
2,336,1,90,0.9253533482551575
2,336,2,2870,0.9224886894226074
2,336,3,2309,0.9178086519241333
2,336,4,523,0.9151760339736938
2,336,5,2927,0.9129005670547485
2,336,6,2145,0.9115059971809387
2,336,7,2107,0.9102416634559631
2,336,8,1399,0.9044510722160339
2,336,9,249,0.9039446711540222
2,336,10,2173,0.8651018738746643
2,337,1,900,0.8520014882087708
2,337,2,1399,0.8403623700141907
2,337,3,2145,0.8398134708404541
2,337,4,2705,0.8309513926506042
2,337,5,1635,0.8237288594245911
2,337,6,249,0.8196840882301331
2,337,7,513,0.8169902563095093
2,337,8,788,0.8038959503173828
2,337,9,1779,0.7920252084732056
2,337,10,2566,0.7836014032363892
2,338,1,1399,0.8920899033546448
2,338,2,2173,0.8889049291610718
2,338,3,1590,0.8833704590797424
2,338,4,249,0.8747817277908325
2,338,5,2602,0.8672494888305664
2,338,6,2927,0.8601641654968262
2,338,7,2705,0.8521496057510376
2,338,8,1635,0.8489730358123779
2,338,9,513,0.8488194942474365
2,338,10,466,0.8390419483184814
2,339,1,1635,0.8901445269584656
2,339,2,2705,0.8900039792060852
2,339,3,1399,0.8761269450187683
2,339,4,523,0.869868278503418
2,339,5,2173,0.8631139993667603
2,339,6,513,0.8628762364387512
2,339,7,2384,0.8533005714416504
2,339,8,249,0.8503503799438477
2,339,9,1491,0.8459486961364746
2,339,10,2061,0.8350785970687866
2,340,1,1399,0.9333138465881348
2,340,2,2173,0.9168521761894226
2,340,3,1590,0.9115565419197083
2,340,4,249,0.9105033278465271
2,340,5,1692,0.8932492733001709
2,340,6,2705,0.8896483182907104
2,340,7,1635,0.8882362246513367
2,340,8,2145,0.8879724740982056
2,340,9,513,0.8716278076171875
2,340,10,2018,0.8526524305343628
2,341,1,646,0.8125391602516174
2,341,2,20,0.7884498238563538
2,341,3,482,0.7858185768127441
2,341,4,1472,0.7776851058006287
2,341,5,502,0.7731590867042542
2,341,6,671,0.7468177080154419
2,341,7,2163,0.7461230158805847
2,341,8,1827,0.7324384450912476
2,341,9,1786,0.7294051051139832
2,341,10,2264,0.7166558504104614
2,343,1,899,0.9073642492294312
2,343,2,1590,0.9043083786964417
2,343,3,2173,0.8870322704315186
2,343,4,513,0.8757007122039795
2,343,5,2927,0.8701777458190918
2,343,6,2018,0.8676029443740845
2,343,7,2870,0.8638732433319092
2,343,8,1692,0.8625626564025879
2,343,9,1655,0.8615868091583252
2,343,10,249,0.8510034680366516
2,344,1,646,0.813226044178009
2,344,2,1386,0.776371419429779
2,344,3,513,0.7473851442337036
2,344,4,1258,0.7469354271888733
2,344,5,2566,0.7280066013336182
2,344,6,2018,0.7153068780899048
2,344,7,2202,0.7068555951118469
2,344,8,581,0.7046338319778442
2,344,9,1341,0.7036661505699158
2,344,10,98,0.6997197270393372
2,345,1,387,0.8117162585258484
2,345,2,779,0.7706556916236877
2,345,3,502,0.7552592754364014
2,345,4,2264,0.748661994934082
2,345,5,2163,0.7211384773254395
2,345,6,1827,0.7164672017097473
2,345,7,1786,0.7117064595222473
2,345,8,72,0.7014606595039368
2,345,9,58,0.6947646141052246
2,345,10,1002,0.6761229634284973
2,346,1,1472,0.827000617980957
2,346,2,779,0.8253107070922852
2,346,3,502,0.7716104388237
2,346,4,918,0.7467023730278015
2,346,5,1827,0.7448834776878357
2,346,6,1786,0.7448439002037048
2,346,7,1108,0.7448421716690063
2,346,8,1826,0.7395579218864441
2,346,9,2163,0.7364792823791504
2,346,10,2888,0.7359234094619751
2,347,1,2163,0.7519015073776245
2,347,2,502,0.7418128848075867
2,347,3,72,0.7229777574539185
2,347,4,1827,0.701678454875946
2,347,5,730,0.7004016637802124
2,347,6,1490,0.6963683366775513
2,347,7,1786,0.6948630213737488
2,347,8,482,0.694370687007904
2,347,9,2365,0.6840982437133789
2,347,10,1897,0.6794767379760742
2,348,1,72,0.817765474319458
2,348,2,2312,0.7916377186775208
2,348,3,2963,0.7105827331542969
2,348,4,2559,0.7079734802246094
2,348,5,738,0.6924855709075928
2,348,6,459,0.6904425024986267
2,348,7,502,0.6815213561058044
2,348,8,646,0.680735170841217
2,348,9,1091,0.6797015070915222
2,348,10,1146,0.6738432049751282
2,349,1,2007,0.8258886933326721
2,349,2,1897,0.7941341400146484
2,349,3,72,0.777782678604126
2,349,4,2312,0.747305691242218
2,349,5,646,0.730893075466156
2,349,6,1793,0.7287037372589111
2,349,7,482,0.7252622842788696
2,349,8,2403,0.7117437124252319
2,349,9,2559,0.708286464214325
2,349,10,779,0.6987208127975464
2,350,1,333,0.7770619988441467
2,350,2,646,0.7096551060676575
2,350,3,502,0.6859247088432312
2,350,4,779,0.6829114556312561
2,350,5,20,0.6826426982879639
2,350,6,2403,0.6768776178359985
2,350,7,2559,0.6751695275306702
2,350,8,1472,0.6674484014511108
2,350,9,387,0.667266845703125
2,350,10,1266,0.6653425693511963
2,351,1,20,0.7992576956748962
2,351,2,333,0.7744261026382446
2,351,3,1793,0.7673120498657227
2,351,4,646,0.7651282548904419
2,351,5,482,0.7582297921180725
2,351,6,2403,0.754500150680542
2,351,7,1002,0.7513066530227661
2,351,8,387,0.7270693182945251
2,351,9,1472,0.7221036553382874
2,351,10,779,0.7219964265823364
2,352,1,2653,0.9351674318313599
2,352,2,2697,0.9084660410881042
2,352,3,1266,0.8943907618522644
2,352,4,1490,0.8275086879730225
2,352,5,270,0.8200682997703552
2,352,6,1,0.8195978403091431
2,352,7,506,0.8165820240974426
2,352,8,434,0.8140249252319336
2,352,9,1275,0.7922001481056213
2,352,10,1911,0.7904421091079712
2,353,1,432,0.8272425532341003
2,353,2,2869,0.8150939345359802
2,353,3,434,0.796050488948822
2,353,4,506,0.7934253811836243
2,353,5,2562,0.7871450185775757
2,353,6,270,0.7864062190055847
2,353,7,730,0.7733924984931946
2,353,8,2365,0.7714524269104004
2,353,9,393,0.7630740404129028
2,353,10,1275,0.7604557275772095
2,354,1,270,0.8183499574661255
2,354,2,2562,0.8138417601585388
2,354,3,506,0.8126620650291443
2,354,4,434,0.8116070628166199
2,354,5,1490,0.7968804836273193
2,354,6,730,0.7955060601234436
2,354,7,784,0.7710256576538086
2,354,8,1275,0.7700877785682678
2,354,9,2365,0.7686278223991394
2,354,10,393,0.7648789882659912
2,355,1,622,0.8667736053466797
2,355,2,270,0.8229366540908813
2,355,3,754,0.8039364218711853
2,355,4,1275,0.7963376641273499
2,355,5,434,0.7958447933197021
2,355,6,506,0.7958194613456726
2,355,7,2665,0.7935940027236938
2,355,8,784,0.7792322039604187
2,355,9,730,0.7746293544769287
2,355,10,617,0.7693185210227966
2,356,1,622,0.8484817743301392
2,356,2,2869,0.8460906147956848
2,356,3,506,0.8381722569465637
2,356,4,434,0.8344484567642212
2,356,5,432,0.8243091106414795
2,356,6,270,0.8191972970962524
2,356,7,1769,0.8029110431671143
2,356,8,1275,0.7898436784744263
2,356,9,784,0.7856259346008301
2,356,10,730,0.7847853899002075
2,357,1,915,0.829845130443573
2,357,2,2196,0.82753986120224
2,357,3,622,0.8040327429771423
2,357,4,270,0.8034095168113708
2,357,5,2257,0.8022752404212952
2,357,6,2365,0.7951529026031494
2,357,7,2562,0.7950398325920105
2,357,8,2869,0.794478178024292
2,357,9,826,0.7906010150909424
2,357,10,842,0.788902759552002
2,358,1,2311,0.8756103515625
2,358,2,2645,0.8756103515625
2,358,3,730,0.7584455609321594
2,358,4,2365,0.7340586185455322
2,358,5,2196,0.7333584427833557
2,358,6,835,0.72267746925354
2,358,7,2257,0.711072564125061
2,358,8,2202,0.7102016806602478
2,358,9,106,0.7042479515075684
2,358,10,476,0.7022213339805603
2,359,1,506,0.7879995703697205
2,359,2,1542,0.7790536880493164
2,359,3,2196,0.7768535614013672
2,359,4,2257,0.7401710748672485
2,359,5,2802,0.7318271398544312
2,359,6,730,0.7225815057754517
2,359,7,2365,0.7053432464599609
2,359,8,1517,0.6993557810783386
2,359,9,886,0.6967915892601013
2,359,10,974,0.6954066753387451
2,360,1,506,0.7879995703697205
2,360,2,1542,0.7790536880493164
2,360,3,2196,0.7768535614013672
2,360,4,2257,0.7401710748672485
2,360,5,2802,0.7318271398544312
2,360,6,730,0.7225815057754517
2,360,7,2365,0.7053432464599609
2,360,8,1517,0.6993557810783386
2,360,9,886,0.6967915892601013
2,360,10,974,0.6954066753387451
2,361,1,506,0.7879995703697205
2,361,2,1542,0.7790536880493164
2,361,3,2196,0.7768535614013672
2,361,4,2257,0.7401710748672485
2,361,5,2802,0.7318271398544312
2,361,6,730,0.7225815057754517
2,361,7,2365,0.7053432464599609
2,361,8,1517,0.6993557810783386
2,361,9,886,0.6967915892601013
2,361,10,974,0.6954066753387451
2,362,1,506,0.7879995703697205
2,362,2,1542,0.7790536880493164
2,362,3,2196,0.7768535614013672
2,362,4,2257,0.7401710748672485
2,362,5,2802,0.7318271398544312
2,362,6,730,0.7225815057754517
2,362,7,2365,0.7053432464599609
2,362,8,1517,0.6993557810783386
2,362,9,886,0.6967915892601013
2,362,10,974,0.6954066753387451
2,363,1,506,0.7885057926177979
2,363,2,1542,0.7794007658958435
2,363,3,2196,0.7771871089935303
2,363,4,2257,0.7404387593269348
2,363,5,2802,0.7323106527328491
2,363,6,730,0.7227017879486084
2,363,7,2365,0.7056862115859985
2,363,8,1517,0.6996867060661316
2,363,9,886,0.6975032091140747
2,363,10,974,0.6958792805671692
2,365,1,210,0.8477665185928345
2,365,2,2107,0.7912226915359497
2,365,3,2145,0.7867529988288879
2,365,4,1692,0.7857131361961365
2,365,5,2927,0.7817666530609131
2,365,6,1635,0.7786704301834106
2,365,7,2705,0.7772886753082275
2,365,8,2061,0.773811936378479
2,365,9,1655,0.7719051837921143
2,365,10,397,0.770329475402832
2,366,1,2078,0.8933026194572449
2,366,2,1494,0.8322769999504089
2,366,3,2107,0.8285585641860962
2,366,4,1635,0.8209195733070374
2,366,5,2927,0.8207104206085205
2,366,6,1692,0.8197924494743347
2,366,7,2145,0.8182562589645386
2,366,8,2061,0.818175733089447
2,366,9,2705,0.8156775832176208
2,366,10,1655,0.804771900177002
2,367,1,210,0.8528586030006409
2,367,2,1692,0.8277227282524109
2,367,3,2107,0.8255738019943237
2,367,4,2927,0.8234835863113403
2,367,5,2145,0.8220382928848267
2,367,6,1635,0.8189312219619751
2,367,7,2705,0.8172023892402649
2,367,8,513,0.8135215044021606
2,367,9,1655,0.8128077387809753
2,367,10,410,0.8119646906852722
2,368,1,2078,0.8911100029945374
2,368,2,2107,0.8649991154670715
2,368,3,1635,0.8640102744102478
2,368,4,1692,0.862842857837677
2,368,5,2145,0.8623713850975037
2,368,6,2927,0.8622357845306396
2,368,7,2705,0.8620625138282776
2,368,8,1655,0.854379415512085
2,368,9,2061,0.8503463864326477
2,368,10,1491,0.8433393836021423
2,369,1,477,0.9425257444381714
2,369,2,2739,0.9236941933631897
2,369,3,1347,0.9229591488838196
2,369,4,2274,0.8240706324577332
2,369,5,2480,0.8197782039642334
2,369,6,65,0.8166242837905884
2,369,7,2212,0.8125904202461243
2,369,8,3048,0.8063357472419739
2,369,9,315,0.805508553981781
2,369,10,869,0.801106333732605
2,370,1,1606,0.9390788078308105
2,370,2,2739,0.930787980556488
2,370,3,918,0.9244297742843628
2,370,4,2274,0.8145477175712585
2,370,5,2480,0.8098635673522949
2,370,6,65,0.8028786778450012
2,370,7,3048,0.8026514649391174
2,370,8,2212,0.7993594408035278
2,370,9,869,0.7943034172058105
2,370,10,2772,0.7870895266532898
2,372,1,272,0.9157717227935791
2,372,2,1398,0.9093060493469238
2,372,3,1606,0.8985539674758911
2,372,4,168,0.7454689145088196
2,372,5,747,0.7250510454177856
2,372,6,1275,0.7226945757865906
2,372,7,1769,0.7200835943222046
2,372,8,65,0.7145653367042542
2,372,9,2212,0.7145115733146667
2,372,10,2274,0.7126652598381042
2,373,1,2687,0.9194285869598389
2,373,2,2464,0.9049581289291382
2,373,3,1606,0.8954073190689087
2,373,4,168,0.7615795135498047
2,373,5,1275,0.7588794827461243
2,373,6,1769,0.754164457321167
2,373,7,747,0.730863094329834
2,373,8,784,0.7249603271484375
2,373,9,755,0.6989836692810059
2,373,10,221,0.6966266632080078
2,374,1,2441,0.9215616583824158
2,374,2,2888,0.8636001944541931
2,374,3,918,0.8607850670814514
2,374,4,168,0.8004055619239807
2,374,5,1769,0.7856631875038147
2,374,6,1275,0.782717764377594
2,374,7,747,0.7696213126182556
2,374,8,784,0.7460097074508667
2,374,9,221,0.7419871687889099
2,374,10,1190,0.7338319420814514
2,375,1,2441,0.9256670475006104
2,375,2,2739,0.9131231307983398
2,375,3,2321,0.8977386355400085
2,375,4,2274,0.8223775029182434
2,375,5,2480,0.8202530741691589
2,375,6,3048,0.8161673545837402
2,375,7,869,0.8084542751312256
2,375,8,65,0.8062689304351807
2,375,9,2212,0.8045865893363953
2,375,10,2772,0.8033962249755859
2,378,1,477,0.9267679452896118
2,378,2,1347,0.9085236191749573
2,378,3,2888,0.8924477696418762
2,378,4,1275,0.7359708547592163
2,378,5,1769,0.7291890382766724
2,378,6,168,0.7284930944442749
2,378,7,2274,0.7191561460494995
2,378,8,293,0.7170835733413696
2,378,9,3048,0.7120645642280579
2,378,10,65,0.7117519974708557
2,379,1,2441,0.9131369590759277
2,379,2,2321,0.8921645283699036
2,379,3,1678,0.8391405344009399
2,379,4,168,0.7479198575019836
2,379,5,747,0.7242438197135925
2,379,6,2359,0.7234529256820679
2,379,7,65,0.7231220006942749
2,379,8,1769,0.7186830043792725
2,379,9,2274,0.7174276113510132
2,379,10,2212,0.7169198393821716
2,380,1,477,0.9549400806427002
2,380,2,2441,0.946033239364624
2,380,3,918,0.9189618229866028
2,380,4,2274,0.7761684656143188
2,380,5,65,0.7761198282241821
2,380,6,2212,0.769896388053894
2,380,7,2480,0.7694368958473206
2,380,8,3048,0.7611566185951233
2,380,9,315,0.7555805444717407
2,380,10,869,0.7473625540733337
2,381,1,2441,0.9413276314735413
2,381,2,2739,0.9232239127159119
2,381,3,2888,0.9170809388160706
2,381,4,2480,0.818113386631012
2,381,5,2274,0.8177466988563538
2,381,6,1159,0.8082427382469177
2,381,7,869,0.8076481223106384
2,381,8,65,0.8074660301208496
2,381,9,2212,0.8001109957695007
2,381,10,2603,0.7978580594062805
2,383,1,1347,0.9073842167854309
2,383,2,2888,0.8759848475456238
2,383,3,918,0.8677395582199097
2,383,4,168,0.7778363227844238
2,383,5,747,0.753523051738739
2,383,6,1769,0.7519798278808594
2,383,7,1275,0.7441146373748779
2,383,8,65,0.729363739490509
2,383,9,755,0.723848283290863
2,383,10,2359,0.7236620187759399
2,384,1,2441,0.9281743764877319
2,384,2,1826,0.8769568800926208
2,384,3,1678,0.8509622812271118
2,384,4,168,0.7811750173568726
2,384,5,747,0.7628822922706604
2,384,6,1769,0.7557238340377808
2,384,7,2359,0.7453755140304565
2,384,8,755,0.7400711178779602
2,384,9,64,0.7375718951225281
2,384,10,293,0.7356269955635071
2,385,1,2464,0.9470535516738892
2,385,2,272,0.9466663002967834
2,385,3,2739,0.9340927600860596
2,385,4,2274,0.7914000153541565
2,385,5,2480,0.7888829112052917
2,385,6,65,0.7866991758346558
2,385,7,2212,0.7816805839538574
2,385,8,3048,0.7808537483215332
2,385,9,869,0.7681278586387634
2,385,10,2772,0.7647193074226379
2,386,1,2464,0.9530038833618164
2,386,2,1398,0.9526107907295227
2,386,3,1826,0.9348382353782654
2,386,4,2274,0.8001296520233154
2,386,5,2480,0.7879852056503296
2,386,6,65,0.7875983715057373
2,386,7,2212,0.7825609445571899
2,386,8,3048,0.782005786895752
2,386,9,869,0.7784461379051208
2,386,10,2772,0.7731922268867493
2,387,1,1347,0.9006121158599854
2,387,2,918,0.8705202341079712
2,387,3,1678,0.8297896981239319
2,387,4,168,0.73026442527771
2,387,5,65,0.7215374708175659
2,387,6,2359,0.71929532289505
2,387,7,2212,0.7162579894065857
2,387,8,2274,0.7136978507041931
2,387,9,747,0.7134796977043152
2,387,10,2480,0.7077974081039429
2,388,1,477,0.9339872002601624
2,388,2,272,0.9328707456588745
2,388,3,1826,0.9104917645454407
2,388,4,1275,0.7254758477210999
2,388,5,293,0.7250747680664062
2,388,6,2274,0.719494640827179
2,388,7,3048,0.7135385274887085
2,388,8,2772,0.711642324924469
2,388,9,1769,0.7088602185249329
2,388,10,2429,0.703998327255249
2,391,1,272,0.9487065672874451
2,391,2,1606,0.9380471110343933
2,391,3,1108,0.9242167472839355
2,391,4,2274,0.7829750180244446
2,391,5,2480,0.7771030068397522
2,391,6,3048,0.7768099308013916
2,391,7,65,0.7703390121459961
2,391,8,2212,0.7670368552207947
2,391,9,2772,0.7643327713012695
2,391,10,869,0.762862503528595
2,392,1,2082,0.794879674911499
2,392,2,641,0.7883647084236145
2,392,3,2490,0.7204252481460571
2,392,4,2098,0.6754657626152039
2,392,5,2796,0.6631336808204651
2,392,6,1142,0.6407191157341003
2,392,7,447,0.6206247806549072
2,392,8,2713,0.6136397123336792
2,392,9,1044,0.6132009029388428
2,392,10,2940,0.6111071705818176
2,395,1,1102,0.7905969023704529
2,395,2,2452,0.7182143330574036
2,395,3,1142,0.6799354553222656
2,395,4,1044,0.6638557314872742
2,395,5,1686,0.6624577641487122
2,395,6,1645,0.6614949107170105
2,395,7,2490,0.6583822965621948
2,395,8,2713,0.6581993699073792
2,395,9,2345,0.646541178226471
2,395,10,1267,0.6449622511863708
2,396,1,2156,0.7935960292816162
2,396,2,2607,0.7931480407714844
2,396,3,2452,0.7457531094551086
2,396,4,1142,0.6621458530426025
2,396,5,1645,0.6459729671478271
2,396,6,1686,0.643503725528717
2,396,7,1044,0.6434186100959778
2,396,8,2713,0.6353458762168884
2,396,9,1267,0.6314319372177124
2,396,10,2098,0.6307579278945923
2,397,1,206,0.7871639132499695
2,397,2,1307,0.7792012095451355
2,397,3,609,0.7718468308448792
2,397,4,1028,0.7418623566627502
2,397,5,696,0.7393168807029724
2,397,6,2253,0.7298868298530579
2,397,7,2504,0.7157480120658875
2,397,8,527,0.7115859985351562
2,397,9,2235,0.7046071887016296
2,397,10,2080,0.6978902220726013
2,398,1,2752,0.8009810447692871
2,398,2,82,0.799024760723114
2,398,3,1009,0.7986111044883728
2,398,4,1587,0.7961245775222778
2,398,5,672,0.7883696556091309
2,398,6,2568,0.777000367641449
2,398,7,2391,0.7638615369796753
2,398,8,301,0.7616679072380066
2,398,9,949,0.7561295032501221
2,398,10,1999,0.7539467215538025
2,399,1,206,0.7852032780647278
2,399,2,2238,0.7668250799179077
2,399,3,2253,0.7480377554893494
2,399,4,1028,0.7480267286300659
2,399,5,696,0.7429395914077759
2,399,6,692,0.7384966015815735
2,399,7,556,0.7337412238121033
2,399,8,2303,0.7170755863189697
2,399,9,1496,0.7168312072753906
2,399,10,1422,0.70978182554245
2,400,1,2136,0.7101738452911377
2,400,2,2910,0.7090182900428772
2,400,3,696,0.6929144263267517
2,400,4,2253,0.6927660703659058
2,400,5,1496,0.6878899335861206
2,400,6,1028,0.6789616942405701
2,400,7,1379,0.6758778691291809
2,400,8,692,0.6729476451873779
2,400,9,1812,0.6718077659606934
2,400,10,2238,0.6564703583717346
2,401,1,2558,0.8320991396903992
2,401,2,2599,0.8314371109008789
2,401,3,2104,0.8308554291725159
2,401,4,609,0.6804662346839905
2,401,5,2080,0.6726605296134949
2,401,6,2796,0.6690883040428162
2,401,7,527,0.6664777994155884
2,401,8,6,0.6649010181427002
2,401,9,1048,0.6521248817443848
2,401,10,2940,0.6433730125427246
2,403,1,1307,0.7562160491943359
2,403,2,2910,0.7447543740272522
2,403,3,2253,0.7360835671424866
2,403,4,696,0.7201482653617859
2,403,5,1028,0.7168500423431396
2,403,6,2238,0.7080827355384827
2,403,7,1496,0.7069357633590698
2,403,8,692,0.6998611092567444
2,403,9,609,0.699762761592865
2,403,10,2159,0.6754727959632874
2,404,1,1379,0.7872461676597595
2,404,2,609,0.7536952495574951
2,404,3,696,0.7517686486244202
2,404,4,1028,0.7509937286376953
2,404,5,2253,0.7394520044326782
2,404,6,1301,0.7390051484107971
2,404,7,2238,0.7104893922805786
2,404,8,692,0.7016863226890564
2,404,9,1422,0.6902642250061035
2,404,10,2658,0.6779931783676147
2,405,1,2080,0.8164740204811096
2,405,2,1307,0.7709782719612122
2,405,3,1570,0.7603381276130676
2,405,4,89,0.7536471486091614
2,405,5,949,0.7444940209388733
2,405,6,1587,0.7314404845237732
2,405,7,2568,0.7265498638153076
2,405,8,1379,0.7263558506965637
2,405,9,2830,0.7213075160980225
2,405,10,196,0.7099405527114868
2,406,1,206,0.7869104146957397
2,406,2,1307,0.7846713066101074
2,406,3,1570,0.7618567943572998
2,406,4,89,0.7573025822639465
2,406,5,1379,0.7400389313697815
2,406,6,2830,0.7345068454742432
2,406,7,1028,0.7261806130409241
2,406,8,696,0.7245382070541382
2,406,9,949,0.7244587540626526
2,406,10,475,0.7223410606384277
2,407,1,275,0.8018741011619568
2,407,2,103,0.7765181660652161
2,407,3,2080,0.7601372599601746
2,407,4,1009,0.757232129573822
2,407,5,1587,0.7560316920280457
2,407,6,301,0.7552685737609863
2,407,7,672,0.7547255754470825
2,407,8,2391,0.7461869120597839
2,407,9,2817,0.7397246956825256
2,407,10,609,0.7223734259605408
2,408,1,275,0.7917696833610535
2,408,2,672,0.791617214679718
2,408,3,301,0.7766276001930237
2,408,4,2817,0.7608330249786377
2,408,5,2643,0.7567304372787476
2,408,6,2397,0.7541091442108154
2,408,7,1408,0.7478485107421875
2,408,8,2912,0.7466928362846375
2,408,9,493,0.7466687560081482
2,408,10,1587,0.7404841184616089
2,409,1,521,0.8004141449928284
2,409,2,538,0.7997753620147705
2,409,3,3017,0.7993663549423218
2,409,4,594,0.7991180419921875
2,409,5,2785,0.7986592650413513
2,409,6,2188,0.7953450679779053
2,409,7,2817,0.7935697436332703
2,409,8,1878,0.7932388186454773
2,409,9,535,0.7915716171264648
2,409,10,2272,0.7766430974006653
2,410,1,2397,0.7896093726158142
2,410,2,493,0.7874183654785156
2,410,3,2423,0.7812066674232483
2,410,4,2785,0.7789140343666077
2,410,5,521,0.7647405862808228
2,410,6,2488,0.7628455758094788
2,410,7,730,0.7617484331130981
2,410,8,538,0.7608582377433777
2,410,9,535,0.7570509314537048
2,410,10,594,0.756402313709259
2,411,1,2397,0.8141968846321106
2,411,2,594,0.811098575592041
2,411,3,538,0.807522714138031
2,411,4,2817,0.8061975836753845
2,411,5,535,0.8031091094017029
2,411,6,2721,0.7869003415107727
2,411,7,2272,0.7845898270606995
2,411,8,1408,0.7814778089523315
2,411,9,2609,0.7647015452384949
2,411,10,2493,0.7491313815116882
2,412,1,538,0.8720624446868896
2,412,2,594,0.8641436696052551
2,412,3,535,0.859631359577179
2,412,4,2721,0.8522093296051025
2,412,5,2272,0.8501113653182983
2,412,6,2609,0.8340311646461487
2,412,7,2488,0.8253827691078186
2,412,8,2397,0.818153440952301
2,412,9,1517,0.8114359974861145
2,412,10,566,0.8026935458183289
2,413,1,594,0.7791668176651001
2,413,2,535,0.7702614665031433
2,413,3,538,0.7664886713027954
2,413,4,2488,0.766006588935852
2,413,5,1208,0.7630416750907898
2,413,6,2272,0.7597059607505798
2,413,7,539,0.7562292218208313
2,413,8,2906,0.7528489828109741
2,413,9,430,0.7480170130729675
2,413,10,2721,0.747131884098053
2,414,1,2785,0.729776918888092
2,414,2,1952,0.722226619720459
2,414,3,594,0.7218784093856812
2,414,4,1467,0.7217994928359985
2,414,5,1208,0.7203114628791809
2,414,6,434,0.7137798070907593
2,414,7,2790,0.7073961496353149
2,414,8,360,0.7057754397392273
2,414,9,432,0.7020807862281799
2,414,10,730,0.7007913589477539
2,415,1,2183,0.8516017198562622
2,415,2,3010,0.8509652018547058
2,415,3,2513,0.7888854742050171
2,415,4,356,0.7816058397293091
2,415,5,1696,0.7781662940979004
2,415,6,1651,0.7551162242889404
2,415,7,1467,0.7433608174324036
2,415,8,1913,0.73947674036026
2,415,9,221,0.7264255881309509
2,415,10,670,0.7258776426315308
2,416,1,293,0.7423999309539795
2,416,2,670,0.7342461943626404
2,416,3,621,0.7283049821853638
2,416,4,2851,0.7165660262107849
2,416,5,2761,0.7161580920219421
2,416,6,2911,0.7146968245506287
2,416,7,264,0.7142795324325562
2,416,8,742,0.7089447379112244
2,416,9,576,0.706817626953125
2,416,10,518,0.7060972452163696
2,417,1,670,0.7958632111549377
2,417,2,1018,0.7906531095504761
2,417,3,356,0.7857341766357422
2,417,4,5,0.7796924710273743
2,417,5,2757,0.7760692238807678
2,417,6,906,0.7709826231002808
2,417,7,576,0.7644901871681213
2,417,8,1029,0.7624935507774353
2,417,9,886,0.757724940776825
2,417,10,2513,0.7550017237663269
2,418,1,566,0.8876168727874756
2,418,2,1517,0.8775317668914795
2,418,3,2196,0.8752400875091553
2,418,4,2700,0.8740581274032593
2,418,5,2802,0.873278021812439
2,418,6,886,0.8723761439323425
2,418,7,974,0.8644024133682251
2,418,8,1215,0.8636112809181213
2,418,9,624,0.8633326292037964
2,418,10,906,0.8583155870437622
2,419,1,3019,0.8663453459739685
2,419,2,1696,0.8036534190177917
2,419,3,2513,0.8004149794578552
2,419,4,1884,0.7990304231643677
2,419,5,356,0.7713819146156311
2,419,6,1651,0.7610923647880554
2,419,7,655,0.749821126461029
2,419,8,1208,0.7388361692428589
2,419,9,1913,0.7388226389884949
2,419,10,1979,0.7367650270462036
2,420,1,1196,0.874228298664093
2,420,2,3010,0.8568823337554932
2,420,3,1767,0.8438635468482971
2,420,4,704,0.8430764675140381
2,420,5,2790,0.8408292531967163
2,420,6,356,0.7934049367904663
2,420,7,2513,0.7890470027923584
2,420,8,1651,0.7799168825149536
2,420,9,1467,0.7698624134063721
2,420,10,1913,0.762607753276825
2,421,1,1517,0.8796783685684204
2,421,2,826,0.8653833270072937
2,421,3,2196,0.8620675206184387
2,421,4,1018,0.8603997826576233
2,421,5,434,0.8598827719688416
2,421,6,886,0.8572306036949158
2,421,7,906,0.8557870984077454
2,421,8,2609,0.8542371988296509
2,421,9,506,0.8504585027694702
2,421,10,576,0.8492323160171509
2,422,1,1196,0.8648611307144165
2,422,2,3010,0.8479070663452148
2,422,3,1767,0.8344560265541077
2,422,4,2790,0.829707145690918
2,422,5,1884,0.8062594532966614
2,422,6,356,0.7924432754516602
2,422,7,1651,0.787501335144043
2,422,8,2513,0.7859869599342346
2,422,9,1467,0.7679023146629333
2,422,10,1913,0.7594807744026184
2,423,1,1791,0.8628226518630981
2,423,2,2028,0.8628156781196594
2,423,3,3019,0.8541021347045898
2,423,4,1767,0.8433169722557068
2,423,5,2790,0.8288266658782959
2,423,6,1208,0.7678605914115906
2,423,7,1651,0.767153799533844
2,423,8,2513,0.7661697864532471
2,423,9,356,0.7648898363113403
2,423,10,221,0.7545006275177002
2,424,1,434,0.8280633091926575
2,424,2,2609,0.823708713054657
2,424,3,506,0.8208183646202087
2,424,4,1517,0.8183873295783997
2,424,5,2196,0.815330982208252
2,424,6,2257,0.7861447334289551
2,424,7,2906,0.7858704328536987
2,424,8,1542,0.7857957482337952
2,424,9,2785,0.783079206943512
2,424,10,539,0.7824214696884155
2,425,1,2441,0.8521562218666077
2,425,2,957,0.8353312611579895
2,425,3,2653,0.8317742943763733
2,425,4,506,0.8270400762557983
2,425,5,2321,0.8221421837806702
2,425,6,2739,0.8218083381652832
2,425,7,2196,0.8209607005119324
2,425,8,1347,0.820770800113678
2,425,9,434,0.8181953430175781
2,425,10,293,0.8173046112060547
2,426,1,434,0.8389586806297302
2,426,2,506,0.8363491892814636
2,426,3,2196,0.797573983669281
2,426,4,538,0.7849497199058533
2,426,5,1542,0.7832140922546387
2,426,6,2272,0.7742893695831299
2,426,7,297,0.7688242793083191
2,426,8,360,0.7622644305229187
2,426,9,2257,0.7614532709121704
2,426,10,2802,0.7571905851364136
2,427,1,2802,0.9113056659698486
2,427,2,2196,0.8971800804138184
2,427,3,886,0.8868775367736816
2,427,4,906,0.8771781921386719
2,427,5,974,0.8552855253219604
2,427,6,1618,0.8505595922470093
2,427,7,2757,0.8504396677017212
2,427,8,1029,0.8473144769668579
2,427,9,1018,0.844232976436615
2,427,10,826,0.8439040780067444
2,428,1,2272,0.8173982501029968
2,428,2,434,0.8150731921195984
2,428,3,506,0.8102954030036926
2,428,4,2196,0.8010724186897278
2,428,5,1542,0.7935855388641357
2,428,6,730,0.782318115234375
2,428,7,2817,0.7798795700073242
2,428,8,2488,0.7766090035438538
2,428,9,2785,0.7765673398971558
2,428,10,2906,0.7749873995780945
2,429,1,2272,0.8173982501029968
2,429,2,434,0.8150731921195984
2,429,3,506,0.8102954030036926
2,429,4,2196,0.8010724186897278
2,429,5,1542,0.7935855388641357
2,429,6,730,0.782318115234375
2,429,7,2817,0.7798795700073242
2,429,8,2488,0.7766090035438538
2,429,9,2785,0.7765673398971558
2,429,10,2906,0.7749873995780945
2,430,1,2272,0.8173982501029968
2,430,2,434,0.8150731921195984
2,430,3,506,0.8102954030036926
2,430,4,2196,0.8010724186897278
2,430,5,1542,0.7935855388641357
2,430,6,730,0.782318115234375
2,430,7,2817,0.7798795700073242
2,430,8,2488,0.7766090035438538
2,430,9,2785,0.7765673398971558
2,430,10,2906,0.7749873995780945
2,435,1,621,0.8158268928527832
2,435,2,2911,0.7925964593887329
2,435,3,2790,0.7914677262306213
2,435,4,1018,0.7859274744987488
2,435,5,2851,0.7676810026168823
2,435,6,576,0.7660863399505615
2,435,7,2761,0.7623352408409119
2,435,8,1467,0.7608055472373962
2,435,9,1952,0.7566476464271545
2,435,10,906,0.7539130449295044
2,436,1,670,0.8604301810264587
2,436,2,264,0.8602182865142822
2,436,3,1018,0.8555378913879395
2,436,4,621,0.8526033163070679
2,436,5,293,0.8481091856956482
2,436,6,906,0.843230128288269
2,436,7,957,0.8428531885147095
2,436,8,2761,0.842681884765625
2,436,9,2757,0.8419775366783142
2,436,10,886,0.8412798643112183
2,437,1,670,0.8741437792778015
2,437,2,624,0.8533345460891724
2,437,3,2761,0.8464718461036682
2,437,4,293,0.837880551815033
2,437,5,957,0.8317837119102478
2,437,6,2911,0.830597460269928
2,437,7,2851,0.8295671939849854
2,437,8,1018,0.8264239430427551
2,437,9,2496,0.8150712251663208
2,437,10,1040,0.8129939436912537
2,439,1,1040,0.8082194924354553
2,439,2,293,0.7998577356338501
2,439,3,2911,0.7777084112167358
2,439,4,1769,0.7432543039321899
2,439,5,2035,0.741271436214447
2,439,6,2653,0.7397012114524841
2,439,7,1749,0.7380611300468445
2,439,8,1018,0.7191647887229919
2,439,9,670,0.7071894407272339
2,439,10,755,0.7055061459541321
2,440,1,2761,0.7947062849998474
2,440,2,957,0.7858158946037292
2,440,3,2851,0.7762702703475952
2,440,4,2725,0.7631943821907043
2,440,5,670,0.7528539896011353
2,440,6,624,0.7506160140037537
2,440,7,64,0.750563383102417
2,440,8,264,0.7443232536315918
2,440,9,621,0.7410232424736023
2,440,10,2359,0.7375482320785522
2,441,1,1769,0.8485901951789856
2,441,2,2653,0.8053745031356812
2,441,3,1018,0.782424807548523
2,441,4,434,0.7799468040466309
2,441,5,755,0.7772994637489319
2,441,6,356,0.7737606167793274
2,441,7,506,0.7675619721412659
2,441,8,168,0.767098605632782
2,441,9,1618,0.7663738131523132
2,441,10,576,0.757983922958374
2,442,1,1749,0.7699869871139526
2,442,2,2653,0.7482524514198303
2,442,3,1467,0.7469319105148315
2,442,4,1769,0.7280906438827515
2,442,5,2665,0.7113316655158997
2,442,6,754,0.7094005346298218
2,442,7,915,0.7086591124534607
2,442,8,1037,0.6994001865386963
2,442,9,755,0.6954494118690491
2,442,10,432,0.6887596845626831
2,443,1,64,0.8453280329704285
2,443,2,624,0.8153536319732666
2,443,3,1029,0.8137035965919495
2,443,4,2308,0.7960606217384338
2,443,5,585,0.7939708828926086
2,443,6,1899,0.7897997498512268
2,443,7,670,0.7863540649414062
2,443,8,2700,0.7815151810646057
2,443,9,2496,0.7781394720077515
2,443,10,1293,0.7754452228546143
2,444,1,1258,0.8459043502807617
2,444,2,2384,0.8340766429901123
2,444,3,899,0.8314951062202454
2,444,4,2261,0.8234938979148865
2,444,5,2602,0.812626838684082
2,444,6,1692,0.8123654723167419
2,444,7,523,0.8097155094146729
2,444,8,2309,0.8072118163108826
2,444,9,1399,0.8053476214408875
2,444,10,900,0.8044524788856506
2,445,1,2384,0.8668240904808044
2,445,2,2602,0.8474001884460449
2,445,3,2261,0.8463969230651855
2,445,4,513,0.8441836833953857
2,445,5,523,0.8426163196563721
2,445,6,1399,0.841749906539917
2,445,7,899,0.8377707004547119
2,445,8,2309,0.8355470299720764
2,445,9,1692,0.830390453338623
2,445,10,1655,0.8274610042572021
2,446,1,1386,0.8935733437538147
2,446,2,2018,0.8643315434455872
2,446,3,1409,0.8338924050331116
2,446,4,730,0.8305184841156006
2,446,5,535,0.8292384743690491
2,446,6,2365,0.8209084272384644
2,446,7,2721,0.8204558491706848
2,446,8,2529,0.8202888369560242
2,446,9,1360,0.8194347023963928
2,446,10,2609,0.8131164312362671
2,448,1,2912,0.8606104254722595
2,448,2,833,0.8426380753517151
2,448,3,2210,0.8277103900909424
2,448,4,665,0.8253419995307922
2,448,5,2704,0.8205997943878174
2,448,6,1048,0.8128678798675537
2,448,7,1200,0.8034161329269409
2,448,8,2615,0.8030166029930115
2,448,9,1587,0.7852809429168701
2,448,10,1258,0.7625324130058289
2,449,1,507,0.8807627558708191
2,449,2,833,0.8396103382110596
2,449,3,1048,0.8386784791946411
2,449,4,2210,0.8316588401794434
2,449,5,1200,0.8298299908638
2,449,6,2704,0.8269697427749634
2,449,7,2615,0.819740891456604
2,449,8,1957,0.8033032417297363
2,449,9,2033,0.7857133150100708
2,449,10,1759,0.7827088832855225
2,450,1,1200,0.8534800410270691
2,450,2,1718,0.8491386771202087
2,450,3,833,0.8471875786781311
2,450,4,1048,0.8409072160720825
2,450,5,665,0.8191662430763245
2,450,6,1759,0.8038880825042725
2,450,7,2033,0.8032810091972351
2,450,8,410,0.7989475131034851
2,450,9,1957,0.7861772775650024
2,450,10,1184,0.7857935428619385
2,451,1,507,0.8692647814750671
2,451,2,665,0.8438645601272583
2,451,3,2210,0.8421642780303955
2,451,4,2704,0.8336898684501648
2,451,5,2615,0.822380542755127
2,451,6,1587,0.8086147904396057
2,451,7,1200,0.8083861470222473
2,451,8,1957,0.791118323802948
2,451,9,2033,0.778494119644165
2,451,10,410,0.7656726241111755
2,452,1,1048,0.8483205437660217
2,452,2,2704,0.8435645699501038
2,452,3,2210,0.8400946855545044
2,452,4,2615,0.8385862112045288
2,452,5,833,0.8195092678070068
2,452,6,665,0.8052017092704773
2,452,7,1184,0.789594829082489
2,452,8,672,0.7882706522941589
2,452,9,1759,0.7717961072921753
2,452,10,1587,0.765128493309021
2,453,1,173,0.8808757662773132
2,453,2,507,0.870202898979187
2,453,3,2704,0.8582581877708435
2,453,4,394,0.8541872501373291
2,453,5,2942,0.8540965914726257
2,453,6,2912,0.8515996336936951
2,453,7,2210,0.8502091765403748
2,453,8,191,0.8496538996696472
2,453,9,665,0.8286821246147156
2,453,10,2814,0.7652053236961365
2,454,1,1048,0.8172814249992371
2,454,2,475,0.7964816093444824
2,454,3,173,0.7917956709861755
2,454,4,527,0.7913179397583008
2,454,5,949,0.7819800972938538
2,454,6,2080,0.7762090563774109
2,454,7,1200,0.7755943536758423
2,454,8,275,0.7731505036354065
2,454,9,191,0.7708194255828857
2,454,10,2717,0.7702451348304749
2,455,1,1048,0.855519711971283
2,455,2,394,0.8410466909408569
2,455,3,173,0.8357617855072021
2,455,4,191,0.8357576727867126
2,455,5,2912,0.8140559792518616
2,455,6,2942,0.8129875659942627
2,455,7,507,0.8094123005867004
2,455,8,1587,0.7971935272216797
2,455,9,1747,0.7696164846420288
2,455,10,2814,0.7500102519989014
2,456,1,507,0.8694682717323303
2,456,2,173,0.8608074188232422
2,456,3,394,0.8525526523590088
2,456,4,191,0.8496854305267334
2,456,5,2615,0.8493468165397644
2,456,6,2912,0.842018723487854
2,456,7,2942,0.8246471285820007
2,456,8,1718,0.817620575428009
2,456,9,1957,0.8136208653450012
2,456,10,421,0.7572625279426575
2,457,1,394,0.8810840249061584
2,457,2,191,0.8776253461837769
2,457,3,173,0.8665928244590759
2,457,4,2615,0.8477086424827576
2,457,5,2912,0.8452902436256409
2,457,6,2942,0.8448666930198669
2,457,7,2704,0.8445708155632019
2,457,8,507,0.8431583046913147
2,457,9,2210,0.8404206037521362
2,457,10,1957,0.7709705829620361
2,458,1,1200,0.8466740250587463
2,458,2,1048,0.8355380296707153
2,458,3,1718,0.8043810129165649
2,458,4,2942,0.797476053237915
2,458,5,394,0.7899419665336609
2,458,6,191,0.7874384522438049
2,458,7,1587,0.7836131453514099
2,458,8,641,0.7546772956848145
2,458,9,833,0.7513259053230286
2,458,10,421,0.7511726021766663
2,459,1,1674,0.788898229598999
2,459,2,1832,0.7719996571540833
2,459,3,2423,0.7557315230369568
2,459,4,493,0.7527633309364319
2,459,5,1173,0.7496305704116821
2,459,6,1055,0.7490617632865906
2,459,7,1878,0.747963547706604
2,459,8,3017,0.7403802871704102
2,459,9,2906,0.7378363609313965
2,459,10,521,0.7345061302185059
2,460,1,554,0.7580196857452393
2,460,2,3017,0.7522478103637695
2,460,3,2423,0.7512567043304443
2,460,4,493,0.7504909634590149
2,460,5,1055,0.7463706135749817
2,460,6,1878,0.744376003742218
2,460,7,521,0.7413280010223389
2,460,8,2906,0.7300044298171997
2,460,9,2397,0.7231611013412476
2,460,10,1260,0.7206064462661743
2,461,1,2423,0.8598606586456299
2,461,2,493,0.8596591353416443
2,461,3,1878,0.846472442150116
2,461,4,2488,0.844616174697876
2,461,5,3017,0.8400275707244873
2,461,6,521,0.8388068675994873
2,461,7,2906,0.8355145454406738
2,461,8,2397,0.8351597785949707
2,461,9,539,0.8295838832855225
2,461,10,1173,0.8287670612335205
2,462,1,493,0.8000069260597229
2,462,2,2423,0.7979748845100403
2,462,3,2397,0.7920460104942322
2,462,4,521,0.7843706607818604
2,462,5,1878,0.7808327674865723
2,462,6,3017,0.7785643935203552
2,462,7,2188,0.7720898985862732
2,462,8,1153,0.771619439125061
2,462,9,774,0.7706142067909241
2,462,10,2785,0.7693381905555725
2,463,1,1153,0.7190088629722595
2,463,2,863,0.6784825325012207
2,463,3,493,0.6687153577804565
2,463,4,1158,0.668074369430542
2,463,5,2423,0.6675212979316711
2,463,6,2363,0.6590193510055542
2,463,7,2397,0.6541717648506165
2,463,8,1878,0.6528618931770325
2,463,9,1198,0.648831844329834
2,463,10,1206,0.6460679173469543
2,465,1,1516,0.766582727432251
2,465,2,2580,0.7662434577941895
2,465,3,2280,0.7635511755943298
2,465,4,2157,0.7399287819862366
2,465,5,2628,0.7209210395812988
2,465,6,1582,0.7139966487884521
2,465,7,121,0.7134826183319092
2,465,8,1466,0.7011885046958923
2,465,9,104,0.7006081342697144
2,465,10,122,0.7004703879356384
2,467,1,2280,0.8237361311912537
2,467,2,1516,0.8191658854484558
2,467,3,2580,0.8105151057243347
2,467,4,2628,0.7985289096832275
2,467,5,121,0.7823440432548523
2,467,6,122,0.7650701999664307
2,467,7,2355,0.7605943083763123
2,467,8,1582,0.7571180462837219
2,467,9,192,0.7501739263534546
2,467,10,608,0.7499175071716309
2,468,1,2580,0.7946146726608276
2,468,2,2280,0.789469301700592
2,468,3,1516,0.7889599800109863
2,468,4,1582,0.7464854717254639
2,468,5,2628,0.7435574531555176
2,468,6,121,0.7412499189376831
2,468,7,668,0.7398093938827515
2,468,8,608,0.7298223376274109
2,468,9,2952,0.7187634110450745
2,468,10,1466,0.7165670990943909
2,469,1,2423,0.8022605776786804
2,469,2,493,0.8021743297576904
2,469,3,1878,0.7955245971679688
2,469,4,1674,0.7923024296760559
2,469,5,3017,0.7921926975250244
2,469,6,2488,0.7885243892669678
2,469,7,521,0.7870336771011353
2,469,8,1153,0.7856942415237427
2,469,9,2906,0.7837957143783569
2,469,10,2785,0.7822875380516052
2,470,1,2580,0.7773342728614807
2,470,2,1516,0.7643528580665588
2,470,3,2280,0.7574384212493896
2,470,4,121,0.751064658164978
2,470,5,1582,0.7339920997619629
2,470,6,2628,0.7307084798812866
2,470,7,192,0.7173091769218445
2,470,8,1400,0.713003396987915
2,470,9,608,0.7129464149475098
2,470,10,1476,0.7092578411102295
2,471,1,1547,0.7846433520317078
2,471,2,971,0.7818548083305359
2,471,3,520,0.7628864645957947
2,471,4,2100,0.7549238204956055
2,471,5,306,0.7532888650894165
2,471,6,398,0.7530774474143982
2,471,7,2972,0.7517202496528625
2,471,8,717,0.7472193241119385
2,471,9,950,0.743238091468811
2,471,10,1866,0.7424682378768921
2,472,1,1547,0.7981460094451904
2,472,2,971,0.7917448878288269
2,472,3,2972,0.7846631407737732
2,472,4,398,0.7846186757087708
2,472,5,306,0.7845314741134644
2,472,6,2100,0.7842288613319397
2,472,7,1163,0.7578176856040955
2,472,8,294,0.7541182637214661
2,472,9,2141,0.7515020966529846
2,472,10,1809,0.7402612566947937
2,474,1,1547,0.8492497205734253
2,474,2,1809,0.8206591606140137
2,474,3,1866,0.8119761347770691
2,474,4,1985,0.7995089888572693
2,474,5,520,0.7910704612731934
2,474,6,1412,0.7874745726585388
2,474,7,717,0.7872123718261719
2,474,8,398,0.7851172685623169
2,474,9,424,0.7836975455284119
2,474,10,359,0.7815119624137878
2,475,1,1547,0.8519400954246521
2,475,2,520,0.8496835231781006
2,475,3,1809,0.8427116870880127
2,475,4,717,0.8324062824249268
2,475,5,1866,0.8177911043167114
2,475,6,359,0.8171270489692688
2,475,7,398,0.7973142266273499
2,475,8,971,0.7941394448280334
2,475,9,1698,0.7936453819274902
2,475,10,2972,0.7934719324111938
2,476,1,1981,0.8405207395553589
2,476,2,1809,0.8223468065261841
2,476,3,1547,0.817803680896759
2,476,4,520,0.8131036162376404
2,476,5,1412,0.810961127281189
2,476,6,717,0.8098080158233643
2,476,7,359,0.8060752749443054
2,476,8,398,0.7813859581947327
2,476,9,2972,0.7797340750694275
2,476,10,306,0.7783105373382568
2,477,1,520,0.8466031551361084
2,477,2,1547,0.8453696966171265
2,477,3,1809,0.8109477758407593
2,477,4,398,0.7958188056945801
2,477,5,2100,0.7945546507835388
2,477,6,306,0.7934754490852356
2,477,7,2972,0.7921097874641418
2,477,8,359,0.7910429239273071
2,477,9,1866,0.7748979330062866
2,477,10,1412,0.7739169597625732
2,478,1,534,0.7921093106269836
2,478,2,1412,0.7625700831413269
2,478,3,1809,0.753386378288269
2,478,4,2482,0.7408381700515747
2,478,5,2340,0.7347077131271362
2,478,6,1547,0.7317935824394226
2,478,7,2087,0.7303184866905212
2,478,8,707,0.7287207841873169
2,478,9,1985,0.7271578311920166
2,478,10,2448,0.7254878282546997
2,479,1,1981,0.7664467096328735
2,479,2,950,0.7646853923797607
2,479,3,1252,0.7620561122894287
2,479,4,1163,0.7498748898506165
2,479,5,1531,0.7448061108589172
2,479,6,1109,0.7445526719093323
2,479,7,707,0.7421107888221741
2,479,8,520,0.7401070594787598
2,479,9,717,0.7385866045951843
2,479,10,479,0.7384793162345886
2,480,1,520,0.8371075987815857
2,480,2,1547,0.8359586596488953
2,480,3,1809,0.82065349817276
2,480,4,717,0.8204978704452515
2,480,5,359,0.8059456944465637
2,480,6,1412,0.802814245223999
2,480,7,1063,0.7961038947105408
2,480,8,398,0.7925053238868713
2,480,9,2100,0.7901681661605835
2,480,10,306,0.7894279360771179
2,483,1,971,0.8682382702827454
2,483,2,1866,0.8192441463470459
2,483,3,229,0.8142810463905334
2,483,4,1163,0.8067876100540161
2,483,5,707,0.7891796827316284
2,483,6,1981,0.7869120836257935
2,483,7,950,0.7849454283714294
2,483,8,2432,0.7677631378173828
2,483,9,1063,0.7667369842529297
2,483,10,424,0.7599579095840454
2,484,1,971,0.8682382702827454
2,484,2,1866,0.8192441463470459
2,484,3,229,0.8142810463905334
2,484,4,1163,0.8067876100540161
2,484,5,707,0.7891796827316284
2,484,6,1981,0.7869120836257935
2,484,7,950,0.7849454283714294
2,484,8,2432,0.7677631378173828
2,484,9,1063,0.7667369842529297
2,484,10,424,0.7599579095840454
2,485,1,717,0.7964878082275391
2,485,2,1412,0.7753225564956665
2,485,3,479,0.6957011818885803
2,485,4,229,0.683642566204071
2,485,5,2141,0.6803295612335205
2,485,6,2432,0.6662567257881165
2,485,7,1063,0.6623926162719727
2,485,8,1981,0.6610771417617798
2,485,9,950,0.6598313450813293
2,485,10,707,0.6597321033477783
2,486,1,1547,0.7454606890678406
2,486,2,2100,0.7313140630722046
2,486,3,306,0.7312851548194885
2,486,4,2972,0.7304071187973022
2,486,5,398,0.7293969392776489
2,486,6,294,0.6970304846763611
2,486,7,1809,0.6708596348762512
2,486,8,1985,0.6666987538337708
2,486,9,81,0.666557252407074
2,486,10,1001,0.665813684463501
2,487,1,81,0.8000878095626831
2,487,2,1985,0.7587698101997375
2,487,3,424,0.7559516429901123
2,487,4,1547,0.7289758324623108
2,487,5,520,0.712815523147583
2,487,6,481,0.7021262645721436
2,487,7,1809,0.6871734857559204
2,487,8,474,0.6794295310974121
2,487,9,398,0.6737294793128967
2,487,10,1981,0.6723039150238037
2,491,1,1836,0.7332797646522522
2,491,2,1831,0.7298052310943604
2,491,3,1501,0.6670708060264587
2,491,4,1837,0.6464096903800964
2,491,5,1577,0.6307233572006226
2,491,6,1246,0.6250934600830078
2,491,7,2324,0.6199595332145691
2,491,8,2642,0.6161800622940063
2,491,9,1665,0.6161450147628784
2,491,10,2961,0.6103441119194031
2,492,1,1376,0.703825056552887
2,492,2,653,0.7012694478034973
2,492,3,2961,0.7003354430198669
2,492,4,183,0.6979871988296509
2,492,5,2324,0.6957297325134277
2,492,6,31,0.6820923089981079
2,492,7,289,0.6780544519424438
2,492,8,2127,0.6677699685096741
2,492,9,208,0.6621112823486328
2,492,10,644,0.6555055379867554
2,493,1,185,0.7001340985298157
2,493,2,1836,0.6910847425460815
2,493,3,653,0.6887720227241516
2,493,4,439,0.6866542100906372
2,493,5,1376,0.6852741241455078
2,493,6,183,0.6780968308448792
2,493,7,2961,0.6771837472915649
2,493,8,644,0.6607242226600647
2,493,9,31,0.6605857610702515
2,493,10,208,0.6571375727653503
2,494,1,1161,0.7079595327377319
2,494,2,185,0.7044913172721863
2,494,3,1376,0.609409749507904
2,494,4,653,0.6079239845275879
2,494,5,2961,0.6051907539367676
2,494,6,183,0.5993605256080627
2,494,7,31,0.5985711216926575
2,494,8,1490,0.5967488288879395
2,494,9,1304,0.5888850092887878
2,494,10,2736,0.587738037109375
2,495,1,1518,0.6326305866241455
2,495,2,1391,0.625995397567749
2,495,3,2630,0.6251628398895264
2,495,4,541,0.6194154620170593
2,495,5,1682,0.619065523147583
2,495,6,652,0.6149545311927795
2,495,7,1657,0.607107400894165
2,495,8,1831,0.5930211544036865
2,495,9,495,0.5896444320678711
2,495,10,1161,0.5801175832748413
3,1,1,1487,0.6258512735366821
3,1,2,2937,0.6252930164337158
3,1,3,1391,0.6191028952598572
3,1,4,551,0.618615984916687
3,1,5,1237,0.613833487033844
3,1,6,1657,0.6107093095779419
3,1,7,464,0.6066927909851074
3,1,8,484,0.6060544848442078
3,1,9,2621,0.6058998107910156
3,1,10,32,0.6021161675453186
3,2,1,2303,0.8107478618621826
3,2,2,1839,0.7928827404975891
3,2,3,1982,0.7924859523773193
3,2,4,2780,0.7891203761100769
3,2,5,557,0.7785910367965698
3,2,6,2288,0.7704072594642639
3,2,7,1012,0.7428219318389893
3,2,8,2167,0.719908595085144
3,2,9,1816,0.7194909453392029
3,2,10,1535,0.7086887359619141
3,3,1,2285,0.7498254179954529
3,3,2,1681,0.7486849427223206
3,3,3,1201,0.7438057065010071
3,3,4,215,0.7416934967041016
3,3,5,2159,0.7386420965194702
3,3,6,2444,0.7211793661117554
3,3,7,2143,0.7192654013633728
3,3,8,2095,0.7119839191436768
3,3,9,2848,0.7092164158821106
3,3,10,402,0.7046929597854614
3,4,1,857,0.8115043640136719
3,4,2,364,0.8086759448051453
3,4,3,1078,0.7954350113868713
3,4,4,2476,0.7610494494438171
3,4,5,706,0.7609927654266357
3,4,6,2344,0.7545881867408752
3,4,7,756,0.7543104887008667
3,4,8,2989,0.7502062320709229
3,4,9,861,0.747506856918335
3,4,10,2144,0.743181049823761
3,7,1,1650,0.8152005076408386
3,7,2,1569,0.7956149578094482
3,7,3,689,0.7952842116355896
3,7,4,2073,0.7940097451210022
3,7,5,2162,0.7795107364654541
3,7,6,1112,0.7646834850311279
3,7,7,2951,0.7614609599113464
3,7,8,2920,0.7583901286125183
3,7,9,674,0.7576120495796204
3,7,10,2556,0.7559120059013367
3,8,1,2552,0.7425433397293091
3,8,2,1342,0.7401180267333984
3,8,3,2876,0.7365851402282715
3,8,4,1340,0.7357590794563293
3,8,5,498,0.7351201772689819
3,8,6,1302,0.7299914360046387
3,8,7,1202,0.7293042540550232
3,8,8,2134,0.7242757678031921
3,8,9,1100,0.7148928642272949
3,8,10,1757,0.7128180861473083
3,9,1,1487,0.8167303800582886
3,9,2,1359,0.8094184994697571
3,9,3,2621,0.7959669828414917
3,9,4,1785,0.7827935814857483
3,9,5,546,0.7745370864868164
3,9,6,2299,0.7718164324760437
3,9,7,1087,0.7702432870864868
3,9,8,1237,0.768804669380188
3,9,9,464,0.7630453705787659
3,9,10,2552,0.7625694870948792
3,10,1,2745,0.8093702793121338
3,10,2,2416,0.7835222482681274
3,10,3,2390,0.7623902559280396
3,10,4,2137,0.7590048313140869
3,10,5,2396,0.7586470246315002
3,10,6,327,0.7550631761550903
3,10,7,1838,0.7510367035865784
3,10,8,123,0.7478201985359192
3,10,9,95,0.7476022839546204
3,10,10,498,0.737127959728241
3,11,1,2396,0.7510636448860168
3,11,2,559,0.7483108043670654
3,11,3,1273,0.7480541467666626
3,11,4,1838,0.7440387010574341
3,11,5,2745,0.7420293688774109
3,11,6,2416,0.7340807914733887
3,11,7,692,0.7274604439735413
3,11,8,498,0.7271825075149536
3,11,9,426,0.7222080826759338
3,11,10,2344,0.7191872596740723
3,12,1,1720,0.8138019442558289
3,12,2,1686,0.8036404848098755
3,12,3,2287,0.8001023530960083
3,12,4,1642,0.7916894555091858
3,12,5,1295,0.7684347033500671
3,12,6,2238,0.768197774887085
3,12,7,1429,0.7639182806015015
3,12,8,1142,0.7634530663490295
3,12,9,1754,0.7618205547332764
3,12,10,193,0.7611177563667297
3,13,1,136,0.790604293346405
3,13,2,1644,0.7556219696998596
3,13,3,39,0.7537556886672974
3,13,4,634,0.7506535649299622
3,13,5,38,0.744062066078186
3,13,6,2804,0.7400559186935425
3,13,7,186,0.7253887057304382
3,13,8,2167,0.7222120761871338
3,13,9,2087,0.7100285887718201
3,13,10,2796,0.7061216235160828
3,14,1,55,0.7532557845115662
3,14,2,1078,0.7409805655479431
3,14,3,2344,0.731846034526825
3,14,4,2144,0.7315104007720947
3,14,5,861,0.7237487435340881
3,14,6,969,0.71964430809021
3,14,7,498,0.7160130143165588
3,14,8,2396,0.7128483653068542
3,14,9,426,0.7110583782196045
3,14,10,706,0.7062461376190186
3,15,1,1078,0.8260113000869751
3,15,2,2344,0.8194606900215149
3,15,3,861,0.7786953449249268
3,15,4,2016,0.7634583115577698
3,15,5,969,0.7528263926506042
3,15,6,2396,0.7514494061470032
3,15,7,2738,0.7432560920715332
3,15,8,2144,0.7426778674125671
3,15,9,1201,0.726735532283783
3,15,10,2989,0.7252131700515747
3,16,1,1078,0.7451831102371216
3,16,2,2344,0.721159040927887
3,16,3,1340,0.6974450349807739
3,16,4,861,0.6968692541122437
3,16,5,756,0.6915347576141357
3,16,6,55,0.6878594160079956
3,16,7,969,0.6847377419471741
3,16,8,2144,0.6840276718139648
3,16,9,706,0.6741688251495361
3,16,10,2989,0.6657023429870605
3,17,1,2287,0.7376517653465271
3,17,2,1237,0.7337319850921631
3,17,3,498,0.7152547836303711
3,17,4,2326,0.7077599167823792
3,17,5,1100,0.7066711187362671
3,17,6,1683,0.7050111293792725
3,17,7,2702,0.7005666494369507
3,17,8,426,0.6957738995552063
3,17,9,990,0.694981038570404
3,17,10,310,0.6911258101463318
3,18,1,1757,0.7646663188934326
3,18,2,1340,0.7614402174949646
3,18,3,2552,0.7536053657531738
3,18,4,1358,0.7419469952583313
3,18,5,1237,0.7402834296226501
3,18,6,2876,0.7388582825660706
3,18,7,2286,0.7377229928970337
3,18,8,354,0.7338655591011047
3,18,9,364,0.7278980016708374
3,18,10,857,0.7244613170623779
3,20,1,2180,0.7839512228965759
3,20,2,696,0.7720710039138794
3,20,3,129,0.7374475002288818
3,20,4,2997,0.7345362305641174
3,20,5,2658,0.729785680770874
3,20,6,1720,0.7283923625946045
3,20,7,1028,0.7269235253334045
3,20,8,295,0.7232739329338074
3,20,9,1744,0.7220079898834229
3,20,10,1686,0.7169508337974548
3,21,1,1487,0.743252694606781
3,21,2,1359,0.7309280633926392
3,21,3,1683,0.7165560126304626
3,21,4,2621,0.7164103388786316
3,21,5,2552,0.7088796496391296
3,21,6,1237,0.7058274745941162
3,21,7,1785,0.7045894265174866
3,21,8,1202,0.6821066737174988
3,21,9,1302,0.681036114692688
3,21,10,551,0.6696335077285767
3,22,1,1495,0.7268266677856445
3,22,2,1461,0.7260291576385498
3,22,3,2658,0.7236859798431396
3,22,4,2170,0.7228250503540039
3,22,5,295,0.7208829522132874
3,22,6,2206,0.7096970081329346
3,22,7,663,0.7096685171127319
3,22,8,599,0.7084051966667175
3,22,9,1821,0.705607533454895
3,22,10,2353,0.6970100402832031
3,23,1,1838,0.8261130452156067
3,23,2,2396,0.8229469060897827
3,23,3,426,0.8224307298660278
3,23,4,1273,0.7993956208229065
3,23,5,612,0.7923732995986938
3,23,6,498,0.7829980254173279
3,23,7,2144,0.7693946957588196
3,23,8,559,0.7664939761161804
3,23,9,2951,0.7581036686897278
3,23,10,611,0.7580147385597229
3,24,1,2396,0.7318394184112549
3,24,2,2367,0.7160792350769043
3,24,3,2621,0.712340235710144
3,24,4,1642,0.6985103487968445
3,24,5,464,0.6955512762069702
3,24,6,1374,0.6934972405433655
3,24,7,1708,0.6930356621742249
3,24,8,1871,0.690024733543396
3,24,9,2097,0.6891576051712036
3,24,10,2287,0.6883504390716553
3,26,1,681,0.8453290462493896
3,26,2,1352,0.8339840769767761
3,26,3,1087,0.8074501752853394
3,26,4,2621,0.8056585192680359
3,26,5,546,0.8017650246620178
3,26,6,2299,0.7998089790344238
3,26,7,1487,0.7977882623672485
3,26,8,2668,0.7677741050720215
3,26,9,1785,0.7645633220672607
3,26,10,1712,0.7539105415344238
3,27,1,953,0.7502835988998413
3,27,2,560,0.7447811365127563
3,27,3,2410,0.732470691204071
3,27,4,1586,0.7273529171943665
3,27,5,2751,0.7270327210426331
3,27,6,2006,0.7183224558830261
3,27,7,1223,0.7175530791282654
3,27,8,1721,0.714698851108551
3,27,9,1577,0.7121683955192566
3,27,10,1837,0.7118982672691345
3,28,1,186,0.747905433177948
3,28,2,2995,0.7438458800315857
3,28,3,791,0.7425872087478638
3,28,4,1775,0.7406571507453918
3,28,5,1721,0.7311553359031677
3,28,6,39,0.7294180393218994
3,28,7,1644,0.7292877435684204
3,28,8,1454,0.727121889591217
3,28,9,118,0.7229344844818115
3,28,10,2796,0.7190220355987549
3,29,1,1644,0.7656932473182678
3,29,2,184,0.7515174150466919
3,29,3,2717,0.7458040118217468
3,29,4,1721,0.7405396103858948
3,29,5,421,0.7287951111793518
3,29,6,2940,0.7273346781730652
3,29,7,39,0.7242850661277771
3,29,8,2751,0.7186524868011475
3,29,9,2630,0.7143973708152771
3,29,10,652,0.7091597318649292
3,31,1,1816,0.6838399171829224
3,31,2,1388,0.6715028285980225
3,31,3,2435,0.6686047315597534
3,31,4,2780,0.6589523553848267
3,31,5,724,0.6526319980621338
3,31,6,2876,0.6451234221458435
3,31,7,177,0.6448149085044861
3,31,8,980,0.6447015404701233
3,31,9,2552,0.640305757522583
3,31,10,1352,0.6393426060676575
3,32,1,1045,0.8298854231834412
3,32,2,1538,0.8226466774940491
3,32,3,1669,0.8223361968994141
3,32,4,2352,0.8195987343788147
3,32,5,1300,0.8101081848144531
3,32,6,2740,0.8085550665855408
3,32,7,2706,0.8080081343650818
3,32,8,2111,0.8010374307632446
3,32,9,1055,0.7903800010681152
3,32,10,2161,0.7903216481208801
3,33,1,1744,0.7329099774360657
3,33,2,2180,0.72903972864151
3,33,3,1112,0.7284733653068542
3,33,4,1104,0.7266419529914856
3,33,5,2345,0.7165011763572693
3,33,6,1569,0.7152082324028015
3,33,7,689,0.7047009468078613
3,33,8,1201,0.7030261754989624
3,33,9,769,0.701211154460907
3,33,10,2118,0.6982880234718323
3,34,1,2621,0.7319532632827759
3,34,2,1487,0.7208486199378967
3,34,3,2937,0.7176119089126587
3,34,4,1237,0.7157987952232361
3,34,5,1657,0.7094488143920898
3,34,6,1359,0.7075426578521729
3,34,7,1683,0.7074592113494873
3,34,8,1391,0.7063490152359009
3,34,9,652,0.7024476528167725
3,34,10,1059,0.6987189650535583
3,35,1,1435,0.7628479599952698
3,35,2,1712,0.7567319273948669
3,35,3,560,0.7505460381507874
3,35,4,2751,0.739610493183136
3,35,5,2219,0.7245128750801086
3,35,6,98,0.7228751182556152
3,35,7,2604,0.7173115611076355
3,35,8,2412,0.7167951464653015
3,35,9,1966,0.7118713855743408
3,35,10,1861,0.7117553353309631
3,36,1,1669,0.656195342540741
3,36,2,1237,0.6549538373947144
3,36,3,1446,0.6546944975852966
3,36,4,498,0.6477301716804504
3,36,5,1415,0.6447306871414185
3,36,6,2099,0.6425366997718811
3,36,7,2702,0.6398062705993652
3,36,8,2740,0.6367512345314026
3,36,9,426,0.630707859992981
3,36,10,2286,0.6279309988021851
3,37,1,2238,0.7031346559524536
3,37,2,2162,0.7010819315910339
3,37,3,1686,0.6830030083656311
3,37,4,629,0.6736173629760742
3,37,5,1650,0.6724321842193604
3,37,6,601,0.6711399555206299
3,37,7,1236,0.6652417182922363
3,37,8,1708,0.6577409505844116
3,37,9,692,0.6552301645278931
3,37,10,2170,0.65281081199646
3,38,1,235,0.6949553489685059
3,38,2,2323,0.6760056018829346
3,38,3,1550,0.6739588975906372
3,38,4,1980,0.6685938239097595
3,38,5,2390,0.6662441492080688
3,38,6,2135,0.665023684501648
3,38,7,1979,0.6613290309906006
3,38,8,95,0.6528677940368652
3,38,9,655,0.6517985463142395
3,38,10,1513,0.6507422924041748
3,39,1,2323,0.8102414608001709
3,39,2,235,0.791408121585846
3,39,3,1980,0.778485119342804
3,39,4,2135,0.7705872654914856
3,39,5,1979,0.7653144001960754
3,39,6,2390,0.7510148286819458
3,39,7,2560,0.7415222525596619
3,39,8,2684,0.7345542907714844
3,39,9,1550,0.7219784259796143
3,39,10,3032,0.7143001556396484
3,40,1,2963,0.8275849223136902
3,40,2,1761,0.8098376989364624
3,40,3,2341,0.8056164979934692
3,40,4,235,0.7831916809082031
3,40,5,2618,0.7793992757797241
3,40,6,2390,0.7780463099479675
3,40,7,271,0.7590446472167969
3,40,8,890,0.7586013674736023
3,40,9,645,0.7508598566055298
3,40,10,1104,0.7505581974983215
3,42,1,113,0.8571305871009827
3,42,2,667,0.8159743547439575
3,42,3,1738,0.8089970350265503
3,42,4,2343,0.772853434085846
3,42,5,1189,0.7616767883300781
3,42,6,1449,0.7386521100997925
3,42,7,1016,0.7381520867347717
3,42,8,1597,0.7295430898666382
3,42,9,1072,0.7219069004058838
3,42,10,540,0.7208011150360107
3,43,1,1165,0.827127993106842
3,43,2,1818,0.8078580498695374
3,43,3,2193,0.7830222249031067
3,43,4,2343,0.702443540096283
3,43,5,2050,0.7002760171890259
3,43,6,2952,0.6972479820251465
3,43,7,1718,0.6886484026908875
3,43,8,1344,0.6881271004676819
3,43,9,2140,0.6856250166893005
3,43,10,346,0.6849914193153381
3,45,1,390,0.7174482941627502
3,45,2,1738,0.7142627835273743
3,45,3,2343,0.6777987480163574
3,45,4,540,0.6590898036956787
3,45,5,1189,0.6323303580284119
3,45,6,1818,0.6277845501899719
3,45,7,1113,0.6249954700469971
3,45,8,2286,0.6220226883888245
3,45,9,1415,0.620697557926178
3,45,10,1016,0.6195635199546814
3,46,1,113,0.808124840259552
3,46,2,1718,0.7765015363693237
3,46,3,1848,0.7574018239974976
3,46,4,667,0.7569516897201538
3,46,5,2912,0.7543846368789673
3,46,6,2343,0.7495832443237305
3,46,7,173,0.7403209209442139
3,46,8,1200,0.7400791049003601
3,46,9,507,0.7309117913246155
3,46,10,301,0.724587082862854
3,47,1,667,0.7928152680397034
3,47,2,1818,0.7810189127922058
3,47,3,2273,0.7516930103302002
3,47,4,2050,0.7374707460403442
3,47,5,2343,0.7286716103553772
3,47,6,1016,0.7213349938392639
3,47,7,346,0.7189193367958069
3,47,8,1189,0.7076823115348816
3,47,9,1449,0.6845718026161194
3,47,10,2583,0.6764504909515381
3,48,1,471,0.8698116540908813
3,48,2,1738,0.8685063719749451
3,48,3,1417,0.8127884864807129
3,48,4,301,0.8019994497299194
3,48,5,2343,0.7952250838279724
3,48,6,2912,0.7764696478843689
3,48,7,1718,0.7731544971466064
3,48,8,1009,0.765779972076416
3,48,9,1603,0.7586333751678467
3,48,10,1449,0.7468851208686829
3,49,1,1848,0.8318051099777222
3,49,2,667,0.8216181397438049
3,49,3,2343,0.787431538105011
3,49,4,2193,0.7863491177558899
3,49,5,1189,0.7758604884147644
3,49,6,1449,0.7605177760124207
3,49,7,1016,0.7585242986679077
3,49,8,540,0.7315292954444885
3,49,9,1920,0.711732029914856
3,49,10,1597,0.7048279643058777
3,50,1,248,0.8676486015319824
3,50,2,2193,0.8198878765106201
3,50,3,1417,0.7913661599159241
3,50,4,2343,0.7493120431900024
3,50,5,2050,0.7449164986610413
3,50,6,1189,0.7311459183692932
3,50,7,346,0.7280577421188354
3,50,8,1016,0.7275500893592834
3,50,9,1447,0.7132632732391357
3,50,10,2140,0.7088761925697327
3,51,1,390,0.8275648951530457
3,51,2,113,0.8022947311401367
3,51,3,2343,0.7514462471008301
3,51,4,1189,0.7394214272499084
3,51,5,667,0.7299173474311829
3,51,6,540,0.7251487374305725
3,51,7,1449,0.7095884680747986
3,51,8,1016,0.705577552318573
3,51,9,1113,0.6779741644859314
3,51,10,2384,0.6645833253860474
3,52,1,1400,0.8102187514305115
3,52,2,484,0.8058309555053711
3,52,3,2706,0.7971194982528687
3,52,4,2243,0.7937769889831543
3,52,5,121,0.7929908037185669
3,52,6,663,0.7911985516548157
3,52,7,948,0.7888956069946289
3,52,8,2628,0.787754476070404
3,52,9,295,0.787266194820404
3,52,10,2658,0.7867273092269897
3,53,1,2594,0.8185031414031982
3,53,2,2356,0.795042872428894
3,53,3,2706,0.7842642664909363
3,53,4,542,0.7812555432319641
3,53,5,1082,0.7797175049781799
3,53,6,484,0.7754499912261963
3,53,7,1946,0.7713221907615662
3,53,8,205,0.7692896723747253
3,53,9,498,0.7653597593307495
3,53,10,2405,0.7605128288269043
3,54,1,2594,0.8449162244796753
3,54,2,2706,0.8151421546936035
3,54,3,1821,0.8148838877677917
3,54,4,2356,0.8114439845085144
3,54,5,205,0.7988412976264954
3,54,6,484,0.795904278755188
3,54,7,1279,0.791752278804779
3,54,8,1946,0.7915700078010559
3,54,9,2405,0.7913495302200317
3,54,10,1538,0.7903618812561035
3,55,1,1400,0.8203367590904236
3,55,2,121,0.8195716738700867
3,55,3,2628,0.8116174340248108
3,55,4,2706,0.8055648803710938
3,55,5,663,0.7990152835845947
3,55,6,2197,0.7910157442092896
3,55,7,2580,0.7840883135795593
3,55,8,480,0.7831701040267944
3,55,9,2243,0.7816571593284607
3,55,10,1724,0.775206446647644
3,56,1,2556,0.7554123401641846
3,56,2,689,0.7548917531967163
3,56,3,1569,0.7470964193344116
3,56,4,2920,0.7455653548240662
3,56,5,611,0.7390895485877991
3,56,6,2963,0.7335097789764404
3,56,7,1112,0.733173668384552
3,56,8,2192,0.7276382446289062
3,56,9,2195,0.7274971008300781
3,56,10,2073,0.7274047136306763
3,57,1,2206,0.800478458404541
3,57,2,948,0.7663548588752747
3,57,3,2353,0.7618155479431152
3,57,4,1821,0.7596664428710938
3,57,5,1495,0.7591293454170227
3,57,6,1279,0.7517197132110596
3,57,7,1082,0.7451478242874146
3,57,8,1569,0.7352617383003235
3,57,9,2073,0.7311710715293884
3,57,10,689,0.725095272064209
3,58,1,689,0.7800620198249817
3,58,2,2556,0.776830792427063
3,58,3,1569,0.7695299386978149
3,58,4,2920,0.7686129212379456
3,58,5,2192,0.760674238204956
3,58,6,2073,0.7590570449829102
3,58,7,1112,0.7570469975471497
3,58,8,1650,0.7551251649856567
3,58,9,2195,0.7420761585235596
3,58,10,1176,0.7410531640052795
3,59,1,645,0.7565085887908936
3,59,2,2206,0.7458510994911194
3,59,3,689,0.7442724108695984
3,59,4,1569,0.7379301190376282
3,59,5,1365,0.735032320022583
3,59,6,2195,0.7238969206809998
3,59,7,1650,0.7216306328773499
3,59,8,2920,0.7094404697418213
3,59,9,2073,0.7074234485626221
3,59,10,2556,0.7071763277053833
3,60,1,980,0.862221360206604
3,60,2,1970,0.8539136648178101
3,60,3,550,0.840914785861969
3,60,4,546,0.8253105878829956
3,60,5,2299,0.8201287984848022
3,60,6,1087,0.8142813444137573
3,60,7,2736,0.8022907376289368
3,60,8,681,0.7934203743934631
3,60,9,864,0.7900221943855286
3,60,10,584,0.7865802049636841
3,61,1,546,0.8179813623428345
3,61,2,1087,0.8162935972213745
3,61,3,2299,0.8161383271217346
3,61,4,584,0.7831116318702698
3,61,5,2736,0.7807785272598267
3,61,6,1487,0.7765109539031982
3,61,7,2621,0.7753759622573853
3,61,8,2552,0.7649697661399841
3,61,9,1359,0.757601797580719
3,61,10,681,0.7442421317100525
3,62,1,1087,0.7980511784553528
3,62,2,546,0.797866702079773
3,62,3,2299,0.7958354353904724
3,62,4,980,0.7729551196098328
3,62,5,2736,0.767215371131897
3,62,6,1970,0.758063793182373
3,62,7,1487,0.7541342973709106
3,62,8,2552,0.747979462146759
3,62,9,550,0.7448230981826782
3,62,10,2621,0.7439711093902588
3,63,1,546,0.8139964938163757
3,63,2,2299,0.8116496801376343
3,63,3,1087,0.8100632429122925
3,63,4,1487,0.794449508190155
3,63,5,2621,0.7925907373428345
3,63,6,2552,0.7841424942016602
3,63,7,2736,0.7749229073524475
3,63,8,681,0.7725551724433899
3,63,9,980,0.7699269652366638
3,63,10,1359,0.7672486305236816
3,64,1,1446,0.852341890335083
3,64,2,1246,0.852182149887085
3,64,3,2405,0.84574294090271
3,64,4,986,0.8424404263496399
3,64,5,1669,0.8403487205505371
3,64,6,2111,0.8347727060317993
3,64,7,1442,0.8285589814186096
3,64,8,2740,0.8266369700431824
3,64,9,1055,0.8260462284088135
3,64,10,2706,0.8241612911224365
3,65,1,2740,0.8047199845314026
3,65,2,1400,0.8008001446723938
3,65,3,2243,0.7927572727203369
3,65,4,480,0.7860468029975891
3,65,5,2706,0.7837093472480774
3,65,6,2197,0.7821524739265442
3,65,7,2161,0.78117436170578
3,65,8,1669,0.7762273550033569
3,65,9,1446,0.7735812067985535
3,65,10,663,0.7708751559257507
3,67,1,2742,0.8134168982505798
3,67,2,972,0.8008716702461243
3,67,3,2253,0.8005149364471436
3,67,4,2578,0.7938389778137207
3,67,5,3063,0.791584312915802
3,67,6,220,0.7910930514335632
3,67,7,2197,0.7876818180084229
3,67,8,1400,0.7870882153511047
3,67,9,663,0.7760557532310486
3,67,10,1817,0.7753878235816956
3,68,1,480,0.9019948840141296
3,68,2,2197,0.867023229598999
3,68,3,1400,0.8506041765213013
3,68,4,2740,0.8497356176376343
3,68,5,122,0.848359227180481
3,68,6,2706,0.8454113602638245
3,68,7,1669,0.8454020023345947
3,68,8,1446,0.8441764712333679
3,68,9,121,0.8388620615005493
3,68,10,2580,0.8353196382522583
3,69,1,1446,0.8379287719726562
3,69,2,480,0.8335497975349426
3,69,3,1669,0.8305162191390991
3,69,4,2352,0.8248445987701416
3,69,5,2740,0.8237242698669434
3,69,6,2111,0.8130196332931519
3,69,7,2706,0.8085611462593079
3,69,8,1246,0.8072596788406372
3,69,9,2197,0.7937831878662109
3,69,10,2581,0.7892599701881409
3,70,1,2127,0.8207480907440186
3,70,2,1538,0.8075957298278809
3,70,3,1446,0.8072043657302856
3,70,4,2099,0.8069947957992554
3,70,5,2740,0.802841067314148
3,70,6,1669,0.7936530113220215
3,70,7,2706,0.7866805195808411
3,70,8,2594,0.781198263168335
3,70,9,2793,0.777317225933075
3,70,10,480,0.7760559320449829
3,71,1,1446,0.8325276374816895
3,71,2,2161,0.8320506811141968
3,71,3,2740,0.8243097066879272
3,71,4,1669,0.820895791053772
3,71,5,2099,0.8195720314979553
3,71,6,2706,0.8188332915306091
3,71,7,2127,0.8077889084815979
3,71,8,480,0.7997027039527893
3,71,9,2352,0.7862914800643921
3,71,10,2594,0.7827407121658325
3,72,1,1127,0.7982476353645325
3,72,2,2368,0.791027307510376
3,72,3,663,0.7608828544616699
3,72,4,608,0.7464296221733093
3,72,5,2162,0.7457699179649353
3,72,6,2161,0.7451088428497314
3,72,7,1400,0.7441744804382324
3,72,8,1686,0.7432116866111755
3,72,9,2197,0.7215210795402527
3,72,10,1963,0.7174548506736755
3,73,1,1127,0.8098306655883789
3,73,2,1737,0.7668154835700989
3,73,3,663,0.7628141641616821
3,73,4,1400,0.7498342990875244
3,73,5,2161,0.7441575527191162
3,73,6,608,0.7423652410507202
3,73,7,2197,0.7285894155502319
3,73,8,2162,0.7203160524368286
3,73,9,1686,0.7190847396850586
3,73,10,1963,0.7159682512283325
3,74,1,1730,0.8535719513893127
3,74,2,1737,0.7938668131828308
3,74,3,663,0.7786369323730469
3,74,4,2162,0.7699082493782043
3,74,5,1686,0.7695374488830566
3,74,6,608,0.7672641277313232
3,74,7,1400,0.7629374861717224
3,74,8,2161,0.760518491268158
3,74,9,2197,0.7396233677864075
3,74,10,795,0.7380667328834534
3,75,1,400,0.8112034201622009
3,75,2,2162,0.7432557940483093
3,75,3,1461,0.7362707853317261
3,75,4,1686,0.7235726714134216
3,75,5,608,0.7079939842224121
3,75,6,1698,0.7061619758605957
3,75,7,2432,0.6998494267463684
3,75,8,2161,0.699400782585144
3,75,9,1063,0.6918208599090576
3,75,10,1829,0.6903157234191895
3,76,1,2162,0.7731622457504272
3,76,2,1007,0.7540938854217529
3,76,3,1710,0.7504318952560425
3,76,4,2985,0.7495343685150146
3,76,5,567,0.7386981844902039
3,76,6,2302,0.734918475151062
3,76,7,295,0.7320476770401001
3,76,8,1821,0.7272472977638245
3,76,9,2170,0.725143551826477
3,76,10,2695,0.724790096282959
3,77,1,1686,0.8080015182495117
3,77,2,2713,0.7711557745933533
3,77,3,629,0.7689071893692017
3,77,4,1142,0.7663315534591675
3,77,5,1708,0.7629898190498352
3,77,6,1720,0.757287323474884
3,77,7,400,0.7495706081390381
3,77,8,1273,0.7488418817520142
3,77,9,674,0.7471978664398193
3,77,10,2556,0.7454866170883179
3,78,1,2985,0.7663649916648865
3,78,2,1522,0.7588796019554138
3,78,3,1821,0.7515052556991577
3,78,4,2695,0.7493407726287842
3,78,5,2302,0.7462987303733826
3,78,6,2892,0.7394566535949707
3,78,7,567,0.7389712929725647
3,78,8,2556,0.7384063005447388
3,78,9,295,0.7314110398292542
3,78,10,481,0.7307130098342896
3,80,1,235,0.6877257823944092
3,80,2,736,0.6618452072143555
3,80,3,95,0.6546595096588135
3,80,4,1308,0.6518273949623108
3,80,5,2442,0.6469914317131042
3,80,6,2560,0.6464482545852661
3,80,7,1869,0.6464150547981262
3,80,8,2390,0.6447849869728088
3,80,9,2306,0.6416527032852173
3,80,10,2660,0.6402667760848999
3,81,1,2285,0.7611414194107056
3,81,2,2162,0.7569117546081543
3,81,3,1201,0.7434093356132507
3,81,4,14,0.7425795197486877
3,81,5,2892,0.7416254878044128
3,81,6,1112,0.7393522262573242
3,81,7,95,0.7388047575950623
3,81,8,2556,0.730501651763916
3,81,9,2444,0.7296013236045837
3,81,10,674,0.7274582982063293
3,82,1,95,0.7774125933647156
3,82,2,1104,0.751060962677002
3,82,3,2560,0.7273239493370056
3,82,4,2390,0.724448025226593
3,82,5,3032,0.7238308191299438
3,82,6,2985,0.7048856616020203
3,82,7,2306,0.7032734155654907
3,82,8,123,0.6842122673988342
3,82,9,235,0.6828312277793884
3,82,10,2098,0.6774317026138306
3,83,1,2660,0.7428390383720398
3,83,2,95,0.7284967303276062
3,83,3,2306,0.725050151348114
3,83,4,1007,0.7030367851257324
3,83,5,1522,0.6896081566810608
3,83,6,1104,0.6829057335853577
3,83,7,2560,0.6805515885353088
3,83,8,2259,0.6694834232330322
3,83,9,2390,0.657056450843811
3,83,10,235,0.6550313234329224
3,84,1,3032,0.7876653075218201
3,84,2,2654,0.7845914959907532
3,84,3,2306,0.7814766764640808
3,84,4,2098,0.7744621634483337
3,84,5,1362,0.7715790867805481
3,84,6,2114,0.7442437410354614
3,84,7,1007,0.7395766377449036
3,84,8,2162,0.7203682661056519
3,84,9,1802,0.7176150679588318
3,84,10,2285,0.7121395468711853
3,85,1,158,0.7951111793518066
3,85,2,321,0.7899178862571716
3,85,3,1548,0.7375017404556274
3,85,4,2642,0.7332705855369568
3,85,5,1665,0.7294524908065796
3,85,6,1522,0.7223949432373047
3,85,7,2135,0.702176034450531
3,85,8,1007,0.6965808868408203
3,85,9,2259,0.6891397833824158
3,85,10,2306,0.6788855791091919
3,86,1,1946,0.807326078414917
3,86,2,2356,0.7898135185241699
3,86,3,481,0.780973494052887
3,86,4,205,0.7720912098884583
3,86,5,2642,0.7716012597084045
3,86,6,2594,0.7708910703659058
3,86,7,2074,0.7659051418304443
3,86,8,1638,0.7643316388130188
3,86,9,1665,0.7610769271850586
3,86,10,2442,0.7456746697425842
3,87,1,1548,0.7590107917785645
3,87,2,2642,0.7425572872161865
3,87,3,2135,0.7363479733467102
3,87,4,1665,0.7358872294425964
3,87,5,736,0.7343776822090149
3,87,6,1308,0.7153077125549316
3,87,7,2356,0.7136327028274536
3,87,8,2442,0.7040842175483704
3,87,9,1522,0.6991827487945557
3,87,10,1946,0.6986548900604248
3,88,1,1091,0.7161539793014526
3,88,2,767,0.7158423066139221
3,88,3,948,0.7122510671615601
3,88,4,645,0.705199122428894
3,88,5,1984,0.6916264891624451
3,88,6,2754,0.683999240398407
3,88,7,2228,0.6830829381942749
3,88,8,2206,0.682746946811676
3,88,9,1778,0.6787859201431274
3,88,10,60,0.6669235825538635
3,89,1,767,0.7720878720283508
3,89,2,2734,0.7650881409645081
3,89,3,2844,0.7368525266647339
3,89,4,459,0.7360254526138306
3,89,5,60,0.7295028567314148
3,89,6,993,0.7276186347007751
3,89,7,749,0.7049772143363953
3,89,8,738,0.7026067972183228
3,89,9,1778,0.7009047865867615
3,89,10,948,0.6831645369529724
3,90,1,2734,0.8006042242050171
3,90,2,1502,0.7971163392066956
3,90,3,2844,0.7877678871154785
3,90,4,1778,0.7750101089477539
3,90,5,993,0.7697937488555908
3,90,6,749,0.7555228471755981
3,90,7,767,0.7430140972137451
3,90,8,55,0.6924036741256714
3,90,9,1312,0.6727632284164429
3,90,10,1521,0.6469920873641968
3,91,1,2559,0.862666130065918
3,91,2,174,0.8075914978981018
3,91,3,2844,0.8020619750022888
3,91,4,993,0.7937643527984619
3,91,5,749,0.7870293259620667
3,91,6,1778,0.7810435891151428
3,91,7,278,0.7764760255813599
3,91,8,767,0.7457730770111084
3,91,9,1521,0.7300965189933777
3,91,10,1312,0.6782304644584656
3,93,1,55,0.8607482314109802
3,93,2,738,0.7483877539634705
3,93,3,1091,0.7423633337020874
3,93,4,1146,0.7291291952133179
3,93,5,1984,0.7288014888763428
3,93,6,2135,0.7235552668571472
3,93,7,1395,0.7144808173179626
3,93,8,3009,0.7070257067680359
3,93,9,2745,0.7035958766937256
3,93,10,1840,0.6992641687393188
3,95,1,60,0.841144323348999
3,95,2,459,0.816887617111206
3,95,3,1091,0.7641040682792664
3,95,4,2559,0.7527822256088257
3,95,5,1840,0.7441137433052063
3,95,6,1146,0.7376168966293335
3,95,7,1984,0.7362320423126221
3,95,8,174,0.7340032458305359
3,95,9,738,0.7319802045822144
3,95,10,2135,0.7296021580696106
3,97,1,559,0.7191632390022278
3,97,2,767,0.690950870513916
3,97,3,769,0.6746059656143188
3,97,4,1201,0.6709532737731934
3,97,5,2344,0.6509450674057007
3,97,6,1112,0.6488993763923645
3,97,7,1650,0.6478963494300842
3,97,8,598,0.645871102809906
3,97,9,1374,0.6437709331512451
3,97,10,2727,0.6408416628837585
3,98,1,1201,0.8073645234107971
3,98,2,2444,0.7871586084365845
3,98,3,3054,0.7742455005645752
3,98,4,215,0.7704715728759766
3,98,5,1374,0.7690846920013428
3,98,6,629,0.7618833780288696
3,98,7,426,0.7612124681472778
3,98,8,2285,0.7589579224586487
3,98,9,14,0.756627082824707
3,98,10,1112,0.7546772956848145
3,99,1,559,0.7197054624557495
3,99,2,2448,0.7106828689575195
3,99,3,609,0.6908149123191833
3,99,4,675,0.6853440403938293
3,99,5,215,0.6851209998130798
3,99,6,2118,0.6768503189086914
3,99,7,2080,0.6694411635398865
3,99,8,1201,0.6654188632965088
3,99,9,2345,0.6649118065834045
3,99,10,1273,0.6644478440284729
3,100,1,1201,0.7332053184509277
3,100,2,675,0.7304419875144958
3,100,3,2118,0.7263286113739014
3,100,4,2345,0.7253879308700562
3,100,5,609,0.7253336310386658
3,100,6,1681,0.7119799256324768
3,100,7,2444,0.7020045518875122
3,100,8,2080,0.6946183443069458
3,100,9,2159,0.6935672760009766
3,100,10,2143,0.6863307952880859
3,101,1,1681,0.7926532626152039
3,101,2,129,0.7874433398246765
3,101,3,94,0.7837284803390503
3,101,4,2143,0.7815007567405701
3,101,5,1201,0.7740343809127808
3,101,6,1708,0.7687878608703613
3,101,7,556,0.7631537318229675
3,101,8,629,0.7586758136749268
3,101,9,2444,0.757993757724762
3,101,10,2367,0.7557899951934814
3,102,1,1681,0.8033033609390259
3,102,2,2448,0.796633780002594
3,102,3,675,0.7965276837348938
3,102,4,2143,0.7758615016937256
3,102,5,129,0.7732118964195251
3,102,6,1201,0.7586010098457336
3,102,7,2444,0.7494180798530579
3,102,8,559,0.745194673538208
3,102,9,1708,0.7422714233398438
3,102,10,556,0.7398321032524109
3,103,1,2159,0.7890561819076538
3,103,2,2482,0.7778618335723877
3,103,3,1612,0.7643061280250549
3,103,4,129,0.7607473731040955
3,103,5,1201,0.7490187287330627
3,103,6,2395,0.7449150085449219
3,103,7,1708,0.7420512437820435
3,103,8,629,0.739005446434021
3,103,9,2444,0.7377858757972717
3,103,10,556,0.7357997894287109
3,104,1,215,0.8130977153778076
3,104,2,2448,0.8008666038513184
3,104,3,2087,0.779493510723114
3,104,4,1201,0.7725571990013123
3,104,5,1612,0.7686278223991394
3,104,6,2444,0.751720130443573
3,104,7,2367,0.7515989542007446
3,104,8,1708,0.7507224678993225
3,104,9,556,0.7435165643692017
3,104,10,2713,0.7410098314285278
3,105,1,215,0.8264628052711487
3,105,2,2448,0.8216370940208435
3,105,3,94,0.821448564529419
3,105,4,534,0.8125067353248596
3,105,5,1201,0.8022775650024414
3,105,6,2444,0.7848504781723022
3,105,7,2087,0.7824931144714355
3,105,8,2367,0.7704268097877502
3,105,9,1708,0.7669808864593506
3,105,10,2291,0.7614446878433228
3,106,1,215,0.7872090339660645
3,106,2,2159,0.7748322486877441
3,106,3,1201,0.7726457118988037
3,106,4,2444,0.756201982498169
3,106,5,2367,0.7538315057754517
3,106,6,559,0.7470526695251465
3,106,7,2713,0.7455713152885437
3,106,8,598,0.7443557977676392
3,106,9,1708,0.7438793778419495
3,106,10,629,0.7437787652015686
3,108,1,215,0.7712700366973877
3,108,2,1201,0.7700727581977844
3,108,3,1650,0.7680500149726868
3,108,4,2345,0.7647074460983276
3,108,5,559,0.755146324634552
3,108,6,2444,0.7469295859336853
3,108,7,2416,0.7451947927474976
3,108,8,2118,0.7437031865119934
3,108,9,2745,0.7418345808982849
3,108,10,675,0.7331014275550842
3,109,1,215,0.7597557902336121
3,109,2,1201,0.7301351428031921
3,109,3,2159,0.7290762662887573
3,109,4,2444,0.7153464555740356
3,109,5,598,0.7146073579788208
3,109,6,629,0.7144672870635986
3,109,7,2095,0.7139992713928223
3,109,8,2367,0.7139251828193665
3,109,9,2143,0.7129644751548767
3,109,10,1708,0.7092673182487488
3,112,1,1078,0.7535952925682068
3,112,2,123,0.7521120309829712
3,112,3,453,0.7483015656471252
3,112,4,2144,0.7420557737350464
3,112,5,706,0.738400399684906
3,112,6,2390,0.734440267086029
3,112,7,2137,0.7340430021286011
3,112,8,1710,0.7306395769119263
3,112,9,2344,0.717979371547699
3,112,10,327,0.717917263507843
3,113,1,2315,0.7370814085006714
3,113,2,1940,0.728356122970581
3,113,3,1710,0.7258597016334534
3,113,4,2410,0.7050172686576843
3,113,5,2135,0.7047135233879089
3,113,6,2695,0.701201319694519
3,113,7,1007,0.6978731155395508
3,113,8,2306,0.6967349052429199
3,113,9,2985,0.6914991140365601
3,113,10,2114,0.6879092454910278
3,114,1,1201,0.7754184603691101
3,114,2,2144,0.7702085375785828
3,114,3,861,0.7616752982139587
3,114,4,2444,0.7533624172210693
3,114,5,2989,0.7407229542732239
3,114,6,969,0.7389312982559204
3,114,7,1374,0.7350597977638245
3,114,8,2727,0.7324494123458862
3,114,9,611,0.7313783168792725
3,114,10,1176,0.7259981632232666
3,115,1,861,0.761957585811615
3,115,2,969,0.7571042776107788
3,115,3,14,0.7569934129714966
3,115,4,2144,0.7534217834472656
3,115,5,215,0.7484861016273499
3,115,6,2448,0.7474470734596252
3,115,7,1681,0.7417546510696411
3,115,8,675,0.7404930591583252
3,115,9,2016,0.7336121201515198
3,115,10,2989,0.7244857549667358
3,116,1,215,0.8056947588920593
3,116,2,2285,0.7842786312103271
3,116,3,2159,0.766767680644989
3,116,4,559,0.7650578618049622
3,116,5,861,0.759405255317688
3,116,6,675,0.7495610117912292
3,116,7,1681,0.7487646341323853
3,116,8,629,0.7477996945381165
3,116,9,2448,0.7471016645431519
3,116,10,611,0.7439279556274414
3,117,1,215,0.761243999004364
3,117,2,969,0.7347028851509094
3,117,3,2159,0.7305871844291687
3,117,4,2016,0.7280420064926147
3,117,5,2745,0.7278833389282227
3,117,6,861,0.7271584272384644
3,117,7,769,0.7187066674232483
3,117,8,1681,0.7184894680976868
3,117,9,1112,0.7180439233779907
3,117,10,2144,0.7162985801696777
3,118,1,2285,0.8096976280212402
3,118,2,2848,0.802720844745636
3,118,3,402,0.8006784915924072
3,118,4,14,0.7927849292755127
3,118,5,2738,0.7710936665534973
3,118,6,2727,0.7657032012939453
3,118,7,559,0.7656587362289429
3,118,8,208,0.7640090584754944
3,118,9,611,0.7630429863929749
3,118,10,215,0.7514916658401489
3,119,1,1176,0.7241945862770081
3,119,2,2016,0.7084367871284485
3,119,3,530,0.7027906179428101
3,119,4,1683,0.7007046341896057
3,119,5,634,0.6949173212051392
3,119,6,1342,0.6838173270225525
3,119,7,364,0.6804745197296143
3,119,8,2476,0.6766186356544495
3,119,9,2738,0.6743712425231934
3,119,10,1201,0.6692640781402588
3,120,1,2344,0.7704170346260071
3,120,2,969,0.7631406188011169
3,120,3,530,0.7317824363708496
3,120,4,1342,0.7245414853096008
3,120,5,634,0.7201845645904541
3,120,6,1683,0.7051972150802612
3,120,7,2876,0.7049437761306763
3,120,8,2396,0.6883058547973633
3,120,9,1012,0.6882213950157166
3,120,10,724,0.6784547567367554
3,121,1,1683,0.76079261302948
3,121,2,861,0.7513135075569153
3,121,3,1342,0.7274242639541626
3,121,4,1487,0.7213245630264282
3,121,5,2144,0.7136610746383667
3,121,6,1359,0.7109896540641785
3,121,7,2876,0.7035051584243774
3,121,8,2621,0.6998818516731262
3,121,9,2016,0.6957851648330688
3,121,10,706,0.6861632466316223
3,122,1,1087,0.8018949031829834
3,122,2,1785,0.7978777289390564
3,122,3,1970,0.7968025207519531
3,122,4,1359,0.7817147374153137
3,122,5,177,0.7635884284973145
3,122,6,1487,0.7562454342842102
3,122,7,681,0.7431827187538147
3,122,8,2621,0.7304782867431641
3,122,9,1535,0.7272998690605164
3,122,10,1352,0.726040780544281
3,123,1,1785,0.7732398509979248
3,123,2,546,0.7472370266914368
3,123,3,2299,0.739324152469635
3,123,4,550,0.7275714874267578
3,123,5,1087,0.7265429496765137
3,123,6,584,0.7242529392242432
3,123,7,980,0.7183212041854858
3,123,8,2736,0.7158502340316772
3,123,9,1352,0.7142034769058228
3,123,10,681,0.7125521302223206
3,124,1,1359,0.7868837714195251
3,124,2,177,0.7771269083023071
3,124,3,1487,0.7746191024780273
3,124,4,2736,0.7724571228027344
3,124,5,2552,0.7641496062278748
3,124,6,1970,0.7621602416038513
3,124,7,1352,0.7424916625022888
3,124,8,584,0.7366151809692383
3,124,9,2876,0.71189284324646
3,124,10,1388,0.7075105905532837
3,125,1,1785,0.7804933786392212
3,125,2,177,0.7777621746063232
3,125,3,1352,0.7577369809150696
3,125,4,1359,0.7532549500465393
3,125,5,864,0.7523481845855713
3,125,6,1535,0.7455248832702637
3,125,7,2552,0.7448441386222839
3,125,8,2876,0.7363812923431396
3,125,9,584,0.7125475406646729
3,125,10,1712,0.7096725106239319
3,127,1,177,0.7479389309883118
3,127,2,980,0.747337281703949
3,127,3,546,0.7466129660606384
3,127,4,550,0.744440495967865
3,127,5,2299,0.7371582984924316
3,127,6,2736,0.7321425676345825
3,127,7,2552,0.7313159704208374
3,127,8,1087,0.725939154624939
3,127,9,584,0.7073965072631836
3,127,10,2621,0.6876591444015503
3,129,1,1970,0.8077029585838318
3,129,2,550,0.8044608235359192
3,129,3,980,0.7951205372810364
3,129,4,546,0.7742584347724915
3,129,5,2299,0.7664768695831299
3,129,6,2736,0.766368567943573
3,129,7,1087,0.7462727427482605
3,129,8,681,0.7294257283210754
3,129,9,2552,0.7139245867729187
3,129,10,1487,0.7125664353370667
3,131,1,177,0.8355742692947388
3,131,2,681,0.8119125366210938
3,131,3,2668,0.8015874028205872
3,131,4,1087,0.7927664518356323
3,131,5,1543,0.7871555685997009
3,131,6,1487,0.7849491238594055
3,131,7,1359,0.7814648747444153
3,131,8,546,0.7812959551811218
3,131,9,2621,0.7811885476112366
3,131,10,2299,0.7773973345756531
3,132,1,1892,0.8979069590568542
3,132,2,835,0.8933749794960022
3,132,3,476,0.8849986791610718
3,132,4,184,0.8780412077903748
3,132,5,421,0.8650621771812439
3,132,6,2717,0.8551052212715149
3,132,7,98,0.8486007452011108
3,132,8,2940,0.8401415944099426
3,132,9,2313,0.8295497894287109
3,132,10,1424,0.8272283673286438
3,133,1,1892,0.8979069590568542
3,133,2,835,0.8933749794960022
3,133,3,476,0.8849986791610718
3,133,4,184,0.8780412077903748
3,133,5,421,0.8650621771812439
3,133,6,2717,0.8551052212715149
3,133,7,98,0.8486007452011108
3,133,8,2940,0.8401415944099426
3,133,9,2313,0.8295497894287109
3,133,10,1424,0.8272283673286438
3,134,1,1892,0.8979069590568542
3,134,2,835,0.8933749794960022
3,134,3,476,0.8849986791610718
3,134,4,184,0.8780412077903748
3,134,5,421,0.8650621771812439
3,134,6,2717,0.8551052212715149
3,134,7,98,0.8486007452011108
3,134,8,2940,0.8401415944099426
3,134,9,2313,0.8295497894287109
3,134,10,1424,0.8272283673286438
3,135,1,1892,0.8979069590568542
3,135,2,835,0.8933749794960022
3,135,3,476,0.8849986791610718
3,135,4,184,0.8780412077903748
3,135,5,421,0.8650621771812439
3,135,6,2717,0.8551052212715149
3,135,7,98,0.8486007452011108
3,135,8,2940,0.8401415944099426
3,135,9,2313,0.8295497894287109
3,135,10,1424,0.8272283673286438
3,136,1,1748,0.808719277381897
3,136,2,421,0.8076211214065552
3,136,3,865,0.8016231656074524
3,136,4,298,0.8016231656074524
3,136,5,184,0.8005074262619019
3,136,6,3018,0.8000395894050598
3,136,7,98,0.7965173125267029
3,136,8,2717,0.7929250597953796
3,136,9,1881,0.7909663319587708
3,136,10,2313,0.7900368571281433
3,137,1,177,0.8046355843544006
3,137,2,1352,0.7996099591255188
3,137,3,1816,0.7971807718276978
3,137,4,1970,0.7829828262329102
3,137,5,1839,0.782561182975769
3,137,6,1785,0.7470595240592957
3,137,7,2876,0.742684543132782
3,137,8,980,0.740850567817688
3,137,9,1359,0.7400019764900208
3,137,10,1487,0.7387595772743225
3,138,1,177,0.8240732550621033
3,138,2,1982,0.8139494061470032
3,138,3,2288,0.8051275014877319
3,138,4,1352,0.7980492115020752
3,138,5,1487,0.788773775100708
3,138,6,1785,0.7872607111930847
3,138,7,1359,0.7869396209716797
3,138,8,584,0.7781139016151428
3,138,9,1816,0.7715575695037842
3,138,10,2621,0.767734169960022
3,139,1,177,0.8636080026626587
3,139,2,1352,0.8631565570831299
3,139,3,2303,0.8326273560523987
3,139,4,681,0.7996042966842651
3,139,5,1359,0.7951771020889282
3,139,6,1487,0.7916552424430847
3,139,7,2621,0.7801129221916199
3,139,8,2668,0.7793499827384949
3,139,9,584,0.7756859660148621
3,139,10,1785,0.774950385093689
3,140,1,1352,0.8705421686172485
3,140,2,1712,0.862988293170929
3,140,3,1435,0.8597670197486877
3,140,4,1087,0.8373150825500488
3,140,5,2299,0.8285616040229797
3,140,6,546,0.8285608887672424
3,140,7,681,0.8231236338615417
3,140,8,98,0.8175698518753052
3,140,9,2877,0.8153802752494812
3,140,10,421,0.7986733317375183
3,141,1,2877,0.8690343499183655
3,141,2,1435,0.8272326588630676
3,141,3,1352,0.7985935807228088
3,141,4,1712,0.7895798087120056
3,141,5,1970,0.7895795106887817
3,141,6,2604,0.7888842821121216
3,141,7,476,0.7796906232833862
3,141,8,1748,0.773074209690094
3,141,9,980,0.7601374387741089
3,141,10,298,0.7541163563728333
3,142,1,2877,0.8936488628387451
3,142,2,1435,0.8390181064605713
3,142,3,1748,0.8248356580734253
3,142,4,1881,0.8048406839370728
3,142,5,865,0.803647518157959
3,142,6,298,0.803647518157959
3,142,7,1712,0.8011408448219299
3,142,8,421,0.7929744124412537
3,142,9,1352,0.7881765961647034
3,142,10,2313,0.7873868346214294
3,143,1,2877,0.8621183633804321
3,143,2,1892,0.8590978384017944
3,143,3,476,0.8079178333282471
3,143,4,1748,0.7999841570854187
3,143,5,865,0.7882047891616821
3,143,6,298,0.7882047891616821
3,143,7,1435,0.7881179451942444
3,143,8,184,0.765019953250885
3,143,9,1881,0.7596383094787598
3,143,10,421,0.7592670917510986
3,144,1,1352,0.9135439395904541
3,144,2,1435,0.8564040064811707
3,144,3,1712,0.8457220196723938
3,144,4,2877,0.8356549739837646
3,144,5,177,0.8287833333015442
3,144,6,1892,0.8248469233512878
3,144,7,2536,0.8173888921737671
3,144,8,1816,0.8145010471343994
3,144,9,98,0.8074259757995605
3,144,10,2234,0.8047335147857666
3,145,1,1892,0.8769540786743164
3,145,2,1435,0.8718109130859375
3,145,3,2877,0.8685750365257263
3,145,4,835,0.8654659390449524
3,145,5,1712,0.8518438339233398
3,145,6,184,0.8393428921699524
3,145,7,1352,0.8376063108444214
3,145,8,476,0.8263768553733826
3,145,9,3018,0.826318085193634
3,145,10,1748,0.8162914514541626
3,146,1,1352,0.8362834453582764
3,146,2,1892,0.8324954509735107
3,146,3,1435,0.8308891654014587
3,146,4,1712,0.8246086239814758
3,146,5,835,0.8175725340843201
3,146,6,2877,0.8104714155197144
3,146,7,476,0.8009086847305298
3,146,8,780,0.7972161769866943
3,146,9,3018,0.7968847155570984
3,146,10,2940,0.7773270010948181
3,147,1,1892,0.8945324420928955
3,147,2,835,0.8902106881141663
3,147,3,2877,0.8511339426040649
3,147,4,1435,0.8448266983032227
3,147,5,1352,0.84385085105896
3,147,6,3047,0.8408097624778748
3,147,7,476,0.8323095440864563
3,147,8,780,0.8289198875427246
3,147,9,1712,0.8256825804710388
3,147,10,2313,0.8230095505714417
3,148,1,1435,0.9019516110420227
3,148,2,2877,0.9011375308036804
3,148,3,835,0.8900744915008545
3,148,4,1892,0.8864410519599915
3,148,5,865,0.874273955821991
3,148,6,298,0.874273955821991
3,148,7,1712,0.873659074306488
3,148,8,476,0.8725072145462036
3,148,9,3018,0.8716855645179749
3,148,10,1748,0.8707451224327087
3,150,1,2604,0.9215281009674072
3,150,2,835,0.9051249623298645
3,150,3,2234,0.9011604189872742
3,150,4,1892,0.8999406695365906
3,150,5,1435,0.8998479843139648
3,150,6,2877,0.8992461562156677
3,150,7,184,0.894642174243927
3,150,8,2313,0.8933995366096497
3,150,9,780,0.8883010745048523
3,150,10,1748,0.8830625414848328
3,151,1,1352,0.8913968801498413
3,151,2,2604,0.8756347894668579
3,151,3,2877,0.87221360206604
3,151,4,1872,0.8629531264305115
3,151,5,1892,0.8626683950424194
3,151,6,2536,0.8557203412055969
3,151,7,1435,0.8548148274421692
3,151,8,835,0.8458554744720459
3,151,9,2810,0.8363730311393738
3,151,10,1712,0.8318960666656494
3,153,1,780,0.855603814125061
3,153,2,2796,0.8547800183296204
3,153,3,1194,0.837313175201416
3,153,4,2435,0.835909903049469
3,153,5,2995,0.833733081817627
3,153,6,2649,0.8256304860115051
3,153,7,1352,0.819223165512085
3,153,8,3004,0.8087001442909241
3,153,9,118,0.8064908981323242
3,153,10,1280,0.8038829565048218
3,154,1,2435,0.8852676749229431
3,154,2,1352,0.8559993505477905
3,154,3,2796,0.8538737297058105
3,154,4,780,0.8475539684295654
3,154,5,3004,0.8460259437561035
3,154,6,1194,0.8404171466827393
3,154,7,2804,0.836521565914154
3,154,8,118,0.8334565758705139
3,154,9,1872,0.8280186057090759
3,154,10,2995,0.8211427927017212
3,155,1,177,0.8564492464065552
3,155,2,2621,0.8315712213516235
3,155,3,1487,0.8233675956726074
3,155,4,1359,0.8151072263717651
3,155,5,464,0.8139708042144775
3,155,6,699,0.8090257048606873
3,155,7,1352,0.80373215675354
3,155,8,2184,0.7952148914337158
3,155,9,1588,0.787165105342865
3,155,10,1315,0.7860968708992004
3,156,1,177,0.8564492464065552
3,156,2,2621,0.8315712213516235
3,156,3,1487,0.8233675956726074
3,156,4,1359,0.8151072263717651
3,156,5,464,0.8139708042144775
3,156,6,699,0.8090257048606873
3,156,7,1352,0.80373215675354
3,156,8,2184,0.7952148914337158
3,156,9,1588,0.787165105342865
3,156,10,1315,0.7860968708992004
3,157,1,177,0.8564492464065552
3,157,2,2621,0.8315712213516235
3,157,3,1487,0.8233675956726074
3,157,4,1359,0.8151072263717651
3,157,5,464,0.8139708042144775
3,157,6,699,0.8090257048606873
3,157,7,1352,0.80373215675354
3,157,8,2184,0.7952148914337158
3,157,9,1588,0.787165105342865
3,157,10,1315,0.7860968708992004
3,159,1,2621,0.8748738169670105
3,159,2,699,0.8596956729888916
3,159,3,1487,0.8592938780784607
3,159,4,1359,0.8549485206604004
3,159,5,464,0.8471243381500244
3,159,6,177,0.8386324048042297
3,159,7,1683,0.8244951367378235
3,159,8,1898,0.8177560567855835
3,159,9,681,0.8155118823051453
3,159,10,2184,0.812092661857605
3,160,1,177,0.850828230381012
3,160,2,1359,0.8445066809654236
3,160,3,1487,0.8435297608375549
3,160,4,2621,0.8308018445968628
3,160,5,699,0.7890996336936951
3,160,6,2552,0.7875257730484009
3,160,7,1785,0.7839774489402771
3,160,8,1352,0.7763650417327881
3,160,9,681,0.7760739922523499
3,160,10,546,0.7756282687187195
3,161,1,1487,0.8448370099067688
3,161,2,2621,0.8441479206085205
3,161,3,1359,0.842744767665863
3,161,4,177,0.8267043232917786
3,161,5,699,0.8253668546676636
3,161,6,1683,0.7978324294090271
3,161,7,681,0.7976349592208862
3,161,8,1087,0.7838273644447327
3,161,9,546,0.7828224301338196
3,161,10,2299,0.7811645865440369
3,162,1,1757,0.7810797691345215
3,162,2,1785,0.7694185972213745
3,162,3,546,0.7689597606658936
3,162,4,1237,0.7640689015388489
3,162,5,2299,0.7635118365287781
3,162,6,2736,0.759457528591156
3,162,7,1302,0.7593256831169128
3,162,8,1202,0.7586933374404907
3,162,9,1359,0.7570593953132629
3,162,10,2552,0.7509338855743408
3,163,1,1757,0.8280225992202759
3,163,2,1415,0.8138874173164368
3,163,3,2286,0.8042654395103455
3,163,4,32,0.7858676910400391
3,163,5,544,0.7817806601524353
3,163,6,1237,0.7793660163879395
3,163,7,1100,0.7743110060691833
3,163,8,1250,0.7733742594718933
3,163,9,1302,0.766155481338501
3,163,10,1202,0.7649983167648315
3,164,1,1757,0.8439347743988037
3,164,2,1100,0.8319323658943176
3,164,3,544,0.8204952478408813
3,164,4,1415,0.8185047507286072
3,164,5,2286,0.80648273229599
3,164,6,1237,0.786413848400116
3,164,7,354,0.7835628390312195
3,164,8,1202,0.7778769731521606
3,164,9,1302,0.7755618095397949
3,164,10,2030,0.772593080997467
3,165,1,1100,0.8090556263923645
3,165,2,1757,0.7848804593086243
3,165,3,544,0.7788354754447937
3,165,4,1415,0.7698574662208557
3,165,5,2031,0.7566109895706177
3,165,6,2286,0.7454881072044373
3,165,7,2030,0.7444568872451782
3,165,8,2157,0.7413910031318665
3,165,9,354,0.7363090515136719
3,165,10,1237,0.7310149073600769
3,166,1,1100,0.8348949551582336
3,166,2,2030,0.8166465759277344
3,166,3,2533,0.8001195788383484
3,166,4,354,0.7972826361656189
3,166,5,1237,0.7954676747322083
3,166,6,1302,0.7857539057731628
3,166,7,1202,0.7849684953689575
3,166,8,615,0.7762012481689453
3,166,9,2237,0.7669273018836975
3,166,10,40,0.7646849155426025
3,167,1,1757,0.8432150483131409
3,167,2,2286,0.8325215578079224
3,167,3,1415,0.8085595965385437
3,167,4,1237,0.8020579814910889
3,167,5,2030,0.797472357749939
3,167,6,615,0.788147509098053
3,167,7,2957,0.7773245573043823
3,167,8,544,0.7772728204727173
3,167,9,2134,0.7692862153053284
3,167,10,990,0.7688358426094055
3,168,1,551,0.7236605882644653
3,168,2,1785,0.7215307354927063
3,168,3,2702,0.7201529145240784
3,168,4,2552,0.719504714012146
3,168,5,615,0.718607485294342
3,168,6,498,0.7035975456237793
3,168,7,1342,0.699650764465332
3,168,8,2237,0.6982078552246094
3,168,9,1567,0.6969664692878723
3,168,10,40,0.6918582916259766
3,169,1,2286,0.8009615540504456
3,169,2,1415,0.7886103987693787
3,169,3,1785,0.75514155626297
3,169,4,2552,0.7508931756019592
3,169,5,551,0.7328822612762451
3,169,6,2736,0.7257009148597717
3,169,7,546,0.7240157127380371
3,169,8,2299,0.7150731086730957
3,169,9,550,0.7115720510482788
3,169,10,1359,0.7081771492958069
3,170,1,2237,0.8010244369506836
3,170,2,1302,0.7880370020866394
3,170,3,1202,0.7872346639633179
3,170,4,615,0.7799316644668579
3,170,5,2702,0.7624110579490662
3,170,6,498,0.7623401284217834
3,170,7,542,0.7540711164474487
3,170,8,2957,0.750369668006897
3,170,9,40,0.7493302822113037
3,170,10,2793,0.7464259266853333
3,171,1,95,0.8341358304023743
3,171,2,2560,0.8098559379577637
3,171,3,2745,0.8014201521873474
3,171,4,55,0.7894342541694641
3,171,5,2135,0.779352605342865
3,171,6,230,0.7582929134368896
3,171,7,767,0.7551620006561279
3,171,8,310,0.7428529262542725
3,171,9,128,0.7401953339576721
3,171,10,235,0.7371951341629028
3,172,1,55,0.8111297488212585
3,172,2,2745,0.7854754328727722
3,172,3,95,0.766512393951416
3,172,4,2416,0.7052735090255737
3,172,5,2135,0.6916195154190063
3,172,6,767,0.6892884373664856
3,172,7,1078,0.6645901799201965
3,172,8,2144,0.6637676954269409
3,172,9,2727,0.6626664996147156
3,172,10,14,0.6613918542861938
3,174,1,95,0.759792685508728
3,174,2,2745,0.7550106048583984
3,174,3,2727,0.7308658361434937
3,174,4,769,0.7144750356674194
3,174,5,767,0.6989037990570068
3,174,6,1201,0.68478924036026
3,174,7,2344,0.6843512058258057
3,174,8,1112,0.6843418478965759
3,174,9,2738,0.6791821718215942
3,174,10,128,0.6769102811813354
3,175,1,2745,0.8211644887924194
3,175,2,767,0.7837811708450317
3,175,3,1650,0.7759579420089722
3,175,4,769,0.7707176804542542
3,175,5,2416,0.7293574213981628
3,175,6,95,0.7264941334724426
3,175,7,1112,0.7244649529457092
3,175,8,2345,0.71794193983078
3,175,9,559,0.7158231735229492
3,175,10,611,0.7140671610832214
3,176,1,1650,0.8094530701637268
3,176,2,769,0.7729663848876953
3,176,3,2745,0.7635895013809204
3,176,4,1112,0.7613320350646973
3,176,5,767,0.7514219880104065
3,176,6,1201,0.7493859529495239
3,176,7,2444,0.7336084842681885
3,176,8,559,0.7332557439804077
3,176,9,2345,0.7202405333518982
3,176,10,611,0.7195939421653748
3,177,1,1201,0.7590351104736328
3,177,2,2920,0.7582052946090698
3,177,3,1112,0.7559658885002136
3,177,4,2345,0.7537368535995483
3,177,5,2444,0.7483430504798889
3,177,6,2180,0.7413272261619568
3,177,7,769,0.7386766672134399
3,177,8,559,0.7304365038871765
3,177,9,767,0.7302554845809937
3,177,10,215,0.7287476062774658
3,178,1,1686,0.7998672127723694
3,178,2,629,0.7970089912414551
3,178,3,215,0.7939572930335999
3,178,4,2238,0.7898903489112854
3,178,5,1201,0.7855520248413086
3,178,6,1708,0.7851452827453613
3,178,7,2180,0.7835302948951721
3,178,8,2713,0.7801627516746521
3,178,9,2444,0.7798400521278381
3,178,10,2159,0.7727622389793396
3,179,1,2159,0.759330689907074
3,179,2,215,0.7563140988349915
3,179,3,2095,0.7486644983291626
3,179,4,556,0.7469245791435242
3,179,5,2143,0.7441384792327881
3,179,6,415,0.7424132823944092
3,179,7,2367,0.7385236620903015
3,179,8,1720,0.7291152477264404
3,179,9,2444,0.72594153881073
3,179,10,1201,0.720548152923584
3,180,1,2713,0.8012318015098572
3,180,2,2159,0.7891854047775269
3,180,3,1686,0.7889620065689087
3,180,4,215,0.7873767614364624
3,180,5,2143,0.7790529727935791
3,180,6,2095,0.778572142124176
3,180,7,2367,0.7709213495254517
3,180,8,556,0.767369270324707
3,180,9,1720,0.7532259225845337
3,180,10,534,0.7527065873146057
3,181,1,129,0.8057135343551636
3,181,2,534,0.7746127843856812
3,181,3,2159,0.7738863825798035
3,181,4,215,0.771624743938446
3,181,5,94,0.7710465788841248
3,181,6,2095,0.7681365609169006
3,181,7,2367,0.7647524476051331
3,181,8,2143,0.7611668109893799
3,181,9,1686,0.7554797530174255
3,181,10,1720,0.7477607727050781
3,182,1,1267,0.8315635919570923
3,182,2,2713,0.8284012079238892
3,182,3,629,0.8268552422523499
3,182,4,2159,0.7929152846336365
3,182,5,1044,0.7896566390991211
3,182,6,2095,0.7890543341636658
3,182,7,215,0.7880634069442749
3,182,8,94,0.7851284742355347
3,182,9,2143,0.7849502563476562
3,182,10,534,0.7846190929412842
3,183,1,534,0.84340900182724
3,183,2,94,0.8333233594894409
3,183,3,2482,0.8217890858650208
3,183,4,129,0.8214426636695862
3,183,5,2367,0.8134846091270447
3,183,6,2095,0.8131693601608276
3,183,7,2143,0.8098121285438538
3,183,8,675,0.8053706884384155
3,183,9,1708,0.8042104244232178
3,183,10,1681,0.8025586605072021
3,184,1,1708,0.8203667998313904
3,184,2,1287,0.8191666007041931
3,184,3,2713,0.8176645040512085
3,184,4,1645,0.813270092010498
3,184,5,2095,0.8083732724189758
3,184,6,2159,0.8029111623764038
3,184,7,2143,0.7982040047645569
3,184,8,2367,0.7941261529922485
3,184,9,129,0.7939490675926208
3,184,10,1267,0.7939457297325134
3,185,1,2095,0.7997938394546509
3,185,2,2159,0.7994438409805298
3,185,3,1708,0.7991580367088318
3,185,4,2713,0.796955943107605
3,185,5,2143,0.7945077419281006
3,185,6,129,0.7940947413444519
3,185,7,1287,0.7902908325195312
3,185,8,1686,0.7880163788795471
3,185,9,1645,0.7869342565536499
3,185,10,2367,0.7817764282226562
3,186,1,129,0.8592562079429626
3,186,2,534,0.8484117388725281
3,186,3,1708,0.8322382569313049
3,186,4,2713,0.8304919600486755
3,186,5,1287,0.8259148001670837
3,186,6,2159,0.8221121430397034
3,186,7,1645,0.8197758197784424
3,186,8,2095,0.8194220066070557
3,186,9,94,0.8193300366401672
3,186,10,2482,0.8131441473960876
3,187,1,2416,0.837859570980072
3,187,2,1838,0.7884271740913391
3,187,3,3054,0.7668807506561279
3,187,4,698,0.7616234421730042
3,187,5,1882,0.748606264591217
3,187,6,1013,0.7413682341575623
3,187,7,612,0.7412438988685608
3,187,8,559,0.7388393878936768
3,187,9,426,0.7321681380271912
3,187,10,2347,0.7250642776489258
3,188,1,2416,0.8439384698867798
3,188,2,2957,0.8091325759887695
3,188,3,1838,0.7976343035697937
3,188,4,615,0.7928502559661865
3,188,5,1013,0.7918424010276794
3,188,6,3054,0.7882287502288818
3,188,7,1882,0.7829345464706421
3,188,8,612,0.78221595287323
3,188,9,426,0.7803354263305664
3,188,10,2347,0.7673138380050659
3,189,1,2134,0.8102198839187622
3,189,2,612,0.7986197471618652
3,189,3,2502,0.7921704053878784
3,189,4,748,0.7912605404853821
3,189,5,426,0.780672013759613
3,189,6,498,0.7699903249740601
3,189,7,2416,0.7685217261314392
3,189,8,1838,0.7671171426773071
3,189,9,2347,0.7566751837730408
3,189,10,2533,0.7501611113548279
3,190,1,2832,0.8035055994987488
3,190,2,2416,0.7982564568519592
3,190,3,1339,0.7976988554000854
3,190,4,3062,0.7941791415214539
3,190,5,316,0.7877970933914185
3,190,6,698,0.7877106070518494
3,190,7,1882,0.7696641683578491
3,190,8,426,0.7693503499031067
3,190,9,612,0.7666443586349487
3,190,10,1838,0.766360342502594
3,191,1,655,0.7669155597686768
3,191,2,1513,0.7606492042541504
3,191,3,1550,0.7587805390357971
3,191,4,954,0.7352743744850159
3,191,5,1979,0.7111814618110657
3,191,6,2684,0.7099888920783997
3,191,7,1980,0.7053783535957336
3,191,8,2323,0.7017809152603149
3,191,9,1638,0.6946003437042236
3,191,10,2661,0.6869850158691406
3,192,1,481,0.7767741084098816
3,192,2,655,0.7728092074394226
3,192,3,1550,0.7585667967796326
3,192,4,2144,0.7564288973808289
3,192,5,1513,0.755814790725708
3,192,6,2661,0.7513739466667175
3,192,7,2989,0.7460245490074158
3,192,8,612,0.7378979921340942
3,192,9,205,0.7306722402572632
3,192,10,1176,0.7303164005279541
3,194,1,655,0.7868530750274658
3,194,2,1946,0.7824178338050842
3,194,3,1513,0.7820003628730774
3,194,4,481,0.7788562774658203
3,194,5,1550,0.7763472199440002
3,194,6,2556,0.7671953439712524
3,194,7,205,0.7606186866760254
3,194,8,2074,0.7600322961807251
3,194,9,271,0.7462087273597717
3,194,10,645,0.7418457269668579
3,195,1,49,0.8189243078231812
3,195,2,701,0.8082354664802551
3,195,3,1383,0.8032140731811523
3,195,4,286,0.8021495342254639
3,195,5,2710,0.801104724407196
3,195,6,2956,0.7979562878608704
3,195,7,446,0.7868942022323608
3,195,8,1180,0.7865349054336548
3,195,9,2197,0.7865303754806519
3,195,10,2111,0.7827549576759338
3,196,1,2405,0.8238327503204346
3,196,2,1300,0.8100470304489136
3,196,3,2793,0.8079051971435547
3,196,4,1045,0.799509584903717
3,196,5,2127,0.7895327210426331
3,196,6,1538,0.7884416580200195
3,196,7,480,0.7861473560333252
3,196,8,2161,0.783349871635437
3,196,9,2197,0.780954897403717
3,196,10,2702,0.7782608270645142
3,197,1,2405,0.8209990859031677
3,197,2,2706,0.8144716620445251
3,197,3,1045,0.8071861863136292
3,197,4,1538,0.796542227268219
3,197,5,1300,0.7949228286743164
3,197,6,2197,0.7932164669036865
3,197,7,480,0.7915727496147156
3,197,8,1927,0.7825313806533813
3,197,9,1400,0.775137186050415
3,197,10,2702,0.7737352252006531
3,198,1,1415,0.7876357436180115
3,198,2,2799,0.7838518619537354
3,198,3,2702,0.777068555355072
3,198,4,2405,0.772814929485321
3,198,5,2099,0.7722890973091125
3,198,6,2706,0.7675970196723938
3,198,7,2197,0.7665774822235107
3,198,8,286,0.7647756934165955
3,198,9,2286,0.7642654180526733
3,198,10,1300,0.7630000710487366
3,199,1,663,0.8333021998405457
3,199,2,1400,0.8300977349281311
3,199,3,2658,0.8200435042381287
3,199,4,295,0.8168438673019409
3,199,5,2170,0.8040046691894531
3,199,6,2628,0.7988543510437012
3,199,7,2197,0.7982065081596375
3,199,8,2161,0.7874107956886292
3,199,9,2706,0.7869974374771118
3,199,10,121,0.7867264747619629
3,201,1,2162,0.8673278093338013
3,201,2,674,0.8175132870674133
3,201,3,2951,0.8139998912811279
3,201,4,1686,0.8114036917686462
3,201,5,696,0.8069350123405457
3,201,6,1362,0.8059787750244141
3,201,7,1821,0.8044098019599915
3,201,8,1812,0.7977836728096008
3,201,9,2556,0.796396017074585
3,201,10,438,0.7935360670089722
3,202,1,1817,0.8613939881324768
3,202,2,663,0.8491324782371521
3,202,3,1400,0.8400834202766418
3,202,4,2578,0.8365556001663208
3,202,5,2206,0.836104154586792
3,202,6,1821,0.8339826464653015
3,202,7,1028,0.8288751244544983
3,202,8,2353,0.8171765804290771
3,202,9,2628,0.8118213415145874
3,202,10,1495,0.8078875541687012
3,203,1,2162,0.8607123494148254
3,203,2,1569,0.8529678583145142
3,203,3,1650,0.8458762168884277
3,203,4,674,0.8385863900184631
3,203,5,689,0.8310428857803345
3,203,6,2951,0.8291321396827698
3,203,7,2098,0.823493242263794
3,203,8,2556,0.8208591341972351
3,203,9,2073,0.8169644474983215
3,203,10,2180,0.8159056901931763
3,204,1,1208,0.6993359923362732
3,204,2,628,0.6660232543945312
3,204,3,1030,0.6650019288063049
3,204,4,1203,0.6609960794448853
3,204,5,1653,0.6599297523498535
3,204,6,2163,0.6593053340911865
3,204,7,210,0.6566129922866821
3,204,8,387,0.6556157469749451
3,204,9,2078,0.655302107334137
3,204,10,1472,0.6510845422744751
3,205,1,747,0.8121187686920166
3,205,2,792,0.7681186199188232
3,205,3,3069,0.7627609372138977
3,205,4,2163,0.760696291923523
3,205,5,387,0.7562152147293091
3,205,6,502,0.7547801733016968
3,205,7,779,0.7528719305992126
3,205,8,1897,0.744217574596405
3,205,9,671,0.743229866027832
3,205,10,1467,0.7429898381233215
3,206,1,1913,0.7536752820014954
3,206,2,3069,0.7191886901855469
3,206,3,1897,0.7170081734657288
3,206,4,779,0.70550537109375
3,206,5,430,0.7025499939918518
3,206,6,2759,0.6851125359535217
3,206,7,338,0.6797885298728943
3,206,8,387,0.6760224103927612
3,206,9,2163,0.6740837097167969
3,206,10,792,0.6737033724784851
3,207,1,747,0.8177129626274109
3,207,2,1208,0.8098205327987671
3,207,3,502,0.7605693340301514
3,207,4,2163,0.7528661489486694
3,207,5,1190,0.7517401576042175
3,207,6,1472,0.7332360148429871
3,207,7,792,0.7313811779022217
3,207,8,387,0.7296826839447021
3,207,9,259,0.7209079265594482
3,207,10,1467,0.7199983596801758
3,208,1,2759,0.7823792099952698
3,208,2,628,0.7444825768470764
3,208,3,1030,0.7436637282371521
3,208,4,2078,0.7391531467437744
3,208,5,1203,0.736087441444397
3,208,6,1369,0.7336151599884033
3,208,7,1653,0.7300123572349548
3,208,8,1478,0.729130744934082
3,208,9,210,0.7245045900344849
3,208,10,1494,0.7210314273834229
3,209,1,754,0.8191168904304504
3,209,2,2802,0.8071607947349548
3,209,3,106,0.8045574426651001
3,209,4,1,0.8000980615615845
3,209,5,624,0.7839059829711914
3,209,6,899,0.7818707227706909
3,209,7,2869,0.7817956805229187
3,209,8,622,0.7792654037475586
3,209,9,915,0.7781128287315369
3,209,10,2665,0.7761420011520386
3,211,1,1517,0.7525376677513123
3,211,2,566,0.7312850952148438
3,211,3,2272,0.7294542789459229
3,211,4,518,0.7237843871116638
3,211,5,493,0.7236955165863037
3,211,6,3017,0.7049883008003235
3,211,7,730,0.7030494213104248
3,211,8,2609,0.7017794251441956
3,211,9,1618,0.7010604739189148
3,211,10,538,0.6977431774139404
3,212,1,899,0.8663181662559509
3,212,2,106,0.8506970405578613
3,212,3,2697,0.8356210589408875
3,212,4,1266,0.8342682719230652
3,212,5,754,0.8302881717681885
3,212,6,622,0.8300126194953918
3,212,7,915,0.8190387487411499
3,212,8,2574,0.807112991809845
3,212,9,1,0.8066169619560242
3,212,10,2869,0.8055331707000732
3,214,1,1517,0.793115496635437
3,214,2,2365,0.7797502279281616
3,214,3,1542,0.7741422057151794
3,214,4,566,0.7677788138389587
3,214,5,493,0.7589196562767029
3,214,6,297,0.7572396993637085
3,214,7,538,0.7543242573738098
3,214,8,910,0.7534375786781311
3,214,9,535,0.7533770203590393
3,214,10,594,0.7525551319122314
3,216,1,106,0.8793417811393738
3,216,2,784,0.8555123209953308
3,216,3,2906,0.8549357652664185
3,216,4,754,0.8540495038032532
3,216,5,270,0.8537760972976685
3,216,6,434,0.8513365387916565
3,216,7,1618,0.847817599773407
3,216,8,1769,0.8443453311920166
3,216,9,3017,0.8408511877059937
3,216,10,2440,0.8398581147193909
3,217,1,393,0.8673545718193054
3,217,2,899,0.8448617458343506
3,217,3,2697,0.8364154696464539
3,217,4,1266,0.8357852101325989
3,217,5,754,0.8353819251060486
3,217,6,622,0.8256955742835999
3,217,7,2653,0.8225739002227783
3,217,8,2574,0.8194624781608582
3,217,9,915,0.8178384304046631
3,217,10,2440,0.8176459670066833
3,218,1,899,0.8547946810722351
3,218,2,754,0.8147832155227661
3,218,3,1266,0.8058090209960938
3,218,4,2697,0.80512535572052
3,218,5,1739,0.7954817414283752
3,218,6,622,0.794178307056427
3,218,7,2574,0.7913427352905273
3,218,8,2653,0.787276029586792
3,218,9,1,0.7838727831840515
3,218,10,915,0.7838680744171143
3,219,1,899,0.8447765111923218
3,219,2,2440,0.8041602969169617
3,219,3,1266,0.8023533821105957
3,219,4,2697,0.8012523055076599
3,219,5,754,0.7968539595603943
3,219,6,2927,0.7895615100860596
3,219,7,2574,0.7864429950714111
3,219,8,622,0.783155620098114
3,219,9,2653,0.7825990319252014
3,219,10,2261,0.780626654624939
3,221,1,1685,0.774028480052948
3,221,2,63,0.764657199382782
3,221,3,759,0.7573958039283752
3,221,4,2309,0.7206400036811829
3,221,5,784,0.7196798324584961
3,221,6,393,0.7139987945556641
3,221,7,2145,0.711710512638092
3,221,8,1275,0.7036830186843872
3,221,9,90,0.701755940914154
3,221,10,270,0.6941561102867126
3,222,1,63,0.7645741701126099
3,222,2,1465,0.7443325519561768
3,222,3,1111,0.7301458716392517
3,222,4,784,0.7281100153923035
3,222,5,393,0.716486930847168
3,222,6,1275,0.7112202048301697
3,222,7,416,0.7087624669075012
3,222,8,270,0.7051681280136108
3,222,9,2309,0.7015515565872192
3,222,10,2440,0.699485719203949
3,223,1,2478,0.7697231769561768
3,223,2,532,0.7684031128883362
3,223,3,1685,0.7619540095329285
3,223,4,1111,0.7617213726043701
3,223,5,1160,0.7594751119613647
3,223,6,483,0.7545191049575806
3,223,7,759,0.7477673888206482
3,223,8,2092,0.7420847415924072
3,223,9,2916,0.7351120710372925
3,223,10,1465,0.7320699691772461
3,224,1,108,0.873029351234436
3,224,2,2595,0.8704782128334045
3,224,3,1673,0.8668885231018066
3,224,4,189,0.8591232895851135
3,224,5,2938,0.8437451124191284
3,224,6,96,0.82972651720047
3,224,7,2622,0.8212382197380066
3,224,8,1659,0.7791525721549988
3,224,9,572,0.776256799697876
3,224,10,1686,0.7722688913345337
3,225,1,1686,0.8111076354980469
3,225,2,2180,0.7839176654815674
3,225,3,2162,0.7704119086265564
3,225,4,1708,0.768738865852356
3,225,5,1142,0.7572689056396484
3,225,6,2938,0.7570042610168457
3,225,7,1287,0.755279541015625
3,225,8,629,0.7545137405395508
3,225,9,1267,0.752859354019165
3,225,10,1720,0.7501475214958191
3,226,1,1945,0.7234465479850769
3,226,2,572,0.7213635444641113
3,226,3,1659,0.7201058268547058
3,226,4,1484,0.7109372019767761
3,226,5,206,0.7073344588279724
3,226,6,1570,0.6950323581695557
3,226,7,509,0.6942510008811951
3,226,8,2990,0.6889688372612
3,226,9,2080,0.6809978485107422
3,226,10,527,0.6775175929069519
3,227,1,2622,0.7403624653816223
3,227,2,1570,0.7345665097236633
3,227,3,1484,0.7171763777732849
3,227,4,206,0.7157585620880127
3,227,5,572,0.7146543860435486
3,227,6,1659,0.7122299671173096
3,227,7,2990,0.6960914731025696
3,227,8,2080,0.6948150396347046
3,227,9,527,0.6880106925964355
3,227,10,1346,0.6799295544624329
3,229,1,1673,0.7871782183647156
3,229,2,509,0.7736192941665649
3,229,3,2595,0.7713910341262817
3,229,4,1111,0.7463335394859314
3,229,5,1580,0.7308359146118164
3,229,6,613,0.7290383577346802
3,229,7,1613,0.7177178859710693
3,229,8,1484,0.7166788578033447
3,229,9,2377,0.7018837928771973
3,229,10,132,0.7009366750717163
3,230,1,2080,0.698229968547821
3,230,2,527,0.6862001419067383
3,230,3,206,0.6644676327705383
3,230,4,609,0.6633250713348389
3,230,5,475,0.6561141014099121
3,230,6,2568,0.6477270722389221
3,230,7,2118,0.6390013694763184
3,230,8,1570,0.6282002925872803
3,230,9,532,0.6209107637405396
3,230,10,2345,0.618216872215271
3,231,1,215,0.8207507133483887
3,231,2,1673,0.7914164662361145
3,231,3,108,0.7883559465408325
3,231,4,2595,0.7872508764266968
3,231,5,2159,0.7830541133880615
3,231,6,2143,0.769488513469696
3,231,7,2448,0.7690653800964355
3,231,8,2095,0.7674893736839294
3,231,9,556,0.7603248357772827
3,231,10,598,0.7583203315734863
3,232,1,108,0.7679378986358643
3,232,2,1673,0.7662359476089478
3,232,3,613,0.7656204104423523
3,232,4,2595,0.7590888738632202
3,232,5,1111,0.7411630749702454
3,232,6,1945,0.7388432025909424
3,232,7,572,0.7382802963256836
3,232,8,215,0.7344491481781006
3,232,9,1659,0.732925534248352
3,232,10,96,0.7258522510528564
3,233,1,613,0.7761741876602173
3,233,2,1673,0.7441176772117615
3,233,3,108,0.7420754432678223
3,233,4,1111,0.738487184047699
3,233,5,2595,0.7370710968971252
3,233,6,215,0.7361764311790466
3,233,7,572,0.7271246314048767
3,233,8,598,0.725092351436615
3,233,9,1659,0.7211534976959229
3,233,10,2080,0.7177770733833313
3,234,1,2080,0.7656892538070679
3,234,2,527,0.7578045725822449
3,234,3,2568,0.7367660999298096
3,234,4,206,0.7255683541297913
3,234,5,475,0.7213757038116455
3,234,6,2504,0.7207242250442505
3,234,7,609,0.719912052154541
3,234,8,532,0.707961916923523
3,234,9,483,0.7037110328674316
3,234,10,2092,0.7005823850631714
3,235,1,206,0.8527942299842834
3,235,2,1570,0.8432784676551819
3,235,3,2830,0.8419876098632812
3,235,4,89,0.8416243195533752
3,235,5,609,0.8347833752632141
3,235,6,2910,0.832872748374939
3,235,7,2136,0.8206552863121033
3,235,8,2080,0.8200725317001343
3,235,9,1301,0.8100348711013794
3,235,10,527,0.8045505285263062
3,236,1,2504,0.7637850642204285
3,236,2,2080,0.7534092664718628
3,236,3,2112,0.7447901368141174
3,236,4,527,0.7425992488861084
3,236,5,2009,0.7355319857597351
3,236,6,2830,0.7354288101196289
3,236,7,609,0.733027994632721
3,236,8,89,0.7296852469444275
3,236,9,206,0.7285324335098267
3,236,10,1301,0.7192656993865967
3,237,1,1301,0.8482162356376648
3,237,2,89,0.8476106524467468
3,237,3,2910,0.8337768912315369
3,237,4,2136,0.8227248787879944
3,237,5,2830,0.8220124840736389
3,237,6,2758,0.8052567839622498
3,237,7,2235,0.8049624562263489
3,237,8,1570,0.8005234599113464
3,237,9,206,0.8004485368728638
3,237,10,2080,0.7915861010551453
3,238,1,2080,0.8023412823677063
3,238,2,2504,0.8013484477996826
3,238,3,527,0.7976242303848267
3,238,4,609,0.7913761138916016
3,238,5,475,0.7695275545120239
3,238,6,206,0.7663357853889465
3,238,7,2568,0.7648541331291199
3,238,8,2112,0.7613866925239563
3,238,9,2009,0.7432448267936707
3,238,10,2830,0.7323219776153564
3,239,1,609,0.8165819048881531
3,239,2,206,0.8017187118530273
3,239,3,2080,0.7785392999649048
3,239,4,527,0.7751433253288269
3,239,5,2910,0.7550461888313293
3,239,6,2830,0.7463948726654053
3,239,7,2136,0.7450317740440369
3,239,8,475,0.73442143201828
3,239,9,1570,0.728013813495636
3,239,10,89,0.7015318274497986
3,240,1,2080,0.7636515498161316
3,240,2,2504,0.7543312311172485
3,240,3,609,0.7518703937530518
3,240,4,527,0.7486371397972107
3,240,5,2830,0.7423344254493713
3,240,6,475,0.7227465510368347
3,240,7,2112,0.7184023261070251
3,240,8,206,0.715129017829895
3,240,9,2209,0.7071422934532166
3,240,10,2568,0.6966094970703125
3,241,1,609,0.8107867240905762
3,241,2,475,0.7712414860725403
3,241,3,2080,0.7694915533065796
3,241,4,527,0.7685120701789856
3,241,5,206,0.7368454933166504
3,241,6,2448,0.731965184211731
3,241,7,447,0.7297054529190063
3,241,8,2568,0.7097542881965637
3,241,9,2416,0.7090460658073425
3,241,10,2112,0.7064559459686279
3,242,1,609,0.8008983731269836
3,242,2,527,0.7657589316368103
3,242,3,2080,0.7656893134117126
3,242,4,475,0.7540744543075562
3,242,5,206,0.7390904426574707
3,242,6,1936,0.7032738924026489
3,242,7,2568,0.6997096538543701
3,242,8,447,0.6945489645004272
3,242,9,2448,0.691345751285553
3,242,10,2416,0.6832405924797058
3,243,1,609,0.8074665665626526
3,243,2,527,0.7648144364356995
3,243,3,475,0.7606651186943054
3,243,4,2080,0.7599592804908752
3,243,5,2448,0.7581049203872681
3,243,6,206,0.7520333528518677
3,243,7,2416,0.7260947823524475
3,243,8,1201,0.7179734110832214
3,243,9,2568,0.711219072341919
3,243,10,3054,0.7090880274772644
3,244,1,2209,0.7916350364685059
3,244,2,2112,0.7709540128707886
3,244,3,2009,0.7580271363258362
3,244,4,2118,0.7396288514137268
3,244,5,2345,0.7199217677116394
3,244,6,475,0.7163069844245911
3,244,7,2576,0.7141396403312683
3,244,8,609,0.7075238227844238
3,244,9,2080,0.7005888223648071
3,244,10,1893,0.6999496221542358
3,245,1,2209,0.8671116828918457
3,245,2,2009,0.8594375848770142
3,245,3,103,0.8564017415046692
3,245,4,475,0.8534167408943176
3,245,5,2568,0.8409091830253601
3,245,6,2118,0.8390926122665405
3,245,7,1999,0.8358412384986877
3,245,8,2112,0.8321264982223511
3,245,9,261,0.826944887638092
3,245,10,1615,0.8266642093658447
3,246,1,656,0.7779359817504883
3,246,2,627,0.7775381207466125
3,246,3,2345,0.7581897377967834
3,246,4,1413,0.7516205906867981
3,246,5,2118,0.7489714622497559
3,246,6,447,0.7488714456558228
3,246,7,429,0.7449457049369812
3,246,8,1893,0.7332011461257935
3,246,9,97,0.7265695929527283
3,246,10,1650,0.7232838869094849
3,247,1,2576,0.8026872277259827
3,247,2,2293,0.7988187670707703
3,247,3,1615,0.7963139414787292
3,247,4,1232,0.7952048778533936
3,247,5,1654,0.7793480157852173
3,247,6,97,0.7723286151885986
3,247,7,447,0.7572354078292847
3,247,8,1413,0.7554470300674438
3,247,9,1893,0.7168054580688477
3,247,10,2195,0.7158419489860535
3,248,1,1232,0.8184211254119873
3,248,2,1456,0.8175520300865173
3,248,3,793,0.8168495893478394
3,248,4,1067,0.8127102255821228
3,248,5,1413,0.8101416826248169
3,248,6,2576,0.8089269995689392
3,248,7,2293,0.8038100600242615
3,248,8,1615,0.8033936619758606
3,248,9,447,0.7970990538597107
3,248,10,1893,0.7662185430526733
3,249,1,2293,0.8035057783126831
3,249,2,2576,0.80067378282547
3,249,3,1232,0.7975906729698181
3,249,4,1615,0.7963575720787048
3,249,5,1067,0.7772254347801208
3,249,6,1413,0.7765934467315674
3,249,7,1654,0.7755938768386841
3,249,8,429,0.7673659324645996
3,249,9,447,0.7642604112625122
3,249,10,1893,0.764124870300293
3,250,1,2817,0.8306361436843872
3,250,2,504,0.8205096125602722
3,250,3,2188,0.8133693933486938
3,250,4,2961,0.8120399117469788
3,250,5,998,0.7977436184883118
3,250,6,2785,0.7920672297477722
3,250,7,774,0.7878835201263428
3,250,8,1878,0.7844531536102295
3,250,9,2488,0.7793311476707458
3,250,10,1408,0.7746989727020264
3,251,1,8,0.7196670174598694
3,251,2,774,0.7182824611663818
3,251,3,1408,0.7073690891265869
3,251,4,31,0.7042984366416931
3,251,5,2975,0.7038167715072632
3,251,6,2963,0.7016299366950989
3,251,7,1878,0.7008458375930786
3,251,8,2817,0.6998642086982727
3,251,9,2188,0.6980853080749512
3,251,10,1376,0.696061909198761
3,252,1,2590,0.8212093114852905
3,252,2,2961,0.8138958811759949
3,252,3,8,0.8084633946418762
3,252,4,1558,0.8028210997581482
3,252,5,1015,0.8016834855079651
3,252,6,194,0.7986040115356445
3,252,7,2975,0.7975412011146545
3,252,8,504,0.7950410842895508
3,252,9,2769,0.7782801389694214
3,252,10,2093,0.7764951586723328
3,253,1,1376,0.7764095067977905
3,253,2,2590,0.7728882431983948
3,253,3,1015,0.7603885531425476
3,253,4,1558,0.7593777179718018
3,253,5,194,0.7536824345588684
3,253,6,8,0.7468956708908081
3,253,7,2642,0.746626615524292
3,253,8,1665,0.7415069341659546
3,253,9,852,0.7399610877037048
3,253,10,1548,0.7359243035316467
3,254,1,1015,0.8200550079345703
3,254,2,183,0.817945659160614
3,254,3,2590,0.8178688287734985
3,254,4,2975,0.7989493608474731
3,254,5,1878,0.7987144589424133
3,254,6,1558,0.7973536849021912
3,254,7,8,0.7926166653633118
3,254,8,289,0.7924349904060364
3,254,9,2817,0.791652500629425
3,254,10,1408,0.791365921497345
3,255,1,31,0.7525407075881958
3,255,2,653,0.7377151250839233
3,255,3,852,0.7369633316993713
3,255,4,2961,0.7143352627754211
3,255,5,2642,0.6966975927352905
3,255,6,8,0.6953892111778259
3,255,7,2093,0.6950119137763977
3,255,8,2429,0.6937153339385986
3,255,9,1665,0.6936927437782288
3,255,10,2975,0.6924619674682617
3,256,1,2801,0.8694727420806885
3,256,2,653,0.8682569861412048
3,256,3,31,0.868066132068634
3,256,4,504,0.8677988052368164
3,256,5,2093,0.8638991713523865
3,256,6,2590,0.8594690561294556
3,256,7,563,0.8538835644721985
3,256,8,2961,0.8488326072692871
3,256,9,194,0.8438278436660767
3,256,10,1558,0.8418616652488708
3,257,1,787,0.7945716977119446
3,257,2,664,0.7869095206260681
3,257,3,273,0.7846822738647461
3,257,4,2042,0.7814308404922485
3,257,5,2769,0.7701252698898315
3,257,6,2324,0.7614153027534485
3,257,7,1716,0.759267270565033
3,257,8,44,0.7542358636856079
3,257,9,1376,0.7497730255126953
3,257,10,31,0.7399750351905823
3,258,1,852,0.8753378987312317
3,258,2,2429,0.8721461892127991
3,258,3,44,0.866186797618866
3,258,4,2772,0.8479642271995544
3,258,5,2590,0.8470063209533691
3,258,6,2205,0.8388668298721313
3,258,7,1579,0.8312016129493713
3,258,8,621,0.8264850974082947
3,258,9,2761,0.8139253258705139
3,258,10,2725,0.8085421323776245
3,259,1,852,0.8587887287139893
3,259,2,1558,0.8403534293174744
3,259,3,1376,0.830021858215332
3,259,4,31,0.8221739530563354
3,259,5,1716,0.8201689720153809
3,259,6,44,0.8181682825088501
3,259,7,183,0.8129403591156006
3,259,8,653,0.8091620802879333
3,259,9,1015,0.8034928441047668
3,259,10,259,0.8017169237136841
3,260,1,2280,0.8154245018959045
3,260,2,2580,0.811534583568573
3,260,3,1516,0.8097240924835205
3,260,4,122,0.8016528487205505
3,260,5,192,0.7904152870178223
3,260,6,2163,0.7701680660247803
3,260,7,852,0.7690656185150146
3,260,8,2353,0.7630575299263
3,260,9,719,0.7623743414878845
3,260,10,1279,0.7551126480102539
3,261,1,1246,0.8346536159515381
3,261,2,2352,0.8295189142227173
3,261,3,1045,0.8090765476226807
3,261,4,480,0.8045786023139954
3,261,5,1538,0.8021172285079956
3,261,6,2111,0.801054835319519
3,261,7,1055,0.7996702194213867
3,261,8,701,0.7845824956893921
3,261,9,2274,0.7800452709197998
3,261,10,2640,0.7768406271934509
3,262,1,259,0.8508964776992798
3,262,2,2769,0.8350823521614075
3,262,3,2772,0.8219375610351562
3,262,4,194,0.8184734582901001
3,262,5,2205,0.8156977891921997
3,262,6,1579,0.8116808533668518
3,262,7,1558,0.8103097081184387
3,262,8,2761,0.8088019490242004
3,262,9,2590,0.8036971092224121
3,262,10,2640,0.7960935831069946
3,263,1,2769,0.8467452526092529
3,263,2,2772,0.8400866389274597
3,263,3,2205,0.8377755284309387
3,263,4,1579,0.8340210914611816
3,263,5,194,0.8310322165489197
3,263,6,259,0.8254638910293579
3,263,7,1558,0.8222241997718811
3,263,8,621,0.8142080307006836
3,263,9,2590,0.809627890586853
3,263,10,2761,0.7947021722793579
3,264,1,1383,0.8360432386398315
3,264,2,2640,0.8222951889038086
3,264,3,105,0.816735029220581
3,264,4,2274,0.812662661075592
3,264,5,1159,0.7859986424446106
3,264,6,2111,0.7697364687919617
3,264,7,1246,0.7679558992385864
3,264,8,2352,0.7643815279006958
3,264,9,1669,0.7637754082679749
3,264,10,1446,0.7602179050445557
3,265,1,105,0.8657974600791931
3,265,2,2640,0.8625361919403076
3,265,3,2212,0.817521870136261
3,265,4,984,0.8104304075241089
3,265,5,1383,0.808735191822052
3,265,6,2867,0.7972567677497864
3,265,7,1369,0.7958934903144836
3,265,8,1380,0.7955578565597534
3,265,9,1198,0.7947840094566345
3,265,10,701,0.788340151309967
3,266,1,1380,0.842285692691803
3,266,2,1180,0.8233702778816223
3,266,3,2710,0.8128925561904907
3,266,4,2111,0.7943423986434937
3,266,5,1159,0.7926303744316101
3,266,6,2352,0.7899985313415527
3,266,7,1246,0.7787622213363647
3,266,8,1875,0.7729971408843994
3,266,9,1045,0.7664039134979248
3,266,10,1055,0.7651763558387756
3,267,1,701,0.820754885673523
3,267,2,49,0.7971670031547546
3,267,3,2867,0.7884094715118408
3,267,4,2274,0.7871316075325012
3,267,5,1180,0.7826540470123291
3,267,6,1198,0.7697685956954956
3,267,7,164,0.7634037137031555
3,267,8,1750,0.7609769105911255
3,267,9,1369,0.7570244669914246
3,267,10,2710,0.7515369653701782
3,268,1,701,0.876267671585083
3,268,2,1380,0.8534889817237854
3,268,3,2274,0.839519202709198
3,268,4,1180,0.8346221446990967
3,268,5,1875,0.8133993148803711
3,268,6,2710,0.8091757893562317
3,268,7,1159,0.7958501577377319
3,268,8,2956,0.7837599515914917
3,268,9,1369,0.7801175117492676
3,268,10,2111,0.7691460251808167
3,269,1,2640,0.8296622633934021
3,269,2,105,0.8266156911849976
3,269,3,2710,0.8170087337493896
3,269,4,2956,0.8141304850578308
3,269,5,2274,0.8058056235313416
3,269,6,195,0.8046220541000366
3,269,7,446,0.8029792308807373
3,269,8,2106,0.7933650016784668
3,269,9,3048,0.788620114326477
3,269,10,2176,0.7848190665245056
3,271,1,1669,0.7968771457672119
3,271,2,1446,0.7923588752746582
3,271,3,286,0.7748954892158508
3,271,4,2740,0.7603201270103455
3,271,5,1442,0.7603145837783813
3,271,6,986,0.7590689063072205
3,271,7,2862,0.7504125833511353
3,271,8,2793,0.7471678256988525
3,271,9,1476,0.7470462918281555
3,271,10,2799,0.7423961758613586
3,272,1,701,0.8162777423858643
3,272,2,2640,0.7902220487594604
3,272,3,1380,0.788478672504425
3,272,4,2274,0.7859007120132446
3,272,5,105,0.7806731462478638
3,272,6,446,0.7651193737983704
3,272,7,1442,0.7640882134437561
3,272,8,2956,0.7624931335449219
3,272,9,1669,0.7530049085617065
3,272,10,286,0.7523857951164246
3,273,1,2956,0.8373046517372131
3,273,2,1476,0.8206657767295837
3,273,3,2862,0.8181145787239075
3,273,4,2197,0.8134769201278687
3,273,5,286,0.8134239315986633
3,273,6,446,0.8104842305183411
3,273,7,2628,0.8098650574684143
3,273,8,2157,0.8049627542495728
3,273,9,2931,0.8025622963905334
3,273,10,2354,0.8009566068649292
3,274,1,49,0.8044806718826294
3,274,2,1383,0.8027920722961426
3,274,3,1442,0.7984601855278015
3,274,4,986,0.7722559571266174
3,274,5,2640,0.7685156464576721
3,274,6,1669,0.7673110961914062
3,274,7,2274,0.763648271560669
3,274,8,1446,0.7616828680038452
3,274,9,105,0.7584066987037659
3,274,10,2956,0.7535929679870605
3,276,1,2355,0.856910765171051
3,276,2,668,0.8464906215667725
3,276,3,2931,0.8463398218154907
3,276,4,2354,0.8461647629737854
3,276,5,1231,0.8458699584007263
3,276,6,2157,0.8441095352172852
3,276,7,575,0.8303797245025635
3,276,8,1476,0.825977623462677
3,276,9,2862,0.821769118309021
3,276,10,905,0.8014587759971619
3,277,1,2355,0.7226527333259583
3,277,2,668,0.7215689420700073
3,277,3,2628,0.7194072604179382
3,277,4,121,0.7190701365470886
3,277,5,575,0.7169122099876404
3,277,6,2931,0.7080079317092896
3,277,7,1231,0.7070695161819458
3,277,8,2354,0.7044305205345154
3,277,9,426,0.6996778845787048
3,277,10,1724,0.6945942640304565
3,278,1,2157,0.7534347772598267
3,278,2,2355,0.7516751885414124
3,278,3,1231,0.7516257762908936
3,278,4,2931,0.7490747570991516
3,278,5,2354,0.7477310299873352
3,278,6,1476,0.7372706532478333
3,278,7,2862,0.7352491021156311
3,278,8,668,0.7346982359886169
3,278,9,575,0.7275434732437134
3,278,10,1250,0.721860408782959
3,279,1,2355,0.8049857020378113
3,279,2,2931,0.8008139729499817
3,279,3,1231,0.7974795699119568
3,279,4,2354,0.7958360314369202
3,279,5,121,0.7948873043060303
3,279,6,2157,0.7891615629196167
3,279,7,668,0.7867534756660461
3,279,8,1476,0.7860465049743652
3,279,9,2862,0.7802813053131104
3,279,10,575,0.7778499126434326
3,280,1,1279,0.7905866503715515
3,280,2,1082,0.7878983020782471
3,280,3,2353,0.7816744446754456
3,280,4,121,0.7765078544616699
3,280,5,2206,0.7735296487808228
3,280,6,1400,0.7611319422721863
3,280,7,948,0.7602240443229675
3,280,8,1495,0.7598109841346741
3,280,9,1821,0.7566282749176025
3,280,10,2170,0.7549834251403809
3,282,1,1400,0.8129001259803772
3,282,2,663,0.8005932569503784
3,282,3,2355,0.7869217395782471
3,282,4,2931,0.7824546694755554
3,282,5,2197,0.7823259830474854
3,282,6,1231,0.7781965732574463
3,282,7,2354,0.7771211862564087
3,282,8,2580,0.773685872554779
3,282,9,2157,0.7698438167572021
3,282,10,2706,0.7685254216194153
3,283,1,2628,0.8014774322509766
3,283,2,2931,0.7833446264266968
3,283,3,2355,0.7827320694923401
3,283,4,1400,0.7817137241363525
3,283,5,1231,0.7811638116836548
3,283,6,2354,0.780145525932312
3,283,7,1476,0.7729597687721252
3,283,8,2157,0.772132396697998
3,283,9,663,0.7696548104286194
3,283,10,2862,0.7669861912727356
3,284,1,663,0.7567126154899597
3,284,2,1461,0.7433096170425415
3,284,3,1428,0.7416884899139404
3,284,4,599,0.7319130301475525
3,284,5,795,0.7318417429924011
3,284,6,668,0.7277038097381592
3,284,7,1400,0.7252187728881836
3,284,8,2355,0.7245900630950928
3,284,9,2157,0.7120318412780762
3,284,10,575,0.7119905352592468
3,285,1,553,0.6897792816162109
3,285,2,1428,0.6632962226867676
3,285,3,1236,0.6574080586433411
3,285,4,2170,0.6534299254417419
3,285,5,1461,0.6533544659614563
3,285,6,1053,0.6475626826286316
3,285,7,1698,0.6406877040863037
3,285,8,2997,0.6371997594833374
3,285,9,1307,0.636540412902832
3,285,10,3059,0.6298622488975525
3,286,1,1540,0.779968798160553
3,286,2,1428,0.7672718167304993
3,286,3,1277,0.7479727864265442
3,286,4,599,0.7428193688392639
3,286,5,663,0.7309033274650574
3,286,6,1730,0.7223990559577942
3,286,7,1698,0.716927707195282
3,286,8,1461,0.7124728560447693
3,286,9,1400,0.7111837267875671
3,286,10,1127,0.710789680480957
3,287,1,1428,0.7650581002235413
3,287,2,2407,0.7647866606712341
3,287,3,1698,0.7531981468200684
3,287,4,1730,0.7434279322624207
3,287,5,599,0.7427935004234314
3,287,6,2121,0.7233268618583679
3,287,7,2432,0.7202576398849487
3,287,8,1277,0.7114847898483276
3,287,9,1127,0.7083509564399719
3,287,10,1528,0.701318085193634
3,288,1,1428,0.7622539401054382
3,288,2,599,0.7375993132591248
3,288,3,1277,0.724970281124115
3,288,4,1730,0.7232385277748108
3,288,5,663,0.7174928784370422
3,288,6,1698,0.7103050947189331
3,288,7,1461,0.7039952874183655
3,288,8,1127,0.7011483907699585
3,288,9,1400,0.6958030462265015
3,288,10,795,0.6936739683151245
3,289,1,2157,0.8037831783294678
3,289,2,1231,0.7927077412605286
3,289,3,2355,0.791669487953186
3,289,4,2931,0.7913357615470886
3,289,5,2354,0.7905826568603516
3,289,6,1127,0.7869793772697449
3,289,7,663,0.7865113019943237
3,289,8,1428,0.7788468599319458
3,289,9,668,0.7773997187614441
3,289,10,1730,0.7760533094406128
3,290,1,2952,0.8510496616363525
3,290,2,2090,0.8485836386680603
3,290,3,533,0.8091860413551331
3,290,4,325,0.7746282815933228
3,290,5,1248,0.7296631932258606
3,290,6,1726,0.7265888452529907
3,290,7,707,0.7233956456184387
3,290,8,1250,0.709959864616394
3,290,9,1698,0.6918253898620605
3,290,10,2432,0.6836817860603333
3,291,1,1528,0.7870284914970398
3,291,2,1726,0.7794448733329773
3,291,3,727,0.7768074870109558
3,291,4,1250,0.7763543128967285
3,291,5,860,0.741669774055481
3,291,6,1760,0.7365069389343262
3,291,7,2868,0.7257494330406189
3,291,8,32,0.7185196876525879
3,291,9,2546,0.7162330746650696
3,291,10,1053,0.7157464027404785
3,292,1,375,0.8033372163772583
3,292,2,2090,0.7973659038543701
3,292,3,1760,0.7531488537788391
3,292,4,1248,0.7430155873298645
3,292,5,707,0.7187893986701965
3,292,6,1726,0.7109165787696838
3,292,7,1447,0.6954324841499329
3,292,8,1053,0.689927875995636
3,292,9,1698,0.680777907371521
3,292,10,1250,0.6761306524276733
3,293,1,1344,0.8958032131195068
3,293,2,1528,0.8659471869468689
3,293,3,1760,0.8490246534347534
3,293,4,325,0.8012967705726624
3,293,5,1053,0.7881836295127869
3,293,6,1726,0.7593557238578796
3,293,7,707,0.7345535755157471
3,293,8,982,0.7279624342918396
3,293,9,1698,0.7274677157402039
3,293,10,1248,0.7271914482116699
3,294,1,1248,0.7163746953010559
3,294,2,1447,0.7038072347640991
3,294,3,514,0.6943342685699463
3,294,4,1632,0.6892159581184387
3,294,5,1063,0.6869795322418213
3,294,6,2048,0.6867426037788391
3,294,7,2916,0.6831312775611877
3,294,8,532,0.6830825209617615
3,294,9,2432,0.6820505857467651
3,294,10,1829,0.6815652847290039
3,295,1,1613,0.6777680516242981
3,295,2,1109,0.6488025188446045
3,295,3,479,0.6451146006584167
3,295,4,1252,0.6449943780899048
3,295,5,2377,0.6444084644317627
3,295,6,512,0.6353151202201843
3,295,7,1001,0.6149494647979736
3,295,8,2290,0.6132189631462097
3,295,9,1447,0.6100459694862366
3,295,10,514,0.6097536683082581
3,297,1,1742,0.7900707125663757
3,297,2,1698,0.7874629497528076
3,297,3,1063,0.7821784615516663
3,297,4,2256,0.7820630669593811
3,297,5,1381,0.7797521352767944
3,297,6,2432,0.7662398815155029
3,297,7,2019,0.7642645835876465
3,297,8,1248,0.7619747519493103
3,297,9,1829,0.7591374516487122
3,297,10,1981,0.7531778812408447
3,298,1,1742,0.7827019095420837
3,298,2,2290,0.7557883858680725
3,298,3,2019,0.7530632019042969
3,298,4,2048,0.746808648109436
3,298,5,1981,0.746590793132782
3,298,6,1447,0.7380889058113098
3,298,7,1063,0.7367026805877686
3,298,8,2256,0.7347476482391357
3,298,9,1992,0.7283602952957153
3,298,10,1109,0.7235224843025208
3,299,1,1698,0.7526375651359558
3,299,2,2256,0.7503544688224792
3,299,3,1063,0.7481834888458252
3,299,4,2019,0.7446646094322205
3,299,5,2432,0.7367256879806519
3,299,6,1829,0.7241079807281494
3,299,7,1248,0.7163197994232178
3,299,8,285,0.7157857418060303
3,299,9,1742,0.7122517228126526
3,299,10,1531,0.7105351686477661
3,300,1,315,0.6662198305130005
3,300,2,2978,0.6363845467567444
3,300,3,1811,0.6328904032707214
3,300,4,1535,0.6274906396865845
3,300,5,1701,0.6190795302391052
3,300,6,1995,0.60554039478302
3,300,7,1868,0.6013813614845276
3,300,8,2974,0.6001085638999939
3,300,9,550,0.5913070440292358
3,300,10,2736,0.587555468082428
3,301,1,1535,0.6267372965812683
3,301,2,2053,0.61407071352005
3,301,3,1358,0.6109862923622131
3,301,4,1016,0.607479453086853
3,301,5,857,0.6040990948677063
3,301,6,706,0.5982641577720642
3,301,7,2286,0.5927413105964661
3,301,8,1757,0.5923755764961243
3,301,9,1302,0.5899319648742676
3,301,10,1202,0.5892035365104675
3,302,1,706,0.6185465455055237
3,302,2,857,0.618098258972168
3,302,3,1535,0.598292887210846
3,302,4,364,0.5976304411888123
3,302,5,2053,0.5574524402618408
3,302,6,2552,0.5525364875793457
3,302,7,2286,0.5517079830169678
3,302,8,1113,0.5460584759712219
3,302,9,756,0.5459858179092407
3,302,10,1342,0.5374960899353027
3,303,1,1189,0.7231597900390625
3,303,2,1811,0.6765809059143066
3,303,3,471,0.6684116125106812
3,303,4,390,0.6618788242340088
3,303,5,2273,0.6603366136550903
3,303,6,1701,0.6558372378349304
3,303,7,1407,0.655400812625885
3,303,8,1738,0.6493172645568848
3,303,9,1995,0.6481853127479553
3,303,10,2,0.6464030146598816
3,304,1,2343,0.822191059589386
3,304,2,315,0.7985557317733765
3,304,3,1995,0.7487332820892334
3,304,4,1116,0.7461166977882385
3,304,5,540,0.7257875204086304
3,304,6,2686,0.7193681001663208
3,304,7,59,0.7004754543304443
3,304,8,1571,0.6985733509063721
3,304,9,1611,0.6927443146705627
3,304,10,1823,0.6883386969566345
3,305,1,1811,0.8322346806526184
3,305,2,2343,0.8195136785507202
3,305,3,69,0.7766339182853699
3,305,4,2974,0.7662988305091858
3,305,5,1116,0.7578928470611572
3,305,6,1701,0.754469096660614
3,305,7,540,0.7305397987365723
3,305,8,2978,0.7206384539604187
3,305,9,1868,0.7166548371315002
3,305,10,2686,0.7083249092102051
3,306,1,2974,0.7325415015220642
3,306,2,394,0.7220370173454285
3,306,3,69,0.7212034463882446
3,306,4,1491,0.71905916929245
3,306,5,1603,0.7159081101417542
3,306,6,191,0.7102510929107666
3,306,7,2942,0.7071671485900879
3,306,8,1811,0.7069969177246094
3,306,9,2061,0.7056549787521362
3,306,10,665,0.7033929824829102
3,307,1,1116,0.839469850063324
3,307,2,2686,0.807397186756134
3,307,3,562,0.7838007211685181
3,307,4,1990,0.7805687189102173
3,307,5,1611,0.77153080701828
3,307,6,1491,0.7684317231178284
3,307,7,1635,0.7663719058036804
3,307,8,2384,0.7618401050567627
3,307,9,1655,0.7571224570274353
3,307,10,2927,0.7479795217514038
3,308,1,1116,0.8320720195770264
3,308,2,1635,0.8137078881263733
3,308,3,1491,0.8090292811393738
3,308,4,2686,0.7943093180656433
3,308,5,2061,0.7857316136360168
3,308,6,1655,0.7678247094154358
3,308,7,562,0.7568691372871399
3,308,8,1868,0.7560046315193176
3,308,9,2927,0.7557727694511414
3,308,10,2384,0.7552211284637451
3,309,1,1920,0.7969095706939697
3,309,2,1995,0.7757719159126282
3,309,3,1701,0.7670895457267761
3,309,4,2899,0.7629651427268982
3,309,5,1491,0.7580393552780151
3,309,6,1635,0.7458319067955017
3,309,7,315,0.7431790232658386
3,309,8,1655,0.7421669960021973
3,309,9,1868,0.7417323589324951
3,309,10,2384,0.7411858439445496
3,310,1,1811,0.836433470249176
3,310,2,1995,0.8285823464393616
3,310,3,1868,0.8024756908416748
3,310,4,1491,0.7941802144050598
3,310,5,1990,0.7874025702476501
3,310,6,1655,0.785374641418457
3,310,7,1611,0.7844575643539429
3,310,8,2384,0.7811264991760254
3,310,9,1635,0.7809230089187622
3,310,10,2927,0.7705225348472595
3,311,1,1811,0.8500404953956604
3,311,2,2974,0.8313238620758057
3,311,3,69,0.802848756313324
3,311,4,315,0.7873514294624329
3,311,5,1449,0.7862218618392944
3,311,6,59,0.7830455303192139
3,311,7,1920,0.7820752859115601
3,311,8,2899,0.7773987650871277
3,311,9,2343,0.7586489319801331
3,311,10,1016,0.7494385242462158
3,312,1,2704,0.7648380398750305
3,312,2,1491,0.7637556791305542
3,312,3,1635,0.7588691115379333
3,312,4,2061,0.7574285268783569
3,312,5,2210,0.756952166557312
3,312,6,2615,0.7547928690910339
3,312,7,672,0.7407657504081726
3,312,8,2942,0.7358990907669067
3,312,9,1718,0.7339808940887451
3,312,10,507,0.7276596426963806
3,314,1,446,0.7240954041481018
3,314,2,195,0.7152222394943237
3,314,3,2176,0.7085548043251038
3,314,4,2106,0.6985816955566406
3,314,5,1367,0.6837076544761658
3,314,6,1635,0.6825073957443237
3,314,7,1198,0.6764808297157288
3,314,8,2956,0.6665894985198975
3,314,9,2363,0.6594592928886414
3,314,10,1383,0.6563487648963928
3,315,1,1541,0.7691691517829895
3,315,2,1611,0.7244798541069031
3,315,3,1198,0.7143886089324951
3,315,4,1868,0.7085601687431335
3,315,5,1651,0.6933999061584473
3,315,6,195,0.692365288734436
3,315,7,2609,0.6901746392250061
3,315,8,2106,0.6813738942146301
3,315,9,2176,0.6787940263748169
3,315,10,1367,0.6750821471214294
3,316,1,2363,0.8538569808006287
3,316,2,2106,0.8446463942527771
3,316,3,2956,0.8388885259628296
3,316,4,2176,0.8299612402915955
3,316,5,446,0.80902099609375
3,316,6,2500,0.8063559532165527
3,316,7,2971,0.7980321049690247
3,316,8,1964,0.7945902347564697
3,316,9,430,0.7888513207435608
3,316,10,1671,0.7720968723297119
3,317,1,105,0.8099991083145142
3,317,2,2640,0.807110071182251
3,317,3,1380,0.7809647917747498
3,317,4,869,0.7756326198577881
3,317,5,1651,0.7685261368751526
3,317,6,2212,0.7645151019096375
3,317,7,1383,0.763325572013855
3,317,8,1750,0.7581241130828857
3,317,9,701,0.7556055784225464
3,317,10,1409,0.7472550868988037
3,318,1,2640,0.8457332849502563
3,318,2,2212,0.844290554523468
3,318,3,105,0.8440235257148743
3,318,4,1383,0.8402551412582397
3,318,5,1198,0.8379617929458618
3,318,6,1158,0.8268482089042664
3,318,7,2106,0.8267889022827148
3,318,8,701,0.820638120174408
3,318,9,49,0.8200015425682068
3,318,10,869,0.8130311369895935
3,319,1,1635,0.8303897380828857
3,319,2,2176,0.8217646479606628
3,319,3,1198,0.8156266808509827
3,319,4,1491,0.8072478175163269
3,319,5,1688,0.7975063323974609
3,319,6,1611,0.7945709228515625
3,319,7,1383,0.7925339937210083
3,319,8,2061,0.7880802154541016
3,319,9,1203,0.7876712679862976
3,319,10,2084,0.7841765284538269
3,321,1,2956,0.8323813080787659
3,321,2,2075,0.8073033094406128
3,321,3,2917,0.7968336343765259
3,321,4,2363,0.7957617044448853
3,321,5,1062,0.7932374477386475
3,321,6,1476,0.7883912920951843
3,321,7,203,0.7856796383857727
3,321,8,2862,0.7856712937355042
3,321,9,1707,0.7852610945701599
3,321,10,2296,0.7834089398384094
3,322,1,446,0.8779634833335876
3,322,2,195,0.8735330700874329
3,322,3,1671,0.8244372606277466
3,322,4,1367,0.8200587630271912
3,322,5,1688,0.8185754418373108
3,322,6,637,0.8128013014793396
3,322,7,2075,0.8060508966445923
3,322,8,49,0.8050277233123779
3,322,9,1383,0.8031636476516724
3,322,10,1158,0.8001577854156494
3,323,1,2917,0.8549718260765076
3,323,2,2084,0.8549062609672546
3,323,3,2296,0.8541909456253052
3,323,4,1422,0.8476054668426514
3,323,5,637,0.836430549621582
3,323,6,1671,0.8314136862754822
3,323,7,2075,0.8295308947563171
3,323,8,1991,0.8237427473068237
3,323,9,1062,0.8223209381103516
3,323,10,2868,0.8182061314582825
3,324,1,195,0.829243540763855
3,324,2,446,0.8282270431518555
3,324,3,2956,0.8077928423881531
3,324,4,1635,0.8014376163482666
3,324,5,1611,0.7885160446166992
3,324,6,2084,0.7857294082641602
3,324,7,1671,0.7829609513282776
3,324,8,203,0.7810983061790466
3,324,9,1707,0.7802695035934448
3,324,10,1491,0.7753587365150452
3,325,1,2084,0.8054361939430237
3,325,2,2157,0.791633129119873
3,325,3,2296,0.7820611000061035
3,325,4,1707,0.7801642417907715
3,325,5,203,0.7800661325454712
3,325,6,1476,0.7785654664039612
3,325,7,2862,0.7748299837112427
3,325,8,2931,0.7689728736877441
3,325,9,104,0.7675954103469849
3,325,10,2363,0.7675584554672241
3,326,1,446,0.7790659666061401
3,326,2,2084,0.7690966725349426
3,326,3,2917,0.764474630355835
3,326,4,2296,0.7571189403533936
3,326,5,195,0.7565208673477173
3,326,6,2363,0.7492718696594238
3,326,7,203,0.7483288645744324
3,326,8,1707,0.7480362057685852
3,326,9,1991,0.7402662634849548
3,326,10,2106,0.7345378994941711
3,327,1,1707,0.8427596688270569
3,327,2,203,0.8414961695671082
3,327,3,2296,0.8395090699195862
3,327,4,1422,0.8244979977607727
3,327,5,1991,0.8215979933738708
3,327,6,2075,0.8067037463188171
3,327,7,446,0.79713374376297
3,327,8,1962,0.7929046750068665
3,327,9,1688,0.7910604476928711
3,327,10,1368,0.7890293002128601
3,328,1,2296,0.8259039521217346
3,328,2,2084,0.8102109432220459
3,328,3,203,0.7959772944450378
3,328,4,1707,0.7954385280609131
3,328,5,2868,0.7584530115127563
3,328,6,1671,0.7575392723083496
3,328,7,1368,0.7563416957855225
3,328,8,2546,0.7464381456375122
3,328,9,1962,0.7425703406333923
3,328,10,446,0.7322987914085388
3,329,1,1422,0.8804115653038025
3,329,2,1991,0.8366182446479797
3,329,3,637,0.8348047137260437
3,329,4,2868,0.8283215761184692
3,329,5,1671,0.8185943961143494
3,329,6,1062,0.8171486258506775
3,329,7,2546,0.8132087588310242
3,329,8,446,0.812298059463501
3,329,9,2075,0.8087788224220276
3,329,10,104,0.803398847579956
3,330,1,637,0.8355681896209717
3,330,2,1991,0.8334614038467407
3,330,3,2659,0.8277900218963623
3,330,4,1671,0.8208856582641602
3,330,5,446,0.8204994201660156
3,330,6,1635,0.8133987784385681
3,330,7,1062,0.8117280602455139
3,330,8,1611,0.8021628260612488
3,330,9,2615,0.7998752593994141
3,330,10,2075,0.799322247505188
3,331,1,2296,0.8624424338340759
3,331,2,1747,0.8341749906539917
3,331,3,2868,0.8266777992248535
3,331,4,1730,0.8189873695373535
3,331,5,1991,0.8152012825012207
3,331,6,1726,0.8123600482940674
3,331,7,2546,0.8076633214950562
3,331,8,2003,0.7986736297607422
3,331,9,2484,0.7983407974243164
3,331,10,637,0.7962290644645691
3,332,1,2084,0.8749107718467712
3,332,2,2296,0.869175910949707
3,332,3,1422,0.862458348274231
3,332,4,2917,0.8539906740188599
3,332,5,1962,0.8405506014823914
3,332,6,446,0.8272020816802979
3,332,7,2615,0.8235639333724976
3,332,8,637,0.8157871961593628
3,332,9,1611,0.8105152249336243
3,332,10,1671,0.8104875087738037
3,333,1,1655,0.8291351199150085
3,333,2,2602,0.8235477209091187
3,333,3,2384,0.8229705691337585
3,333,4,1491,0.7945125699043274
3,333,5,2261,0.7648456692695618
3,333,6,1635,0.7605539560317993
3,333,7,1116,0.756976306438446
3,333,8,2686,0.7535533308982849
3,333,9,2870,0.7350519299507141
3,333,10,2912,0.7289968729019165
3,334,1,2927,0.803907036781311
3,334,2,2107,0.8033587336540222
3,334,3,2061,0.798096239566803
3,334,4,1692,0.7974671125411987
3,334,5,2705,0.7650102376937866
3,334,6,1116,0.762723445892334
3,334,7,2261,0.7602177262306213
3,334,8,90,0.7575392723083496
3,334,9,523,0.7531474232673645
3,334,10,2309,0.7495667934417725
3,335,1,2061,0.8286566734313965
3,335,2,1692,0.8145750761032104
3,335,3,2384,0.8070675134658813
3,335,4,2602,0.8028630018234253
3,335,5,1116,0.7729430198669434
3,335,6,788,0.7570858597755432
3,335,7,2686,0.7536767721176147
3,335,8,1611,0.7483030557632446
3,335,9,2261,0.7360427379608154
3,335,10,2870,0.7305414080619812
3,336,1,2912,0.8084027171134949
3,336,2,1718,0.796510636806488
3,336,3,507,0.7955619096755981
3,336,4,2704,0.7791525721549988
3,336,5,1200,0.776639997959137
3,336,6,2615,0.7766088843345642
3,336,7,2210,0.7762715220451355
3,336,8,173,0.7734737396240234
3,336,9,1048,0.7690252065658569
3,336,10,2942,0.7673656940460205
3,337,1,2602,0.8201514482498169
3,337,2,2061,0.8199028372764587
3,337,3,2705,0.8005381226539612
3,337,4,1491,0.7915531992912292
3,337,5,788,0.7654209136962891
3,337,6,1635,0.7577714920043945
3,337,7,2686,0.7576061487197876
3,337,8,1779,0.7265937924385071
3,337,9,1116,0.7232419848442078
3,337,10,2974,0.7165637016296387
3,338,1,2927,0.8061670660972595
3,338,2,2107,0.7998197674751282
3,338,3,788,0.7839601039886475
3,338,4,2061,0.7566295266151428
3,338,5,2705,0.7416911721229553
3,338,6,1491,0.7167850732803345
3,338,7,1779,0.7148353457450867
3,338,8,2912,0.7107784152030945
3,338,9,1116,0.7000759243965149
3,338,10,1635,0.6868566274642944
3,339,1,2061,0.8445705771446228
3,339,2,1491,0.813591480255127
3,339,3,2705,0.8067026734352112
3,339,4,1635,0.784083366394043
3,339,5,788,0.7767375707626343
3,339,6,2912,0.7626963257789612
3,339,7,507,0.7580112218856812
3,339,8,2704,0.7529860734939575
3,339,9,2686,0.7486684322357178
3,339,10,2615,0.748266339302063
3,340,1,788,0.8219254612922668
3,340,2,1692,0.8192049860954285
3,340,3,2384,0.7941838502883911
3,340,4,2061,0.7780153155326843
3,340,5,2705,0.7731651067733765
3,340,6,1779,0.7635923624038696
3,340,7,2145,0.7488138675689697
3,340,8,1491,0.7349607944488525
3,340,9,1116,0.7275023460388184
3,340,10,2912,0.7102420926094055
3,342,1,671,0.8124938011169434
3,342,2,387,0.8056584596633911
3,342,3,2163,0.7837504148483276
3,342,4,646,0.7785317301750183
3,342,5,747,0.7712134718894958
3,342,6,2403,0.7653170228004456
3,342,7,72,0.7614995837211609
3,342,8,1208,0.7595124840736389
3,342,9,1651,0.7502983808517456
3,342,10,730,0.7445430755615234
3,343,1,788,0.8076064586639404
3,343,2,2870,0.8065400123596191
3,343,3,1692,0.7772574424743652
3,343,4,2927,0.7755467891693115
3,343,5,2061,0.761784553527832
3,343,6,2602,0.76141357421875
3,343,7,1655,0.7600422501564026
3,343,8,2705,0.7534648180007935
3,343,9,1779,0.7239573001861572
3,343,10,1491,0.707676112651825
3,344,1,2163,0.7189542055130005
3,344,2,1913,0.7134990692138672
3,344,3,747,0.7130699753761292
3,344,4,502,0.7092808485031128
3,344,5,646,0.7067967653274536
3,344,6,72,0.6981374621391296
3,344,7,430,0.6976250410079956
3,344,8,1786,0.6885765790939331
3,344,9,1208,0.6870107650756836
3,344,10,2363,0.6861005425453186
3,345,1,387,0.8065519332885742
3,345,2,1472,0.8000208139419556
3,345,3,2163,0.7564836740493774
3,345,4,72,0.7557464838027954
3,345,5,1786,0.7512906193733215
3,345,6,2007,0.7497161626815796
3,345,7,1827,0.7450569868087769
3,345,8,1911,0.742323637008667
3,345,9,2529,0.740342915058136
3,345,10,1002,0.7373267412185669
3,346,1,671,0.781494140625
3,346,2,2007,0.7399792671203613
3,346,3,1786,0.7374162673950195
3,346,4,72,0.7369624972343445
3,346,5,1911,0.735882580280304
3,346,6,2163,0.7347468733787537
3,346,7,1827,0.7307947278022766
3,346,8,1002,0.7280761003494263
3,346,9,11,0.7131465077400208
3,346,10,2529,0.7128340005874634
3,347,1,854,0.8177298307418823
3,347,2,2403,0.7896236181259155
3,347,3,2163,0.774340808391571
3,347,4,72,0.7640623450279236
3,347,5,1786,0.7619332671165466
3,347,6,2529,0.760810375213623
3,347,7,430,0.7588290572166443
3,347,8,747,0.7582710981369019
3,347,9,502,0.7578365206718445
3,347,10,1827,0.7568840384483337
3,348,1,2754,0.8972232341766357
3,348,2,2228,0.8971415162086487
3,348,3,2529,0.8427287340164185
3,348,4,779,0.8337426781654358
3,348,5,1190,0.8107638955116272
3,348,6,221,0.8104736804962158
3,348,7,2559,0.7962225079536438
3,348,8,792,0.7925706505775452
3,348,9,747,0.7922708988189697
3,348,10,502,0.791547954082489
3,349,1,2754,0.8880969882011414
3,349,2,2228,0.8878576159477234
3,349,3,2529,0.8556457757949829
3,349,4,779,0.8467841148376465
3,349,5,221,0.8461855053901672
3,349,6,1190,0.8446294665336609
3,349,7,747,0.8339917659759521
3,349,8,1911,0.824735701084137
3,349,9,1897,0.81374192237854
3,349,10,792,0.8124141097068787
3,350,1,2754,0.9032816886901855
3,350,2,2228,0.9029093384742737
3,350,3,333,0.8744804859161377
3,350,4,2529,0.8705087900161743
3,350,5,779,0.8610936403274536
3,350,6,221,0.8372227549552917
3,350,7,1190,0.8371148705482483
3,350,8,502,0.8158299922943115
3,350,9,747,0.8134322762489319
3,350,10,854,0.8100848197937012
3,352,1,106,0.8533263802528381
3,352,2,2697,0.8523792624473572
3,352,3,1,0.8505414724349976
3,352,4,1266,0.8499478697776794
3,352,5,1542,0.8463754057884216
3,352,6,899,0.8402540683746338
3,352,7,2653,0.8355684876441956
3,352,8,297,0.8308145403862
3,352,9,1275,0.8295658826828003
3,352,10,910,0.8283230662345886
3,353,1,106,0.8658318519592285
3,353,2,1542,0.8509095907211304
3,353,3,393,0.8405516147613525
3,353,4,899,0.8334822654724121
3,353,5,784,0.8293601870536804
3,353,6,297,0.8285474181175232
3,353,7,910,0.824984610080719
3,353,8,2440,0.8196711540222168
3,353,9,2365,0.8185058236122131
3,353,10,1275,0.8170499205589294
3,354,1,297,0.8418919444084167
3,354,2,910,0.8415366411209106
3,354,3,1542,0.8271199464797974
3,354,4,826,0.7907345294952393
3,354,5,1517,0.7873356938362122
3,354,6,1167,0.7862619161605835
3,354,7,2645,0.7750858664512634
3,354,8,2311,0.7750858664512634
3,354,9,106,0.7736808657646179
3,354,10,2294,0.7710992097854614
3,355,1,1542,0.8531332612037659
3,355,2,106,0.8467972874641418
3,355,3,754,0.8400519490242004
3,355,4,297,0.8256214261054993
3,355,5,910,0.819636344909668
3,355,6,506,0.8183063864707947
3,355,7,784,0.8109411001205444
3,355,8,434,0.8058264255523682
3,355,9,2365,0.8023697733879089
3,355,10,270,0.8016014695167542
3,356,1,1542,0.8659330010414124
3,356,2,297,0.8651821613311768
3,356,3,910,0.8617253303527832
3,356,4,106,0.8309122920036316
3,356,5,506,0.8151859641075134
3,356,6,1167,0.8082565665245056
3,356,7,2574,0.8033956289291382
3,356,8,393,0.7980496287345886
3,356,9,2645,0.7908152937889099
3,356,10,2311,0.7908152341842651
3,357,1,754,0.8731048107147217
3,357,2,784,0.8650180697441101
3,357,3,270,0.8629995584487915
3,357,4,106,0.8599272966384888
3,357,5,1275,0.8513479828834534
3,357,6,915,0.8496747612953186
3,357,7,622,0.849199652671814
3,357,8,2869,0.837632417678833
3,357,9,2574,0.836775541305542
3,357,10,1490,0.8366798162460327
3,358,1,579,0.7603873014450073
3,358,2,2645,0.7308275103569031
3,358,3,2311,0.7308275103569031
3,358,4,594,0.7167808413505554
3,358,5,2721,0.7103914022445679
3,358,6,538,0.7101517915725708
3,358,7,535,0.7084375619888306
3,358,8,1517,0.6973288655281067
3,358,9,566,0.6959230303764343
3,358,10,826,0.6918648481369019
3,359,1,594,0.7286447882652283
3,359,2,2721,0.7244440317153931
3,359,3,538,0.7237908840179443
3,359,4,826,0.7234400510787964
3,359,5,535,0.7232292890548706
3,359,6,1517,0.7154383063316345
3,359,7,566,0.7108741998672485
3,359,8,506,0.6915348172187805
3,359,9,2365,0.6913169622421265
3,359,10,2574,0.6837198734283447
3,360,1,594,0.7286447882652283
3,360,2,2721,0.7244440317153931
3,360,3,538,0.7237908840179443
3,360,4,826,0.7234400510787964
3,360,5,535,0.7232292890548706
3,360,6,1517,0.7154383063316345
3,360,7,566,0.7108741998672485
3,360,8,506,0.6915348172187805
3,360,9,2365,0.6913169622421265
3,360,10,2574,0.6837198734283447
3,361,1,594,0.7286447882652283
3,361,2,2721,0.7244440317153931
3,361,3,538,0.7237908840179443
3,361,4,826,0.7234400510787964
3,361,5,535,0.7232292890548706
3,361,6,1517,0.7154383063316345
3,361,7,566,0.7108741998672485
3,361,8,506,0.6915348172187805
3,361,9,2365,0.6913169622421265
3,361,10,2574,0.6837198734283447
3,362,1,594,0.7286447882652283
3,362,2,2721,0.7244440317153931
3,362,3,538,0.7237908840179443
3,362,4,826,0.7234400510787964
3,362,5,535,0.7232292890548706
3,362,6,1517,0.7154383063316345
3,362,7,566,0.7108741998672485
3,362,8,506,0.6915348172187805
3,362,9,2365,0.6913169622421265
3,362,10,2574,0.6837198734283447
3,363,1,594,0.7290413975715637
3,363,2,2721,0.7247985005378723
3,363,3,538,0.7241600751876831
3,363,4,826,0.723655641078949
3,363,5,535,0.7235789895057678
3,363,6,1517,0.7159424424171448
3,363,7,566,0.7111298441886902
3,363,8,506,0.6923525333404541
3,363,9,2365,0.6916884779930115
3,363,10,2574,0.6840451955795288
3,365,1,1653,0.822563886642456
3,365,2,210,0.8217039108276367
3,365,3,397,0.8022723197937012
3,365,4,2705,0.7973087430000305
3,365,5,1779,0.7838913202285767
3,365,6,2061,0.7773783206939697
3,365,7,1491,0.7572170495986938
3,365,8,788,0.7472962737083435
3,365,9,2602,0.7374566793441772
3,365,10,1635,0.7328422665596008
3,366,1,1779,0.7890787720680237
3,366,2,2705,0.7855477333068848
3,366,3,2078,0.7841005921363831
3,366,4,523,0.7507355809211731
3,366,5,788,0.7472032308578491
3,366,6,2061,0.7441567182540894
3,366,7,2602,0.7200489044189453
3,366,8,2145,0.7199684977531433
3,366,9,1491,0.7199486494064331
3,366,10,2870,0.7192752361297607
3,367,1,1203,0.7942779660224915
3,367,2,2705,0.7661739587783813
3,367,3,418,0.753727912902832
3,367,4,2061,0.7372373938560486
3,367,5,1779,0.7323125004768372
3,367,6,1307,0.7084312438964844
3,367,7,788,0.7077330946922302
3,367,8,1491,0.7017064690589905
3,367,9,2602,0.6944131255149841
3,367,10,2704,0.6726725697517395
3,368,1,2061,0.7711396217346191
3,368,2,2705,0.7650307416915894
3,368,3,446,0.7627499103546143
3,368,4,1491,0.7503419518470764
3,368,5,2078,0.7491735219955444
3,368,6,1635,0.7407680749893188
3,368,7,1707,0.7405971884727478
3,368,8,203,0.737296462059021
3,368,9,2704,0.7363744378089905
3,368,10,2615,0.7359641790390015
3,369,1,477,0.866235077381134
3,369,2,1347,0.8662019371986389
3,369,3,1189,0.8484309911727905
3,369,4,2888,0.8479827642440796
3,369,5,315,0.830101728439331
3,369,6,1597,0.8206116557121277
3,369,7,2343,0.8092451095581055
3,369,8,1449,0.8052030801773071
3,369,9,1592,0.8016010522842407
3,369,10,1016,0.7941704392433167
3,370,1,1606,0.8797869086265564
3,370,2,1189,0.8645731210708618
3,370,3,2739,0.8614392876625061
3,370,4,1108,0.8578884601593018
3,370,5,315,0.8509942293167114
3,370,6,1597,0.8295375108718872
3,370,7,1449,0.8294702172279358
3,370,8,2343,0.8219048380851746
3,370,9,1016,0.8077803254127502
3,370,10,900,0.8038768768310547
3,371,1,2321,0.8469166159629822
3,371,2,1108,0.831620991230011
3,371,3,918,0.8312878608703613
3,371,4,1189,0.8017969131469727
3,371,5,315,0.7953757643699646
3,371,6,1597,0.7692099213600159
3,371,7,900,0.7622926831245422
3,371,8,2343,0.7576615810394287
3,371,9,1449,0.7564366459846497
3,371,10,1592,0.7489853501319885
3,372,1,272,0.8587300777435303
3,372,2,1606,0.8553698658943176
3,372,3,2321,0.8522685766220093
3,372,4,1189,0.8181994557380676
3,372,5,315,0.806473970413208
3,372,6,2343,0.780826985836029
3,372,7,1449,0.7787522077560425
3,372,8,1597,0.7780494093894958
3,372,9,1016,0.7741060256958008
3,372,10,1592,0.7687931656837463
3,373,1,1606,0.8482268452644348
3,373,2,1347,0.8438732624053955
3,373,3,1189,0.8304058313369751
3,373,4,315,0.8079528212547302
3,373,5,1597,0.8070201873779297
3,373,6,1592,0.7968649864196777
3,373,7,1449,0.7861534357070923
3,373,8,2343,0.7850649952888489
3,373,9,1016,0.7699100971221924
3,373,10,2899,0.7574543952941895
3,374,1,918,0.837993323802948
3,374,2,2888,0.8356887698173523
3,374,3,2321,0.8345948457717896
3,374,4,315,0.8076657056808472
3,374,5,1189,0.8067536950111389
3,374,6,1592,0.7769365310668945
3,374,7,1449,0.7650960087776184
3,374,8,1597,0.7610847353935242
3,374,9,2343,0.7609829902648926
3,374,10,1016,0.7379888892173767
3,375,1,2321,0.8805809617042542
3,375,2,2739,0.8687678575515747
3,375,3,315,0.8198146820068359
3,375,4,1189,0.8161342144012451
3,375,5,900,0.7914396524429321
3,375,6,1597,0.7843321561813354
3,375,7,1678,0.7792437076568604
3,375,8,1449,0.7774680852890015
3,375,9,1592,0.7773085236549377
3,375,10,2343,0.7756177186965942
3,378,1,1606,0.8642348647117615
3,378,2,477,0.8547764420509338
3,378,3,2888,0.8545980453491211
3,378,4,1189,0.8393974900245667
3,378,5,315,0.8205006718635559
3,378,6,1592,0.8144834637641907
3,378,7,1597,0.8139950633049011
3,378,8,2343,0.7971416711807251
3,378,9,1449,0.7959824800491333
3,378,10,1016,0.7788577079772949
3,379,1,2321,0.8874008059501648
3,379,2,918,0.8717729449272156
3,379,3,1189,0.8319178819656372
3,379,4,315,0.8292878866195679
3,379,5,900,0.8114669322967529
3,379,6,1597,0.7996159195899963
3,379,7,1449,0.7884032726287842
3,379,8,2343,0.7877740263938904
3,379,9,1592,0.7841783761978149
3,379,10,1678,0.7783604264259338
3,380,1,2739,0.8553074598312378
3,380,2,2441,0.8538352847099304
3,380,3,1189,0.8531581163406372
3,380,4,315,0.8513955473899841
3,380,5,477,0.8505533337593079
3,380,6,1449,0.8236135840415955
3,380,7,2343,0.809157133102417
3,380,8,1597,0.7939205169677734
3,380,9,1016,0.7932422161102295
3,380,10,2899,0.786285400390625
3,381,1,315,0.8785252571105957
3,381,2,1189,0.8774000406265259
3,381,3,1449,0.869408130645752
3,381,4,2343,0.8515998125076294
3,381,5,1016,0.8352057337760925
3,381,6,1920,0.8331044316291809
3,381,7,2899,0.8274271488189697
3,381,8,2739,0.8128166198730469
3,381,9,1818,0.7991625666618347
3,381,10,2441,0.7977585792541504
3,383,1,1189,0.8403579592704773
3,383,2,315,0.8330157399177551
3,383,3,1347,0.8106393218040466
3,383,4,272,0.8091373443603516
3,383,5,1449,0.8074963092803955
3,383,6,918,0.8030911087989807
3,383,7,2343,0.7942667007446289
3,383,8,1592,0.7833600044250488
3,383,9,1597,0.7734548449516296
3,383,10,1016,0.7730028033256531
3,384,1,1189,0.8625767230987549
3,384,2,1449,0.849019467830658
3,384,3,315,0.8479979634284973
3,384,4,2343,0.8321874141693115
3,384,5,1016,0.8169894814491272
3,384,6,2899,0.8002357482910156
3,384,7,1920,0.7940765619277954
3,384,8,477,0.786285400390625
3,384,9,1826,0.7759305834770203
3,384,10,1818,0.7702237963676453
3,385,1,272,0.8772763013839722
3,385,2,477,0.8606207370758057
3,385,3,2464,0.8509290814399719
3,385,4,1189,0.8303505182266235
3,385,5,315,0.8264487385749817
3,385,6,900,0.8044868111610413
3,385,7,1449,0.7980511784553528
3,385,8,1597,0.793571412563324
3,385,9,2343,0.7921493649482727
3,385,10,1016,0.7810447216033936
3,386,1,1398,0.870724081993103
3,386,2,1189,0.850740373134613
3,386,3,2464,0.8500967025756836
3,386,4,2888,0.8462321758270264
3,386,5,315,0.8382676839828491
3,386,6,1597,0.8130366206169128
3,386,7,1449,0.8101412057876587
3,386,8,2343,0.8041881322860718
3,386,9,1592,0.7918190956115723
3,386,10,1016,0.787778913974762
3,387,1,918,0.8374599814414978
3,387,2,2464,0.831380307674408
3,387,3,1189,0.8105481266975403
3,387,4,315,0.8102117776870728
3,387,5,1597,0.777776837348938
3,387,6,1449,0.7697262167930603
3,387,7,900,0.7683658003807068
3,387,8,2343,0.7647368907928467
3,387,9,1592,0.759333610534668
3,387,10,1678,0.7591103315353394
3,388,1,1826,0.8630633354187012
3,388,2,2441,0.8624060153961182
3,388,3,477,0.8602354526519775
3,388,4,1189,0.8407251238822937
3,388,5,315,0.8333730101585388
3,388,6,900,0.8078874349594116
3,388,7,1449,0.8025091290473938
3,388,8,2343,0.7928647398948669
3,388,9,1597,0.7896660566329956
3,388,10,1016,0.7797728776931763
3,391,1,1606,0.856356143951416
3,391,2,1347,0.8542100787162781
3,391,3,1108,0.85280841588974
3,391,4,1189,0.8121689558029175
3,391,5,1597,0.804200291633606
3,391,6,1592,0.7977671027183533
3,391,7,315,0.7812818288803101
3,391,8,2343,0.7609060406684875
3,391,9,1449,0.7569069862365723
3,391,10,1072,0.7563244104385376
3,392,1,2558,0.7698958516120911
3,392,2,2621,0.7694234848022461
3,392,3,641,0.7670227289199829
3,392,4,699,0.7620826959609985
3,392,5,1657,0.7543799877166748
3,392,6,1487,0.7531697750091553
3,392,7,1359,0.7528188228607178
3,392,8,652,0.7439159154891968
3,392,9,2490,0.7424474358558655
3,392,10,1683,0.7397114634513855
3,395,1,1102,0.805331826210022
3,395,2,716,0.8014577031135559
3,395,3,2367,0.7725924253463745
3,395,4,2621,0.7677739858627319
3,395,5,2452,0.7671386003494263
3,395,6,1683,0.7605208158493042
3,395,7,1657,0.7602213621139526
3,395,8,652,0.7539655566215515
3,395,9,1487,0.7510997653007507
3,395,10,1359,0.7456104159355164
3,396,1,2082,0.7590575218200684
3,396,2,2607,0.7573580741882324
3,396,3,2452,0.748341977596283
3,396,4,2621,0.7386842370033264
3,396,5,1657,0.7384587526321411
3,396,6,2367,0.7381525039672852
3,396,7,1683,0.7348897457122803
3,396,8,652,0.7323499917984009
3,396,9,1487,0.7226369976997375
3,396,10,1359,0.7208672761917114
3,397,1,206,0.8186718821525574
3,397,2,2080,0.8080264329910278
3,397,3,1301,0.8074304461479187
3,397,4,609,0.8016664981842041
3,397,5,527,0.7886980175971985
3,397,6,1307,0.7430782318115234
3,397,7,2118,0.7423589825630188
3,397,8,475,0.7376088500022888
3,397,9,1346,0.7295972108840942
3,397,10,532,0.7292051315307617
3,398,1,2118,0.7320627570152283
3,398,2,206,0.7238871455192566
3,398,3,2568,0.7234439253807068
3,398,4,2345,0.7122078537940979
3,398,5,2416,0.6744834184646606
3,398,6,2448,0.6633140444755554
3,398,7,2209,0.6617267727851868
3,398,8,2910,0.6600985527038574
3,398,9,3054,0.6541189551353455
3,398,10,447,0.6525213122367859
3,399,1,2830,0.8719096183776855
3,399,2,206,0.825717031955719
3,399,3,2080,0.815247654914856
3,399,4,609,0.8037818074226379
3,399,5,527,0.7942215800285339
3,399,6,1346,0.7587004899978638
3,399,7,483,0.748870313167572
3,399,8,1160,0.7434459328651428
3,399,9,2092,0.7430945634841919
3,399,10,475,0.7396981120109558
3,400,1,2910,0.8061596751213074
3,400,2,2136,0.7964796423912048
3,400,3,2118,0.7530530691146851
3,400,4,1301,0.7493538856506348
3,400,5,2345,0.7313368916511536
3,400,6,1379,0.7260934710502625
3,400,7,2009,0.72478187084198
3,400,8,1346,0.7184343934059143
3,400,9,2568,0.7093289494514465
3,400,10,532,0.7035936713218689
3,401,1,1683,0.7544474005699158
3,401,2,2621,0.7372432947158813
3,401,3,2367,0.7311161756515503
3,401,4,1487,0.7262405753135681
3,401,5,1359,0.7255738377571106
3,401,6,2104,0.7202876806259155
3,401,7,2599,0.7198573350906372
3,401,8,1657,0.7190844416618347
3,401,9,652,0.711615800857544
3,401,10,1391,0.7054228782653809
3,403,1,2830,0.8484475016593933
3,403,2,2080,0.817473292350769
3,403,3,609,0.8174660205841064
3,403,4,527,0.8012294173240662
3,403,5,2118,0.752892255783081
3,403,6,475,0.7488347291946411
3,403,7,1346,0.7392623424530029
3,403,8,1307,0.735485851764679
3,403,9,2345,0.7334718108177185
3,403,10,532,0.7313852906227112
3,404,1,609,0.7984470725059509
3,404,2,2080,0.7828989624977112
3,404,3,527,0.7674437165260315
3,404,4,1379,0.7664989233016968
3,404,5,2118,0.7419725656509399
3,404,6,2345,0.7259227633476257
3,404,7,475,0.7195385098457336
3,404,8,2180,0.7094729542732239
3,404,9,2758,0.6989876627922058
3,404,10,532,0.6898412704467773
3,405,1,2080,0.8087355494499207
3,405,2,2118,0.7602114677429199
3,405,3,2345,0.735058605670929
3,405,4,2009,0.7246943712234497
3,405,5,2830,0.7233263850212097
3,405,6,1936,0.7135571241378784
3,405,7,2209,0.7128899693489075
3,405,8,2448,0.6972308158874512
3,405,9,1346,0.6968389749526978
3,405,10,532,0.6958877444267273
3,406,1,2830,0.8462101817131042
3,406,2,89,0.833451509475708
3,406,3,1570,0.8269311785697937
3,406,4,206,0.8236209154129028
3,406,5,1301,0.7773495316505432
3,406,6,1379,0.7689065337181091
3,406,7,2118,0.7555770874023438
3,406,8,2758,0.752475380897522
3,406,9,2568,0.736276388168335
3,406,10,532,0.7356594204902649
3,407,1,2080,0.7160318493843079
3,407,2,527,0.7061194181442261
3,407,3,609,0.6779163479804993
3,407,4,2209,0.6754903197288513
3,407,5,1936,0.6679142713546753
3,407,6,275,0.6527916789054871
3,407,7,2009,0.6520795226097107
3,407,8,2118,0.6466530561447144
3,407,9,2092,0.6449753642082214
3,407,10,483,0.6405290365219116
3,408,1,475,0.7579070925712585
3,408,2,2504,0.7442258596420288
3,408,3,609,0.7131645679473877
3,408,4,1936,0.6772990226745605
3,408,5,2118,0.6744704842567444
3,408,6,275,0.674339234828949
3,408,7,2209,0.6718341708183289
3,408,8,206,0.6567973494529724
3,408,9,2009,0.6562093496322632
3,408,10,447,0.6560378074645996
3,409,1,1408,0.656682550907135
3,409,2,1878,0.6421352028846741
3,409,3,2568,0.6310602426528931
3,409,4,475,0.6268392205238342
3,409,5,521,0.6208985447883606
3,409,6,2080,0.6050878763198853
3,409,7,527,0.6001583337783813
3,409,8,208,0.5997663140296936
3,409,9,609,0.5772885084152222
3,409,10,402,0.5771797895431519
3,410,1,1333,0.7729827761650085
3,410,2,261,0.7715170383453369
3,410,3,2568,0.7247553467750549
3,410,4,475,0.7035006284713745
3,410,5,1999,0.6790715456008911
3,410,6,2080,0.6725688576698303
3,410,7,527,0.6623244285583496
3,410,8,2397,0.6577153205871582
3,410,9,521,0.6528854966163635
3,410,10,2423,0.6503846049308777
3,411,1,1408,0.7367068529129028
3,411,2,2397,0.7309615015983582
3,411,3,2423,0.7239676713943481
3,411,4,1333,0.7058067917823792
3,411,5,1884,0.7045282125473022
3,411,6,261,0.7020957469940186
3,411,7,82,0.7013276815414429
3,411,8,196,0.6889504790306091
3,411,9,2752,0.6817271113395691
3,411,10,2643,0.6731836199760437
3,412,1,1878,0.7337296009063721
3,412,2,1333,0.7141695618629456
3,412,3,261,0.7113804817199707
3,412,4,82,0.7101985812187195
3,412,5,196,0.7077135443687439
3,412,6,774,0.6885216236114502
3,412,7,1884,0.6656047701835632
3,412,8,2752,0.665499210357666
3,412,9,2272,0.6596913933753967
3,412,10,2488,0.6589477062225342
3,413,1,196,0.6691446304321289
3,413,2,1333,0.6675410866737366
3,413,3,261,0.6672752499580383
3,413,4,82,0.6638162136077881
3,413,5,275,0.6252596974372864
3,413,6,2568,0.620606541633606
3,413,7,208,0.6196814775466919
3,413,8,475,0.6183843016624451
3,413,9,2643,0.6155164837837219
3,413,10,2752,0.6123324632644653
3,414,1,1408,0.7304322123527527
3,414,2,1333,0.7065138220787048
3,414,3,261,0.7045621275901794
3,414,4,82,0.6989061236381531
3,414,5,196,0.6972679495811462
3,414,6,774,0.6940848231315613
3,414,7,2752,0.653235137462616
3,414,8,3017,0.6530740857124329
3,414,9,275,0.6460009813308716
3,414,10,1884,0.6374619007110596
3,415,1,2911,0.8317326307296753
3,415,2,670,0.8316685557365417
3,415,3,518,0.8271155953407288
3,415,4,1263,0.8248909115791321
3,415,5,755,0.8194025754928589
3,415,6,957,0.8145616054534912
3,415,7,201,0.8143514394760132
3,415,8,2183,0.8124015927314758
3,415,9,1467,0.8091729879379272
3,415,10,1040,0.7962214946746826
3,416,1,293,0.8515909314155579
3,416,2,1467,0.8363259434700012
3,416,3,704,0.8356711864471436
3,416,4,1651,0.8350341320037842
3,416,5,5,0.8320063352584839
3,416,6,2826,0.8260427117347717
3,416,7,1263,0.8250585198402405
3,416,8,906,0.8245135545730591
3,416,9,2911,0.822542130947113
3,416,10,876,0.8222488760948181
3,417,1,1579,0.7140379548072815
3,417,2,2205,0.702063262462616
3,417,3,852,0.6969187259674072
3,417,4,521,0.6945254802703857
3,417,5,2423,0.691852867603302
3,417,6,670,0.6918255686759949
3,417,7,2397,0.6905631422996521
3,417,8,1408,0.6877739429473877
3,417,9,2429,0.6854650974273682
3,417,10,774,0.6818313002586365
3,418,1,513,0.732419490814209
3,418,2,455,0.7215215563774109
3,418,3,1258,0.711337685585022
3,418,4,1781,0.705508291721344
3,418,5,518,0.7048727869987488
3,418,6,1611,0.6996899843215942
3,418,7,1541,0.6952967643737793
3,418,8,466,0.6912699341773987
3,418,9,1360,0.6910253167152405
3,418,10,1409,0.6872276067733765
3,419,1,670,0.8344584107398987
3,419,2,518,0.8279323577880859
3,419,3,2986,0.815452516078949
3,419,4,264,0.8143482804298401
3,419,5,2911,0.8022378087043762
3,419,6,621,0.799979031085968
3,419,7,2272,0.795198380947113
3,419,8,1029,0.7898693084716797
3,419,9,1360,0.7852892279624939
3,419,10,1263,0.7842624187469482
3,420,1,670,0.8481881022453308
3,420,2,518,0.8441451787948608
3,420,3,2272,0.8434856534004211
3,420,4,2911,0.8415132164955139
3,420,5,2986,0.8312907218933105
3,420,6,1651,0.8290647268295288
3,420,7,1467,0.8224727511405945
3,420,8,704,0.81640625
3,420,9,2790,0.8123758435249329
3,420,10,906,0.7996643781661987
3,421,1,1517,0.7467544078826904
3,421,2,493,0.7404084205627441
3,421,3,3017,0.7337151169776917
3,421,4,2365,0.7167778015136719
3,421,5,1651,0.7164474725723267
3,421,6,2986,0.7134381532669067
3,421,7,2906,0.7080672383308411
3,421,8,518,0.7076079845428467
3,421,9,1018,0.7062721252441406
3,421,10,1542,0.7055206894874573
3,422,1,2790,0.8420658707618713
3,422,2,2911,0.8355109095573425
3,422,3,518,0.8314700126647949
3,422,4,670,0.8300201296806335
3,422,5,1467,0.8245989680290222
3,422,6,1651,0.817861020565033
3,422,7,957,0.8148132562637329
3,422,8,884,0.8106424808502197
3,422,9,2272,0.8105719685554504
3,422,10,906,0.8083204627037048
3,423,1,2911,0.8192872405052185
3,423,2,2028,0.8164952993392944
3,423,3,566,0.8086581230163574
3,423,4,518,0.8045967817306519
3,423,5,1791,0.7998275756835938
3,423,6,876,0.7988461256027222
3,423,7,957,0.798210620880127
3,423,8,2272,0.7975577712059021
3,423,9,538,0.7942160964012146
3,423,10,2035,0.7927258014678955
3,424,1,1517,0.7526829838752747
3,424,2,579,0.7458930015563965
3,424,3,2294,0.7455558776855469
3,424,4,595,0.7437888979911804
3,424,5,826,0.7114775776863098
3,424,6,493,0.7114055752754211
3,424,7,910,0.6996596455574036
3,424,8,518,0.6981366276741028
3,424,9,297,0.6955326199531555
3,424,10,1018,0.6930205821990967
3,425,1,1517,0.864475667476654
3,425,2,297,0.8417821526527405
3,425,3,910,0.8417119383811951
3,425,4,1542,0.8327906131744385
3,425,5,535,0.8230602741241455
3,425,6,538,0.8225074410438538
3,425,7,2721,0.8211392760276794
3,425,8,594,0.8192886114120483
3,425,9,2609,0.8103328347206116
3,425,10,576,0.808935284614563
3,426,1,566,0.826201319694519
3,426,2,579,0.8008058071136475
3,426,3,2294,0.8005481362342834
3,426,4,595,0.7978942394256592
3,426,5,2272,0.792451024055481
3,426,6,910,0.7905579209327698
3,426,7,826,0.7892119884490967
3,426,8,297,0.7864599227905273
3,426,9,2645,0.751035749912262
3,426,10,2311,0.7510356903076172
3,427,1,2272,0.7617241740226746
3,427,2,1018,0.7413955330848694
3,427,3,538,0.7225837707519531
3,427,4,594,0.7196564674377441
3,427,5,493,0.7186651825904846
3,427,6,535,0.7160716652870178
3,427,7,3017,0.7146381735801697
3,427,8,670,0.7040179967880249
3,427,9,2294,0.7011931538581848
3,427,10,595,0.6994754672050476
3,428,1,579,0.7399834394454956
3,428,2,2294,0.7393510341644287
3,428,3,595,0.7381079196929932
3,428,4,910,0.7257443070411682
3,428,5,297,0.7223832607269287
3,428,6,2272,0.7186927199363708
3,428,7,493,0.7021137475967407
3,428,8,1542,0.6960750818252563
3,428,9,1018,0.6802710294723511
3,428,10,2365,0.6773533225059509
3,429,1,579,0.7399834394454956
3,429,2,2294,0.7393510341644287
3,429,3,595,0.7381079196929932
3,429,4,910,0.7257443070411682
3,429,5,297,0.7223832607269287
3,429,6,2272,0.7186927199363708
3,429,7,493,0.7021137475967407
3,429,8,1542,0.6960750818252563
3,429,9,1018,0.6802710294723511
3,429,10,2365,0.6773533225059509
3,430,1,579,0.7399834394454956
3,430,2,2294,0.7393510341644287
3,430,3,595,0.7381079196929932
3,430,4,910,0.7257443070411682
3,430,5,297,0.7223832607269287
3,430,6,2272,0.7186927199363708
3,430,7,493,0.7021137475967407
3,430,8,1542,0.6960750818252563
3,430,9,1018,0.6802710294723511
3,430,10,2365,0.6773533225059509
3,435,1,621,0.7359989881515503
3,435,2,1360,0.7170891761779785
3,435,3,1029,0.7139155268669128
3,435,4,493,0.7123101353645325
3,435,5,2986,0.7091564536094666
3,435,6,2423,0.7047519087791443
3,435,7,2397,0.7024459838867188
3,435,8,521,0.7016387581825256
3,435,9,2923,0.6990835070610046
3,435,10,1878,0.6986793875694275
3,436,1,2790,0.8171951770782471
3,436,2,1767,0.8155784606933594
3,436,3,1360,0.8021216988563538
3,436,4,670,0.7976398468017578
3,436,5,2923,0.7956466674804688
3,436,6,5,0.7952936291694641
3,436,7,3017,0.7895540595054626
3,436,8,2871,0.7856504321098328
3,436,9,974,0.7831886410713196
3,436,10,906,0.7827678322792053
3,437,1,2496,0.7573282122612
3,437,2,1360,0.7432177066802979
3,437,3,2923,0.7417367696762085
3,437,4,2986,0.7330347895622253
3,437,5,2790,0.7287182807922363
3,437,6,1618,0.7267287373542786
3,437,7,493,0.7261435389518738
3,437,8,2423,0.7258399128913879
3,437,9,1767,0.7244241833686829
3,437,10,2397,0.7243063449859619
3,438,1,2986,0.7407379746437073
3,438,2,1360,0.7367247343063354
3,438,3,2272,0.736682116985321
3,438,4,2923,0.7276321649551392
3,438,5,1263,0.7260096669197083
3,438,6,704,0.7231200933456421
3,438,7,2790,0.7223837375640869
3,438,8,493,0.7221354842185974
3,438,9,1767,0.7140103578567505
3,438,10,621,0.7109906673431396
3,439,1,2205,0.8132492303848267
3,439,2,852,0.7761046886444092
3,439,3,2429,0.7716848850250244
3,439,4,2790,0.7704638838768005
3,439,5,44,0.7688939571380615
3,439,6,1716,0.7666580677032471
3,439,7,2911,0.7654242515563965
3,439,8,621,0.7535239458084106
3,439,9,1767,0.7468293309211731
3,439,10,2769,0.7431395649909973
3,440,1,2725,0.8028669953346252
3,440,2,957,0.7969627380371094
3,440,3,747,0.796831488609314
3,440,4,1716,0.7919816970825195
3,440,5,2429,0.7907600998878479
3,440,6,1208,0.7892464995384216
3,440,7,44,0.7865146398544312
3,440,8,1651,0.7835268974304199
3,440,9,787,0.7764977812767029
3,440,10,852,0.7704411745071411
3,441,1,826,0.843448281288147
3,441,2,1517,0.8342475295066833
3,441,3,1263,0.8288670182228088
3,441,4,704,0.8126102089881897
3,441,5,2826,0.812168538570404
3,441,6,3019,0.8071813583374023
3,441,7,2609,0.8016964197158813
3,441,8,1651,0.7973968386650085
3,441,9,576,0.7941470146179199
3,441,10,91,0.7937461137771606
3,442,1,201,0.8034935593605042
3,442,2,2183,0.7971042990684509
3,442,3,1791,0.7956517338752747
3,442,4,112,0.7915082573890686
3,442,5,2790,0.7815296053886414
3,442,6,1467,0.7806506156921387
3,442,7,670,0.7767977714538574
3,442,8,2028,0.7729684114456177
3,442,9,1196,0.7624550461769104
3,442,10,755,0.7601444125175476
3,443,1,1386,0.8356241583824158
3,443,2,2566,0.8170619010925293
3,443,3,581,0.79837566614151
3,443,4,410,0.7898540496826172
3,443,5,2202,0.7605165839195251
3,443,6,2067,0.746875524520874
3,443,7,672,0.7437463998794556
3,443,8,1957,0.7404962778091431
3,443,9,2018,0.7333680391311646
3,443,10,1435,0.7278385162353516
3,444,1,191,0.7985665798187256
3,444,2,550,0.790313720703125
3,444,3,394,0.7882715463638306
3,444,4,2736,0.7651789784431458
3,444,5,672,0.7636110782623291
3,444,6,2942,0.7600883841514587
3,444,7,1258,0.7433740496635437
3,444,8,949,0.7283753156661987
3,444,9,546,0.7251467704772949
3,444,10,2299,0.7233098745346069
3,445,1,550,0.7877640128135681
3,445,2,2736,0.7755285501480103
3,445,3,191,0.7579184770584106
3,445,4,394,0.7524691224098206
3,445,5,513,0.7505877017974854
3,445,6,546,0.735359787940979
3,445,7,2299,0.7345967292785645
3,445,8,2942,0.7286427617073059
3,445,9,1469,0.725890576839447
3,445,10,672,0.7214456796646118
3,446,1,672,0.808885931968689
3,446,2,507,0.7572488784790039
3,446,3,2814,0.7479779124259949
3,446,4,949,0.7368890047073364
3,446,5,173,0.7368729114532471
3,446,6,2912,0.7330265045166016
3,446,7,2210,0.7303472757339478
3,446,8,665,0.7199546098709106
3,446,9,1009,0.7167721390724182
3,446,10,1957,0.7155700325965881
3,448,1,394,0.8139557838439941
3,448,2,949,0.7542800307273865
3,448,3,665,0.745201051235199
3,448,4,2912,0.7319511771202087
3,448,5,1718,0.7185922861099243
3,448,6,2210,0.71331787109375
3,448,7,550,0.6977322101593018
3,448,8,1759,0.6969441175460815
3,448,9,1587,0.6944597363471985
3,448,10,1200,0.6942675709724426
3,449,1,507,0.7890758514404297
3,449,2,672,0.7873942255973816
3,449,3,1718,0.7687107920646667
3,449,4,2210,0.7641624808311462
3,449,5,949,0.755020260810852
3,449,6,1009,0.7458281517028809
3,449,7,1200,0.7448193430900574
3,449,8,2704,0.7421337962150574
3,449,9,2033,0.7407254576683044
3,449,10,1759,0.7404835224151611
3,450,1,665,0.8235017657279968
3,450,2,1718,0.7925704121589661
3,450,3,173,0.7826947569847107
3,450,4,1200,0.7729578018188477
3,450,5,1587,0.7686280012130737
3,450,6,1048,0.7683634161949158
3,450,7,2033,0.7462159395217896
3,450,8,1184,0.7453038096427917
3,450,9,1759,0.7451348304748535
3,450,10,833,0.7385299205780029
3,451,1,665,0.8200151324272156
3,451,2,672,0.7873844504356384
3,451,3,507,0.7820566296577454
3,451,4,1718,0.7789768576622009
3,451,5,2210,0.7696341872215271
3,451,6,2033,0.7667044997215271
3,451,7,1587,0.7649535536766052
3,451,8,1200,0.7525535225868225
3,451,9,2704,0.7479636669158936
3,451,10,2814,0.7351603507995605
3,452,1,665,0.8103978633880615
3,452,2,672,0.7859862446784973
3,452,3,2210,0.7646455764770508
3,452,4,1587,0.7593653798103333
3,452,5,2704,0.7434291243553162
3,452,6,2814,0.7430983781814575
3,452,7,1048,0.7402978539466858
3,452,8,949,0.7394623160362244
3,452,9,1759,0.7308452725410461
3,452,10,833,0.7257487773895264
3,453,1,665,0.8548628091812134
3,453,2,191,0.8351112604141235
3,453,3,394,0.825858473777771
3,453,4,2210,0.8087477087974548
3,453,5,1718,0.7967380285263062
3,453,6,672,0.7928945422172546
3,453,7,2704,0.7923597693443298
3,453,8,2942,0.7892792820930481
3,453,9,507,0.788540244102478
3,453,10,173,0.7884231209754944
3,455,1,191,0.8361318707466125
3,455,2,1587,0.834040641784668
3,455,3,394,0.8265727162361145
3,455,4,949,0.8015695214271545
3,455,5,672,0.7870444655418396
3,455,6,1048,0.7864894866943359
3,455,7,507,0.7764409780502319
3,455,8,173,0.7756778597831726
3,455,9,2942,0.7752571105957031
3,455,10,2912,0.774509847164154
3,456,1,191,0.8337807059288025
3,456,2,394,0.8235310316085815
3,456,3,173,0.781633198261261
3,456,4,672,0.7797940373420715
3,456,5,507,0.7775108218193054
3,456,6,1718,0.7768437266349792
3,456,7,2942,0.7740674614906311
3,456,8,2814,0.7621249556541443
3,456,9,2912,0.7551233172416687
3,456,10,2704,0.7348235249519348
3,457,1,191,0.8367090821266174
3,457,2,394,0.8284031748771667
3,457,3,2942,0.7725346088409424
3,457,4,173,0.7702999711036682
3,457,5,672,0.7668079733848572
3,457,6,507,0.758878231048584
3,457,7,2210,0.7526124715805054
3,457,8,2912,0.7448940873146057
3,457,9,2814,0.7353414297103882
3,457,10,2704,0.7324936389923096
3,458,1,191,0.8346164226531982
3,458,2,394,0.8234366178512573
3,458,3,1718,0.7918018102645874
3,458,4,672,0.7916664481163025
3,458,5,2033,0.7887129783630371
3,458,6,1759,0.7831602096557617
3,458,7,1200,0.7773749828338623
3,458,8,173,0.7760871052742004
3,458,9,2942,0.775054395198822
3,458,10,1048,0.7724453806877136
3,459,1,185,0.8936226963996887
3,459,2,1278,0.8767533302307129
3,459,3,1832,0.8720183372497559
3,459,4,1836,0.8664205074310303
3,459,5,439,0.8649476170539856
3,459,6,1161,0.8631694912910461
3,459,7,541,0.8579185009002686
3,459,8,2898,0.8563610911369324
3,459,9,1304,0.8555086255073547
3,459,10,1831,0.8513443470001221
3,460,1,185,0.8747759461402893
3,460,2,1836,0.8521921038627625
3,460,3,439,0.8481178283691406
3,460,4,1260,0.8404932022094727
3,460,5,1161,0.83558189868927
3,460,6,1196,0.8346171379089355
3,460,7,541,0.8338834047317505
3,460,8,2911,0.831639289855957
3,460,9,1831,0.831235945224762
3,460,10,112,0.82742840051651
3,461,1,185,0.8888006210327148
3,461,2,1278,0.8754640817642212
3,461,3,1161,0.8699185252189636
3,461,4,1157,0.8691965937614441
3,461,5,439,0.8668637275695801
3,461,6,541,0.865024745464325
3,461,7,1836,0.8649624586105347
3,461,8,1304,0.8643432259559631
3,461,9,1145,0.857414722442627
3,461,10,444,0.857166051864624
3,462,1,185,0.892725944519043
3,462,2,1161,0.8792170882225037
3,462,3,541,0.8731582760810852
3,462,4,439,0.8707482814788818
3,462,5,1836,0.8701997399330139
3,462,6,1278,0.8684965372085571
3,462,7,2898,0.8655474185943604
3,462,8,1304,0.8655096888542175
3,462,9,1831,0.8646214008331299
3,462,10,1153,0.8622997999191284
3,463,1,185,0.7876911163330078
3,463,2,541,0.7875335812568665
3,463,3,1161,0.7860942482948303
3,463,4,1153,0.7851943969726562
3,463,5,1836,0.7847126722335815
3,463,6,439,0.7826396822929382
3,463,7,1831,0.7823306322097778
3,463,8,1055,0.7817214727401733
3,463,9,1837,0.7814504504203796
3,463,10,1577,0.7791653871536255
3,465,1,1400,0.7863278388977051
3,465,2,663,0.782874584197998
3,465,3,2628,0.7819828987121582
3,465,4,2197,0.7675457000732422
3,465,5,121,0.7638723850250244
3,465,6,2706,0.755497932434082
3,465,7,2157,0.7544314861297607
3,465,8,1446,0.7480089664459229
3,465,9,1669,0.7446140050888062
3,465,10,2740,0.7407312989234924
3,467,1,1400,0.824368953704834
3,467,2,663,0.8206806182861328
3,467,3,2628,0.8166021108627319
3,467,4,2355,0.8099152445793152
3,467,5,121,0.8003392219543457
3,467,6,2197,0.7997347116470337
3,467,7,668,0.7958295941352844
3,467,8,2706,0.7740040421485901
3,467,9,1724,0.7664769887924194
3,467,10,2740,0.7625043392181396
3,468,1,1400,0.8046768307685852
3,468,2,663,0.7987484335899353
3,468,3,2628,0.7938284277915955
3,468,4,2197,0.7821962237358093
3,468,5,121,0.7787237763404846
3,468,6,575,0.7669993042945862
3,468,7,2706,0.7588488459587097
3,468,8,1724,0.756486713886261
3,468,9,2740,0.750307559967041
3,468,10,1669,0.7476459741592407
3,469,1,1278,0.712127149105072
3,469,2,2898,0.7045954465866089
3,469,3,185,0.6982466578483582
3,469,4,1836,0.6942741870880127
3,469,5,439,0.6904979944229126
3,469,6,1145,0.6901564002037048
3,469,7,541,0.6851659417152405
3,469,8,1161,0.6830452084541321
3,469,9,1831,0.6806625127792358
3,469,10,554,0.6785475015640259
3,470,1,1400,0.8046959638595581
3,470,2,663,0.8020870685577393
3,470,3,2628,0.7971369624137878
3,470,4,1476,0.7904748916625977
3,470,5,2862,0.7901061177253723
3,470,6,2197,0.7802793979644775
3,470,7,121,0.779229998588562
3,470,8,2706,0.7502038478851318
3,470,9,2243,0.7417246103286743
3,470,10,2740,0.7390473484992981
3,471,1,1447,0.8079963326454163
3,471,2,1412,0.7773790955543518
3,471,3,1248,0.7631736397743225
3,471,4,2141,0.7555485367774963
3,471,5,520,0.7462652325630188
3,471,6,2256,0.7444131374359131
3,471,7,1547,0.7188757658004761
3,471,8,1809,0.7172577381134033
3,471,9,2972,0.7057282328605652
3,471,10,398,0.704712986946106
3,472,1,2048,0.8286941051483154
3,472,2,707,0.8089743852615356
3,472,3,1248,0.7857682704925537
3,472,4,2141,0.7695115208625793
3,472,5,1412,0.7622471451759338
3,472,6,520,0.7448820471763611
3,472,7,1001,0.7174167037010193
3,472,8,1547,0.713359534740448
3,472,9,1809,0.7121791243553162
3,472,10,1613,0.7086557149887085
3,474,1,1829,0.8496016263961792
3,474,2,1531,0.8495384454727173
3,474,3,2141,0.8165717720985413
3,474,4,229,0.8147931098937988
3,474,5,520,0.7873961329460144
3,474,6,1412,0.7717580795288086
3,474,7,1547,0.7638131380081177
3,474,8,1163,0.7555197477340698
3,474,9,1809,0.7503800392150879
3,474,10,398,0.7410824298858643
3,475,1,1447,0.8795459866523743
3,475,2,1063,0.836082398891449
3,475,3,2141,0.8198983073234558
3,475,4,1809,0.8143132925033569
3,475,5,520,0.7913042306900024
3,475,6,1698,0.7874104380607605
3,475,7,359,0.7735798358917236
3,475,8,717,0.7727601528167725
3,475,9,1866,0.7672582268714905
3,475,10,1547,0.7628598809242249
3,476,1,1447,0.8373622894287109
3,476,2,1531,0.8301616311073303
3,476,3,1412,0.7976900935173035
3,476,4,2432,0.7951492667198181
3,476,5,1809,0.7789995670318604
3,476,6,520,0.7757137417793274
3,476,7,1866,0.7613080143928528
3,476,8,1163,0.7507821321487427
3,476,9,1547,0.7495967745780945
3,476,10,294,0.7443698644638062
3,477,1,2019,0.8433062434196472
3,477,2,1447,0.8267337083816528
3,477,3,2141,0.8178073167800903
3,477,4,1698,0.8063948154449463
3,477,5,520,0.7948225736618042
3,477,6,1809,0.7870626449584961
3,477,7,1412,0.7805731296539307
3,477,8,1866,0.7740553021430969
3,477,9,1547,0.7738392949104309
3,477,10,1163,0.7696846723556519
3,478,1,1248,0.8556317090988159
3,478,2,707,0.8418195843696594
3,478,3,1698,0.7858968377113342
3,478,4,1742,0.7348957657814026
3,478,5,1412,0.7270807027816772
3,478,6,2141,0.7261422872543335
3,478,7,2583,0.7068372964859009
3,478,8,1613,0.6965730786323547
3,478,9,2290,0.6920710206031799
3,478,10,127,0.69038325548172
3,479,1,108,0.7897153496742249
3,479,2,1673,0.788634181022644
3,479,3,2595,0.7837514281272888
3,479,4,1613,0.7702512741088867
3,479,5,96,0.7654069066047668
3,479,6,189,0.7644890546798706
3,479,7,2622,0.7602460384368896
3,479,8,1945,0.7563305497169495
3,479,9,1063,0.7427724003791809
3,479,10,1163,0.7309489846229553
3,480,1,2048,0.8971201181411743
3,480,2,229,0.8556001782417297
3,480,3,1412,0.8386878371238708
3,480,4,1063,0.8137962222099304
3,480,5,2141,0.8090009093284607
3,480,6,1809,0.8073412775993347
3,480,7,520,0.7837255001068115
3,480,8,717,0.7705569267272949
3,480,9,359,0.7696306109428406
3,480,10,1547,0.7525744438171387
3,481,1,2048,0.7675057649612427
3,481,2,1981,0.7609544396400452
3,481,3,1613,0.7602851986885071
3,481,4,1252,0.7478899359703064
3,481,5,2377,0.7472058534622192
3,481,6,1063,0.7440596222877502
3,481,7,512,0.7420777678489685
3,481,8,1447,0.7387837171554565
3,481,9,1001,0.735563337802887
3,481,10,520,0.7295671105384827
3,483,1,2048,0.8153350949287415
3,483,2,1981,0.8131312131881714
3,483,3,950,0.8080006837844849
3,483,4,1063,0.7961740493774414
3,483,5,1866,0.7879368662834167
3,483,6,1001,0.7807981967926025
3,483,7,1531,0.780541718006134
3,483,8,229,0.7804132699966431
3,483,9,1447,0.7752829194068909
3,483,10,2432,0.7749277949333191
3,484,1,2048,0.8153350949287415
3,484,2,1981,0.8131312131881714
3,484,3,950,0.8080006837844849
3,484,4,1063,0.7961740493774414
3,484,5,1866,0.7879368662834167
3,484,6,1001,0.7807981967926025
3,484,7,1531,0.780541718006134
3,484,8,229,0.7804132699966431
3,484,9,1447,0.7752829194068909
3,484,10,2432,0.7749277949333191
3,485,1,1001,0.7666698694229126
3,485,2,1613,0.7651074528694153
3,485,3,1252,0.7540153861045837
3,485,4,520,0.7536258101463318
3,485,5,2377,0.752295970916748
3,485,6,1547,0.7492802739143372
3,485,7,2141,0.7489902973175049
3,485,8,512,0.7486832737922668
3,485,9,1063,0.7284980416297913
3,485,10,2622,0.7182332873344421
3,486,1,1613,0.7267253398895264
3,486,2,1465,0.6880305409431458
3,486,3,416,0.6849114894866943
3,486,4,1111,0.6681213974952698
3,486,5,2389,0.6446936726570129
3,486,6,572,0.6386456489562988
3,486,7,1001,0.6315921545028687
3,486,8,1659,0.6311796307563782
3,486,9,1632,0.630626916885376
3,486,10,1945,0.6296890377998352
3,487,1,108,0.7009497284889221
3,487,2,1659,0.694486141204834
3,487,3,572,0.6943705081939697
3,487,4,1673,0.6941787600517273
3,487,5,2622,0.6939918398857117
3,487,6,189,0.6922849416732788
3,487,7,2595,0.6857982873916626
3,487,8,1111,0.6731564998626709
3,487,9,2708,0.6533279418945312
3,487,10,1465,0.6437047719955444
3,491,1,1836,0.7924473881721497
3,491,2,1831,0.7858690619468689
3,491,3,1223,0.780130922794342
3,491,4,1395,0.7735279202461243
3,491,5,1196,0.7566462755203247
3,491,6,1153,0.7537084221839905
3,491,7,1837,0.7520914077758789
3,491,8,554,0.7516655325889587
3,491,9,1501,0.7510594129562378
3,491,10,1354,0.7509826421737671
3,492,1,1223,0.8026171922683716
3,492,2,1354,0.7960412502288818
3,492,3,1153,0.7953698039054871
3,492,4,554,0.7934656143188477
3,492,5,1723,0.7924326062202454
3,492,6,1674,0.7910608053207397
3,492,7,1395,0.7760432362556458
3,492,8,1501,0.7737137079238892
3,492,9,1577,0.7712932229042053
3,492,10,1682,0.7676721811294556
3,493,1,1837,0.801244854927063
3,493,2,1577,0.7984263300895691
3,493,3,2006,0.7482699751853943
3,493,4,1836,0.7472831010818481
3,493,5,1223,0.7457042336463928
3,493,6,439,0.7433146834373474
3,493,7,185,0.7175829410552979
3,493,8,1674,0.711371660232544
3,493,9,3084,0.7105355262756348
3,493,10,554,0.708575963973999
3,494,1,560,0.7249371409416199
3,494,2,1223,0.711466372013092
3,494,3,2751,0.7102872729301453
3,494,4,1518,0.6923021674156189
3,494,5,2006,0.6849300265312195
3,494,6,2202,0.6828370690345764
3,494,7,1717,0.6825987696647644
3,494,8,1966,0.6807107925415039
3,494,9,953,0.6724425554275513
3,494,10,1161,0.6706719398498535
3,495,1,2751,0.8686224818229675
3,495,2,560,0.8673897385597229
3,495,3,1717,0.8668566942214966
3,495,4,2219,0.8595635890960693
3,495,5,1424,0.857546865940094
3,495,6,184,0.8502195477485657
3,495,7,3018,0.8464613556861877
3,495,8,1966,0.8433395624160767
3,495,9,2940,0.8362900614738464
3,495,10,865,0.8356993198394775
4,1,1,645,0.7779524922370911
4,1,2,2702,0.757851779460907
4,1,3,2341,0.7397361993789673
4,1,4,2387,0.7369539737701416
4,1,5,1320,0.736889123916626
4,1,6,261,0.7334980964660645
4,1,7,2165,0.7269056439399719
4,1,8,644,0.7266719341278076
4,1,9,2938,0.7250569462776184
4,1,10,1521,0.7249836325645447
4,2,1,3004,0.6672170758247375
4,2,2,835,0.6612265110015869
4,2,3,546,0.654738187789917
4,2,4,46,0.652605414390564
4,2,5,476,0.6499289274215698
4,2,6,1197,0.6457927823066711
4,2,7,681,0.6447641849517822
4,2,8,1087,0.644474983215332
4,2,9,98,0.6406416296958923
4,2,10,1352,0.6385626196861267
4,3,1,1013,0.6600700616836548
4,3,2,1308,0.6387489438056946
4,3,3,2922,0.6268872022628784
4,3,4,2003,0.625269889831543
4,3,5,461,0.6235814094543457
4,3,6,55,0.6141916513442993
4,3,7,3042,0.6140037775039673
4,3,8,1726,0.6055890321731567
4,3,9,2925,0.6029138565063477
4,3,10,1317,0.5987909436225891
4,4,1,2293,0.5849328637123108
4,4,2,2355,0.5805479884147644
4,4,3,1654,0.5786249041557312
4,4,4,905,0.573488175868988
4,4,5,1615,0.5730577707290649
4,4,6,575,0.5726250410079956
4,4,7,2270,0.5714648365974426
4,4,8,82,0.5710428953170776
4,4,9,1232,0.5700264573097229
4,4,10,1427,0.5696478486061096
4,7,1,2162,0.750794529914856
4,7,2,2502,0.7483112215995789
4,7,3,732,0.7406856417655945
4,7,4,1427,0.7391621470451355
4,7,5,2938,0.7197329998016357
4,7,6,890,0.716457188129425
4,7,7,32,0.7149704098701477
4,7,8,551,0.708896279335022
4,7,9,2161,0.7045722007751465
4,7,10,1047,0.7030417919158936
4,8,1,1528,0.6892622709274292
4,8,2,2090,0.6833860278129578
4,8,3,2914,0.6801475882530212
4,8,4,1089,0.6791187524795532
4,8,5,555,0.6695396304130554
4,8,6,2502,0.6677826642990112
4,8,7,32,0.6623919606208801
4,8,8,2409,0.6469390392303467
4,8,9,325,0.6375745534896851
4,8,10,2702,0.6256831288337708
4,9,1,30,0.7867875099182129
4,9,2,285,0.7740553021430969
4,9,3,2929,0.7719561457633972
4,9,4,2431,0.7583906650543213
4,9,5,1891,0.714866042137146
4,9,6,1977,0.7011474967002869
4,9,7,2952,0.6952149868011475
4,9,8,39,0.6916291117668152
4,9,9,1940,0.6832183003425598
4,9,10,2616,0.6828567385673523
4,10,1,461,0.6093477010726929
4,10,2,3042,0.5866330862045288
4,10,3,1747,0.5724881291389465
4,10,4,426,0.5558241605758667
4,10,5,612,0.5539140701293945
4,10,6,2416,0.5525098443031311
4,10,7,6,0.546072781085968
4,10,8,2745,0.5446691513061523
4,10,9,599,0.5430456399917603
4,10,10,1113,0.5423847436904907
4,11,1,2100,0.7671694755554199
4,11,2,2972,0.7567155957221985
4,11,3,2607,0.7359144687652588
4,11,4,641,0.7327701449394226
4,11,5,1744,0.7300629019737244
4,11,6,520,0.727185845375061
4,11,7,306,0.7232205867767334
4,11,8,257,0.7227821946144104
4,11,9,556,0.7225427031517029
4,11,10,398,0.7155605554580688
4,12,1,1620,0.713657021522522
4,12,2,1720,0.6938073635101318
4,12,3,257,0.6897371411323547
4,12,4,2990,0.6863690614700317
4,12,5,2165,0.6855974793434143
4,12,6,1429,0.6842576265335083
4,12,7,1659,0.6827603578567505
4,12,8,2100,0.6827536821365356
4,12,9,703,0.6825284361839294
4,12,10,1754,0.6798754334449768
4,13,1,1721,0.8035164475440979
4,13,2,2412,0.8020046353340149
4,13,3,1586,0.7930535078048706
4,13,4,2621,0.7917516231536865
4,13,5,1657,0.7900209426879883
4,13,6,39,0.7804641127586365
4,13,7,699,0.7667831778526306
4,13,8,1487,0.7657182812690735
4,13,9,1424,0.7646297216415405
4,13,10,2630,0.7630887031555176
4,14,1,759,0.7416776418685913
4,14,2,1163,0.7202644348144531
4,14,3,718,0.7029523849487305
4,14,4,2972,0.7026386260986328
4,14,5,2100,0.7023191452026367
4,14,6,479,0.699037492275238
4,14,7,2559,0.6962706446647644
4,14,8,398,0.6928426027297974
4,14,9,3053,0.688873827457428
4,14,10,1613,0.6888388991355896
4,15,1,2100,0.6641207933425903
4,15,2,2972,0.6611106395721436
4,15,3,398,0.6468562483787537
4,15,4,1586,0.6417314410209656
4,15,5,553,0.6382139921188354
4,15,6,2559,0.635840892791748
4,15,7,1163,0.6325523257255554
4,15,8,1644,0.6170274019241333
4,15,9,479,0.6152288317680359
4,15,10,556,0.6150655150413513
4,16,1,2972,0.7565182447433472
4,16,2,2100,0.7542955279350281
4,16,3,398,0.7525992393493652
4,16,4,514,0.7178295850753784
4,16,5,532,0.6921712160110474
4,16,6,1163,0.6678261756896973
4,16,7,2916,0.6649859547615051
4,16,8,63,0.662272572517395
4,16,9,2708,0.6590712666511536
4,16,10,479,0.6565277576446533
4,17,1,553,0.6960545778274536
4,17,2,2100,0.6786540746688843
4,17,3,718,0.6760486364364624
4,17,4,1277,0.6737494468688965
4,17,5,2972,0.670971691608429
4,17,6,699,0.6667844653129578
4,17,7,176,0.659527599811554
4,17,8,2435,0.6532267332077026
4,17,9,759,0.6515653133392334
4,17,10,2882,0.6482152938842773
4,18,1,424,0.8060077428817749
4,18,2,2356,0.7803928852081299
4,18,3,731,0.7800023555755615
4,18,4,2901,0.7787960767745972
4,18,5,2691,0.7724975347518921
4,18,6,1613,0.7700877785682678
4,18,7,1252,0.7674481868743896
4,18,8,2594,0.7463259100914001
4,18,9,1246,0.7449948787689209
4,18,10,2642,0.742044985294342
4,20,1,2118,0.7900466322898865
4,20,2,2708,0.7896396517753601
4,20,3,641,0.7838394045829773
4,20,4,1744,0.7739647030830383
4,20,5,2607,0.7733079195022583
4,20,6,1720,0.7730193734169006
4,20,7,1413,0.7663291692733765
4,20,8,2345,0.7655465602874756
4,20,9,2576,0.7652691006660461
4,20,10,257,0.7519193887710571
4,21,1,2723,0.7036188244819641
4,21,2,1724,0.6804778575897217
4,21,3,2286,0.6799899935722351
4,21,4,532,0.6675825119018555
4,21,5,514,0.661493718624115
4,21,6,3041,0.6611307859420776
4,21,7,1415,0.6501436233520508
4,21,8,2409,0.6465821266174316
4,21,9,2916,0.6323330402374268
4,21,10,1237,0.6313735246658325
4,22,1,2719,0.7640394568443298
4,22,2,629,0.7406477928161621
4,22,3,2713,0.7343159317970276
4,22,4,2358,0.7140390276908875
4,22,5,2622,0.7112693190574646
4,22,6,644,0.7100250720977783
4,22,7,2095,0.7058416604995728
4,22,8,1531,0.7057351469993591
4,22,9,198,0.7020294666290283
4,22,10,2702,0.7019287347793579
4,23,1,2100,0.6382041573524475
4,23,2,2972,0.6369507312774658
4,23,3,553,0.634270966053009
4,23,4,3041,0.6338452696800232
4,23,5,398,0.6030033826828003
4,23,6,2607,0.5994271039962769
4,23,7,641,0.5979118943214417
4,23,8,510,0.5921691656112671
4,23,9,2165,0.5860037207603455
4,23,10,176,0.5800101161003113
4,24,1,2299,0.7603550553321838
4,24,2,2621,0.7600445747375488
4,24,3,2412,0.753193199634552
4,24,4,1424,0.7333320379257202
4,24,5,1586,0.7270367741584778
4,24,6,553,0.7259095907211304
4,24,7,1657,0.7250919342041016
4,24,8,39,0.7162142395973206
4,24,9,176,0.7074438333511353
4,24,10,398,0.7068602442741394
4,25,1,429,0.8454034328460693
4,25,2,118,0.8230932950973511
4,25,3,1518,0.7451671361923218
4,25,4,1053,0.7115688323974609
4,25,5,1352,0.6811169981956482
4,25,6,2006,0.6793491840362549
4,25,7,414,0.6760085225105286
4,25,8,2167,0.6746373772621155
4,25,9,1507,0.6720190644264221
4,25,10,1087,0.6683288216590881
4,26,1,1839,0.8018965721130371
4,26,2,980,0.7935476303100586
4,26,3,546,0.7907625436782837
4,26,4,681,0.7819386124610901
4,26,5,98,0.7807356715202332
4,26,6,1712,0.7710059285163879
4,26,7,2604,0.7693382501602173
4,26,8,2780,0.7564373016357422
4,26,9,835,0.7564257979393005
4,26,10,1872,0.7553621530532837
4,27,1,1273,0.7860754728317261
4,27,2,498,0.7769913077354431
4,27,3,3054,0.7713782787322998
4,27,4,2416,0.7661198973655701
4,27,5,2347,0.7612549662590027
4,27,6,611,0.7585958242416382
4,27,7,1838,0.7569955587387085
4,27,8,2144,0.7499606013298035
4,27,9,559,0.7428490519523621
4,27,10,235,0.7409873008728027
4,28,1,2937,0.6114712357521057
4,28,2,1087,0.5676907896995544
4,28,3,1352,0.5558597445487976
4,28,4,1197,0.5490509271621704
4,28,5,38,0.5448580980300903
4,28,6,2751,0.5442701578140259
4,28,7,835,0.5388340950012207
4,28,8,546,0.5347758531570435
4,28,9,2089,0.5299622416496277
4,28,10,429,0.5160622000694275
4,29,1,2929,0.8295258283615112
4,29,2,2431,0.8167938590049744
4,29,3,285,0.8108353614807129
4,29,4,1712,0.7980369329452515
4,29,5,3018,0.7924621105194092
4,29,6,865,0.7739764451980591
4,29,7,2672,0.7704009413719177
4,29,8,546,0.7676455974578857
4,29,9,510,0.7645522952079773
4,29,10,1381,0.7597164511680603
4,30,1,544,0.5576100945472717
4,30,2,2963,0.5571408867835999
4,30,3,32,0.5554625391960144
4,30,4,1963,0.5410939455032349
4,30,5,905,0.5348764657974243
4,30,6,2354,0.5335476994514465
4,30,7,2937,0.5268513560295105
4,30,8,575,0.5264315605163574
4,30,9,2931,0.5230417847633362
4,30,10,1231,0.5189874172210693
4,31,1,2098,0.7444345355033875
4,31,2,1963,0.7116268277168274
4,31,3,2161,0.7098026275634766
4,31,4,1802,0.7071743607521057
4,31,5,2931,0.702139139175415
4,31,6,575,0.700162947177887
4,31,7,22,0.6999489665031433
4,31,8,1710,0.6942642331123352
4,31,9,1231,0.69267338514328
4,31,10,1758,0.6914107203483582
4,32,1,2769,0.5868114233016968
4,32,2,1785,0.5799673795700073
4,32,3,194,0.5760022401809692
4,32,4,2429,0.570243775844574
4,32,5,1683,0.5702118873596191
4,32,6,1376,0.5699523091316223
4,32,7,664,0.5693003535270691
4,32,8,852,0.5687116384506226
4,32,9,2937,0.5664958953857422
4,32,10,653,0.559749960899353
4,33,1,1580,0.7173762321472168
4,33,2,532,0.7111863493919373
4,33,3,509,0.7105867862701416
4,33,4,514,0.7069191932678223
4,33,5,1724,0.7061096429824829
4,33,6,613,0.6996831297874451
4,33,7,2916,0.6914255619049072
4,33,8,30,0.6880332231521606
4,33,9,2972,0.6864979863166809
4,33,10,398,0.6772474050521851
4,34,1,2876,0.6322546005249023
4,34,2,14,0.6208730936050415
4,34,3,1682,0.6173275113105774
4,34,4,2291,0.6071345210075378
4,34,5,1869,0.6048483848571777
4,34,6,1201,0.6042828559875488
4,34,7,1535,0.6023344397544861
4,34,8,724,0.6015380620956421
4,34,9,2202,0.6001938581466675
4,34,10,2721,0.5874462127685547
4,35,1,1087,0.5985748171806335
4,35,2,2751,0.5861941576004028
4,35,3,546,0.5824224352836609
4,35,4,2937,0.5758168697357178
4,35,5,2409,0.550812840461731
4,35,6,1839,0.5458995699882507
4,35,7,1785,0.5451928377151489
4,35,8,1683,0.541827380657196
4,35,9,2121,0.5382983088493347
4,35,10,1712,0.5321096777915955
4,36,1,1087,0.5413172245025635
4,36,2,544,0.5382872223854065
4,36,3,2409,0.5360369086265564
4,36,4,2121,0.5160924196243286
4,36,5,546,0.5146546959877014
4,36,6,32,0.506879448890686
4,36,7,2723,0.49974513053894043
4,36,8,1683,0.4986911416053772
4,36,9,1785,0.49474427103996277
4,36,10,1089,0.49470552802085876
4,37,1,429,0.7356907725334167
4,37,2,2358,0.7134090065956116
4,37,3,1554,0.7023738622665405
4,37,4,118,0.6997790932655334
4,37,5,1053,0.6795974969863892
4,37,6,732,0.6770561337471008
4,37,7,2719,0.6685790419578552
4,37,8,310,0.655474066734314
4,37,9,2502,0.6545010805130005
4,37,10,2372,0.6430481672286987
4,38,1,1013,0.8666675686836243
4,38,2,621,0.8617961406707764
4,38,3,1838,0.8617726564407349
4,38,4,755,0.8589462041854858
4,38,5,1273,0.8482046723365784
4,38,6,2347,0.8404150605201721
4,38,7,3073,0.8240329623222351
4,38,8,2047,0.823415219783783
4,38,9,310,0.8232892751693726
4,38,10,235,0.8167138695716858
4,39,1,310,0.8198605179786682
4,39,2,621,0.7907902002334595
4,39,3,264,0.7842053174972534
4,39,4,518,0.7793303728103638
4,39,5,2851,0.7712791562080383
4,39,6,624,0.7681903839111328
4,39,7,3063,0.765643835067749
4,39,8,286,0.759367823600769
4,39,9,2761,0.7563881874084473
4,39,10,2892,0.749869167804718
4,40,1,158,0.8553699851036072
4,40,2,1273,0.8278440833091736
4,40,3,310,0.8127595782279968
4,40,4,2719,0.807950496673584
4,40,5,1236,0.8060710430145264
4,40,6,621,0.801013171672821
4,40,7,1550,0.7973815202713013
4,40,8,611,0.7945878505706787
4,40,9,1522,0.7926468849182129
4,40,10,2347,0.791847825050354
4,41,1,2347,0.7774884700775146
4,41,2,158,0.7720082998275757
4,41,3,1550,0.7647034525871277
4,41,4,1251,0.7615706324577332
4,41,5,1273,0.7571162581443787
4,41,6,1737,0.751051127910614
4,41,7,2416,0.7498576045036316
4,41,8,611,0.7477822303771973
4,41,9,3054,0.7449268102645874
4,41,10,3073,0.7443733811378479
4,42,1,301,0.83901447057724
4,42,2,248,0.8261842727661133
4,42,3,471,0.8200876712799072
4,42,4,6,0.8157313466072083
4,42,5,667,0.8116093873977661
4,42,6,2003,0.7987825870513916
4,42,7,1685,0.7899602055549622
4,42,8,1428,0.7795721292495728
4,42,9,2942,0.776255190372467
4,42,10,1678,0.7665122747421265
4,43,1,2193,0.8374528884887695
4,43,2,2464,0.8369880318641663
4,43,3,1678,0.831942617893219
4,43,4,2321,0.8312840461730957
4,43,5,2739,0.8311818242073059
4,43,6,918,0.8284790515899658
4,43,7,2888,0.8237148523330688
4,43,8,2441,0.8162914514541626
4,43,9,1347,0.8129521608352661
4,43,10,2969,0.8108503222465515
4,45,1,1738,0.8267963528633118
4,45,2,301,0.8057900071144104
4,45,3,2193,0.7989967465400696
4,45,4,1685,0.7724303007125854
4,45,5,1428,0.7716503739356995
4,45,6,6,0.7585853338241577
4,45,7,2912,0.7414796948432922
4,45,8,2003,0.7400782108306885
4,45,9,1678,0.7398864030838013
4,45,10,1461,0.7383442521095276
4,46,1,1738,0.8585323691368103
4,46,2,301,0.8206176161766052
4,46,3,6,0.8170166015625
4,46,4,2003,0.799615204334259
4,46,5,2273,0.7990365028381348
4,46,6,1678,0.7887903451919556
4,46,7,1428,0.7773867249488831
4,46,8,1461,0.7713925242424011
4,46,9,1685,0.765069842338562
4,46,10,1127,0.7643048763275146
4,47,1,6,0.84862220287323
4,47,2,1747,0.8447858691215515
4,47,3,1165,0.8435698747634888
4,47,4,2003,0.8250129818916321
4,47,5,1920,0.8097931146621704
4,47,6,1417,0.8041053414344788
4,47,7,1449,0.7934301495552063
4,47,8,2739,0.7858971357345581
4,47,9,2464,0.7828770875930786
4,47,10,2321,0.7791145443916321
4,48,1,301,0.8525218367576599
4,48,2,173,0.7993690371513367
4,48,3,2912,0.7894486784934998
4,48,4,507,0.7883121967315674
4,48,5,2942,0.7828181385993958
4,48,6,248,0.7820659875869751
4,48,7,471,0.7813112735748291
4,48,8,2814,0.7786654233932495
4,48,9,672,0.7751418352127075
4,48,10,1386,0.7701888084411621
4,49,1,346,0.7756546139717102
4,49,2,2942,0.7684286236763
4,49,3,2814,0.7561874389648438
4,49,4,301,0.7559021711349487
4,49,5,2322,0.7476988434791565
4,49,6,6,0.7464059591293335
4,49,7,191,0.7459654211997986
4,49,8,1070,0.7413095831871033
4,49,9,1927,0.7407320737838745
4,49,10,2050,0.7393947243690491
4,50,1,6,0.8343750238418579
4,50,2,248,0.822688639163971
4,50,3,301,0.8109095692634583
4,50,4,2003,0.8069843053817749
4,50,5,1165,0.7915770411491394
4,50,6,346,0.7900152802467346
4,50,7,2273,0.7803906202316284
4,50,8,1927,0.7746867537498474
4,50,9,1428,0.7697516679763794
4,50,10,1461,0.759270429611206
4,51,1,1738,0.8491122126579285
4,51,2,390,0.841759204864502
4,51,3,2193,0.8403978943824768
4,51,4,6,0.8123865127563477
4,51,5,301,0.8119621276855469
4,51,6,2003,0.789943516254425
4,51,7,1428,0.7869516015052795
4,51,8,1678,0.7701476216316223
4,51,9,1461,0.7699768543243408
4,51,10,1685,0.7662952542304993
4,52,1,314,0.7432330846786499
4,52,2,6,0.7415493726730347
4,52,3,1927,0.7360232472419739
4,52,4,2868,0.7321130633354187
4,52,5,2003,0.7302858829498291
4,52,6,1365,0.7172737717628479
4,52,7,2546,0.7000821232795715
4,52,8,2193,0.6998720169067383
4,52,9,1428,0.6898466944694519
4,52,10,1840,0.6890838742256165
4,53,1,1082,0.7609714865684509
4,53,2,1495,0.7467986941337585
4,53,3,1365,0.7415784597396851
4,53,4,2963,0.7078633904457092
4,53,5,314,0.6877986192703247
4,53,6,1428,0.6721442937850952
4,53,7,1417,0.6694934964179993
4,53,8,390,0.6679477691650391
4,53,9,1438,0.6675554513931274
4,53,10,2273,0.6666053533554077
4,54,1,948,0.8105713129043579
4,54,2,1365,0.7783709764480591
4,54,3,314,0.7399238348007202
4,54,4,1821,0.72193843126297
4,54,5,2273,0.7191004753112793
4,54,6,1417,0.7167800068855286
4,54,7,2963,0.7151502966880798
4,54,8,471,0.7148746848106384
4,54,9,2003,0.7147523164749146
4,54,10,390,0.7137760519981384
4,55,1,1365,0.7831981778144836
4,55,2,2963,0.7704178094863892
4,55,3,746,0.7652847766876221
4,55,4,2206,0.7459258437156677
4,55,5,314,0.7410700917243958
4,55,6,1438,0.7369100451469421
4,55,7,2868,0.7213075757026672
4,55,8,6,0.7167102694511414
4,55,9,2003,0.7013256549835205
4,55,10,1628,0.6967065930366516
4,56,1,2963,0.7110074162483215
4,56,2,137,0.7060999870300293
4,56,3,1821,0.6909773349761963
4,56,4,2206,0.6675537824630737
4,56,5,32,0.6526239514350891
4,56,6,1600,0.6264623999595642
4,56,7,1760,0.6219843626022339
4,56,8,1034,0.6197517514228821
4,56,9,1428,0.61903977394104
4,56,10,1082,0.611701250076294
4,58,1,137,0.7238325476646423
4,58,2,1821,0.6888104677200317
4,58,3,2206,0.6842404007911682
4,58,4,32,0.682522177696228
4,58,5,1760,0.6583889722824097
4,58,6,1428,0.652279257774353
4,58,7,6,0.6369707584381104
4,58,8,1546,0.6357992887496948
4,58,9,461,0.6315785050392151
4,58,10,1600,0.6300650238990784
4,60,1,1089,0.6656025648117065
4,60,2,1415,0.6591000556945801
4,60,3,1237,0.6295849084854126
4,60,4,1757,0.6294133067131042
4,60,5,1577,0.6033412218093872
4,60,6,2286,0.5946394205093384
4,60,7,1760,0.5918749570846558
4,60,8,555,0.5791558623313904
4,60,9,1528,0.5608722567558289
4,60,10,2914,0.5605098009109497
4,61,1,2409,0.7027331590652466
4,61,2,1415,0.689086377620697
4,61,3,1089,0.6853540539741516
4,61,4,2723,0.6652747988700867
4,61,5,1237,0.6649805903434753
4,61,6,1757,0.6373559236526489
4,61,7,2286,0.6246081590652466
4,61,8,555,0.6044445037841797
4,61,9,1528,0.5820527076721191
4,61,10,2090,0.5709699988365173
4,62,1,1415,0.7005113363265991
4,62,2,1237,0.6765981912612915
4,62,3,1757,0.6678116917610168
4,62,4,2723,0.6606728434562683
4,62,5,2286,0.6351268887519836
4,62,6,555,0.6100837588310242
4,62,7,354,0.5954195261001587
4,62,8,1528,0.5882071256637573
4,62,9,2090,0.575533390045166
4,62,10,325,0.5697606801986694
4,63,1,1415,0.6661714911460876
4,63,2,1757,0.6422582268714905
4,63,3,1237,0.6392223238945007
4,63,4,2286,0.6123781800270081
4,63,5,354,0.5875908732414246
4,63,6,1839,0.5840555429458618
4,63,7,2717,0.579933762550354
4,63,8,2940,0.5786835551261902
4,63,9,421,0.576422393321991
4,63,10,546,0.5734991431236267
4,64,1,2280,0.8771125674247742
4,64,2,1723,0.8669348955154419
4,64,3,1153,0.8650667667388916
4,64,4,536,0.8647764325141907
4,64,5,1674,0.8624362349510193
4,64,6,1354,0.8623598217964172
4,64,7,554,0.8595135807991028
4,64,8,738,0.8442284464836121
4,64,9,122,0.8434765934944153
4,64,10,1832,0.839721143245697
4,65,1,2937,0.571333646774292
4,65,2,3053,0.5621420741081238
4,65,3,1516,0.5434165000915527
4,65,4,2006,0.5376241207122803
4,65,5,1437,0.5355920791625977
4,65,6,718,0.5271934866905212
4,65,7,2354,0.5264944434165955
4,65,8,1362,0.5258462429046631
4,65,9,1427,0.5240054130554199
4,65,10,905,0.5208162069320679
4,66,1,2931,0.8248378038406372
4,66,2,22,0.8205510377883911
4,66,3,1476,0.818122923374176
4,66,4,1758,0.811366617679596
4,66,5,738,0.8046486973762512
4,66,6,1963,0.7976300716400146
4,66,7,1055,0.7774320244789124
4,66,8,2963,0.7722413539886475
4,66,9,554,0.7721076011657715
4,66,10,1045,0.7717492580413818
4,67,1,1007,0.7590783834457397
4,67,2,2280,0.7399997711181641
4,67,3,524,0.7364023923873901
4,67,4,308,0.731616735458374
4,67,5,444,0.7199405431747437
4,67,6,2493,0.7116190195083618
4,67,7,122,0.7110471129417419
4,67,8,843,0.7010266184806824
4,67,9,1354,0.700951337814331
4,67,10,1832,0.6992875337600708
4,68,1,1476,0.8119165897369385
4,68,2,2931,0.8104754090309143
4,68,3,536,0.8073391318321228
4,68,4,554,0.8067939281463623
4,68,5,1153,0.805533766746521
4,68,6,1723,0.8037694692611694
4,68,7,738,0.7970032095909119
4,68,8,2280,0.7968339323997498
4,68,9,1354,0.7936261892318726
4,68,10,1674,0.7908356785774231
4,69,1,1963,0.8477696180343628
4,69,2,2931,0.8463010191917419
4,69,3,1476,0.8376904726028442
4,69,4,738,0.8331130146980286
4,69,5,22,0.8235059380531311
4,69,6,1758,0.8215689063072205
4,69,7,575,0.8141283392906189
4,69,8,905,0.8122883439064026
4,69,9,1231,0.8105517625808716
4,69,10,1710,0.8060908913612366
4,70,1,2098,0.8676339983940125
4,70,2,1963,0.8655315637588501
4,70,3,1710,0.8520964980125427
4,70,4,1427,0.8474926352500916
4,70,5,2161,0.846686840057373
4,70,6,1758,0.8425158262252808
4,70,7,2355,0.838672399520874
4,70,8,22,0.8385366797447205
4,70,9,2931,0.8349818587303162
4,70,10,1766,0.8343783020973206
4,71,1,2098,0.8976468443870544
4,71,2,2931,0.8936071395874023
4,71,3,1476,0.8783301115036011
4,71,4,1055,0.8698472380638123
4,71,5,2161,0.863381028175354
4,71,6,1910,0.859188437461853
4,71,7,1710,0.856086790561676
4,71,8,1427,0.8427252769470215
4,71,9,1546,0.8305869698524475
4,71,10,2280,0.826483428478241
4,72,1,1082,0.7099862694740295
4,72,2,137,0.7078610062599182
4,72,3,1365,0.6996074318885803
4,72,4,1821,0.6967785358428955
4,72,5,1495,0.6961917877197266
4,72,6,948,0.6945731043815613
4,72,7,2963,0.6847457885742188
4,72,8,2206,0.6808687448501587
4,72,9,1279,0.6719728112220764
4,72,10,1438,0.6466468572616577
4,73,1,137,0.7391010522842407
4,73,2,2206,0.7198541164398193
4,73,3,1821,0.7188551425933838
4,73,4,1082,0.6873783469200134
4,73,5,2963,0.6830326914787292
4,73,6,1365,0.6812614798545837
4,73,7,948,0.6783443689346313
4,73,8,1495,0.668115496635437
4,73,9,1438,0.6611992716789246
4,73,10,1388,0.6611899733543396
4,74,1,137,0.7520530819892883
4,74,2,2206,0.7424255013465881
4,74,3,948,0.7263832092285156
4,74,4,314,0.7144426107406616
4,74,5,1927,0.707654595375061
4,74,6,2868,0.702290415763855
4,74,7,1365,0.6977237462997437
4,74,8,1082,0.6970875263214111
4,74,9,1821,0.695860743522644
4,74,10,746,0.6952558159828186
4,75,1,746,0.7439600825309753
4,75,2,325,0.7016943693161011
4,75,3,2894,0.6929989457130432
4,75,4,1628,0.6879206895828247
4,75,5,667,0.6856215000152588
4,75,6,2618,0.68524169921875
4,75,7,1365,0.6832333207130432
4,75,8,2868,0.6821867227554321
4,75,9,2678,0.6759482026100159
4,75,10,1438,0.6734978556632996
4,76,1,905,0.7024376392364502
4,76,2,1963,0.700559675693512
4,76,3,2354,0.7004982829093933
4,76,4,575,0.6950286030769348
4,76,5,2355,0.6869968175888062
4,76,6,1231,0.6853067874908447
4,76,7,2963,0.6753255724906921
4,76,8,2931,0.6639060378074646
4,76,9,1476,0.6522777080535889
4,76,10,668,0.6507952213287354
4,77,1,1963,0.7409806847572327
4,77,2,905,0.7352853417396545
4,77,3,2354,0.7323355674743652
4,77,4,575,0.7253591418266296
4,77,5,2355,0.7247632741928101
4,77,6,1231,0.7140246629714966
4,77,7,1654,0.7061430811882019
4,77,8,2098,0.7029343247413635
4,77,9,2293,0.699614942073822
4,77,10,1615,0.6948421597480774
4,78,1,2293,0.7800943851470947
4,78,2,1615,0.7779438495635986
4,78,3,1654,0.7689493894577026
4,78,4,1232,0.7607842683792114
4,78,5,1427,0.7530769109725952
4,78,6,103,0.7498915195465088
4,78,7,230,0.7427141070365906
4,78,8,82,0.7330489754676819
4,78,9,696,0.7321406006813049
4,78,10,1963,0.7302324175834656
4,80,1,2871,0.7861499786376953
4,80,2,792,0.7799144983291626
4,80,3,974,0.7707622647285461
4,80,4,55,0.7642292976379395
4,80,5,1579,0.7616386413574219
4,80,6,286,0.7613508105278015
4,80,7,308,0.7609484195709229
4,80,8,2851,0.7602774500846863
4,80,9,1767,0.7599967122077942
4,80,10,524,0.7589009404182434
4,81,1,1303,0.7822099924087524
4,81,2,229,0.7790441513061523
4,81,3,1400,0.7743605375289917
4,81,4,663,0.7726162672042847
4,81,5,2073,0.7616186738014221
4,81,6,598,0.7552574276924133
4,81,7,2048,0.7469648718833923
4,81,8,674,0.7458543181419373
4,81,9,220,0.7429864406585693
4,81,10,1063,0.7427076101303101
4,82,1,766,0.8851674199104309
4,82,2,2406,0.8630673289299011
4,82,3,3053,0.833812415599823
4,82,4,494,0.8264918327331543
4,82,5,229,0.7785018682479858
4,82,6,2073,0.7707996964454651
4,82,7,95,0.7692994475364685
4,82,8,2556,0.7659106850624084
4,82,9,192,0.7652727961540222
4,82,10,567,0.7650837898254395
4,83,1,766,0.8403735756874084
4,83,2,3053,0.8182748556137085
4,83,3,2406,0.816362738609314
4,83,4,95,0.8002780675888062
4,83,5,2306,0.7942764163017273
4,83,6,567,0.7842822074890137
4,83,7,696,0.7719996571540833
4,83,8,192,0.7719253301620483
4,83,9,2243,0.7697375416755676
4,83,10,972,0.769551694393158
4,84,1,766,0.864229679107666
4,84,2,2406,0.8508129119873047
4,84,3,3053,0.8166645169258118
4,84,4,2306,0.8138810992240906
4,84,5,2114,0.806308388710022
4,84,6,494,0.8061824440956116
4,84,7,95,0.8020132184028625
4,84,8,1615,0.7725638151168823
4,84,9,229,0.7691407203674316
4,84,10,2073,0.767939567565918
4,85,1,852,0.8729516267776489
4,85,2,1716,0.8679857850074768
4,85,3,44,0.866966724395752
4,85,4,3063,0.8615425825119019
4,85,5,8,0.849137008190155
4,85,6,2328,0.8472245931625366
4,85,7,787,0.8455677032470703
4,85,8,2700,0.8429487347602844
4,85,9,2093,0.8412526845932007
4,85,10,273,0.8395190834999084
4,86,1,1963,0.8253988027572632
4,86,2,121,0.801113486289978
4,86,3,2580,0.7980173230171204
4,86,4,738,0.7946009635925293
4,86,5,1582,0.7927482724189758
4,86,6,905,0.7890838384628296
4,86,7,2354,0.7807028889656067
4,86,8,575,0.7783976793289185
4,86,9,1231,0.772452175617218
4,86,10,480,0.7719715237617493
4,87,1,608,0.8756530284881592
4,87,2,1582,0.8750307559967041
4,87,3,2580,0.8571690917015076
4,87,4,843,0.8551661968231201
4,87,5,121,0.8496333360671997
4,87,6,122,0.8452736139297485
4,87,7,2628,0.8355165719985962
4,87,8,2253,0.8287575244903564
4,87,9,2280,0.8278740644454956
4,87,10,1875,0.827619731426239
4,88,1,32,0.7346504330635071
4,88,2,1628,0.7295300364494324
4,88,3,2098,0.7294203639030457
4,88,4,1546,0.7251092791557312
4,88,5,2618,0.7156797647476196
4,88,6,2161,0.7144715785980225
4,88,7,890,0.7132970094680786
4,88,8,2099,0.7129390239715576
4,88,9,608,0.7116639614105225
4,88,10,1438,0.7114574909210205
4,89,1,1963,0.8119572401046753
4,89,2,1231,0.810943603515625
4,89,3,575,0.808393657207489
4,89,4,2931,0.7979772090911865
4,89,5,480,0.7977147102355957
4,89,6,2280,0.7957905530929565
4,89,7,1476,0.7905770540237427
4,89,8,905,0.789149820804596
4,89,9,121,0.784478485584259
4,89,10,2354,0.782920241355896
4,90,1,1600,0.6615660786628723
4,90,2,1501,0.6472331881523132
4,90,3,1577,0.6378248333930969
4,90,4,746,0.6249024868011475
4,90,5,1438,0.6183415651321411
4,90,6,2963,0.6172150373458862
4,90,7,495,0.6009881496429443
4,90,8,1831,0.5998173356056213
4,90,9,1685,0.599368691444397
4,90,10,271,0.5987139344215393
4,91,1,1831,0.7316159605979919
4,91,2,495,0.7302575707435608
4,91,3,524,0.7302234172821045
4,91,4,2111,0.7278409600257874
4,91,5,2581,0.7166253328323364
4,91,6,750,0.7151610255241394
4,91,7,3017,0.7147253751754761
4,91,8,749,0.7134559750556946
4,91,9,1836,0.7103991508483887
4,91,10,1778,0.707170844078064
4,93,1,439,0.8441054224967957
4,93,2,1212,0.8427954316139221
4,93,3,1831,0.835027277469635
4,93,4,495,0.8346008658409119
4,93,5,1836,0.8164831399917603
4,93,6,541,0.8129432797431946
4,93,7,1501,0.7899555563926697
4,93,8,1161,0.7862095236778259
4,93,9,1145,0.6826297640800476
4,93,10,185,0.6824155449867249
4,94,1,1577,0.7660924196243286
4,94,2,1161,0.6944121718406677
4,94,3,1920,0.6836774349212646
4,94,4,1501,0.6699787378311157
4,94,5,495,0.6537105441093445
4,94,6,1831,0.6477854251861572
4,94,7,1590,0.6459385752677917
4,94,8,541,0.6456061601638794
4,94,9,58,0.6451151967048645
4,94,10,2322,0.6403869986534119
4,95,1,1831,0.7082387804985046
4,95,2,495,0.7080143094062805
4,95,3,1836,0.7076550722122192
4,95,4,541,0.7032150626182556
4,95,5,439,0.7022201418876648
4,95,6,1212,0.6774317622184753
4,95,7,1161,0.6677826046943665
4,95,8,1501,0.6379457116127014
4,95,9,784,0.6348444819450378
4,95,10,2202,0.6345024704933167
4,97,1,2719,0.7868157029151917
4,97,2,611,0.7575984001159668
4,97,3,629,0.7517553567886353
4,97,4,2048,0.7505295276641846
4,97,5,1047,0.7497811913490295
4,97,6,2344,0.749143123626709
4,97,7,1522,0.7461739778518677
4,97,8,1063,0.7448136806488037
4,97,9,2019,0.7399412393569946
4,97,10,2074,0.7388603091239929
4,98,1,2344,0.7364407777786255
4,98,2,1112,0.7223742008209229
4,98,3,1645,0.7191994786262512
4,98,4,2957,0.7187409996986389
4,98,5,215,0.7180679440498352
4,98,6,629,0.7148228287696838
4,98,7,969,0.7127297520637512
4,98,8,2416,0.7098160982131958
4,98,9,193,0.708978533744812
4,98,10,861,0.7084223031997681
4,99,1,1163,0.7250444293022156
4,99,2,479,0.7189974188804626
4,99,3,2559,0.7153800129890442
4,99,4,2972,0.7040778398513794
4,99,5,2100,0.7015199661254883
4,99,6,1252,0.6889805197715759
4,99,7,512,0.6869795322418213
4,99,8,398,0.6856261491775513
4,99,9,1613,0.6809775233268738
4,99,10,193,0.6532901525497437
4,100,1,629,0.7755535840988159
4,100,2,1708,0.7676999568939209
4,100,3,1044,0.7662996053695679
4,100,4,1287,0.7655099630355835
4,100,5,1645,0.7634782195091248
4,100,6,1142,0.762337327003479
4,100,7,2095,0.7602213621139526
4,100,8,2713,0.7594804763793945
4,100,9,1642,0.7557083368301392
4,100,10,1267,0.7546919584274292
4,101,1,1044,0.8555022478103638
4,101,2,1708,0.8416948914527893
4,101,3,1413,0.8400312066078186
4,101,4,1720,0.8387005925178528
4,101,5,2576,0.8383525609970093
4,101,6,2708,0.8327487707138062
4,101,7,1429,0.8319610357284546
4,101,8,2808,0.8243424892425537
4,101,9,2118,0.8192616701126099
4,101,10,206,0.8180813193321228
4,102,1,1681,0.8602705001831055
4,102,2,1642,0.854687511920929
4,102,3,2143,0.8316162824630737
4,102,4,769,0.8303623199462891
4,102,5,1248,0.8223315477371216
4,102,6,1936,0.8216383457183838
4,102,7,1708,0.8148263096809387
4,102,8,2395,0.8132200837135315
4,102,9,2490,0.8130764961242676
4,102,10,1645,0.811867356300354
4,103,1,1708,0.84223473072052
4,103,2,1267,0.8351024389266968
4,103,3,1686,0.8229907155036926
4,103,4,1044,0.8222848773002625
4,103,5,641,0.8208222985267639
4,103,6,1720,0.819130539894104
4,103,7,1936,0.818336009979248
4,103,8,2607,0.8172199130058289
4,103,9,1645,0.8166578412055969
4,103,10,2490,0.8138870000839233
4,104,1,1642,0.8684221506118774
4,104,2,215,0.8229624629020691
4,104,3,1267,0.8156991004943848
4,104,4,1708,0.8154367208480835
4,104,5,2607,0.8149324059486389
4,104,6,2490,0.8148631453514099
4,104,7,641,0.8142633438110352
4,104,8,1645,0.8015261888504028
4,104,9,257,0.8014102578163147
4,104,10,2345,0.8004701137542725
4,105,1,769,0.8089275360107422
4,105,2,257,0.7960363030433655
4,105,3,1612,0.7900343537330627
4,105,4,2607,0.7896636128425598
4,105,5,2490,0.7885127067565918
4,105,6,215,0.7851786017417908
4,105,7,675,0.7850772142410278
4,105,8,2951,0.7821015119552612
4,105,9,641,0.7802743315696716
4,105,10,1267,0.7773141264915466
4,106,1,2118,0.7966406941413879
4,106,2,2576,0.7917932271957397
4,106,3,2345,0.7913592457771301
4,106,4,1413,0.7892282605171204
4,106,5,1720,0.7885987758636475
4,106,6,1642,0.7884097099304199
4,106,7,1429,0.7814883589744568
4,106,8,206,0.7710720300674438
4,106,9,257,0.7674329280853271
4,106,10,1307,0.7653135657310486
4,108,1,2159,0.8172770142555237
4,108,2,1547,0.8091153502464294
4,108,3,769,0.801105260848999
4,108,4,2345,0.8001818060874939
4,108,5,128,0.7945784330368042
4,108,6,520,0.7930315136909485
4,108,7,1612,0.7909086346626282
4,108,8,2556,0.7908041477203369
4,108,9,2143,0.7907281517982483
4,108,10,2920,0.7884635925292969
4,109,1,2345,0.7697750329971313
4,109,2,2118,0.7560852766036987
4,109,3,257,0.7471266984939575
4,109,4,2576,0.7469903826713562
4,109,5,1569,0.7444881200790405
4,109,6,1547,0.7419308423995972
4,109,7,1429,0.7412137389183044
4,109,8,1413,0.7379668354988098
4,109,9,520,0.7364312410354614
4,109,10,1744,0.7337653636932373
4,110,1,30,0.8017283082008362
4,110,2,2431,0.7781885266304016
4,110,3,285,0.7755377292633057
4,110,4,2929,0.772010326385498
4,110,5,1721,0.7557532787322998
4,110,6,39,0.752379834651947
4,110,7,3018,0.7491240501403809
4,110,8,865,0.7414359450340271
4,110,9,1712,0.7224276661872864
4,110,10,1977,0.7212419509887695
4,111,1,2952,0.8110637664794922
4,111,2,1344,0.7940269112586975
4,111,3,30,0.757399320602417
4,111,4,285,0.7573374509811401
4,111,5,2929,0.752997636795044
4,111,6,572,0.7474421858787537
4,111,7,613,0.7360602021217346
4,111,8,2702,0.7326375246047974
4,111,9,1247,0.7324836850166321
4,111,10,953,0.7230747938156128
4,112,1,285,0.8156035542488098
4,112,2,2929,0.8132368326187134
4,112,3,30,0.7934975624084473
4,112,4,1977,0.7899188995361328
4,112,5,2952,0.7843472957611084
4,112,6,1247,0.7801637053489685
4,112,7,2431,0.7788850665092468
4,112,8,510,0.7485164403915405
4,112,9,533,0.7340694069862366
4,112,10,1344,0.7276877164840698
4,113,1,1940,0.7248573899269104
4,113,2,1344,0.6546216607093811
4,113,3,2952,0.6451461315155029
4,113,4,1320,0.6409295201301575
4,113,5,2702,0.6407638192176819
4,113,6,1977,0.6278413534164429
4,113,7,1984,0.6245503425598145
4,113,8,1247,0.6229214668273926
4,113,9,484,0.6224530935287476
4,113,10,1053,0.6200219988822937
4,114,1,2556,0.7316066026687622
4,114,2,2444,0.7315989136695862
4,114,3,128,0.7204367518424988
4,114,4,1270,0.7167278528213501
4,114,5,2377,0.7160338163375854
4,114,6,1001,0.7150213122367859
4,114,7,2159,0.7073988318443298
4,114,8,2552,0.7010635137557983
4,114,9,2141,0.6990039944648743
4,114,10,2920,0.69745272397995
4,115,1,1270,0.837455153465271
4,115,2,2285,0.8337366580963135
4,115,3,2552,0.8218291401863098
4,115,4,1001,0.8162798881530762
4,115,5,2691,0.8145853877067566
4,115,6,2356,0.8144428133964539
4,115,7,1946,0.8135497570037842
4,115,8,2377,0.8132376670837402
4,115,9,2989,0.8094446063041687
4,115,10,289,0.8090553283691406
4,116,1,1270,0.8254234790802002
4,116,2,1946,0.8020114898681641
4,116,3,2285,0.8016186356544495
4,116,4,1001,0.7993679642677307
4,116,5,2552,0.7978973388671875
4,116,6,2377,0.7977458834648132
4,116,7,2356,0.7917588353157043
4,116,8,2444,0.7852922677993774
4,116,9,2989,0.7847654819488525
4,116,10,969,0.7692118883132935
4,117,1,2552,0.7990131974220276
4,117,2,1270,0.7964646220207214
4,117,3,2989,0.7846172451972961
4,117,4,1001,0.7777926325798035
4,117,5,2377,0.7767573595046997
4,117,6,1946,0.764268159866333
4,117,7,969,0.7626197338104248
4,117,8,289,0.761075496673584
4,117,9,861,0.7582842707633972
4,117,10,756,0.75343918800354
4,118,1,2159,0.840060830116272
4,118,2,1829,0.8388026356697083
4,118,3,2432,0.8385132551193237
4,118,4,2552,0.8345234394073486
4,118,5,2556,0.8291544914245605
4,118,6,1698,0.8290907740592957
4,118,7,2238,0.8272372484207153
4,118,8,1270,0.8255306482315063
4,118,9,2285,0.8210560083389282
4,118,10,969,0.8186250329017639
4,119,1,1270,0.8850967884063721
4,119,2,2285,0.8596016764640808
4,119,3,128,0.8588951826095581
4,119,4,2377,0.8552680611610413
4,119,5,1001,0.8540129661560059
4,119,6,2444,0.8506007790565491
4,119,7,2848,0.8503972291946411
4,119,8,2159,0.85010826587677
4,119,9,1829,0.8474302887916565
4,119,10,950,0.838845431804657
4,120,1,2552,0.8770173192024231
4,120,2,601,0.8769798874855042
4,120,3,407,0.8691089153289795
4,120,4,1866,0.8683854937553406
4,120,5,2048,0.8621706962585449
4,120,6,950,0.8605169653892517
4,120,7,1829,0.8547026515007019
4,120,8,229,0.8546469807624817
4,120,9,2432,0.8471933603286743
4,120,10,2344,0.8455528020858765
4,121,1,407,0.8179248571395874
4,121,2,2344,0.8173922300338745
4,121,3,612,0.8121699690818787
4,121,4,2848,0.8042237758636475
4,121,5,2444,0.8000734448432922
4,121,6,2285,0.7983033061027527
4,121,7,1201,0.7976164221763611
4,121,8,601,0.7958393692970276
4,121,9,2727,0.7903398871421814
4,121,10,861,0.7838590145111084
4,122,1,1839,0.7834834456443787
4,122,2,1712,0.7520110011100769
4,122,3,2780,0.7518297433853149
4,122,4,98,0.7408427596092224
4,122,5,560,0.7393050789833069
4,122,6,1197,0.7371768355369568
4,122,7,1435,0.7282005548477173
4,122,8,835,0.7241427898406982
4,122,9,2751,0.7163854241371155
4,122,10,2604,0.7150973081588745
4,123,1,1839,0.7865390181541443
4,123,2,98,0.7701035141944885
4,123,3,546,0.7651243209838867
4,123,4,980,0.7622082233428955
4,123,5,2604,0.7569050192832947
4,123,6,2780,0.7408608198165894
4,123,7,1898,0.7395620942115784
4,123,8,1601,0.7349668741226196
4,123,9,1712,0.7345008850097656
4,123,10,1872,0.7329980134963989
4,124,1,1839,0.8057766556739807
4,124,2,98,0.7851026058197021
4,124,3,1435,0.7680501937866211
4,124,4,1712,0.7658879160881042
4,124,5,2780,0.7586671113967896
4,124,6,835,0.7530708909034729
4,124,7,560,0.7514777183532715
4,124,8,2604,0.7506130933761597
4,124,9,1197,0.7437011003494263
4,124,10,46,0.7395219206809998
4,125,1,98,0.8444101214408875
4,125,2,1839,0.8407003283500671
4,125,3,835,0.8253353834152222
4,125,4,1712,0.8213306069374084
4,125,5,2780,0.8205588459968567
4,125,6,2669,0.819757878780365
4,125,7,1435,0.8186919093132019
4,125,8,46,0.812412679195404
4,125,9,2604,0.8084554672241211
4,125,10,1898,0.8008623719215393
4,127,1,1087,0.7380290627479553
4,127,2,546,0.724295437335968
4,127,3,1197,0.7026345133781433
4,127,4,1839,0.7010279893875122
4,127,5,2937,0.6915542483329773
4,127,6,1785,0.6913480162620544
4,127,7,38,0.686564028263092
4,127,8,2604,0.6845381259918213
4,127,9,2780,0.6841084361076355
4,127,10,2299,0.6735949516296387
4,129,1,1087,0.7350636124610901
4,129,2,546,0.7310172319412231
4,129,3,1839,0.6977505683898926
4,129,4,550,0.6913504600524902
4,129,5,2604,0.6827114820480347
4,129,6,1197,0.680122971534729
4,129,7,2780,0.6780368089675903
4,129,8,429,0.6694368124008179
4,129,9,510,0.6667271256446838
4,129,10,2717,0.6656464338302612
4,131,1,980,0.8303782343864441
4,131,2,1898,0.8103268146514893
4,131,3,46,0.8090497851371765
4,131,4,2669,0.8063242435455322
4,131,5,1601,0.8028379082679749
4,131,6,835,0.8022942543029785
4,131,7,560,0.7956201434135437
4,131,8,476,0.7928506135940552
4,131,9,1872,0.7881815433502197
4,131,10,3004,0.7877864837646484
4,132,1,1721,0.8198344707489014
4,132,2,98,0.801458477973938
4,132,3,560,0.787668764591217
4,132,4,39,0.7796043157577515
4,132,5,1839,0.7783306241035461
4,132,6,1657,0.7535420656204224
4,132,7,2669,0.7429103255271912
4,132,8,1601,0.7399737238883972
4,132,9,2412,0.7389630079269409
4,132,10,476,0.7386807203292847
4,133,1,1721,0.8198344707489014
4,133,2,98,0.801458477973938
4,133,3,560,0.787668764591217
4,133,4,39,0.7796043157577515
4,133,5,1839,0.7783306241035461
4,133,6,1657,0.7535420656204224
4,133,7,2669,0.7429103255271912
4,133,8,1601,0.7399737238883972
4,133,9,2412,0.7389630079269409
4,133,10,476,0.7386807203292847
4,134,1,1721,0.8198344707489014
4,134,2,98,0.801458477973938
4,134,3,560,0.787668764591217
4,134,4,39,0.7796043157577515
4,134,5,1839,0.7783306241035461
4,134,6,1657,0.7535420656204224
4,134,7,2669,0.7429103255271912
4,134,8,1601,0.7399737238883972
4,134,9,2412,0.7389630079269409
4,134,10,476,0.7386807203292847
4,135,1,1721,0.8198344707489014
4,135,2,98,0.801458477973938
4,135,3,560,0.787668764591217
4,135,4,39,0.7796043157577515
4,135,5,1839,0.7783306241035461
4,135,6,1657,0.7535420656204224
4,135,7,2669,0.7429103255271912
4,135,8,1601,0.7399737238883972
4,135,9,2412,0.7389630079269409
4,135,10,476,0.7386807203292847
4,136,1,980,0.8373381495475769
4,136,2,98,0.8322758674621582
4,136,3,2780,0.8317002654075623
4,136,4,1839,0.8310573697090149
4,136,5,46,0.8257980942726135
4,136,6,2669,0.8208400011062622
4,136,7,3004,0.8151185512542725
4,136,8,1898,0.8104237914085388
4,136,9,1435,0.8062378168106079
4,136,10,2604,0.802960216999054
4,137,1,1352,0.7999275326728821
4,137,2,681,0.7863261103630066
4,137,3,2882,0.7815253734588623
4,137,4,186,0.7793274521827698
4,137,5,2604,0.77581787109375
4,137,6,780,0.7707720994949341
4,137,7,550,0.7703320384025574
4,137,8,1087,0.7702988386154175
4,137,9,1816,0.7614433169364929
4,137,10,429,0.7606616616249084
4,138,1,2604,0.8511024713516235
4,138,2,1898,0.8297482132911682
4,138,3,681,0.8286556005477905
4,138,4,186,0.8278229236602783
4,138,5,980,0.8205371499061584
4,138,6,2669,0.8163082599639893
4,138,7,1839,0.8123833537101746
4,138,8,835,0.8123765587806702
4,138,9,98,0.8103615045547485
4,138,10,1872,0.8031676411628723
4,139,1,2780,0.8570283055305481
4,139,2,1352,0.8393855690956116
4,139,3,2604,0.8347859978675842
4,139,4,681,0.8326107263565063
4,139,5,835,0.8284988403320312
4,139,6,546,0.8196213841438293
4,139,7,980,0.8171274662017822
4,139,8,1872,0.8160465955734253
4,139,9,550,0.8154184222221375
4,139,10,2669,0.8088222146034241
4,140,1,2604,0.8267127275466919
4,140,2,681,0.8174786567687988
4,140,3,186,0.8062933683395386
4,140,4,2780,0.8039912581443787
4,140,5,980,0.7989863157272339
4,140,6,546,0.7967786192893982
4,140,7,835,0.7885703444480896
4,140,8,1898,0.7792587280273438
4,140,9,98,0.7771739959716797
4,140,10,46,0.7751297950744629
4,141,1,980,0.8345611095428467
4,141,2,2604,0.8328695893287659
4,141,3,681,0.8301798105239868
4,141,4,2780,0.8205608129501343
4,141,5,1839,0.818802535533905
4,141,6,46,0.8182545900344849
4,141,7,1197,0.8150092363357544
4,141,8,1898,0.8148788809776306
4,141,9,3004,0.8115661144256592
4,141,10,546,0.8004218339920044
4,142,1,1839,0.8051638603210449
4,142,2,1712,0.7944326400756836
4,142,3,2780,0.7836843132972717
4,142,4,1435,0.7824743390083313
4,142,5,546,0.7819887399673462
4,142,6,980,0.781038224697113
4,142,7,46,0.7710369825363159
4,142,8,560,0.7640833854675293
4,142,9,3004,0.7629778981208801
4,142,10,2604,0.7589420080184937
4,143,1,1712,0.8176087737083435
4,143,2,98,0.8170310258865356
4,143,3,1839,0.8065984845161438
4,143,4,1435,0.7996049523353577
4,143,5,2780,0.7892894744873047
4,143,6,560,0.7818284630775452
4,143,7,2669,0.773810863494873
4,143,8,980,0.772161602973938
4,143,9,546,0.7688381671905518
4,143,10,46,0.7680779099464417
4,144,1,681,0.8698527812957764
4,144,2,980,0.8546730279922485
4,144,3,2604,0.8535545468330383
4,144,4,1197,0.8528634309768677
4,144,5,1839,0.8415446877479553
4,144,6,1435,0.8351998329162598
4,144,7,2669,0.8350404500961304
4,144,8,98,0.8347203135490417
4,144,9,46,0.8329294323921204
4,144,10,2780,0.8327938318252563
4,145,1,546,0.773131787776947
4,145,2,550,0.7618559002876282
4,145,3,2780,0.7566056847572327
4,145,4,1352,0.756113588809967
4,145,5,1087,0.7557443976402283
4,145,6,1839,0.7533397674560547
4,145,7,1197,0.7482271194458008
4,145,8,835,0.7406135201454163
4,145,9,1872,0.7334154844284058
4,145,10,2604,0.7297043204307556
4,146,1,1712,0.8475837111473083
4,146,2,1839,0.837896466255188
4,146,3,98,0.8355208039283752
4,146,4,980,0.8213000893592834
4,146,5,1435,0.8202117085456848
4,146,6,560,0.8044545650482178
4,146,7,546,0.8022506833076477
4,146,8,1601,0.7942938208580017
4,146,9,835,0.7940696477890015
4,146,10,1966,0.7897576093673706
4,147,1,1352,0.8017309308052063
4,147,2,2780,0.7978017926216125
4,147,3,835,0.7907588481903076
4,147,4,1197,0.7899191379547119
4,147,5,550,0.7896555662155151
4,147,6,546,0.7736576795578003
4,147,7,1872,0.7712112069129944
4,147,8,1839,0.7670956254005432
4,147,9,2604,0.7624838352203369
4,147,10,980,0.7595478296279907
4,148,1,1839,0.8140408396720886
4,148,2,98,0.8084474802017212
4,148,3,1712,0.7845602035522461
4,148,4,1435,0.7815873026847839
4,148,5,546,0.7741260528564453
4,148,6,476,0.7606563568115234
4,148,7,560,0.7602604627609253
4,148,8,980,0.758999764919281
4,148,9,1721,0.7479546666145325
4,148,10,835,0.7422288656234741
4,149,1,1839,0.8087469935417175
4,149,2,98,0.7910240292549133
4,149,3,1712,0.7812560200691223
4,149,4,546,0.7740143537521362
4,149,5,1435,0.7638840079307556
4,149,6,1721,0.7451087236404419
4,149,7,476,0.7434631586074829
4,149,8,980,0.7321665287017822
4,149,9,39,0.7280092835426331
4,149,10,1087,0.7217196226119995
4,150,1,98,0.8555271029472351
4,150,2,1839,0.8501390218734741
4,150,3,1712,0.8364730477333069
4,150,4,980,0.8324582576751709
4,150,5,1435,0.8286595940589905
4,150,6,1898,0.8113741874694824
4,150,7,2604,0.808571457862854
4,150,8,546,0.8056870102882385
4,150,9,1601,0.8040338158607483
4,150,10,835,0.7999539375305176
4,151,1,681,0.8589107394218445
4,151,2,980,0.8532006740570068
4,151,3,2604,0.8531986474990845
4,151,4,835,0.8423090577125549
4,151,5,1839,0.8388441801071167
4,151,6,1872,0.83586186170578
4,151,7,2780,0.83487468957901
4,151,8,1197,0.8296087384223938
4,151,9,98,0.8158677220344543
4,151,10,1352,0.8077161312103271
4,153,1,2604,0.8522205352783203
4,153,2,681,0.8438879251480103
4,153,3,1839,0.8404058218002319
4,153,4,1197,0.8361601829528809
4,153,5,980,0.8332107067108154
4,153,6,2669,0.8301650285720825
4,153,7,98,0.8278571963310242
4,153,8,2780,0.8227337598800659
4,153,9,1898,0.8193177580833435
4,153,10,546,0.8168855309486389
4,154,1,681,0.8409157395362854
4,154,2,1197,0.8367159962654114
4,154,3,186,0.8365791440010071
4,154,4,2669,0.8235403895378113
4,154,5,1839,0.8216308355331421
4,154,6,980,0.8184891939163208
4,154,7,1898,0.8141710162162781
4,154,8,98,0.8113947510719299
4,154,9,2780,0.8097178339958191
4,154,10,2299,0.8069215416908264
4,155,1,1839,0.8711249828338623
4,155,2,1721,0.8671976327896118
4,155,3,546,0.8483782410621643
4,155,4,98,0.8455758094787598
4,155,5,1435,0.8402795791625977
4,155,6,2299,0.8366180658340454
4,155,7,681,0.8327221870422363
4,155,8,2669,0.8287208676338196
4,155,9,2621,0.8272168040275574
4,155,10,980,0.8229764103889465
4,156,1,1839,0.8711249828338623
4,156,2,1721,0.8671976327896118
4,156,3,546,0.8483782410621643
4,156,4,98,0.8455758094787598
4,156,5,1435,0.8402795791625977
4,156,6,2299,0.8366180658340454
4,156,7,681,0.8327221870422363
4,156,8,2669,0.8287208676338196
4,156,9,2621,0.8272168040275574
4,156,10,980,0.8229764103889465
4,157,1,1839,0.8711249828338623
4,157,2,1721,0.8671976327896118
4,157,3,546,0.8483782410621643
4,157,4,98,0.8455758094787598
4,157,5,1435,0.8402795791625977
4,157,6,2299,0.8366180658340454
4,157,7,681,0.8327221870422363
4,157,8,2669,0.8287208676338196
4,157,9,2621,0.8272168040275574
4,157,10,980,0.8229764103889465
4,159,1,1721,0.8307814598083496
4,159,2,2621,0.8228117823600769
4,159,3,39,0.8191843628883362
4,159,4,2299,0.8131183385848999
4,159,5,1435,0.7936549782752991
4,159,6,1898,0.792666494846344
4,159,7,98,0.7923354506492615
4,159,8,186,0.78934246301651
4,159,9,1424,0.786938488483429
4,159,10,2303,0.7789768576622009
4,160,1,98,0.8056542873382568
4,160,2,1839,0.7991664409637451
4,160,3,980,0.7897483706474304
4,160,4,546,0.7736412286758423
4,160,5,2604,0.7689862847328186
4,160,6,476,0.7688676714897156
4,160,7,1601,0.7684217691421509
4,160,8,46,0.7682309150695801
4,160,9,1712,0.7630095481872559
4,160,10,835,0.7603570222854614
4,161,1,2412,0.827217698097229
4,161,2,2621,0.815488874912262
4,161,3,1721,0.8089191913604736
4,161,4,1315,0.8088618516921997
4,161,5,2299,0.8040360808372498
4,161,6,186,0.8024259805679321
4,161,7,39,0.8008418083190918
4,161,8,1898,0.799964964389801
4,161,9,98,0.7951387166976929
4,161,10,1435,0.7888624668121338
4,162,1,325,0.6805640459060669
4,162,2,555,0.6311866641044617
4,162,3,1089,0.6285666227340698
4,162,4,1528,0.6239109039306641
4,162,5,1053,0.6235406994819641
4,162,6,2090,0.617821991443634
4,162,7,1237,0.6156657338142395
4,162,8,1250,0.6134799122810364
4,162,9,3042,0.6123284101486206
4,162,10,2554,0.6102166175842285
4,163,1,2030,0.7406415343284607
4,163,2,1747,0.7091167569160461
4,163,3,325,0.7032166719436646
4,163,4,1358,0.6896179914474487
4,163,5,1927,0.6874145865440369
4,163,6,2554,0.6869869232177734
4,163,7,375,0.6837215423583984
4,163,8,6,0.6766713857650757
4,163,9,354,0.6719755530357361
4,163,10,1053,0.6532122492790222
4,164,1,2546,0.7476615905761719
4,164,2,2678,0.7314953207969666
4,164,3,2963,0.7300272583961487
4,164,4,1365,0.7222931981086731
4,164,5,2090,0.7134170532226562
4,164,6,2554,0.7101520299911499
4,164,7,314,0.708176851272583
4,164,8,1528,0.7080519199371338
4,164,9,325,0.7058638334274292
4,164,10,1237,0.7057151198387146
4,165,1,314,0.8107290267944336
4,165,2,2554,0.8030574917793274
4,165,3,1760,0.786852240562439
4,165,4,727,0.7801341414451599
4,165,5,375,0.7627145648002625
4,165,6,325,0.7583509087562561
4,165,7,1415,0.7564031481742859
4,165,8,6,0.7432632446289062
4,165,9,1237,0.7391795516014099
4,165,10,1358,0.7388975024223328
4,166,1,2409,0.820086658000946
4,166,2,99,0.8146124482154846
4,166,3,1089,0.775303840637207
4,166,4,584,0.7670243978500366
4,166,5,555,0.7629840970039368
4,166,6,2554,0.7608810663223267
4,166,7,314,0.7355095744132996
4,166,8,325,0.7344226837158203
4,166,9,1012,0.7341577410697937
4,166,10,1528,0.7338899970054626
4,167,1,2387,0.6888032555580139
4,167,2,645,0.6732251048088074
4,167,3,2972,0.6584194302558899
4,167,4,2938,0.6535162329673767
4,167,5,2100,0.6509202122688293
4,167,6,1232,0.6499464511871338
4,167,7,2286,0.648307204246521
4,167,8,1012,0.6448041796684265
4,167,9,1328,0.6439058184623718
4,167,10,2293,0.6400769948959351
4,168,1,2409,0.6619329452514648
4,168,2,1089,0.6516883969306946
4,168,3,99,0.6231415867805481
4,168,4,584,0.597983717918396
4,168,5,2914,0.5907938480377197
4,168,6,2723,0.5740932822227478
4,168,7,2121,0.5727019309997559
4,168,8,3037,0.5661167502403259
4,168,9,1012,0.5642400979995728
4,168,10,555,0.5583785772323608
4,169,1,2409,0.6640942692756653
4,169,2,1089,0.6640132665634155
4,169,3,99,0.6139621734619141
4,169,4,3037,0.6011945009231567
4,169,5,2914,0.5984996557235718
4,169,6,3041,0.5937279462814331
4,169,7,2286,0.5907836556434631
4,169,8,584,0.5815162658691406
4,169,9,2723,0.5760373473167419
4,169,10,2121,0.5608189105987549
4,170,1,2409,0.7008526921272278
4,170,2,1089,0.6914534568786621
4,170,3,99,0.6572851538658142
4,170,4,3037,0.6397325396537781
4,170,5,2914,0.6152855157852173
4,170,6,2121,0.612335741519928
4,170,7,584,0.5981699228286743
4,170,8,2723,0.5934814214706421
4,170,9,555,0.575111985206604
4,170,10,1012,0.5631790161132812
4,171,1,1232,0.7653003334999084
4,171,2,2170,0.763113796710968
4,171,3,2938,0.762286365032196
4,171,4,447,0.7618292570114136
4,171,5,1615,0.7615086436271667
4,171,6,2293,0.7559117674827576
4,171,7,567,0.7446365356445312
4,171,8,1659,0.7444255948066711
4,171,9,261,0.7423927783966064
4,171,10,1654,0.7400034070014954
4,172,1,294,0.7317156195640564
4,172,2,1160,0.7252313494682312
4,172,3,1346,0.7157163023948669
4,172,4,1171,0.7057092785835266
4,172,5,1163,0.7005736827850342
4,172,6,2180,0.6973780989646912
4,172,7,479,0.6961430907249451
4,172,8,2092,0.677651584148407
4,172,9,1945,0.6653540730476379
4,172,10,398,0.664588987827301
4,173,1,294,0.8168438673019409
4,173,2,1724,0.7393136024475098
4,173,3,1346,0.7382864356040955
4,173,4,2938,0.7335755228996277
4,173,5,645,0.7290317416191101
4,173,6,613,0.724518358707428
4,173,7,198,0.723942756652832
4,173,8,2702,0.7210754752159119
4,173,9,1821,0.7201606035232544
4,173,10,2972,0.7167874574661255
4,174,1,1447,0.8413194417953491
4,174,2,2713,0.8308860659599304
4,174,3,2048,0.8160520792007446
4,174,4,2019,0.8087403178215027
4,174,5,2256,0.8023240566253662
4,174,6,1248,0.8014989495277405
4,174,7,198,0.7892386317253113
4,174,8,2095,0.7810602784156799
4,174,9,2938,0.7746458053588867
4,174,10,229,0.7746120095252991
4,175,1,2576,0.8308150768280029
4,175,2,2345,0.8297616243362427
4,175,3,2100,0.8241252899169922
4,175,4,447,0.8239994645118713
4,175,5,1413,0.8231398463249207
4,175,6,2972,0.8204750418663025
4,175,7,2118,0.8204242587089539
4,175,8,1429,0.8072130680084229
4,175,9,257,0.8025513291358948
4,175,10,692,0.7999323010444641
4,176,1,2159,0.8428937792778015
4,176,2,2345,0.820783257484436
4,176,3,2143,0.8196044564247131
4,176,4,1642,0.8176667094230652
4,176,5,1681,0.8157459497451782
4,176,6,2432,0.811922013759613
4,176,7,692,0.8093291521072388
4,176,8,769,0.8080755472183228
4,176,9,534,0.8078286051750183
4,176,10,257,0.8066033720970154
4,177,1,2095,0.8780837655067444
4,177,2,692,0.8669958710670471
4,177,3,2576,0.8626300692558289
4,177,4,1413,0.8597525358200073
4,177,5,1044,0.856783390045166
4,177,6,1642,0.8540310263633728
4,177,7,2159,0.8499774932861328
4,177,8,2432,0.8463783264160156
4,177,9,1248,0.8457344174385071
4,177,10,2143,0.8451261520385742
4,178,1,2159,0.8459738492965698
4,178,2,2345,0.8341680765151978
4,178,3,1642,0.826019287109375
4,178,4,2143,0.8251363039016724
4,178,5,257,0.8207650184631348
4,178,6,692,0.8198738098144531
4,178,7,2095,0.8178551197052002
4,178,8,2118,0.8164932131767273
4,178,9,1429,0.8155051469802856
4,178,10,2576,0.8076208233833313
4,179,1,1642,0.8219155073165894
4,179,2,641,0.8212302327156067
4,179,3,2607,0.8138286471366882
4,179,4,1720,0.8130526542663574
4,179,5,1429,0.7970377206802368
4,179,6,2118,0.7923619747161865
4,179,7,2708,0.791062593460083
4,179,8,2143,0.7909614443778992
4,179,9,2345,0.7885331511497498
4,179,10,2910,0.7840681076049805
4,180,1,1642,0.8138152360916138
4,180,2,641,0.8015407919883728
4,180,3,1720,0.7952162027359009
4,180,4,2607,0.7931203842163086
4,180,5,1044,0.7917487621307373
4,180,6,2143,0.7807636260986328
4,180,7,2708,0.7800543904304504
4,180,8,2910,0.7784808278083801
4,180,9,1429,0.7762378454208374
4,180,10,206,0.7730622291564941
4,181,1,1720,0.8153049945831299
4,181,2,1642,0.8007644414901733
4,181,3,1429,0.7936692237854004
4,181,4,206,0.7929880023002625
4,181,5,641,0.7828216552734375
4,181,6,609,0.7805110216140747
4,181,7,2910,0.7784774899482727
4,181,8,1525,0.7778326272964478
4,181,9,2607,0.7777934074401855
4,181,10,2118,0.7775892019271851
4,182,1,1642,0.7997223734855652
4,182,2,1044,0.7842129468917847
4,182,3,641,0.7816255688667297
4,182,4,1287,0.7756229043006897
4,182,5,2607,0.7754819989204407
4,182,6,30,0.7751682996749878
4,182,7,2143,0.7690144777297974
4,182,8,1429,0.7626614570617676
4,182,9,206,0.7575603723526001
4,182,10,2910,0.7540310025215149
4,183,1,1708,0.8555184006690979
4,183,2,1044,0.8514933586120605
4,183,3,1686,0.8437317609786987
4,183,4,30,0.8389773368835449
4,183,5,609,0.8375180959701538
4,183,6,206,0.8372131586074829
4,183,7,415,0.8319650888442993
4,183,8,1287,0.8315421342849731
4,183,9,1142,0.8306407332420349
4,183,10,1267,0.82649165391922
4,184,1,1708,0.835953414440155
4,184,2,1044,0.8251391649246216
4,184,3,1642,0.8195180892944336
4,184,4,1686,0.815113365650177
4,184,5,1267,0.8069366812705994
4,184,6,415,0.8040050268173218
4,184,7,1287,0.803698718547821
4,184,8,1413,0.8032710552215576
4,184,9,2118,0.8026967644691467
4,184,10,1142,0.8013609051704407
4,185,1,206,0.8073622584342957
4,185,2,1044,0.798573911190033
4,185,3,609,0.7953411936759949
4,185,4,1708,0.7949770092964172
4,185,5,1429,0.7945258021354675
4,185,6,30,0.7936370968818665
4,185,7,1413,0.7872229218482971
4,185,8,2910,0.7867035865783691
4,185,9,2576,0.783610999584198
4,185,10,2118,0.7800805568695068
4,186,1,1708,0.8528742790222168
4,186,2,1642,0.8489353060722351
4,186,3,1686,0.8347464799880981
4,186,4,1720,0.8341177701950073
4,186,5,1267,0.8310682773590088
4,186,6,1044,0.8266425728797913
4,186,7,415,0.8263884782791138
4,186,8,1287,0.8244029879570007
4,186,9,1142,0.8158518671989441
4,186,10,1645,0.8066655993461609
4,187,1,703,0.8549524545669556
4,187,2,2808,0.8412613272666931
4,187,3,1882,0.8394065499305725
4,187,4,2395,0.8373820781707764
4,187,5,1412,0.8336883783340454
4,187,6,1429,0.8193787932395935
4,187,7,2713,0.8156991600990295
4,187,8,1936,0.8152813911437988
4,187,9,1708,0.8132583498954773
4,187,10,1295,0.8100963830947876
4,188,1,1412,0.8417819738388062
4,188,2,703,0.8322972655296326
4,188,3,1882,0.8301288485527039
4,188,4,2395,0.82314133644104
4,188,5,2808,0.8194711208343506
4,188,6,1295,0.816226601600647
4,188,7,2713,0.81047523021698
4,188,8,1936,0.7893727421760559
4,188,9,3015,0.7868326306343079
4,188,10,1429,0.7850678563117981
4,190,1,1413,0.7921295166015625
4,190,2,2576,0.7874382138252258
4,190,3,2808,0.7859144806861877
4,190,4,2165,0.7835554480552673
4,190,5,703,0.7821133732795715
4,190,6,2938,0.7820687890052795
4,190,7,1429,0.7749844193458557
4,190,8,198,0.7724780440330505
4,190,9,1044,0.7671746015548706
4,190,10,1320,0.7638006806373596
4,191,1,2769,0.8271065950393677
4,191,2,194,0.8192105889320374
4,191,3,2961,0.8129590749740601
4,191,4,2590,0.8121216893196106
4,191,5,1558,0.8116934895515442
4,191,6,31,0.8044745326042175
4,191,7,183,0.8028343319892883
4,191,8,653,0.8009754419326782
4,191,9,852,0.796747088432312
4,191,10,1716,0.7928253412246704
4,192,1,2769,0.8660725951194763
4,192,2,2961,0.8545659780502319
4,192,3,2127,0.8512203693389893
4,192,4,289,0.8465992212295532
4,192,5,1015,0.8382055759429932
4,192,6,1558,0.8378642201423645
4,192,7,402,0.8346917033195496
4,192,8,653,0.8339280486106873
4,192,9,183,0.8327364921569824
4,192,10,939,0.8275659680366516
4,194,1,2769,0.8222364783287048
4,194,2,194,0.8141584992408752
4,194,3,2961,0.8014437556266785
4,194,4,1558,0.7998573780059814
4,194,5,2590,0.7963273525238037
4,194,6,1582,0.7916548252105713
4,194,7,31,0.7911565899848938
4,194,8,1716,0.7903935313224792
4,194,9,852,0.7898352146148682
4,194,10,44,0.7887013554573059
4,195,1,2931,0.666330099105835
4,195,2,1476,0.6567159295082092
4,195,3,1045,0.6458804607391357
4,195,4,2963,0.6397045254707336
4,195,5,1963,0.626112163066864
4,195,6,2405,0.6235056519508362
4,195,7,1055,0.6228865385055542
4,195,8,575,0.6207150220870972
4,195,9,1231,0.6164563298225403
4,195,10,738,0.6158691048622131
4,196,1,608,0.6848793625831604
4,196,2,1045,0.6817641854286194
4,196,3,32,0.6791288256645203
4,196,4,2098,0.6763631105422974
4,196,5,1446,0.6732506155967712
4,196,6,2931,0.6722925305366516
4,196,7,2161,0.6719370484352112
4,196,8,1546,0.6709706783294678
4,196,9,2053,0.6688544154167175
4,196,10,1710,0.6634353399276733
4,197,1,1546,0.6834250092506409
4,197,2,2677,0.6624201536178589
4,197,3,461,0.6526188850402832
4,197,4,2618,0.6477754712104797
4,197,5,264,0.639372706413269
4,197,6,113,0.6386592388153076
4,197,7,2787,0.6339951157569885
4,197,8,2894,0.6333932876586914
4,197,9,518,0.6308965682983398
4,197,10,746,0.6268880367279053
4,198,1,2931,0.7772266864776611
4,198,2,1476,0.7726441621780396
4,198,3,1045,0.7449167370796204
4,198,4,1055,0.7426496744155884
4,198,5,2963,0.7338682413101196
4,198,6,554,0.71807461977005
4,198,7,536,0.7103233337402344
4,198,8,1153,0.7100740075111389
4,198,9,1546,0.7049123644828796
4,198,10,738,0.7046955227851868
4,199,1,1963,0.8540208339691162
4,199,2,1710,0.8393058776855469
4,199,3,1654,0.8247543573379517
4,199,4,2161,0.8231372237205505
4,199,5,2293,0.8157786726951599
4,199,6,1615,0.8141402006149292
4,199,7,121,0.8078588247299194
4,199,8,1427,0.807503342628479
4,199,9,2580,0.8058361411094666
4,199,10,2270,0.8039194345474243
4,200,1,1654,0.8696521520614624
4,200,2,2293,0.8673457503318787
4,200,3,1615,0.8616254925727844
4,200,4,1232,0.8457746505737305
4,200,5,2270,0.843874454498291
4,200,6,82,0.8386829495429993
4,200,7,1710,0.8365266919136047
4,200,8,1963,0.8359646201133728
4,200,9,2643,0.8312890529632568
4,200,10,656,0.820996880531311
4,201,1,1615,0.8568049073219299
4,201,2,2293,0.855022132396698
4,201,3,1654,0.8540948629379272
4,201,4,192,0.8346198797225952
4,201,5,1232,0.8317725658416748
4,201,6,1710,0.8207208514213562
4,201,7,82,0.8203969597816467
4,201,8,2270,0.8197194337844849
4,201,9,196,0.8103539943695068
4,201,10,1516,0.8078120350837708
4,202,1,192,0.806443452835083
4,202,2,1335,0.7964365482330322
4,202,3,766,0.7900080680847168
4,202,4,739,0.7884044647216797
4,202,5,567,0.7799832224845886
4,202,6,2695,0.7750234603881836
4,202,7,608,0.7677903771400452
4,202,8,1400,0.7671353220939636
4,202,9,732,0.7665069103240967
4,202,10,2660,0.7640382051467896
4,204,1,2894,0.7686693668365479
4,204,2,278,0.7589254975318909
4,204,3,2,0.741670548915863
4,204,4,2368,0.7380778789520264
4,204,5,1738,0.7348459959030151
4,204,6,1848,0.7281433939933777
4,204,7,1600,0.726806104183197
4,204,8,1840,0.7263162136077881
4,204,9,1082,0.7247609496116638
4,204,10,390,0.7241201996803284
4,205,1,513,0.7307088971138
4,205,2,1422,0.7269550561904907
4,205,3,1611,0.7217532992362976
4,205,4,203,0.7134367227554321
4,205,5,455,0.7101442813873291
4,205,6,1707,0.7090311050415039
4,205,7,1995,0.7072683572769165
4,205,8,730,0.7063186168670654
4,205,9,671,0.7041811347007751
4,205,10,1571,0.6994808316230774
4,206,1,957,0.8541668653488159
4,206,2,2322,0.8399478197097778
4,206,3,1920,0.8305985331535339
4,206,4,540,0.8301183581352234
4,206,5,2969,0.8260698318481445
4,206,6,1449,0.8251798152923584
4,206,7,2888,0.8238934874534607
4,206,8,466,0.8238930702209473
4,206,9,293,0.8233178853988647
4,206,10,1070,0.8216366767883301
4,207,1,168,0.841615617275238
4,207,2,293,0.7858865261077881
4,207,3,360,0.7744417786598206
4,207,4,1651,0.7697370648384094
4,207,5,1769,0.7667680382728577
4,207,6,1696,0.7665342688560486
4,207,7,701,0.766276478767395
4,207,8,270,0.765804648399353
4,207,9,704,0.7647313475608826
4,207,10,617,0.7611355781555176
4,208,1,2228,0.8318653702735901
4,208,2,1190,0.828615128993988
4,208,3,168,0.821287989616394
4,208,4,957,0.7777895331382751
4,208,5,1258,0.7674582600593567
4,208,6,1070,0.766647458076477
4,208,7,2322,0.7664619088172913
4,208,8,2894,0.7658758759498596
4,208,9,58,0.7623534798622131
4,208,10,1449,0.7596977949142456
4,209,1,1767,0.8790915012359619
4,209,2,2871,0.870352029800415
4,209,3,2790,0.8589509129524231
4,209,4,64,0.8549452424049377
4,209,5,360,0.8539479970932007
4,209,6,974,0.8526390790939331
4,209,7,1952,0.8492296934127808
4,209,8,2911,0.8413813710212708
4,209,9,1040,0.8401650786399841
4,209,10,2761,0.8355469107627869
4,210,1,2294,0.8277016282081604
4,210,2,2311,0.8277015686035156
4,210,3,2645,0.8228638768196106
4,210,4,2486,0.8222737908363342
4,210,5,910,0.8196738958358765
4,210,6,579,0.81833416223526
4,210,7,2653,0.771834671497345
4,210,8,293,0.7627045512199402
4,210,9,1517,0.7577325105667114
4,210,10,594,0.7521864771842957
4,211,1,974,0.8052425384521484
4,211,2,792,0.8008586168289185
4,211,3,2986,0.7972714304924011
4,211,4,360,0.794600248336792
4,211,5,5,0.7942666411399841
4,211,6,2196,0.7935206890106201
4,211,7,1579,0.7930993437767029
4,211,8,1215,0.7868745923042297
4,211,9,2911,0.7845448851585388
4,211,10,2205,0.7841703295707703
4,212,1,2525,0.6847069263458252
4,212,2,1685,0.6745163202285767
4,212,3,58,0.636056125164032
4,212,4,1258,0.6325181126594543
4,212,5,1611,0.6255903840065002
4,212,6,455,0.6142097115516663
4,212,7,90,0.6138411164283752
4,212,8,1116,0.6111338138580322
4,212,9,1399,0.6010119915008545
4,212,10,1603,0.6006665229797363
4,213,1,2312,0.7792794704437256
4,213,2,1579,0.7650808095932007
4,213,3,1897,0.7603212594985962
4,213,4,1490,0.752151608467102
4,213,5,1383,0.7519405484199524
4,213,6,2363,0.749501645565033
4,213,7,2205,0.7480002641677856
4,213,8,122,0.7478401064872742
4,213,9,1158,0.7466065287590027
4,213,10,1221,0.7453530430793762
4,214,1,360,0.8714197874069214
4,214,2,1952,0.8686332106590271
4,214,3,2757,0.85695880651474
4,214,4,1767,0.8531694412231445
4,214,5,910,0.8464592695236206
4,214,6,2790,0.8452597856521606
4,214,7,2761,0.8430570960044861
4,214,8,566,0.8412842154502869
4,214,9,2486,0.8406199812889099
4,214,10,2851,0.8399818539619446
4,215,1,2257,0.8367611765861511
4,215,2,1911,0.8275390863418579
4,215,3,1002,0.8202334642410278
4,215,4,1786,0.8201008439064026
4,215,5,11,0.8109754920005798
4,215,6,1897,0.8101207613945007
4,215,7,385,0.8092547059059143
4,215,8,2196,0.8053680062294006
4,215,9,792,0.8049722909927368
4,215,10,72,0.8026586771011353
4,216,1,1767,0.8527691960334778
4,216,2,360,0.8500867486000061
4,216,3,2761,0.8469581604003906
4,216,4,1952,0.8456451892852783
4,216,5,910,0.8414673805236816
4,216,6,2851,0.8410400748252869
4,216,7,2790,0.8386024236679077
4,216,8,64,0.8337157964706421
4,216,9,2486,0.8304340243339539
4,216,10,579,0.8300549387931824
4,217,1,393,0.8790897727012634
4,217,2,784,0.8429458737373352
4,217,3,1911,0.7935613989830017
4,217,4,1786,0.7793566584587097
4,217,5,1868,0.7766161561012268
4,217,6,385,0.7626551389694214
4,217,7,1498,0.7616146802902222
4,217,8,730,0.7612098455429077
4,217,9,1002,0.7449047565460205
4,217,10,72,0.7437054514884949
4,218,1,1868,0.7887381911277771
4,218,2,1911,0.7643749713897705
4,218,3,1786,0.7470458745956421
4,218,4,730,0.7443321347236633
4,218,5,1498,0.7327019572257996
4,218,6,581,0.7298372387886047
4,218,7,2365,0.7295450568199158
4,218,8,2018,0.7268917560577393
4,218,9,385,0.7230259776115417
4,218,10,1739,0.7226724028587341
4,219,1,69,0.8009295463562012
4,219,2,1995,0.7831109166145325
4,219,3,1868,0.7827267050743103
4,219,4,1116,0.7803589105606079
4,219,5,2322,0.7649838924407959
4,219,6,393,0.7642520070075989
4,219,7,1990,0.7619823217391968
4,219,8,1258,0.7580295205116272
4,219,9,581,0.7567319273948669
4,219,10,357,0.7545873522758484
4,220,1,1611,0.7376465797424316
4,220,2,1995,0.7210490703582764
4,220,3,455,0.7191024422645569
4,220,4,1380,0.7175999283790588
4,220,5,730,0.695616602897644
4,220,6,2686,0.6954565048217773
4,220,7,2212,0.6926493048667908
4,220,8,2061,0.6919386386871338
4,220,9,432,0.691745400428772
4,220,10,562,0.6907271146774292
4,221,1,1577,0.7304072976112366
4,221,2,416,0.6552920341491699
4,221,3,1111,0.6442860960960388
4,221,4,1465,0.6373885869979858
4,221,5,2092,0.6340329051017761
4,221,6,6,0.631872832775116
4,221,7,2916,0.6314237117767334
4,221,8,532,0.6291153430938721
4,221,9,1386,0.618863046169281
4,221,10,1927,0.6149853467941284
4,222,1,1577,0.7261322736740112
4,222,2,1465,0.6237102746963501
4,222,3,1111,0.620298445224762
4,222,4,416,0.6182358860969543
4,222,5,2916,0.6133698225021362
4,222,6,532,0.6097983717918396
4,222,7,6,0.600963294506073
4,222,8,137,0.5999386310577393
4,222,9,2206,0.5996889472007751
4,222,10,1386,0.5893625617027283
4,223,1,1577,0.710600733757019
4,223,2,137,0.6696865558624268
4,223,3,1465,0.6684771180152893
4,223,4,2206,0.668085515499115
4,223,5,532,0.6678739190101624
4,223,6,1111,0.6601388454437256
4,223,7,2916,0.656913697719574
4,223,8,6,0.6388038992881775
4,223,9,63,0.6365343928337097
4,223,10,416,0.6362900137901306
4,224,1,2180,0.8673415780067444
4,224,2,532,0.8514532446861267
4,224,3,2916,0.8428899645805359
4,224,4,514,0.8378305435180664
4,224,5,1111,0.8255038261413574
4,224,6,2092,0.8229944705963135
4,224,7,1632,0.8100084066390991
4,224,8,1465,0.8039622902870178
4,224,9,2389,0.7999638319015503
4,224,10,1580,0.7938624024391174
4,225,1,1012,0.8172542452812195
4,225,2,584,0.8150156140327454
4,225,3,532,0.8125240802764893
4,225,4,1724,0.8042507171630859
4,225,5,1388,0.7993754744529724
4,225,6,1111,0.7875757813453674
4,225,7,30,0.7868347764015198
4,225,8,1580,0.7862215638160706
4,225,9,2916,0.7785578966140747
4,225,10,1247,0.7746008038520813
4,226,1,1940,0.8260263204574585
4,226,2,1977,0.809044599533081
4,226,3,1891,0.8087133169174194
4,226,4,613,0.7840935587882996
4,226,5,644,0.7732723951339722
4,226,6,2389,0.7644169330596924
4,226,7,1247,0.7590365409851074
4,226,8,481,0.7580448985099792
4,226,9,1344,0.7546743154525757
4,226,10,1580,0.7539536952972412
4,227,1,294,0.8167418837547302
4,227,2,1977,0.8072237372398376
4,227,3,30,0.79818195104599
4,227,4,198,0.7917788028717041
4,227,5,613,0.7844995856285095
4,227,6,1484,0.7812241315841675
4,227,7,2808,0.7702458500862122
4,227,8,1580,0.7659581303596497
4,227,9,509,0.7588945031166077
4,227,10,532,0.7548779845237732
4,228,1,30,0.7949052453041077
4,228,2,1247,0.750770092010498
4,228,3,584,0.7432711124420166
4,228,4,613,0.7422556281089783
4,228,5,1580,0.7398412227630615
4,228,6,1012,0.7391560673713684
4,228,7,1977,0.7335078120231628
4,228,8,532,0.727362871170044
4,228,9,509,0.7264004945755005
4,228,10,1388,0.7260127663612366
4,229,1,1940,0.8144490122795105
4,229,2,613,0.8096984624862671
4,229,3,30,0.8015999794006348
4,229,4,644,0.7955952286720276
4,229,5,1891,0.7925719022750854
4,229,6,1580,0.7917875051498413
4,229,7,509,0.7899454832077026
4,229,8,1977,0.78706955909729
4,229,9,481,0.7685463428497314
4,229,10,2702,0.7612140774726868
4,230,1,2702,0.7962405681610107
4,230,2,644,0.7787224054336548
4,230,3,2622,0.7770553231239319
4,230,4,1580,0.7539524435997009
4,230,5,30,0.753818154335022
4,230,6,2185,0.752305269241333
4,230,7,1044,0.7463899850845337
4,230,8,572,0.7456494569778442
4,230,9,509,0.7453444600105286
4,230,10,1940,0.7397806644439697
4,231,1,532,0.785462498664856
4,231,2,2916,0.7773340940475464
4,231,3,514,0.7722811102867126
4,231,4,1247,0.7688152194023132
4,231,5,1111,0.7651227116584778
4,231,6,1724,0.753839910030365
4,231,7,2389,0.7474567294120789
4,231,8,2180,0.7468670010566711
4,231,9,2708,0.7462422251701355
4,231,10,1891,0.7420362234115601
4,232,1,294,0.7799484133720398
4,232,2,2972,0.7664865851402283
4,232,3,2100,0.7661440968513489
4,232,4,2180,0.7454644441604614
4,232,5,398,0.7271376252174377
4,232,6,514,0.721499502658844
4,232,7,2708,0.720823347568512
4,232,8,30,0.7130542993545532
4,232,9,1346,0.7128773331642151
4,232,10,1724,0.7072358131408691
4,233,1,532,0.7964445352554321
4,233,2,514,0.7918040752410889
4,233,3,2916,0.7861511707305908
4,233,4,1724,0.7731873393058777
4,233,5,2180,0.7652983069419861
4,233,6,1111,0.7629961371421814
4,233,7,30,0.7552888989448547
4,233,8,2972,0.742837131023407
4,233,9,1977,0.7409340143203735
4,233,10,1465,0.7375948429107666
4,235,1,532,0.8571088314056396
4,235,2,2092,0.8532043099403381
4,235,3,514,0.8507714867591858
4,235,4,294,0.8410948514938354
4,235,5,1346,0.8216853141784668
4,235,6,1160,0.8077868819236755
4,235,7,1580,0.8013116121292114
4,235,8,483,0.7878367304801941
4,235,9,1945,0.7788049578666687
4,235,10,398,0.7766727805137634
4,236,1,294,0.7573049068450928
4,236,2,2389,0.7435506582260132
4,236,3,1945,0.7296044826507568
4,236,4,96,0.7267213463783264
4,236,5,1171,0.7129108905792236
4,236,6,189,0.7106128334999084
4,236,7,1580,0.7097021341323853
4,236,8,509,0.7081295251846313
4,236,9,483,0.7048914432525635
4,236,10,1673,0.7029726505279541
4,237,1,532,0.8197533488273621
4,237,2,294,0.8078416585922241
4,237,3,1632,0.8042834401130676
4,237,4,1171,0.7682169675827026
4,237,5,1111,0.7650574445724487
4,237,6,398,0.7385348081588745
4,237,7,1945,0.736397922039032
4,237,8,509,0.730688214302063
4,237,9,1580,0.729587733745575
4,237,10,1724,0.7160569429397583
4,238,1,294,0.8161148428916931
4,238,2,1346,0.7798101902008057
4,238,3,1945,0.7740508913993835
4,238,4,1465,0.7578911781311035
4,238,5,1580,0.7494586706161499
4,238,6,509,0.7480912208557129
4,238,7,1977,0.7473174333572388
4,238,8,96,0.7411089539527893
4,238,9,1484,0.7250524759292603
4,238,10,189,0.7249272465705872
4,239,1,398,0.8292508721351624
4,239,2,2972,0.8235111236572266
4,239,3,2100,0.8119721412658691
4,239,4,2916,0.7685576677322388
4,239,5,1465,0.7348812818527222
4,239,6,294,0.7289530038833618
4,239,7,1724,0.7257855534553528
4,239,8,509,0.7246021628379822
4,239,9,1580,0.7194167375564575
4,239,10,2092,0.7177829742431641
4,240,1,2972,0.8415099382400513
4,240,2,398,0.839336097240448
4,240,3,2100,0.8372727036476135
4,240,4,294,0.8312211632728577
4,240,5,2180,0.8144251704216003
4,240,6,1412,0.7872481942176819
4,240,7,1632,0.7483239769935608
4,240,8,532,0.7328817248344421
4,240,9,2808,0.7226294875144958
4,240,10,1171,0.722629189491272
4,241,1,2345,0.8671788573265076
4,241,2,1754,0.8484284281730652
4,241,3,1429,0.8456541299819946
4,241,4,1659,0.8456357717514038
4,241,5,2100,0.835423469543457
4,241,6,205,0.8324018120765686
4,241,7,2972,0.8299570083618164
4,241,8,1744,0.8280190229415894
4,241,9,257,0.8274332880973816
4,241,10,1720,0.825967013835907
4,242,1,2576,0.890451967716217
4,242,2,447,0.8874022960662842
4,242,3,205,0.851595401763916
4,242,4,1659,0.8506258726119995
4,242,5,1754,0.8467344641685486
4,242,6,2345,0.8395453095436096
4,242,7,2938,0.8302968144416809
4,242,8,1620,0.8216773271560669
4,242,9,1429,0.8181725740432739
4,242,10,2165,0.8178849816322327
4,243,1,1754,0.8474100828170776
4,243,2,1429,0.8348678946495056
4,243,3,1659,0.8303646445274353
4,243,4,2938,0.8246276378631592
4,243,5,1720,0.8223648071289062
4,243,6,2165,0.8191025853157043
4,243,7,206,0.80743807554245
4,243,8,1620,0.8063434958457947
4,243,9,1744,0.8062765598297119
4,243,10,257,0.8059960603713989
4,244,1,82,0.8296757936477661
4,244,2,2643,0.8276684880256653
4,244,3,1328,0.8275393843650818
4,244,4,196,0.8175199627876282
4,244,5,905,0.8173410892486572
4,244,6,2354,0.8151341080665588
4,244,7,2355,0.8146059513092041
4,244,8,575,0.8042420744895935
4,244,9,1659,0.8011946678161621
4,244,10,261,0.8008841872215271
4,245,1,2293,0.8618901968002319
4,245,2,1659,0.8306313753128052
4,245,3,1620,0.8171899318695068
4,245,4,1754,0.8169739246368408
4,245,5,2938,0.8164386749267578
4,245,6,2165,0.7942336201667786
4,245,7,1328,0.7886328101158142
4,245,8,261,0.7875988483428955
4,245,9,196,0.787325918674469
4,245,10,2933,0.7869375944137573
4,246,1,82,0.8575587272644043
4,246,2,2643,0.8564064502716064
4,246,3,2354,0.8476795554161072
4,246,4,905,0.8475074172019958
4,246,5,447,0.8420682549476624
4,246,6,196,0.8393102884292603
4,246,7,1659,0.8347905874252319
4,246,8,2355,0.8333271741867065
4,246,9,575,0.8285753726959229
4,246,10,205,0.8257708549499512
4,247,1,1654,0.8349961042404175
4,247,2,2293,0.829508364200592
4,247,3,1615,0.8244377374649048
4,247,4,82,0.8228563666343689
4,247,5,1963,0.8178845047950745
4,247,6,2643,0.8174970746040344
4,247,7,1232,0.8174015283584595
4,247,8,905,0.8140181303024292
4,247,9,2354,0.8069778680801392
4,247,10,575,0.8010989427566528
4,248,1,1654,0.8795978426933289
4,248,2,2293,0.872528612613678
4,248,3,82,0.8724490404129028
4,248,4,1615,0.8723582625389099
4,248,5,1232,0.8691900372505188
4,248,6,2643,0.8675467371940613
4,248,7,196,0.8550289273262024
4,248,8,295,0.849748432636261
4,248,9,2170,0.8478870987892151
4,248,10,696,0.8460171818733215
4,249,1,1654,0.9303575754165649
4,249,2,1615,0.9265454411506653
4,249,3,2293,0.9261885285377502
4,249,4,1232,0.9131426215171814
4,249,5,82,0.8925897479057312
4,249,6,2643,0.8882274627685547
4,249,7,192,0.8823619484901428
4,249,8,2243,0.8790740966796875
4,249,9,696,0.8788215517997742
4,249,10,295,0.8777614831924438
4,251,1,653,0.8600472807884216
4,251,2,2769,0.8541651368141174
4,251,3,2975,0.8474487066268921
4,251,4,2191,0.8450316190719604
4,251,5,1376,0.8383579254150391
4,251,6,664,0.8351359963417053
4,251,7,939,0.8329288959503174
4,251,8,1594,0.8313867449760437
4,251,9,2590,0.8311861753463745
4,251,10,1558,0.8297989964485168
4,252,1,2606,0.7386417388916016
4,252,2,2127,0.7382286190986633
4,252,3,474,0.7290235161781311
4,252,4,1246,0.7277798652648926
4,252,5,2594,0.7274102568626404
4,252,6,1992,0.7262749671936035
4,252,7,2290,0.7257702350616455
4,252,8,1252,0.7230128645896912
4,252,9,2961,0.7210715413093567
4,252,10,2769,0.720787525177002
4,253,1,1376,0.8575555682182312
4,253,2,2975,0.8538740873336792
4,253,3,2769,0.8531742691993713
4,253,4,664,0.8484095931053162
4,253,5,2191,0.8427741527557373
4,253,6,2590,0.836323618888855
4,253,7,1246,0.8351486921310425
4,253,8,2594,0.8340495228767395
4,253,9,194,0.8313547372817993
4,253,10,1558,0.8286818861961365
4,254,1,2769,0.7955487370491028
4,254,2,2594,0.7796499133110046
4,254,3,1246,0.7790679931640625
4,254,4,2127,0.777703583240509
4,254,5,2975,0.7582966685295105
4,254,6,194,0.7565357685089111
4,254,7,1558,0.75627201795578
4,254,8,2642,0.7504107356071472
4,254,9,289,0.7502371668815613
4,254,10,2590,0.747982382774353
4,255,1,2324,0.8458132147789001
4,255,2,563,0.8448511958122253
4,255,3,2594,0.836900532245636
4,255,4,1246,0.8353058099746704
4,255,5,2642,0.8247504830360413
4,255,6,2975,0.8245401382446289
4,255,7,504,0.8234383463859558
4,255,8,2191,0.8178274631500244
4,255,9,2590,0.8160569071769714
4,255,10,2127,0.8112097978591919
4,256,1,2324,0.9022035002708435
4,256,2,653,0.8743160367012024
4,256,3,563,0.8715342879295349
4,256,4,2191,0.8692212700843811
4,256,5,1594,0.8570967316627502
4,256,6,939,0.8496975898742676
4,256,7,2590,0.8496192097663879
4,256,8,2769,0.8469012379646301
4,256,9,31,0.8413051962852478
4,256,10,194,0.8383995294570923
4,257,1,194,0.8877066969871521
4,257,2,44,0.8813241720199585
4,257,3,1716,0.8797997236251831
4,257,4,1015,0.859876275062561
4,257,5,31,0.8566034436225891
4,257,6,2961,0.8536199331283569
4,257,7,653,0.8521012663841248
4,257,8,664,0.8503997921943665
4,257,9,259,0.84926438331604
4,257,10,183,0.8480372428894043
4,258,1,852,0.8965685367584229
4,258,2,2772,0.8599256873130798
4,258,3,2429,0.8577591180801392
4,258,4,2769,0.8435916304588318
4,258,5,787,0.8389531373977661
4,258,6,31,0.8348812460899353
4,258,7,8,0.8347506523132324
4,258,8,653,0.8311824202537537
4,258,9,1015,0.8285214900970459
4,258,10,183,0.825565755367279
4,259,1,852,0.9270462393760681
4,259,2,44,0.9098620414733887
4,259,3,1716,0.9082934856414795
4,259,4,2590,0.8986575603485107
4,259,5,787,0.8955811262130737
4,259,6,1015,0.8885297179222107
4,259,7,259,0.8797153234481812
4,259,8,2042,0.8794999718666077
4,259,9,2772,0.8789218068122864
4,259,10,2297,0.8788871169090271
4,260,1,852,0.9318552017211914
4,260,2,259,0.9070429801940918
4,260,3,2042,0.9052675366401672
4,260,4,869,0.8987759947776794
4,260,5,2772,0.8978635668754578
4,260,6,2429,0.8934361338615417
4,260,7,1558,0.8887701034545898
4,260,8,2297,0.8844739198684692
4,260,9,1015,0.8824558258056641
4,260,10,78,0.8813720941543579
4,262,1,869,0.906836748123169
4,262,2,2042,0.9030329585075378
4,262,3,2429,0.902862548828125
4,262,4,259,0.900181233882904
4,262,5,194,0.8968647718429565
4,262,6,2590,0.8961241245269775
4,262,7,2772,0.8951013684272766
4,262,8,1907,0.8949121236801147
4,262,9,1558,0.8740944862365723
4,262,10,2297,0.8714086413383484
4,263,1,852,0.9013291597366333
4,263,2,194,0.872212290763855
4,263,3,2590,0.8635339736938477
4,263,4,2772,0.8627720475196838
4,263,5,1558,0.8476687669754028
4,263,6,2769,0.8452455401420593
4,263,7,2042,0.8377063870429993
4,263,8,8,0.8359437584877014
4,263,9,664,0.8321283459663391
4,263,10,2684,0.8249413371086121
4,264,1,44,0.8079586625099182
4,264,2,1716,0.804535448551178
4,264,3,852,0.800452709197998
4,264,4,1383,0.7821356058120728
4,264,5,1490,0.7780066728591919
4,264,6,194,0.7776061296463013
4,264,7,2590,0.7753980159759521
4,264,8,2205,0.7649568319320679
4,264,9,2574,0.7634305953979492
4,264,10,664,0.7616500854492188
4,265,1,1383,0.8190485835075378
4,265,2,2205,0.8178614974021912
4,265,3,524,0.8095333576202393
4,265,4,1579,0.8092389106750488
4,265,5,1490,0.8071346282958984
4,265,6,1897,0.8058474659919739
4,265,7,1467,0.803097665309906
4,265,8,2312,0.7892804145812988
4,265,9,72,0.7866149544715881
4,265,10,44,0.7858479619026184
4,266,1,105,0.8857982754707336
4,266,2,78,0.8812939524650574
4,266,3,1159,0.8754104971885681
4,266,4,915,0.8724427819252014
4,266,5,1040,0.8677007555961609
4,266,6,2697,0.866777777671814
4,266,7,2911,0.8654497265815735
4,266,8,2205,0.8645448088645935
4,266,9,1490,0.8644355535507202
4,266,10,2665,0.863627016544342
4,267,1,1062,0.8348600268363953
4,267,2,1991,0.8344234824180603
4,267,3,2363,0.8331836462020874
4,267,4,2403,0.8286957144737244
4,267,5,646,0.8224247097969055
4,267,6,2312,0.8218824863433838
4,267,7,1158,0.8187263011932373
4,267,8,1369,0.816309928894043
4,267,9,1198,0.8149116039276123
4,267,10,1221,0.8085912466049194
4,268,1,44,0.8274405598640442
4,268,2,1716,0.8246713280677795
4,268,3,2429,0.8193626999855042
4,268,4,852,0.816746175289154
4,268,5,2772,0.8090628981590271
4,268,6,1490,0.7947368621826172
4,268,7,194,0.7904786467552185
4,268,8,869,0.7884557843208313
4,268,9,2590,0.7875697612762451
4,268,10,2205,0.7812855839729309
4,269,1,270,0.8443154692649841
4,269,2,2710,0.8408746719360352
4,269,3,2365,0.8355329036712646
4,269,4,1275,0.8332894444465637
4,269,5,2574,0.8332875967025757
4,269,6,754,0.8324126601219177
4,269,7,432,0.8319623470306396
4,269,8,622,0.8315972089767456
4,269,9,1383,0.8301277160644531
4,269,10,2640,0.8300094604492188
4,271,1,2296,0.6961654424667358
4,271,2,628,0.6949414014816284
4,271,3,1671,0.6919742226600647
4,271,4,2740,0.691720187664032
4,271,5,432,0.6913478374481201
4,271,6,1707,0.6912545561790466
4,271,7,2659,0.6912275552749634
4,271,8,2212,0.6910116672515869
4,271,9,397,0.6909997463226318
4,271,10,203,0.6909341216087341
4,272,1,2574,0.8447052836418152
4,272,2,2640,0.8441175222396851
4,272,3,105,0.8433393836021423
4,272,4,1383,0.8428741693496704
4,272,5,1490,0.8421099185943604
4,272,6,432,0.839088499546051
4,272,7,2365,0.8141944408416748
4,272,8,730,0.8031823635101318
4,272,9,2205,0.7930516004562378
4,272,10,1,0.7927979230880737
4,273,1,524,0.7416031360626221
4,273,2,2581,0.7349388003349304
4,273,3,1354,0.7319222092628479
4,273,4,3084,0.7312875986099243
4,273,5,1751,0.7292624711990356
4,273,6,1674,0.7284265160560608
4,273,7,72,0.7249541878700256
4,273,8,750,0.7226343750953674
4,273,9,1897,0.7177776098251343
4,273,10,1827,0.7173166275024414
4,274,1,1275,0.7807265520095825
4,274,2,270,0.7678527235984802
4,274,3,784,0.7637336850166321
4,274,4,308,0.7594811320304871
4,274,5,2257,0.7589200139045715
4,274,6,1911,0.7543749809265137
4,274,7,1786,0.7537505626678467
4,274,8,1827,0.7411113977432251
4,274,9,617,0.7404522895812988
4,274,10,72,0.7398585081100464
4,277,1,2580,0.8009556531906128
4,277,2,192,0.8000380992889404
4,277,3,121,0.7981361746788025
4,277,4,2243,0.7897104024887085
4,277,5,2628,0.7891327142715454
4,277,6,1516,0.7860692739486694
4,277,7,1582,0.7738341689109802
4,277,8,696,0.7698649168014526
4,277,9,295,0.766334593296051
4,277,10,1963,0.7636451125144958
4,278,1,1963,0.7294213175773621
4,278,2,2581,0.7129161357879639
4,278,3,1710,0.7025644779205322
4,278,4,192,0.701795220375061
4,278,5,1362,0.6991215348243713
4,278,6,2354,0.6944311857223511
4,278,7,1654,0.6934524774551392
4,278,8,1427,0.6906285285949707
4,278,9,1615,0.690268874168396
4,278,10,2293,0.6894451379776001
4,279,1,1963,0.8478976488113403
4,279,2,1710,0.8332158923149109
4,279,3,121,0.8303470611572266
4,279,4,2580,0.8274978995323181
4,279,5,1516,0.8225921988487244
4,279,6,2161,0.8187553286552429
4,279,7,1654,0.8109704852104187
4,279,8,1582,0.8019423484802246
4,279,9,1427,0.798626720905304
4,279,10,1231,0.7979413270950317
4,280,1,1963,0.8547645211219788
4,280,2,121,0.8316757678985596
4,280,3,905,0.8176221251487732
4,280,4,2354,0.8131983876228333
4,280,5,575,0.8080026507377625
4,280,6,1516,0.8044083118438721
4,280,7,1231,0.803180456161499
4,280,8,1710,0.8029422163963318
4,280,9,738,0.7924478650093079
4,280,10,2628,0.7909461259841919
4,282,1,1654,0.872402012348175
4,282,2,82,0.8714249134063721
4,282,3,2643,0.8654057383537292
4,282,4,2293,0.8621600866317749
4,282,5,2270,0.8598386645317078
4,282,6,1710,0.8595137596130371
4,282,7,905,0.8534625172615051
4,282,8,1615,0.8526743054389954
4,282,9,2354,0.8491212725639343
4,282,10,575,0.8489667177200317
4,283,1,1963,0.8203062415122986
4,283,2,1654,0.8110226988792419
4,283,3,2293,0.8043462038040161
4,283,4,1710,0.7990238666534424
4,283,5,1615,0.7975937128067017
4,283,6,2270,0.7821555733680725
4,283,7,2354,0.7807652950286865
4,283,8,82,0.7804034948348999
4,283,9,905,0.779849648475647
4,283,10,2161,0.7746185064315796
4,284,1,1466,0.6610344052314758
4,284,2,510,0.6457393765449524
4,284,3,2407,0.6317505836486816
4,284,4,2616,0.6251827478408813
4,284,5,39,0.6223320960998535
4,284,6,2607,0.6221950054168701
4,284,7,1620,0.6116157174110413
4,284,8,1102,0.6112849712371826
4,284,9,641,0.6110022068023682
4,284,10,1359,0.6107776761054993
4,285,1,2412,0.8273934125900269
4,285,2,2621,0.8147191405296326
4,285,3,39,0.8103170990943909
4,285,4,2299,0.792799711227417
4,285,5,1721,0.7896081209182739
4,285,6,1657,0.7878664135932922
4,285,7,699,0.7678682208061218
4,285,8,2630,0.7674829363822937
4,285,9,652,0.7653464078903198
4,285,10,1391,0.7612752318382263
4,286,1,39,0.8321518898010254
4,286,2,2412,0.8303042650222778
4,286,3,1721,0.8218681812286377
4,286,4,2621,0.8100747466087341
4,286,5,2299,0.7953383922576904
4,286,6,1657,0.7926328182220459
4,286,7,553,0.7782080173492432
4,286,8,1839,0.7742084264755249
4,286,9,546,0.767964243888855
4,286,10,1102,0.7656510472297668
4,287,1,1721,0.8367421627044678
4,287,2,39,0.8354122638702393
4,287,3,2412,0.8194366097450256
4,287,4,2621,0.8087952733039856
4,287,5,1839,0.8041418790817261
4,287,6,2299,0.8028974533081055
4,287,7,546,0.8028488159179688
4,287,8,1435,0.7839512825012207
4,287,9,1087,0.7791235446929932
4,287,10,1657,0.7741637229919434
4,288,1,1839,0.7822534441947937
4,288,2,1712,0.7699161767959595
4,288,3,98,0.7656596899032593
4,288,4,39,0.7645096778869629
4,288,5,546,0.7573614716529846
4,288,6,1435,0.751006007194519
4,288,7,1721,0.7490545511245728
4,288,8,2412,0.7461875677108765
4,288,9,2621,0.7317107915878296
4,288,10,560,0.7206235527992249
4,289,1,584,0.6738366484642029
4,289,2,2409,0.6708163619041443
4,289,3,2723,0.6658760905265808
4,289,4,1012,0.6560013294219971
4,289,5,1089,0.645882248878479
4,289,6,1415,0.6443465948104858
4,289,7,99,0.6405580639839172
4,289,8,1237,0.6149628758430481
4,289,9,2121,0.6102727055549622
4,289,10,2914,0.6031090021133423
4,290,1,2409,0.8143811821937561
4,290,2,99,0.8103302717208862
4,290,3,1415,0.7961316108703613
4,290,4,1089,0.7891750931739807
4,290,5,1237,0.7787914276123047
4,290,6,584,0.7738526463508606
4,290,7,1012,0.7419713735580444
4,290,8,1757,0.7260525822639465
4,290,9,2583,0.7120695114135742
4,290,10,2286,0.7047085762023926
4,291,1,584,0.81416916847229
4,291,2,1012,0.798587441444397
4,291,3,1388,0.7718604207038879
4,291,4,1111,0.7638422250747681
4,291,5,1415,0.7637463212013245
4,291,6,532,0.7436428666114807
4,291,7,1237,0.7409237027168274
4,291,8,2916,0.7352494597434998
4,291,9,99,0.7336199283599854
4,291,10,285,0.7297786474227905
4,292,1,584,0.8078440427780151
4,292,2,1012,0.7903360724449158
4,292,3,1415,0.782584011554718
4,292,4,99,0.7751744985580444
4,292,5,1111,0.7721101641654968
4,292,6,1388,0.7618072032928467
4,292,7,1237,0.7569504380226135
4,292,8,532,0.754916787147522
4,292,9,2409,0.7534502744674683
4,292,10,2916,0.7423166036605835
4,293,1,584,0.8482295870780945
4,293,2,1012,0.8300612568855286
4,293,3,1415,0.8289428353309631
4,293,4,1237,0.8185948133468628
4,293,5,2409,0.8120103478431702
4,293,6,1089,0.8081198334693909
4,293,7,99,0.8072397708892822
4,293,8,1344,0.7939502000808716
4,293,9,1388,0.7857211232185364
4,293,10,2952,0.7831050753593445
4,294,1,3018,0.7822967171669006
4,294,2,1712,0.7704792618751526
4,294,3,865,0.7519121766090393
4,294,4,39,0.7318909764289856
4,294,5,560,0.7285972237586975
4,294,6,1381,0.7265158891677856
4,294,7,2616,0.7256160378456116
4,294,8,1966,0.723213255405426
4,294,9,2219,0.723213255405426
4,294,10,510,0.7140560746192932
4,295,1,1712,0.829485297203064
4,295,2,1839,0.8197479844093323
4,295,3,546,0.8022125363349915
4,295,4,39,0.8005632162094116
4,295,5,1721,0.7926681041717529
4,295,6,560,0.7915791273117065
4,295,7,2929,0.7790681719779968
4,295,8,1435,0.7639983296394348
4,295,9,3018,0.7638769149780273
4,295,10,285,0.7589210867881775
4,297,1,1712,0.8225326538085938
4,297,2,546,0.7967435121536255
4,297,3,560,0.7961475253105164
4,297,4,1839,0.7946029305458069
4,297,5,1721,0.7687304615974426
4,297,6,1087,0.7598941922187805
4,297,7,1435,0.7450045943260193
4,297,8,39,0.7439302802085876
4,297,9,1717,0.7435945272445679
4,297,10,3018,0.7322148084640503
4,298,1,1712,0.7958044409751892
4,298,2,1839,0.792356550693512
4,298,3,39,0.7831367254257202
4,298,4,98,0.7717901468276978
4,298,5,1721,0.7661611437797546
4,298,6,1601,0.7488787770271301
4,298,7,2412,0.746941328048706
4,298,8,1435,0.7465826869010925
4,298,9,546,0.74496990442276
4,298,10,560,0.7425445318222046
4,299,1,510,0.7527044415473938
4,299,2,1053,0.741270899772644
4,299,3,1518,0.7348067164421082
4,299,4,1087,0.7278669476509094
4,299,5,2929,0.723095178604126
4,299,6,546,0.7123281359672546
4,299,7,2751,0.7069826126098633
4,299,8,2616,0.7065794467926025
4,299,9,285,0.7055816650390625
4,299,10,429,0.7055177688598633
4,300,1,667,0.7549322843551636
4,300,2,1407,0.73046875
4,300,3,2978,0.7268732190132141
4,300,4,2,0.7243252396583557
4,300,5,248,0.7200167775154114
4,300,6,2273,0.7186884880065918
4,300,7,2894,0.7165763974189758
4,300,8,2343,0.7142801880836487
4,300,9,2739,0.7129132747650146
4,300,10,1747,0.7118299007415771
4,301,1,2894,0.7693060040473938
4,301,2,1747,0.7573791146278381
4,301,3,667,0.7504729628562927
4,301,4,6,0.7415404915809631
4,301,5,1407,0.7255281209945679
4,301,6,248,0.7247610688209534
4,301,7,2,0.7185561656951904
4,301,8,2003,0.7135641574859619
4,301,9,1072,0.6931868195533752
4,301,10,1165,0.6910919547080994
4,302,1,2978,0.7295863032341003
4,302,2,1920,0.7140823006629944
4,302,3,2441,0.681148886680603
4,302,4,2739,0.6784139275550842
4,302,5,2464,0.675157368183136
4,302,6,918,0.6734756231307983
4,302,7,1826,0.6727117300033569
4,302,8,667,0.6719602346420288
4,302,9,1347,0.6672406792640686
4,302,10,272,0.6651513576507568
4,303,1,58,0.7044677138328552
4,303,2,1590,0.7027517557144165
4,303,3,466,0.6982633471488953
4,303,4,2173,0.6942129731178284
4,303,5,2739,0.6871867179870605
4,303,6,1258,0.6857253909111023
4,303,7,1469,0.6793729662895203
4,303,8,2464,0.6790443062782288
4,303,9,918,0.6783674955368042
4,303,10,2321,0.6756999492645264
4,304,1,1070,0.7871281504631042
4,304,2,58,0.7717466354370117
4,304,3,430,0.7711443901062012
4,304,4,2228,0.7622518539428711
4,304,5,466,0.7607648968696594
4,304,6,1190,0.7599697113037109
4,304,7,2322,0.7598567008972168
4,304,8,1258,0.7585698962211609
4,304,9,1116,0.7585589289665222
4,304,10,2173,0.7579102516174316
4,305,1,69,0.795859158039093
4,305,2,1701,0.7869516611099243
4,305,3,1116,0.7564882040023804
4,305,4,1380,0.7528985142707825
4,305,5,1603,0.7518092393875122
4,305,6,1070,0.7500147223472595
4,305,7,430,0.7473539113998413
4,305,8,1962,0.743071436882019
4,305,9,357,0.7422934770584106
4,305,10,2061,0.7417535781860352
4,306,1,58,0.7269220948219299
4,306,2,357,0.7197023630142212
4,306,3,69,0.7091345191001892
4,306,4,1258,0.7067214250564575
4,306,5,1990,0.705812931060791
4,306,6,1995,0.6936467885971069
4,306,7,2173,0.693246066570282
4,306,8,466,0.6918359994888306
4,306,9,1701,0.6917256116867065
4,306,10,1469,0.6874564290046692
4,307,1,1962,0.8058910965919495
4,307,2,2686,0.8053577542304993
4,307,3,90,0.804631769657135
4,307,4,397,0.7999691963195801
4,307,5,628,0.788432776927948
4,307,6,2061,0.7847771644592285
4,307,7,2078,0.7839750647544861
4,307,8,2750,0.7822596430778503
4,307,9,1707,0.7819435000419617
4,307,10,203,0.7804557681083679
4,308,1,1962,0.8212264776229858
4,308,2,90,0.8181566596031189
4,308,3,1422,0.8154634237289429
4,308,4,1707,0.8152707815170288
4,308,5,203,0.8147728443145752
4,308,6,2061,0.809251606464386
4,308,7,1030,0.8074866533279419
4,308,8,1653,0.8073315620422363
4,308,9,2078,0.8014801144599915
4,308,10,210,0.8001986145973206
4,309,1,1701,0.8181953430175781
4,309,2,1962,0.7988964915275574
4,309,3,90,0.794927716255188
4,309,4,203,0.7854985594749451
4,309,5,1707,0.7839788198471069
4,309,6,1422,0.7839564681053162
4,309,7,982,0.7836926579475403
4,309,8,1688,0.7783440351486206
4,309,9,2061,0.7620759010314941
4,309,10,2927,0.7617834210395813
4,310,1,1995,0.8488271832466125
4,310,2,69,0.8072657585144043
4,310,3,1962,0.8021827340126038
4,310,4,2061,0.8014772534370422
4,310,5,397,0.795344889163971
4,310,6,90,0.7942460775375366
4,310,7,628,0.7901862859725952
4,310,8,2927,0.7868301272392273
4,310,9,2078,0.7801382541656494
4,310,10,210,0.776809573173523
4,311,1,1070,0.7737501263618469
4,311,2,900,0.7638217806816101
4,311,3,58,0.7555121183395386
4,311,4,2322,0.7395126223564148
4,311,5,90,0.7360227704048157
4,311,6,2173,0.7352630496025085
4,311,7,1258,0.7343982458114624
4,311,8,466,0.7327869534492493
4,311,9,1399,0.7298741340637207
4,311,10,2686,0.7264530062675476
4,312,1,1422,0.7012495398521423
4,312,2,1383,0.6996966004371643
4,312,3,432,0.6994803547859192
4,312,4,203,0.6988548040390015
4,312,5,1490,0.6983159780502319
4,312,6,2212,0.696112334728241
4,312,7,1265,0.6955239176750183
4,312,8,2574,0.6915850043296814
4,312,9,1707,0.6909072995185852
4,312,10,671,0.6874491572380066
4,314,1,393,0.7842999696731567
4,314,2,2163,0.7762079834938049
4,314,3,502,0.7739151120185852
4,314,4,1897,0.7692416310310364
4,314,5,72,0.7686807513237
4,314,6,1472,0.7678206562995911
4,314,7,1275,0.7649015784263611
4,314,8,1786,0.7628260850906372
4,314,9,2257,0.7619620561599731
4,314,10,333,0.7574338316917419
4,315,1,1062,0.831633448600769
4,315,2,2363,0.8301002383232117
4,315,3,1991,0.8280919790267944
4,315,4,2312,0.8214876055717468
4,315,5,2403,0.8209934830665588
4,315,6,646,0.8132026791572571
4,315,7,671,0.8018304109573364
4,315,8,1206,0.796411395072937
4,315,9,536,0.7925668358802795
4,315,10,387,0.7918696999549866
4,316,1,2363,0.8737387657165527
4,316,2,2312,0.8692992925643921
4,316,3,2403,0.8644118905067444
4,316,4,1062,0.8610649704933167
4,316,5,646,0.8576920032501221
4,316,6,1991,0.8572133779525757
4,316,7,1221,0.8491671085357666
4,316,8,671,0.8488080501556396
4,316,9,1472,0.8375926613807678
4,316,10,387,0.8364883065223694
4,317,1,2363,0.8946118354797363
4,317,2,2312,0.887424111366272
4,317,3,2403,0.8825384378433228
4,317,4,1062,0.8788935542106628
4,317,5,646,0.8765964508056641
4,317,6,1991,0.8731264472007751
4,317,7,1221,0.872455894947052
4,317,8,671,0.8674377202987671
4,317,9,1472,0.8574050068855286
4,317,10,387,0.8555139303207397
4,318,1,2403,0.9150733947753906
4,318,2,1472,0.9131948351860046
4,318,3,646,0.9129897952079773
4,318,4,2363,0.9099607467651367
4,318,5,387,0.909853994846344
4,318,6,2264,0.9090174436569214
4,318,7,101,0.9027720093727112
4,318,8,482,0.8998181223869324
4,318,9,779,0.8941332101821899
4,318,10,20,0.8913989067077637
4,319,1,1472,0.8715291619300842
4,319,2,101,0.8709317445755005
4,319,3,482,0.8606484532356262
4,319,4,20,0.8572270274162292
4,319,5,1369,0.8552752137184143
4,319,6,646,0.8502969741821289
4,319,7,2403,0.8502674698829651
4,319,8,2264,0.8495507836341858
4,319,9,387,0.84689861536026
4,319,10,1221,0.8437635898590088
4,323,1,1369,0.8579154014587402
4,323,2,1198,0.854924201965332
4,323,3,1221,0.8477230668067932
4,323,4,633,0.8475518226623535
4,323,5,1206,0.8457880616188049
4,323,6,1472,0.8452310562133789
4,323,7,1158,0.8427330851554871
4,323,8,671,0.8390211462974548
4,323,9,101,0.8353924751281738
4,323,10,1422,0.8353286385536194
4,324,1,195,0.8899669647216797
4,324,2,101,0.8875977396965027
4,324,3,1472,0.8866552114486694
4,324,4,1369,0.8801479935646057
4,324,5,1206,0.8789486885070801
4,324,6,1367,0.8770981431007385
4,324,7,646,0.8765954971313477
4,324,8,2403,0.8755071759223938
4,324,9,20,0.875449001789093
4,324,10,387,0.8709688782691956
4,325,1,387,0.8476885557174683
4,325,2,195,0.8444003462791443
4,325,3,1472,0.8391556143760681
4,325,4,2403,0.8379219174385071
4,325,5,646,0.8377745151519775
4,325,6,1206,0.8295504450798035
4,325,7,2176,0.8207207918167114
4,325,8,1367,0.8195797801017761
4,325,9,2363,0.8183943629264832
4,325,10,1369,0.8166394829750061
4,326,1,387,0.8453547358512878
4,326,2,2403,0.8369989395141602
4,326,3,646,0.8322040438652039
4,326,4,1472,0.8198884129524231
4,326,5,536,0.8173819780349731
4,326,6,1153,0.8124095797538757
4,326,7,1206,0.8055977821350098
4,326,8,2176,0.8036821484565735
4,326,9,1723,0.8030718564987183
4,326,10,554,0.8021164536476135
4,327,1,387,0.860191822052002
4,327,2,2403,0.850796639919281
4,327,3,646,0.8458291292190552
4,327,4,1472,0.8344666361808777
4,327,5,1206,0.8191829919815063
4,327,6,536,0.8183534741401672
4,327,7,1153,0.8149183392524719
4,327,8,2176,0.8139553070068359
4,327,9,1369,0.808122456073761
4,327,10,195,0.8056835532188416
4,328,1,387,0.8190461993217468
4,328,2,2403,0.8119372725486755
4,328,3,1472,0.8082531690597534
4,328,4,646,0.8075328469276428
4,328,5,2363,0.7925284504890442
4,328,6,2176,0.7863183617591858
4,328,7,1206,0.7842373847961426
4,328,8,195,0.7841130495071411
4,328,9,1367,0.7823500037193298
4,328,10,1369,0.7724795341491699
4,329,1,195,0.8021005392074585
4,329,2,1472,0.7813678979873657
4,329,3,1367,0.7692080736160278
4,329,4,1030,0.7657362222671509
4,329,5,1206,0.7645281553268433
4,329,6,1653,0.7636228203773499
4,329,7,210,0.7599747180938721
4,329,8,1369,0.7597106695175171
4,329,9,1203,0.7579197883605957
4,329,10,646,0.757311999797821
4,330,1,1030,0.8050161004066467
4,330,2,1653,0.8035775423049927
4,330,3,210,0.8000068664550781
4,330,4,195,0.7980213165283203
4,330,5,2078,0.792790949344635
4,330,6,1571,0.7917453646659851
4,330,7,1203,0.7910340428352356
4,330,8,982,0.7898330092430115
4,330,9,1688,0.7879428267478943
4,330,10,628,0.7877659797668457
4,331,1,2296,0.8272117376327515
4,331,2,1030,0.8030761480331421
4,331,3,195,0.8027945160865784
4,331,4,1653,0.8019518256187439
4,331,5,210,0.7964015603065491
4,331,6,2078,0.7879853844642639
4,331,7,2686,0.7854301333427429
4,331,8,628,0.7844753265380859
4,331,9,1571,0.7844241857528687
4,331,10,1203,0.7829917073249817
4,332,1,1030,0.7893400192260742
4,332,2,1653,0.7885042428970337
4,332,3,1422,0.7865764498710632
4,332,4,210,0.783780038356781
4,332,5,2078,0.7740813493728638
4,332,6,1203,0.7732400894165039
4,332,7,628,0.766653299331665
4,332,8,2917,0.7611392736434937
4,332,9,2084,0.7557825446128845
4,332,10,2686,0.7344037890434265
4,333,1,672,0.7795564532279968
4,333,2,1030,0.7780464887619019
4,333,3,1653,0.777489423751831
4,333,4,2912,0.7711901068687439
4,333,5,210,0.7645043730735779
4,333,6,1655,0.7628281116485596
4,333,7,2870,0.7623351216316223
4,333,8,2078,0.7601094245910645
4,333,9,1184,0.7546550631523132
4,333,10,628,0.7543748617172241
4,334,1,1692,0.8223719596862793
4,334,2,2107,0.8068827390670776
4,334,3,672,0.8062939643859863
4,334,4,2927,0.803922712802887
4,334,5,1779,0.8036789298057556
4,334,6,2912,0.8009862899780273
4,334,7,2814,0.7898520231246948
4,334,8,173,0.7853243350982666
4,334,9,507,0.7846877574920654
4,334,10,2261,0.7811682820320129
4,335,1,1692,0.798793613910675
4,335,2,1635,0.7975093126296997
4,335,3,672,0.7771546244621277
4,335,4,2912,0.7686119675636292
4,335,5,90,0.7666895985603333
4,335,6,2870,0.7627966403961182
4,335,7,1653,0.7585328817367554
4,335,8,1030,0.7573502063751221
4,335,9,2615,0.7559421062469482
4,335,10,507,0.7549101114273071
4,336,1,2107,0.8746958374977112
4,336,2,1655,0.8729805946350098
4,336,3,2927,0.8717458248138428
4,336,4,523,0.8692337870597839
4,336,5,672,0.8445834517478943
4,336,6,2870,0.8430335521697998
4,336,7,2309,0.8423578143119812
4,336,8,2145,0.8256168365478516
4,336,9,2912,0.8171640038490295
4,336,10,2061,0.8075281381607056
4,337,1,1491,0.8371930718421936
4,337,2,2705,0.8275550007820129
4,337,3,1635,0.8137269616127014
4,337,4,2061,0.8040000200271606
4,337,5,788,0.7685613036155701
4,337,6,2870,0.7669636011123657
4,337,7,90,0.7596700191497803
4,337,8,672,0.7467836141586304
4,337,9,1678,0.7443408966064453
4,337,10,2686,0.7421484589576721
4,338,1,1491,0.8265697360038757
4,338,2,1635,0.8228228688240051
4,338,3,2705,0.8202162384986877
4,338,4,788,0.7873584628105164
4,338,5,2061,0.7853911519050598
4,338,6,90,0.7750697731971741
4,338,7,672,0.7743929624557495
4,338,8,1030,0.7719851732254028
4,338,9,1653,0.7712382674217224
4,338,10,210,0.7573546171188354
4,339,1,1491,0.8594586849212646
4,339,2,2705,0.8585227727890015
4,339,3,1635,0.8437580466270447
4,339,4,788,0.8271010518074036
4,339,5,2061,0.8086961507797241
4,339,6,2870,0.803287923336029
4,339,7,672,0.8022533655166626
4,339,8,90,0.7991580367088318
4,339,9,523,0.7949015498161316
4,339,10,1779,0.7873641848564148
4,340,1,1491,0.8439205288887024
4,340,2,2705,0.8362009525299072
4,340,3,1635,0.8352487683296204
4,340,4,788,0.8016879558563232
4,340,5,2061,0.7980718016624451
4,340,6,90,0.7939069867134094
4,340,7,2870,0.7863537073135376
4,340,8,672,0.77964186668396
4,340,9,2686,0.7634627819061279
4,340,10,1030,0.7583481073379517
4,341,1,536,0.8590874671936035
4,341,2,1153,0.8537241816520691
4,341,3,2363,0.8467208743095398
4,341,4,1723,0.8450721502304077
4,341,5,1354,0.8409753441810608
4,341,6,554,0.8359211087226868
4,341,7,1472,0.8354036211967468
4,341,8,1674,0.8325873613357544
4,341,9,2176,0.8231834769248962
4,341,10,1369,0.8131461143493652
4,343,1,2261,0.8373817205429077
4,343,2,1692,0.8324923515319824
4,343,3,1655,0.827362060546875
4,343,4,1491,0.8214694857597351
4,343,5,2061,0.8094987273216248
4,343,6,1611,0.8081487417221069
4,343,7,2686,0.8034651279449463
4,343,8,2705,0.7938476204872131
4,343,9,788,0.7906238436698914
4,343,10,455,0.790347158908844
4,344,1,2403,0.8850379586219788
4,344,2,2363,0.8694501519203186
4,344,3,1472,0.8607414364814758
4,344,4,536,0.8599689602851868
4,344,5,1153,0.8564972877502441
4,344,6,1206,0.8529868721961975
4,344,7,2312,0.850840151309967
4,344,8,1369,0.8488476872444153
4,344,9,1723,0.8422985076904297
4,344,10,554,0.8378903865814209
4,345,1,387,0.9086874723434448
4,345,2,2363,0.9046851396560669
4,345,3,2176,0.8919077515602112
4,345,4,1206,0.8906694054603577
4,345,5,1369,0.8900524377822876
4,345,6,1367,0.8801978230476379
4,345,7,2312,0.8800992369651794
4,345,8,859,0.8728300929069519
4,345,9,101,0.8720585107803345
4,345,10,2971,0.8719170093536377
4,346,1,387,0.8885507583618164
4,346,2,2363,0.879421591758728
4,346,3,779,0.8743356466293335
4,346,4,1206,0.874169111251831
4,346,5,1369,0.8719388842582703
4,346,6,2176,0.8710981011390686
4,346,7,1367,0.8608468174934387
4,346,8,195,0.8566707968711853
4,346,9,2312,0.8563054203987122
4,346,10,859,0.852036714553833
4,347,1,2363,0.8910120129585266
4,347,2,536,0.8816499710083008
4,347,3,2312,0.8781689405441284
4,347,4,1153,0.8754496574401855
4,347,5,2176,0.8735224008560181
4,347,6,1354,0.8716846108436584
4,347,7,1723,0.8698086142539978
4,347,8,2971,0.8674193620681763
4,347,9,1674,0.8650932908058167
4,347,10,2007,0.8632767200469971
4,348,1,1827,0.9062592387199402
4,348,2,502,0.8787983059883118
4,348,3,779,0.8781327605247498
4,348,4,3084,0.877101719379425
4,348,5,2971,0.8708031177520752
4,348,6,2257,0.8608388900756836
4,348,7,385,0.8473423719406128
4,348,8,3043,0.8450573682785034
4,348,9,2264,0.8394461870193481
4,348,10,308,0.8374451994895935
4,349,1,3084,0.8685426712036133
4,349,2,72,0.8664150834083557
4,349,3,1897,0.8576772809028625
4,349,4,2971,0.8497952818870544
4,349,5,1354,0.8414624929428101
4,349,6,308,0.8388962149620056
4,349,7,779,0.8372744917869568
4,349,8,1674,0.8339176177978516
4,349,9,1832,0.8328940868377686
4,349,10,536,0.8290563225746155
4,350,1,393,0.8119925856590271
4,350,2,784,0.8029462099075317
4,350,3,333,0.8007516264915466
4,350,4,1275,0.7924808859825134
4,350,5,2257,0.7833007574081421
4,350,6,385,0.7615413069725037
4,350,7,779,0.7528682351112366
4,350,8,106,0.7474600672721863
4,350,9,270,0.7463042140007019
4,350,10,308,0.7420958876609802
4,351,1,779,0.8582320213317871
4,351,2,2163,0.8498634099960327
4,351,3,3084,0.8457993268966675
4,351,4,2257,0.8457407355308533
4,351,5,2971,0.8441929221153259
4,351,6,385,0.8344806432723999
4,351,7,2264,0.8311949372291565
4,351,8,2312,0.8234106302261353
4,351,9,482,0.8189527988433838
4,351,10,2176,0.8179219365119934
4,352,1,1786,0.8697105646133423
4,352,2,1911,0.8620151281356812
4,352,3,333,0.8478794693946838
4,352,4,2257,0.8434150218963623
4,352,5,385,0.8424811959266663
4,352,6,1827,0.8411098718643188
4,352,7,393,0.8389185070991516
4,352,8,72,0.8310603499412537
4,352,9,1275,0.8267771601676941
4,352,10,779,0.8251161575317383
4,353,1,1383,0.8575677871704102
4,353,2,2257,0.8517031073570251
4,353,3,385,0.8500995635986328
4,353,4,1481,0.8340712785720825
4,353,5,1275,0.833922803401947
4,353,6,1897,0.8263100385665894
4,353,7,2640,0.8218395709991455
4,353,8,105,0.8203681707382202
4,353,9,1037,0.8165996670722961
4,353,10,784,0.8141120672225952
4,354,1,1275,0.8548840880393982
4,354,2,784,0.8496849536895752
4,354,3,270,0.8422833681106567
4,354,4,1383,0.8344190716743469
4,354,5,106,0.8337001800537109
4,354,6,617,0.8311054110527039
4,354,7,2212,0.830571711063385
4,354,8,2365,0.8301991820335388
4,354,9,385,0.824394702911377
4,354,10,1769,0.8215703964233398
4,355,1,2257,0.8325629830360413
4,355,2,385,0.8292876482009888
4,355,3,1275,0.8254583477973938
4,355,4,1383,0.822293758392334
4,355,5,784,0.8092607855796814
4,355,6,1481,0.801755964756012
4,355,7,2640,0.792144238948822
4,355,8,1897,0.7903781533241272
4,355,9,1786,0.7889981269836426
4,355,10,105,0.7886612415313721
4,356,1,1275,0.8634313941001892
4,356,2,784,0.8564847707748413
4,356,3,270,0.8378084301948547
4,356,4,385,0.8351193070411682
4,356,5,2257,0.8323035836219788
4,356,6,106,0.8293487429618835
4,356,7,1383,0.8279902935028076
4,356,8,792,0.8210592269897461
4,356,9,1481,0.819805383682251
4,356,10,2480,0.8167098164558411
4,357,1,2871,0.8618485927581787
4,357,2,974,0.8614851236343384
4,357,3,906,0.8471508622169495
4,357,4,2513,0.8463399410247803
4,357,5,886,0.8461981415748596
4,357,6,2986,0.8439838886260986
4,357,7,1360,0.8412947654724121
4,357,8,1767,0.8387618660926819
4,357,9,5,0.8362403512001038
4,357,10,2761,0.8298501372337341
4,358,1,393,0.8042888641357422
4,358,2,1769,0.7819768786430359
4,358,3,106,0.7711198925971985
4,358,4,784,0.7665326595306396
4,358,5,1275,0.7504887580871582
4,358,6,617,0.74577796459198
4,358,7,1911,0.7422205805778503
4,358,8,1498,0.7378814220428467
4,358,9,1786,0.7354819178581238
4,358,10,270,0.72872394323349
4,359,1,393,0.7837395071983337
4,359,2,784,0.7814944982528687
4,359,3,1769,0.7796130180358887
4,359,4,270,0.7715249061584473
4,359,5,1275,0.7555513381958008
4,359,6,617,0.7539399266242981
4,359,7,168,0.748317301273346
4,359,8,360,0.7394449710845947
4,359,9,106,0.7344945073127747
4,359,10,293,0.731538712978363
4,360,1,393,0.7837395071983337
4,360,2,784,0.7814944982528687
4,360,3,1769,0.7796130180358887
4,360,4,270,0.7715249061584473
4,360,5,1275,0.7555513381958008
4,360,6,617,0.7539399266242981
4,360,7,168,0.748317301273346
4,360,8,360,0.7394449710845947
4,360,9,106,0.7344945073127747
4,360,10,293,0.731538712978363
4,361,1,393,0.7837395071983337
4,361,2,784,0.7814944982528687
4,361,3,1769,0.7796130180358887
4,361,4,270,0.7715249061584473
4,361,5,1275,0.7555513381958008
4,361,6,617,0.7539399266242981
4,361,7,168,0.748317301273346
4,361,8,360,0.7394449710845947
4,361,9,106,0.7344945073127747
4,361,10,293,0.731538712978363
4,362,1,393,0.7837395071983337
4,362,2,784,0.7814944982528687
4,362,3,1769,0.7796130180358887
4,362,4,270,0.7715249061584473
4,362,5,1275,0.7555513381958008
4,362,6,617,0.7539399266242981
4,362,7,168,0.748317301273346
4,362,8,360,0.7394449710845947
4,362,9,106,0.7344945073127747
4,362,10,293,0.731538712978363
4,363,1,393,0.7835935950279236
4,363,2,784,0.7814545631408691
4,363,3,1769,0.7791048288345337
4,363,4,270,0.7713510394096375
4,363,5,1275,0.7554051876068115
4,363,6,617,0.7537811398506165
4,363,7,168,0.7481842041015625
4,363,8,360,0.7394660711288452
4,363,9,106,0.7345044016838074
4,363,10,293,0.731652021408081
4,364,1,203,0.7931853532791138
4,364,2,2296,0.7905485033988953
4,364,3,2917,0.7847021222114563
4,364,4,1707,0.7827606201171875
4,364,5,195,0.7810148000717163
4,364,6,1422,0.7809296250343323
4,364,7,2084,0.7750818729400635
4,364,8,1671,0.7652066946029663
4,364,9,1991,0.7622290253639221
4,364,10,2659,0.7608529329299927
4,365,1,203,0.7960397005081177
4,365,2,2296,0.7893268465995789
4,365,3,1707,0.786763072013855
4,365,4,1422,0.7830562591552734
4,365,5,2917,0.7721942663192749
4,365,6,2084,0.7613890767097473
4,365,7,1962,0.7559046149253845
4,365,8,195,0.7443238496780396
4,365,9,1368,0.730419933795929
4,365,10,2659,0.7293288707733154
4,366,1,203,0.7987625002861023
4,366,2,1962,0.7949415445327759
4,366,3,1707,0.7918497920036316
4,366,4,2296,0.7731815576553345
4,366,5,1422,0.7710182666778564
4,366,6,982,0.7663641571998596
4,366,7,1203,0.7578914761543274
4,366,8,2061,0.7523240447044373
4,366,9,1368,0.7485843896865845
4,366,10,1688,0.746492326259613
4,367,1,203,0.8087850213050842
4,367,2,1707,0.8024263978004456
4,367,3,1962,0.7957965135574341
4,367,4,2296,0.7942594289779663
4,367,5,1422,0.7886302471160889
4,367,6,1030,0.7806392312049866
4,367,7,1653,0.7788031101226807
4,367,8,2917,0.7735845446586609
4,367,9,2084,0.7716777324676514
4,367,10,982,0.7703056931495667
4,368,1,203,0.7657630443572998
4,368,2,2296,0.7632468938827515
4,368,3,1707,0.755309522151947
4,368,4,1422,0.7521349191665649
4,368,5,2917,0.7499179244041443
4,368,6,195,0.7443156242370605
4,368,7,2084,0.7420289516448975
4,368,8,1671,0.7225332260131836
4,368,9,2659,0.7211191058158875
4,368,10,2075,0.7148658633232117
4,369,1,1165,0.8493690490722656
4,369,2,1920,0.8285852670669556
4,369,3,1449,0.824908435344696
4,369,4,1407,0.8170539736747742
4,369,5,1818,0.8118686079978943
4,369,6,248,0.8024897575378418
4,369,7,2193,0.7982048392295837
4,369,8,2,0.7966894507408142
4,369,9,667,0.7961486577987671
4,369,10,1747,0.7869042754173279
4,370,1,1165,0.8783231973648071
4,370,2,2739,0.8777660131454468
4,370,3,1920,0.8590766191482544
4,370,4,248,0.8452600240707397
4,370,5,2441,0.8451313972473145
4,370,6,1449,0.8425185680389404
4,370,7,1826,0.8418179750442505
4,370,8,2,0.8313616514205933
4,370,9,1407,0.8173857927322388
4,370,10,540,0.8170238137245178
4,371,1,1165,0.8961359262466431
4,371,2,2321,0.8908333778381348
4,371,3,2888,0.8810859322547913
4,371,4,248,0.8632040023803711
4,371,5,1678,0.8609102368354797
4,371,6,1920,0.8546417951583862
4,371,7,1449,0.8500277996063232
4,371,8,2,0.8466472029685974
4,371,9,540,0.8346270322799683
4,371,10,2969,0.8321866989135742
4,372,1,1165,0.8359727263450623
4,372,2,248,0.8126326203346252
4,372,3,2193,0.8059545755386353
4,372,4,2,0.8018129467964172
4,372,5,272,0.7970327138900757
4,372,6,477,0.786159098148346
4,372,7,1738,0.784422755241394
4,372,8,1920,0.7772727608680725
4,372,9,1108,0.7757442593574524
4,372,10,2969,0.7729676365852356
4,373,1,1165,0.882781982421875
4,373,2,1920,0.849545419216156
4,373,3,248,0.8467147946357727
4,373,4,272,0.8445014953613281
4,373,5,1449,0.8444265127182007
4,373,6,2,0.8366959095001221
4,373,7,1398,0.8344917297363281
4,373,8,2687,0.8260968923568726
4,373,9,1407,0.8259401321411133
4,373,10,2969,0.8111605644226074
4,374,1,1165,0.8659182786941528
4,374,2,2464,0.8589677214622498
4,374,3,918,0.8515381813049316
4,374,4,1449,0.8406631350517273
4,374,5,248,0.8369046449661255
4,374,6,1920,0.8365433216094971
4,374,7,1407,0.8323081731796265
4,374,8,1826,0.8316411375999451
4,374,9,2,0.8313713073730469
4,374,10,667,0.8121498823165894
4,375,1,2739,0.9011770486831665
4,375,2,1165,0.8999823927879333
4,375,3,248,0.873944878578186
4,375,4,2687,0.8711208701133728
4,375,5,1108,0.8646956086158752
4,375,6,2,0.8606778979301453
4,375,7,1920,0.85155189037323
4,375,8,1449,0.8448140621185303
4,375,9,1407,0.8359243869781494
4,375,10,540,0.8352384567260742
4,378,1,1165,0.8901122212409973
4,378,2,2464,0.8884913325309753
4,378,3,248,0.8704143762588501
4,378,4,2,0.8637372851371765
4,378,5,1826,0.8631513714790344
4,378,6,477,0.8570402264595032
4,378,7,1449,0.8533366322517395
4,378,8,1920,0.8495357036590576
4,378,9,1407,0.8492348194122314
4,378,10,667,0.8353654742240906
4,379,1,1165,0.8448224067687988
4,379,2,2464,0.8368500471115112
4,379,3,1920,0.8363165259361267
4,379,4,1449,0.8302066326141357
4,379,5,1407,0.8142198920249939
4,379,6,1818,0.81109619140625
4,379,7,248,0.8039293885231018
4,379,8,2,0.7960380911827087
4,379,9,2193,0.7951946258544922
4,379,10,1070,0.7916173338890076
4,380,1,1165,0.8493672609329224
4,380,2,2193,0.828215479850769
4,380,3,1818,0.8267592787742615
4,380,4,1407,0.8238614201545715
4,380,5,1920,0.8203332424163818
4,380,6,2888,0.8185144662857056
4,380,7,248,0.8109464645385742
4,380,8,1449,0.8088923096656799
4,380,9,2,0.8077393770217896
4,380,10,1070,0.8071475625038147
4,381,1,1165,0.8582380414009094
4,381,2,248,0.824600338935852
4,381,3,1920,0.8178244829177856
4,381,4,1449,0.8136743307113647
4,381,5,2,0.8124077916145325
4,381,6,2687,0.8068386316299438
4,381,7,2894,0.8049960136413574
4,381,8,2969,0.8016168475151062
4,381,9,540,0.7973513603210449
4,381,10,2193,0.7967607975006104
4,383,1,1165,0.8525092601776123
4,383,2,1920,0.8204215168952942
4,383,3,248,0.8162963390350342
4,383,4,918,0.8142166137695312
4,383,5,1449,0.8057743310928345
4,383,6,2,0.8053732514381409
4,383,7,2193,0.8048151135444641
4,383,8,2441,0.8026447892189026
4,383,9,1407,0.8014699220657349
4,383,10,667,0.7915582060813904
4,384,1,2739,0.8829192519187927
4,384,2,1165,0.8768544793128967
4,384,3,1449,0.8534010648727417
4,384,4,1920,0.8526431322097778
4,384,5,272,0.8462836146354675
4,384,6,248,0.8364283442497253
4,384,7,1826,0.8362928628921509
4,384,8,2969,0.8298414945602417
4,384,9,540,0.8282915949821472
4,384,10,2,0.8266438245773315
4,385,1,272,0.8842139840126038
4,385,2,1398,0.874565839767456
4,385,3,1920,0.8638986349105835
4,385,4,540,0.8628268241882324
4,385,5,1449,0.8627923130989075
4,385,6,1165,0.8598645925521851
4,385,7,1678,0.8594305515289307
4,385,8,2969,0.859362781047821
4,385,9,2343,0.8581488132476807
4,385,10,248,0.8394986987113953
4,386,1,1165,0.911489725112915
4,386,2,2464,0.8930173516273499
4,386,3,248,0.8803481459617615
4,386,4,2,0.870539128780365
4,386,5,477,0.862472653388977
4,386,6,1407,0.8568913340568542
4,386,7,1449,0.856536328792572
4,386,8,1920,0.8526771068572998
4,386,9,1818,0.8418768048286438
4,386,10,2193,0.8354889750480652
4,387,1,1165,0.9008060693740845
4,387,2,918,0.8725898861885071
4,387,3,248,0.8719979524612427
4,387,4,2888,0.8711718916893005
4,387,5,2,0.8581894040107727
4,387,6,1920,0.8494178056716919
4,387,7,1449,0.8435667753219604
4,387,8,2193,0.8371360898017883
4,387,9,1407,0.8345698118209839
4,387,10,2894,0.828999400138855
4,388,1,1165,0.8963227868080139
4,388,2,1920,0.8648308515548706
4,388,3,1449,0.8643636107444763
4,388,4,248,0.8627573251724243
4,388,5,1398,0.8597123622894287
4,388,6,1826,0.8594918847084045
4,388,7,1678,0.8516072034835815
4,388,8,2969,0.8489325642585754
4,388,9,2,0.8470739126205444
4,388,10,540,0.8465099930763245
4,391,1,1165,0.8794260621070862
4,391,2,1920,0.8551327586174011
4,391,3,1449,0.8390465974807739
4,391,4,2441,0.8379055857658386
4,391,5,248,0.8334167003631592
4,391,6,477,0.8314012885093689
4,391,7,2969,0.8291518092155457
4,391,8,540,0.8275419473648071
4,391,9,2,0.8172891139984131
4,391,10,2343,0.8168525099754333
4,392,1,1721,0.8677977919578552
4,392,2,2412,0.867572546005249
4,392,3,1657,0.8606478571891785
4,392,4,39,0.8558855652809143
4,392,5,2299,0.8524272441864014
4,392,6,2621,0.8433690667152405
4,392,7,2630,0.8157289028167725
4,392,8,652,0.8145592212677002
4,392,9,176,0.8131194114685059
4,392,10,1391,0.8110970258712769
4,395,1,1102,0.8299956321716309
4,395,2,2082,0.8208386898040771
4,395,3,2412,0.8159255385398865
4,395,4,2299,0.8131014704704285
4,395,5,1721,0.8122097849845886
4,395,6,2599,0.8095076084136963
4,395,7,1657,0.8068084120750427
4,395,8,176,0.7980196475982666
4,395,9,39,0.7954963445663452
4,395,10,25,0.7942892909049988
4,396,1,1721,0.8362856507301331
4,396,2,1657,0.8226616978645325
4,396,3,2412,0.819850742816925
4,396,4,39,0.8146279454231262
4,396,5,2299,0.7894231081008911
4,396,6,2621,0.7786344885826111
4,396,7,176,0.7733069658279419
4,396,8,2630,0.7587095499038696
4,396,9,25,0.758305013179779
4,396,10,652,0.7582704424858093
4,397,1,206,0.8665099740028381
4,397,2,2910,0.8649675250053406
4,397,3,609,0.85802161693573
4,397,4,1307,0.8575657606124878
4,397,5,475,0.8432237505912781
4,397,6,1044,0.8407771587371826
4,397,7,1936,0.8343127965927124
4,397,8,2345,0.8318364024162292
4,397,9,2808,0.8308699131011963
4,397,10,703,0.8279443383216858
4,398,1,1413,0.8675379157066345
4,398,2,2576,0.8630959391593933
4,398,3,1754,0.8521491885185242
4,398,4,1720,0.8521450161933899
4,398,5,1429,0.8458238244056702
4,398,6,447,0.835376501083374
4,398,7,1044,0.8346918821334839
4,398,8,2118,0.8265484571456909
4,398,9,2165,0.8235886693000793
4,398,10,1232,0.8225820660591125
4,399,1,206,0.8732951879501343
4,399,2,609,0.8605414032936096
4,399,3,2345,0.8553949594497681
4,399,4,1936,0.85109943151474
4,399,5,2118,0.8454969525337219
4,399,6,1044,0.842404842376709
4,399,7,475,0.8412895202636719
4,399,8,2576,0.839425265789032
4,399,9,1413,0.839084267616272
4,399,10,2708,0.8330085873603821
4,400,1,2910,0.8701515793800354
4,400,2,2345,0.8698496222496033
4,400,3,2118,0.8648368716239929
4,400,4,2576,0.8603025078773499
4,400,5,1413,0.8588884472846985
4,400,6,1379,0.8439159393310547
4,400,7,2136,0.8427432179450989
4,400,8,1044,0.8399545550346375
4,400,9,1936,0.8327484130859375
4,400,10,1720,0.8283491730690002
4,401,1,2412,0.8348349928855896
4,401,2,2156,0.8305845856666565
4,401,3,2299,0.8275490999221802
4,401,4,2082,0.8272778391838074
4,401,5,1721,0.8238644599914551
4,401,6,1657,0.8213096261024475
4,401,7,2599,0.8154799342155457
4,401,8,39,0.8146775364875793
4,401,9,176,0.8120941519737244
4,401,10,2621,0.8067869544029236
4,403,1,2345,0.8694816827774048
4,403,2,2118,0.8616953492164612
4,403,3,609,0.8539451956748962
4,403,4,2576,0.8494080901145935
4,403,5,1413,0.8482912182807922
4,403,6,1044,0.8413524031639099
4,403,7,475,0.8333633542060852
4,403,8,2136,0.8318122029304504
4,403,9,2708,0.831524133682251
4,403,10,1720,0.8314651250839233
4,404,1,2118,0.8679614663124084
4,404,2,2576,0.8654531240463257
4,404,3,1413,0.8653301000595093
4,404,4,2345,0.864314079284668
4,404,5,609,0.853611171245575
4,404,6,1044,0.8479678630828857
4,404,7,2910,0.8449962735176086
4,404,8,2830,0.8442063331604004
4,404,9,2708,0.8436070084571838
4,404,10,1720,0.8415848612785339
4,405,1,2830,0.8552979230880737
4,405,2,1307,0.8531022071838379
4,405,3,206,0.8490833640098572
4,405,4,1379,0.8204319477081299
4,405,5,1044,0.8037683367729187
4,405,6,30,0.7972023487091064
4,405,7,2345,0.7963627576828003
4,405,8,1413,0.7945876121520996
4,405,9,2576,0.7925029397010803
4,405,10,2118,0.7912465929985046
4,406,1,2345,0.8572733402252197
4,406,2,2576,0.8549696207046509
4,406,3,1936,0.8548611998558044
4,406,4,1413,0.853429913520813
4,406,5,2830,0.8530781865119934
4,406,6,1044,0.8527334928512573
4,406,7,1307,0.8505997657775879
4,406,8,2118,0.8471763134002686
4,406,9,89,0.8432742357254028
4,406,10,2758,0.8380014896392822
4,407,1,1232,0.8452291488647461
4,407,2,447,0.8436539173126221
4,407,3,475,0.8285338282585144
4,407,4,793,0.8274510502815247
4,407,5,1413,0.8247438669204712
4,407,6,2293,0.8245283365249634
4,407,7,1615,0.8205283880233765
4,407,8,2576,0.8191962242126465
4,407,9,275,0.8188533782958984
4,407,10,2938,0.8178921937942505
4,408,1,447,0.8881939649581909
4,408,2,1413,0.8859317302703857
4,408,3,1232,0.884483277797699
4,408,4,2576,0.8817436695098877
4,408,5,275,0.8686338067054749
4,408,6,2938,0.8669651746749878
4,408,7,261,0.864898681640625
4,408,8,2293,0.8617836236953735
4,408,9,1615,0.8575403690338135
4,408,10,206,0.8569919466972351
4,409,1,1654,0.8749962449073792
4,409,2,905,0.867933452129364
4,409,3,1963,0.8618820309638977
4,409,4,2354,0.8606769442558289
4,409,5,2293,0.8593683838844299
4,409,6,575,0.8565292358398438
4,409,7,2270,0.8533036708831787
4,409,8,2355,0.8526398539543152
4,409,9,1615,0.8491750955581665
4,409,10,1231,0.8430867791175842
4,410,1,2293,0.8297291398048401
4,410,2,1654,0.8284847140312195
4,410,3,2270,0.8265253901481628
4,410,4,1328,0.8189027309417725
4,410,5,1615,0.8135840892791748
4,410,6,1232,0.8086969256401062
4,410,7,2355,0.8077757358551025
4,410,8,905,0.8009048700332642
4,410,9,656,0.7983419895172119
4,410,10,575,0.7953764796257019
4,411,1,2581,0.8334419131278992
4,411,2,2111,0.7959190607070923
4,411,3,1408,0.7793000340461731
4,411,4,2280,0.7784750461578369
4,411,5,1516,0.7731769680976868
4,411,6,524,0.766770601272583
4,411,7,1231,0.7502998113632202
4,411,8,719,0.7492981553077698
4,411,9,1362,0.7417759299278259
4,411,10,122,0.7383182048797607
4,412,1,2581,0.8166671991348267
4,412,2,2111,0.7938745617866516
4,412,3,1516,0.7735807299613953
4,412,4,524,0.7724345922470093
4,412,5,2280,0.7631911039352417
4,412,6,719,0.7466076016426086
4,412,7,480,0.7308485507965088
4,412,8,1231,0.7299864888191223
4,412,9,122,0.7292098999023438
4,412,10,2664,0.7273175716400146
4,413,1,905,0.8958842158317566
4,413,2,1231,0.8955423831939697
4,413,3,2354,0.8941890597343445
4,413,4,575,0.8914577960968018
4,413,5,1516,0.8843100070953369
4,413,6,2581,0.883423924446106
4,413,7,1963,0.8708201050758362
4,413,8,121,0.8617453575134277
4,413,9,668,0.859828531742096
4,413,10,2280,0.8577367663383484
4,414,1,2111,0.7401382923126221
4,414,2,524,0.7207126021385193
4,414,3,44,0.7116252779960632
4,414,4,1716,0.7071084380149841
4,414,5,2581,0.7041763067245483
4,414,6,194,0.7029408812522888
4,414,7,1878,0.6998384594917297
4,414,8,2429,0.6998257637023926
4,414,9,2590,0.6978567242622375
4,414,10,2772,0.6933780908584595
4,415,1,2183,0.8751391768455505
4,415,2,826,0.873727023601532
4,415,3,356,0.8710355758666992
4,415,4,2826,0.8648425936698914
4,415,5,594,0.8643011450767517
4,415,6,293,0.8595108985900879
4,415,7,2272,0.8589392304420471
4,415,8,1618,0.8588051795959473
4,415,9,538,0.8582136631011963
4,415,10,566,0.8569524884223938
4,416,1,293,0.8168306946754456
4,416,2,168,0.8060122728347778
4,416,3,2294,0.7811314463615417
4,416,4,2311,0.7811314463615417
4,416,5,594,0.7793302536010742
4,416,6,535,0.7691662907600403
4,416,7,2272,0.7607714533805847
4,416,8,2609,0.7568268179893494
4,416,9,2486,0.7537259459495544
4,416,10,2645,0.7537158131599426
4,417,1,518,0.7564182877540588
4,417,2,624,0.7558760046958923
4,417,3,2028,0.7499706745147705
4,417,4,1884,0.7383019328117371
4,417,5,585,0.7375492453575134
4,417,6,201,0.7364032864570618
4,417,7,566,0.735369861125946
4,417,8,310,0.7338729500770569
4,417,9,2183,0.73187255859375
4,417,10,2826,0.7318630814552307
4,418,1,2294,0.8138658404350281
4,418,2,2311,0.8138658404350281
4,418,3,1517,0.8084107041358948
4,418,4,293,0.807902991771698
4,418,5,168,0.8057076334953308
4,418,6,2183,0.8055216073989868
4,418,7,2761,0.8054904937744141
4,418,8,594,0.8054319620132446
4,418,9,826,0.8036267757415771
4,418,10,2721,0.8031967878341675
4,419,1,826,0.8630766868591309
4,419,2,1618,0.8608380556106567
4,419,3,704,0.856717050075531
4,419,4,2700,0.8507804274559021
4,419,5,670,0.8497307300567627
4,419,6,2359,0.8429237008094788
4,419,7,1293,0.841343879699707
4,419,8,321,0.8404267430305481
4,419,9,594,0.839972972869873
4,419,10,538,0.8379297852516174
4,420,1,293,0.8901194334030151
4,420,2,1040,0.8847482204437256
4,420,3,356,0.8756675124168396
4,420,4,2480,0.8741801381111145
4,420,5,360,0.8721610903739929
4,420,6,2725,0.8716830611228943
4,420,7,1215,0.8700228333473206
4,420,8,884,0.8676455020904541
4,420,9,2272,0.8660750985145569
4,420,10,2911,0.8656091690063477
4,421,1,2311,0.8428724408149719
4,421,2,2294,0.8428724408149719
4,421,3,2486,0.8424525260925293
4,421,4,2645,0.8419579863548279
4,421,5,910,0.8389416337013245
4,421,6,579,0.8328736424446106
4,421,7,2871,0.8195835947990417
4,421,8,2513,0.8182646036148071
4,421,9,906,0.8151822090148926
4,421,10,886,0.8151757717132568
4,422,1,1618,0.8042058944702148
4,422,2,670,0.7934335470199585
4,422,3,264,0.7727285623550415
4,422,4,518,0.7710413336753845
4,422,5,356,0.7705532312393188
4,422,6,2790,0.7681400179862976
4,422,7,2700,0.7649597525596619
4,422,8,1913,0.7636154294013977
4,422,9,221,0.7620097994804382
4,422,10,1409,0.7601743936538696
4,423,1,430,0.8443804383277893
4,423,2,957,0.8074591755867004
4,423,3,221,0.8066953420639038
4,423,4,562,0.8028163313865662
4,423,5,1913,0.7992488145828247
4,423,6,2687,0.7976115345954895
4,423,7,2322,0.7943110466003418
4,423,8,168,0.7925535440444946
4,423,9,1265,0.7922844886779785
4,423,10,2754,0.7900593876838684
4,424,1,293,0.8629540801048279
4,424,2,957,0.8447479605674744
4,424,3,168,0.8376981616020203
4,424,4,535,0.8227154016494751
4,424,5,2311,0.8154327273368835
4,424,6,2294,0.8154326677322388
4,424,7,1018,0.8097289204597473
4,424,8,884,0.8046824932098389
4,424,9,2486,0.7967749834060669
4,424,10,2645,0.7964646816253662
4,425,1,2183,0.897853672504425
4,425,2,112,0.8949652910232544
4,425,3,2028,0.8936176896095276
4,425,4,2790,0.8914040923118591
4,425,5,670,0.8840632438659668
4,425,6,264,0.8827654719352722
4,425,7,704,0.8792636394500732
4,425,8,518,0.8773879408836365
4,425,9,1196,0.8767417669296265
4,425,10,201,0.8729593753814697
4,426,1,957,0.7279316782951355
4,426,2,2018,0.721891462802887
4,426,3,293,0.7141253352165222
4,426,4,2294,0.7094727158546448
4,426,5,2311,0.70947265625
4,426,6,1258,0.7035201191902161
4,426,7,1469,0.6911894083023071
4,426,8,2173,0.6891727447509766
4,426,9,168,0.6884973645210266
4,426,10,2566,0.6876029372215271
4,427,1,2790,0.863213837146759
4,427,2,2761,0.8536398410797119
4,427,3,2851,0.8480080962181091
4,427,4,1767,0.8350675106048584
4,427,5,91,0.8303970694541931
4,427,6,112,0.8299798369407654
4,427,7,201,0.8290542960166931
4,427,8,670,0.8275697827339172
4,427,9,1884,0.8259332776069641
4,427,10,2826,0.8250778913497925
4,428,1,293,0.7824226021766663
4,428,2,2311,0.7781162261962891
4,428,3,2294,0.7781162261962891
4,428,4,957,0.772199273109436
4,428,5,1517,0.762035071849823
4,428,6,2486,0.7584486603736877
4,428,7,2645,0.7580679059028625
4,428,8,2018,0.7536581158638
4,428,9,884,0.7498375177383423
4,428,10,2653,0.7496359348297119
4,429,1,293,0.7824226021766663
4,429,2,2311,0.7781162261962891
4,429,3,2294,0.7781162261962891
4,429,4,957,0.772199273109436
4,429,5,1517,0.762035071849823
4,429,6,2486,0.7584486603736877
4,429,7,2645,0.7580679059028625
4,429,8,2018,0.7536581158638
4,429,9,884,0.7498375177383423
4,429,10,2653,0.7496359348297119
4,430,1,293,0.7824226021766663
4,430,2,2311,0.7781162261962891
4,430,3,2294,0.7781162261962891
4,430,4,957,0.772199273109436
4,430,5,1517,0.762035071849823
4,430,6,2486,0.7584486603736877
4,430,7,2645,0.7580679059028625
4,430,8,2018,0.7536581158638
4,430,9,884,0.7498375177383423
4,430,10,2653,0.7496359348297119
4,435,1,852,0.7985543012619019
4,435,2,1716,0.7937964200973511
4,435,3,44,0.7917991876602173
4,435,4,2700,0.7875228524208069
4,435,5,201,0.7765541076660156
4,435,6,2684,0.7727230191230774
4,435,7,194,0.7725829482078552
4,435,8,2429,0.7702797651290894
4,435,9,1618,0.7684617042541504
4,435,10,2769,0.7605158090591431
4,436,1,1767,0.9013623595237732
4,436,2,201,0.8762373328208923
4,436,3,2790,0.8687606453895569
4,436,4,64,0.8671126961708069
4,436,5,2851,0.8670142292976379
4,436,6,2328,0.8607842922210693
4,436,7,2093,0.858160674571991
4,436,8,2761,0.8552025556564331
4,436,9,1716,0.8526824712753296
4,436,10,8,0.851650059223175
4,437,1,201,0.8703962564468384
4,437,2,2028,0.863632082939148
4,437,3,8,0.8591439127922058
4,437,4,273,0.8576034903526306
4,437,5,1767,0.8554894328117371
4,437,6,852,0.8521645069122314
4,437,7,2093,0.8493848443031311
4,437,8,2790,0.8465552926063538
4,437,9,1293,0.8458985090255737
4,437,10,1618,0.8449813723564148
4,438,1,1767,0.9106817245483398
4,438,2,8,0.8947358727455139
4,438,3,273,0.8885079622268677
4,438,4,2093,0.8880826234817505
4,438,5,2328,0.8865505456924438
4,438,6,78,0.8851801753044128
4,438,7,852,0.8846854567527771
4,438,8,787,0.8819661140441895
4,438,9,2700,0.8812541961669922
4,438,10,1716,0.8788604140281677
4,439,1,506,0.8008884191513062
4,439,2,297,0.8008884191513062
4,439,3,434,0.7983377575874329
4,439,4,2645,0.7963324785232544
4,439,5,2486,0.7960035800933838
4,439,6,185,0.7955644130706787
4,439,7,910,0.7954057455062866
4,439,8,2311,0.7952315211296082
4,439,9,2294,0.7952314615249634
4,439,10,1145,0.7918806076049805
4,440,1,2911,0.8323447704315186
4,440,2,2196,0.8288403749465942
4,440,3,884,0.8228981494903564
4,440,4,1383,0.8202309608459473
4,440,5,1002,0.8202140927314758
4,440,6,2697,0.8165819644927979
4,440,7,915,0.8145366311073303
4,440,8,2640,0.8142770528793335
4,440,9,2257,0.8101115822792053
4,440,10,1215,0.8098092079162598
4,441,1,957,0.8363215923309326
4,441,2,594,0.8186975717544556
4,441,3,168,0.8151494860649109
4,441,4,538,0.8111643195152283
4,441,5,535,0.8072027564048767
4,441,6,1517,0.804975688457489
4,441,7,2294,0.8013889789581299
4,441,8,2311,0.8013889193534851
4,441,9,2272,0.8005243539810181
4,441,10,1769,0.7995676398277283
4,442,1,2363,0.8250855207443237
4,442,2,2403,0.8197513818740845
4,442,3,646,0.8126877546310425
4,442,4,1369,0.8062219619750977
4,442,5,2312,0.8041502833366394
4,442,6,1206,0.8026596903800964
4,442,7,387,0.8019540309906006
4,442,8,1062,0.7945831418037415
4,442,9,1472,0.7943494915962219
4,442,10,1991,0.7903903126716614
4,443,1,2322,0.7662086486816406
4,443,2,1920,0.7530783414840698
4,443,3,1070,0.7342301607131958
4,443,4,410,0.7111920714378357
4,443,5,1577,0.7098986506462097
4,443,6,2228,0.6950722336769104
4,443,7,1311,0.6931689977645874
4,443,8,1685,0.685173749923706
4,443,9,1190,0.6838635206222534
4,443,10,1265,0.6823378205299377
4,444,1,58,0.7176226377487183
4,444,2,393,0.6783977746963501
4,444,3,1265,0.6753825545310974
4,444,4,1116,0.6633991003036499
4,444,5,2322,0.6538566946983337
4,444,6,1685,0.6332257986068726
4,444,7,617,0.6290130019187927
4,444,8,1769,0.6216765642166138
4,444,9,1611,0.6215162873268127
4,444,10,1070,0.6213269233703613
4,445,1,1920,0.7397149801254272
4,445,2,2322,0.7109164595603943
4,445,3,1311,0.6988871693611145
4,445,4,1070,0.6864897608757019
4,445,5,1116,0.6791560053825378
4,445,6,357,0.6684536337852478
4,445,7,1577,0.6669233441352844
4,445,8,2978,0.6649028658866882
4,445,9,1038,0.6621356010437012
4,445,10,1161,0.6587228178977966
4,446,1,1116,0.738948404788971
4,446,2,2322,0.7151907682418823
4,446,3,1070,0.7072095274925232
4,446,4,357,0.6989638805389404
4,446,5,1265,0.6826480627059937
4,446,6,1920,0.6808539032936096
4,446,7,1685,0.6781998872756958
4,446,8,1590,0.6685830354690552
4,446,9,1577,0.6641677021980286
4,446,10,1990,0.6506947875022888
4,448,1,1587,0.7865591049194336
4,448,2,2033,0.7755113244056702
4,448,3,949,0.7689917683601379
4,448,4,2210,0.7647297382354736
4,448,5,1759,0.7518712282180786
4,448,6,2391,0.7487163543701172
4,448,7,2704,0.7472317218780518
4,448,8,2615,0.731538712978363
4,448,9,1200,0.7311859726905823
4,448,10,1779,0.7226763367652893
4,449,1,507,0.7452583909034729
4,449,2,2942,0.7284904718399048
4,449,3,1386,0.7234061360359192
4,449,4,2210,0.7103691101074219
4,449,5,2615,0.7100211381912231
4,449,6,2704,0.7092452645301819
4,449,7,1200,0.7052023410797119
4,449,8,2705,0.7038940787315369
4,449,9,2391,0.7005334496498108
4,449,10,1048,0.6866268515586853
4,450,1,2210,0.8720055818557739
4,450,2,2391,0.8663316369056702
4,450,3,1200,0.8526618480682373
4,450,4,1048,0.851563036441803
4,450,5,1587,0.8339609503746033
4,450,6,1184,0.8189445734024048
4,450,7,2033,0.8180539011955261
4,450,8,1759,0.8150428533554077
4,450,9,949,0.8136230111122131
4,450,10,1386,0.7835100293159485
4,451,1,2814,0.8327379822731018
4,451,2,2210,0.8258129954338074
4,451,3,1587,0.8241522312164307
4,451,4,2704,0.81900554895401
4,451,5,2391,0.8165550827980042
4,451,6,2615,0.8139088153839111
4,451,7,1200,0.8135672211647034
4,451,8,1048,0.8027057647705078
4,451,9,2942,0.7951585650444031
4,451,10,2033,0.7924812436103821
4,452,1,2210,0.7973123788833618
4,452,2,2391,0.7917386293411255
4,452,3,2704,0.7903355956077576
4,452,4,2615,0.78473961353302
4,452,5,1048,0.7833011746406555
4,452,6,1587,0.7711836099624634
4,452,7,672,0.7679296731948853
4,452,8,1386,0.7653675079345703
4,452,9,1184,0.7558631300926208
4,452,10,1759,0.7470357418060303
4,453,1,2210,0.8939357995986938
4,453,2,2391,0.8902679681777954
4,453,3,2704,0.8819454908370972
4,453,4,507,0.8666685223579407
4,453,5,2814,0.8486092686653137
4,453,6,173,0.8239265084266663
4,453,7,2912,0.8212400078773499
4,453,8,2942,0.8124468922615051
4,453,9,672,0.8121999502182007
4,453,10,1009,0.8051157593727112
4,454,1,2033,0.8870608806610107
4,454,2,949,0.8858729600906372
4,454,3,1759,0.8699777126312256
4,454,4,1048,0.8663738369941711
4,454,5,1200,0.8635022640228271
4,454,6,1957,0.8187314867973328
4,454,7,1386,0.8137323260307312
4,454,8,2942,0.8098243474960327
4,454,9,665,0.7907599210739136
4,454,10,1344,0.789751410484314
4,455,1,1048,0.8884237408638
4,455,2,2033,0.8809928894042969
4,455,3,1200,0.8781502842903137
4,455,4,507,0.8521319031715393
4,455,5,2814,0.8185694813728333
4,455,6,3079,0.8119751214981079
4,455,7,2912,0.8000051379203796
4,455,8,672,0.7946653366088867
4,455,9,1009,0.794075071811676
4,455,10,173,0.7930238842964172
4,456,1,2814,0.8637309074401855
4,456,2,507,0.8575641512870789
4,456,3,1957,0.844201922416687
4,456,4,1009,0.8326517343521118
4,456,5,173,0.8221442699432373
4,456,6,2942,0.8002039790153503
4,456,7,1386,0.7979797720909119
4,456,8,1184,0.7965039014816284
4,456,9,2912,0.7801955938339233
4,456,10,672,0.7736570239067078
4,457,1,2210,0.903969943523407
4,457,2,2704,0.894891619682312
4,457,3,1759,0.870976448059082
4,457,4,507,0.8701604604721069
4,457,5,2814,0.8398011922836304
4,457,6,2942,0.8168668746948242
4,457,7,2912,0.8149206042289734
4,457,8,672,0.8066279292106628
4,457,9,173,0.8030887246131897
4,457,10,1957,0.7982797026634216
4,458,1,2210,0.877816379070282
4,458,2,2391,0.8721478581428528
4,458,3,1048,0.8628026247024536
4,458,4,1200,0.862082302570343
4,458,5,2033,0.8347904086112976
4,458,6,1759,0.834709644317627
4,458,7,949,0.8312180638313293
4,458,8,2942,0.7919086813926697
4,458,9,1718,0.7834194898605347
4,458,10,3079,0.7828845977783203
4,459,1,1354,0.8815011382102966
4,459,2,1674,0.8789407014846802
4,459,3,387,0.8749469518661499
4,459,4,2403,0.8699340224266052
4,459,5,646,0.8622434735298157
4,459,6,2312,0.8574263453483582
4,459,7,2363,0.8565406203269958
4,459,8,2264,0.8539596796035767
4,459,9,1832,0.8506355881690979
4,459,10,1793,0.8481486439704895
4,460,1,387,0.856452465057373
4,460,2,2403,0.8451534509658813
4,460,3,646,0.8397131562232971
4,460,4,2363,0.8333535194396973
4,460,5,1472,0.8221888542175293
4,460,6,2312,0.8200605511665344
4,460,7,1173,0.8076687455177307
4,460,8,2176,0.8053045868873596
4,460,9,1206,0.8023844957351685
4,460,10,1369,0.8016191124916077
4,461,1,387,0.8996536731719971
4,461,2,2403,0.8862625360488892
4,461,3,646,0.8815549612045288
4,461,4,2363,0.8771410584449768
4,461,5,1153,0.8721501231193542
4,461,6,1472,0.8694243431091309
4,461,7,2176,0.8618893623352051
4,461,8,2312,0.8559094667434692
4,461,9,1793,0.8541530966758728
4,461,10,2264,0.8396643400192261
4,462,1,2363,0.8733471632003784
4,462,2,2280,0.8694049119949341
4,462,3,2312,0.8680187463760376
4,462,4,2403,0.8595955967903137
4,462,5,387,0.8556292653083801
4,462,6,554,0.8542789816856384
4,462,7,646,0.851154088973999
4,462,8,1793,0.8501718044281006
4,462,9,1055,0.8426285982131958
4,462,10,925,0.8400313258171082
4,463,1,1055,0.8392576575279236
4,463,2,2931,0.8323797583580017
4,463,3,1045,0.8310073614120483
4,463,4,1476,0.827293336391449
4,463,5,637,0.8117470741271973
4,463,6,2098,0.8052443265914917
4,463,7,387,0.7984206080436707
4,463,8,1910,0.7938348650932312
4,463,9,1801,0.7928435802459717
4,463,10,2403,0.7902278304100037
4,465,1,2963,0.7609040141105652
4,465,2,1963,0.7568957209587097
4,465,3,1710,0.7346800565719604
4,465,4,2161,0.72353196144104
4,465,5,1427,0.7215941548347473
4,465,6,668,0.7197228074073792
4,465,7,1654,0.7173218727111816
4,465,8,2270,0.7141721844673157
4,465,9,2157,0.7136819362640381
4,465,10,2862,0.7112200856208801
4,467,1,2355,0.7435578107833862
4,467,2,2963,0.7366381287574768
4,467,3,1963,0.7190611362457275
4,467,4,1710,0.6995962858200073
4,467,5,2270,0.6979711055755615
4,467,6,1654,0.6948349475860596
4,467,7,645,0.6907253861427307
4,467,8,2161,0.6864156126976013
4,467,9,1427,0.6861152648925781
4,467,10,1821,0.6860828399658203
4,468,1,2963,0.7699664831161499
4,468,2,905,0.7135928869247437
4,468,3,1963,0.7129881978034973
4,468,4,2354,0.7075878381729126
4,468,5,1055,0.7005016207695007
4,468,6,1365,0.6909632682800293
4,468,7,1438,0.6898298859596252
4,468,8,1710,0.6859145760536194
4,468,9,1821,0.6848024725914001
4,468,10,645,0.6825677752494812
4,469,1,387,0.8724651336669922
4,469,2,2403,0.8689634799957275
4,469,3,646,0.8655225038528442
4,469,4,1674,0.8626158833503723
4,469,5,2363,0.8531209826469421
4,469,6,1354,0.8518408536911011
4,469,7,1472,0.8505890369415283
4,469,8,1055,0.8467851877212524
4,469,9,2312,0.8464198112487793
4,469,10,851,0.8455100655555725
4,470,1,2963,0.7655033469200134
4,470,2,1963,0.7482089996337891
4,470,3,2931,0.7301814556121826
4,470,4,1710,0.7280065417289734
4,470,5,1427,0.7273542284965515
4,470,6,645,0.7268165349960327
4,470,7,1654,0.7247673869132996
4,470,8,2161,0.7213122844696045
4,470,9,2270,0.7212800979614258
4,470,10,1438,0.7166333198547363
4,471,1,1248,0.8374285697937012
4,471,2,1522,0.8222898244857788
4,471,3,2432,0.8210293650627136
4,471,4,2073,0.8193464875221252
4,471,5,692,0.8162132501602173
4,471,6,674,0.8135558366775513
4,471,7,2095,0.8115275502204895
4,471,8,2713,0.802086353302002
4,471,9,2159,0.7992420792579651
4,471,10,598,0.7957585453987122
4,472,1,1248,0.9034643769264221
4,472,2,1829,0.855576753616333
4,472,3,692,0.8536489605903625
4,472,4,2159,0.8513442277908325
4,472,5,1522,0.8488566875457764
4,472,6,2095,0.845560610294342
4,472,7,2073,0.8434766530990601
4,472,8,674,0.8399181365966797
4,472,9,93,0.8370949029922485
4,472,10,1650,0.8349698781967163
4,474,1,2159,0.9097194671630859
4,474,2,1698,0.9010871052742004
4,474,3,2095,0.8769509792327881
4,474,4,1650,0.8734257221221924
4,474,5,692,0.8727772831916809
4,474,6,1063,0.8717852830886841
4,474,7,2238,0.8669538497924805
4,474,8,2143,0.8663707375526428
4,474,9,2073,0.8651140332221985
4,474,10,674,0.8631646633148193
4,475,1,1447,0.9165990352630615
4,475,2,2432,0.8960505723953247
4,475,3,2159,0.8822585940361023
4,475,4,1829,0.8688300848007202
4,475,5,674,0.8683967590332031
4,475,6,2095,0.8664160370826721
4,475,7,1650,0.8543028831481934
4,475,8,2238,0.8539278507232666
4,475,9,93,0.8531931042671204
4,475,10,692,0.8518480062484741
4,476,1,2159,0.8838011622428894
4,476,2,128,0.8703277111053467
4,476,3,1642,0.8558818697929382
4,476,4,2143,0.85247802734375
4,476,5,1547,0.8480328917503357
4,476,6,215,0.8442608714103699
4,476,7,257,0.8410210609436035
4,476,8,769,0.8378893136978149
4,476,9,1270,0.8293036222457886
4,476,10,520,0.826736569404602
4,477,1,2159,0.8804826140403748
4,477,2,1650,0.8709325194358826
4,477,3,692,0.8682456612586975
4,477,4,2095,0.8655009865760803
4,477,5,2073,0.8565095067024231
4,477,6,674,0.8562842607498169
4,477,7,2238,0.8484079837799072
4,477,8,2556,0.8466060161590576
4,477,9,2143,0.8448998332023621
4,477,10,257,0.8395364284515381
4,478,1,2159,0.8875817060470581
4,478,2,2143,0.8612728118896484
4,478,3,128,0.8586891889572144
4,478,4,1642,0.8567545413970947
4,478,5,215,0.8522725701332092
4,478,6,2095,0.8469560146331787
4,478,7,1645,0.8407444357872009
4,478,8,1248,0.8395344614982605
4,478,9,2556,0.8393235206604004
4,478,10,257,0.839148998260498
4,479,1,2848,0.7868821024894714
4,479,2,2285,0.7705350518226624
4,479,3,512,0.762302815914154
4,479,4,2444,0.754532516002655
4,479,5,1163,0.7525867223739624
4,479,6,2552,0.7523228526115417
4,479,7,2559,0.7383105158805847
4,479,8,479,0.7372410893440247
4,479,9,2989,0.7321231365203857
4,479,10,2016,0.7320235967636108
4,480,1,1248,0.8666412234306335
4,480,2,1522,0.8380501866340637
4,480,3,1412,0.8270959854125977
4,480,4,2237,0.8257508873939514
4,480,5,93,0.8190973401069641
4,480,6,2713,0.8164588809013367
4,480,7,2719,0.8127779960632324
4,480,8,1063,0.8096099495887756
4,480,9,2159,0.8087355494499207
4,480,10,1335,0.8063522577285767
4,481,1,1346,0.8035456538200378
4,481,2,514,0.7878380417823792
4,481,3,1160,0.7674272060394287
4,481,4,532,0.7612366676330566
4,481,5,2180,0.7551839351654053
4,481,6,2916,0.7308201193809509
4,481,7,1724,0.7189474105834961
4,481,8,1465,0.7137977480888367
4,481,9,2092,0.7109586596488953
4,481,10,597,0.7042726278305054
4,483,1,641,0.8113245964050293
4,483,2,2607,0.8050341010093689
4,483,3,1429,0.8039625883102417
4,483,4,257,0.8036711812019348
4,483,5,2118,0.8004714846611023
4,483,6,703,0.800430178642273
4,483,7,2708,0.7972473502159119
4,483,8,1744,0.7939873337745667
4,483,9,2808,0.7902796268463135
4,483,10,2345,0.7872452735900879
4,484,1,641,0.8113245964050293
4,484,2,2607,0.8050341010093689
4,484,3,1429,0.8039625883102417
4,484,4,257,0.8036711812019348
4,484,5,2118,0.8004714846611023
4,484,6,703,0.800430178642273
4,484,7,2708,0.7972473502159119
4,484,8,1744,0.7939873337745667
4,484,9,2808,0.7902796268463135
4,484,10,2345,0.7872452735900879
4,485,1,398,0.8406447768211365
4,485,2,1429,0.8195387125015259
4,485,3,257,0.8119935393333435
4,485,4,2118,0.8080779910087585
4,485,5,2576,0.8006585836410522
4,485,6,2345,0.800605058670044
4,485,7,1413,0.7957273721694946
4,485,8,520,0.795310378074646
4,485,9,1720,0.7948487997055054
4,485,10,1525,0.7892874479293823
4,486,1,2559,0.7268792986869812
4,486,2,63,0.7003111839294434
4,486,3,597,0.686529815196991
4,486,4,1577,0.6688002943992615
4,486,5,474,0.6592628955841064
4,486,6,1171,0.6496793031692505
4,486,7,1501,0.6485944986343384
4,486,8,666,0.637156069278717
4,486,9,1395,0.6173384189605713
4,486,10,2916,0.6049054861068726
4,487,1,398,0.7751696705818176
4,487,2,2972,0.7662657499313354
4,487,3,2559,0.7621601223945618
4,487,4,2100,0.7561428546905518
4,487,5,63,0.7045621275901794
4,487,6,597,0.6939652562141418
4,487,7,205,0.6809675693511963
4,487,8,514,0.6500453948974609
4,487,9,520,0.6448363661766052
4,487,10,1270,0.6350271105766296
4,491,1,1831,0.8783538937568665
4,491,2,495,0.8762056827545166
4,491,3,1501,0.8113991618156433
4,491,4,563,0.7766808271408081
4,491,5,1223,0.7721526026725769
4,491,6,993,0.766412079334259
4,491,7,876,0.7659747004508972
4,491,8,183,0.7652810215950012
4,491,9,2035,0.7648469805717468
4,491,10,1749,0.763568103313446
4,492,1,1501,0.8266929984092712
4,492,2,1161,0.7918184399604797
4,492,3,1312,0.7478358745574951
4,492,4,1223,0.7383714318275452
4,492,5,993,0.7279942631721497
4,492,6,1395,0.7192312479019165
4,492,7,876,0.7136926054954529
4,492,8,1749,0.7124781012535095
4,492,9,2035,0.7123551964759827
4,492,10,749,0.7092877626419067
4,493,1,1836,0.8435094356536865
4,493,2,541,0.8354607820510864
4,493,3,1161,0.7925811409950256
4,493,4,185,0.7690032124519348
4,493,5,2844,0.7347553372383118
4,493,6,1312,0.7330725789070129
4,493,7,1749,0.7320135831832886
4,493,8,876,0.7307941317558289
4,493,9,993,0.7304831743240356
4,493,10,2035,0.7256227135658264
4,494,1,1992,0.7156103253364563
4,494,2,2290,0.715376079082489
4,494,3,2606,0.6969728469848633
4,494,4,1109,0.6963667273521423
4,494,5,474,0.6658354997634888
4,494,6,1685,0.6635186672210693
4,494,7,1311,0.6470319628715515
4,494,8,2755,0.6443425416946411
4,494,9,512,0.6337183117866516
4,494,10,1038,0.6329290866851807
4,495,1,1435,0.7479150891304016
4,495,2,1712,0.7226471304893494
4,495,3,98,0.719199538230896
4,495,4,865,0.7177383303642273
4,495,5,1966,0.7136267423629761
4,495,6,2219,0.7136267423629761
4,495,7,2412,0.7072054147720337
4,495,8,3018,0.7060321569442749
4,495,9,39,0.6961562037467957
4,495,10,1839,0.6936908960342407
