fold,user,rank,item,score
0,1,1,948,0.0
0,1,2,1142,0.0
0,1,3,2348,0.0
0,1,4,264,0.0
0,1,5,2147,0.0
0,1,6,1332,0.0
0,1,7,1586,0.0
0,1,8,1623,0.0
0,1,9,2426,0.0
0,1,10,2640,0.0
0,2,1,2727,0.05
0,2,2,2234,0.0
0,2,3,1621,0.0
0,2,4,2638,0.0
0,2,5,853,0.0
0,2,6,1944,0.0
0,2,7,1374,0.0
0,2,8,1702,0.0
0,2,9,2404,0.0
0,2,10,1093,0.0
0,3,1,316,0.05
0,3,2,1407,0.0
0,3,3,401,0.0
0,3,4,1018,0.0
0,3,5,1349,0.0
0,3,6,1138,0.0
0,3,7,2446,0.0
0,3,8,1465,0.0
0,3,9,701,0.0
0,3,10,1740,0.0
0,4,1,2073,0.05
0,4,2,1665,0.0
0,4,3,612,0.0
0,4,4,2472,0.0
0,4,5,2556,0.0
0,4,6,2449,0.0
0,4,7,2044,0.0
0,4,8,2400,0.0
0,4,9,23,0.0
0,4,10,2170,0.0
0,7,1,2095,0.0
0,7,2,2098,0.0
0,7,3,2629,0.0
0,7,4,1850,0.0
0,7,5,3058,0.0
0,7,6,932,0.0
0,7,7,95,0.0
0,7,8,1341,0.0
0,7,9,1713,0.0
0,7,10,1256,0.0
0,9,1,3018,0.2
0,9,2,1984,0.0
0,9,3,2952,0.0
0,9,4,1382,0.0
0,9,5,1403,0.0
0,9,6,2398,0.0
0,9,7,2431,0.0
0,9,8,2149,0.0
0,9,9,815,0.0
0,9,10,802,0.0
0,11,1,2306,0.1
0,11,2,2951,0.0
0,11,3,1283,0.0
0,11,4,70,0.0
0,11,5,903,0.0
0,11,6,1435,0.0
0,11,7,1781,0.0
0,11,8,2411,0.0
0,11,9,1815,0.0
0,11,10,1881,0.0
0,12,1,2448,0.0
0,12,2,1838,0.0
0,12,3,1702,0.0
0,12,4,365,0.0
0,12,5,2069,0.0
0,12,6,333,0.0
0,12,7,928,0.0
0,12,8,1114,0.0
0,12,9,872,0.0
0,12,10,31,0.0
0,13,1,2299,0.0
0,13,2,155,0.0
0,13,3,951,0.0
0,13,4,3058,0.0
0,13,5,975,0.0
0,13,6,1679,0.0
0,13,7,2548,0.0
0,13,8,1414,0.0
0,13,9,2932,0.0
0,13,10,625,0.0
0,14,1,174,0.0
0,14,2,612,0.0
0,14,3,2301,0.0
0,14,4,1171,0.0
0,14,5,1442,0.0
0,14,6,809,0.0
0,14,7,356,0.0
0,14,8,291,0.0
0,14,9,2034,0.0
0,14,10,1262,0.0
0,15,1,2583,0.1
0,15,2,1312,0.05
0,15,3,2877,0.05
0,15,4,985,0.0
0,15,5,137,0.0
0,15,6,1335,0.0
0,15,7,43,0.0
0,15,8,603,0.0
0,15,9,953,0.0
0,15,10,2387,0.0
0,16,1,993,0.05
0,16,2,1395,0.0
0,16,3,1568,0.0
0,16,4,1744,0.0
0,16,5,406,0.0
0,16,6,928,0.0
0,16,7,2997,0.0
0,16,8,2045,0.0
0,16,9,2196,0.0
0,16,10,1224,0.0
0,17,1,530,0.1
0,17,2,2396,0.0
0,17,3,512,0.0
0,17,4,1955,0.0
0,17,5,2966,0.0
0,17,6,1332,0.0
0,17,7,1833,0.0
0,17,8,20,0.0
0,17,9,2418,0.0
0,17,10,55,0.0
0,18,1,1202,0.15
0,18,2,1550,0.05
0,18,3,825,0.0
0,18,4,2301,0.0
0,18,5,364,0.0
0,18,6,1637,0.0
0,18,7,1265,0.0
0,18,8,348,0.0
0,18,9,1397,0.0
0,18,10,2845,0.0
0,21,1,1388,0.1
0,21,2,556,0.05
0,21,3,853,0.0
0,21,4,768,0.0
0,21,5,1517,0.0
0,21,6,1619,0.0
0,21,7,871,0.0
0,21,8,1155,0.0
0,21,9,133,0.0
0,21,10,728,0.0
0,22,1,2674,0.05
0,22,2,2369,0.0
0,22,3,994,0.0
0,22,4,1974,0.0
0,22,5,413,0.0
0,22,6,2274,0.0
0,22,7,1778,0.0
0,22,8,1651,0.0
0,22,9,983,0.0
0,22,10,2464,0.0
0,23,1,756,0.0
0,23,2,969,0.0
0,23,3,1335,0.0
0,23,4,1168,0.0
0,23,5,563,0.0
0,23,6,2923,0.0
0,23,7,916,0.0
0,23,8,2634,0.0
0,23,9,2825,0.0
0,23,10,1552,0.0
0,24,1,2559,0.0
0,24,2,2016,0.0
0,24,3,2827,0.0
0,24,4,1918,0.0
0,24,5,2932,0.0
0,24,6,1792,0.0
0,24,7,1893,0.0
0,24,8,296,0.0
0,24,9,1961,0.0
0,24,10,2647,0.0
0,25,1,1496,0.0
0,25,2,2050,0.0
0,25,3,1895,0.0
0,25,4,527,0.0
0,25,5,1764,0.0
0,25,6,1436,0.0
0,25,7,516,0.0
0,25,8,155,0.0
0,25,9,1812,0.0
0,25,10,779,0.0
0,26,1,177,0.1
0,26,2,1287,0.1
0,26,3,271,0.1
0,26,4,2706,0.0
0,26,5,2273,0.0
0,26,6,2381,0.0
0,26,7,1958,0.0
0,26,8,2021,0.0
0,26,9,2066,0.0
0,26,10,2248,0.0
0,27,1,1881,0.1
0,27,2,2352,0.05
0,27,3,539,0.0
0,27,4,2876,0.0
0,27,5,2007,0.0
0,27,6,15,0.0
0,27,7,2935,0.0
0,27,8,2611,0.0
0,27,9,1155,0.0
0,27,10,2213,0.0
0,28,1,524,0.0
0,28,2,996,0.0
0,28,3,2221,0.0
0,28,4,2410,0.0
0,28,5,933,0.0
0,28,6,911,0.0
0,28,7,1684,0.0
0,28,8,2829,0.0
0,28,9,345,0.0
0,28,10,1592,0.0
0,29,1,559,0.0
0,29,2,845,0.0
0,29,3,277,0.0
0,29,4,2025,0.0
0,29,5,2808,0.0
0,29,6,2756,0.0
0,29,7,45,0.0
0,29,8,2631,0.0
0,29,9,742,0.0
0,29,10,439,0.0
0,31,1,459,0.0
0,31,2,1970,0.0
0,31,3,1604,0.0
0,31,4,676,0.0
0,31,5,3010,0.0
0,31,6,1880,0.0
0,31,7,2188,0.0
0,31,8,536,0.0
0,31,9,2724,0.0
0,31,10,14,0.0
0,32,1,1600,0.05
0,32,2,2127,0.0
0,32,3,1421,0.0
0,32,4,2153,0.0
0,32,5,2905,0.0
0,32,6,457,0.0
0,32,7,2897,0.0
0,32,8,488,0.0
0,32,9,1996,0.0
0,32,10,1661,0.0
0,33,1,2920,0.05
0,33,2,865,0.0
0,33,3,2719,0.0
0,33,4,472,0.0
0,33,5,2982,0.0
0,33,6,1810,0.0
0,33,7,1258,0.0
0,33,8,672,0.0
0,33,9,2836,0.0
0,33,10,112,0.0
0,34,1,129,0.0
0,34,2,1374,0.0
0,34,3,2270,0.0
0,34,4,1112,0.0
0,34,5,1328,0.0
0,34,6,2488,0.0
0,34,7,607,0.0
0,34,8,2731,0.0
0,34,9,1926,0.0
0,34,10,396,0.0
0,35,1,1518,0.05
0,35,2,2344,0.0
0,35,3,2552,0.0
0,35,4,2783,0.0
0,35,5,1025,0.0
0,35,6,1736,0.0
0,35,7,2248,0.0
0,35,8,2524,0.0
0,35,9,171,0.0
0,35,10,46,0.0
0,36,1,453,0.05
0,36,2,2367,0.05
0,36,3,2332,0.0
0,36,4,2166,0.0
0,36,5,1301,0.0
0,36,6,1192,0.0
0,36,7,2078,0.0
0,36,8,2110,0.0
0,36,9,33,0.0
0,36,10,2849,0.0
0,37,1,557,0.05
0,37,2,2751,0.0
0,37,3,1543,0.0
0,37,4,464,0.0
0,37,5,944,0.0
0,37,6,433,0.0
0,37,7,2324,0.0
0,37,8,1377,0.0
0,37,9,1477,0.0
0,37,10,1336,0.0
0,38,1,530,0.15
0,38,2,1308,0.1
0,38,3,748,0.05
0,38,4,736,0.05
0,38,5,1891,0.0
0,38,6,2236,0.0
0,38,7,1959,0.0
0,38,8,180,0.0
0,38,9,2448,0.0
0,38,10,2593,0.0
0,39,1,1327,0.15
0,39,2,2074,0.15
0,39,3,1317,0.05
0,39,4,1792,0.0
0,39,5,2612,0.0
0,39,6,1802,0.0
0,39,7,1045,0.0
0,39,8,3076,0.0
0,39,9,1939,0.0
0,39,10,68,0.0
0,40,1,2369,0.05
0,40,2,3057,0.05
0,40,3,2196,0.0
0,40,4,2473,0.0
0,40,5,853,0.0
0,40,6,2709,0.0
0,40,7,1949,0.0
0,40,8,2007,0.0
0,40,9,522,0.0
0,40,10,1910,0.0
0,42,1,1738,0.35
0,42,2,390,0.3
0,42,3,1417,0.3
0,42,4,116,0.0
0,42,5,2939,0.0
0,42,6,737,0.0
0,42,7,152,0.0
0,42,8,2533,0.0
0,42,9,2844,0.0
0,42,10,1368,0.0
0,43,1,471,0.4
0,43,2,1417,0.3
0,43,3,1165,0.1
0,43,4,2928,0.0
0,43,5,2763,0.0
0,43,6,721,0.0
0,43,7,1238,0.0
0,43,8,1364,0.0
0,43,9,2160,0.0
0,43,10,92,0.0
0,45,1,2273,0.3
0,45,2,1818,0.2
0,45,3,248,0.1
0,45,4,2079,0.0
0,45,5,1310,0.0
0,45,6,2091,0.0
0,45,7,263,0.0
0,45,8,846,0.0
0,45,9,3080,0.0
0,45,10,1646,0.0
0,46,1,390,0.3
0,46,2,667,0.25
0,46,3,2193,0.1
0,46,4,415,0.05
0,46,5,319,0.0
0,46,6,1124,0.0
0,46,7,2970,0.0
0,46,8,1709,0.0
0,46,9,56,0.0
0,46,10,624,0.0
0,47,1,667,0.25
0,47,2,2193,0.1
0,47,3,248,0.1
0,47,4,926,0.0
0,47,5,2736,0.0
0,47,6,747,0.0
0,47,7,942,0.0
0,47,8,2015,0.0
0,47,9,1721,0.0
0,47,10,2793,0.0
0,48,1,1738,0.35
0,48,2,2273,0.3
0,48,3,2,0.25
0,48,4,530,0.05
0,48,5,2917,0.0
0,48,6,2427,0.0
0,48,7,2075,0.0
0,48,8,987,0.0
0,48,9,2506,0.0
0,48,10,573,0.0
0,49,1,390,0.3
0,49,2,667,0.25
0,49,3,1818,0.2
0,49,4,1187,0.0
0,49,5,1962,0.0
0,49,6,148,0.0
0,49,7,814,0.0
0,49,8,1758,0.0
0,49,9,3079,0.0
0,49,10,203,0.0
0,50,1,1417,0.3
0,50,2,1848,0.3
0,50,3,113,0.15
0,50,4,1507,0.05
0,50,5,2594,0.05
0,50,6,847,0.0
0,50,7,1026,0.0
0,50,8,806,0.0
0,50,9,1698,0.0
0,50,10,1635,0.0
0,51,1,2273,0.3
0,51,2,1818,0.2
0,51,3,113,0.15
0,51,4,2654,0.05
0,51,5,2830,0.0
0,51,6,1416,0.0
0,51,7,428,0.0
0,51,8,983,0.0
0,51,9,465,0.0
0,51,10,583,0.0
0,52,1,1821,0.15
0,52,2,2206,0.1
0,52,3,137,0.05
0,52,4,766,0.05
0,52,5,1408,0.0
0,52,6,1863,0.0
0,52,7,1638,0.0
0,52,8,2757,0.0
0,52,9,896,0.0
0,52,10,2831,0.0
0,53,1,484,0.15
0,53,2,1279,0.1
0,53,3,1805,0.05
0,53,4,930,0.0
0,53,5,2237,0.0
0,53,6,2649,0.0
0,53,7,976,0.0
0,53,8,512,0.0
0,53,9,2185,0.0
0,53,10,2265,0.0
0,54,1,484,0.15
0,54,2,2353,0.1
0,54,3,380,0.05
0,54,4,13,0.0
0,54,5,3054,0.0
0,54,6,3044,0.0
0,54,7,282,0.0
0,54,8,2767,0.0
0,54,9,814,0.0
0,54,10,2716,0.0
0,55,1,1279,0.15
0,55,2,2353,0.1
0,55,3,3059,0.05
0,55,4,481,0.05
0,55,5,584,0.05
0,55,6,572,0.0
0,55,7,2583,0.0
0,55,8,1910,0.0
0,55,9,1620,0.0
0,55,10,2689,0.0
0,56,1,645,0.1
0,56,2,890,0.1
0,56,3,1100,0.05
0,56,4,461,0.05
0,56,5,2738,0.05
0,56,6,2025,0.0
0,56,7,1598,0.0
0,56,8,1215,0.0
0,56,9,1109,0.0
0,56,10,493,0.0
0,57,1,2341,0.15
0,57,2,1546,0.1
0,57,3,2159,0.05
0,57,4,746,0.05
0,57,5,273,0.0
0,57,6,323,0.0
0,57,7,1757,0.0
0,57,8,2250,0.0
0,57,9,1163,0.0
0,57,10,1983,0.0
0,58,1,271,0.15
0,58,2,1365,0.15
0,58,3,1438,0.1
0,58,4,982,0.0
0,58,5,1071,0.0
0,58,6,2859,0.0
0,58,7,2726,0.0
0,58,8,1212,0.0
0,58,9,1260,0.0
0,58,10,1933,0.0
0,59,1,645,0.1
0,59,2,1438,0.1
0,59,3,1454,0.05
0,59,4,1059,0.05
0,59,5,73,0.0
0,59,6,2318,0.0
0,59,7,749,0.0
0,59,8,2931,0.0
0,59,9,572,0.0
0,59,10,608,0.0
0,60,1,1012,0.15
0,60,2,99,0.15
0,60,3,1388,0.15
0,60,4,324,0.0
0,60,5,718,0.0
0,60,6,2349,0.0
0,60,7,1094,0.0
0,60,8,3032,0.0
0,60,9,416,0.0
0,60,10,775,0.0
0,61,1,584,0.15
0,61,2,2583,0.15
0,61,3,3037,0.05
0,61,4,1153,0.0
0,61,5,507,0.0
0,61,6,2262,0.0
0,61,7,1597,0.0
0,61,8,1612,0.0
0,61,9,911,0.0
0,61,10,251,0.0
0,62,1,2914,0.15
0,62,2,1012,0.15
0,62,3,2050,0.05
0,62,4,2697,0.0
0,62,5,1996,0.0
0,62,6,1383,0.0
0,62,7,190,0.0
0,62,8,570,0.0
0,62,9,2598,0.0
0,62,10,1894,0.0
0,63,1,584,0.15
0,63,2,2723,0.1
0,63,3,3037,0.0
0,63,4,1587,0.0
0,63,5,388,0.0
0,63,6,562,0.0
0,63,7,866,0.0
0,63,8,2936,0.0
0,63,9,1386,0.0
0,63,10,1209,0.0
0,64,1,2405,0.15
0,64,2,1833,0.05
0,64,3,2035,0.0
0,64,4,220,0.0
0,64,5,1429,0.0
0,64,6,1637,0.0
0,64,7,6,0.0
0,64,8,1626,0.0
0,64,9,576,0.0
0,64,10,2526,0.0
0,65,1,2481,0.1
0,65,2,2358,0.05
0,65,3,2435,0.05
0,65,4,1751,0.0
0,65,5,1907,0.0
0,65,6,1954,0.0
0,65,7,8,0.0
0,65,8,884,0.0
0,65,9,2013,0.0
0,65,10,2319,0.0
0,66,1,2742,0.15
0,66,2,2792,0.0
0,66,3,2028,0.0
0,66,4,981,0.0
0,66,5,1984,0.0
0,66,6,1057,0.0
0,66,7,1455,0.0
0,66,8,1843,0.0
0,66,9,1416,0.0
0,66,10,2829,0.0
0,67,1,461,0.05
0,67,2,2303,0.05
0,67,3,930,0.0
0,67,4,1127,0.0
0,67,5,2914,0.0
0,67,6,2259,0.0
0,67,7,2271,0.0
0,67,8,2023,0.0
0,67,9,530,0.0
0,67,10,1628,0.0
0,68,1,1055,0.1
0,68,2,2776,0.0
0,68,3,2252,0.0
0,68,4,2479,0.0
0,68,5,2730,0.0
0,68,6,997,0.0
0,68,7,610,0.0
0,68,8,2037,0.0
0,68,9,2537,0.0
0,68,10,61,0.0
0,69,1,2410,0.15
0,69,2,1300,0.1
0,69,3,1910,0.05
0,69,4,2933,0.05
0,69,5,1928,0.0
0,69,6,1878,0.0
0,69,7,946,0.0
0,69,8,2156,0.0
0,69,9,197,0.0
0,69,10,2295,0.0
0,70,1,1300,0.1
0,70,2,2677,0.0
0,70,3,1361,0.0
0,70,4,1027,0.0
0,70,5,2496,0.0
0,70,6,1947,0.0
0,70,7,2624,0.0
0,70,8,1506,0.0
0,70,9,1362,0.0
0,70,10,2167,0.0
0,71,1,461,0.1
0,71,2,2366,0.05
0,71,3,2677,0.0
0,71,4,737,0.0
0,71,5,1862,0.0
0,71,6,1116,0.0
0,71,7,888,0.0
0,71,8,2147,0.0
0,71,9,674,0.0
0,71,10,1921,0.0
0,72,1,599,0.2
0,72,2,1461,0.15
0,72,3,1127,0.1
0,72,4,1236,0.05
0,72,5,882,0.0
0,72,6,2707,0.0
0,72,7,2911,0.0
0,72,8,2379,0.0
0,72,9,1303,0.0
0,72,10,1861,0.0
0,73,1,1127,0.1
0,73,2,2184,0.05
0,73,3,1302,0.05
0,73,4,909,0.0
0,73,5,1698,0.0
0,73,6,2557,0.0
0,73,7,2015,0.0
0,73,8,751,0.0
0,73,9,2116,0.0
0,73,10,2456,0.0
0,74,1,1730,0.15
0,74,2,2789,0.05
0,74,3,6,0.05
0,74,4,996,0.0
0,74,5,2312,0.0
0,74,6,2067,0.0
0,74,7,2423,0.0
0,74,8,992,0.0
0,74,9,2530,0.0
0,74,10,727,0.0
0,75,1,1461,0.15
0,75,2,1342,0.05
0,75,3,6,0.05
0,75,4,699,0.0
0,75,5,862,0.0
0,75,6,1056,0.0
0,75,7,2540,0.0
0,75,8,108,0.0
0,75,9,164,0.0
0,75,10,2386,0.0
0,76,1,732,0.15
0,76,2,2161,0.1
0,76,3,1427,0.05
0,76,4,675,0.05
0,76,5,2313,0.05
0,76,6,642,0.0
0,76,7,1132,0.0
0,76,8,1803,0.0
0,76,9,2199,0.0
0,76,10,1266,0.0
0,77,1,1427,0.05
0,77,2,889,0.0
0,77,3,1208,0.0
0,77,4,2695,0.0
0,77,5,2692,0.0
0,77,6,1904,0.0
0,77,7,2945,0.0
0,77,8,565,0.0
0,77,9,2622,0.0
0,77,10,1379,0.0
0,78,1,2098,0.1
0,78,2,1628,0.05
0,78,3,1848,0.05
0,78,4,889,0.0
0,78,5,1495,0.0
0,78,6,796,0.0
0,78,7,2861,0.0
0,78,8,1075,0.0
0,78,9,2337,0.0
0,78,10,319,0.0
0,80,1,1513,0.15
0,80,2,2684,0.1
0,80,3,1979,0.05
0,80,4,1466,0.0
0,80,5,1986,0.0
0,80,6,2747,0.0
0,80,7,2393,0.0
0,80,8,531,0.0
0,80,9,2884,0.0
0,80,10,1835,0.0
0,81,1,2789,0.2
0,81,2,2695,0.15
0,81,3,1058,0.0
0,81,4,2640,0.0
0,81,5,540,0.0
0,81,6,1111,0.0
0,81,7,171,0.0
0,81,8,1296,0.0
0,81,9,817,0.0
0,81,10,1102,0.0
0,82,1,2985,0.1
0,82,2,2654,0.1
0,82,3,2660,0.05
0,82,4,138,0.0
0,82,5,2517,0.0
0,82,6,647,0.0
0,82,7,375,0.0
0,82,8,1236,0.0
0,82,9,441,0.0
0,82,10,2126,0.0
0,83,1,1254,0.1
0,83,2,2654,0.1
0,83,3,2660,0.05
0,83,4,1445,0.0
0,83,5,2011,0.0
0,83,6,394,0.0
0,83,7,2439,0.0
0,83,8,319,0.0
0,83,9,1220,0.0
0,83,10,668,0.0
0,84,1,62,0.15
0,84,2,2302,0.15
0,84,3,3032,0.1
0,84,4,1078,0.05
0,84,5,2024,0.0
0,84,6,896,0.0
0,84,7,1010,0.0
0,84,8,2977,0.0
0,84,9,832,0.0
0,84,10,219,0.0
0,85,1,2323,0.15
0,85,2,954,0.05
0,85,3,158,0.0
0,85,4,2914,0.0
0,85,5,3054,0.0
0,85,6,1210,0.0
0,85,7,791,0.0
0,85,8,2058,0.0
0,85,9,2610,0.0
0,85,10,164,0.0
0,86,1,1521,0.1
0,86,2,80,0.0
0,86,3,181,0.0
0,86,4,2711,0.0
0,86,5,624,0.0
0,86,6,1744,0.0
0,86,7,1741,0.0
0,86,8,1523,0.0
0,86,9,17,0.0
0,86,10,2622,0.0
0,87,1,2839,0.1
0,87,2,1521,0.1
0,87,3,2496,0.0
0,87,4,1199,0.0
0,87,5,754,0.0
0,87,6,1781,0.0
0,87,7,3030,0.0
0,87,8,2698,0.0
0,87,9,2859,0.0
0,87,10,1557,0.0
0,89,1,2734,0.15
0,89,2,1146,0.05
0,89,3,611,0.05
0,89,4,249,0.0
0,89,5,2999,0.0
0,89,6,1246,0.0
0,89,7,571,0.0
0,89,8,2011,0.0
0,89,9,2910,0.0
0,89,10,1056,0.0
0,91,1,2755,0.05
0,91,2,1780,0.0
0,91,3,2966,0.0
0,91,4,1669,0.0
0,91,5,617,0.0
0,91,6,2077,0.0
0,91,7,583,0.0
0,91,8,394,0.0
0,91,9,881,0.0
0,91,10,887,0.0
0,92,1,474,0.1
0,92,2,1038,0.05
0,92,3,1311,0.05
0,92,4,602,0.0
0,92,5,1191,0.0
0,92,6,1116,0.0
0,92,7,863,0.0
0,92,8,1489,0.0
0,92,9,1349,0.0
0,92,10,1209,0.0
0,93,1,1395,0.1
0,93,2,474,0.1
0,93,3,1738,0.05
0,93,4,2755,0.05
0,93,5,2045,0.0
0,93,6,1181,0.0
0,93,7,196,0.0
0,93,8,2679,0.0
0,93,9,1589,0.0
0,93,10,728,0.0
0,95,1,1223,0.15
0,95,2,55,0.1
0,95,3,2347,0.05
0,95,4,2844,0.05
0,95,5,330,0.0
0,95,6,2889,0.0
0,95,7,2771,0.0
0,95,8,578,0.0
0,95,9,98,0.0
0,95,10,1537,0.0
0,97,1,426,0.2
0,97,2,2347,0.05
0,97,3,1013,0.05
0,97,4,1444,0.0
0,97,5,2218,0.0
0,97,6,1522,0.0
0,97,7,1999,0.0
0,97,8,873,0.0
0,97,9,1836,0.0
0,97,10,1466,0.0
0,98,1,559,0.15
0,98,2,2347,0.05
0,98,3,1013,0.05
0,98,4,1642,0.0
0,98,5,1142,0.0
0,98,6,2298,0.0
0,98,7,1845,0.0
0,98,8,1309,0.0
0,98,9,1139,0.0
0,98,10,2163,0.0
0,100,1,612,0.15
0,100,2,1273,0.1
0,100,3,2087,0.05
0,100,4,1300,0.05
0,100,5,1049,0.0
0,100,6,1478,0.0
0,100,7,1115,0.0
0,100,8,2300,0.0
0,100,9,2404,0.0
0,100,10,2530,0.0
0,101,1,2367,0.1
0,101,2,766,0.1
0,101,3,2087,0.05
0,101,4,182,0.0
0,101,5,2349,0.0
0,101,6,73,0.0
0,101,7,2771,0.0
0,101,8,729,0.0
0,101,9,1137,0.0
0,101,10,1982,0.0
0,102,1,2159,0.25
0,102,2,2448,0.1
0,102,3,2087,0.05
0,102,4,336,0.0
0,102,5,2580,0.0
0,102,6,1783,0.0
0,102,7,1978,0.0
0,102,8,1701,0.0
0,102,9,3049,0.0
0,102,10,1389,0.0
0,103,1,2482,0.15
0,103,2,2143,0.15
0,103,3,2367,0.1
0,103,4,1327,0.05
0,103,5,2303,0.0
0,103,6,691,0.0
0,103,7,3058,0.0
0,103,8,2526,0.0
0,103,9,664,0.0
0,103,10,603,0.0
0,104,1,2095,0.2
0,104,2,766,0.1
0,104,3,1295,0.05
0,104,4,2507,0.0
0,104,5,855,0.0
0,104,6,924,0.0
0,104,7,820,0.0
0,104,8,2956,0.0
0,104,9,17,0.0
0,104,10,3071,0.0
0,105,1,2095,0.2
0,105,2,379,0.05
0,105,3,2406,0.05
0,105,4,276,0.0
0,105,5,1118,0.0
0,105,6,121,0.0
0,105,7,3053,0.0
0,105,8,1220,0.0
0,105,9,1046,0.0
0,105,10,2496,0.0
0,106,1,534,0.15
0,106,2,2482,0.15
0,106,3,2238,0.1
0,106,4,414,0.05
0,106,5,3058,0.0
0,106,6,303,0.0
0,106,7,3019,0.0
0,106,8,269,0.0
0,106,9,2250,0.0
0,106,10,1267,0.0
0,108,1,2287,0.1
0,108,2,2951,0.1
0,108,3,1848,0.05
0,108,4,1582,0.0
0,108,5,368,0.0
0,108,6,1953,0.0
0,108,7,821,0.0
0,108,8,2904,0.0
0,108,9,419,0.0
0,108,10,2612,0.0
0,109,1,1812,0.15
0,109,2,556,0.15
0,109,3,1657,0.05
0,109,4,2668,0.05
0,109,5,945,0.0
0,109,6,379,0.0
0,109,7,226,0.0
0,109,8,1906,0.0
0,109,9,2342,0.0
0,109,10,2639,0.0
0,112,1,991,0.1
0,112,2,1858,0.05
0,112,3,2811,0.0
0,112,4,986,0.0
0,112,5,2550,0.0
0,112,6,635,0.0
0,112,7,2873,0.0
0,112,8,902,0.0
0,112,9,75,0.0
0,112,10,677,0.0
0,113,1,2661,0.15
0,113,2,2370,0.1
0,113,3,2315,0.05
0,113,4,1650,0.05
0,113,5,2256,0.0
0,113,6,1608,0.0
0,113,7,2290,0.0
0,113,8,2296,0.0
0,113,9,2662,0.0
0,113,10,1683,0.0
0,114,1,2258,0.15
0,114,2,2738,0.05
0,114,3,14,0.05
0,114,4,1378,0.0
0,114,5,188,0.0
0,114,6,1781,0.0
0,114,7,2497,0.0
0,114,8,1077,0.0
0,114,9,397,0.0
0,114,10,1964,0.0
0,115,1,601,0.15
0,115,2,2848,0.15
0,115,3,1374,0.05
0,115,4,1785,0.05
0,115,5,1943,0.0
0,115,6,409,0.0
0,115,7,1622,0.0
0,115,8,2385,0.0
0,115,9,2545,0.0
0,115,10,229,0.0
0,116,1,2127,0.15
0,116,2,14,0.1
0,116,3,1374,0.05
0,116,4,2117,0.0
0,116,5,473,0.0
0,116,6,2320,0.0
0,116,7,2934,0.0
0,116,8,1294,0.0
0,116,9,758,0.0
0,116,10,2589,0.0
0,117,1,1691,0.2
0,117,2,2738,0.1
0,117,3,1374,0.05
0,117,4,230,0.05
0,117,5,1907,0.0
0,117,6,2844,0.0
0,117,7,1700,0.0
0,117,8,478,0.0
0,117,9,1723,0.0
0,117,10,873,0.0
0,118,1,2144,0.1
0,118,2,857,0.05
0,118,3,364,0.05
0,118,4,2956,0.0
0,118,5,1633,0.0
0,118,6,2858,0.0
0,118,7,1678,0.0
0,118,8,1428,0.0
0,118,9,2952,0.0
0,118,10,1457,0.0
0,119,1,1176,0.15
0,119,2,756,0.1
0,119,3,2344,0.1
0,119,4,293,0.0
0,119,5,2952,0.0
0,119,6,1811,0.0
0,119,7,443,0.0
0,119,8,2264,0.0
0,119,9,1579,0.0
0,119,10,1991,0.0
0,120,1,969,0.15
0,120,2,2144,0.1
0,120,3,1340,0.1
0,120,4,1543,0.05
0,120,5,1520,0.0
0,120,6,1270,0.0
0,120,7,3080,0.0
0,120,8,2620,0.0
0,120,9,947,0.0
0,120,10,2786,0.0
0,121,1,2144,0.1
0,121,2,1340,0.1
0,121,3,2892,0.05
0,121,4,857,0.05
0,121,5,1962,0.0
0,121,6,745,0.0
0,121,7,936,0.0
0,121,8,3040,0.0
0,121,9,2057,0.0
0,121,10,2565,0.0
0,122,1,429,0.1
0,122,2,1601,0.1
0,122,3,1644,0.05
0,122,4,2736,0.05
0,122,5,582,0.0
0,122,6,1769,0.0
0,122,7,1257,0.0
0,122,8,1956,0.0
0,122,9,1021,0.0
0,122,10,390,0.0
0,123,1,2632,0.1
0,123,2,1359,0.1
0,123,3,1247,0.0
0,123,4,1602,0.0
0,123,5,2475,0.0
0,123,6,2837,0.0
0,123,7,2110,0.0
0,123,8,1871,0.0
0,123,9,69,0.0
0,123,10,1790,0.0
0,124,1,1087,0.15
0,124,2,2736,0.05
0,124,3,1785,0.05
0,124,4,623,0.0
0,124,5,2684,0.0
0,124,6,2030,0.0
0,124,7,2955,0.0
0,124,8,2756,0.0
0,124,9,2841,0.0
0,124,10,2093,0.0
0,125,1,1487,0.15
0,125,2,2299,0.1
0,125,3,864,0.05
0,125,4,2387,0.05
0,125,5,2143,0.0
0,125,6,1978,0.0
0,125,7,1464,0.0
0,125,8,759,0.0
0,125,9,683,0.0
0,125,10,1607,0.0
0,127,1,1352,0.15
0,127,2,1535,0.05
0,127,3,55,0.05
0,127,4,2876,0.05
0,127,5,2843,0.0
0,127,6,1568,0.0
0,127,7,2351,0.0
0,127,8,2853,0.0
0,127,9,1871,0.0
0,127,10,37,0.0
0,129,1,2877,0.25
0,129,2,1683,0.05
0,129,3,2162,0.05
0,129,4,1785,0.05
0,129,5,2245,0.0
0,129,6,2227,0.0
0,129,7,471,0.0
0,129,8,1572,0.0
0,129,9,2991,0.0
0,129,10,231,0.0
0,131,1,1839,0.25
0,131,2,1435,0.1
0,131,3,634,0.05
0,131,4,1159,0.0
0,131,5,1813,0.0
0,131,6,2017,0.0
0,131,7,2415,0.0
0,131,8,2639,0.0
0,131,9,2136,0.0
0,131,10,742,0.0
0,132,1,1435,0.1
0,132,2,342,0.0
0,132,3,2007,0.0
0,132,4,1373,0.0
0,132,5,358,0.0
0,132,6,79,0.0
0,132,7,1570,0.0
0,132,8,1028,0.0
0,132,9,2468,0.0
0,132,10,109,0.0
0,133,1,1435,0.1
0,133,2,644,0.05
0,133,3,342,0.0
0,133,4,826,0.0
0,133,5,2010,0.0
0,133,6,1271,0.0
0,133,7,1665,0.0
0,133,8,1603,0.0
0,133,9,943,0.0
0,133,10,99,0.0
0,134,1,1435,0.1
0,134,2,1059,0.05
0,134,3,342,0.0
0,134,4,1582,0.0
0,134,5,2272,0.0
0,134,6,1943,0.0
0,134,7,309,0.0
0,134,8,299,0.0
0,134,9,2905,0.0
0,134,10,1294,0.0
0,135,1,1435,0.1
0,135,2,342,0.0
0,135,3,1123,0.0
0,135,4,1034,0.0
0,135,5,2947,0.0
0,135,6,239,0.0
0,135,7,1680,0.0
0,135,8,1580,0.0
0,135,9,2599,0.0
0,135,10,1364,0.0
0,136,1,2877,0.25
0,136,2,2536,0.1
0,136,3,1892,0.05
0,136,4,2650,0.0
0,136,5,2245,0.0
0,136,6,141,0.0
0,136,7,1682,0.0
0,136,8,26,0.0
0,136,9,2990,0.0
0,136,10,3038,0.0
0,137,1,2303,0.2
0,137,2,1197,0.15
0,137,3,1729,0.0
0,137,4,1560,0.0
0,137,5,2197,0.0
0,137,6,811,0.0
0,137,7,2091,0.0
0,137,8,1204,0.0
0,137,9,96,0.0
0,137,10,2078,0.0
0,138,1,38,0.15
0,138,2,634,0.05
0,138,3,1059,0.05
0,138,4,1519,0.0
0,138,5,2088,0.0
0,138,6,121,0.0
0,138,7,2797,0.0
0,138,8,1700,0.0
0,138,9,733,0.0
0,138,10,2930,0.0
0,139,1,1507,0.15
0,139,2,1816,0.05
0,139,3,2002,0.0
0,139,4,123,0.0
0,139,5,333,0.0
0,139,6,2401,0.0
0,139,7,1036,0.0
0,139,8,1883,0.0
0,139,9,2911,0.0
0,139,10,1379,0.0
0,140,1,38,0.15
0,140,2,1872,0.05
0,140,3,845,0.0
0,140,4,1639,0.0
0,140,5,1553,0.0
0,140,6,1854,0.0
0,140,7,2860,0.0
0,140,8,1081,0.0
0,140,9,2463,0.0
0,140,10,897,0.0
0,141,1,476,0.1
0,141,2,2211,0.1
0,141,3,2804,0.05
0,141,4,2368,0.05
0,141,5,1511,0.0
0,141,6,411,0.0
0,141,7,287,0.0
0,141,8,2019,0.0
0,141,9,2849,0.0
0,141,10,2852,0.0
0,142,1,1341,0.15
0,142,2,2447,0.15
0,142,3,2804,0.1
0,142,4,2823,0.0
0,142,5,2704,0.0
0,142,6,570,0.0
0,142,7,2613,0.0
0,142,8,1304,0.0
0,142,9,2283,0.0
0,142,10,1548,0.0
0,143,1,476,0.15
0,143,2,1424,0.15
0,143,3,2211,0.1
0,143,4,438,0.05
0,143,5,2053,0.05
0,143,6,2962,0.0
0,143,7,1719,0.0
0,143,8,1526,0.0
0,143,9,2976,0.0
0,143,10,2854,0.0
0,144,1,421,0.15
0,144,2,2668,0.15
0,144,3,38,0.05
0,144,4,2501,0.0
0,144,5,2757,0.0
0,144,6,555,0.0
0,144,7,906,0.0
0,144,8,2886,0.0
0,144,9,1165,0.0
0,144,10,1230,0.0
0,145,1,414,0.1
0,145,2,2717,0.1
0,145,3,1395,0.0
0,145,4,1060,0.0
0,145,5,2919,0.0
0,145,6,270,0.0
0,145,7,2015,0.0
0,145,8,2832,0.0
0,145,9,790,0.0
0,145,10,2677,0.0
0,147,1,2717,0.1
0,147,2,1454,0.05
0,147,3,2137,0.05
0,147,4,3047,0.0
0,147,5,3075,0.0
0,147,6,1014,0.0
0,147,7,606,0.0
0,147,8,2131,0.0
0,147,9,1643,0.0
0,147,10,805,0.0
0,148,1,2089,0.1
0,148,2,2435,0.05
0,148,3,46,0.05
0,148,4,59,0.0
0,148,5,93,0.0
0,148,6,1729,0.0
0,148,7,2232,0.0
0,148,8,2315,0.0
0,148,9,1364,0.0
0,148,10,1408,0.0
0,149,1,560,0.15
0,149,2,1717,0.1
0,149,3,1861,0.05
0,149,4,2171,0.0
0,149,5,1292,0.0
0,149,6,2169,0.0
0,149,7,580,0.0
0,149,8,954,0.0
0,149,9,2176,0.0
0,149,10,479,0.0
0,150,1,1721,0.15
0,150,2,780,0.1
0,150,3,1717,0.1
0,150,4,965,0.0
0,150,5,1896,0.0
0,150,6,2332,0.0
0,150,7,2239,0.0
0,150,8,2942,0.0
0,150,9,225,0.0
0,150,10,1860,0.0
0,151,1,2751,0.15
0,151,2,2089,0.1
0,151,3,1083,0.0
0,151,4,538,0.0
0,151,5,885,0.0
0,151,6,1895,0.0
0,151,7,313,0.0
0,151,8,846,0.0
0,151,9,455,0.0
0,151,10,243,0.0
0,152,1,2604,0.1
0,152,2,2234,0.05
0,152,3,2006,0.0
0,152,4,480,0.0
0,152,5,963,0.0
0,152,6,411,0.0
0,152,7,2547,0.0
0,152,8,1159,0.0
0,152,9,1762,0.0
0,152,10,1529,0.0
0,153,1,2234,0.05
0,153,2,2654,0.05
0,153,3,1939,0.0
0,153,4,277,0.0
0,153,5,2223,0.0
0,153,6,3045,0.0
0,153,7,2571,0.0
0,153,8,5,0.0
0,153,9,25,0.0
0,153,10,928,0.0
0,154,1,1644,0.15
0,154,2,791,0.1
0,154,3,1939,0.0
0,154,4,1467,0.0
0,154,5,894,0.0
0,154,6,2551,0.0
0,154,7,305,0.0
0,154,8,2903,0.0
0,154,9,813,0.0
0,154,10,161,0.0
0,155,1,2604,0.1
0,155,2,1775,0.1
0,155,3,2412,0.05
0,155,4,652,0.05
0,155,5,414,0.05
0,155,6,1759,0.0
0,155,7,1764,0.0
0,155,8,732,0.0
0,155,9,1345,0.0
0,155,10,1850,0.0
0,156,1,2604,0.1
0,156,2,1775,0.1
0,156,3,2412,0.05
0,156,4,1722,0.0
0,156,5,384,0.0
0,156,6,585,0.0
0,156,7,1711,0.0
0,156,8,3048,0.0
0,156,9,1204,0.0
0,156,10,1829,0.0
0,157,1,2604,0.1
0,157,2,1775,0.1
0,157,3,2412,0.05
0,157,4,2828,0.0
0,157,5,1656,0.0
0,157,6,2862,0.0
0,157,7,1499,0.0
0,157,8,1074,0.0
0,157,9,1654,0.0
0,157,10,1201,0.0
0,159,1,2184,0.1
0,159,2,1657,0.1
0,159,3,170,0.0
0,159,4,2748,0.0
0,159,5,210,0.0
0,159,6,2711,0.0
0,159,7,2228,0.0
0,159,8,804,0.0
0,159,9,1807,0.0
0,159,10,1944,0.0
0,160,1,2630,0.15
0,160,2,1518,0.05
0,160,3,1898,0.05
0,160,4,2621,0.05
0,160,5,1477,0.0
0,160,6,151,0.0
0,160,7,1481,0.0
0,160,8,2124,0.0
0,160,9,178,0.0
0,160,10,1656,0.0
0,161,1,464,0.15
0,161,2,1518,0.05
0,161,3,1223,0.05
0,161,4,2516,0.05
0,161,5,1823,0.0
0,161,6,2265,0.0
0,161,7,277,0.0
0,161,8,3000,0.0
0,161,9,2684,0.0
0,161,10,1015,0.0
0,162,1,551,0.15
0,162,2,1871,0.05
0,162,3,365,0.0
0,162,4,1149,0.0
0,162,5,1014,0.0
0,162,6,3037,0.0
0,162,7,1554,0.0
0,162,8,1155,0.0
0,162,9,1176,0.0
0,162,10,2827,0.0
0,163,1,1059,0.1
0,163,2,773,0.05
0,163,3,2097,0.05
0,163,4,2718,0.0
0,163,5,1234,0.0
0,163,6,3051,0.0
0,163,7,2526,0.0
0,163,8,1699,0.0
0,163,9,1979,0.0
0,163,10,2864,0.0
0,164,1,2702,0.15
0,164,2,32,0.15
0,164,3,1059,0.1
0,164,4,1633,0.0
0,164,5,173,0.0
0,164,6,1973,0.0
0,164,7,2163,0.0
0,164,8,1291,0.0
0,164,9,298,0.0
0,164,10,1111,0.0
0,165,1,1724,0.2
0,165,2,1657,0.05
0,165,3,464,0.05
0,165,4,1910,0.05
0,165,5,2678,0.0
0,165,6,1944,0.0
0,165,7,2799,0.0
0,165,8,1584,0.0
0,165,9,1900,0.0
0,165,10,2914,0.0
0,166,1,2894,0.05
0,166,2,1927,0.05
0,166,3,2673,0.0
0,166,4,1900,0.0
0,166,5,2731,0.0
0,166,6,984,0.0
0,166,7,1043,0.0
0,166,8,424,0.0
0,166,9,1342,0.0
0,166,10,1624,0.0
0,167,1,2922,0.1
0,167,2,1250,0.1
0,167,3,354,0.1
0,167,4,803,0.0
0,167,5,2299,0.0
0,167,6,781,0.0
0,167,7,2506,0.0
0,167,8,1891,0.0
0,167,9,993,0.0
0,167,10,2680,0.0
0,168,1,544,0.2
0,168,2,2533,0.1
0,168,3,1792,0.0
0,168,4,1906,0.0
0,168,5,2852,0.0
0,168,6,486,0.0
0,168,7,802,0.0
0,168,8,1135,0.0
0,168,9,2643,0.0
0,168,10,80,0.0
0,169,1,1358,0.2
0,169,2,1202,0.15
0,169,3,990,0.1
0,169,4,1254,0.0
0,169,5,2888,0.0
0,169,6,382,0.0
0,169,7,2654,0.0
0,169,8,2812,0.0
0,169,9,907,0.0
0,169,10,1140,0.0
0,170,1,1415,0.2
0,170,2,3041,0.1
0,170,3,1078,0.05
0,170,4,1792,0.0
0,170,5,416,0.0
0,170,6,158,0.0
0,170,7,2417,0.0
0,170,8,1520,0.0
0,170,9,928,0.0
0,170,10,2522,0.0
0,172,1,2719,0.15
0,172,2,2922,0.1
0,172,3,327,0.0
0,172,4,2653,0.0
0,172,5,2535,0.0
0,172,6,1046,0.0
0,172,7,2188,0.0
0,172,8,2843,0.0
0,172,9,2462,0.0
0,172,10,3048,0.0
0,173,1,1104,0.15
0,173,2,2121,0.05
0,173,3,1651,0.0
0,173,4,1215,0.0
0,173,5,2343,0.0
0,173,6,567,0.0
0,173,7,969,0.0
0,173,8,1212,0.0
0,173,9,2586,0.0
0,173,10,759,0.0
0,174,1,494,0.15
0,174,2,123,0.1
0,174,3,853,0.05
0,174,4,699,0.05
0,174,5,1055,0.05
0,174,6,2295,0.0
0,174,7,952,0.0
0,174,8,1451,0.0
0,174,9,1454,0.0
0,174,10,204,0.0
0,175,1,1047,0.25
0,175,2,1569,0.2
0,175,3,1104,0.15
0,175,4,1525,0.05
0,175,5,187,0.0
0,175,6,2692,0.0
0,175,7,2526,0.0
0,175,8,511,0.0
0,175,9,551,0.0
0,175,10,3037,0.0
0,176,1,2556,0.15
0,176,2,318,0.0
0,176,3,431,0.0
0,176,4,709,0.0
0,176,5,1084,0.0
0,176,6,1718,0.0
0,176,7,928,0.0
0,176,8,226,0.0
0,176,9,772,0.0
0,176,10,1558,0.0
0,177,1,674,0.15
0,177,2,1650,0.1
0,177,3,1091,0.05
0,177,4,517,0.0
0,177,5,1260,0.0
0,177,6,2593,0.0
0,177,7,2771,0.0
0,177,8,2279,0.0
0,177,9,2752,0.0
0,177,10,784,0.0
0,178,1,2920,0.2
0,178,2,1650,0.1
0,178,3,1459,0.0
0,178,4,540,0.0
0,178,5,2412,0.0
0,178,6,286,0.0
0,178,7,1111,0.0
0,178,8,3039,0.0
0,178,9,637,0.0
0,178,10,1641,0.0
0,179,1,1044,0.15
0,179,2,1708,0.15
0,179,3,1816,0.05
0,179,4,230,0.0
0,179,5,2833,0.0
0,179,6,2783,0.0
0,179,7,3076,0.0
0,179,8,1894,0.0
0,179,9,2076,0.0
0,179,10,1618,0.0
0,180,1,1142,0.15
0,180,2,1708,0.15
0,180,3,1686,0.1
0,180,4,802,0.0
0,180,5,314,0.0
0,180,6,1471,0.0
0,180,7,1629,0.0
0,180,8,2022,0.0
0,180,9,476,0.0
0,180,10,151,0.0
0,181,1,1645,0.2
0,181,2,1686,0.1
0,181,3,1415,0.05
0,181,4,2869,0.0
0,181,5,2182,0.0
0,181,6,2277,0.0
0,181,7,690,0.0
0,181,8,253,0.0
0,181,9,2608,0.0
0,181,10,1658,0.0
0,182,1,1267,0.2
0,182,2,1720,0.1
0,182,3,2248,0.0
0,182,4,566,0.0
0,182,5,1293,0.0
0,182,6,2452,0.0
0,182,7,2140,0.0
0,182,8,2691,0.0
0,182,9,1008,0.0
0,182,10,620,0.0
0,183,1,1235,0.2
0,183,2,1429,0.15
0,183,3,1525,0.05
0,183,4,2559,0.0
0,183,5,2697,0.0
0,183,6,679,0.0
0,183,7,3016,0.0
0,183,8,2855,0.0
0,183,9,2992,0.0
0,183,10,2272,0.0
0,184,1,1295,0.15
0,184,2,1882,0.05
0,184,3,1525,0.05
0,184,4,2732,0.0
0,184,5,1348,0.0
0,184,6,1605,0.0
0,184,7,1140,0.0
0,184,8,1815,0.0
0,184,9,1674,0.0
0,184,10,586,0.0
0,185,1,2897,0.05
0,185,2,2832,0.05
0,185,3,1327,0.05
0,185,4,1525,0.05
0,185,5,2110,0.0
0,185,6,840,0.0
0,185,7,2942,0.0
0,185,8,1409,0.0
0,185,9,663,0.0
0,185,10,21,0.0
0,186,1,1295,0.15
0,186,2,1339,0.05
0,186,3,1525,0.05
0,186,4,1236,0.0
0,186,5,1405,0.0
0,186,6,52,0.0
0,186,7,1018,0.0
0,186,8,1634,0.0
0,186,9,62,0.0
0,186,10,2834,0.0
0,187,1,698,0.1
0,187,2,748,0.1
0,187,3,1255,0.1
0,187,4,1221,0.0
0,187,5,2260,0.0
0,187,6,273,0.0
0,187,7,333,0.0
0,187,8,1986,0.0
0,187,9,2716,0.0
0,187,10,3041,0.0
0,188,1,2237,0.15
0,188,2,2134,0.15
0,188,3,1747,0.05
0,188,4,1763,0.05
0,188,5,1253,0.0
0,188,6,2046,0.0
0,188,7,1210,0.0
0,188,8,1163,0.0
0,188,9,2973,0.0
0,188,10,1991,0.0
0,189,1,2134,0.15
0,189,2,3016,0.1
0,189,3,542,0.05
0,189,4,1816,0.05
0,189,5,2072,0.0
0,189,6,789,0.0
0,189,7,1857,0.0
0,189,8,185,0.0
0,189,9,1813,0.0
0,189,10,23,0.0
0,190,1,1946,0.1
0,190,2,3016,0.1
0,190,3,3062,0.05
0,190,4,2184,0.05
0,190,5,520,0.0
0,190,6,2806,0.0
0,190,7,2017,0.0
0,190,8,2296,0.0
0,190,9,403,0.0
0,190,10,3049,0.0
0,191,1,2594,0.15
0,191,2,1858,0.15
0,191,3,1594,0.05
0,191,4,2457,0.0
0,191,5,2441,0.0
0,191,6,2096,0.0
0,191,7,37,0.0
0,191,8,2992,0.0
0,191,9,602,0.0
0,191,10,762,0.0
0,192,1,1246,0.1
0,192,2,2356,0.1
0,192,3,2014,0.05
0,192,4,1665,0.05
0,192,5,782,0.0
0,192,6,1553,0.0
0,192,7,612,0.0
0,192,8,2862,0.0
0,192,9,2188,0.0
0,192,10,1998,0.0
0,194,1,1246,0.1
0,194,2,1665,0.05
0,194,3,1856,0.0
0,194,4,950,0.0
0,194,5,2856,0.0
0,194,6,2958,0.0
0,194,7,1683,0.0
0,194,8,2816,0.0
0,194,9,2527,0.0
0,194,10,1875,0.0
0,195,1,2099,0.2
0,195,2,1446,0.15
0,195,3,1669,0.1
0,195,4,2285,0.05
0,195,5,1639,0.0
0,195,6,1811,0.0
0,195,7,244,0.0
0,195,8,2016,0.0
0,195,9,340,0.0
0,195,10,2310,0.0
0,196,1,2740,0.2
0,196,2,1669,0.1
0,196,3,2674,0.05
0,196,4,1818,0.05
0,196,5,1073,0.0
0,196,6,536,0.0
0,196,7,2617,0.0
0,196,8,1455,0.0
0,196,9,819,0.0
0,196,10,2277,0.0
0,197,1,1442,0.1
0,197,2,2674,0.05
0,197,3,16,0.0
0,197,4,1367,0.0
0,197,5,2797,0.0
0,197,6,564,0.0
0,197,7,1375,0.0
0,197,8,1950,0.0
0,197,9,1770,0.0
0,197,10,2760,0.0
0,198,1,2243,0.15
0,198,2,1446,0.1
0,198,3,2457,0.0
0,198,4,1986,0.0
0,198,5,1414,0.0
0,198,6,2401,0.0
0,198,7,1862,0.0
0,198,8,828,0.0
0,198,9,465,0.0
0,198,10,1840,0.0
0,199,1,295,0.2
0,199,2,1028,0.2
0,199,3,1817,0.15
0,199,4,1043,0.0
0,199,5,1377,0.0
0,199,6,2225,0.0
0,199,7,22,0.0
0,199,8,50,0.0
0,199,9,973,0.0
0,199,10,2676,0.0
0,200,1,2283,0.15
0,200,2,2170,0.1
0,200,3,696,0.1
0,200,4,2293,0.0
0,200,5,2459,0.0
0,200,6,548,0.0
0,200,7,970,0.0
0,200,8,1427,0.0
0,200,9,2854,0.0
0,200,10,2822,0.0
0,201,1,696,0.1
0,201,2,2170,0.1
0,201,3,892,0.0
0,201,4,2186,0.0
0,201,5,2338,0.0
0,201,6,867,0.0
0,201,7,1021,0.0
0,201,8,2077,0.0
0,201,9,1989,0.0
0,201,10,166,0.0
0,202,1,1817,0.15
0,202,2,2658,0.15
0,202,3,2435,0.05
0,202,4,837,0.0
0,202,5,594,0.0
0,202,6,2105,0.0
0,202,7,192,0.0
0,202,8,3061,0.0
0,202,9,1670,0.0
0,202,10,848,0.0
0,203,1,2658,0.15
0,203,2,696,0.1
0,203,3,221,0.05
0,203,4,218,0.0
0,203,5,1728,0.0
0,203,6,1834,0.0
0,203,7,174,0.0
0,203,8,119,0.0
0,203,9,1553,0.0
0,203,10,1438,0.0
0,204,1,2529,0.1
0,204,2,2339,0.05
0,204,3,1913,0.05
0,204,4,216,0.0
0,204,5,1436,0.0
0,204,6,923,0.0
0,204,7,962,0.0
0,204,8,175,0.0
0,204,9,2825,0.0
0,204,10,1834,0.0
0,205,1,1208,0.2
0,205,2,747,0.15
0,205,3,168,0.05
0,205,4,1720,0.05
0,205,5,2024,0.0
0,205,6,3079,0.0
0,205,7,3032,0.0
0,205,8,2186,0.0
0,205,9,1658,0.0
0,205,10,1473,0.0
0,206,1,430,0.2
0,206,2,601,0.05
0,206,3,168,0.05
0,206,4,2754,0.05
0,206,5,897,0.0
0,206,6,2886,0.0
0,206,7,1770,0.0
0,206,8,1871,0.0
0,206,9,2233,0.0
0,206,10,249,0.0
0,207,1,1190,0.1
0,207,2,356,0.1
0,207,3,2228,0.1
0,207,4,653,0.0
0,207,5,265,0.0
0,207,6,1995,0.0
0,207,7,2494,0.0
0,207,8,1284,0.0
0,207,9,12,0.0
0,207,10,2610,0.0
0,208,1,1651,0.15
0,208,2,2339,0.05
0,208,3,429,0.05
0,208,4,40,0.05
0,208,5,1913,0.05
0,208,6,1016,0.0
0,208,7,2338,0.0
0,208,8,844,0.0
0,208,9,863,0.0
0,208,10,232,0.0
0,209,1,2923,0.25
0,209,2,2513,0.1
0,209,3,2757,0.1
0,209,4,409,0.0
0,209,5,2025,0.0
0,209,6,1379,0.0
0,209,7,505,0.0
0,209,8,2766,0.0
0,209,9,2207,0.0
0,209,10,743,0.0
0,210,1,270,0.1
0,210,2,1275,0.1
0,210,3,2196,0.05
0,210,4,1747,0.05
0,210,5,851,0.0
0,210,6,2981,0.0
0,210,7,847,0.0
0,210,8,1574,0.0
0,210,9,1702,0.0
0,210,10,116,0.0
0,211,1,1409,0.25
0,211,2,906,0.05
0,211,3,1712,0.05
0,211,4,1975,0.0
0,211,5,1830,0.0
0,211,6,1057,0.0
0,211,7,2951,0.0
0,211,8,431,0.0
0,211,9,2884,0.0
0,211,10,2340,0.0
0,212,1,63,0.15
0,212,2,730,0.15
0,212,3,1070,0.1
0,212,4,494,0.05
0,212,5,1914,0.0
0,212,6,118,0.0
0,212,7,1297,0.0
0,212,8,1934,0.0
0,212,9,2577,0.0
0,212,10,94,0.0
0,214,1,2802,0.1
0,214,2,2196,0.05
0,214,3,40,0.05
0,214,4,906,0.05
0,214,5,2467,0.0
0,214,6,436,0.0
0,214,7,1696,0.0
0,214,8,2430,0.0
0,214,9,2662,0.0
0,214,10,1335,0.0
0,215,1,5,0.15
0,215,2,906,0.05
0,215,3,730,0.05
0,215,4,1028,0.0
0,215,5,1081,0.0
0,215,6,1385,0.0
0,215,7,578,0.0
0,215,8,745,0.0
0,215,9,1732,0.0
0,215,10,1050,0.0
0,216,1,356,0.1
0,216,2,886,0.1
0,216,3,1525,0.05
0,216,4,906,0.05
0,216,5,2196,0.05
0,216,6,73,0.0
0,216,7,1011,0.0
0,216,8,2882,0.0
0,216,9,1203,0.0
0,216,10,1740,0.0
0,217,1,617,0.15
0,217,2,2440,0.1
0,217,3,106,0.05
0,217,4,1224,0.0
0,217,5,113,0.0
0,217,6,1145,0.0
0,217,7,1123,0.0
0,217,8,1800,0.0
0,217,9,1357,0.0
0,217,10,1624,0.0
0,218,1,617,0.15
0,218,2,270,0.1
0,218,3,106,0.05
0,218,4,2890,0.0
0,218,5,1609,0.0
0,218,6,1589,0.0
0,218,7,441,0.0
0,218,8,1688,0.0
0,218,9,2831,0.0
0,218,10,1709,0.0
0,219,1,2440,0.1
0,219,2,1070,0.1
0,219,3,2516,0.0
0,219,4,1272,0.0
0,219,5,1610,0.0
0,219,6,154,0.0
0,219,7,1989,0.0
0,219,8,2791,0.0
0,219,9,1591,0.0
0,219,10,2704,0.0
0,221,1,1685,0.15
0,221,2,1265,0.1
0,221,3,1361,0.0
0,221,4,1379,0.0
0,221,5,2767,0.0
0,221,6,22,0.0
0,221,7,1368,0.0
0,221,8,974,0.0
0,221,9,3022,0.0
0,221,10,1731,0.0
0,222,1,597,0.2
0,222,2,1265,0.1
0,222,3,1332,0.0
0,222,4,489,0.0
0,222,5,2413,0.0
0,222,6,1008,0.0
0,222,7,912,0.0
0,222,8,2881,0.0
0,222,9,94,0.0
0,222,10,2526,0.0
0,223,1,1685,0.15
0,223,2,1332,0.0
0,223,3,1446,0.0
0,223,4,2442,0.0
0,223,5,2976,0.0
0,223,6,927,0.0
0,223,7,1380,0.0
0,223,8,1355,0.0
0,223,9,1198,0.0
0,223,10,2445,0.0
0,225,1,2525,0.15
0,225,2,189,0.15
0,225,3,2478,0.05
0,225,4,92,0.0
0,225,5,2983,0.0
0,225,6,2984,0.0
0,225,7,2290,0.0
0,225,8,2212,0.0
0,225,9,1275,0.0
0,225,10,2624,0.0
0,226,1,572,0.15
0,226,2,2185,0.1
0,226,3,1872,0.05
0,226,4,2738,0.05
0,226,5,1671,0.0
0,226,6,531,0.0
0,226,7,1624,0.0
0,226,8,219,0.0
0,226,9,1603,0.0
0,226,10,2607,0.0
0,227,1,2622,0.15
0,227,2,2185,0.1
0,227,3,80,0.0
0,227,4,714,0.0
0,227,5,1824,0.0
0,227,6,1870,0.0
0,227,7,2167,0.0
0,227,8,1929,0.0
0,227,9,2446,0.0
0,227,10,12,0.0
0,228,1,1320,0.25
0,228,2,1945,0.15
0,228,3,2622,0.15
0,228,4,1061,0.0
0,228,5,1991,0.0
0,228,6,1704,0.0
0,228,7,1600,0.0
0,228,8,2657,0.0
0,228,9,2465,0.0
0,228,10,2618,0.0
0,229,1,572,0.15
0,229,2,2938,0.1
0,229,3,2165,0.1
0,229,4,946,0.0
0,229,5,3079,0.0
0,229,6,50,0.0
0,229,7,2495,0.0
0,229,8,2415,0.0
0,229,9,1485,0.0
0,229,10,557,0.0
0,230,1,2938,0.1
0,230,2,1787,0.1
0,230,3,108,0.1
0,230,4,2301,0.0
0,230,5,1233,0.0
0,230,6,2404,0.0
0,230,7,3056,0.0
0,230,8,2350,0.0
0,230,9,1924,0.0
0,230,10,2432,0.0
0,231,1,30,0.2
0,231,2,132,0.1
0,231,3,2922,0.05
0,231,4,1977,0.0
0,231,5,402,0.0
0,231,6,816,0.0
0,231,7,957,0.0
0,231,8,680,0.0
0,231,9,884,0.0
0,231,10,1357,0.0
0,232,1,1484,0.1
0,232,2,2165,0.1
0,232,3,2808,0.0
0,232,4,1125,0.0
0,232,5,1086,0.0
0,232,6,1851,0.0
0,232,7,878,0.0
0,232,8,1356,0.0
0,232,9,492,0.0
0,232,10,1765,0.0
0,233,1,509,0.15
0,233,2,2165,0.1
0,233,3,2808,0.0
0,233,4,1278,0.0
0,233,5,1454,0.0
0,233,6,670,0.0
0,233,7,1814,0.0
0,233,8,2964,0.0
0,233,9,228,0.0
0,233,10,625,0.0
0,234,1,613,0.2
0,234,2,509,0.15
0,234,3,1465,0.15
0,234,4,2901,0.05
0,234,5,916,0.0
0,234,6,729,0.0
0,234,7,2346,0.0
0,234,8,1196,0.0
0,234,9,2804,0.0
0,234,10,1322,0.0
0,235,1,2180,0.1
0,235,2,1484,0.1
0,235,3,1931,0.05
0,235,4,1775,0.05
0,235,5,650,0.0
0,235,6,1170,0.0
0,235,7,769,0.0
0,235,8,756,0.0
0,235,9,2722,0.0
0,235,10,1109,0.0
0,236,1,1465,0.15
0,236,2,2180,0.1
0,236,3,1160,0.1
0,236,4,1834,0.0
0,236,5,278,0.0
0,236,6,3045,0.0
0,236,7,1072,0.0
0,236,8,1499,0.0
0,236,9,163,0.0
0,236,10,2268,0.0
0,237,1,416,0.15
0,237,2,2180,0.1
0,237,3,514,0.1
0,237,4,1821,0.05
0,237,5,145,0.0
0,237,6,1662,0.0
0,237,7,2719,0.0
0,237,8,1486,0.0
0,237,9,3043,0.0
0,237,10,1322,0.0
0,239,1,2345,0.2
0,239,2,1632,0.2
0,239,3,514,0.1
0,239,4,2325,0.0
0,239,5,786,0.0
0,239,6,515,0.0
0,239,7,679,0.0
0,239,8,2788,0.0
0,239,9,1762,0.0
0,239,10,1669,0.0
0,240,1,793,0.15
0,240,2,483,0.15
0,240,3,514,0.1
0,240,4,2203,0.0
0,240,5,1784,0.0
0,240,6,2349,0.0
0,240,7,2695,0.0
0,240,8,952,0.0
0,240,9,2647,0.0
0,240,10,2295,0.0
0,241,1,2293,0.25
0,241,2,447,0.2
0,241,3,2009,0.05
0,241,4,1035,0.0
0,241,5,179,0.0
0,241,6,900,0.0
0,241,7,2023,0.0
0,241,8,2566,0.0
0,241,9,2432,0.0
0,241,10,3080,0.0
0,242,1,1413,0.2
0,242,2,2118,0.15
0,242,3,1893,0.05
0,242,4,2121,0.05
0,242,5,2572,0.0
0,242,6,2954,0.0
0,242,7,260,0.0
0,242,8,2962,0.0
0,242,9,1614,0.0
0,242,10,2328,0.0
0,243,1,1615,0.25
0,243,2,1413,0.2
0,243,3,2118,0.15
0,243,4,2395,0.05
0,243,5,3079,0.0
0,243,6,1508,0.0
0,243,7,364,0.0
0,243,8,236,0.0
0,243,9,1670,0.0
0,243,10,1275,0.0
0,244,1,2270,0.15
0,244,2,1936,0.1
0,244,3,1893,0.05
0,244,4,189,0.0
0,244,5,862,0.0
0,244,6,1326,0.0
0,244,7,1201,0.0
0,244,8,2699,0.0
0,244,9,2116,0.0
0,244,10,242,0.0
0,245,1,1654,0.2
0,245,2,447,0.2
0,245,3,1448,0.05
0,245,4,1301,0.0
0,245,5,1356,0.0
0,245,6,2467,0.0
0,245,7,1745,0.0
0,245,8,895,0.0
0,245,9,1465,0.0
0,245,10,1921,0.0
0,246,1,1654,0.2
0,246,2,1893,0.05
0,246,3,2169,0.0
0,246,4,2893,0.0
0,246,5,727,0.0
0,246,6,1149,0.0
0,246,7,1560,0.0
0,246,8,2250,0.0
0,246,9,3081,0.0
0,246,10,2731,0.0
0,247,1,2160,0.15
0,247,2,2270,0.15
0,247,3,2920,0.05
0,247,4,1710,0.05
0,247,5,857,0.0
0,247,6,2727,0.0
0,247,7,1058,0.0
0,247,8,1739,0.0
0,247,9,1915,0.0
0,247,10,87,0.0
0,248,1,627,0.2
0,248,2,2160,0.15
0,248,3,1448,0.05
0,248,4,2925,0.05
0,248,5,62,0.0
0,248,6,701,0.0
0,248,7,441,0.0
0,248,8,2708,0.0
0,248,9,2197,0.0
0,248,10,877,0.0
0,249,1,656,0.2
0,249,2,1232,0.15
0,249,3,1310,0.1
0,249,4,1448,0.05
0,249,5,2839,0.05
0,249,6,1683,0.0
0,249,7,1907,0.0
0,249,8,2284,0.0
0,249,9,118,0.0
0,249,10,2267,0.0
0,250,1,283,0.15
0,250,2,2664,0.1
0,250,3,2297,0.05
0,250,4,1460,0.0
0,250,5,1188,0.0
0,250,6,1698,0.0
0,250,7,2500,0.0
0,250,8,1245,0.0
0,250,9,940,0.0
0,250,10,93,0.0
0,251,1,31,0.15
0,251,2,1870,0.1
0,251,3,563,0.1
0,251,4,289,0.05
0,251,5,2293,0.0
0,251,6,1637,0.0
0,251,7,2796,0.0
0,251,8,216,0.0
0,251,9,2434,0.0
0,251,10,112,0.0
0,252,1,664,0.15
0,252,2,1015,0.05
0,252,3,2668,0.05
0,252,4,2297,0.05
0,252,5,992,0.0
0,252,6,1036,0.0
0,252,7,2638,0.0
0,252,8,2958,0.0
0,252,9,2553,0.0
0,252,10,1868,0.0
0,253,1,2042,0.2
0,253,2,998,0.15
0,253,3,563,0.1
0,253,4,400,0.05
0,253,5,1065,0.0
0,253,6,971,0.0
0,253,7,1625,0.0
0,253,8,2867,0.0
0,253,9,1307,0.0
0,253,10,3045,0.0
0,254,1,664,0.15
0,254,2,31,0.15
0,254,3,1015,0.05
0,254,4,1792,0.05
0,254,5,429,0.05
0,254,6,1835,0.0
0,254,7,2004,0.0
0,254,8,3074,0.0
0,254,9,1151,0.0
0,254,10,28,0.0
0,255,1,653,0.25
0,255,2,1558,0.1
0,255,3,44,0.05
0,255,4,2211,0.05
0,255,5,1015,0.05
0,255,6,995,0.0
0,255,7,2208,0.0
0,255,8,408,0.0
0,255,9,733,0.0
0,255,10,1991,0.0
0,256,1,2743,0.2
0,256,2,504,0.15
0,256,3,1015,0.05
0,256,4,3058,0.0
0,256,5,882,0.0
0,256,6,532,0.0
0,256,7,1742,0.0
0,256,8,783,0.0
0,256,9,813,0.0
0,256,10,1999,0.0
0,257,1,2429,0.25
0,257,2,273,0.2
0,257,3,8,0.05
0,257,4,2033,0.0
0,257,5,1336,0.0
0,257,6,1474,0.0
0,257,7,1572,0.0
0,257,8,1847,0.0
0,257,9,1971,0.0
0,257,10,1094,0.0
0,258,1,2590,0.2
0,258,2,1716,0.1
0,258,3,1558,0.1
0,258,4,1055,0.05
0,258,5,746,0.0
0,258,6,819,0.0
0,258,7,2839,0.0
0,258,8,2033,0.0
0,258,9,802,0.0
0,258,10,1609,0.0
0,259,1,194,0.15
0,259,2,1558,0.1
0,259,3,2093,0.1
0,259,4,869,0.1
0,259,5,2160,0.0
0,259,6,2430,0.0
0,259,7,421,0.0
0,259,8,1491,0.0
0,259,9,1802,0.0
0,259,10,2272,0.0
0,260,1,44,0.2
0,260,2,194,0.15
0,260,3,8,0.05
0,260,4,484,0.05
0,260,5,1343,0.0
0,260,6,1387,0.0
0,260,7,908,0.0
0,260,8,848,0.0
0,260,9,1338,0.0
0,260,10,1249,0.0
0,261,1,2328,0.1
0,261,2,1716,0.1
0,261,3,461,0.05
0,261,4,8,0.05
0,261,5,663,0.0
0,261,6,1820,0.0
0,261,7,2792,0.0
0,261,8,619,0.0
0,261,9,999,0.0
0,261,10,1359,0.0
0,262,1,2093,0.1
0,262,2,939,0.1
0,262,3,2372,0.05
0,262,4,8,0.05
0,262,5,1878,0.0
0,262,6,985,0.0
0,262,7,829,0.0
0,262,8,993,0.0
0,262,9,1820,0.0
0,262,10,1900,0.0
0,263,1,2640,0.25
0,263,2,1716,0.1
0,263,3,12,0.05
0,263,4,158,0.0
0,263,5,129,0.0
0,263,6,2456,0.0
0,263,7,2476,0.0
0,263,8,1877,0.0
0,263,9,471,0.0
0,263,10,1475,0.0
0,264,1,105,0.2
0,264,2,2212,0.1
0,264,3,1907,0.05
0,264,4,1459,0.0
0,264,5,163,0.0
0,264,6,1311,0.0
0,264,7,1341,0.0
0,264,8,1176,0.0
0,264,9,1572,0.0
0,264,10,306,0.0
0,265,1,105,0.2
0,265,2,2480,0.1
0,265,3,766,0.05
0,265,4,1907,0.05
0,265,5,2647,0.0
0,265,6,1961,0.0
0,265,7,1607,0.0
0,265,8,101,0.0
0,265,9,860,0.0
0,265,10,1967,0.0
0,266,1,65,0.15
0,266,2,2480,0.1
0,266,3,1907,0.05
0,266,4,2012,0.0
0,266,5,2872,0.0
0,266,6,2717,0.0
0,266,7,2235,0.0
0,266,8,2379,0.0
0,266,9,2091,0.0
0,266,10,395,0.0
0,267,1,105,0.2
0,267,2,65,0.15
0,267,3,2480,0.1
0,267,4,2569,0.0
0,267,5,2864,0.0
0,267,6,1698,0.0
0,267,7,1264,0.0
0,267,8,541,0.0
0,267,9,303,0.0
0,267,10,2761,0.0
0,268,1,2710,0.15
0,268,2,2212,0.1
0,268,3,1907,0.05
0,268,4,622,0.0
0,268,5,1384,0.0
0,268,6,2342,0.0
0,268,7,192,0.0
0,268,8,1377,0.0
0,268,9,803,0.0
0,268,10,351,0.0
0,269,1,2274,0.25
0,269,2,2212,0.1
0,269,3,2682,0.0
0,269,4,2731,0.0
0,269,5,788,0.0
0,269,6,1714,0.0
0,269,7,2530,0.0
0,269,8,103,0.0
0,269,9,671,0.0
0,269,10,2191,0.0
0,271,1,2197,0.2
0,271,2,65,0.15
0,271,3,957,0.0
0,271,4,2632,0.0
0,271,5,1462,0.0
0,271,6,64,0.0
0,271,7,413,0.0
0,271,8,3014,0.0
0,271,9,1408,0.0
0,271,10,602,0.0
0,272,1,701,0.3
0,272,2,49,0.25
0,272,3,2710,0.15
0,272,4,1721,0.05
0,272,5,1543,0.05
0,272,6,858,0.0
0,272,7,1784,0.0
0,272,8,2863,0.0
0,272,9,1338,0.0
0,272,10,2517,0.0
0,273,1,2710,0.15
0,273,2,1750,0.1
0,273,3,286,0.1
0,273,4,2761,0.0
0,273,5,1812,0.0
0,273,6,2648,0.0
0,273,7,892,0.0
0,273,8,23,0.0
0,273,9,2982,0.0
0,273,10,2637,0.0
0,274,1,65,0.15
0,274,2,2212,0.1
0,274,3,599,0.0
0,274,4,1265,0.0
0,274,5,1241,0.0
0,274,6,2344,0.0
0,274,7,201,0.0
0,274,8,1815,0.0
0,274,9,259,0.0
0,274,10,1593,0.0
0,276,1,663,0.2
0,276,2,192,0.15
0,276,3,718,0.05
0,276,4,2578,0.05
0,276,5,1600,0.0
0,276,6,2704,0.0
0,276,7,1927,0.0
0,276,8,2411,0.0
0,276,9,2453,0.0
0,276,10,867,0.0
0,278,1,1516,0.1
0,278,2,1582,0.05
0,278,3,55,0.05
0,278,4,1059,0.05
0,278,5,2578,0.05
0,278,6,2925,0.05
0,278,7,2706,0.0
0,278,8,3058,0.0
0,278,9,1655,0.0
0,278,10,384,0.0
0,279,1,192,0.15
0,279,2,1400,0.15
0,279,3,2184,0.05
0,279,4,288,0.0
0,279,5,2148,0.0
0,279,6,751,0.0
0,279,7,2923,0.0
0,279,8,1496,0.0
0,279,9,1928,0.0
0,279,10,3018,0.0
0,280,1,608,0.1
0,280,2,843,0.05
0,280,3,1303,0.05
0,280,4,81,0.0
0,280,5,649,0.0
0,280,6,1817,0.0
0,280,7,2889,0.0
0,280,8,511,0.0
0,280,9,2957,0.0
0,280,10,259,0.0
0,282,1,1875,0.0
0,282,2,135,0.0
0,282,3,2337,0.0
0,282,4,1652,0.0
0,282,5,1109,0.0
0,282,6,153,0.0
0,282,7,765,0.0
0,282,8,1354,0.0
0,282,9,1596,0.0
0,282,10,814,0.0
0,283,1,2580,0.2
0,283,2,1516,0.1
0,283,3,135,0.0
0,283,4,2822,0.0
0,283,5,1155,0.0
0,283,6,2289,0.0
0,283,7,467,0.0
0,283,8,163,0.0
0,283,9,2690,0.0
0,283,10,2200,0.0
0,284,1,1516,0.1
0,284,2,288,0.0
0,284,3,441,0.0
0,284,4,734,0.0
0,284,5,428,0.0
0,284,6,1754,0.0
0,284,7,1885,0.0
0,284,8,1091,0.0
0,284,9,1169,0.0
0,284,10,2964,0.0
0,285,1,553,0.15
0,285,2,1437,0.15
0,285,3,783,0.05
0,285,4,849,0.0
0,285,5,473,0.0
0,285,6,125,0.0
0,285,7,2111,0.0
0,285,8,2080,0.0
0,285,9,912,0.0
0,285,10,1066,0.0
0,286,1,1277,0.2
0,286,2,1437,0.15
0,286,3,1760,0.05
0,286,4,1799,0.0
0,286,5,2249,0.0
0,286,6,2091,0.0
0,286,7,2016,0.0
0,286,8,1027,0.0
0,286,9,138,0.0
0,286,10,1280,0.0
0,287,1,1437,0.15
0,287,2,1760,0.05
0,287,3,2556,0.05
0,287,4,3011,0.0
0,287,5,1992,0.0
0,287,6,2992,0.0
0,287,7,1995,0.0
0,287,8,2016,0.0
0,287,9,2769,0.0
0,287,10,1138,0.0
0,288,1,1053,0.2
0,288,2,553,0.15
0,288,3,2668,0.05
0,288,4,3011,0.0
0,288,5,3066,0.0
0,288,6,2348,0.0
0,288,7,2617,0.0
0,288,8,1642,0.0
0,288,9,330,0.0
0,288,10,887,0.0
0,289,1,2090,0.15
0,289,2,2407,0.15
0,289,3,783,0.05
0,289,4,991,0.0
0,289,5,1409,0.0
0,289,6,2328,0.0
0,289,7,2651,0.0
0,289,8,1222,0.0
0,289,9,2441,0.0
0,289,10,1185,0.0
0,290,1,2554,0.1
0,290,2,375,0.05
0,290,3,2616,0.05
0,290,4,325,0.0
0,290,5,2103,0.0
0,290,6,147,0.0
0,290,7,2232,0.0
0,290,8,95,0.0
0,290,9,2849,0.0
0,290,10,2258,0.0
0,291,1,2952,0.15
0,291,2,860,0.05
0,291,3,1523,0.0
0,291,4,1621,0.0
0,291,5,308,0.0
0,291,6,1100,0.0
0,291,7,2157,0.0
0,291,8,92,0.0
0,291,9,2830,0.0
0,291,10,438,0.0
0,292,1,2952,0.15
0,292,2,2554,0.1
0,292,3,13,0.05
0,292,4,2169,0.0
0,292,5,3075,0.0
0,292,6,1996,0.0
0,292,7,773,0.0
0,292,8,477,0.0
0,292,9,1597,0.0
0,292,10,2228,0.0
0,293,1,533,0.2
0,293,2,2090,0.15
0,293,3,325,0.0
0,293,4,1124,0.0
0,293,5,266,0.0
0,293,6,1512,0.0
0,293,7,2592,0.0
0,293,8,2611,0.0
0,293,9,2825,0.0
0,293,10,245,0.0
0,294,1,1344,0.2
0,294,2,2431,0.05
0,294,3,2989,0.05
0,294,4,375,0.05
0,294,5,2246,0.0
0,294,6,627,0.0
0,294,7,2617,0.0
0,294,8,1976,0.0
0,294,9,222,0.0
0,294,10,654,0.0
0,295,1,1101,0.15
0,295,2,2998,0.05
0,295,3,2431,0.05
0,295,4,2025,0.0
0,295,5,2148,0.0
0,295,6,327,0.0
0,295,7,1326,0.0
0,295,8,2634,0.0
0,295,9,2662,0.0
0,295,10,2288,0.0
0,297,1,2616,0.15
0,297,2,3061,0.1
0,297,3,2140,0.05
0,297,4,1018,0.0
0,297,5,1985,0.0
0,297,6,1469,0.0
0,297,7,1959,0.0
0,297,8,2681,0.0
0,297,9,660,0.0
0,297,10,2312,0.0
0,298,1,1794,0.1
0,298,2,540,0.1
0,298,3,2140,0.05
0,298,4,2431,0.05
0,298,5,527,0.0
0,298,6,1075,0.0
0,298,7,3,0.0
0,298,8,1458,0.0
0,298,9,2115,0.0
0,298,10,1334,0.0
0,299,1,2128,0.15
0,299,2,2672,0.1
0,299,3,1253,0.0
0,299,4,2534,0.0
0,299,5,2037,0.0
0,299,6,382,0.0
0,299,7,2674,0.0
0,299,8,890,0.0
0,299,9,1390,0.0
0,299,10,1280,0.0
0,300,1,2969,0.2
0,300,2,2899,0.1
0,300,3,1379,0.0
0,300,4,2103,0.0
0,300,5,408,0.0
0,300,6,438,0.0
0,300,7,111,0.0
0,300,8,342,0.0
0,300,9,2032,0.0
0,300,10,838,0.0
0,301,1,1592,0.2
0,301,2,2978,0.15
0,301,3,1295,0.05
0,301,4,368,0.0
0,301,5,1327,0.0
0,301,6,2246,0.0
0,301,7,2632,0.0
0,301,8,3081,0.0
0,301,9,861,0.0
0,301,10,1310,0.0
0,302,1,315,0.15
0,302,2,1597,0.1
0,302,3,1072,0.0
0,302,4,1050,0.0
0,302,5,793,0.0
0,302,6,1451,0.0
0,302,7,265,0.0
0,302,8,2589,0.0
0,302,9,1318,0.0
0,302,10,412,0.0
0,303,1,2978,0.15
0,303,2,1072,0.0
0,303,3,2973,0.0
0,303,4,1061,0.0
0,303,5,1886,0.0
0,303,6,2380,0.0
0,303,7,1671,0.0
0,303,8,456,0.0
0,303,9,1373,0.0
0,303,10,772,0.0
0,304,1,2343,0.2
0,304,2,2899,0.1
0,304,3,1811,0.05
0,304,4,2402,0.0
0,304,5,2320,0.0
0,304,6,573,0.0
0,304,7,2289,0.0
0,304,8,405,0.0
0,304,9,1066,0.0
0,304,10,695,0.0
0,305,1,2343,0.2
0,305,2,1189,0.1
0,305,3,1990,0.05
0,305,4,2839,0.05
0,305,5,1482,0.0
0,305,6,201,0.0
0,305,7,1675,0.0
0,305,8,654,0.0
0,305,9,3047,0.0
0,305,10,1278,0.0
0,306,1,1449,0.25
0,306,2,1189,0.1
0,306,3,2686,0.1
0,306,4,2925,0.05
0,306,5,14,0.05
0,306,6,2431,0.0
0,306,7,1685,0.0
0,306,8,136,0.0
0,306,9,1375,0.0
0,306,10,1329,0.0
0,307,1,59,0.1
0,307,2,351,0.0
0,307,3,424,0.0
0,307,4,2188,0.0
0,307,5,980,0.0
0,307,6,502,0.0
0,307,7,1511,0.0
0,307,8,2513,0.0
0,307,9,2328,0.0
0,307,10,2110,0.0
0,308,1,1995,0.25
0,308,2,2686,0.15
0,308,3,2246,0.0
0,308,4,1786,0.0
0,308,5,245,0.0
0,308,6,2249,0.0
0,308,7,2505,0.0
0,308,8,1420,0.0
0,308,9,1409,0.0
0,308,10,1451,0.0
0,309,1,2686,0.15
0,309,2,1823,0.15
0,309,3,351,0.0
0,309,4,2198,0.0
0,309,5,1239,0.0
0,309,6,1380,0.0
0,309,7,2170,0.0
0,309,8,1156,0.0
0,309,9,2048,0.0
0,309,10,1266,0.0
0,310,1,1701,0.25
0,310,2,59,0.1
0,310,3,1990,0.05
0,310,4,1237,0.05
0,310,5,2530,0.0
0,310,6,33,0.0
0,310,7,228,0.0
0,310,8,1020,0.0
0,310,9,2721,0.0
0,310,10,1997,0.0
0,311,1,2974,0.25
0,311,2,1116,0.15
0,311,3,1990,0.05
0,311,4,2474,0.05
0,311,5,2922,0.05
0,311,6,400,0.05
0,311,7,1598,0.0
0,311,8,1136,0.0
0,311,9,387,0.0
0,311,10,1700,0.0
0,312,1,1611,0.2
0,312,2,1541,0.15
0,312,3,975,0.0
0,312,4,1074,0.0
0,312,5,2822,0.0
0,312,6,753,0.0
0,312,7,1608,0.0
0,312,8,1957,0.0
0,312,9,1805,0.0
0,312,10,1715,0.0
0,314,1,633,0.15
0,314,2,1481,0.05
0,314,3,1498,0.0
0,314,4,2640,0.0
0,314,5,2594,0.0
0,314,6,2552,0.0
0,314,7,1212,0.0
0,314,8,864,0.0
0,314,9,391,0.0
0,314,10,334,0.0
0,315,1,1198,0.1
0,315,2,1781,0.1
0,315,3,2188,0.0
0,315,4,2736,0.0
0,315,5,1048,0.0
0,315,6,1946,0.0
0,315,7,886,0.0
0,315,8,2718,0.0
0,315,9,1535,0.0
0,315,10,769,0.0
0,316,1,1367,0.2
0,316,2,3069,0.1
0,316,3,1198,0.1
0,316,4,1806,0.0
0,316,5,2712,0.0
0,316,6,2827,0.0
0,316,7,497,0.0
0,316,8,3043,0.0
0,316,9,2042,0.0
0,316,10,1202,0.0
0,317,1,1964,0.15
0,317,2,1206,0.1
0,317,3,1198,0.1
0,317,4,771,0.0
0,317,5,3024,0.0
0,317,6,1179,0.0
0,317,7,1231,0.0
0,317,8,579,0.0
0,317,9,1118,0.0
0,317,10,1627,0.0
0,318,1,446,0.2
0,318,2,1206,0.1
0,318,3,984,0.05
0,318,4,1902,0.0
0,318,5,2888,0.0
0,318,6,751,0.0
0,318,7,2282,0.0
0,318,8,876,0.0
0,318,9,1928,0.0
0,318,10,701,0.0
0,319,1,2176,0.25
0,319,2,2363,0.2
0,319,3,2106,0.2
0,319,4,523,0.0
0,319,5,1794,0.0
0,319,6,1137,0.0
0,319,7,2832,0.0
0,319,8,2120,0.0
0,319,9,979,0.0
0,319,10,1927,0.0
0,321,1,2176,0.25
0,321,2,2106,0.2
0,321,3,637,0.15
0,321,4,494,0.05
0,321,5,945,0.0
0,321,6,614,0.0
0,321,7,624,0.0
0,321,8,1852,0.0
0,321,9,22,0.0
0,321,10,1946,0.0
0,322,1,1367,0.2
0,322,2,859,0.15
0,322,3,2013,0.0
0,322,4,1354,0.0
0,322,5,805,0.0
0,322,6,672,0.0
0,322,7,2007,0.0
0,322,8,2357,0.0
0,322,9,2014,0.0
0,322,10,1886,0.0
0,323,1,1368,0.2
0,323,2,2106,0.2
0,323,3,1964,0.15
0,323,4,2711,0.0
0,323,5,1849,0.0
0,323,6,2831,0.0
0,323,7,2589,0.0
0,323,8,1943,0.0
0,323,9,1650,0.0
0,323,10,1498,0.0
0,324,1,859,0.15
0,324,2,1964,0.15
0,324,3,611,0.05
0,324,4,2399,0.0
0,324,5,1610,0.0
0,324,6,399,0.0
0,324,7,1888,0.0
0,324,8,1130,0.0
0,324,9,2931,0.0
0,324,10,1729,0.0
0,325,1,2084,0.15
0,325,2,637,0.15
0,325,3,2917,0.1
0,325,4,1658,0.0
0,325,5,1693,0.0
0,325,6,2170,0.0
0,325,7,1717,0.0
0,325,8,1962,0.0
0,325,9,1502,0.0
0,325,10,3008,0.0
0,326,1,104,0.15
0,326,2,1059,0.05
0,326,3,330,0.0
0,326,4,1573,0.0
0,326,5,2903,0.0
0,326,6,1161,0.0
0,326,7,129,0.0
0,326,8,1189,0.0
0,326,9,1272,0.0
0,326,10,3012,0.0
0,327,1,1064,0.2
0,327,2,1671,0.2
0,327,3,1991,0.15
0,327,4,1593,0.0
0,327,5,1333,0.0
0,327,6,1283,0.0
0,327,7,2559,0.0
0,327,8,2633,0.0
0,327,9,2866,0.0
0,327,10,2307,0.0
0,328,1,1062,0.15
0,328,2,33,0.1
0,328,3,3027,0.05
0,328,4,2289,0.0
0,328,5,1731,0.0
0,328,6,71,0.0
0,328,7,2078,0.0
0,328,8,1389,0.0
0,328,9,1891,0.0
0,328,10,711,0.0
0,329,1,203,0.2
0,329,2,2484,0.1
0,329,3,982,0.1
0,329,4,2144,0.05
0,329,5,2844,0.0
0,329,6,1726,0.0
0,329,7,1252,0.0
0,329,8,329,0.0
0,329,9,77,0.0
0,329,10,166,0.0
0,330,1,1064,0.2
0,330,2,33,0.1
0,330,3,1616,0.0
0,330,4,538,0.0
0,330,5,2992,0.0
0,330,6,2640,0.0
0,330,7,1017,0.0
0,330,8,1538,0.0
0,330,9,1050,0.0
0,330,10,674,0.0
0,331,1,2484,0.1
0,331,2,982,0.1
0,331,3,1295,0.05
0,331,4,3022,0.0
0,331,5,12,0.0
0,331,6,156,0.0
0,331,7,1791,0.0
0,331,8,849,0.0
0,331,9,1459,0.0
0,331,10,1092,0.0
0,332,1,1962,0.1
0,332,2,788,0.1
0,332,3,2659,0.1
0,332,4,2184,0.05
0,332,5,766,0.05
0,332,6,945,0.0
0,332,7,1992,0.0
0,332,8,1976,0.0
0,332,9,2253,0.0
0,332,10,1929,0.0
0,333,1,1635,0.15
0,333,2,2705,0.1
0,333,3,2309,0.05
0,333,4,1051,0.0
0,333,5,70,0.0
0,333,6,969,0.0
0,333,7,1809,0.0
0,333,8,383,0.0
0,333,9,2246,0.0
0,333,10,1182,0.0
0,334,1,523,0.25
0,334,2,1491,0.2
0,334,3,2705,0.1
0,334,4,2543,0.05
0,334,5,2312,0.05
0,334,6,2296,0.05
0,334,7,914,0.0
0,334,8,1054,0.0
0,334,9,3052,0.0
0,334,10,1139,0.0
0,335,1,2107,0.2
0,335,2,788,0.1
0,335,3,249,0.1
0,335,4,1872,0.05
0,335,5,1063,0.0
0,335,6,2694,0.0
0,335,7,1729,0.0
0,335,8,315,0.0
0,335,9,902,0.0
0,335,10,744,0.0
0,336,1,1635,0.15
0,336,2,2705,0.1
0,336,3,2543,0.05
0,336,4,2190,0.0
0,336,5,1827,0.0
0,336,6,1244,0.0
0,336,7,57,0.0
0,336,8,566,0.0
0,336,9,629,0.0
0,336,10,1217,0.0
0,337,1,2602,0.25
0,337,2,2384,0.25
0,337,3,2309,0.05
0,337,4,618,0.0
0,337,5,2317,0.0
0,337,6,192,0.0
0,337,7,2142,0.0
0,337,8,2525,0.0
0,337,9,1808,0.0
0,337,10,2477,0.0
0,338,1,2107,0.2
0,338,2,2145,0.2
0,338,3,2309,0.05
0,338,4,2676,0.0
0,338,5,1458,0.0
0,338,6,1508,0.0
0,338,7,2949,0.0
0,338,8,2246,0.0
0,338,9,154,0.0
0,338,10,2700,0.0
0,339,1,2145,0.2
0,339,2,2309,0.05
0,339,3,2543,0.05
0,339,4,346,0.0
0,339,5,2917,0.0
0,339,6,614,0.0
0,339,7,2410,0.0
0,339,8,2979,0.0
0,339,9,1162,0.0
0,339,10,549,0.0
0,340,1,2384,0.25
0,340,2,2261,0.2
0,340,3,2309,0.05
0,340,4,38,0.05
0,340,5,1975,0.0
0,340,6,1885,0.0
0,340,7,3042,0.0
0,340,8,1625,0.0
0,340,9,2274,0.0
0,340,10,974,0.0
0,341,1,387,0.2
0,341,2,11,0.1
0,341,3,2453,0.0
0,341,4,1015,0.0
0,341,5,2355,0.0
0,341,6,414,0.0
0,341,7,878,0.0
0,341,8,268,0.0
0,341,9,1961,0.0
0,341,10,1220,0.0
0,342,1,2163,0.15
0,342,2,2144,0.05
0,342,3,3031,0.0
0,342,4,1025,0.0
0,342,5,807,0.0
0,342,6,865,0.0
0,342,7,2056,0.0
0,342,8,1375,0.0
0,342,9,1057,0.0
0,342,10,871,0.0
0,343,1,2602,0.25
0,343,2,2107,0.2
0,343,3,671,0.15
0,343,4,2319,0.0
0,343,5,391,0.0
0,343,6,2023,0.0
0,343,7,1464,0.0
0,343,8,626,0.0
0,343,9,2299,0.0
0,343,10,2404,0.0
0,345,1,1472,0.2
0,345,2,482,0.15
0,345,3,2775,0.0
0,345,4,266,0.0
0,345,5,2484,0.0
0,345,6,172,0.0
0,345,7,622,0.0
0,345,8,2042,0.0
0,345,9,2402,0.0
0,345,10,614,0.0
0,346,1,671,0.15
0,346,2,2264,0.1
0,346,3,1267,0.05
0,346,4,622,0.0
0,346,5,127,0.0
0,346,6,1154,0.0
0,346,7,2101,0.0
0,346,8,2117,0.0
0,346,9,1006,0.0
0,346,10,953,0.0
0,347,1,2403,0.2
0,347,2,646,0.2
0,347,3,1095,0.0
0,347,4,1444,0.0
0,347,5,394,0.0
0,347,6,458,0.0
0,347,7,2111,0.0
0,347,8,2956,0.0
0,347,9,97,0.0
0,347,10,1033,0.0
0,348,1,2163,0.15
0,348,2,2007,0.05
0,348,3,1562,0.0
0,348,4,78,0.0
0,348,5,2846,0.0
0,348,6,823,0.0
0,348,7,977,0.0
0,348,8,454,0.0
0,348,9,286,0.0
0,348,10,1133,0.0
0,349,1,1911,0.15
0,349,2,1786,0.1
0,349,3,11,0.1
0,349,4,1084,0.0
0,349,5,2306,0.0
0,349,6,1769,0.0
0,349,7,2044,0.0
0,349,8,2263,0.0
0,349,9,2759,0.0
0,349,10,833,0.0
0,350,1,1827,0.1
0,350,2,1897,0.05
0,350,3,3043,0.0
0,350,4,2072,0.0
0,350,5,2452,0.0
0,350,6,444,0.0
0,350,7,342,0.0
0,350,8,984,0.0
0,350,9,1426,0.0
0,350,10,2492,0.0
0,351,1,1897,0.05
0,351,2,1,0.05
0,351,3,2007,0.05
0,351,4,3043,0.0
0,351,5,2390,0.0
0,351,6,2723,0.0
0,351,7,2024,0.0
0,351,8,1216,0.0
0,351,9,82,0.0
0,351,10,2813,0.0
0,352,1,622,0.15
0,352,2,432,0.1
0,352,3,2562,0.1
0,352,4,2615,0.0
0,352,5,785,0.0
0,352,6,958,0.0
0,352,7,527,0.0
0,352,8,943,0.0
0,352,9,2963,0.0
0,352,10,2640,0.0
0,353,1,1,0.15
0,353,2,2653,0.15
0,353,3,842,0.05
0,353,4,1366,0.0
0,353,5,1911,0.0
0,353,6,1099,0.0
0,353,7,2246,0.0
0,353,8,1439,0.0
0,353,9,269,0.0
0,353,10,593,0.0
0,354,1,2653,0.15
0,354,2,432,0.1
0,354,3,754,0.05
0,354,4,2503,0.0
0,354,5,2487,0.0
0,354,6,2714,0.0
0,354,7,2587,0.0
0,354,8,1057,0.0
0,354,9,1162,0.0
0,354,10,1276,0.0
0,355,1,2869,0.2
0,355,2,432,0.1
0,355,3,2697,0.05
0,355,4,1775,0.05
0,355,5,2738,0.05
0,355,6,2997,0.0
0,355,7,2064,0.0
0,355,8,892,0.0
0,355,9,2358,0.0
0,355,10,888,0.0
0,356,1,2574,0.2
0,356,2,2697,0.05
0,356,3,842,0.05
0,356,4,1931,0.0
0,356,5,481,0.0
0,356,6,2852,0.0
0,356,7,1119,0.0
0,356,8,761,0.0
0,356,9,2268,0.0
0,356,10,2843,0.0
0,357,1,506,0.25
0,357,2,1167,0.05
0,357,3,1829,0.0
0,357,4,2612,0.0
0,357,5,1674,0.0
0,357,6,1831,0.0
0,357,7,3083,0.0
0,357,8,1440,0.0
0,357,9,2312,0.0
0,357,10,1185,0.0
0,358,1,579,0.3
0,358,2,595,0.25
0,358,3,434,0.05
0,358,4,29,0.0
0,358,5,1640,0.0
0,358,6,2815,0.0
0,358,7,1464,0.0
0,358,8,1269,0.0
0,358,9,3026,0.0
0,358,10,207,0.0
0,359,1,2294,0.05
0,359,2,1928,0.0
0,359,3,1931,0.0
0,359,4,2578,0.0
0,359,5,144,0.0
0,359,6,1348,0.0
0,359,7,884,0.0
0,359,8,2183,0.0
0,359,9,701,0.0
0,359,10,463,0.0
0,360,1,2294,0.05
0,360,2,1928,0.0
0,360,3,3080,0.0
0,360,4,554,0.0
0,360,5,349,0.0
0,360,6,249,0.0
0,360,7,1896,0.0
0,360,8,1298,0.0
0,360,9,1974,0.0
0,360,10,2255,0.0
0,361,1,2294,0.05
0,361,2,1928,0.0
0,361,3,1154,0.0
0,361,4,1340,0.0
0,361,5,2537,0.0
0,361,6,824,0.0
0,361,7,2526,0.0
0,361,8,865,0.0
0,361,9,1913,0.0
0,361,10,249,0.0
0,362,1,2294,0.05
0,362,2,2144,0.05
0,362,3,400,0.05
0,362,4,1928,0.0
0,362,5,795,0.0
0,362,6,649,0.0
0,362,7,1847,0.0
0,362,8,3058,0.0
0,362,9,386,0.0
0,362,10,1626,0.0
0,363,1,2294,0.05
0,363,2,1928,0.0
0,363,3,1185,0.0
0,363,4,535,0.0
0,363,5,1782,0.0
0,363,6,1614,0.0
0,363,7,2304,0.0
0,363,8,2636,0.0
0,363,9,3033,0.0
0,363,10,2672,0.0
0,364,1,2759,0.1
0,364,2,418,0.05
0,364,3,1671,0.0
0,364,4,2631,0.0
0,364,5,2541,0.0
0,364,6,165,0.0
0,364,7,1802,0.0
0,364,8,541,0.0
0,364,9,18,0.0
0,364,10,1826,0.0
0,365,1,1653,0.1
0,365,2,418,0.05
0,365,3,1478,0.05
0,365,4,1906,0.0
0,365,5,1671,0.0
0,365,6,1894,0.0
0,365,7,613,0.0
0,365,8,1591,0.0
0,365,9,2965,0.0
0,365,10,322,0.0
0,366,1,1653,0.1
0,366,2,418,0.05
0,366,3,253,0.0
0,366,4,2705,0.0
0,366,5,2000,0.0
0,366,6,959,0.0
0,366,7,423,0.0
0,366,8,1831,0.0
0,366,9,2102,0.0
0,366,10,850,0.0
0,367,1,2078,0.2
0,367,2,1203,0.15
0,367,3,1478,0.05
0,367,4,715,0.0
0,367,5,1266,0.0
0,367,6,2093,0.0
0,367,7,1115,0.0
0,367,8,566,0.0
0,367,9,2756,0.0
0,367,10,9,0.0
0,368,1,1203,0.15
0,368,2,1494,0.1
0,368,3,1653,0.1
0,368,4,55,0.05
0,368,5,1060,0.0
0,368,6,2913,0.0
0,368,7,246,0.0
0,368,8,2870,0.0
0,368,9,2293,0.0
0,368,10,2532,0.0
0,369,1,1398,0.65
0,369,2,2888,0.45
0,369,3,1108,0.35
0,369,4,2225,0.0
0,369,5,2680,0.0
0,369,6,2173,0.0
0,369,7,115,0.0
0,369,8,269,0.0
0,369,9,2654,0.0
0,369,10,3066,0.0
0,370,1,1398,0.65
0,370,2,1108,0.35
0,370,3,2321,0.35
0,370,4,3082,0.0
0,370,5,2372,0.0
0,370,6,1867,0.0
0,370,7,1924,0.0
0,370,8,3081,0.0
0,370,9,2032,0.0
0,370,10,2795,0.0
0,371,1,272,0.6
0,371,2,1826,0.55
0,371,3,1108,0.35
0,371,4,2447,0.0
0,371,5,2392,0.0
0,371,6,2317,0.0
0,371,7,2506,0.0
0,371,8,1613,0.0
0,371,9,1862,0.0
0,371,10,1513,0.0
0,372,1,2464,0.65
0,372,2,1826,0.55
0,372,3,2321,0.35
0,372,4,2723,0.0
0,372,5,2436,0.0
0,372,6,1593,0.0
0,372,7,1057,0.0
0,372,8,1454,0.0
0,372,9,1522,0.0
0,372,10,919,0.0
0,373,1,1347,0.6
0,373,2,2441,0.5
0,373,3,2321,0.35
0,373,4,675,0.05
0,373,5,324,0.0
0,373,6,2697,0.0
0,373,7,1744,0.0
0,373,8,1976,0.0
0,373,9,1421,0.0
0,373,10,309,0.0
0,374,1,477,0.6
0,374,2,1678,0.6
0,374,3,2321,0.35
0,374,4,1444,0.0
0,374,5,3055,0.0
0,374,6,1753,0.0
0,374,7,1988,0.0
0,374,8,1368,0.0
0,374,9,2261,0.0
0,374,10,1702,0.0
0,375,1,1678,0.6
0,375,2,1347,0.6
0,375,3,477,0.6
0,375,4,341,0.0
0,375,5,864,0.0
0,375,6,660,0.0
0,375,7,1867,0.0
0,375,8,1351,0.0
0,375,9,1676,0.0
0,375,10,235,0.0
0,378,1,1606,0.7
0,378,2,2739,0.65
0,378,3,2321,0.35
0,378,4,2391,0.0
0,378,5,2966,0.0
0,378,6,986,0.0
0,378,7,916,0.0
0,378,8,1627,0.0
0,378,9,1379,0.0
0,378,10,359,0.0
0,379,1,1606,0.7
0,379,2,272,0.6
0,379,3,918,0.35
0,379,4,838,0.0
0,379,5,1721,0.0
0,379,6,1628,0.0
0,379,7,1701,0.0
0,379,8,813,0.0
0,379,9,322,0.0
0,379,10,1930,0.0
0,380,1,2739,0.65
0,380,2,1678,0.6
0,380,3,2321,0.35
0,380,4,927,0.0
0,380,5,520,0.0
0,380,6,2514,0.0
0,380,7,1465,0.0
0,380,8,953,0.0
0,380,9,351,0.0
0,380,10,1724,0.0
0,381,1,1678,0.6
0,381,2,1826,0.55
0,381,3,918,0.35
0,381,4,175,0.0
0,381,5,517,0.0
0,381,6,115,0.0
0,381,7,2057,0.0
0,381,8,2454,0.0
0,381,9,1926,0.0
0,381,10,453,0.0
0,383,1,1606,0.7
0,383,2,272,0.6
0,383,3,1678,0.6
0,383,4,962,0.0
0,383,5,2141,0.0
0,383,6,260,0.0
0,383,7,479,0.0
0,383,8,956,0.0
0,383,9,2990,0.0
0,383,10,3029,0.0
0,384,1,477,0.6
0,384,2,1347,0.6
0,384,3,918,0.35
0,384,4,2977,0.0
0,384,5,2089,0.0
0,384,6,41,0.0
0,384,7,1114,0.0
0,384,8,1543,0.0
0,384,9,2323,0.0
0,384,10,494,0.0
0,385,1,477,0.6
0,385,2,1826,0.55
0,385,3,1108,0.35
0,385,4,2887,0.0
0,385,5,2355,0.0
0,385,6,2097,0.0
0,385,7,282,0.0
0,385,8,2962,0.0
0,385,9,1789,0.0
0,385,10,1482,0.0
0,386,1,272,0.6
0,386,2,1678,0.6
0,386,3,2888,0.45
0,386,4,294,0.0
0,386,5,2164,0.0
0,386,6,1893,0.0
0,386,7,32,0.0
0,386,8,1667,0.0
0,386,9,2404,0.0
0,386,10,2338,0.0
0,387,1,2464,0.65
0,387,2,2321,0.35
0,387,3,2687,0.2
0,387,4,2846,0.0
0,387,5,2425,0.0
0,387,6,394,0.0
0,387,7,1975,0.0
0,387,8,536,0.0
0,387,9,1136,0.0
0,387,10,359,0.0
0,388,1,2739,0.65
0,388,2,2441,0.5
0,388,3,1108,0.35
0,388,4,2407,0.0
0,388,5,18,0.0
0,388,6,1391,0.0
0,388,7,2306,0.0
0,388,8,1195,0.0
0,388,9,2526,0.0
0,388,10,2451,0.0
0,391,1,1398,0.65
0,391,2,1347,0.6
0,391,3,2321,0.35
0,391,4,117,0.0
0,391,5,727,0.0
0,391,6,1236,0.0
0,391,7,1240,0.0
0,391,8,1752,0.0
0,391,9,2850,0.0
0,391,10,2728,0.0
0,392,1,2558,0.15
0,392,2,2108,0.1
0,392,3,2104,0.1
0,392,4,40,0.05
0,392,5,2007,0.0
0,392,6,85,0.0
0,392,7,1299,0.0
0,392,8,1606,0.0
0,392,9,2740,0.0
0,392,10,330,0.0
0,395,1,716,0.15
0,395,2,2156,0.15
0,395,3,2104,0.1
0,395,4,407,0.05
0,395,5,1864,0.0
0,395,6,1891,0.0
0,395,7,200,0.0
0,395,8,1320,0.0
0,395,9,203,0.0
0,395,10,106,0.0
0,396,1,2082,0.15
0,396,2,641,0.15
0,396,3,2884,0.0
0,396,4,133,0.0
0,396,5,2968,0.0
0,396,6,1843,0.0
0,396,7,396,0.0
0,396,8,8,0.0
0,396,9,1475,0.0
0,396,10,1178,0.0
0,397,1,1379,0.2
0,397,2,1570,0.15
0,397,3,1301,0.1
0,397,4,2922,0.05
0,397,5,544,0.05
0,397,6,1565,0.0
0,397,7,1049,0.0
0,397,8,119,0.0
0,397,9,977,0.0
0,397,10,1649,0.0
0,398,1,527,0.2
0,398,2,2112,0.15
0,398,3,2643,0.1
0,398,4,824,0.0
0,398,5,1972,0.0
0,398,6,2126,0.0
0,398,7,1433,0.0
0,398,8,2005,0.0
0,398,9,300,0.0
0,398,10,2405,0.0
0,399,1,2136,0.25
0,399,2,2830,0.1
0,399,3,1307,0.1
0,399,4,2840,0.0
0,399,5,931,0.0
0,399,6,1387,0.0
0,399,7,2122,0.0
0,399,8,471,0.0
0,399,9,825,0.0
0,399,10,18,0.0
0,400,1,2080,0.25
0,400,2,2112,0.15
0,400,3,1307,0.1
0,400,4,1318,0.0
0,400,5,1214,0.0
0,400,6,1147,0.0
0,400,7,1109,0.0
0,400,8,2410,0.0
0,400,9,2412,0.0
0,400,10,697,0.0
0,401,1,2108,0.1
0,401,2,1872,0.05
0,401,3,2490,0.05
0,401,4,804,0.0
0,401,5,1494,0.0
0,401,6,2706,0.0
0,401,7,1907,0.0
0,401,8,328,0.0
0,401,9,147,0.0
0,401,10,597,0.0
0,403,1,206,0.2
0,403,2,2080,0.15
0,403,3,89,0.15
0,403,4,2830,0.1
0,403,5,2313,0.05
0,403,6,1066,0.0
0,403,7,453,0.0
0,403,8,2844,0.0
0,403,9,1605,0.0
0,403,10,101,0.0
0,404,1,206,0.2
0,404,2,2758,0.1
0,404,3,1307,0.1
0,404,4,1738,0.05
0,404,5,1571,0.0
0,404,6,452,0.0
0,404,7,704,0.0
0,404,8,1498,0.0
0,404,9,481,0.0
0,404,10,144,0.0
0,405,1,275,0.15
0,405,2,1301,0.1
0,405,3,1738,0.05
0,405,4,224,0.0
0,405,5,263,0.0
0,405,6,1524,0.0
0,405,7,441,0.0
0,405,8,69,0.0
0,405,9,518,0.0
0,405,10,517,0.0
0,406,1,2235,0.2
0,406,2,196,0.15
0,406,3,1301,0.1
0,406,4,908,0.0
0,406,5,1096,0.0
0,406,6,2000,0.0
0,406,7,2923,0.0
0,406,8,296,0.0
0,406,9,3033,0.0
0,406,10,2826,0.0
0,407,1,527,0.2
0,407,2,261,0.2
0,407,3,2504,0.15
0,407,4,1417,0.05
0,407,5,80,0.0
0,407,6,2519,0.0
0,407,7,2498,0.0
0,407,8,1824,0.0
0,407,9,1215,0.0
0,407,10,216,0.0
0,408,1,475,0.25
0,408,2,103,0.2
0,408,3,1999,0.1
0,408,4,829,0.0
0,408,5,2798,0.0
0,408,6,1030,0.0
0,408,7,2638,0.0
0,408,8,1982,0.0
0,408,9,1539,0.0
0,408,10,2214,0.0
0,409,1,82,0.2
0,409,2,2643,0.1
0,409,3,493,0.1
0,409,4,1078,0.05
0,409,5,2184,0.05
0,409,6,486,0.0
0,409,7,1852,0.0
0,409,8,1002,0.0
0,409,9,111,0.0
0,409,10,501,0.0
0,410,1,1333,0.2
0,410,2,1408,0.2
0,410,3,2752,0.05
0,410,4,713,0.0
0,410,5,2658,0.0
0,410,6,3023,0.0
0,410,7,738,0.0
0,410,8,2263,0.0
0,410,9,572,0.0
0,410,10,1842,0.0
0,411,1,2423,0.15
0,411,2,1878,0.15
0,411,3,2787,0.05
0,411,4,1792,0.05
0,411,5,1721,0.05
0,411,6,1028,0.0
0,411,7,2685,0.0
0,411,8,2712,0.0
0,411,9,285,0.0
0,411,10,462,0.0
0,412,1,1878,0.15
0,412,2,493,0.1
0,412,3,2901,0.05
0,412,4,2571,0.0
0,412,5,1072,0.0
0,412,6,2713,0.0
0,412,7,1203,0.0
0,412,8,1742,0.0
0,412,9,1009,0.0
0,412,10,1293,0.0
0,413,1,493,0.1
0,413,2,2785,0.1
0,413,3,857,0.0
0,413,4,913,0.0
0,413,5,876,0.0
0,413,6,959,0.0
0,413,7,1977,0.0
0,413,8,2993,0.0
0,413,9,2152,0.0
0,413,10,2595,0.0
0,414,1,2423,0.15
0,414,2,3017,0.1
0,414,3,1287,0.0
0,414,4,2690,0.0
0,414,5,419,0.0
0,414,6,2827,0.0
0,414,7,610,0.0
0,414,8,1926,0.0
0,414,9,1592,0.0
0,414,10,982,0.0
0,415,1,112,0.2
0,415,2,201,0.15
0,415,3,1884,0.1
0,415,4,468,0.0
0,415,5,364,0.0
0,415,6,643,0.0
0,415,7,2228,0.0
0,415,8,599,0.0
0,415,9,1402,0.0
0,415,10,345,0.0
0,416,1,538,0.15
0,416,2,3073,0.0
0,416,3,1909,0.0
0,416,4,1624,0.0
0,416,5,1887,0.0
0,416,6,874,0.0
0,416,7,247,0.0
0,416,8,71,0.0
0,416,9,2410,0.0
0,416,10,1051,0.0
0,417,1,264,0.25
0,417,2,826,0.2
0,417,3,1899,0.0
0,417,4,2667,0.0
0,417,5,2468,0.0
0,417,6,1556,0.0
0,417,7,1974,0.0
0,417,8,1193,0.0
0,417,9,371,0.0
0,417,10,2625,0.0
0,418,1,535,0.25
0,418,2,2047,0.05
0,418,3,2609,0.05
0,418,4,875,0.0
0,418,5,1352,0.0
0,418,6,1508,0.0
0,418,7,1454,0.0
0,418,8,842,0.0
0,418,9,2297,0.0
0,418,10,3030,0.0
0,419,1,2028,0.15
0,419,2,3010,0.1
0,419,3,1196,0.1
0,419,4,2789,0.05
0,419,5,3052,0.0
0,419,6,2454,0.0
0,419,7,193,0.0
0,419,8,23,0.0
0,419,9,2659,0.0
0,419,10,1233,0.0
0,420,1,201,0.15
0,420,2,1884,0.1
0,420,3,2790,0.1
0,420,4,755,0.1
0,420,5,2017,0.0
0,420,6,2050,0.0
0,420,7,2727,0.0
0,420,8,784,0.0
0,420,9,1119,0.0
0,420,10,2258,0.0
0,421,1,566,0.2
0,421,2,2826,0.05
0,421,3,670,0.05
0,421,4,360,0.0
0,421,5,773,0.0
0,421,6,2903,0.0
0,421,7,207,0.0
0,421,8,1004,0.0
0,421,9,2741,0.0
0,421,10,1817,0.0
0,422,1,2028,0.15
0,422,2,3019,0.15
0,422,3,755,0.1
0,422,4,2323,0.05
0,422,5,677,0.0
0,422,6,935,0.0
0,422,7,445,0.0
0,422,8,1999,0.0
0,422,9,311,0.0
0,422,10,2978,0.0
0,423,1,1263,0.25
0,423,2,704,0.1
0,423,3,1196,0.1
0,423,4,479,0.0
0,423,5,2289,0.0
0,423,6,1806,0.0
0,423,7,1556,0.0
0,423,8,528,0.0
0,423,9,1538,0.0
0,423,10,2748,0.0
0,424,1,826,0.25
0,424,2,576,0.1
0,424,3,1952,0.05
0,424,4,426,0.05
0,424,5,1174,0.0
0,424,6,258,0.0
0,424,7,1095,0.0
0,424,8,241,0.0
0,424,9,2158,0.0
0,424,10,2581,0.0
0,425,1,566,0.25
0,425,2,2359,0.15
0,425,3,2700,0.1
0,425,4,98,0.0
0,425,5,1894,0.0
0,425,6,905,0.0
0,425,7,1869,0.0
0,425,8,1640,0.0
0,425,9,2313,0.0
0,425,10,703,0.0
0,426,1,566,0.25
0,426,2,1738,0.05
0,426,3,1899,0.05
0,426,4,95,0.0
0,426,5,2139,0.0
0,426,6,793,0.0
0,426,7,1015,0.0
0,426,8,1584,0.0
0,426,9,2081,0.0
0,426,10,2975,0.0
0,427,1,518,0.35
0,427,2,1899,0.05
0,427,3,3073,0.05
0,427,4,1878,0.0
0,427,5,3067,0.0
0,427,6,1691,0.0
0,427,7,1169,0.0
0,427,8,2254,0.0
0,427,9,687,0.0
0,427,10,2599,0.0
0,428,1,538,0.15
0,428,2,2609,0.05
0,428,3,742,0.05
0,428,4,39,0.0
0,428,5,1321,0.0
0,428,6,1906,0.0
0,428,7,2488,0.0
0,428,8,824,0.0
0,428,9,9,0.0
0,428,10,756,0.0
0,429,1,538,0.15
0,429,2,2609,0.05
0,429,3,742,0.05
0,429,4,2851,0.05
0,429,5,1507,0.05
0,429,6,73,0.0
0,429,7,2163,0.0
0,429,8,2435,0.0
0,429,9,1009,0.0
0,429,10,1389,0.0
0,430,1,538,0.15
0,430,2,2609,0.05
0,430,3,742,0.05
0,430,4,2031,0.0
0,430,5,1164,0.0
0,430,6,1788,0.0
0,430,7,1937,0.0
0,430,8,409,0.0
0,430,9,1850,0.0
0,430,10,1546,0.0
0,435,1,585,0.2
0,435,2,518,0.2
0,435,3,1029,0.05
0,435,4,1345,0.0
0,435,5,2424,0.0
0,435,6,2924,0.0
0,435,7,234,0.0
0,435,8,593,0.0
0,435,9,1980,0.0
0,435,10,1135,0.0
0,436,1,1029,0.05
0,436,2,742,0.05
0,436,3,1823,0.0
0,436,4,2532,0.0
0,436,5,1721,0.0
0,436,6,1093,0.0
0,436,7,2471,0.0
0,436,8,688,0.0
0,436,9,2728,0.0
0,436,10,1817,0.0
0,437,1,621,0.2
0,437,2,1029,0.05
0,437,3,1415,0.05
0,437,4,742,0.05
0,437,5,3011,0.0
0,437,6,1343,0.0
0,437,7,514,0.0
0,437,8,1479,0.0
0,437,9,2809,0.0
0,437,10,1711,0.0
0,438,1,585,0.2
0,438,2,1029,0.05
0,438,3,742,0.05
0,438,4,1920,0.0
0,438,5,1923,0.0
0,438,6,2575,0.0
0,438,7,399,0.0
0,438,8,2583,0.0
0,438,9,1294,0.0
0,438,10,2271,0.0
0,439,1,2205,0.2
0,439,2,1467,0.2
0,439,3,884,0.1
0,439,4,1839,0.05
0,439,5,2621,0.05
0,439,6,646,0.0
0,439,7,301,0.0
0,439,8,1420,0.0
0,439,9,2335,0.0
0,439,10,46,0.0
0,441,1,2761,0.15
0,441,2,2725,0.1
0,441,3,884,0.1
0,441,4,120,0.0
0,441,5,2471,0.0
0,441,6,2520,0.0
0,441,7,2752,0.0
0,441,8,1462,0.0
0,441,9,1207,0.0
0,441,10,1106,0.0
0,443,1,2761,0.15
0,443,2,1590,0.1
0,443,3,58,0.1
0,443,4,1708,0.05
0,443,5,2384,0.0
0,443,6,848,0.0
0,443,7,1519,0.0
0,443,8,1253,0.0
0,443,9,2603,0.0
0,443,10,2353,0.0
0,444,1,581,0.1
0,444,2,2173,0.05
0,444,3,1543,0.05
0,444,4,1802,0.0
0,444,5,1134,0.0
0,444,6,3076,0.0
0,444,7,1950,0.0
0,444,8,589,0.0
0,444,9,3027,0.0
0,444,10,991,0.0
0,445,1,581,0.1
0,445,2,2173,0.05
0,445,3,2018,0.05
0,445,4,794,0.0
0,445,5,173,0.0
0,445,6,808,0.0
0,445,7,1234,0.0
0,445,8,727,0.0
0,445,9,1900,0.0
0,445,10,1963,0.0
0,446,1,466,0.1
0,446,2,2173,0.05
0,446,3,1199,0.0
0,446,4,624,0.0
0,446,5,2929,0.0
0,446,6,2567,0.0
0,446,7,432,0.0
0,446,8,1433,0.0
0,446,9,1787,0.0
0,446,10,2186,0.0
0,448,1,394,0.2
0,448,2,173,0.15
0,448,3,410,0.1
0,448,4,2144,0.05
0,448,5,1738,0.05
0,448,6,1998,0.0
0,448,7,1625,0.0
0,448,8,1593,0.0
0,448,9,1752,0.0
0,448,10,938,0.0
0,449,1,672,0.25
0,449,2,665,0.25
0,449,3,1314,0.0
0,449,4,2947,0.0
0,449,5,1225,0.0
0,449,6,2883,0.0
0,449,7,2465,0.0
0,449,8,1482,0.0
0,449,9,2452,0.0
0,449,10,195,0.0
0,450,1,2704,0.2
0,450,2,173,0.15
0,450,3,1849,0.0
0,450,4,1601,0.0
0,450,5,2141,0.0
0,450,6,223,0.0
0,450,7,2205,0.0
0,450,8,1623,0.0
0,450,9,2583,0.0
0,450,10,1262,0.0
0,451,1,672,0.25
0,451,2,949,0.05
0,451,3,1872,0.05
0,451,4,2494,0.0
0,451,5,1079,0.0
0,451,6,511,0.0
0,451,7,142,0.0
0,451,8,2720,0.0
0,451,9,2303,0.0
0,451,10,221,0.0
0,453,1,1718,0.2
0,453,2,1200,0.2
0,453,3,1048,0.15
0,453,4,2998,0.05
0,453,5,2738,0.05
0,453,6,2194,0.0
0,453,7,3024,0.0
0,453,8,2198,0.0
0,453,9,366,0.0
0,453,10,2829,0.0
0,454,1,507,0.3
0,454,2,2391,0.25
0,454,3,2814,0.2
0,454,4,2621,0.05
0,454,5,1343,0.0
0,454,6,1841,0.0
0,454,7,295,0.0
0,454,8,2384,0.0
0,454,9,2494,0.0
0,454,10,2269,0.0
0,455,1,949,0.05
0,455,2,893,0.0
0,455,3,2164,0.0
0,455,4,2359,0.0
0,455,5,2473,0.0
0,455,6,1939,0.0
0,455,7,168,0.0
0,455,8,589,0.0
0,455,9,2975,0.0
0,455,10,842,0.0
0,456,1,2704,0.2
0,456,2,1048,0.15
0,456,3,1588,0.0
0,456,4,2777,0.0
0,456,5,1593,0.0
0,456,6,10,0.0
0,456,7,274,0.0
0,456,8,2256,0.0
0,456,9,2661,0.0
0,456,10,1618,0.0
0,458,1,665,0.25
0,458,2,173,0.15
0,458,3,1009,0.1
0,458,4,512,0.0
0,458,5,1851,0.0
0,458,6,1929,0.0
0,458,7,3,0.0
0,458,8,2486,0.0
0,458,9,2761,0.0
0,458,10,646,0.0
0,459,1,863,0.2
0,459,2,1723,0.2
0,459,3,444,0.1
0,459,4,897,0.0
0,459,5,1174,0.0
0,459,6,472,0.0
0,459,7,1282,0.0
0,459,8,1000,0.0
0,459,9,3076,0.0
0,459,10,3014,0.0
0,460,1,1153,0.25
0,460,2,2493,0.05
0,460,3,1079,0.0
0,460,4,189,0.0
0,460,5,2716,0.0
0,460,6,47,0.0
0,460,7,1180,0.0
0,460,8,1159,0.0
0,460,9,439,0.0
0,460,10,2494,0.0
0,461,1,1157,0.1
0,461,2,1260,0.05
0,461,3,2487,0.0
0,461,4,873,0.0
0,461,5,2935,0.0
0,461,6,1951,0.0
0,461,7,2302,0.0
0,461,8,518,0.0
0,461,9,641,0.0
0,461,10,2581,0.0
0,462,1,444,0.1
0,462,2,2556,0.05
0,462,3,2410,0.05
0,462,4,3084,0.05
0,462,5,32,0.0
0,462,6,2490,0.0
0,462,7,875,0.0
0,462,8,1030,0.0
0,462,9,108,0.0
0,462,10,1045,0.0
0,463,1,1723,0.2
0,463,2,1157,0.1
0,463,3,2481,0.0
0,463,4,1806,0.0
0,463,5,1796,0.0
0,463,6,192,0.0
0,463,7,1366,0.0
0,463,8,905,0.0
0,463,9,2758,0.0
0,463,10,2162,0.0
0,465,1,1476,0.15
0,465,2,2882,0.05
0,465,3,765,0.0
0,465,4,954,0.0
0,465,5,2046,0.0
0,465,6,936,0.0
0,465,7,1425,0.0
0,465,8,401,0.0
0,465,9,80,0.0
0,465,10,2612,0.0
0,467,1,905,0.1
0,467,2,2846,0.0
0,467,3,945,0.0
0,467,4,249,0.0
0,467,5,645,0.0
0,467,6,1727,0.0
0,467,7,2240,0.0
0,467,8,1043,0.0
0,467,9,3082,0.0
0,467,10,1083,0.0
0,468,1,575,0.15
0,468,2,2931,0.15
0,468,3,2453,0.0
0,468,4,530,0.0
0,468,5,2866,0.0
0,468,6,1752,0.0
0,468,7,1513,0.0
0,468,8,1379,0.0
0,468,9,187,0.0
0,468,10,2210,0.0
0,469,1,554,0.25
0,469,2,536,0.2
0,469,3,999,0.0
0,469,4,1188,0.0
0,469,5,117,0.0
0,469,6,1804,0.0
0,469,7,3009,0.0
0,469,8,796,0.0
0,469,9,2127,0.0
0,469,10,1099,0.0
0,470,1,2862,0.15
0,470,2,2355,0.15
0,470,3,1758,0.05
0,470,4,2412,0.0
0,470,5,784,0.0
0,470,6,1073,0.0
0,470,7,279,0.0
0,470,8,2717,0.0
0,470,9,2131,0.0
0,470,10,1889,0.0
0,471,1,2256,0.3
0,471,2,1063,0.3
0,471,3,2048,0.1
0,471,4,2894,0.05
0,471,5,2026,0.0
0,471,6,2806,0.0
0,471,7,1579,0.0
0,471,8,2676,0.0
0,471,9,1850,0.0
0,471,10,2208,0.0
0,472,1,2432,0.3
0,472,2,2048,0.1
0,472,3,2621,0.05
0,472,4,950,0.05
0,472,5,589,0.0
0,472,6,1869,0.0
0,472,7,3039,0.0
0,472,8,931,0.0
0,472,9,295,0.0
0,472,10,682,0.0
0,474,1,1829,0.35
0,474,2,2048,0.1
0,474,3,950,0.05
0,474,4,1428,0.0
0,474,5,1899,0.0
0,474,6,438,0.0
0,474,7,605,0.0
0,474,8,1578,0.0
0,474,9,2705,0.0
0,474,10,2996,0.0
0,475,1,1063,0.3
0,475,2,2048,0.1
0,475,3,472,0.0
0,475,4,1680,0.0
0,475,5,2542,0.0
0,475,6,168,0.0
0,475,7,69,0.0
0,475,8,1123,0.0
0,475,9,986,0.0
0,475,10,2320,0.0
0,476,1,1447,0.25
0,476,2,707,0.25
0,476,3,409,0.0
0,476,4,1463,0.0
0,476,5,2231,0.0
0,476,6,487,0.0
0,476,7,1093,0.0
0,476,8,2877,0.0
0,476,9,452,0.0
0,476,10,491,0.0
0,477,1,1698,0.3
0,477,2,2432,0.3
0,477,3,443,0.0
0,477,4,1983,0.0
0,477,5,1229,0.0
0,477,6,1972,0.0
0,477,7,1929,0.0
0,477,8,3024,0.0
0,477,9,101,0.0
0,477,10,2320,0.0
0,478,1,1698,0.3
0,478,2,1237,0.05
0,478,3,1981,0.05
0,478,4,2571,0.0
0,478,5,2225,0.0
0,478,6,958,0.0
0,478,7,860,0.0
0,478,8,1187,0.0
0,478,9,2995,0.0
0,478,10,1902,0.0
0,479,1,1613,0.1
0,479,2,424,0.05
0,479,3,2972,0.0
0,479,4,882,0.0
0,479,5,1113,0.0
0,479,6,1181,0.0
0,479,7,1804,0.0
0,479,8,2729,0.0
0,479,9,851,0.0
0,479,10,513,0.0
0,480,1,1447,0.25
0,480,2,229,0.1
0,480,3,400,0.05
0,480,4,55,0.05
0,480,5,167,0.0
0,480,6,1044,0.0
0,480,7,983,0.0
0,480,8,2265,0.0
0,480,9,1650,0.0
0,480,10,733,0.0
0,481,1,2100,0.15
0,481,2,479,0.1
0,481,3,2760,0.0
0,481,4,2578,0.0
0,481,5,451,0.0
0,481,6,2945,0.0
0,481,7,2369,0.0
0,481,8,1475,0.0
0,481,9,1024,0.0
0,481,10,525,0.0
0,483,1,306,0.1
0,483,2,1252,0.05
0,483,3,1547,0.05
0,483,4,2941,0.0
0,483,5,193,0.0
0,483,6,2945,0.0
0,483,7,1899,0.0
0,483,8,1314,0.0
0,483,9,1311,0.0
0,483,10,194,0.0
0,484,1,306,0.1
0,484,2,1547,0.05
0,484,3,2630,0.0
0,484,4,2271,0.0
0,484,5,703,0.0
0,484,6,2728,0.0
0,484,7,1403,0.0
0,484,8,2375,0.0
0,484,9,3081,0.0
0,484,10,1862,0.0
0,485,1,1163,0.15
0,485,2,1547,0.05
0,485,3,2353,0.0
0,485,4,2577,0.0
0,485,5,1834,0.0
0,485,6,2270,0.0
0,485,7,653,0.0
0,485,8,639,0.0
0,485,9,1923,0.0
0,485,10,1377,0.0
0,486,1,512,0.05
0,486,2,2606,0.0
0,486,3,2264,0.0
0,486,4,1503,0.0
0,486,5,496,0.0
0,486,6,1999,0.0
0,486,7,2565,0.0
0,486,8,2208,0.0
0,486,9,1661,0.0
0,486,10,3049,0.0
0,487,1,1252,0.1
0,487,2,512,0.05
0,487,3,2606,0.0
0,487,4,1458,0.0
0,487,5,2254,0.0
0,487,6,1510,0.0
0,487,7,472,0.0
0,487,8,1050,0.0
0,487,9,2205,0.0
0,487,10,2623,0.0
0,492,1,1831,0.15
0,492,2,495,0.05
0,492,3,1145,0.05
0,492,4,1094,0.0
0,492,5,1553,0.0
0,492,6,1357,0.0
0,492,7,1479,0.0
0,492,8,1191,0.0
0,492,9,1127,0.0
0,492,10,811,0.0
0,493,1,1682,0.15
0,493,2,495,0.05
0,493,3,1501,0.05
0,493,4,2045,0.05
0,493,5,2344,0.0
0,493,6,3069,0.0
0,493,7,2765,0.0
0,493,8,1676,0.0
0,493,9,2292,0.0
0,493,10,51,0.0
0,494,1,1836,0.15
0,494,2,495,0.05
0,494,3,1577,0.05
0,494,4,2212,0.0
0,494,5,1474,0.0
0,494,6,2161,0.0
0,494,7,948,0.0
0,494,8,2071,0.0
0,494,9,1796,0.0
0,494,10,1860,0.0
0,495,1,2866,0.0
0,495,2,2514,0.0
0,495,3,529,0.0
0,495,4,894,0.0
0,495,5,705,0.0
0,495,6,1756,0.0
0,495,7,2202,0.0
0,495,8,2772,0.0
0,495,9,664,0.0
0,495,10,2155,0.0
1,1,1,2922,0.05
1,1,2,948,0.0
1,1,3,2970,0.0
1,1,4,849,0.0
1,1,5,1234,0.0
1,1,6,2609,0.0
1,1,7,1777,0.0
1,1,8,1811,0.0
1,1,9,2006,0.0
1,1,10,2319,0.0
1,2,1,2159,0.1
1,2,2,2234,0.0
1,2,3,991,0.0
1,2,4,3078,0.0
1,2,5,1494,0.0
1,2,6,1682,0.0
1,2,7,3049,0.0
1,2,8,2541,0.0
1,2,9,2910,0.0
1,2,10,2877,0.0
1,3,1,235,0.05
1,3,2,1407,0.0
1,3,3,938,0.0
1,3,4,2316,0.0
1,3,5,1051,0.0
1,3,6,2077,0.0
1,3,7,826,0.0
1,3,8,1539,0.0
1,3,9,1278,0.0
1,3,10,1736,0.0
1,4,1,1302,0.15
1,4,2,2073,0.1
1,4,3,464,0.05
1,4,4,2688,0.0
1,4,5,2597,0.0
1,4,6,1970,0.0
1,4,7,13,0.0
1,4,8,535,0.0
1,4,9,1155,0.0
1,4,10,633,0.0
1,7,1,2095,0.0
1,7,2,2691,0.0
1,7,3,1525,0.0
1,7,4,376,0.0
1,7,5,2134,0.0
1,7,6,2891,0.0
1,7,7,871,0.0
1,7,8,2716,0.0
1,7,9,2760,0.0
1,7,10,2544,0.0
1,9,1,3018,0.2
1,9,2,1984,0.0
1,9,3,2915,0.0
1,9,4,1129,0.0
1,9,5,2260,0.0
1,9,6,672,0.0
1,9,7,2437,0.0
1,9,8,1106,0.0
1,9,9,1110,0.0
1,9,10,2981,0.0
1,10,1,2933,0.1
1,10,2,1780,0.0
1,10,3,2292,0.0
1,10,4,1699,0.0
1,10,5,1325,0.0
1,10,6,2091,0.0
1,10,7,2698,0.0
1,10,8,1869,0.0
1,10,9,1398,0.0
1,10,10,1648,0.0
1,11,1,2306,0.1
1,11,2,2951,0.0
1,11,3,308,0.0
1,11,4,2427,0.0
1,11,5,31,0.0
1,11,6,1532,0.0
1,11,7,491,0.0
1,11,8,117,0.0
1,11,9,1310,0.0
1,11,10,1466,0.0
1,12,1,2448,0.0
1,12,2,2876,0.0
1,12,3,2434,0.0
1,12,4,1103,0.0
1,12,5,1473,0.0
1,12,6,280,0.0
1,12,7,158,0.0
1,12,8,2188,0.0
1,12,9,517,0.0
1,12,10,2684,0.0
1,13,1,2299,0.0
1,13,2,142,0.0
1,13,3,2813,0.0
1,13,4,873,0.0
1,13,5,676,0.0
1,13,6,2647,0.0
1,13,7,254,0.0
1,13,8,1337,0.0
1,13,9,1207,0.0
1,13,10,672,0.0
1,14,1,174,0.0
1,14,2,1091,0.0
1,14,3,1855,0.0
1,14,4,1289,0.0
1,14,5,923,0.0
1,14,6,1664,0.0
1,14,7,637,0.0
1,14,8,1290,0.0
1,14,9,454,0.0
1,14,10,1220,0.0
1,15,1,2583,0.1
1,15,2,2882,0.05
1,15,3,1518,0.0
1,15,4,321,0.0
1,15,5,2136,0.0
1,15,6,2221,0.0
1,15,7,866,0.0
1,15,8,2253,0.0
1,15,9,2238,0.0
1,15,10,1230,0.0
1,16,1,205,0.15
1,16,2,993,0.05
1,16,3,1395,0.0
1,16,4,234,0.0
1,16,5,452,0.0
1,16,6,2688,0.0
1,16,7,769,0.0
1,16,8,1336,0.0
1,16,9,2529,0.0
1,16,10,393,0.0
1,17,1,530,0.15
1,17,2,166,0.0
1,17,3,857,0.0
1,17,4,1043,0.0
1,17,5,149,0.0
1,17,6,2752,0.0
1,17,7,154,0.0
1,17,8,929,0.0
1,17,9,31,0.0
1,17,10,1246,0.0
1,18,1,1202,0.15
1,18,2,1550,0.05
1,18,3,60,0.05
1,18,4,2629,0.0
1,18,5,1637,0.0
1,18,6,233,0.0
1,18,7,173,0.0
1,18,8,1058,0.0
1,18,9,617,0.0
1,18,10,803,0.0
1,20,1,2285,0.1
1,20,2,381,0.0
1,20,3,738,0.0
1,20,4,1859,0.0
1,20,5,3042,0.0
1,20,6,2524,0.0
1,20,7,404,0.0
1,20,8,2862,0.0
1,20,9,627,0.0
1,20,10,2891,0.0
1,21,1,1388,0.05
1,21,2,853,0.0
1,21,3,1003,0.0
1,21,4,754,0.0
1,21,5,882,0.0
1,21,6,2396,0.0
1,21,7,279,0.0
1,21,8,2178,0.0
1,21,9,1943,0.0
1,21,10,1974,0.0
1,22,1,1628,0.1
1,22,2,2369,0.0
1,22,3,776,0.0
1,22,4,709,0.0
1,22,5,862,0.0
1,22,6,2023,0.0
1,22,7,1239,0.0
1,22,8,261,0.0
1,22,9,2423,0.0
1,22,10,2803,0.0
1,23,1,756,0.0
1,23,2,634,0.0
1,23,3,2055,0.0
1,23,4,2292,0.0
1,23,5,1868,0.0
1,23,6,3015,0.0
1,23,7,2429,0.0
1,23,8,1961,0.0
1,23,9,500,0.0
1,23,10,2625,0.0
1,24,1,655,0.05
1,24,2,2559,0.0
1,24,3,1165,0.0
1,24,4,98,0.0
1,24,5,1070,0.0
1,24,6,12,0.0
1,24,7,1252,0.0
1,24,8,1687,0.0
1,24,9,311,0.0
1,24,10,770,0.0
1,25,1,2727,0.05
1,25,2,1496,0.0
1,25,3,956,0.0
1,25,4,2074,0.0
1,25,5,525,0.0
1,25,6,2662,0.0
1,25,7,1816,0.0
1,25,8,2175,0.0
1,25,9,1375,0.0
1,25,10,1891,0.0
1,26,1,177,0.1
1,26,2,2804,0.05
1,26,3,2706,0.0
1,26,4,1743,0.0
1,26,5,2595,0.0
1,26,6,362,0.0
1,26,7,2387,0.0
1,26,8,2312,0.0
1,26,9,1415,0.0
1,26,10,2922,0.0
1,27,1,2352,0.05
1,27,2,93,0.0
1,27,3,2962,0.0
1,27,4,2527,0.0
1,27,5,676,0.0
1,27,6,459,0.0
1,27,7,2407,0.0
1,27,8,2779,0.0
1,27,9,2443,0.0
1,27,10,2252,0.0
1,28,1,524,0.0
1,28,2,113,0.0
1,28,3,2786,0.0
1,28,4,2001,0.0
1,28,5,1263,0.0
1,28,6,1959,0.0
1,28,7,2756,0.0
1,28,8,2925,0.0
1,28,9,2959,0.0
1,28,10,1144,0.0
1,29,1,559,0.0
1,29,2,953,0.0
1,29,3,183,0.0
1,29,4,2460,0.0
1,29,5,2585,0.0
1,29,6,1082,0.0
1,29,7,933,0.0
1,29,8,2890,0.0
1,29,9,44,0.0
1,29,10,1203,0.0
1,30,1,2111,0.1
1,30,2,773,0.05
1,30,3,1518,0.05
1,30,4,1176,0.0
1,30,5,2955,0.0
1,30,6,1552,0.0
1,30,7,1447,0.0
1,30,8,1298,0.0
1,30,9,22,0.0
1,30,10,1593,0.0
1,31,1,271,0.05
1,31,2,459,0.0
1,31,3,2506,0.0
1,31,4,1533,0.0
1,31,5,2278,0.0
1,31,6,2668,0.0
1,31,7,213,0.0
1,31,8,288,0.0
1,31,9,345,0.0
1,31,10,1837,0.0
1,32,1,1600,0.05
1,32,2,1341,0.0
1,32,3,379,0.0
1,32,4,2002,0.0
1,32,5,842,0.0
1,32,6,217,0.0
1,32,7,603,0.0
1,32,8,1160,0.0
1,32,9,2133,0.0
1,32,10,1114,0.0
1,33,1,2654,0.1
1,33,2,1840,0.05
1,33,3,865,0.0
1,33,4,2357,0.0
1,33,5,1262,0.0
1,33,6,969,0.0
1,33,7,307,0.0
1,33,8,1492,0.0
1,33,9,3050,0.0
1,33,10,201,0.0
1,34,1,1374,0.1
1,34,2,129,0.0
1,34,3,2398,0.0
1,34,4,864,0.0
1,34,5,1194,0.0
1,34,6,1722,0.0
1,34,7,1407,0.0
1,34,8,449,0.0
1,34,9,587,0.0
1,34,10,441,0.0
1,35,1,1586,0.1
1,35,2,2074,0.1
1,35,3,2344,0.0
1,35,4,453,0.0
1,35,5,788,0.0
1,35,6,1305,0.0
1,35,7,1935,0.0
1,35,8,2831,0.0
1,35,9,1999,0.0
1,35,10,1164,0.0
1,36,1,453,0.05
1,36,2,2922,0.05
1,36,3,2273,0.0
1,36,4,147,0.0
1,36,5,808,0.0
1,36,6,2522,0.0
1,36,7,1518,0.0
1,36,8,824,0.0
1,36,9,2818,0.0
1,36,10,1632,0.0
1,37,1,2751,0.0
1,37,2,1881,0.0
1,37,3,304,0.0
1,37,4,193,0.0
1,37,5,2325,0.0
1,37,6,251,0.0
1,37,7,1800,0.0
1,37,8,948,0.0
1,37,9,235,0.0
1,37,10,801,0.0
1,38,1,530,0.15
1,38,2,2442,0.1
1,38,3,2789,0.05
1,38,4,480,0.05
1,38,5,736,0.05
1,38,6,1532,0.0
1,38,7,891,0.0
1,38,8,2047,0.0
1,38,9,776,0.0
1,38,10,2171,0.0
1,39,1,1327,0.15
1,39,2,2074,0.15
1,39,3,2442,0.1
1,39,4,1520,0.0
1,39,5,1659,0.0
1,39,6,1393,0.0
1,39,7,2768,0.0
1,39,8,1332,0.0
1,39,9,2205,0.0
1,39,10,54,0.0
1,40,1,1308,0.1
1,40,2,2369,0.05
1,40,3,2914,0.05
1,40,4,3057,0.05
1,40,5,1517,0.0
1,40,6,314,0.0
1,40,7,532,0.0
1,40,8,1734,0.0
1,40,9,1962,0.0
1,40,10,1487,0.0
1,41,1,1621,0.15
1,41,2,2369,0.05
1,41,3,736,0.05
1,41,4,1095,0.0
1,41,5,2969,0.0
1,41,6,1434,0.0
1,41,7,1042,0.0
1,41,8,991,0.0
1,41,9,2473,0.0
1,41,10,2398,0.0
1,42,1,1738,0.4
1,42,2,1417,0.3
1,42,3,1818,0.15
1,42,4,2757,0.0
1,42,5,2663,0.0
1,42,6,491,0.0
1,42,7,194,0.0
1,42,8,1280,0.0
1,42,9,764,0.0
1,42,10,2147,0.0
1,43,1,471,0.35
1,43,2,390,0.35
1,43,3,1165,0.1
1,43,4,1493,0.0
1,43,5,1172,0.0
1,43,6,1700,0.0
1,43,7,1871,0.0
1,43,8,583,0.0
1,43,9,967,0.0
1,43,10,1043,0.0
1,45,1,471,0.35
1,45,2,1818,0.15
1,45,3,248,0.1
1,45,4,55,0.05
1,45,5,2338,0.0
1,45,6,2432,0.0
1,45,7,326,0.0
1,45,8,614,0.0
1,45,9,2552,0.0
1,45,10,1831,0.0
1,46,1,667,0.3
1,46,2,2193,0.1
1,46,3,1165,0.1
1,46,4,1790,0.0
1,46,5,2173,0.0
1,46,6,1296,0.0
1,46,7,1476,0.0
1,46,8,687,0.0
1,46,9,801,0.0
1,46,10,2466,0.0
1,47,1,667,0.3
1,47,2,248,0.1
1,47,3,113,0.1
1,47,4,2095,0.0
1,47,5,2007,0.0
1,47,6,966,0.0
1,47,7,487,0.0
1,47,8,1966,0.0
1,47,9,1908,0.0
1,47,10,2207,0.0
1,48,1,1738,0.4
1,48,2,2273,0.35
1,48,3,1818,0.15
1,48,4,1461,0.0
1,48,5,3058,0.0
1,48,6,2933,0.0
1,48,7,116,0.0
1,48,8,1087,0.0
1,48,9,825,0.0
1,48,10,1562,0.0
1,49,1,2273,0.35
1,49,2,667,0.3
1,49,3,1818,0.15
1,49,4,2927,0.0
1,49,5,2630,0.0
1,49,6,3034,0.0
1,49,7,1953,0.0
1,49,8,2051,0.0
1,49,9,2105,0.0
1,49,10,2433,0.0
1,50,1,390,0.35
1,50,2,1417,0.3
1,50,3,113,0.1
1,50,4,438,0.05
1,50,5,3004,0.0
1,50,6,1063,0.0
1,50,7,1225,0.0
1,50,8,1401,0.0
1,50,9,1924,0.0
1,50,10,2841,0.0
1,51,1,1417,0.3
1,51,2,1818,0.15
1,51,3,113,0.1
1,51,4,1231,0.0
1,51,5,2639,0.0
1,51,6,1719,0.0
1,51,7,1575,0.0
1,51,8,1769,0.0
1,51,9,1343,0.0
1,51,10,2027,0.0
1,52,1,2206,0.1
1,52,2,137,0.05
1,52,3,1525,0.05
1,52,4,2313,0.05
1,52,5,2603,0.0
1,52,6,3011,0.0
1,52,7,154,0.0
1,52,8,713,0.0
1,52,9,2712,0.0
1,52,10,726,0.0
1,53,1,484,0.15
1,53,2,1279,0.15
1,53,3,216,0.15
1,53,4,55,0.05
1,53,5,1521,0.0
1,53,6,2140,0.0
1,53,7,363,0.0
1,53,8,435,0.0
1,53,9,2115,0.0
1,53,10,442,0.0
1,54,1,484,0.15
1,54,2,380,0.05
1,54,3,1034,0.05
1,54,4,2331,0.0
1,54,5,2077,0.0
1,54,6,1165,0.0
1,54,7,2841,0.0
1,54,8,1743,0.0
1,54,9,2814,0.0
1,54,10,1607,0.0
1,55,1,1279,0.1
1,55,2,3059,0.05
1,55,3,1087,0.05
1,55,4,2121,0.05
1,55,5,2787,0.05
1,55,6,68,0.0
1,55,7,2899,0.0
1,55,8,685,0.0
1,55,9,2956,0.0
1,55,10,2617,0.0
1,56,1,2618,0.1
1,56,2,890,0.05
1,56,3,319,0.0
1,56,4,2724,0.0
1,56,5,2329,0.0
1,56,6,2383,0.0
1,56,7,434,0.0
1,56,8,2231,0.0
1,56,9,2763,0.0
1,56,10,1277,0.0
1,57,1,1546,0.1
1,57,2,319,0.0
1,57,3,922,0.0
1,57,4,1541,0.0
1,57,5,1481,0.0
1,57,6,1493,0.0
1,57,7,2954,0.0
1,57,8,1302,0.0
1,57,9,698,0.0
1,57,10,1279,0.0
1,58,1,1365,0.15
1,58,2,1438,0.1
1,58,3,1227,0.0
1,58,4,2638,0.0
1,58,5,1909,0.0
1,58,6,1926,0.0
1,58,7,300,0.0
1,58,8,2208,0.0
1,58,9,148,0.0
1,58,10,2715,0.0
1,59,1,645,0.15
1,59,2,1438,0.1
1,59,3,2341,0.1
1,59,4,2474,0.0
1,59,5,532,0.0
1,59,6,2949,0.0
1,59,7,2634,0.0
1,59,8,2855,0.0
1,59,9,1071,0.0
1,59,10,131,0.0
1,60,1,1012,0.2
1,60,2,1388,0.15
1,60,3,1435,0.05
1,60,4,269,0.0
1,60,5,1924,0.0
1,60,6,1581,0.0
1,60,7,1692,0.0
1,60,8,1007,0.0
1,60,9,2386,0.0
1,60,10,2503,0.0
1,61,1,584,0.15
1,61,2,2583,0.15
1,61,3,1710,0.05
1,61,4,2045,0.05
1,61,5,336,0.0
1,61,6,891,0.0
1,61,7,975,0.0
1,61,8,2257,0.0
1,61,9,1348,0.0
1,61,10,594,0.0
1,62,1,2914,0.2
1,62,2,2409,0.15
1,62,3,2163,0.0
1,62,4,2575,0.0
1,62,5,2775,0.0
1,62,6,1513,0.0
1,62,7,2360,0.0
1,62,8,78,0.0
1,62,9,1853,0.0
1,62,10,2277,0.0
1,63,1,584,0.15
1,63,2,99,0.15
1,63,3,95,0.05
1,63,4,2980,0.0
1,63,5,3036,0.0
1,63,6,2023,0.0
1,63,7,1658,0.0
1,63,8,176,0.0
1,63,9,2132,0.0
1,63,10,36,0.0
1,64,1,2405,0.2
1,64,2,1833,0.05
1,64,3,1335,0.0
1,64,4,2030,0.0
1,64,5,534,0.0
1,64,6,2888,0.0
1,64,7,2829,0.0
1,64,8,2150,0.0
1,64,9,326,0.0
1,64,10,1908,0.0
1,65,1,2481,0.1
1,65,2,1751,0.05
1,65,3,1634,0.0
1,65,4,3065,0.0
1,65,5,2588,0.0
1,65,6,182,0.0
1,65,7,1341,0.0
1,65,8,2217,0.0
1,65,9,1270,0.0
1,65,10,509,0.0
1,66,1,1751,0.05
1,66,2,2792,0.0
1,66,3,1586,0.0
1,66,4,1319,0.0
1,66,5,1299,0.0
1,66,6,148,0.0
1,66,7,1646,0.0
1,66,8,526,0.0
1,66,9,185,0.0
1,66,10,458,0.0
1,67,1,480,0.15
1,67,2,2776,0.0
1,67,3,2799,0.0
1,67,4,1183,0.0
1,67,5,100,0.0
1,67,6,1599,0.0
1,67,7,2743,0.0
1,67,8,2650,0.0
1,67,9,1846,0.0
1,67,10,2667,0.0
1,68,1,2742,0.1
1,68,2,2989,0.05
1,68,3,549,0.0
1,68,4,1359,0.0
1,68,5,272,0.0
1,68,6,1219,0.0
1,68,7,2645,0.0
1,68,8,2704,0.0
1,68,9,2054,0.0
1,68,10,58,0.0
1,69,1,2410,0.15
1,69,2,1045,0.1
1,69,3,1910,0.0
1,69,4,2060,0.0
1,69,5,1734,0.0
1,69,6,1493,0.0
1,69,7,983,0.0
1,69,8,1768,0.0
1,69,9,2968,0.0
1,69,10,1424,0.0
1,71,1,1045,0.1
1,71,2,2677,0.0
1,71,3,2443,0.0
1,71,4,2423,0.0
1,71,5,2738,0.0
1,71,6,2113,0.0
1,71,7,1559,0.0
1,71,8,228,0.0
1,71,9,898,0.0
1,71,10,889,0.0
1,72,1,1461,0.15
1,72,2,2368,0.15
1,72,3,1127,0.1
1,72,4,1710,0.05
1,72,5,1059,0.05
1,72,6,1488,0.0
1,72,7,1048,0.0
1,72,8,2280,0.0
1,72,9,3071,0.0
1,72,10,392,0.0
1,73,1,1428,0.15
1,73,2,1127,0.1
1,73,3,2211,0.05
1,73,4,1019,0.0
1,73,5,1669,0.0
1,73,6,1462,0.0
1,73,7,2189,0.0
1,73,8,2875,0.0
1,73,9,440,0.0
1,73,10,684,0.0
1,74,1,1730,0.15
1,74,2,6,0.05
1,74,3,179,0.0
1,74,4,1541,0.0
1,74,5,2993,0.0
1,74,6,1195,0.0
1,74,7,2610,0.0
1,74,8,63,0.0
1,74,9,2582,0.0
1,74,10,842,0.0
1,75,1,599,0.2
1,75,2,1461,0.15
1,75,3,1507,0.05
1,75,4,6,0.05
1,75,5,2124,0.0
1,75,6,450,0.0
1,75,7,435,0.0
1,75,8,982,0.0
1,75,9,1719,0.0
1,75,10,1720,0.0
1,76,1,2161,0.1
1,76,2,2387,0.1
1,76,3,1427,0.05
1,76,4,1055,0.05
1,76,5,2080,0.0
1,76,6,1939,0.0
1,76,7,2924,0.0
1,76,8,2209,0.0
1,76,9,421,0.0
1,76,10,1598,0.0
1,77,1,1362,0.1
1,77,2,1427,0.05
1,77,3,1078,0.05
1,77,4,889,0.0
1,77,5,2116,0.0
1,77,6,590,0.0
1,77,7,2452,0.0
1,77,8,2343,0.0
1,77,9,2305,0.0
1,77,10,2196,0.0
1,78,1,2098,0.1
1,78,2,1254,0.1
1,78,3,2162,0.1
1,78,4,889,0.0
1,78,5,2016,0.0
1,78,6,1127,0.0
1,78,7,1202,0.0
1,78,8,1607,0.0
1,78,9,2952,0.0
1,78,10,2827,0.0
1,80,1,1513,0.1
1,80,2,1979,0.05
1,80,3,3032,0.05
1,80,4,801,0.0
1,80,5,752,0.0
1,80,6,1951,0.0
1,80,7,1726,0.0
1,80,8,1682,0.0
1,80,9,2384,0.0
1,80,10,3050,0.0
1,81,1,2789,0.15
1,81,2,2695,0.15
1,81,3,954,0.1
1,81,4,2660,0.05
1,81,5,2099,0.0
1,81,6,1144,0.0
1,81,7,341,0.0
1,81,8,1829,0.0
1,81,9,349,0.0
1,81,10,1001,0.0
1,82,1,2985,0.1
1,82,2,2933,0.1
1,82,3,2660,0.05
1,82,4,2161,0.0
1,82,5,121,0.0
1,82,6,2070,0.0
1,82,7,1789,0.0
1,82,8,509,0.0
1,82,9,193,0.0
1,82,10,2999,0.0
1,83,1,2654,0.15
1,83,2,2933,0.1
1,83,3,2660,0.05
1,83,4,2286,0.05
1,83,5,2863,0.0
1,83,6,2591,0.0
1,83,7,909,0.0
1,83,8,2124,0.0
1,83,9,2304,0.0
1,83,10,2039,0.0
1,84,1,2302,0.15
1,84,2,567,0.15
1,84,3,3032,0.05
1,84,4,700,0.0
1,84,5,1002,0.0
1,84,6,2092,0.0
1,84,7,14,0.0
1,84,8,2295,0.0
1,84,9,2084,0.0
1,84,10,102,0.0
1,85,1,2323,0.15
1,85,2,1513,0.1
1,85,3,158,0.0
1,85,4,1427,0.0
1,85,5,1380,0.0
1,85,6,370,0.0
1,85,7,1119,0.0
1,85,8,1158,0.0
1,85,9,3038,0.0
1,85,10,782,0.0
1,87,1,2839,0.1
1,87,2,1980,0.1
1,87,3,2794,0.0
1,87,4,197,0.0
1,87,5,1759,0.0
1,87,6,1196,0.0
1,87,7,756,0.0
1,87,8,357,0.0
1,87,9,2460,0.0
1,87,10,828,0.0
1,89,1,2734,0.15
1,89,2,278,0.1
1,89,3,174,0.05
1,89,4,1300,0.05
1,89,5,635,0.0
1,89,6,1866,0.0
1,89,7,77,0.0
1,89,8,1875,0.0
1,89,9,1073,0.0
1,89,10,2623,0.0
1,91,1,1146,0.05
1,91,2,1780,0.0
1,91,3,2900,0.0
1,91,4,2520,0.0
1,91,5,2247,0.0
1,91,6,2090,0.0
1,91,7,2685,0.0
1,91,8,2375,0.0
1,91,9,2055,0.0
1,91,10,1294,0.0
1,93,1,1395,0.05
1,93,2,2755,0.05
1,93,3,2713,0.05
1,93,4,2207,0.0
1,93,5,2225,0.0
1,93,6,1973,0.0
1,93,7,1375,0.0
1,93,8,2426,0.0
1,93,9,2923,0.0
1,93,10,1016,0.0
1,94,1,1223,0.1
1,94,2,2844,0.0
1,94,3,2940,0.0
1,94,4,2363,0.0
1,94,5,1259,0.0
1,94,6,1240,0.0
1,94,7,1799,0.0
1,94,8,2988,0.0
1,94,9,2968,0.0
1,94,10,1972,0.0
1,95,1,1223,0.1
1,95,2,1395,0.05
1,95,3,686,0.0
1,95,4,1101,0.0
1,95,5,1305,0.0
1,95,6,2962,0.0
1,95,7,1736,0.0
1,95,8,131,0.0
1,95,9,818,0.0
1,95,10,292,0.0
1,97,1,498,0.1
1,97,2,2347,0.05
1,97,3,1013,0.05
1,97,4,24,0.0
1,97,5,2480,0.0
1,97,6,2833,0.0
1,97,7,2828,0.0
1,97,8,2961,0.0
1,97,9,2554,0.0
1,97,10,2921,0.0
1,98,1,498,0.1
1,98,2,2347,0.05
1,98,3,1013,0.05
1,98,4,2661,0.05
1,98,5,220,0.0
1,98,6,3071,0.0
1,98,7,643,0.0
1,98,8,2696,0.0
1,98,9,43,0.0
1,98,10,2047,0.0
1,100,1,612,0.15
1,100,2,559,0.15
1,100,3,1273,0.1
1,100,4,1925,0.0
1,100,5,214,0.0
1,100,6,1064,0.0
1,100,7,2494,0.0
1,100,8,1929,0.0
1,100,9,1827,0.0
1,100,10,3083,0.0
1,101,1,2367,0.1
1,101,2,2095,0.1
1,101,3,2087,0.05
1,101,4,880,0.0
1,101,5,351,0.0
1,101,6,3061,0.0
1,101,7,1923,0.0
1,101,8,1524,0.0
1,101,9,1954,0.0
1,101,10,1555,0.0
1,102,1,2448,0.1
1,102,2,2087,0.05
1,102,3,94,0.05
1,102,4,1377,0.0
1,102,5,348,0.0
1,102,6,1108,0.0
1,102,7,496,0.0
1,102,8,2411,0.0
1,102,9,948,0.0
1,102,10,1837,0.0
1,103,1,2482,0.1
1,103,2,2367,0.1
1,103,3,2341,0.05
1,103,4,94,0.05
1,103,5,2811,0.0
1,103,6,2397,0.0
1,103,7,202,0.0
1,103,8,2186,0.0
1,103,9,1552,0.0
1,103,10,2959,0.0
1,104,1,2159,0.25
1,104,2,766,0.1
1,104,3,2095,0.1
1,104,4,298,0.05
1,104,5,3009,0.05
1,104,6,2675,0.0
1,104,7,492,0.0
1,104,8,1474,0.0
1,104,9,2617,0.0
1,104,10,2321,0.0
1,105,1,2095,0.1
1,105,2,2482,0.1
1,105,3,379,0.05
1,105,4,2006,0.05
1,105,5,2073,0.0
1,105,6,2449,0.0
1,105,7,2533,0.0
1,105,8,2541,0.0
1,105,9,286,0.0
1,105,10,638,0.0
1,106,1,534,0.15
1,106,2,2482,0.1
1,106,3,2095,0.1
1,106,4,415,0.05
1,106,5,996,0.0
1,106,6,2229,0.0
1,106,7,160,0.0
1,106,8,1005,0.0
1,106,9,711,0.0
1,106,10,1771,0.0
1,108,1,2287,0.1
1,108,2,2521,0.1
1,108,3,2144,0.05
1,108,4,1979,0.0
1,108,5,737,0.0
1,108,6,12,0.0
1,108,7,1758,0.0
1,108,8,841,0.0
1,108,9,1317,0.0
1,108,10,1029,0.0
1,109,1,1812,0.15
1,109,2,556,0.15
1,109,3,769,0.1
1,109,4,2008,0.0
1,109,5,752,0.0
1,109,6,2935,0.0
1,109,7,1464,0.0
1,109,8,3035,0.0
1,109,9,3,0.0
1,109,10,2165,0.0
1,111,1,644,0.15
1,111,2,1940,0.1
1,111,3,1891,0.0
1,111,4,1590,0.0
1,111,5,2788,0.0
1,111,6,962,0.0
1,111,7,59,0.0
1,111,8,278,0.0
1,111,9,236,0.0
1,111,10,2410,0.0
1,112,1,2285,0.1
1,112,2,1869,0.05
1,112,3,2811,0.0
1,112,4,1256,0.0
1,112,5,2452,0.0
1,112,6,2101,0.0
1,112,7,1793,0.0
1,112,8,2608,0.0
1,112,9,137,0.0
1,112,10,2406,0.0
1,113,1,644,0.15
1,113,2,2370,0.1
1,113,3,2315,0.05
1,113,4,2914,0.05
1,113,5,1466,0.0
1,113,6,2520,0.0
1,113,7,1768,0.0
1,113,8,509,0.0
1,113,9,232,0.0
1,113,10,2923,0.0
1,114,1,2738,0.05
1,114,2,14,0.05
1,114,3,2978,0.0
1,114,4,818,0.0
1,114,5,2724,0.0
1,114,6,2124,0.0
1,114,7,2841,0.0
1,114,8,1020,0.0
1,114,9,1337,0.0
1,114,10,2249,0.0
1,115,1,601,0.15
1,115,2,2848,0.1
1,115,3,732,0.05
1,115,4,674,0.0
1,115,5,1871,0.0
1,115,6,2804,0.0
1,115,7,1544,0.0
1,115,8,37,0.0
1,115,9,767,0.0
1,115,10,2085,0.0
1,116,1,2127,0.15
1,116,2,14,0.05
1,116,3,75,0.0
1,116,4,2695,0.0
1,116,5,1123,0.0
1,116,6,2170,0.0
1,116,7,2514,0.0
1,116,8,359,0.0
1,116,9,1743,0.0
1,116,10,2510,0.0
1,117,1,1691,0.2
1,117,2,2738,0.1
1,117,3,2848,0.1
1,117,4,1583,0.0
1,117,5,1578,0.0
1,117,6,1115,0.0
1,117,7,1902,0.0
1,117,8,858,0.0
1,117,9,3028,0.0
1,117,10,1096,0.0
1,118,1,861,0.1
1,118,2,857,0.05
1,118,3,364,0.05
1,118,4,1427,0.05
1,118,5,1760,0.0
1,118,6,1209,0.0
1,118,7,2858,0.0
1,118,8,82,0.0
1,118,9,1053,0.0
1,118,10,1290,0.0
1,119,1,1176,0.15
1,119,2,2344,0.1
1,119,3,861,0.1
1,119,4,2918,0.0
1,119,5,89,0.0
1,119,6,2477,0.0
1,119,7,228,0.0
1,119,8,3075,0.0
1,119,9,350,0.0
1,119,10,2303,0.0
1,120,1,969,0.15
1,120,2,2144,0.15
1,120,3,1078,0.15
1,120,4,1247,0.05
1,120,5,2894,0.05
1,120,6,1978,0.0
1,120,7,2401,0.0
1,120,8,1375,0.0
1,120,9,2816,0.0
1,120,10,1952,0.0
1,121,1,2989,0.2
1,121,2,2144,0.15
1,121,3,857,0.05
1,121,4,2534,0.0
1,121,5,1369,0.0
1,121,6,207,0.0
1,121,7,1177,0.0
1,121,8,1435,0.0
1,121,9,232,0.0
1,121,10,2911,0.0
1,122,1,429,0.1
1,122,2,2736,0.05
1,122,3,550,0.05
1,122,4,1580,0.0
1,122,5,2487,0.0
1,122,6,792,0.0
1,122,7,733,0.0
1,122,8,75,0.0
1,122,9,1896,0.0
1,122,10,1653,0.0
1,123,1,1359,0.1
1,123,2,1970,0.05
1,123,3,1247,0.0
1,123,4,677,0.0
1,123,5,1053,0.0
1,123,6,2470,0.0
1,123,7,1566,0.0
1,123,8,2375,0.0
1,123,9,1654,0.0
1,123,10,2517,0.0
1,124,1,1087,0.15
1,124,2,2736,0.05
1,124,3,980,0.05
1,124,4,2376,0.0
1,124,5,2504,0.0
1,124,6,291,0.0
1,124,7,1846,0.0
1,124,8,636,0.0
1,124,9,1698,0.0
1,124,10,1052,0.0
1,125,1,2299,0.1
1,125,2,177,0.1
1,125,3,681,0.1
1,125,4,864,0.05
1,125,5,2556,0.05
1,125,6,2859,0.0
1,125,7,1008,0.0
1,125,8,2045,0.0
1,125,9,1172,0.0
1,125,10,2862,0.0
1,127,1,1342,0.1
1,127,2,1535,0.05
1,127,3,1610,0.0
1,127,4,1425,0.0
1,127,5,306,0.0
1,127,6,2023,0.0
1,127,7,2998,0.0
1,127,8,1583,0.0
1,127,9,2803,0.0
1,127,10,1046,0.0
1,129,1,1966,0.2
1,129,2,1683,0.05
1,129,3,629,0.05
1,129,4,1785,0.05
1,129,5,530,0.0
1,129,6,695,0.0
1,129,7,2664,0.0
1,129,8,828,0.0
1,129,9,414,0.0
1,129,10,829,0.0
1,131,1,1435,0.1
1,131,2,2780,0.1
1,131,3,310,0.05
1,131,4,1341,0.05
1,131,5,634,0.0
1,131,6,2422,0.0
1,131,7,1253,0.0
1,131,8,2378,0.0
1,131,9,1376,0.0
1,131,10,15,0.0
1,132,1,1435,0.1
1,132,2,342,0.0
1,132,3,1977,0.0
1,132,4,2648,0.0
1,132,5,1477,0.0
1,132,6,754,0.0
1,132,7,2058,0.0
1,132,8,986,0.0
1,132,9,2743,0.0
1,132,10,412,0.0
1,133,1,1435,0.1
1,133,2,342,0.0
1,133,3,1840,0.0
1,133,4,856,0.0
1,133,5,2451,0.0
1,133,6,573,0.0
1,133,7,866,0.0
1,133,8,1564,0.0
1,133,9,1195,0.0
1,133,10,565,0.0
1,134,1,1435,0.1
1,134,2,542,0.05
1,134,3,342,0.0
1,134,4,2420,0.0
1,134,5,2533,0.0
1,134,6,2221,0.0
1,134,7,1749,0.0
1,134,8,2648,0.0
1,134,9,924,0.0
1,134,10,1759,0.0
1,135,1,1435,0.1
1,135,2,748,0.05
1,135,3,215,0.05
1,135,4,342,0.0
1,135,5,1193,0.0
1,135,6,2083,0.0
1,135,7,2540,0.0
1,135,8,1891,0.0
1,135,9,2814,0.0
1,135,10,1325,0.0
1,136,1,2877,0.25
1,136,2,2536,0.1
1,136,3,2882,0.1
1,136,4,2430,0.0
1,136,5,2045,0.0
1,136,6,180,0.0
1,136,7,2111,0.0
1,136,8,1793,0.0
1,136,9,1450,0.0
1,136,10,661,0.0
1,137,1,2303,0.2
1,137,2,1197,0.1
1,137,3,2940,0.0
1,137,4,483,0.0
1,137,5,546,0.0
1,137,6,1560,0.0
1,137,7,459,0.0
1,137,8,23,0.0
1,137,9,339,0.0
1,137,10,2465,0.0
1,138,1,38,0.1
1,138,2,1197,0.1
1,138,3,467,0.0
1,138,4,11,0.0
1,138,5,2690,0.0
1,138,6,1487,0.0
1,138,7,1852,0.0
1,138,8,2824,0.0
1,138,9,2849,0.0
1,138,10,1731,0.0
1,139,1,1507,0.15
1,139,2,38,0.1
1,139,3,55,0.05
1,139,4,2002,0.0
1,139,5,2482,0.0
1,139,6,2852,0.0
1,139,7,2731,0.0
1,139,8,999,0.0
1,139,9,848,0.0
1,139,10,576,0.0
1,140,1,2288,0.25
1,140,2,38,0.1
1,140,3,845,0.0
1,140,4,3082,0.0
1,140,5,237,0.0
1,140,6,1613,0.0
1,140,7,2681,0.0
1,140,8,1386,0.0
1,140,9,459,0.0
1,140,10,1807,0.0
1,141,1,476,0.15
1,141,2,98,0.15
1,141,3,2211,0.1
1,141,4,1300,0.05
1,141,5,1226,0.0
1,141,6,475,0.0
1,141,7,2637,0.0
1,141,8,1769,0.0
1,141,9,986,0.0
1,141,10,8,0.0
1,142,1,2447,0.15
1,142,2,1341,0.1
1,142,3,2015,0.0
1,142,4,1683,0.0
1,142,5,2425,0.0
1,142,6,1286,0.0
1,142,7,590,0.0
1,142,8,593,0.0
1,142,9,782,0.0
1,142,10,1002,0.0
1,143,1,476,0.15
1,143,2,2211,0.1
1,143,3,2288,0.1
1,143,4,1341,0.1
1,143,5,2661,0.05
1,143,6,257,0.05
1,143,7,1327,0.05
1,143,8,44,0.0
1,143,9,194,0.0
1,143,10,2056,0.0
1,144,1,2668,0.15
1,144,2,421,0.1
1,144,3,2774,0.0
1,144,4,1729,0.0
1,144,5,2812,0.0
1,144,6,207,0.0
1,144,7,2282,0.0
1,144,8,1024,0.0
1,144,9,445,0.0
1,144,10,2325,0.0
1,145,1,421,0.1
1,145,2,414,0.05
1,145,3,2661,0.05
1,145,4,1984,0.0
1,145,5,79,0.0
1,145,6,2289,0.0
1,145,7,2463,0.0
1,145,8,2024,0.0
1,145,9,1303,0.0
1,145,10,2108,0.0
1,146,1,414,0.1
1,146,2,2717,0.1
1,146,3,2649,0.05
1,146,4,1429,0.05
1,146,5,1958,0.0
1,146,6,2522,0.0
1,146,7,2283,0.0
1,146,8,192,0.0
1,146,9,248,0.0
1,146,10,23,0.0
1,147,1,2717,0.1
1,147,2,414,0.1
1,147,3,3047,0.0
1,147,4,579,0.0
1,147,5,717,0.0
1,147,6,2087,0.0
1,147,7,1161,0.0
1,147,8,443,0.0
1,147,9,158,0.0
1,147,10,150,0.0
1,148,1,2089,0.1
1,148,2,46,0.05
1,148,3,2700,0.0
1,148,4,1029,0.0
1,148,5,2324,0.0
1,148,6,2486,0.0
1,148,7,1051,0.0
1,148,8,910,0.0
1,148,9,1130,0.0
1,148,10,1905,0.0
1,149,1,1717,0.1
1,149,2,1861,0.05
1,149,3,40,0.05
1,149,4,2669,0.05
1,149,5,347,0.0
1,149,6,1835,0.0
1,149,7,1701,0.0
1,149,8,348,0.0
1,149,9,1331,0.0
1,149,10,220,0.0
1,150,1,780,0.1
1,150,2,1717,0.1
1,150,3,46,0.05
1,150,4,74,0.0
1,150,5,2534,0.0
1,150,6,2316,0.0
1,150,7,2379,0.0
1,150,8,1153,0.0
1,150,9,1685,0.0
1,150,10,2140,0.0
1,151,1,2751,0.15
1,151,2,2089,0.1
1,151,3,2135,0.0
1,151,4,827,0.0
1,151,5,1973,0.0
1,151,6,1864,0.0
1,151,7,839,0.0
1,151,8,334,0.0
1,151,9,2918,0.0
1,151,10,1077,0.0
1,152,1,2006,0.1
1,152,2,1554,0.1
1,152,3,2234,0.05
1,152,4,1638,0.05
1,152,5,964,0.0
1,152,6,2451,0.0
1,152,7,1781,0.0
1,152,8,1026,0.0
1,152,9,85,0.0
1,152,10,541,0.0
1,153,1,186,0.25
1,153,2,2234,0.05
1,153,3,1939,0.0
1,153,4,1966,0.0
1,153,5,954,0.0
1,153,6,318,0.0
1,153,7,149,0.0
1,153,8,720,0.0
1,153,9,2685,0.0
1,153,10,2578,0.0
1,154,1,39,0.25
1,154,2,1644,0.2
1,154,3,118,0.05
1,154,4,257,0.05
1,154,5,1939,0.0
1,154,6,1236,0.0
1,154,7,1377,0.0
1,154,8,2379,0.0
1,154,9,1629,0.0
1,154,10,1701,0.0
1,155,1,2604,0.1
1,155,2,1775,0.1
1,155,3,121,0.0
1,155,4,295,0.0
1,155,5,2532,0.0
1,155,6,1323,0.0
1,155,7,2549,0.0
1,155,8,712,0.0
1,155,9,694,0.0
1,155,10,746,0.0
1,156,1,2604,0.1
1,156,2,1775,0.1
1,156,3,1754,0.05
1,156,4,538,0.0
1,156,5,546,0.0
1,156,6,2754,0.0
1,156,7,1052,0.0
1,156,8,1937,0.0
1,156,9,196,0.0
1,156,10,1703,0.0
1,157,1,2604,0.1
1,157,2,1775,0.1
1,157,3,1683,0.05
1,157,4,2331,0.0
1,157,5,1284,0.0
1,157,6,1129,0.0
1,157,7,2617,0.0
1,157,8,1453,0.0
1,157,9,2284,0.0
1,157,10,1456,0.0
1,159,1,2184,0.1
1,159,2,1315,0.05
1,159,3,2006,0.05
1,159,4,2301,0.0
1,159,5,2154,0.0
1,159,6,419,0.0
1,159,7,1485,0.0
1,159,8,750,0.0
1,159,9,2770,0.0
1,159,10,1029,0.0
1,160,1,2630,0.15
1,160,2,1518,0.1
1,160,3,2184,0.1
1,160,4,1358,0.05
1,160,5,2115,0.0
1,160,6,1844,0.0
1,160,7,1093,0.0
1,160,8,1122,0.0
1,160,9,2494,0.0
1,160,10,908,0.0
1,161,1,1518,0.1
1,161,2,1391,0.1
1,161,3,2516,0.05
1,161,4,1538,0.0
1,161,5,938,0.0
1,161,6,2401,0.0
1,161,7,2785,0.0
1,161,8,1278,0.0
1,161,9,2896,0.0
1,161,10,1746,0.0
1,163,1,1567,0.15
1,163,2,1059,0.1
1,163,3,2097,0.05
1,163,4,1814,0.0
1,163,5,1685,0.0
1,163,6,331,0.0
1,163,7,322,0.0
1,163,8,249,0.0
1,163,9,2837,0.0
1,163,10,1549,0.0
1,164,1,32,0.15
1,164,2,1059,0.1
1,164,3,89,0.0
1,164,4,119,0.0
1,164,5,1328,0.0
1,164,6,1226,0.0
1,164,7,272,0.0
1,164,8,1523,0.0
1,164,9,1385,0.0
1,164,10,2092,0.0
1,165,1,551,0.15
1,165,2,6,0.05
1,165,3,2678,0.0
1,165,4,669,0.0
1,165,5,1502,0.0
1,165,6,1618,0.0
1,165,7,2737,0.0
1,165,8,460,0.0
1,165,9,585,0.0
1,165,10,1714,0.0
1,166,1,1415,0.2
1,166,2,1927,0.05
1,166,3,2673,0.0
1,166,4,1709,0.0
1,166,5,1529,0.0
1,166,6,456,0.0
1,166,7,1606,0.0
1,166,8,2363,0.0
1,166,9,1420,0.0
1,166,10,2899,0.0
1,167,1,453,0.15
1,167,2,1250,0.1
1,167,3,2922,0.05
1,167,4,773,0.05
1,167,5,35,0.0
1,167,6,80,0.0
1,167,7,714,0.0
1,167,8,1239,0.0
1,167,9,2926,0.0
1,167,10,270,0.0
1,168,1,544,0.2
1,168,2,1237,0.2
1,168,3,1495,0.05
1,168,4,1792,0.0
1,168,5,92,0.0
1,168,6,1018,0.0
1,168,7,112,0.0
1,168,8,651,0.0
1,168,9,1912,0.0
1,168,10,1557,0.0
1,169,1,1202,0.15
1,169,2,990,0.1
1,169,3,2030,0.05
1,169,4,1300,0.05
1,169,5,291,0.0
1,169,6,837,0.0
1,169,7,2186,0.0
1,169,8,337,0.0
1,169,9,1716,0.0
1,169,10,987,0.0
1,170,1,3041,0.1
1,170,2,990,0.1
1,170,3,1792,0.0
1,170,4,2312,0.0
1,170,5,1332,0.0
1,170,6,1829,0.0
1,170,7,423,0.0
1,170,8,1154,0.0
1,170,9,2043,0.0
1,170,10,3037,0.0
1,171,1,1104,0.1
1,171,2,500,0.05
1,171,3,1323,0.0
1,171,4,1110,0.0
1,171,5,270,0.0
1,171,6,489,0.0
1,171,7,625,0.0
1,171,8,1967,0.0
1,171,9,1547,0.0
1,171,10,952,0.0
1,172,1,1104,0.1
1,172,2,327,0.05
1,172,3,2922,0.05
1,172,4,2606,0.0
1,172,5,1622,0.0
1,172,6,1506,0.0
1,172,7,2900,0.0
1,172,8,2791,0.0
1,172,9,201,0.0
1,172,10,145,0.0
1,173,1,2560,0.15
1,173,2,1323,0.0
1,173,3,1008,0.0
1,173,4,133,0.0
1,173,5,2522,0.0
1,173,6,728,0.0
1,173,7,1742,0.0
1,173,8,3028,0.0
1,173,9,1743,0.0
1,173,10,648,0.0
1,174,1,123,0.1
1,174,2,853,0.05
1,174,3,732,0.05
1,174,4,383,0.05
1,174,5,2051,0.0
1,174,6,1193,0.0
1,174,7,1079,0.0
1,174,8,1401,0.0
1,174,9,278,0.0
1,174,10,72,0.0
1,175,1,1047,0.25
1,175,2,1104,0.1
1,175,3,123,0.1
1,175,4,1049,0.0
1,175,5,314,0.0
1,175,6,412,0.0
1,175,7,585,0.0
1,175,8,1432,0.0
1,175,9,1608,0.0
1,175,10,2397,0.0
1,176,1,689,0.2
1,176,2,2556,0.1
1,176,3,1295,0.05
1,176,4,2829,0.0
1,176,5,2746,0.0
1,176,6,2042,0.0
1,176,7,2152,0.0
1,176,8,1641,0.0
1,176,9,2058,0.0
1,176,10,1812,0.0
1,177,1,674,0.15
1,177,2,1650,0.1
1,177,3,2556,0.1
1,177,4,1340,0.05
1,177,5,1380,0.0
1,177,6,961,0.0
1,177,7,1922,0.0
1,177,8,1983,0.0
1,177,9,817,0.0
1,177,10,2639,0.0
1,178,1,2920,0.2
1,178,2,1569,0.2
1,178,3,1650,0.1
1,178,4,425,0.0
1,178,5,23,0.0
1,178,6,720,0.0
1,178,7,357,0.0
1,178,8,148,0.0
1,178,9,533,0.0
1,178,10,2255,0.0
1,179,1,2713,0.1
1,179,2,1708,0.05
1,179,3,230,0.0
1,179,4,991,0.0
1,179,5,2151,0.0
1,179,6,1990,0.0
1,179,7,1577,0.0
1,179,8,2176,0.0
1,179,9,1473,0.0
1,179,10,105,0.0
1,180,1,1686,0.1
1,180,2,1156,0.1
1,180,3,2894,0.05
1,180,4,1708,0.05
1,180,5,422,0.0
1,180,6,2435,0.0
1,180,7,1459,0.0
1,180,8,1352,0.0
1,180,9,1923,0.0
1,180,10,3070,0.0
1,181,1,1645,0.15
1,181,2,1686,0.1
1,181,3,1267,0.1
1,181,4,512,0.0
1,181,5,360,0.0
1,181,6,422,0.0
1,181,7,789,0.0
1,181,8,585,0.0
1,181,9,324,0.0
1,181,10,2318,0.0
1,182,1,1267,0.15
1,182,2,2121,0.05
1,182,3,1708,0.05
1,182,4,278,0.0
1,182,5,720,0.0
1,182,6,2235,0.0
1,182,7,2707,0.0
1,182,8,1918,0.0
1,182,9,2589,0.0
1,182,10,960,0.0
1,183,1,1429,0.15
1,183,2,1525,0.1
1,183,3,2184,0.05
1,183,4,1882,0.05
1,183,5,964,0.0
1,183,6,1813,0.0
1,183,7,346,0.0
1,183,8,701,0.0
1,183,9,2758,0.0
1,183,10,700,0.0
1,184,1,193,0.15
1,184,2,1295,0.15
1,184,3,1882,0.05
1,184,4,2444,0.05
1,184,5,125,0.0
1,184,6,148,0.0
1,184,7,1890,0.0
1,184,8,1730,0.0
1,184,9,931,0.0
1,184,10,608,0.0
1,185,1,1620,0.2
1,185,2,1525,0.1
1,185,3,2897,0.05
1,185,4,2303,0.0
1,185,5,1983,0.0
1,185,6,2443,0.0
1,185,7,2928,0.0
1,185,8,1396,0.0
1,185,9,386,0.0
1,185,10,1117,0.0
1,186,1,1295,0.15
1,186,2,257,0.15
1,186,3,1525,0.1
1,186,4,2971,0.0
1,186,5,2714,0.0
1,186,6,2071,0.0
1,186,7,1599,0.0
1,186,8,1753,0.0
1,186,9,1651,0.0
1,186,10,378,0.0
1,187,1,615,0.15
1,187,2,698,0.1
1,187,3,1255,0.1
1,187,4,2640,0.0
1,187,5,2085,0.0
1,187,6,401,0.0
1,187,7,1576,0.0
1,187,8,1276,0.0
1,187,9,216,0.0
1,187,10,454,0.0
1,188,1,2237,0.15
1,188,2,1255,0.1
1,188,3,1763,0.05
1,188,4,803,0.0
1,188,5,2282,0.0
1,188,6,940,0.0
1,188,7,1333,0.0
1,188,8,2143,0.0
1,188,9,2660,0.0
1,188,10,412,0.0
1,189,1,2957,0.15
1,189,2,2134,0.1
1,189,3,3016,0.1
1,189,4,2340,0.05
1,189,5,1998,0.0
1,189,6,2477,0.0
1,189,7,2928,0.0
1,189,8,299,0.0
1,189,9,1318,0.0
1,189,10,2245,0.0
1,190,1,3016,0.1
1,190,2,748,0.1
1,190,3,3062,0.05
1,190,4,1772,0.0
1,190,5,398,0.0
1,190,6,1209,0.0
1,190,7,2149,0.0
1,190,8,37,0.0
1,190,9,2013,0.0
1,190,10,1113,0.0
1,191,1,2594,0.1
1,191,2,1594,0.05
1,191,3,1548,0.05
1,191,4,2872,0.0
1,191,5,1701,0.0
1,191,6,1811,0.0
1,191,7,2745,0.0
1,191,8,1033,0.0
1,191,9,1004,0.0
1,191,10,76,0.0
1,192,1,1246,0.1
1,192,2,1665,0.05
1,192,3,1548,0.05
1,192,4,2982,0.0
1,192,5,1985,0.0
1,192,6,841,0.0
1,192,7,1473,0.0
1,192,8,1441,0.0
1,192,9,556,0.0
1,192,10,783,0.0
1,194,1,1246,0.1
1,194,2,2594,0.1
1,194,3,1665,0.05
1,194,4,1712,0.05
1,194,5,2573,0.0
1,194,6,2555,0.0
1,194,7,444,0.0
1,194,8,1765,0.0
1,194,9,960,0.0
1,194,10,1815,0.0
1,195,1,2099,0.2
1,195,2,1446,0.15
1,195,3,3068,0.05
1,195,4,1448,0.0
1,195,5,2933,0.0
1,195,6,1093,0.0
1,195,7,2911,0.0
1,195,8,1338,0.0
1,195,9,146,0.0
1,195,10,359,0.0
1,196,1,2740,0.15
1,196,2,2925,0.15
1,196,3,2674,0.05
1,196,4,310,0.05
1,196,5,210,0.0
1,196,6,1093,0.0
1,196,7,1151,0.0
1,196,8,2379,0.0
1,196,9,1792,0.0
1,196,10,2047,0.0
1,197,1,1442,0.1
1,197,2,2674,0.05
1,197,3,1254,0.05
1,197,4,1941,0.0
1,197,5,2462,0.0
1,197,6,1700,0.0
1,197,7,2007,0.0
1,197,8,1734,0.0
1,197,9,1165,0.0
1,197,10,893,0.0
1,198,1,2925,0.15
1,198,2,1446,0.1
1,198,3,1910,0.05
1,198,4,2457,0.0
1,198,5,1931,0.0
1,198,6,1742,0.0
1,198,7,1664,0.0
1,198,8,759,0.0
1,198,9,57,0.0
1,198,10,2156,0.0
1,199,1,295,0.15
1,199,2,1817,0.15
1,199,3,1442,0.1
1,199,4,1721,0.05
1,199,5,1589,0.0
1,199,6,2207,0.0
1,199,7,2506,0.0
1,199,8,2384,0.0
1,199,9,1228,0.0
1,199,10,914,0.0
1,200,1,295,0.15
1,200,2,2283,0.1
1,200,3,696,0.1
1,200,4,1003,0.0
1,200,5,2192,0.0
1,200,6,511,0.0
1,200,7,1291,0.0
1,200,8,1463,0.0
1,200,9,391,0.0
1,200,10,560,0.0
1,201,1,696,0.1
1,201,2,2658,0.1
1,201,3,3071,0.0
1,201,4,46,0.0
1,201,5,1981,0.0
1,201,6,1832,0.0
1,201,7,849,0.0
1,201,8,351,0.0
1,201,9,2655,0.0
1,201,10,670,0.0
1,202,1,1817,0.15
1,202,2,2658,0.1
1,202,3,2283,0.1
1,202,4,2914,0.05
1,202,5,1601,0.0
1,202,6,340,0.0
1,202,7,1318,0.0
1,202,8,1618,0.0
1,202,9,1717,0.0
1,202,10,2905,0.0
1,203,1,696,0.1
1,203,2,2658,0.1
1,203,3,2283,0.1
1,203,4,378,0.0
1,203,5,1984,0.0
1,203,6,241,0.0
1,203,7,431,0.0
1,203,8,610,0.0
1,203,9,1852,0.0
1,203,10,932,0.0
1,204,1,1190,0.1
1,204,2,2339,0.05
1,204,3,1913,0.05
1,204,4,2439,0.0
1,204,5,2881,0.0
1,204,6,2302,0.0
1,204,7,1995,0.0
1,204,8,1851,0.0
1,204,9,1211,0.0
1,204,10,1521,0.0
1,205,1,1208,0.2
1,205,2,747,0.15
1,205,3,1190,0.1
1,205,4,698,0.0
1,205,5,2589,0.0
1,205,6,2108,0.0
1,205,7,1274,0.0
1,205,8,1498,0.0
1,205,9,1069,0.0
1,205,10,1751,0.0
1,206,1,430,0.2
1,206,2,2529,0.1
1,206,3,2754,0.05
1,206,4,1025,0.0
1,206,5,3030,0.0
1,206,6,2719,0.0
1,206,7,949,0.0
1,206,8,2304,0.0
1,206,9,1022,0.0
1,206,10,2448,0.0
1,207,1,1190,0.1
1,207,2,2228,0.1
1,207,3,2788,0.05
1,207,4,1564,0.0
1,207,5,1168,0.0
1,207,6,755,0.0
1,207,7,2798,0.0
1,207,8,2512,0.0
1,207,9,1961,0.0
1,207,10,1700,0.0
1,208,1,2557,0.15
1,208,2,2339,0.05
1,208,3,1913,0.05
1,208,4,2998,0.05
1,208,5,2193,0.0
1,208,6,1729,0.0
1,208,7,882,0.0
1,208,8,572,0.0
1,208,9,1102,0.0
1,208,10,1328,0.0
1,209,1,2923,0.2
1,209,2,2228,0.1
1,209,3,2757,0.05
1,209,4,2637,0.0
1,209,5,1351,0.0
1,209,6,207,0.0
1,209,7,2930,0.0
1,209,8,345,0.0
1,209,9,214,0.0
1,209,10,2185,0.0
1,210,1,2196,0.15
1,210,2,1275,0.1
1,210,3,1748,0.0
1,210,4,3022,0.0
1,210,5,2891,0.0
1,210,6,406,0.0
1,210,7,1583,0.0
1,210,8,1005,0.0
1,210,9,2971,0.0
1,210,10,2197,0.0
1,211,1,1409,0.25
1,211,2,2757,0.05
1,211,3,303,0.0
1,211,4,240,0.0
1,211,5,1354,0.0
1,211,6,607,0.0
1,211,7,1884,0.0
1,211,8,4,0.0
1,211,9,564,0.0
1,211,10,181,0.0
1,212,1,63,0.15
1,212,2,1070,0.15
1,212,3,393,0.15
1,212,4,1428,0.0
1,212,5,1257,0.0
1,212,6,159,0.0
1,212,7,1632,0.0
1,212,8,1121,0.0
1,212,9,797,0.0
1,212,10,3031,0.0
1,213,1,2923,0.2
1,213,2,2513,0.15
1,213,3,2802,0.1
1,213,4,1418,0.0
1,213,5,1672,0.0
1,213,6,2337,0.0
1,213,7,2176,0.0
1,213,8,1246,0.0
1,213,9,2039,0.0
1,213,10,1878,0.0
1,216,1,886,0.1
1,216,2,356,0.1
1,216,3,2871,0.1
1,216,4,906,0.0
1,216,5,575,0.0
1,216,6,3064,0.0
1,216,7,480,0.0
1,216,8,1612,0.0
1,216,9,2700,0.0
1,216,10,2696,0.0
1,217,1,2440,0.1
1,217,2,106,0.1
1,217,3,2370,0.05
1,217,4,3034,0.0
1,217,5,438,0.0
1,217,6,25,0.0
1,217,7,1834,0.0
1,217,8,2851,0.0
1,217,9,2082,0.0
1,217,10,58,0.0
1,218,1,270,0.15
1,218,2,106,0.1
1,218,3,1710,0.05
1,218,4,1044,0.0
1,218,5,228,0.0
1,218,6,970,0.0
1,218,7,1693,0.0
1,218,8,598,0.0
1,218,9,1673,0.0
1,218,10,110,0.0
1,219,1,2365,0.15
1,219,2,2440,0.1
1,219,3,1047,0.05
1,219,4,694,0.0
1,219,5,1157,0.0
1,219,6,1804,0.0
1,219,7,1056,0.0
1,219,8,1469,0.0
1,219,9,1017,0.0
1,219,10,404,0.0
1,220,1,617,0.2
1,220,2,1275,0.1
1,220,3,2440,0.1
1,220,4,2370,0.05
1,220,5,2014,0.0
1,220,6,158,0.0
1,220,7,726,0.0
1,220,8,1149,0.0
1,220,9,2123,0.0
1,220,10,797,0.0
1,221,1,1685,0.1
1,221,2,1265,0.1
1,221,3,1681,0.05
1,221,4,1851,0.0
1,221,5,1080,0.0
1,221,6,2015,0.0
1,221,7,1287,0.0
1,221,8,3069,0.0
1,221,9,126,0.0
1,221,10,288,0.0
1,222,1,1265,0.1
1,222,2,1685,0.1
1,222,3,1332,0.0
1,222,4,574,0.0
1,222,5,1671,0.0
1,222,6,1903,0.0
1,222,7,2467,0.0
1,222,8,1024,0.0
1,222,9,739,0.0
1,222,10,1827,0.0
1,223,1,1685,0.1
1,223,2,977,0.0
1,223,3,1154,0.0
1,223,4,3051,0.0
1,223,5,1913,0.0
1,223,6,661,0.0
1,223,7,639,0.0
1,223,8,460,0.0
1,223,9,219,0.0
1,223,10,1272,0.0
1,226,1,572,0.15
1,226,2,189,0.15
1,226,3,1047,0.05
1,226,4,1141,0.0
1,226,5,2428,0.0
1,226,6,353,0.0
1,226,7,793,0.0
1,226,8,390,0.0
1,226,9,490,0.0
1,226,10,730,0.0
1,227,1,2622,0.15
1,227,2,1945,0.1
1,227,3,778,0.0
1,227,4,1941,0.0
1,227,5,1743,0.0
1,227,6,2130,0.0
1,227,7,2353,0.0
1,227,8,823,0.0
1,227,9,28,0.0
1,227,10,1074,0.0
1,228,1,2622,0.15
1,228,2,1945,0.1
1,228,3,108,0.1
1,228,4,1082,0.05
1,228,5,2364,0.0
1,228,6,2536,0.0
1,228,7,953,0.0
1,228,8,61,0.0
1,228,9,1877,0.0
1,228,10,79,0.0
1,229,1,572,0.15
1,229,2,2185,0.15
1,229,3,2938,0.1
1,229,4,2556,0.05
1,229,5,511,0.0
1,229,6,34,0.0
1,229,7,2754,0.0
1,229,8,1588,0.0
1,229,9,2174,0.0
1,229,10,1503,0.0
1,230,1,1320,0.25
1,230,2,2938,0.1
1,230,3,108,0.1
1,230,4,55,0.05
1,230,5,2097,0.05
1,230,6,1589,0.0
1,230,7,1881,0.0
1,230,8,2636,0.0
1,230,9,74,0.0
1,230,10,1627,0.0
1,231,1,30,0.2
1,231,2,1580,0.2
1,231,3,1744,0.05
1,231,4,751,0.0
1,231,5,5,0.0
1,231,6,1830,0.0
1,231,7,2729,0.0
1,231,8,2316,0.0
1,231,9,1651,0.0
1,231,10,364,0.0
1,232,1,2165,0.15
1,232,2,2808,0.0
1,232,3,1764,0.0
1,232,4,348,0.0
1,232,5,949,0.0
1,232,6,1083,0.0
1,232,7,2647,0.0
1,232,8,827,0.0
1,232,9,1085,0.0
1,232,10,1611,0.0
1,233,1,2165,0.15
1,233,2,731,0.05
1,233,3,1787,0.05
1,233,4,2808,0.0
1,233,5,1314,0.0
1,233,6,2337,0.0
1,233,7,2649,0.0
1,233,8,2721,0.0
1,233,9,733,0.0
1,233,10,159,0.0
1,234,1,509,0.2
1,234,2,613,0.2
1,234,3,2372,0.05
1,234,4,1931,0.05
1,234,5,2984,0.0
1,234,6,1023,0.0
1,234,7,434,0.0
1,234,8,825,0.0
1,234,9,413,0.0
1,234,10,1922,0.0
1,235,1,1111,0.2
1,235,2,1484,0.1
1,235,3,2092,0.1
1,235,4,1931,0.05
1,235,5,827,0.0
1,235,6,590,0.0
1,235,7,2588,0.0
1,235,8,920,0.0
1,235,9,2246,0.0
1,235,10,1076,0.0
1,236,1,1465,0.2
1,236,2,2180,0.15
1,236,3,1632,0.15
1,236,4,2990,0.05
1,236,5,424,0.0
1,236,6,763,0.0
1,236,7,1652,0.0
1,236,8,1662,0.0
1,236,9,640,0.0
1,236,10,2191,0.0
1,237,1,2180,0.15
1,237,2,416,0.15
1,237,3,2287,0.0
1,237,4,2562,0.0
1,237,5,266,0.0
1,237,6,663,0.0
1,237,7,1591,0.0
1,237,8,2154,0.0
1,237,9,3051,0.0
1,237,10,2290,0.0
1,238,1,2916,0.2
1,238,2,416,0.15
1,238,3,1926,0.0
1,238,4,2855,0.0
1,238,5,2047,0.0
1,238,6,2796,0.0
1,238,7,497,0.0
1,238,8,1578,0.0
1,238,9,651,0.0
1,238,10,943,0.0
1,239,1,514,0.15
1,239,2,1632,0.15
1,239,3,483,0.15
1,239,4,2729,0.0
1,239,5,2231,0.0
1,239,6,1311,0.0
1,239,7,2555,0.0
1,239,8,1159,0.0
1,239,9,3028,0.0
1,239,10,2493,0.0
1,240,1,514,0.15
1,240,2,483,0.15
1,240,3,2118,0.1
1,240,4,484,0.05
1,240,5,400,0.05
1,240,6,2836,0.0
1,240,7,1863,0.0
1,240,8,184,0.0
1,240,9,2506,0.0
1,240,10,2378,0.0
1,241,1,447,0.2
1,241,2,1067,0.15
1,241,3,2009,0.05
1,241,4,319,0.0
1,241,5,1703,0.0
1,241,6,2949,0.0
1,241,7,452,0.0
1,241,8,1139,0.0
1,241,9,489,0.0
1,241,10,22,0.0
1,242,1,1413,0.2
1,242,2,1067,0.15
1,242,3,2118,0.1
1,242,4,3055,0.0
1,242,5,1410,0.0
1,242,6,1153,0.0
1,242,7,1526,0.0
1,242,8,2350,0.0
1,242,9,1398,0.0
1,242,10,1166,0.0
1,243,1,1413,0.2
1,243,2,2118,0.1
1,243,3,1059,0.05
1,243,4,1936,0.05
1,243,5,1342,0.05
1,243,6,2373,0.0
1,243,7,2733,0.0
1,243,8,681,0.0
1,243,9,2228,0.0
1,243,10,1189,0.0
1,244,1,1232,0.25
1,244,2,1893,0.1
1,244,3,1936,0.05
1,244,4,12,0.0
1,244,5,2700,0.0
1,244,6,2769,0.0
1,244,7,1912,0.0
1,244,8,2326,0.0
1,244,9,653,0.0
1,244,10,2488,0.0
1,245,1,2576,0.25
1,245,2,1654,0.2
1,245,3,447,0.2
1,245,4,3045,0.0
1,245,5,1127,0.0
1,245,6,437,0.0
1,245,7,1956,0.0
1,245,8,2470,0.0
1,245,9,205,0.0
1,245,10,1094,0.0
1,246,1,1654,0.2
1,246,2,1456,0.15
1,246,3,2270,0.15
1,246,4,1893,0.1
1,246,5,1785,0.05
1,246,6,3079,0.0
1,246,7,2353,0.0
1,246,8,1632,0.0
1,246,9,2592,0.0
1,246,10,2058,0.0
1,247,1,2270,0.15
1,247,2,508,0.15
1,247,3,916,0.0
1,247,4,1632,0.0
1,247,5,1554,0.0
1,247,6,1450,0.0
1,247,7,1813,0.0
1,247,8,3046,0.0
1,247,9,1109,0.0
1,247,10,2778,0.0
1,248,1,627,0.2
1,248,2,508,0.15
1,248,3,1448,0.1
1,248,4,2744,0.0
1,248,5,2804,0.0
1,248,6,91,0.0
1,248,7,362,0.0
1,248,8,2750,0.0
1,248,9,2751,0.0
1,248,10,1545,0.0
1,249,1,656,0.2
1,249,2,97,0.15
1,249,3,1448,0.1
1,249,4,707,0.0
1,249,5,512,0.0
1,249,6,2301,0.0
1,249,7,1950,0.0
1,249,8,2116,0.0
1,249,9,1692,0.0
1,249,10,1250,0.0
1,250,1,283,0.15
1,250,2,97,0.15
1,250,3,2664,0.1
1,250,4,699,0.0
1,250,5,609,0.0
1,250,6,762,0.0
1,250,7,1570,0.0
1,250,8,2677,0.0
1,250,9,2705,0.0
1,250,10,740,0.0
1,251,1,183,0.2
1,251,2,31,0.15
1,251,3,563,0.1
1,251,4,1525,0.05
1,251,5,2614,0.0
1,251,6,1676,0.0
1,251,7,835,0.0
1,251,8,284,0.0
1,251,9,2320,0.0
1,251,10,1439,0.0
1,253,1,998,0.15
1,253,2,563,0.1
1,253,3,504,0.1
1,253,4,1898,0.0
1,253,5,957,0.0
1,253,6,695,0.0
1,253,7,1619,0.0
1,253,8,2545,0.0
1,253,9,822,0.0
1,253,10,2766,0.0
1,254,1,2961,0.25
1,254,2,31,0.15
1,254,3,2769,0.1
1,254,4,1015,0.05
1,254,5,3034,0.0
1,254,6,1494,0.0
1,254,7,709,0.0
1,254,8,2639,0.0
1,254,9,473,0.0
1,254,10,2198,0.0
1,255,1,653,0.25
1,255,2,1376,0.25
1,255,3,1015,0.05
1,255,4,872,0.0
1,255,5,3006,0.0
1,255,6,126,0.0
1,255,7,1043,0.0
1,255,8,1407,0.0
1,255,9,1125,0.0
1,255,10,1124,0.0
1,256,1,183,0.2
1,256,2,2801,0.15
1,256,3,504,0.1
1,256,4,1015,0.05
1,256,5,2006,0.0
1,256,6,2992,0.0
1,256,7,2126,0.0
1,256,8,1164,0.0
1,256,9,3060,0.0
1,256,10,2071,0.0
1,257,1,273,0.15
1,257,2,2590,0.15
1,257,3,8,0.05
1,257,4,17,0.0
1,257,5,1458,0.0
1,257,6,96,0.0
1,257,7,2537,0.0
1,257,8,2619,0.0
1,257,9,785,0.0
1,257,10,1485,0.0
1,258,1,2590,0.15
1,258,2,1558,0.15
1,258,3,2212,0.1
1,258,4,1907,0.05
1,258,5,1273,0.0
1,258,6,564,0.0
1,258,7,2337,0.0
1,258,8,1321,0.0
1,258,9,2349,0.0
1,258,10,441,0.0
1,259,1,44,0.25
1,259,2,2743,0.2
1,259,3,1558,0.15
1,259,4,194,0.15
1,259,5,2082,0.0
1,259,6,1553,0.0
1,259,7,1986,0.0
1,259,8,1636,0.0
1,259,9,2133,0.0
1,259,10,874,0.0
1,260,1,194,0.15
1,260,2,273,0.15
1,260,3,2042,0.1
1,260,4,8,0.05
1,260,5,1816,0.05
1,260,6,1255,0.05
1,260,7,2187,0.0
1,260,8,1409,0.0
1,260,9,3030,0.0
1,260,10,771,0.0
1,261,1,259,0.15
1,261,2,2328,0.1
1,261,3,8,0.05
1,261,4,73,0.0
1,261,5,2786,0.0
1,261,6,2903,0.0
1,261,7,529,0.0
1,261,8,543,0.0
1,261,9,2350,0.0
1,261,10,2381,0.0
1,262,1,2093,0.15
1,262,2,787,0.1
1,262,3,8,0.05
1,262,4,2908,0.0
1,262,5,2922,0.0
1,262,6,2921,0.0
1,262,7,765,0.0
1,262,8,816,0.0
1,262,9,1022,0.0
1,262,10,752,0.0
1,263,1,1716,0.2
1,263,2,12,0.05
1,263,3,939,0.05
1,263,4,2017,0.0
1,263,5,1596,0.0
1,263,6,828,0.0
1,263,7,2574,0.0
1,263,8,531,0.0
1,263,9,377,0.0
1,263,10,634,0.0
1,264,1,105,0.2
1,264,2,49,0.2
1,264,3,1907,0.05
1,264,4,577,0.0
1,264,5,3018,0.0
1,264,6,1940,0.0
1,264,7,2882,0.0
1,264,8,1345,0.0
1,264,9,2439,0.0
1,264,10,1568,0.0
1,265,1,105,0.2
1,265,2,1907,0.05
1,265,3,1508,0.0
1,265,4,334,0.0
1,265,5,2361,0.0
1,265,6,524,0.0
1,265,7,55,0.0
1,265,8,1789,0.0
1,265,9,248,0.0
1,265,10,1637,0.0
1,266,1,701,0.25
1,266,2,65,0.15
1,266,3,1907,0.05
1,266,4,733,0.0
1,266,5,781,0.0
1,266,6,1746,0.0
1,266,7,1849,0.0
1,266,8,449,0.0
1,266,9,2801,0.0
1,266,10,2286,0.0
1,267,1,2480,0.2
1,267,2,105,0.2
1,267,3,2212,0.15
1,267,4,1542,0.0
1,267,5,2652,0.0
1,267,6,1327,0.0
1,267,7,733,0.0
1,267,8,2671,0.0
1,267,9,2418,0.0
1,267,10,2036,0.0
1,268,1,2710,0.2
1,268,2,1907,0.05
1,268,3,560,0.0
1,268,4,2473,0.0
1,268,5,1599,0.0
1,268,6,774,0.0
1,268,7,2194,0.0
1,268,8,402,0.0
1,268,9,846,0.0
1,268,10,796,0.0
1,269,1,2274,0.25
1,269,2,1180,0.25
1,269,3,2099,0.05
1,269,4,1754,0.05
1,269,5,898,0.0
1,269,6,129,0.0
1,269,7,1665,0.0
1,269,8,1178,0.0
1,269,9,1603,0.0
1,269,10,758,0.0
1,272,1,701,0.25
1,272,2,49,0.2
1,272,3,2212,0.15
1,272,4,1778,0.05
1,272,5,2391,0.0
1,272,6,162,0.0
1,272,7,3039,0.0
1,272,8,741,0.0
1,272,9,3038,0.0
1,272,10,1509,0.0
1,273,1,2710,0.2
1,273,2,122,0.15
1,273,3,1750,0.1
1,273,4,1212,0.0
1,273,5,2496,0.0
1,273,6,3037,0.0
1,273,7,1923,0.0
1,273,8,3026,0.0
1,273,9,223,0.0
1,273,10,1351,0.0
1,274,1,65,0.15
1,274,2,2212,0.15
1,274,3,1750,0.1
1,274,4,3081,0.0
1,274,5,1978,0.0
1,274,6,1937,0.0
1,274,7,1513,0.0
1,274,8,1656,0.0
1,274,9,373,0.0
1,274,10,1184,0.0
1,276,1,192,0.2
1,276,2,2578,0.05
1,276,3,121,0.05
1,276,4,76,0.0
1,276,5,2946,0.0
1,276,6,1107,0.0
1,276,7,1017,0.0
1,276,8,372,0.0
1,276,9,1255,0.0
1,276,10,18,0.0
1,277,1,663,0.2
1,277,2,795,0.1
1,277,3,2578,0.05
1,277,4,1047,0.05
1,277,5,1082,0.05
1,277,6,2224,0.0
1,277,7,832,0.0
1,277,8,1346,0.0
1,277,9,427,0.0
1,277,10,1406,0.0
1,278,1,2580,0.15
1,278,2,2578,0.05
1,278,3,2738,0.05
1,278,4,1582,0.0
1,278,5,1702,0.0
1,278,6,141,0.0
1,278,7,1125,0.0
1,278,8,562,0.0
1,278,9,1008,0.0
1,278,10,1215,0.0
1,279,1,1400,0.15
1,279,2,1738,0.05
1,279,3,1358,0.05
1,279,4,2997,0.05
1,279,5,288,0.0
1,279,6,1625,0.0
1,279,7,2882,0.0
1,279,8,2450,0.0
1,279,9,1418,0.0
1,279,10,1020,0.0
1,280,1,608,0.1
1,280,2,1303,0.05
1,280,3,310,0.05
1,280,4,2841,0.0
1,280,5,317,0.0
1,280,6,2726,0.0
1,280,7,2131,0.0
1,280,8,46,0.0
1,280,9,2206,0.0
1,280,10,1694,0.0
1,282,1,121,0.05
1,282,2,1875,0.0
1,282,3,338,0.0
1,282,4,2169,0.0
1,282,5,555,0.0
1,282,6,1533,0.0
1,282,7,1701,0.0
1,282,8,2956,0.0
1,282,9,2447,0.0
1,282,10,771,0.0
1,283,1,2580,0.15
1,283,2,1778,0.05
1,283,3,121,0.05
1,283,4,135,0.0
1,283,5,723,0.0
1,283,6,2577,0.0
1,283,7,2904,0.0
1,283,8,2061,0.0
1,283,9,2522,0.0
1,283,10,1815,0.0
1,284,1,1516,0.2
1,284,2,308,0.05
1,284,3,564,0.0
1,284,4,98,0.0
1,284,5,2772,0.0
1,284,6,249,0.0
1,284,7,2932,0.0
1,284,8,1760,0.0
1,284,9,1789,0.0
1,284,10,2769,0.0
1,285,1,553,0.15
1,285,2,1437,0.15
1,285,3,1277,0.15
1,285,4,1231,0.0
1,285,5,2018,0.0
1,285,6,2522,0.0
1,285,7,1662,0.0
1,285,8,1890,0.0
1,285,9,464,0.0
1,285,10,2700,0.0
1,286,1,1277,0.15
1,286,2,1437,0.15
1,286,3,2585,0.0
1,286,4,1199,0.0
1,286,5,2610,0.0
1,286,6,820,0.0
1,286,7,1647,0.0
1,286,8,1562,0.0
1,286,9,1315,0.0
1,286,10,141,0.0
1,287,1,1437,0.15
1,287,2,783,0.1
1,287,3,3011,0.0
1,287,4,751,0.0
1,287,5,2016,0.0
1,287,6,593,0.0
1,287,7,18,0.0
1,287,8,258,0.0
1,287,9,960,0.0
1,287,10,2765,0.0
1,288,1,1466,0.2
1,288,2,553,0.15
1,288,3,3011,0.0
1,288,4,2140,0.0
1,288,5,1141,0.0
1,288,6,1510,0.0
1,288,7,1531,0.0
1,288,8,665,0.0
1,288,9,711,0.0
1,288,10,2041,0.0
1,289,1,2407,0.15
1,289,2,783,0.1
1,289,3,1760,0.05
1,289,4,265,0.0
1,289,5,231,0.0
1,289,6,1842,0.0
1,289,7,2917,0.0
1,289,8,2613,0.0
1,289,9,739,0.0
1,289,10,2664,0.0
1,290,1,1528,0.2
1,290,2,2554,0.1
1,290,3,1267,0.05
1,290,4,2998,0.05
1,290,5,1821,0.05
1,290,6,325,0.0
1,290,7,774,0.0
1,290,8,538,0.0
1,290,9,1570,0.0
1,290,10,330,0.0
1,291,1,555,0.1
1,291,2,860,0.05
1,291,3,2574,0.0
1,291,4,2979,0.0
1,291,5,456,0.0
1,291,6,2663,0.0
1,291,7,1849,0.0
1,291,8,969,0.0
1,291,9,2815,0.0
1,291,10,990,0.0
1,292,1,2554,0.1
1,292,2,1053,0.1
1,292,3,555,0.1
1,292,4,13,0.05
1,292,5,2099,0.05
1,292,6,171,0.0
1,292,7,901,0.0
1,292,8,2542,0.0
1,292,9,1961,0.0
1,292,10,1161,0.0
1,293,1,2090,0.2
1,293,2,555,0.1
1,293,3,1461,0.05
1,293,4,1047,0.05
1,293,5,2998,0.05
1,293,6,325,0.0
1,293,7,1029,0.0
1,293,8,1596,0.0
1,293,9,3064,0.0
1,293,10,2226,0.0
1,294,1,1344,0.2
1,294,2,533,0.15
1,294,3,375,0.1
1,294,4,494,0.05
1,294,5,667,0.05
1,294,6,2230,0.0
1,294,7,1899,0.0
1,294,8,2777,0.0
1,294,9,1973,0.0
1,294,10,1711,0.0
1,295,1,2431,0.1
1,295,2,3061,0.05
1,295,3,2025,0.0
1,295,4,1670,0.0
1,295,5,2982,0.0
1,295,6,749,0.0
1,295,7,3072,0.0
1,295,8,1574,0.0
1,295,9,2338,0.0
1,295,10,1655,0.0
1,297,1,2616,0.15
1,297,2,1101,0.15
1,297,3,3061,0.05
1,297,4,1822,0.0
1,297,5,935,0.0
1,297,6,33,0.0
1,297,7,265,0.0
1,297,8,657,0.0
1,297,9,721,0.0
1,297,10,1063,0.0
1,298,1,1794,0.1
1,298,2,2431,0.1
1,298,3,510,0.1
1,298,4,2116,0.0
1,298,5,1743,0.0
1,298,6,2775,0.0
1,298,7,1211,0.0
1,298,8,1919,0.0
1,298,9,2134,0.0
1,298,10,2573,0.0
1,299,1,2128,0.15
1,299,2,2672,0.1
1,299,3,2914,0.05
1,299,4,1569,0.05
1,299,5,2140,0.05
1,299,6,3043,0.0
1,299,7,3080,0.0
1,299,8,232,0.0
1,299,9,1518,0.0
1,299,10,2039,0.0
1,300,1,2969,0.2
1,300,2,1072,0.05
1,300,3,3045,0.0
1,300,4,2637,0.0
1,300,5,1843,0.0
1,300,6,1260,0.0
1,300,7,808,0.0
1,300,8,246,0.0
1,300,9,2493,0.0
1,300,10,2122,0.0
1,302,1,1597,0.1
1,302,2,1072,0.05
1,302,3,38,0.05
1,302,4,1189,0.05
1,302,5,510,0.05
1,302,6,97,0.0
1,302,7,1700,0.0
1,302,8,2050,0.0
1,302,9,469,0.0
1,302,10,1396,0.0
1,303,1,1920,0.1
1,303,2,1072,0.05
1,303,3,2137,0.05
1,303,4,2337,0.0
1,303,5,2049,0.0
1,303,6,1281,0.0
1,303,7,2666,0.0
1,303,8,2223,0.0
1,303,9,2935,0.0
1,303,10,2953,0.0
1,304,1,2343,0.2
1,304,2,2978,0.2
1,304,3,2899,0.1
1,304,4,1872,0.05
1,304,5,1461,0.05
1,304,6,1463,0.0
1,304,7,1421,0.0
1,304,8,89,0.0
1,304,9,641,0.0
1,304,10,804,0.0
1,305,1,2343,0.2
1,305,2,315,0.1
1,305,3,1189,0.05
1,305,4,2126,0.0
1,305,5,138,0.0
1,305,6,2903,0.0
1,305,7,2713,0.0
1,305,8,2254,0.0
1,305,9,2596,0.0
1,305,10,1954,0.0
1,306,1,1449,0.25
1,306,2,315,0.1
1,306,3,1189,0.05
1,306,4,1552,0.0
1,306,5,2591,0.0
1,306,6,1926,0.0
1,306,7,2235,0.0
1,306,8,2725,0.0
1,306,9,2156,0.0
1,306,10,235,0.0
1,307,1,59,0.15
1,307,2,1823,0.1
1,307,3,351,0.0
1,307,4,1443,0.0
1,307,5,387,0.0
1,307,6,371,0.0
1,307,7,307,0.0
1,307,8,3048,0.0
1,307,9,1887,0.0
1,307,10,2049,0.0
1,308,1,2686,0.25
1,308,2,1995,0.2
1,308,3,69,0.2
1,308,4,2387,0.05
1,308,5,180,0.0
1,308,6,295,0.0
1,308,7,584,0.0
1,308,8,1875,0.0
1,308,9,483,0.0
1,308,10,2871,0.0
1,309,1,1571,0.25
1,309,2,1823,0.1
1,309,3,400,0.05
1,309,4,351,0.0
1,309,5,2319,0.0
1,309,6,1753,0.0
1,309,7,582,0.0
1,309,8,981,0.0
1,309,9,1292,0.0
1,309,10,2723,0.0
1,310,1,1701,0.25
1,310,2,2974,0.2
1,310,3,1990,0.05
1,310,4,1078,0.05
1,310,5,2923,0.0
1,310,6,927,0.0
1,310,7,477,0.0
1,310,8,98,0.0
1,310,9,97,0.0
1,310,10,42,0.0
1,311,1,2974,0.2
1,311,2,1995,0.2
1,311,3,1990,0.05
1,311,4,223,0.0
1,311,5,1695,0.0
1,311,6,82,0.0
1,311,7,1206,0.0
1,311,8,147,0.0
1,311,9,3078,0.0
1,311,10,3049,0.0
1,312,1,1611,0.2
1,312,2,1498,0.05
1,312,3,975,0.0
1,312,4,671,0.0
1,312,5,2871,0.0
1,312,6,2592,0.0
1,312,7,825,0.0
1,312,8,2010,0.0
1,312,9,1515,0.0
1,312,10,653,0.0
1,314,1,1158,0.2
1,314,2,1498,0.05
1,314,3,1481,0.05
1,314,4,732,0.05
1,314,5,2925,0.05
1,314,6,2979,0.0
1,314,7,2410,0.0
1,314,8,2626,0.0
1,314,9,2247,0.0
1,314,10,2680,0.0
1,315,1,1198,0.1
1,315,2,385,0.05
1,315,3,2127,0.0
1,315,4,2962,0.0
1,315,5,2329,0.0
1,315,6,2213,0.0
1,315,7,1594,0.0
1,315,8,2179,0.0
1,315,9,1550,0.0
1,315,10,2750,0.0
1,316,1,3069,0.1
1,316,2,1198,0.1
1,316,3,2500,0.1
1,316,4,1781,0.1
1,316,5,675,0.05
1,316,6,721,0.0
1,316,7,1967,0.0
1,316,8,2659,0.0
1,316,9,100,0.0
1,316,10,1364,0.0
1,317,1,1369,0.2
1,317,2,1206,0.1
1,317,3,1198,0.1
1,317,4,132,0.0
1,317,5,141,0.0
1,317,6,730,0.0
1,317,7,847,0.0
1,317,8,1118,0.0
1,317,9,2147,0.0
1,317,10,2585,0.0
1,318,1,195,0.25
1,318,2,1206,0.1
1,318,3,984,0.05
1,318,4,1991,0.05
1,318,5,2222,0.0
1,318,6,726,0.0
1,318,7,1144,0.0
1,318,8,2455,0.0
1,318,9,2817,0.0
1,318,10,1814,0.0
1,319,1,2176,0.25
1,319,2,2106,0.2
1,319,3,446,0.15
1,319,4,575,0.0
1,319,5,159,0.0
1,319,6,2044,0.0
1,319,7,798,0.0
1,319,8,151,0.0
1,319,9,1659,0.0
1,319,10,1917,0.0
1,321,1,2176,0.25
1,321,2,2106,0.2
1,321,3,446,0.15
1,321,4,2684,0.0
1,321,5,3062,0.0
1,321,6,1278,0.0
1,321,7,2101,0.0
1,321,8,2066,0.0
1,321,9,2992,0.0
1,321,10,781,0.0
1,322,1,1367,0.25
1,322,2,859,0.15
1,322,3,1133,0.0
1,322,4,1699,0.0
1,322,5,2675,0.0
1,322,6,242,0.0
1,322,7,2208,0.0
1,322,8,2752,0.0
1,322,9,1410,0.0
1,322,10,882,0.0
1,323,1,1964,0.2
1,323,2,2106,0.2
1,323,3,446,0.1
1,323,4,2094,0.0
1,323,5,1196,0.0
1,323,6,2607,0.0
1,323,7,1046,0.0
1,323,8,1002,0.0
1,323,9,61,0.0
1,323,10,1614,0.0
1,324,1,1964,0.2
1,324,2,859,0.15
1,324,3,2912,0.0
1,324,4,529,0.0
1,324,5,2624,0.0
1,324,6,2535,0.0
1,324,7,1181,0.0
1,324,8,2452,0.0
1,324,9,2444,0.0
1,324,10,297,0.0
1,325,1,2084,0.3
1,325,2,637,0.15
1,325,3,2500,0.1
1,325,4,284,0.0
1,325,5,592,0.0
1,325,6,1959,0.0
1,325,7,563,0.0
1,325,8,897,0.0
1,325,9,1015,0.0
1,325,10,1214,0.0
1,326,1,2075,0.15
1,326,2,494,0.05
1,326,3,330,0.0
1,326,4,1456,0.0
1,326,5,1992,0.0
1,326,6,1920,0.0
1,326,7,1173,0.0
1,326,8,2221,0.0
1,326,9,2333,0.0
1,326,10,2750,0.0
1,327,1,1671,0.2
1,327,2,1991,0.15
1,327,3,637,0.15
1,327,4,2907,0.0
1,327,5,75,0.0
1,327,6,562,0.0
1,327,7,2146,0.0
1,327,8,1324,0.0
1,327,9,172,0.0
1,327,10,1066,0.0
1,328,1,1062,0.15
1,328,2,3027,0.05
1,328,3,851,0.05
1,328,4,822,0.0
1,328,5,2707,0.0
1,328,6,2010,0.0
1,328,7,2714,0.0
1,328,8,1884,0.0
1,328,9,2137,0.0
1,328,10,2860,0.0
1,329,1,2484,0.1
1,329,2,982,0.1
1,329,3,2659,0.05
1,329,4,2150,0.0
1,329,5,535,0.0
1,329,6,2529,0.0
1,329,7,1359,0.0
1,329,8,1519,0.0
1,329,9,2858,0.0
1,329,10,1256,0.0
1,330,1,1064,0.25
1,330,2,2296,0.15
1,330,3,33,0.1
1,330,4,2387,0.05
1,330,5,1657,0.05
1,330,6,487,0.0
1,330,7,1049,0.0
1,330,8,828,0.0
1,330,9,754,0.0
1,330,10,671,0.0
1,331,1,2484,0.1
1,331,2,982,0.1
1,331,3,1962,0.05
1,331,4,2700,0.0
1,331,5,2428,0.0
1,331,6,1720,0.0
1,331,7,2201,0.0
1,331,8,2907,0.0
1,331,9,1922,0.0
1,331,10,306,0.0
1,332,1,203,0.2
1,332,2,1962,0.05
1,332,3,2998,0.05
1,332,4,2659,0.05
1,332,5,1089,0.05
1,332,6,2373,0.0
1,332,7,2103,0.0
1,332,8,1278,0.0
1,332,9,949,0.0
1,332,10,436,0.0
1,333,1,2107,0.2
1,333,2,1635,0.15
1,333,3,2705,0.1
1,333,4,2027,0.0
1,333,5,323,0.0
1,333,6,44,0.0
1,333,7,1185,0.0
1,333,8,77,0.0
1,333,9,1332,0.0
1,333,10,62,0.0
1,334,1,1655,0.3
1,334,2,1491,0.2
1,334,3,2705,0.1
1,334,4,1778,0.05
1,334,5,494,0.05
1,334,6,1033,0.0
1,334,7,63,0.0
1,334,8,1273,0.0
1,334,9,489,0.0
1,334,10,562,0.0
1,335,1,2927,0.25
1,335,2,788,0.1
1,335,3,249,0.1
1,335,4,2858,0.0
1,335,5,2383,0.0
1,335,6,1349,0.0
1,335,7,1958,0.0
1,335,8,100,0.0
1,335,9,1936,0.0
1,335,10,2921,0.0
1,336,1,1635,0.15
1,336,2,2384,0.15
1,336,3,2705,0.1
1,336,4,162,0.0
1,336,5,2943,0.0
1,336,6,1472,0.0
1,336,7,2303,0.0
1,336,8,1563,0.0
1,336,9,1030,0.0
1,336,10,2876,0.0
1,337,1,2602,0.25
1,337,2,2384,0.15
1,337,3,2261,0.15
1,337,4,2914,0.05
1,337,5,586,0.0
1,337,6,1396,0.0
1,337,7,473,0.0
1,337,8,1595,0.0
1,337,9,7,0.0
1,337,10,1195,0.0
1,338,1,2107,0.2
1,338,2,2145,0.15
1,338,3,2384,0.15
1,338,4,2285,0.05
1,338,5,1450,0.0
1,338,6,1683,0.0
1,338,7,1599,0.0
1,338,8,1954,0.0
1,338,9,1652,0.0
1,338,10,1017,0.0
1,339,1,2927,0.25
1,339,2,2145,0.15
1,339,3,2543,0.05
1,339,4,1000,0.0
1,339,5,2880,0.0
1,339,6,808,0.0
1,339,7,203,0.0
1,339,8,740,0.0
1,339,9,12,0.0
1,339,10,63,0.0
1,340,1,523,0.2
1,340,2,2384,0.15
1,340,3,2261,0.15
1,340,4,2405,0.0
1,340,5,2642,0.0
1,340,6,2355,0.0
1,340,7,509,0.0
1,340,8,2559,0.0
1,340,9,2634,0.0
1,340,10,379,0.0
1,341,1,11,0.1
1,341,2,2312,0.1
1,341,3,748,0.05
1,341,4,1179,0.0
1,341,5,1761,0.0
1,341,6,2362,0.0
1,341,7,3078,0.0
1,341,8,937,0.0
1,341,9,895,0.0
1,341,10,2855,0.0
1,342,1,2163,0.2
1,342,2,1911,0.15
1,342,3,748,0.05
1,342,4,2798,0.0
1,342,5,1359,0.0
1,342,6,2150,0.0
1,342,7,711,0.0
1,342,8,2130,0.0
1,342,9,1668,0.0
1,342,10,269,0.0
1,343,1,2602,0.25
1,343,2,2107,0.2
1,343,3,2145,0.15
1,343,4,70,0.0
1,343,5,109,0.0
1,343,6,131,0.0
1,343,7,2777,0.0
1,343,8,3014,0.0
1,343,9,654,0.0
1,343,10,1019,0.0
1,345,1,1472,0.2
1,345,2,482,0.15
1,345,3,1793,0.05
1,345,4,783,0.0
1,345,5,2265,0.0
1,345,6,1467,0.0
1,345,7,2371,0.0
1,345,8,857,0.0
1,345,9,935,0.0
1,345,10,136,0.0
1,346,1,671,0.15
1,346,2,2264,0.1
1,346,3,2168,0.0
1,346,4,680,0.0
1,346,5,1928,0.0
1,346,6,112,0.0
1,346,7,94,0.0
1,346,8,283,0.0
1,346,9,1901,0.0
1,346,10,2627,0.0
1,347,1,2403,0.2
1,347,2,646,0.2
1,347,3,387,0.2
1,347,4,1738,0.05
1,347,5,194,0.0
1,347,6,2487,0.0
1,347,7,1263,0.0
1,347,8,370,0.0
1,347,9,737,0.0
1,347,10,2657,0.0
1,348,1,1897,0.1
1,348,2,2007,0.05
1,348,3,333,0.05
1,348,4,1379,0.0
1,348,5,2686,0.0
1,348,6,1433,0.0
1,348,7,998,0.0
1,348,8,145,0.0
1,348,9,554,0.0
1,348,10,549,0.0
1,349,1,1911,0.15
1,349,2,11,0.1
1,349,3,333,0.05
1,349,4,2492,0.0
1,349,5,2183,0.0
1,349,6,2294,0.0
1,349,7,595,0.0
1,349,8,1686,0.0
1,349,9,401,0.0
1,349,10,2493,0.0
1,350,1,1827,0.05
1,350,2,1821,0.05
1,350,3,2007,0.05
1,350,4,3043,0.0
1,350,5,925,0.0
1,350,6,630,0.0
1,350,7,2492,0.0
1,350,8,1115,0.0
1,350,9,794,0.0
1,350,10,2596,0.0
1,351,1,731,0.05
1,351,2,2007,0.05
1,351,3,1827,0.05
1,351,4,3043,0.0
1,351,5,2565,0.0
1,351,6,1649,0.0
1,351,7,910,0.0
1,351,8,1018,0.0
1,351,9,841,0.0
1,351,10,293,0.0
1,352,1,622,0.15
1,352,2,432,0.1
1,352,3,1703,0.0
1,352,4,1377,0.0
1,352,5,475,0.0
1,352,6,2634,0.0
1,352,7,772,0.0
1,352,8,2306,0.0
1,352,9,1093,0.0
1,352,10,1495,0.0
1,353,1,1,0.15
1,353,2,842,0.05
1,353,3,754,0.05
1,353,4,1282,0.0
1,353,5,2733,0.0
1,353,6,2441,0.0
1,353,7,821,0.0
1,353,8,1978,0.0
1,353,9,1432,0.0
1,353,10,586,0.0
1,354,1,2869,0.15
1,354,2,432,0.1
1,354,3,754,0.05
1,354,4,2121,0.05
1,354,5,2668,0.05
1,354,6,790,0.0
1,354,7,914,0.0
1,354,8,2334,0.0
1,354,9,894,0.0
1,354,10,1084,0.0
1,355,1,2869,0.15
1,355,2,1266,0.15
1,355,3,432,0.1
1,355,4,1868,0.0
1,355,5,1924,0.0
1,355,6,2714,0.0
1,355,7,2509,0.0
1,355,8,2769,0.0
1,355,9,1539,0.0
1,355,10,2563,0.0
1,356,1,2574,0.2
1,356,2,842,0.05
1,356,3,434,0.05
1,356,4,936,0.0
1,356,5,123,0.0
1,356,6,1572,0.0
1,356,7,1330,0.0
1,356,8,2916,0.0
1,356,9,286,0.0
1,356,10,2523,0.0
1,359,1,910,0.05
1,359,2,1928,0.0
1,359,3,2959,0.0
1,359,4,569,0.0
1,359,5,1462,0.0
1,359,6,2926,0.0
1,359,7,2927,0.0
1,359,8,344,0.0
1,359,9,761,0.0
1,359,10,2080,0.0
1,360,1,910,0.05
1,360,2,1928,0.0
1,360,3,1545,0.0
1,360,4,2289,0.0
1,360,5,2689,0.0
1,360,6,2607,0.0
1,360,7,2887,0.0
1,360,8,59,0.0
1,360,9,1455,0.0
1,360,10,2492,0.0
1,361,1,910,0.05
1,361,2,1415,0.05
1,361,3,1300,0.05
1,361,4,1928,0.0
1,361,5,2534,0.0
1,361,6,3053,0.0
1,361,7,1680,0.0
1,361,8,56,0.0
1,361,9,536,0.0
1,361,10,2883,0.0
1,362,1,910,0.05
1,362,2,1928,0.0
1,362,3,2941,0.0
1,362,4,353,0.0
1,362,5,1408,0.0
1,362,6,1973,0.0
1,362,7,2684,0.0
1,362,8,551,0.0
1,362,9,1714,0.0
1,362,10,448,0.0
1,363,1,1295,0.05
1,363,2,910,0.05
1,363,3,1520,0.0
1,363,4,2567,0.0
1,363,5,2600,0.0
1,363,6,1459,0.0
1,363,7,1354,0.0
1,363,8,1825,0.0
1,363,9,756,0.0
1,363,10,2036,0.0
1,364,1,2759,0.1
1,364,2,418,0.1
1,364,3,1653,0.1
1,364,4,719,0.0
1,364,5,2484,0.0
1,364,6,2282,0.0
1,364,7,999,0.0
1,364,8,1642,0.0
1,364,9,2481,0.0
1,364,10,1980,0.0
1,365,1,2078,0.2
1,365,2,1653,0.1
1,365,3,1478,0.05
1,365,4,740,0.0
1,365,5,356,0.0
1,365,6,1519,0.0
1,365,7,695,0.0
1,365,8,1013,0.0
1,365,9,907,0.0
1,365,10,1515,0.0
1,366,1,1030,0.2
1,366,2,418,0.1
1,366,3,1415,0.05
1,366,4,253,0.0
1,366,5,1921,0.0
1,366,6,2251,0.0
1,366,7,2455,0.0
1,366,8,1893,0.0
1,366,9,2252,0.0
1,366,10,1774,0.0
1,367,1,1203,0.2
1,367,2,1494,0.05
1,367,3,1507,0.05
1,367,4,1478,0.05
1,367,5,1058,0.0
1,367,6,1619,0.0
1,367,7,560,0.0
1,367,8,1630,0.0
1,367,9,663,0.0
1,367,10,2662,0.0
1,368,1,418,0.1
1,368,2,1653,0.1
1,368,3,1494,0.05
1,368,4,2410,0.05
1,368,5,2738,0.05
1,368,6,1504,0.0
1,368,7,1244,0.0
1,368,8,347,0.0
1,368,9,984,0.0
1,368,10,1407,0.0
1,369,1,2464,0.65
1,369,2,2888,0.45
1,369,3,1108,0.4
1,369,4,2556,0.0
1,369,5,312,0.0
1,369,6,1002,0.0
1,369,7,722,0.0
1,369,8,1492,0.0
1,369,9,355,0.0
1,369,10,2414,0.0
1,370,1,1398,0.7
1,370,2,477,0.45
1,370,3,1108,0.4
1,370,4,1304,0.0
1,370,5,2698,0.0
1,370,6,2112,0.0
1,370,7,327,0.0
1,370,8,2212,0.0
1,370,9,2339,0.0
1,370,10,1041,0.0
1,371,1,272,0.6
1,371,2,1606,0.6
1,371,3,1108,0.4
1,371,4,1029,0.0
1,371,5,468,0.0
1,371,6,1849,0.0
1,371,7,2084,0.0
1,371,8,2315,0.0
1,371,9,2113,0.0
1,371,10,2286,0.0
1,372,1,1678,0.65
1,372,2,1826,0.6
1,372,3,2321,0.5
1,372,4,2919,0.0
1,372,5,3015,0.0
1,372,6,1997,0.0
1,372,7,95,0.0
1,372,8,2298,0.0
1,372,9,176,0.0
1,372,10,1859,0.0
1,373,1,1347,0.6
1,373,2,2441,0.45
1,373,3,477,0.45
1,373,4,127,0.0
1,373,5,2574,0.0
1,373,6,2157,0.0
1,373,7,2537,0.0
1,373,8,2177,0.0
1,373,9,2203,0.0
1,373,10,1957,0.0
1,374,1,1678,0.65
1,374,2,1606,0.6
1,374,3,2321,0.5
1,374,4,781,0.0
1,374,5,2260,0.0
1,374,6,2581,0.0
1,374,7,276,0.0
1,374,8,1888,0.0
1,374,9,645,0.0
1,374,10,241,0.0
1,375,1,1678,0.65
1,375,2,272,0.6
1,375,3,477,0.45
1,375,4,1085,0.0
1,375,5,585,0.0
1,375,6,2277,0.0
1,375,7,2850,0.0
1,375,8,704,0.0
1,375,9,471,0.0
1,375,10,2484,0.0
1,378,1,1606,0.6
1,378,2,2321,0.5
1,378,3,2441,0.45
1,378,4,1794,0.0
1,378,5,1780,0.0
1,378,6,321,0.0
1,378,7,1816,0.0
1,378,8,914,0.0
1,378,9,872,0.0
1,378,10,2250,0.0
1,379,1,2739,0.7
1,379,2,1606,0.6
1,379,3,918,0.4
1,379,4,2144,0.05
1,379,5,1249,0.0
1,379,6,943,0.0
1,379,7,2385,0.0
1,379,8,2089,0.0
1,379,9,2768,0.0
1,379,10,1110,0.0
1,380,1,2739,0.7
1,380,2,272,0.6
1,380,3,2321,0.5
1,380,4,626,0.0
1,380,5,2712,0.0
1,380,6,811,0.0
1,380,7,1814,0.0
1,380,8,3070,0.0
1,380,9,1159,0.0
1,380,10,2813,0.0
1,381,1,1678,0.65
1,381,2,1347,0.6
1,381,3,918,0.4
1,381,4,2422,0.0
1,381,5,878,0.0
1,381,6,2744,0.0
1,381,7,1875,0.0
1,381,8,2637,0.0
1,381,9,1164,0.0
1,381,10,163,0.0
1,383,1,272,0.6
1,383,2,1606,0.6
1,383,3,477,0.45
1,383,4,2584,0.0
1,383,5,645,0.0
1,383,6,554,0.0
1,383,7,2825,0.0
1,383,8,2512,0.0
1,383,9,1558,0.0
1,383,10,2704,0.0
1,385,1,1826,0.6
1,385,2,477,0.45
1,385,3,2687,0.2
1,385,4,2043,0.0
1,385,5,1487,0.0
1,385,6,2551,0.0
1,385,7,124,0.0
1,385,8,274,0.0
1,385,9,652,0.0
1,385,10,1956,0.0
1,386,1,1678,0.65
1,386,2,2888,0.45
1,386,3,2687,0.2
1,386,4,1708,0.0
1,386,5,2207,0.0
1,386,6,2325,0.0
1,386,7,648,0.0
1,386,8,737,0.0
1,386,9,1366,0.0
1,386,10,2332,0.0
1,387,1,2464,0.65
1,387,2,477,0.45
1,387,3,2687,0.2
1,387,4,1590,0.0
1,387,5,1122,0.0
1,387,6,1062,0.0
1,387,7,1472,0.0
1,387,8,2754,0.0
1,387,9,1980,0.0
1,387,10,1492,0.0
1,388,1,2441,0.45
1,388,2,1108,0.4
1,388,3,2687,0.2
1,388,4,1835,0.0
1,388,5,2577,0.0
1,388,6,2828,0.0
1,388,7,551,0.0
1,388,8,1256,0.0
1,388,9,1141,0.0
1,388,10,1242,0.0
1,391,1,1398,0.7
1,391,2,1347,0.6
1,391,3,2888,0.45
1,391,4,2505,0.0
1,391,5,1772,0.0
1,391,6,1018,0.0
1,391,7,1023,0.0
1,391,8,587,0.0
1,391,9,467,0.0
1,391,10,352,0.0
1,392,1,2558,0.15
1,392,2,2156,0.15
1,392,3,2104,0.1
1,392,4,1495,0.05
1,392,5,2670,0.0
1,392,6,1606,0.0
1,392,7,1904,0.0
1,392,8,2502,0.0
1,392,9,110,0.0
1,392,10,1919,0.0
1,395,1,716,0.15
1,395,2,2104,0.1
1,395,3,1872,0.05
1,395,4,1348,0.0
1,395,5,220,0.0
1,395,6,1360,0.0
1,395,7,1969,0.0
1,395,8,840,0.0
1,395,9,374,0.0
1,395,10,1727,0.0
1,396,1,2082,0.15
1,396,2,641,0.15
1,396,3,1102,0.15
1,396,4,1026,0.0
1,396,5,2874,0.0
1,396,6,2046,0.0
1,396,7,78,0.0
1,396,8,2441,0.0
1,396,9,939,0.0
1,396,10,1964,0.0
1,397,1,1379,0.15
1,397,2,1301,0.1
1,397,3,89,0.1
1,397,4,2710,0.0
1,397,5,1865,0.0
1,397,6,2909,0.0
1,397,7,2261,0.0
1,397,8,164,0.0
1,397,9,535,0.0
1,397,10,2792,0.0
1,398,1,2112,0.15
1,398,2,2504,0.15
1,398,3,2643,0.1
1,398,4,2370,0.05
1,398,5,3049,0.0
1,398,6,368,0.0
1,398,7,1833,0.0
1,398,8,796,0.0
1,398,9,1061,0.0
1,398,10,153,0.0
1,399,1,2136,0.25
1,399,2,2830,0.05
1,399,3,15,0.0
1,399,4,737,0.0
1,399,5,1532,0.0
1,399,6,377,0.0
1,399,7,2823,0.0
1,399,8,1145,0.0
1,399,9,286,0.0
1,399,10,866,0.0
1,400,1,2080,0.25
1,400,2,1307,0.15
1,400,3,2830,0.05
1,400,4,1742,0.0
1,400,5,1519,0.0
1,400,6,2448,0.0
1,400,7,761,0.0
1,400,8,2673,0.0
1,400,9,623,0.0
1,400,10,321,0.0
1,401,1,2108,0.15
1,401,2,2607,0.15
1,401,3,1461,0.05
1,401,4,2666,0.0
1,401,5,1093,0.0
1,401,6,2172,0.0
1,401,7,2566,0.0
1,401,8,276,0.0
1,401,9,2180,0.0
1,401,10,1130,0.0
1,403,1,1379,0.15
1,403,2,89,0.1
1,403,3,2830,0.05
1,403,4,400,0.05
1,403,5,58,0.0
1,403,6,1427,0.0
1,403,7,1593,0.0
1,403,8,2732,0.0
1,403,9,1578,0.0
1,403,10,1284,0.0
1,404,1,1570,0.15
1,404,2,1307,0.15
1,404,3,2758,0.1
1,404,4,2839,0.05
1,404,5,2807,0.0
1,404,6,50,0.0
1,404,7,197,0.0
1,404,8,251,0.0
1,404,9,2316,0.0
1,404,10,2505,0.0
1,405,1,1301,0.1
1,405,2,1999,0.05
1,405,3,224,0.0
1,405,4,221,0.0
1,405,5,492,0.0
1,405,6,477,0.0
1,405,7,509,0.0
1,405,8,3030,0.0
1,405,9,902,0.0
1,405,10,1022,0.0
1,406,1,2235,0.2
1,406,2,2112,0.15
1,406,3,1301,0.1
1,406,4,2701,0.0
1,406,5,512,0.0
1,406,6,697,0.0
1,406,7,2380,0.0
1,406,8,2801,0.0
1,406,9,2241,0.0
1,406,10,2267,0.0
1,407,1,527,0.25
1,407,2,196,0.2
1,407,3,2504,0.15
1,407,4,1891,0.0
1,407,5,2689,0.0
1,407,6,1261,0.0
1,407,7,2933,0.0
1,407,8,597,0.0
1,407,9,577,0.0
1,407,10,3058,0.0
1,408,1,475,0.25
1,408,2,196,0.2
1,408,3,1999,0.05
1,408,4,1775,0.05
1,408,5,2901,0.05
1,408,6,212,0.0
1,408,7,2006,0.0
1,408,8,1766,0.0
1,408,9,575,0.0
1,408,10,1692,0.0
1,409,1,82,0.15
1,409,2,1333,0.15
1,409,3,2643,0.1
1,409,4,1118,0.0
1,409,5,2956,0.0
1,409,6,2988,0.0
1,409,7,2126,0.0
1,409,8,50,0.0
1,409,9,2203,0.0
1,409,10,2422,0.0
1,410,1,1333,0.15
1,410,2,82,0.15
1,410,3,2752,0.05
1,410,4,373,0.0
1,410,5,116,0.0
1,410,6,2057,0.0
1,410,7,1836,0.0
1,410,8,573,0.0
1,410,9,1212,0.0
1,410,10,818,0.0
1,411,1,1878,0.15
1,411,2,2488,0.15
1,411,3,2423,0.1
1,411,4,2370,0.05
1,411,5,522,0.0
1,411,6,682,0.0
1,411,7,989,0.0
1,411,8,1063,0.0
1,411,9,2216,0.0
1,411,10,1604,0.0
1,412,1,1878,0.15
1,412,2,493,0.15
1,412,3,2423,0.1
1,412,4,2254,0.0
1,412,5,262,0.0
1,412,6,2834,0.0
1,412,7,1859,0.0
1,412,8,2976,0.0
1,412,9,356,0.0
1,412,10,964,0.0
1,413,1,493,0.15
1,413,2,774,0.15
1,413,3,2785,0.1
1,413,4,163,0.0
1,413,5,1781,0.0
1,413,6,699,0.0
1,413,7,1662,0.0
1,413,8,1594,0.0
1,413,9,2954,0.0
1,413,10,2975,0.0
1,414,1,2488,0.15
1,414,2,3017,0.1
1,414,3,2423,0.1
1,414,4,1218,0.0
1,414,5,2853,0.0
1,414,6,2878,0.0
1,414,7,789,0.0
1,414,8,995,0.0
1,414,9,130,0.0
1,414,10,1406,0.0
1,415,1,201,0.15
1,415,2,1791,0.15
1,415,3,112,0.15
1,415,4,2423,0.05
1,415,5,2925,0.05
1,415,6,2138,0.0
1,415,7,677,0.0
1,415,8,2366,0.0
1,415,9,217,0.0
1,415,10,450,0.0
1,416,1,1040,0.1
1,416,2,1018,0.05
1,416,3,3073,0.0
1,416,4,2064,0.0
1,416,5,2658,0.0
1,416,6,1466,0.0
1,416,7,1589,0.0
1,416,8,3018,0.0
1,416,9,1654,0.0
1,416,10,1867,0.0
1,417,1,264,0.15
1,417,2,2035,0.05
1,417,3,1899,0.0
1,417,4,1777,0.0
1,417,5,1257,0.0
1,417,6,1337,0.0
1,417,7,2946,0.0
1,417,8,1610,0.0
1,417,9,1909,0.0
1,417,10,1443,0.0
1,418,1,535,0.25
1,418,2,1293,0.15
1,418,3,2047,0.05
1,418,4,1179,0.0
1,418,5,785,0.0
1,418,6,2074,0.0
1,418,7,1058,0.0
1,418,8,2690,0.0
1,418,9,3049,0.0
1,418,10,107,0.0
1,419,1,2183,0.2
1,419,2,3010,0.1
1,419,3,1196,0.1
1,419,4,1059,0.05
1,419,5,1303,0.0
1,419,6,2044,0.0
1,419,7,2014,0.0
1,419,8,1707,0.0
1,419,9,1745,0.0
1,419,10,1487,0.0
1,420,1,201,0.15
1,420,2,1884,0.1
1,420,3,2826,0.1
1,420,4,400,0.05
1,420,5,453,0.0
1,420,6,863,0.0
1,420,7,1524,0.0
1,420,8,1101,0.0
1,420,9,2683,0.0
1,420,10,1845,0.0
1,421,1,670,0.1
1,421,2,594,0.1
1,421,3,360,0.0
1,421,4,450,0.0
1,421,5,2041,0.0
1,421,6,1831,0.0
1,421,7,935,0.0
1,421,8,333,0.0
1,421,9,2965,0.0
1,421,10,838,0.0
1,422,1,2028,0.2
1,422,2,3019,0.15
1,422,3,1696,0.15
1,422,4,689,0.0
1,422,5,627,0.0
1,422,6,869,0.0
1,422,7,2771,0.0
1,422,8,2801,0.0
1,422,9,336,0.0
1,422,10,1284,0.0
1,423,1,112,0.15
1,423,2,704,0.1
1,423,3,1196,0.1
1,423,4,2864,0.0
1,423,5,1053,0.0
1,423,6,1425,0.0
1,423,7,2755,0.0
1,423,8,156,0.0
1,423,9,2644,0.0
1,423,10,2208,0.0
1,424,1,826,0.25
1,424,2,2721,0.25
1,424,3,576,0.1
1,424,4,1601,0.0
1,424,5,2569,0.0
1,424,6,2740,0.0
1,424,7,2817,0.0
1,424,8,1068,0.0
1,424,9,511,0.0
1,424,10,2828,0.0
1,425,1,2700,0.1
1,425,2,2359,0.1
1,425,3,1029,0.1
1,425,4,675,0.05
1,425,5,662,0.0
1,425,6,281,0.0
1,425,7,1211,0.0
1,425,8,2551,0.0
1,425,9,1160,0.0
1,425,10,1676,0.0
1,427,1,518,0.35
1,427,2,264,0.15
1,427,3,1899,0.05
1,427,4,3019,0.05
1,427,5,3056,0.0
1,427,6,129,0.0
1,427,7,1060,0.0
1,427,8,1489,0.0
1,427,9,2304,0.0
1,427,10,1237,0.0
1,428,1,538,0.2
1,428,2,2609,0.1
1,428,3,594,0.1
1,428,4,675,0.05
1,428,5,1921,0.0
1,428,6,336,0.0
1,428,7,953,0.0
1,428,8,2923,0.0
1,428,9,1205,0.0
1,428,10,108,0.0
1,429,1,538,0.2
1,429,2,2609,0.1
1,429,3,594,0.1
1,429,4,2055,0.0
1,429,5,558,0.0
1,429,6,2590,0.0
1,429,7,2318,0.0
1,429,8,217,0.0
1,429,9,288,0.0
1,429,10,2818,0.0
1,430,1,538,0.2
1,430,2,2609,0.1
1,430,3,594,0.1
1,430,4,417,0.0
1,430,5,2555,0.0
1,430,6,2793,0.0
1,430,7,2569,0.0
1,430,8,3036,0.0
1,430,9,2991,0.0
1,430,10,629,0.0
1,435,1,518,0.35
1,435,2,264,0.15
1,435,3,1029,0.05
1,435,4,2922,0.0
1,435,5,1734,0.0
1,435,6,2050,0.0
1,435,7,1163,0.0
1,435,8,436,0.0
1,435,9,2473,0.0
1,435,10,593,0.0
1,436,1,535,0.2
1,436,2,624,0.1
1,436,3,1029,0.05
1,436,4,742,0.05
1,436,5,494,0.05
1,436,6,2706,0.0
1,436,7,2666,0.0
1,436,8,1970,0.0
1,436,9,174,0.0
1,436,10,1714,0.0
1,437,1,2700,0.1
1,437,2,1029,0.05
1,437,3,742,0.05
1,437,4,778,0.0
1,437,5,504,0.0
1,437,6,148,0.0
1,437,7,390,0.0
1,437,8,474,0.0
1,437,9,294,0.0
1,437,10,1080,0.0
1,438,1,585,0.2
1,438,2,2359,0.1
1,438,3,742,0.05
1,438,4,2517,0.0
1,438,5,11,0.0
1,438,6,1110,0.0
1,438,7,1390,0.0
1,438,8,375,0.0
1,438,9,453,0.0
1,438,10,1947,0.0
1,439,1,2205,0.2
1,439,2,1467,0.2
1,439,3,457,0.0
1,439,4,2549,0.0
1,439,5,2777,0.0
1,439,6,681,0.0
1,439,7,507,0.0
1,439,8,2696,0.0
1,439,9,737,0.0
1,439,10,2334,0.0
1,441,1,884,0.15
1,441,2,2725,0.1
1,441,3,1040,0.1
1,441,4,572,0.0
1,441,5,3011,0.0
1,441,6,1788,0.0
1,441,7,1152,0.0
1,441,8,2067,0.0
1,441,9,2058,0.0
1,441,10,1792,0.0
1,443,1,1590,0.1
1,443,2,2761,0.1
1,443,3,461,0.05
1,443,4,896,0.0
1,443,5,1546,0.0
1,443,6,2589,0.0
1,443,7,1541,0.0
1,443,8,2681,0.0
1,443,9,2510,0.0
1,443,10,2012,0.0
1,445,1,58,0.1
1,445,2,2173,0.05
1,445,3,544,0.05
1,445,4,1839,0.05
1,445,5,2018,0.05
1,445,6,1376,0.0
1,445,7,2693,0.0
1,445,8,1561,0.0
1,445,9,682,0.0
1,445,10,580,0.0
1,446,1,466,0.1
1,446,2,581,0.1
1,446,3,2173,0.05
1,446,4,1872,0.05
1,446,5,2539,0.0
1,446,6,405,0.0
1,446,7,1808,0.0
1,446,8,1549,0.0
1,446,9,3023,0.0
1,446,10,1691,0.0
1,448,1,394,0.2
1,448,2,191,0.2
1,448,3,410,0.1
1,448,4,3008,0.0
1,448,5,1425,0.0
1,448,6,2820,0.0
1,448,7,2782,0.0
1,448,8,2103,0.0
1,448,9,626,0.0
1,448,10,1728,0.0
1,449,1,672,0.25
1,449,2,301,0.2
1,449,3,1603,0.05
1,449,4,949,0.05
1,449,5,642,0.0
1,449,6,1974,0.0
1,449,7,2767,0.0
1,449,8,2192,0.0
1,449,9,1857,0.0
1,449,10,2908,0.0
1,450,1,173,0.2
1,450,2,507,0.2
1,450,3,1603,0.05
1,450,4,2485,0.0
1,450,5,1962,0.0
1,450,6,1686,0.0
1,450,7,277,0.0
1,450,8,1804,0.0
1,450,9,339,0.0
1,450,10,696,0.0
1,451,1,2391,0.3
1,451,2,672,0.25
1,451,3,301,0.2
1,451,4,1603,0.05
1,451,5,2934,0.0
1,451,6,465,0.0
1,451,7,199,0.0
1,451,8,567,0.0
1,451,9,364,0.0
1,451,10,218,0.0
1,452,1,507,0.2
1,452,2,1009,0.1
1,452,3,1603,0.05
1,452,4,1712,0.05
1,452,5,2517,0.0
1,452,6,1978,0.0
1,452,7,1062,0.0
1,452,8,377,0.0
1,452,9,1481,0.0
1,452,10,2355,0.0
1,453,1,1718,0.2
1,453,2,1048,0.2
1,453,3,1587,0.15
1,453,4,1900,0.0
1,453,5,2334,0.0
1,453,6,1447,0.0
1,453,7,1338,0.0
1,453,8,1395,0.0
1,453,9,525,0.0
1,453,10,2950,0.0
1,454,1,2814,0.2
1,454,2,507,0.2
1,454,3,2704,0.15
1,454,4,2686,0.0
1,454,5,2701,0.0
1,454,6,2451,0.0
1,454,7,2059,0.0
1,454,8,621,0.0
1,454,9,720,0.0
1,454,10,1648,0.0
1,455,1,665,0.25
1,455,2,949,0.05
1,455,3,1104,0.05
1,455,4,1698,0.0
1,455,5,1456,0.0
1,455,6,1822,0.0
1,455,7,2403,0.0
1,455,8,2158,0.0
1,455,9,1248,0.0
1,455,10,2479,0.0
1,456,1,2704,0.15
1,456,2,1587,0.15
1,456,3,1759,0.05
1,456,4,1683,0.0
1,456,5,2393,0.0
1,456,6,1060,0.0
1,456,7,805,0.0
1,456,8,2575,0.0
1,456,9,1480,0.0
1,456,10,1877,0.0
1,457,1,1200,0.2
1,457,2,2033,0.1
1,457,3,893,0.0
1,457,4,1521,0.0
1,457,5,2978,0.0
1,457,6,709,0.0
1,457,7,1670,0.0
1,457,8,595,0.0
1,457,9,1156,0.0
1,457,10,2187,0.0
1,458,1,173,0.2
1,458,2,2704,0.15
1,458,3,1009,0.1
1,458,4,833,0.1
1,458,5,2430,0.0
1,458,6,2534,0.0
1,458,7,1163,0.0
1,458,8,868,0.0
1,458,9,1940,0.0
1,458,10,2800,0.0
1,459,1,1723,0.2
1,459,2,863,0.15
1,459,3,732,0.05
1,459,4,301,0.05
1,459,5,2632,0.0
1,459,6,1360,0.0
1,459,7,478,0.0
1,459,8,1708,0.0
1,459,9,2406,0.0
1,459,10,1777,0.0
1,460,1,1153,0.25
1,460,2,1354,0.25
1,460,3,2493,0.05
1,460,4,1738,0.05
1,460,5,2920,0.05
1,460,6,2833,0.0
1,460,7,2091,0.0
1,460,8,1141,0.0
1,460,9,2457,0.0
1,460,10,1510,0.0
1,461,1,554,0.2
1,461,2,1260,0.05
1,461,3,1157,0.0
1,461,4,3058,0.0
1,461,5,1765,0.0
1,461,6,1338,0.0
1,461,7,1796,0.0
1,461,8,1599,0.0
1,461,9,2134,0.0
1,461,10,1993,0.0
1,462,1,444,0.15
1,462,2,3084,0.05
1,462,3,405,0.0
1,462,4,2907,0.0
1,462,5,3071,0.0
1,462,6,911,0.0
1,462,7,25,0.0
1,462,8,937,0.0
1,462,9,2214,0.0
1,462,10,1512,0.0
1,463,1,1723,0.2
1,463,2,3084,0.05
1,463,3,1157,0.0
1,463,4,4,0.0
1,463,5,1338,0.0
1,463,6,1719,0.0
1,463,7,59,0.0
1,463,8,907,0.0
1,463,9,789,0.0
1,463,10,1288,0.0
1,467,1,2931,0.15
1,467,2,905,0.1
1,467,3,2892,0.05
1,467,4,137,0.0
1,467,5,184,0.0
1,467,6,3006,0.0
1,467,7,2025,0.0
1,467,8,1980,0.0
1,467,9,13,0.0
1,467,10,669,0.0
1,468,1,575,0.15
1,468,2,2157,0.15
1,468,3,1237,0.05
1,468,4,38,0.05
1,468,5,2495,0.0
1,468,6,904,0.0
1,468,7,13,0.0
1,468,8,1875,0.0
1,468,9,3032,0.0
1,468,10,2917,0.0
1,469,1,554,0.2
1,469,2,536,0.2
1,469,3,863,0.15
1,469,4,1659,0.0
1,469,5,1463,0.0
1,469,6,2104,0.0
1,469,7,2520,0.0
1,469,8,486,0.0
1,469,9,636,0.0
1,469,10,696,0.0
1,470,1,2862,0.15
1,470,2,2355,0.15
1,470,3,668,0.15
1,470,4,1136,0.0
1,470,5,2967,0.0
1,470,6,1384,0.0
1,470,7,2492,0.0
1,470,8,2825,0.0
1,470,9,189,0.0
1,470,10,630,0.0
1,471,1,2256,0.25
1,471,2,2048,0.05
1,471,3,1981,0.05
1,471,4,195,0.0
1,471,5,1866,0.0
1,471,6,63,0.0
1,471,7,1745,0.0
1,471,8,1904,0.0
1,471,9,1623,0.0
1,471,10,2982,0.0
1,472,1,2048,0.05
1,472,2,950,0.05
1,472,3,1461,0.05
1,472,4,1742,0.05
1,472,5,229,0.05
1,472,6,809,0.0
1,472,7,676,0.0
1,472,8,1060,0.0
1,472,9,763,0.0
1,472,10,1976,0.0
1,474,1,1829,0.3
1,474,2,2256,0.25
1,474,3,2048,0.05
1,474,4,2788,0.0
1,474,5,1192,0.0
1,474,6,2001,0.0
1,474,7,2534,0.0
1,474,8,2139,0.0
1,474,9,523,0.0
1,474,10,1375,0.0
1,475,1,1063,0.35
1,475,2,2048,0.05
1,475,3,950,0.05
1,475,4,33,0.0
1,475,5,638,0.0
1,475,6,1199,0.0
1,475,7,1702,0.0
1,475,8,2040,0.0
1,475,9,467,0.0
1,475,10,2437,0.0
1,476,1,1447,0.25
1,476,2,707,0.25
1,476,3,2048,0.05
1,476,4,712,0.0
1,476,5,2660,0.0
1,476,6,454,0.0
1,476,7,2546,0.0
1,476,8,2215,0.0
1,476,9,1201,0.0
1,476,10,2463,0.0
1,477,1,2432,0.35
1,477,2,1698,0.3
1,477,3,1829,0.3
1,477,4,675,0.05
1,477,5,416,0.0
1,477,6,898,0.0
1,477,7,2955,0.0
1,477,8,1889,0.0
1,477,9,2196,0.0
1,477,10,39,0.0
1,478,1,1698,0.3
1,478,2,1981,0.05
1,478,3,229,0.05
1,478,4,1841,0.0
1,478,5,1223,0.0
1,478,6,1896,0.0
1,478,7,1426,0.0
1,478,8,1333,0.0
1,478,9,2221,0.0
1,478,10,495,0.0
1,479,1,1613,0.1
1,479,2,2377,0.05
1,479,3,96,0.0
1,479,4,52,0.0
1,479,5,2157,0.0
1,479,6,844,0.0
1,479,7,1675,0.0
1,479,8,1854,0.0
1,479,9,2741,0.0
1,479,10,1220,0.0
1,480,1,1447,0.25
1,480,2,229,0.05
1,480,3,950,0.05
1,480,4,2,0.0
1,480,5,2885,0.0
1,480,6,357,0.0
1,480,7,2814,0.0
1,480,8,3059,0.0
1,480,9,1877,0.0
1,480,10,2852,0.0
1,481,1,479,0.1
1,481,2,2100,0.05
1,481,3,1992,0.05
1,481,4,570,0.0
1,481,5,595,0.0
1,481,6,2814,0.0
1,481,7,2927,0.0
1,481,8,2548,0.0
1,481,9,1148,0.0
1,481,10,438,0.0
1,483,1,306,0.1
1,483,2,2053,0.05
1,483,3,1547,0.05
1,483,4,2100,0.05
1,483,5,2595,0.0
1,483,6,2782,0.0
1,483,7,1438,0.0
1,483,8,730,0.0
1,483,9,898,0.0
1,483,10,2910,0.0
1,484,1,306,0.1
1,484,2,1547,0.05
1,484,3,2100,0.05
1,484,4,2272,0.0
1,484,5,1836,0.0
1,484,6,2222,0.0
1,484,7,1360,0.0
1,484,8,1558,0.0
1,484,9,726,0.0
1,484,10,132,0.0
1,485,1,2972,0.15
1,485,2,1547,0.05
1,485,3,1985,0.05
1,485,4,1109,0.05
1,485,5,1221,0.0
1,485,6,220,0.0
1,485,7,782,0.0
1,485,8,2009,0.0
1,485,9,2371,0.0
1,485,10,2943,0.0
1,486,1,512,0.1
1,486,2,1109,0.05
1,486,3,2606,0.0
1,486,4,685,0.0
1,486,5,677,0.0
1,486,6,2035,0.0
1,486,7,2381,0.0
1,486,8,3071,0.0
1,486,9,2523,0.0
1,486,10,2842,0.0
1,487,1,1252,0.1
1,487,2,731,0.05
1,487,3,2377,0.05
1,487,4,2606,0.0
1,487,5,2451,0.0
1,487,6,9,0.0
1,487,7,2937,0.0
1,487,8,47,0.0
1,487,9,1590,0.0
1,487,10,358,0.0
1,491,1,1278,0.1
1,491,2,1212,0.1
1,491,3,1682,0.1
1,491,4,2329,0.0
1,491,5,2468,0.0
1,491,6,344,0.0
1,491,7,2083,0.0
1,491,8,2272,0.0
1,491,9,1893,0.0
1,491,10,925,0.0
1,492,1,1831,0.1
1,492,2,2898,0.1
1,492,3,495,0.05
1,492,4,1009,0.0
1,492,5,648,0.0
1,492,6,875,0.0
1,492,7,1908,0.0
1,492,8,1983,0.0
1,492,9,359,0.0
1,492,10,2775,0.0
1,493,1,1682,0.1
1,493,2,1831,0.1
1,493,3,495,0.05
1,493,4,1055,0.05
1,493,5,300,0.0
1,493,6,530,0.0
1,493,7,772,0.0
1,493,8,1250,0.0
1,493,9,1275,0.0
1,493,10,71,0.0
1,494,1,1836,0.15
1,494,2,1212,0.1
1,494,3,495,0.05
1,494,4,2085,0.0
1,494,5,2590,0.0
1,494,6,1200,0.0
1,494,7,2561,0.0
1,494,8,528,0.0
1,494,9,1058,0.0
1,494,10,2829,0.0
1,495,1,2866,0.0
1,495,2,2200,0.0
1,495,3,1699,0.0
1,495,4,2034,0.0
1,495,5,2737,0.0
1,495,6,1272,0.0
1,495,7,2566,0.0
1,495,8,3048,0.0
1,495,9,1246,0.0
1,495,10,634,0.0
2,1,1,500,0.1
2,1,2,1055,0.0
2,1,3,318,0.0
2,1,4,1243,0.0
2,1,5,272,0.0
2,1,6,55,0.0
2,1,7,3072,0.0
2,1,8,1042,0.0
2,1,9,3060,0.0
2,1,10,1647,0.0
2,2,1,2370,0.05
2,2,2,667,0.0
2,2,3,1609,0.0
2,2,4,270,0.0
2,2,5,2135,0.0
2,2,6,1684,0.0
2,2,7,630,0.0
2,2,8,2980,0.0
2,2,9,609,0.0
2,2,10,2767,0.0
2,3,1,2287,0.1
2,3,2,1927,0.0
2,3,3,1704,0.0
2,3,4,1990,0.0
2,3,5,1612,0.0
2,3,6,1803,0.0
2,3,7,909,0.0
2,3,8,886,0.0
2,3,9,2565,0.0
2,3,10,2815,0.0
2,4,1,766,0.0
2,4,2,494,0.0
2,4,3,1115,0.0
2,4,4,2974,0.0
2,4,5,1322,0.0
2,4,6,2221,0.0
2,4,7,2624,0.0
2,4,8,1177,0.0
2,4,9,276,0.0
2,4,10,834,0.0
2,7,1,480,0.1
2,7,2,461,0.1
2,7,3,429,0.0
2,7,4,2718,0.0
2,7,5,1443,0.0
2,7,6,1173,0.0
2,7,7,1198,0.0
2,7,8,843,0.0
2,7,9,1880,0.0
2,7,10,2487,0.0
2,8,1,1237,0.05
2,8,2,706,0.05
2,8,3,612,0.05
2,8,4,2152,0.0
2,8,5,2637,0.0
2,8,6,1679,0.0
2,8,7,1857,0.0
2,8,8,2313,0.0
2,8,9,1069,0.0
2,8,10,2212,0.0
2,9,1,2677,0.05
2,9,2,1839,0.05
2,9,3,476,0.05
2,9,4,2272,0.0
2,9,5,1951,0.0
2,9,6,1001,0.0
2,9,7,2168,0.0
2,9,8,1167,0.0
2,9,9,2809,0.0
2,9,10,808,0.0
2,10,1,2738,0.1
2,10,2,2894,0.0
2,10,3,967,0.0
2,10,4,2962,0.0
2,10,5,1464,0.0
2,10,6,1996,0.0
2,10,7,1901,0.0
2,10,8,619,0.0
2,10,9,1452,0.0
2,10,10,1740,0.0
2,11,1,1821,0.0
2,11,2,2002,0.0
2,11,3,2670,0.0
2,11,4,580,0.0
2,11,5,1558,0.0
2,11,6,2229,0.0
2,11,7,976,0.0
2,11,8,2919,0.0
2,11,9,590,0.0
2,11,10,2179,0.0
2,12,1,1858,0.0
2,12,2,2989,0.0
2,12,3,2322,0.0
2,12,4,1145,0.0
2,12,5,2028,0.0
2,12,6,366,0.0
2,12,7,2181,0.0
2,12,8,1018,0.0
2,12,9,2886,0.0
2,12,10,1274,0.0
2,13,1,1645,0.2
2,13,2,2474,0.0
2,13,3,1637,0.0
2,13,4,876,0.0
2,13,5,2418,0.0
2,13,6,2388,0.0
2,13,7,2401,0.0
2,13,8,3013,0.0
2,13,9,919,0.0
2,13,10,2494,0.0
2,14,1,1279,0.1
2,14,2,2533,0.0
2,14,3,2481,0.0
2,14,4,1527,0.0
2,14,5,2045,0.0
2,14,6,736,0.0
2,14,7,2425,0.0
2,14,8,2703,0.0
2,14,9,675,0.0
2,14,10,2747,0.0
2,15,1,2920,0.05
2,15,2,689,0.05
2,15,3,1778,0.0
2,15,4,1492,0.0
2,15,5,2821,0.0
2,15,6,2491,0.0
2,15,7,2782,0.0
2,15,8,1062,0.0
2,15,9,815,0.0
2,15,10,107,0.0
2,16,1,1833,0.05
2,16,2,2111,0.05
2,16,3,2435,0.0
2,16,4,1371,0.0
2,16,5,270,0.0
2,16,6,838,0.0
2,16,7,1606,0.0
2,16,8,2228,0.0
2,16,9,1933,0.0
2,16,10,646,0.0
2,17,1,257,0.1
2,17,2,2804,0.0
2,17,3,1419,0.0
2,17,4,2154,0.0
2,17,5,1426,0.0
2,17,6,808,0.0
2,17,7,1191,0.0
2,17,8,2192,0.0
2,17,9,2588,0.0
2,17,10,1289,0.0
2,18,1,1502,0.05
2,18,2,1127,0.05
2,18,3,990,0.0
2,18,4,1380,0.0
2,18,5,2209,0.0
2,18,6,314,0.0
2,18,7,1420,0.0
2,18,8,54,0.0
2,18,9,294,0.0
2,18,10,540,0.0
2,20,1,1751,0.1
2,20,2,1979,0.1
2,20,3,880,0.05
2,20,4,839,0.0
2,20,5,869,0.0
2,20,6,1739,0.0
2,20,7,864,0.0
2,20,8,2400,0.0
2,20,9,44,0.0
2,20,10,177,0.0
2,21,1,1044,0.0
2,21,2,739,0.0
2,21,3,2600,0.0
2,21,4,1796,0.0
2,21,5,3051,0.0
2,21,6,422,0.0
2,21,7,1311,0.0
2,21,8,2679,0.0
2,21,9,607,0.0
2,21,10,55,0.0
2,22,1,2367,0.05
2,22,2,1428,0.0
2,22,3,164,0.0
2,22,4,2211,0.0
2,22,5,969,0.0
2,22,6,321,0.0
2,22,7,90,0.0
2,22,8,415,0.0
2,22,9,2724,0.0
2,22,10,425,0.0
2,23,1,39,0.0
2,23,2,534,0.0
2,23,3,1189,0.0
2,23,4,1475,0.0
2,23,5,1402,0.0
2,23,6,1131,0.0
2,23,7,1808,0.0
2,23,8,2927,0.0
2,23,9,1281,0.0
2,23,10,1935,0.0
2,24,1,1644,0.1
2,24,2,1521,0.1
2,24,3,1087,0.05
2,24,4,1812,0.05
2,24,5,1487,0.05
2,24,6,565,0.0
2,24,7,1657,0.0
2,24,8,633,0.0
2,24,9,967,0.0
2,24,10,2574,0.0
2,26,1,1588,0.0
2,26,2,1438,0.0
2,26,3,955,0.0
2,26,4,14,0.0
2,26,5,3049,0.0
2,26,6,24,0.0
2,26,7,1214,0.0
2,26,8,1484,0.0
2,26,9,748,0.0
2,26,10,681,0.0
2,27,1,3018,0.1
2,27,2,2521,0.05
2,27,3,1340,0.0
2,27,4,1775,0.0
2,27,5,1349,0.0
2,27,6,1425,0.0
2,27,7,2429,0.0
2,27,8,89,0.0
2,27,9,147,0.0
2,27,10,2892,0.0
2,28,1,184,0.15
2,28,2,3016,0.05
2,28,3,1853,0.0
2,28,4,1386,0.0
2,28,5,610,0.0
2,28,6,1333,0.0
2,28,7,1229,0.0
2,28,8,2170,0.0
2,28,9,2856,0.0
2,28,10,1028,0.0
2,29,1,557,0.15
2,29,2,560,0.0
2,29,3,1130,0.0
2,29,4,469,0.0
2,29,5,790,0.0
2,29,6,481,0.0
2,29,7,1537,0.0
2,29,8,157,0.0
2,29,9,804,0.0
2,29,10,1372,0.0
2,31,1,2258,0.15
2,31,2,2238,0.1
2,31,3,1427,0.0
2,31,4,421,0.0
2,31,5,1883,0.0
2,31,6,2522,0.0
2,31,7,1384,0.0
2,31,8,1341,0.0
2,31,9,2246,0.0
2,31,10,98,0.0
2,32,1,1246,0.05
2,32,2,1982,0.0
2,32,3,875,0.0
2,32,4,358,0.0
2,32,5,2623,0.0
2,32,6,936,0.0
2,32,7,456,0.0
2,32,8,2772,0.0
2,32,9,2011,0.0
2,32,10,606,0.0
2,33,1,1712,0.2
2,33,2,2985,0.1
2,33,3,644,0.05
2,33,4,1374,0.0
2,33,5,2862,0.0
2,33,6,38,0.0
2,33,7,148,0.0
2,33,8,1825,0.0
2,33,9,724,0.0
2,33,10,938,0.0
2,34,1,402,0.15
2,34,2,2810,0.0
2,34,3,2714,0.0
2,34,4,193,0.0
2,34,5,2493,0.0
2,34,6,830,0.0
2,34,7,2631,0.0
2,34,8,2573,0.0
2,34,9,2179,0.0
2,34,10,523,0.0
2,35,1,652,0.15
2,35,2,1223,0.0
2,35,3,73,0.0
2,35,4,1722,0.0
2,35,5,1705,0.0
2,35,6,1200,0.0
2,35,7,1949,0.0
2,35,8,586,0.0
2,35,9,186,0.0
2,35,10,2794,0.0
2,36,1,1620,0.0
2,36,2,2673,0.0
2,36,3,2969,0.0
2,36,4,2573,0.0
2,36,5,137,0.0
2,36,6,1393,0.0
2,36,7,2422,0.0
2,36,8,2825,0.0
2,36,9,659,0.0
2,36,10,1681,0.0
2,37,1,2395,0.05
2,37,2,1300,0.05
2,37,3,409,0.0
2,37,4,2797,0.0
2,37,5,667,0.0
2,37,6,1409,0.0
2,37,7,2729,0.0
2,37,8,550,0.0
2,37,9,2408,0.0
2,37,10,1103,0.0
2,38,1,1621,0.2
2,38,2,2195,0.1
2,38,3,2369,0.05
2,38,4,2511,0.0
2,38,5,1421,0.0
2,38,6,2032,0.0
2,38,7,2571,0.0
2,38,8,1728,0.0
2,38,9,599,0.0
2,38,10,371,0.0
2,39,1,530,0.1
2,39,2,736,0.05
2,39,3,2369,0.05
2,39,4,400,0.05
2,39,5,96,0.0
2,39,6,2461,0.0
2,39,7,2706,0.0
2,39,8,1144,0.0
2,39,9,2800,0.0
2,39,10,2340,0.0
2,40,1,2195,0.1
2,40,2,530,0.1
2,40,3,736,0.05
2,40,4,2496,0.0
2,40,5,2258,0.0
2,40,6,2110,0.0
2,40,7,1744,0.0
2,40,8,298,0.0
2,40,9,2499,0.0
2,40,10,2025,0.0
2,42,1,667,0.3
2,42,2,1848,0.15
2,42,3,113,0.15
2,42,4,839,0.0
2,42,5,100,0.0
2,42,6,1906,0.0
2,42,7,2690,0.0
2,42,8,2435,0.0
2,42,9,2784,0.0
2,42,10,279,0.0
2,43,1,1738,0.3
2,43,2,1818,0.3
2,43,3,2193,0.1
2,43,4,656,0.0
2,43,5,1552,0.0
2,43,6,623,0.0
2,43,7,616,0.0
2,43,8,492,0.0
2,43,9,1034,0.0
2,43,10,2245,0.0
2,45,1,667,0.3
2,45,2,1738,0.3
2,45,3,390,0.3
2,45,4,2937,0.05
2,45,5,2184,0.0
2,45,6,383,0.0
2,45,7,2197,0.0
2,45,8,932,0.0
2,45,9,1126,0.0
2,45,10,928,0.0
2,46,1,2,0.2
2,46,2,113,0.15
2,46,3,1848,0.15
2,46,4,2053,0.05
2,46,5,2269,0.0
2,46,6,2278,0.0
2,46,7,1780,0.0
2,46,8,743,0.0
2,46,9,1882,0.0
2,46,10,290,0.0
2,47,1,2273,0.4
2,47,2,1818,0.3
2,47,3,1848,0.15
2,47,4,1295,0.05
2,47,5,2966,0.0
2,47,6,2154,0.0
2,47,7,368,0.0
2,47,8,601,0.0
2,47,9,629,0.0
2,47,10,596,0.0
2,48,1,471,0.4
2,48,2,1417,0.4
2,48,3,390,0.3
2,48,4,3058,0.0
2,48,5,1023,0.0
2,48,6,2976,0.0
2,48,7,2257,0.0
2,48,8,388,0.0
2,48,9,22,0.0
2,48,10,3038,0.0
2,49,1,1738,0.3
2,49,2,1848,0.15
2,49,3,2193,0.1
2,49,4,2933,0.05
2,49,5,2398,0.0
2,49,6,223,0.0
2,49,7,2801,0.0
2,49,8,1408,0.0
2,49,9,1065,0.0
2,49,10,1857,0.0
2,50,1,2,0.2
2,50,2,248,0.15
2,50,3,2193,0.1
2,50,4,2674,0.0
2,50,5,1623,0.0
2,50,6,260,0.0
2,50,7,1711,0.0
2,50,8,2832,0.0
2,50,9,2343,0.0
2,50,10,1060,0.0
2,51,1,390,0.3
2,51,2,667,0.3
2,51,3,2,0.2
2,51,4,513,0.0
2,51,5,2533,0.0
2,51,6,2508,0.0
2,51,7,2290,0.0
2,51,8,1055,0.0
2,51,9,2946,0.0
2,51,10,425,0.0
2,52,1,484,0.2
2,52,2,948,0.1
2,52,3,1710,0.05
2,52,4,380,0.0
2,52,5,571,0.0
2,52,6,566,0.0
2,52,7,687,0.0
2,52,8,234,0.0
2,52,9,329,0.0
2,52,10,316,0.0
2,53,1,1082,0.2
2,53,2,2206,0.15
2,53,3,137,0.1
2,53,4,661,0.0
2,53,5,2669,0.0
2,53,6,1570,0.0
2,53,7,676,0.0
2,53,8,1220,0.0
2,53,9,1110,0.0
2,53,10,798,0.0
2,54,1,1821,0.15
2,54,2,1279,0.15
2,54,3,3059,0.05
2,54,4,2090,0.0
2,54,5,254,0.0
2,54,6,2030,0.0
2,54,7,2300,0.0
2,54,8,333,0.0
2,54,9,321,0.0
2,54,10,892,0.0
2,55,1,1495,0.15
2,55,2,948,0.1
2,55,3,301,0.0
2,55,4,1106,0.0
2,55,5,2547,0.0
2,55,6,2728,0.0
2,55,7,576,0.0
2,55,8,2540,0.0
2,55,9,2117,0.0
2,55,10,893,0.0
2,56,1,271,0.2
2,56,2,2963,0.1
2,56,3,1546,0.1
2,56,4,2098,0.05
2,56,5,1449,0.0
2,56,6,2381,0.0
2,56,7,2998,0.0
2,56,8,1419,0.0
2,56,9,2938,0.0
2,56,10,2554,0.0
2,57,1,1600,0.15
2,57,2,890,0.1
2,57,3,1628,0.1
2,57,4,414,0.05
2,57,5,1596,0.0
2,57,6,1177,0.0
2,57,7,1810,0.0
2,57,8,2080,0.0
2,57,9,530,0.0
2,57,10,1558,0.0
2,58,1,1628,0.15
2,58,2,2016,0.05
2,58,3,2681,0.0
2,58,4,241,0.0
2,58,5,2157,0.0
2,58,6,158,0.0
2,58,7,1463,0.0
2,58,8,1924,0.0
2,58,9,379,0.0
2,58,10,84,0.0
2,59,1,1600,0.15
2,59,2,1365,0.15
2,59,3,1546,0.1
2,59,4,2933,0.05
2,59,5,1415,0.05
2,59,6,1885,0.0
2,59,7,790,0.0
2,59,8,2252,0.0
2,59,9,1560,0.0
2,59,10,262,0.0
2,60,1,584,0.2
2,60,2,2914,0.15
2,60,3,2583,0.05
2,60,4,1657,0.05
2,60,5,1059,0.05
2,60,6,1516,0.0
2,60,7,1081,0.0
2,60,8,2110,0.0
2,60,9,626,0.0
2,60,10,792,0.0
2,61,1,2914,0.15
2,61,2,1012,0.15
2,61,3,1089,0.1
2,61,4,847,0.0
2,61,5,196,0.0
2,61,6,2253,0.0
2,61,7,1290,0.0
2,61,8,1022,0.0
2,61,9,1182,0.0
2,61,10,433,0.0
2,62,1,2121,0.2
2,62,2,99,0.15
2,62,3,2408,0.05
2,62,4,2448,0.05
2,62,5,1217,0.0
2,62,6,367,0.0
2,62,7,200,0.0
2,62,8,342,0.0
2,62,9,177,0.0
2,62,10,1349,0.0
2,63,1,1012,0.15
2,63,2,2583,0.05
2,63,3,346,0.05
2,63,4,1775,0.05
2,63,5,1691,0.05
2,63,6,2692,0.0
2,63,7,2507,0.0
2,63,8,419,0.0
2,63,9,2555,0.0
2,63,10,1597,0.0
2,64,1,1055,0.15
2,64,2,2742,0.05
2,64,3,131,0.0
2,64,4,1437,0.0
2,64,5,468,0.0
2,64,6,2848,0.0
2,64,7,954,0.0
2,64,8,1345,0.0
2,64,9,2574,0.0
2,64,10,71,0.0
2,65,1,205,0.15
2,65,2,2395,0.05
2,65,3,2776,0.05
2,65,4,2792,0.0
2,65,5,2204,0.0
2,65,6,1159,0.0
2,65,7,1036,0.0
2,65,8,658,0.0
2,65,9,1789,0.0
2,65,10,236,0.0
2,66,1,2352,0.1
2,66,2,750,0.1
2,66,3,426,0.05
2,66,4,2125,0.0
2,66,5,1355,0.0
2,66,6,1221,0.0
2,66,7,2826,0.0
2,66,8,766,0.0
2,66,9,444,0.0
2,66,10,718,0.0
2,67,1,2581,0.1
2,67,2,2352,0.1
2,67,3,1055,0.05
2,67,4,2742,0.05
2,67,5,2901,0.0
2,67,6,36,0.0
2,67,7,1205,0.0
2,67,8,2652,0.0
2,67,9,2375,0.0
2,67,10,900,0.0
2,68,1,480,0.15
2,68,2,2581,0.1
2,68,3,1543,0.05
2,68,4,1461,0.05
2,68,5,2998,0.05
2,68,6,310,0.05
2,68,7,428,0.0
2,68,8,1427,0.0
2,68,9,730,0.0
2,68,10,981,0.0
2,69,1,1538,0.15
2,69,2,205,0.15
2,69,3,2742,0.05
2,69,4,1833,0.05
2,69,5,1692,0.0
2,69,6,1520,0.0
2,69,7,1235,0.0
2,69,8,816,0.0
2,69,9,294,0.0
2,69,10,2051,0.0
2,70,1,1538,0.1
2,70,2,2481,0.1
2,70,3,2366,0.05
2,70,4,601,0.05
2,70,5,1038,0.05
2,70,6,532,0.0
2,70,7,3011,0.0
2,70,8,577,0.0
2,70,9,2010,0.0
2,70,10,2792,0.0
2,72,1,3042,0.1
2,72,2,6,0.05
2,72,3,2922,0.05
2,72,4,1745,0.0
2,72,5,2198,0.0
2,72,6,2949,0.0
2,72,7,1695,0.0
2,72,8,154,0.0
2,72,9,843,0.0
2,72,10,1153,0.0
2,73,1,3042,0.1
2,73,2,1737,0.05
2,73,3,148,0.0
2,73,4,204,0.0
2,73,5,319,0.0
2,73,6,2929,0.0
2,73,7,2816,0.0
2,73,8,2030,0.0
2,73,9,1541,0.0
2,73,10,560,0.0
2,74,1,3042,0.1
2,74,2,2405,0.1
2,74,3,1737,0.05
2,74,4,2892,0.05
2,74,5,2111,0.05
2,74,6,2003,0.05
2,74,7,1059,0.05
2,74,8,1404,0.0
2,74,9,612,0.0
2,74,10,2866,0.0
2,75,1,400,0.2
2,75,2,1737,0.05
2,75,3,2747,0.0
2,75,4,987,0.0
2,75,5,1781,0.0
2,75,6,1440,0.0
2,75,7,2321,0.0
2,75,8,737,0.0
2,75,9,2373,0.0
2,75,10,652,0.0
2,76,1,1710,0.15
2,76,2,1362,0.1
2,76,3,2162,0.05
2,76,4,1341,0.05
2,76,5,2228,0.0
2,76,6,1294,0.0
2,76,7,397,0.0
2,76,8,845,0.0
2,76,9,365,0.0
2,76,10,428,0.0
2,77,1,2387,0.1
2,77,2,732,0.1
2,77,3,2162,0.05
2,77,4,748,0.05
2,77,5,529,0.0
2,77,6,2616,0.0
2,77,7,1486,0.0
2,77,8,547,0.0
2,77,9,394,0.0
2,77,10,2327,0.0
2,78,1,1427,0.1
2,78,2,2161,0.1
2,78,3,1254,0.05
2,78,4,381,0.0
2,78,5,3056,0.0
2,78,6,871,0.0
2,78,7,1017,0.0
2,78,8,2719,0.0
2,78,9,1519,0.0
2,78,10,3082,0.0
2,80,1,62,0.1
2,80,2,128,0.05
2,80,3,2987,0.0
2,80,4,2233,0.0
2,80,5,2793,0.0
2,80,6,2492,0.0
2,80,7,1363,0.0
2,80,8,919,0.0
2,80,9,1334,0.0
2,80,10,161,0.0
2,81,1,567,0.15
2,81,2,655,0.15
2,81,3,2892,0.15
2,81,4,1570,0.0
2,81,5,1546,0.0
2,81,6,459,0.0
2,81,7,960,0.0
2,81,8,1622,0.0
2,81,9,1647,0.0
2,81,10,458,0.0
2,82,1,2114,0.1
2,82,2,3032,0.1
2,82,3,1889,0.0
2,82,4,50,0.0
2,82,5,1122,0.0
2,82,6,2373,0.0
2,82,7,526,0.0
2,82,8,1636,0.0
2,82,9,1588,0.0
2,82,10,2754,0.0
2,83,1,2985,0.15
2,83,2,1335,0.15
2,83,3,2302,0.15
2,83,4,699,0.05
2,83,5,1522,0.05
2,83,6,2019,0.0
2,83,7,2327,0.0
2,83,8,2967,0.0
2,83,9,1635,0.0
2,83,10,450,0.0
2,84,1,2654,0.15
2,84,2,2660,0.1
2,84,3,2114,0.1
2,84,4,1395,0.05
2,84,5,1244,0.0
2,84,6,2478,0.0
2,84,7,821,0.0
2,84,8,954,0.0
2,84,9,1959,0.0
2,84,10,432,0.0
2,85,1,2684,0.1
2,85,2,2135,0.05
2,85,3,321,0.05
2,85,4,284,0.0
2,85,5,2079,0.0
2,85,6,2185,0.0
2,85,7,1493,0.0
2,85,8,1054,0.0
2,85,9,2703,0.0
2,85,10,1535,0.0
2,86,1,2789,0.15
2,86,2,1979,0.1
2,86,3,2684,0.1
2,86,4,65,0.0
2,86,5,435,0.0
2,86,6,127,0.0
2,86,7,2544,0.0
2,86,8,1543,0.0
2,86,9,441,0.0
2,86,10,71,0.0
2,87,1,2789,0.15
2,87,2,1979,0.1
2,87,3,3018,0.05
2,87,4,2135,0.05
2,87,5,532,0.0
2,87,6,134,0.0
2,87,7,245,0.0
2,87,8,23,0.0
2,87,9,454,0.0
2,87,10,1574,0.0
2,88,1,1091,0.15
2,88,2,1840,0.0
2,88,3,81,0.0
2,88,4,2305,0.0
2,88,5,2591,0.0
2,88,6,2838,0.0
2,88,7,2776,0.0
2,88,8,513,0.0
2,88,9,440,0.0
2,88,10,2463,0.0
2,89,1,738,0.1
2,89,2,1712,0.05
2,89,3,347,0.0
2,89,4,1243,0.0
2,89,5,1530,0.0
2,89,6,735,0.0
2,89,7,4,0.0
2,89,8,2804,0.0
2,89,9,752,0.0
2,89,10,2947,0.0
2,90,1,2734,0.15
2,90,2,1840,0.0
2,90,3,1475,0.0
2,90,4,1908,0.0
2,90,5,1477,0.0
2,90,6,2775,0.0
2,90,7,1809,0.0
2,90,8,3077,0.0
2,90,9,2750,0.0
2,90,10,2883,0.0
2,91,1,1091,0.1
2,91,2,278,0.05
2,91,3,559,0.05
2,91,4,1512,0.0
2,91,5,2434,0.0
2,91,6,2465,0.0
2,91,7,2988,0.0
2,91,8,1141,0.0
2,91,9,2950,0.0
2,91,10,1408,0.0
2,93,1,1223,0.15
2,93,2,1778,0.1
2,93,3,524,0.05
2,93,4,2268,0.0
2,93,5,1228,0.0
2,93,6,1889,0.0
2,93,7,1592,0.0
2,93,8,23,0.0
2,93,9,2712,0.0
2,93,10,2615,0.0
2,94,1,474,0.1
2,94,2,993,0.1
2,94,3,1984,0.1
2,94,4,136,0.0
2,94,5,696,0.0
2,94,6,835,0.0
2,94,7,1649,0.0
2,94,8,1272,0.0
2,94,9,2725,0.0
2,94,10,1185,0.0
2,95,1,474,0.1
2,95,2,524,0.05
2,95,3,749,0.0
2,95,4,1631,0.0
2,95,5,1141,0.0
2,95,6,241,0.0
2,95,7,1615,0.0
2,95,8,453,0.0
2,95,9,2739,0.0
2,95,10,2370,0.0
2,97,1,2416,0.1
2,97,2,559,0.1
2,97,3,612,0.1
2,97,4,2367,0.05
2,97,5,2839,0.05
2,97,6,2606,0.0
2,97,7,1645,0.0
2,97,8,1760,0.0
2,97,9,17,0.0
2,97,10,1793,0.0
2,98,1,426,0.15
2,98,2,612,0.1
2,98,3,3054,0.1
2,98,4,690,0.0
2,98,5,2244,0.0
2,98,6,2790,0.0
2,98,7,313,0.0
2,98,8,1727,0.0
2,98,9,1431,0.0
2,98,10,888,0.0
2,99,1,3054,0.1
2,99,2,498,0.1
2,99,3,559,0.1
2,99,4,2962,0.0
2,99,5,57,0.0
2,99,6,685,0.0
2,99,7,2004,0.0
2,99,8,1906,0.0
2,99,9,1656,0.0
2,99,10,973,0.0
2,100,1,426,0.15
2,100,2,498,0.1
2,100,3,1612,0.05
2,100,4,2507,0.0
2,100,5,2355,0.0
2,100,6,1265,0.0
2,100,7,1608,0.0
2,100,8,2651,0.0
2,100,9,1928,0.0
2,100,10,3056,0.0
2,101,1,1642,0.1
2,101,2,2482,0.1
2,101,3,3037,0.05
2,101,4,2723,0.05
2,101,5,94,0.05
2,101,6,932,0.0
2,101,7,1397,0.0
2,101,8,3002,0.0
2,101,9,1613,0.0
2,101,10,2798,0.0
2,102,1,675,0.2
2,102,2,1642,0.1
2,102,3,766,0.0
2,102,4,2985,0.0
2,102,5,2779,0.0
2,102,6,1601,0.0
2,102,7,1087,0.0
2,102,8,968,0.0
2,102,9,2788,0.0
2,102,10,2276,0.0
2,103,1,2159,0.2
2,103,2,1642,0.1
2,103,3,2053,0.05
2,103,4,136,0.0
2,103,5,2658,0.0
2,103,6,43,0.0
2,103,7,641,0.0
2,103,8,773,0.0
2,103,9,2997,0.0
2,103,10,1351,0.0
2,104,1,2143,0.1
2,104,2,1642,0.1
2,104,3,1865,0.0
2,104,4,2607,0.0
2,104,5,481,0.0
2,104,6,2782,0.0
2,104,7,1434,0.0
2,104,8,329,0.0
2,104,9,2546,0.0
2,104,10,1319,0.0
2,105,1,2143,0.1
2,105,2,534,0.1
2,105,3,94,0.05
2,105,4,2198,0.0
2,105,5,934,0.0
2,105,6,1654,0.0
2,105,7,2704,0.0
2,105,8,905,0.0
2,105,9,2510,0.0
2,105,10,2404,0.0
2,106,1,2159,0.2
2,106,2,1681,0.1
2,106,3,1946,0.05
2,106,4,2781,0.0
2,106,5,192,0.0
2,106,6,1114,0.0
2,106,7,2693,0.0
2,106,8,234,0.0
2,106,9,1502,0.0
2,106,10,334,0.0
2,108,1,556,0.15
2,108,2,2406,0.1
2,108,3,40,0.05
2,108,4,25,0.0
2,108,5,212,0.0
2,108,6,2223,0.0
2,108,7,326,0.0
2,108,8,1807,0.0
2,108,9,2062,0.0
2,108,10,244,0.0
2,109,1,2287,0.1
2,109,2,2521,0.1
2,109,3,1657,0.05
2,109,4,93,0.05
2,109,5,1955,0.0
2,109,6,270,0.0
2,109,7,919,0.0
2,109,8,1215,0.0
2,109,9,2923,0.0
2,109,10,1647,0.0
2,110,1,2315,0.1
2,110,2,953,0.1
2,110,3,481,0.05
2,110,4,1754,0.05
2,110,5,2287,0.05
2,110,6,2989,0.0
2,110,7,2176,0.0
2,110,8,2346,0.0
2,110,9,1032,0.0
2,110,10,244,0.0
2,111,1,2895,0.15
2,111,2,2370,0.1
2,111,3,2219,0.05
2,111,4,1327,0.05
2,111,5,2087,0.05
2,111,6,1869,0.05
2,111,7,425,0.0
2,111,8,2047,0.0
2,111,9,1427,0.0
2,111,10,68,0.0
2,112,1,644,0.15
2,112,2,953,0.1
2,112,3,2137,0.05
2,112,4,1059,0.05
2,112,5,481,0.05
2,112,6,32,0.0
2,112,7,2243,0.0
2,112,8,795,0.0
2,112,9,2977,0.0
2,112,10,2954,0.0
2,113,1,2372,0.2
2,113,2,1940,0.05
2,113,3,481,0.05
2,113,4,2525,0.0
2,113,5,121,0.0
2,113,6,1229,0.0
2,113,7,794,0.0
2,113,8,1964,0.0
2,113,9,2708,0.0
2,113,10,1225,0.0
2,114,1,2285,0.1
2,114,2,601,0.1
2,114,3,2727,0.05
2,114,4,1778,0.05
2,114,5,1312,0.05
2,114,6,2880,0.0
2,114,7,515,0.0
2,114,8,3,0.0
2,114,9,1506,0.0
2,114,10,2456,0.0
2,115,1,14,0.2
2,115,2,2727,0.1
2,115,3,2127,0.1
2,115,4,1955,0.0
2,115,5,2297,0.0
2,115,6,65,0.0
2,115,7,1022,0.0
2,115,8,1522,0.0
2,115,9,792,0.0
2,115,10,1178,0.0
2,116,1,2738,0.15
2,116,2,1691,0.15
2,116,3,2285,0.1
2,116,4,238,0.0
2,116,5,2315,0.0
2,116,6,984,0.0
2,116,7,1697,0.0
2,116,8,313,0.0
2,116,9,388,0.0
2,116,10,1791,0.0
2,117,1,208,0.15
2,117,2,2285,0.1
2,117,3,2127,0.1
2,117,4,675,0.05
2,117,5,1472,0.0
2,117,6,924,0.0
2,117,7,2460,0.0
2,117,8,1313,0.0
2,117,9,182,0.0
2,117,10,2569,0.0
2,118,1,706,0.1
2,118,2,2344,0.05
2,118,3,235,0.05
2,118,4,2915,0.0
2,118,5,642,0.0
2,118,6,644,0.0
2,118,7,2809,0.0
2,118,8,2357,0.0
2,118,9,430,0.0
2,118,10,2780,0.0
2,119,1,969,0.2
2,119,2,1112,0.1
2,119,3,364,0.05
2,119,4,1785,0.05
2,119,5,2965,0.0
2,119,6,1408,0.0
2,119,7,1273,0.0
2,119,8,1802,0.0
2,119,9,653,0.0
2,119,10,1558,0.0
2,120,1,1176,0.15
2,120,2,1112,0.1
2,120,3,2344,0.05
2,120,4,1929,0.0
2,120,5,393,0.0
2,120,6,3067,0.0
2,120,7,157,0.0
2,120,8,339,0.0
2,120,9,1398,0.0
2,120,10,1306,0.0
2,121,1,861,0.2
2,121,2,706,0.1
2,121,3,364,0.05
2,121,4,1091,0.05
2,121,5,1920,0.0
2,121,6,615,0.0
2,121,7,2002,0.0
2,121,8,1061,0.0
2,121,9,1802,0.0
2,121,10,2578,0.0
2,122,1,1087,0.1
2,122,2,980,0.05
2,122,3,681,0.05
2,122,4,411,0.0
2,122,5,387,0.0
2,122,6,1072,0.0
2,122,7,2110,0.0
2,122,8,1018,0.0
2,122,9,711,0.0
2,122,10,3050,0.0
2,123,1,1342,0.1
2,123,2,1535,0.1
2,123,3,2621,0.05
2,123,4,1065,0.0
2,123,5,920,0.0
2,123,6,1763,0.0
2,123,7,2594,0.0
2,123,8,2831,0.0
2,123,9,2088,0.0
2,123,10,2464,0.0
2,124,1,864,0.05
2,124,2,429,0.05
2,124,3,1680,0.0
2,124,4,1774,0.0
2,124,5,1905,0.0
2,124,6,2844,0.0
2,124,7,1647,0.0
2,124,8,2427,0.0
2,124,9,78,0.0
2,124,10,1730,0.0
2,125,1,2937,0.1
2,125,2,699,0.05
2,125,3,1535,0.05
2,125,4,2292,0.0
2,125,5,1731,0.0
2,125,6,858,0.0
2,125,7,1938,0.0
2,125,8,2283,0.0
2,125,9,1485,0.0
2,125,10,2735,0.0
2,127,1,724,0.05
2,127,2,177,0.05
2,127,3,2552,0.05
2,127,4,1247,0.05
2,127,5,2141,0.0
2,127,6,1980,0.0
2,127,7,411,0.0
2,127,8,3058,0.0
2,127,9,2429,0.0
2,127,10,138,0.0
2,129,1,2632,0.1
2,129,2,177,0.05
2,129,3,1087,0.05
2,129,4,2886,0.0
2,129,5,1280,0.0
2,129,6,2545,0.0
2,129,7,2805,0.0
2,129,8,2466,0.0
2,129,9,2862,0.0
2,129,10,1788,0.0
2,131,1,98,0.1
2,131,2,2167,0.05
2,131,3,2474,0.05
2,131,4,2264,0.0
2,131,5,1329,0.0
2,131,6,847,0.0
2,131,7,737,0.0
2,131,8,231,0.0
2,131,9,179,0.0
2,131,10,1287,0.0
2,132,1,1543,0.05
2,132,2,767,0.05
2,132,3,544,0.05
2,132,4,2842,0.0
2,132,5,676,0.0
2,132,6,1071,0.0
2,132,7,974,0.0
2,132,8,1992,0.0
2,132,9,415,0.0
2,132,10,991,0.0
2,133,1,1543,0.05
2,133,2,767,0.05
2,133,3,2138,0.0
2,133,4,2900,0.0
2,133,5,2450,0.0
2,133,6,2760,0.0
2,133,7,236,0.0
2,133,8,99,0.0
2,133,9,2159,0.0
2,133,10,951,0.0
2,134,1,1543,0.05
2,134,2,767,0.05
2,134,3,1768,0.0
2,134,4,48,0.0
2,134,5,2441,0.0
2,134,6,1961,0.0
2,134,7,728,0.0
2,134,8,569,0.0
2,134,9,601,0.0
2,134,10,1357,0.0
2,135,1,1543,0.05
2,135,2,1142,0.05
2,135,3,2286,0.05
2,135,4,1151,0.05
2,135,5,835,0.05
2,135,6,767,0.05
2,135,7,241,0.0
2,135,8,2354,0.0
2,135,9,515,0.0
2,135,10,2198,0.0
2,136,1,2804,0.1
2,136,2,2202,0.1
2,136,3,1424,0.05
2,136,4,2364,0.0
2,136,5,2163,0.0
2,136,6,1906,0.0
2,136,7,2672,0.0
2,136,8,2741,0.0
2,136,9,2822,0.0
2,136,10,2284,0.0
2,137,1,1839,0.15
2,137,2,2002,0.0
2,137,3,1610,0.0
2,137,4,2590,0.0
2,137,5,1020,0.0
2,137,6,1573,0.0
2,137,7,160,0.0
2,137,8,2795,0.0
2,137,9,2739,0.0
2,137,10,1353,0.0
2,138,1,2288,0.2
2,138,2,557,0.15
2,138,3,1982,0.1
2,138,4,3018,0.05
2,138,5,950,0.0
2,138,6,1559,0.0
2,138,7,173,0.0
2,138,8,89,0.0
2,138,9,1709,0.0
2,138,10,2170,0.0
2,139,1,1197,0.15
2,139,2,3018,0.05
2,139,3,2303,0.05
2,139,4,2510,0.0
2,139,5,3049,0.0
2,139,6,1244,0.0
2,139,7,1168,0.0
2,139,8,2001,0.0
2,139,9,2626,0.0
2,139,10,933,0.0
2,140,1,1839,0.15
2,140,2,1507,0.15
2,140,3,2303,0.1
2,140,4,2839,0.05
2,140,5,14,0.05
2,140,6,597,0.0
2,140,7,430,0.0
2,140,8,171,0.0
2,140,9,3053,0.0
2,140,10,2237,0.0
2,141,1,1341,0.15
2,141,2,2536,0.1
2,141,3,2448,0.05
2,141,4,2882,0.05
2,141,5,1719,0.0
2,141,6,1968,0.0
2,141,7,1952,0.0
2,141,8,48,0.0
2,141,9,334,0.0
2,141,10,177,0.0
2,142,1,2202,0.1
2,142,2,2211,0.05
2,142,3,2882,0.05
2,142,4,232,0.0
2,142,5,1866,0.0
2,142,6,1720,0.0
2,142,7,1315,0.0
2,142,8,583,0.0
2,142,9,895,0.0
2,142,10,1222,0.0
2,143,1,2067,0.1
2,143,2,1892,0.1
2,143,3,2882,0.05
2,143,4,3000,0.0
2,143,5,2854,0.0
2,143,6,2336,0.0
2,143,7,2844,0.0
2,143,8,1084,0.0
2,143,9,508,0.0
2,143,10,545,0.0
2,144,1,1461,0.05
2,144,2,2395,0.05
2,144,3,2319,0.05
2,144,4,2649,0.0
2,144,5,573,0.0
2,144,6,326,0.0
2,144,7,2229,0.0
2,144,8,253,0.0
2,144,9,1477,0.0
2,144,10,2497,0.0
2,145,1,1881,0.05
2,145,2,2998,0.05
2,145,3,2319,0.05
2,145,4,959,0.0
2,145,5,735,0.0
2,145,6,3015,0.0
2,145,7,1774,0.0
2,145,8,2346,0.0
2,145,9,2093,0.0
2,145,10,1013,0.0
2,146,1,2940,0.15
2,146,2,1881,0.05
2,146,3,2319,0.05
2,146,4,2897,0.0
2,146,5,742,0.0
2,146,6,2361,0.0
2,146,7,2936,0.0
2,146,8,2663,0.0
2,146,9,220,0.0
2,146,10,1501,0.0
2,147,1,1194,0.1
2,147,2,2668,0.1
2,147,3,2796,0.05
2,147,4,1480,0.0
2,147,5,110,0.0
2,147,6,3021,0.0
2,147,7,1225,0.0
2,147,8,489,0.0
2,147,9,2284,0.0
2,147,10,2158,0.0
2,148,1,560,0.15
2,148,2,780,0.1
2,148,3,1861,0.05
2,148,4,2957,0.0
2,148,5,1846,0.0
2,148,6,217,0.0
2,148,7,1324,0.0
2,148,8,2279,0.0
2,148,9,1205,0.0
2,148,10,11,0.0
2,150,1,2751,0.15
2,150,2,1861,0.05
2,150,3,2669,0.0
2,150,4,1090,0.0
2,150,5,218,0.0
2,150,6,2439,0.0
2,150,7,1267,0.0
2,150,8,168,0.0
2,150,9,968,0.0
2,150,10,483,0.0
2,151,1,1717,0.15
2,151,2,118,0.05
2,151,3,1255,0.05
2,151,4,674,0.05
2,151,5,790,0.0
2,151,6,2013,0.0
2,151,7,387,0.0
2,151,8,2855,0.0
2,151,9,1554,0.0
2,151,10,935,0.0
2,153,1,2604,0.2
2,153,2,791,0.1
2,153,3,2099,0.05
2,153,4,415,0.05
2,153,5,1671,0.0
2,153,6,2480,0.0
2,153,7,42,0.0
2,153,8,1556,0.0
2,153,9,1191,0.0
2,153,10,2417,0.0
2,154,1,136,0.2
2,154,2,2006,0.05
2,154,3,2845,0.0
2,154,4,231,0.0
2,154,5,2966,0.0
2,154,6,1106,0.0
2,154,7,2198,0.0
2,154,8,2167,0.0
2,154,9,2493,0.0
2,154,10,1036,0.0
2,155,1,186,0.1
2,155,2,2006,0.1
2,155,3,791,0.1
2,155,4,2184,0.05
2,155,5,765,0.0
2,155,6,121,0.0
2,155,7,510,0.0
2,155,8,2176,0.0
2,155,9,1422,0.0
2,155,10,2748,0.0
2,156,1,186,0.1
2,156,2,2006,0.1
2,156,3,791,0.1
2,156,4,544,0.05
2,156,5,85,0.0
2,156,6,1687,0.0
2,156,7,564,0.0
2,156,8,2221,0.0
2,156,9,1087,0.0
2,156,10,1752,0.0
2,157,1,186,0.1
2,157,2,2006,0.1
2,157,3,791,0.1
2,157,4,298,0.0
2,157,5,2112,0.0
2,157,6,2190,0.0
2,157,7,1522,0.0
2,157,8,1520,0.0
2,157,9,383,0.0
2,157,10,1773,0.0
2,159,1,1586,0.05
2,159,2,1922,0.0
2,159,3,2149,0.0
2,159,4,854,0.0
2,159,5,395,0.0
2,159,6,811,0.0
2,159,7,2257,0.0
2,159,8,1701,0.0
2,159,9,2363,0.0
2,159,10,283,0.0
2,160,1,1315,0.05
2,160,2,1586,0.05
2,160,3,1696,0.0
2,160,4,1877,0.0
2,160,5,1596,0.0
2,160,6,2990,0.0
2,160,7,724,0.0
2,160,8,280,0.0
2,160,9,175,0.0
2,160,10,42,0.0
2,161,1,1657,0.15
2,161,2,1588,0.05
2,161,3,2273,0.05
2,161,4,1586,0.05
2,161,5,644,0.0
2,161,6,1128,0.0
2,161,7,2165,0.0
2,161,8,2128,0.0
2,161,9,487,0.0
2,161,10,569,0.0
2,162,1,1726,0.1
2,162,2,2053,0.1
2,162,3,773,0.1
2,162,4,606,0.0
2,162,5,1145,0.0
2,162,6,477,0.0
2,162,7,881,0.0
2,162,8,3073,0.0
2,162,9,1542,0.0
2,162,10,2425,0.0
2,163,1,32,0.15
2,163,2,2630,0.15
2,163,3,551,0.1
2,163,4,1726,0.1
2,163,5,2283,0.0
2,163,6,2993,0.0
2,163,7,2655,0.0
2,163,8,1183,0.0
2,163,9,2751,0.0
2,163,10,983,0.0
2,164,1,2053,0.1
2,164,2,551,0.1
2,164,3,2678,0.05
2,164,4,3036,0.0
2,164,5,2787,0.0
2,164,6,1442,0.0
2,164,7,1275,0.0
2,164,8,120,0.0
2,164,9,1020,0.0
2,164,10,1835,0.0
2,165,1,1059,0.2
2,165,2,2053,0.1
2,165,3,1078,0.05
2,165,4,2341,0.05
2,165,5,2546,0.0
2,165,6,720,0.0
2,165,7,2673,0.0
2,165,8,962,0.0
2,165,9,1470,0.0
2,165,10,1983,0.0
2,166,1,1757,0.15
2,166,2,354,0.1
2,166,3,1237,0.1
2,166,4,2111,0.0
2,166,5,766,0.0
2,166,6,994,0.0
2,166,7,190,0.0
2,166,8,336,0.0
2,166,9,1088,0.0
2,166,10,2609,0.0
2,167,1,1725,0.15
2,167,2,2533,0.05
2,167,3,2030,0.05
2,167,4,6,0.05
2,167,5,297,0.0
2,167,6,3035,0.0
2,167,7,316,0.0
2,167,8,2355,0.0
2,167,9,2189,0.0
2,167,10,2532,0.0
2,168,1,1302,0.15
2,168,2,3041,0.1
2,168,3,990,0.05
2,168,4,1518,0.05
2,168,5,2121,0.05
2,168,6,1572,0.0
2,168,7,955,0.0
2,168,8,2225,0.0
2,168,9,2982,0.0
2,168,10,980,0.0
2,169,1,1415,0.2
2,169,2,2286,0.15
2,169,3,354,0.1
2,169,4,1768,0.0
2,169,5,1366,0.0
2,169,6,1232,0.0
2,169,7,1863,0.0
2,169,8,277,0.0
2,169,9,783,0.0
2,169,10,998,0.0
2,170,1,1202,0.15
2,170,2,1237,0.1
2,170,3,1302,0.1
2,170,4,1840,0.0
2,170,5,2310,0.0
2,170,6,186,0.0
2,170,7,1265,0.0
2,170,8,223,0.0
2,170,9,835,0.0
2,170,10,1923,0.0
2,171,1,2719,0.15
2,171,2,453,0.15
2,171,3,2560,0.1
2,171,4,1012,0.05
2,171,5,2848,0.05
2,171,6,2194,0.0
2,171,7,3009,0.0
2,171,8,2971,0.0
2,171,9,796,0.0
2,171,10,561,0.0
2,172,1,2137,0.1
2,172,2,383,0.0
2,172,3,153,0.0
2,172,4,3053,0.0
2,172,5,536,0.0
2,172,6,1011,0.0
2,172,7,450,0.0
2,172,8,2949,0.0
2,172,9,2846,0.0
2,172,10,2112,0.0
2,173,1,1047,0.2
2,173,2,2922,0.2
2,173,3,698,0.0
2,173,4,358,0.0
2,173,5,187,0.0
2,173,6,143,0.0
2,173,7,1482,0.0
2,173,8,48,0.0
2,173,9,2759,0.0
2,173,10,2997,0.0
2,174,1,1047,0.15
2,174,2,1522,0.0
2,174,3,2374,0.0
2,174,4,2708,0.0
2,174,5,1139,0.0
2,174,6,531,0.0
2,174,7,1921,0.0
2,174,8,1518,0.0
2,174,9,299,0.0
2,174,10,2111,0.0
2,175,1,2073,0.15
2,175,2,2719,0.15
2,175,3,1650,0.1
2,175,4,310,0.05
2,175,5,3012,0.0
2,175,6,3057,0.0
2,175,7,2349,0.0
2,175,8,608,0.0
2,175,9,2614,0.0
2,175,10,1581,0.0
2,176,1,674,0.15
2,176,2,2073,0.15
2,176,3,1650,0.1
2,176,4,2789,0.05
2,176,5,651,0.0
2,176,6,3043,0.0
2,176,7,2883,0.0
2,176,8,1362,0.0
2,176,9,157,0.0
2,176,10,2673,0.0
2,177,1,2920,0.15
2,177,2,1522,0.0
2,177,3,1677,0.0
2,177,4,1072,0.0
2,177,5,459,0.0
2,177,6,343,0.0
2,177,7,709,0.0
2,177,8,2363,0.0
2,177,9,1145,0.0
2,177,10,325,0.0
2,178,1,2192,0.1
2,178,2,1645,0.1
2,178,3,2751,0.05
2,178,4,494,0.05
2,178,5,1097,0.0
2,178,6,2616,0.0
2,178,7,2989,0.0
2,178,8,882,0.0
2,178,9,1491,0.0
2,178,10,2069,0.0
2,179,1,415,0.15
2,179,2,1156,0.1
2,179,3,129,0.05
2,179,4,1621,0.05
2,179,5,509,0.0
2,179,6,2936,0.0
2,179,7,81,0.0
2,179,8,1093,0.0
2,179,9,2428,0.0
2,179,10,56,0.0
2,180,1,1287,0.1
2,180,2,2713,0.1
2,180,3,2951,0.05
2,180,4,509,0.0
2,180,5,963,0.0
2,180,6,37,0.0
2,180,7,2817,0.0
2,180,8,287,0.0
2,180,9,2942,0.0
2,180,10,1509,0.0
2,181,1,1287,0.1
2,181,2,129,0.05
2,181,3,603,0.0
2,181,4,1753,0.0
2,181,5,988,0.0
2,181,6,1448,0.0
2,181,7,54,0.0
2,181,8,561,0.0
2,181,9,169,0.0
2,181,10,1842,0.0
2,182,1,1686,0.15
2,182,2,1044,0.15
2,182,3,2713,0.1
2,182,4,2270,0.0
2,182,5,142,0.0
2,182,6,652,0.0
2,182,7,2535,0.0
2,182,8,93,0.0
2,182,9,2819,0.0
2,182,10,863,0.0
2,183,1,193,0.15
2,183,2,1295,0.1
2,183,3,2994,0.05
2,183,4,2542,0.0
2,183,5,3069,0.0
2,183,6,2471,0.0
2,183,7,699,0.0
2,183,8,1533,0.0
2,183,9,1633,0.0
2,183,10,2675,0.0
2,184,1,1620,0.15
2,184,2,1235,0.15
2,184,3,2994,0.05
2,184,4,1118,0.0
2,184,5,1360,0.0
2,184,6,1112,0.0
2,184,7,1454,0.0
2,184,8,200,0.0
2,184,9,2146,0.0
2,184,10,128,0.0
2,185,1,1235,0.15
2,185,2,257,0.15
2,185,3,1295,0.1
2,185,4,1909,0.0
2,185,5,2149,0.0
2,185,6,1163,0.0
2,185,7,1910,0.0
2,185,8,2702,0.0
2,185,9,588,0.0
2,185,10,684,0.0
2,186,1,1754,0.2
2,186,2,1429,0.15
2,186,3,2121,0.05
2,186,4,2897,0.05
2,186,5,1461,0.05
2,186,6,1212,0.0
2,186,7,458,0.0
2,186,8,375,0.0
2,186,9,1817,0.0
2,186,10,520,0.0
2,187,1,40,0.2
2,187,2,2237,0.15
2,187,3,3062,0.1
2,187,4,112,0.0
2,187,5,1841,0.0
2,187,6,1223,0.0
2,187,7,2339,0.0
2,187,8,1928,0.0
2,187,9,2776,0.0
2,187,10,991,0.0
2,188,1,2957,0.2
2,188,2,3016,0.1
2,188,3,615,0.1
2,188,4,861,0.05
2,188,5,1082,0.05
2,188,6,913,0.0
2,188,7,990,0.0
2,188,8,1770,0.0
2,188,9,2941,0.0
2,188,10,2234,0.0
2,189,1,748,0.15
2,189,2,615,0.1
2,189,3,2502,0.1
2,189,4,2285,0.05
2,189,5,713,0.0
2,189,6,168,0.0
2,189,7,1409,0.0
2,189,8,1182,0.0
2,189,9,2974,0.0
2,189,10,1160,0.0
2,190,1,2502,0.1
2,190,2,698,0.1
2,190,3,2922,0.05
2,190,4,316,0.05
2,190,5,429,0.0
2,190,6,2501,0.0
2,190,7,1570,0.0
2,190,8,2157,0.0
2,190,9,2652,0.0
2,190,10,3030,0.0
2,191,1,2356,0.15
2,191,2,1638,0.05
2,191,3,731,0.0
2,191,4,2433,0.0
2,191,5,1356,0.0
2,191,6,818,0.0
2,191,7,2207,0.0
2,191,8,1350,0.0
2,191,9,584,0.0
2,191,10,3021,0.0
2,192,1,1858,0.05
2,192,2,1525,0.05
2,192,3,2901,0.0
2,192,4,1044,0.0
2,192,5,1769,0.0
2,192,6,2753,0.0
2,192,7,605,0.0
2,192,8,1752,0.0
2,192,9,913,0.0
2,192,10,633,0.0
2,194,1,1638,0.05
2,194,2,2191,0.05
2,194,3,2285,0.05
2,194,4,2463,0.0
2,194,5,3056,0.0
2,194,6,448,0.0
2,194,7,1191,0.0
2,194,8,286,0.0
2,194,9,2244,0.0
2,194,10,864,0.0
2,195,1,986,0.05
2,195,2,2925,0.05
2,195,3,1525,0.05
2,195,4,2356,0.05
2,195,5,634,0.05
2,195,6,2891,0.0
2,195,7,672,0.0
2,195,8,2232,0.0
2,195,9,2523,0.0
2,195,10,2911,0.0
2,196,1,1236,0.05
2,196,2,2326,0.0
2,196,3,2539,0.0
2,196,4,1462,0.0
2,196,5,2782,0.0
2,196,6,1954,0.0
2,196,7,1734,0.0
2,196,8,1412,0.0
2,196,9,2107,0.0
2,196,10,1455,0.0
2,197,1,1236,0.05
2,197,2,2326,0.0
2,197,3,1080,0.0
2,197,4,2566,0.0
2,197,5,1903,0.0
2,197,6,54,0.0
2,197,7,1658,0.0
2,197,8,337,0.0
2,197,9,616,0.0
2,197,10,1942,0.0
2,198,1,2099,0.15
2,198,2,1236,0.05
2,198,3,1638,0.05
2,198,4,1975,0.0
2,198,5,566,0.0
2,198,6,1053,0.0
2,198,7,84,0.0
2,198,8,2244,0.0
2,198,9,642,0.0
2,198,10,1096,0.0
2,199,1,2658,0.2
2,199,2,972,0.1
2,199,3,2471,0.0
2,199,4,1899,0.0
2,199,5,1793,0.0
2,199,6,2642,0.0
2,199,7,2327,0.0
2,199,8,2040,0.0
2,199,9,1726,0.0
2,199,10,2467,0.0
2,201,1,972,0.1
2,201,2,2283,0.1
2,201,3,2962,0.0
2,201,4,1150,0.0
2,201,5,2049,0.0
2,201,6,2328,0.0
2,201,7,944,0.0
2,201,8,2218,0.0
2,201,9,2303,0.0
2,201,10,1602,0.0
2,202,1,696,0.2
2,202,2,1028,0.15
2,202,3,2253,0.1
2,202,4,1059,0.05
2,202,5,314,0.0
2,202,6,864,0.0
2,202,7,399,0.0
2,202,8,341,0.0
2,202,9,2051,0.0
2,202,10,2215,0.0
2,203,1,1028,0.15
2,203,2,220,0.05
2,203,3,1047,0.05
2,203,4,1772,0.0
2,203,5,2688,0.0
2,203,6,1557,0.0
2,203,7,2239,0.0
2,203,8,172,0.0
2,203,9,982,0.0
2,203,10,569,0.0
2,204,1,1208,0.15
2,204,2,2788,0.1
2,204,3,2557,0.1
2,204,4,1315,0.0
2,204,5,1985,0.0
2,204,6,48,0.0
2,204,7,885,0.0
2,204,8,1052,0.0
2,204,9,1310,0.0
2,204,10,1633,0.0
2,205,1,2788,0.1
2,205,2,2339,0.1
2,205,3,611,0.05
2,205,4,1913,0.05
2,205,5,1791,0.0
2,205,6,2424,0.0
2,205,7,324,0.0
2,205,8,2088,0.0
2,205,9,2091,0.0
2,205,10,1450,0.0
2,206,1,1913,0.05
2,206,2,2228,0.0
2,206,3,3025,0.0
2,206,4,2022,0.0
2,206,5,1074,0.0
2,206,6,1375,0.0
2,206,7,938,0.0
2,206,8,1107,0.0
2,206,9,996,0.0
2,206,10,44,0.0
2,207,1,747,0.15
2,207,2,1208,0.15
2,207,3,2339,0.1
2,207,4,1543,0.05
2,207,5,511,0.0
2,207,6,1596,0.0
2,207,7,2346,0.0
2,207,8,125,0.0
2,207,9,149,0.0
2,207,10,2585,0.0
2,208,1,2754,0.05
2,208,2,786,0.0
2,208,3,2722,0.0
2,208,4,1988,0.0
2,208,5,814,0.0
2,208,6,2605,0.0
2,208,7,2847,0.0
2,208,8,806,0.0
2,208,9,2759,0.0
2,208,10,2919,0.0
2,209,1,1409,0.2
2,209,2,1360,0.2
2,209,3,2802,0.05
2,209,4,426,0.05
2,209,5,2815,0.0
2,209,6,2433,0.0
2,209,7,2336,0.0
2,209,8,2042,0.0
2,209,9,1820,0.0
2,209,10,2617,0.0
2,210,1,1978,0.1
2,210,2,974,0.1
2,210,3,2300,0.0
2,210,4,630,0.0
2,210,5,1695,0.0
2,210,6,451,0.0
2,210,7,2911,0.0
2,210,8,2924,0.0
2,210,9,2540,0.0
2,210,10,2188,0.0
2,211,1,2923,0.25
2,211,2,1215,0.2
2,211,3,2557,0.05
2,211,4,2513,0.05
2,211,5,2539,0.0
2,211,6,373,0.0
2,211,7,1127,0.0
2,211,8,844,0.0
2,211,9,2949,0.0
2,211,10,116,0.0
2,212,1,2322,0.15
2,212,2,1739,0.05
2,212,3,2257,0.05
2,212,4,2468,0.0
2,212,5,1331,0.0
2,212,6,2090,0.0
2,212,7,2714,0.0
2,212,8,686,0.0
2,212,9,1369,0.0
2,212,10,1428,0.0
2,214,1,2986,0.2
2,214,2,2757,0.1
2,214,3,2513,0.05
2,214,4,865,0.0
2,214,5,1144,0.0
2,214,6,2305,0.0
2,214,7,1535,0.0
2,214,8,2793,0.0
2,214,9,2671,0.0
2,214,10,2197,0.0
2,216,1,1409,0.2
2,216,2,1360,0.2
2,216,3,5,0.1
2,216,4,312,0.0
2,216,5,1531,0.0
2,216,6,1588,0.0
2,216,7,322,0.0
2,216,8,2805,0.0
2,216,9,2101,0.0
2,216,10,154,0.0
2,217,1,393,0.1
2,217,2,1275,0.1
2,217,3,2819,0.0
2,217,4,1856,0.0
2,217,5,1912,0.0
2,217,6,1481,0.0
2,217,7,1977,0.0
2,217,8,523,0.0
2,217,9,431,0.0
2,217,10,1123,0.0
2,218,1,2440,0.15
2,218,2,1739,0.05
2,218,3,1096,0.0
2,218,4,1688,0.0
2,218,5,472,0.0
2,218,6,2081,0.0
2,218,7,2829,0.0
2,218,8,76,0.0
2,218,9,133,0.0
2,218,10,2758,0.0
2,219,1,617,0.2
2,219,2,1739,0.05
2,219,3,2757,0.05
2,219,4,1769,0.05
2,219,5,395,0.0
2,219,6,1514,0.0
2,219,7,2603,0.0
2,219,8,3071,0.0
2,219,9,471,0.0
2,219,10,2309,0.0
2,220,1,270,0.15
2,220,2,1769,0.05
2,220,3,1255,0.05
2,220,4,1082,0.05
2,220,5,2621,0.05
2,220,6,1737,0.0
2,220,7,1815,0.0
2,220,8,2561,0.0
2,220,9,3043,0.0
2,220,10,2107,0.0
2,221,1,597,0.15
2,221,2,759,0.15
2,221,3,63,0.15
2,221,4,2593,0.0
2,221,5,2501,0.0
2,221,6,1741,0.0
2,221,7,607,0.0
2,221,8,151,0.0
2,221,9,662,0.0
2,221,10,3055,0.0
2,222,1,63,0.15
2,222,2,1171,0.1
2,222,3,1091,0.05
2,222,4,430,0.0
2,222,5,736,0.0
2,222,6,447,0.0
2,222,7,2545,0.0
2,222,8,2612,0.0
2,222,9,2519,0.0
2,222,10,2296,0.0
2,224,1,666,0.2
2,224,2,597,0.15
2,224,3,2478,0.0
2,224,4,2105,0.0
2,224,5,479,0.0
2,224,6,1729,0.0
2,224,7,1382,0.0
2,224,8,1335,0.0
2,224,9,1519,0.0
2,224,10,1052,0.0
2,225,1,2708,0.2
2,225,2,827,0.0
2,225,3,2774,0.0
2,225,4,2739,0.0
2,225,5,588,0.0
2,225,6,2973,0.0
2,225,7,2505,0.0
2,225,8,429,0.0
2,225,9,1423,0.0
2,225,10,2847,0.0
2,226,1,1659,0.15
2,226,2,1673,0.1
2,226,3,1945,0.1
2,226,4,1247,0.05
2,226,5,819,0.0
2,226,6,2203,0.0
2,226,7,862,0.0
2,226,8,1682,0.0
2,226,9,319,0.0
2,226,10,618,0.0
2,227,1,572,0.2
2,227,2,1659,0.15
2,227,3,108,0.1
2,227,4,2922,0.05
2,227,5,545,0.0
2,227,6,2539,0.0
2,227,7,265,0.0
2,227,8,2775,0.0
2,227,9,46,0.0
2,227,10,308,0.0
2,228,1,2938,0.2
2,228,2,189,0.2
2,228,3,2185,0.15
2,228,4,1838,0.05
2,228,5,1407,0.05
2,228,6,636,0.0
2,228,7,3055,0.0
2,228,8,499,0.0
2,228,9,2709,0.0
2,228,10,1099,0.0
2,229,1,2595,0.15
2,229,2,108,0.1
2,229,3,1673,0.1
2,229,4,687,0.0
2,229,5,699,0.0
2,229,6,880,0.0
2,229,7,1768,0.0
2,229,8,1632,0.0
2,229,9,1150,0.0
2,229,10,2540,0.0
2,230,1,2165,0.2
2,230,2,30,0.2
2,230,3,198,0.1
2,230,4,2708,0.1
2,230,5,362,0.0
2,230,6,1682,0.0
2,230,7,758,0.0
2,230,8,1660,0.0
2,230,9,2170,0.0
2,230,10,264,0.0
2,231,1,613,0.1
2,231,2,1931,0.05
2,231,3,1787,0.05
2,231,4,2882,0.05
2,231,5,2303,0.0
2,231,6,2937,0.0
2,231,7,2866,0.0
2,231,8,139,0.0
2,231,9,2316,0.0
2,231,10,1551,0.0
2,232,1,2990,0.1
2,232,2,613,0.1
2,232,3,2668,0.05
2,232,4,1787,0.05
2,232,5,76,0.0
2,232,6,270,0.0
2,232,7,2639,0.0
2,232,8,2561,0.0
2,232,9,1541,0.0
2,232,10,590,0.0
2,233,1,2938,0.1
2,233,2,613,0.1
2,233,3,1931,0.05
2,233,4,1977,0.05
2,233,5,1850,0.0
2,233,6,861,0.0
2,233,7,2499,0.0
2,233,8,994,0.0
2,233,9,1713,0.0
2,233,10,1970,0.0
2,235,1,1465,0.2
2,235,2,416,0.15
2,235,3,2389,0.1
2,235,4,400,0.05
2,235,5,2175,0.0
2,235,6,1526,0.0
2,235,7,599,0.0
2,235,8,1159,0.0
2,235,9,1370,0.0
2,235,10,2296,0.0
2,236,1,1744,0.15
2,236,2,1346,0.05
2,236,3,500,0.05
2,236,4,1478,0.0
2,236,5,1089,0.0
2,236,6,1572,0.0
2,236,7,1822,0.0
2,236,8,2834,0.0
2,236,9,2093,0.0
2,236,10,1345,0.0
2,237,1,2916,0.2
2,237,2,1632,0.15
2,237,3,1160,0.1
2,237,4,1754,0.05
2,237,5,2181,0.0
2,237,6,1399,0.0
2,237,7,708,0.0
2,237,8,1917,0.0
2,237,9,1079,0.0
2,237,10,2341,0.0
2,238,1,514,0.2
2,238,2,1744,0.15
2,238,3,2180,0.15
2,238,4,1579,0.0
2,238,5,1979,0.0
2,238,6,754,0.0
2,238,7,1950,0.0
2,238,8,2470,0.0
2,238,9,1699,0.0
2,238,10,506,0.0
2,239,1,532,0.2
2,239,2,2092,0.15
2,239,3,1346,0.05
2,239,4,1251,0.0
2,239,5,1054,0.0
2,239,6,1585,0.0
2,239,7,2242,0.0
2,239,8,471,0.0
2,239,9,1722,0.0
2,239,10,2374,0.0
2,240,1,2345,0.2
2,240,2,2009,0.05
2,240,3,2209,0.05
2,240,4,443,0.0
2,240,5,1535,0.0
2,240,6,463,0.0
2,240,7,730,0.0
2,240,8,169,0.0
2,240,9,2522,0.0
2,240,10,2084,0.0
2,241,1,1413,0.25
2,241,2,1615,0.15
2,241,3,793,0.1
2,241,4,1761,0.05
2,241,5,2231,0.0
2,241,6,2312,0.0
2,241,7,1639,0.0
2,241,8,1593,0.0
2,241,9,938,0.0
2,241,10,1727,0.0
2,242,1,447,0.25
2,242,2,1615,0.15
2,242,3,1936,0.1
2,242,4,2661,0.05
2,242,5,2654,0.0
2,242,6,833,0.0
2,242,7,2965,0.0
2,242,8,2145,0.0
2,242,9,2439,0.0
2,242,10,788,0.0
2,243,1,2576,0.2
2,243,2,1067,0.2
2,243,3,793,0.1
2,243,4,1657,0.05
2,243,5,852,0.0
2,243,6,149,0.0
2,243,7,830,0.0
2,243,8,1560,0.0
2,243,9,3003,0.0
2,243,10,2399,0.0
2,244,1,1654,0.25
2,244,2,2293,0.2
2,244,3,2576,0.2
2,244,4,2092,0.05
2,244,5,3080,0.0
2,244,6,1917,0.0
2,244,7,727,0.0
2,244,8,350,0.0
2,244,9,2432,0.0
2,244,10,2727,0.0
2,245,1,2293,0.2
2,245,2,1615,0.15
2,245,3,1893,0.1
2,245,4,697,0.0
2,245,5,1253,0.0
2,245,6,1214,0.0
2,245,7,1818,0.0
2,245,8,2759,0.0
2,245,9,538,0.0
2,245,10,2127,0.0
2,246,1,627,0.2
2,246,2,656,0.2
2,246,3,1121,0.15
2,246,4,2946,0.0
2,246,5,514,0.0
2,246,6,2007,0.0
2,246,7,2886,0.0
2,246,8,1692,0.0
2,246,9,1903,0.0
2,246,10,2712,0.0
2,247,1,97,0.15
2,247,2,1870,0.1
2,247,3,1456,0.05
2,247,4,321,0.0
2,247,5,1957,0.0
2,247,6,1504,0.0
2,247,7,717,0.0
2,247,8,436,0.0
2,247,9,1619,0.0
2,247,10,513,0.0
2,248,1,283,0.1
2,248,2,1456,0.05
2,248,3,2807,0.0
2,248,4,2793,0.0
2,248,5,26,0.0
2,248,6,1056,0.0
2,248,7,2436,0.0
2,248,8,1994,0.0
2,248,9,1921,0.0
2,248,10,1132,0.0
2,249,1,2664,0.1
2,249,2,283,0.1
2,249,3,1456,0.05
2,249,4,93,0.0
2,249,5,1596,0.0
2,249,6,1479,0.0
2,249,7,652,0.0
2,249,8,1421,0.0
2,249,9,2829,0.0
2,249,10,1638,0.0
2,250,1,2160,0.2
2,250,2,1870,0.1
2,250,3,1300,0.05
2,250,4,2787,0.05
2,250,5,259,0.0
2,250,6,1635,0.0
2,250,7,85,0.0
2,250,8,2303,0.0
2,250,9,934,0.0
2,250,10,1719,0.0
2,251,1,1376,0.2
2,251,2,2324,0.15
2,251,3,1015,0.15
2,251,4,2888,0.0
2,251,5,896,0.0
2,251,6,1566,0.0
2,251,7,2415,0.0
2,251,8,2890,0.0
2,251,9,1231,0.0
2,251,10,2830,0.0
2,252,1,504,0.2
2,252,2,2324,0.15
2,252,3,2961,0.15
2,252,4,1775,0.05
2,252,5,1472,0.0
2,252,6,2604,0.0
2,252,7,482,0.0
2,252,8,1157,0.0
2,252,9,7,0.0
2,252,10,2992,0.0
2,253,1,1376,0.2
2,253,2,1015,0.15
2,253,3,289,0.05
2,253,4,3081,0.0
2,253,5,1251,0.0
2,253,6,892,0.0
2,253,7,1195,0.0
2,253,8,535,0.0
2,253,9,1563,0.0
2,253,10,801,0.0
2,254,1,183,0.25
2,254,2,653,0.2
2,254,3,2053,0.05
2,254,4,1091,0.05
2,254,5,289,0.05
2,254,6,1180,0.0
2,254,7,1089,0.0
2,254,8,2215,0.0
2,254,9,580,0.0
2,254,10,91,0.0
2,255,1,664,0.15
2,255,2,2324,0.15
2,255,3,2961,0.15
2,255,4,994,0.0
2,255,5,2624,0.0
2,255,6,705,0.0
2,255,7,2976,0.0
2,255,8,3074,0.0
2,255,9,997,0.0
2,255,10,2442,0.0
2,256,1,653,0.2
2,256,2,664,0.15
2,256,3,2961,0.15
2,256,4,2925,0.05
2,256,5,890,0.0
2,256,6,2237,0.0
2,256,7,2700,0.0
2,256,8,2383,0.0
2,256,9,223,0.0
2,256,10,1037,0.0
2,257,1,2769,0.2
2,257,2,2772,0.15
2,257,3,78,0.05
2,257,4,2347,0.0
2,257,5,2252,0.0
2,257,6,2338,0.0
2,257,7,119,0.0
2,257,8,386,0.0
2,257,9,946,0.0
2,257,10,2639,0.0
2,258,1,105,0.3
2,258,2,44,0.15
2,258,3,1569,0.05
2,258,4,12,0.0
2,258,5,380,0.0
2,258,6,3059,0.0
2,258,7,239,0.0
2,258,8,2924,0.0
2,258,9,2001,0.0
2,258,10,454,0.0
2,259,1,852,0.2
2,259,2,273,0.2
2,259,3,2328,0.05
2,259,4,3008,0.0
2,259,5,1857,0.0
2,259,6,890,0.0
2,259,7,2591,0.0
2,259,8,2715,0.0
2,259,9,1871,0.0
2,259,10,1426,0.0
2,260,1,787,0.1
2,260,2,2975,0.1
2,260,3,2328,0.05
2,260,4,1709,0.0
2,260,5,778,0.0
2,260,6,1332,0.0
2,260,7,1149,0.0
2,260,8,583,0.0
2,260,9,341,0.0
2,260,10,2426,0.0
2,261,1,44,0.15
2,261,2,78,0.05
2,261,3,2772,0.05
2,261,4,515,0.0
2,261,5,1018,0.0
2,261,6,501,0.0
2,261,7,1679,0.0
2,261,8,1484,0.0
2,261,9,977,0.0
2,261,10,1661,0.0
2,262,1,1716,0.2
2,262,2,259,0.15
2,262,3,2090,0.0
2,262,4,1293,0.0
2,262,5,1903,0.0
2,262,6,772,0.0
2,262,7,3045,0.0
2,262,8,645,0.0
2,262,9,2194,0.0
2,262,10,2116,0.0
2,263,1,2429,0.25
2,263,2,2772,0.15
2,263,3,259,0.15
2,263,4,1309,0.0
2,263,5,1529,0.0
2,263,6,911,0.0
2,263,7,741,0.0
2,263,8,599,0.0
2,263,9,857,0.0
2,263,10,100,0.0
2,264,1,2710,0.25
2,264,2,2640,0.2
2,264,3,164,0.05
2,264,4,447,0.0
2,264,5,1435,0.0
2,264,6,2388,0.0
2,264,7,1850,0.0
2,264,8,2122,0.0
2,264,9,2815,0.0
2,264,10,72,0.0
2,265,1,1383,0.25
2,265,2,2640,0.2
2,265,3,1750,0.05
2,265,4,427,0.0
2,265,5,2861,0.0
2,265,6,249,0.0
2,265,7,2943,0.0
2,265,8,2595,0.0
2,265,9,1853,0.0
2,265,10,1246,0.0
2,266,1,1180,0.25
2,266,2,49,0.2
2,266,3,2867,0.05
2,266,4,1151,0.0
2,266,5,1659,0.0
2,266,6,2256,0.0
2,266,7,2456,0.0
2,266,8,1511,0.0
2,266,9,2719,0.0
2,266,10,1652,0.0
2,267,1,49,0.2
2,267,2,2603,0.15
2,267,3,164,0.05
2,267,4,11,0.0
2,267,5,2472,0.0
2,267,6,1080,0.0
2,267,7,2461,0.0
2,267,8,2321,0.0
2,267,9,2971,0.0
2,267,10,1416,0.0
2,268,1,1380,0.25
2,268,2,701,0.25
2,268,3,2867,0.05
2,268,4,1710,0.05
2,268,5,231,0.0
2,268,6,2308,0.0
2,268,7,2788,0.0
2,268,8,321,0.0
2,268,9,3058,0.0
2,268,10,3011,0.0
2,269,1,1159,0.2
2,269,2,869,0.2
2,269,3,2603,0.15
2,269,4,658,0.0
2,269,5,3025,0.0
2,269,6,2057,0.0
2,269,7,1839,0.0
2,269,8,469,0.0
2,269,9,1145,0.0
2,269,10,785,0.0
2,271,1,1180,0.25
2,271,2,1159,0.2
2,271,3,2603,0.15
2,271,4,1358,0.05
2,271,5,2614,0.0
2,271,6,425,0.0
2,271,7,2308,0.0
2,271,8,3079,0.0
2,271,9,1912,0.0
2,271,10,187,0.0
2,272,1,1380,0.25
2,272,2,65,0.2
2,272,3,2867,0.05
2,272,4,1122,0.0
2,272,5,2728,0.0
2,272,6,1902,0.0
2,272,7,1073,0.0
2,272,8,1892,0.0
2,272,9,2828,0.0
2,272,10,1986,0.0
2,273,1,1437,0.1
2,273,2,718,0.0
2,273,3,191,0.0
2,273,4,2080,0.0
2,273,5,2584,0.0
2,273,6,1971,0.0
2,273,7,2759,0.0
2,273,8,1447,0.0
2,273,9,523,0.0
2,273,10,2781,0.0
2,274,1,2274,0.2
2,274,2,2480,0.2
2,274,3,1159,0.2
2,274,4,2603,0.15
2,274,5,2306,0.0
2,274,6,2881,0.0
2,274,7,2183,0.0
2,274,8,410,0.0
2,274,9,1312,0.0
2,274,10,2193,0.0
2,276,1,2628,0.15
2,276,2,2580,0.15
2,276,3,1719,0.0
2,276,4,2299,0.0
2,276,5,1782,0.0
2,276,6,2269,0.0
2,276,7,342,0.0
2,276,8,1460,0.0
2,276,9,1392,0.0
2,276,10,418,0.0
2,277,1,1582,0.1
2,277,2,608,0.05
2,277,3,55,0.05
2,277,4,2747,0.0
2,277,5,1935,0.0
2,277,6,1967,0.0
2,277,7,645,0.0
2,277,8,2834,0.0
2,277,9,1918,0.0
2,277,10,1210,0.0
2,278,1,663,0.15
2,278,2,122,0.1
2,278,3,1652,0.0
2,278,4,2134,0.0
2,278,5,2827,0.0
2,278,6,1656,0.0
2,278,7,2380,0.0
2,278,8,1554,0.0
2,278,9,1796,0.0
2,278,10,1391,0.0
2,279,1,2280,0.2
2,279,2,663,0.15
2,279,3,608,0.05
2,279,4,871,0.0
2,279,5,2910,0.0
2,279,6,2152,0.0
2,279,7,2146,0.0
2,279,8,1770,0.0
2,279,9,2336,0.0
2,279,10,2507,0.0
2,280,1,122,0.1
2,280,2,1766,0.05
2,280,3,135,0.0
2,280,4,2019,0.0
2,280,5,1279,0.0
2,280,6,12,0.0
2,280,7,2240,0.0
2,280,8,2111,0.0
2,280,9,1716,0.0
2,280,10,2923,0.0
2,282,1,192,0.2
2,282,2,719,0.15
2,282,3,2580,0.15
2,282,4,1810,0.0
2,282,5,2018,0.0
2,282,6,2772,0.0
2,282,7,641,0.0
2,282,8,3067,0.0
2,282,9,1668,0.0
2,282,10,1312,0.0
2,283,1,1963,0.15
2,283,2,2628,0.15
2,283,3,3053,0.0
2,283,4,57,0.0
2,283,5,2418,0.0
2,283,6,927,0.0
2,283,7,2330,0.0
2,283,8,1885,0.0
2,283,9,661,0.0
2,283,10,2102,0.0
2,284,1,176,0.2
2,284,2,740,0.05
2,284,3,2053,0.05
2,284,4,15,0.0
2,284,5,872,0.0
2,284,6,2480,0.0
2,284,7,934,0.0
2,284,8,1275,0.0
2,284,9,2478,0.0
2,284,10,2501,0.0
2,285,1,2407,0.15
2,285,2,718,0.1
2,285,3,1507,0.05
2,285,4,2319,0.0
2,285,5,2600,0.0
2,285,6,1042,0.0
2,285,7,905,0.0
2,285,8,566,0.0
2,285,9,2474,0.0
2,285,10,481,0.0
2,286,1,1540,0.1
2,286,2,783,0.05
2,286,3,500,0.05
2,286,4,2121,0.05
2,286,5,2583,0.05
2,286,6,974,0.0
2,286,7,1335,0.0
2,286,8,1585,0.0
2,286,9,2408,0.0
2,286,10,2269,0.0
2,287,1,2407,0.15
2,287,2,1277,0.1
2,287,3,2542,0.0
2,287,4,267,0.0
2,287,5,2969,0.0
2,287,6,404,0.0
2,287,7,2392,0.0
2,287,8,690,0.0
2,287,9,1694,0.0
2,287,10,2613,0.0
2,288,1,1277,0.1
2,288,2,783,0.05
2,288,3,2951,0.05
2,288,4,2542,0.0
2,288,5,1355,0.0
2,288,6,2030,0.0
2,288,7,3029,0.0
2,288,8,685,0.0
2,288,9,782,0.0
2,288,10,870,0.0
2,289,1,1053,0.2
2,289,2,860,0.05
2,289,3,823,0.0
2,289,4,512,0.0
2,289,5,579,0.0
2,289,6,319,0.0
2,289,7,1194,0.0
2,289,8,166,0.0
2,289,9,2496,0.0
2,289,10,32,0.0
2,290,1,555,0.2
2,290,2,2090,0.15
2,290,3,553,0.15
2,290,4,1225,0.0
2,290,5,1345,0.0
2,290,6,1331,0.0
2,290,7,694,0.0
2,290,8,2915,0.0
2,290,9,543,0.0
2,290,10,1810,0.0
2,291,1,1528,0.15
2,291,2,727,0.1
2,291,3,375,0.05
2,291,4,1527,0.0
2,291,5,2890,0.0
2,291,6,1105,0.0
2,291,7,66,0.0
2,291,8,1072,0.0
2,291,9,2963,0.0
2,291,10,1471,0.0
2,292,1,2090,0.15
2,292,2,314,0.1
2,292,3,375,0.05
2,292,4,3067,0.0
2,292,5,352,0.0
2,292,6,2503,0.0
2,292,7,2674,0.0
2,292,8,3063,0.0
2,292,9,92,0.0
2,292,10,2745,0.0
2,293,1,1344,0.2
2,293,2,1528,0.15
2,293,3,375,0.05
2,293,4,2695,0.0
2,293,5,819,0.0
2,293,6,937,0.0
2,293,7,1878,0.0
2,293,8,2161,0.0
2,293,9,2022,0.0
2,293,10,1612,0.0
2,294,1,2952,0.2
2,294,2,2929,0.1
2,294,3,2616,0.1
2,294,4,606,0.0
2,294,5,1426,0.0
2,294,6,2382,0.0
2,294,7,2389,0.0
2,294,8,1883,0.0
2,294,9,952,0.0
2,294,10,2133,0.0
2,295,1,285,0.15
2,295,2,2128,0.1
2,295,3,2616,0.1
2,295,4,2141,0.0
2,295,5,464,0.0
2,295,6,2458,0.0
2,295,7,2737,0.0
2,295,8,433,0.0
2,295,9,2563,0.0
2,295,10,992,0.0
2,297,1,1381,0.15
2,297,2,1336,0.1
2,297,3,1721,0.05
2,297,4,1794,0.05
2,297,5,451,0.0
2,297,6,1362,0.0
2,297,7,1860,0.0
2,297,8,1361,0.0
2,297,9,397,0.0
2,297,10,2265,0.0
2,298,1,2128,0.1
2,298,2,2929,0.1
2,298,3,2672,0.05
2,298,4,2094,0.0
2,298,5,1028,0.0
2,298,6,2312,0.0
2,298,7,2710,0.0
2,298,8,3051,0.0
2,298,9,779,0.0
2,298,10,361,0.0
2,299,1,540,0.2
2,299,2,174,0.05
2,299,3,1047,0.05
2,299,4,3040,0.05
2,299,5,368,0.0
2,299,6,455,0.0
2,299,7,2754,0.0
2,299,8,2957,0.0
2,299,9,787,0.0
2,299,10,915,0.0
2,300,1,1449,0.2
2,300,2,1592,0.15
2,300,3,1113,0.15
2,300,4,2535,0.0
2,300,5,2644,0.0
2,300,6,1892,0.0
2,300,7,1453,0.0
2,300,8,1979,0.0
2,300,9,1880,0.0
2,300,10,1079,0.0
2,301,1,1449,0.2
2,301,2,2969,0.15
2,301,3,1016,0.1
2,301,4,2140,0.05
2,301,5,1665,0.05
2,301,6,2397,0.0
2,301,7,314,0.0
2,301,8,1410,0.0
2,301,9,1523,0.0
2,301,10,1064,0.0
2,302,1,1113,0.15
2,302,2,1016,0.1
2,302,3,1920,0.1
2,302,4,1998,0.0
2,302,5,623,0.0
2,302,6,78,0.0
2,302,7,1012,0.0
2,302,8,2904,0.0
2,302,9,2571,0.0
2,302,10,1767,0.0
2,303,1,1189,0.2
2,303,2,2969,0.15
2,303,3,1016,0.1
2,303,4,675,0.05
2,303,5,2787,0.05
2,303,6,2128,0.05
2,303,7,731,0.05
2,303,8,2438,0.0
2,303,9,1879,0.0
2,303,10,1442,0.0
2,304,1,1571,0.25
2,304,2,2974,0.2
2,304,3,315,0.1
2,304,4,409,0.0
2,304,5,871,0.0
2,304,6,2405,0.0
2,304,7,1206,0.0
2,304,8,516,0.0
2,304,9,2837,0.0
2,304,10,1791,0.0
2,305,1,2978,0.2
2,305,2,562,0.15
2,305,3,1710,0.05
2,305,4,646,0.0
2,305,5,2049,0.0
2,305,6,1753,0.0
2,305,7,2923,0.0
2,305,8,2387,0.0
2,305,9,1095,0.0
2,305,10,280,0.0
2,306,1,2978,0.2
2,306,2,975,0.05
2,306,3,1481,0.05
2,306,4,38,0.05
2,306,5,1228,0.0
2,306,6,1891,0.0
2,306,7,2560,0.0
2,306,8,2633,0.0
2,306,9,728,0.0
2,306,10,2105,0.0
2,307,1,1995,0.15
2,307,2,562,0.15
2,307,3,1990,0.15
2,307,4,2880,0.0
2,307,5,1932,0.0
2,307,6,2824,0.0
2,307,7,2443,0.0
2,307,8,1736,0.0
2,307,9,421,0.0
2,307,10,2983,0.0
2,308,1,1116,0.15
2,308,2,975,0.05
2,308,3,1223,0.0
2,308,4,1254,0.0
2,308,5,2982,0.0
2,308,6,298,0.0
2,308,7,953,0.0
2,308,8,1226,0.0
2,308,9,1732,0.0
2,308,10,1290,0.0
2,309,1,1701,0.25
2,309,2,1995,0.15
2,309,3,1811,0.1
2,309,4,1392,0.0
2,309,5,2472,0.0
2,309,6,336,0.0
2,309,7,118,0.0
2,309,8,337,0.0
2,309,9,2033,0.0
2,309,10,2596,0.0
2,310,1,1995,0.15
2,310,2,1811,0.1
2,310,3,351,0.0
2,310,4,2972,0.0
2,310,5,1275,0.0
2,310,6,724,0.0
2,310,7,1476,0.0
2,310,8,1174,0.0
2,310,9,1875,0.0
2,310,10,225,0.0
2,311,1,69,0.2
2,311,2,1811,0.1
2,311,3,357,0.0
2,311,4,480,0.0
2,311,5,3033,0.0
2,311,6,411,0.0
2,311,7,2222,0.0
2,311,8,2967,0.0
2,311,9,2308,0.0
2,311,10,2964,0.0
2,312,1,455,0.15
2,312,2,1868,0.1
2,312,3,1221,0.05
2,312,4,1104,0.05
2,312,5,641,0.0
2,312,6,1935,0.0
2,312,7,2627,0.0
2,312,8,3042,0.0
2,312,9,1705,0.0
2,312,10,1190,0.0
2,314,1,1198,0.2
2,314,2,1541,0.05
2,314,3,1221,0.05
2,314,4,95,0.0
2,314,5,1600,0.0
2,314,6,1587,0.0
2,314,7,2218,0.0
2,314,8,785,0.0
2,314,9,906,0.0
2,314,10,1316,0.0
2,315,1,1206,0.15
2,315,2,633,0.05
2,315,3,1541,0.05
2,315,4,384,0.0
2,315,5,2592,0.0
2,315,6,1961,0.0
2,315,7,2333,0.0
2,315,8,107,0.0
2,315,9,1697,0.0
2,315,10,2478,0.0
2,316,1,1369,0.2
2,316,2,633,0.05
2,316,3,338,0.05
2,316,4,795,0.0
2,316,5,768,0.0
2,316,6,915,0.0
2,316,7,2484,0.0
2,316,8,692,0.0
2,316,9,1135,0.0
2,316,10,745,0.0
2,317,1,984,0.1
2,317,2,3069,0.1
2,317,3,633,0.05
2,317,4,2763,0.0
2,317,5,2683,0.0
2,317,6,2803,0.0
2,317,7,636,0.0
2,317,8,520,0.0
2,317,9,1981,0.0
2,317,10,1786,0.0
2,318,1,2176,0.3
2,318,2,2106,0.3
2,318,3,1781,0.1
2,318,4,2073,0.05
2,318,5,3065,0.0
2,318,6,277,0.0
2,318,7,1413,0.0
2,318,8,178,0.0
2,318,9,3068,0.0
2,318,10,1555,0.0
2,319,1,1367,0.2
2,319,2,1902,0.0
2,319,3,34,0.0
2,319,4,1766,0.0
2,319,5,2436,0.0
2,319,6,180,0.0
2,319,7,2134,0.0
2,319,8,2805,0.0
2,319,9,1458,0.0
2,319,10,1373,0.0
2,321,1,1367,0.2
2,321,2,2659,0.1
2,321,3,3027,0.05
2,321,4,319,0.0
2,321,5,1765,0.0
2,321,6,345,0.0
2,321,7,206,0.0
2,321,8,2963,0.0
2,321,9,2941,0.0
2,321,10,1891,0.0
2,322,1,446,0.25
2,322,2,2363,0.15
2,322,3,2323,0.05
2,322,4,2374,0.0
2,322,5,1828,0.0
2,322,6,232,0.0
2,322,7,2513,0.0
2,322,8,2859,0.0
2,322,9,91,0.0
2,322,10,1280,0.0
2,323,1,1707,0.2
2,323,2,1422,0.15
2,323,3,1210,0.0
2,323,4,290,0.0
2,323,5,2518,0.0
2,323,6,1963,0.0
2,323,7,2453,0.0
2,323,8,1151,0.0
2,323,9,2847,0.0
2,323,10,2681,0.0
2,324,1,446,0.25
2,324,2,2956,0.15
2,324,3,330,0.0
2,324,4,1604,0.0
2,324,5,2267,0.0
2,324,6,823,0.0
2,324,7,623,0.0
2,324,8,693,0.0
2,324,9,570,0.0
2,324,10,2966,0.0
2,325,1,2956,0.15
2,325,2,104,0.15
2,325,3,1770,0.0
2,325,4,489,0.0
2,325,5,2523,0.0
2,325,6,2985,0.0
2,325,7,1314,0.0
2,325,8,2038,0.0
2,325,9,2454,0.0
2,325,10,1102,0.0
2,326,1,2363,0.15
2,326,2,1991,0.15
2,326,3,3027,0.05
2,326,4,2285,0.05
2,326,5,1777,0.0
2,326,6,2050,0.0
2,326,7,2752,0.0
2,326,8,2850,0.0
2,326,9,129,0.0
2,326,10,2693,0.0
2,327,1,2075,0.15
2,327,2,3027,0.05
2,327,3,851,0.0
2,327,4,1322,0.0
2,327,5,1037,0.0
2,327,6,1880,0.0
2,327,7,2324,0.0
2,327,8,1492,0.0
2,327,9,2408,0.0
2,327,10,1335,0.0
2,328,1,2084,0.3
2,328,2,2917,0.25
2,328,3,1671,0.2
2,328,4,1589,0.0
2,328,5,2292,0.0
2,328,6,540,0.0
2,328,7,1061,0.0
2,328,8,3016,0.0
2,328,9,63,0.0
2,328,10,2390,0.0
2,329,1,1422,0.15
2,329,2,2296,0.05
2,329,3,2098,0.05
2,329,4,522,0.0
2,329,5,584,0.0
2,329,6,1282,0.0
2,329,7,2045,0.0
2,329,8,528,0.0
2,329,9,918,0.0
2,329,10,1288,0.0
2,330,1,2484,0.15
2,330,2,1368,0.1
2,330,3,2659,0.1
2,330,4,272,0.0
2,330,5,756,0.0
2,330,6,1294,0.0
2,330,7,1606,0.0
2,330,8,814,0.0
2,330,9,418,0.0
2,330,10,1200,0.0
2,331,1,1368,0.1
2,331,2,33,0.1
2,331,3,2296,0.05
2,331,4,1866,0.0
2,331,5,1898,0.0
2,331,6,2371,0.0
2,331,7,2394,0.0
2,331,8,1018,0.0
2,331,9,2765,0.0
2,331,10,3059,0.0
2,332,1,1635,0.2
2,332,2,2705,0.2
2,332,3,2296,0.05
2,332,4,1529,0.0
2,332,5,1357,0.0
2,332,6,1156,0.0
2,332,7,2990,0.0
2,332,8,2557,0.0
2,332,9,9,0.0
2,332,10,1743,0.0
2,333,1,1491,0.2
2,333,2,90,0.15
2,333,3,523,0.15
2,333,4,1962,0.05
2,333,5,2434,0.0
2,333,6,312,0.0
2,333,7,192,0.0
2,333,8,2418,0.0
2,333,9,389,0.0
2,333,10,2239,0.0
2,334,1,2602,0.2
2,334,2,2261,0.2
2,334,3,2061,0.15
2,334,4,2144,0.05
2,334,5,3015,0.0
2,334,6,731,0.0
2,334,7,3040,0.0
2,334,8,2206,0.0
2,334,9,1870,0.0
2,334,10,500,0.0
2,335,1,523,0.15
2,335,2,2061,0.15
2,335,3,2870,0.1
2,335,4,1569,0.05
2,335,5,2988,0.0
2,335,6,353,0.0
2,335,7,150,0.0
2,335,8,2546,0.0
2,335,9,972,0.0
2,335,10,2022,0.0
2,336,1,2870,0.1
2,336,2,899,0.05
2,336,3,249,0.05
2,336,4,203,0.05
2,336,5,2448,0.05
2,336,6,3072,0.0
2,336,7,2545,0.0
2,336,8,728,0.0
2,336,9,1093,0.0
2,336,10,522,0.0
2,337,1,2145,0.25
2,337,2,900,0.05
2,337,3,1643,0.0
2,337,4,2827,0.0
2,337,5,2802,0.0
2,337,6,2542,0.0
2,337,7,2375,0.0
2,337,8,347,0.0
2,337,9,383,0.0
2,337,10,282,0.0
2,338,1,2927,0.25
2,338,2,2602,0.2
2,338,3,1325,0.0
2,338,4,887,0.0
2,338,5,1304,0.0
2,338,6,820,0.0
2,338,7,2143,0.0
2,338,8,2186,0.0
2,338,9,2904,0.0
2,338,10,2686,0.0
2,339,1,2384,0.25
2,339,2,523,0.15
2,339,3,900,0.05
2,339,4,2433,0.0
2,339,5,1880,0.0
2,339,6,1669,0.0
2,339,7,101,0.0
2,339,8,729,0.0
2,339,9,1478,0.0
2,339,10,707,0.0
2,340,1,1692,0.25
2,340,2,2145,0.25
2,340,3,900,0.05
2,340,4,675,0.05
2,340,5,2073,0.05
2,340,6,2358,0.05
2,340,7,1820,0.0
2,340,8,2707,0.0
2,340,9,1908,0.0
2,340,10,2662,0.0
2,341,1,646,0.15
2,341,2,1827,0.15
2,341,3,1862,0.0
2,341,4,1429,0.0
2,341,5,2998,0.0
2,341,6,400,0.0
2,341,7,1049,0.0
2,341,8,2569,0.0
2,341,9,3054,0.0
2,341,10,919,0.0
2,343,1,1692,0.25
2,343,2,2927,0.25
2,343,3,2543,0.0
2,343,4,1845,0.0
2,343,5,1177,0.0
2,343,6,1725,0.0
2,343,7,1776,0.0
2,343,8,2208,0.0
2,343,9,235,0.0
2,343,10,1819,0.0
2,344,1,646,0.15
2,344,2,612,0.05
2,344,3,2668,0.05
2,344,4,854,0.0
2,344,5,827,0.0
2,344,6,577,0.0
2,344,7,666,0.0
2,344,8,2704,0.0
2,344,9,1068,0.0
2,344,10,2862,0.0
2,345,1,387,0.2
2,345,2,2264,0.15
2,345,3,174,0.05
2,345,4,779,0.05
2,345,5,999,0.0
2,345,6,1477,0.0
2,345,7,401,0.0
2,345,8,1779,0.0
2,345,9,354,0.0
2,345,10,2408,0.0
2,346,1,1472,0.2
2,346,2,1785,0.05
2,346,3,2144,0.05
2,346,4,779,0.05
2,346,5,1406,0.0
2,346,6,2580,0.0
2,346,7,2039,0.0
2,346,8,1997,0.0
2,346,9,246,0.0
2,346,10,2248,0.0
2,347,1,482,0.15
2,347,2,502,0.1
2,347,3,1295,0.05
2,347,4,2907,0.0
2,347,5,1221,0.0
2,347,6,568,0.0
2,347,7,435,0.0
2,347,8,1095,0.0
2,347,9,1339,0.0
2,347,10,1734,0.0
2,348,1,502,0.15
2,348,2,72,0.15
2,348,3,157,0.0
2,348,4,1714,0.0
2,348,5,364,0.0
2,348,6,2522,0.0
2,348,7,2334,0.0
2,348,8,2515,0.0
2,348,9,2025,0.0
2,348,10,1036,0.0
2,349,1,72,0.15
2,349,2,2312,0.1
2,349,3,2007,0.1
2,349,4,271,0.0
2,349,5,3052,0.0
2,349,6,718,0.0
2,349,7,1,0.0
2,349,8,2228,0.0
2,349,9,2936,0.0
2,349,10,1347,0.0
2,350,1,502,0.15
2,350,2,333,0.1
2,350,3,1761,0.05
2,350,4,157,0.0
2,350,5,2563,0.0
2,350,6,2564,0.0
2,350,7,2075,0.0
2,350,8,1196,0.0
2,350,9,185,0.0
2,350,10,2755,0.0
2,351,1,1911,0.1
2,351,2,1002,0.1
2,351,3,333,0.1
2,351,4,5,0.0
2,351,5,1715,0.0
2,351,6,1928,0.0
2,351,7,1447,0.0
2,351,8,3027,0.0
2,351,9,1141,0.0
2,351,10,430,0.0
2,352,1,1490,0.15
2,352,2,1266,0.15
2,352,3,1827,0.1
2,352,4,1,0.1
2,352,5,40,0.05
2,352,6,1417,0.05
2,352,7,1816,0.05
2,352,8,927,0.0
2,352,9,2525,0.0
2,352,10,861,0.0
2,353,1,432,0.15
2,353,2,2869,0.1
2,353,3,2562,0.05
2,353,4,627,0.0
2,353,5,701,0.0
2,353,6,1268,0.0
2,353,7,797,0.0
2,353,8,2123,0.0
2,353,9,1241,0.0
2,353,10,2139,0.0
2,354,1,1490,0.15
2,354,2,2665,0.1
2,354,3,2562,0.05
2,354,4,1888,0.0
2,354,5,291,0.0
2,354,6,2969,0.0
2,354,7,1964,0.0
2,354,8,267,0.0
2,354,9,2101,0.0
2,354,10,3069,0.0
2,355,1,622,0.1
2,355,2,754,0.1
2,355,3,2665,0.1
2,355,4,2098,0.05
2,355,5,2126,0.0
2,355,6,1644,0.0
2,355,7,206,0.0
2,355,8,145,0.0
2,355,9,2644,0.0
2,355,10,2221,0.0
2,356,1,432,0.15
2,356,2,622,0.1
2,356,3,2869,0.1
2,356,4,706,0.0
2,356,5,573,0.0
2,356,6,1277,0.0
2,356,7,2987,0.0
2,356,8,1514,0.0
2,356,9,3024,0.0
2,356,10,749,0.0
2,357,1,579,0.25
2,357,2,1461,0.05
2,357,3,772,0.0
2,357,4,2879,0.0
2,357,5,1755,0.0
2,357,6,892,0.0
2,357,7,480,0.0
2,357,8,678,0.0
2,357,9,2322,0.0
2,357,10,2140,0.0
2,358,1,2311,0.25
2,358,2,2645,0.25
2,358,3,2486,0.0
2,358,4,2264,0.0
2,358,5,1660,0.0
2,358,6,1317,0.0
2,358,7,2413,0.0
2,358,8,794,0.0
2,358,9,2743,0.0
2,358,10,154,0.0
2,359,1,1542,0.1
2,359,2,506,0.05
2,359,3,655,0.05
2,359,4,557,0.0
2,359,5,1224,0.0
2,359,6,1126,0.0
2,359,7,978,0.0
2,359,8,814,0.0
2,359,9,526,0.0
2,359,10,2210,0.0
2,360,1,1542,0.1
2,360,2,506,0.05
2,360,3,1121,0.0
2,360,4,947,0.0
2,360,5,1862,0.0
2,360,6,1435,0.0
2,360,7,2270,0.0
2,360,8,1414,0.0
2,360,9,1152,0.0
2,360,10,1634,0.0
2,361,1,1542,0.1
2,361,2,506,0.05
2,361,3,1721,0.05
2,361,4,57,0.0
2,361,5,749,0.0
2,361,6,21,0.0
2,361,7,1426,0.0
2,361,8,1492,0.0
2,361,9,492,0.0
2,361,10,2345,0.0
2,362,1,1542,0.1
2,362,2,506,0.05
2,362,3,1601,0.0
2,362,4,1143,0.0
2,362,5,2574,0.0
2,362,6,67,0.0
2,362,7,1918,0.0
2,362,8,2050,0.0
2,362,9,2824,0.0
2,362,10,3074,0.0
2,363,1,1542,0.1
2,363,2,506,0.05
2,363,3,2211,0.05
2,363,4,1025,0.0
2,363,5,1966,0.0
2,363,6,1790,0.0
2,363,7,285,0.0
2,363,8,2141,0.0
2,363,9,1357,0.0
2,363,10,438,0.0
2,365,1,397,0.15
2,365,2,210,0.15
2,365,3,1407,0.05
2,365,4,366,0.0
2,365,5,2386,0.0
2,365,6,25,0.0
2,365,7,2194,0.0
2,365,8,323,0.0
2,365,9,1734,0.0
2,365,10,1006,0.0
2,366,1,1494,0.15
2,366,2,2078,0.15
2,366,3,1927,0.0
2,366,4,2570,0.0
2,366,5,2711,0.0
2,366,6,567,0.0
2,366,7,1614,0.0
2,366,8,416,0.0
2,366,9,671,0.0
2,366,10,536,0.0
2,367,1,210,0.15
2,367,2,418,0.15
2,367,3,1720,0.05
2,367,4,484,0.05
2,367,5,941,0.0
2,367,6,2744,0.0
2,367,7,898,0.0
2,367,8,2321,0.0
2,367,9,1062,0.0
2,367,10,9,0.0
2,368,1,2078,0.15
2,368,2,2759,0.1
2,368,3,253,0.0
2,368,4,3001,0.0
2,368,5,2501,0.0
2,368,6,1307,0.0
2,368,7,1501,0.0
2,368,8,195,0.0
2,368,9,2031,0.0
2,368,10,1390,0.0
2,369,1,2739,0.6
2,369,2,477,0.6
2,369,3,1347,0.6
2,369,4,2773,0.0
2,369,5,141,0.0
2,369,6,1946,0.0
2,369,7,2492,0.0
2,369,8,2882,0.0
2,369,9,2143,0.0
2,369,10,280,0.0
2,370,1,1606,0.65
2,370,2,2739,0.6
2,370,3,918,0.4
2,370,4,757,0.0
2,370,5,1623,0.0
2,370,6,2127,0.0
2,370,7,1125,0.0
2,370,8,357,0.0
2,370,9,1800,0.0
2,370,10,2701,0.0
2,372,1,1398,0.7
2,372,2,1606,0.65
2,372,3,272,0.6
2,372,4,1011,0.0
2,372,5,1981,0.0
2,372,6,18,0.0
2,372,7,956,0.0
2,372,8,1470,0.0
2,372,9,2495,0.0
2,372,10,2163,0.0
2,373,1,2464,0.7
2,373,2,1606,0.65
2,373,3,2687,0.2
2,373,4,1061,0.0
2,373,5,708,0.0
2,373,6,2887,0.0
2,373,7,1792,0.0
2,373,8,2746,0.0
2,373,9,1679,0.0
2,373,10,3001,0.0
2,374,1,918,0.4
2,374,2,2441,0.35
2,374,3,2888,0.3
2,374,4,558,0.0
2,374,5,929,0.0
2,374,6,2229,0.0
2,374,7,66,0.0
2,374,8,1084,0.0
2,374,9,72,0.0
2,374,10,1859,0.0
2,375,1,2739,0.6
2,375,2,2321,0.55
2,375,3,2441,0.35
2,375,4,213,0.0
2,375,5,2698,0.0
2,375,6,3045,0.0
2,375,7,2722,0.0
2,375,8,110,0.0
2,375,9,1303,0.0
2,375,10,294,0.0
2,378,1,1347,0.6
2,378,2,477,0.6
2,378,3,2888,0.3
2,378,4,404,0.0
2,378,5,36,0.0
2,378,6,1246,0.0
2,378,7,216,0.0
2,378,8,1806,0.0
2,378,9,644,0.0
2,378,10,2122,0.0
2,379,1,1678,0.75
2,379,2,2321,0.55
2,379,3,2441,0.35
2,379,4,285,0.0
2,379,5,854,0.0
2,379,6,3078,0.0
2,379,7,2541,0.0
2,379,8,2375,0.0
2,379,9,1486,0.0
2,379,10,248,0.0
2,380,1,477,0.6
2,380,2,918,0.4
2,380,3,2441,0.35
2,380,4,1532,0.0
2,380,5,142,0.0
2,380,6,983,0.0
2,380,7,2802,0.0
2,380,8,996,0.0
2,380,9,256,0.0
2,380,10,446,0.0
2,381,1,2739,0.6
2,381,2,2441,0.35
2,381,3,2888,0.3
2,381,4,903,0.0
2,381,5,2938,0.0
2,381,6,2106,0.0
2,381,7,905,0.0
2,381,8,2015,0.0
2,381,9,1823,0.0
2,381,10,2753,0.0
2,383,1,1347,0.6
2,383,2,918,0.4
2,383,3,2888,0.3
2,383,4,2211,0.05
2,383,5,2224,0.0
2,383,6,379,0.0
2,383,7,2261,0.0
2,383,8,2833,0.0
2,383,9,1015,0.0
2,383,10,554,0.0
2,384,1,1678,0.75
2,384,2,1826,0.55
2,384,3,2441,0.35
2,384,4,2144,0.05
2,384,5,2756,0.0
2,384,6,2931,0.0
2,384,7,1575,0.0
2,384,8,51,0.0
2,384,9,1162,0.0
2,384,10,2123,0.0
2,385,1,2464,0.7
2,385,2,2739,0.6
2,385,3,272,0.6
2,385,4,2196,0.0
2,385,5,1151,0.0
2,385,6,724,0.0
2,385,7,2697,0.0
2,385,8,2051,0.0
2,385,9,1757,0.0
2,385,10,200,0.0
2,386,1,2464,0.7
2,386,2,1398,0.7
2,386,3,1826,0.55
2,386,4,447,0.0
2,386,5,143,0.0
2,386,6,1758,0.0
2,386,7,1515,0.0
2,386,8,2727,0.0
2,386,9,318,0.0
2,386,10,529,0.0
2,387,1,1678,0.75
2,387,2,1347,0.6
2,387,3,918,0.4
2,387,4,1037,0.0
2,387,5,1321,0.0
2,387,6,2245,0.0
2,387,7,229,0.0
2,387,8,342,0.0
2,387,9,1795,0.0
2,387,10,2126,0.0
2,388,1,272,0.6
2,388,2,477,0.6
2,388,3,1826,0.55
2,388,4,2460,0.0
2,388,5,2157,0.0
2,388,6,1176,0.0
2,388,7,1346,0.0
2,388,8,167,0.0
2,388,9,2026,0.0
2,388,10,960,0.0
2,391,1,1606,0.65
2,391,2,272,0.6
2,391,3,1108,0.55
2,391,4,496,0.0
2,391,5,934,0.0
2,391,6,2280,0.0
2,391,7,2415,0.0
2,391,8,535,0.0
2,391,9,1841,0.0
2,391,10,811,0.0
2,392,1,2082,0.15
2,392,2,641,0.15
2,392,3,2490,0.05
2,392,4,1301,0.0
2,392,5,1790,0.0
2,392,6,1936,0.0
2,392,7,2885,0.0
2,392,8,682,0.0
2,392,9,1544,0.0
2,392,10,549,0.0
2,395,1,1102,0.15
2,395,2,2490,0.05
2,395,3,2452,0.05
2,395,4,1108,0.0
2,395,5,680,0.0
2,395,6,1529,0.0
2,395,7,637,0.0
2,395,8,584,0.0
2,395,9,2928,0.0
2,395,10,1402,0.0
2,396,1,2156,0.15
2,396,2,2607,0.15
2,396,3,2452,0.05
2,396,4,3075,0.0
2,396,5,2857,0.0
2,396,6,1805,0.0
2,396,7,1951,0.0
2,396,8,1366,0.0
2,396,9,1789,0.0
2,396,10,2143,0.0
2,397,1,2235,0.15
2,397,2,1307,0.15
2,397,3,1999,0.15
2,397,4,874,0.0
2,397,5,2887,0.0
2,397,6,2319,0.0
2,397,7,942,0.0
2,397,8,2270,0.0
2,397,9,1644,0.0
2,397,10,1093,0.0
2,398,1,82,0.2
2,398,2,206,0.1
2,398,3,2752,0.05
2,398,4,2882,0.05
2,398,5,1142,0.05
2,398,6,166,0.0
2,398,7,2901,0.0
2,398,8,1508,0.0
2,398,9,1249,0.0
2,398,10,1470,0.0
2,399,1,89,0.1
2,399,2,2568,0.05
2,399,3,1999,0.05
2,399,4,649,0.0
2,399,5,1490,0.0
2,399,6,1853,0.0
2,399,7,1756,0.0
2,399,8,423,0.0
2,399,9,1132,0.0
2,399,10,2070,0.0
2,400,1,475,0.2
2,400,2,1379,0.15
2,400,3,390,0.0
2,400,4,1720,0.0
2,400,5,2721,0.0
2,400,6,1613,0.0
2,400,7,463,0.0
2,400,8,914,0.0
2,400,9,373,0.0
2,400,10,73,0.0
2,401,1,2558,0.15
2,401,2,2599,0.15
2,401,3,2104,0.15
2,401,4,2890,0.0
2,401,5,492,0.0
2,401,6,1829,0.0
2,401,7,336,0.0
2,401,8,879,0.0
2,401,9,1446,0.0
2,401,10,684,0.0
2,403,1,2910,0.25
2,403,2,609,0.15
2,403,3,1307,0.15
2,403,4,1243,0.0
2,403,5,1840,0.0
2,403,6,720,0.0
2,403,7,1388,0.0
2,403,8,845,0.0
2,403,9,1107,0.0
2,403,10,2400,0.0
2,404,1,1301,0.2
2,404,2,609,0.15
2,404,3,1379,0.15
2,404,4,1486,0.0
2,404,5,2406,0.0
2,404,6,1536,0.0
2,404,7,2971,0.0
2,404,8,2151,0.0
2,404,9,267,0.0
2,404,10,790,0.0
2,405,1,2080,0.2
2,405,2,2568,0.15
2,405,3,2235,0.15
2,405,4,2758,0.1
2,405,5,1676,0.0
2,405,6,277,0.0
2,405,7,2711,0.0
2,405,8,898,0.0
2,405,9,793,0.0
2,405,10,1589,0.0
2,406,1,475,0.2
2,406,2,206,0.2
2,406,3,2568,0.15
2,406,4,2321,0.0
2,406,5,1169,0.0
2,406,6,3021,0.0
2,406,7,792,0.0
2,406,8,2338,0.0
2,406,9,385,0.0
2,406,10,2990,0.0
2,407,1,275,0.2
2,407,2,2080,0.2
2,407,3,103,0.1
2,407,4,1916,0.0
2,407,5,1145,0.0
2,407,6,2276,0.0
2,407,7,356,0.0
2,407,8,2613,0.0
2,407,9,217,0.0
2,407,10,1060,0.0
2,408,1,275,0.2
2,408,2,2643,0.15
2,408,3,2504,0.15
2,408,4,500,0.05
2,408,5,1255,0.05
2,408,6,3058,0.0
2,408,7,877,0.0
2,408,8,1077,0.0
2,408,9,1482,0.0
2,408,10,2191,0.0
2,409,1,774,0.1
2,409,2,2188,0.1
2,409,3,103,0.1
2,409,4,2082,0.0
2,409,5,1428,0.0
2,409,6,585,0.0
2,409,7,1634,0.0
2,409,8,1607,0.0
2,409,9,1781,0.0
2,409,10,863,0.0
2,410,1,521,0.2
2,410,2,261,0.2
2,410,3,2785,0.1
2,410,4,748,0.05
2,410,5,2369,0.0
2,410,6,2048,0.0
2,410,7,1779,0.0
2,410,8,1121,0.0
2,410,9,1144,0.0
2,410,10,28,0.0
2,411,1,1408,0.15
2,411,2,2397,0.15
2,411,3,2817,0.1
2,411,4,1029,0.05
2,411,5,2095,0.05
2,411,6,1040,0.05
2,411,7,2207,0.0
2,411,8,958,0.0
2,411,9,754,0.0
2,411,10,387,0.0
2,412,1,2397,0.15
2,412,2,2488,0.1
2,412,3,774,0.1
2,412,4,516,0.0
2,412,5,1366,0.0
2,412,6,1114,0.0
2,412,7,2226,0.0
2,412,8,438,0.0
2,412,9,973,0.0
2,412,10,1271,0.0
2,413,1,539,0.15
2,413,2,2488,0.1
2,413,3,2906,0.1
2,413,4,910,0.0
2,413,5,2485,0.0
2,413,6,1252,0.0
2,413,7,1152,0.0
2,413,8,2805,0.0
2,413,9,1379,0.0
2,413,10,2718,0.0
2,414,1,1408,0.15
2,414,2,2785,0.1
2,414,3,774,0.1
2,414,4,2144,0.05
2,414,5,2306,0.05
2,414,6,2372,0.05
2,414,7,3016,0.0
2,414,8,736,0.0
2,414,9,920,0.0
2,414,10,2739,0.0
2,415,1,2183,0.2
2,415,2,1696,0.1
2,415,3,3010,0.1
2,415,4,2554,0.0
2,415,5,2647,0.0
2,415,6,1644,0.0
2,415,7,1187,0.0
2,415,8,1000,0.0
2,415,9,2027,0.0
2,415,10,1726,0.0
2,416,1,2205,0.15
2,416,2,2725,0.1
2,416,3,64,0.05
2,416,4,1984,0.0
2,416,5,2779,0.0
2,416,6,2260,0.0
2,416,7,1111,0.0
2,416,8,1831,0.0
2,416,9,337,0.0
2,416,10,602,0.0
2,417,1,2721,0.2
2,417,2,585,0.15
2,417,3,2496,0.05
2,417,4,326,0.0
2,417,5,1291,0.0
2,417,6,563,0.0
2,417,7,2678,0.0
2,417,8,2544,0.0
2,417,9,737,0.0
2,417,10,217,0.0
2,418,1,538,0.2
2,418,2,585,0.15
2,418,3,755,0.1
2,418,4,576,0.05
2,418,5,556,0.0
2,418,6,1040,0.0
2,418,7,165,0.0
2,418,8,385,0.0
2,418,9,1468,0.0
2,418,10,656,0.0
2,419,1,3019,0.15
2,419,2,1696,0.1
2,419,3,1884,0.05
2,419,4,1551,0.0
2,419,5,1723,0.0
2,419,6,579,0.0
2,419,7,2732,0.0
2,419,8,1858,0.0
2,419,9,1466,0.0
2,419,10,899,0.0
2,420,1,1196,0.15
2,420,2,704,0.15
2,420,3,3010,0.1
2,420,4,300,0.0
2,420,5,254,0.0
2,420,6,2802,0.0
2,420,7,2649,0.0
2,420,8,1075,0.0
2,420,9,598,0.0
2,420,10,1400,0.0
2,421,1,1040,0.15
2,421,2,293,0.15
2,421,3,2488,0.05
2,421,4,2272,0.05
2,421,5,2018,0.05
2,421,6,614,0.0
2,421,7,2204,0.0
2,421,8,3060,0.0
2,421,9,2187,0.0
2,421,10,2340,0.0
2,422,1,1196,0.15
2,422,2,3010,0.1
2,422,3,1884,0.05
2,422,4,538,0.05
2,422,5,611,0.05
2,422,6,2810,0.0
2,422,7,2216,0.0
2,422,8,515,0.0
2,422,9,412,0.0
2,422,10,1977,0.0
2,423,1,2028,0.2
2,423,2,1791,0.2
2,423,3,3019,0.15
2,423,4,2047,0.0
2,423,5,1146,0.0
2,423,6,1422,0.0
2,423,7,204,0.0
2,423,8,1283,0.0
2,423,9,838,0.0
2,423,10,989,0.0
2,424,1,1517,0.25
2,424,2,2609,0.2
2,424,3,1618,0.1
2,424,4,2019,0.0
2,424,5,228,0.0
2,424,6,604,0.0
2,424,7,783,0.0
2,424,8,1316,0.0
2,424,9,462,0.0
2,424,10,153,0.0
2,425,1,1293,0.2
2,425,2,1018,0.05
2,425,3,2003,0.0
2,425,4,1252,0.0
2,425,5,2471,0.0
2,425,6,1115,0.0
2,425,7,1991,0.0
2,425,8,2383,0.0
2,425,9,567,0.0
2,425,10,2538,0.0
2,426,1,538,0.25
2,426,2,826,0.1
2,426,3,2272,0.05
2,426,4,3027,0.0
2,426,5,1522,0.0
2,426,6,2059,0.0
2,426,7,2170,0.0
2,426,8,1753,0.0
2,426,9,1270,0.0
2,426,10,1453,0.0
2,427,1,538,0.25
2,427,2,585,0.15
2,427,3,621,0.1
2,427,4,1096,0.0
2,427,5,917,0.0
2,427,6,263,0.0
2,427,7,1243,0.0
2,427,8,2865,0.0
2,427,9,1019,0.0
2,427,10,1474,0.0
2,428,1,826,0.1
2,428,2,1618,0.1
2,428,3,2272,0.05
2,428,4,234,0.0
2,428,5,126,0.0
2,428,6,974,0.0
2,428,7,551,0.0
2,428,8,2246,0.0
2,428,9,1026,0.0
2,428,10,810,0.0
2,429,1,826,0.1
2,429,2,1618,0.1
2,429,3,2272,0.05
2,429,4,335,0.0
2,429,5,2365,0.0
2,429,6,383,0.0
2,429,7,1312,0.0
2,429,8,302,0.0
2,429,9,2148,0.0
2,429,10,2396,0.0
2,430,1,826,0.1
2,430,2,1618,0.1
2,430,3,2272,0.05
2,430,4,1800,0.0
2,430,5,2355,0.0
2,430,6,815,0.0
2,430,7,3079,0.0
2,430,8,233,0.0
2,430,9,1097,0.0
2,430,10,510,0.0
2,435,1,624,0.1
2,435,2,621,0.1
2,435,3,2496,0.05
2,435,4,485,0.0
2,435,5,640,0.0
2,435,6,979,0.0
2,435,7,981,0.0
2,435,8,198,0.0
2,435,9,468,0.0
2,435,10,1915,0.0
2,436,1,264,0.25
2,436,2,670,0.15
2,436,3,621,0.1
2,436,4,611,0.05
2,436,5,2210,0.0
2,436,6,564,0.0
2,436,7,1143,0.0
2,436,8,3065,0.0
2,436,9,1322,0.0
2,436,10,1054,0.0
2,437,1,670,0.15
2,437,2,624,0.1
2,437,3,2496,0.05
2,437,4,1133,0.0
2,437,5,2654,0.0
2,437,6,2250,0.0
2,437,7,189,0.0
2,437,8,698,0.0
2,437,9,963,0.0
2,437,10,872,0.0
2,439,1,1040,0.15
2,439,2,2035,0.05
2,439,3,2053,0.05
2,439,4,1749,0.05
2,439,5,2296,0.0
2,439,6,2548,0.0
2,439,7,817,0.0
2,439,8,1796,0.0
2,439,9,288,0.0
2,439,10,147,0.0
2,440,1,1467,0.15
2,440,2,2851,0.15
2,440,3,2725,0.1
2,440,4,2682,0.0
2,440,5,1131,0.0
2,440,6,1567,0.0
2,440,7,2045,0.0
2,440,8,1800,0.0
2,440,9,2988,0.0
2,440,10,2264,0.0
2,441,1,1579,0.2
2,441,2,2205,0.15
2,441,3,174,0.05
2,441,4,2925,0.05
2,441,5,876,0.0
2,441,6,1414,0.0
2,441,7,1480,0.0
2,441,8,1164,0.0
2,441,9,73,0.0
2,441,10,1881,0.0
2,442,1,1467,0.15
2,442,2,792,0.05
2,442,3,1749,0.05
2,442,4,725,0.0
2,442,5,1542,0.0
2,442,6,672,0.0
2,442,7,1596,0.0
2,442,8,46,0.0
2,442,9,1566,0.0
2,442,10,339,0.0
2,443,1,2566,0.2
2,443,2,1258,0.1
2,443,3,2018,0.1
2,443,4,1657,0.05
2,443,5,2811,0.0
2,443,6,2247,0.0
2,443,7,527,0.0
2,443,8,672,0.0
2,443,9,2136,0.0
2,443,10,2649,0.0
2,444,1,466,0.1
2,444,2,58,0.1
2,444,3,1258,0.1
2,444,4,25,0.0
2,444,5,393,0.0
2,444,6,1895,0.0
2,444,7,2492,0.0
2,444,8,2688,0.0
2,444,9,506,0.0
2,444,10,2313,0.0
2,445,1,513,0.15
2,445,2,466,0.1
2,445,3,1469,0.05
2,445,4,2197,0.0
2,445,5,633,0.0
2,445,6,2020,0.0
2,445,7,2326,0.0
2,445,8,1670,0.0
2,445,9,2719,0.0
2,445,10,1464,0.0
2,446,1,1386,0.15
2,446,2,58,0.1
2,446,3,2073,0.05
2,446,4,2911,0.05
2,446,5,1957,0.05
2,446,6,1194,0.0
2,446,7,48,0.0
2,446,8,1060,0.0
2,446,9,187,0.0
2,446,10,2745,0.0
2,448,1,2912,0.3
2,448,2,1603,0.1
2,448,3,2814,0.05
2,448,4,1027,0.0
2,448,5,2934,0.0
2,448,6,1891,0.0
2,448,7,124,0.0
2,448,8,2291,0.0
2,448,9,1725,0.0
2,448,10,3005,0.0
2,449,1,507,0.25
2,449,2,2814,0.05
2,449,3,1957,0.05
2,449,4,1009,0.05
2,449,5,2579,0.0
2,449,6,2222,0.0
2,449,7,1951,0.0
2,449,8,2707,0.0
2,449,9,907,0.0
2,449,10,401,0.0
2,450,1,672,0.2
2,450,2,301,0.2
2,450,3,1048,0.2
2,450,4,2814,0.05
2,450,5,867,0.0
2,450,6,1635,0.0
2,450,7,516,0.0
2,450,8,1109,0.0
2,450,9,859,0.0
2,450,10,1882,0.0
2,451,1,507,0.25
2,451,2,1009,0.05
2,451,3,2814,0.05
2,451,4,1972,0.0
2,451,5,940,0.0
2,451,6,2935,0.0
2,451,7,1462,0.0
2,451,8,2416,0.0
2,451,9,357,0.0
2,451,10,2982,0.0
2,452,1,301,0.2
2,452,2,672,0.2
2,452,3,655,0.05
2,452,4,2814,0.05
2,452,5,159,0.0
2,452,6,1524,0.0
2,452,7,1646,0.0
2,452,8,46,0.0
2,452,9,2984,0.0
2,452,10,1970,0.0
2,453,1,2704,0.25
2,453,2,665,0.25
2,453,3,3079,0.0
2,453,4,2496,0.0
2,453,5,1647,0.0
2,453,6,2278,0.0
2,453,7,884,0.0
2,453,8,1509,0.0
2,453,9,508,0.0
2,453,10,1756,0.0
2,454,1,1184,0.3
2,454,2,173,0.3
2,454,3,1721,0.05
2,454,4,2403,0.0
2,454,5,3010,0.0
2,454,6,474,0.0
2,454,7,2903,0.0
2,454,8,2429,0.0
2,454,9,251,0.0
2,454,10,1530,0.0
2,455,1,1048,0.2
2,455,2,1587,0.2
2,455,3,2391,0.15
2,455,4,688,0.0
2,455,5,1730,0.0
2,455,6,1820,0.0
2,455,7,450,0.0
2,455,8,2168,0.0
2,455,9,1036,0.0
2,455,10,1741,0.0
2,456,1,2615,0.25
2,456,2,1718,0.2
2,456,3,2391,0.15
2,456,4,2095,0.05
2,456,5,1708,0.05
2,456,6,2947,0.0
2,456,7,344,0.0
2,456,8,2046,0.0
2,456,9,2074,0.0
2,456,10,653,0.0
2,457,1,2615,0.25
2,457,2,2210,0.25
2,457,3,829,0.0
2,457,4,1977,0.0
2,457,5,1689,0.0
2,457,6,1894,0.0
2,457,7,884,0.0
2,457,8,1167,0.0
2,457,9,2029,0.0
2,457,10,633,0.0
2,458,1,1587,0.2
2,458,2,672,0.2
2,458,3,2391,0.15
2,458,4,2053,0.05
2,458,5,25,0.0
2,458,6,2252,0.0
2,458,7,1105,0.0
2,458,8,325,0.0
2,458,9,1786,0.0
2,458,10,867,0.0
2,459,1,1832,0.15
2,459,2,1173,0.05
2,459,3,3084,0.05
2,459,4,1255,0.05
2,459,5,640,0.0
2,459,6,370,0.0
2,459,7,219,0.0
2,459,8,98,0.0
2,459,9,621,0.0
2,459,10,161,0.0
2,460,1,554,0.25
2,460,2,444,0.15
2,460,3,1260,0.05
2,460,4,2879,0.0
2,460,5,412,0.0
2,460,6,1745,0.0
2,460,7,1234,0.0
2,460,8,2756,0.0
2,460,9,974,0.0
2,460,10,1451,0.0
2,461,1,1723,0.2
2,461,2,444,0.15
2,461,3,1173,0.05
2,461,4,2216,0.0
2,461,5,613,0.0
2,461,6,732,0.0
2,461,7,1982,0.0
2,461,8,297,0.0
2,461,9,2718,0.0
2,461,10,2738,0.0
2,462,1,1354,0.2
2,462,2,1153,0.15
2,462,3,1346,0.0
2,462,4,2296,0.0
2,462,5,1329,0.0
2,462,6,657,0.0
2,462,7,1922,0.0
2,462,8,831,0.0
2,462,9,3011,0.0
2,462,10,2808,0.0
2,463,1,863,0.15
2,463,2,1153,0.15
2,463,3,3035,0.0
2,463,4,223,0.0
2,463,5,2643,0.0
2,463,6,767,0.0
2,463,7,981,0.0
2,463,8,352,0.0
2,463,9,2528,0.0
2,463,10,1327,0.0
2,465,1,2157,0.15
2,465,2,22,0.0
2,465,3,2436,0.0
2,465,4,1316,0.0
2,465,5,20,0.0
2,465,6,1944,0.0
2,465,7,1022,0.0
2,465,8,84,0.0
2,465,9,2525,0.0
2,465,10,2874,0.0
2,467,1,2355,0.15
2,467,2,575,0.1
2,467,3,668,0.1
2,467,4,1900,0.0
2,467,5,247,0.0
2,467,6,1628,0.0
2,467,7,564,0.0
2,467,8,741,0.0
2,467,9,1014,0.0
2,467,10,1181,0.0
2,468,1,668,0.1
2,468,2,2031,0.05
2,468,3,1608,0.0
2,468,4,1343,0.0
2,468,5,659,0.0
2,468,6,473,0.0
2,468,7,316,0.0
2,468,8,2715,0.0
2,468,9,593,0.0
2,468,10,331,0.0
2,469,1,1354,0.2
2,469,2,1723,0.2
2,469,3,1153,0.15
2,469,4,1628,0.0
2,469,5,1336,0.0
2,469,6,2685,0.0
2,469,7,3043,0.0
2,469,8,2062,0.0
2,469,9,1102,0.0
2,469,10,2129,0.0
2,470,1,1476,0.15
2,470,2,575,0.1
2,470,3,37,0.0
2,470,4,2047,0.0
2,470,5,1969,0.0
2,470,6,2111,0.0
2,470,7,1571,0.0
2,470,8,3047,0.0
2,470,9,2747,0.0
2,470,10,1366,0.0
2,471,1,1248,0.2
2,471,2,1447,0.2
2,471,3,950,0.05
2,471,4,459,0.0
2,471,5,832,0.0
2,471,6,1894,0.0
2,471,7,550,0.0
2,471,8,1322,0.0
2,471,9,1231,0.0
2,471,10,3068,0.0
2,472,1,1248,0.2
2,472,2,2019,0.15
2,472,3,707,0.15
2,472,4,611,0.05
2,472,5,2862,0.0
2,472,6,3081,0.0
2,472,7,1986,0.0
2,472,8,195,0.0
2,472,9,2957,0.0
2,472,10,2953,0.0
2,474,1,1248,0.2
2,474,2,1531,0.2
2,474,3,229,0.1
2,474,4,1361,0.0
2,474,5,2733,0.0
2,474,6,2623,0.0
2,474,7,1454,0.0
2,474,8,2351,0.0
2,474,9,2486,0.0
2,474,10,2937,0.0
2,475,1,1698,0.35
2,475,2,1447,0.2
2,475,3,2019,0.15
2,475,4,1816,0.05
2,475,5,523,0.0
2,475,6,126,0.0
2,475,7,1529,0.0
2,475,8,2809,0.0
2,475,9,2076,0.0
2,475,10,1465,0.0
2,476,1,2432,0.3
2,476,2,1531,0.2
2,476,3,1981,0.05
2,476,4,2098,0.05
2,476,5,662,0.0
2,476,6,192,0.0
2,476,7,861,0.0
2,476,8,2732,0.0
2,476,9,1422,0.0
2,476,10,849,0.0
2,477,1,1447,0.2
2,477,2,2048,0.15
2,477,3,2019,0.15
2,477,4,14,0.05
2,477,5,72,0.0
2,477,6,104,0.0
2,477,7,1605,0.0
2,477,8,143,0.0
2,477,9,2428,0.0
2,477,10,3,0.0
2,478,1,2432,0.3
2,478,2,1248,0.2
2,478,3,707,0.15
2,478,4,2705,0.0
2,478,5,1580,0.0
2,478,6,301,0.0
2,478,7,3040,0.0
2,478,8,1608,0.0
2,478,9,1853,0.0
2,478,10,1122,0.0
2,479,1,1252,0.1
2,479,2,1270,0.0
2,479,3,1070,0.0
2,479,4,2540,0.0
2,479,5,2165,0.0
2,479,6,190,0.0
2,479,7,2802,0.0
2,479,8,642,0.0
2,479,9,504,0.0
2,479,10,11,0.0
2,480,1,1063,0.35
2,480,2,707,0.15
2,480,3,2048,0.15
2,480,4,1561,0.0
2,480,5,65,0.0
2,480,6,1435,0.0
2,480,7,2815,0.0
2,480,8,1571,0.0
2,480,9,1634,0.0
2,480,10,735,0.0
2,483,1,1358,0.05
2,483,2,81,0.05
2,483,3,520,0.0
2,483,4,3063,0.0
2,483,5,2161,0.0
2,483,6,1847,0.0
2,483,7,1901,0.0
2,483,8,889,0.0
2,483,9,1616,0.0
2,483,10,1597,0.0
2,484,1,81,0.05
2,484,2,520,0.0
2,484,3,2541,0.0
2,484,4,1773,0.0
2,484,5,2382,0.0
2,484,6,3007,0.0
2,484,7,984,0.0
2,484,8,2012,0.0
2,484,9,1760,0.0
2,484,10,148,0.0
2,485,1,81,0.05
2,485,2,1270,0.0
2,485,3,2645,0.0
2,485,4,173,0.0
2,485,5,549,0.0
2,485,6,2192,0.0
2,485,7,2006,0.0
2,485,8,2879,0.0
2,485,9,1592,0.0
2,485,10,2659,0.0
2,486,1,1001,0.1
2,486,2,1613,0.1
2,486,3,2290,0.0
2,486,4,193,0.0
2,486,5,165,0.0
2,486,6,1810,0.0
2,486,7,245,0.0
2,486,8,2084,0.0
2,486,9,585,0.0
2,486,10,2240,0.0
2,487,1,1742,0.05
2,487,2,424,0.05
2,487,3,2097,0.05
2,487,4,1992,0.05
2,487,5,1395,0.05
2,487,6,1885,0.0
2,487,7,2506,0.0
2,487,8,1658,0.0
2,487,9,653,0.0
2,487,10,1332,0.0
2,491,1,1831,0.15
2,491,2,1836,0.1
2,491,3,995,0.0
2,491,4,498,0.0
2,491,5,1474,0.0
2,491,6,2642,0.0
2,491,7,2886,0.0
2,491,8,1911,0.0
2,491,9,2944,0.0
2,491,10,1530,0.0
2,492,1,541,0.15
2,492,2,1682,0.15
2,492,3,1212,0.1
2,492,4,851,0.0
2,492,5,1124,0.0
2,492,6,2519,0.0
2,492,7,1991,0.0
2,492,8,1974,0.0
2,492,9,1150,0.0
2,492,10,2437,0.0
2,493,1,439,0.15
2,493,2,1836,0.1
2,493,3,995,0.0
2,493,4,976,0.0
2,493,5,2126,0.0
2,493,6,2665,0.0
2,493,7,159,0.0
2,493,8,1868,0.0
2,493,9,151,0.0
2,493,10,1190,0.0
2,494,1,1161,0.15
2,494,2,1278,0.05
2,494,3,2892,0.05
2,494,4,995,0.0
2,494,5,1335,0.0
2,494,6,2504,0.0
2,494,7,807,0.0
2,494,8,2040,0.0
2,494,9,1846,0.0
2,494,10,2726,0.0
2,495,1,2787,0.05
2,495,2,1047,0.05
2,495,3,1470,0.0
2,495,4,2591,0.0
2,495,5,913,0.0
2,495,6,1014,0.0
2,495,7,2278,0.0
2,495,8,517,0.0
2,495,9,2755,0.0
2,495,10,2223,0.0
3,1,1,948,0.0
3,1,2,318,0.0
3,1,3,1733,0.0
3,1,4,1307,0.0
3,1,5,2498,0.0
3,1,6,1838,0.0
3,1,7,1573,0.0
3,1,8,2402,0.0
3,1,9,1763,0.0
3,1,10,867,0.0
3,2,1,1315,0.05
3,2,2,2234,0.0
3,2,3,912,0.0
3,2,4,146,0.0
3,2,5,2161,0.0
3,2,6,2598,0.0
3,2,7,2492,0.0
3,2,8,2359,0.0
3,2,9,1052,0.0
3,2,10,1284,0.0
3,3,1,1407,0.0
3,3,2,1747,0.0
3,3,3,98,0.0
3,3,4,2952,0.0
3,3,5,1526,0.0
3,3,6,534,0.0
3,3,7,55,0.0
3,3,8,1344,0.0
3,3,9,1149,0.0
3,3,10,811,0.0
3,4,1,1665,0.0
3,4,2,494,0.0
3,4,3,2690,0.0
3,4,4,1887,0.0
3,4,5,1558,0.0
3,4,6,1338,0.0
3,4,7,1046,0.0
3,4,8,2313,0.0
3,4,9,2730,0.0
3,4,10,970,0.0
3,7,1,461,0.1
3,7,2,2095,0.0
3,7,3,1898,0.0
3,7,4,132,0.0
3,7,5,139,0.0
3,7,6,1537,0.0
3,7,7,912,0.0
3,7,8,959,0.0
3,7,9,454,0.0
3,7,10,2209,0.0
3,8,1,1507,0.05
3,8,2,954,0.05
3,8,3,354,0.0
3,8,4,312,0.0
3,8,5,951,0.0
3,8,6,2808,0.0
3,8,7,2131,0.0
3,8,8,49,0.0
3,8,9,1380,0.0
3,8,10,491,0.0
3,9,1,1839,0.05
3,9,2,1984,0.0
3,9,3,372,0.0
3,9,4,279,0.0
3,9,5,648,0.0
3,9,6,282,0.0
3,9,7,17,0.0
3,9,8,359,0.0
3,9,9,2826,0.0
3,9,10,517,0.0
3,10,1,2738,0.05
3,10,2,1780,0.0
3,10,3,237,0.0
3,10,4,2978,0.0
3,10,5,624,0.0
3,10,6,2701,0.0
3,10,7,975,0.0
3,10,8,1557,0.0
3,10,9,2415,0.0
3,10,10,1569,0.0
3,11,1,2951,0.0
3,11,2,2002,0.0
3,11,3,440,0.0
3,11,4,1515,0.0
3,11,5,2514,0.0
3,11,6,705,0.0
3,11,7,1316,0.0
3,11,8,1923,0.0
3,11,9,2528,0.0
3,11,10,2764,0.0
3,12,1,2448,0.05
3,12,2,2989,0.0
3,12,3,1096,0.0
3,12,4,2402,0.0
3,12,5,2928,0.0
3,12,6,2665,0.0
3,12,7,2515,0.0
3,12,8,2944,0.0
3,12,9,1408,0.0
3,12,10,2717,0.0
3,13,1,1645,0.15
3,13,2,2299,0.0
3,13,3,2429,0.0
3,13,4,489,0.0
3,13,5,887,0.0
3,13,6,500,0.0
3,13,7,442,0.0
3,13,8,2236,0.0
3,13,9,652,0.0
3,13,10,660,0.0
3,14,1,1279,0.1
3,14,2,174,0.05
3,14,3,25,0.0
3,14,4,2882,0.0
3,14,5,1434,0.0
3,14,6,2693,0.0
3,14,7,881,0.0
3,14,8,2752,0.0
3,14,9,2850,0.0
3,14,10,1936,0.0
3,15,1,1424,0.1
3,15,2,689,0.1
3,15,3,2396,0.05
3,15,4,611,0.05
3,15,5,2583,0.0
3,15,6,2256,0.0
3,15,7,1702,0.0
3,15,8,734,0.0
3,15,9,907,0.0
3,15,10,615,0.0
3,16,1,2447,0.1
3,16,2,1833,0.05
3,16,3,1395,0.0
3,16,4,1784,0.0
3,16,5,2736,0.0
3,16,6,3016,0.0
3,16,7,1765,0.0
3,16,8,3030,0.0
3,16,9,2208,0.0
3,16,10,1484,0.0
3,17,1,257,0.1
3,17,2,476,0.05
3,17,3,530,0.0
3,17,4,954,0.0
3,17,5,1407,0.0
3,17,6,34,0.0
3,17,7,1278,0.0
3,17,8,2045,0.0
3,17,9,1813,0.0
3,17,10,1546,0.0
3,18,1,1550,0.1
3,18,2,1502,0.05
3,18,3,575,0.0
3,18,4,1149,0.0
3,18,5,406,0.0
3,18,6,2052,0.0
3,18,7,2314,0.0
3,18,8,3031,0.0
3,18,9,63,0.0
3,18,10,2770,0.0
3,20,1,1979,0.1
3,20,2,381,0.0
3,20,3,818,0.0
3,20,4,396,0.0
3,20,5,2347,0.0
3,20,6,1519,0.0
3,20,7,1950,0.0
3,20,8,1675,0.0
3,20,9,2235,0.0
3,20,10,368,0.0
3,21,1,1089,0.1
3,21,2,2521,0.05
3,21,3,853,0.0
3,21,4,739,0.0
3,21,5,1405,0.0
3,21,6,1486,0.0
3,21,7,2378,0.0
3,21,8,507,0.0
3,21,9,2337,0.0
3,21,10,2149,0.0
3,22,1,2369,0.0
3,22,2,2291,0.0
3,22,3,1814,0.0
3,22,4,2826,0.0
3,22,5,2106,0.0
3,22,6,2973,0.0
3,22,7,2508,0.0
3,22,8,177,0.0
3,22,9,1980,0.0
3,22,10,1706,0.0
3,23,1,1927,0.1
3,23,2,791,0.1
3,23,3,2810,0.05
3,23,4,756,0.05
3,23,5,2991,0.0
3,23,6,860,0.0
3,23,7,1053,0.0
3,23,8,2201,0.0
3,23,9,758,0.0
3,23,10,2368,0.0
3,24,1,1087,0.05
3,24,2,1487,0.05
3,24,3,2559,0.0
3,24,4,355,0.0
3,24,5,2778,0.0
3,24,6,1480,0.0
3,24,7,247,0.0
3,24,8,2413,0.0
3,24,9,83,0.0
3,24,10,368,0.0
3,26,1,2706,0.0
3,26,2,1438,0.0
3,26,3,655,0.0
3,26,4,1893,0.0
3,26,5,1177,0.0
3,26,6,1876,0.0
3,26,7,3041,0.0
3,26,8,872,0.0
3,26,9,65,0.0
3,26,10,1627,0.0
3,27,1,93,0.05
3,27,2,1340,0.0
3,27,3,2641,0.0
3,27,4,1433,0.0
3,27,5,1407,0.0
3,27,6,3052,0.0
3,27,7,2072,0.0
3,27,8,733,0.0
3,27,9,607,0.0
3,27,10,2427,0.0
3,28,1,184,0.15
3,28,2,215,0.05
3,28,3,746,0.05
3,28,4,524,0.0
3,28,5,1939,0.0
3,28,6,1238,0.0
3,28,7,1743,0.0
3,28,8,1724,0.0
3,28,9,68,0.0
3,28,10,2612,0.0
3,29,1,557,0.15
3,29,2,2474,0.05
3,29,3,559,0.0
3,29,4,122,0.0
3,29,5,1723,0.0
3,29,6,141,0.0
3,29,7,1117,0.0
3,29,8,375,0.0
3,29,9,2911,0.0
3,29,10,1618,0.0
3,31,1,2258,0.1
3,31,2,459,0.0
3,31,3,1566,0.0
3,31,4,649,0.0
3,31,5,615,0.0
3,31,6,885,0.0
3,31,7,37,0.0
3,31,8,707,0.0
3,31,9,463,0.0
3,31,10,228,0.0
3,32,1,1424,0.1
3,32,2,1600,0.0
3,32,3,2392,0.0
3,32,4,2861,0.0
3,32,5,108,0.0
3,32,6,249,0.0
3,32,7,2216,0.0
3,32,8,169,0.0
3,32,9,1171,0.0
3,32,10,1821,0.0
3,33,1,644,0.1
3,33,2,865,0.0
3,33,3,2476,0.0
3,33,4,2365,0.0
3,33,5,1903,0.0
3,33,6,73,0.0
3,33,7,2539,0.0
3,33,8,2450,0.0
3,33,9,1816,0.0
3,33,10,1638,0.0
3,34,1,402,0.15
3,34,2,129,0.0
3,34,3,304,0.0
3,34,4,222,0.0
3,34,5,2011,0.0
3,34,6,2189,0.0
3,34,7,2539,0.0
3,34,8,1211,0.0
3,34,9,1824,0.0
3,34,10,2987,0.0
3,35,1,652,0.05
3,35,2,2344,0.0
3,35,3,2675,0.0
3,35,4,196,0.0
3,35,5,2454,0.0
3,35,6,528,0.0
3,35,7,2648,0.0
3,35,8,1387,0.0
3,35,9,95,0.0
3,35,10,362,0.0
3,36,1,1407,0.2
3,36,2,453,0.0
3,36,3,2673,0.0
3,36,4,2677,0.0
3,36,5,904,0.0
3,36,6,1685,0.0
3,36,7,2640,0.0
3,36,8,988,0.0
3,36,9,606,0.0
3,36,10,2549,0.0
3,37,1,2751,0.0
3,37,2,1818,0.0
3,37,3,1358,0.0
3,37,4,273,0.0
3,37,5,2518,0.0
3,37,6,2410,0.0
3,37,7,2559,0.0
3,37,8,315,0.0
3,37,9,187,0.0
3,37,10,2779,0.0
3,38,1,1621,0.2
3,38,2,2195,0.15
3,38,3,530,0.05
3,38,4,1977,0.0
3,38,5,905,0.0
3,38,6,724,0.0
3,38,7,351,0.0
3,38,8,1120,0.0
3,38,9,218,0.0
3,38,10,490,0.0
3,39,1,1327,0.15
3,39,2,530,0.05
3,39,3,2185,0.0
3,39,4,734,0.0
3,39,5,2145,0.0
3,39,6,636,0.0
3,39,7,951,0.0
3,39,8,2832,0.0
3,39,9,337,0.0
3,39,10,257,0.0
3,40,1,736,0.1
3,40,2,530,0.05
3,40,3,2369,0.0
3,40,4,2230,0.0
3,40,5,2015,0.0
3,40,6,2817,0.0
3,40,7,1017,0.0
3,40,8,2415,0.0
3,40,9,2297,0.0
3,40,10,1174,0.0
3,42,1,1738,0.3
3,42,2,667,0.15
3,42,3,113,0.15
3,42,4,1495,0.0
3,42,5,1153,0.0
3,42,6,1533,0.0
3,42,7,3054,0.0
3,42,8,617,0.0
3,42,9,980,0.0
3,42,10,284,0.0
3,43,1,1818,0.25
3,43,2,1165,0.1
3,43,3,2193,0.1
3,43,4,2481,0.05
3,43,5,2878,0.0
3,43,6,1597,0.0
3,43,7,2386,0.0
3,43,8,1524,0.0
3,43,9,727,0.0
3,43,10,2786,0.0
3,45,1,390,0.35
3,45,2,1738,0.3
3,45,3,1818,0.25
3,45,4,3006,0.0
3,45,5,2320,0.0
3,45,6,1824,0.0
3,45,7,184,0.0
3,45,8,3022,0.0
3,45,9,2119,0.0
3,45,10,2677,0.0
3,46,1,1848,0.25
3,46,2,667,0.15
3,46,3,113,0.15
3,46,4,475,0.0
3,46,5,2694,0.0
3,46,6,1827,0.0
3,46,7,2771,0.0
3,46,8,2757,0.0
3,46,9,2531,0.0
3,46,10,175,0.0
3,47,1,2273,0.4
3,47,2,1818,0.25
3,47,3,667,0.15
3,47,4,2006,0.05
3,47,5,2496,0.0
3,47,6,1757,0.0
3,47,7,434,0.0
3,47,8,988,0.0
3,47,9,2216,0.0
3,47,10,103,0.0
3,48,1,471,0.4
3,48,2,1417,0.35
3,48,3,1738,0.3
3,48,4,2867,0.0
3,48,5,1855,0.0
3,48,6,2829,0.0
3,48,7,863,0.0
3,48,8,1121,0.0
3,48,9,620,0.0
3,48,10,2361,0.0
3,49,1,1848,0.25
3,49,2,667,0.15
3,49,3,2193,0.1
3,49,4,1521,0.05
3,49,5,2108,0.0
3,49,6,1386,0.0
3,49,7,1571,0.0
3,49,8,409,0.0
3,49,9,486,0.0
3,49,10,195,0.0
3,50,1,1417,0.35
3,50,2,248,0.15
3,50,3,2193,0.1
3,50,4,1715,0.0
3,50,5,459,0.0
3,50,6,498,0.0
3,50,7,2205,0.0
3,50,8,2543,0.0
3,50,9,776,0.0
3,50,10,1068,0.0
3,51,1,390,0.35
3,51,2,113,0.15
3,51,3,667,0.15
3,51,4,721,0.0
3,51,5,595,0.0
3,51,6,311,0.0
3,51,7,2911,0.0
3,51,8,1431,0.0
3,51,9,1737,0.0
3,51,10,2110,0.0
3,52,1,484,0.1
3,52,2,948,0.1
3,52,3,137,0.05
3,52,4,2211,0.05
3,52,5,2275,0.0
3,52,6,424,0.0
3,52,7,1405,0.0
3,52,8,1159,0.0
3,52,9,32,0.0
3,52,10,2253,0.0
3,53,1,1082,0.2
3,53,2,484,0.1
3,53,3,137,0.05
3,53,4,1944,0.0
3,53,5,423,0.0
3,53,6,1280,0.0
3,53,7,153,0.0
3,53,8,2600,0.0
3,53,9,1949,0.0
3,53,10,2725,0.0
3,54,1,1821,0.2
3,54,2,1279,0.15
3,54,3,484,0.1
3,54,4,2733,0.0
3,54,5,2819,0.0
3,54,6,425,0.0
3,54,7,146,0.0
3,54,8,2803,0.0
3,54,9,1265,0.0
3,54,10,879,0.0
3,55,1,948,0.1
3,55,2,3059,0.05
3,55,3,1142,0.05
3,55,4,820,0.0
3,55,5,316,0.0
3,55,6,1171,0.0
3,55,7,2341,0.0
3,55,8,2919,0.0
3,55,9,2954,0.0
3,55,10,3063,0.0
3,56,1,2963,0.1
3,56,2,1546,0.05
3,56,3,319,0.0
3,56,4,1308,0.0
3,56,5,235,0.0
3,56,6,2671,0.0
3,56,7,2355,0.0
3,56,8,1158,0.0
3,56,9,778,0.0
3,56,10,1061,0.0
3,57,1,890,0.1
3,57,2,1628,0.1
3,57,3,1546,0.05
3,57,4,2894,0.05
3,57,5,27,0.0
3,57,6,590,0.0
3,57,7,656,0.0
3,57,8,466,0.0
3,57,9,272,0.0
3,57,10,727,0.0
3,58,1,1438,0.15
3,58,2,1628,0.15
3,58,3,216,0.0
3,58,4,2209,0.0
3,58,5,478,0.0
3,58,6,1919,0.0
3,58,7,1928,0.0
3,58,8,1216,0.0
3,58,9,1700,0.0
3,58,10,155,0.0
3,59,1,645,0.15
3,59,2,1365,0.15
3,59,3,1546,0.05
3,59,4,1710,0.05
3,59,5,1112,0.05
3,59,6,788,0.0
3,59,7,2510,0.0
3,59,8,1970,0.0
3,59,9,1169,0.0
3,59,10,2816,0.0
3,60,1,2914,0.15
3,60,2,584,0.15
3,60,3,1012,0.1
3,60,4,1264,0.0
3,60,5,1806,0.0
3,60,6,2291,0.0
3,60,7,1122,0.0
3,60,8,2848,0.0
3,60,9,1675,0.0
3,60,10,395,0.0
3,61,1,584,0.15
3,61,2,1089,0.1
3,61,3,1012,0.1
3,61,4,1863,0.0
3,61,5,3044,0.0
3,61,6,2664,0.0
3,61,7,3003,0.0
3,61,8,103,0.0
3,61,9,1347,0.0
3,61,10,765,0.0
3,62,1,2914,0.15
3,62,2,99,0.15
3,62,3,2408,0.05
3,62,4,2062,0.0
3,62,5,2272,0.0
3,62,6,764,0.0
3,62,7,2589,0.0
3,62,8,2147,0.0
3,62,9,579,0.0
3,62,10,962,0.0
3,63,1,1012,0.1
3,63,2,3037,0.05
3,63,3,346,0.05
3,63,4,2372,0.05
3,63,5,2959,0.0
3,63,6,2242,0.0
3,63,7,274,0.0
3,63,8,2104,0.0
3,63,9,2441,0.0
3,63,10,1383,0.0
3,64,1,2405,0.2
3,64,2,1055,0.2
3,64,3,1569,0.05
3,64,4,2089,0.05
3,64,5,902,0.0
3,64,6,1238,0.0
3,64,7,500,0.0
3,64,8,224,0.0
3,64,9,28,0.0
3,64,10,885,0.0
3,65,1,205,0.15
3,65,2,1751,0.1
3,65,3,1463,0.0
3,65,4,1331,0.0
3,65,5,2983,0.0
3,65,6,2197,0.0
3,65,7,620,0.0
3,65,8,2444,0.0
3,65,9,2836,0.0
3,65,10,3081,0.0
3,67,1,2352,0.15
3,67,2,2742,0.1
3,67,3,2776,0.0
3,67,4,487,0.0
3,67,5,481,0.0
3,67,6,1191,0.0
3,67,7,2247,0.0
3,67,8,434,0.0
3,67,9,2805,0.0
3,67,10,1286,0.0
3,68,1,480,0.15
3,68,2,2998,0.1
3,68,3,2776,0.0
3,68,4,1658,0.0
3,68,5,1590,0.0
3,68,6,541,0.0
3,68,7,36,0.0
3,68,8,1556,0.0
3,68,9,382,0.0
3,68,10,1409,0.0
3,69,1,205,0.15
3,69,2,1910,0.05
3,69,3,1833,0.05
3,69,4,1456,0.0
3,69,5,1485,0.0
3,69,6,825,0.0
3,69,7,2802,0.0
3,69,8,1908,0.0
3,69,9,2842,0.0
3,69,10,1704,0.0
3,70,1,1538,0.2
3,70,2,2481,0.1
3,70,3,2677,0.0
3,70,4,2702,0.0
3,70,5,624,0.0
3,70,6,2558,0.0
3,70,7,561,0.0
3,70,8,1079,0.0
3,70,9,2688,0.0
3,70,10,127,0.0
3,71,1,2410,0.15
3,71,2,1910,0.05
3,71,3,2677,0.0
3,71,4,2261,0.0
3,71,5,336,0.0
3,71,6,2860,0.0
3,71,7,178,0.0
3,71,8,391,0.0
3,71,9,1684,0.0
3,71,10,2308,0.0
3,72,1,1127,0.1
3,72,2,3042,0.1
3,72,3,6,0.05
3,72,4,253,0.0
3,72,5,1445,0.0
3,72,6,2496,0.0
3,72,7,590,0.0
3,72,8,2301,0.0
3,72,9,912,0.0
3,72,10,1722,0.0
3,73,1,1127,0.1
3,73,2,1737,0.1
3,73,3,3042,0.1
3,73,4,438,0.05
3,73,5,1276,0.0
3,73,6,1020,0.0
3,73,7,2238,0.0
3,73,8,380,0.0
3,73,9,1664,0.0
3,73,10,1387,0.0
3,74,1,1730,0.15
3,74,2,2161,0.1
3,74,3,1737,0.1
3,74,4,2787,0.05
3,74,5,2003,0.05
3,74,6,1838,0.05
3,74,7,671,0.0
3,74,8,2328,0.0
3,74,9,471,0.0
3,74,10,1189,0.0
3,75,1,1461,0.2
3,75,2,400,0.15
3,75,3,2317,0.0
3,75,4,1285,0.0
3,75,5,142,0.0
3,75,6,2988,0.0
3,75,7,1062,0.0
3,75,8,1174,0.0
3,75,9,280,0.0
3,75,10,1926,0.0
3,76,1,1710,0.15
3,76,2,2162,0.1
3,76,3,1427,0.05
3,76,4,1563,0.0
3,76,5,1242,0.0
3,76,6,2246,0.0
3,76,7,3064,0.0
3,76,8,1951,0.0
3,76,9,893,0.0
3,76,10,1829,0.0
3,77,1,2387,0.1
3,77,2,732,0.1
3,77,3,889,0.0
3,77,4,293,0.0
3,77,5,67,0.0
3,77,6,565,0.0
3,77,7,1540,0.0
3,77,8,689,0.0
3,77,9,2720,0.0
3,77,10,303,0.0
3,78,1,2161,0.1
3,78,2,1427,0.05
3,78,3,889,0.0
3,78,4,1509,0.0
3,78,5,159,0.0
3,78,6,2265,0.0
3,78,7,1582,0.0
3,78,8,226,0.0
3,78,9,2244,0.0
3,78,10,411,0.0
3,80,1,1513,0.15
3,80,2,62,0.1
3,80,3,34,0.0
3,80,4,401,0.0
3,80,5,1228,0.0
3,80,6,2478,0.0
3,80,7,1433,0.0
3,80,8,2440,0.0
3,80,9,2555,0.0
3,80,10,2218,0.0
3,81,1,655,0.15
3,81,2,2892,0.15
3,81,3,2789,0.05
3,81,4,2861,0.0
3,81,5,2313,0.0
3,81,6,613,0.0
3,81,7,2833,0.0
3,81,8,1787,0.0
3,81,9,1955,0.0
3,81,10,2508,0.0
3,82,1,2985,0.1
3,82,2,3032,0.1
3,82,3,1410,0.0
3,82,4,697,0.0
3,82,5,3078,0.0
3,82,6,425,0.0
3,82,7,607,0.0
3,82,8,2522,0.0
3,82,9,1233,0.0
3,82,10,640,0.0
3,83,1,2302,0.15
3,83,2,1335,0.15
3,83,3,2660,0.1
3,83,4,2366,0.05
3,83,5,636,0.0
3,83,6,1369,0.0
3,83,7,1863,0.0
3,83,8,2368,0.0
3,83,9,2773,0.0
3,83,10,2688,0.0
3,84,1,2114,0.15
3,84,2,3032,0.1
3,84,3,2323,0.1
3,84,4,2654,0.1
3,84,5,2689,0.0
3,84,6,2398,0.0
3,84,7,3044,0.0
3,84,8,600,0.0
3,84,9,678,0.0
3,84,10,1636,0.0
3,85,1,158,0.05
3,85,2,2135,0.05
3,85,3,321,0.05
3,85,4,251,0.0
3,85,5,2256,0.0
3,85,6,348,0.0
3,85,7,1973,0.0
3,85,8,1081,0.0
3,85,9,3013,0.0
3,85,10,1182,0.0
3,86,1,2684,0.15
3,86,2,2789,0.1
3,86,3,80,0.05
3,86,4,199,0.0
3,86,5,260,0.0
3,86,6,2915,0.0
3,86,7,2873,0.0
3,86,8,2800,0.0
3,86,9,511,0.0
3,86,10,2543,0.0
3,87,1,2839,0.1
3,87,2,2789,0.1
3,87,3,2135,0.05
3,87,4,1163,0.0
3,87,5,1974,0.0
3,87,6,578,0.0
3,87,7,834,0.0
3,87,8,1555,0.0
3,87,9,972,0.0
3,87,10,2784,0.0
3,88,1,1091,0.15
3,88,2,1984,0.05
3,88,3,76,0.0
3,88,4,1587,0.0
3,88,5,1254,0.0
3,88,6,678,0.0
3,88,7,2733,0.0
3,88,8,1348,0.0
3,88,9,1094,0.0
3,88,10,2872,0.0
3,89,1,2734,0.1
3,89,2,738,0.1
3,89,3,1202,0.05
3,89,4,3017,0.0
3,89,5,719,0.0
3,89,6,37,0.0
3,89,7,121,0.0
3,89,8,3001,0.0
3,89,9,981,0.0
3,89,10,1293,0.0
3,90,1,1502,0.15
3,90,2,2734,0.1
3,90,3,1417,0.0
3,90,4,1618,0.0
3,90,5,2357,0.0
3,90,6,313,0.0
3,90,7,169,0.0
3,90,8,1024,0.0
3,90,9,2588,0.0
3,90,10,3071,0.0
3,91,1,278,0.05
3,91,2,1780,0.0
3,91,3,1404,0.0
3,91,4,597,0.0
3,91,5,2225,0.0
3,91,6,1421,0.0
3,91,7,105,0.0
3,91,8,1654,0.0
3,91,9,108,0.0
3,91,10,1277,0.0
3,93,1,1395,0.1
3,93,2,1223,0.1
3,93,3,1201,0.0
3,93,4,1746,0.0
3,93,5,2311,0.0
3,93,6,1526,0.0
3,93,7,2269,0.0
3,93,8,2517,0.0
3,93,9,2078,0.0
3,93,10,2992,0.0
3,95,1,474,0.15
3,95,2,1223,0.1
3,95,3,646,0.0
3,95,4,1941,0.0
3,95,5,1489,0.0
3,95,6,2958,0.0
3,95,7,1023,0.0
3,95,8,1796,0.0
3,95,9,1832,0.0
3,95,10,1688,0.0
3,97,1,612,0.1
3,97,2,559,0.1
3,97,3,2347,0.05
3,97,4,2285,0.05
3,97,5,1621,0.05
3,97,6,10,0.0
3,97,7,2545,0.0
3,97,8,475,0.0
3,97,9,1812,0.0
3,97,10,2883,0.0
3,98,1,426,0.15
3,98,2,3054,0.15
3,98,3,2347,0.05
3,98,4,1972,0.0
3,98,5,605,0.0
3,98,6,2513,0.0
3,98,7,2941,0.0
3,98,8,1811,0.0
3,98,9,412,0.0
3,98,10,371,0.0
3,99,1,1273,0.15
3,99,2,498,0.1
3,99,3,559,0.1
3,99,4,1260,0.0
3,99,5,168,0.0
3,99,6,184,0.0
3,99,7,295,0.0
3,99,8,239,0.0
3,99,9,1483,0.0
3,99,10,2734,0.0
3,100,1,426,0.15
3,100,2,612,0.1
3,100,3,498,0.1
3,100,4,2933,0.05
3,100,5,2740,0.05
3,100,6,400,0.05
3,100,7,2296,0.0
3,100,8,114,0.0
3,100,9,2699,0.0
3,100,10,469,0.0
3,101,1,2367,0.15
3,101,2,2482,0.1
3,101,3,94,0.05
3,101,4,1644,0.05
3,101,5,903,0.0
3,101,6,1786,0.0
3,101,7,897,0.0
3,101,8,837,0.0
3,101,9,2415,0.0
3,101,10,1271,0.0
3,102,1,1642,0.2
3,102,2,675,0.2
3,102,3,2448,0.1
3,102,4,2050,0.0
3,102,5,541,0.0
3,102,6,1794,0.0
3,102,7,6,0.0
3,102,8,2677,0.0
3,102,9,343,0.0
3,102,10,2302,0.0
3,103,1,2159,0.2
3,103,2,2482,0.1
3,103,3,699,0.05
3,103,4,2794,0.0
3,103,5,1113,0.0
3,103,6,1955,0.0
3,103,7,2165,0.0
3,103,8,323,0.0
3,103,9,331,0.0
3,103,10,1981,0.0
3,104,1,1642,0.2
3,104,2,766,0.1
3,104,3,423,0.0
3,104,4,3048,0.0
3,104,5,1889,0.0
3,104,6,20,0.0
3,104,7,1630,0.0
3,104,8,1426,0.0
3,104,9,2994,0.0
3,104,10,349,0.0
3,105,1,534,0.1
3,105,2,94,0.05
3,105,3,1142,0.05
3,105,4,379,0.0
3,105,5,1481,0.0
3,105,6,1201,0.0
3,105,7,1114,0.0
3,105,8,1425,0.0
3,105,9,2751,0.0
3,105,10,1525,0.0
3,106,1,2159,0.2
3,106,2,534,0.1
3,106,3,766,0.1
3,106,4,1082,0.05
3,106,5,1011,0.0
3,106,6,2152,0.0
3,106,7,2402,0.0
3,106,8,320,0.0
3,106,9,1594,0.0
3,106,10,1726,0.0
3,108,1,556,0.15
3,108,2,2287,0.1
3,108,3,2406,0.1
3,108,4,2576,0.0
3,108,5,2024,0.0
3,108,6,2578,0.0
3,108,7,3038,0.0
3,108,8,2267,0.0
3,108,9,2165,0.0
3,108,10,295,0.0
3,109,1,1812,0.15
3,109,2,2521,0.1
3,109,3,2922,0.05
3,109,4,93,0.05
3,109,5,483,0.0
3,109,6,514,0.0
3,109,7,2858,0.0
3,109,8,349,0.0
3,109,9,289,0.0
3,109,10,1484,0.0
3,112,1,953,0.1
3,112,2,481,0.1
3,112,3,990,0.05
3,112,4,2811,0.0
3,112,5,1200,0.0
3,112,6,58,0.0
3,112,7,2599,0.0
3,112,8,2263,0.0
3,112,9,940,0.0
3,112,10,3057,0.0
3,113,1,481,0.1
3,113,2,2315,0.05
3,113,3,1940,0.05
3,113,4,1712,0.05
3,113,5,2512,0.0
3,113,6,3008,0.0
3,113,7,1884,0.0
3,113,8,2647,0.0
3,113,9,1304,0.0
3,113,10,1856,0.0
3,114,1,2738,0.1
3,114,2,2727,0.1
3,114,3,601,0.05
3,114,4,1783,0.0
3,114,5,2540,0.0
3,114,6,2870,0.0
3,114,7,2399,0.0
3,114,8,2396,0.0
3,114,9,882,0.0
3,114,10,2781,0.0
3,115,1,14,0.2
3,115,2,601,0.1
3,115,3,2127,0.05
3,115,4,2840,0.0
3,115,5,2479,0.0
3,115,6,1489,0.0
3,115,7,1371,0.0
3,115,8,2500,0.0
3,115,9,1720,0.0
3,115,10,1102,0.0
3,116,1,2285,0.2
3,116,2,1691,0.1
3,116,3,2127,0.05
3,116,4,1658,0.0
3,116,5,3061,0.0
3,116,6,2723,0.0
3,116,7,1897,0.0
3,116,8,1288,0.0
3,116,9,1847,0.0
3,116,10,96,0.0
3,117,1,208,0.15
3,117,2,1691,0.1
3,117,3,2127,0.05
3,117,4,1091,0.05
3,117,5,82,0.0
3,117,6,2802,0.0
3,117,7,1413,0.0
3,117,8,1941,0.0
3,117,9,2540,0.0
3,117,10,1001,0.0
3,118,1,706,0.1
3,118,2,857,0.05
3,118,3,235,0.05
3,118,4,2624,0.0
3,118,5,1635,0.0
3,118,6,1661,0.0
3,118,7,213,0.0
3,118,8,2371,0.0
3,118,9,2823,0.0
3,118,10,1889,0.0
3,119,1,1176,0.15
3,119,2,1112,0.1
3,119,3,364,0.05
3,119,4,456,0.0
3,119,5,1944,0.0
3,119,6,1623,0.0
3,119,7,780,0.0
3,119,8,834,0.0
3,119,9,1322,0.0
3,119,10,2022,0.0
3,120,1,969,0.2
3,120,2,2344,0.1
3,120,3,1112,0.1
3,120,4,1648,0.0
3,120,5,1470,0.0
3,120,6,1172,0.0
3,120,7,653,0.0
3,120,8,274,0.0
3,120,9,1014,0.0
3,120,10,18,0.0
3,121,1,2144,0.2
3,121,2,861,0.2
3,121,3,706,0.1
3,121,4,1708,0.05
3,121,5,2263,0.0
3,121,6,221,0.0
3,121,7,1620,0.0
3,121,8,949,0.0
3,121,9,2901,0.0
3,121,10,644,0.0
3,122,1,1087,0.1
3,122,2,429,0.05
3,122,3,681,0.05
3,122,4,2358,0.05
3,122,5,1142,0.05
3,122,6,192,0.0
3,122,7,754,0.0
3,122,8,2192,0.0
3,122,9,1133,0.0
3,122,10,1591,0.0
3,123,1,1342,0.1
3,123,2,1535,0.05
3,123,3,1247,0.0
3,123,4,543,0.0
3,123,5,1084,0.0
3,123,6,1415,0.0
3,123,7,2928,0.0
3,123,8,2216,0.0
3,123,9,398,0.0
3,123,10,297,0.0
3,124,1,2736,0.1
3,124,2,429,0.05
3,124,3,2668,0.05
3,124,4,2317,0.0
3,124,5,1520,0.0
3,124,6,140,0.0
3,124,7,6,0.0
3,124,8,2888,0.0
3,124,9,2585,0.0
3,124,10,2086,0.0
3,125,1,864,0.1
3,125,2,2937,0.1
3,125,3,1848,0.05
3,125,4,516,0.0
3,125,5,265,0.0
3,125,6,2813,0.0
3,125,7,456,0.0
3,125,8,1153,0.0
3,125,9,346,0.0
3,125,10,915,0.0
3,127,1,177,0.1
3,127,2,1535,0.05
3,127,3,1247,0.05
3,127,4,3,0.0
3,127,5,1891,0.0
3,127,6,2872,0.0
3,127,7,2810,0.0
3,127,8,1967,0.0
3,127,9,827,0.0
3,127,10,3014,0.0
3,129,1,1683,0.1
3,129,2,2632,0.1
3,129,3,310,0.05
3,129,4,1812,0.0
3,129,5,253,0.0
3,129,6,3025,0.0
3,129,7,198,0.0
3,129,8,2812,0.0
3,129,9,2251,0.0
3,129,10,927,0.0
3,131,1,634,0.05
3,131,2,2167,0.05
3,131,3,780,0.05
3,131,4,2474,0.05
3,131,5,2615,0.0
3,131,6,2871,0.0
3,131,7,973,0.0
3,131,8,1441,0.0
3,131,9,537,0.0
3,131,10,1790,0.0
3,132,1,342,0.0
3,132,2,1627,0.0
3,132,3,1531,0.0
3,132,4,435,0.0
3,132,5,2364,0.0
3,132,6,1085,0.0
3,132,7,1671,0.0
3,132,8,1233,0.0
3,132,9,106,0.0
3,132,10,1703,0.0
3,133,1,342,0.0
3,133,2,1627,0.0
3,133,3,584,0.0
3,133,4,1375,0.0
3,133,5,752,0.0
3,133,6,728,0.0
3,133,7,94,0.0
3,133,8,589,0.0
3,133,9,1554,0.0
3,133,10,858,0.0
3,134,1,342,0.0
3,134,2,1627,0.0
3,134,3,2715,0.0
3,134,4,2912,0.0
3,134,5,2381,0.0
3,134,6,2099,0.0
3,134,7,2306,0.0
3,134,8,1355,0.0
3,134,9,131,0.0
3,134,10,765,0.0
3,135,1,342,0.0
3,135,2,1627,0.0
3,135,3,432,0.0
3,135,4,553,0.0
3,135,5,617,0.0
3,135,6,713,0.0
3,135,7,940,0.0
3,135,8,224,0.0
3,135,9,1477,0.0
3,135,10,558,0.0
3,136,1,2536,0.1
3,136,2,2804,0.1
3,136,3,1160,0.0
3,136,4,1154,0.0
3,136,5,126,0.0
3,136,6,2762,0.0
3,136,7,1920,0.0
3,136,8,1732,0.0
3,136,9,2683,0.0
3,136,10,1953,0.0
3,137,1,1839,0.2
3,137,2,1197,0.1
3,137,3,1231,0.0
3,137,4,1891,0.0
3,137,5,2386,0.0
3,137,6,651,0.0
3,137,7,1080,0.0
3,137,8,327,0.0
3,137,9,2068,0.0
3,137,10,268,0.0
3,138,1,2288,0.2
3,138,2,38,0.15
3,138,3,1982,0.1
3,138,4,321,0.0
3,138,5,2259,0.0
3,138,6,378,0.0
3,138,7,824,0.0
3,138,8,1230,0.0
3,138,9,2,0.0
3,138,10,2189,0.0
3,139,1,2303,0.1
3,139,2,1197,0.1
3,139,3,2002,0.0
3,139,4,530,0.0
3,139,5,1086,0.0
3,139,6,2557,0.0
3,139,7,2368,0.0
3,139,8,337,0.0
3,139,9,1207,0.0
3,139,10,2623,0.0
3,140,1,1507,0.15
3,140,2,2303,0.1
3,140,3,2370,0.05
3,140,4,601,0.05
3,140,5,1792,0.05
3,140,6,1100,0.0
3,140,7,1296,0.0
3,140,8,1240,0.0
3,140,9,2827,0.0
3,140,10,960,0.0
3,141,1,476,0.1
3,141,2,1341,0.1
3,141,3,2882,0.05
3,141,4,2239,0.0
3,141,5,1580,0.0
3,141,6,5,0.0
3,141,7,1418,0.0
3,141,8,3030,0.0
3,141,9,301,0.0
3,141,10,1243,0.0
3,142,1,1341,0.1
3,142,2,2211,0.05
3,142,3,2882,0.05
3,142,4,1035,0.0
3,142,5,2136,0.0
3,142,6,47,0.0
3,142,7,1530,0.0
3,142,8,856,0.0
3,142,9,2548,0.0
3,142,10,875,0.0
3,143,1,476,0.1
3,143,2,1892,0.1
3,143,3,2882,0.05
3,143,4,1707,0.0
3,143,5,600,0.0
3,143,6,212,0.0
3,143,7,59,0.0
3,143,8,504,0.0
3,143,9,1951,0.0
3,143,10,1534,0.0
3,144,1,421,0.15
3,144,2,2319,0.05
3,144,3,2533,0.05
3,144,4,351,0.0
3,144,5,213,0.0
3,144,6,1159,0.0
3,144,7,27,0.0
3,144,8,1395,0.0
3,144,9,749,0.0
3,144,10,508,0.0
3,145,1,414,0.1
3,145,2,766,0.05
3,145,3,2319,0.05
3,145,4,2260,0.0
3,145,5,1022,0.0
3,145,6,2708,0.0
3,145,7,1883,0.0
3,145,8,1106,0.0
3,145,9,1399,0.0
3,145,10,1661,0.0
3,146,1,2940,0.15
3,146,2,2649,0.05
3,146,3,2319,0.05
3,146,4,1055,0.05
3,146,5,2703,0.0
3,146,6,1390,0.0
3,146,7,499,0.0
3,146,8,894,0.0
3,146,9,11,0.0
3,146,10,1236,0.0
3,147,1,1194,0.1
3,147,2,2668,0.1
3,147,3,3047,0.05
3,147,4,229,0.0
3,147,5,2980,0.0
3,147,6,1376,0.0
3,147,7,647,0.0
3,147,8,2524,0.0
3,147,9,29,0.0
3,147,10,1274,0.0
3,148,1,560,0.15
3,148,2,2089,0.1
3,148,3,2717,0.1
3,148,4,1417,0.05
3,148,5,1861,0.05
3,148,6,2519,0.0
3,148,7,2572,0.0
3,148,8,2747,0.0
3,148,9,856,0.0
3,148,10,1825,0.0
3,150,1,2751,0.15
3,150,2,780,0.1
3,150,3,1861,0.05
3,150,4,1057,0.0
3,150,5,2005,0.0
3,150,6,2438,0.0
3,150,7,176,0.0
3,150,8,183,0.0
3,150,9,1810,0.0
3,150,10,497,0.0
3,151,1,1717,0.15
3,151,2,2089,0.1
3,151,3,740,0.0
3,151,4,2176,0.0
3,151,5,1749,0.0
3,151,6,2218,0.0
3,151,7,2890,0.0
3,151,8,2773,0.0
3,151,9,1594,0.0
3,151,10,483,0.0
3,153,1,2604,0.05
3,153,2,2341,0.05
3,153,3,1939,0.0
3,153,4,2827,0.0
3,153,5,160,0.0
3,153,6,2466,0.0
3,153,7,743,0.0
3,153,8,2473,0.0
3,153,9,2300,0.0
3,153,10,2655,0.0
3,154,1,2006,0.1
3,154,2,1146,0.05
3,154,3,864,0.05
3,154,4,1939,0.0
3,154,5,2879,0.0
3,154,6,2792,0.0
3,154,7,1023,0.0
3,154,8,1489,0.0
3,154,9,2862,0.0
3,154,10,2866,0.0
3,155,1,791,0.15
3,155,2,2006,0.1
3,155,3,2604,0.05
3,155,4,130,0.0
3,155,5,985,0.0
3,155,6,1817,0.0
3,155,7,190,0.0
3,155,8,2201,0.0
3,155,9,1418,0.0
3,155,10,2268,0.0
3,156,1,791,0.15
3,156,2,2006,0.1
3,156,3,2604,0.05
3,156,4,1082,0.05
3,156,5,1044,0.05
3,156,6,3054,0.0
3,156,7,518,0.0
3,156,8,1843,0.0
3,156,9,2115,0.0
3,156,10,1587,0.0
3,157,1,791,0.15
3,157,2,2006,0.1
3,157,3,2604,0.05
3,157,4,2137,0.0
3,157,5,2145,0.0
3,157,6,2981,0.0
3,157,7,1384,0.0
3,157,8,1935,0.0
3,157,9,2117,0.0
3,157,10,2162,0.0
3,159,1,2184,0.05
3,159,2,1586,0.05
3,159,3,2128,0.0
3,159,4,419,0.0
3,159,5,683,0.0
3,159,6,257,0.0
3,159,7,2703,0.0
3,159,8,760,0.0
3,159,9,2241,0.0
3,159,10,1008,0.0
3,160,1,551,0.1
3,160,2,1518,0.05
3,160,3,310,0.05
3,160,4,2372,0.05
3,160,5,2358,0.05
3,160,6,1661,0.0
3,160,7,2650,0.0
3,160,8,283,0.0
3,160,9,2520,0.0
3,160,10,1044,0.0
3,161,1,1518,0.05
3,161,2,1588,0.05
3,161,3,1650,0.05
3,161,4,2409,0.05
3,161,5,1476,0.0
3,161,6,2360,0.0
3,161,7,2475,0.0
3,161,8,2298,0.0
3,161,9,2423,0.0
3,161,10,924,0.0
3,162,1,2053,0.15
3,162,2,773,0.1
3,162,3,2481,0.05
3,162,4,365,0.0
3,162,5,1012,0.0
3,162,6,1668,0.0
3,162,7,3078,0.0
3,162,8,2559,0.0
3,162,9,1268,0.0
3,162,10,917,0.0
3,163,1,32,0.15
3,163,2,1059,0.1
3,163,3,1726,0.1
3,163,4,1736,0.0
3,163,5,17,0.0
3,163,6,2646,0.0
3,163,7,2521,0.0
3,163,8,2297,0.0
3,163,9,1868,0.0
3,163,10,2392,0.0
3,164,1,551,0.15
3,164,2,1059,0.1
3,164,3,766,0.05
3,164,4,978,0.0
3,164,5,760,0.0
3,164,6,2287,0.0
3,164,7,153,0.0
3,164,8,465,0.0
3,164,9,1592,0.0
3,164,10,2898,0.0
3,165,1,2053,0.15
3,165,2,1059,0.1
3,165,3,2678,0.0
3,165,4,922,0.0
3,165,5,232,0.0
3,165,6,2972,0.0
3,165,7,2793,0.0
3,165,8,2338,0.0
3,165,9,1598,0.0
3,165,10,1036,0.0
3,166,1,1237,0.15
3,166,2,354,0.1
3,166,3,2673,0.0
3,166,4,2740,0.0
3,166,5,1460,0.0
3,166,6,732,0.0
3,166,7,835,0.0
3,166,8,771,0.0
3,166,9,1662,0.0
3,166,10,2413,0.0
3,167,1,2922,0.15
3,167,2,1757,0.15
3,167,3,1725,0.15
3,167,4,2030,0.05
3,167,5,1313,0.0
3,167,6,2008,0.0
3,167,7,2380,0.0
3,167,8,608,0.0
3,167,9,2184,0.0
3,167,10,2484,0.0
3,168,1,990,0.1
3,168,2,3041,0.1
3,168,3,1838,0.05
3,168,4,1792,0.0
3,168,5,2014,0.0
3,168,6,472,0.0
3,168,7,2566,0.0
3,168,8,1943,0.0
3,168,9,2824,0.0
3,168,10,2602,0.0
3,169,1,1415,0.2
3,169,2,2286,0.15
3,169,3,990,0.1
3,169,4,2874,0.0
3,169,5,2684,0.0
3,169,6,2076,0.0
3,169,7,682,0.0
3,169,8,622,0.0
3,169,9,2888,0.0
3,169,10,183,0.0
3,170,1,1302,0.2
3,170,2,1202,0.2
3,170,3,1792,0.0
3,170,4,522,0.0
3,170,5,2788,0.0
3,170,6,2129,0.0
3,170,7,1387,0.0
3,170,8,1833,0.0
3,170,9,1478,0.0
3,170,10,145,0.0
3,171,1,453,0.15
3,171,2,2560,0.1
3,171,3,1323,0.0
3,171,4,2725,0.0
3,171,5,2183,0.0
3,171,6,1860,0.0
3,171,7,988,0.0
3,171,8,2346,0.0
3,171,9,2094,0.0
3,171,10,507,0.0
3,172,1,327,0.15
3,172,2,2137,0.1
3,172,3,1890,0.0
3,172,4,184,0.0
3,172,5,128,0.0
3,172,6,2873,0.0
3,172,7,2348,0.0
3,172,8,1010,0.0
3,172,9,2902,0.0
3,172,10,1027,0.0
3,174,1,1047,0.15
3,174,2,853,0.0
3,174,3,1697,0.0
3,174,4,139,0.0
3,174,5,2373,0.0
3,174,6,2984,0.0
3,174,7,1060,0.0
3,174,8,994,0.0
3,174,9,137,0.0
3,174,10,1152,0.0
3,175,1,1047,0.2
3,175,2,2719,0.15
3,175,3,1650,0.1
3,175,4,658,0.0
3,175,5,1998,0.0
3,175,6,1512,0.0
3,175,7,2945,0.0
3,175,8,1796,0.0
3,175,9,919,0.0
3,175,10,2077,0.0
3,176,1,2073,0.2
3,176,2,2556,0.15
3,176,3,1650,0.1
3,176,4,1761,0.05
3,176,5,1943,0.0
3,176,6,979,0.0
3,176,7,2845,0.0
3,176,8,1978,0.0
3,176,9,753,0.0
3,176,10,1841,0.0
3,177,1,674,0.15
3,177,2,2920,0.1
3,177,3,1872,0.05
3,177,4,2885,0.0
3,177,5,771,0.0
3,177,6,1891,0.0
3,177,7,2621,0.0
3,177,8,881,0.0
3,177,9,719,0.0
3,177,10,1934,0.0
3,178,1,2920,0.1
3,178,2,2192,0.1
3,178,3,494,0.05
3,178,4,2667,0.0
3,178,5,2247,0.0
3,178,6,333,0.0
3,178,7,1866,0.0
3,178,8,39,0.0
3,178,9,2725,0.0
3,178,10,1827,0.0
3,179,1,415,0.15
3,179,2,1156,0.1
3,179,3,230,0.0
3,179,4,2207,0.0
3,179,5,1921,0.0
3,179,6,1683,0.0
3,179,7,2907,0.0
3,179,8,1751,0.0
3,179,9,2573,0.0
3,179,10,1556,0.0
3,180,1,1686,0.1
3,180,2,2713,0.1
3,180,3,1727,0.0
3,180,4,666,0.0
3,180,5,470,0.0
3,180,6,1212,0.0
3,180,7,1432,0.0
3,180,8,733,0.0
3,180,9,1101,0.0
3,180,10,2022,0.0
3,181,1,1686,0.1
3,181,2,129,0.05
3,181,3,2797,0.0
3,181,4,1164,0.0
3,181,5,2422,0.0
3,181,6,2660,0.0
3,181,7,357,0.0
3,181,8,1074,0.0
3,181,9,400,0.0
3,181,10,1565,0.0
3,182,1,1267,0.15
3,182,2,1044,0.15
3,182,3,2713,0.1
3,182,4,1632,0.0
3,182,5,1557,0.0
3,182,6,140,0.0
3,182,7,123,0.0
3,182,8,2349,0.0
3,182,9,1474,0.0
3,182,10,1777,0.0
3,183,1,1525,0.2
3,183,2,193,0.15
3,183,3,2994,0.05
3,183,4,1997,0.0
3,183,5,3010,0.0
3,183,6,597,0.0
3,183,7,1559,0.0
3,183,8,618,0.0
3,183,9,2484,0.0
3,183,10,1497,0.0
3,184,1,1235,0.2
3,184,2,1882,0.05
3,184,3,2994,0.05
3,184,4,2319,0.05
3,184,5,168,0.0
3,184,6,447,0.0
3,184,7,2886,0.0
3,184,8,815,0.0
3,184,9,2501,0.0
3,184,10,731,0.0
3,185,1,1295,0.15
3,185,2,257,0.15
3,185,3,2897,0.05
3,185,4,1621,0.05
3,185,5,2876,0.0
3,185,6,2703,0.0
3,185,7,2941,0.0
3,185,8,828,0.0
3,185,9,521,0.0
3,185,10,847,0.0
3,186,1,1754,0.2
3,186,2,1295,0.15
3,186,3,2897,0.05
3,186,4,411,0.0
3,186,5,968,0.0
3,186,6,624,0.0
3,186,7,364,0.0
3,186,8,1280,0.0
3,186,9,2264,0.0
3,186,10,474,0.0
3,187,1,40,0.2
3,187,2,2237,0.1
3,187,3,698,0.05
3,187,4,504,0.0
3,187,5,2718,0.0
3,187,6,2756,0.0
3,187,7,691,0.0
3,187,8,1860,0.0
3,187,9,1427,0.0
3,187,10,1265,0.0
3,188,1,2957,0.2
3,188,2,615,0.15
3,188,3,2237,0.1
3,188,4,131,0.0
3,188,5,2441,0.0
3,188,6,2686,0.0
3,188,7,2741,0.0
3,188,8,512,0.0
3,188,9,2838,0.0
3,188,10,1307,0.0
3,189,1,2134,0.15
3,189,2,748,0.15
3,189,3,2502,0.15
3,189,4,890,0.05
3,189,5,682,0.0
3,189,6,3081,0.0
3,189,7,2428,0.0
3,189,8,2171,0.0
3,189,9,321,0.0
3,189,10,2389,0.0
3,190,1,3062,0.05
3,190,2,316,0.05
3,190,3,698,0.05
3,190,4,2281,0.0
3,190,5,889,0.0
3,190,6,876,0.0
3,190,7,3007,0.0
3,190,8,712,0.0
3,190,9,652,0.0
3,190,10,70,0.0
3,191,1,2594,0.15
3,191,2,2356,0.15
3,191,3,1638,0.1
3,191,4,1415,0.05
3,191,5,1279,0.0
3,191,6,1552,0.0
3,191,7,1576,0.0
3,191,8,2737,0.0
3,191,9,2637,0.0
3,191,10,1168,0.0
3,192,1,1246,0.1
3,192,2,1858,0.1
3,192,3,363,0.0
3,192,4,245,0.0
3,192,5,2124,0.0
3,192,6,2301,0.0
3,192,7,1636,0.0
3,192,8,1781,0.0
3,192,9,1138,0.0
3,192,10,708,0.0
3,194,1,1246,0.1
3,194,2,2191,0.05
3,194,3,175,0.0
3,194,4,2879,0.0
3,194,5,2658,0.0
3,194,6,1089,0.0
3,194,7,10,0.0
3,194,8,362,0.0
3,194,9,1940,0.0
3,194,10,2268,0.0
3,195,1,2099,0.1
3,195,2,2925,0.1
3,195,3,1786,0.0
3,195,4,1547,0.0
3,195,5,1007,0.0
3,195,6,1212,0.0
3,195,7,538,0.0
3,195,8,1476,0.0
3,195,9,1732,0.0
3,195,10,1311,0.0
3,196,1,2674,0.0
3,196,2,1236,0.0
3,196,3,932,0.0
3,196,4,1018,0.0
3,196,5,2776,0.0
3,196,6,1433,0.0
3,196,7,1335,0.0
3,196,8,1584,0.0
3,196,9,3081,0.0
3,196,10,77,0.0
3,197,1,2674,0.0
3,197,2,3068,0.0
3,197,3,2857,0.0
3,197,4,2803,0.0
3,197,5,2150,0.0
3,197,6,1282,0.0
3,197,7,2281,0.0
3,197,8,1757,0.0
3,197,9,2776,0.0
3,197,10,130,0.0
3,198,1,2099,0.1
3,198,2,1236,0.05
3,198,3,1638,0.05
3,198,4,2457,0.0
3,198,5,1865,0.0
3,198,6,1889,0.0
3,198,7,1372,0.0
3,198,8,1232,0.0
3,198,9,2312,0.0
3,198,10,834,0.0
3,199,1,295,0.2
3,199,2,2658,0.2
3,199,3,380,0.0
3,199,4,105,0.0
3,199,5,1735,0.0
3,199,6,1009,0.0
3,199,7,293,0.0
3,199,8,753,0.0
3,199,9,2538,0.0
3,199,10,710,0.0
3,201,1,696,0.1
3,201,2,2283,0.1
3,201,3,2839,0.05
3,201,4,1295,0.05
3,201,5,1680,0.0
3,201,6,1327,0.0
3,201,7,1539,0.0
3,201,8,1076,0.0
3,201,9,2319,0.0
3,201,10,934,0.0
3,202,1,1817,0.15
3,202,2,1028,0.15
3,202,3,696,0.1
3,202,4,2262,0.0
3,202,5,898,0.0
3,202,6,1455,0.0
3,202,7,304,0.0
3,202,8,1912,0.0
3,202,9,1485,0.0
3,202,10,160,0.0
3,203,1,1028,0.15
3,203,2,696,0.1
3,203,3,566,0.0
3,203,4,111,0.0
3,203,5,1144,0.0
3,203,6,589,0.0
3,203,7,1504,0.0
3,203,8,738,0.0
3,203,9,556,0.0
3,203,10,1468,0.0
3,204,1,1208,0.15
3,204,2,2557,0.1
3,204,3,2339,0.0
3,204,4,170,0.0
3,204,5,2342,0.0
3,204,6,2738,0.0
3,204,7,197,0.0
3,204,8,2615,0.0
3,204,9,854,0.0
3,204,10,724,0.0
3,205,1,747,0.15
3,205,2,1775,0.05
3,205,3,1913,0.05
3,205,4,1377,0.0
3,205,5,1140,0.0
3,205,6,1548,0.0
3,205,7,2185,0.0
3,205,8,1511,0.0
3,205,9,2039,0.0
3,205,10,765,0.0
3,206,1,430,0.2
3,206,2,1872,0.05
3,206,3,1913,0.05
3,206,4,544,0.05
3,206,5,1194,0.0
3,206,6,503,0.0
3,206,7,2428,0.0
3,206,8,2232,0.0
3,206,9,2867,0.0
3,206,10,2290,0.0
3,207,1,747,0.15
3,207,2,1208,0.15
3,207,3,1190,0.1
3,207,4,2128,0.0
3,207,5,1892,0.0
3,207,6,1862,0.0
3,207,7,1730,0.0
3,207,8,2866,0.0
3,207,9,1844,0.0
3,207,10,651,0.0
3,208,1,2228,0.05
3,208,2,2658,0.05
3,208,3,2754,0.05
3,208,4,2339,0.0
3,208,5,336,0.0
3,208,6,224,0.0
3,208,7,1735,0.0
3,208,8,2354,0.0
3,208,9,178,0.0
3,208,10,138,0.0
3,209,1,2923,0.25
3,209,2,1360,0.2
3,209,3,730,0.1
3,209,4,2802,0.05
3,209,5,2725,0.0
3,209,6,2566,0.0
3,209,7,2960,0.0
3,209,8,2478,0.0
3,209,9,336,0.0
3,209,10,2690,0.0
3,211,1,1409,0.2
3,211,2,1215,0.2
3,211,3,2513,0.05
3,211,4,626,0.0
3,211,5,434,0.0
3,211,6,21,0.0
3,211,7,1316,0.0
3,211,8,1431,0.0
3,211,9,1119,0.0
3,211,10,452,0.0
3,212,1,2322,0.15
3,212,2,63,0.05
3,212,3,2257,0.05
3,212,4,1463,0.0
3,212,5,1328,0.0
3,212,6,932,0.0
3,212,7,2227,0.0
3,212,8,1790,0.0
3,212,9,525,0.0
3,212,10,1684,0.0
3,214,1,2757,0.1
3,214,2,2802,0.05
3,214,3,1712,0.05
3,214,4,2513,0.05
3,214,5,2544,0.0
3,214,6,2870,0.0
3,214,7,589,0.0
3,214,8,126,0.0
3,214,9,2931,0.0
3,214,10,1693,0.0
3,216,1,1409,0.2
3,216,2,1360,0.2
3,216,3,906,0.1
3,216,4,2548,0.0
3,216,5,371,0.0
3,216,6,470,0.0
3,216,7,2408,0.0
3,216,8,1619,0.0
3,216,9,2612,0.0
3,216,10,141,0.0
3,217,1,2440,0.1
3,217,2,393,0.1
3,217,3,1275,0.1
3,217,4,2998,0.05
3,217,5,1389,0.0
3,217,6,200,0.0
3,217,7,2724,0.0
3,217,8,2246,0.0
3,217,9,697,0.0
3,217,10,565,0.0
3,218,1,270,0.15
3,218,2,1739,0.1
3,218,3,589,0.0
3,218,4,171,0.0
3,218,5,347,0.0
3,218,6,946,0.0
3,218,7,2836,0.0
3,218,8,2830,0.0
3,218,9,967,0.0
3,218,10,1792,0.0
3,219,1,617,0.2
3,219,2,2440,0.1
3,219,3,1769,0.05
3,219,4,2051,0.0
3,219,5,1380,0.0
3,219,6,2990,0.0
3,219,7,901,0.0
3,219,8,937,0.0
3,219,9,556,0.0
3,219,10,972,0.0
3,221,1,1685,0.15
3,221,2,759,0.15
3,221,3,63,0.1
3,221,4,1222,0.0
3,221,5,1733,0.0
3,221,6,2676,0.0
3,221,7,1552,0.0
3,221,8,1301,0.0
3,221,9,1988,0.0
3,221,10,926,0.0
3,222,1,63,0.1
3,222,2,1332,0.0
3,222,3,2909,0.0
3,222,4,751,0.0
3,222,5,2030,0.0
3,222,6,1025,0.0
3,222,7,787,0.0
3,222,8,403,0.0
3,222,9,1740,0.0
3,222,10,2023,0.0
3,223,1,1685,0.15
3,223,2,759,0.15
3,223,3,2478,0.05
3,223,4,500,0.05
3,223,5,2505,0.0
3,223,6,444,0.0
3,223,7,2434,0.0
3,223,8,459,0.0
3,223,9,2076,0.0
3,223,10,1370,0.0
3,224,1,666,0.2
3,224,2,597,0.2
3,224,3,2211,0.05
3,224,4,977,0.0
3,224,5,664,0.0
3,224,6,2567,0.0
3,224,7,255,0.0
3,224,8,2596,0.0
3,224,9,2976,0.0
3,224,10,1968,0.0
3,225,1,2708,0.2
3,225,2,2525,0.15
3,225,3,1821,0.05
3,225,4,2926,0.0
3,225,5,630,0.0
3,225,6,2038,0.0
3,225,7,1879,0.0
3,225,8,255,0.0
3,225,9,774,0.0
3,225,10,547,0.0
3,226,1,572,0.15
3,226,2,1659,0.15
3,226,3,1945,0.1
3,226,4,2870,0.0
3,226,5,1739,0.0
3,226,6,2961,0.0
3,226,7,1210,0.0
3,226,8,234,0.0
3,226,9,1428,0.0
3,226,10,2346,0.0
3,227,1,2622,0.2
3,227,2,572,0.15
3,227,3,1659,0.15
3,227,4,121,0.0
3,227,5,1979,0.0
3,227,6,2118,0.0
3,227,7,821,0.0
3,227,8,2414,0.0
3,227,9,2630,0.0
3,227,10,2290,0.0
3,229,1,1673,0.15
3,229,2,2595,0.15
3,229,3,2938,0.1
3,229,4,2240,0.0
3,229,5,661,0.0
3,229,6,2750,0.0
3,229,7,2332,0.0
3,229,8,1737,0.0
3,229,9,3059,0.0
3,229,10,2439,0.0
3,230,1,30,0.2
3,230,2,2938,0.1
3,230,3,198,0.1
3,230,4,611,0.05
3,230,5,40,0.05
3,230,6,119,0.0
3,230,7,530,0.0
3,230,8,698,0.0
3,230,9,2884,0.0
3,230,10,2075,0.0
3,231,1,613,0.1
3,231,2,1787,0.05
3,231,3,1237,0.05
3,231,4,416,0.05
3,231,5,1977,0.0
3,231,6,2866,0.0
3,231,7,2351,0.0
3,231,8,716,0.0
3,231,9,1723,0.0
3,231,10,1808,0.0
3,232,1,613,0.1
3,232,2,1787,0.05
3,232,3,2808,0.0
3,232,4,2477,0.0
3,232,5,2169,0.0
3,232,6,1850,0.0
3,232,7,1909,0.0
3,232,8,2870,0.0
3,232,9,1676,0.0
3,232,10,693,0.0
3,233,1,613,0.1
3,233,2,2389,0.05
3,233,3,2808,0.0
3,233,4,2797,0.0
3,233,5,1535,0.0
3,233,6,51,0.0
3,233,7,2945,0.0
3,233,8,323,0.0
3,233,9,2428,0.0
3,233,10,713,0.0
3,234,1,509,0.2
3,234,2,132,0.1
3,234,3,1104,0.05
3,234,4,703,0.05
3,234,5,1813,0.0
3,234,6,1107,0.0
3,234,7,21,0.0
3,234,8,1644,0.0
3,234,9,2270,0.0
3,234,10,877,0.0
3,235,1,1465,0.2
3,235,2,416,0.15
3,235,3,1931,0.05
3,235,4,171,0.0
3,235,5,2419,0.0
3,235,6,1651,0.0
3,235,7,2269,0.0
3,235,8,1998,0.0
3,235,9,2543,0.0
3,235,10,2267,0.0
3,236,1,1744,0.15
3,236,2,2180,0.1
3,236,3,2075,0.0
3,236,4,750,0.0
3,236,5,2091,0.0
3,236,6,2961,0.0
3,236,7,1961,0.0
3,236,8,1799,0.0
3,236,9,470,0.0
3,236,10,1244,0.0
3,237,1,2916,0.2
3,237,2,1632,0.15
3,237,3,2180,0.1
3,237,4,3018,0.05
3,237,5,2214,0.0
3,237,6,2124,0.0
3,237,7,232,0.0
3,237,8,2801,0.0
3,237,9,2639,0.0
3,237,10,1204,0.0
3,238,1,1744,0.15
3,238,2,2180,0.1
3,238,3,1926,0.0
3,238,4,2056,0.0
3,238,5,1927,0.0
3,238,6,1292,0.0
3,238,7,2305,0.0
3,238,8,1397,0.0
3,238,9,1385,0.0
3,238,10,156,0.0
3,239,1,532,0.2
3,239,2,514,0.15
3,239,3,2092,0.15
3,239,4,2668,0.05
3,239,5,2797,0.0
3,239,6,1473,0.0
3,239,7,465,0.0
3,239,8,2350,0.0
3,239,9,2237,0.0
3,239,10,2613,0.0
3,240,1,2345,0.2
3,240,2,514,0.15
3,240,3,2209,0.05
3,240,4,790,0.0
3,240,5,1043,0.0
3,240,6,832,0.0
3,240,7,746,0.0
3,240,8,623,0.0
3,240,9,2030,0.0
3,240,10,684,0.0
3,241,1,447,0.2
3,241,2,1413,0.15
3,241,3,793,0.1
3,241,4,1082,0.05
3,241,5,1887,0.0
3,241,6,1331,0.0
3,241,7,2318,0.0
3,241,8,542,0.0
3,241,9,1719,0.0
3,241,10,1124,0.0
3,242,1,447,0.2
3,242,2,1413,0.15
3,242,3,1936,0.1
3,242,4,611,0.05
3,242,5,2285,0.05
3,242,6,2330,0.0
3,242,7,2571,0.0
3,242,8,2037,0.0
3,242,9,2616,0.0
3,242,10,1843,0.0
3,243,1,1067,0.2
3,243,2,1413,0.15
3,243,3,793,0.1
3,243,4,2096,0.0
3,243,5,1760,0.0
3,243,6,2777,0.0
3,243,7,1790,0.0
3,243,8,2185,0.0
3,243,9,1449,0.0
3,243,10,2632,0.0
3,244,1,2576,0.25
3,244,2,1654,0.2
3,244,3,1893,0.1
3,244,4,1838,0.05
3,244,5,959,0.0
3,244,6,1614,0.0
3,244,7,1915,0.0
3,244,8,1576,0.0
3,244,9,1096,0.0
3,244,10,53,0.0
3,245,1,2293,0.25
3,245,2,1615,0.25
3,245,3,1654,0.2
3,245,4,426,0.05
3,245,5,829,0.0
3,245,6,2266,0.0
3,245,7,1669,0.0
3,245,8,1159,0.0
3,245,9,318,0.0
3,245,10,2618,0.0
3,246,1,627,0.2
3,246,2,656,0.2
3,246,3,1893,0.1
3,246,4,253,0.0
3,246,5,1730,0.0
3,246,6,2873,0.0
3,246,7,514,0.0
3,246,8,102,0.0
3,246,9,1867,0.0
3,246,10,1463,0.0
3,247,1,97,0.15
3,247,2,2576,0.1
3,247,3,2137,0.05
3,247,4,1456,0.05
3,247,5,2549,0.0
3,247,6,2837,0.0
3,247,7,2713,0.0
3,247,8,245,0.0
3,247,9,2777,0.0
3,247,10,2595,0.0
3,248,1,1448,0.1
3,248,2,1456,0.05
3,248,3,1461,0.05
3,248,4,1582,0.0
3,248,5,1490,0.0
3,248,6,10,0.0
3,248,7,1201,0.0
3,248,8,2103,0.0
3,248,9,498,0.0
3,248,10,1165,0.0
3,249,1,283,0.15
3,249,2,1448,0.1
3,249,3,1456,0.05
3,249,4,327,0.05
3,249,5,1284,0.0
3,249,6,227,0.0
3,249,7,1625,0.0
3,249,8,1478,0.0
3,249,9,2800,0.0
3,249,10,565,0.0
3,250,1,2664,0.1
3,250,2,1870,0.1
3,250,3,1657,0.05
3,250,4,1073,0.0
3,250,5,932,0.0
3,250,6,3045,0.0
3,250,7,1196,0.0
3,250,8,605,0.0
3,250,9,2708,0.0
3,250,10,2022,0.0
3,251,1,31,0.2
3,251,2,1376,0.2
3,251,3,656,0.15
3,251,4,1015,0.1
3,251,5,2664,0.05
3,251,6,1871,0.0
3,251,7,2190,0.0
3,251,8,172,0.0
3,251,9,1265,0.0
3,251,10,668,0.0
3,252,1,2961,0.15
3,252,2,504,0.15
3,252,3,1015,0.1
3,252,4,345,0.0
3,252,5,3014,0.0
3,252,6,2657,0.0
3,252,7,2364,0.0
3,252,8,2700,0.0
3,252,9,1719,0.0
3,252,10,1660,0.0
3,253,1,1376,0.2
3,253,2,998,0.15
3,253,3,1015,0.1
3,253,4,2641,0.0
3,253,5,1087,0.0
3,253,6,1503,0.0
3,253,7,2613,0.0
3,253,8,796,0.0
3,253,9,1687,0.0
3,253,10,1080,0.0
3,254,1,183,0.25
3,254,2,1015,0.1
3,254,3,289,0.05
3,254,4,2852,0.0
3,254,5,1536,0.0
3,254,6,2086,0.0
3,254,7,538,0.0
3,254,8,1383,0.0
3,254,9,2295,0.0
3,254,10,1143,0.0
3,255,1,653,0.2
3,255,2,2324,0.2
3,255,3,2961,0.15
3,255,4,698,0.0
3,255,5,3047,0.0
3,255,6,2046,0.0
3,255,7,899,0.0
3,255,8,248,0.0
3,255,9,2756,0.0
3,255,10,1891,0.0
3,256,1,653,0.2
3,256,2,2590,0.2
3,256,3,504,0.15
3,256,4,2961,0.15
3,256,5,1375,0.0
3,256,6,274,0.0
3,256,7,699,0.0
3,256,8,2067,0.0
3,256,9,2349,0.0
3,256,10,3077,0.0
3,257,1,2769,0.2
3,257,2,273,0.15
3,257,3,2042,0.1
3,257,4,1015,0.1
3,257,5,78,0.05
3,257,6,2894,0.05
3,257,7,541,0.0
3,257,8,654,0.0
3,257,9,2599,0.0
3,257,10,581,0.0
3,258,1,2590,0.2
3,258,2,105,0.2
3,258,3,44,0.2
3,258,4,1400,0.0
3,258,5,2134,0.0
3,258,6,1691,0.0
3,258,7,923,0.0
3,258,8,888,0.0
3,258,9,1863,0.0
3,258,10,2891,0.0
3,259,1,1558,0.2
3,259,2,852,0.2
3,259,3,273,0.15
3,259,4,1507,0.05
3,259,5,924,0.0
3,259,6,1530,0.0
3,259,7,2817,0.0
3,259,8,490,0.0
3,259,9,471,0.0
3,259,10,679,0.0
3,260,1,8,0.15
3,260,2,2328,0.1
3,260,3,183,0.1
3,260,4,2975,0.1
3,260,5,2025,0.0
3,260,6,1982,0.0
3,260,7,2957,0.0
3,260,8,3039,0.0
3,260,9,665,0.0
3,260,10,2150,0.0
3,261,1,2328,0.1
3,261,2,2772,0.1
3,261,3,78,0.05
3,261,4,2199,0.0
3,261,5,1473,0.0
3,261,6,2353,0.0
3,261,7,3048,0.0
3,261,8,1976,0.0
3,261,9,2133,0.0
3,261,10,1992,0.0
3,262,1,2093,0.15
3,262,2,259,0.15
3,262,3,1008,0.0
3,262,4,1363,0.0
3,262,5,2391,0.0
3,262,6,621,0.0
3,262,7,2904,0.0
3,262,8,1586,0.0
3,262,9,192,0.0
3,262,10,2963,0.0
3,263,1,2772,0.2
3,263,2,259,0.15
3,263,3,12,0.0
3,263,4,2205,0.0
3,263,5,1066,0.0
3,263,6,503,0.0
3,263,7,360,0.0
3,263,8,1979,0.0
3,263,9,2185,0.0
3,263,10,1099,0.0
3,264,1,105,0.2
3,264,2,2640,0.2
3,264,3,164,0.05
3,264,4,1392,0.0
3,264,5,282,0.0
3,264,6,1899,0.0
3,264,7,350,0.0
3,264,8,841,0.0
3,264,9,2964,0.0
3,264,10,752,0.0
3,265,1,1383,0.25
3,265,2,105,0.2
3,265,3,2640,0.2
3,265,4,778,0.0
3,265,5,1241,0.0
3,265,6,2628,0.0
3,265,7,1010,0.0
3,265,8,2589,0.0
3,265,9,3023,0.0
3,265,10,300,0.0
3,266,1,1180,0.25
3,266,2,65,0.15
3,266,3,2867,0.05
3,266,4,783,0.0
3,266,5,649,0.0
3,266,6,372,0.0
3,266,7,2776,0.0
3,266,8,2600,0.0
3,266,9,1982,0.0
3,266,10,608,0.0
3,267,1,1180,0.25
3,267,2,49,0.25
3,267,3,2480,0.2
3,267,4,164,0.05
3,267,5,2572,0.0
3,267,6,2336,0.0
3,267,7,1501,0.0
3,267,8,1662,0.0
3,267,9,977,0.0
3,267,10,1692,0.0
3,268,1,1380,0.25
3,268,2,701,0.25
3,268,3,2710,0.2
3,268,4,1104,0.05
3,268,5,2452,0.0
3,268,6,2317,0.0
3,268,7,1947,0.0
3,268,8,1566,0.0
3,268,9,3076,0.0
3,268,10,775,0.0
3,269,1,2603,0.25
3,269,2,2274,0.2
3,269,3,185,0.0
3,269,4,2701,0.0
3,269,5,2599,0.0
3,269,6,848,0.0
3,269,7,1899,0.0
3,269,8,2709,0.0
3,269,9,245,0.0
3,269,10,1070,0.0
3,271,1,1159,0.25
3,271,2,1180,0.25
3,271,3,65,0.15
3,271,4,1698,0.0
3,271,5,2423,0.0
3,271,6,1960,0.0
3,271,7,692,0.0
3,271,8,1196,0.0
3,271,9,487,0.0
3,271,10,229,0.0
3,272,1,701,0.25
3,272,2,1380,0.25
3,272,3,2867,0.05
3,272,4,1708,0.05
3,272,5,2183,0.0
3,272,6,216,0.0
3,272,7,371,0.0
3,272,8,2290,0.0
3,272,9,1071,0.0
3,272,10,2780,0.0
3,273,1,1437,0.25
3,273,2,2710,0.2
3,273,3,2480,0.15
3,273,4,326,0.0
3,273,5,1519,0.0
3,273,6,2738,0.0
3,273,7,1006,0.0
3,273,8,1935,0.0
3,273,9,350,0.0
3,273,10,1151,0.0
3,274,1,1159,0.25
3,274,2,2274,0.2
3,274,3,65,0.15
3,274,4,2370,0.05
3,274,5,2744,0.0
3,274,6,960,0.0
3,274,7,3025,0.0
3,274,8,2175,0.0
3,274,9,550,0.0
3,274,10,1957,0.0
3,276,1,192,0.15
3,276,2,2580,0.15
3,276,3,3053,0.05
3,276,4,2812,0.0
3,276,5,2246,0.0
3,276,6,2183,0.0
3,276,7,1360,0.0
3,276,8,1907,0.0
3,276,9,26,0.0
3,276,10,1519,0.0
3,277,1,795,0.1
3,277,2,1582,0.05
3,277,3,2211,0.05
3,277,4,896,0.0
3,277,5,252,0.0
3,277,6,2445,0.0
3,277,7,1642,0.0
3,277,8,2379,0.0
3,277,9,736,0.0
3,277,10,1562,0.0
3,278,1,663,0.2
3,278,2,1582,0.05
3,278,3,14,0.05
3,278,4,3053,0.05
3,278,5,2994,0.0
3,278,6,602,0.0
3,278,7,1206,0.0
3,278,8,765,0.0
3,278,9,850,0.0
3,278,10,2252,0.0
3,279,1,2280,0.2
3,279,2,2933,0.05
3,279,3,608,0.05
3,279,4,288,0.0
3,279,5,2861,0.0
3,279,6,1118,0.0
3,279,7,1161,0.0
3,279,8,1190,0.0
3,279,9,1983,0.0
3,279,10,1122,0.0
3,280,1,122,0.15
3,280,2,608,0.05
3,280,3,1766,0.05
3,280,4,24,0.0
3,280,5,2797,0.0
3,280,6,1432,0.0
3,280,7,1464,0.0
3,280,8,1162,0.0
3,280,9,2765,0.0
3,280,10,2776,0.0
3,282,1,192,0.15
3,282,2,2580,0.15
3,282,3,1237,0.05
3,282,4,1875,0.0
3,282,5,2364,0.0
3,282,6,892,0.0
3,282,7,3047,0.0
3,282,8,90,0.0
3,282,9,2003,0.0
3,282,10,387,0.0
3,283,1,2628,0.2
3,283,2,1963,0.15
3,283,3,135,0.0
3,283,4,74,0.0
3,283,5,86,0.0
3,283,6,497,0.0
3,283,7,2564,0.0
3,283,8,2140,0.0
3,283,9,2380,0.0
3,283,10,2043,0.0
3,284,1,1516,0.2
3,284,2,740,0.05
3,284,3,3053,0.05
3,284,4,774,0.0
3,284,5,2243,0.0
3,284,6,458,0.0
3,284,7,2166,0.0
3,284,8,1376,0.0
3,284,9,895,0.0
3,284,10,1962,0.0
3,285,1,553,0.2
3,285,2,718,0.1
3,285,3,1525,0.05
3,285,4,655,0.05
3,285,5,2535,0.0
3,285,6,2797,0.0
3,285,7,1160,0.0
3,285,8,2041,0.0
3,285,9,166,0.0
3,285,10,300,0.0
3,286,1,1277,0.1
3,286,2,1540,0.1
3,286,3,2010,0.0
3,286,4,261,0.0
3,286,5,2219,0.0
3,286,6,1945,0.0
3,286,7,1756,0.0
3,286,8,2677,0.0
3,286,9,463,0.0
3,286,10,912,0.0
3,287,1,2407,0.2
3,287,2,1277,0.1
3,287,3,3011,0.0
3,287,4,577,0.0
3,287,5,2639,0.0
3,287,6,1923,0.0
3,287,7,1658,0.0
3,287,8,1101,0.0
3,287,9,793,0.0
3,287,10,905,0.0
3,288,1,783,0.1
3,288,2,1277,0.1
3,288,3,3011,0.0
3,288,4,649,0.0
3,288,5,712,0.0
3,288,6,2408,0.0
3,288,7,527,0.0
3,288,8,2451,0.0
3,288,9,1680,0.0
3,288,10,1372,0.0
3,289,1,1053,0.2
3,289,2,783,0.1
3,289,3,1059,0.05
3,289,4,1731,0.0
3,289,5,302,0.0
3,289,6,2472,0.0
3,289,7,2435,0.0
3,289,8,2965,0.0
3,289,9,2224,0.0
3,289,10,2504,0.0
3,290,1,2090,0.15
3,290,2,325,0.05
3,290,3,2474,0.05
3,290,4,2989,0.0
3,290,5,1453,0.0
3,290,6,221,0.0
3,290,7,2610,0.0
3,290,8,1376,0.0
3,290,9,1898,0.0
3,290,10,1510,0.0
3,291,1,1528,0.15
3,291,2,727,0.1
3,291,3,860,0.05
3,291,4,84,0.0
3,291,5,1368,0.0
3,291,6,1944,0.0
3,291,7,1093,0.0
3,291,8,813,0.0
3,291,9,2,0.0
3,291,10,2184,0.0
3,292,1,2090,0.15
3,292,2,375,0.1
3,292,3,1466,0.05
3,292,4,1082,0.05
3,292,5,13,0.0
3,292,6,238,0.0
3,292,7,2033,0.0
3,292,8,2181,0.0
3,292,9,1180,0.0
3,292,10,491,0.0
3,293,1,1344,0.15
3,293,2,1528,0.15
3,293,3,325,0.05
3,293,4,1036,0.0
3,293,5,1499,0.0
3,293,6,827,0.0
3,293,7,1292,0.0
3,293,8,1268,0.0
3,293,9,1670,0.0
3,293,10,468,0.0
3,294,1,2952,0.2
3,294,2,1344,0.15
3,294,3,2616,0.1
3,294,4,103,0.0
3,294,5,1139,0.0
3,294,6,642,0.0
3,294,7,2312,0.0
3,294,8,1956,0.0
3,294,9,131,0.0
3,294,10,1596,0.0
3,295,1,285,0.15
3,295,2,2616,0.1
3,295,3,310,0.05
3,295,4,2025,0.0
3,295,5,174,0.0
3,295,6,687,0.0
3,295,7,936,0.0
3,295,8,2225,0.0
3,295,9,860,0.0
3,295,10,97,0.0
3,297,1,1381,0.15
3,297,2,3061,0.1
3,297,3,1794,0.05
3,297,4,352,0.0
3,297,5,2730,0.0
3,297,6,1915,0.0
3,297,7,2989,0.0
3,297,8,294,0.0
3,297,9,3074,0.0
3,297,10,2830,0.0
3,298,1,2128,0.15
3,298,2,2929,0.15
3,298,3,1794,0.05
3,298,4,346,0.0
3,298,5,508,0.0
3,298,6,2770,0.0
3,298,7,227,0.0
3,298,8,1285,0.0
3,298,9,1127,0.0
3,298,10,1,0.0
3,299,1,540,0.2
3,299,2,2672,0.1
3,299,3,1792,0.05
3,299,4,3040,0.05
3,299,5,1712,0.05
3,299,6,1742,0.0
3,299,7,2248,0.0
3,299,8,197,0.0
3,299,9,1045,0.0
3,299,10,467,0.0
3,300,1,1592,0.15
3,300,2,1113,0.15
3,300,3,2969,0.1
3,300,4,40,0.05
3,300,5,2914,0.05
3,300,6,2890,0.0
3,300,7,2227,0.0
3,300,8,363,0.0
3,300,9,2987,0.0
3,300,10,2685,0.0
3,301,1,1016,0.1
3,301,2,2969,0.1
3,301,3,2474,0.05
3,301,4,368,0.0
3,301,5,629,0.0
3,301,6,1788,0.0
3,301,7,2757,0.0
3,301,8,1359,0.0
3,301,9,1254,0.0
3,301,10,2412,0.0
3,302,1,1113,0.15
3,302,2,1920,0.1
3,302,3,1072,0.05
3,302,4,1247,0.05
3,302,5,1559,0.0
3,302,6,1156,0.0
3,302,7,709,0.0
3,302,8,2596,0.0
3,302,9,458,0.0
3,302,10,223,0.0
3,303,1,1189,0.15
3,303,2,2969,0.1
3,303,3,1072,0.05
3,303,4,766,0.05
3,303,5,1381,0.05
3,303,6,216,0.0
3,303,7,2754,0.0
3,303,8,1607,0.0
3,303,9,2177,0.0
3,303,10,656,0.0
3,304,1,1571,0.25
3,304,2,2343,0.2
3,304,3,315,0.1
3,304,4,253,0.0
3,304,5,1480,0.0
3,304,6,2489,0.0
3,304,7,1319,0.0
3,304,8,1938,0.0
3,304,9,510,0.0
3,304,10,2896,0.0
3,305,1,2343,0.2
3,305,2,2978,0.2
3,305,3,357,0.05
3,305,4,2073,0.05
3,305,5,1358,0.05
3,305,6,1339,0.0
3,305,7,565,0.0
3,305,8,2163,0.0
3,305,9,1245,0.0
3,305,10,370,0.0
3,306,1,2978,0.2
3,306,2,1189,0.15
3,306,3,1481,0.05
3,306,4,1502,0.0
3,306,5,758,0.0
3,306,6,1210,0.0
3,306,7,2092,0.0
3,306,8,1386,0.0
3,306,9,2836,0.0
3,306,10,1068,0.0
3,307,1,562,0.2
3,307,2,1990,0.1
3,307,3,351,0.0
3,307,4,1602,0.0
3,307,5,1955,0.0
3,307,6,1141,0.0
3,307,7,768,0.0
3,307,8,838,0.0
3,307,9,2700,0.0
3,307,10,1860,0.0
3,308,1,2686,0.25
3,308,2,1116,0.15
3,308,3,357,0.05
3,308,4,790,0.0
3,308,5,2020,0.0
3,308,6,2687,0.0
3,308,7,1976,0.0
3,308,8,2009,0.0
3,308,9,286,0.0
3,308,10,2179,0.0
3,309,1,1701,0.25
3,309,2,1995,0.2
3,309,3,2395,0.05
3,309,4,351,0.0
3,309,5,28,0.0
3,309,6,908,0.0
3,309,7,1777,0.0
3,309,8,552,0.0
3,309,9,378,0.0
3,309,10,403,0.0
3,310,1,1995,0.2
3,310,2,1990,0.1
3,310,3,1811,0.1
3,310,4,655,0.05
3,310,5,2183,0.0
3,310,6,2188,0.0
3,310,7,1879,0.0
3,310,8,497,0.0
3,310,9,2367,0.0
3,310,10,865,0.0
3,311,1,2974,0.25
3,311,2,69,0.2
3,311,3,1811,0.1
3,311,4,814,0.0
3,311,5,2550,0.0
3,311,6,1733,0.0
3,311,7,1130,0.0
3,311,8,45,0.0
3,311,9,2194,0.0
3,311,10,531,0.0
3,312,1,1868,0.1
3,312,2,1221,0.05
3,312,3,40,0.05
3,312,4,975,0.0
3,312,5,173,0.0
3,312,6,2969,0.0
3,312,7,1758,0.0
3,312,8,803,0.0
3,312,9,1533,0.0
3,312,10,2267,0.0
3,314,1,1198,0.15
3,314,2,1498,0.05
3,314,3,1221,0.05
3,314,4,1161,0.0
3,314,5,1591,0.0
3,314,6,2994,0.0
3,314,7,318,0.0
3,314,8,2874,0.0
3,314,9,398,0.0
3,314,10,86,0.0
3,315,1,1198,0.15
3,315,2,1541,0.1
3,315,3,1206,0.05
3,315,4,1091,0.05
3,315,5,2110,0.0
3,315,6,1418,0.0
3,315,7,986,0.0
3,315,8,1697,0.0
3,315,9,3051,0.0
3,315,10,926,0.0
3,316,1,3069,0.1
3,316,2,633,0.1
3,316,3,338,0.05
3,316,4,2305,0.0
3,316,5,2069,0.0
3,316,6,2389,0.0
3,316,7,2287,0.0
3,316,8,2059,0.0
3,316,9,1132,0.0
3,316,10,2066,0.0
3,317,1,3069,0.1
3,317,2,633,0.1
3,317,3,1206,0.05
3,317,4,949,0.0
3,317,5,2171,0.0
3,317,6,1999,0.0
3,317,7,1119,0.0
3,317,8,3021,0.0
3,317,9,320,0.0
3,317,10,2690,0.0
3,318,1,2106,0.25
3,318,2,1781,0.1
3,318,3,1206,0.05
3,318,4,2152,0.0
3,318,5,2488,0.0
3,318,6,2993,0.0
3,318,7,1414,0.0
3,318,8,470,0.0
3,318,9,3019,0.0
3,318,10,376,0.0
3,319,1,2176,0.3
3,319,2,1367,0.15
3,319,3,1893,0.0
3,319,4,2304,0.0
3,319,5,2637,0.0
3,319,6,408,0.0
3,319,7,2170,0.0
3,319,8,1386,0.0
3,319,9,1860,0.0
3,319,10,212,0.0
3,321,1,2106,0.25
3,321,2,1367,0.15
3,321,3,2659,0.05
3,321,4,2323,0.05
3,321,5,1894,0.0
3,321,6,711,0.0
3,321,7,2187,0.0
3,321,8,2389,0.0
3,321,9,309,0.0
3,321,10,449,0.0
3,322,1,446,0.25
3,322,2,1367,0.15
3,322,3,2263,0.0
3,322,4,2614,0.0
3,322,5,2642,0.0
3,322,6,118,0.0
3,322,7,2448,0.0
3,322,8,565,0.0
3,322,9,128,0.0
3,322,10,1908,0.0
3,323,1,1964,0.25
3,323,2,1422,0.15
3,323,3,362,0.0
3,323,4,2292,0.0
3,323,5,2685,0.0
3,323,6,1099,0.0
3,323,7,2,0.0
3,323,8,565,0.0
3,323,9,757,0.0
3,323,10,1882,0.0
3,324,1,446,0.25
3,324,2,2956,0.2
3,324,3,859,0.15
3,324,4,665,0.0
3,324,5,1291,0.0
3,324,6,1411,0.0
3,324,7,2216,0.0
3,324,8,1718,0.0
3,324,9,2136,0.0
3,324,10,2344,0.0
3,325,1,2084,0.25
3,325,2,104,0.15
3,325,3,2372,0.05
3,325,4,864,0.0
3,325,5,293,0.0
3,325,6,682,0.0
3,325,7,1136,0.0
3,325,8,1882,0.0
3,325,9,69,0.0
3,325,10,2348,0.0
3,326,1,2363,0.2
3,326,2,1991,0.1
3,326,3,330,0.0
3,326,4,1604,0.0
3,326,5,2600,0.0
3,326,6,1928,0.0
3,326,7,1451,0.0
3,326,8,2659,0.0
3,326,9,1156,0.0
3,326,10,18,0.0
3,327,1,2075,0.15
3,327,2,1991,0.1
3,327,3,1327,0.0
3,327,4,1028,0.0
3,327,5,2220,0.0
3,327,6,2411,0.0
3,327,7,1280,0.0
3,327,8,251,0.0
3,327,9,1275,0.0
3,327,10,387,0.0
3,328,1,2084,0.25
3,328,2,1671,0.2
3,328,3,3027,0.0
3,328,4,612,0.0
3,328,5,1297,0.0
3,328,6,1943,0.0
3,328,7,1635,0.0
3,328,8,232,0.0
3,328,9,1122,0.0
3,328,10,2679,0.0
3,329,1,1422,0.15
3,329,2,2484,0.05
3,329,3,1632,0.0
3,329,4,2950,0.0
3,329,5,2480,0.0
3,329,6,118,0.0
3,329,7,2744,0.0
3,329,8,2329,0.0
3,329,9,1862,0.0
3,329,10,2809,0.0
3,330,1,2659,0.1
3,330,2,33,0.05
3,330,3,1142,0.05
3,330,4,2484,0.05
3,330,5,1980,0.0
3,330,6,1162,0.0
3,330,7,950,0.0
3,330,8,1083,0.0
3,330,9,3027,0.0
3,330,10,911,0.0
3,331,1,2296,0.1
3,331,2,2484,0.05
3,331,3,33,0.05
3,331,4,482,0.0
3,331,5,568,0.0
3,331,6,2658,0.0
3,331,7,1017,0.0
3,331,8,534,0.0
3,331,9,2403,0.0
3,331,10,1494,0.0
3,332,1,2705,0.15
3,332,2,1962,0.1
3,332,3,2296,0.1
3,332,4,2022,0.0
3,332,5,343,0.0
3,332,6,2450,0.0
3,332,7,360,0.0
3,332,8,2085,0.0
3,332,9,1684,0.0
3,332,10,81,0.0
3,333,1,1491,0.2
3,333,2,1635,0.15
3,333,3,523,0.15
3,333,4,750,0.0
3,333,5,858,0.0
3,333,6,1220,0.0
3,333,7,1513,0.0
3,333,8,885,0.0
3,333,9,1039,0.0
3,333,10,1438,0.0
3,334,1,2261,0.2
3,334,2,2705,0.15
3,334,3,2061,0.15
3,334,4,2119,0.0
3,334,5,1002,0.0
3,334,6,61,0.0
3,334,7,1180,0.0
3,334,8,1633,0.0
3,334,9,804,0.0
3,334,10,2416,0.0
3,335,1,2061,0.15
3,335,2,788,0.1
3,335,3,2870,0.1
3,335,4,1844,0.0
3,335,5,2538,0.0
3,335,6,2517,0.0
3,335,7,1102,0.0
3,335,8,2248,0.0
3,335,9,662,0.0
3,335,10,1499,0.0
3,336,1,1635,0.15
3,336,2,2870,0.1
3,336,3,249,0.05
3,336,4,2282,0.0
3,336,5,1343,0.0
3,336,6,1338,0.0
3,336,7,1265,0.0
3,336,8,435,0.0
3,336,9,2560,0.0
3,336,10,1643,0.0
3,337,1,2602,0.25
3,337,2,900,0.05
3,337,3,1091,0.05
3,337,4,2388,0.0
3,337,5,2887,0.0
3,337,6,2350,0.0
3,337,7,1970,0.0
3,337,8,2913,0.0
3,337,9,2029,0.0
3,337,10,332,0.0
3,338,1,2107,0.3
3,338,2,2927,0.25
3,338,3,1569,0.05
3,338,4,2334,0.0
3,338,5,1311,0.0
3,338,6,1213,0.0
3,338,7,1884,0.0
3,338,8,2052,0.0
3,338,9,2844,0.0
3,338,10,706,0.0
3,339,1,2145,0.2
3,339,2,523,0.15
3,339,3,900,0.05
3,339,4,1721,0.05
3,339,5,243,0.0
3,339,6,2330,0.0
3,339,7,2831,0.0
3,339,8,2424,0.0
3,339,9,1875,0.0
3,339,10,1632,0.0
3,340,1,2384,0.3
3,340,2,1692,0.25
3,340,3,2145,0.2
3,340,4,497,0.0
3,340,5,1748,0.0
3,340,6,1848,0.0
3,340,7,431,0.0
3,340,8,2598,0.0
3,340,9,214,0.0
3,340,10,951,0.0
3,342,1,2163,0.2
3,342,2,1002,0.1
3,342,3,2406,0.0
3,342,4,1982,0.0
3,342,5,785,0.0
3,342,6,479,0.0
3,342,7,663,0.0
3,342,8,1835,0.0
3,342,9,865,0.0
3,342,10,2710,0.0
3,343,1,2602,0.25
3,343,2,1692,0.25
3,343,3,2927,0.25
3,343,4,1700,0.0
3,343,5,629,0.0
3,343,6,2586,0.0
3,343,7,1590,0.0
3,343,8,2709,0.0
3,343,9,3024,0.0
3,343,10,1107,0.0
3,344,1,646,0.2
3,344,2,2306,0.05
3,344,3,955,0.0
3,344,4,976,0.0
3,344,5,2356,0.0
3,344,6,686,0.0
3,344,7,1786,0.0
3,344,8,2976,0.0
3,344,9,1894,0.0
3,344,10,11,0.0
3,345,1,1472,0.2
3,345,2,387,0.2
3,345,3,55,0.05
3,345,4,779,0.05
3,345,5,2099,0.05
3,345,6,1014,0.0
3,345,7,2693,0.0
3,345,8,1795,0.0
3,345,9,1854,0.0
3,345,10,1365,0.0
3,346,1,671,0.2
3,346,2,779,0.05
3,346,3,1078,0.05
3,346,4,2498,0.0
3,346,5,435,0.0
3,346,6,1780,0.0
3,346,7,1279,0.0
3,346,8,2928,0.0
3,346,9,712,0.0
3,346,10,594,0.0
3,347,1,2403,0.2
3,347,2,854,0.05
3,347,3,1255,0.05
3,347,4,2294,0.0
3,347,5,597,0.0
3,347,6,1615,0.0
3,347,7,2002,0.0
3,347,8,1833,0.0
3,347,9,3028,0.0
3,347,10,2617,0.0
3,348,1,502,0.15
3,348,2,72,0.15
3,348,3,2007,0.05
3,348,4,1050,0.0
3,348,5,2919,0.0
3,348,6,771,0.0
3,348,7,2196,0.0
3,348,8,2025,0.0
3,348,9,343,0.0
3,348,10,1270,0.0
3,349,1,1911,0.15
3,349,2,72,0.15
3,349,3,2007,0.05
3,349,4,892,0.0
3,349,5,242,0.0
3,349,6,2063,0.0
3,349,7,1957,0.0
3,349,8,1524,0.0
3,349,9,2602,0.0
3,349,10,2464,0.0
3,350,1,502,0.15
3,350,2,333,0.1
3,350,3,3043,0.0
3,350,4,1923,0.0
3,350,5,792,0.0
3,350,6,306,0.0
3,350,7,2752,0.0
3,350,8,2413,0.0
3,350,9,444,0.0
3,350,10,237,0.0
3,352,1,1266,0.15
3,352,2,1,0.1
3,352,3,432,0.05
3,352,4,1816,0.05
3,352,5,618,0.0
3,352,6,1086,0.0
3,352,7,12,0.0
3,352,8,1072,0.0
3,352,9,2317,0.0
3,352,10,2235,0.0
3,353,1,1,0.1
3,353,2,2562,0.05
3,353,3,432,0.05
3,353,4,1614,0.0
3,353,5,2161,0.0
3,353,6,520,0.0
3,353,7,1628,0.0
3,353,8,2911,0.0
3,353,9,2772,0.0
3,353,10,1464,0.0
3,354,1,1490,0.2
3,354,2,432,0.05
3,354,3,2562,0.05
3,354,4,3045,0.0
3,354,5,1126,0.0
3,354,6,152,0.0
3,354,7,2324,0.0
3,354,8,2990,0.0
3,354,9,2897,0.0
3,354,10,3055,0.0
3,355,1,754,0.1
3,355,2,2665,0.1
3,355,3,432,0.05
3,355,4,544,0.05
3,355,5,2211,0.05
3,355,6,2979,0.0
3,355,7,1593,0.0
3,355,8,2066,0.0
3,355,9,485,0.0
3,355,10,2523,0.0
3,356,1,2574,0.2
3,356,2,622,0.15
3,356,3,2869,0.15
3,356,4,2456,0.0
3,356,5,1991,0.0
3,356,6,2590,0.0
3,356,7,2762,0.0
3,356,8,1973,0.0
3,356,9,1176,0.0
3,356,10,128,0.0
3,357,1,579,0.25
3,357,2,1167,0.05
3,357,3,1939,0.0
3,357,4,2058,0.0
3,357,5,3012,0.0
3,357,6,1050,0.0
3,357,7,2526,0.0
3,357,8,1940,0.0
3,357,9,66,0.0
3,357,10,973,0.0
3,358,1,579,0.25
3,358,2,2311,0.25
3,358,3,2645,0.25
3,358,4,81,0.0
3,358,5,2429,0.0
3,358,6,2094,0.0
3,358,7,2956,0.0
3,358,8,173,0.0
3,358,9,3073,0.0
3,358,10,648,0.0
3,359,1,506,0.05
3,359,2,1928,0.0
3,359,3,2349,0.0
3,359,4,603,0.0
3,359,5,229,0.0
3,359,6,1981,0.0
3,359,7,1604,0.0
3,359,8,1026,0.0
3,359,9,95,0.0
3,359,10,279,0.0
3,360,1,1300,0.05
3,360,2,506,0.05
3,360,3,1928,0.0
3,360,4,1432,0.0
3,360,5,2132,0.0
3,360,6,584,0.0
3,360,7,2826,0.0
3,360,8,2478,0.0
3,360,9,2084,0.0
3,360,10,2205,0.0
3,361,1,506,0.05
3,361,2,1928,0.0
3,361,3,3014,0.0
3,361,4,963,0.0
3,361,5,1862,0.0
3,361,6,1448,0.0
3,361,7,2896,0.0
3,361,8,2740,0.0
3,361,9,3054,0.0
3,361,10,545,0.0
3,362,1,506,0.05
3,362,2,1928,0.0
3,362,3,156,0.0
3,362,4,2510,0.0
3,362,5,3008,0.0
3,362,6,2872,0.0
3,362,7,149,0.0
3,362,8,1029,0.0
3,362,9,2725,0.0
3,362,10,12,0.0
3,363,1,506,0.05
3,363,2,215,0.05
3,363,3,1928,0.0
3,363,4,1268,0.0
3,363,5,223,0.0
3,363,6,836,0.0
3,363,7,2193,0.0
3,363,8,2080,0.0
3,363,9,1046,0.0
3,363,10,621,0.0
3,365,1,1653,0.2
3,365,2,210,0.2
3,365,3,397,0.15
3,365,4,2789,0.05
3,365,5,2977,0.0
3,365,6,999,0.0
3,365,7,1875,0.0
3,365,8,1521,0.0
3,365,9,3078,0.0
3,365,10,2817,0.0
3,366,1,2078,0.15
3,366,2,1778,0.05
3,366,3,253,0.0
3,366,4,2908,0.0
3,366,5,1321,0.0
3,366,6,860,0.0
3,366,7,606,0.0
3,366,8,1226,0.0
3,366,9,1831,0.0
3,366,10,1309,0.0
3,367,1,1203,0.2
3,367,2,418,0.15
3,367,3,3026,0.0
3,367,4,367,0.0
3,367,5,2992,0.0
3,367,6,1557,0.0
3,367,7,1012,0.0
3,367,8,2462,0.0
3,367,9,2834,0.0
3,367,10,2508,0.0
3,368,1,2078,0.15
3,368,2,1494,0.1
3,368,3,2759,0.1
3,368,4,1784,0.0
3,368,5,401,0.0
3,368,6,2773,0.0
3,368,7,2824,0.0
3,368,8,1668,0.0
3,368,9,2988,0.0
3,368,10,954,0.0
3,369,1,477,0.55
3,369,2,1347,0.55
3,369,3,2888,0.35
3,369,4,1876,0.0
3,369,5,2863,0.0
3,369,6,2179,0.0
3,369,7,726,0.0
3,369,8,1024,0.0
3,369,9,742,0.0
3,369,10,1255,0.0
3,370,1,2739,0.6
3,370,2,1606,0.6
3,370,3,1108,0.45
3,370,4,1394,0.0
3,370,5,2232,0.0
3,370,6,2434,0.0
3,370,7,363,0.0
3,370,8,1119,0.0
3,370,9,1795,0.0
3,370,10,2438,0.0
3,371,1,1108,0.45
3,371,2,2321,0.45
3,371,3,918,0.35
3,371,4,2588,0.0
3,371,5,2681,0.0
3,371,6,1956,0.0
3,371,7,1341,0.0
3,371,8,378,0.0
3,371,9,2483,0.0
3,371,10,720,0.0
3,372,1,272,0.65
3,372,2,1606,0.6
3,372,3,2321,0.45
3,372,4,1740,0.0
3,372,5,340,0.0
3,372,6,2393,0.0
3,372,7,1972,0.0
3,372,8,1848,0.0
3,372,9,154,0.0
3,372,10,795,0.0
3,373,1,1606,0.6
3,373,2,1347,0.55
3,373,3,2687,0.2
3,373,4,1357,0.0
3,373,5,2274,0.0
3,373,6,303,0.0
3,373,7,310,0.0
3,373,8,541,0.0
3,373,9,1405,0.0
3,373,10,1219,0.0
3,374,1,2321,0.45
3,374,2,918,0.35
3,374,3,2888,0.35
3,374,4,1821,0.0
3,374,5,2323,0.0
3,374,6,2730,0.0
3,374,7,1015,0.0
3,374,8,1494,0.0
3,374,9,2062,0.0
3,374,10,2334,0.0
3,375,1,1678,0.7
3,375,2,2739,0.6
3,375,3,2321,0.45
3,375,4,982,0.0
3,375,5,524,0.0
3,375,6,688,0.0
3,375,7,2284,0.0
3,375,8,2447,0.0
3,375,9,2505,0.0
3,375,10,2665,0.0
3,378,1,1606,0.6
3,378,2,477,0.55
3,378,3,2888,0.35
3,378,4,1742,0.0
3,378,5,1159,0.0
3,378,6,1718,0.0
3,378,7,1705,0.0
3,378,8,427,0.0
3,378,9,2529,0.0
3,378,10,38,0.0
3,379,1,1678,0.7
3,379,2,2321,0.45
3,379,3,918,0.35
3,379,4,557,0.0
3,379,5,714,0.0
3,379,6,1299,0.0
3,379,7,889,0.0
3,379,8,186,0.0
3,379,9,2161,0.0
3,379,10,1114,0.0
3,380,1,2739,0.6
3,380,2,477,0.55
3,380,3,2441,0.45
3,380,4,742,0.0
3,380,5,944,0.0
3,380,6,2659,0.0
3,380,7,1071,0.0
3,380,8,1574,0.0
3,380,9,1926,0.0
3,380,10,2224,0.0
3,381,1,2739,0.6
3,381,2,2441,0.45
3,381,3,918,0.35
3,381,4,2659,0.0
3,381,5,2811,0.0
3,381,6,643,0.0
3,381,7,2310,0.0
3,381,8,599,0.0
3,381,9,2332,0.0
3,381,10,889,0.0
3,383,1,272,0.65
3,383,2,1347,0.55
3,383,3,918,0.35
3,383,4,972,0.0
3,383,5,28,0.0
3,383,6,2333,0.0
3,383,7,6,0.0
3,383,8,61,0.0
3,383,9,2721,0.0
3,383,10,733,0.0
3,384,1,1678,0.7
3,384,2,1826,0.6
3,384,3,477,0.55
3,384,4,1304,0.0
3,384,5,122,0.0
3,384,6,152,0.0
3,384,7,1913,0.0
3,384,8,2488,0.0
3,384,9,2668,0.0
3,384,10,2608,0.0
3,385,1,2464,0.7
3,385,2,272,0.65
3,385,3,477,0.55
3,385,4,385,0.0
3,385,5,1346,0.0
3,385,6,1053,0.0
3,385,7,2900,0.0
3,385,8,810,0.0
3,385,9,264,0.0
3,385,10,2542,0.0
3,386,1,1398,0.75
3,386,2,2464,0.7
3,386,3,2888,0.35
3,386,4,458,0.0
3,386,5,1502,0.0
3,386,6,231,0.0
3,386,7,1955,0.0
3,386,8,2629,0.0
3,386,9,2937,0.0
3,386,10,1351,0.0
3,387,1,2464,0.7
3,387,2,1678,0.7
3,387,3,918,0.35
3,387,4,1908,0.0
3,387,5,18,0.0
3,387,6,831,0.0
3,387,7,674,0.0
3,387,8,2364,0.0
3,387,9,1045,0.0
3,387,10,2740,0.0
3,388,1,1826,0.6
3,388,2,477,0.55
3,388,3,2441,0.45
3,388,4,592,0.0
3,388,5,2246,0.0
3,388,6,2839,0.0
3,388,7,563,0.0
3,388,8,2357,0.0
3,388,9,20,0.0
3,388,10,795,0.0
3,391,1,1606,0.6
3,391,2,1347,0.55
3,391,3,1108,0.45
3,391,4,2885,0.0
3,391,5,1354,0.0
3,391,6,1131,0.0
3,391,7,1345,0.0
3,391,8,276,0.0
3,391,9,2778,0.0
3,391,10,1521,0.0
3,392,1,2558,0.15
3,392,2,641,0.15
3,392,3,2490,0.1
3,392,4,2789,0.05
3,392,5,1525,0.05
3,392,6,758,0.0
3,392,7,1262,0.0
3,392,8,2781,0.0
3,392,9,2179,0.0
3,392,10,1027,0.0
3,395,1,716,0.15
3,395,2,1102,0.15
3,395,3,1657,0.05
3,395,4,2452,0.05
3,395,5,798,0.0
3,395,6,1014,0.0
3,395,7,2943,0.0
3,395,8,1346,0.0
3,395,9,2601,0.0
3,395,10,2605,0.0
3,396,1,2082,0.15
3,396,2,2607,0.15
3,396,3,2452,0.05
3,396,4,861,0.0
3,396,5,389,0.0
3,396,6,2069,0.0
3,396,7,1027,0.0
3,396,8,765,0.0
3,396,9,802,0.0
3,396,10,1738,0.0
3,397,1,1999,0.15
3,397,2,1301,0.1
3,397,3,1307,0.1
3,397,4,1247,0.05
3,397,5,1681,0.05
3,397,6,2395,0.05
3,397,7,2075,0.0
3,397,8,2402,0.0
3,397,9,656,0.0
3,397,10,2197,0.0
3,398,1,2643,0.1
3,398,2,206,0.1
3,398,3,2752,0.05
3,398,4,742,0.0
3,398,5,2575,0.0
3,398,6,996,0.0
3,398,7,2107,0.0
3,398,8,1398,0.0
3,398,9,2600,0.0
3,398,10,1823,0.0
3,399,1,2830,0.1
3,399,2,2568,0.1
3,399,3,1999,0.05
3,399,4,1092,0.0
3,399,5,110,0.0
3,399,6,163,0.0
3,399,7,2553,0.0
3,399,8,827,0.0
3,399,9,1591,0.0
3,399,10,1130,0.0
3,400,1,1379,0.15
3,400,2,1307,0.1
3,400,3,14,0.05
3,400,4,1034,0.0
3,400,5,820,0.0
3,400,6,2813,0.0
3,400,7,826,0.0
3,400,8,2592,0.0
3,400,9,2584,0.0
3,400,10,1106,0.0
3,401,1,2599,0.15
3,401,2,2104,0.15
3,401,3,2666,0.0
3,401,4,2928,0.0
3,401,5,2307,0.0
3,401,6,1619,0.0
3,401,7,793,0.0
3,401,8,2544,0.0
3,401,9,1421,0.0
3,401,10,3081,0.0
3,403,1,609,0.15
3,403,2,2830,0.1
3,403,3,1307,0.1
3,403,4,1487,0.0
3,403,5,2259,0.0
3,403,6,1234,0.0
3,403,7,569,0.0
3,403,8,2064,0.0
3,403,9,1769,0.0
3,403,10,853,0.0
3,404,1,609,0.15
3,404,2,1379,0.15
3,404,3,2758,0.1
3,404,4,1569,0.05
3,404,5,1017,0.0
3,404,6,368,0.0
3,404,7,130,0.0
3,404,8,2042,0.0
3,404,9,2126,0.0
3,404,10,2525,0.0
3,405,1,2080,0.2
3,405,2,2235,0.2
3,405,3,1708,0.05
3,405,4,40,0.05
3,405,5,224,0.0
3,405,6,2663,0.0
3,405,7,2035,0.0
3,405,8,1855,0.0
3,405,9,64,0.0
3,405,10,711,0.0
3,406,1,2568,0.2
3,406,2,206,0.2
3,406,3,1301,0.1
3,406,4,2868,0.0
3,406,5,2784,0.0
3,406,6,2514,0.0
3,406,7,1719,0.0
3,406,8,1875,0.0
3,406,9,936,0.0
3,406,10,715,0.0
3,407,1,527,0.25
3,407,2,275,0.2
3,407,3,2080,0.2
3,407,4,1104,0.05
3,407,5,612,0.05
3,407,6,951,0.0
3,407,7,362,0.0
3,407,8,2777,0.0
3,407,9,1495,0.0
3,407,10,22,0.0
3,408,1,475,0.25
3,408,2,275,0.2
3,408,3,2504,0.15
3,408,4,2610,0.0
3,408,5,2231,0.0
3,408,6,2715,0.0
3,408,7,2973,0.0
3,408,8,2674,0.0
3,408,9,797,0.0
3,408,10,2889,0.0
3,409,1,103,0.15
3,409,2,2643,0.1
3,409,3,2188,0.1
3,409,4,2497,0.0
3,409,5,1854,0.0
3,409,6,2596,0.0
3,409,7,2589,0.0
3,409,8,2686,0.0
3,409,9,1814,0.0
3,409,10,1437,0.0
3,410,1,1333,0.2
3,410,2,521,0.2
3,410,3,261,0.2
3,410,4,1964,0.0
3,410,5,2941,0.0
3,410,6,3030,0.0
3,410,7,2675,0.0
3,410,8,770,0.0
3,410,9,2583,0.0
3,410,10,2192,0.0
3,411,1,2423,0.2
3,411,2,2397,0.2
3,411,3,1408,0.15
3,411,4,1492,0.0
3,411,5,1758,0.0
3,411,6,963,0.0
3,411,7,1217,0.0
3,411,8,927,0.0
3,411,9,1844,0.0
3,411,10,2100,0.0
3,412,1,1878,0.2
3,412,2,2488,0.15
3,412,3,774,0.1
3,412,4,522,0.0
3,412,5,1031,0.0
3,412,6,2914,0.0
3,412,7,596,0.0
3,412,8,1299,0.0
3,412,9,1557,0.0
3,412,10,2754,0.0
3,413,1,493,0.2
3,413,2,539,0.15
3,413,3,2906,0.1
3,413,4,1047,0.05
3,413,5,1055,0.05
3,413,6,4,0.0
3,413,7,759,0.0
3,413,8,2949,0.0
3,413,9,1343,0.0
3,413,10,586,0.0
3,414,1,1408,0.15
3,414,2,3017,0.1
3,414,3,774,0.1
3,414,4,40,0.05
3,414,5,1805,0.0
3,414,6,2036,0.0
3,414,7,105,0.0
3,414,8,2483,0.0
3,414,9,180,0.0
3,414,10,331,0.0
3,415,1,201,0.2
3,415,2,2183,0.2
3,415,3,3010,0.05
3,415,4,195,0.0
3,415,5,2487,0.0
3,415,6,2111,0.0
3,415,7,2374,0.0
3,415,8,49,0.0
3,415,9,1883,0.0
3,415,10,639,0.0
3,416,1,2205,0.1
3,416,2,3073,0.05
3,416,3,2725,0.05
3,416,4,257,0.0
3,416,5,34,0.0
3,416,6,2601,0.0
3,416,7,1736,0.0
3,416,8,2065,0.0
3,416,9,2242,0.0
3,416,10,2806,0.0
3,417,1,2911,0.25
3,417,2,2721,0.2
3,417,3,2496,0.05
3,417,4,1899,0.0
3,417,5,2085,0.0
3,417,6,65,0.0
3,417,7,1762,0.0
3,417,8,2692,0.0
3,417,9,1170,0.0
3,417,10,707,0.0
3,418,1,755,0.1
3,418,2,576,0.05
3,418,3,2047,0.0
3,418,4,1245,0.0
3,418,5,1416,0.0
3,418,6,482,0.0
3,418,7,2589,0.0
3,418,8,739,0.0
3,418,9,2256,0.0
3,418,10,2171,0.0
3,419,1,3019,0.15
3,419,2,3010,0.05
3,419,3,1884,0.05
3,419,4,1600,0.0
3,419,5,982,0.0
3,419,6,561,0.0
3,419,7,2783,0.0
3,419,8,2404,0.0
3,419,9,2648,0.0
3,419,10,1402,0.0
3,420,1,704,0.1
3,420,2,1884,0.05
3,420,3,3010,0.05
3,420,4,1404,0.0
3,420,5,2924,0.0
3,420,6,1726,0.0
3,420,7,2519,0.0
3,420,8,524,0.0
3,420,9,923,0.0
3,420,10,2705,0.0
3,421,1,293,0.15
3,421,2,360,0.0
3,421,3,1793,0.0
3,421,4,2815,0.0
3,421,5,933,0.0
3,421,6,1482,0.0
3,421,7,2869,0.0
3,421,8,1629,0.0
3,421,9,1321,0.0
3,421,10,420,0.0
3,422,1,1196,0.2
3,422,2,2028,0.15
3,422,3,3010,0.05
3,422,4,655,0.05
3,422,5,1202,0.0
3,422,6,1229,0.0
3,422,7,2061,0.0
3,422,8,2166,0.0
3,422,9,2482,0.0
3,422,10,1558,0.0
3,423,1,1791,0.2
3,423,2,2028,0.15
3,423,3,704,0.1
3,423,4,512,0.0
3,423,5,2737,0.0
3,423,6,2158,0.0
3,423,7,117,0.0
3,423,8,276,0.0
3,423,9,902,0.0
3,423,10,570,0.0
3,424,1,1517,0.25
3,424,2,826,0.2
3,424,3,1618,0.1
3,424,4,3073,0.05
3,424,5,2693,0.0
3,424,6,1782,0.0
3,424,7,614,0.0
3,424,8,699,0.0
3,424,9,2217,0.0
3,424,10,250,0.0
3,425,1,2700,0.15
3,425,2,2790,0.1
3,425,3,1754,0.05
3,425,4,1018,0.05
3,425,5,1592,0.0
3,425,6,496,0.0
3,425,7,319,0.0
3,425,8,2559,0.0
3,425,9,398,0.0
3,425,10,1234,0.0
3,426,1,566,0.35
3,426,2,826,0.2
3,426,3,742,0.1
3,426,4,2272,0.1
3,426,5,1055,0.05
3,426,6,330,0.0
3,426,7,2256,0.0
3,426,8,2656,0.0
3,426,9,1566,0.0
3,426,10,892,0.0
3,427,1,538,0.3
3,427,2,621,0.15
3,427,3,1899,0.05
3,427,4,2694,0.0
3,427,5,2151,0.0
3,427,6,2232,0.0
3,427,7,1496,0.0
3,427,8,1420,0.0
3,427,9,2785,0.0
3,427,10,423,0.0
3,428,1,2609,0.1
3,428,2,1618,0.1
3,428,3,2272,0.1
3,428,4,125,0.0
3,428,5,2517,0.0
3,428,6,2330,0.0
3,428,7,840,0.0
3,428,8,2215,0.0
3,428,9,1797,0.0
3,428,10,1080,0.0
3,429,1,2609,0.1
3,429,2,1618,0.1
3,429,3,2272,0.1
3,429,4,964,0.0
3,429,5,2052,0.0
3,429,6,1979,0.0
3,429,7,2605,0.0
3,429,8,998,0.0
3,429,9,1436,0.0
3,429,10,2229,0.0
3,430,1,2609,0.1
3,430,2,2272,0.1
3,430,3,1618,0.1
3,430,4,1785,0.05
3,430,5,1102,0.0
3,430,6,692,0.0
3,430,7,2990,0.0
3,430,8,2830,0.0
3,430,9,898,0.0
3,430,10,442,0.0
3,435,1,1029,0.15
3,435,2,621,0.15
3,435,3,484,0.05
3,435,4,2496,0.05
3,435,5,1270,0.0
3,435,6,1653,0.0
3,435,7,1057,0.0
3,435,8,337,0.0
3,435,9,300,0.0
3,435,10,2227,0.0
3,436,1,264,0.25
3,436,2,670,0.15
3,436,3,1029,0.1
3,436,4,1543,0.05
3,436,5,1754,0.05
3,436,6,717,0.0
3,436,7,739,0.0
3,436,8,8,0.0
3,436,9,2997,0.0
3,436,10,2505,0.0
3,437,1,1029,0.15
3,437,2,624,0.1
3,437,3,2566,0.05
3,437,4,2496,0.05
3,437,5,2505,0.0
3,437,6,1558,0.0
3,437,7,2217,0.0
3,437,8,2675,0.0
3,437,9,588,0.0
3,437,10,415,0.0
3,438,1,585,0.2
3,438,2,2700,0.15
3,438,3,621,0.15
3,438,4,709,0.0
3,438,5,1992,0.0
3,438,6,84,0.0
3,438,7,2428,0.0
3,438,8,961,0.0
3,438,9,933,0.0
3,438,10,2836,0.0
3,439,1,1040,0.15
3,439,2,2205,0.1
3,439,3,1749,0.05
3,439,4,665,0.0
3,439,5,187,0.0
3,439,6,2091,0.0
3,439,7,97,0.0
3,439,8,556,0.0
3,439,9,2069,0.0
3,439,10,1026,0.0
3,440,1,2851,0.15
3,440,2,1386,0.1
3,440,3,876,0.05
3,440,4,310,0.05
3,440,5,2725,0.05
3,440,6,1295,0.05
3,440,7,2874,0.0
3,440,8,2766,0.0
3,440,9,3044,0.0
3,440,10,802,0.0
3,441,1,1579,0.2
3,441,2,2205,0.1
3,441,3,2725,0.05
3,441,4,264,0.05
3,441,5,2560,0.0
3,441,6,380,0.0
3,441,7,2309,0.0
3,441,8,295,0.0
3,441,9,2283,0.0
3,441,10,213,0.0
3,442,1,1467,0.2
3,442,2,876,0.05
3,442,3,1749,0.05
3,442,4,2661,0.05
3,442,5,2322,0.0
3,442,6,2846,0.0
3,442,7,2576,0.0
3,442,8,3034,0.0
3,442,9,2973,0.0
3,442,10,2328,0.0
3,443,1,2566,0.15
3,443,2,2018,0.1
3,443,3,1590,0.05
3,443,4,2161,0.0
3,443,5,848,0.0
3,443,6,196,0.0
3,443,7,834,0.0
3,443,8,399,0.0
3,443,9,1572,0.0
3,443,10,2471,0.0
3,444,1,1258,0.15
3,444,2,58,0.1
3,444,3,2173,0.05
3,444,4,352,0.0
3,444,5,2783,0.0
3,444,6,2991,0.0
3,444,7,1439,0.0
3,444,8,1885,0.0
3,444,9,2275,0.0
3,444,10,2846,0.0
3,445,1,513,0.15
3,445,2,2173,0.05
3,445,3,1295,0.05
3,445,4,1469,0.05
3,445,5,878,0.0
3,445,6,2624,0.0
3,445,7,2597,0.0
3,445,8,775,0.0
3,445,9,68,0.0
3,445,10,1486,0.0
3,446,1,58,0.1
3,446,2,2173,0.05
3,446,3,1957,0.05
3,446,4,1078,0.05
3,446,5,2688,0.0
3,446,6,2685,0.0
3,446,7,1286,0.0
3,446,8,1857,0.0
3,446,9,1539,0.0
3,446,10,671,0.0
3,448,1,2912,0.3
3,448,2,394,0.2
3,448,3,1603,0.1
3,448,4,1358,0.05
3,448,5,827,0.0
3,448,6,941,0.0
3,448,7,2186,0.0
3,448,8,253,0.0
3,448,9,2279,0.0
3,448,10,901,0.0
3,449,1,507,0.25
3,449,2,672,0.15
3,449,3,1009,0.1
3,449,4,1708,0.05
3,449,5,1624,0.0
3,449,6,1956,0.0
3,449,7,1339,0.0
3,449,8,2897,0.0
3,449,9,1901,0.0
3,449,10,1121,0.0
3,450,1,301,0.25
3,450,2,173,0.2
3,450,3,2814,0.1
3,450,4,544,0.05
3,450,5,186,0.0
3,450,6,1509,0.0
3,450,7,334,0.0
3,450,8,1225,0.0
3,450,9,1271,0.0
3,450,10,921,0.0
3,451,1,507,0.25
3,451,2,672,0.15
3,451,3,2814,0.1
3,451,4,2959,0.0
3,451,5,2765,0.0
3,451,6,1728,0.0
3,451,7,2393,0.0
3,451,8,642,0.0
3,451,9,1435,0.0
3,451,10,184,0.0
3,452,1,672,0.15
3,452,2,1009,0.1
3,452,3,2814,0.1
3,452,4,155,0.0
3,452,5,294,0.0
3,452,6,2914,0.0
3,452,7,1744,0.0
3,452,8,1191,0.0
3,452,9,27,0.0
3,452,10,213,0.0
3,453,1,665,0.25
3,453,2,2704,0.2
3,453,3,1718,0.15
3,453,4,117,0.0
3,453,5,238,0.0
3,453,6,2828,0.0
3,453,7,259,0.0
3,453,8,1532,0.0
3,453,9,143,0.0
3,453,10,945,0.0
3,455,1,1587,0.25
3,455,2,1048,0.2
3,455,3,173,0.15
3,455,4,949,0.05
3,455,5,970,0.0
3,455,6,772,0.0
3,455,7,2716,0.0
3,455,8,1610,0.0
3,455,9,2672,0.0
3,455,10,2125,0.0
3,456,1,2615,0.3
3,456,2,2704,0.2
3,456,3,1718,0.15
3,456,4,84,0.0
3,456,5,897,0.0
3,456,6,754,0.0
3,456,7,2593,0.0
3,456,8,2001,0.0
3,456,9,1960,0.0
3,456,10,2805,0.0
3,457,1,2210,0.25
3,457,2,893,0.0
3,457,3,2501,0.0
3,457,4,73,0.0
3,457,5,1693,0.0
3,457,6,1646,0.0
3,457,7,170,0.0
3,457,8,1025,0.0
3,457,9,1126,0.0
3,457,10,2579,0.0
3,458,1,2391,0.25
3,458,2,173,0.2
3,458,3,672,0.15
3,458,4,213,0.0
3,458,5,687,0.0
3,458,6,1249,0.0
3,458,7,709,0.0
3,458,8,1562,0.0
3,458,9,2870,0.0
3,458,10,490,0.0
3,459,1,863,0.2
3,459,2,1832,0.15
3,459,3,3084,0.05
3,459,4,1371,0.0
3,459,5,1544,0.0
3,459,6,249,0.0
3,459,7,914,0.0
3,459,8,934,0.0
3,459,9,486,0.0
3,459,10,811,0.0
3,460,1,444,0.1
3,460,2,2493,0.05
3,460,3,1260,0.05
3,460,4,2538,0.0
3,460,5,2055,0.0
3,460,6,2558,0.0
3,460,7,984,0.0
3,460,8,1346,0.0
3,460,9,2971,0.0
3,460,10,1040,0.0
3,461,1,1723,0.2
3,461,2,1157,0.1
3,461,3,444,0.1
3,461,4,2876,0.0
3,461,5,49,0.0
3,461,6,1592,0.0
3,461,7,151,0.0
3,461,8,2554,0.0
3,461,9,2853,0.0
3,461,10,1610,0.0
3,462,1,1153,0.2
3,462,2,444,0.1
3,462,3,2894,0.05
3,462,4,1529,0.0
3,462,5,754,0.0
3,462,6,383,0.0
3,462,7,1476,0.0
3,462,8,1454,0.0
3,462,9,834,0.0
3,462,10,318,0.0
3,463,1,1153,0.2
3,463,2,1157,0.1
3,463,3,544,0.05
3,463,4,1822,0.0
3,463,5,1189,0.0
3,463,6,2107,0.0
3,463,7,2544,0.0
3,463,8,21,0.0
3,463,9,2884,0.0
3,463,10,1722,0.0
3,465,1,2157,0.15
3,465,2,2804,0.05
3,465,3,765,0.0
3,465,4,366,0.0
3,465,5,1388,0.0
3,465,6,1857,0.0
3,465,7,1876,0.0
3,465,8,2543,0.0
3,465,9,797,0.0
3,465,10,2218,0.0
3,467,1,2355,0.15
3,467,2,668,0.15
3,467,3,905,0.1
3,467,4,484,0.05
3,467,5,2539,0.0
3,467,6,2587,0.0
3,467,7,1623,0.0
3,467,8,2681,0.0
3,467,9,1426,0.0
3,467,10,275,0.0
3,468,1,575,0.15
3,468,2,2031,0.05
3,468,3,2099,0.05
3,468,4,733,0.0
3,468,5,476,0.0
3,468,6,1985,0.0
3,468,7,3067,0.0
3,468,8,1057,0.0
3,468,9,1115,0.0
3,468,10,581,0.0
3,469,1,554,0.25
3,469,2,1354,0.25
3,469,3,1723,0.2
3,469,4,2111,0.0
3,469,5,1396,0.0
3,469,6,2935,0.0
3,469,7,357,0.0
3,469,8,2224,0.0
3,469,9,2095,0.0
3,469,10,876,0.0
3,470,1,2862,0.15
3,470,2,1476,0.15
3,470,3,2495,0.0
3,470,4,1143,0.0
3,470,5,1541,0.0
3,470,6,1841,0.0
3,470,7,1526,0.0
3,470,8,2154,0.0
3,470,9,959,0.0
3,470,10,198,0.0
3,471,1,2256,0.3
3,471,2,1248,0.2
3,471,3,1447,0.15
3,471,4,1243,0.0
3,471,5,31,0.0
3,471,6,2763,0.0
3,471,7,1868,0.0
3,471,8,1039,0.0
3,471,9,2012,0.0
3,471,10,1123,0.0
3,472,1,1248,0.2
3,472,2,707,0.2
3,472,3,2048,0.1
3,472,4,692,0.0
3,472,5,290,0.0
3,472,6,2714,0.0
3,472,7,710,0.0
3,472,8,2833,0.0
3,472,9,578,0.0
3,472,10,2157,0.0
3,474,1,1829,0.35
3,474,2,1531,0.2
3,474,3,229,0.1
3,474,4,1535,0.0
3,474,5,839,0.0
3,474,6,2868,0.0
3,474,7,614,0.0
3,474,8,1725,0.0
3,474,9,587,0.0
3,474,10,1088,0.0
3,475,1,1063,0.3
3,475,2,1698,0.25
3,475,3,1447,0.15
3,475,4,678,0.0
3,475,5,1865,0.0
3,475,6,2264,0.0
3,475,7,2891,0.0
3,475,8,1456,0.0
3,475,9,2903,0.0
3,475,10,799,0.0
3,476,1,2432,0.35
3,476,2,1531,0.2
3,476,3,1447,0.15
3,476,4,1858,0.05
3,476,5,677,0.0
3,476,6,427,0.0
3,476,7,2209,0.0
3,476,8,1463,0.0
3,476,9,345,0.0
3,476,10,1077,0.0
3,477,1,1698,0.25
3,477,2,2019,0.2
3,477,3,1447,0.15
3,477,4,1417,0.05
3,477,5,1662,0.0
3,477,6,372,0.0
3,477,7,1950,0.0
3,477,8,2493,0.0
3,477,9,1342,0.0
3,477,10,1058,0.0
3,478,1,1698,0.25
3,478,2,1248,0.2
3,478,3,707,0.2
3,478,4,1730,0.0
3,478,5,1146,0.0
3,478,6,1032,0.0
3,478,7,2897,0.0
3,478,8,1424,0.0
3,478,9,2437,0.0
3,478,10,1307,0.0
3,479,1,306,0.1
3,479,2,1613,0.05
3,479,3,1270,0.0
3,479,4,1751,0.0
3,479,5,1646,0.0
3,479,6,2541,0.0
3,479,7,3066,0.0
3,479,8,772,0.0
3,479,9,858,0.0
3,479,10,2735,0.0
3,480,1,1063,0.3
3,480,2,229,0.1
3,480,3,2048,0.1
3,480,4,2787,0.05
3,480,5,1594,0.0
3,480,6,2851,0.0
3,480,7,245,0.0
3,480,8,1035,0.0
3,480,9,2332,0.0
3,480,10,1945,0.0
3,481,1,479,0.1
3,481,2,1109,0.1
3,481,3,971,0.05
3,481,4,1996,0.0
3,481,5,1929,0.0
3,481,6,2677,0.0
3,481,7,814,0.0
3,481,8,2015,0.0
3,481,9,87,0.0
3,481,10,2243,0.0
3,483,1,306,0.1
3,483,2,81,0.1
3,483,3,2547,0.0
3,483,4,2874,0.0
3,483,5,2827,0.0
3,483,6,3038,0.0
3,483,7,97,0.0
3,483,8,2224,0.0
3,483,9,93,0.0
3,483,10,871,0.0
3,484,1,306,0.1
3,484,2,81,0.1
3,484,3,2104,0.0
3,484,4,1290,0.0
3,484,5,711,0.0
3,484,6,806,0.0
3,484,7,60,0.0
3,484,8,2627,0.0
3,484,9,2313,0.0
3,484,10,1932,0.0
3,485,1,1547,0.15
3,485,2,520,0.1
3,485,3,1677,0.0
3,485,4,1275,0.0
3,485,5,676,0.0
3,485,6,670,0.0
3,485,7,1141,0.0
3,485,8,2681,0.0
3,485,9,1833,0.0
3,485,10,1587,0.0
3,486,1,1001,0.1
3,486,2,294,0.1
3,486,3,1613,0.05
3,486,4,40,0.05
3,486,5,2606,0.0
3,486,6,538,0.0
3,486,7,679,0.0
3,486,8,2957,0.0
3,486,9,397,0.0
3,486,10,180,0.0
3,487,1,424,0.05
3,487,2,1992,0.05
3,487,3,2606,0.0
3,487,4,1118,0.0
3,487,5,1333,0.0
3,487,6,3069,0.0
3,487,7,2741,0.0
3,487,8,530,0.0
3,487,9,1781,0.0
3,487,10,1650,0.0
3,491,1,1831,0.15
3,491,2,1836,0.1
3,491,3,1278,0.05
3,491,4,567,0.05
3,491,5,2461,0.0
3,491,6,1653,0.0
3,491,7,23,0.0
3,491,8,1109,0.0
3,491,9,106,0.0
3,491,10,1270,0.0
3,492,1,1682,0.15
3,492,2,1212,0.1
3,492,3,495,0.05
3,492,4,601,0.05
3,492,5,2481,0.0
3,492,6,2991,0.0
3,492,7,2493,0.0
3,492,8,745,0.0
3,492,9,1003,0.0
3,492,10,1133,0.0
3,493,1,439,0.15
3,493,2,1836,0.1
3,493,3,495,0.05
3,493,4,1722,0.0
3,493,5,455,0.0
3,493,6,1144,0.0
3,493,7,2426,0.0
3,493,8,213,0.0
3,493,9,518,0.0
3,493,10,2408,0.0
3,494,1,1161,0.15
3,494,2,495,0.05
3,494,3,1278,0.05
3,494,4,987,0.0
3,494,5,1650,0.0
3,494,6,2785,0.0
3,494,7,2614,0.0
3,494,8,2546,0.0
3,494,9,639,0.0
3,494,10,189,0.0
3,495,1,2866,0.0
3,495,2,2267,0.0
3,495,3,1303,0.0
3,495,4,1497,0.0
3,495,5,552,0.0
3,495,6,2022,0.0
3,495,7,374,0.0
3,495,8,2671,0.0
3,495,9,886,0.0
3,495,10,1419,0.0
4,1,1,2780,0.05
4,1,2,1785,0.0
4,1,3,2394,0.0
4,1,4,1916,0.0
4,1,5,262,0.0
4,1,6,2472,0.0
4,1,7,2494,0.0
4,1,8,764,0.0
4,1,9,836,0.0
4,1,10,1943,0.0
4,2,1,379,0.0
4,2,2,25,0.0
4,2,3,2683,0.0
4,2,4,205,0.0
4,2,5,1062,0.0
4,2,6,323,0.0
4,2,7,777,0.0
4,2,8,761,0.0
4,2,9,561,0.0
4,2,10,2969,0.0
4,3,1,1569,0.0
4,3,2,2184,0.0
4,3,3,420,0.0
4,3,4,491,0.0
4,3,5,2593,0.0
4,3,6,3044,0.0
4,3,7,2217,0.0
4,3,8,1613,0.0
4,3,9,1383,0.0
4,3,10,1956,0.0
4,4,1,1250,0.05
4,4,2,2901,0.05
4,4,3,861,0.0
4,4,4,1516,0.0
4,4,5,1435,0.0
4,4,6,1769,0.0
4,4,7,1490,0.0
4,4,8,484,0.0
4,4,9,306,0.0
4,4,10,2724,0.0
4,7,1,1461,0.15
4,7,2,2046,0.0
4,7,3,2289,0.0
4,7,4,1161,0.0
4,7,5,1151,0.0
4,7,6,305,0.0
4,7,7,824,0.0
4,7,8,1628,0.0
4,7,9,2869,0.0
4,7,10,2076,0.0
4,8,1,1176,0.2
4,8,2,2839,0.0
4,8,3,1028,0.0
4,8,4,879,0.0
4,8,5,1855,0.0
4,8,6,1027,0.0
4,8,7,1618,0.0
4,8,8,2626,0.0
4,8,9,3063,0.0
4,8,10,2132,0.0
4,9,1,1839,0.05
4,9,2,599,0.05
4,9,3,1415,0.0
4,9,4,2275,0.0
4,9,5,119,0.0
4,9,6,1081,0.0
4,9,7,2081,0.0
4,9,8,1584,0.0
4,9,9,1772,0.0
4,9,10,1367,0.0
4,10,1,2738,0.1
4,10,2,155,0.0
4,10,3,1452,0.0
4,10,4,510,0.0
4,10,5,1761,0.0
4,10,6,1442,0.0
4,10,7,2379,0.0
4,10,8,695,0.0
4,10,9,1808,0.0
4,10,10,2563,0.0
4,11,1,980,0.05
4,11,2,1802,0.0
4,11,3,1215,0.0
4,11,4,289,0.0
4,11,5,1351,0.0
4,11,6,2310,0.0
4,11,7,1764,0.0
4,11,8,3012,0.0
4,11,9,2376,0.0
4,11,10,2578,0.0
4,12,1,1235,0.15
4,12,2,2955,0.0
4,12,3,2338,0.0
4,12,4,469,0.0
4,12,5,1676,0.0
4,12,6,725,0.0
4,12,7,2807,0.0
4,12,8,2956,0.0
4,12,9,1252,0.0
4,12,10,2262,0.0
4,13,1,2127,0.1
4,13,2,2787,0.0
4,13,3,1089,0.0
4,13,4,348,0.0
4,13,5,2008,0.0
4,13,6,1767,0.0
4,13,7,657,0.0
4,13,8,1084,0.0
4,13,9,3068,0.0
4,13,10,2040,0.0
4,14,1,1502,0.1
4,14,2,1279,0.1
4,14,3,1594,0.05
4,14,4,2137,0.0
4,14,5,153,0.0
4,14,6,1680,0.0
4,14,7,2025,0.0
4,14,8,2899,0.0
4,14,9,1398,0.0
4,14,10,2464,0.0
4,15,1,2447,0.1
4,15,2,1197,0.0
4,15,3,2709,0.0
4,15,4,405,0.0
4,15,5,129,0.0
4,15,6,2961,0.0
4,15,7,2503,0.0
4,15,8,1165,0.0
4,15,9,332,0.0
4,15,10,2528,0.0
4,16,1,60,0.05
4,16,2,235,0.05
4,16,3,2604,0.0
4,16,4,100,0.0
4,16,5,1029,0.0
4,16,6,121,0.0
4,16,7,2313,0.0
4,16,8,1247,0.0
4,16,9,897,0.0
4,16,10,2025,0.0
4,17,1,1720,0.1
4,17,2,476,0.1
4,17,3,689,0.0
4,17,4,1639,0.0
4,17,5,2856,0.0
4,17,6,1044,0.0
4,17,7,1944,0.0
4,17,8,734,0.0
4,17,9,2299,0.0
4,17,10,799,0.0
4,18,1,2868,0.0
4,18,2,3016,0.0
4,18,3,2465,0.0
4,18,4,1141,0.0
4,18,5,2074,0.0
4,18,6,2210,0.0
4,18,7,1016,0.0
4,18,8,2898,0.0
4,18,9,1155,0.0
4,18,10,3026,0.0
4,20,1,1979,0.05
4,20,2,2776,0.0
4,20,3,1760,0.0
4,20,4,2861,0.0
4,20,5,1186,0.0
4,20,6,1675,0.0
4,20,7,725,0.0
4,20,8,2565,0.0
4,20,9,1110,0.0
4,20,10,3047,0.0
4,21,1,2303,0.05
4,21,2,2713,0.05
4,21,3,2792,0.0
4,21,4,267,0.0
4,21,5,2987,0.0
4,21,6,141,0.0
4,21,7,2392,0.0
4,21,8,910,0.0
4,21,9,1329,0.0
4,21,10,928,0.0
4,22,1,1910,0.0
4,22,2,724,0.0
4,22,3,3009,0.0
4,22,4,2899,0.0
4,22,5,2691,0.0
4,22,6,1563,0.0
4,22,7,1139,0.0
4,22,8,561,0.0
4,22,9,2528,0.0
4,22,10,3045,0.0
4,23,1,2,0.0
4,23,2,1315,0.0
4,23,3,3021,0.0
4,23,4,589,0.0
4,23,5,2214,0.0
4,23,6,2087,0.0
4,23,7,1918,0.0
4,23,8,478,0.0
4,23,9,2723,0.0
4,23,10,1847,0.0
4,24,1,1601,0.05
4,24,2,3032,0.0
4,24,3,1586,0.0
4,24,4,92,0.0
4,24,5,1317,0.0
4,24,6,109,0.0
4,24,7,2880,0.0
4,24,8,3058,0.0
4,24,9,329,0.0
4,24,10,89,0.0
4,25,1,2302,0.0
4,25,2,2552,0.0
4,25,3,2789,0.0
4,25,4,2799,0.0
4,25,5,386,0.0
4,25,6,2318,0.0
4,25,7,2768,0.0
4,25,8,121,0.0
4,25,9,2995,0.0
4,25,10,297,0.0
4,26,1,184,0.05
4,26,2,3037,0.0
4,26,3,2742,0.0
4,26,4,2380,0.0
4,26,5,2680,0.0
4,26,6,1649,0.0
4,26,7,2918,0.0
4,26,8,766,0.0
4,26,9,2247,0.0
4,26,10,1612,0.0
4,27,1,1569,0.1
4,27,2,1940,0.05
4,27,3,756,0.05
4,27,4,1966,0.0
4,27,5,1149,0.0
4,27,6,1369,0.0
4,27,7,2501,0.0
4,27,8,265,0.0
4,27,9,440,0.0
4,27,10,1637,0.0
4,28,1,791,0.1
4,28,2,184,0.05
4,28,3,415,0.0
4,28,4,760,0.0
4,28,5,608,0.0
4,28,6,2707,0.0
4,28,7,2439,0.0
4,28,8,989,0.0
4,28,9,828,0.0
4,28,10,181,0.0
4,29,1,2238,0.05
4,29,2,1939,0.0
4,29,3,2433,0.0
4,29,4,2933,0.0
4,29,5,1739,0.0
4,29,6,1154,0.0
4,29,7,2792,0.0
4,29,8,1447,0.0
4,29,9,1755,0.0
4,29,10,665,0.0
4,30,1,1059,0.1
4,30,2,1751,0.05
4,30,3,359,0.0
4,30,4,2457,0.0
4,30,5,2674,0.0
4,30,6,1032,0.0
4,30,7,369,0.0
4,30,8,2133,0.0
4,30,9,323,0.0
4,30,10,1083,0.0
4,31,1,2258,0.15
4,31,2,1848,0.0
4,31,3,2806,0.0
4,31,4,2721,0.0
4,31,5,1982,0.0
4,31,6,2657,0.0
4,31,7,1834,0.0
4,31,8,24,0.0
4,31,9,2145,0.0
4,31,10,2317,0.0
4,32,1,1872,0.1
4,32,2,1594,0.05
4,32,3,1446,0.05
4,32,4,576,0.0
4,32,5,2263,0.0
4,32,6,2988,0.0
4,32,7,2926,0.0
4,32,8,144,0.0
4,32,9,1133,0.0
4,32,10,487,0.0
4,33,1,481,0.2
4,33,2,767,0.0
4,33,3,571,0.0
4,33,4,2279,0.0
4,33,5,2054,0.0
4,33,6,1134,0.0
4,33,7,1694,0.0
4,33,8,1838,0.0
4,33,9,2154,0.0
4,33,10,144,0.0
4,34,1,2630,0.05
4,34,2,1034,0.0
4,34,3,712,0.0
4,34,4,1840,0.0
4,34,5,558,0.0
4,34,6,247,0.0
4,34,7,1810,0.0
4,34,8,568,0.0
4,34,9,2103,0.0
4,34,10,204,0.0
4,35,1,652,0.15
4,35,2,2191,0.0
4,35,3,1410,0.0
4,35,4,593,0.0
4,35,5,827,0.0
4,35,6,267,0.0
4,35,7,2805,0.0
4,35,8,712,0.0
4,35,9,718,0.0
4,35,10,2905,0.0
4,36,1,1683,0.05
4,36,2,1080,0.0
4,36,3,1464,0.0
4,36,4,523,0.0
4,36,5,2882,0.0
4,36,6,2498,0.0
4,36,7,1699,0.0
4,36,8,1018,0.0
4,36,9,90,0.0
4,36,10,1273,0.0
4,37,1,1254,0.0
4,37,2,1311,0.0
4,37,3,2704,0.0
4,37,4,677,0.0
4,37,5,1287,0.0
4,37,6,1679,0.0
4,37,7,1748,0.0
4,37,8,702,0.0
4,37,9,2619,0.0
4,37,10,2625,0.0
4,38,1,1621,0.2
4,38,2,2074,0.15
4,38,3,2510,0.0
4,38,4,2840,0.0
4,38,5,1001,0.0
4,38,6,1272,0.0
4,38,7,854,0.0
4,38,8,1686,0.0
4,38,9,1800,0.0
4,38,10,2334,0.0
4,39,1,2195,0.1
4,39,2,2014,0.05
4,39,3,2353,0.05
4,39,4,530,0.05
4,39,5,2410,0.0
4,39,6,949,0.0
4,39,7,598,0.0
4,39,8,921,0.0
4,39,9,3033,0.0
4,39,10,244,0.0
4,40,1,2014,0.05
4,40,2,530,0.05
4,40,3,1858,0.05
4,40,4,1520,0.0
4,40,5,342,0.0
4,40,6,1531,0.0
4,40,7,1155,0.0
4,40,8,2692,0.0
4,40,9,1968,0.0
4,40,10,990,0.0
4,41,1,2894,0.25
4,41,2,1628,0.05
4,41,3,2195,0.05
4,41,4,2121,0.05
4,41,5,2087,0.05
4,41,6,530,0.05
4,41,7,2682,0.0
4,41,8,1180,0.0
4,41,9,1745,0.0
4,41,10,1908,0.0
4,42,1,667,0.4
4,42,2,471,0.35
4,42,3,248,0.15
4,42,4,2192,0.0
4,42,5,1772,0.0
4,42,6,2453,0.0
4,42,7,324,0.0
4,42,8,698,0.0
4,42,9,1240,0.0
4,42,10,1060,0.0
4,43,1,2273,0.25
4,43,2,2193,0.15
4,43,3,113,0.05
4,43,4,271,0.05
4,43,5,1927,0.0
4,43,6,2430,0.0
4,43,7,1433,0.0
4,43,8,2563,0.0
4,43,9,2491,0.0
4,43,10,2622,0.0
4,45,1,1738,0.3
4,45,2,2193,0.15
4,45,3,1165,0.1
4,45,4,1874,0.0
4,45,5,996,0.0
4,45,6,2553,0.0
4,45,7,2039,0.0
4,45,8,1564,0.0
4,45,9,2332,0.0
4,45,10,2763,0.0
4,46,1,1738,0.3
4,46,2,2273,0.25
4,46,3,55,0.05
4,46,4,2370,0.05
4,46,5,113,0.05
4,46,6,2845,0.0
4,46,7,1023,0.0
4,46,8,1258,0.0
4,46,9,558,0.0
4,46,10,1940,0.0
4,47,1,1417,0.4
4,47,2,2273,0.25
4,47,3,1165,0.1
4,47,4,2978,0.0
4,47,5,1962,0.0
4,47,6,1707,0.0
4,47,7,1859,0.0
4,47,8,1404,0.0
4,47,9,352,0.0
4,47,10,2557,0.0
4,48,1,471,0.35
4,48,2,1848,0.25
4,48,3,248,0.15
4,48,4,524,0.05
4,48,5,1906,0.0
4,48,6,1789,0.0
4,48,7,440,0.0
4,48,8,1257,0.0
4,48,9,1569,0.0
4,48,10,119,0.0
4,49,1,1848,0.25
4,49,2,1165,0.1
4,49,3,113,0.05
4,49,4,2661,0.05
4,49,5,1196,0.0
4,49,6,1159,0.0
4,49,7,1831,0.0
4,49,8,2632,0.0
4,49,9,2145,0.0
4,49,10,2428,0.0
4,50,1,2273,0.25
4,50,2,248,0.15
4,50,3,1165,0.1
4,50,4,1387,0.0
4,50,5,548,0.0
4,50,6,2792,0.0
4,50,7,2041,0.0
4,50,8,1677,0.0
4,50,9,573,0.0
4,50,10,2523,0.0
4,51,1,390,0.4
4,51,2,1738,0.3
4,51,3,2193,0.15
4,51,4,2777,0.0
4,51,5,2350,0.0
4,51,6,33,0.0
4,51,7,1446,0.0
4,51,8,151,0.0
4,51,9,1332,0.0
4,51,10,2874,0.0
4,52,1,2353,0.15
4,52,2,484,0.15
4,52,3,3059,0.0
4,52,4,1667,0.0
4,52,5,2261,0.0
4,52,6,1606,0.0
4,52,7,2908,0.0
4,52,8,30,0.0
4,52,9,1261,0.0
4,52,10,1054,0.0
4,53,1,1082,0.2
4,53,2,1495,0.15
4,53,3,3059,0.0
4,53,4,2219,0.0
4,53,5,1441,0.0
4,53,6,2734,0.0
4,53,7,1804,0.0
4,53,8,1697,0.0
4,53,9,2900,0.0
4,53,10,312,0.0
4,54,1,1821,0.2
4,54,2,948,0.1
4,54,3,2046,0.0
4,54,4,148,0.0
4,54,5,2613,0.0
4,54,6,2243,0.0
4,54,7,2600,0.0
4,54,8,757,0.0
4,54,9,2311,0.0
4,54,10,2219,0.0
4,55,1,484,0.15
4,55,2,2206,0.1
4,55,3,899,0.0
4,55,4,1163,0.0
4,55,5,2581,0.0
4,55,6,1265,0.0
4,55,7,665,0.0
4,55,8,2194,0.0
4,55,9,1925,0.0
4,55,10,2659,0.0
4,56,1,1600,0.1
4,56,2,2963,0.1
4,56,3,461,0.05
4,56,4,1761,0.05
4,56,5,599,0.0
4,56,6,1718,0.0
4,56,7,853,0.0
4,56,8,1475,0.0
4,56,9,860,0.0
4,56,10,2614,0.0
4,58,1,1546,0.1
4,58,2,1600,0.1
4,58,3,2688,0.0
4,58,4,2113,0.0
4,58,5,2164,0.0
4,58,6,2811,0.0
4,58,7,1266,0.0
4,58,8,2985,0.0
4,58,9,349,0.0
4,58,10,575,0.0
4,60,1,2914,0.2
4,60,2,1089,0.1
4,60,3,2045,0.0
4,60,4,2259,0.0
4,60,5,2764,0.0
4,60,6,2346,0.0
4,60,7,1680,0.0
4,60,8,1926,0.0
4,60,9,759,0.0
4,60,10,340,0.0
4,61,1,2409,0.15
4,61,2,2723,0.1
4,61,3,1089,0.1
4,61,4,429,0.05
4,61,5,565,0.0
4,61,6,3084,0.0
4,61,7,1291,0.0
4,61,8,2887,0.0
4,61,9,2665,0.0
4,61,10,2928,0.0
4,62,1,2723,0.1
4,62,2,346,0.05
4,62,3,2873,0.0
4,62,4,255,0.0
4,62,5,2812,0.0
4,62,6,422,0.0
4,62,7,2501,0.0
4,62,8,15,0.0
4,62,9,58,0.0
4,62,10,1023,0.0
4,63,1,1388,0.2
4,63,2,346,0.05
4,63,3,2408,0.0
4,63,4,1895,0.0
4,63,5,2484,0.0
4,63,6,2533,0.0
4,63,7,263,0.0
4,63,8,192,0.0
4,63,9,249,0.0
4,63,10,493,0.0
4,64,1,1045,0.2
4,64,2,1055,0.2
4,64,3,1538,0.15
4,64,4,1358,0.05
4,64,5,2098,0.05
4,64,6,420,0.0
4,64,7,2864,0.0
4,64,8,2979,0.0
4,64,9,101,0.0
4,64,10,2627,0.0
4,65,1,461,0.1
4,65,2,205,0.1
4,65,3,2677,0.05
4,65,4,2998,0.05
4,65,5,2425,0.0
4,65,6,1016,0.0
4,65,7,797,0.0
4,65,8,2091,0.0
4,65,9,2105,0.0
4,65,10,1485,0.0
4,66,1,2111,0.2
4,66,2,2358,0.1
4,66,3,250,0.05
4,66,4,1254,0.0
4,66,5,818,0.0
4,66,6,1290,0.0
4,66,7,979,0.0
4,66,8,130,0.0
4,66,9,2066,0.0
4,66,10,2864,0.0
4,67,1,2352,0.15
4,67,2,2358,0.1
4,67,3,2024,0.0
4,67,4,1153,0.0
4,67,5,1392,0.0
4,67,6,1273,0.0
4,67,7,1278,0.0
4,67,8,567,0.0
4,67,9,1100,0.0
4,67,10,2961,0.0
4,68,1,480,0.15
4,68,2,1751,0.1
4,68,3,500,0.05
4,68,4,1507,0.05
4,68,5,227,0.0
4,68,6,131,0.0
4,68,7,1638,0.0
4,68,8,2514,0.0
4,68,9,2236,0.0
4,68,10,2420,0.0
4,69,1,2481,0.1
4,69,2,2366,0.1
4,69,3,14,0.05
4,69,4,2789,0.05
4,69,5,1833,0.05
4,69,6,2416,0.0
4,69,7,1290,0.0
4,69,8,2239,0.0
4,69,9,2478,0.0
4,69,10,1532,0.0
4,70,1,1538,0.15
4,70,2,205,0.1
4,70,3,2787,0.05
4,70,4,3038,0.0
4,70,5,510,0.0
4,70,6,143,0.0
4,70,7,1155,0.0
4,70,8,2771,0.0
4,70,9,1140,0.0
4,70,10,1981,0.0
4,71,1,1300,0.2
4,71,2,205,0.1
4,71,3,1910,0.05
4,71,4,328,0.0
4,71,5,222,0.0
4,71,6,1412,0.0
4,71,7,2878,0.0
4,71,8,2902,0.0
4,71,9,1038,0.0
4,71,10,1337,0.0
4,72,1,400,0.1
4,72,2,1428,0.1
4,72,3,6,0.05
4,72,4,1081,0.0
4,72,5,1129,0.0
4,72,6,444,0.0
4,72,7,824,0.0
4,72,8,2112,0.0
4,72,9,1520,0.0
4,72,10,2046,0.0
4,73,1,1461,0.15
4,73,2,1747,0.15
4,73,3,1737,0.1
4,73,4,2951,0.05
4,73,5,1984,0.05
4,73,6,25,0.0
4,73,7,863,0.0
4,73,8,2480,0.0
4,73,9,1361,0.0
4,73,10,2133,0.0
4,74,1,599,0.2
4,74,2,400,0.1
4,74,3,1737,0.1
4,74,4,1863,0.0
4,74,5,2196,0.0
4,74,6,137,0.0
4,74,7,2418,0.0
4,74,8,2999,0.0
4,74,9,2575,0.0
4,74,10,779,0.0
4,75,1,1730,0.15
4,75,2,1428,0.1
4,75,3,400,0.1
4,75,4,2933,0.05
4,75,5,500,0.05
4,75,6,1024,0.0
4,75,7,2982,0.0
4,75,8,1105,0.0
4,75,9,488,0.0
4,75,10,447,0.0
4,76,1,2306,0.1
4,76,2,2162,0.1
4,76,3,2073,0.05
4,76,4,2259,0.05
4,76,5,2270,0.0
4,76,6,1881,0.0
4,76,7,495,0.0
4,76,8,2989,0.0
4,76,9,1483,0.0
4,76,10,183,0.0
4,77,1,2098,0.15
4,77,2,2387,0.15
4,77,3,438,0.0
4,77,4,2579,0.0
4,77,5,1168,0.0
4,77,6,418,0.0
4,77,7,1828,0.0
4,77,8,1066,0.0
4,77,9,300,0.0
4,77,10,448,0.0
4,78,1,732,0.15
4,78,2,1362,0.1
4,78,3,1427,0.1
4,78,4,1817,0.0
4,78,5,802,0.0
4,78,6,62,0.0
4,78,7,3015,0.0
4,78,8,1032,0.0
4,78,9,215,0.0
4,78,10,2432,0.0
4,80,1,1980,0.1
4,80,2,2985,0.1
4,80,3,62,0.1
4,80,4,179,0.0
4,80,5,1098,0.0
4,80,6,1921,0.0
4,80,7,1970,0.0
4,80,8,1805,0.0
4,80,9,2388,0.0
4,80,10,2726,0.0
4,81,1,655,0.15
4,81,2,2933,0.1
4,81,3,2302,0.05
4,81,4,2646,0.0
4,81,5,1006,0.0
4,81,6,242,0.0
4,81,7,2335,0.0
4,81,8,1271,0.0
4,81,9,125,0.0
4,81,10,2088,0.0
4,82,1,567,0.1
4,82,2,3032,0.1
4,82,3,2302,0.05
4,82,4,2286,0.05
4,82,5,280,0.0
4,82,6,1274,0.0
4,82,7,2386,0.0
4,82,8,1919,0.0
4,82,9,397,0.0
4,82,10,2891,0.0
4,83,1,2892,0.2
4,83,2,567,0.1
4,83,3,1395,0.05
4,83,4,118,0.05
4,83,5,2302,0.05
4,83,6,647,0.0
4,83,7,620,0.0
4,83,8,243,0.0
4,83,9,1704,0.0
4,83,10,277,0.0
4,84,1,2933,0.15
4,84,2,2114,0.15
4,84,3,1254,0.1
4,84,4,310,0.05
4,84,5,2651,0.0
4,84,6,531,0.0
4,84,7,2006,0.0
4,84,8,2316,0.0
4,84,9,1587,0.0
4,84,10,2373,0.0
4,85,1,1550,0.2
4,85,2,2135,0.1
4,85,3,174,0.05
4,85,4,1014,0.0
4,85,5,1400,0.0
4,85,6,1498,0.0
4,85,7,2590,0.0
4,85,8,334,0.0
4,85,9,593,0.0
4,85,10,2075,0.0
4,86,1,2684,0.15
4,86,2,1980,0.1
4,86,3,2559,0.0
4,86,4,2733,0.0
4,86,5,2890,0.0
4,86,6,600,0.0
4,86,7,2990,0.0
4,86,8,2198,0.0
4,86,9,1783,0.0
4,86,10,2057,0.0
4,87,1,2789,0.2
4,87,2,954,0.05
4,87,3,321,0.05
4,87,4,2444,0.05
4,87,5,2695,0.05
4,87,6,366,0.0
4,87,7,3063,0.0
4,87,8,541,0.0
4,87,9,1722,0.0
4,87,10,2878,0.0
4,88,1,738,0.1
4,88,2,2559,0.05
4,88,3,1323,0.0
4,88,4,2856,0.0
4,88,5,1600,0.0
4,88,6,437,0.0
4,88,7,1264,0.0
4,88,8,1281,0.0
4,88,9,2554,0.0
4,88,10,1044,0.0
4,89,1,655,0.2
4,89,2,1840,0.05
4,89,3,2559,0.05
4,89,4,1374,0.05
4,89,5,404,0.0
4,89,6,2610,0.0
4,89,7,1682,0.0
4,89,8,233,0.0
4,89,9,2862,0.0
4,89,10,641,0.0
4,90,1,738,0.15
4,90,2,60,0.1
4,90,3,834,0.0
4,90,4,1596,0.0
4,90,5,1001,0.0
4,90,6,2237,0.0
4,90,7,170,0.0
4,90,8,2850,0.0
4,90,9,1477,0.0
4,90,10,1356,0.0
4,91,1,1502,0.1
4,91,2,1311,0.05
4,91,3,278,0.05
4,91,4,1821,0.0
4,91,5,1494,0.0
4,91,6,1241,0.0
4,91,7,2459,0.0
4,91,8,1049,0.0
4,91,9,2774,0.0
4,91,10,2432,0.0
4,93,1,524,0.1
4,93,2,749,0.05
4,93,3,1311,0.05
4,93,4,340,0.0
4,93,5,2501,0.0
4,93,6,1531,0.0
4,93,7,1287,0.0
4,93,8,2115,0.0
4,93,9,2587,0.0
4,93,10,2562,0.0
4,94,1,407,0.15
4,94,2,993,0.1
4,94,3,524,0.1
4,94,4,2740,0.05
4,94,5,966,0.0
4,94,6,1521,0.0
4,94,7,2058,0.0
4,94,8,153,0.0
4,94,9,471,0.0
4,94,10,387,0.0
4,95,1,474,0.15
4,95,2,611,0.1
4,95,3,2202,0.05
4,95,4,2435,0.05
4,95,5,1013,0.0
4,95,6,1427,0.0
4,95,7,1308,0.0
4,95,8,1971,0.0
4,95,9,168,0.0
4,95,10,1408,0.0
4,97,1,611,0.2
4,97,2,559,0.15
4,97,3,55,0.05
4,97,4,1754,0.05
4,97,5,2221,0.0
4,97,6,1636,0.0
4,97,7,2860,0.0
4,97,8,1533,0.0
4,97,9,22,0.0
4,97,10,1211,0.0
4,98,1,2416,0.15
4,98,2,426,0.15
4,98,3,2745,0.05
4,98,4,25,0.0
4,98,5,411,0.0
4,98,6,369,0.0
4,98,7,1308,0.0
4,98,8,63,0.0
4,98,9,475,0.0
4,98,10,684,0.0
4,99,1,598,0.15
4,99,2,498,0.15
4,99,3,55,0.05
4,99,4,553,0.0
4,99,5,137,0.0
4,99,6,2465,0.0
4,99,7,1094,0.0
4,99,8,178,0.0
4,99,9,942,0.0
4,99,10,631,0.0
4,100,1,426,0.15
4,100,2,2448,0.05
4,100,3,1838,0.05
4,100,4,2291,0.05
4,100,5,1564,0.0
4,100,6,2962,0.0
4,100,7,2518,0.0
4,100,8,1386,0.0
4,100,9,1002,0.0
4,100,10,2180,0.0
4,101,1,215,0.15
4,101,2,534,0.1
4,101,3,2482,0.05
4,101,4,480,0.0
4,101,5,771,0.0
4,101,6,730,0.0
4,101,7,1132,0.0
4,101,8,2480,0.0
4,101,9,414,0.0
4,101,10,1166,0.0
4,102,1,1642,0.15
4,102,2,2367,0.1
4,102,3,2482,0.05
4,102,4,477,0.0
4,102,5,1363,0.0
4,102,6,1304,0.0
4,102,7,1973,0.0
4,102,8,20,0.0
4,102,9,1321,0.0
4,102,10,1086,0.0
4,103,1,2159,0.25
4,103,2,1681,0.1
4,103,3,2448,0.1
4,103,4,2461,0.0
4,103,5,1317,0.0
4,103,6,627,0.0
4,103,7,1771,0.0
4,103,8,2780,0.0
4,103,9,421,0.0
4,103,10,2106,0.0
4,104,1,1642,0.15
4,104,2,1812,0.1
4,104,3,2482,0.05
4,104,4,376,0.0
4,104,5,1672,0.0
4,104,6,2382,0.0
4,104,7,535,0.0
4,104,8,125,0.0
4,104,9,625,0.0
4,104,10,1903,0.0
4,105,1,675,0.15
4,105,2,25,0.05
4,105,3,1708,0.05
4,105,4,634,0.05
4,105,5,94,0.05
4,105,6,1210,0.0
4,105,7,2659,0.0
4,105,8,751,0.0
4,105,9,1927,0.0
4,105,10,1505,0.0
4,106,1,1642,0.15
4,106,2,2287,0.1
4,106,3,766,0.1
4,106,4,2650,0.0
4,106,5,6,0.0
4,106,6,992,0.0
4,106,7,1698,0.0
4,106,8,2162,0.0
4,106,9,1244,0.0
4,106,10,1396,0.0
4,108,1,769,0.05
4,108,2,2406,0.05
4,108,3,1496,0.0
4,108,4,1576,0.0
4,108,5,2899,0.0
4,108,6,1124,0.0
4,108,7,2191,0.0
4,108,8,1455,0.0
4,108,9,795,0.0
4,108,10,754,0.0
4,109,1,2521,0.1
4,109,2,25,0.05
4,109,3,2053,0.05
4,109,4,1496,0.0
4,109,5,548,0.0
4,109,6,1728,0.0
4,109,7,2897,0.0
4,109,8,1395,0.0
4,109,9,710,0.0
4,109,10,1875,0.0
4,110,1,2372,0.2
4,110,2,2951,0.15
4,110,3,953,0.05
4,110,4,2352,0.05
4,110,5,998,0.0
4,110,6,1774,0.0
4,110,7,1799,0.0
4,110,8,1052,0.0
4,110,9,1586,0.0
4,110,10,2402,0.0
4,111,1,2370,0.15
4,111,2,991,0.05
4,111,3,953,0.05
4,111,4,2144,0.05
4,111,5,1778,0.05
4,111,6,586,0.0
4,111,7,2765,0.0
4,111,8,2943,0.0
4,111,9,137,0.0
4,111,10,1138,0.0
4,112,1,2315,0.1
4,112,2,2476,0.05
4,112,3,953,0.05
4,112,4,195,0.0
4,112,5,3031,0.0
4,112,6,1420,0.0
4,112,7,2027,0.0
4,112,8,127,0.0
4,112,9,1041,0.0
4,112,10,912,0.0
4,113,1,2476,0.05
4,113,2,1940,0.05
4,113,3,58,0.0
4,113,4,3055,0.0
4,113,5,320,0.0
4,113,6,1315,0.0
4,113,7,533,0.0
4,113,8,1738,0.0
4,113,9,1198,0.0
4,113,10,1110,0.0
4,114,1,2661,0.2
4,114,2,2291,0.1
4,114,3,2727,0.1
4,114,4,1645,0.05
4,114,5,1985,0.0
4,114,6,713,0.0
4,114,7,1339,0.0
4,114,8,2950,0.0
4,114,9,1559,0.0
4,114,10,1827,0.0
4,115,1,14,0.2
4,115,2,1201,0.15
4,115,3,2285,0.1
4,115,4,1202,0.0
4,115,5,1662,0.0
4,115,6,1373,0.0
4,115,7,2577,0.0
4,115,8,481,0.0
4,115,9,672,0.0
4,115,10,1113,0.0
4,116,1,402,0.15
4,116,2,2285,0.15
4,116,3,2444,0.1
4,116,4,55,0.05
4,116,5,482,0.0
4,116,6,1922,0.0
4,116,7,540,0.0
4,116,8,2313,0.0
4,116,9,822,0.0
4,116,10,2869,0.0
4,117,1,1201,0.15
4,117,2,402,0.15
4,117,3,2127,0.15
4,117,4,766,0.05
4,117,5,2859,0.0
4,117,6,600,0.0
4,117,7,460,0.0
4,117,8,16,0.0
4,117,9,1107,0.0
4,117,10,749,0.0
4,118,1,969,0.2
4,118,2,2444,0.1
4,118,3,706,0.05
4,118,4,401,0.0
4,118,5,1965,0.0
4,118,6,1666,0.0
4,118,7,1643,0.0
4,118,8,1484,0.0
4,118,9,545,0.0
4,118,10,2449,0.0
4,119,1,1340,0.15
4,119,2,706,0.05
4,119,3,364,0.05
4,119,4,2530,0.0
4,119,5,2988,0.0
4,119,6,2859,0.0
4,119,7,1988,0.0
4,119,8,2884,0.0
4,119,9,1738,0.0
4,119,10,1660,0.0
4,120,1,861,0.15
4,120,2,2552,0.1
4,120,3,2344,0.1
4,120,4,2934,0.0
4,120,5,1542,0.0
4,120,6,80,0.0
4,120,7,2585,0.0
4,120,8,1328,0.0
4,120,9,1261,0.0
4,120,10,1500,0.0
4,121,1,861,0.15
4,121,2,756,0.1
4,121,3,2344,0.1
4,121,4,79,0.0
4,121,5,2607,0.0
4,121,6,299,0.0
4,121,7,2117,0.0
4,121,8,195,0.0
4,121,9,1117,0.0
4,121,10,2857,0.0
4,122,1,2552,0.1
4,122,2,484,0.05
4,122,3,681,0.05
4,122,4,1748,0.0
4,122,5,1128,0.0
4,122,6,763,0.0
4,122,7,3057,0.0
4,122,8,896,0.0
4,122,9,1887,0.0
4,122,10,187,0.0
4,123,1,2552,0.1
4,123,2,1342,0.1
4,123,3,310,0.0
4,123,4,1460,0.0
4,123,5,2239,0.0
4,123,6,1537,0.0
4,123,7,296,0.0
4,123,8,1958,0.0
4,123,9,1130,0.0
4,123,10,2490,0.0
4,124,1,2621,0.1
4,124,2,1601,0.05
4,124,3,818,0.0
4,124,4,1120,0.0
4,124,5,2712,0.0
4,124,6,163,0.0
4,124,7,2921,0.0
4,124,8,86,0.0
4,124,9,3063,0.0
4,124,10,390,0.0
4,125,1,1087,0.1
4,125,2,2937,0.1
4,125,3,2892,0.05
4,125,4,1970,0.0
4,125,5,451,0.0
4,125,6,169,0.0
4,125,7,128,0.0
4,125,8,443,0.0
4,125,9,2085,0.0
4,125,10,756,0.0
4,127,1,1712,0.4
4,127,2,1785,0.1
4,127,3,177,0.1
4,127,4,98,0.05
4,127,5,1794,0.0
4,127,6,1852,0.0
4,127,7,1149,0.0
4,127,8,1998,0.0
4,127,9,2887,0.0
4,127,10,1133,0.0
4,129,1,1435,0.3
4,129,2,1535,0.05
4,129,3,2998,0.05
4,129,4,1621,0.05
4,129,5,301,0.0
4,129,6,982,0.0
4,129,7,1545,0.0
4,129,8,152,0.0
4,129,9,347,0.0
4,129,10,1745,0.0
4,131,1,38,0.15
4,131,2,2288,0.1
4,131,3,2877,0.05
4,131,4,2167,0.05
4,131,5,1084,0.0
4,131,6,3023,0.0
4,131,7,839,0.0
4,131,8,1720,0.0
4,131,9,2981,0.0
4,131,10,1466,0.0
4,132,1,2877,0.05
4,132,2,1535,0.05
4,132,3,298,0.0
4,132,4,1232,0.0
4,132,5,2289,0.0
4,132,6,2971,0.0
4,132,7,302,0.0
4,132,8,1497,0.0
4,132,9,2230,0.0
4,132,10,2778,0.0
4,133,1,2877,0.05
4,133,2,298,0.0
4,133,3,2080,0.0
4,133,4,1600,0.0
4,133,5,2438,0.0
4,133,6,2241,0.0
4,133,7,2267,0.0
4,133,8,506,0.0
4,133,9,861,0.0
4,133,10,891,0.0
4,134,1,1872,0.1
4,134,2,2877,0.05
4,134,3,298,0.0
4,134,4,682,0.0
4,134,5,894,0.0
4,134,6,2123,0.0
4,134,7,728,0.0
4,134,8,2411,0.0
4,134,9,1372,0.0
4,134,10,775,0.0
4,135,1,2877,0.05
4,135,2,298,0.0
4,135,3,961,0.0
4,135,4,508,0.0
4,135,5,300,0.0
4,135,6,603,0.0
4,135,7,576,0.0
4,135,8,1019,0.0
4,135,9,2664,0.0
4,135,10,1270,0.0
4,136,1,1435,0.25
4,136,2,2447,0.15
4,136,3,2804,0.1
4,136,4,1544,0.0
4,136,5,1077,0.0
4,136,6,1015,0.0
4,136,7,729,0.0
4,136,8,120,0.0
4,136,9,2638,0.0
4,136,10,751,0.0
4,137,1,2288,0.15
4,137,2,557,0.15
4,137,3,1839,0.15
4,137,4,1858,0.05
4,137,5,1220,0.0
4,137,6,60,0.0
4,137,7,2338,0.0
4,137,8,2877,0.0
4,137,9,307,0.0
4,137,10,2920,0.0
4,138,1,1839,0.15
4,138,2,1982,0.1
4,138,3,845,0.05
4,138,4,1177,0.0
4,138,5,3051,0.0
4,138,6,2881,0.0
4,138,7,3068,0.0
4,138,8,1867,0.0
4,138,9,2682,0.0
4,138,10,1649,0.0
4,139,1,2780,0.1
4,139,2,634,0.05
4,139,3,2053,0.05
4,139,4,2303,0.05
4,139,5,2165,0.0
4,139,6,1129,0.0
4,139,7,237,0.0
4,139,8,1022,0.0
4,139,9,2503,0.0
4,139,10,1773,0.0
4,140,1,557,0.15
4,140,2,2780,0.1
4,140,3,2447,0.1
4,140,4,2303,0.05
4,140,5,2080,0.0
4,140,6,2227,0.0
4,140,7,1297,0.0
4,140,8,1271,0.0
4,140,9,1284,0.0
4,140,10,2657,0.0
4,141,1,1341,0.15
4,141,2,2202,0.1
4,141,3,336,0.0
4,141,4,2796,0.0
4,141,5,1938,0.0
4,141,6,2388,0.0
4,141,7,74,0.0
4,141,8,1359,0.0
4,141,9,2874,0.0
4,141,10,2953,0.0
4,142,1,2067,0.1
4,142,2,2211,0.05
4,142,3,1237,0.05
4,142,4,1892,0.05
4,142,5,1645,0.0
4,142,6,1401,0.0
4,142,7,1135,0.0
4,142,8,2194,0.0
4,142,9,1159,0.0
4,142,10,163,0.0
4,143,1,98,0.1
4,143,2,2313,0.05
4,143,3,766,0.05
4,143,4,1358,0.05
4,143,5,1892,0.05
4,143,6,2743,0.0
4,143,7,1595,0.0
4,143,8,2655,0.0
4,143,9,1940,0.0
4,143,10,243,0.0
4,144,1,414,0.1
4,144,2,1194,0.05
4,144,3,289,0.0
4,144,4,1362,0.0
4,144,5,1992,0.0
4,144,6,53,0.0
4,144,7,84,0.0
4,144,8,1037,0.0
4,144,9,1043,0.0
4,144,10,2184,0.0
4,145,1,2940,0.15
4,145,2,2668,0.1
4,145,3,1094,0.0
4,145,4,1479,0.0
4,145,5,1873,0.0
4,145,6,1532,0.0
4,145,7,793,0.0
4,145,8,2521,0.0
4,145,9,1570,0.0
4,145,10,1034,0.0
4,146,1,184,0.1
4,146,2,2319,0.1
4,146,3,1194,0.05
4,146,4,1346,0.0
4,146,5,2265,0.0
4,146,6,1242,0.0
4,146,7,1736,0.0
4,146,8,2766,0.0
4,146,9,2749,0.0
4,146,10,1036,0.0
4,147,1,184,0.1
4,147,2,2649,0.05
4,147,3,1362,0.05
4,147,4,674,0.05
4,147,5,1194,0.05
4,147,6,166,0.0
4,147,7,3019,0.0
4,147,8,2936,0.0
4,147,9,1737,0.0
4,147,10,2620,0.0
4,148,1,560,0.15
4,148,2,2751,0.1
4,148,3,2669,0.05
4,148,4,2191,0.0
4,148,5,2962,0.0
4,148,6,1702,0.0
4,148,7,2565,0.0
4,148,8,2028,0.0
4,148,9,213,0.0
4,148,10,42,0.0
4,149,1,118,0.05
4,149,2,524,0.05
4,149,3,1247,0.05
4,149,4,2435,0.05
4,149,5,1151,0.0
4,149,6,672,0.0
4,149,7,2882,0.0
4,149,8,2401,0.0
4,149,9,2647,0.0
4,149,10,586,0.0
4,150,1,2089,0.15
4,150,2,2751,0.1
4,150,3,2634,0.0
4,150,4,1227,0.0
4,150,5,90,0.0
4,150,6,2811,0.0
4,150,7,1894,0.0
4,150,8,2193,0.0
4,150,9,66,0.0
4,150,10,1297,0.0
4,151,1,1717,0.15
4,151,2,1644,0.1
4,151,3,2933,0.05
4,151,4,707,0.0
4,151,5,1532,0.0
4,151,6,204,0.0
4,151,7,1756,0.0
4,151,8,303,0.0
4,151,9,2266,0.0
4,151,10,445,0.0
4,153,1,2604,0.2
4,153,2,1644,0.15
4,153,3,166,0.0
4,153,4,1287,0.0
4,153,5,183,0.0
4,153,6,2983,0.0
4,153,7,2738,0.0
4,153,8,1930,0.0
4,153,9,2917,0.0
4,153,10,2354,0.0
4,154,1,186,0.25
4,154,2,1721,0.1
4,154,3,2006,0.1
4,154,4,1317,0.05
4,154,5,1429,0.0
4,154,6,132,0.0
4,154,7,1480,0.0
4,154,8,1950,0.0
4,154,9,310,0.0
4,154,10,1966,0.0
4,155,1,136,0.1
4,155,2,2006,0.1
4,155,3,1500,0.05
4,155,4,2457,0.0
4,155,5,653,0.0
4,155,6,261,0.0
4,155,7,1924,0.0
4,155,8,1996,0.0
4,155,9,2057,0.0
4,155,10,1493,0.0
4,156,1,136,0.1
4,156,2,2006,0.1
4,156,3,1500,0.05
4,156,4,2016,0.05
4,156,5,2353,0.05
4,156,6,2041,0.0
4,156,7,492,0.0
4,156,8,1366,0.0
4,156,9,1003,0.0
4,156,10,589,0.0
4,157,1,2006,0.1
4,157,2,136,0.1
4,157,3,1500,0.05
4,157,4,402,0.05
4,157,5,227,0.0
4,157,6,1187,0.0
4,157,7,1101,0.0
4,157,8,1162,0.0
4,157,9,1007,0.0
4,157,10,130,0.0
4,159,1,1518,0.15
4,159,2,2516,0.0
4,159,3,1629,0.0
4,159,4,1864,0.0
4,159,5,2048,0.0
4,159,6,1386,0.0
4,159,7,2376,0.0
4,159,8,2485,0.0
4,159,9,2246,0.0
4,159,10,2414,0.0
4,160,1,2097,0.05
4,160,2,2481,0.05
4,160,3,1922,0.0
4,160,4,3053,0.0
4,160,5,2044,0.0
4,160,6,2837,0.0
4,160,7,2624,0.0
4,160,8,2153,0.0
4,160,9,22,0.0
4,160,10,772,0.0
4,161,1,1315,0.1
4,161,2,1898,0.05
4,161,3,1588,0.05
4,161,4,755,0.0
4,161,5,1480,0.0
4,161,6,1912,0.0
4,161,7,2904,0.0
4,161,8,2744,0.0
4,161,9,2693,0.0
4,161,10,419,0.0
4,162,1,32,0.1
4,162,2,2053,0.1
4,162,3,2095,0.05
4,162,4,1767,0.0
4,162,5,2836,0.0
4,162,6,708,0.0
4,162,7,1270,0.0
4,162,8,1201,0.0
4,162,9,488,0.0
4,162,10,2889,0.0
4,163,1,2053,0.1
4,163,2,32,0.1
4,163,3,1898,0.05
4,163,4,544,0.05
4,163,5,185,0.0
4,163,6,3027,0.0
4,163,7,2036,0.0
4,163,8,210,0.0
4,163,9,654,0.0
4,163,10,2686,0.0
4,164,1,1724,0.15
4,164,2,2546,0.05
4,164,3,2678,0.05
4,164,4,1738,0.0
4,164,5,737,0.0
4,164,6,2175,0.0
4,164,7,905,0.0
4,164,8,2360,0.0
4,164,9,312,0.0
4,164,10,883,0.0
4,165,1,1567,0.15
4,165,2,2053,0.1
4,165,3,1250,0.05
4,165,4,39,0.05
4,165,5,378,0.0
4,165,6,107,0.0
4,165,7,1187,0.0
4,165,8,2267,0.0
4,165,9,967,0.0
4,165,10,1195,0.0
4,166,1,544,0.15
4,166,2,2702,0.15
4,166,3,354,0.1
4,166,4,2211,0.05
4,166,5,1938,0.0
4,166,6,918,0.0
4,166,7,1475,0.0
4,166,8,137,0.0
4,166,9,1451,0.0
4,166,10,2394,0.0
4,167,1,1202,0.15
4,167,2,1927,0.1
4,167,3,2030,0.05
4,167,4,2505,0.0
4,167,5,824,0.0
4,167,6,2175,0.0
4,167,7,404,0.0
4,167,8,1656,0.0
4,167,9,2337,0.0
4,167,10,2904,0.0
4,168,1,1358,0.15
4,168,2,1202,0.15
4,168,3,990,0.1
4,168,4,1543,0.05
4,168,5,2762,0.0
4,168,6,1021,0.0
4,168,7,2756,0.0
4,168,8,1033,0.0
4,168,9,440,0.0
4,168,10,274,0.0
4,169,1,3041,0.15
4,169,2,2286,0.15
4,169,3,2533,0.1
4,169,4,1378,0.0
4,169,5,1288,0.0
4,169,6,1435,0.0
4,169,7,1558,0.0
4,169,8,420,0.0
4,169,9,2105,0.0
4,169,10,2721,0.0
4,170,1,1302,0.2
4,170,2,544,0.15
4,170,3,2533,0.05
4,170,4,1055,0.05
4,170,5,1391,0.0
4,170,6,1744,0.0
4,170,7,1051,0.0
4,170,8,2071,0.0
4,170,9,1796,0.0
4,170,10,2984,0.0
4,171,1,2922,0.15
4,171,2,2560,0.1
4,171,3,2678,0.05
4,171,4,2390,0.0
4,171,5,898,0.0
4,171,6,2668,0.0
4,171,7,1776,0.0
4,171,8,2554,0.0
4,171,9,718,0.0
4,171,10,1380,0.0
4,172,1,453,0.2
4,172,2,2390,0.0
4,172,3,2743,0.0
4,172,4,1277,0.0
4,172,5,185,0.0
4,172,6,1103,0.0
4,172,7,569,0.0
4,172,8,366,0.0
4,172,9,2659,0.0
4,172,10,917,0.0
4,173,1,1725,0.15
4,173,2,1012,0.05
4,173,3,1665,0.05
4,173,4,383,0.05
4,173,5,2390,0.0
4,173,6,1943,0.0
4,173,7,2918,0.0
4,173,8,668,0.0
4,173,9,1248,0.0
4,173,10,303,0.0
4,174,1,2556,0.15
4,174,2,318,0.0
4,174,3,2460,0.0
4,174,4,2597,0.0
4,174,5,777,0.0
4,174,6,194,0.0
4,174,7,2479,0.0
4,174,8,933,0.0
4,174,9,292,0.0
4,174,10,1671,0.0
4,175,1,1650,0.2
4,175,2,2192,0.05
4,175,3,383,0.05
4,175,4,96,0.0
4,175,5,1684,0.0
4,175,6,113,0.0
4,175,7,2506,0.0
4,175,8,1125,0.0
4,175,9,1169,0.0
4,175,10,2072,0.0
4,176,1,2073,0.2
4,176,2,2896,0.05
4,176,3,1574,0.0
4,176,4,846,0.0
4,176,5,1390,0.0
4,176,6,2792,0.0
4,176,7,41,0.0
4,176,8,1627,0.0
4,176,9,114,0.0
4,176,10,139,0.0
4,177,1,1569,0.15
4,177,2,689,0.15
4,177,3,2920,0.15
4,177,4,2211,0.05
4,177,5,26,0.0
4,177,6,2188,0.0
4,177,7,1840,0.0
4,177,8,888,0.0
4,177,9,1109,0.0
4,177,10,1623,0.0
4,178,1,1059,0.05
4,178,2,2192,0.05
4,178,3,243,0.0
4,178,4,650,0.0
4,178,5,491,0.0
4,178,6,1429,0.0
4,178,7,141,0.0
4,178,8,2842,0.0
4,178,9,77,0.0
4,178,10,1542,0.0
4,179,1,1645,0.15
4,179,2,415,0.15
4,179,3,1287,0.1
4,179,4,2091,0.0
4,179,5,977,0.0
4,179,6,354,0.0
4,179,7,1004,0.0
4,179,8,1558,0.0
4,179,9,432,0.0
4,179,10,2162,0.0
4,180,1,1645,0.15
4,180,2,1044,0.1
4,180,3,2713,0.05
4,180,4,2827,0.0
4,180,5,2619,0.0
4,180,6,2673,0.0
4,180,7,2678,0.0
4,180,8,428,0.0
4,180,9,679,0.0
4,180,10,2374,0.0
4,181,1,1156,0.1
4,181,2,2713,0.05
4,181,3,129,0.05
4,181,4,2149,0.0
4,181,5,1296,0.0
4,181,6,1392,0.0
4,181,7,1460,0.0
4,181,8,923,0.0
4,181,9,2625,0.0
4,181,10,1370,0.0
4,182,1,1287,0.1
4,182,2,1044,0.1
4,182,3,3015,0.05
4,182,4,3036,0.0
4,182,5,2314,0.0
4,182,6,136,0.0
4,182,7,2725,0.0
4,182,8,1602,0.0
4,182,9,740,0.0
4,182,10,1437,0.0
4,183,1,257,0.15
4,183,2,1620,0.15
4,183,3,193,0.15
4,183,4,562,0.0
4,183,5,1392,0.0
4,183,6,2569,0.0
4,183,7,2819,0.0
4,183,8,2957,0.0
4,183,9,2422,0.0
4,183,10,1770,0.0
4,184,1,500,0.15
4,184,2,2897,0.05
4,184,3,2994,0.05
4,184,4,1034,0.0
4,184,5,1120,0.0
4,184,6,2895,0.0
4,184,7,178,0.0
4,184,8,2437,0.0
4,184,9,679,0.0
4,184,10,2151,0.0
4,185,1,500,0.15
4,185,2,1429,0.15
4,185,3,1295,0.15
4,185,4,2816,0.0
4,185,5,363,0.0
4,185,6,388,0.0
4,185,7,395,0.0
4,185,8,2337,0.0
4,185,9,692,0.0
4,185,10,852,0.0
4,186,1,1754,0.2
4,186,2,1620,0.15
4,186,3,2832,0.05
4,186,4,2502,0.05
4,186,5,3036,0.0
4,186,6,231,0.0
4,186,7,1490,0.0
4,186,8,2544,0.0
4,186,9,2770,0.0
4,186,10,2158,0.0
4,187,1,2502,0.1
4,187,2,2237,0.1
4,187,3,316,0.05
4,187,4,2962,0.0
4,187,5,924,0.0
4,187,6,852,0.0
4,187,7,2547,0.0
4,187,8,2313,0.0
4,187,9,2249,0.0
4,187,10,1937,0.0
4,188,1,2957,0.2
4,188,2,40,0.15
4,188,3,2502,0.1
4,188,4,203,0.0
4,188,5,2760,0.0
4,188,6,874,0.0
4,188,7,118,0.0
4,188,8,1811,0.0
4,188,9,2296,0.0
4,188,10,2691,0.0
4,190,1,542,0.15
4,190,2,2237,0.1
4,190,3,316,0.05
4,190,4,2799,0.0
4,190,5,2991,0.0
4,190,6,1426,0.0
4,190,7,78,0.0
4,190,8,2833,0.0
4,190,9,2882,0.0
4,190,10,1382,0.0
4,191,1,2356,0.1
4,191,2,2901,0.05
4,191,3,2691,0.05
4,191,4,2299,0.05
4,191,5,2096,0.0
4,191,6,447,0.0
4,191,7,761,0.0
4,191,8,2163,0.0
4,191,9,3014,0.0
4,191,10,2335,0.0
4,192,1,1638,0.1
4,192,2,1858,0.1
4,192,3,1594,0.05
4,192,4,500,0.05
4,192,5,1587,0.0
4,192,6,1244,0.0
4,192,7,71,0.0
4,192,8,620,0.0
4,192,9,2784,0.0
4,192,10,1796,0.0
4,194,1,2706,0.1
4,194,2,731,0.1
4,194,3,2356,0.05
4,194,4,644,0.0
4,194,5,1618,0.0
4,194,6,2971,0.0
4,194,7,1064,0.0
4,194,8,2537,0.0
4,194,9,915,0.0
4,194,10,2414,0.0
4,195,1,1442,0.1
4,195,2,2326,0.05
4,195,3,2301,0.0
4,195,4,1221,0.0
4,195,5,1069,0.0
4,195,6,1383,0.0
4,195,7,451,0.0
4,195,8,3013,0.0
4,195,9,2748,0.0
4,195,10,576,0.0
4,196,1,1446,0.15
4,196,2,986,0.0
4,196,3,2690,0.0
4,196,4,2941,0.0
4,196,5,858,0.0
4,196,6,2654,0.0
4,196,7,2611,0.0
4,196,8,1390,0.0
4,196,9,941,0.0
4,196,10,446,0.0
4,197,1,1669,0.2
4,197,2,2740,0.2
4,197,3,1236,0.1
4,197,4,15,0.0
4,197,5,193,0.0
4,197,6,921,0.0
4,197,7,2638,0.0
4,197,8,473,0.0
4,197,9,1779,0.0
4,197,10,554,0.0
4,198,1,1236,0.1
4,198,2,2793,0.05
4,198,3,2997,0.0
4,198,4,2203,0.0
4,198,5,2001,0.0
4,198,6,94,0.0
4,198,7,1438,0.0
4,198,8,1232,0.0
4,198,9,2900,0.0
4,198,10,816,0.0
4,199,1,2243,0.2
4,199,2,220,0.05
4,199,3,1407,0.05
4,199,4,1894,0.0
4,199,5,752,0.0
4,199,6,590,0.0
4,199,7,654,0.0
4,199,8,2082,0.0
4,199,9,2895,0.0
4,199,10,1026,0.0
4,200,1,1028,0.15
4,200,2,2253,0.1
4,200,3,2892,0.05
4,200,4,3063,0.05
4,200,5,69,0.0
4,200,6,90,0.0
4,200,7,2200,0.0
4,200,8,3062,0.0
4,200,9,440,0.0
4,200,10,569,0.0
4,201,1,1817,0.15
4,201,2,220,0.05
4,201,3,945,0.0
4,201,4,1345,0.0
4,201,5,568,0.0
4,201,6,830,0.0
4,201,7,2418,0.0
4,201,8,24,0.0
4,201,9,1805,0.0
4,201,10,343,0.0
4,202,1,2170,0.2
4,202,2,1028,0.15
4,202,3,3059,0.0
4,202,4,1534,0.0
4,202,5,1652,0.0
4,202,6,2651,0.0
4,202,7,629,0.0
4,202,8,2055,0.0
4,202,9,709,0.0
4,202,10,2648,0.0
4,204,1,2754,0.1
4,204,2,221,0.1
4,204,3,2557,0.1
4,204,4,533,0.0
4,204,5,2997,0.0
4,204,6,2662,0.0
4,204,7,1705,0.0
4,204,8,1050,0.0
4,204,9,3004,0.0
4,204,10,2722,0.0
4,205,1,2529,0.1
4,205,2,2339,0.1
4,205,3,270,0.05
4,205,4,1509,0.0
4,205,5,26,0.0
4,205,6,510,0.0
4,205,7,391,0.0
4,205,8,2347,0.0
4,205,9,530,0.0
4,205,10,1594,0.0
4,206,1,1208,0.2
4,206,2,2788,0.1
4,206,3,1171,0.0
4,206,4,1217,0.0
4,206,5,2756,0.0
4,206,6,2146,0.0
4,206,7,640,0.0
4,206,8,1994,0.0
4,206,9,7,0.0
4,206,10,2859,0.0
4,207,1,430,0.2
4,207,2,747,0.15
4,207,3,168,0.05
4,207,4,1342,0.05
4,207,5,665,0.0
4,207,6,1207,0.0
4,207,7,2452,0.0
4,207,8,1848,0.0
4,207,9,1989,0.0
4,207,10,1723,0.0
4,208,1,168,0.15
4,208,2,1190,0.1
4,208,3,906,0.05
4,208,4,426,0.05
4,208,5,2228,0.05
4,208,6,2678,0.0
4,208,7,2298,0.0
4,208,8,2764,0.0
4,208,9,1793,0.0
4,208,10,568,0.0
4,209,1,1651,0.2
4,209,2,2871,0.05
4,209,3,2098,0.05
4,209,4,1196,0.0
4,209,5,389,0.0
4,209,6,1193,0.0
4,209,7,695,0.0
4,209,8,3016,0.0
4,209,9,401,0.0
4,209,10,1098,0.0
4,210,1,63,0.2
4,210,2,1685,0.15
4,210,3,356,0.05
4,210,4,1229,0.0
4,210,5,1127,0.0
4,210,6,2183,0.0
4,210,7,2774,0.0
4,210,8,2907,0.0
4,210,9,2961,0.0
4,210,10,754,0.0
4,211,1,2986,0.2
4,211,2,1215,0.15
4,211,3,5,0.1
4,211,4,2788,0.1
4,211,5,1199,0.0
4,211,6,1818,0.0
4,211,7,59,0.0
4,211,8,365,0.0
4,211,9,989,0.0
4,211,10,605,0.0
4,212,1,356,0.05
4,212,2,2257,0.05
4,212,3,2841,0.0
4,212,4,659,0.0
4,212,5,1018,0.0
4,212,6,2869,0.0
4,212,7,3061,0.0
4,212,8,2040,0.0
4,212,9,23,0.0
4,212,10,350,0.0
4,213,1,1215,0.15
4,213,2,2757,0.1
4,213,3,2871,0.05
4,213,4,2139,0.0
4,213,5,1392,0.0
4,213,6,814,0.0
4,213,7,6,0.0
4,213,8,587,0.0
4,213,9,2899,0.0
4,213,10,2921,0.0
4,214,1,1409,0.15
4,214,2,2757,0.1
4,214,3,2257,0.05
4,214,4,971,0.0
4,214,5,3023,0.0
4,214,6,465,0.0
4,214,7,1732,0.0
4,214,8,1851,0.0
4,214,9,831,0.0
4,214,10,2321,0.0
4,215,1,1409,0.15
4,215,2,2757,0.1
4,215,3,106,0.05
4,215,4,1427,0.0
4,215,5,123,0.0
4,215,6,1646,0.0
4,215,7,1195,0.0
4,215,8,2732,0.0
4,215,9,607,0.0
4,215,10,3030,0.0
4,216,1,1409,0.15
4,216,2,2257,0.05
4,216,3,1681,0.05
4,216,4,494,0.05
4,216,5,1185,0.0
4,216,6,2557,0.0
4,216,7,299,0.0
4,216,8,2332,0.0
4,216,9,908,0.0
4,216,10,231,0.0
4,217,1,784,0.1
4,217,2,730,0.1
4,217,3,400,0.05
4,217,4,393,0.05
4,217,5,11,0.0
4,217,6,1722,0.0
4,217,7,2560,0.0
4,217,8,1282,0.0
4,217,9,1936,0.0
4,217,10,1510,0.0
4,218,1,2365,0.15
4,218,2,730,0.1
4,218,3,1739,0.1
4,218,4,14,0.05
4,218,5,2218,0.0
4,218,6,355,0.0
4,218,7,118,0.0
4,218,8,1167,0.0
4,218,9,1995,0.0
4,218,10,2916,0.0
4,219,1,617,0.2
4,219,2,2322,0.15
4,219,3,393,0.05
4,219,4,2370,0.05
4,219,5,2229,0.0
4,219,6,2142,0.0
4,219,7,2645,0.0
4,219,8,1141,0.0
4,219,9,2303,0.0
4,219,10,1578,0.0
4,220,1,1265,0.2
4,220,2,784,0.1
4,220,3,1322,0.0
4,220,4,1266,0.0
4,220,5,412,0.0
4,220,6,374,0.0
4,220,7,2416,0.0
4,220,8,1264,0.0
4,220,9,2664,0.0
4,220,10,2128,0.0
4,221,1,759,0.15
4,221,2,2478,0.05
4,221,3,1978,0.05
4,221,4,2211,0.05
4,221,5,2616,0.0
4,221,6,1786,0.0
4,221,7,1553,0.0
4,221,8,1317,0.0
4,221,9,1011,0.0
4,221,10,963,0.0
4,222,1,2525,0.1
4,222,2,1978,0.05
4,222,3,1878,0.0
4,222,4,1438,0.0
4,222,5,2992,0.0
4,222,6,150,0.0
4,222,7,1679,0.0
4,222,8,445,0.0
4,222,9,1410,0.0
4,222,10,868,0.0
4,223,1,2708,0.2
4,223,2,63,0.2
4,223,3,1665,0.05
4,223,4,2478,0.05
4,223,5,683,0.0
4,223,6,849,0.0
4,223,7,923,0.0
4,223,8,1565,0.0
4,223,9,2036,0.0
4,223,10,2715,0.0
4,224,1,666,0.2
4,224,2,1685,0.15
4,224,3,222,0.0
4,224,4,2653,0.0
4,224,5,566,0.0
4,224,6,464,0.0
4,224,7,2437,0.0
4,224,8,1966,0.0
4,224,9,2140,0.0
4,224,10,1173,0.0
4,225,1,1659,0.1
4,225,2,2892,0.05
4,225,3,2088,0.0
4,225,4,299,0.0
4,225,5,973,0.0
4,225,6,2662,0.0
4,225,7,2301,0.0
4,225,8,532,0.0
4,225,9,2421,0.0
4,225,10,2610,0.0
4,226,1,2938,0.15
4,226,2,1659,0.1
4,226,3,1326,0.0
4,226,4,740,0.0
4,226,5,2007,0.0
4,226,6,2836,0.0
4,226,7,1044,0.0
4,226,8,730,0.0
4,226,9,2238,0.0
4,226,10,106,0.0
4,227,1,572,0.2
4,227,2,2595,0.15
4,227,3,2433,0.0
4,227,4,2642,0.0
4,227,5,440,0.0
4,227,6,2340,0.0
4,227,7,1810,0.0
4,227,8,1110,0.0
4,227,9,839,0.0
4,227,10,662,0.0
4,228,1,198,0.15
4,228,2,2938,0.15
4,228,3,1659,0.1
4,228,4,773,0.0
4,228,5,782,0.0
4,228,6,2617,0.0
4,228,7,869,0.0
4,228,8,474,0.0
4,228,9,2040,0.0
4,228,10,588,0.0
4,229,1,613,0.2
4,229,2,1673,0.15
4,229,3,189,0.15
4,229,4,2121,0.05
4,229,5,30,0.05
4,229,6,1037,0.0
4,229,7,2135,0.0
4,229,8,583,0.0
4,229,9,1968,0.0
4,229,10,2033,0.0
4,230,1,1580,0.2
4,230,2,2185,0.2
4,230,3,30,0.05
4,230,4,1982,0.0
4,230,5,1210,0.0
4,230,6,1903,0.0
4,230,7,422,0.0
4,230,8,852,0.0
4,230,9,2412,0.0
4,230,10,2336,0.0
4,231,1,2165,0.2
4,231,2,2990,0.1
4,231,3,655,0.05
4,231,4,1645,0.05
4,231,5,1787,0.05
4,231,6,1876,0.0
4,231,7,1383,0.0
4,231,8,1661,0.0
4,231,9,2598,0.0
4,231,10,341,0.0
4,232,1,30,0.05
4,232,2,1787,0.05
4,232,3,1931,0.0
4,232,4,2870,0.0
4,232,5,1485,0.0
4,232,6,2222,0.0
4,232,7,2573,0.0
4,232,8,620,0.0
4,232,9,1896,0.0
4,232,10,2786,0.0
4,233,1,132,0.05
4,233,2,30,0.05
4,233,3,1977,0.05
4,233,4,2531,0.0
4,233,5,942,0.0
4,233,6,369,0.0
4,233,7,2575,0.0
4,233,8,252,0.0
4,233,9,2630,0.0
4,233,10,1066,0.0
4,235,1,416,0.15
4,235,2,132,0.05
4,235,3,2370,0.05
4,235,4,1926,0.0
4,235,5,938,0.0
4,235,6,1000,0.0
4,235,7,2134,0.0
4,235,8,1750,0.0
4,235,9,402,0.0
4,235,10,2920,0.0
4,236,1,483,0.15
4,236,2,1744,0.15
4,236,3,2389,0.1
4,236,4,1775,0.05
4,236,5,1791,0.0
4,236,6,2810,0.0
4,236,7,2501,0.0
4,236,8,2309,0.0
4,236,9,1603,0.0
4,236,10,2421,0.0
4,237,1,1111,0.2
4,237,2,532,0.15
4,237,3,1632,0.15
4,237,4,1853,0.0
4,237,5,1986,0.0
4,237,6,2858,0.0
4,237,7,131,0.0
4,237,8,2869,0.0
4,237,9,1405,0.0
4,237,10,410,0.0
4,238,1,1465,0.2
4,238,2,1346,0.15
4,238,3,1744,0.15
4,238,4,849,0.0
4,238,5,298,0.0
4,238,6,410,0.0
4,238,7,1866,0.0
4,238,8,1970,0.0
4,238,9,434,0.0
4,238,10,1561,0.0
4,239,1,2916,0.2
4,239,2,2092,0.15
4,239,3,2009,0.1
4,239,4,2285,0.05
4,239,5,1237,0.05
4,239,6,2115,0.0
4,239,7,627,0.0
4,239,8,1387,0.0
4,239,9,854,0.0
4,239,10,344,0.0
4,240,1,1413,0.2
4,240,2,532,0.15
4,240,3,1300,0.05
4,240,4,2031,0.0
4,240,5,1401,0.0
4,240,6,1844,0.0
4,240,7,3083,0.0
4,240,8,89,0.0
4,240,9,1639,0.0
4,240,10,1207,0.0
4,241,1,1654,0.2
4,241,2,2345,0.15
4,241,3,793,0.1
4,241,4,2370,0.05
4,241,5,778,0.0
4,241,6,1344,0.0
4,241,7,1298,0.0
4,241,8,2024,0.0
4,241,9,1891,0.0
4,241,10,1874,0.0
4,242,1,447,0.25
4,242,2,2576,0.15
4,242,3,2345,0.15
4,242,4,1621,0.05
4,242,5,483,0.05
4,242,6,661,0.0
4,242,7,2422,0.0
4,242,8,2007,0.0
4,242,9,2524,0.0
4,242,10,8,0.0
4,243,1,1654,0.2
4,243,2,1067,0.15
4,243,3,2226,0.0
4,243,4,1048,0.0
4,243,5,1125,0.0
4,243,6,423,0.0
4,243,7,2229,0.0
4,243,8,315,0.0
4,243,9,2574,0.0
4,243,10,11,0.0
4,244,1,656,0.2
4,244,2,1413,0.2
4,244,3,2576,0.15
4,244,4,2638,0.0
4,244,5,516,0.0
4,244,6,1639,0.0
4,244,7,714,0.0
4,244,8,1515,0.0
4,244,9,2959,0.0
4,244,10,1219,0.0
4,245,1,2293,0.25
4,245,2,1067,0.15
4,245,3,97,0.1
4,245,4,485,0.0
4,245,5,401,0.0
4,245,6,2157,0.0
4,245,7,22,0.0
4,245,8,150,0.0
4,245,9,1026,0.0
4,245,10,1130,0.0
4,246,1,508,0.2
4,246,2,2576,0.15
4,246,3,627,0.1
4,246,4,3008,0.0
4,246,5,842,0.0
4,246,6,640,0.0
4,246,7,547,0.0
4,246,8,1570,0.0
4,246,9,2002,0.0
4,246,10,634,0.0
4,247,1,627,0.1
4,247,2,97,0.1
4,247,3,1310,0.05
4,247,4,1898,0.0
4,247,5,1610,0.0
4,247,6,1698,0.0
4,247,7,393,0.0
4,247,8,483,0.0
4,247,9,1449,0.0
4,247,10,2641,0.0
4,248,1,1121,0.15
4,248,2,1310,0.05
4,248,3,1858,0.05
4,248,4,1342,0.05
4,248,5,1456,0.05
4,248,6,302,0.0
4,248,7,2158,0.0
4,248,8,1828,0.0
4,248,9,1862,0.0
4,248,10,1672,0.0
4,249,1,2160,0.2
4,249,2,627,0.1
4,249,3,1078,0.05
4,249,4,1456,0.05
4,249,5,1608,0.0
4,249,6,2739,0.0
4,249,7,1012,0.0
4,249,8,1177,0.0
4,249,9,87,0.0
4,249,10,2437,0.0
4,251,1,653,0.2
4,251,2,1376,0.2
4,251,3,2297,0.1
4,251,4,2746,0.0
4,251,5,1792,0.0
4,251,6,2523,0.0
4,251,7,233,0.0
4,251,8,2111,0.0
4,251,9,2345,0.0
4,251,10,21,0.0
4,252,1,2961,0.25
4,252,2,2042,0.1
4,252,3,2801,0.1
4,252,4,2687,0.0
4,252,5,3009,0.0
4,252,6,1025,0.0
4,252,7,371,0.0
4,252,8,2345,0.0
4,252,9,2280,0.0
4,252,10,169,0.0
4,253,1,664,0.25
4,253,2,1376,0.2
4,253,3,2801,0.1
4,253,4,1140,0.0
4,253,5,188,0.0
4,253,6,505,0.0
4,253,7,1465,0.0
4,253,8,320,0.0
4,253,9,3006,0.0
4,253,10,2127,0.0
4,254,1,2042,0.1
4,254,2,2801,0.1
4,254,3,2583,0.05
4,254,4,289,0.05
4,254,5,128,0.0
4,254,6,2548,0.0
4,254,7,104,0.0
4,254,8,439,0.0
4,254,9,2904,0.0
4,254,10,332,0.0
4,255,1,2590,0.15
4,255,2,504,0.15
4,255,3,2324,0.15
4,255,4,2950,0.0
4,255,5,3047,0.0
4,255,6,1116,0.0
4,255,7,1501,0.0
4,255,8,1157,0.0
4,255,9,2718,0.0
4,255,10,1243,0.0
4,256,1,273,0.2
4,256,2,653,0.2
4,256,3,2324,0.15
4,256,4,1078,0.05
4,256,5,1710,0.05
4,256,6,2576,0.0
4,256,7,915,0.0
4,256,8,1438,0.0
4,256,9,3017,0.0
4,256,10,2260,0.0
4,257,1,194,0.2
4,257,2,2093,0.15
4,257,3,78,0.05
4,257,4,1504,0.0
4,257,5,53,0.0
4,257,6,1214,0.0
4,257,7,1075,0.0
4,257,8,657,0.0
4,257,9,1959,0.0
4,257,10,2943,0.0
4,258,1,105,0.25
4,258,2,2769,0.2
4,258,3,787,0.1
4,258,4,998,0.1
4,258,5,768,0.0
4,258,6,2753,0.0
4,258,7,687,0.0
4,258,8,997,0.0
4,258,9,2132,0.0
4,258,10,1005,0.0
4,259,1,2772,0.2
4,259,2,2590,0.15
4,259,3,852,0.15
4,259,4,1524,0.0
4,259,5,964,0.0
4,259,6,1499,0.0
4,259,7,519,0.0
4,259,8,398,0.0
4,259,9,2504,0.0
4,259,10,277,0.0
4,260,1,1558,0.2
4,260,2,259,0.1
4,260,3,2328,0.1
4,260,4,619,0.0
4,260,5,1584,0.0
4,260,6,920,0.0
4,260,7,470,0.0
4,260,8,1130,0.0
4,260,9,2058,0.0
4,260,10,1767,0.0
4,262,1,2743,0.2
4,262,2,2429,0.15
4,262,3,259,0.1
4,262,4,626,0.0
4,262,5,77,0.0
4,262,6,1428,0.0
4,262,7,2333,0.0
4,262,8,860,0.0
4,262,9,477,0.0
4,262,10,1574,0.0
4,263,1,2772,0.2
4,263,2,852,0.15
4,263,3,3048,0.1
4,263,4,331,0.0
4,263,5,1796,0.0
4,263,6,632,0.0
4,263,7,1222,0.0
4,263,8,3054,0.0
4,263,9,311,0.0
4,263,10,62,0.0
4,264,1,1380,0.1
4,264,2,869,0.1
4,264,3,164,0.05
4,264,4,820,0.0
4,264,5,986,0.0
4,264,6,1531,0.0
4,264,7,1429,0.0
4,264,8,2570,0.0
4,264,9,2859,0.0
4,264,10,228,0.0
4,265,1,65,0.2
4,265,2,869,0.1
4,265,3,1383,0.1
4,265,4,440,0.0
4,265,5,833,0.0
4,265,6,2203,0.0
4,265,7,345,0.0
4,265,8,1572,0.0
4,265,9,683,0.0
4,265,10,2196,0.0
4,266,1,105,0.25
4,266,2,2867,0.1
4,266,3,164,0.05
4,266,4,607,0.0
4,266,5,899,0.0
4,266,6,6,0.0
4,266,7,2259,0.0
4,266,8,506,0.0
4,266,9,2487,0.0
4,266,10,2743,0.0
4,267,1,49,0.25
4,267,2,1383,0.1
4,267,3,869,0.1
4,267,4,1300,0.05
4,267,5,663,0.0
4,267,6,2268,0.0
4,267,7,1556,0.0
4,267,8,1649,0.0
4,267,9,29,0.0
4,267,10,916,0.0
4,268,1,869,0.1
4,268,2,1380,0.1
4,268,3,1625,0.0
4,268,4,948,0.0
4,268,5,942,0.0
4,268,6,1482,0.0
4,268,7,540,0.0
4,268,8,115,0.0
4,268,9,1810,0.0
4,268,10,1696,0.0
4,269,1,1380,0.1
4,269,2,1383,0.1
4,269,3,849,0.0
4,269,4,1467,0.0
4,269,5,729,0.0
4,269,6,124,0.0
4,269,7,1866,0.0
4,269,8,2727,0.0
4,269,9,2325,0.0
4,269,10,1381,0.0
4,271,1,2212,0.3
4,271,2,1159,0.3
4,271,3,2578,0.15
4,271,4,803,0.0
4,271,5,1368,0.0
4,271,6,2415,0.0
4,271,7,2237,0.0
4,271,8,1064,0.0
4,271,9,884,0.0
4,271,10,757,0.0
4,272,1,1750,0.1
4,272,2,1383,0.1
4,272,3,1380,0.1
4,272,4,1091,0.0
4,272,5,1576,0.0
4,272,6,2432,0.0
4,272,7,1644,0.0
4,272,8,2999,0.0
4,272,9,1024,0.0
4,272,10,1401,0.0
4,273,1,1180,0.25
4,273,2,1516,0.2
4,273,3,656,0.0
4,273,4,1647,0.0
4,273,5,97,0.0
4,273,6,798,0.0
4,273,7,1376,0.0
4,273,8,537,0.0
4,273,9,1382,0.0
4,273,10,2925,0.0
4,274,1,2274,0.2
4,274,2,1380,0.1
4,274,3,1875,0.0
4,274,4,2543,0.0
4,274,5,2029,0.0
4,274,6,1026,0.0
4,274,7,1602,0.0
4,274,8,1104,0.0
4,274,9,2870,0.0
4,274,10,1390,0.0
4,277,1,2197,0.15
4,277,2,1582,0.1
4,277,3,1963,0.05
4,277,4,1425,0.0
4,277,5,70,0.0
4,277,6,2238,0.0
4,277,7,984,0.0
4,277,8,502,0.0
4,277,9,3014,0.0
4,277,10,4,0.0
4,278,1,663,0.2
4,278,2,1400,0.15
4,278,3,1766,0.05
4,278,4,1540,0.05
4,278,5,21,0.0
4,278,6,2588,0.0
4,278,7,1705,0.0
4,278,8,1506,0.0
4,278,9,1562,0.0
4,278,10,1770,0.0
4,279,1,2280,0.2
4,279,2,2197,0.15
4,279,3,1303,0.05
4,279,4,2981,0.0
4,279,5,1182,0.0
4,279,6,2780,0.0
4,279,7,634,0.0
4,279,8,1009,0.0
4,279,9,628,0.0
4,279,10,1688,0.0
4,280,1,2628,0.15
4,280,2,1766,0.05
4,280,3,582,0.0
4,280,4,1529,0.0
4,280,5,882,0.0
4,280,6,781,0.0
4,280,7,951,0.0
4,280,8,2010,0.0
4,280,9,166,0.0
4,280,10,2941,0.0
4,282,1,192,0.2
4,282,2,2628,0.15
4,282,3,2195,0.05
4,282,4,288,0.0
4,282,5,141,0.0
4,282,6,214,0.0
4,282,7,2534,0.0
4,282,8,1287,0.0
4,282,9,910,0.0
4,282,10,2145,0.0
4,283,1,719,0.15
4,283,2,1875,0.05
4,283,3,1963,0.05
4,283,4,1455,0.0
4,283,5,2203,0.0
4,283,6,3044,0.0
4,283,7,1282,0.0
4,283,8,1805,0.0
4,283,9,627,0.0
4,283,10,1101,0.0
4,284,1,1277,0.15
4,284,2,1963,0.05
4,284,3,2972,0.0
4,284,4,2061,0.0
4,284,5,1892,0.0
4,284,6,1101,0.0
4,284,7,1054,0.0
4,284,8,642,0.0
4,284,9,326,0.0
4,284,10,2153,0.0
4,285,1,1466,0.15
4,285,2,3011,0.0
4,285,3,2688,0.0
4,285,4,2270,0.0
4,285,5,1251,0.0
4,285,6,2092,0.0
4,285,7,1556,0.0
4,285,8,1915,0.0
4,285,9,1831,0.0
4,285,10,2042,0.0
4,286,1,553,0.2
4,286,2,1053,0.15
4,286,3,1540,0.1
4,286,4,317,0.0
4,286,5,1022,0.0
4,286,6,2184,0.0
4,286,7,892,0.0
4,286,8,703,0.0
4,286,9,1575,0.0
4,286,10,255,0.0
4,287,1,176,0.2
4,287,2,2407,0.2
4,287,3,1053,0.15
4,287,4,2925,0.05
4,287,5,2121,0.05
4,287,6,688,0.0
4,287,7,2771,0.0
4,287,8,948,0.0
4,287,9,1954,0.0
4,287,10,1116,0.0
4,288,1,1437,0.25
4,288,2,783,0.1
4,288,3,1760,0.05
4,288,4,475,0.0
4,288,5,523,0.0
4,288,6,1768,0.0
4,288,7,2161,0.0
4,288,8,1415,0.0
4,288,9,2521,0.0
4,288,10,915,0.0
4,289,1,2554,0.15
4,289,2,1466,0.15
4,289,3,2825,0.0
4,289,4,1174,0.0
4,289,5,1161,0.0
4,289,6,1471,0.0
4,289,7,1594,0.0
4,289,8,1692,0.0
4,289,9,333,0.0
4,289,10,2829,0.0
4,290,1,1344,0.15
4,290,2,176,0.1
4,290,3,13,0.0
4,290,4,1746,0.0
4,290,5,2660,0.0
4,290,6,2930,0.0
4,290,7,3028,0.0
4,290,8,2217,0.0
4,290,9,802,0.0
4,290,10,1124,0.0
4,291,1,2090,0.2
4,291,2,533,0.1
4,291,3,727,0.1
4,291,4,1778,0.05
4,291,5,2485,0.0
4,291,6,742,0.0
4,291,7,2884,0.0
4,291,8,2287,0.0
4,291,9,948,0.0
4,291,10,3053,0.0
4,292,1,533,0.1
4,292,2,375,0.1
4,292,3,1659,0.0
4,292,4,2436,0.0
4,292,5,2160,0.0
4,292,6,2624,0.0
4,292,7,2727,0.0
4,292,8,3077,0.0
4,292,9,996,0.0
4,292,10,2856,0.0
4,293,1,2952,0.2
4,293,2,1344,0.15
4,293,3,1265,0.0
4,293,4,350,0.0
4,293,5,1207,0.0
4,293,6,2674,0.0
4,293,7,2861,0.0
4,293,8,2225,0.0
4,293,9,2510,0.0
4,293,10,1991,0.0
4,294,1,2616,0.15
4,294,2,1794,0.1
4,294,3,314,0.1
4,294,4,1792,0.05
4,294,5,612,0.05
4,294,6,2757,0.0
4,294,7,2316,0.0
4,294,8,1599,0.0
4,294,9,2527,0.0
4,294,10,2811,0.0
4,295,1,2929,0.15
4,295,2,285,0.15
4,295,3,510,0.1
4,295,4,2211,0.05
4,295,5,888,0.0
4,295,6,1103,0.0
4,295,7,628,0.0
4,295,8,2082,0.0
4,295,9,488,0.0
4,295,10,1451,0.0
4,297,1,1381,0.15
4,297,2,1344,0.05
4,297,3,3040,0.0
4,297,4,151,0.0
4,297,5,1318,0.0
4,297,6,2830,0.0
4,297,7,2963,0.0
4,297,8,2011,0.0
4,297,9,1226,0.0
4,297,10,1859,0.0
4,298,1,2128,0.15
4,298,2,3061,0.1
4,298,3,3040,0.0
4,298,4,581,0.0
4,298,5,2476,0.0
4,298,6,701,0.0
4,298,7,2563,0.0
4,298,8,2511,0.0
4,298,9,592,0.0
4,298,10,1010,0.0
4,299,1,2969,0.2
4,299,2,540,0.2
4,299,3,2616,0.15
4,299,4,510,0.1
4,299,5,2995,0.05
4,299,6,242,0.0
4,299,7,478,0.0
4,299,8,1673,0.0
4,299,9,1662,0.0
4,299,10,1001,0.0
4,300,1,2343,0.2
4,300,2,1597,0.1
4,300,3,1592,0.1
4,300,4,251,0.0
4,300,5,1528,0.0
4,300,6,3054,0.0
4,300,7,2739,0.0
4,300,8,2495,0.0
4,300,9,567,0.0
4,300,10,2751,0.0
4,301,1,1072,0.15
4,301,2,315,0.1
4,301,3,1016,0.1
4,301,4,2836,0.0
4,301,5,2879,0.0
4,301,6,2412,0.0
4,301,7,2218,0.0
4,301,8,450,0.0
4,301,9,2255,0.0
4,301,10,952,0.0
4,302,1,2978,0.2
4,302,2,1592,0.1
4,302,3,1920,0.1
4,302,4,2641,0.0
4,302,5,1256,0.0
4,302,6,1897,0.0
4,302,7,734,0.0
4,302,8,1722,0.0
4,302,9,2158,0.0
4,302,10,1923,0.0
4,303,1,1113,0.2
4,303,2,1189,0.2
4,303,3,315,0.1
4,303,4,1775,0.05
4,303,5,1811,0.05
4,303,6,523,0.0
4,303,7,1530,0.0
4,303,8,1781,0.0
4,303,9,2703,0.0
4,303,10,1495,0.0
4,304,1,1189,0.2
4,304,2,1571,0.2
4,304,3,1868,0.05
4,304,4,1281,0.0
4,304,5,1301,0.0
4,304,6,1748,0.0
4,304,7,2269,0.0
4,304,8,2252,0.0
4,304,9,713,0.0
4,304,10,1939,0.0
4,305,1,1449,0.25
4,305,2,1823,0.15
4,305,3,2073,0.05
4,305,4,357,0.05
4,305,5,1251,0.0
4,305,6,1018,0.0
4,305,7,2584,0.0
4,305,8,2566,0.0
4,305,9,2940,0.0
4,305,10,1157,0.0
4,306,1,1221,0.1
4,306,2,2899,0.1
4,306,3,1481,0.05
4,306,4,949,0.0
4,306,5,3038,0.0
4,306,6,2906,0.0
4,306,7,773,0.0
4,306,8,2158,0.0
4,306,9,2193,0.0
4,306,10,1757,0.0
4,307,1,562,0.2
4,307,2,2623,0.1
4,307,3,357,0.05
4,307,4,270,0.0
4,307,5,1006,0.0
4,307,6,553,0.0
4,307,7,2500,0.0
4,307,8,1544,0.0
4,307,9,480,0.0
4,307,10,2467,0.0
4,308,1,1611,0.15
4,308,2,1823,0.15
4,308,3,1116,0.1
4,308,4,310,0.05
4,308,5,1101,0.0
4,308,6,2873,0.0
4,308,7,2540,0.0
4,308,8,821,0.0
4,308,9,2364,0.0
4,308,10,82,0.0
4,309,1,1701,0.25
4,309,2,59,0.15
4,309,3,2623,0.1
4,309,4,1016,0.05
4,309,5,1111,0.0
4,309,6,1168,0.0
4,309,7,56,0.0
4,309,8,591,0.0
4,309,9,761,0.0
4,309,10,1965,0.0
4,310,1,1995,0.25
4,310,2,69,0.2
4,310,3,1116,0.1
4,310,4,2989,0.05
4,310,5,759,0.0
4,310,6,1981,0.0
4,310,7,2509,0.0
4,310,8,812,0.0
4,310,9,1344,0.0
4,310,10,682,0.0
4,311,1,2686,0.25
4,311,2,1571,0.2
4,311,3,1811,0.1
4,311,4,1192,0.0
4,311,5,720,0.0
4,311,6,393,0.0
4,311,7,1949,0.0
4,311,8,829,0.0
4,311,9,2122,0.0
4,311,10,2295,0.0
4,312,1,1116,0.1
4,312,2,1221,0.1
4,312,3,385,0.05
4,312,4,2837,0.0
4,312,5,298,0.0
4,312,6,711,0.0
4,312,7,2783,0.0
4,312,8,2253,0.0
4,312,9,1182,0.0
4,312,10,2737,0.0
4,314,1,1198,0.2
4,314,2,3069,0.05
4,314,3,975,0.05
4,314,4,2892,0.05
4,314,5,3052,0.0
4,314,6,2623,0.0
4,314,7,1375,0.0
4,314,8,2709,0.0
4,314,9,1240,0.0
4,314,10,1307,0.0
4,315,1,1206,0.15
4,315,2,3069,0.05
4,315,3,1481,0.05
4,315,4,1621,0.05
4,315,5,1118,0.0
4,315,6,1037,0.0
4,315,7,762,0.0
4,315,8,1335,0.0
4,315,9,649,0.0
4,315,10,729,0.0
4,316,1,633,0.15
4,316,2,385,0.05
4,316,3,1407,0.05
4,316,4,2053,0.05
4,316,5,143,0.0
4,316,6,724,0.0
4,316,7,1238,0.0
4,316,8,2763,0.0
4,316,9,2413,0.0
4,316,10,892,0.0
4,317,1,2176,0.25
4,317,2,1541,0.1
4,317,3,667,0.05
4,317,4,3069,0.05
4,317,5,2164,0.0
4,317,6,2977,0.0
4,317,7,2821,0.0
4,317,8,298,0.0
4,317,9,189,0.0
4,317,10,1581,0.0
4,318,1,2106,0.3
4,318,2,1367,0.25
4,318,3,633,0.15
4,318,4,2661,0.05
4,318,5,430,0.0
4,318,6,614,0.0
4,318,7,1995,0.0
4,318,8,1299,0.0
4,318,9,1593,0.0
4,318,10,36,0.0
4,319,1,2971,0.1
4,319,2,330,0.0
4,319,3,2686,0.0
4,319,4,1256,0.0
4,319,5,1830,0.0
4,319,6,999,0.0
4,319,7,1478,0.0
4,319,8,2278,0.0
4,319,9,1951,0.0
4,319,10,902,0.0
4,323,1,2176,0.25
4,323,2,1422,0.2
4,323,3,982,0.05
4,323,4,2411,0.0
4,323,5,381,0.0
4,323,6,543,0.0
4,323,7,803,0.0
4,323,8,482,0.0
4,323,9,1809,0.0
4,323,10,2793,0.0
4,324,1,1367,0.25
4,324,2,2363,0.2
4,324,3,2956,0.2
4,324,4,655,0.05
4,324,5,1536,0.0
4,324,6,1560,0.0
4,324,7,2479,0.0
4,324,8,880,0.0
4,324,9,1376,0.0
4,324,10,1480,0.0
4,325,1,1062,0.15
4,325,2,1991,0.1
4,325,3,2513,0.0
4,325,4,2150,0.0
4,325,5,2256,0.0
4,325,6,137,0.0
4,325,7,2953,0.0
4,325,8,951,0.0
4,325,9,2231,0.0
4,325,10,663,0.0
4,326,1,1991,0.1
4,326,2,851,0.05
4,326,3,1886,0.0
4,326,4,2,0.0
4,326,5,1909,0.0
4,326,6,1017,0.0
4,326,7,1691,0.0
4,326,8,1512,0.0
4,326,9,1921,0.0
4,326,10,839,0.0
4,327,1,2971,0.1
4,327,2,982,0.05
4,327,3,3027,0.05
4,327,4,2659,0.05
4,327,5,1555,0.0
4,327,6,2729,0.0
4,327,7,1322,0.0
4,327,8,2440,0.0
4,327,9,2943,0.0
4,327,10,932,0.0
4,328,1,2084,0.3
4,328,2,637,0.2
4,328,3,2484,0.15
4,328,4,2619,0.0
4,328,5,2164,0.0
4,328,6,1023,0.0
4,328,7,1937,0.0
4,328,8,1745,0.0
4,328,9,239,0.0
4,328,10,3080,0.0
4,329,1,1064,0.15
4,329,2,1964,0.1
4,329,3,1688,0.05
4,329,4,257,0.0
4,329,5,1246,0.0
4,329,6,3014,0.0
4,329,7,148,0.0
4,329,8,289,0.0
4,329,9,2016,0.0
4,329,10,345,0.0
4,330,1,2659,0.1
4,330,2,1688,0.05
4,330,3,982,0.05
4,330,4,2894,0.05
4,330,5,732,0.05
4,330,6,2027,0.0
4,330,7,1988,0.0
4,330,8,1409,0.0
4,330,9,776,0.0
4,330,10,2547,0.0
4,331,1,1064,0.15
4,331,2,2296,0.15
4,331,3,2659,0.1
4,331,4,2211,0.05
4,331,5,2795,0.0
4,331,6,1348,0.0
4,331,7,1305,0.0
4,331,8,830,0.0
4,331,9,2069,0.0
4,331,10,901,0.0
4,332,1,2705,0.2
4,332,2,249,0.1
4,332,3,1688,0.05
4,332,4,1247,0.05
4,332,5,2870,0.05
4,332,6,2342,0.0
4,332,7,2064,0.0
4,332,8,1770,0.0
4,332,9,156,0.0
4,332,10,2496,0.0
4,333,1,523,0.15
4,333,2,249,0.1
4,333,3,899,0.05
4,333,4,1430,0.0
4,333,5,2720,0.0
4,333,6,2132,0.0
4,333,7,1859,0.0
4,333,8,1349,0.0
4,333,9,437,0.0
4,333,10,1102,0.0
4,334,1,2261,0.15
4,334,2,1779,0.1
4,334,3,1399,0.05
4,334,4,1451,0.0
4,334,5,927,0.0
4,334,6,1880,0.0
4,334,7,2681,0.0
4,334,8,802,0.0
4,334,9,1214,0.0
4,334,10,446,0.0
4,335,1,1635,0.2
4,335,2,2870,0.1
4,335,3,900,0.05
4,335,4,2525,0.0
4,335,5,2410,0.0
4,335,6,89,0.0
4,335,7,607,0.0
4,335,8,2663,0.0
4,335,9,2524,0.0
4,335,10,2313,0.0
4,336,1,1655,0.3
4,336,2,2061,0.2
4,336,3,2870,0.1
4,336,4,2095,0.05
4,336,5,1544,0.0
4,336,6,1038,0.0
4,336,7,469,0.0
4,336,8,334,0.0
4,336,9,2049,0.0
4,336,10,2349,0.0
4,337,1,90,0.1
4,337,2,2870,0.1
4,337,3,900,0.05
4,337,4,1556,0.0
4,337,5,1566,0.0
4,337,6,285,0.0
4,337,7,991,0.0
4,337,8,2082,0.0
4,337,9,1329,0.0
4,337,10,1574,0.0
4,338,1,90,0.1
4,338,2,899,0.05
4,338,3,2543,0.05
4,338,4,85,0.0
4,338,5,3030,0.0
4,338,6,2739,0.0
4,338,7,1448,0.0
4,338,8,1371,0.0
4,338,9,38,0.0
4,338,10,281,0.0
4,339,1,523,0.15
4,339,2,90,0.1
4,339,3,2870,0.1
4,339,4,2474,0.05
4,339,5,1475,0.0
4,339,6,1623,0.0
4,339,7,387,0.0
4,339,8,702,0.0
4,339,9,953,0.0
4,339,10,2614,0.0
4,340,1,2145,0.25
4,340,2,90,0.1
4,340,3,2870,0.1
4,340,4,1708,0.05
4,340,5,922,0.0
4,340,6,3038,0.0
4,340,7,2921,0.0
4,340,8,604,0.0
4,340,9,2562,0.0
4,340,10,908,0.0
4,341,1,72,0.15
4,341,2,779,0.05
4,341,3,14,0.05
4,341,4,854,0.05
4,341,5,879,0.0
4,341,6,1351,0.0
4,341,7,1417,0.0
4,341,8,1757,0.0
4,341,9,1150,0.0
4,341,10,2727,0.0
4,343,1,1692,0.3
4,343,2,2061,0.15
4,343,3,2261,0.15
4,343,4,2264,0.1
4,343,5,267,0.0
4,343,6,1042,0.0
4,343,7,2345,0.0
4,343,8,394,0.0
4,343,9,2231,0.0
4,343,10,2521,0.0
4,344,1,2403,0.2
4,344,2,1472,0.2
4,344,3,2211,0.05
4,344,4,2387,0.05
4,344,5,1568,0.0
4,344,6,1923,0.0
4,344,7,342,0.0
4,344,8,2623,0.0
4,344,9,1615,0.0
4,344,10,2469,0.0
4,345,1,387,0.15
4,345,2,101,0.1
4,345,3,14,0.05
4,345,4,2455,0.0
4,345,5,434,0.0
4,345,6,2124,0.0
4,345,7,972,0.0
4,345,8,1404,0.0
4,345,9,2495,0.0
4,345,10,2255,0.0
4,346,1,387,0.15
4,346,2,1793,0.05
4,346,3,779,0.05
4,346,4,353,0.0
4,346,5,1500,0.0
4,346,6,2079,0.0
4,346,7,1444,0.0
4,346,8,957,0.0
4,346,9,344,0.0
4,346,10,183,0.0
4,347,1,671,0.15
4,347,2,854,0.05
4,347,3,1405,0.0
4,347,4,2024,0.0
4,347,5,1179,0.0
4,347,6,144,0.0
4,347,7,1275,0.0
4,347,8,1022,0.0
4,347,9,351,0.0
4,347,10,2092,0.0
4,348,1,502,0.2
4,348,2,1827,0.15
4,348,3,3043,0.05
4,348,4,779,0.05
4,348,5,1705,0.0
4,348,6,1757,0.0
4,348,7,666,0.0
4,348,8,1176,0.0
4,348,9,939,0.0
4,348,10,1779,0.0
4,349,1,72,0.15
4,349,2,1002,0.05
4,349,3,3043,0.05
4,349,4,1078,0.05
4,349,5,1984,0.05
4,349,6,367,0.0
4,349,7,1799,0.0
4,349,8,1008,0.0
4,349,9,2433,0.0
4,349,10,2265,0.0
4,350,1,2312,0.15
4,350,2,333,0.1
4,350,3,1419,0.0
4,350,4,1746,0.0
4,350,5,48,0.0
4,350,6,1877,0.0
4,350,7,1242,0.0
4,350,8,2500,0.0
4,350,9,1983,0.0
4,350,10,2048,0.0
4,351,1,2163,0.2
4,351,2,2312,0.15
4,351,3,1002,0.05
4,351,4,2794,0.0
4,351,5,1090,0.0
4,351,6,341,0.0
4,351,7,554,0.0
4,351,8,1941,0.0
4,351,9,780,0.0
4,351,10,221,0.0
4,352,1,1266,0.15
4,352,2,842,0.1
4,352,3,754,0.1
4,352,4,732,0.05
4,352,5,682,0.0
4,352,6,120,0.0
4,352,7,692,0.0
4,352,8,2502,0.0
4,352,9,1814,0.0
4,352,10,879,0.0
4,353,1,2697,0.1
4,353,2,1037,0.1
4,353,3,2562,0.1
4,353,4,910,0.05
4,353,5,108,0.0
4,353,6,2851,0.0
4,353,7,4,0.0
4,353,8,2078,0.0
4,353,9,1573,0.0
4,353,10,1274,0.0
4,354,1,1490,0.2
4,354,2,2697,0.1
4,354,3,1,0.05
4,354,4,693,0.0
4,354,5,2997,0.0
4,354,6,2125,0.0
4,354,7,1019,0.0
4,354,8,1790,0.0
4,354,9,2746,0.0
4,354,10,1515,0.0
4,355,1,842,0.1
4,355,2,754,0.1
4,355,3,2653,0.05
4,355,4,484,0.05
4,355,5,2005,0.0
4,355,6,472,0.0
4,355,7,1785,0.0
4,355,8,826,0.0
4,355,9,1263,0.0
4,355,10,2487,0.0
4,356,1,622,0.15
4,356,2,2653,0.05
4,356,3,1,0.05
4,356,4,732,0.05
4,356,5,2370,0.05
4,356,6,1565,0.0
4,356,7,2903,0.0
4,356,8,764,0.0
4,356,9,1369,0.0
4,356,10,274,0.0
4,357,1,2311,0.25
4,357,2,579,0.25
4,357,3,1542,0.05
4,357,4,138,0.0
4,357,5,231,0.0
4,357,6,898,0.0
4,357,7,2791,0.0
4,357,8,694,0.0
4,357,9,208,0.0
4,357,10,3010,0.0
4,358,1,2294,0.25
4,358,2,2311,0.25
4,358,3,183,0.0
4,358,4,1628,0.0
4,358,5,1351,0.0
4,358,6,1651,0.0
4,358,7,2333,0.0
4,358,8,2506,0.0
4,358,9,831,0.0
4,358,10,2655,0.0
4,359,1,595,0.05
4,359,2,297,0.05
4,359,3,506,0.05
4,359,4,1022,0.0
4,359,5,697,0.0
4,359,6,424,0.0
4,359,7,2517,0.0
4,359,8,1047,0.0
4,359,9,1689,0.0
4,359,10,2054,0.0
4,360,1,595,0.05
4,360,2,297,0.05
4,360,3,506,0.05
4,360,4,2350,0.0
4,360,5,828,0.0
4,360,6,898,0.0
4,360,7,1390,0.0
4,360,8,1098,0.0
4,360,9,370,0.0
4,360,10,1549,0.0
4,361,1,595,0.05
4,361,2,297,0.05
4,361,3,2286,0.05
4,361,4,506,0.05
4,361,5,916,0.0
4,361,6,180,0.0
4,361,7,308,0.0
4,361,8,469,0.0
4,361,9,2232,0.0
4,361,10,1967,0.0
4,362,1,595,0.05
4,362,2,506,0.05
4,362,3,1681,0.05
4,362,4,297,0.05
4,362,5,545,0.0
4,362,6,2429,0.0
4,362,7,1921,0.0
4,362,8,1557,0.0
4,362,9,798,0.0
4,362,10,1640,0.0
4,363,1,595,0.05
4,363,2,297,0.05
4,363,3,506,0.05
4,363,4,2173,0.0
4,363,5,2543,0.0
4,363,6,572,0.0
4,363,7,2733,0.0
4,363,8,169,0.0
4,363,9,2825,0.0
4,363,10,2379,0.0
4,364,1,628,0.2
4,364,2,397,0.1
4,364,3,1237,0.05
4,364,4,2841,0.0
4,364,5,1691,0.0
4,364,6,2481,0.0
4,364,7,869,0.0
4,364,8,1388,0.0
4,364,9,417,0.0
4,364,10,292,0.0
4,365,1,397,0.1
4,365,2,55,0.05
4,365,3,253,0.0
4,365,4,125,0.0
4,365,5,333,0.0
4,365,6,204,0.0
4,365,7,786,0.0
4,365,8,2187,0.0
4,365,9,2428,0.0
4,365,10,522,0.0
4,366,1,1203,0.2
4,366,2,2098,0.05
4,366,3,2163,0.0
4,366,4,231,0.0
4,366,5,1537,0.0
4,366,6,1769,0.0
4,366,7,2164,0.0
4,366,8,2307,0.0
4,366,9,2291,0.0
4,366,10,2255,0.0
4,367,1,1030,0.2
4,367,2,1653,0.2
4,367,3,1476,0.0
4,367,4,189,0.0
4,367,5,2026,0.0
4,367,6,240,0.0
4,367,7,2346,0.0
4,367,8,2918,0.0
4,367,9,851,0.0
4,367,10,432,0.0
4,368,1,397,0.1
4,368,2,2750,0.1
4,368,3,2759,0.1
4,368,4,147,0.0
4,368,5,2908,0.0
4,368,6,2659,0.0
4,368,7,1936,0.0
4,368,8,395,0.0
4,368,9,1832,0.0
4,368,10,956,0.0
4,369,1,1606,0.7
4,369,2,477,0.5
4,369,3,2687,0.2
4,369,4,1407,0.05
4,369,5,420,0.0
4,369,6,1157,0.0
4,369,7,3039,0.0
4,369,8,108,0.0
4,369,9,2265,0.0
4,369,10,2944,0.0
4,370,1,2739,0.7
4,370,2,1826,0.55
4,370,3,2441,0.45
4,370,4,340,0.0
4,370,5,349,0.0
4,370,6,501,0.0
4,370,7,1192,0.0
4,370,8,2868,0.0
4,370,9,121,0.0
4,370,10,403,0.0
4,371,1,1678,0.7
4,371,2,2321,0.65
4,371,3,2888,0.45
4,371,4,1982,0.0
4,371,5,1095,0.0
4,371,6,1924,0.0
4,371,7,1166,0.0
4,371,8,1813,0.0
4,371,9,2630,0.0
4,371,10,2741,0.0
4,372,1,272,0.65
4,372,2,477,0.5
4,372,3,1108,0.45
4,372,4,544,0.05
4,372,5,839,0.0
4,372,6,770,0.0
4,372,7,568,0.0
4,372,8,2037,0.0
4,372,9,1350,0.0
4,372,10,2700,0.0
4,373,1,1398,0.65
4,373,2,272,0.65
4,373,3,2687,0.2
4,373,4,1921,0.0
4,373,5,3035,0.0
4,373,6,2927,0.0
4,373,7,2737,0.0
4,373,8,2225,0.0
4,373,9,2752,0.0
4,373,10,1456,0.0
4,374,1,2464,0.6
4,374,2,1826,0.55
4,374,3,918,0.45
4,374,4,2043,0.0
4,374,5,1668,0.0
4,374,6,29,0.0
4,374,7,1069,0.0
4,374,8,1224,0.0
4,374,9,758,0.0
4,374,10,2000,0.0
4,375,1,2739,0.7
4,375,2,1108,0.45
4,375,3,2687,0.2
4,375,4,3031,0.0
4,375,5,2099,0.0
4,375,6,2375,0.0
4,375,7,637,0.0
4,375,8,1228,0.0
4,375,9,2217,0.0
4,375,10,2862,0.0
4,378,1,2464,0.6
4,378,2,1826,0.55
4,378,3,477,0.5
4,378,4,501,0.0
4,378,5,2832,0.0
4,378,6,855,0.0
4,378,7,2031,0.0
4,378,8,2081,0.0
4,378,9,910,0.0
4,378,10,126,0.0
4,379,1,1678,0.7
4,379,2,2464,0.6
4,379,3,2687,0.2
4,379,4,1481,0.0
4,379,5,2560,0.0
4,379,6,1510,0.0
4,379,7,2226,0.0
4,379,8,1785,0.0
4,379,9,506,0.0
4,379,10,711,0.0
4,380,1,477,0.5
4,380,2,2888,0.45
4,380,3,1108,0.45
4,380,4,1073,0.0
4,380,5,2978,0.0
4,380,6,1593,0.0
4,380,7,2671,0.0
4,380,8,1791,0.0
4,380,9,1661,0.0
4,380,10,995,0.0
4,381,1,1108,0.45
4,381,2,2441,0.45
4,381,3,2687,0.2
4,381,4,612,0.0
4,381,5,17,0.0
4,381,6,1877,0.0
4,381,7,2054,0.0
4,381,8,670,0.0
4,381,9,1828,0.0
4,381,10,909,0.0
4,383,1,1826,0.55
4,383,2,2441,0.45
4,383,3,918,0.45
4,383,4,871,0.0
4,383,5,2998,0.0
4,383,6,447,0.0
4,383,7,135,0.0
4,383,8,189,0.0
4,383,9,1738,0.0
4,383,10,1671,0.0
4,384,1,2739,0.7
4,384,2,272,0.65
4,384,3,1826,0.55
4,384,4,2480,0.0
4,384,5,1340,0.0
4,384,6,323,0.0
4,384,7,2954,0.0
4,384,8,2924,0.0
4,384,9,2113,0.0
4,384,10,383,0.0
4,385,1,1678,0.7
4,385,2,1398,0.65
4,385,3,272,0.65
4,385,4,1359,0.0
4,385,5,1931,0.0
4,385,6,1210,0.0
4,385,7,1967,0.0
4,385,8,2663,0.0
4,385,9,2358,0.0
4,385,10,905,0.0
4,386,1,1606,0.7
4,386,2,2464,0.6
4,386,3,477,0.5
4,386,4,2922,0.05
4,386,5,703,0.0
4,386,6,2365,0.0
4,386,7,2555,0.0
4,386,8,2734,0.0
4,386,9,1413,0.0
4,386,10,753,0.0
4,387,1,1606,0.7
4,387,2,2888,0.45
4,387,3,918,0.45
4,387,4,1227,0.0
4,387,5,2116,0.0
4,387,6,2170,0.0
4,387,7,2405,0.0
4,387,8,1935,0.0
4,387,9,1952,0.0
4,387,10,2552,0.0
4,388,1,1678,0.7
4,388,2,1398,0.65
4,388,3,1826,0.55
4,388,4,2105,0.0
4,388,5,2767,0.0
4,388,6,1230,0.0
4,388,7,1314,0.0
4,388,8,21,0.0
4,388,9,974,0.0
4,388,10,2294,0.0
4,391,1,1606,0.7
4,391,2,477,0.5
4,391,3,2441,0.45
4,391,4,2288,0.0
4,391,5,2599,0.0
4,391,6,785,0.0
4,391,7,582,0.0
4,391,8,2942,0.0
4,391,9,791,0.0
4,391,10,911,0.0
4,392,1,2607,0.15
4,392,2,641,0.15
4,392,3,400,0.05
4,392,4,2444,0.05
4,392,5,1289,0.0
4,392,6,636,0.0
4,392,7,1113,0.0
4,392,8,117,0.0
4,392,9,1268,0.0
4,392,10,956,0.0
4,395,1,1102,0.15
4,395,2,2082,0.1
4,395,3,2599,0.1
4,395,4,766,0.05
4,395,5,2669,0.0
4,395,6,2734,0.0
4,395,7,1563,0.0
4,395,8,2333,0.0
4,395,9,1613,0.0
4,395,10,2428,0.0
4,396,1,2108,0.1
4,396,2,2490,0.1
4,396,3,2395,0.05
4,396,4,1761,0.05
4,396,5,2452,0.05
4,396,6,2640,0.0
4,396,7,1949,0.0
4,396,8,2313,0.0
4,396,9,1936,0.0
4,396,10,2000,0.0
4,397,1,2910,0.2
4,397,2,1307,0.2
4,397,3,732,0.05
4,397,4,1371,0.0
4,397,5,1724,0.0
4,397,6,1050,0.0
4,397,7,1598,0.0
4,397,8,1258,0.0
4,397,9,2032,0.0
4,397,10,868,0.0
4,398,1,2080,0.2
4,398,2,2235,0.15
4,398,3,103,0.1
4,398,4,2752,0.05
4,398,5,766,0.05
4,398,6,2448,0.05
4,398,7,479,0.0
4,398,8,1488,0.0
4,398,9,2027,0.0
4,398,10,210,0.0
4,399,1,1301,0.15
4,399,2,2568,0.15
4,399,3,1078,0.05
4,399,4,1263,0.0
4,399,5,41,0.0
4,399,6,1911,0.0
4,399,7,1639,0.0
4,399,8,1234,0.0
4,399,9,1860,0.0
4,399,10,1715,0.0
4,400,1,527,0.25
4,400,2,1379,0.2
4,400,3,2504,0.15
4,400,4,798,0.0
4,400,5,2174,0.0
4,400,6,2172,0.0
4,400,7,43,0.0
4,400,8,1937,0.0
4,400,9,2386,0.0
4,400,10,2469,0.0
4,401,1,2156,0.15
4,401,2,2082,0.1
4,401,3,2599,0.1
4,401,4,611,0.05
4,401,5,551,0.05
4,401,6,1300,0.05
4,401,7,924,0.0
4,401,8,1030,0.0
4,401,9,2496,0.0
4,401,10,1941,0.0
4,403,1,2136,0.25
4,403,2,609,0.2
4,403,3,2758,0.05
4,403,4,2285,0.05
4,403,5,1259,0.0
4,403,6,2225,0.0
4,403,7,147,0.0
4,403,8,1064,0.0
4,403,9,2625,0.0
4,403,10,2326,0.0
4,404,1,2910,0.2
4,404,2,2830,0.2
4,404,3,609,0.2
4,404,4,872,0.0
4,404,5,2985,0.0
4,404,6,1441,0.0
4,404,7,2623,0.0
4,404,8,888,0.0
4,404,9,1023,0.0
4,404,10,2426,0.0
4,405,1,206,0.25
4,405,2,2080,0.2
4,405,3,2504,0.15
4,405,4,548,0.0
4,405,5,2773,0.0
4,405,6,1539,0.0
4,405,7,1981,0.0
4,405,8,1524,0.0
4,405,9,277,0.0
4,405,10,740,0.0
4,406,1,1999,0.15
4,406,2,2568,0.15
4,406,3,261,0.15
4,406,4,861,0.0
4,406,5,68,0.0
4,406,6,2444,0.0
4,406,7,2746,0.0
4,406,8,2963,0.0
4,406,9,1574,0.0
4,406,10,1061,0.0
4,407,1,475,0.25
4,407,2,2643,0.2
4,407,3,275,0.2
4,407,4,2817,0.05
4,407,5,2989,0.05
4,407,6,1758,0.0
4,407,7,1190,0.0
4,407,8,2354,0.0
4,407,9,464,0.0
4,407,10,1131,0.0
4,408,1,275,0.2
4,408,2,261,0.15
4,408,3,2568,0.15
4,408,4,1055,0.05
4,408,5,2529,0.0
4,408,6,469,0.0
4,408,7,1664,0.0
4,408,8,569,0.0
4,408,9,1947,0.0
4,408,10,409,0.0
4,409,1,2397,0.2
4,409,2,261,0.15
4,409,3,2188,0.1
4,409,4,732,0.05
4,409,5,1174,0.0
4,409,6,1099,0.0
4,409,7,2265,0.0
4,409,8,325,0.0
4,409,9,1190,0.0
4,409,10,1113,0.0
4,410,1,521,0.2
4,410,2,103,0.1
4,410,3,539,0.05
4,410,4,2630,0.0
4,410,5,2242,0.0
4,410,6,858,0.0
4,410,7,1581,0.0
4,410,8,2732,0.0
4,410,9,1066,0.0
4,410,10,1981,0.0
4,411,1,1408,0.2
4,411,2,774,0.1
4,411,3,539,0.05
4,411,4,1665,0.05
4,411,5,2848,0.0
4,411,6,2502,0.0
4,411,7,99,0.0
4,411,8,1367,0.0
4,411,9,1409,0.0
4,411,10,1616,0.0
4,412,1,2488,0.15
4,412,2,2785,0.1
4,412,3,3017,0.1
4,412,4,1514,0.0
4,412,5,864,0.0
4,412,6,332,0.0
4,412,7,3022,0.0
4,412,8,1153,0.0
4,412,9,940,0.0
4,412,10,827,0.0
4,413,1,3017,0.1
4,413,2,2817,0.05
4,413,3,539,0.05
4,413,4,1336,0.0
4,413,5,792,0.0
4,413,6,838,0.0
4,413,7,1831,0.0
4,413,8,888,0.0
4,413,9,1509,0.0
4,413,10,1248,0.0
4,414,1,1878,0.2
4,414,2,2906,0.15
4,414,3,774,0.1
4,414,4,2955,0.0
4,414,5,2762,0.0
4,414,6,1229,0.0
4,414,7,1524,0.0
4,414,8,2232,0.0
4,414,9,1404,0.0
4,414,10,2587,0.0
4,415,1,2028,0.15
4,415,2,2183,0.15
4,415,3,2826,0.1
4,415,4,1055,0.05
4,415,5,2511,0.0
4,415,6,1034,0.0
4,415,7,2406,0.0
4,415,8,2368,0.0
4,415,9,1870,0.0
4,415,10,2416,0.0
4,416,1,2205,0.2
4,416,2,884,0.1
4,416,3,624,0.1
4,416,4,87,0.0
4,416,5,761,0.0
4,416,6,674,0.0
4,416,7,1557,0.0
4,416,8,1577,0.0
4,416,9,2311,0.0
4,416,10,1516,0.0
4,417,1,518,0.25
4,417,2,742,0.15
4,417,3,2496,0.05
4,417,4,1342,0.0
4,417,5,2484,0.0
4,417,6,2794,0.0
4,417,7,2878,0.0
4,417,8,2305,0.0
4,417,9,1267,0.0
4,417,10,636,0.0
4,418,1,1263,0.15
4,418,2,1590,0.05
4,418,3,755,0.05
4,418,4,1542,0.0
4,418,5,1563,0.0
4,418,6,1498,0.0
4,418,7,1737,0.0
4,418,8,336,0.0
4,418,9,2318,0.0
4,418,10,1818,0.0
4,419,1,704,0.15
4,419,2,1791,0.15
4,419,3,3019,0.15
4,419,4,576,0.05
4,419,5,517,0.0
4,419,6,2162,0.0
4,419,7,2503,0.0
4,419,8,2246,0.0
4,419,9,1818,0.0
4,419,10,2838,0.0
4,420,1,1263,0.15
4,420,2,2183,0.15
4,420,3,704,0.15
4,420,4,1778,0.05
4,420,5,2860,0.0
4,420,6,1871,0.0
4,420,7,1948,0.0
4,420,8,1995,0.0
4,420,9,2237,0.0
4,420,10,1259,0.0
4,421,1,1467,0.15
4,421,2,1749,0.05
4,421,3,2018,0.05
4,421,4,1245,0.0
4,421,5,2888,0.0
4,421,6,1357,0.0
4,421,7,961,0.0
4,421,8,468,0.0
4,421,9,1585,0.0
4,421,10,305,0.0
4,422,1,1263,0.15
4,422,2,201,0.15
4,422,3,3010,0.15
4,422,4,1142,0.05
4,422,5,2714,0.0
4,422,6,1765,0.0
4,422,7,2938,0.0
4,422,8,1766,0.0
4,422,9,1006,0.0
4,422,10,2006,0.0
4,423,1,201,0.15
4,423,2,2028,0.15
4,423,3,755,0.1
4,423,4,158,0.0
4,423,5,2294,0.0
4,423,6,1271,0.0
4,423,7,74,0.0
4,423,8,2111,0.0
4,423,9,1459,0.0
4,423,10,2112,0.0
4,424,1,535,0.25
4,424,2,1618,0.1
4,424,3,1928,0.0
4,424,4,786,0.0
4,424,5,1633,0.0
4,424,6,2204,0.0
4,424,7,713,0.0
4,424,8,2165,0.0
4,424,9,3057,0.0
4,424,10,2972,0.0
4,425,1,64,0.05
4,425,2,1018,0.05
4,425,3,2386,0.0
4,425,4,2417,0.0
4,425,5,1790,0.0
4,425,6,985,0.0
4,425,7,2452,0.0
4,425,8,123,0.0
4,425,9,2169,0.0
4,425,10,2314,0.0
4,426,1,826,0.25
4,426,2,1618,0.1
4,426,3,670,0.05
4,426,4,1237,0.05
4,426,5,862,0.0
4,426,6,420,0.0
4,426,7,2852,0.0
4,426,8,3035,0.0
4,426,9,1713,0.0
4,426,10,1365,0.0
4,427,1,538,0.3
4,427,2,1517,0.1
4,427,3,2496,0.05
4,427,4,3044,0.0
4,427,5,2586,0.0
4,427,6,351,0.0
4,427,7,2800,0.0
4,427,8,3011,0.0
4,427,9,2523,0.0
4,427,10,2620,0.0
4,428,1,518,0.2
4,428,2,1517,0.1
4,428,3,1618,0.1
4,428,4,245,0.0
4,428,5,2259,0.0
4,428,6,1336,0.0
4,428,7,443,0.0
4,428,8,300,0.0
4,428,9,381,0.0
4,428,10,2290,0.0
4,429,1,518,0.2
4,429,2,1517,0.1
4,429,3,1618,0.1
4,429,4,2102,0.0
4,429,5,2386,0.0
4,429,6,2809,0.0
4,429,7,795,0.0
4,429,8,2600,0.0
4,429,9,1220,0.0
4,429,10,1304,0.0
4,430,1,518,0.2
4,430,2,1517,0.1
4,430,3,1618,0.1
4,430,4,2600,0.0
4,430,5,126,0.0
4,430,6,233,0.0
4,430,7,16,0.0
4,430,8,1398,0.0
4,430,9,277,0.0
4,430,10,2407,0.0
4,435,1,2700,0.2
4,435,2,621,0.2
4,435,3,742,0.15
4,435,4,1142,0.05
4,435,5,2611,0.0
4,435,6,3011,0.0
4,435,7,924,0.0
4,435,8,2176,0.0
4,435,9,2885,0.0
4,435,10,19,0.0
4,436,1,1293,0.2
4,436,2,670,0.2
4,436,3,64,0.05
4,436,4,1304,0.0
4,436,5,3001,0.0
4,436,6,815,0.0
4,436,7,2871,0.0
4,436,8,118,0.0
4,436,9,2770,0.0
4,436,10,1594,0.0
4,437,1,1293,0.2
4,437,2,624,0.1
4,437,3,64,0.05
4,437,4,520,0.0
4,437,5,2162,0.0
4,437,6,985,0.0
4,437,7,1547,0.0
4,437,8,453,0.0
4,437,9,1529,0.0
4,437,10,1858,0.0
4,438,1,264,0.25
4,438,2,2700,0.2
4,438,3,3073,0.05
4,438,4,310,0.05
4,438,5,1874,0.0
4,438,6,1004,0.0
4,438,7,714,0.0
4,438,8,2208,0.0
4,438,9,1928,0.0
4,438,10,2403,0.0
4,439,1,1040,0.15
4,439,2,2725,0.1
4,439,3,792,0.05
4,439,4,2728,0.0
4,439,5,2805,0.0
4,439,6,1910,0.0
4,439,7,1731,0.0
4,439,8,1234,0.0
4,439,9,1646,0.0
4,439,10,2529,0.0
4,440,1,2911,0.15
4,440,2,884,0.1
4,440,3,2851,0.1
4,440,4,709,0.0
4,440,5,651,0.0
4,440,6,907,0.0
4,440,7,1847,0.0
4,440,8,490,0.0
4,440,9,974,0.0
4,440,10,188,0.0
4,441,1,1579,0.2
4,441,2,957,0.1
4,441,3,792,0.05
4,441,4,1596,0.0
4,441,5,2034,0.0
4,441,6,2866,0.0
4,441,7,2743,0.0
4,441,8,654,0.0
4,441,9,1361,0.0
4,441,10,2498,0.0
4,442,1,2761,0.1
4,442,2,2851,0.1
4,442,3,1749,0.05
4,442,4,993,0.0
4,442,5,3069,0.0
4,442,6,944,0.0
4,442,7,438,0.0
4,442,8,2256,0.0
4,442,9,529,0.0
4,442,10,1240,0.0
4,443,1,2911,0.15
4,443,2,2566,0.15
4,443,3,513,0.1
4,443,4,2226,0.0
4,443,5,2816,0.0
4,443,6,1402,0.0
4,443,7,2468,0.0
4,443,8,3051,0.0
4,443,9,943,0.0
4,443,10,1928,0.0
4,444,1,58,0.15
4,444,2,1386,0.1
4,444,3,2452,0.0
4,444,4,1738,0.0
4,444,5,2746,0.0
4,444,6,1252,0.0
4,444,7,2669,0.0
4,444,8,2988,0.0
4,444,9,1514,0.0
4,444,10,3081,0.0
4,445,1,1386,0.1
4,445,2,513,0.1
4,445,3,1247,0.05
4,445,4,2367,0.0
4,445,5,2549,0.0
4,445,6,1751,0.0
4,445,7,366,0.0
4,445,8,2749,0.0
4,445,9,3061,0.0
4,445,10,2458,0.0
4,446,1,191,0.2
4,446,2,1469,0.05
4,446,3,611,0.05
4,446,4,1957,0.05
4,446,5,1812,0.0
4,446,6,2075,0.0
4,446,7,1916,0.0
4,446,8,80,0.0
4,446,9,1369,0.0
4,446,10,3003,0.0
4,448,1,2912,0.3
4,448,2,672,0.25
4,448,3,581,0.1
4,448,4,356,0.0
4,448,5,383,0.0
4,448,6,682,0.0
4,448,7,2506,0.0
4,448,8,314,0.0
4,448,9,2540,0.0
4,448,10,1661,0.0
4,449,1,507,0.3
4,449,2,2391,0.2
4,449,3,2942,0.2
4,449,4,2387,0.05
4,449,5,2806,0.0
4,449,6,319,0.0
4,449,7,2208,0.0
4,449,8,2180,0.0
4,449,9,1971,0.0
4,449,10,112,0.0
4,450,1,301,0.2
4,450,2,2210,0.15
4,450,3,394,0.15
4,450,4,2083,0.0
4,450,5,1771,0.0
4,450,6,2888,0.0
4,450,7,199,0.0
4,450,8,1158,0.0
4,450,9,89,0.0
4,450,10,530,0.0
4,451,1,2942,0.2
4,451,2,1048,0.15
4,451,3,2814,0.15
4,451,4,426,0.05
4,451,5,2618,0.0
4,451,6,900,0.0
4,451,7,265,0.0
4,451,8,2818,0.0
4,451,9,1944,0.0
4,451,10,2133,0.0
4,452,1,672,0.25
4,452,2,394,0.15
4,452,3,3079,0.05
4,452,4,314,0.0
4,452,5,2031,0.0
4,452,6,671,0.0
4,452,7,1069,0.0
4,452,8,1671,0.0
4,452,9,262,0.0
4,452,10,2680,0.0
4,453,1,2704,0.25
4,453,2,2391,0.2
4,453,3,833,0.1
4,453,4,1573,0.0
4,453,5,2905,0.0
4,453,6,2571,0.0
4,453,7,601,0.0
4,453,8,221,0.0
4,453,9,1265,0.0
4,453,10,727,0.0
4,454,1,665,0.25
4,454,2,301,0.2
4,454,3,1957,0.05
4,454,4,49,0.0
4,454,5,1901,0.0
4,454,6,302,0.0
4,454,7,2091,0.0
4,454,8,143,0.0
4,454,9,2389,0.0
4,454,10,2175,0.0
4,455,1,1200,0.2
4,455,2,1048,0.15
4,455,3,2033,0.05
4,455,4,1816,0.0
4,455,5,1274,0.0
4,455,6,851,0.0
4,455,7,2468,0.0
4,455,8,1088,0.0
4,455,9,543,0.0
4,455,10,2154,0.0
4,456,1,1184,0.3
4,456,2,1718,0.2
4,456,3,833,0.1
4,456,4,2323,0.05
4,456,5,2682,0.0
4,456,6,387,0.0
4,456,7,2845,0.0
4,456,8,1495,0.0
4,456,9,1291,0.0
4,456,10,1100,0.0
4,457,1,2210,0.15
4,457,2,1759,0.1
4,457,3,833,0.1
4,457,4,2095,0.05
4,457,5,2923,0.0
4,457,6,1314,0.0
4,457,7,896,0.0
4,457,8,1887,0.0
4,457,9,1614,0.0
4,457,10,2464,0.0
4,458,1,301,0.2
4,458,2,2391,0.2
4,458,3,2210,0.15
4,458,4,2522,0.0
4,458,5,2118,0.0
4,458,6,60,0.0
4,458,7,1926,0.0
4,458,8,841,0.0
4,458,9,2269,0.0
4,458,10,1974,0.0
4,459,1,1354,0.2
4,459,2,1832,0.1
4,459,3,2493,0.1
4,459,4,400,0.05
4,459,5,938,0.0
4,459,6,1629,0.0
4,459,7,2341,0.0
4,459,8,1579,0.0
4,459,9,1709,0.0
4,459,10,415,0.0
4,460,1,863,0.2
4,460,2,1173,0.1
4,460,3,1142,0.05
4,460,4,1260,0.05
4,460,5,425,0.0
4,460,6,621,0.0
4,460,7,1189,0.0
4,460,8,2101,0.0
4,460,9,2955,0.0
4,460,10,1253,0.0
4,461,1,1153,0.2
4,461,2,444,0.2
4,461,3,2493,0.1
4,461,4,1181,0.0
4,461,5,1885,0.0
4,461,6,129,0.0
4,461,7,1168,0.0
4,461,8,2010,0.0
4,461,9,543,0.0
4,461,10,940,0.0
4,462,1,554,0.25
4,462,2,1173,0.1
4,462,3,1416,0.0
4,462,4,1606,0.0
4,462,5,89,0.0
4,462,6,363,0.0
4,462,7,1114,0.0
4,462,8,997,0.0
4,462,9,2941,0.0
4,462,10,510,0.0
4,463,1,536,0.25
4,463,2,1153,0.2
4,463,3,1260,0.05
4,463,4,771,0.0
4,463,5,2224,0.0
4,463,6,1423,0.0
4,463,7,1349,0.0
4,463,8,1550,0.0
4,463,9,1456,0.0
4,463,10,318,0.0
4,465,1,668,0.15
4,465,2,2862,0.15
4,465,3,2157,0.15
4,465,4,2865,0.0
4,465,5,1348,0.0
4,465,6,1403,0.0
4,465,7,2307,0.0
4,465,8,1695,0.0
4,465,9,2463,0.0
4,465,10,1661,0.0
4,467,1,2355,0.15
4,467,2,22,0.05
4,467,3,3018,0.05
4,467,4,1836,0.0
4,467,5,1566,0.0
4,467,6,188,0.0
4,467,7,763,0.0
4,467,8,1928,0.0
4,467,9,311,0.0
4,467,10,2331,0.0
4,468,1,2354,0.15
4,468,2,905,0.15
4,468,3,1792,0.05
4,468,4,1651,0.0
4,468,5,2864,0.0
4,468,6,670,0.0
4,468,7,1443,0.0
4,468,8,952,0.0
4,468,9,1093,0.0
4,468,10,904,0.0
4,469,1,1354,0.2
4,469,2,1832,0.1
4,469,3,310,0.05
4,469,4,3084,0.05
4,469,5,2670,0.0
4,469,6,2910,0.0
4,469,7,1992,0.0
4,469,8,479,0.0
4,469,9,2720,0.0
4,469,10,2074,0.0
4,470,1,2931,0.15
4,470,2,1476,0.15
4,470,3,2661,0.05
4,470,4,2610,0.0
4,470,5,1206,0.0
4,470,6,961,0.0
4,470,7,1425,0.0
4,470,8,1007,0.0
4,470,9,2418,0.0
4,470,10,2227,0.0
4,471,1,2432,0.3
4,471,2,707,0.2
4,471,3,1248,0.15
4,471,4,2335,0.0
4,471,5,2932,0.0
4,471,6,288,0.0
4,471,7,90,0.0
4,471,8,1285,0.0
4,471,9,1152,0.0
4,471,10,1949,0.0
4,472,1,1829,0.25
4,472,2,1248,0.15
4,472,3,1981,0.1
4,472,4,429,0.05
4,472,5,319,0.0
4,472,6,857,0.0
4,472,7,2564,0.0
4,472,8,62,0.0
4,472,9,3058,0.0
4,472,10,436,0.0
4,474,1,1698,0.35
4,474,2,1063,0.25
4,474,3,1531,0.1
4,474,4,2395,0.05
4,474,5,2910,0.0
4,474,6,2328,0.0
4,474,7,1550,0.0
4,474,8,599,0.0
4,474,9,924,0.0
4,474,10,959,0.0
4,475,1,2432,0.3
4,475,2,1829,0.25
4,475,3,1447,0.2
4,475,4,310,0.05
4,475,5,1235,0.0
4,475,6,2226,0.0
4,475,7,3005,0.0
4,475,8,1498,0.0
4,475,9,2744,0.0
4,475,10,1884,0.0
4,476,1,1063,0.25
4,476,2,229,0.1
4,476,3,1531,0.1
4,476,4,2894,0.05
4,476,5,297,0.0
4,476,6,2344,0.0
4,476,7,1725,0.0
4,476,8,397,0.0
4,476,9,2518,0.0
4,476,10,1847,0.0
4,477,1,1447,0.2
4,477,2,1531,0.1
4,477,3,950,0.05
4,477,4,2894,0.05
4,477,5,1747,0.05
4,477,6,1164,0.0
4,477,7,910,0.0
4,477,8,1213,0.0
4,477,9,912,0.0
4,477,10,1007,0.0
4,478,1,1447,0.2
4,478,2,1248,0.15
4,478,3,1531,0.1
4,478,4,3081,0.0
4,478,5,578,0.0
4,478,6,2297,0.0
4,478,7,1524,0.0
4,478,8,227,0.0
4,478,9,1886,0.0
4,478,10,1860,0.0
4,479,1,1809,0.1
4,479,2,512,0.1
4,479,3,1495,0.0
4,479,4,229,0.0
4,479,5,2153,0.0
4,479,6,2228,0.0
4,479,7,617,0.0
4,479,8,13,0.0
4,479,9,1785,0.0
4,479,10,1133,0.0
4,480,1,1829,0.25
4,480,2,1063,0.25
4,480,3,1248,0.15
4,480,4,695,0.0
4,480,5,677,0.0
4,480,6,2547,0.0
4,480,7,622,0.0
4,480,8,1909,0.0
4,480,9,2024,0.0
4,480,10,1281,0.0
4,481,1,306,0.15
4,481,2,2448,0.05
4,481,3,1574,0.0
4,481,4,715,0.0
4,481,5,2845,0.0
4,481,6,1047,0.0
4,481,7,2864,0.0
4,481,8,697,0.0
4,481,9,44,0.0
4,481,10,638,0.0
4,483,1,1270,0.1
4,483,2,359,0.0
4,483,3,763,0.0
4,483,4,452,0.0
4,483,5,1240,0.0
4,483,6,2415,0.0
4,483,7,1554,0.0
4,483,8,1016,0.0
4,483,9,2858,0.0
4,483,10,2793,0.0
4,484,1,1270,0.1
4,484,2,1300,0.05
4,484,3,1295,0.05
4,484,4,359,0.0
4,484,5,823,0.0
4,484,6,2213,0.0
4,484,7,309,0.0
4,484,8,1757,0.0
4,484,9,281,0.0
4,484,10,630,0.0
4,485,1,398,0.15
4,485,2,520,0.1
4,485,3,971,0.0
4,485,4,2484,0.0
4,485,5,32,0.0
4,485,6,531,0.0
4,485,7,228,0.0
4,485,8,862,0.0
4,485,9,1980,0.0
4,485,10,1165,0.0
4,486,1,2377,0.1
4,486,2,1001,0.1
4,486,3,2232,0.0
4,486,4,2482,0.0
4,486,5,1894,0.0
4,486,6,2504,0.0
4,486,7,499,0.0
4,486,8,2523,0.0
4,486,9,1338,0.0
4,486,10,898,0.0
4,487,1,1109,0.05
4,487,2,424,0.05
4,487,3,1388,0.0
4,487,4,2083,0.0
4,487,5,2411,0.0
4,487,6,1586,0.0
4,487,7,246,0.0
4,487,8,2677,0.0
4,487,9,8,0.0
4,487,10,1811,0.0
4,491,1,495,0.15
4,491,2,1831,0.15
4,491,3,1304,0.05
4,491,4,2238,0.0
4,491,5,2188,0.0
4,491,6,2327,0.0
4,491,7,2599,0.0
4,491,8,1238,0.0
4,491,9,2440,0.0
4,491,10,2535,0.0
4,492,1,1161,0.1
4,492,2,1682,0.1
4,492,3,1304,0.05
4,492,4,2204,0.0
4,492,5,940,0.0
4,492,6,1155,0.0
4,492,7,1614,0.0
4,492,8,2763,0.0
4,492,9,1746,0.0
4,492,10,1517,0.0
4,493,1,541,0.15
4,493,2,1836,0.15
4,493,3,1161,0.1
4,493,4,1091,0.05
4,493,5,856,0.0
4,493,6,2416,0.0
4,493,7,900,0.0
4,493,8,1225,0.0
4,493,9,19,0.0
4,493,10,1532,0.0
4,494,1,1682,0.1
4,494,2,1525,0.05
4,494,3,1278,0.05
4,494,4,2990,0.0
4,494,5,523,0.0
4,494,6,1988,0.0
4,494,7,1337,0.0
4,494,8,602,0.0
4,494,9,797,0.0
4,494,10,2957,0.0
4,495,1,1656,0.0
4,495,2,682,0.0
4,495,3,773,0.0
4,495,4,579,0.0
4,495,5,1878,0.0
4,495,6,159,0.0
4,495,7,386,0.0
4,495,8,2717,0.0
4,495,9,2688,0.0
4,495,10,2478,0.0
