id;id_photo;id_survey;like_bool;anger;fear;disgust;sadness;happiness;surprise;neutral;valence;arousal;dominance
1;1754;1;1;0;0;0;0;0;0;5;3;1;2
2;1785;1;1;0;0;0;2;0;0;0;2;2;3
3;123;1;0;0;0;0;4;0;0;0;1;3;1
4;2315;1;0;0;0;0;2;0;0;0;2;1;3
5;1548;1;0;0;0;0;0;0;0;5;3;1;3
6;1055;1;1;0;0;0;0;3;0;0;4;3;4
7;1738;1;1;0;0;0;0;3;0;0;4;4;4
8;2922;1;1;0;0;0;0;0;0;3;3;2;4
9;318;1;0;0;0;0;2;0;0;0;2;2;2
10;948;1;0;0;0;0;0;0;0;3;3;2;2
11;986;1;0;3;0;0;0;0;0;0;2;4;4
12;1142;1;1;0;0;0;0;1;0;0;3;1;3
13;889;1;0;0;0;0;2;0;0;0;2;3;2
14;1059;1;1;0;0;0;0;4;0;0;5;3;3
15;1507;1;1;0;0;0;0;3;0;0;4;2;3
16;1778;2;1;0;0;0;1;0;0;3;3;2;1
17;379;2;0;3;4;0;4;0;0;0;1;3;2
18;342;2;0;4;0;5;5;0;0;0;1;2;3
19;1898;2;0;0;0;0;4;0;0;5;3;1;1
20;2121;2;1;0;0;0;0;4;0;0;5;1;2
21;2370;2;1;0;0;0;0;1;0;3;3;1;1
22;25;2;0;0;0;0;3;0;0;0;2;2;2
23;991;2;0;0;0;0;0;0;0;5;3;1;1
24;667;2;1;0;0;0;0;4;0;0;5;2;1
25;2234;2;0;0;0;0;0;0;0;3;3;1;1
26;544;2;1;0;0;0;0;2;0;5;4;1;1
27;1621;2;1;0;0;0;0;2;0;0;3;1;1
28;40;2;1;0;0;0;0;3;0;0;4;1;1
29;1872;2;1;0;0;0;2;0;0;0;3;1;1
30;2211;2;1;0;0;0;0;0;0;5;3;1;1
31;316;3;0;0;0;0;0;0;0;4;3;1;4
32;1569;3;1;0;0;1;0;2;0;4;4;3;3
33;748;3;1;0;0;0;0;3;0;2;5;3;2
34;2482;3;0;0;0;2;0;0;1;3;3;1;2
35;2144;3;1;0;0;0;0;3;2;0;4;2;3
36;1927;3;0;0;2;3;3;0;0;0;2;1;3
37;2184;3;1;0;0;0;0;4;0;0;4;3;3
38;235;3;0;0;5;4;0;0;3;0;1;2;4
39;1747;3;1;0;0;0;4;0;0;0;2;1;1
40;1407;3;1;0;0;0;0;2;0;4;4;2;1
41;2669;3;0;0;0;3;0;0;0;3;2;1;3
42;655;3;1;0;0;0;0;5;0;3;5;1;2
43;675;3;1;0;0;0;0;0;0;4;3;2;2
44;1295;3;1;0;0;0;0;4;2;0;4;3;3
45;169;3;0;0;5;4;3;0;5;0;1;3;4
46;2661;4;1;0;0;0;1;0;0;0;3;1;3
47;1250;4;0;0;4;0;0;0;0;0;1;3;2
48;1082;4;1;0;0;0;0;0;0;4;5;2;5
49;1710;4;1;0;0;0;0;3;0;0;5;3;5
50;2053;4;1;0;0;0;0;4;0;0;5;3;4
51;766;4;1;0;0;0;0;0;0;3;3;2;3
52;2901;4;1;0;0;0;0;2;3;0;4;3;4
53;2933;4;1;0;1;0;0;5;4;0;5;3;4
54;494;4;1;0;0;0;0;2;0;4;4;1;4
55;1665;4;1;0;0;0;0;2;0;4;5;2;4
56;2323;4;1;0;0;0;0;0;0;4;4;1;5
57;2073;4;1;0;0;0;0;0;3;0;5;3;5
58;1816;4;1;0;0;0;0;0;0;3;4;2;4
59;2395;4;1;0;0;0;0;2;3;0;5;3;5
60;1358;4;1;0;0;0;0;4;2;0;4;3;5
61;1717;5;1;0;0;0;0;0;0;3;4;2;3
62;2717;5;1;0;0;0;0;3;0;0;3;3;3
63;749;5;1;0;0;0;3;0;0;0;3;3;3
64;99;5;1;0;0;0;0;5;0;0;5;5;5
65;158;5;1;0;0;0;0;0;0;4;4;4;4
66;2642;5;1;0;0;0;0;0;3;0;3;3;3
67;1251;5;1;0;0;0;0;4;0;0;4;4;4
68;1725;5;1;0;0;0;0;0;4;0;4;4;4
69;2734;5;1;0;0;0;0;0;4;0;4;4;4
70;1686;5;1;0;0;0;0;0;0;3;3;3;3
71;193;5;1;0;3;0;0;0;0;0;4;4;4
72;2347;5;1;0;0;0;0;0;0;3;3;3;3
73;2067;5;1;0;0;0;0;0;3;0;3;3;3
74;498;5;1;0;0;0;0;0;3;0;3;3;3
75;2897;5;1;0;0;0;0;0;0;3;3;3;3
76;1730;6;1;0;0;0;0;3;0;0;5;2;5
77;1308;6;1;0;0;0;0;3;0;0;4;2;5
78;3054;6;1;0;0;0;3;0;0;0;4;3;4
79;1442;6;1;0;0;0;0;2;4;0;4;4;5
80;546;6;1;0;0;0;0;0;0;3;4;2;4
81;1251;6;1;0;0;0;0;3;0;0;4;2;4
82;698;6;1;0;3;0;0;0;0;0;3;2;3
83;2143;6;1;0;0;0;0;0;0;3;3;2;3
84;681;6;1;0;0;0;0;0;3;0;3;2;3
85;2940;6;1;0;0;0;0;4;3;0;3;2;3
86;1513;6;1;0;0;0;0;3;0;0;3;2;3
87;2581;6;1;0;0;0;0;4;0;0;3;2;3
88;2416;6;1;0;0;0;3;0;0;0;4;2;4
89;1287;6;1;0;0;0;0;4;0;0;3;2;3
90;1627;6;1;0;0;0;0;0;0;3;3;2;3
91;2358;7;1;0;0;0;0;0;0;5;3;3;3
92;1461;7;1;0;0;0;0;5;0;0;3;3;3
93;2789;7;1;0;0;0;0;0;0;1;3;3;3
94;611;7;1;0;0;0;0;5;0;0;3;3;3
95;2877;7;0;0;0;5;0;0;0;0;1;1;1
96;429;7;1;0;0;0;0;5;0;0;3;3;3
97;2046;7;0;0;0;0;5;0;0;0;1;1;1
98;2691;7;0;0;0;0;5;0;0;0;1;1;1
99;461;7;1;0;0;0;0;5;0;0;5;5;5
100;2095;7;1;0;0;0;0;5;0;0;4;4;4
101;1104;7;1;0;0;0;0;5;0;0;5;5;5
102;2098;7;1;0;5;0;0;0;0;0;3;3;3
103;1771;7;0;0;0;0;5;0;0;0;1;1;1
104;2195;7;1;0;0;0;0;5;0;0;5;5;5
105;1751;7;0;0;0;0;5;0;0;0;3;3;3
106;1763;8;0;0;0;0;4;0;0;0;2;1;1
107;2839;8;1;0;0;0;0;0;0;4;3;1;2
108;426;8;1;0;0;0;0;3;0;0;3;2;2
109;750;8;0;0;4;0;0;0;0;0;2;1;1
110;2024;8;0;0;0;0;4;0;0;0;1;1;1
111;1237;8;1;0;0;0;0;3;0;0;2;2;2
112;2313;8;1;0;0;0;0;0;4;0;3;3;2
113;1925;8;0;5;0;0;0;0;0;0;3;1;1
114;2516;8;0;0;0;0;4;0;0;0;3;1;1
115;354;8;0;5;0;0;0;0;0;0;1;1;1
116;835;8;0;0;0;0;5;0;0;0;1;1;1
117;2560;8;0;0;0;0;0;0;0;3;2;2;2
118;38;8;1;0;0;0;0;4;0;0;5;4;4
119;1078;8;1;0;0;0;0;4;0;0;5;3;3
120;2003;8;0;0;0;0;4;0;0;0;1;1;1
121;1247;9;1;0;0;0;0;4;0;0;5;4;4
122;1415;9;1;0;0;0;0;4;0;0;5;4;4
123;2780;9;0;0;0;0;0;0;0;3;3;1;2
124;1300;9;1;0;0;0;0;4;0;0;5;4;4
125;2193;9;0;0;0;0;3;0;0;0;1;1;2
126;2677;9;0;0;0;0;4;0;0;0;1;1;2
127;1839;9;1;0;0;0;0;3;0;0;4;3;4
128;1543;9;1;0;0;0;0;0;0;3;3;2;2
129;2387;9;1;0;0;0;0;0;3;0;3;1;2
130;1984;9;1;0;0;0;5;0;0;0;1;1;3
131;1657;9;1;0;0;0;0;0;4;0;3;3;5
132;3018;9;1;0;0;0;0;0;0;3;3;1;2
133;2668;9;1;0;0;0;4;0;0;0;2;2;2
134;1712;9;1;0;0;0;0;4;0;0;3;4;5
135;484;9;1;0;0;0;0;4;0;0;5;4;4
136;380;10;0;0;0;5;0;0;0;0;5;1;3
137;155;10;0;0;0;0;4;0;0;0;3;1;3
138;2925;10;1;0;0;0;3;0;0;0;1;4;4
139;2892;10;1;0;3;0;0;0;0;0;3;4;5
140;310;10;1;0;0;0;0;3;0;0;3;4;5
141;2894;10;1;0;3;0;0;0;0;0;3;4;5
142;2738;10;1;0;0;0;0;3;0;0;3;4;4
143;14;10;1;0;3;0;0;0;0;0;3;5;5
144;732;10;1;0;0;0;0;0;0;3;3;3;3
145;1780;10;0;0;0;0;5;0;0;0;3;1;1
146;3059;10;0;0;0;0;4;0;0;0;4;3;3
147;321;10;0;0;0;0;0;0;0;3;3;3;3
148;1047;10;1;0;0;0;0;4;0;0;3;3;3
149;55;10;1;0;0;0;0;4;0;0;4;4;5
150;2372;10;1;0;0;0;0;0;0;3;3;3;3
151;1681;11;1;0;0;0;0;5;0;0;5;1;4
152;1802;11;0;0;0;0;0;0;0;5;3;1;1
153;1255;11;1;0;0;0;1;0;0;0;1;1;1
154;383;11;0;0;0;0;1;0;0;0;1;1;1
155;1612;11;0;0;0;0;0;0;0;2;1;1;1
156;1821;11;1;0;0;0;0;4;0;0;5;3;4
157;3015;11;0;0;0;0;3;0;0;0;1;3;2
158;1708;11;1;0;0;0;0;0;0;1;2;1;3
159;2002;11;0;0;0;0;5;0;0;0;1;1;1
160;2951;11;1;0;0;0;0;0;0;2;2;2;4
161;2985;11;0;0;0;0;0;0;0;3;1;1;1
162;2306;11;1;0;0;0;0;0;0;1;1;1;1
163;1417;11;1;0;0;0;0;4;0;0;4;3;4
164;2621;11;1;0;0;0;0;0;0;1;3;3;3
165;2285;11;1;0;0;0;0;4;0;0;3;2;4
166;2914;12;1;0;0;0;0;0;0;5;3;5;5
167;1235;12;1;0;0;0;0;4;0;0;4;4;5
168;1525;12;1;0;0;0;4;0;0;0;4;2;3
169;400;12;1;0;0;0;0;5;0;0;4;2;5
170;2896;12;0;0;0;5;0;0;0;0;5;4;4
171;1858;12;1;0;0;0;0;0;0;4;3;1;1
172;2955;12;0;0;5;0;0;0;0;0;3;1;1
173;2876;12;0;0;0;5;0;0;0;0;5;2;4
174;2989;12;1;0;0;0;0;4;0;0;4;3;4
175;2448;12;1;0;0;0;0;0;0;5;1;1;1
176;500;12;1;0;0;0;0;1;0;0;5;1;5
177;1838;12;1;0;0;0;0;0;5;0;4;3;3
178;1721;12;1;0;0;0;0;5;0;0;4;1;2
179;2998;12;1;0;0;0;5;0;0;0;4;1;3
180;2099;12;1;0;0;0;0;3;0;0;4;1;1
181;2995;13;1;0;0;0;0;0;0;1;4;1;2
182;2787;13;1;0;0;0;0;3;0;0;5;2;5
183;1267;13;1;0;0;0;0;5;0;0;5;2;2
184;601;13;1;0;0;0;0;0;0;3;4;3;3
185;1775;13;1;0;0;0;4;0;0;0;1;4;1
186;2474;13;1;0;0;0;0;0;0;3;1;1;1
187;1089;13;1;0;0;0;0;4;0;0;5;3;3
188;142;13;0;3;0;0;2;0;0;0;1;1;1
189;1645;13;1;0;0;0;0;4;0;0;5;3;4
190;2299;13;1;0;0;0;0;4;0;0;5;2;3
191;227;13;0;3;3;0;0;0;0;0;2;2;2
192;155;13;0;0;3;3;3;0;0;0;1;1;1
193;2684;13;0;0;0;0;0;0;0;2;1;1;1
194;1280;13;0;0;0;0;0;3;4;0;3;2;2
195;1601;13;0;0;0;0;0;0;0;2;1;1;1
196;2097;14;1;0;0;0;0;0;0;5;1;1;2
197;2137;14;1;0;0;0;0;0;0;4;2;2;2
198;2556;14;1;0;0;0;0;2;0;0;2;2;3
199;1342;14;1;0;0;0;0;4;0;0;3;3;3
200;2844;14;0;0;0;0;3;0;0;0;1;1;1
201;2533;14;1;0;0;0;0;0;0;2;1;1;1
202;1279;14;1;0;0;0;0;3;0;0;3;3;3
203;1091;14;1;0;0;0;0;5;0;0;4;4;4
204;2736;14;0;0;1;0;0;0;0;0;2;2;2
205;174;14;1;0;0;0;0;0;3;0;3;3;2
206;857;14;0;0;0;0;1;0;0;0;3;3;2
207;612;14;1;0;0;0;0;2;0;0;4;4;4
208;2649;14;0;0;0;0;0;0;1;0;3;2;3
209;731;14;1;0;0;0;0;0;1;0;3;3;3
210;1805;14;0;0;0;0;1;0;0;0;3;3;3
211;1312;15;1;0;0;0;0;4;0;0;3;2;3
212;1197;15;1;0;0;0;0;3;0;0;3;3;3
213;1792;15;1;0;0;0;0;0;0;2;2;2;2
214;407;15;1;0;0;0;0;4;0;0;4;3;3
215;1761;15;1;0;0;0;0;0;0;2;2;2;2
216;2920;15;1;0;0;0;0;0;3;0;3;3;2
217;346;15;0;0;0;0;0;0;0;1;3;4;3
218;2882;15;1;0;0;0;0;0;3;0;3;2;3
219;689;15;1;0;0;0;0;5;0;0;4;4;4
220;2583;15;1;0;0;0;0;0;0;3;3;3;3
221;2848;15;1;0;0;0;0;0;0;3;3;3;3
222;327;15;1;0;0;0;0;0;3;0;3;3;3
223;2447;15;0;0;0;0;1;0;0;0;4;4;4
224;2390;15;0;0;0;0;3;0;0;0;3;3;3
225;1726;15;0;0;0;0;3;0;0;0;3;3;3
226;364;16;0;0;0;0;0;0;0;1;2;1;3
227;60;16;1;0;0;0;0;1;0;0;3;2;2
228;1335;16;0;0;0;0;0;0;0;1;1;1;1
229;2286;16;1;0;0;0;0;1;0;0;4;2;2
230;215;16;1;0;0;0;0;1;0;0;5;3;2
231;2435;16;1;0;0;0;0;0;0;1;3;1;1
232;2259;16;0;0;0;0;0;0;0;1;1;1;1
233;205;16;1;0;0;0;0;0;0;1;2;1;1
234;1833;16;0;0;0;0;5;0;0;0;4;1;1
235;1395;16;1;0;0;0;0;5;0;0;5;3;1
236;336;16;0;0;0;5;0;0;0;0;5;1;1
237;993;16;0;0;0;0;0;0;0;2;2;1;1
238;2135;16;1;0;0;0;0;3;0;0;4;1;1
239;1748;16;0;0;0;0;1;0;0;0;3;1;1
240;2410;16;1;0;0;0;0;0;0;1;4;1;1
241;80;17;0;0;0;0;0;0;4;0;5;3;4
242;1720;17;1;0;0;0;0;4;0;0;5;5;5
243;551;17;1;0;0;0;0;0;0;3;3;2;2
244;3041;17;1;0;0;0;0;0;3;0;3;3;3
245;2811;17;0;0;4;0;0;0;0;0;4;3;4
246;2804;17;1;0;4;0;0;0;0;0;4;4;4
247;476;17;1;0;0;0;0;4;0;0;4;4;4
248;166;17;0;0;0;4;0;0;0;0;4;4;4
249;257;17;1;0;0;0;0;4;0;0;4;4;4
250;530;17;1;0;0;0;0;0;0;4;4;4;4
251;791;17;1;0;0;0;0;0;4;0;4;3;3
252;2396;17;1;0;0;0;0;0;0;3;4;4;4
253;1495;17;1;0;0;0;0;3;0;0;4;3;3
254;1317;17;1;0;0;0;0;0;0;3;5;4;3
255;3057;17;0;0;0;0;4;0;0;0;4;3;3
256;2476;18;1;0;0;0;0;0;4;0;3;2;3
257;2868;18;0;0;5;0;0;0;0;0;1;1;3
258;2045;18;1;0;0;0;3;0;0;0;3;1;1
259;474;18;1;0;0;0;0;5;0;0;4;4;4
260;1302;18;1;0;0;0;0;5;0;0;4;4;4
261;990;18;1;0;0;0;0;0;0;3;2;2;3
262;3016;18;1;0;0;0;3;0;0;0;3;3;4
263;1156;18;1;0;0;0;0;0;0;4;2;2;2
264;1502;18;1;0;0;0;0;0;0;3;2;2;2
265;1550;18;1;0;0;0;0;0;3;0;2;3;3
266;2536;18;1;0;0;0;0;0;0;3;3;1;1
267;1202;18;1;0;0;0;0;4;0;0;4;4;4
268;1594;18;1;0;0;0;0;3;0;0;4;4;4
269;1737;18;1;0;0;0;0;5;0;0;5;5;5
270;954;18;0;0;0;5;0;0;0;0;3;1;2
271;3062;19;1;0;0;0;3;0;0;0;1;1;2
272;1801;19;1;0;0;0;1;0;0;0;3;3;3
273;1535;19;1;0;3;0;0;0;0;0;2;2;2
274;3047;19;1;0;0;0;0;0;0;1;3;3;3
275;1127;19;1;0;0;0;0;3;0;0;4;4;4
276;980;19;1;0;0;0;0;0;0;1;2;2;2
277;1891;19;1;0;0;0;0;0;0;1;1;1;1
278;2832;19;1;0;0;0;4;0;0;0;2;2;2
279;98;19;1;0;0;0;0;3;0;0;3;3;3
280;1007;19;1;0;0;0;0;0;0;2;2;2;2
281;3004;19;1;0;0;0;0;0;0;2;2;2;2
282;421;19;1;0;0;0;0;4;0;0;4;4;4
283;2634;19;1;0;0;0;0;0;0;1;2;2;2
284;1352;19;1;0;0;0;0;2;0;0;3;3;3
285;208;19;1;0;0;0;0;5;0;0;5;5;5
286;1013;20;0;0;0;0;0;0;3;0;3;1;1
287;2776;20;0;0;0;0;0;0;0;5;1;1;1
288;1429;20;1;0;0;0;0;4;0;0;3;3;2
289;1861;20;0;0;0;0;5;0;0;0;3;2;2
290;1980;20;0;0;0;0;5;0;0;0;4;2;2
291;2444;20;1;0;0;0;0;3;0;0;2;2;2
292;1979;20;0;0;0;0;5;0;0;0;3;4;2
293;567;20;1;0;0;0;0;4;0;0;3;3;2
294;2192;20;1;0;0;0;0;3;0;0;2;2;1
295;381;20;0;0;0;0;5;0;0;0;2;3;1
296;2546;20;0;0;0;0;5;0;0;0;2;2;1
297;3068;20;0;0;0;0;0;0;0;3;1;1;1
298;6;20;1;0;0;0;0;0;3;0;2;2;1
299;1724;20;1;0;0;0;0;0;0;5;1;1;1
300;2796;20;1;0;0;0;0;0;4;0;3;3;2
301;615;21;1;0;0;0;0;3;0;0;3;3;4
302;2303;21;1;0;0;0;0;0;0;4;4;3;3
303;2412;21;1;0;0;0;0;4;0;0;4;4;3
304;1012;21;1;0;0;0;0;0;0;3;2;3;3
305;692;21;1;0;0;0;0;4;0;0;4;4;4
306;1044;21;1;0;0;0;0;4;0;0;4;4;4
307;2792;21;1;0;2;0;0;0;0;0;2;2;2
308;2030;21;0;0;0;0;4;0;0;0;1;1;1
309;739;21;1;0;0;0;3;0;0;0;2;2;3
310;853;21;0;0;0;0;4;0;0;0;2;2;2
311;584;21;1;0;0;0;0;4;0;0;4;4;4
312;1388;21;1;0;0;0;0;5;0;0;5;5;5
313;1365;21;1;0;0;0;0;5;0;0;5;5;5
314;137;21;1;0;0;0;5;0;0;0;5;3;5
315;887;21;0;0;3;0;0;0;0;0;5;4;4
316;2237;22;0;0;0;0;0;0;1;0;1;1;1
317;1910;22;1;0;0;0;0;0;2;0;2;2;2
318;1100;22;1;0;0;0;0;0;0;1;1;1;1
319;365;22;0;0;0;0;4;0;0;0;1;1;1
320;1236;22;1;0;0;0;0;0;0;1;1;1;1
321;1428;22;1;0;0;0;0;3;0;0;2;2;2
322;724;22;1;0;0;0;0;0;0;1;1;1;1
323;1628;22;1;0;0;0;0;0;0;1;1;1;1
324;2291;22;1;0;0;0;0;0;0;1;1;1;1
325;2369;22;1;0;0;0;0;0;0;1;1;1;1
326;1273;22;1;0;0;0;0;5;0;0;4;4;4
327;2674;22;0;0;0;0;0;0;0;1;1;1;1
328;2340;22;1;0;0;0;0;3;0;0;4;2;3
329;2162;22;1;0;0;0;0;3;0;0;4;3;4
330;890;22;1;0;0;0;0;0;2;0;4;3;4
331;1638;23;1;0;0;0;0;5;0;0;5;4;5
332;2;23;0;0;5;0;0;0;0;0;1;1;1
333;2957;23;1;0;0;0;0;5;0;0;5;4;4
334;861;23;1;0;0;0;5;0;0;0;2;1;1
335;2702;23;1;0;0;0;0;4;0;0;4;3;3
336;39;23;1;0;0;0;0;5;0;0;4;4;4
337;1315;23;1;0;0;0;0;5;0;0;5;4;4
338;634;23;1;0;0;0;0;5;0;0;4;4;4
339;534;23;0;0;0;0;4;0;0;0;2;2;2
340;756;23;0;0;0;0;4;0;0;0;1;1;1
341;2134;23;1;0;0;0;5;0;0;0;1;1;1
342;969;23;1;0;0;0;0;0;0;4;1;1;1
343;2326;23;1;0;0;0;0;0;0;4;3;3;3
344;1521;23;1;0;0;0;0;4;0;0;4;3;4
345;2341;23;1;0;0;0;0;5;0;0;4;4;4
346;1869;24;0;0;0;0;0;0;0;2;2;1;2
347;3032;24;0;0;0;0;3;0;0;0;1;3;3
348;250;24;1;0;0;0;0;0;0;2;2;2;1
349;216;24;0;0;3;0;0;0;0;0;3;3;3
350;186;24;1;0;0;0;0;0;3;0;3;3;3
351;1644;24;1;0;0;0;0;4;0;0;4;4;4
352;1087;24;1;0;0;0;0;0;0;3;3;4;3
353;1165;24;0;0;3;0;0;0;0;0;2;3;2
354;1487;24;1;0;0;0;0;3;0;0;3;3;3
355;2559;24;1;0;0;0;0;3;0;0;3;2;3
356;2159;24;1;0;0;0;0;4;0;0;4;4;4
357;2016;24;1;0;0;0;4;0;0;0;2;3;4
358;1683;24;1;0;0;0;0;5;0;0;5;4;4
359;271;24;1;0;0;0;0;4;0;0;3;2;3
360;2654;24;1;0;0;0;3;0;0;0;2;3;3
361;1554;25;1;1;1;1;1;1;1;5;4;3;4
362;2302;25;1;1;1;1;1;4;3;1;4;3;4
363;2618;25;1;1;1;1;1;4;3;1;3;4;4
364;1454;25;1;1;2;1;1;1;3;1;3;3;5
365;2353;25;1;1;2;1;1;2;2;1;3;2;3
366;278;25;0;1;2;1;1;1;2;1;3;2;3
367;2552;25;0;1;1;1;1;1;1;1;2;2;1
368;2727;25;1;1;1;1;1;3;3;1;3;3;3
369;736;25;0;1;2;1;1;1;1;1;1;1;1
370;1496;25;0;1;2;1;1;1;1;1;3;2;3
371;148;25;0;1;2;2;4;1;4;1;1;1;2
372;2050;25;0;1;1;1;3;1;1;1;1;1;1
373;629;25;1;1;1;1;1;2;1;1;2;2;2
374;2632;25;0;1;1;1;1;1;1;1;2;1;2
375;1201;25;1;1;1;1;1;2;1;1;3;2;2
376;128;26;0;0;2;0;0;0;0;0;1;2;1
377;3037;26;1;0;0;0;2;0;2;0;1;1;1
378;699;26;1;3;0;0;0;0;0;0;1;5;2
379;1435;26;1;0;0;0;0;2;0;0;5;4;4
380;1359;26;1;0;0;0;0;2;0;0;4;4;4
381;1588;26;1;0;0;0;0;0;0;1;3;3;3
382;2742;26;1;0;0;0;0;0;0;1;3;3;3
383;2723;26;1;0;0;0;0;0;2;0;3;3;3
384;1438;26;1;0;0;0;0;3;0;0;4;4;3
385;2706;26;1;0;0;0;0;5;4;0;5;4;3
386;340;26;0;0;0;5;0;0;0;0;1;1;1
387;177;26;0;0;0;0;0;0;0;1;3;3;3
388;243;26;0;1;0;0;1;0;0;0;1;1;1
389;2367;26;1;0;0;0;0;0;0;1;3;3;3
390;780;26;1;0;4;0;0;0;0;0;3;3;3
391;2114;27;0;0;0;0;3;0;0;2;2;1;1
392;1966;27;1;0;2;0;3;0;0;0;1;1;2
393;2895;27;1;0;4;2;0;0;2;0;3;2;2
394;1151;27;1;0;0;0;0;0;4;0;5;3;3
395;1946;27;1;0;0;2;0;0;0;3;1;1;1
396;2521;27;0;0;0;0;0;0;0;3;3;3;3
397;1194;27;1;0;0;0;0;3;0;0;5;4;3
398;2366;27;1;0;2;0;2;0;0;0;1;1;1
399;1340;27;1;0;0;0;0;5;0;0;5;5;5
400;93;27;1;0;0;0;2;0;0;0;2;2;2
401;1538;27;1;0;0;0;0;4;5;0;5;3;2
402;2352;27;1;0;0;0;4;0;0;3;2;2;2
403;1940;27;0;0;0;3;0;0;0;5;3;3;3
404;1522;27;1;0;5;0;0;0;0;0;1;1;1
405;2074;27;1;0;0;0;0;5;0;0;5;3;3
406;2006;28;1;0;0;0;3;0;0;3;3;2;2
407;415;28;1;0;0;0;0;4;0;0;4;4;3
408;414;28;1;0;0;0;0;4;0;0;4;5;3
409;1546;28;1;0;3;0;1;0;0;0;2;2;2
410;136;28;0;0;0;0;0;0;0;3;3;3;3
411;1853;28;0;0;0;0;0;0;0;3;2;2;2
412;184;28;0;0;4;0;0;0;0;0;3;3;4
413;113;28;0;0;2;1;3;0;0;0;2;2;2
414;1362;28;1;0;0;0;0;5;0;0;5;4;2
415;524;28;1;0;0;0;0;2;0;0;3;3;1
416;3009;28;1;0;0;0;0;3;0;0;5;3;2
417;996;28;0;0;0;0;0;0;0;1;2;1;1
418;94;28;0;0;3;0;3;0;0;0;3;2;2
419;46;28;0;0;4;0;0;0;0;0;2;3;3
420;1339;28;0;3;0;0;0;0;0;0;3;4;3
421;1424;29;1;0;0;0;0;5;0;0;5;2;2
422;2238;29;1;0;0;0;0;5;0;0;3;5;3
423;2288;29;1;0;0;0;0;5;0;0;3;2;3
424;1327;29;1;0;0;0;0;0;3;0;3;1;1
425;556;29;1;0;0;0;0;4;0;0;3;1;1
426;560;29;1;0;0;0;0;3;0;0;3;1;1
427;1939;29;1;0;0;0;0;3;0;0;3;1;1
428;953;29;1;0;0;0;0;0;0;3;3;1;1
429;557;29;1;0;0;0;0;5;0;0;4;3;3
430;559;29;1;0;0;0;0;3;0;0;4;2;3
431;2755;29;1;0;0;0;0;0;0;4;3;1;2
432;845;29;0;0;4;0;0;0;0;0;5;3;5
433;2219;29;1;0;0;0;0;5;0;0;5;4;5
434;2087;29;1;0;0;0;0;3;0;0;3;3;3
435;348;29;0;0;3;0;3;0;0;0;1;3;5
436;769;30;0;0;0;0;0;0;0;3;3;1;5
437;248;30;0;0;0;0;3;0;0;3;3;1;5
438;1045;30;1;0;0;0;0;5;0;0;5;3;5
439;880;30;0;0;0;0;3;0;0;0;2;1;5
440;2406;30;1;0;0;0;0;0;0;3;3;1;5
441;550;30;0;0;0;0;0;0;0;3;3;1;5
442;1882;30;0;0;0;0;0;0;0;3;3;1;5
443;2111;30;1;0;0;0;0;3;0;0;5;5;5
444;1567;30;0;0;0;0;0;0;0;3;3;1;5
445;1176;30;0;0;0;0;5;0;0;0;1;1;5
446;1745;30;0;0;0;0;0;0;0;3;3;1;5
447;773;30;0;0;0;0;0;0;0;3;3;1;5
448;1391;30;1;0;0;0;0;3;0;0;4;1;5
449;2161;30;1;0;0;0;0;3;0;0;4;2;5
450;2409;30;1;0;0;0;0;4;0;0;5;5;5
451;2963;31;1;0;0;0;0;0;0;1;3;3;3
452;1848;31;1;0;0;0;0;0;0;2;3;3;3
453;864;31;1;0;0;0;0;0;0;2;3;3;3
454;1691;31;1;0;0;0;0;3;0;0;5;4;4
455;706;31;1;0;0;0;0;3;0;0;4;4;4
456;1427;31;1;0;0;0;0;3;0;0;5;3;2
457;2258;31;1;0;0;0;0;3;0;0;5;4;3
458;230;31;1;0;0;0;0;0;2;0;2;5;3
459;32;31;1;0;0;0;0;5;0;0;5;5;3
460;459;31;1;0;0;0;0;0;0;1;3;1;3
461;738;31;1;0;0;0;0;0;2;0;5;3;3
462;1970;31;0;0;0;0;2;0;0;0;2;2;1
463;2604;31;0;0;3;0;3;0;3;0;2;2;2
464;95;31;1;0;0;0;1;0;0;0;3;2;2
465;2408;31;1;0;0;0;0;5;0;0;4;4;4
466;2405;32;1;0;0;0;0;2;0;0;4;2;2
467;319;32;0;0;0;3;0;0;0;0;2;2;2
468;2594;32;1;0;0;0;0;0;0;3;3;1;1
469;2368;32;1;0;0;0;0;4;0;0;4;3;3
470;2089;32;1;0;0;0;0;0;0;3;3;1;1
471;1246;32;1;0;0;0;0;3;0;0;4;2;2
472;471;32;1;0;0;0;0;4;0;0;4;4;3
473;1341;32;1;0;0;0;0;5;0;0;4;4;3
474;1982;32;1;0;0;0;0;0;0;1;3;2;2
475;1600;32;1;0;0;0;0;0;0;3;3;2;2
476;480;32;1;0;0;0;0;3;0;0;3;3;3
477;2127;32;1;0;1;0;0;0;0;0;3;3;3
478;1446;32;1;0;0;0;0;0;3;0;3;3;3
479;2799;32;0;5;0;0;0;0;0;0;1;4;5
480;2014;32;1;0;0;0;3;0;0;0;2;1;2
481;645;33;1;0;0;0;0;0;0;3;3;1;1
482;767;33;1;0;0;0;0;0;0;3;3;1;2
483;1650;33;1;0;0;0;0;3;0;0;3;2;2
484;1922;33;0;0;3;0;0;0;0;0;2;2;1
485;2660;33;0;0;0;0;0;0;0;2;1;1;1
486;2745;33;1;0;0;0;0;3;0;0;3;3;3
487;390;33;1;0;0;0;0;4;0;0;5;3;3
488;1840;33;0;0;0;0;4;0;0;0;3;3;3
489;644;33;1;0;0;0;0;4;0;0;5;1;4
490;865;33;1;4;0;0;0;0;0;0;4;4;4
491;347;33;0;0;0;0;5;0;0;0;5;5;5
492;2719;33;1;0;0;0;0;3;0;0;4;2;2
493;481;33;1;0;0;0;0;4;0;0;3;3;3
494;62;33;1;0;5;0;0;0;0;0;5;5;5
495;2206;33;1;0;0;0;0;3;0;0;4;4;4
496;598;34;1;0;0;0;0;4;0;0;5;1;5
497;2630;34;1;0;0;0;0;5;0;0;5;1;5
498;1146;34;1;0;0;0;0;2;0;4;4;1;4
499;1038;34;1;0;2;0;3;0;4;0;3;3;3
500;231;34;0;4;4;0;5;0;3;0;1;4;2
501;2810;34;0;0;3;0;4;0;0;0;2;2;4
502;1034;34;1;0;0;0;0;0;0;4;3;3;3
503;1975;34;0;0;0;0;4;0;0;0;2;2;4
504;402;34;1;0;0;0;0;4;2;0;4;2;4
505;129;34;1;0;0;0;0;0;0;4;3;2;5
506;1812;34;1;0;0;0;0;5;4;3;4;1;5
507;1374;34;1;0;0;0;0;4;4;0;5;1;4
508;925;34;0;0;4;0;2;0;3;0;2;4;2
509;2740;34;1;0;0;0;0;4;3;0;5;2;4
510;464;34;1;0;0;0;0;5;0;0;5;1;5
511;1518;35;1;0;0;3;0;0;4;0;3;5;2
512;2191;35;1;0;0;0;0;4;0;0;4;4;5
513;118;35;1;0;1;0;3;0;4;0;2;1;3
514;2202;35;1;0;0;0;0;5;0;0;4;3;4
515;1323;35;0;2;0;4;0;0;0;0;1;1;2
516;1223;35;1;0;0;0;0;4;5;0;5;3;4
517;652;35;1;0;0;0;0;0;0;3;3;3;3
518;1586;35;1;0;0;0;0;4;0;0;4;2;5
519;2502;35;1;0;0;0;0;0;0;5;3;3;3
520;2344;35;1;0;0;0;0;5;4;0;5;4;5
521;2695;35;1;0;3;0;4;0;2;0;3;4;2
522;1500;35;0;4;0;0;3;0;0;0;2;1;3
523;1757;35;0;0;0;0;4;0;0;0;1;1;3
524;2442;35;1;0;0;0;0;0;0;4;3;1;5
525;2678;35;1;0;0;0;0;0;4;0;3;2;3
526;542;36;1;0;0;0;0;5;0;0;5;4;5
527;1080;36;1;0;0;0;0;5;0;0;5;5;5
528;2319;36;1;0;0;0;0;4;0;0;5;5;5
529;1871;36;0;3;0;5;0;0;0;0;2;1;1
530;2287;36;1;0;0;0;0;0;5;0;5;5;5
531;1620;36;1;0;0;0;0;4;0;0;4;3;4
532;298;36;1;0;0;0;0;5;0;0;5;4;4
533;2273;36;1;0;0;0;0;5;0;0;5;5;5
534;2673;36;0;3;4;5;0;0;0;0;1;1;1
535;453;36;1;0;0;0;0;5;0;0;5;5;5
536;2481;36;1;0;0;0;0;3;0;0;5;3;4
537;2937;36;1;0;0;0;0;4;0;0;5;2;1
538;1642;36;1;0;0;0;0;5;0;0;5;4;5
539;2356;36;1;0;0;0;0;2;0;0;4;1;5
540;2994;36;0;2;0;0;5;0;0;0;1;1;1
541;674;37;1;0;0;0;0;4;0;0;3;3;3
542;1254;37;1;0;0;0;0;0;0;3;3;3;3
543;438;37;1;0;0;0;0;0;3;0;3;3;3
544;2167;37;1;0;0;0;0;0;0;3;3;3;3
545;599;37;1;0;0;0;0;3;0;0;3;3;3
546;1892;37;0;0;0;0;3;0;0;0;2;2;2
547;1311;37;1;0;0;0;0;3;0;0;3;3;3
548;1881;37;0;0;4;0;0;0;0;0;2;2;2
549;1818;37;1;0;0;0;0;0;0;3;3;3;3
550;2751;37;1;0;0;0;0;5;0;0;5;5;5
551;2713;37;1;0;0;0;0;5;0;0;5;5;5
552;1112;37;1;0;0;0;0;5;0;0;3;3;3
553;746;37;0;0;0;0;5;0;0;0;3;3;3
554;3042;37;1;0;0;0;0;0;3;0;3;3;3
555;2457;37;0;4;0;0;0;0;0;0;3;3;3
556;1308;38;1;0;0;0;0;5;0;0;5;2;3
557;2074;38;1;0;0;0;0;0;0;3;4;2;2
558;1327;38;1;0;0;0;0;4;3;0;3;3;3
559;1317;38;0;0;0;0;0;0;0;3;3;1;2
560;2014;38;1;0;0;0;3;0;0;0;3;1;2
561;2369;38;0;0;0;0;0;0;0;1;3;1;1
562;1621;38;1;0;0;0;0;0;0;2;3;1;1
563;2442;38;0;0;0;0;0;0;0;3;3;1;1
564;2195;38;0;0;0;0;0;0;0;3;3;2;1
565;530;38;0;0;0;0;0;0;0;3;3;2;2
566;3057;38;0;0;0;0;3;0;0;0;3;1;2
567;736;38;1;0;0;0;0;0;0;3;3;2;1
568;1080;38;1;0;0;0;0;3;0;0;4;3;3
569;155;38;0;0;0;0;4;0;0;0;3;1;2
570;1251;38;0;0;0;0;0;3;0;0;3;1;1
571;1317;39;1;0;0;0;0;3;0;0;4;1;1
572;2195;39;1;0;0;0;0;0;0;5;3;1;3
573;3057;39;1;0;1;0;3;0;0;0;2;1;3
574;1080;39;0;0;0;0;0;0;2;0;5;1;2
575;1308;39;1;0;0;0;0;4;0;0;5;1;3
576;736;39;1;0;0;0;0;0;2;0;3;1;3
577;530;39;1;0;0;0;0;0;0;3;4;1;3
578;2442;39;1;0;0;0;0;3;0;0;4;2;3
579;2369;39;1;0;0;0;0;0;2;0;4;1;3
580;1327;39;0;0;0;0;0;0;0;3;3;1;3
581;1621;39;1;0;0;0;1;0;0;0;3;2;3
582;2074;39;1;0;0;0;0;3;0;0;4;1;3
583;2014;39;1;0;1;0;2;0;0;0;2;2;2
584;155;39;1;0;0;0;2;0;0;0;3;1;3
585;1251;39;1;0;0;0;0;2;0;0;3;1;3
586;1317;40;1;0;0;0;0;0;0;3;4;3;2
587;2014;40;0;0;0;0;4;0;0;0;1;1;1
588;2074;40;1;0;0;0;0;5;0;0;5;4;4
589;1327;40;1;0;0;0;0;0;0;2;4;4;4
590;2442;40;1;0;0;0;0;4;0;0;5;4;4
591;2195;40;1;0;0;0;0;0;0;5;3;3;3
592;530;40;1;0;0;0;0;4;0;0;4;3;3
593;1308;40;1;0;0;0;0;5;0;0;5;4;5
594;736;40;0;1;0;0;0;0;0;0;1;1;1
595;2369;40;1;0;0;0;0;1;0;0;3;3;2
596;1621;40;1;0;0;0;0;5;0;0;4;4;3
597;3057;40;0;0;1;0;3;0;0;0;1;1;2
598;1080;40;1;0;0;0;0;0;0;1;3;2;1
599;155;40;0;0;0;0;2;0;0;0;1;1;1
600;1251;40;1;0;0;0;0;4;0;0;4;4;4
601;1407;41;0;0;0;0;0;1;0;0;1;1;1
602;2894;41;0;0;0;4;0;0;0;0;1;3;3
603;1327;41;1;0;0;0;0;0;1;0;3;3;1
604;1308;41;0;0;0;0;0;0;0;1;1;1;1
605;2442;41;1;0;0;0;0;4;0;0;3;3;3
606;3057;41;0;0;0;0;1;0;0;0;2;2;2
607;2195;41;0;0;0;0;0;0;0;1;1;1;1
608;1621;41;1;0;0;0;0;0;1;0;2;3;2
609;1317;41;0;0;0;0;0;0;0;1;1;1;1
610;2369;41;0;0;0;0;0;0;2;0;3;2;2
611;2014;41;0;0;0;0;2;0;0;0;3;3;3
612;736;41;0;0;0;0;0;0;1;0;2;1;1
613;530;41;1;0;0;0;0;0;0;1;3;2;1
614;1080;41;0;0;0;0;0;0;0;1;1;1;1
615;2074;41;1;0;0;0;0;0;0;2;2;2;2
616;390;42;1;0;0;0;0;5;0;0;5;3;1
617;248;42;0;5;2;3;4;0;0;0;2;5;5
618;2273;42;1;0;0;0;0;4;0;2;4;3;1
619;2;42;1;0;0;0;0;4;0;0;4;5;5
620;1165;42;0;0;0;4;0;0;0;0;4;1;1
621;1848;42;1;0;0;0;0;0;0;4;3;3;3
622;667;42;1;0;0;0;0;0;0;5;3;3;3
623;1818;42;0;0;0;0;0;3;0;2;3;3;3
624;113;42;0;0;0;0;4;0;0;0;2;1;1
625;1738;42;1;0;0;0;0;0;0;5;3;1;1
626;2193;42;1;0;0;0;0;0;0;5;3;1;1
627;1417;42;1;0;0;0;0;3;0;0;3;1;3
628;471;42;1;0;0;0;0;4;0;0;4;3;3
629;2894;42;1;0;0;0;0;3;0;0;3;3;4
630;1407;42;0;0;0;0;2;0;0;0;3;2;1
631;1417;43;1;0;0;0;0;4;0;0;4;4;3
632;2273;43;1;0;0;0;0;0;0;5;4;3;2
633;248;43;1;0;0;0;3;0;0;0;3;3;2
634;1848;43;1;0;0;0;0;3;4;0;3;4;2
635;667;43;1;0;0;0;0;5;0;0;3;3;1
636;1738;43;1;0;0;0;0;0;0;3;2;2;1
637;2193;43;0;0;0;0;0;0;0;4;1;1;1
638;390;43;1;0;0;0;0;5;0;0;4;5;2
639;1818;43;0;0;0;0;0;0;0;3;2;2;1
640;1165;43;1;0;0;0;0;0;2;0;2;2;1
641;2;43;1;0;4;0;0;0;0;0;2;3;3
642;471;43;1;0;0;0;0;5;0;0;3;5;1
643;113;43;1;0;0;0;5;0;0;0;3;4;2
644;2894;43;1;0;0;0;0;0;4;0;2;3;1
645;1407;43;1;0;0;0;0;5;0;0;3;5;2
646;1848;44;1;0;0;0;0;0;0;5;1;1;2
647;248;44;1;0;1;0;0;0;0;0;2;2;2
648;1165;44;1;0;0;0;0;0;0;5;2;2;2
649;2;44;1;0;1;1;0;0;0;0;3;2;3
650;113;44;1;0;0;0;5;0;0;0;3;3;3
651;390;44;1;0;0;0;0;5;0;0;2;2;3
652;1818;44;1;0;0;0;0;0;0;5;2;2;2
653;2193;44;1;0;0;0;2;0;0;0;2;1;2
654;667;44;1;0;0;0;0;2;0;2;2;2;2
655;2273;44;1;0;0;0;0;0;0;5;4;1;3
656;1738;44;1;0;0;0;0;0;0;3;3;5;2
657;1417;44;1;0;0;0;0;1;0;0;2;2;2
658;471;44;1;0;0;0;0;2;0;0;3;2;2
659;2894;44;1;0;2;0;0;0;0;0;2;3;4
660;1407;44;1;0;0;0;2;0;0;0;2;3;2
661;2273;45;1;0;0;0;0;3;0;0;3;1;3
662;1165;45;0;0;0;0;0;2;0;5;4;1;2
663;1417;45;1;0;0;0;0;5;0;0;4;3;3
664;113;45;0;2;1;1;5;0;0;0;1;1;2
665;1848;45;0;0;0;0;0;0;0;5;3;3;3
666;667;45;0;0;0;0;0;0;0;5;2;1;2
667;1738;45;1;0;0;0;0;2;0;0;3;2;2
668;471;45;1;0;0;0;0;5;0;0;2;1;2
669;390;45;1;0;0;0;0;5;0;0;4;3;3
670;1818;45;1;0;0;0;0;3;0;0;4;3;3
671;2;45;0;0;3;3;0;0;0;0;3;3;3
672;248;45;0;3;2;1;0;0;1;0;3;3;2
673;2193;45;0;0;0;0;0;0;0;5;2;2;2
674;2894;45;0;0;3;5;2;0;0;0;1;1;2
675;1407;45;1;0;0;0;0;4;0;0;4;2;3
676;390;46;1;0;0;0;0;5;0;0;3;1;3
677;1738;46;1;0;0;0;0;0;0;4;3;3;3
678;248;46;0;4;0;0;0;0;0;0;1;1;1
679;1417;46;1;0;0;0;0;4;0;0;5;2;5
680;1818;46;1;0;0;0;0;0;0;3;3;3;3
681;2;46;0;0;5;0;0;0;0;0;3;5;1
682;113;46;0;0;0;0;5;0;0;0;1;1;1
683;1165;46;0;0;0;0;0;0;4;0;3;1;5
684;1848;46;1;0;0;0;0;0;5;0;5;3;5
685;667;46;1;0;0;0;0;5;0;0;5;1;3
686;471;46;1;0;0;0;0;5;0;0;5;3;3
687;2193;46;1;0;0;0;5;0;0;0;2;1;1
688;2273;46;1;0;0;0;0;5;0;0;5;5;1
689;2894;46;0;0;5;0;0;0;0;0;1;4;1
690;1407;46;0;0;0;0;3;0;0;0;3;1;1
691;2193;47;0;0;0;0;0;0;0;5;4;1;3
692;1165;47;1;0;0;0;0;0;0;3;4;4;3
693;1738;47;1;0;0;0;0;3;0;4;4;3;3
694;2;47;1;0;2;2;0;0;2;0;2;2;2
695;471;47;1;0;0;0;0;4;0;0;5;4;3
696;1848;47;1;0;0;0;0;4;3;0;4;5;3
697;2273;47;1;0;0;0;0;4;0;0;4;4;3
698;113;47;1;0;0;0;3;0;0;0;2;3;3
699;1818;47;1;0;0;0;0;0;0;4;4;3;3
700;667;47;1;0;0;0;0;5;0;0;5;4;4
701;390;47;1;0;0;0;0;4;0;0;5;3;4
702;248;47;1;0;0;0;0;0;5;0;2;3;4
703;1417;47;1;0;0;0;0;4;0;0;5;4;4
704;2894;47;1;0;1;0;0;4;0;0;3;4;4
705;1407;47;1;0;0;0;0;3;0;0;4;3;3
706;2;48;0;0;4;0;0;0;0;0;2;4;5
707;1848;48;1;0;0;0;0;0;2;0;4;3;4
708;1165;48;1;0;0;0;0;4;0;0;4;4;3
709;2193;48;0;0;0;0;3;0;0;0;2;2;2
710;113;48;0;0;0;0;3;0;0;0;2;2;1
711;390;48;1;0;0;0;0;4;0;0;4;4;3
712;471;48;1;0;0;0;0;3;0;0;4;3;3
713;1818;48;1;0;0;0;0;2;0;0;4;3;4
714;1417;48;1;0;0;0;0;3;0;0;4;4;4
715;1738;48;1;0;0;0;0;0;0;4;3;1;1
716;667;48;1;0;0;0;0;3;0;0;5;1;1
717;2273;48;1;0;0;0;0;0;0;3;3;3;3
718;248;48;0;5;0;0;0;0;0;0;1;5;5
719;2894;48;0;0;5;5;0;0;0;0;1;5;5
720;1407;48;0;0;0;0;3;0;0;0;2;2;2
721;390;49;1;0;0;0;0;4;0;0;4;3;2
722;113;49;1;0;0;0;0;0;0;3;3;1;1
723;2;49;1;0;2;2;0;0;4;0;4;4;3
724;248;49;1;0;2;0;4;0;3;0;4;3;5
725;471;49;1;0;0;0;0;4;0;3;3;1;1
726;1738;49;1;0;0;0;0;3;0;4;4;3;3
727;1848;49;1;0;0;0;0;0;2;4;3;3;3
728;2273;49;1;0;0;0;0;3;3;3;4;2;2
729;2193;49;1;0;0;0;0;0;0;4;3;1;2
730;667;49;1;0;0;0;2;3;0;3;2;3;3
731;1417;49;1;0;0;0;0;4;0;0;4;4;3
732;1818;49;1;0;0;0;0;4;0;2;4;3;4
733;1165;49;0;0;0;2;0;0;0;4;3;1;1
734;1407;49;1;0;0;0;2;5;0;0;4;3;2
735;2894;49;1;0;0;0;0;4;1;0;4;4;4
736;1848;50;1;0;0;0;0;0;3;0;4;3;3
737;2273;50;1;0;0;0;0;4;0;0;5;4;3
738;1738;50;1;0;0;0;0;0;0;4;3;3;3
739;667;50;1;0;0;0;0;5;0;0;5;4;4
740;1818;50;1;0;0;0;0;3;0;3;3;3;3
741;2;50;1;0;4;0;0;0;4;0;2;4;3
742;248;50;0;3;3;0;0;0;0;0;2;3;3
743;390;50;1;0;0;0;0;4;0;0;4;3;3
744;2193;50;0;0;0;0;3;0;0;3;2;2;3
745;1417;50;1;0;0;0;0;4;0;0;4;3;3
746;471;50;1;0;0;0;0;4;0;0;4;3;3
747;113;50;0;0;4;0;4;0;0;0;2;2;2
748;1165;50;0;0;0;0;0;0;0;3;3;2;2
749;1407;50;1;0;0;0;3;3;0;0;4;4;4
750;2894;50;1;0;3;0;0;0;3;0;2;3;2
751;2273;51;1;0;0;0;0;4;3;0;4;2;3
752;2193;51;0;0;0;0;2;0;0;4;2;2;2
753;471;51;1;0;0;0;0;4;0;0;4;3;4
754;248;51;0;2;3;0;4;0;0;0;1;4;1
755;1165;51;0;0;0;0;0;0;0;5;3;1;3
756;2;51;0;0;4;4;0;0;2;0;1;3;1
757;390;51;1;0;0;0;0;5;0;0;5;2;3
758;1417;51;1;0;0;0;0;5;0;0;4;4;3
759;667;51;1;0;0;0;0;4;0;0;4;1;3
760;113;51;0;0;0;2;3;0;0;0;2;2;3
761;1848;51;0;0;0;0;3;0;4;0;3;1;3
762;1818;51;1;0;0;0;0;2;0;3;3;1;3
763;1738;51;1;0;0;0;0;3;0;2;4;3;3
764;1407;51;1;0;0;0;0;4;0;0;4;3;3
765;2894;51;0;0;4;4;0;0;0;0;1;2;3
766;1821;52;1;0;0;0;0;5;0;0;4;5;4
767;3059;52;1;0;0;0;0;0;0;3;3;1;3
768;1279;52;1;0;0;0;0;4;3;0;3;4;3
769;1495;52;1;0;5;0;0;4;0;0;2;1;3
770;1082;52;1;0;0;0;0;4;0;4;4;4;2
771;380;52;0;0;0;5;0;0;1;3;4;1;1
772;484;52;1;0;0;0;0;5;5;0;5;4;2
773;1805;52;0;0;4;4;4;0;0;0;2;1;2
774;948;52;1;0;0;0;0;3;0;3;5;4;3
775;137;52;1;1;1;4;4;1;3;1;4;3;2
776;216;52;1;0;0;0;0;0;4;3;3;3;3
777;2206;52;1;0;0;0;0;5;0;5;5;5;3
778;2353;52;1;0;0;0;0;0;0;5;4;3;4
779;2046;52;0;5;4;0;5;1;0;0;1;2;3
780;1034;52;0;5;0;0;0;0;0;2;3;4;4
781;1805;53;0;0;3;0;5;0;0;0;2;3;1
782;3059;53;0;0;0;0;4;0;0;0;2;2;1
783;1821;53;1;0;0;0;0;5;0;0;5;2;3
784;1034;53;0;0;4;0;3;0;0;0;2;4;1
785;2353;53;1;0;1;0;4;0;0;0;3;3;1
786;2206;53;0;0;0;0;0;0;0;5;3;1;3
787;1082;53;1;0;0;0;0;5;0;0;5;4;5
788;216;53;1;0;0;0;0;4;0;0;5;1;3
789;137;53;0;3;2;0;5;0;0;0;1;4;1
790;484;53;1;0;0;0;0;5;0;0;5;3;3
791;948;53;1;1;0;0;1;0;2;0;1;4;2
792;1279;53;1;0;0;0;0;5;0;0;5;3;3
793;1495;53;1;0;0;0;0;5;0;0;5;1;4
794;380;53;0;0;0;5;3;0;0;0;1;4;1
795;2046;53;0;0;5;0;5;0;0;0;2;4;1
796;2353;54;1;0;0;0;0;3;0;0;4;4;1
797;2046;54;0;0;2;3;4;0;0;0;1;1;1
798;2206;54;1;0;0;0;0;0;0;3;4;1;3
799;137;54;0;0;0;0;4;0;0;0;1;1;2
800;216;54;1;0;0;0;0;0;0;4;5;1;1
801;3059;54;0;0;0;0;4;0;0;0;1;2;4
802;1821;54;0;0;0;3;0;0;0;0;3;1;3
803;1034;54;0;0;0;0;0;0;0;3;3;2;3
804;1279;54;1;0;0;0;0;5;0;0;4;2;3
805;484;54;1;2;0;0;0;4;0;0;4;1;2
806;1082;54;1;0;0;0;0;4;0;0;4;1;2
807;380;54;0;4;0;4;3;0;0;0;2;2;4
808;948;54;1;0;0;0;0;0;0;3;3;2;1
809;1495;54;1;0;0;0;0;4;0;0;4;3;1
810;1805;54;0;0;3;0;4;0;0;0;1;1;3
811;2353;55;1;0;1;0;0;0;0;3;3;2;5
812;484;55;1;0;0;0;0;4;0;0;5;3;4
813;1821;55;1;0;0;0;0;4;0;0;5;4;4
814;1082;55;1;0;0;0;0;0;0;5;3;1;3
815;137;55;1;1;0;0;4;0;0;0;2;2;5
816;1495;55;1;0;0;0;0;2;0;2;4;3;2
817;380;55;1;0;0;3;0;0;2;0;2;2;2
818;1805;55;1;0;0;0;4;0;2;0;2;3;4
819;948;55;0;0;0;0;0;0;0;4;3;1;1
820;3059;55;0;0;0;0;2;0;0;0;3;2;2
821;216;55;1;0;0;0;0;0;0;5;3;1;1
822;1279;55;1;0;0;0;0;4;0;0;4;4;3
823;2206;55;1;0;0;0;0;0;0;2;3;2;2
824;1034;55;1;0;0;0;0;0;0;2;3;2;2
825;2046;55;0;0;0;0;0;0;0;3;2;2;2
826;645;56;1;0;0;0;0;3;0;5;5;1;2
827;1600;56;1;0;0;0;0;0;0;5;3;1;1
828;746;56;0;0;0;0;0;0;0;5;3;1;2
829;2341;56;1;0;0;0;0;0;0;5;4;1;3
830;1628;56;1;0;0;0;0;3;0;0;5;2;2
831;271;56;1;0;0;0;0;0;0;4;3;1;2
832;2963;56;1;0;0;0;0;0;0;5;3;2;3
833;2618;56;1;0;0;0;0;3;0;3;4;3;3
834;1546;56;1;0;0;0;0;0;0;5;3;3;2
835;319;56;0;0;0;5;0;0;0;0;3;1;3
836;2016;56;0;0;0;0;5;0;0;0;1;4;4
837;890;56;1;0;0;0;0;5;0;0;4;3;3
838;1761;56;0;0;0;0;4;0;0;0;2;3;4
839;1438;56;1;0;0;0;0;5;0;0;5;3;4
840;1365;56;1;0;0;0;0;5;0;0;5;3;4
841;2341;57;0;0;0;0;0;3;0;0;5;1;3
842;2963;57;0;0;0;0;0;0;0;5;4;1;1
843;2618;57;0;0;0;0;0;3;0;3;4;1;3
844;1438;57;1;0;0;0;0;5;0;0;5;3;3
845;271;57;1;0;0;0;0;0;0;3;3;2;2
846;1600;57;1;0;0;0;0;0;1;1;3;1;1
847;890;57;0;4;0;2;5;0;0;0;1;4;4
848;319;57;0;0;0;1;0;0;4;0;2;3;2
849;1628;57;0;0;0;0;0;0;0;2;3;1;1
850;1546;57;1;0;2;0;0;1;0;1;3;3;3
851;645;57;1;0;0;0;0;5;0;0;5;4;3
852;746;57;1;0;0;0;0;4;0;0;5;3;3
853;2016;57;0;2;0;0;5;0;0;0;1;4;4
854;1761;57;0;0;0;0;5;0;0;0;1;5;5
855;1365;57;1;0;0;0;0;5;0;0;5;2;2
856;271;58;1;0;0;0;0;0;0;4;2;2;2
857;1546;58;1;0;4;0;0;0;0;0;3;4;3
858;2618;58;1;0;0;0;0;2;0;0;3;2;2
859;1761;58;1;0;0;0;5;0;0;0;4;1;2
860;890;58;1;0;3;0;0;0;0;0;2;2;2
861;2016;58;0;0;0;0;3;0;0;0;2;2;2
862;319;58;0;0;0;5;0;0;0;0;1;3;4
863;746;58;1;0;4;0;0;0;0;0;3;4;4
864;1628;58;1;0;0;0;0;4;0;0;3;3;2
865;1438;58;1;0;0;0;0;5;0;0;3;4;3
866;645;58;1;0;0;0;0;5;0;0;3;4;3
867;1365;58;1;0;0;0;0;4;0;0;4;3;3
868;1600;58;1;0;0;0;0;0;0;3;2;1;2
869;2341;58;1;0;0;0;2;0;0;0;2;2;1
870;2963;58;1;0;0;0;0;4;0;0;4;4;4
871;2016;59;0;0;4;0;4;0;0;0;2;1;2
872;319;59;0;0;0;4;4;0;0;0;1;1;2
873;1761;59;0;0;0;0;4;0;0;0;1;1;2
874;2963;59;1;0;0;0;0;4;0;0;5;2;2
875;746;59;0;0;4;0;0;0;0;0;2;1;2
876;1600;59;1;0;0;0;0;0;0;4;3;3;3
877;1546;59;0;0;4;0;4;0;0;0;3;2;2
878;2341;59;1;0;0;0;0;4;0;0;4;3;4
879;1365;59;1;0;0;0;0;4;0;0;4;3;4
880;645;59;1;0;0;0;0;4;0;0;4;3;4
881;271;59;1;0;0;0;0;0;0;4;3;3;3
882;1438;59;1;0;0;0;0;4;0;0;4;2;4
883;890;59;0;0;0;0;4;0;0;0;2;1;2
884;2618;59;1;0;0;0;0;3;0;0;2;2;2
885;1628;59;1;0;0;0;0;0;0;3;3;3;3
886;99;60;1;0;0;0;0;4;0;0;4;3;4
887;2045;60;1;0;0;0;3;0;0;0;2;1;1
888;2121;60;1;0;0;0;0;4;3;0;4;4;4
889;2408;60;0;0;0;0;0;0;0;5;3;1;1
890;346;60;1;0;0;0;0;4;0;0;4;4;3
891;2583;60;1;0;0;0;0;3;0;0;3;2;1
892;2914;60;1;0;0;0;0;5;0;0;5;5;5
893;2050;60;1;0;0;0;5;0;0;0;1;1;1
894;584;60;1;0;5;0;0;3;0;0;4;3;4
895;1012;60;1;0;0;0;0;4;0;0;4;4;3
896;2723;60;1;0;3;0;0;4;0;0;3;3;4
897;1388;60;1;0;0;0;0;5;0;0;5;4;4
898;1089;60;0;0;0;0;0;0;0;4;3;1;1
899;3037;60;0;4;0;0;3;0;0;0;2;4;3
900;2409;60;1;0;0;0;0;4;0;0;4;4;3
901;3037;61;0;2;0;2;3;0;0;0;2;1;1
902;2723;61;0;0;0;0;0;3;3;0;3;3;3
903;2408;61;0;0;1;0;3;0;0;4;2;1;1
904;346;61;0;4;0;5;3;0;0;0;1;1;1
905;2050;61;0;0;1;0;5;0;0;0;1;1;1
906;2914;61;1;0;0;0;2;5;0;0;4;4;1
907;1089;61;1;0;0;0;0;4;0;0;5;4;2
908;2045;61;0;0;2;0;5;0;0;0;1;1;1
909;1012;61;1;0;0;0;2;0;4;4;3;3;3
910;584;61;1;0;0;0;0;0;5;3;2;2;2
911;1388;61;1;0;0;0;0;5;0;0;2;2;2
912;2583;61;0;0;0;0;0;0;3;3;2;2;2
913;2409;61;1;0;4;0;2;0;3;0;3;2;3
914;99;61;1;0;0;0;0;4;0;0;2;5;4
915;2121;61;1;0;0;0;0;5;4;0;5;5;5
916;1012;62;1;0;0;0;0;1;0;3;3;1;1
917;346;62;0;0;0;4;0;0;0;0;2;2;1
918;3037;62;0;1;0;0;0;0;1;0;2;1;1
919;2583;62;1;0;0;0;0;3;0;0;4;1;1
920;1388;62;1;0;0;0;0;5;0;0;5;2;2
921;2121;62;1;0;1;0;3;3;0;0;3;3;3
922;2408;62;0;2;0;0;4;0;0;0;2;2;2
923;2409;62;1;0;0;0;1;4;0;0;4;2;2
924;99;62;1;0;0;0;0;4;0;0;5;2;1
925;2914;62;1;0;0;0;3;4;0;0;2;2;2
926;1089;62;1;0;0;0;0;0;0;1;3;1;1
927;2050;62;0;0;0;0;0;0;3;0;4;3;2
928;2723;62;1;0;0;0;0;4;0;0;5;1;1
929;2045;62;0;0;0;0;4;0;0;0;1;1;1
930;584;62;1;0;0;0;0;3;0;0;3;1;1
931;2723;63;1;0;0;0;0;0;0;1;4;2;4
932;2408;63;1;0;0;0;0;3;0;3;4;3;2
933;1089;63;1;0;0;0;0;5;0;0;5;3;3
934;2121;63;1;0;0;0;0;4;2;0;5;4;2
935;2409;63;1;0;0;0;0;4;0;0;3;3;2
936;2583;63;1;0;0;0;0;3;3;0;4;2;2
937;346;63;0;0;0;4;0;0;3;0;3;3;3
938;99;63;1;0;0;0;0;5;0;0;5;3;2
939;1012;63;1;0;0;0;0;3;0;4;4;2;2
940;3037;63;1;4;4;4;4;0;0;0;4;4;4
941;2050;63;0;0;5;0;0;0;0;0;1;4;5
942;584;63;1;0;0;0;0;4;0;0;4;3;2
943;1388;63;1;0;0;0;0;4;0;0;5;2;1
944;2914;63;1;0;0;0;0;3;0;0;4;2;1
945;2045;63;0;0;4;0;4;0;0;0;2;4;3
946;1801;64;1;0;0;0;0;0;0;4;4;2;4
947;1538;64;1;0;0;0;0;4;0;0;5;4;4
948;2352;64;1;0;0;0;3;0;0;4;3;2;2
949;750;64;0;0;1;0;0;0;0;3;2;3;2
950;2366;64;0;0;3;0;0;0;0;1;2;2;2
951;2742;64;1;0;0;0;0;3;0;2;4;4;3
952;1055;64;1;0;0;0;0;2;0;1;5;3;3
953;1910;64;1;0;0;0;0;2;0;4;3;2;3
954;250;64;1;0;0;0;0;2;0;4;4;3;4
955;2405;64;1;0;0;0;0;1;0;3;4;2;4
956;880;64;0;0;0;0;3;0;0;0;2;3;2
957;1833;64;0;0;0;0;4;0;0;0;2;3;2
958;1045;64;1;0;0;0;0;3;0;0;4;3;3
959;2024;64;0;0;0;0;4;0;0;0;1;2;2
960;480;64;1;0;0;0;0;3;0;0;5;3;3
961;2358;65;1;0;0;0;0;3;0;0;4;2;1
962;2677;65;0;0;4;0;2;0;0;0;2;4;3
963;925;65;0;0;0;0;0;0;3;3;3;1;1
964;2410;65;1;0;0;0;4;0;0;0;3;1;3
965;2581;65;1;0;0;0;0;4;0;0;4;2;3
966;2792;65;0;0;3;0;3;0;0;0;2;1;4
967;205;65;1;0;0;0;0;3;3;0;4;2;1
968;227;65;0;4;5;0;0;0;0;0;1;5;5
969;2776;65;0;0;0;0;3;0;0;0;3;1;2
970;1751;65;0;0;0;0;4;0;0;0;1;1;3
971;2111;65;1;0;0;0;0;0;0;3;3;1;1
972;2481;65;1;0;0;0;0;0;0;3;3;1;1
973;2998;65;0;0;0;0;5;3;0;0;2;3;4
974;2787;65;0;0;4;0;4;0;0;0;1;2;5
975;880;65;0;4;4;0;4;0;0;0;1;4;5
976;2742;66;0;0;0;0;0;0;0;5;3;3;3
977;2358;66;0;0;0;0;0;0;0;5;3;3;3
978;480;66;1;0;0;0;0;3;0;4;4;1;3
979;2024;66;0;0;0;0;3;0;0;4;2;1;1
980;2581;66;1;0;0;0;0;5;0;0;5;2;3
981;2352;66;1;0;3;0;3;0;0;0;2;1;1
982;250;66;0;0;0;0;0;0;0;5;3;1;1
983;2776;66;0;0;0;0;0;0;0;5;3;1;1
984;750;66;0;0;0;0;0;0;3;0;3;1;1
985;2792;66;0;0;0;0;0;0;0;5;3;1;1
986;227;66;0;1;0;0;0;0;0;4;2;1;4
987;1751;66;1;0;0;0;4;0;0;0;1;1;1
988;2111;66;1;0;0;0;0;0;0;2;3;2;3
989;2998;66;0;0;0;0;4;0;0;0;1;1;1
990;880;66;0;0;0;0;5;0;0;0;1;1;1
991;1751;67;1;0;0;0;4;0;0;0;2;2;2
992;2024;67;1;0;0;0;3;0;0;0;3;1;3
993;2998;67;1;0;0;0;4;0;0;0;2;2;1
994;250;67;0;0;0;0;0;0;0;3;3;1;3
995;2792;67;0;0;0;0;0;0;0;3;3;1;3
996;2581;67;1;0;0;0;0;2;0;0;4;2;3
997;2352;67;1;0;0;0;2;0;0;0;2;1;2
998;480;67;1;0;0;0;0;4;0;0;4;2;3
999;2742;67;1;0;0;0;0;0;0;3;3;1;3
1000;2776;67;1;0;0;0;0;0;0;3;3;1;3
1001;227;67;0;0;2;0;0;0;2;0;3;3;2
1002;750;67;1;0;0;0;2;0;0;0;2;1;3
1003;2358;67;1;0;0;0;0;0;0;3;3;1;3
1004;2111;67;1;0;0;0;0;2;0;0;4;1;3
1005;880;67;1;0;0;0;2;0;0;0;2;1;3
1006;1055;68;1;0;0;0;0;5;0;0;5;2;5
1007;227;68;0;0;5;5;0;0;5;0;1;5;5
1008;2792;68;0;0;0;0;0;0;0;5;3;1;1
1009;2024;68;0;0;0;0;0;0;0;5;3;2;2
1010;2358;68;0;0;3;0;0;0;3;0;3;3;4
1011;2581;68;1;0;0;0;0;5;0;0;5;1;1
1012;480;68;1;0;0;0;0;2;0;3;3;1;1
1013;2742;68;1;0;1;0;0;1;1;0;3;3;3
1014;2998;68;0;0;0;0;2;0;0;0;2;2;2
1015;2776;68;0;0;0;0;0;0;0;5;3;1;1
1016;2111;68;1;0;0;0;0;0;0;3;4;1;1
1017;750;68;1;0;0;0;0;0;0;3;4;2;1
1018;1751;68;0;0;0;4;0;0;0;0;2;2;2
1019;2352;68;1;0;0;0;0;4;1;1;5;1;1
1020;250;68;0;0;0;0;0;0;0;2;3;1;2
1021;1300;69;1;0;0;0;0;3;0;4;2;3;2
1022;2481;69;1;0;0;0;0;0;0;5;1;1;1
1023;2787;69;0;0;0;0;0;0;2;3;3;2;3
1024;2405;69;1;0;0;0;0;5;0;0;5;2;2
1025;925;69;1;0;0;0;0;0;0;5;3;1;4
1026;1538;69;1;0;0;0;0;5;0;0;4;2;2
1027;1833;69;0;0;0;0;3;0;0;0;1;1;1
1028;1045;69;1;0;0;0;0;4;0;0;4;3;1
1029;205;69;1;0;0;0;0;0;0;5;1;1;1
1030;1910;69;0;0;0;0;0;0;5;5;1;1;1
1031;1801;69;0;0;0;0;3;0;0;0;1;1;1
1032;2410;69;0;0;2;0;0;0;0;0;1;1;2
1033;2366;69;0;0;2;0;0;0;0;0;3;1;1
1034;2677;69;0;4;2;1;0;0;0;0;1;4;4
1035;1055;69;1;0;0;0;0;5;0;0;4;3;2
1036;1300;70;1;0;0;0;0;5;0;0;5;1;5
1037;205;70;1;0;2;0;0;0;0;0;3;3;4
1038;1833;70;1;0;0;0;5;0;0;0;1;4;2
1039;1045;70;1;0;0;0;0;2;0;0;4;2;3
1040;1910;70;0;0;3;0;0;0;0;0;4;3;3
1041;2366;70;0;0;1;0;0;0;0;0;2;3;3
1042;1538;70;1;0;0;0;0;0;0;3;4;3;3
1043;925;70;0;4;0;0;0;0;0;0;1;4;4
1044;2481;70;1;0;0;0;0;0;0;4;3;3;3
1045;2677;70;0;0;0;0;4;0;0;0;1;4;4
1046;2410;70;1;0;0;0;0;0;0;2;3;3;3
1047;1801;70;0;2;0;0;0;0;0;0;2;4;2
1048;2787;70;1;0;0;0;3;0;0;0;2;4;4
1049;2405;70;1;0;0;0;0;3;0;1;4;4;4
1050;1055;70;1;0;0;0;0;0;2;0;3;2;2
1051;461;71;1;0;0;0;0;4;0;0;3;1;5
1052;1300;71;1;0;0;0;0;4;0;0;5;1;5
1053;2787;71;1;0;0;0;3;2;0;0;3;3;3
1054;2481;71;0;0;0;0;0;0;0;5;3;3;3
1055;1801;71;0;0;0;0;0;0;0;5;3;3;3
1056;925;71;0;0;0;0;0;0;0;5;3;3;3
1057;1910;71;0;0;3;0;0;0;0;0;3;3;3
1058;1045;71;1;0;0;0;0;2;0;0;3;3;3
1059;2410;71;0;0;2;0;0;0;0;0;3;3;3
1060;2677;71;1;0;3;1;0;0;0;0;3;3;3
1061;1833;71;0;0;0;0;3;0;0;0;3;3;3
1062;2366;71;1;0;0;0;0;0;1;0;3;3;3
1063;205;71;1;1;0;0;0;0;0;0;3;3;3
1064;1538;71;1;0;0;0;0;5;0;0;5;5;5
1065;2405;71;1;0;0;0;0;5;0;0;5;5;5
1066;599;72;1;0;0;0;0;3;0;0;4;2;3
1067;400;72;1;0;0;0;0;2;0;0;4;2;2
1068;1747;72;0;0;0;0;0;0;0;2;3;1;2
1069;1737;72;1;0;0;0;3;0;0;0;2;3;2
1070;2003;72;0;0;1;0;0;0;0;0;3;3;2
1071;1745;72;0;0;0;0;4;0;0;0;1;2;4
1072;6;72;1;0;2;0;0;0;0;0;3;3;3
1073;148;72;0;0;4;4;0;0;4;0;1;4;5
1074;3042;72;0;0;0;0;0;0;2;0;3;2;1
1075;1127;72;1;0;0;0;0;4;0;0;4;3;3
1076;1730;72;1;0;0;0;0;5;0;0;5;3;4
1077;1461;72;1;0;3;0;0;2;0;0;3;4;4
1078;1428;72;1;0;0;0;0;4;0;0;4;3;3
1079;461;72;1;0;0;0;0;1;0;0;4;1;2
1080;1300;72;1;0;0;0;0;4;2;0;5;2;3
1081;2368;73;1;0;0;0;0;0;0;3;4;1;5
1082;1461;73;1;0;0;0;0;0;0;3;4;1;5
1083;1730;73;1;0;0;0;4;0;0;0;5;1;5
1084;6;73;0;0;2;0;0;0;0;0;2;3;3
1085;599;73;1;0;0;0;0;0;0;5;3;1;5
1086;148;73;0;0;0;4;0;0;0;0;1;3;3
1087;1737;73;1;0;0;0;0;4;0;0;4;2;2
1088;1428;73;1;0;0;0;0;0;0;4;3;1;5
1089;3042;73;0;0;0;0;0;0;0;4;3;1;3
1090;1127;73;1;0;0;0;0;5;0;0;5;4;3
1091;400;73;1;0;0;0;0;4;0;0;4;1;5
1092;1745;73;0;0;0;0;0;0;0;5;3;1;5
1093;1747;73;1;0;0;0;0;0;0;3;3;1;5
1094;2003;73;1;0;0;0;0;0;0;4;3;1;5
1095;461;73;0;0;0;0;0;0;0;5;3;1;5
1096;2368;74;1;0;1;0;0;5;0;0;5;2;3
1097;400;74;1;0;0;0;0;5;0;0;5;1;1
1098;1461;74;1;0;2;0;0;5;0;0;5;3;3
1099;148;74;0;0;4;5;0;0;5;0;1;5;4
1100;1127;74;1;0;0;1;0;5;0;0;4;1;1
1101;3042;74;0;0;0;0;2;0;0;0;2;2;2
1102;1737;74;1;0;0;0;0;5;0;0;5;2;3
1103;1745;74;0;0;0;0;4;0;0;0;2;2;2
1104;2003;74;1;2;0;0;4;0;0;0;2;2;4
1105;1730;74;1;0;0;0;0;5;0;0;5;1;5
1106;1747;74;1;0;3;0;2;5;0;0;3;2;2
1107;6;74;1;0;3;0;0;0;5;0;4;3;3
1108;599;74;1;0;1;0;0;5;0;0;4;2;4
1109;1428;74;1;0;0;0;0;5;0;0;5;1;5
1110;461;74;1;0;0;0;0;5;0;0;5;1;1
1111;2368;75;1;0;0;0;0;5;0;0;3;3;3
1112;1730;75;1;0;0;0;0;5;0;0;4;4;4
1113;1127;75;1;0;0;0;0;4;0;0;5;5;5
1114;2003;75;0;0;0;0;3;0;0;0;2;2;2
1115;1745;75;0;0;0;0;4;0;0;0;2;2;2
1116;1737;75;1;0;0;0;0;4;0;0;5;5;5
1117;400;75;1;0;0;0;0;4;0;0;5;5;5
1118;599;75;1;0;0;0;0;0;0;4;5;5;5
1119;148;75;0;0;5;0;0;0;0;0;5;5;5
1120;1461;75;1;0;3;0;0;0;0;0;2;3;4
1121;3042;75;1;5;0;0;0;0;0;0;5;5;5
1122;6;75;0;0;5;0;0;0;0;0;5;4;4
1123;1428;75;1;0;0;0;0;4;0;0;5;5;5
1124;1747;75;1;0;0;0;0;0;0;4;4;3;3
1125;461;75;1;0;0;0;0;5;0;0;4;4;4
1126;732;76;1;0;1;0;0;0;0;0;2;2;1
1127;2306;76;1;0;0;0;0;3;0;0;4;2;3
1128;438;76;0;0;0;1;0;0;0;0;2;2;3
1129;889;76;0;0;0;0;3;0;0;0;2;1;1
1130;2098;76;1;0;0;0;0;3;0;0;4;3;2
1131;1362;76;1;0;0;0;0;4;0;0;5;3;3
1132;2162;76;1;0;0;0;0;2;0;0;4;2;1
1133;2387;76;1;0;0;0;0;2;0;0;4;2;3
1134;1710;76;1;0;0;0;0;4;0;0;5;3;3
1135;1427;76;1;0;0;0;0;5;0;0;5;4;3
1136;381;76;0;0;0;0;3;0;3;0;1;1;3
1137;2161;76;1;0;0;0;0;1;0;0;4;1;3
1138;2259;76;1;0;0;0;0;0;0;4;3;1;3
1139;1802;76;0;0;0;0;0;0;0;4;3;1;3
1140;2368;76;1;0;0;0;0;5;0;0;5;3;3
1141;1007;77;0;0;0;0;3;0;0;0;1;1;1
1142;438;77;1;0;0;0;0;2;0;0;3;2;3
1143;2306;77;0;0;0;0;0;0;0;2;1;1;1
1144;1802;77;0;0;0;0;0;0;0;2;1;1;1
1145;2259;77;0;0;0;0;0;0;0;2;1;1;1
1146;2162;77;1;0;0;0;0;4;0;0;4;4;4
1147;2387;77;0;0;0;0;3;0;0;0;3;3;3
1148;1362;77;1;0;0;0;0;4;0;0;4;5;5
1149;732;77;1;0;3;0;0;0;0;0;4;5;5
1150;889;77;0;0;0;0;3;0;0;0;1;1;1
1151;1710;77;1;0;0;0;0;0;5;0;5;5;5
1152;1427;77;1;0;0;0;0;5;0;0;5;5;5
1153;2098;77;1;0;0;0;0;4;0;0;5;5;5
1154;381;77;0;0;5;0;0;0;0;0;1;5;1
1155;2161;77;1;0;0;0;0;0;5;0;5;5;5
1156;1007;78;1;0;0;0;0;0;0;5;3;3;3
1157;1362;78;1;0;0;0;0;5;0;0;5;5;3
1158;2387;78;1;0;0;0;2;0;0;0;3;1;2
1159;438;78;0;2;0;0;0;0;0;0;3;1;2
1160;2306;78;1;0;0;0;0;2;0;4;4;2;3
1161;381;78;0;0;0;0;4;0;0;0;2;3;1
1162;1427;78;1;0;0;0;0;5;0;0;5;2;3
1163;2162;78;1;0;0;0;0;0;0;3;3;1;3
1164;2161;78;1;0;0;0;0;4;0;0;5;1;3
1165;889;78;0;0;0;0;4;0;0;0;1;1;1
1166;1802;78;1;0;0;0;0;0;0;5;3;1;3
1167;2098;78;1;0;0;0;0;0;0;5;4;1;3
1168;732;78;1;0;0;0;0;4;0;0;4;2;3
1169;2259;78;1;0;0;0;0;0;0;5;3;1;3
1170;1710;78;1;0;0;0;0;5;0;0;5;4;3
1171;1007;79;1;0;0;0;2;0;0;3;3;2;3
1172;381;79;1;3;2;0;4;0;0;0;2;3;5
1173;2162;79;1;0;0;0;0;4;0;3;5;3;3
1174;889;79;1;0;0;0;0;0;0;5;3;3;3
1175;1802;79;1;0;0;0;3;0;0;0;3;1;3
1176;2161;79;1;0;0;0;0;5;0;0;5;3;3
1177;1362;79;1;0;0;0;0;5;0;0;5;4;3
1178;1427;79;1;0;0;0;0;5;0;0;5;4;3
1179;2098;79;1;0;0;0;0;3;0;3;4;2;4
1180;2387;79;1;0;0;0;3;0;0;0;2;2;3
1181;1710;79;1;0;0;0;0;3;0;0;3;3;3
1182;438;79;1;0;0;0;0;3;0;0;4;3;3
1183;732;79;1;0;0;0;0;0;0;3;3;3;3
1184;2306;79;1;0;0;0;0;0;0;3;3;3;3
1185;2259;79;1;0;0;0;0;3;0;0;3;3;3
1186;2684;80;1;0;2;0;0;0;4;0;3;3;2
1187;1980;80;0;0;0;0;4;0;0;0;1;1;1
1188;2135;80;1;0;0;0;0;5;4;0;5;3;4
1189;2114;80;1;0;0;0;0;4;0;0;5;2;3
1190;158;80;0;0;0;4;0;0;0;0;3;2;1
1191;128;80;0;0;0;4;4;0;0;0;1;1;1
1192;62;80;1;0;4;0;0;0;3;0;1;5;1
1193;3032;80;1;0;0;0;0;0;0;5;3;1;3
1194;1254;80;1;0;0;0;0;0;4;0;3;1;3
1195;1513;80;1;0;0;0;0;5;0;0;5;2;5
1196;2323;80;1;0;0;0;0;4;0;0;5;3;3
1197;1979;80;1;0;0;0;3;0;0;0;1;1;1
1198;2985;80;1;0;0;0;5;0;0;0;1;1;1
1199;321;80;0;0;5;0;0;0;0;0;3;4;1
1200;1007;80;1;0;0;0;0;4;4;0;4;2;3
1201;80;81;1;0;2;0;0;3;0;0;4;4;3
1202;2302;81;1;0;0;0;0;2;0;3;3;1;3
1203;739;81;0;0;3;2;4;0;0;0;2;3;3
1204;2839;81;0;0;3;0;2;0;0;0;2;3;3
1205;2654;81;0;2;2;2;4;0;0;0;2;3;3
1206;567;81;1;0;0;0;0;5;3;0;5;4;3
1207;655;81;1;0;0;0;0;5;3;0;5;4;3
1208;2660;81;0;0;3;2;4;0;0;0;2;3;3
1209;2892;81;1;0;4;2;0;3;0;0;3;4;3
1210;2789;81;1;0;3;0;3;0;0;0;3;4;3
1211;1550;81;1;0;0;0;0;5;0;0;5;4;3
1212;2695;81;1;0;2;0;0;3;0;0;4;3;3
1213;2933;81;1;0;3;0;0;3;3;0;3;4;3
1214;1335;81;1;0;0;0;0;5;0;0;5;2;3
1215;1007;81;0;2;0;2;3;2;0;0;2;4;3
1216;2654;82;1;0;0;0;2;0;0;0;3;1;1
1217;2302;82;1;0;0;0;0;2;4;0;4;2;3
1218;128;82;1;0;0;0;4;0;0;0;2;1;2
1219;1335;82;1;0;0;0;0;0;0;4;3;1;1
1220;62;82;1;0;0;0;0;3;4;0;4;3;2
1221;2114;82;1;0;0;0;0;3;2;0;4;2;2
1222;3032;82;0;0;0;0;0;0;0;3;3;1;1
1223;2933;82;1;0;0;0;0;3;4;0;4;2;2
1224;1254;82;1;0;0;0;0;4;0;0;4;2;2
1225;2985;82;1;0;0;0;4;0;0;0;1;1;2
1226;739;82;1;0;3;0;3;0;0;0;2;1;2
1227;2660;82;1;0;0;0;4;0;0;0;1;2;2
1228;567;82;1;0;0;0;0;3;3;0;4;2;3
1229;2892;82;1;0;0;0;0;5;0;0;5;3;3
1230;2695;82;1;0;0;3;0;0;0;0;2;1;2
1231;1254;83;0;0;0;0;0;1;0;4;3;4;2
1232;567;83;1;0;0;0;0;3;0;5;1;1;1
1233;128;83;0;0;2;3;0;0;0;0;2;5;1
1234;62;83;0;0;5;0;0;0;0;0;2;2;5
1235;3032;83;1;0;5;0;4;0;0;0;1;1;1
1236;2985;83;0;0;0;0;5;0;0;0;1;1;1
1237;2302;83;1;0;0;0;0;0;0;5;1;1;1
1238;2933;83;1;4;0;0;0;0;0;0;3;4;4
1239;1335;83;1;0;0;0;0;5;3;2;2;4;1
1240;2660;83;1;0;0;0;4;0;0;0;1;1;1
1241;2114;83;1;0;0;0;0;5;0;3;1;3;1
1242;2654;83;1;0;0;0;4;0;0;0;2;1;1
1243;2892;83;1;0;2;0;0;0;0;5;4;1;5
1244;739;83;1;0;0;0;0;0;0;4;2;1;1
1245;2695;83;1;0;0;0;0;0;0;5;1;1;1
1246;62;84;1;0;0;0;0;4;0;0;5;4;2
1247;2933;84;1;0;0;0;0;5;0;0;5;5;3
1248;2892;84;1;0;0;0;0;4;0;0;4;3;3
1249;739;84;0;0;4;0;0;0;0;0;2;2;2
1250;1335;84;1;0;0;0;0;0;0;4;3;2;3
1251;2660;84;1;0;4;0;0;0;0;0;3;1;1
1252;2114;84;1;0;0;0;0;5;4;0;3;4;3
1253;567;84;1;0;0;0;0;5;0;4;4;4;3
1254;2654;84;1;0;0;0;0;0;0;5;3;3;3
1255;3032;84;0;4;0;4;0;0;0;0;1;1;1
1256;2985;84;1;0;0;0;0;0;0;5;2;1;3
1257;2302;84;1;0;0;0;0;5;0;0;4;3;3
1258;1254;84;0;0;0;0;0;0;0;5;3;2;3
1259;2695;84;1;0;2;0;0;0;0;0;3;3;3
1260;128;84;0;0;0;0;5;0;0;0;1;1;3
1261;954;85;1;0;0;3;0;0;3;0;2;1;1
1262;174;85;1;0;0;0;0;4;0;0;4;1;1
1263;2789;85;1;0;2;0;0;0;0;0;3;2;1
1264;1980;85;1;0;0;0;5;0;0;0;1;3;3
1265;1979;85;1;0;0;0;5;0;0;0;1;3;3
1266;2684;85;1;0;1;0;0;0;3;0;3;2;1
1267;2135;85;1;0;0;0;0;5;0;0;5;1;2
1268;1513;85;1;0;0;0;0;4;4;0;5;3;3
1269;321;85;1;0;3;1;0;0;0;0;2;3;2
1270;158;85;0;0;2;0;0;0;0;0;2;3;2
1271;2839;85;1;0;0;0;0;0;0;5;3;1;1
1272;2323;85;1;0;0;0;0;2;2;0;4;2;1
1273;1550;85;1;0;0;0;0;4;0;0;4;1;1
1274;655;85;1;0;0;0;0;4;0;0;4;1;1
1275;80;85;0;0;0;0;0;4;0;0;4;2;1
1276;1521;86;1;0;0;0;0;0;0;5;4;3;4
1277;2559;86;0;0;0;0;0;0;2;0;3;2;3
1278;655;86;1;0;0;0;0;0;0;3;4;1;4
1279;1513;86;1;0;0;0;0;1;0;0;3;2;2
1280;321;86;0;0;3;0;0;0;0;0;2;2;2
1281;1979;86;0;0;0;0;2;0;0;0;2;1;2
1282;2684;86;0;0;0;0;0;0;1;0;3;1;2
1283;2135;86;0;0;0;0;0;0;0;2;3;1;1
1284;2789;86;1;0;0;0;0;3;0;0;3;1;3
1285;80;86;0;0;0;1;0;0;0;0;3;1;4
1286;1550;86;1;0;0;0;0;2;2;0;2;3;3
1287;158;86;0;0;0;1;0;0;0;0;2;1;4
1288;1980;86;1;0;0;0;3;0;0;0;3;1;4
1289;2323;86;0;0;0;0;0;0;0;5;3;1;3
1290;2839;86;0;0;0;0;0;0;0;5;3;2;4
1291;1521;87;1;0;0;0;0;0;4;0;4;4;3
1292;954;87;1;4;0;5;4;0;0;0;2;5;5
1293;2684;87;1;0;4;0;0;0;2;0;3;4;4
1294;655;87;1;0;0;0;0;5;0;0;5;3;5
1295;2323;87;1;0;0;0;0;5;4;0;5;2;3
1296;1979;87;0;0;0;0;5;0;0;0;2;2;4
1297;2789;87;1;0;0;0;0;0;0;5;3;1;1
1298;1980;87;1;0;0;0;0;0;0;3;3;3;2
1299;2135;87;1;0;0;0;0;5;0;0;5;4;4
1300;2839;87;1;0;0;0;0;0;3;0;3;4;4
1301;1550;87;1;0;0;0;0;4;4;0;3;3;3
1302;158;87;1;0;4;2;0;0;0;0;2;5;3
1303;321;87;1;0;5;0;0;0;0;0;2;5;4
1304;1513;87;1;0;0;0;0;4;0;0;4;1;3
1305;80;87;0;0;0;0;0;0;0;1;3;2;3
1306;347;88;0;0;0;0;3;0;5;0;2;1;3
1307;738;88;1;0;0;0;0;3;3;0;4;2;3
1308;278;88;0;0;4;0;0;0;3;0;3;1;3
1309;1502;88;1;0;0;0;0;3;2;0;4;3;3
1310;2734;88;1;0;0;0;0;4;3;0;5;4;3
1311;1840;88;0;0;0;0;0;0;0;5;3;1;3
1312;1780;88;0;0;0;0;4;0;0;0;2;1;3
1313;1146;88;0;0;0;0;0;0;0;5;3;1;3
1314;1091;88;1;0;0;0;0;4;2;0;5;3;3
1315;1984;88;0;0;2;0;4;0;1;0;1;2;3
1316;3009;88;0;1;0;0;2;0;1;0;1;3;3
1317;174;88;0;0;0;0;0;0;0;5;3;1;3
1318;2559;88;0;0;0;0;0;0;0;5;3;1;3
1319;1521;88;1;0;0;0;0;3;3;0;5;2;3
1320;954;88;0;4;0;4;3;0;0;0;1;4;3
1321;1146;89;1;0;0;0;0;2;0;0;3;2;3
1322;1840;89;0;1;0;0;0;0;0;0;2;2;3
1323;1502;89;1;0;0;0;0;3;0;0;4;2;3
1324;1091;89;1;0;0;0;0;3;0;0;5;3;4
1325;3009;89;0;0;0;0;4;0;0;0;1;4;4
1326;347;89;0;0;0;0;5;0;0;0;1;4;3
1327;1780;89;0;0;0;0;5;0;0;0;1;2;3
1328;278;89;0;0;3;0;0;0;0;0;2;2;3
1329;738;89;1;0;0;0;0;0;2;0;3;2;3
1330;2734;89;1;0;0;0;0;0;0;1;3;3;3
1331;1984;89;0;0;0;0;4;0;0;0;2;3;3
1332;174;89;1;0;0;0;0;2;0;0;4;3;3
1333;2559;89;1;0;0;0;0;0;0;3;3;3;3
1334;954;89;0;4;0;0;0;0;0;0;1;4;3
1335;1521;89;1;0;0;0;0;2;0;0;4;3;4
1336;459;90;0;0;0;0;0;0;0;5;3;1;3
1337;60;90;1;0;0;0;0;3;0;0;5;2;1
1338;1984;90;0;0;0;0;1;0;0;0;3;1;1
1339;278;90;1;0;0;0;0;0;1;4;3;1;1
1340;347;90;0;0;0;0;2;0;4;0;2;1;2
1341;1840;90;1;0;0;0;0;0;0;5;3;1;1
1342;1780;90;0;0;0;0;0;0;0;2;3;1;1
1343;1146;90;0;0;0;5;0;0;0;0;1;1;5
1344;2734;90;1;0;0;0;0;1;0;0;3;1;1
1345;1502;90;0;0;0;0;0;0;0;1;3;1;1
1346;1091;90;1;0;0;0;0;5;0;0;5;3;1
1347;3009;90;0;1;0;0;0;0;0;0;3;1;1
1348;738;90;0;0;0;0;0;0;0;5;3;1;1
1349;2559;90;1;0;5;0;0;0;0;0;3;1;1
1350;174;90;0;0;0;5;0;0;0;0;3;1;1
1351;2755;91;0;0;0;0;0;0;5;0;1;1;1
1352;1311;91;0;0;0;0;0;0;0;5;3;1;3
1353;60;91;1;0;0;0;0;4;0;0;4;3;3
1354;459;91;0;0;0;0;0;0;0;5;3;1;3
1355;2734;91;1;0;0;0;0;5;0;0;5;4;2
1356;1091;91;1;0;0;0;0;0;0;5;4;2;3
1357;278;91;1;0;4;0;0;0;0;0;4;3;1
1358;1146;91;1;0;0;0;0;0;0;4;4;1;3
1359;3009;91;1;0;0;0;4;0;0;0;2;3;1
1360;1780;91;0;0;0;0;4;0;0;0;2;1;2
1361;738;91;1;0;0;0;0;0;3;0;3;2;3
1362;1984;91;1;0;0;0;0;0;3;0;2;2;2
1363;1502;91;1;0;0;0;0;4;0;0;4;3;4
1364;347;91;0;0;0;0;0;0;5;0;1;4;1
1365;1840;91;0;0;0;0;4;0;0;0;2;3;2
1366;474;92;1;0;0;0;0;0;0;1;3;1;3
1367;996;92;0;0;0;0;0;0;0;5;3;1;3
1368;1223;92;1;0;0;0;0;0;0;3;3;1;3
1369;749;92;0;0;0;0;0;0;0;5;3;1;3
1370;1312;92;0;0;0;0;0;0;0;5;3;1;3
1371;1778;92;0;0;0;0;0;0;0;5;3;1;3
1372;524;92;0;0;0;0;0;0;0;5;3;1;3
1373;993;92;0;0;0;0;0;0;0;5;3;1;3
1374;1395;92;0;0;0;0;0;0;0;1;3;1;3
1375;1038;92;0;0;0;0;0;0;0;5;3;1;3
1376;2844;92;0;0;0;0;0;0;0;5;3;1;3
1377;1311;92;0;0;0;0;0;0;0;5;3;1;3
1378;2755;92;0;0;0;0;0;0;0;3;3;1;3
1379;60;92;0;0;0;0;0;0;0;3;3;1;3
1380;459;92;0;0;0;0;0;0;0;5;3;1;3
1381;474;93;1;0;0;0;0;5;0;0;4;3;3
1382;749;93;0;0;0;0;0;0;0;3;2;1;3
1383;996;93;0;0;0;0;0;0;0;3;3;2;3
1384;993;93;1;0;0;0;0;0;3;0;4;4;3
1385;1312;93;1;0;0;0;0;5;0;0;4;4;3
1386;1778;93;0;0;0;0;3;0;0;0;2;2;3
1387;524;93;1;0;0;0;0;5;0;0;5;4;3
1388;2844;93;1;0;2;0;0;0;0;0;2;2;3
1389;1223;93;1;0;0;0;0;0;0;4;4;3;3
1390;1395;93;1;0;0;0;0;5;0;0;5;5;3
1391;1038;93;0;0;0;0;0;0;4;0;3;4;3
1392;2755;93;0;0;0;0;0;0;4;0;2;2;3
1393;1311;93;0;0;0;0;0;4;0;0;4;3;3
1394;60;93;1;0;0;0;0;4;0;0;5;4;3
1395;459;93;1;0;0;0;0;2;0;0;4;2;3
1396;2396;94;0;0;0;0;0;0;0;3;4;2;5
1397;407;94;1;0;0;0;0;4;3;0;4;4;3
1398;1038;94;1;0;1;0;0;0;3;0;2;3;2
1399;1778;94;0;0;0;0;0;0;0;3;2;1;4
1400;1312;94;1;0;0;0;0;2;0;0;4;2;5
1401;474;94;1;0;0;0;0;3;0;0;5;3;4
1402;993;94;0;0;1;0;0;0;4;0;2;3;4
1403;1223;94;1;0;0;0;0;0;0;4;3;1;5
1404;749;94;0;0;1;1;0;0;2;0;3;2;4
1405;2844;94;0;0;0;0;0;0;0;3;2;1;5
1406;1395;94;1;0;0;0;0;4;1;0;5;4;3
1407;996;94;0;0;0;0;2;0;0;0;4;2;5
1408;524;94;0;0;0;0;0;0;0;3;3;1;5
1409;1311;94;1;0;0;1;0;2;0;0;4;2;5
1410;2755;94;1;0;0;3;0;0;2;0;4;4;2
1411;55;95;1;0;0;0;0;3;2;0;3;2;2
1412;1013;95;0;0;0;0;3;0;0;0;2;2;2
1413;1312;95;1;0;0;0;0;0;0;4;3;1;1
1414;1778;95;1;0;0;0;0;0;0;4;2;1;3
1415;993;95;1;0;0;0;0;0;2;0;3;1;2
1416;749;95;1;0;1;0;3;0;0;0;2;2;3
1417;474;95;1;0;0;0;0;3;0;0;4;1;2
1418;1395;95;1;0;0;0;0;4;0;0;2;3;3
1419;524;95;1;0;0;0;0;0;0;4;3;1;1
1420;1223;95;1;0;0;0;0;1;0;2;4;1;1
1421;1038;95;0;0;0;1;0;0;4;0;3;2;4
1422;2844;95;0;0;0;0;0;0;0;4;3;1;1
1423;996;95;0;0;0;0;0;0;0;5;3;1;1
1424;1311;95;0;0;0;0;0;0;0;5;3;1;1
1425;2755;95;0;0;2;1;4;0;0;0;1;3;3
1426;2745;96;1;0;0;0;0;0;2;0;3;3;2
1427;2347;96;1;0;0;0;0;0;0;3;3;2;2
1428;2396;96;1;0;0;0;1;0;0;0;3;2;2
1429;407;96;1;0;0;0;0;3;0;0;3;3;3
1430;996;96;1;0;0;0;0;0;0;3;3;2;2
1431;993;96;1;0;2;0;0;0;0;0;3;3;3
1432;2844;96;1;0;0;0;0;0;0;2;3;3;3
1433;749;96;1;0;3;0;0;0;0;0;2;3;3
1434;524;96;1;0;0;0;0;3;3;0;3;3;3
1435;1312;96;1;0;0;0;0;4;0;0;3;3;3
1436;1778;96;1;0;0;0;4;0;0;0;2;2;4
1437;1395;96;1;0;0;0;0;4;0;0;4;3;3
1438;1223;96;1;0;0;0;0;4;0;0;4;3;3
1439;1038;96;1;0;3;0;3;0;0;0;2;3;3
1440;474;96;1;0;0;0;0;4;0;0;4;3;3
1441;426;97;1;0;0;0;0;4;0;0;4;4;1
1442;611;97;1;0;0;0;0;4;4;0;3;3;3
1443;1838;97;1;0;0;0;0;0;0;3;3;3;3
1444;3054;97;1;0;0;0;2;4;4;0;3;3;3
1445;1273;97;1;0;1;0;0;5;0;0;3;3;3
1446;2416;97;1;0;0;0;4;3;0;3;3;3;3
1447;559;97;1;0;0;0;0;3;3;0;3;3;3
1448;498;97;1;0;0;0;0;5;3;0;3;3;3
1449;612;97;1;0;0;0;0;3;0;0;3;3;3
1450;2347;97;1;0;0;0;0;0;0;3;3;3;3
1451;2745;97;1;1;0;0;0;0;0;3;3;3;3
1452;1013;97;0;3;0;0;3;0;0;0;3;3;3
1453;55;97;1;0;0;0;0;2;0;4;3;3;3
1454;407;97;1;0;1;0;0;3;0;0;3;3;3
1455;2396;97;1;0;0;0;3;0;0;0;3;3;3
1456;559;98;1;0;0;0;0;0;0;1;3;3;3
1457;2416;98;0;0;0;0;0;0;0;1;1;1;1
1458;1273;98;1;0;0;0;0;1;0;0;4;4;4
1459;611;98;1;0;0;0;0;1;0;0;4;4;4
1460;1838;98;0;0;0;0;0;0;1;0;1;1;1
1461;612;98;1;0;0;0;0;1;0;0;4;4;4
1462;426;98;1;0;0;0;0;1;0;0;4;4;4
1463;498;98;1;0;0;0;0;1;0;0;4;4;4
1464;3054;98;1;0;0;0;0;1;0;0;4;4;4
1465;2347;98;1;0;0;0;0;1;0;0;4;4;4
1466;55;98;0;0;0;0;0;0;0;1;1;1;1
1467;1013;98;0;0;0;0;0;0;0;1;1;1;1
1468;2745;98;0;0;0;0;0;0;0;1;1;1;1
1469;2396;98;1;0;0;0;0;0;1;0;1;1;1
1470;407;98;1;0;0;0;1;0;0;0;1;1;1
1471;1612;99;0;0;0;0;0;0;0;5;4;5;4
1472;598;99;1;0;0;0;0;4;0;0;4;4;4
1473;426;99;1;0;0;0;0;0;5;0;4;4;4
1474;612;99;1;0;0;0;0;0;0;4;4;4;4
1475;611;99;1;0;4;0;0;0;0;0;4;4;4
1476;3054;99;1;0;0;0;4;0;0;0;4;4;4
1477;498;99;1;5;0;0;0;0;0;0;4;4;4
1478;1838;99;0;0;5;0;0;0;0;0;4;4;4
1479;559;99;1;0;5;0;0;0;0;0;4;4;4
1480;1273;99;0;5;0;0;0;0;0;0;4;4;4
1481;2416;99;1;0;0;0;5;0;0;0;4;4;4
1482;2745;99;0;0;0;5;0;0;0;0;4;4;4
1483;55;99;1;0;0;0;0;5;0;0;4;4;4
1484;2347;99;1;0;5;0;0;0;0;0;4;4;4
1485;1013;99;1;5;0;0;0;0;0;0;4;4;4
1486;2087;100;0;0;0;0;5;0;0;0;2;1;1
1487;2448;100;1;0;0;0;0;5;0;0;5;1;2
1488;2367;100;1;0;0;0;0;0;0;1;3;1;1
1489;215;100;1;0;0;0;0;5;0;0;5;1;3
1490;598;100;1;0;0;0;0;5;0;0;5;1;3
1491;1612;100;0;0;0;0;0;0;0;1;3;1;1
1492;426;100;1;0;0;0;0;5;0;0;5;4;3
1493;559;100;1;0;0;0;0;4;0;0;3;1;2
1494;498;100;1;0;0;0;0;4;0;0;3;1;3
1495;612;100;1;0;0;0;0;5;0;0;4;1;4
1496;2416;100;1;0;0;0;5;0;0;0;2;1;2
1497;1273;100;1;0;0;0;0;5;0;0;5;2;3
1498;1838;100;0;0;0;0;0;0;4;0;1;1;1
1499;3054;100;1;0;0;0;0;5;0;0;5;1;3
1500;611;100;1;0;0;0;0;4;0;0;4;2;2
1501;766;101;0;0;0;0;2;0;0;0;1;1;1
1502;534;101;1;0;0;0;0;0;2;0;1;1;1
1503;675;101;0;0;0;0;0;0;0;2;1;1;1
1504;2159;101;1;0;0;0;0;3;3;0;2;2;3
1505;379;101;0;0;5;0;5;0;0;0;3;3;3
1506;1642;101;1;0;0;0;0;4;4;0;3;2;3
1507;2482;101;1;3;0;0;0;4;0;0;3;3;3
1508;2095;101;1;0;0;0;0;5;5;0;3;4;5
1509;94;101;0;0;3;0;3;0;0;0;3;3;3
1510;2367;101;0;0;3;0;0;0;3;0;3;3;3
1511;2448;101;0;0;0;0;0;0;0;3;3;2;1
1512;2087;101;1;0;0;0;0;5;5;0;3;4;4
1513;215;101;1;0;4;0;0;0;4;0;3;4;4
1514;1612;101;0;0;0;0;0;0;5;0;2;1;1
1515;598;101;1;0;0;0;0;5;5;0;4;4;4
1516;2159;102;1;0;0;0;0;4;0;0;5;3;4
1517;2482;102;1;0;0;0;0;0;0;3;4;1;4
1518;379;102;0;0;4;0;0;0;0;0;1;1;1
1519;534;102;1;0;0;0;0;0;0;3;5;1;2
1520;2095;102;1;0;0;0;0;4;0;0;5;3;5
1521;766;102;1;0;0;0;0;0;0;4;3;2;1
1522;1642;102;1;0;0;0;0;4;0;0;4;3;3
1523;94;102;0;0;0;0;4;0;0;0;3;3;3
1524;675;102;1;0;0;0;0;4;0;0;5;1;5
1525;2448;102;1;0;0;0;0;0;4;0;3;3;3
1526;215;102;1;0;0;0;0;0;0;4;3;3;3
1527;2087;102;1;0;0;0;0;0;0;4;3;3;3
1528;2367;102;1;0;0;0;0;0;0;4;3;3;3
1529;598;102;1;0;0;0;0;4;0;0;5;1;1
1530;1612;102;1;0;0;0;0;0;0;4;3;1;1
1531;2143;103;1;0;0;0;0;4;0;0;1;2;3
1532;1681;103;1;0;0;0;0;5;0;0;4;3;4
1533;675;103;1;0;0;0;0;0;0;3;3;3;3
1534;766;103;0;0;0;0;0;0;0;3;2;2;2
1535;534;103;0;0;0;0;0;0;0;3;2;1;1
1536;1642;103;1;0;0;0;0;4;0;0;4;5;4
1537;2159;103;1;0;0;0;0;5;0;0;5;5;5
1538;94;103;1;0;0;0;0;0;0;3;3;3;3
1539;379;103;1;0;0;0;0;0;0;2;2;2;2
1540;2482;103;0;0;0;0;2;0;0;0;2;1;1
1541;2095;103;1;0;0;0;0;5;0;0;5;5;5
1542;2367;103;1;0;0;0;0;0;3;0;3;3;3
1543;2448;103;1;0;0;0;0;4;0;0;4;4;4
1544;215;103;1;0;0;0;0;0;0;3;2;3;3
1545;2087;103;1;0;0;0;0;0;3;0;3;3;3
1546;231;104;0;1;0;0;0;0;0;0;1;5;1
1547;1812;104;1;0;0;0;0;0;0;1;4;4;4
1548;95;104;1;0;0;0;1;0;0;0;2;2;2
1549;769;104;1;0;0;1;0;0;0;0;1;1;1
1550;1681;104;0;0;0;0;0;0;0;1;3;3;3
1551;2143;104;1;0;0;0;0;2;0;0;5;5;5
1552;1642;104;1;0;0;0;0;5;0;0;5;3;3
1553;2159;104;1;0;0;0;0;5;0;0;3;3;3
1554;379;104;0;0;5;0;0;0;0;0;1;1;1
1555;766;104;0;0;0;0;0;0;0;5;1;1;1
1556;94;104;0;0;0;0;0;0;0;5;1;1;1
1557;2095;104;1;0;0;0;0;5;0;0;5;5;5
1558;2482;104;0;5;0;0;0;0;0;0;1;1;1
1559;534;104;0;0;0;0;0;0;0;5;1;1;1
1560;675;104;1;0;0;0;0;0;0;5;1;1;1
1561;2406;105;1;0;0;0;1;0;0;0;2;2;2
1562;25;105;0;0;1;0;0;0;0;0;1;1;1
1563;2521;105;1;0;0;0;0;0;0;1;1;1;1
1564;556;105;1;0;0;0;0;1;0;0;1;1;1
1565;1681;105;1;0;0;0;0;1;0;0;1;1;1
1566;2143;105;1;0;0;0;0;0;1;0;1;1;1
1567;94;105;1;0;0;0;0;0;0;1;1;1;1
1568;2482;105;1;0;0;0;0;0;0;1;1;1;1
1569;534;105;1;0;0;0;0;0;0;1;1;1;1
1570;379;105;0;0;1;0;0;0;0;0;1;1;1
1571;1642;105;1;0;0;0;0;0;1;0;1;1;1
1572;2095;105;1;0;0;0;0;1;0;0;1;1;1
1573;675;105;1;0;0;0;0;0;0;1;1;1;1
1574;766;105;0;0;0;0;1;0;0;0;1;1;1
1575;2159;105;1;0;0;0;0;1;0;0;1;1;1
1576;2238;106;1;0;0;0;0;4;0;0;4;4;4
1577;2287;106;1;0;0;0;0;5;0;0;5;3;4
1578;93;106;0;0;0;0;3;0;0;0;4;2;3
1579;692;106;1;0;0;0;0;0;0;3;5;2;4
1580;2143;106;1;0;0;0;0;0;0;4;4;2;4
1581;1681;106;0;0;0;0;4;0;0;0;1;1;1
1582;766;106;0;0;0;0;1;0;0;0;2;1;1
1583;2095;106;1;0;0;0;0;4;0;0;4;3;5
1584;2159;106;1;0;4;0;0;0;0;0;4;4;4
1585;534;106;0;0;0;0;5;0;0;0;4;3;4
1586;675;106;0;0;0;0;0;0;0;3;3;3;3
1587;2482;106;0;4;0;0;0;0;0;0;4;4;4
1588;1642;106;1;0;0;0;0;0;4;0;4;4;4
1589;379;106;0;0;5;0;0;0;0;0;5;5;5
1590;94;106;0;0;0;0;5;0;0;0;5;5;5
1591;169;107;1;3;0;0;0;0;0;0;3;3;1
1592;1496;107;1;0;0;0;3;0;0;0;4;4;4
1593;2951;107;1;0;0;0;0;3;0;0;3;3;3
1594;2287;107;1;0;0;0;0;4;0;0;3;3;3
1595;556;107;1;0;0;0;0;0;3;0;2;1;2
1596;769;107;1;0;0;0;0;0;0;2;1;1;1
1597;93;107;1;0;0;0;0;3;0;0;2;2;2
1598;2521;107;1;0;0;0;0;0;3;0;1;1;1
1599;1812;107;1;0;2;0;0;0;0;0;4;3;4
1600;231;107;1;0;4;0;0;0;0;0;3;3;3
1601;2238;107;1;0;0;0;0;5;0;0;5;5;5
1602;95;107;1;0;0;0;2;0;0;0;1;1;1
1603;2406;107;1;0;0;0;0;0;0;2;1;1;1
1604;25;107;1;0;0;0;0;0;0;2;1;2;2
1605;692;107;1;0;0;0;0;4;0;0;5;5;5
1606;2951;108;1;0;0;0;0;0;0;3;4;2;3
1607;1496;108;1;0;0;0;0;0;3;0;3;2;4
1608;169;108;0;0;4;0;0;0;0;0;1;4;5
1609;2238;108;1;0;0;0;0;4;0;0;4;4;4
1610;1812;108;1;0;0;0;0;0;0;3;3;2;3
1611;25;108;1;0;4;0;0;0;0;0;2;4;4
1612;2406;108;1;0;0;0;0;4;0;0;4;3;4
1613;2521;108;1;0;0;0;0;0;0;2;3;1;3
1614;556;108;1;0;0;0;0;4;0;0;4;3;4
1615;2287;108;1;0;0;0;0;4;0;0;4;3;4
1616;692;108;1;0;0;0;0;0;4;0;4;4;4
1617;93;108;1;0;0;0;0;0;0;3;5;2;4
1618;769;108;1;0;0;0;4;0;0;0;2;2;2
1619;231;108;0;5;0;0;0;0;0;0;1;5;5
1620;95;108;0;0;0;0;5;0;0;0;2;4;4
1621;169;109;0;0;0;0;0;0;0;1;1;2;2
1622;1496;109;0;0;1;0;0;0;0;0;2;2;2
1623;2951;109;1;0;0;0;0;0;0;1;1;1;2
1624;692;109;1;0;0;0;0;0;0;1;2;1;2
1625;95;109;0;0;0;0;2;0;0;0;3;2;2
1626;2287;109;1;0;0;0;0;3;0;0;2;1;3
1627;2521;109;1;0;0;0;0;2;0;0;2;2;2
1628;769;109;0;1;0;0;0;0;0;0;3;4;4
1629;93;109;0;0;1;0;0;0;0;0;2;3;3
1630;1812;109;0;0;0;0;1;0;0;0;2;3;2
1631;2406;109;0;0;1;0;0;0;0;0;2;3;2
1632;556;109;1;0;0;0;0;0;0;1;2;2;2
1633;25;109;0;0;0;0;1;0;0;0;2;2;2
1634;231;109;0;2;0;0;0;0;0;0;3;3;3
1635;2238;109;1;0;0;0;0;2;0;0;2;2;2
1636;1940;110;0;0;0;0;3;0;0;0;2;1;1
1637;2372;110;1;0;0;0;0;4;0;0;3;1;1
1638;2370;110;0;0;0;0;0;0;0;2;2;1;2
1639;2895;110;0;0;0;4;0;0;0;0;3;3;2
1640;644;110;1;0;0;0;0;3;0;0;3;2;2
1641;481;110;1;0;0;0;0;0;0;3;3;1;2
1642;953;110;0;0;2;0;0;0;0;0;2;2;3
1643;1891;110;0;0;3;0;0;0;0;0;2;3;3
1644;2315;110;0;0;0;0;2;0;0;0;2;2;3
1645;1869;110;0;0;0;0;3;0;0;0;2;2;3
1646;2955;110;0;0;0;0;0;0;2;0;1;2;3
1647;2811;110;0;0;0;0;2;0;0;0;2;2;3
1648;2951;110;1;0;0;0;0;0;2;0;3;2;2
1649;169;110;0;0;0;0;3;0;0;0;1;4;3
1650;1496;110;0;0;0;0;3;0;0;0;1;4;3
1651;2476;111;0;0;0;2;0;0;0;0;3;2;2
1652;991;111;1;0;0;0;0;0;0;3;3;3;3
1653;2661;111;1;0;0;0;0;4;0;0;4;1;4
1654;2315;111;1;0;0;0;0;2;0;0;3;2;3
1655;481;111;1;0;0;0;0;2;1;0;4;2;4
1656;2895;111;1;0;3;0;0;0;2;0;3;4;2
1657;2370;111;0;0;1;0;0;0;0;0;2;3;2
1658;644;111;1;0;0;0;0;2;1;0;4;2;2
1659;1869;111;0;0;0;2;0;0;0;0;2;3;3
1660;1891;111;0;0;1;0;0;0;1;0;2;4;2
1661;2955;111;0;0;0;0;1;0;0;0;2;2;2
1662;1940;111;0;0;2;0;0;0;1;0;3;4;2
1663;953;111;1;0;0;0;0;0;2;0;3;3;2
1664;2372;111;1;0;0;0;0;3;0;0;4;2;2
1665;2811;111;0;0;3;0;1;0;0;0;2;3;3
1666;991;112;0;3;0;2;4;0;0;0;1;1;2
1667;2476;112;0;0;1;3;1;0;0;0;1;2;2
1668;2661;112;1;0;2;0;0;2;2;0;3;2;1
1669;1940;112;1;0;0;0;3;0;0;0;2;1;3
1670;2895;112;1;0;3;0;0;0;2;0;4;3;3
1671;644;112;1;0;0;0;0;5;3;0;2;4;2
1672;953;112;1;0;2;0;2;0;0;0;4;2;4
1673;1869;112;0;0;0;2;3;0;0;0;2;2;1
1674;481;112;1;0;0;0;0;4;3;0;3;4;2
1675;2811;112;0;0;1;0;2;0;1;0;2;1;3
1676;2955;112;0;0;3;2;2;0;0;0;1;3;3
1677;1891;112;1;0;0;0;0;4;0;0;4;3;2
1678;2315;112;0;1;0;0;0;2;1;0;3;2;4
1679;2372;112;1;0;0;0;0;4;0;0;4;4;3
1680;2370;112;1;0;0;0;0;2;2;0;4;2;3
1681;2661;113;1;0;3;1;0;2;0;5;3;2;3
1682;2476;113;0;1;4;4;0;0;0;0;2;3;2
1683;991;113;0;0;0;0;0;0;0;5;3;4;2
1684;2955;113;1;0;4;2;0;0;1;0;3;4;3
1685;2895;113;1;0;0;0;0;0;1;3;4;2;3
1686;2372;113;1;0;0;0;0;4;1;0;5;2;3
1687;1940;113;1;0;0;0;0;0;0;5;3;3;4
1688;644;113;1;0;0;0;0;3;0;3;5;1;3
1689;481;113;1;0;0;0;0;4;0;2;4;2;4
1690;2315;113;1;0;0;0;0;3;1;2;4;3;2
1691;953;113;1;0;2;0;0;0;2;2;3;3;1
1692;2370;113;1;0;0;0;0;3;0;2;4;2;3
1693;2811;113;0;0;0;0;0;0;0;4;3;3;3
1694;1869;113;1;0;2;2;0;0;0;0;3;4;2
1695;1891;113;0;0;3;2;0;0;0;0;2;4;2
1696;2258;114;1;0;0;0;0;0;1;3;3;1;5
1697;2291;114;0;1;0;1;0;0;0;2;3;2;4
1698;402;114;1;1;0;3;0;0;0;2;3;1;4
1699;1691;114;1;0;1;0;0;3;1;0;4;1;4
1700;2848;114;1;0;1;0;0;2;2;3;4;1;4
1701;2285;114;1;0;0;0;0;5;2;3;5;1;3
1702;2727;114;1;0;0;0;0;2;3;2;5;2;3
1703;208;114;1;0;0;0;0;2;3;4;4;2;4
1704;601;114;1;0;2;0;1;0;2;0;3;2;2
1705;2738;114;1;0;1;0;0;0;2;0;3;1;3
1706;2127;114;1;0;0;0;1;2;3;2;3;3;2
1707;14;114;1;0;4;1;0;0;0;0;2;3;2
1708;2661;114;1;0;2;0;1;0;3;2;4;2;3
1709;2476;114;1;0;1;0;0;0;2;4;3;1;4
1710;991;114;1;0;0;0;0;0;0;5;3;1;5
1711;1374;115;1;0;0;0;0;3;3;0;4;4;2
1712;1201;115;1;0;0;0;0;0;0;3;3;1;1
1713;2444;115;1;0;0;0;0;2;0;0;4;1;1
1714;402;115;1;0;0;0;0;3;2;0;4;3;2
1715;1691;115;1;0;0;0;0;0;4;0;4;4;3
1716;2727;115;1;0;0;0;0;1;0;4;2;1;2
1717;14;115;0;0;2;2;0;0;0;0;2;2;2
1718;208;115;1;0;0;0;0;3;2;0;4;3;2
1719;2127;115;1;0;0;0;2;3;0;0;3;2;1
1720;601;115;1;0;0;0;0;0;0;3;3;1;1
1721;2291;115;0;0;0;0;0;0;0;1;3;1;1
1722;2848;115;1;0;0;0;0;0;0;2;4;2;1
1723;2285;115;1;0;0;0;2;3;0;0;4;3;3
1724;2738;115;1;0;0;0;0;0;0;3;3;1;1
1725;2258;115;1;0;0;0;0;0;0;3;3;1;1
1726;1374;116;1;0;0;0;0;4;0;0;5;4;5
1727;2444;116;1;0;0;0;0;0;0;4;1;1;1
1728;1201;116;1;0;0;0;0;0;3;0;3;2;2
1729;2291;116;1;0;0;0;0;4;0;0;3;2;2
1730;601;116;0;0;3;0;0;0;0;0;1;1;1
1731;2738;116;0;0;0;0;0;0;0;3;1;1;1
1732;2285;116;1;0;0;0;0;5;0;0;3;3;1
1733;208;116;1;0;0;0;0;0;3;0;1;3;1
1734;1691;116;1;0;0;0;0;0;0;3;3;1;1
1735;2127;116;1;0;0;0;0;3;0;0;4;1;3
1736;2258;116;0;0;0;0;0;0;0;3;1;1;1
1737;14;116;1;0;4;0;0;0;0;0;2;2;1
1738;402;116;1;0;0;0;0;0;4;0;3;4;4
1739;2848;116;1;0;0;0;0;0;0;3;4;1;4
1740;2727;116;0;0;0;0;0;0;0;3;2;1;1
1741;1374;117;1;0;0;0;0;4;0;0;4;5;4
1742;1201;117;1;0;0;0;0;0;0;5;3;1;3
1743;2444;117;1;0;0;0;0;3;0;0;4;4;4
1744;2291;117;1;0;0;0;0;0;0;3;3;1;3
1745;2258;117;1;0;0;0;1;0;0;0;2;1;1
1746;2285;117;1;0;0;0;0;4;0;0;2;2;2
1747;2127;117;1;0;0;0;0;0;0;1;2;1;2
1748;2848;117;1;0;0;0;0;0;0;1;1;1;1
1749;208;117;0;0;0;1;0;0;0;0;1;1;1
1750;1691;117;1;0;0;0;0;2;0;0;3;2;2
1751;2727;117;1;0;0;0;0;0;0;1;2;1;1
1752;2738;117;1;0;0;0;0;0;0;1;2;1;1
1753;402;117;1;0;0;0;0;1;0;0;1;1;1
1754;601;117;1;0;0;0;0;1;0;0;2;2;2
1755;14;117;1;0;1;0;0;0;0;0;2;3;4
1756;2144;118;1;0;0;0;0;0;4;0;3;3;4
1757;969;118;1;0;0;0;3;0;0;0;3;2;3
1758;1112;118;1;0;0;0;0;3;0;0;3;3;2
1759;1078;118;1;0;0;0;0;3;0;0;3;3;2
1760;2989;118;1;0;0;0;0;3;0;0;3;3;3
1761;2344;118;1;0;0;0;0;3;0;0;3;3;2
1762;706;118;1;0;0;0;0;0;3;0;3;3;3
1763;861;118;1;0;3;0;0;0;0;0;3;3;3
1764;235;118;1;0;3;0;0;0;0;0;3;3;2
1765;857;118;0;0;0;0;0;0;0;1;1;1;1
1766;1176;118;1;0;0;0;0;3;0;0;3;3;3
1767;364;118;0;0;0;0;3;0;0;0;3;1;2
1768;2444;118;1;0;0;0;0;3;0;0;3;3;3
1769;1374;118;1;0;0;0;0;0;3;0;3;3;3
1770;1201;118;1;0;0;0;0;0;0;3;2;1;2
1771;756;119;1;0;0;0;0;0;0;4;3;1;1
1772;1340;119;1;0;3;0;0;0;0;2;2;2;2
1773;2552;119;1;0;0;0;0;0;0;3;3;1;1
1774;857;119;0;0;0;0;0;0;0;3;3;1;1
1775;1078;119;1;0;0;0;0;0;0;3;3;1;1
1776;969;119;1;0;0;0;0;0;0;3;3;1;1
1777;364;119;0;0;0;2;0;0;0;2;2;2;1
1778;861;119;1;0;0;0;0;0;1;3;3;1;1
1779;1112;119;1;0;0;0;0;0;0;3;3;1;1
1780;1176;119;1;0;0;0;0;0;0;3;3;1;1
1781;2989;119;1;0;0;0;0;0;0;3;3;1;1
1782;2344;119;1;0;0;0;0;1;0;3;4;1;1
1783;706;119;1;0;0;0;0;0;0;3;3;1;1
1784;235;119;0;0;0;0;0;0;1;2;2;1;1
1785;2144;119;1;0;0;0;0;0;0;3;4;1;1
1786;1340;120;1;0;0;0;0;2;0;4;3;3;3
1787;2552;120;1;0;0;0;0;3;0;0;4;2;1
1788;756;120;1;0;0;0;0;0;0;4;3;2;2
1789;364;120;1;3;0;0;4;0;0;0;4;4;2
1790;235;120;0;0;1;0;0;0;0;0;4;2;2
1791;1176;120;1;0;0;0;0;3;0;0;2;2;1
1792;2344;120;1;0;0;0;0;0;0;3;2;2;1
1793;1078;120;1;0;0;0;0;0;2;0;1;2;1
1794;1112;120;1;0;0;0;0;0;2;0;1;2;1
1795;969;120;1;0;0;0;0;0;0;3;1;2;1
1796;706;120;1;0;0;0;0;0;2;0;2;3;2
1797;2144;120;1;0;0;0;0;4;0;0;1;3;2
1798;861;120;1;3;0;0;0;0;0;0;2;2;3
1799;2989;120;1;0;0;0;0;0;2;0;1;2;1
1800;857;120;1;0;0;0;0;0;0;3;2;1;3
1801;1340;121;1;0;0;0;0;5;0;0;3;5;2
1802;756;121;1;0;4;0;3;0;0;0;2;4;2
1803;2552;121;1;0;0;0;0;0;0;4;2;3;2
1804;1112;121;1;0;0;0;0;0;0;4;2;3;2
1805;1078;121;0;5;0;0;0;0;0;0;1;5;5
1806;364;121;0;0;0;0;0;0;3;0;2;3;2
1807;861;121;1;0;0;0;0;0;0;5;2;3;2
1808;2989;121;1;0;0;0;0;3;2;0;2;3;2
1809;706;121;0;2;0;0;0;0;0;0;2;3;2
1810;2144;121;0;0;5;0;0;0;0;0;1;5;5
1811;1176;121;1;0;0;0;0;3;0;0;2;3;2
1812;857;121;0;0;0;2;0;0;2;0;2;3;2
1813;2344;121;0;0;5;0;0;0;0;0;1;1;1
1814;969;121;1;0;0;0;0;5;0;0;5;5;5
1815;235;121;1;0;1;0;0;5;0;0;1;5;5
1816;1601;122;0;0;2;0;0;0;0;2;3;1;3
1817;864;122;1;0;0;0;0;4;2;0;4;1;5
1818;2937;122;1;0;0;0;0;0;4;0;5;3;4
1819;546;122;1;0;0;0;2;5;0;0;5;3;5
1820;699;122;0;0;2;4;0;0;3;0;2;4;3
1821;980;122;0;4;0;4;5;0;0;0;1;4;2
1822;681;122;1;0;0;0;0;5;4;0;5;1;5
1823;550;122;1;0;0;0;0;5;0;0;5;3;5
1824;1087;122;1;0;0;0;0;3;0;4;5;1;5
1825;429;122;1;0;0;0;0;4;3;0;5;3;3
1826;2299;122;1;0;0;0;0;5;0;0;5;2;4
1827;2736;122;1;0;0;0;0;5;5;0;5;3;5
1828;2552;122;1;0;0;0;0;0;0;4;4;2;4
1829;756;122;0;0;3;4;1;0;2;0;2;4;3
1830;1340;122;0;0;0;0;0;0;0;5;3;2;4
1831;2632;123;1;0;0;0;0;0;0;1;3;1;1
1832;310;123;0;0;0;0;0;0;0;2;3;1;1
1833;177;123;1;0;0;0;0;2;0;0;4;2;1
1834;724;123;0;0;0;0;0;0;0;1;3;1;1
1835;2876;123;0;0;2;0;0;0;0;0;2;3;1
1836;2621;123;1;0;0;0;0;1;0;0;4;2;1
1837;1342;123;1;0;0;0;0;2;0;0;4;1;1
1838;1970;123;0;0;0;0;3;0;0;0;1;3;2
1839;1535;123;0;0;1;0;0;0;0;0;2;3;1
1840;1247;123;0;0;1;0;0;0;0;0;2;2;2
1841;1487;123;1;0;0;0;0;1;0;0;4;2;1
1842;1359;123;1;0;0;0;0;4;0;0;5;3;2
1843;2552;123;1;0;0;0;0;2;0;0;4;3;2
1844;1340;123;1;0;0;0;0;2;0;0;4;1;1
1845;756;123;0;0;0;0;3;0;0;0;1;3;2
1846;1785;124;1;0;0;0;0;0;0;2;3;2;4
1847;2621;124;1;0;0;0;0;0;3;0;4;3;3
1848;1683;124;1;0;0;0;0;4;0;0;5;4;3
1849;681;124;1;0;0;0;0;5;0;0;5;1;5
1850;2299;124;1;0;0;0;0;4;0;0;4;1;2
1851;864;124;0;0;0;0;0;0;0;4;1;1;1
1852;1601;124;1;0;0;0;0;3;0;0;4;2;3
1853;980;124;0;0;3;0;2;0;0;1;1;1;1
1854;429;124;1;0;0;0;0;0;0;3;2;1;2
1855;2736;124;1;0;0;0;0;1;0;0;3;2;1
1856;546;124;1;0;0;0;0;5;4;0;4;3;4
1857;1087;124;1;0;0;0;0;0;3;0;4;1;1
1858;699;124;1;0;0;0;0;3;0;0;5;1;1
1859;2937;124;1;0;0;0;0;4;5;0;5;1;5
1860;550;124;0;0;0;0;1;3;0;0;2;1;3
1861;1487;125;1;0;0;0;0;4;3;0;3;1;3
1862;1970;125;1;0;0;0;4;0;4;0;3;2;2
1863;546;125;1;0;0;0;0;5;4;0;5;4;2
1864;550;125;1;0;0;0;0;5;5;0;5;5;4
1865;980;125;1;0;0;0;4;0;0;0;2;2;3
1866;699;125;0;0;4;4;5;0;4;0;2;3;3
1867;2937;125;1;0;0;0;0;0;3;5;3;1;1
1868;681;125;0;0;0;0;0;0;0;5;3;2;1
1869;1601;125;1;0;0;0;0;4;0;0;4;2;2
1870;864;125;0;0;0;0;0;0;0;5;3;1;1
1871;2736;125;1;0;0;0;0;5;5;0;5;4;3
1872;2299;125;1;0;0;0;0;4;4;0;4;2;1
1873;1087;125;1;0;0;0;0;0;0;5;4;1;1
1874;429;125;0;0;0;0;0;0;0;5;3;1;1
1875;2621;125;1;0;0;0;0;5;4;0;5;4;2
1876;1970;126;1;0;0;0;4;0;0;0;3;4;1
1877;1487;126;1;0;0;0;0;0;0;5;3;2;1
1878;550;126;1;0;0;0;0;0;0;4;3;2;1
1879;980;126;1;0;0;3;0;0;0;0;4;3;2
1880;429;126;1;0;0;0;0;5;0;0;4;4;1
1881;681;126;1;0;0;0;0;5;0;0;3;4;1
1882;2736;126;1;0;0;0;0;0;0;4;3;2;1
1883;864;126;1;0;3;0;0;0;0;0;3;4;4
1884;2937;126;1;0;0;0;0;0;4;0;3;4;4
1885;2299;126;1;0;0;0;0;0;0;4;3;2;1
1886;2621;126;1;0;0;0;0;0;0;3;3;3;1
1887;699;126;1;0;0;0;0;0;0;3;3;2;1
1888;546;126;1;0;0;0;0;0;0;4;3;2;1
1889;1601;126;1;0;0;0;0;5;0;0;4;3;1
1890;1087;126;1;0;0;0;0;4;0;0;3;2;1
1891;1352;127;1;0;0;0;0;2;1;0;3;1;1
1892;1712;127;1;0;0;0;0;5;0;0;5;3;3
1893;1683;127;1;0;0;0;0;4;0;0;4;3;3
1894;1359;127;1;0;0;0;0;5;3;0;4;4;3
1895;2632;127;1;0;0;0;0;2;0;2;3;1;3
1896;724;127;1;0;0;0;0;2;0;2;3;2;3
1897;177;127;1;0;0;0;0;2;0;0;3;1;2
1898;1342;127;1;0;0;0;0;5;0;0;4;2;3
1899;1247;127;0;0;4;0;2;0;4;0;1;2;3
1900;1535;127;1;0;1;0;0;0;3;0;3;3;3
1901;310;127;0;0;2;0;0;0;0;0;1;1;1
1902;2876;127;1;0;4;2;0;0;3;0;1;3;3
1903;1785;127;0;0;2;0;5;0;0;0;1;1;1
1904;1970;127;0;0;1;0;3;0;0;0;1;2;1
1905;1487;127;1;0;0;0;2;0;0;0;1;1;1
1906;1435;128;1;0;0;0;0;2;0;0;3;2;2
1907;2877;128;1;0;2;0;0;0;0;0;2;3;1
1908;1712;128;1;0;0;0;0;5;0;0;5;2;3
1909;1352;128;1;0;0;0;0;0;0;3;3;1;3
1910;1247;128;1;0;0;0;0;0;0;3;2;1;3
1911;2632;128;1;0;0;0;0;3;0;0;4;1;3
1912;2876;128;1;0;3;0;0;0;0;0;3;2;2
1913;177;128;1;0;0;0;0;3;0;0;4;1;3
1914;1342;128;1;0;0;0;0;4;0;0;5;1;3
1915;724;128;1;0;0;0;0;0;3;0;4;1;3
1916;1359;128;1;0;0;0;0;2;0;0;3;1;2
1917;310;128;1;0;0;0;0;0;0;2;3;1;2
1918;1785;128;1;0;0;0;0;0;0;3;3;1;3
1919;1535;128;1;0;0;0;0;0;5;0;5;3;1
1920;1683;128;1;0;0;0;0;5;0;0;5;1;3
1921;2877;129;0;0;2;0;0;0;0;0;2;2;4
1922;1435;129;1;0;0;0;0;5;0;0;5;4;5
1923;1352;129;1;0;0;0;0;5;0;0;5;3;5
1924;1712;129;1;0;0;0;0;4;0;0;5;4;5
1925;1359;129;1;0;0;0;0;5;0;0;5;4;5
1926;177;129;1;0;0;0;0;0;0;4;4;2;4
1927;310;129;1;0;0;0;0;4;0;0;4;4;3
1928;2876;129;1;0;0;0;0;0;4;0;4;4;4
1929;2632;129;1;0;0;0;0;0;0;5;3;1;5
1930;1683;129;1;0;0;0;0;4;0;0;4;2;5
1931;1342;129;1;0;0;0;0;5;0;0;5;4;5
1932;1785;129;1;0;0;0;4;0;0;0;2;1;2
1933;1535;129;1;0;4;0;0;0;0;0;2;4;1
1934;724;129;1;0;0;0;0;0;0;5;3;1;5
1935;1247;129;0;0;0;0;0;0;0;4;3;1;5
1936;557;130;1;0;0;0;0;3;0;0;4;2;3
1937;2313;130;1;0;0;0;0;0;0;2;3;1;2
1938;2303;130;1;0;0;0;0;3;2;0;4;2;3
1939;2167;130;1;0;0;0;2;0;0;0;3;1;2
1940;2067;130;1;0;0;0;0;0;0;3;2;2;1
1941;2211;130;1;0;0;0;0;0;0;3;3;1;1
1942;2202;130;1;0;0;0;0;1;0;2;4;2;2
1943;2002;130;1;0;0;0;3;0;0;0;2;2;1
1944;1507;130;1;0;0;0;0;0;3;0;4;3;2
1945;845;130;1;0;2;0;0;0;0;0;2;3;2
1946;38;130;1;0;0;0;0;4;3;0;5;3;2
1947;2877;130;1;0;4;0;0;0;0;0;2;3;2
1948;1435;130;1;0;0;0;0;2;0;0;3;2;2
1949;1712;130;1;0;0;0;0;0;2;0;3;2;1
1950;1352;130;1;0;0;0;0;3;0;0;4;2;2
1951;1839;131;1;0;0;0;0;0;0;1;4;1;3
1952;2288;131;1;0;0;0;0;4;0;0;5;2;4
1953;1197;131;1;0;0;0;0;2;0;0;4;1;2
1954;1982;131;0;0;0;0;0;0;0;1;3;1;1
1955;887;131;0;0;0;0;5;0;0;0;1;3;5
1956;98;131;1;0;0;0;0;3;0;0;4;1;2
1957;2167;131;1;0;0;0;0;0;0;2;3;1;1
1958;2780;131;1;0;0;0;0;0;0;3;4;3;4
1959;2474;131;0;0;2;0;0;0;0;0;2;3;3
1960;634;131;0;0;0;0;0;0;0;3;3;1;2
1961;1816;131;0;0;0;0;0;0;0;2;2;1;2
1962;1435;131;1;0;0;0;0;3;0;0;4;2;2
1963;2877;131;1;0;4;0;0;0;0;0;2;4;4
1964;1712;131;1;0;0;0;0;4;0;0;4;4;3
1965;1352;131;1;0;0;0;0;4;0;0;4;2;2
1966;2340;134;0;0;0;0;0;0;0;5;3;1;1
1967;2340;132;0;0;0;0;0;0;0;5;3;1;1
1968;298;134;1;1;1;1;1;5;1;3;5;3;2
1969;298;132;1;1;1;1;1;5;1;3;5;3;2
1970;1748;134;1;1;1;1;3;4;1;1;3;2;1
1971;1966;134;1;1;1;2;3;1;1;5;3;2;1
1972;1748;132;1;1;1;1;3;4;1;1;3;2;1
1973;2340;133;0;0;0;0;0;0;0;5;3;1;1
1974;3018;134;1;1;1;1;3;4;1;4;3;2;2
1975;1966;132;1;1;1;2;3;1;1;5;3;2;1
1976;1543;134;0;1;3;1;3;1;1;2;2;3;2
1977;298;133;1;1;1;1;1;5;1;3;5;3;2
1978;767;134;1;1;1;1;2;4;1;3;3;2;1
1979;3018;132;1;1;1;1;3;4;1;4;3;2;2
1980;1748;133;1;1;1;1;3;4;1;1;3;2;1
1981;2219;134;1;1;1;1;1;5;1;1;5;3;3
1982;1543;132;0;1;3;1;3;1;1;2;2;3;2
1983;1966;133;1;1;1;2;3;1;1;5;3;2;1
1984;1627;134;0;1;1;1;1;3;1;5;3;1;1
1985;767;132;1;1;1;1;2;4;1;3;3;2;1
1986;3018;133;1;1;1;1;3;4;1;4;3;2;2
1987;342;134;0;1;2;3;4;1;3;1;1;4;4
1988;2219;132;1;1;1;1;1;5;1;1;5;3;3
1989;865;134;1;2;1;1;4;2;1;3;3;1;2
1990;1543;133;0;1;3;1;3;1;1;2;2;3;2
1991;1627;132;0;1;1;1;1;3;1;5;3;1;1
1992;342;132;0;1;2;3;4;1;3;1;1;4;4
1993;767;133;1;1;1;1;2;4;1;3;3;2;1
1994;1435;134;1;1;1;1;1;5;1;3;3;2;1
1995;865;132;1;2;1;1;4;2;1;3;3;1;2
1996;2219;133;1;1;1;1;1;5;1;1;5;3;3
1997;2877;134;1;1;1;1;1;5;2;1;3;1;1
1998;1627;133;0;1;1;1;1;3;1;5;3;1;1
1999;1352;134;0;1;4;2;1;1;4;1;2;2;3
2000;1435;132;1;1;1;1;1;5;1;3;3;2;1
2001;1712;134;1;1;1;1;1;5;1;1;5;3;3
2002;342;133;0;1;2;3;4;1;3;1;1;4;4
2003;2877;132;1;1;1;1;1;5;2;1;3;1;1
2004;865;133;1;2;1;1;4;2;1;3;3;1;2
2005;1352;132;0;1;4;2;1;1;4;1;2;2;3
2006;1435;133;1;1;1;1;1;5;1;3;3;2;1
2007;1712;132;1;1;1;1;1;5;1;1;5;3;3
2008;2877;133;1;1;1;1;1;5;2;1;3;1;1
2009;1352;133;0;1;4;2;1;1;4;1;2;2;3
2010;1712;133;1;1;1;1;1;5;1;1;5;3;3
2011;2340;135;0;0;0;0;0;0;0;5;3;1;1
2012;298;135;1;1;1;1;1;5;1;3;5;3;2
2013;1748;135;1;1;1;1;3;4;1;1;3;2;1
2014;1966;135;1;1;1;2;3;1;1;5;3;2;1
2015;3018;135;1;1;1;1;3;4;1;4;3;2;2
2016;1543;135;0;1;3;1;3;1;1;2;2;3;2
2017;767;135;1;1;1;1;2;4;1;3;3;2;1
2018;2219;135;1;1;1;1;1;5;1;1;5;3;3
2019;1627;135;0;1;1;1;1;3;1;5;3;1;1
2020;342;135;0;1;2;3;4;1;3;1;1;4;4
2021;865;135;1;2;1;1;4;2;1;3;3;1;2
2022;1435;135;1;1;1;1;1;5;1;3;3;2;1
2023;2877;135;1;1;1;1;1;5;2;1;3;1;1
2024;1352;135;0;1;4;2;1;1;4;1;2;2;3
2025;1712;135;1;1;1;1;1;5;1;1;5;3;3
2026;1892;136;1;0;0;0;0;0;0;4;3;1;1
2027;2447;136;1;0;0;0;2;0;0;3;4;3;2
2028;1341;136;1;0;0;0;0;5;0;0;5;3;1
2029;476;136;1;0;0;0;0;4;0;0;4;2;1
2030;835;136;1;0;0;0;0;0;2;3;3;3;4
2031;1424;136;1;0;0;0;0;5;0;0;5;3;1
2032;2804;136;1;0;0;0;0;2;0;4;4;2;2
2033;2882;136;0;0;2;2;0;0;4;0;2;4;4
2034;336;136;0;3;3;5;3;0;4;0;1;5;5
2035;2536;136;1;0;0;0;0;0;0;4;3;1;1
2036;1872;136;1;0;1;0;3;0;0;0;2;2;2
2037;2877;136;1;0;3;1;0;0;4;0;2;3;4
2038;1435;136;1;0;0;0;0;5;0;0;5;3;1
2039;1712;136;1;0;0;0;0;5;0;0;5;2;1
2040;1352;136;1;0;2;0;0;3;3;0;4;3;3
2041;845;137;0;5;0;0;0;0;0;0;1;1;1
2042;2288;137;1;0;0;0;0;5;0;0;5;5;5
2043;2780;137;1;0;0;0;0;0;0;3;3;3;3
2044;1982;137;1;0;0;0;0;0;0;3;2;3;2
2045;38;137;1;0;0;0;0;5;0;0;5;5;5
2046;2002;137;0;0;0;0;5;0;0;0;1;1;1
2047;1839;137;1;0;0;0;0;3;0;0;3;3;3
2048;634;137;1;0;0;0;0;0;0;3;3;3;3
2049;887;137;0;5;0;0;0;0;0;0;1;1;1
2050;1197;137;1;0;0;0;0;4;0;0;4;4;4
2051;1507;137;0;0;5;0;0;0;0;0;4;4;4
2052;2303;137;0;0;0;0;0;0;0;5;3;3;3
2053;557;137;1;0;0;0;0;5;0;0;5;5;5
2054;2474;137;0;0;0;0;0;0;0;3;3;3;3
2055;2167;137;0;0;0;0;3;0;0;0;2;2;2
2056;634;138;0;0;0;0;3;0;0;2;2;2;4
2057;845;138;0;5;5;5;5;0;0;0;1;5;5
2058;2474;138;1;0;1;0;0;0;2;3;3;2;3
2059;887;138;0;5;5;5;5;0;0;0;1;4;5
2060;2303;138;1;0;0;0;0;0;0;5;4;1;2
2061;557;138;1;0;0;0;0;3;0;3;4;1;2
2062;1982;138;1;0;0;0;0;0;2;4;4;2;3
2063;1197;138;1;0;0;0;0;4;1;0;5;2;3
2064;2288;138;1;0;0;0;0;1;0;5;3;1;3
2065;38;138;1;0;0;0;0;4;1;0;5;2;3
2066;2780;138;0;0;0;2;2;0;0;3;2;2;4
2067;2002;138;0;0;0;0;2;0;0;0;2;2;3
2068;1839;138;1;0;0;0;0;3;0;2;4;2;3
2069;1507;138;1;0;0;0;0;4;3;2;5;3;1
2070;2167;138;1;0;0;0;0;3;0;4;4;2;3
2071;1816;139;1;0;0;0;0;3;0;4;5;2;2
2072;2780;139;1;0;0;0;0;5;2;0;5;3;4
2073;2474;139;0;0;3;0;2;0;0;0;2;1;1
2074;1982;139;1;0;0;0;4;0;0;0;1;4;1
2075;557;139;1;0;0;0;0;5;3;0;4;3;4
2076;887;139;0;4;5;2;5;0;0;0;1;1;1
2077;2303;139;1;0;0;0;0;0;0;4;5;3;4
2078;38;139;1;0;0;0;0;4;4;0;5;5;5
2079;1197;139;1;0;0;0;0;5;0;0;5;4;3
2080;2002;139;0;0;2;0;5;0;0;0;1;3;2
2081;1839;139;1;0;0;0;0;2;0;5;4;1;2
2082;1507;139;1;0;4;0;0;3;2;0;3;5;1
2083;634;139;0;3;0;4;5;0;0;0;1;4;1
2084;845;139;0;5;5;4;5;0;0;0;1;5;1
2085;2288;139;1;0;0;0;0;5;5;0;5;5;5
2086;1872;140;1;0;0;0;3;0;2;0;3;2;2
2087;2780;140;0;0;0;0;0;2;0;0;3;1;1
2088;1197;140;0;0;0;0;0;0;0;2;2;1;1
2089;887;140;0;3;3;0;4;0;0;0;2;3;2
2090;634;140;0;0;0;0;0;0;2;0;3;1;1
2091;1839;140;1;0;0;0;0;2;2;0;3;2;2
2092;2303;140;1;0;0;0;0;3;0;0;4;1;1
2093;2288;140;0;0;0;0;0;0;2;0;3;2;2
2094;1507;140;1;0;0;0;0;0;2;0;3;2;2
2095;845;140;1;0;2;1;2;0;0;0;2;2;2
2096;1982;140;0;0;0;0;0;0;2;0;3;1;1
2097;38;140;0;3;0;0;2;0;2;0;2;2;2
2098;557;140;1;0;0;0;0;0;0;3;3;1;1
2099;2002;140;0;0;0;0;2;0;0;0;2;2;2
2100;2474;140;0;0;3;0;3;0;0;0;2;2;2
2101;2804;141;1;0;2;0;0;0;0;4;4;4;3
2102;336;141;0;0;5;5;0;0;0;0;2;5;3
2103;835;141;0;0;4;0;0;0;0;0;3;3;3
2104;2447;141;1;0;0;0;0;5;0;0;5;2;2
2105;1892;141;0;0;0;0;0;0;0;3;3;1;2
2106;2536;141;1;0;0;0;0;0;0;4;3;1;3
2107;1341;141;1;0;0;0;0;5;5;0;5;1;2
2108;98;141;1;0;0;0;0;4;2;0;4;1;1
2109;2882;141;0;0;3;4;0;0;0;0;2;2;3
2110;476;141;1;0;0;0;0;4;4;0;4;2;2
2111;2067;141;1;0;0;0;0;5;0;0;5;1;2
2112;2211;141;0;0;0;0;0;0;0;5;3;2;2
2113;2202;141;1;0;0;0;0;3;0;0;4;1;1
2114;1816;141;1;0;0;0;0;3;0;0;4;2;2
2115;1872;141;0;0;4;5;0;0;0;0;2;4;3
2116;2804;142;1;0;0;0;0;0;0;3;4;1;3
2117;2067;142;1;0;0;0;0;3;0;0;4;1;2
2118;835;142;0;4;0;3;0;0;0;0;1;1;1
2119;2536;142;0;0;0;0;0;0;0;3;2;1;1
2120;476;142;1;0;0;0;0;2;0;0;3;1;1
2121;2202;142;1;0;0;0;0;2;0;0;4;1;1
2122;2211;142;1;0;0;0;0;1;0;3;4;1;2
2123;336;142;0;0;4;3;0;0;4;0;1;1;1
2124;2882;142;1;0;0;0;0;0;4;0;2;1;2
2125;1341;142;1;0;1;0;0;3;0;0;2;1;1
2126;98;142;1;0;0;0;0;0;0;5;1;1;1
2127;2447;142;1;0;0;0;0;4;0;0;5;2;1
2128;1892;142;1;0;0;0;0;0;0;4;3;1;1
2129;1816;142;0;0;0;0;0;0;0;4;1;1;1
2130;1872;142;1;0;0;0;0;3;0;0;4;1;1
2131;1424;143;1;1;1;1;1;5;3;3;3;4;3
2132;2313;143;1;0;0;0;0;0;0;5;3;1;4
2133;835;143;1;2;2;0;2;0;2;4;3;3;4
2134;2202;143;1;0;0;0;0;5;5;0;5;1;5
2135;2536;143;1;0;0;0;0;0;0;5;3;1;3
2136;2067;143;1;0;0;0;0;5;0;0;3;2;5
2137;1892;143;0;0;0;0;0;0;0;5;3;1;3
2138;1341;143;1;0;0;0;0;5;5;0;5;5;3
2139;2882;143;1;0;3;0;0;0;3;0;3;4;3
2140;476;143;1;0;0;0;0;5;0;0;2;4;3
2141;2447;143;1;0;0;0;0;0;0;5;3;1;5
2142;2211;143;0;0;0;0;0;0;0;5;3;2;3
2143;98;143;1;0;0;0;0;5;0;0;5;2;4
2144;336;143;0;3;0;0;3;0;0;0;1;5;4
2145;2804;143;0;0;0;0;5;0;0;0;1;1;4
2146;3047;144;0;1;0;2;0;0;0;0;3;3;3
2147;414;144;1;0;0;0;0;4;0;0;4;3;3
2148;2940;144;1;0;0;0;0;0;0;5;4;1;3
2149;2796;144;1;0;0;0;3;0;0;1;3;2;2
2150;1881;144;0;0;2;0;4;0;0;0;2;3;2
2151;2649;144;1;0;1;0;0;0;0;3;3;2;2
2152;142;144;0;0;0;0;0;0;2;0;3;3;3
2153;2995;144;1;0;2;0;1;0;0;0;2;3;2
2154;2319;144;0;0;2;0;0;0;0;0;2;3;2
2155;421;144;1;0;0;0;0;4;0;0;4;3;2
2156;2717;144;1;0;1;0;0;2;0;0;3;2;2
2157;2668;144;0;0;3;0;0;0;0;0;2;3;2
2158;1194;144;1;0;0;0;0;0;0;3;3;2;3
2159;1424;144;1;0;0;0;0;2;0;3;3;3;3
2160;2313;144;1;0;0;0;0;0;0;3;3;2;3
2161;2717;145;1;0;0;0;0;2;0;5;4;1;3
2162;2668;145;0;0;0;0;0;0;2;3;3;3;3
2163;2649;145;0;0;0;0;0;0;0;5;3;1;3
2164;2995;145;0;0;1;0;0;0;0;4;3;3;3
2165;1194;145;1;0;0;0;0;3;2;2;4;1;4
2166;1881;145;1;0;3;0;2;0;2;0;2;4;2
2167;142;145;0;0;0;2;0;0;5;0;3;4;4
2168;421;145;1;0;0;0;0;5;0;0;5;1;4
2169;2319;145;1;0;0;0;0;0;0;5;4;3;2
2170;414;145;1;0;0;0;0;4;4;0;4;2;4
2171;2796;145;0;2;0;0;4;0;0;0;1;3;1
2172;3047;145;1;4;0;0;0;2;4;0;4;3;4
2173;2940;145;1;0;0;0;0;3;2;3;4;2;2
2174;1424;145;1;0;0;0;0;5;0;0;5;2;5
2175;2313;145;0;0;0;0;3;0;0;3;2;1;4
2176;1454;146;0;0;4;0;0;0;0;0;2;4;3
2177;184;146;1;0;0;0;0;3;0;0;4;2;3
2178;2668;146;1;0;0;0;0;3;0;0;4;2;2
2179;421;146;1;0;0;0;0;4;0;0;4;2;2
2180;2796;146;0;0;0;0;4;0;0;0;2;3;3
2181;1881;146;0;0;4;0;4;0;0;0;1;4;3
2182;2319;146;0;0;0;0;0;0;0;4;3;1;1
2183;2717;146;1;0;0;0;0;0;0;4;3;2;1
2184;2940;146;1;0;0;0;0;4;0;0;4;3;2
2185;2649;146;0;0;0;0;0;0;0;4;3;1;1
2186;2995;146;0;0;0;0;2;0;0;0;2;2;2
2187;414;146;0;0;0;0;0;0;0;3;3;2;2
2188;1194;146;0;0;0;0;0;0;0;4;3;1;1
2189;3047;146;0;0;0;0;0;0;0;4;3;1;1
2190;142;146;0;0;0;0;0;0;4;0;4;3;3
2191;1454;147;0;0;4;0;0;0;0;0;2;3;4
2192;184;147;1;0;0;0;0;5;0;0;5;4;4
2193;2995;147;0;0;0;0;4;0;0;0;1;3;1
2194;2319;147;1;0;0;0;0;0;0;2;3;1;3
2195;2940;147;1;0;0;0;0;5;0;0;5;5;4
2196;2796;147;1;0;0;0;2;0;0;0;2;4;3
2197;1194;147;1;0;0;0;0;3;0;0;5;4;5
2198;414;147;1;0;0;0;0;5;0;0;5;5;5
2199;2668;147;1;0;0;4;0;0;0;0;2;2;4
2200;3047;147;0;0;5;0;0;0;0;0;2;3;1
2201;142;147;0;0;0;0;0;0;4;0;2;4;4
2202;2717;147;1;0;0;0;0;5;0;0;5;4;4
2203;2649;147;0;0;0;0;0;0;0;4;2;1;1
2204;1881;147;1;0;0;0;5;0;0;0;1;3;2
2205;421;147;1;0;0;0;0;5;0;0;5;5;3
2206;2435;148;0;1;1;2;1;1;1;4;3;1;1
2207;2751;148;1;0;0;0;0;4;4;0;5;3;2
2208;3004;148;0;0;0;2;1;0;1;4;1;1;1
2209;1151;148;0;1;1;1;1;1;1;5;2;1;1
2210;118;148;0;1;1;1;4;1;2;1;2;1;1
2211;780;148;1;1;2;1;2;3;4;0;4;3;1
2212;560;148;1;1;1;1;1;4;3;0;4;3;2
2213;1925;148;0;3;3;2;4;1;2;0;2;1;1
2214;1861;148;0;5;5;2;5;1;2;0;1;4;4
2215;2089;148;1;1;2;1;2;3;4;0;3;2;3
2216;1717;148;1;1;1;1;1;4;3;0;4;3;1
2217;46;148;0;1;3;1;4;2;4;0;3;3;3
2218;2669;148;0;3;3;4;4;1;2;0;1;3;3
2219;1454;148;0;3;3;1;2;1;4;0;3;3;4
2220;184;148;1;1;2;1;1;5;4;0;4;4;2
2221;560;149;1;0;0;0;0;4;0;0;4;2;1
2222;1151;149;1;0;0;0;0;0;0;4;3;1;1
2223;2089;149;1;0;0;0;0;4;0;0;4;1;1
2224;780;149;0;0;2;2;0;0;3;0;2;1;1
2225;46;149;0;0;0;0;4;0;4;0;2;3;3
2226;3004;149;0;0;0;3;0;0;0;0;2;2;2
2227;2435;149;0;0;0;0;3;0;0;0;2;1;1
2228;2669;149;0;0;0;0;0;0;0;3;3;1;1
2229;1925;149;0;0;3;0;3;0;0;0;2;2;1
2230;1861;149;0;0;3;0;3;0;0;0;2;2;1
2231;2751;149;1;0;0;0;0;4;0;0;5;2;3
2232;1717;149;1;0;0;0;0;4;0;0;4;2;3
2233;118;149;1;0;2;0;0;0;3;0;3;3;3
2234;1454;149;1;0;0;0;0;4;2;0;4;3;2
2235;184;149;1;0;0;0;0;3;0;0;4;3;2
2236;1721;150;1;0;2;0;0;3;0;3;2;2;2
2237;2634;150;1;0;0;0;0;0;0;5;3;3;3
2238;560;150;1;0;0;0;0;4;0;0;1;1;1
2239;1151;150;0;0;0;0;0;0;0;5;1;1;1
2240;1925;150;0;3;2;5;5;0;3;0;5;3;4
2241;2669;150;1;0;2;0;0;0;1;4;3;3;3
2242;2751;150;1;0;0;0;0;3;0;3;3;3;3
2243;46;150;0;0;0;0;2;0;0;5;2;3;5
2244;1861;150;0;5;4;4;5;0;5;0;1;4;5
2245;780;150;1;0;4;0;4;0;5;0;2;4;5
2246;2435;150;0;0;0;0;0;0;0;5;3;3;3
2247;1717;150;1;0;0;0;0;4;0;0;5;4;3
2248;2089;150;1;0;0;0;0;5;2;0;4;5;1
2249;3004;150;0;0;0;0;3;0;0;0;3;3;3
2250;118;150;0;0;0;5;5;0;0;0;3;3;3
2251;2234;151;0;0;3;5;0;0;0;0;1;1;2
2252;1644;151;1;0;0;0;0;5;2;0;5;5;4
2253;1151;151;0;2;5;5;0;0;0;0;1;1;3
2254;780;151;1;0;0;2;4;0;4;0;3;4;4
2255;2669;151;0;0;0;0;0;0;0;5;3;3;3
2256;118;151;1;0;0;0;0;2;3;4;3;3;3
2257;1717;151;1;0;0;0;0;5;0;0;5;4;5
2258;2435;151;1;0;0;0;2;2;0;2;3;2;2
2259;46;151;1;0;0;0;0;5;2;0;5;3;3
2260;2089;151;1;0;0;0;0;4;2;0;5;3;3
2261;1925;151;0;0;1;3;4;0;0;0;2;3;3
2262;2751;151;1;0;0;0;0;4;0;0;4;2;2
2263;1861;151;1;0;0;1;5;0;0;0;3;4;2
2264;3004;151;1;0;0;0;0;4;3;0;4;5;2
2265;560;151;1;0;0;0;0;5;1;0;5;3;1
2266;2604;152;0;0;0;0;0;0;0;5;3;1;3
2267;791;152;0;0;0;0;0;0;0;5;3;1;3
2268;166;152;0;0;0;2;0;0;3;0;3;3;3
2269;1775;152;0;0;0;0;1;0;0;0;2;1;3
2270;2810;152;0;0;0;0;0;0;0;5;3;1;3
2271;186;152;0;0;0;0;0;0;0;5;3;1;3
2272;136;152;0;0;0;0;0;1;0;0;4;1;3
2273;1554;152;0;0;1;0;0;0;0;0;3;2;3
2274;1939;152;0;0;0;0;0;0;0;5;3;1;3
2275;2006;152;0;0;0;0;0;0;1;0;3;2;3
2276;39;152;1;0;0;0;0;2;0;0;5;2;3
2277;2234;152;1;0;0;0;0;1;0;0;4;2;3
2278;2634;152;0;0;0;0;0;0;0;5;3;1;3
2279;1721;152;1;0;0;0;0;0;0;5;3;1;3
2280;1644;152;1;0;0;0;0;1;0;0;4;1;3
2281;2006;153;1;0;0;0;4;0;3;0;2;4;2
2282;166;153;0;0;0;4;1;0;3;0;1;4;2
2283;39;153;1;0;0;0;0;3;0;2;4;1;4
2284;136;153;1;0;0;0;0;2;0;2;4;1;3
2285;2810;153;1;0;0;0;0;0;0;4;3;2;3
2286;791;153;1;0;0;0;0;0;0;4;4;2;3
2287;2604;153;1;0;0;0;0;3;0;3;5;2;4
2288;186;153;1;0;0;0;0;3;0;2;4;3;1
2289;1554;153;1;0;0;0;1;1;0;3;3;2;2
2290;1939;153;0;0;0;1;1;0;0;4;2;2;1
2291;1775;153;0;0;1;0;4;0;0;0;1;4;1
2292;2234;153;1;0;0;0;0;1;3;3;3;3;2
2293;1644;153;1;0;0;0;0;5;0;0;5;3;2
2294;1721;153;1;0;0;0;0;5;0;0;5;2;3
2295;2634;153;0;0;0;0;0;2;0;2;3;2;3
2296;791;154;1;1;1;1;1;3;3;3;3;1;5
2297;186;154;1;1;1;1;1;4;5;0;5;5;5
2298;2604;154;1;1;1;1;1;3;1;0;3;1;5
2299;2810;154;0;1;2;1;1;1;1;0;1;1;3
2300;166;154;0;1;4;4;5;1;5;0;1;1;1
2301;136;154;1;1;1;1;1;4;1;0;5;5;5
2302;2006;154;0;1;1;1;4;1;2;0;1;1;1
2303;39;154;1;1;1;1;1;4;1;0;5;5;5
2304;1554;154;1;1;2;1;2;3;3;0;2;2;2
2305;1939;154;1;1;1;1;3;1;2;0;2;2;3
2306;1775;154;1;1;1;1;3;2;2;0;2;2;3
2307;1644;154;1;1;1;1;1;4;4;0;5;5;5
2308;1721;154;1;1;1;1;1;4;4;0;5;5;5
2309;2634;154;0;1;1;1;2;2;3;0;2;2;3
2310;2234;154;1;1;2;1;3;1;3;0;2;2;3
2311;2412;155;1;0;0;0;3;4;0;0;3;3;3
2312;2412;156;1;0;0;0;3;4;0;0;3;3;3
2313;1500;155;0;0;4;0;0;0;0;0;2;2;2
2314;1500;156;0;0;4;0;0;0;0;0;2;2;2
2315;2412;157;1;0;0;0;3;4;0;0;3;3;3
2316;1280;156;1;0;0;0;0;4;5;0;4;5;4
2317;1280;155;1;0;0;0;0;4;5;0;4;5;4
2318;1500;157;0;0;4;0;0;0;0;0;2;2;2
2319;1853;156;0;0;0;0;0;0;0;5;3;2;2
2320;1853;155;0;0;0;0;0;0;0;5;3;2;2
2321;1280;157;1;0;0;0;0;4;5;0;4;5;4
2322;39;155;1;0;0;0;0;3;0;5;4;3;3
2323;39;156;1;0;0;0;0;3;0;5;4;3;3
2324;1853;157;0;0;0;0;0;0;0;5;3;2;2
2325;186;156;1;0;0;0;0;4;3;0;4;3;3
2326;186;155;1;0;0;0;0;4;3;0;4;3;3
2327;2006;156;0;0;4;0;5;0;0;0;1;1;1
2328;2006;155;0;0;4;0;5;0;0;0;1;1;1
2329;39;157;1;0;0;0;0;3;0;5;4;3;3
2330;1939;156;0;0;5;0;5;0;0;0;1;1;1
2331;1939;155;0;0;5;0;5;0;0;0;1;1;1
2332;186;157;1;0;0;0;0;4;3;0;4;3;3
2333;791;156;0;0;0;0;0;0;0;5;3;3;3
2334;791;155;0;0;0;0;0;0;0;5;3;3;3
2335;2006;157;0;0;4;0;5;0;0;0;1;1;1
2336;2604;156;1;0;0;0;0;0;0;5;3;3;3
2337;2604;155;1;0;0;0;0;0;0;5;3;3;3
2338;1939;157;0;0;5;0;5;0;0;0;1;1;1
2339;1554;155;0;0;5;0;0;0;0;0;2;2;2
2340;1554;156;0;0;5;0;0;0;0;0;2;2;2
2341;791;157;0;0;0;0;0;0;0;5;3;3;3
2342;1775;156;0;0;0;0;4;0;0;0;2;2;2
2343;1775;155;0;0;0;0;4;0;0;0;2;2;2
2344;2604;157;1;0;0;0;0;0;0;5;3;3;3
2345;136;155;1;0;0;0;0;4;0;0;4;4;3
2346;136;156;1;0;0;0;0;4;0;0;4;4;3
2347;2810;155;0;0;4;3;0;0;0;0;1;1;1
2348;2810;156;0;0;4;3;0;0;0;0;1;1;1
2349;1554;157;0;0;5;0;0;0;0;0;2;2;2
2350;166;156;0;0;4;5;0;0;0;0;1;4;1
2351;166;155;0;0;4;5;0;0;0;0;1;4;1
2352;1775;157;0;0;0;0;4;0;0;0;2;2;2
2353;136;157;1;0;0;0;0;4;0;0;4;4;3
2354;2810;157;0;0;4;3;0;0;0;0;1;1;1
2355;166;157;0;0;4;5;0;0;0;0;1;4;1
2356;1586;158;1;1;1;1;2;5;1;2;3;3;3
2357;2630;158;1;1;1;1;1;4;1;3;3;4;1
2358;652;158;1;1;1;1;2;4;1;3;3;3;2
2359;1391;158;1;1;1;1;2;4;1;3;4;4;1
2360;1657;158;1;1;1;1;2;4;1;3;5;5;1
2361;2516;158;1;3;4;2;4;1;1;1;2;5;1
2362;1518;158;1;1;1;1;1;5;1;1;5;5;1
2363;2184;158;1;1;1;1;3;3;1;2;3;4;1
2364;1922;158;1;1;1;1;2;3;1;3;3;4;1
2365;1588;158;1;1;1;1;3;3;1;2;4;5;1
2366;1315;158;1;1;1;1;2;5;1;1;5;5;1
2367;2412;158;1;1;1;1;3;3;1;3;5;5;1
2368;1853;158;1;3;3;3;3;2;1;1;5;5;2
2369;1280;158;1;1;1;1;1;3;1;3;3;3;1
2370;1500;158;1;1;1;1;2;3;1;3;5;5;1
2371;1657;159;1;0;0;0;0;4;0;0;3;3;3
2372;1518;159;1;0;3;0;0;0;0;0;3;2;3
2373;1391;159;1;0;0;0;0;4;0;0;4;4;3
2374;652;159;1;0;0;0;0;0;0;3;2;2;2
2375;1588;159;1;0;0;0;0;0;0;3;2;2;2
2376;1922;159;0;0;0;0;0;0;0;2;1;1;1
2377;2516;159;1;0;0;3;0;0;0;0;3;2;3
2378;1315;159;1;0;0;0;0;3;0;0;4;3;3
2379;1586;159;1;0;0;0;0;0;0;2;2;2;2
2380;2184;159;1;0;0;0;0;0;0;2;2;2;2
2381;2630;159;1;0;0;0;0;0;0;2;2;2;2
2382;1500;159;1;0;0;0;2;0;0;0;3;2;2
2383;1853;159;0;0;0;0;0;0;0;2;1;1;1
2384;2412;159;1;0;0;0;0;3;0;0;3;3;3
2385;1280;159;1;0;0;0;0;0;0;2;2;1;2
2386;1898;160;1;0;0;0;0;0;0;3;4;1;2
2387;2097;160;1;0;0;0;0;0;3;0;2;1;1
2388;1871;160;0;0;0;0;0;0;0;5;3;1;3
2389;464;160;1;0;0;0;0;4;0;0;5;2;2
2390;652;160;1;0;0;0;0;4;0;0;5;2;1
2391;1315;160;1;0;0;0;0;5;0;0;5;2;2
2392;1922;160;0;0;0;0;3;0;0;0;2;1;1
2393;2184;160;0;0;0;0;0;0;0;5;3;3;3
2394;1586;160;1;0;0;0;0;5;0;0;5;3;4
2395;1518;160;1;0;0;0;0;0;4;0;4;4;3
2396;1657;160;1;0;0;0;0;4;0;0;4;2;2
2397;2630;160;1;0;0;1;0;0;0;0;3;2;3
2398;2516;160;0;0;0;0;3;0;0;0;2;3;2
2399;1588;160;0;0;0;0;0;0;0;5;3;1;2
2400;1391;160;1;0;0;0;0;5;0;0;5;3;2
2401;464;161;1;0;0;0;0;1;0;3;3;1;1
2402;1898;161;1;0;0;0;0;0;0;3;2;2;3
2403;2097;161;0;0;0;1;0;0;0;0;2;2;2
2404;1871;161;1;0;0;0;0;0;0;3;3;3;3
2405;652;161;1;0;0;0;0;2;0;0;3;3;3
2406;1657;161;1;0;0;0;0;3;0;0;3;4;3
2407;1588;161;0;0;0;0;0;0;0;2;3;3;3
2408;1391;161;1;0;0;0;0;2;0;0;3;3;3
2409;1586;161;1;0;0;0;0;0;0;2;3;3;3
2410;1518;161;1;0;0;0;2;2;0;0;4;4;3
2411;2184;161;1;0;0;0;0;0;0;2;3;3;3
2412;2516;161;0;0;0;2;1;0;0;0;2;3;3
2413;1315;161;0;0;0;0;0;0;0;2;3;1;3
2414;2630;161;1;0;0;0;0;0;0;3;3;3;3
2415;1922;161;0;0;1;0;0;0;0;3;2;3;3
2416;551;162;1;0;0;0;0;0;0;3;4;2;2
2417;32;162;1;0;0;0;0;4;0;0;5;4;2
2418;1059;162;1;0;0;0;0;3;0;0;5;3;3
2419;2678;162;0;0;4;4;0;0;0;0;1;1;2
2420;2868;162;0;0;3;0;0;0;0;0;2;2;4
2421;1726;162;0;0;0;3;0;0;0;0;3;2;3
2422;2053;162;1;0;0;0;0;2;0;0;4;3;3
2423;2546;162;0;0;0;4;3;0;0;0;2;1;1
2424;773;162;0;0;2;2;0;0;0;0;3;1;2
2425;365;162;0;0;0;3;4;0;0;0;1;1;2
2426;1567;162;1;0;0;0;0;0;0;3;4;3;3
2427;1871;162;0;0;3;3;0;0;0;0;3;1;2
2428;2097;162;0;0;0;4;0;0;0;0;3;1;3
2429;1898;162;0;0;0;3;0;0;0;0;3;1;2
2430;464;162;1;0;0;0;0;0;4;0;5;4;5
2431;773;163;1;0;3;0;0;0;3;0;4;4;2
2432;2053;163;1;0;0;0;0;5;3;0;5;1;3
2433;2868;163;0;0;5;5;0;0;0;0;1;5;1
2434;2678;163;0;0;4;0;5;0;0;0;2;4;2
2435;365;163;0;0;0;5;5;0;0;0;1;5;1
2436;551;163;1;0;2;0;0;5;0;0;5;1;5
2437;32;163;1;0;0;0;0;5;0;0;5;1;3
2438;1567;163;1;0;0;0;3;5;0;0;4;2;4
2439;1726;163;1;0;0;0;3;3;0;0;3;3;1
2440;1059;163;1;0;0;0;0;4;0;0;4;3;5
2441;2546;163;0;0;5;0;5;0;0;0;1;5;1
2442;2097;163;0;0;0;3;0;5;0;0;2;2;1
2443;1898;163;0;0;0;3;5;0;1;0;1;4;1
2444;1871;163;0;0;0;0;5;0;0;0;1;1;1
2445;464;163;0;0;0;0;0;5;0;0;1;1;4
2446;2702;164;1;0;0;0;0;4;0;0;3;4;2
2447;1724;164;1;0;0;0;0;3;0;4;3;3;3
2448;1250;164;1;0;0;0;0;5;0;0;4;4;4
2449;1927;164;0;0;5;0;5;0;0;0;3;2;3
2450;773;164;0;0;5;2;2;0;0;0;2;1;2
2451;2053;164;1;0;0;0;0;5;5;0;5;5;5
2452;2678;164;0;3;4;2;4;0;0;0;2;2;2
2453;2868;164;0;0;0;0;0;0;5;0;2;5;2
2454;551;164;1;0;0;0;0;5;4;0;2;4;3
2455;1059;164;1;0;0;0;0;3;0;0;2;2;2
2456;1567;164;1;0;0;0;0;4;4;0;2;3;2
2457;32;164;1;0;0;0;0;5;5;0;2;5;3
2458;2546;164;0;0;0;0;5;0;0;0;2;2;2
2459;1726;164;1;0;0;0;0;4;0;4;2;2;2
2460;365;164;0;4;3;3;5;0;0;0;2;1;1
2461;1724;165;1;0;0;0;0;5;0;0;4;2;3
2462;1250;165;1;0;0;0;0;4;0;0;4;2;3
2463;1927;165;1;0;0;0;3;0;0;0;3;2;4
2464;2702;165;1;0;0;0;0;3;0;0;4;2;3
2465;32;165;1;0;0;0;0;3;0;0;4;2;4
2466;2546;165;1;2;0;0;3;0;0;0;2;3;3
2467;2053;165;1;0;0;0;0;4;0;0;4;2;3
2468;551;165;1;0;0;0;0;3;0;0;3;2;3
2469;1059;165;0;0;0;0;3;0;0;0;2;2;3
2470;2678;165;1;0;0;0;2;0;0;0;3;2;3
2471;365;165;0;0;0;0;3;0;0;0;3;2;3
2472;2868;165;1;0;0;0;0;4;1;0;4;2;4
2473;1567;165;1;0;0;0;0;4;0;0;4;2;3
2474;1726;165;1;0;0;0;1;3;0;0;3;2;3
2475;773;165;1;0;0;0;2;0;0;3;3;2;3
2476;1323;166;0;0;0;2;0;0;0;4;2;2;3
2477;544;166;1;0;0;0;0;0;0;4;3;3;4
2478;327;166;1;0;0;0;3;0;0;0;4;3;2
2479;990;166;1;0;0;0;4;0;0;0;3;3;3
2480;2286;166;1;0;0;0;0;4;0;0;5;3;4
2481;1757;166;0;0;0;0;5;0;0;0;1;1;5
2482;354;166;0;2;4;0;4;0;0;0;1;1;5
2483;1415;166;1;0;0;0;0;5;0;0;5;4;4
2484;1237;166;1;0;3;0;0;0;2;0;3;4;4
2485;2673;166;0;0;5;0;0;0;0;0;2;2;5
2486;1358;166;1;0;3;0;0;4;3;0;4;4;4
2487;1927;166;1;3;3;0;3;0;0;0;2;1;3
2488;2702;166;1;0;0;0;0;4;0;0;5;2;4
2489;1250;166;0;0;3;0;0;0;0;0;2;3;5
2490;1724;166;1;0;0;0;0;4;0;0;4;2;4
2491;1792;167;0;0;0;0;4;0;0;0;2;2;3
2492;1202;167;1;0;0;0;0;4;0;0;5;3;4
2493;3041;167;1;4;0;0;0;0;0;0;2;5;3
2494;1302;167;1;0;0;0;0;5;0;0;5;3;3
2495;1100;167;0;0;2;1;0;3;4;0;2;3;4
2496;2533;167;1;0;0;0;0;0;0;5;3;3;3
2497;2030;167;0;0;4;0;5;0;0;0;1;1;3
2498;453;167;1;0;0;0;0;5;3;0;5;4;3
2499;1725;167;1;0;0;0;0;0;4;2;4;3;3
2500;2922;167;1;0;0;0;0;4;3;0;4;4;4
2501;2137;167;1;0;0;0;2;0;0;0;2;2;3
2502;1250;167;0;0;4;0;0;0;0;0;2;3;2
2503;1927;167;0;5;5;0;0;0;0;0;1;1;2
2504;1724;167;1;0;0;0;0;5;0;0;5;1;3
2505;2702;167;1;0;0;0;0;0;0;5;3;3;3
2506;2533;168;0;5;4;5;5;0;0;0;1;4;3
2507;1358;168;1;0;0;0;0;5;0;0;5;3;4
2508;354;168;1;5;5;0;5;0;0;0;1;5;4
2509;1757;168;1;0;4;0;4;0;0;0;2;2;3
2510;1415;168;1;0;0;0;0;5;0;0;5;5;4
2511;1302;168;1;0;0;0;0;4;0;3;5;2;3
2512;990;168;0;0;0;0;0;0;0;4;3;1;1
2513;1237;168;1;0;0;0;0;3;0;3;3;2;2
2514;3041;168;1;3;4;0;0;0;5;0;3;3;2
2515;1792;168;0;0;5;0;5;0;0;0;3;3;3
2516;2286;168;1;0;0;0;0;2;0;4;3;1;1
2517;544;168;1;0;0;0;3;3;0;3;3;2;2
2518;1202;168;1;0;0;0;0;5;0;0;5;4;4
2519;1100;168;1;0;0;0;0;4;0;0;5;3;3
2520;2030;168;0;0;5;0;5;0;0;0;1;1;5
2521;1358;169;0;0;0;0;0;2;0;0;3;3;3
2522;3041;169;0;0;0;0;0;0;0;3;3;3;3
2523;1237;169;1;0;0;0;0;0;3;0;4;3;2
2524;1302;169;1;0;0;0;0;2;0;0;4;3;3
2525;1100;169;1;0;0;0;0;2;0;0;4;3;3
2526;354;169;0;0;0;0;3;0;0;0;2;3;1
2527;2286;169;1;0;0;0;0;0;0;2;5;1;2
2528;2030;169;0;0;0;0;3;0;0;0;2;1;1
2529;1415;169;1;0;0;0;0;0;3;0;5;3;2
2530;990;169;0;0;0;0;0;0;0;1;3;1;3
2531;1757;169;1;0;0;0;3;0;0;0;2;1;1
2532;1202;169;1;0;0;0;0;1;0;0;4;3;3
2533;2533;169;0;0;0;0;0;0;0;2;3;3;3
2534;544;169;1;0;0;0;0;0;0;2;3;1;1
2535;1792;169;0;0;0;0;0;0;0;2;3;3;3
2536;1415;170;1;0;0;0;0;4;0;0;5;3;3
2537;2533;170;1;0;0;0;0;4;0;0;5;4;4
2538;2030;170;1;0;4;0;3;0;3;0;2;3;5
2539;1100;170;1;0;0;0;0;0;0;2;3;1;1
2540;2286;170;1;0;0;0;0;5;0;0;5;1;3
2541;1237;170;1;0;0;0;0;0;0;4;3;1;1
2542;1302;170;1;0;0;0;0;4;0;0;4;1;3
2543;990;170;0;0;0;3;0;0;0;0;2;1;3
2544;1202;170;1;0;0;0;0;4;0;0;4;1;2
2545;1792;170;0;0;0;0;3;0;0;0;2;2;4
2546;1757;170;1;0;0;0;4;0;0;0;1;1;4
2547;3041;170;1;3;0;0;0;0;0;0;3;3;4
2548;544;170;1;0;0;0;0;0;0;4;3;1;1
2549;1358;170;1;0;0;0;0;4;0;0;5;5;5
2550;354;170;1;0;4;0;0;0;0;0;1;4;5
2551;853;171;0;2;3;0;4;0;0;0;2;3;3
2552;2390;171;1;0;0;0;0;3;0;0;4;2;1
2553;383;171;0;0;4;0;3;0;0;0;2;3;4
2554;123;171;0;0;3;0;4;4;0;0;2;4;4
2555;1047;171;1;0;0;0;0;5;0;2;5;1;1
2556;2719;171;0;0;2;4;3;0;0;0;3;4;3
2557;2560;171;1;3;0;0;2;3;0;0;3;3;2
2558;1104;171;1;0;0;2;0;3;0;0;4;1;2
2559;453;171;1;0;0;0;0;4;0;0;5;2;1
2560;1323;171;0;0;0;2;0;4;1;0;4;2;2
2561;2673;171;0;3;4;4;5;0;0;0;2;4;4
2562;327;171;0;0;3;0;3;0;0;0;3;3;3
2563;2922;171;1;0;3;0;0;4;0;0;4;3;2
2564;1725;171;1;0;0;0;2;4;0;0;5;2;2
2565;2137;171;1;0;0;0;1;3;0;0;4;2;1
2566;2719;172;1;0;0;0;0;4;5;0;4;2;3
2567;2390;172;1;0;1;0;2;1;0;0;3;2;3
2568;1047;172;1;0;0;1;0;1;0;0;3;1;3
2569;2560;172;1;0;0;0;0;0;0;5;3;1;1
2570;123;172;1;0;0;0;4;0;0;0;5;3;1
2571;383;172;1;0;0;0;1;0;2;0;2;1;4
2572;853;172;1;0;1;0;0;0;3;0;2;2;4
2573;1104;172;0;0;0;0;0;1;0;0;3;1;5
2574;2137;172;0;0;0;2;0;0;0;0;3;1;5
2575;327;172;1;0;0;0;0;0;3;0;4;2;5
2576;2673;172;0;0;0;0;0;0;0;5;3;1;5
2577;2922;172;1;0;0;0;0;0;0;5;3;1;5
2578;453;172;1;0;0;0;0;4;0;0;5;2;4
2579;1725;172;1;0;0;0;0;3;2;0;4;2;4
2580;1323;172;0;0;0;2;0;0;0;0;3;1;5
2581;1104;173;0;0;0;0;0;0;0;5;3;1;1
2582;2390;173;1;0;3;0;0;4;4;0;5;5;5
2583;2719;173;1;0;0;0;0;4;4;0;4;4;4
2584;853;173;0;0;4;0;0;0;0;0;2;1;3
2585;123;173;1;0;0;0;4;3;0;0;2;1;4
2586;1047;173;1;0;0;0;0;4;0;0;5;1;3
2587;383;173;0;0;4;0;0;0;0;0;1;1;4
2588;2560;173;0;0;0;0;0;0;4;0;3;1;4
2589;2922;173;0;0;0;0;3;0;0;0;1;1;2
2590;1323;173;0;0;0;0;0;0;0;5;3;1;1
2591;453;173;1;0;0;0;0;5;0;0;5;1;4
2592;327;173;1;0;0;0;0;0;5;0;5;5;4
2593;1725;173;1;0;0;0;0;5;0;0;5;5;5
2594;2673;173;0;0;0;5;0;0;0;0;1;1;2
2595;2137;173;0;0;0;0;0;0;0;5;3;1;1
2596;494;174;0;0;0;0;0;0;0;5;1;1;1
2597;2556;174;1;0;0;0;0;0;0;3;3;1;1
2598;674;174;1;0;0;0;0;3;0;0;4;3;1
2599;243;174;0;3;0;0;0;0;0;0;1;3;3
2600;2896;174;0;0;4;0;0;0;0;0;1;3;2
2601;1522;174;1;0;1;0;0;0;0;0;2;4;2
2602;318;174;0;2;0;4;0;0;0;0;2;2;1
2603;383;174;0;0;0;0;3;0;0;0;3;2;3
2604;1047;174;1;0;0;0;0;4;4;0;5;4;3
2605;853;174;0;4;0;3;5;0;0;0;1;4;3
2606;2719;174;1;0;0;0;0;0;0;3;4;3;2
2607;123;174;1;0;0;0;0;4;3;0;5;2;3
2608;2390;174;1;0;4;0;0;0;0;0;2;3;3
2609;1104;174;1;0;0;0;0;0;0;3;3;2;3
2610;2560;174;0;3;0;0;4;0;0;0;2;3;2
2611;1569;175;1;0;0;0;0;0;0;5;4;3;3
2612;2192;175;1;0;0;0;0;0;0;4;3;3;3
2613;1771;175;0;0;0;0;4;0;0;0;3;1;3
2614;2920;175;1;0;0;0;0;0;0;4;3;3;3
2615;689;175;1;0;0;0;0;0;0;3;3;3;3
2616;2073;175;1;0;0;0;0;0;0;4;3;3;3
2617;1650;175;1;0;0;0;0;0;0;3;3;3;3
2618;123;175;0;0;0;0;4;0;0;0;3;2;2
2619;2719;175;1;0;0;0;0;0;0;3;3;3;3
2620;1047;175;1;0;0;0;0;0;0;3;3;3;3
2621;853;175;0;0;0;0;4;0;0;0;3;1;3
2622;1104;175;1;0;0;0;0;0;0;3;3;3;3
2623;383;175;0;0;0;0;4;0;0;0;3;1;1
2624;2390;175;0;0;0;0;0;0;0;3;3;3;3
2625;2560;175;1;0;0;0;0;0;3;0;3;3;3
2626;340;176;0;0;0;5;0;0;0;0;5;1;5
2627;2896;176;1;0;0;0;0;0;5;0;5;5;5
2628;1569;176;1;0;0;0;0;0;0;3;5;1;5
2629;1771;176;0;0;0;0;5;0;0;0;3;3;3
2630;2192;176;1;0;0;0;0;5;0;0;3;5;3
2631;674;176;1;0;0;0;0;5;0;0;3;3;5
2632;2073;176;1;0;0;0;0;0;0;3;3;2;3
2633;689;176;1;0;0;0;0;3;0;0;3;3;3
2634;1650;176;1;0;0;0;0;4;0;0;3;4;3
2635;2556;176;1;0;0;0;0;3;0;0;3;3;3
2636;494;176;1;0;0;0;0;5;0;0;3;5;5
2637;318;176;0;0;3;0;0;0;0;0;4;5;5
2638;243;176;0;5;0;0;0;0;0;0;4;5;5
2639;2920;176;1;0;0;0;0;4;0;0;4;4;4
2640;1522;176;0;0;4;0;0;0;0;0;3;3;4
2641;629;177;1;0;0;0;0;0;0;4;4;3;3
2642;1569;177;1;0;0;0;3;0;0;0;3;3;3
2643;2896;177;1;0;3;0;0;0;0;0;3;3;3
2644;1771;177;0;0;0;0;5;0;0;0;2;2;4
2645;2073;177;1;0;0;0;0;3;0;0;4;4;3
2646;1522;177;1;0;0;0;0;0;0;3;3;3;3
2647;2920;177;1;0;0;0;0;4;0;0;4;4;4
2648;2556;177;1;0;0;0;0;0;0;3;3;3;3
2649;318;177;0;5;0;0;0;0;0;0;1;2;5
2650;674;177;1;0;0;0;0;3;0;0;3;3;3
2651;494;177;0;0;0;0;0;0;0;3;3;3;3
2652;1650;177;1;0;0;0;2;0;0;0;3;3;3
2653;689;177;1;0;0;0;0;4;0;0;3;4;3
2654;2192;177;0;0;0;0;0;0;0;2;3;3;3
2655;243;177;0;3;0;0;0;0;0;0;3;3;3
2656;340;178;0;0;0;4;0;0;0;0;1;3;2
2657;243;178;0;0;4;0;0;0;0;0;2;3;2
2658;689;178;1;0;0;0;0;4;0;0;5;4;4
2659;2896;178;0;0;4;0;0;0;0;0;1;4;2
2660;2556;178;1;0;0;0;0;0;4;0;3;2;3
2661;1771;178;0;0;0;0;4;0;0;0;2;2;3
2662;2192;178;1;0;0;0;0;0;0;3;1;1;1
2663;1569;178;1;0;0;0;0;0;0;3;3;1;1
2664;494;178;1;0;0;0;0;0;0;2;1;1;1
2665;2920;178;1;0;0;0;0;4;0;0;4;4;4
2666;2073;178;1;0;0;0;0;4;0;0;3;3;3
2667;1650;178;1;0;0;0;0;0;4;0;3;2;2
2668;318;178;0;0;0;0;3;0;0;0;2;2;2
2669;1522;178;0;0;4;0;0;0;0;0;2;4;3
2670;674;178;1;0;0;0;0;5;0;0;5;5;5
2671;1044;179;1;0;0;0;0;3;0;0;5;2;1
2672;1645;179;1;0;0;0;0;5;0;0;5;3;3
2673;1686;179;1;0;0;0;0;0;0;3;3;2;1
2674;1267;179;1;0;0;0;0;5;0;0;5;2;1
2675;2395;179;0;0;0;0;4;0;0;0;1;1;1
2676;129;179;0;0;0;0;0;0;0;3;3;1;1
2677;415;179;1;0;0;0;0;5;0;0;5;3;2
2678;2713;179;1;0;0;0;0;0;0;3;3;2;1
2679;1156;179;1;0;0;0;0;0;0;3;3;2;1
2680;230;179;0;0;3;0;0;0;2;0;1;1;2
2681;1142;179;1;0;0;0;0;3;0;0;5;2;2
2682;1708;179;1;0;0;0;0;3;0;0;4;2;2
2683;1287;179;1;0;0;0;0;3;0;0;4;2;1
2684;629;179;1;0;0;0;0;5;0;0;5;4;3
2685;340;179;0;0;0;5;0;0;0;0;1;1;3
2686;1142;180;1;0;0;0;0;4;0;0;4;5;5
2687;1645;180;1;0;0;0;0;4;0;0;4;5;5
2688;2395;180;1;0;0;0;0;0;0;3;4;5;5
2689;1267;180;1;0;0;0;0;4;0;0;4;5;5
2690;129;180;0;0;4;0;0;0;0;0;3;2;5
2691;1287;180;1;0;0;0;0;4;0;0;4;5;5
2692;2713;180;1;0;0;0;0;0;0;3;4;3;5
2693;1156;180;1;0;0;0;0;0;0;3;4;2;5
2694;230;180;0;0;5;0;0;0;0;0;3;3;5
2695;1686;180;1;0;0;0;0;4;0;0;4;5;5
2696;415;180;1;0;0;0;0;4;0;0;4;5;5
2697;1708;180;1;0;0;0;0;4;0;0;4;5;5
2698;1044;180;1;0;0;0;0;4;0;0;4;5;5
2699;629;180;1;0;0;0;3;4;0;0;4;5;5
2700;340;180;0;0;0;5;0;0;0;0;4;5;5
2701;3015;181;0;0;0;0;0;0;0;3;2;1;2
2702;1156;181;1;0;0;0;0;0;0;3;3;2;3
2703;1142;181;1;0;0;0;0;4;0;0;4;4;3
2704;415;181;1;0;0;0;0;5;0;0;5;4;4
2705;1044;181;1;0;0;0;0;4;0;0;5;4;4
2706;1287;181;1;0;0;0;0;4;0;0;4;3;3
2707;129;181;0;0;2;0;0;0;0;0;3;3;3
2708;1267;181;1;0;0;0;0;4;0;0;3;3;3
2709;230;181;0;4;0;0;0;0;0;0;4;5;4
2710;1686;181;1;0;0;0;0;4;0;0;4;4;4
2711;1708;181;1;0;0;0;0;4;0;0;4;4;4
2712;1645;181;1;0;0;0;0;4;0;0;4;3;3
2713;2713;181;1;0;0;0;0;0;0;4;2;2;2
2714;2395;181;1;0;0;0;0;0;0;2;3;2;2
2715;629;181;1;0;0;0;0;0;0;3;2;2;2
2716;1720;182;1;0;0;0;0;0;0;5;3;3;3
2717;3015;182;0;0;0;0;5;0;0;0;1;1;1
2718;1142;182;1;0;0;0;0;0;0;5;3;3;3
2719;1645;182;1;0;0;0;0;4;0;0;5;5;5
2720;415;182;1;0;0;0;0;5;0;0;5;5;5
2721;1686;182;1;0;0;0;0;0;5;0;5;5;5
2722;1044;182;1;0;0;0;0;3;4;0;3;3;3
2723;1708;182;1;0;0;0;0;5;0;0;4;4;4
2724;2713;182;0;0;0;0;0;0;0;2;3;3;3
2725;1267;182;1;0;0;0;0;5;0;0;4;4;4
2726;129;182;1;0;2;0;0;0;0;0;3;1;3
2727;230;182;0;0;5;0;0;0;0;0;1;1;1
2728;1287;182;1;0;0;0;0;0;2;0;3;4;4
2729;1156;182;0;0;0;0;2;0;0;0;2;1;2
2730;2395;182;1;0;0;0;2;0;0;0;3;3;3
2731;1235;183;1;0;0;0;0;0;0;3;3;4;4
2732;257;183;1;0;0;0;0;0;0;3;2;2;4
2733;500;183;1;0;0;0;0;4;0;0;3;3;3
2734;2897;183;1;0;0;0;0;0;0;3;3;1;4
2735;348;183;1;0;0;0;0;0;0;4;3;1;3
2736;1295;183;1;0;0;0;0;1;0;0;3;2;3
2737;193;183;1;0;0;0;0;3;0;0;1;4;4
2738;1882;183;0;0;0;0;1;0;0;0;1;1;5
2739;2994;183;0;2;0;0;0;0;0;0;1;1;1
2740;1525;183;1;0;0;0;0;1;0;0;3;2;4
2741;1754;183;1;0;0;0;0;0;0;1;1;1;1
2742;1429;183;1;0;0;0;0;1;0;0;3;1;3
2743;1620;183;1;0;0;0;0;0;0;2;3;1;2
2744;1720;183;1;0;0;0;0;3;0;0;3;2;4
2745;3015;183;1;0;0;0;0;2;0;0;4;2;4
2746;1525;184;1;0;0;0;0;0;0;3;3;1;1
2747;2897;184;0;0;0;2;0;0;0;0;1;1;1
2748;348;184;0;0;0;0;0;0;0;3;1;2;1
2749;1754;184;1;0;0;0;0;0;0;3;3;2;1
2750;257;184;1;0;0;0;0;0;0;1;3;3;1
2751;1620;184;1;0;0;0;0;3;0;0;4;3;1
2752;2994;184;0;0;0;0;5;0;0;0;1;3;1
2753;193;184;1;0;5;0;0;0;0;0;3;3;1
2754;1235;184;1;0;0;0;0;0;0;3;3;2;2
2755;1882;184;1;0;0;0;5;0;0;0;1;3;1
2756;1429;184;1;0;0;0;0;5;0;0;5;4;3
2757;1295;184;1;0;0;0;0;0;0;3;3;2;3
2758;500;184;1;0;0;0;0;3;0;0;3;3;1
2759;1720;184;1;0;0;0;0;3;0;0;3;3;1
2760;3015;184;0;0;0;0;5;0;0;0;1;2;1
2761;2832;185;0;0;0;1;0;0;0;0;2;2;3
2762;500;185;1;0;0;0;0;5;0;0;5;4;5
2763;193;185;1;0;0;0;0;3;0;0;4;2;5
2764;2994;185;0;0;0;0;5;0;0;0;1;5;5
2765;1754;185;1;0;0;0;0;0;0;3;3;3;3
2766;1235;185;1;0;0;0;0;2;0;0;4;3;3
2767;1295;185;1;0;0;0;0;4;0;0;5;3;4
2768;1620;185;1;0;0;0;0;0;0;1;4;3;5
2769;257;185;1;0;0;0;0;1;0;0;4;3;3
2770;2897;185;0;0;0;5;0;0;0;0;2;4;5
2771;348;185;0;4;0;0;0;0;0;0;1;5;5
2772;1525;185;1;0;0;0;0;2;0;0;4;3;3
2773;1429;185;1;0;0;0;0;4;0;0;5;5;5
2774;1882;185;0;0;0;0;4;0;0;0;1;4;4
2775;1720;185;1;0;0;0;0;5;0;0;5;4;5
2776;1339;186;1;3;0;0;0;0;0;0;1;1;3
2777;2832;186;1;0;0;0;1;0;0;0;1;1;3
2778;500;186;1;0;0;0;0;4;0;0;1;4;3
2779;1882;186;1;0;0;0;1;0;0;0;1;1;2
2780;193;186;1;0;1;0;0;0;0;0;2;1;2
2781;1429;186;1;0;0;0;0;0;0;2;1;2;2
2782;1754;186;1;0;0;0;0;0;0;4;3;1;1
2783;257;186;1;0;0;0;0;0;0;4;1;1;1
2784;2897;186;0;0;0;1;0;0;0;0;2;1;3
2785;1295;186;0;0;0;0;0;1;0;0;1;1;2
2786;1235;186;1;0;0;0;0;1;0;0;3;3;4
2787;1525;186;1;0;0;0;0;0;0;2;3;2;3
2788;1620;186;1;0;0;0;0;0;0;3;1;1;2
2789;348;186;0;0;3;0;0;0;0;0;1;1;4
2790;2994;186;1;0;0;0;5;0;0;0;1;1;4
2791;748;187;1;0;0;0;0;0;0;3;1;1;1
2792;316;187;0;0;0;0;0;0;0;1;3;1;5
2793;1763;187;1;0;0;0;2;0;0;0;3;2;3
2794;2957;187;1;0;0;0;0;2;0;0;2;1;2
2795;3016;187;1;0;0;0;3;0;0;0;4;3;4
2796;3062;187;0;0;0;0;2;0;0;0;3;1;2
2797;2237;187;1;0;0;0;0;4;0;0;3;3;4
2798;615;187;1;0;0;0;0;0;0;1;2;2;2
2799;40;187;1;0;0;0;0;0;0;2;3;2;1
2800;698;187;1;0;0;0;0;0;0;2;2;2;2
2801;2134;187;1;0;0;0;2;0;0;0;2;2;2
2802;1255;187;1;0;0;0;0;0;0;1;2;1;1
2803;2502;187;1;0;0;0;0;1;0;0;3;3;2
2804;1339;187;1;2;0;0;0;0;0;0;3;3;3
2805;2832;187;0;0;1;0;0;0;0;0;1;1;2
2806;2134;188;0;0;0;2;0;0;0;0;3;3;2
2807;40;188;1;0;0;0;0;5;0;0;5;5;5
2808;748;188;0;0;0;0;0;0;4;0;2;3;4
2809;3062;188;1;0;0;0;0;0;0;3;3;3;3
2810;698;188;1;0;0;0;0;0;0;3;3;3;3
2811;3016;188;1;0;0;0;3;0;0;0;3;4;3
2812;2957;188;1;0;0;0;0;4;0;0;4;4;2
2813;1255;188;0;0;0;0;0;0;0;3;3;3;1
2814;615;188;1;0;0;0;0;0;0;3;3;3;3
2815;2237;188;1;0;0;0;0;3;0;0;3;3;3
2816;316;188;1;0;0;0;0;0;3;0;2;2;4
2817;1763;188;1;0;0;0;3;0;0;0;3;3;3
2818;2502;188;1;0;0;0;0;4;0;0;3;3;4
2819;1339;188;0;3;0;0;0;0;0;0;3;3;3
2820;2832;188;1;0;0;0;0;0;2;0;3;2;3
2821;542;189;1;0;0;0;0;3;0;2;4;3;4
2822;698;189;0;0;4;0;2;0;0;0;2;3;2
2823;3062;189;0;0;4;0;1;0;2;0;1;3;1
2824;2237;189;1;0;0;0;0;4;0;0;4;3;4
2825;1763;189;0;0;3;0;5;0;0;0;1;2;2
2826;615;189;1;0;0;0;0;0;3;2;3;4;3
2827;748;189;0;0;2;0;3;0;0;0;2;4;3
2828;2957;189;1;0;0;0;0;0;3;0;3;2;5
2829;2502;189;1;0;0;0;0;2;3;0;4;4;4
2830;2134;189;0;0;0;0;4;0;2;0;2;3;2
2831;40;189;1;0;0;1;0;0;3;0;4;4;5
2832;3016;189;0;0;0;1;4;0;0;0;2;4;2
2833;316;189;0;2;3;0;0;0;0;0;1;4;1
2834;1255;189;0;0;1;0;0;0;3;0;3;3;2
2835;1339;189;1;3;0;0;0;0;4;0;3;4;4
2836;1946;190;1;0;0;0;0;0;0;3;3;3;3
2837;542;190;1;0;0;0;0;5;0;0;5;5;5
2838;1255;190;1;0;0;5;0;0;0;0;5;1;5
2839;1763;190;0;0;0;0;5;0;0;0;1;1;5
2840;40;190;1;0;0;0;0;5;0;0;5;5;5
2841;2502;190;1;0;0;0;0;0;3;0;5;5;5
2842;316;190;1;0;0;0;0;0;0;5;5;5;5
2843;748;190;1;0;0;5;0;0;0;0;5;5;5
2844;698;190;1;0;0;0;0;0;0;5;5;5;5
2845;3062;190;1;0;0;0;3;0;0;0;5;5;5
2846;2957;190;1;0;0;0;0;3;0;0;5;5;5
2847;3016;190;1;0;0;0;0;3;0;0;5;5;5
2848;2237;190;1;0;0;0;0;5;0;0;5;5;5
2849;615;190;1;0;0;0;0;3;0;0;5;5;5
2850;2134;190;1;0;0;0;0;3;0;0;5;5;5
2851;1858;191;0;0;0;0;0;0;0;5;3;5;5
2852;2901;191;0;0;0;5;0;0;0;0;2;3;5
2853;2191;191;1;0;0;0;0;4;0;0;5;2;1
2854;1246;191;1;0;0;0;0;0;3;0;4;3;1
2855;1665;191;1;0;0;0;0;5;0;0;5;5;1
2856;731;191;0;0;0;0;0;0;0;4;3;3;3
2857;2356;191;1;0;0;0;0;0;0;3;3;3;3
2858;1548;191;1;0;0;0;0;0;0;4;4;5;3
2859;1638;191;1;0;0;0;0;5;0;0;5;5;3
2860;2594;191;1;0;0;0;0;0;0;4;4;1;1
2861;2642;191;1;0;0;0;0;0;0;5;3;3;3
2862;1594;191;1;0;0;0;0;0;0;2;4;4;2
2863;2691;191;1;0;0;0;5;0;0;0;1;1;1
2864;1946;191;1;0;5;5;0;0;0;0;1;5;5
2865;542;191;1;0;0;0;0;5;0;0;5;3;1
2866;2356;192;1;0;0;0;0;0;0;3;3;1;1
2867;1638;192;1;0;0;0;0;5;0;0;3;3;1
2868;2691;192;1;0;0;0;3;0;0;0;2;1;1
2869;2642;192;1;0;0;0;0;4;0;0;3;2;3
2870;2594;192;1;0;0;0;0;4;0;0;3;3;4
2871;2901;192;1;0;0;3;0;0;0;0;3;2;3
2872;1858;192;1;0;0;0;0;5;0;0;5;4;5
2873;1548;192;1;0;0;0;0;5;0;0;4;4;3
2874;731;192;1;0;0;0;4;0;0;0;3;3;4
2875;1246;192;1;0;0;0;0;0;4;0;4;2;3
2876;2191;192;0;0;0;0;0;0;2;0;3;2;2
2877;1665;192;1;0;0;0;0;4;0;0;4;4;4
2878;1594;192;1;0;0;0;0;0;0;3;2;2;2
2879;1946;192;1;0;2;0;0;0;0;0;2;2;2
2880;542;192;1;0;0;0;0;0;0;3;3;3;3
2881;2706;193;1;0;0;0;0;5;0;0;5;3;4
2882;2901;193;1;0;0;0;0;0;3;0;3;3;3
2883;731;193;1;0;0;0;2;0;0;0;3;2;3
2884;1548;193;1;0;0;0;0;0;0;2;2;2;2
2885;1246;193;1;0;0;0;0;4;0;0;4;4;4
2886;2642;193;1;0;0;0;0;0;2;0;3;3;3
2887;1594;193;1;0;0;0;0;2;0;0;3;3;3
2888;2356;193;1;0;0;0;1;0;0;0;3;3;3
2889;1638;193;1;0;0;0;0;4;0;0;4;4;4
2890;2691;193;1;0;0;0;4;0;0;0;4;4;4
2891;2191;193;1;0;0;0;0;5;0;0;5;5;5
2892;1858;193;1;0;0;0;0;0;3;0;3;3;3
2893;2594;193;1;0;0;0;0;5;0;0;5;5;5
2894;1665;193;1;0;0;0;0;5;0;0;5;5;5
2895;1946;193;1;0;0;0;4;0;0;0;4;3;4
2896;2799;194;0;0;0;4;0;0;0;0;2;3;3
2897;2706;194;1;0;0;0;0;4;0;0;5;1;1
2898;1548;194;1;0;0;0;0;0;0;5;4;1;1
2899;2642;194;1;0;0;0;0;5;3;0;5;1;1
2900;1594;194;0;0;0;0;0;0;0;4;3;1;2
2901;1638;194;1;0;0;0;0;4;3;0;4;1;2
2902;731;194;0;0;3;0;0;0;4;0;3;3;3
2903;2594;194;1;0;0;0;0;5;0;0;5;1;1
2904;2191;194;0;0;0;0;0;0;0;3;3;3;3
2905;1246;194;1;0;0;0;0;3;3;0;4;2;2
2906;1858;194;1;0;0;0;0;0;0;5;3;1;1
2907;1665;194;1;0;0;0;0;5;0;0;5;1;1
2908;2356;194;1;0;0;0;4;0;0;0;2;3;3
2909;2901;194;0;0;0;4;2;0;0;0;3;3;3
2910;2691;194;0;0;0;0;5;0;0;0;2;3;3
2911;1669;195;1;0;0;0;0;3;0;0;4;3;3
2912;1442;195;1;0;2;0;0;0;0;0;2;1;2
2913;2457;195;0;0;0;0;0;0;0;4;3;1;1
2914;2740;195;1;0;0;0;0;4;0;0;4;2;3
2915;1236;195;0;0;0;0;0;0;0;5;3;1;1
2916;986;195;0;0;0;0;0;0;0;1;3;1;2
2917;2674;195;1;0;1;0;0;0;0;0;2;1;1
2918;3068;195;0;0;0;0;0;0;0;3;3;1;1
2919;2925;195;1;0;0;0;0;0;3;0;3;2;2
2920;2099;195;1;0;0;0;0;4;0;0;4;2;3
2921;1975;195;0;0;0;0;3;0;0;0;2;1;1
2922;1446;195;1;0;0;0;0;4;0;0;5;1;3
2923;2326;195;0;0;0;0;0;0;0;1;3;1;1
2924;2799;195;0;0;0;2;0;0;0;0;2;2;3
2925;2706;195;1;0;0;0;0;0;0;3;3;1;1
2926;1669;196;1;0;0;0;0;5;0;0;5;4;3
2927;986;196;1;3;0;0;0;0;0;0;2;2;2
2928;2099;196;1;0;0;0;0;0;0;1;3;2;1
2929;1975;196;0;0;0;0;3;0;0;0;2;1;2
2930;1442;196;0;0;4;0;0;0;0;0;3;2;3
2931;2326;196;1;0;0;0;0;0;2;0;3;3;3
2932;3068;196;1;0;0;0;2;0;0;0;2;1;2
2933;2925;196;0;0;0;4;0;0;0;0;2;3;4
2934;1236;196;1;0;0;0;0;2;0;0;3;2;2
2935;2674;196;0;0;1;0;0;0;0;0;3;2;2
2936;2457;196;0;0;0;2;0;0;0;0;3;2;2
2937;2740;196;1;0;0;0;0;5;0;0;4;4;4
2938;1446;196;1;0;0;0;0;2;0;0;3;3;3
2939;2799;196;0;4;0;0;0;0;0;0;2;3;4
2940;2706;196;1;0;0;0;0;3;0;0;4;3;3
2941;2793;197;1;0;0;0;2;0;0;3;2;2;2
2942;1669;197;1;0;0;0;0;4;4;0;5;4;2
2943;1446;197;1;0;0;0;0;5;5;0;5;5;3
2944;2457;197;0;0;0;0;3;0;0;3;3;3;3
2945;2099;197;1;0;0;0;0;0;0;5;3;4;3
2946;2326;197;0;0;0;0;0;0;0;2;1;2;1
2947;1236;197;1;0;0;0;0;5;5;0;5;3;3
2948;1975;197;0;0;0;0;5;0;0;0;3;3;3
2949;3068;197;0;0;0;0;5;0;0;0;1;2;3
2950;2674;197;0;0;0;5;4;0;0;0;1;1;1
2951;986;197;0;0;0;0;0;0;0;4;3;3;3
2952;1442;197;1;0;5;0;0;0;0;0;3;3;3
2953;2740;197;1;0;0;0;0;4;4;0;5;4;3
2954;2925;197;1;0;0;4;0;0;0;0;3;3;3
2955;2799;197;1;1;1;0;0;0;0;0;3;3;3
2956;2243;198;1;0;4;0;3;0;3;0;2;4;3
2957;2793;198;0;3;4;0;5;0;0;0;1;3;3
2958;1669;198;1;0;0;0;0;0;4;0;5;4;4
2959;2674;198;0;0;4;2;2;0;0;0;3;3;3
2960;3068;198;0;0;0;0;4;0;0;0;2;3;4
2961;1975;198;0;3;4;0;0;0;0;0;2;2;2
2962;1236;198;1;0;0;0;0;4;4;0;5;4;4
2963;2925;198;0;0;0;0;1;0;0;4;3;3;3
2964;2099;198;1;0;0;0;0;3;0;3;4;3;3
2965;2457;198;0;4;0;0;2;0;0;0;2;2;2
2966;1442;198;1;0;3;0;0;0;3;0;4;4;4
2967;1446;198;1;0;3;0;0;3;0;3;4;3;3
2968;986;198;0;5;0;5;0;0;0;0;1;1;5
2969;2740;198;1;0;0;0;0;0;0;5;4;3;4
2970;2326;198;0;0;3;0;0;0;0;3;3;3;3
2971;1028;199;1;0;0;0;0;3;0;0;4;4;4
2972;220;199;0;3;4;0;0;0;0;0;3;4;4
2973;2253;199;0;0;0;0;0;0;0;3;2;2;2
2974;696;199;1;0;0;0;0;4;0;0;4;2;4
2975;2283;199;1;0;0;0;0;2;0;0;2;2;3
2976;972;199;0;0;0;0;0;0;0;3;3;3;3
2977;1014;199;0;0;0;4;0;0;0;0;2;2;2
2978;962;199;0;3;3;3;0;0;0;0;2;3;3
2979;2658;199;1;0;2;0;0;0;0;0;3;3;3
2980;295;199;1;0;0;0;0;3;0;0;4;2;4
2981;3063;199;0;3;0;0;4;0;0;0;3;3;3
2982;1817;199;0;0;3;0;0;0;0;0;2;3;3
2983;2243;199;1;0;3;0;0;0;0;0;4;4;4
2984;2793;199;0;0;4;0;0;0;0;0;4;4;4
2985;1669;199;1;0;0;0;0;4;0;0;5;3;4
2986;2170;200;1;0;0;0;0;4;0;0;3;3;3
2987;2253;200;1;0;0;0;0;0;0;4;4;4;4
2988;1817;200;1;0;0;0;0;3;0;0;2;2;2
2989;972;200;1;0;0;0;0;0;0;3;2;2;2
2990;2658;200;1;0;0;0;0;0;2;0;2;2;2
2991;1014;200;0;0;0;1;0;0;0;0;1;1;1
2992;3063;200;0;0;3;0;2;0;0;0;3;3;3
2993;295;200;1;0;0;0;0;4;2;0;3;3;3
2994;962;200;0;5;0;5;0;0;0;0;1;1;1
2995;2283;200;0;0;0;0;5;0;0;0;3;3;3
2996;220;200;0;5;5;0;5;0;0;0;1;1;1
2997;696;200;1;0;0;0;0;0;0;3;3;3;3
2998;1028;200;1;0;0;0;0;3;0;0;3;3;3
2999;2243;200;1;0;3;0;0;0;0;0;3;3;2
3000;2793;200;0;0;5;0;5;0;0;0;1;1;1
3001;2170;201;1;0;0;0;0;3;0;2;4;2;5
3002;220;201;0;0;5;0;3;0;0;0;1;4;2
3003;3063;201;0;0;3;0;5;0;0;0;2;3;3
3004;1028;201;1;0;0;0;0;0;0;3;4;1;3
3005;2253;201;1;0;0;0;0;4;0;0;5;1;5
3006;972;201;1;0;0;0;0;0;1;4;2;3;2
3007;962;201;0;3;0;5;0;0;0;0;1;4;1
3008;2658;201;1;0;0;0;0;3;3;0;5;3;3
3009;2283;201;1;0;0;0;0;5;0;0;5;4;5
3010;696;201;1;0;0;0;0;5;4;0;5;5;3
3011;295;201;1;0;0;0;0;3;0;4;3;1;5
3012;1014;201;0;0;0;3;0;0;1;0;2;3;3
3013;1817;201;1;0;0;0;0;4;0;0;4;4;4
3014;2243;201;1;0;0;0;0;4;3;0;5;4;4
3015;2793;201;0;0;2;0;4;0;0;0;1;3;2
3016;1988;202;1;0;0;0;3;0;0;0;5;4;5
3017;2170;202;1;0;0;0;0;0;0;2;3;3;3
3018;972;202;1;0;0;0;0;0;0;1;1;1;5
3019;220;202;1;0;3;0;0;0;0;0;1;1;5
3020;295;202;1;0;0;0;0;3;0;0;5;3;1
3021;2253;202;1;0;0;0;0;0;0;1;1;1;1
3022;1028;202;1;0;0;0;0;0;0;1;1;1;1
3023;2283;202;1;0;0;0;0;0;0;2;1;1;1
3024;696;202;1;0;0;0;0;4;0;0;5;5;1
3025;1817;202;1;0;0;0;0;0;0;2;1;1;1
3026;3063;202;1;1;0;0;0;0;0;0;1;1;1
3027;2658;202;1;0;0;0;0;0;0;1;1;1;1
3028;962;202;0;1;0;0;0;0;0;0;3;1;3
3029;1014;202;0;0;0;0;0;0;0;3;1;1;1
3030;2243;202;1;0;0;0;0;5;0;0;5;4;2
3031;221;203;0;0;5;0;0;0;0;0;3;3;1
3032;1988;203;0;0;0;0;4;0;0;0;3;1;3
3033;2170;203;1;0;0;0;0;5;0;0;5;3;3
3034;962;203;0;0;0;0;5;0;0;0;1;1;1
3035;2253;203;0;0;0;0;0;0;0;3;3;1;3
3036;220;203;0;0;5;0;0;0;0;0;1;3;1
3037;1014;203;0;0;0;0;5;0;0;0;1;1;1
3038;2283;203;0;0;0;0;0;0;0;3;3;1;3
3039;1028;203;1;0;0;0;0;0;0;3;3;1;3
3040;696;203;1;0;0;0;0;0;4;0;5;1;3
3041;3063;203;0;0;0;0;0;0;5;0;1;1;2
3042;2658;203;1;0;0;0;0;0;0;3;3;1;3
3043;972;203;0;0;0;0;5;0;0;0;1;3;3
3044;1817;203;1;0;0;0;0;0;0;3;3;1;3
3045;295;203;1;0;0;0;0;3;0;0;5;1;3
3046;2529;204;1;0;0;0;0;0;0;4;4;1;1
3047;2754;204;0;0;0;0;0;2;0;4;3;3;1
3048;747;204;1;0;0;0;4;0;0;0;2;2;2
3049;786;204;0;0;4;0;0;0;2;0;2;2;3
3050;2228;204;0;0;0;0;4;0;0;0;2;2;2
3051;2788;204;0;0;0;0;0;0;0;4;3;3;3
3052;2557;204;1;0;0;0;0;3;0;0;4;1;1
3053;1190;204;0;1;0;0;1;3;0;0;2;2;2
3054;1208;204;1;0;0;0;0;4;0;0;4;2;2
3055;2339;204;1;0;0;0;0;0;0;4;3;1;1
3056;430;204;1;0;0;0;0;5;0;0;5;1;2
3057;1913;204;0;0;0;3;0;0;0;1;3;3;3
3058;221;204;0;0;3;0;0;0;3;0;1;4;4
3059;1988;204;0;0;0;0;5;0;0;0;1;4;4
3060;2170;204;1;0;0;0;2;2;0;0;3;3;3
3061;168;205;0;0;4;3;0;0;0;0;1;4;1
3062;2529;205;1;0;0;0;0;0;0;5;4;2;4
3063;2557;205;1;0;0;0;0;0;0;4;4;2;3
3064;2228;205;0;0;0;0;4;0;0;0;2;3;3
3065;430;205;1;0;0;0;0;2;0;0;4;4;4
3066;2788;205;0;0;0;0;0;0;0;2;2;3;3
3067;2339;205;1;0;0;0;0;1;0;4;4;3;3
3068;1190;205;0;0;0;0;0;0;0;2;3;3;2
3069;1913;205;0;0;0;0;0;0;0;4;3;3;3
3070;747;205;0;0;0;0;3;0;0;0;2;3;3
3071;2754;205;0;0;0;0;2;0;1;0;3;3;3
3072;1208;205;1;0;0;0;0;3;1;0;4;4;3
3073;786;205;0;2;5;3;0;0;0;0;1;4;2
3074;221;205;0;2;3;0;0;0;1;0;2;4;4
3075;1988;205;0;0;0;0;5;0;0;0;2;3;3
3076;168;206;1;1;2;0;0;0;4;0;3;4;3
3077;2788;206;0;0;0;0;0;0;0;5;3;2;3
3078;1190;206;1;0;0;0;0;2;0;0;4;1;3
3079;2557;206;0;0;0;0;0;0;0;5;3;1;3
3080;747;206;1;0;0;0;0;4;3;0;4;2;3
3081;2228;206;1;0;0;0;2;0;3;0;2;3;4
3082;786;206;1;0;1;0;0;0;3;0;3;4;3
3083;2529;206;1;0;0;0;0;4;4;0;5;3;3
3084;1913;206;1;3;0;0;0;0;0;0;2;4;4
3085;430;206;1;0;0;0;0;4;0;0;5;2;1
3086;2339;206;0;0;0;0;4;0;0;0;2;4;4
3087;2754;206;1;0;0;0;2;2;3;0;3;3;3
3088;1208;206;1;0;0;0;0;2;0;0;4;2;1
3089;221;206;1;0;2;0;0;0;0;0;3;4;3
3090;1988;206;0;0;0;0;4;0;0;0;2;4;4
3091;356;207;0;0;0;0;0;0;0;3;3;3;3
3092;168;207;0;0;2;0;0;0;0;0;2;2;2
3093;2529;207;0;0;0;0;0;0;0;5;2;1;3
3094;2557;207;1;0;0;0;0;4;0;0;5;3;5
3095;2754;207;0;0;0;0;2;0;0;3;3;1;3
3096;2339;207;0;4;0;1;0;0;0;0;2;1;4
3097;747;207;0;0;0;0;0;0;0;5;3;1;3
3098;2788;207;1;0;0;0;0;5;0;0;5;2;5
3099;1208;207;1;0;0;0;0;4;0;0;5;2;5
3100;1190;207;1;0;0;0;0;0;0;5;5;1;5
3101;786;207;0;0;2;0;0;0;0;0;3;1;3
3102;2228;207;0;0;0;0;3;0;0;0;2;2;3
3103;430;207;1;0;0;0;0;5;0;0;5;3;5
3104;1913;207;0;3;0;0;0;0;0;0;2;4;3
3105;221;207;0;0;3;0;0;0;0;0;1;5;3
3106;1651;208;1;0;0;0;0;4;0;0;4;1;1
3107;168;208;1;0;3;0;0;0;0;0;1;3;2
3108;747;208;1;0;0;0;0;0;4;3;4;2;2
3109;2529;208;0;0;0;0;0;0;0;4;3;1;5
3110;2788;208;1;0;3;0;0;0;0;2;3;3;2
3111;786;208;0;4;0;0;0;0;4;0;2;3;3
3112;2228;208;1;0;0;0;0;4;0;0;5;3;5
3113;2557;208;0;0;0;0;0;0;0;5;3;1;3
3114;2754;208;1;0;3;0;0;0;2;0;2;2;3
3115;2339;208;1;0;0;0;0;4;0;0;5;3;5
3116;430;208;1;0;0;0;0;4;0;0;5;3;3
3117;1913;208;1;0;0;0;0;0;0;4;3;1;4
3118;1190;208;1;0;0;0;0;3;0;0;4;3;3
3119;1208;208;1;0;0;0;0;4;0;0;5;1;3
3120;221;208;1;0;0;0;0;0;4;0;3;4;2
3121;2513;209;1;0;0;0;5;0;0;0;1;3;5
3122;2871;209;1;0;0;0;0;4;0;0;5;1;4
3123;886;209;1;0;0;0;5;0;0;0;1;2;4
3124;2986;209;1;0;0;0;3;0;0;0;2;2;3
3125;1215;209;1;0;0;0;0;0;0;5;4;1;1
3126;1409;209;1;0;0;0;0;4;0;0;5;1;1
3127;2802;209;1;0;0;0;3;0;0;0;2;2;2
3128;906;209;1;0;0;0;5;0;0;0;1;3;4
3129;1360;209;1;0;0;0;0;4;0;0;5;1;3
3130;2923;209;1;0;0;0;0;0;0;3;3;1;1
3131;5;209;1;0;3;0;0;0;0;0;3;3;2
3132;2757;209;1;0;0;0;0;0;0;4;4;1;3
3133;1651;209;1;0;0;0;0;5;0;0;5;1;3
3134;356;209;1;0;0;2;5;0;4;0;1;3;3
3135;168;209;0;0;3;0;4;0;3;0;1;3;3
3136;270;210;1;0;0;0;0;0;0;1;1;1;2
3137;1685;210;1;0;0;0;0;2;0;0;2;2;2
3138;784;210;1;0;0;0;0;0;0;1;1;1;1
3139;759;210;1;0;0;0;0;0;0;1;1;1;1
3140;106;210;0;0;0;0;1;0;0;0;1;1;1
3141;1978;210;1;0;0;0;0;0;0;1;1;1;1
3142;2819;210;0;0;0;0;0;0;0;1;1;1;1
3143;1332;210;0;0;0;0;0;0;0;1;1;1;1
3144;974;210;0;0;0;0;0;0;0;1;1;1;1
3145;2196;210;0;0;0;0;0;0;0;1;1;1;1
3146;855;210;0;0;0;0;0;0;0;1;1;1;1
3147;1275;210;1;0;0;0;0;0;0;1;1;1;1
3148;356;210;0;0;0;3;0;0;0;0;1;1;2
3149;1651;210;1;0;0;0;0;0;0;1;1;1;1
3150;168;210;1;0;0;0;0;0;0;1;1;1;1
3151;2365;211;1;0;0;0;2;0;0;0;4;1;2
3152;2986;211;1;0;0;0;4;0;0;0;2;3;4
3153;2802;211;0;0;0;0;0;0;0;3;3;3;4
3154;886;211;1;0;3;0;0;0;0;0;2;4;4
3155;1360;211;1;0;0;0;0;3;0;0;4;2;2
3156;2923;211;1;0;0;0;0;0;0;3;3;3;3
3157;1215;211;1;0;0;0;0;4;0;0;4;3;2
3158;2757;211;1;0;3;0;0;0;0;0;2;4;4
3159;2513;211;1;0;0;0;3;0;0;0;2;2;4
3160;1409;211;1;0;0;0;0;0;2;0;4;2;1
3161;2871;211;0;0;3;0;0;0;0;0;2;3;3
3162;906;211;1;0;0;0;4;0;0;0;1;3;4
3163;5;211;1;0;3;0;0;0;0;0;2;4;3
3164;356;211;0;0;4;0;0;0;0;0;2;4;4
3165;1651;211;1;0;0;0;0;4;0;0;5;3;3
3166;730;212;1;0;0;0;0;0;0;3;4;1;4
3167;2841;212;0;0;0;1;0;0;0;0;4;1;3
3168;2440;212;1;0;0;0;0;2;0;0;4;2;4
3169;617;212;1;0;0;0;0;4;2;0;5;3;3
3170;1265;212;1;0;0;0;0;1;0;3;4;1;3
3171;1739;212;0;0;0;0;0;0;0;3;3;1;3
3172;2257;212;1;0;0;0;0;0;0;3;4;1;3
3173;393;212;0;0;0;0;0;0;0;3;4;1;4
3174;2322;212;1;0;0;0;0;2;0;0;4;1;3
3175;63;212;1;0;0;0;0;4;0;0;5;2;3
3176;1769;212;1;0;0;0;0;0;0;5;4;2;4
3177;1070;212;1;0;0;0;0;2;0;0;4;2;4
3178;356;212;1;0;0;0;0;0;0;4;3;2;3
3179;1651;212;1;0;0;0;0;3;2;0;5;3;4
3180;168;212;1;0;0;0;0;0;0;5;3;2;4
3181;974;213;0;0;0;0;5;0;0;0;1;2;5
3182;1215;213;1;0;0;0;0;0;0;3;5;2;3
3183;886;213;0;0;0;5;0;0;0;0;2;4;5
3184;906;213;0;0;5;0;0;0;0;0;1;4;5
3185;1409;213;1;0;0;0;0;5;0;0;5;2;1
3186;5;213;0;0;2;0;0;0;0;0;3;1;1
3187;2757;213;0;0;1;0;0;0;0;0;2;1;1
3188;2923;213;1;0;0;0;0;0;0;5;3;3;3
3189;2986;213;0;0;0;0;5;0;0;0;3;3;3
3190;2802;213;0;0;0;0;0;0;0;1;3;3;1
3191;1360;213;1;0;0;0;0;5;0;0;5;1;3
3192;2513;213;0;0;0;0;5;0;0;0;1;3;5
3193;2871;213;0;0;5;0;0;0;0;0;2;3;2
3194;356;213;0;0;5;0;0;0;0;0;1;5;1
3195;1651;213;1;0;0;0;0;5;0;0;5;1;1
3196;2196;214;1;0;0;0;2;0;0;0;3;1;1
3197;2257;214;1;0;0;0;0;0;0;3;3;2;1
3198;974;214;1;0;0;4;0;0;0;0;2;1;2
3199;1360;214;1;0;3;0;0;0;0;0;2;3;2
3200;2871;214;1;0;4;0;0;0;0;0;1;4;3
3201;2986;214;1;0;0;0;4;0;0;0;2;1;2
3202;2757;214;1;0;0;0;0;0;0;2;3;1;2
3203;886;214;0;0;0;2;0;0;0;0;3;1;3
3204;2513;214;1;0;0;0;3;0;0;0;2;1;3
3205;2802;214;0;0;0;0;0;0;0;3;3;1;3
3206;1215;214;0;0;0;0;0;4;0;0;5;4;4
3207;906;214;0;0;0;0;4;0;0;0;2;1;3
3208;1409;214;1;0;0;0;0;3;0;0;5;3;4
3209;5;214;0;0;0;4;0;0;0;0;1;5;5
3210;2923;214;1;0;0;0;0;0;0;3;4;2;3
3211;730;215;1;0;0;0;0;0;0;2;3;1;3
3212;106;215;1;0;0;2;0;4;0;0;1;1;1
3213;974;215;0;4;0;5;4;0;0;0;1;1;1
3214;1215;215;1;0;0;0;0;4;0;0;2;2;1
3215;1360;215;1;0;0;0;0;2;3;0;1;2;1
3216;2802;215;0;0;0;0;1;0;0;3;1;1;1
3217;2757;215;0;0;2;4;0;0;2;0;1;1;3
3218;2871;215;0;0;5;4;0;0;0;0;1;1;1
3219;886;215;0;0;0;0;5;0;0;0;1;1;1
3220;906;215;0;0;0;0;5;0;0;0;1;1;1
3221;2986;215;1;0;0;0;5;0;0;0;1;1;1
3222;5;215;0;0;2;4;0;0;0;0;1;1;1
3223;1409;215;1;0;0;0;0;2;0;1;1;1;1
3224;2923;215;1;0;0;0;0;0;4;0;1;1;3
3225;2513;215;0;0;0;0;4;0;0;0;1;1;1
3226;2196;216;1;0;2;0;3;0;0;3;2;2;3
3227;2257;216;0;0;0;0;0;0;0;3;3;1;1
3228;974;216;1;2;3;5;4;0;0;0;1;4;3
3229;2513;216;0;0;0;4;4;0;0;0;2;1;3
3230;2923;216;1;0;0;0;0;3;0;3;4;2;3
3231;5;216;1;0;4;1;0;0;0;0;3;3;3
3232;1409;216;1;0;0;0;4;0;0;0;3;2;3
3233;2871;216;0;0;4;4;0;0;0;0;2;4;1
3234;1360;216;0;0;3;3;0;0;0;0;3;3;3
3235;906;216;1;0;3;1;5;0;0;0;3;3;3
3236;2757;216;0;0;5;0;0;0;0;0;3;4;3
3237;886;216;1;0;5;3;1;0;0;0;3;3;3
3238;2802;216;1;0;4;0;4;0;0;0;3;3;3
3239;1215;216;1;0;2;0;0;3;0;0;3;3;3
3240;2986;216;1;0;0;3;4;0;0;0;3;3;3
3241;617;217;1;0;0;0;0;4;0;0;5;3;3
3242;784;217;1;0;0;0;0;4;0;0;5;3;3
3243;2365;217;1;0;0;0;0;4;0;0;5;4;2
3244;1739;217;1;0;0;0;3;4;0;0;3;3;3
3245;270;217;1;0;0;0;0;0;3;3;3;4;3
3246;2819;217;0;0;0;0;3;0;0;0;2;1;3
3247;393;217;1;0;0;0;0;0;0;3;3;2;3
3248;2841;217;0;0;0;0;0;0;0;3;3;3;2
3249;1275;217;1;0;0;0;0;2;0;0;3;3;2
3250;2440;217;1;0;0;0;0;5;0;0;5;4;2
3251;1769;217;0;0;0;0;5;0;0;0;1;3;1
3252;106;217;1;0;0;0;0;4;0;0;4;3;2
3253;730;217;1;0;0;0;0;0;3;0;3;3;2
3254;2196;217;1;0;0;0;3;0;0;0;2;3;3
3255;2257;217;1;0;0;0;0;0;0;3;3;1;3
3256;617;218;1;0;0;0;0;0;0;3;3;4;2
3257;2365;218;1;0;0;0;0;2;0;0;1;1;1
3258;1769;218;0;0;0;0;3;0;0;0;3;1;1
3259;784;218;1;0;0;0;0;0;4;0;1;3;1
3260;1275;218;1;0;0;0;0;2;0;0;1;1;1
3261;2440;218;1;0;0;0;0;1;1;0;1;3;1
3262;1739;218;1;0;0;0;0;0;0;5;1;1;1
3263;2841;218;0;0;0;0;0;0;0;1;1;1;2
3264;2819;218;0;0;0;0;5;0;0;0;3;1;5
3265;270;218;1;0;3;0;0;0;2;0;1;4;1
3266;393;218;1;0;0;0;0;3;0;5;1;1;1
3267;106;218;1;0;0;0;0;5;4;0;1;1;1
3268;730;218;1;2;4;0;1;0;0;0;1;1;1
3269;2196;218;0;0;2;0;0;0;0;3;1;1;4
3270;2257;218;0;0;0;0;0;0;0;5;1;1;1
3271;1070;219;1;1;1;1;1;3;3;5;3;3;3
3272;2322;219;1;1;1;1;1;4;3;2;3;2;3
3273;270;219;0;1;2;1;1;2;3;5;3;3;3
3274;784;219;0;1;2;1;1;2;2;2;3;3;3
3275;2819;219;0;1;2;1;3;1;3;1;3;3;3
3276;1739;219;1;1;1;1;1;4;3;2;3;3;3
3277;617;219;1;1;1;1;1;5;3;1;3;4;3
3278;2365;219;1;1;2;1;1;2;1;4;3;3;3
3279;1769;219;0;1;4;1;4;1;1;1;2;2;3
3280;2440;219;1;1;2;1;1;5;3;1;5;4;3
3281;1275;219;0;1;1;1;1;1;1;5;3;1;3
3282;2841;219;0;1;3;1;3;1;1;1;2;2;3
3283;393;219;1;1;1;1;1;4;1;1;3;3;3
3284;106;219;1;1;1;2;1;3;2;1;3;3;3
3285;730;219;1;2;4;1;4;1;2;1;2;2;3
3286;1978;220;0;0;0;0;0;1;0;5;3;1;1
3287;1265;220;0;0;0;0;0;0;0;5;3;1;1
3288;1070;220;0;0;0;0;0;0;0;5;3;1;1
3289;2322;220;0;0;0;0;0;0;0;5;3;1;1
3290;393;220;0;0;0;0;0;0;0;5;3;2;2
3291;270;220;1;0;0;0;0;0;4;0;4;3;3
3292;2819;220;0;0;0;0;0;0;0;5;3;1;1
3293;617;220;1;0;0;0;0;0;0;3;4;2;2
3294;1769;220;0;0;0;0;0;0;0;3;3;2;2
3295;1275;220;0;0;0;0;0;0;0;5;3;1;1
3296;2365;220;1;0;0;0;0;2;0;0;5;3;3
3297;2440;220;0;0;0;0;0;0;0;5;3;1;1
3298;784;220;1;0;0;0;0;2;0;0;4;2;2
3299;2841;220;0;0;0;0;0;0;0;5;3;1;1
3300;1739;220;0;0;0;0;2;0;0;0;2;2;4
3301;977;221;0;3;0;2;3;0;0;0;1;3;5
3302;2478;221;0;0;0;4;0;0;0;0;2;3;4
3303;1171;221;1;0;0;0;0;3;4;0;4;1;1
3304;2525;221;1;0;0;0;0;0;0;4;5;1;1
3305;666;221;1;0;0;0;0;0;0;5;4;2;2
3306;597;221;1;0;0;0;0;5;0;0;5;1;1
3307;759;221;0;0;0;0;0;0;0;5;3;3;3
3308;855;221;0;0;0;0;0;0;0;1;3;3;3
3309;63;221;1;0;0;0;0;3;0;0;5;2;2
3310;1685;221;1;0;0;0;0;5;3;0;5;2;2
3311;1332;221;0;3;1;0;0;0;2;0;2;2;2
3312;1265;221;1;0;0;0;0;3;0;2;4;1;3
3313;1978;221;1;0;0;0;0;0;0;3;3;3;2
3314;2322;221;1;0;0;0;0;4;0;0;5;1;1
3315;1070;221;1;0;0;0;0;4;0;0;4;2;2
3316;597;222;1;0;0;0;0;5;0;0;5;1;1
3317;2525;222;1;0;0;0;0;0;0;4;4;1;1
3318;666;222;1;0;0;0;0;5;0;0;5;1;1
3319;977;222;0;3;1;2;4;0;0;0;2;3;3
3320;2478;222;0;0;0;4;0;0;0;0;2;3;2
3321;1171;222;0;0;0;0;0;0;0;5;3;3;3
3322;855;222;0;0;0;0;0;0;0;5;3;3;3
3323;1685;222;1;0;0;0;0;5;0;0;5;1;1
3324;63;222;1;0;0;0;0;3;0;1;4;1;1
3325;1332;222;0;1;3;0;0;0;0;0;2;2;2
3326;759;222;1;0;0;0;0;0;0;5;3;1;1
3327;1265;222;1;0;0;0;0;4;0;0;3;1;1
3328;1978;222;1;0;1;0;0;4;0;0;4;1;1
3329;2322;222;1;0;0;0;0;5;0;0;5;1;1
3330;1070;222;1;0;0;0;0;4;0;0;5;1;1
3331;2655;223;0;0;0;3;0;0;2;0;3;2;2
3332;2708;223;1;0;0;0;0;5;0;0;4;1;1
3333;597;223;1;0;0;0;0;5;0;0;5;1;1
3334;2525;223;1;0;0;0;0;0;0;5;3;2;1
3335;666;223;1;0;0;0;0;4;2;0;4;2;1
3336;1171;223;0;0;0;0;0;0;0;4;3;3;3
3337;2478;223;0;0;0;4;0;0;0;0;2;4;3
3338;977;223;0;3;0;3;0;0;0;0;2;3;4
3339;759;223;0;0;0;0;0;0;0;5;3;3;3
3340;1685;223;1;0;0;0;0;4;0;0;4;2;2
3341;855;223;0;0;0;0;0;0;0;4;3;3;3
3342;1332;223;0;0;0;0;0;0;0;3;3;2;2
3343;63;223;1;0;0;0;0;0;0;4;3;3;2
3344;1265;223;1;0;0;0;0;2;0;0;4;2;2
3345;1978;223;0;0;0;0;0;0;0;2;3;3;4
3346;827;224;0;3;4;0;0;0;0;0;4;4;5
3347;222;224;0;5;5;0;0;0;0;0;1;1;1
3348;2655;224;0;0;0;0;4;0;0;0;1;1;1
3349;2708;224;1;0;0;0;0;0;0;4;3;3;3
3350;1171;224;1;0;0;0;0;0;3;0;2;2;2
3351;2478;224;1;0;0;0;0;0;0;4;2;2;2
3352;666;224;1;0;0;0;0;5;0;0;4;4;4
3353;2525;224;0;0;0;0;0;0;4;0;2;2;2
3354;597;224;1;0;0;0;0;5;0;0;5;5;5
3355;977;224;0;0;0;0;3;0;0;0;2;2;2
3356;855;224;0;0;5;0;0;0;0;0;1;1;1
3357;1332;224;0;5;0;0;0;0;0;0;1;1;1
3358;1685;224;1;0;0;0;0;5;0;0;5;5;5
3359;759;224;1;0;0;0;0;0;4;0;3;3;3
3360;63;224;1;0;0;0;0;4;0;0;3;3;3
3361;189;225;1;0;0;0;0;3;0;0;5;3;2
3362;1659;225;1;0;0;0;0;0;0;4;2;2;4
3363;1945;225;0;0;0;4;0;0;0;0;4;4;4
3364;572;225;1;0;0;0;0;5;0;0;5;5;5
3365;2622;225;1;0;0;0;0;0;0;3;2;1;3
3366;827;225;0;0;4;0;0;0;0;0;3;1;5
3367;222;225;0;4;4;0;0;0;0;0;1;1;1
3368;2655;225;0;0;0;0;5;0;0;0;2;1;1
3369;2708;225;1;0;0;0;0;0;3;3;3;3;3
3370;2525;225;0;0;0;0;0;0;0;5;1;1;1
3371;666;225;1;0;0;0;0;5;0;0;4;4;4
3372;2478;225;0;0;0;0;0;0;0;5;1;1;1
3373;977;225;0;4;0;0;5;0;0;0;3;4;3
3374;597;225;1;0;0;0;0;5;0;0;5;4;5
3375;1171;225;0;0;0;0;0;0;0;5;1;1;1
3376;2185;226;1;0;1;0;0;0;0;0;3;1;2
3377;2938;226;1;0;3;0;0;0;0;0;1;4;1
3378;96;226;1;0;0;0;2;0;0;0;1;1;3
3379;2595;226;1;0;0;0;0;4;0;0;5;2;4
3380;108;226;1;0;0;0;0;4;0;0;5;3;3
3381;1673;226;1;0;0;0;0;4;0;0;5;3;3
3382;1659;226;1;0;0;0;0;5;0;0;5;1;3
3383;189;226;1;0;0;0;0;0;0;1;3;1;3
3384;1945;226;1;0;4;5;0;0;0;0;1;5;1
3385;572;226;1;0;0;0;0;5;0;0;5;1;3
3386;2622;226;1;0;0;0;0;4;0;0;5;1;3
3387;222;226;0;3;4;0;0;0;4;0;1;4;1
3388;827;226;0;0;3;0;0;0;0;0;1;2;1
3389;2708;226;1;0;0;0;0;0;0;3;3;1;3
3390;2655;226;0;0;0;0;4;0;0;0;1;1;3
3391;2185;227;1;0;0;0;0;3;0;0;5;3;3
3392;2595;227;1;0;0;0;0;3;0;0;3;3;3
3393;1673;227;1;0;0;0;0;3;0;0;4;3;4
3394;2938;227;1;0;0;0;0;3;0;0;3;3;3
3395;96;227;1;0;0;0;0;0;0;3;3;3;3
3396;108;227;1;0;0;0;0;4;0;0;5;5;4
3397;572;227;1;0;0;0;0;5;0;0;5;5;5
3398;1945;227;1;0;0;0;0;0;0;3;3;3;3
3399;1659;227;1;0;0;0;0;0;0;3;3;1;1
3400;2622;227;1;0;0;0;0;5;0;0;4;3;4
3401;189;227;1;0;0;0;0;5;0;0;5;4;5
3402;827;227;0;0;0;0;5;0;0;0;5;4;5
3403;222;227;0;0;4;0;0;0;0;0;4;4;4
3404;2708;227;1;0;0;0;0;0;0;3;3;3;3
3405;2655;227;0;0;0;0;2;0;0;0;3;3;3
3406;1320;228;1;0;0;0;0;5;3;0;3;3;3
3407;198;228;0;0;0;0;0;0;0;5;2;1;1
3408;1673;228;0;0;0;0;3;0;0;4;2;1;1
3409;2595;228;0;0;0;0;0;0;0;3;1;1;1
3410;96;228;0;0;0;0;4;0;0;0;1;1;2
3411;2185;228;1;0;0;0;0;4;5;0;3;4;3
3412;2938;228;0;0;0;0;2;0;0;2;1;1;1
3413;108;228;0;0;5;0;0;0;0;0;1;2;3
3414;189;228;0;0;0;0;0;0;0;5;1;1;2
3415;1945;228;0;0;0;0;0;0;0;5;1;1;1
3416;572;228;1;0;0;0;0;4;0;0;2;3;2
3417;2622;228;1;0;0;0;0;2;0;0;1;2;1
3418;1659;228;1;0;0;0;0;1;0;1;1;1;1
3419;827;228;0;0;1;0;0;0;0;0;2;1;1
3420;222;228;0;0;1;0;0;0;0;0;1;1;1
3421;2165;229;1;0;0;0;0;0;3;0;4;3;3
3422;30;229;1;0;0;0;0;4;0;0;5;4;3
3423;1320;229;1;0;0;0;0;4;0;0;3;3;3
3424;198;229;0;0;2;0;0;0;0;0;2;2;3
3425;96;229;1;0;0;0;0;0;0;3;3;1;3
3426;108;229;0;0;3;0;0;0;0;0;3;1;3
3427;1673;229;1;0;0;0;0;3;0;0;4;2;2
3428;2185;229;1;0;0;0;0;4;0;0;4;3;4
3429;2595;229;1;0;0;0;0;4;0;0;4;4;3
3430;2938;229;1;0;3;0;0;0;0;0;4;3;3
3431;2622;229;1;0;0;0;0;3;0;0;3;3;3
3432;572;229;1;0;0;0;0;3;0;0;1;1;1
3433;189;229;1;0;0;0;0;3;0;0;3;3;3
3434;1945;229;1;0;3;0;0;0;0;0;4;1;2
3435;1659;229;1;0;0;0;0;0;0;5;1;1;1
3436;1787;230;0;1;1;1;4;1;1;2;1;1;5
3437;1580;230;1;1;1;1;1;1;1;5;1;2;1
3438;2808;230;0;1;1;1;4;1;1;1;1;1;1
3439;613;230;1;1;1;1;1;1;1;5;1;1;1
3440;1977;230;0;1;1;1;5;1;1;1;1;1;1
3441;2165;230;1;1;1;1;1;5;3;1;1;3;1
3442;30;230;1;1;1;1;1;4;1;1;1;1;1
3443;1320;230;1;1;1;1;1;1;1;5;1;1;1
3444;198;230;1;1;3;1;1;3;3;1;1;4;3
3445;2938;230;1;1;1;1;1;4;1;1;1;3;3
3446;96;230;0;1;1;1;4;1;1;1;1;1;1
3447;108;230;1;1;1;1;1;4;1;1;1;1;1
3448;2185;230;0;1;1;1;3;1;1;1;1;1;5
3449;1673;230;1;1;1;1;1;1;1;3;1;1;1
3450;2595;230;1;1;1;1;1;3;1;1;1;3;1
3451;132;231;0;0;0;0;0;0;3;0;3;3;2
3452;2990;231;1;0;0;0;0;3;0;0;4;1;3
3453;509;231;1;0;0;0;0;4;0;0;5;1;4
3454;703;231;0;0;0;0;0;0;0;3;3;2;3
3455;1484;231;1;0;2;0;0;0;0;0;3;3;2
3456;1931;231;0;0;0;0;0;0;0;5;3;1;3
3457;1787;231;0;0;0;0;0;0;0;3;3;1;2
3458;1580;231;1;0;0;0;0;0;0;4;3;2;3
3459;613;231;1;0;0;0;0;3;0;0;4;2;3
3460;1977;231;1;0;0;0;3;0;0;0;2;2;2
3461;2808;231;0;0;0;2;0;0;0;0;2;4;1
3462;30;231;1;0;0;0;0;3;0;0;4;1;3
3463;2165;231;1;0;0;0;0;2;0;0;4;2;3
3464;1320;231;1;0;0;0;0;0;0;3;3;1;3
3465;198;231;1;0;0;0;0;0;2;0;4;3;2
3466;1484;232;0;0;2;0;3;0;0;0;3;1;3
3467;1931;232;1;0;0;0;0;0;0;5;3;1;4
3468;703;232;1;0;0;0;0;2;0;0;3;2;3
3469;132;232;1;1;3;0;3;0;0;0;3;4;3
3470;509;232;1;0;0;0;0;5;2;0;4;3;5
3471;2990;232;1;0;0;0;0;5;3;0;4;3;5
3472;1787;232;1;0;0;0;2;0;0;0;3;2;3
3473;1977;232;0;0;0;0;5;0;0;0;2;1;2
3474;613;232;1;0;0;0;0;4;0;0;5;4;5
3475;2808;232;1;0;0;0;0;0;0;5;3;1;3
3476;1580;232;1;0;0;0;0;4;0;0;5;4;5
3477;2165;232;1;0;0;0;0;5;3;0;4;5;5
3478;30;232;1;0;0;0;0;3;0;0;3;2;4
3479;198;232;1;0;0;0;0;0;0;5;3;2;3
3480;1320;232;1;0;0;0;0;5;0;0;4;4;5
3481;509;233;1;0;0;0;2;3;0;0;4;1;1
3482;132;233;1;0;4;0;0;0;3;0;3;3;2
3483;703;233;0;0;0;0;0;0;0;5;1;1;1
3484;1484;233;1;0;0;0;0;0;0;5;2;1;1
3485;2990;233;0;0;0;4;2;0;0;0;1;1;1
3486;1931;233;0;0;0;0;0;0;0;5;1;1;1
3487;1977;233;0;0;5;0;5;0;0;0;1;1;1
3488;1787;233;1;0;0;0;0;0;0;5;1;1;1
3489;613;233;1;0;0;0;0;4;0;0;5;3;2
3490;2808;233;0;0;0;0;4;0;0;0;1;1;1
3491;1580;233;1;0;0;0;0;3;0;0;3;2;2
3492;2165;233;1;0;0;0;0;4;3;0;4;2;1
3493;30;233;1;0;0;0;3;0;0;0;2;1;1
3494;198;233;0;0;0;0;0;0;0;5;1;1;1
3495;1320;233;1;0;0;0;0;4;0;0;4;2;1
3496;1465;234;1;0;0;0;0;3;4;0;4;2;3
3497;2389;234;0;0;0;4;0;0;0;0;2;1;1
3498;1111;234;1;0;0;0;0;0;3;2;3;3;3
3499;416;234;1;0;0;0;0;5;0;0;4;4;2
3500;1484;234;0;0;4;0;0;0;0;1;1;2;4
3501;2990;234;0;0;4;0;4;0;0;0;1;1;4
3502;703;234;0;0;0;0;0;0;0;3;1;1;1
3503;1931;234;0;0;0;0;0;0;0;5;1;1;1
3504;132;234;0;5;5;5;5;0;0;0;1;5;1
3505;509;234;1;0;0;0;0;5;0;0;5;5;4
3506;1580;234;1;0;0;0;4;0;0;0;2;3;2
3507;613;234;1;0;0;0;0;0;4;0;5;3;4
3508;2808;234;0;0;5;4;5;0;0;0;1;4;1
3509;1787;234;0;1;0;0;2;0;0;0;1;2;2
3510;1977;234;0;0;5;0;5;0;0;0;1;1;1
3511;2180;235;1;0;0;0;0;4;0;0;5;3;3
3512;1926;235;0;0;0;0;4;0;0;0;2;2;1
3513;2916;235;1;0;0;0;0;0;0;3;3;3;3
3514;1744;235;1;0;0;0;3;0;0;0;3;2;3
3515;1632;235;1;0;0;0;0;0;0;3;3;2;2
3516;2389;235;1;0;0;0;0;5;0;0;4;4;4
3517;416;235;1;0;0;0;0;5;0;0;5;5;5
3518;1111;235;1;0;0;0;0;5;0;0;5;5;5
3519;1465;235;1;0;1;0;0;0;0;0;3;2;2
3520;1931;235;0;0;0;2;0;0;0;0;2;2;2
3521;509;235;1;0;0;0;0;3;0;0;4;3;4
3522;1484;235;1;0;0;0;2;0;0;0;3;3;3
3523;132;235;0;0;4;0;0;0;0;0;2;5;5
3524;703;235;0;0;0;0;2;0;0;0;2;2;2
3525;2990;235;1;0;0;0;0;0;2;0;3;3;3
3526;1160;236;1;0;1;0;0;0;0;4;3;2;2
3527;483;236;1;0;0;0;0;4;0;1;5;2;3
3528;532;236;1;0;0;0;0;4;0;0;4;4;4
3529;514;236;1;0;1;0;0;4;2;0;4;5;4
3530;2092;236;1;0;0;0;0;0;0;5;3;2;3
3531;1346;236;1;0;0;0;0;3;0;3;5;3;2
3532;1744;236;1;0;0;0;4;0;1;1;2;3;3
3533;1632;236;1;0;0;0;0;0;0;4;3;2;3
3534;1926;236;0;1;1;0;3;0;0;3;2;3;2
3535;2180;236;1;0;0;0;0;3;0;3;4;2;3
3536;2916;236;1;0;0;0;0;2;0;2;3;3;3
3537;1465;236;1;0;1;0;0;2;2;2;3;4;3
3538;2389;236;1;0;0;0;0;3;0;0;4;2;3
3539;1111;236;1;0;0;0;1;0;0;4;3;2;3
3540;416;236;1;0;0;0;1;4;0;0;4;3;3
3541;514;237;1;0;0;0;0;0;0;4;3;2;3
3542;532;237;1;0;0;0;0;0;0;4;4;2;3
3543;1346;237;0;0;0;0;0;0;0;3;3;1;2
3544;483;237;1;0;0;0;0;3;0;3;4;3;3
3545;2092;237;0;0;0;0;0;0;0;3;3;1;1
3546;1160;237;1;0;0;0;3;0;0;3;3;2;3
3547;1632;237;1;0;0;0;3;0;0;0;3;2;2
3548;1926;237;0;4;3;0;5;0;0;0;1;4;4
3549;2916;237;1;0;0;0;0;0;0;4;3;2;3
3550;2180;237;0;0;0;0;0;0;0;4;3;1;2
3551;1744;237;1;0;0;0;4;0;0;0;2;1;2
3552;416;237;1;0;0;0;0;4;0;0;3;3;3
3553;1111;237;1;0;0;0;0;3;0;0;3;2;2
3554;1465;237;1;0;4;0;3;0;0;0;3;3;4
3555;2389;237;0;0;0;0;0;0;0;3;3;1;1
3556;1160;238;0;0;0;0;0;0;0;3;3;2;3
3557;1346;238;0;0;0;0;0;0;0;3;2;1;1
3558;483;238;1;0;0;0;0;3;0;0;3;4;1
3559;2092;238;1;0;0;0;0;0;0;3;3;3;1
3560;532;238;1;0;0;0;0;0;0;3;3;4;1
3561;514;238;1;0;0;0;0;0;0;3;3;4;1
3562;1744;238;1;0;0;0;0;0;0;4;3;3;3
3563;2916;238;1;0;0;0;0;0;0;3;3;4;1
3564;2180;238;1;0;0;0;0;3;0;0;3;3;1
3565;1926;238;0;0;0;0;3;0;0;0;2;1;1
3566;1632;238;1;0;0;0;0;0;0;3;3;3;3
3567;416;238;0;0;0;0;0;3;0;0;3;3;3
3568;1465;238;1;0;0;0;0;0;0;4;3;4;1
3569;2389;238;1;0;0;0;0;3;0;0;3;3;1
3570;1111;238;1;0;0;0;0;0;0;3;3;2;1
3571;2345;239;1;0;0;0;0;0;0;3;1;1;5
3572;2009;239;0;0;5;0;5;0;0;0;1;1;1
3573;2118;239;1;0;0;0;0;4;0;0;3;1;3
3574;2209;239;0;0;5;0;5;0;0;0;1;1;1
3575;1160;239;0;0;0;0;0;0;0;1;1;1;1
3576;1346;239;1;0;0;0;0;0;4;0;1;1;1
3577;2092;239;0;0;0;0;0;0;0;1;1;1;1
3578;483;239;0;0;0;0;0;0;0;1;1;1;1
3579;532;239;1;0;0;0;0;0;0;2;1;1;1
3580;514;239;1;0;0;0;0;1;0;0;2;1;3
3581;1926;239;0;0;2;0;2;0;0;0;1;1;3
3582;1632;239;0;0;0;0;0;0;0;1;1;1;1
3583;2916;239;1;0;0;0;0;4;4;0;2;2;3
3584;2180;239;1;0;0;0;0;1;0;0;1;1;2
3585;1744;239;1;0;0;0;2;0;0;0;1;1;3
3586;793;240;0;0;0;0;5;0;0;0;5;1;1
3587;1413;240;1;0;0;0;0;5;0;0;5;3;3
3588;1067;240;1;0;0;0;0;0;0;4;4;3;3
3589;447;240;1;0;0;0;0;5;0;0;4;3;3
3590;1936;240;1;0;0;0;3;0;0;0;3;3;3
3591;2009;240;1;0;0;0;0;0;5;0;3;3;3
3592;2209;240;0;0;3;0;0;0;0;0;3;3;3
3593;2118;240;1;0;0;0;0;0;0;5;3;3;3
3594;2345;240;1;0;0;0;0;5;0;0;3;4;3
3595;514;240;1;0;0;0;0;0;0;4;3;3;3
3596;1346;240;1;0;0;0;0;5;0;0;4;4;4
3597;483;240;1;0;0;0;0;0;0;4;3;3;3
3598;532;240;1;0;0;0;0;0;0;4;3;3;3
3599;2092;240;1;0;0;0;0;0;0;3;3;3;3
3600;1160;240;1;0;0;0;0;0;0;3;3;3;3
3601;2293;241;1;0;0;0;0;0;0;2;5;1;3
3602;1654;241;1;0;0;0;0;2;0;0;4;1;2
3603;1232;241;1;0;0;0;0;5;0;0;5;5;5
3604;2576;241;1;0;0;0;0;0;3;0;4;3;3
3605;1893;241;1;0;0;0;0;0;0;2;4;1;1
3606;1615;241;1;0;0;0;0;3;0;0;5;3;2
3607;793;241;1;0;0;0;3;0;0;0;4;1;2
3608;1067;241;1;0;0;0;0;0;0;3;4;2;3
3609;1413;241;1;0;0;0;0;4;0;0;5;4;4
3610;447;241;1;0;0;0;0;4;0;0;5;3;4
3611;1936;241;0;0;0;0;4;0;0;0;3;1;1
3612;2009;241;1;0;0;0;0;0;0;3;3;1;2
3613;2345;241;1;0;0;0;0;3;0;0;4;1;3
3614;2118;241;1;0;0;0;0;4;0;0;5;3;4
3615;2209;241;0;0;0;0;4;0;0;0;2;2;2
3616;1893;242;1;0;0;0;0;0;0;3;3;3;3
3617;2576;242;1;0;0;0;0;4;0;0;5;4;3
3618;1654;242;1;0;0;0;0;4;0;0;4;3;3
3619;2293;242;1;0;0;0;0;4;0;0;5;4;4
3620;1232;242;1;0;0;0;0;4;4;0;4;4;4
3621;1615;242;1;0;0;0;0;4;0;0;4;5;4
3622;447;242;1;0;0;0;0;5;0;0;4;4;5
3623;1067;242;1;0;0;0;0;0;0;3;3;3;3
3624;1936;242;0;0;0;0;4;0;0;0;2;1;2
3625;1413;242;1;0;0;0;0;0;0;2;3;3;3
3626;793;242;0;0;0;5;0;0;0;0;1;1;1
3627;2118;242;1;0;0;0;0;3;0;0;4;3;3
3628;2345;242;1;0;0;0;0;5;0;0;4;4;4
3629;2209;242;0;0;0;0;5;0;0;0;1;1;1
3630;2009;242;0;0;0;0;5;0;0;0;1;2;2
3631;1615;243;1;0;0;0;0;0;0;3;3;2;2
3632;1654;243;1;0;0;0;0;0;0;3;3;2;2
3633;1232;243;1;0;0;0;0;0;0;3;3;2;2
3634;2293;243;1;0;0;0;0;2;0;0;3;2;2
3635;1893;243;0;0;0;0;1;0;0;0;2;2;2
3636;2576;243;1;0;0;0;0;0;0;1;3;1;1
3637;1067;243;1;0;0;0;0;3;0;0;4;3;3
3638;1936;243;1;0;0;0;1;0;0;0;2;2;2
3639;793;243;0;0;0;0;2;0;0;0;1;2;2
3640;1413;243;1;0;0;0;0;4;0;0;4;3;4
3641;447;243;1;0;0;0;0;4;0;0;4;3;3
3642;2118;243;1;0;0;0;0;2;0;0;3;3;3
3643;2209;243;1;0;0;0;4;0;0;0;1;1;1
3644;2345;243;1;0;0;0;0;3;0;0;4;3;3
3645;2009;243;0;0;0;0;5;0;2;0;1;2;1
3646;2270;244;1;1;1;1;1;5;2;3;5;3;4
3647;656;244;1;1;1;1;1;4;3;3;3;3;3
3648;627;244;1;1;1;1;2;4;3;3;3;3;3
3649;1121;244;1;1;1;1;1;5;4;3;5;5;4
3650;1615;244;1;1;1;1;1;4;3;3;4;4;3
3651;2293;244;1;1;1;1;1;3;4;3;4;3;3
3652;2576;244;1;1;2;1;1;3;4;3;3;2;3
3653;1232;244;1;1;1;1;1;5;5;3;5;5;4
3654;1654;244;1;1;1;1;3;3;2;3;3;2;3
3655;1893;244;0;1;2;2;3;1;4;3;3;1;3
3656;1067;244;0;1;1;5;3;2;3;1;1;1;3
3657;1936;244;0;1;1;1;4;1;4;3;2;1;3
3658;1413;244;1;1;1;1;1;5;5;4;3;5;3
3659;447;244;1;1;1;1;1;5;4;3;3;4;3
3660;793;244;1;1;1;2;4;1;4;1;3;3;3
3661;1448;245;1;0;0;0;0;0;0;4;3;2;4
3662;97;245;1;1;1;1;1;4;3;0;4;3;3
3663;283;245;1;1;3;1;1;2;2;0;2;4;2
3664;1456;245;1;0;0;0;0;0;0;5;3;1;5
3665;1232;245;1;1;1;1;1;4;4;0;4;4;3
3666;1893;245;0;1;1;2;3;1;1;0;2;2;3
3667;2293;245;1;1;1;1;1;4;2;0;5;2;4
3668;2576;245;1;1;1;1;1;2;4;0;3;1;4
3669;1615;245;1;1;1;1;1;3;1;0;4;2;5
3670;1654;245;1;1;1;1;4;1;3;0;2;3;3
3671;1413;245;1;1;1;1;1;4;1;0;5;3;3
3672;447;245;1;1;3;1;1;4;3;0;4;2;4
3673;1067;245;1;0;0;0;0;0;0;5;3;1;5
3674;793;245;1;1;3;2;1;1;4;0;2;2;3
3675;1936;245;0;3;1;1;4;1;1;0;1;3;2
3676;916;246;0;0;0;0;3;0;0;0;2;1;1
3677;508;246;1;0;0;0;0;0;0;4;4;3;1
3678;2664;246;1;0;3;0;0;0;0;0;2;2;2
3679;1328;246;1;0;0;0;0;0;0;4;3;3;3
3680;1870;246;1;0;0;0;0;0;0;4;3;1;1
3681;1121;246;1;0;0;0;0;5;0;0;5;5;3
3682;627;246;1;0;0;0;0;4;0;0;3;3;3
3683;2270;246;1;0;0;0;0;0;0;3;4;3;1
3684;656;246;1;0;0;0;0;4;0;0;4;3;2
3685;1893;246;0;0;0;0;0;0;0;3;3;3;3
3686;2293;246;1;0;0;0;0;5;2;0;4;4;3
3687;1654;246;1;0;0;0;0;4;0;2;4;3;3
3688;2576;246;1;0;0;0;0;0;0;3;3;3;3
3689;1615;246;1;0;0;0;0;4;4;0;5;4;2
3690;1232;246;1;0;0;0;0;4;0;0;4;3;3
3691;2160;247;1;0;0;0;0;3;0;3;4;1;3
3692;1310;247;0;0;0;0;0;0;0;5;3;1;1
3693;1328;247;1;0;0;0;0;3;0;0;4;1;3
3694;283;247;0;0;4;0;0;0;5;0;2;4;3
3695;1448;247;0;0;5;0;3;0;0;0;1;5;5
3696;1870;247;0;0;0;0;0;0;0;5;3;1;1
3697;97;247;1;0;0;0;0;4;0;5;5;1;1
3698;508;247;1;0;0;0;0;5;0;0;5;1;3
3699;1456;247;0;0;5;0;5;0;0;0;1;4;4
3700;916;247;0;2;5;0;5;0;0;0;1;4;5
3701;2664;247;0;0;5;0;0;0;0;0;1;4;3
3702;2270;247;1;0;0;0;0;3;0;5;5;1;5
3703;627;247;1;0;0;0;0;5;2;0;5;2;5
3704;656;247;1;0;0;0;0;5;0;0;5;1;3
3705;1121;247;0;5;0;0;0;0;0;0;1;5;5
3706;2160;248;1;0;0;0;0;5;0;0;5;3;3
3707;1310;248;1;0;0;0;3;4;2;0;4;3;2
3708;97;248;1;0;0;0;0;4;0;0;4;3;3
3709;1870;248;0;0;0;0;0;0;0;4;3;3;3
3710;2664;248;0;0;0;0;4;0;0;0;2;2;2
3711;283;248;1;0;4;0;0;3;3;0;3;4;1
3712;1456;248;1;0;4;0;3;0;0;0;2;2;2
3713;508;248;1;0;0;0;0;4;0;0;3;3;3
3714;916;248;0;0;4;0;4;0;0;0;2;1;1
3715;1448;248;0;0;4;0;0;0;0;0;2;1;1
3716;1328;248;1;0;0;0;0;0;0;4;4;3;3
3717;627;248;1;0;0;0;0;4;0;0;5;3;3
3718;1121;248;1;0;0;0;0;4;0;0;4;3;3
3719;2270;248;1;0;0;0;0;0;0;4;3;3;3
3720;656;248;1;0;0;0;0;4;4;0;4;4;2
3721;1310;249;0;0;0;0;0;0;3;0;1;1;1
3722;2160;249;1;0;0;0;0;4;0;0;5;4;3
3723;1328;249;1;0;0;0;0;4;0;0;2;2;2
3724;508;249;1;0;0;0;0;2;0;0;2;2;2
3725;916;249;0;0;0;0;5;0;0;0;4;4;4
3726;2664;249;1;0;0;0;4;0;0;0;4;4;4
3727;1456;249;1;0;0;0;0;0;0;4;5;5;5
3728;97;249;1;0;0;0;0;4;0;0;4;4;4
3729;283;249;1;0;0;0;0;4;0;0;4;5;4
3730;1448;249;1;0;0;0;0;4;0;0;5;5;5
3731;1870;249;1;0;0;0;0;0;0;3;3;1;1
3732;656;249;1;0;0;0;0;0;0;3;3;4;4
3733;627;249;1;0;0;0;0;0;0;3;3;3;3
3734;2270;249;1;0;0;0;0;4;0;0;5;3;3
3735;1121;249;1;0;0;0;0;4;0;0;5;5;5
3736;2297;250;1;0;0;0;0;0;0;2;3;1;2
3737;563;250;0;0;0;0;0;0;2;0;3;1;3
3738;31;250;1;0;0;0;0;4;0;0;5;3;3
3739;2801;250;1;0;0;0;0;4;3;0;4;2;5
3740;1310;250;1;0;0;0;0;5;0;0;5;1;3
3741;2160;250;1;0;0;0;0;5;0;0;5;4;4
3742;916;250;0;0;0;0;0;0;5;0;3;2;5
3743;97;250;0;0;0;0;0;0;0;5;3;1;4
3744;1870;250;1;0;0;0;0;0;0;3;3;1;1
3745;2664;250;1;0;0;0;0;2;4;0;4;5;2
3746;508;250;1;0;0;0;0;4;3;0;4;2;3
3747;283;250;1;0;0;0;0;0;0;5;3;1;1
3748;1328;250;0;0;0;0;0;0;0;5;3;1;1
3749;1456;250;0;0;3;0;0;0;0;0;2;3;2
3750;1448;250;1;0;0;0;0;0;5;0;3;4;1
3751;289;251;0;0;0;2;3;0;0;0;3;1;4
3752;653;251;1;0;0;0;0;3;0;3;4;1;4
3753;998;251;1;0;0;0;0;2;0;5;4;1;3
3754;2961;251;1;0;0;0;0;3;4;0;4;4;2
3755;504;251;1;0;0;0;0;4;2;3;4;1;4
3756;2324;251;0;0;0;0;0;0;0;5;2;1;1
3757;1376;251;1;0;0;0;0;4;0;0;5;2;3
3758;183;251;1;0;0;0;0;2;0;3;3;1;1
3759;1015;251;0;0;0;0;0;0;3;0;2;3;2
3760;31;251;1;0;0;0;0;5;2;0;4;4;2
3761;2801;251;1;0;0;0;0;4;0;0;3;1;1
3762;563;251;1;0;0;0;0;0;2;5;1;1;3
3763;2297;251;0;0;0;0;0;0;0;5;1;1;5
3764;1310;251;0;0;0;0;0;0;4;0;1;1;5
3765;2160;251;1;0;0;0;0;0;0;3;4;3;5
3766;664;252;1;0;0;0;0;4;2;4;5;2;3
3767;2042;252;1;0;0;0;0;0;0;5;3;1;3
3768;653;252;1;0;0;0;0;0;3;4;4;2;3
3769;998;252;0;0;0;0;0;1;2;5;3;1;3
3770;183;252;1;0;0;0;0;0;0;5;4;2;3
3771;2324;252;1;0;0;0;0;0;0;5;3;1;3
3772;2961;252;1;0;0;0;0;0;1;5;3;2;3
3773;289;252;0;0;0;0;0;0;0;4;2;1;3
3774;504;252;0;0;0;0;0;0;3;0;3;1;3
3775;1015;252;0;0;0;0;0;0;0;5;3;1;3
3776;1376;252;1;0;0;0;0;3;0;0;3;1;3
3777;2297;252;0;0;0;0;0;0;0;5;3;1;3
3778;2801;252;1;0;0;0;0;3;0;0;4;1;3
3779;563;252;1;0;0;0;0;0;0;5;3;1;3
3780;31;252;1;0;0;0;0;0;0;2;3;2;3
3781;2042;253;0;0;0;0;2;0;0;0;2;1;1
3782;664;253;0;0;0;0;0;3;0;0;4;3;3
3783;2324;253;1;0;1;0;0;0;0;0;4;2;3
3784;653;253;1;0;0;0;0;4;0;0;4;4;4
3785;183;253;1;0;0;0;0;0;2;0;3;4;4
3786;289;253;0;0;0;2;0;0;0;0;3;1;2
3787;1376;253;1;0;0;0;0;3;0;0;4;4;4
3788;504;253;1;0;0;0;0;0;0;1;2;2;2
3789;1015;253;1;0;0;0;0;0;0;1;2;2;3
3790;998;253;0;0;0;0;0;0;0;1;2;1;2
3791;2961;253;1;0;0;0;0;0;3;0;3;3;3
3792;563;253;1;0;0;0;0;4;0;0;4;4;3
3793;2801;253;1;0;0;0;0;0;0;1;4;2;2
3794;31;253;1;0;0;0;0;4;0;0;2;4;3
3795;2297;253;0;0;0;0;0;0;0;1;2;1;1
3796;664;254;1;0;0;0;0;1;0;5;4;1;3
3797;2042;254;1;0;0;0;0;0;0;5;3;1;3
3798;1376;254;1;0;0;0;0;4;0;0;5;2;3
3799;998;254;1;0;0;0;0;0;0;5;3;1;3
3800;504;254;0;0;0;0;0;0;0;3;3;2;3
3801;653;254;1;0;0;0;0;0;0;3;3;2;3
3802;289;254;0;0;0;1;0;0;0;0;3;2;2
3803;2961;254;1;0;0;0;0;2;0;0;4;2;3
3804;183;254;1;0;0;0;0;0;0;2;3;1;3
3805;1015;254;1;0;1;0;0;0;0;0;3;2;3
3806;2324;254;1;0;0;0;0;0;0;3;3;1;3
3807;31;254;1;0;0;0;0;4;0;0;4;2;3
3808;2801;254;0;0;1;0;0;0;0;0;2;2;2
3809;2297;254;1;0;0;0;0;0;0;2;3;1;3
3810;563;254;1;0;0;0;0;3;0;0;4;2;3
3811;1558;255;1;0;0;0;0;0;0;1;3;1;1
3812;2590;255;1;0;0;0;0;3;0;0;5;2;2
3813;2769;255;1;0;0;0;0;0;0;1;3;1;1
3814;194;255;1;0;0;0;0;3;0;0;3;2;2
3815;2042;255;0;0;0;0;0;0;0;1;3;1;1
3816;664;255;1;0;0;0;0;0;0;1;3;1;1
3817;2324;255;1;0;0;0;0;0;0;1;3;1;1
3818;1376;255;1;0;0;0;0;0;0;1;3;1;1
3819;2961;255;1;0;0;0;0;5;0;0;5;3;4
3820;653;255;1;0;0;0;0;0;0;1;3;1;2
3821;998;255;0;0;0;0;0;0;0;1;3;1;1
3822;1015;255;1;0;0;0;0;0;0;1;3;1;1
3823;504;255;1;0;0;0;0;3;0;0;3;1;1
3824;183;255;1;0;0;0;0;0;0;1;3;1;1
3825;289;255;1;0;0;0;0;0;0;1;3;1;5
3826;2743;256;1;0;0;0;0;0;3;0;3;4;3
3827;273;256;1;0;3;0;0;0;0;4;4;3;3
3828;2975;256;1;0;0;0;4;0;0;0;2;1;3
3829;8;256;0;0;3;2;0;0;0;0;2;1;1
3830;2042;256;1;0;0;0;0;4;0;0;1;2;1
3831;664;256;1;0;0;0;0;0;0;5;3;3;3
3832;653;256;1;0;0;0;0;5;0;0;3;3;3
3833;183;256;1;0;0;0;0;0;4;0;3;5;2
3834;2961;256;1;0;0;0;0;4;0;0;4;2;3
3835;504;256;1;0;0;0;0;4;0;0;4;2;3
3836;1376;256;1;0;0;0;0;5;0;0;4;2;3
3837;1015;256;1;0;0;0;0;0;4;0;3;4;3
3838;2324;256;1;0;0;0;0;0;0;5;3;3;3
3839;289;256;0;4;0;0;3;0;0;0;2;1;3
3840;998;256;1;0;0;0;0;0;0;5;3;3;3
3841;2429;257;1;0;0;0;0;0;0;4;3;1;2
3842;2093;257;1;0;0;0;0;3;0;0;4;2;3
3843;852;257;1;0;0;0;0;0;3;0;3;2;4
3844;2328;257;0;0;0;0;0;0;0;3;3;1;2
3845;939;257;1;0;0;0;0;0;0;3;3;1;3
3846;2772;257;1;0;0;0;0;3;0;0;4;2;3
3847;78;257;0;2;0;0;0;0;0;0;3;4;4
3848;2590;257;1;0;0;0;0;3;0;0;4;1;3
3849;2769;257;1;0;0;0;0;4;0;0;4;1;3
3850;273;257;1;0;0;0;0;0;0;3;4;2;3
3851;2975;257;1;0;0;0;0;0;0;3;4;2;3
3852;8;257;1;0;3;0;0;0;0;0;3;3;2
3853;194;257;1;0;3;0;0;0;0;0;4;3;3
3854;2743;257;1;0;0;0;0;0;0;3;4;2;3
3855;1558;257;1;0;0;0;0;0;0;3;4;1;3
3856;1716;258;1;0;0;0;0;0;0;1;4;1;1
3857;787;258;1;0;0;0;0;0;0;1;4;1;1
3858;259;258;1;0;0;0;0;0;2;0;4;2;2
3859;3048;258;0;0;0;2;0;0;0;0;1;1;1
3860;869;258;1;0;0;0;2;0;0;0;2;1;1
3861;12;258;0;0;0;4;0;0;0;0;1;1;1
3862;105;258;1;0;0;0;0;2;0;0;4;1;3
3863;1907;258;0;0;3;0;0;0;0;0;2;3;1
3864;44;258;1;0;0;0;0;2;0;0;3;2;2
3865;2590;258;1;0;0;0;0;4;0;0;5;5;3
3866;194;258;1;0;2;0;0;0;0;0;3;1;1
3867;1558;258;1;0;0;0;0;0;0;1;3;1;3
3868;2769;258;1;0;0;0;0;3;0;0;4;4;4
3869;2042;258;1;0;0;0;0;1;0;0;4;4;3
3870;664;258;1;0;0;0;0;0;2;0;3;2;1
3871;2093;259;1;0;0;0;0;4;0;0;4;2;3
3872;2772;259;1;0;0;0;0;0;0;4;3;2;3
3873;78;259;0;0;2;0;0;0;3;0;3;1;3
3874;2429;259;1;0;0;0;0;0;0;3;3;1;3
3875;939;259;0;0;0;2;4;0;0;0;3;3;4
3876;2328;259;1;0;0;0;0;3;0;2;4;3;2
3877;852;259;1;0;0;0;0;0;0;2;3;2;2
3878;2743;259;1;0;0;0;0;0;0;3;3;1;3
3879;273;259;1;0;0;0;0;0;2;3;3;2;3
3880;1558;259;1;0;0;0;0;0;0;4;3;1;3
3881;2975;259;0;0;0;0;3;0;0;0;2;1;3
3882;194;259;1;0;0;0;0;2;0;4;3;1;3
3883;2590;259;1;0;0;0;0;5;0;0;5;4;3
3884;8;259;1;0;0;0;0;0;0;4;3;3;3
3885;2769;259;1;0;0;0;0;0;4;3;4;2;3
3886;44;260;1;0;1;0;0;0;0;4;2;2;3
3887;259;260;1;0;0;0;0;0;1;4;3;2;1
3888;2093;260;1;0;0;0;0;2;0;3;4;2;3
3889;12;260;0;1;0;4;0;0;0;0;2;3;3
3890;1716;260;1;0;0;0;0;5;1;0;5;2;3
3891;787;260;1;0;0;0;0;0;0;3;4;2;3
3892;2328;260;0;0;0;0;0;0;0;3;2;2;3
3893;273;260;1;0;0;0;0;0;4;0;3;3;2
3894;2975;260;1;0;0;0;4;0;0;0;2;4;1
3895;8;260;1;0;0;0;0;0;3;2;4;4;2
3896;2743;260;1;0;0;0;1;0;0;4;2;2;2
3897;194;260;1;0;4;0;0;0;1;0;3;3;1
3898;1558;260;1;0;0;0;0;0;0;5;3;3;3
3899;2590;260;1;0;1;0;0;0;0;4;3;2;3
3900;2769;260;1;0;0;0;0;0;0;5;3;2;2
3901;1716;261;1;0;0;0;0;5;0;0;5;1;3
3902;12;261;0;0;0;5;0;0;0;0;1;1;1
3903;939;261;0;0;3;2;0;0;0;0;3;1;2
3904;787;261;0;0;0;0;0;0;0;4;3;1;3
3905;852;261;1;0;0;0;0;4;2;0;4;1;3
3906;44;261;1;0;0;0;0;0;2;0;3;2;3
3907;78;261;0;4;5;0;0;0;0;0;2;3;2
3908;259;261;1;0;0;0;0;0;0;5;3;1;2
3909;2772;261;1;0;0;0;0;5;0;0;5;1;3
3910;2328;261;0;0;0;5;0;0;0;0;3;3;1
3911;2093;261;0;0;2;0;0;0;0;0;3;1;1
3912;8;261;0;0;4;0;0;0;2;0;2;2;1
3913;2975;261;0;0;0;0;5;0;0;0;2;1;1
3914;2743;261;0;0;5;0;0;0;0;0;1;3;1
3915;273;261;0;0;4;0;0;0;1;0;3;2;2
3916;939;262;0;3;4;0;0;0;0;0;2;3;3
3917;2429;262;1;0;0;0;0;4;0;0;4;4;3
3918;78;262;0;4;0;3;0;0;0;0;2;2;2
3919;44;262;1;0;0;0;0;4;0;0;4;4;4
3920;852;262;1;0;0;0;0;4;0;0;3;3;3
3921;1716;262;1;0;0;0;0;4;0;0;4;4;3
3922;259;262;1;0;0;0;0;4;4;0;4;4;4
3923;787;262;1;0;0;0;0;0;0;3;3;2;1
3924;12;262;1;0;0;5;0;0;0;0;2;1;3
3925;2093;262;1;0;0;0;0;5;0;0;5;4;4
3926;2328;262;1;0;0;0;0;3;0;3;3;3;2
3927;8;262;1;0;4;0;0;0;0;0;2;3;3
3928;2743;262;1;0;0;0;0;0;4;3;3;3;2
3929;2975;262;0;2;0;0;5;0;0;0;1;3;4
3930;273;262;1;0;0;0;0;3;0;0;3;3;1
3931;2640;263;1;0;0;0;0;3;0;0;4;2;2
3932;3048;263;0;0;0;0;0;0;2;2;3;1;2
3933;105;263;1;0;0;0;0;3;0;0;5;3;2
3934;1907;263;1;0;0;0;0;0;0;2;3;3;3
3935;869;263;0;0;2;0;0;0;0;0;2;2;3
3936;2429;263;1;0;0;0;0;0;0;2;4;3;3
3937;2772;263;1;0;0;0;0;0;0;2;4;2;2
3938;939;263;1;0;0;3;0;0;0;0;3;3;3
3939;259;263;0;0;0;0;0;0;0;2;3;1;1
3940;12;263;0;0;0;4;0;0;0;0;2;4;3
3941;44;263;1;0;0;0;0;0;2;0;4;4;3
3942;1716;263;1;0;0;0;0;2;0;0;5;3;2
3943;852;263;1;0;0;0;0;0;0;2;4;3;3
3944;78;263;1;0;0;0;0;0;3;0;2;3;3
3945;787;263;0;0;0;0;0;0;0;2;3;1;1
3946;2212;264;1;0;3;0;0;0;0;0;1;3;1
3947;1380;264;1;0;0;0;0;4;0;0;1;4;2
3948;701;264;1;0;0;0;0;0;3;0;3;2;1
3949;2867;264;0;0;5;0;0;0;0;0;1;1;5
3950;1180;264;1;0;0;0;0;0;2;0;3;2;1
3951;2710;264;1;0;0;0;0;3;0;0;3;1;1
3952;164;264;0;5;0;0;0;0;0;0;1;5;5
3953;49;264;1;0;0;0;0;3;0;0;3;1;1
3954;2640;264;1;0;0;0;0;3;0;0;4;1;1
3955;105;264;1;0;0;0;0;0;5;0;3;2;1
3956;3048;264;1;0;0;0;0;2;0;0;3;1;1
3957;1907;264;0;0;4;0;0;0;0;0;1;1;2
3958;869;264;0;0;0;0;3;0;0;0;1;1;1
3959;2429;264;1;0;0;0;0;0;4;0;4;3;1
3960;2772;264;1;0;0;0;0;3;0;0;3;1;1
3961;2480;265;1;1;1;2;1;3;1;5;1;1;1
3962;65;265;1;1;1;1;2;1;2;1;3;1;1
3963;1159;265;1;1;1;1;1;1;1;5;2;1;1
3964;2274;265;1;1;1;1;1;3;2;1;3;2;1
3965;2603;265;1;1;1;1;2;3;1;1;2;2;1
3966;1750;265;1;1;1;1;4;1;1;1;4;1;1
3967;1383;265;1;1;1;1;1;5;1;1;2;2;1
3968;1625;265;0;1;1;1;1;1;1;4;3;1;1
3969;2640;265;1;1;1;1;1;2;1;5;4;1;1
3970;105;265;1;1;1;1;1;4;1;1;4;1;1
3971;3048;265;0;2;1;1;1;1;1;2;2;1;1
3972;1907;265;0;3;1;2;1;1;1;1;2;2;1
3973;869;265;1;1;1;1;3;1;1;1;2;1;1
3974;2429;265;1;1;2;1;2;1;1;1;4;1;1
3975;2772;265;1;1;1;1;1;4;2;1;4;2;1
3976;2480;266;1;0;0;1;0;0;0;0;3;1;1
3977;164;266;0;0;0;0;4;0;0;0;2;3;1
3978;1383;266;1;0;0;0;0;3;0;0;5;3;1
3979;2274;266;1;0;0;0;0;4;0;0;5;4;2
3980;1750;266;0;0;0;0;3;0;0;0;2;3;1
3981;49;266;1;0;0;0;0;3;0;0;4;1;1
3982;2867;266;0;0;0;5;0;0;0;0;1;5;1
3983;701;266;1;0;0;0;0;0;0;2;3;1;1
3984;1180;266;1;0;0;0;0;2;0;0;4;2;2
3985;65;266;1;0;0;0;0;3;0;0;4;2;1
3986;2640;266;1;0;0;0;0;4;0;0;5;2;1
3987;1907;266;1;0;0;0;0;0;0;2;3;1;1
3988;105;266;1;0;0;0;0;4;0;0;5;1;1
3989;869;266;1;0;0;0;3;0;0;0;2;1;1
3990;3048;266;0;3;0;0;0;0;0;0;2;5;1
3991;65;267;0;0;3;4;4;0;0;0;2;3;2
3992;1383;267;1;0;0;0;0;5;0;0;5;3;3
3993;1380;267;1;0;0;0;0;5;0;0;5;4;3
3994;1625;267;0;0;0;0;0;0;0;5;3;1;1
3995;1159;267;1;0;0;0;0;3;0;4;3;1;2
3996;2603;267;0;0;0;0;0;0;3;4;3;2;2
3997;49;267;1;0;1;0;0;4;0;0;4;2;3
3998;2212;267;1;0;0;0;0;0;0;4;3;1;2
3999;164;267;0;0;0;2;4;0;0;0;1;2;3
4000;2480;267;0;0;0;4;0;0;0;0;2;1;2
4001;2640;267;1;0;0;0;0;0;0;5;3;1;2
4002;105;267;1;0;0;0;0;4;0;0;4;2;3
4003;869;267;1;0;0;0;0;3;0;3;4;2;2
4004;1907;267;0;0;0;2;0;0;0;4;3;2;2
4005;3048;267;0;0;0;2;0;0;3;3;3;2;2
4006;2212;268;1;0;0;0;0;3;0;0;4;2;1
4007;1625;268;0;0;1;0;1;0;0;0;2;3;4
4008;49;268;1;0;0;0;0;4;1;0;5;4;2
4009;1383;268;1;0;0;0;0;4;0;0;4;2;1
4010;2480;268;1;0;0;0;0;0;0;5;3;1;1
4011;2867;268;0;3;4;5;0;0;3;0;1;4;4
4012;1380;268;1;0;0;0;0;4;0;0;4;2;2
4013;164;268;0;4;2;2;5;0;0;0;1;2;2
4014;701;268;1;0;0;0;0;2;2;0;4;2;1
4015;2710;268;1;0;0;0;0;0;0;4;3;1;1
4016;2640;268;1;0;0;0;0;3;0;0;4;1;1
4017;1907;268;0;0;0;0;2;0;0;2;2;2;1
4018;869;268;1;0;2;0;3;2;0;0;3;2;2
4019;3048;268;1;0;0;0;0;0;3;0;3;2;1
4020;105;268;1;0;0;0;0;3;0;0;4;2;1
4021;2212;269;1;0;0;0;0;0;0;3;3;2;2
4022;1380;269;1;0;0;0;0;5;0;0;4;4;2
4023;701;269;1;0;0;0;0;0;0;3;3;3;2
4024;1750;269;1;0;0;0;0;0;0;4;2;1;1
4025;2867;269;1;0;0;0;0;0;0;4;3;2;4
4026;1159;269;1;0;0;0;0;0;0;2;2;2;1
4027;1625;269;0;0;0;0;0;0;0;4;3;2;1
4028;1180;269;1;0;0;0;0;0;0;3;3;2;3
4029;2603;269;1;0;0;0;0;2;0;0;3;4;3
4030;2274;269;0;0;0;1;0;0;0;0;2;1;1
4031;65;269;1;0;0;0;0;3;0;0;3;4;3
4032;164;269;1;0;0;0;2;0;0;0;2;2;3
4033;1383;269;1;0;0;0;0;4;0;0;4;4;3
4034;2480;269;1;0;0;0;0;0;0;3;3;3;3
4035;49;269;1;0;0;0;0;4;0;0;4;5;3
4036;1159;270;1;3;0;0;4;4;0;0;4;3;4
4037;1180;270;1;0;1;0;3;3;3;0;4;2;3
4038;701;270;1;1;0;0;4;3;2;0;4;4;2
4039;2867;270;1;0;0;1;0;0;3;2;2;1;3
4040;2212;270;1;0;0;0;2;4;0;0;3;2;3
4041;1750;270;1;0;3;0;4;2;0;0;2;2;4
4042;1625;270;1;0;1;0;3;1;0;0;2;3;2
4043;1380;270;1;0;0;0;1;3;0;0;3;3;3
4044;2603;270;1;0;1;0;3;4;0;0;4;3;2
4045;2274;270;1;2;1;0;1;3;0;0;2;1;2
4046;49;270;1;0;0;0;2;4;2;0;3;3;2
4047;2480;270;1;0;0;0;1;1;1;3;3;1;5
4048;1383;270;1;1;0;0;3;4;1;0;4;4;2
4049;65;270;1;0;0;0;1;2;0;0;2;2;4
4050;164;270;1;1;0;1;2;2;0;0;3;1;3
4051;2197;271;1;0;0;0;0;1;0;0;4;2;1
4052;2578;271;0;0;0;0;0;0;2;0;3;2;2
4053;2760;271;0;0;0;0;0;0;0;5;3;1;1
4054;2710;271;1;0;0;0;0;4;0;0;4;3;3
4055;2274;271;1;0;0;0;0;2;0;0;4;1;2
4056;2603;271;1;0;0;0;0;0;3;0;3;3;2
4057;1159;271;1;0;0;0;0;3;0;0;4;3;3
4058;1750;271;0;0;0;0;1;0;0;0;1;2;1
4059;1180;271;0;0;1;0;0;0;0;0;2;1;1
4060;65;271;0;0;1;0;0;0;0;0;1;1;1
4061;1380;271;1;0;0;0;0;5;0;0;4;4;3
4062;1625;271;0;0;0;0;1;0;0;0;1;1;1
4063;2212;271;0;0;0;0;0;0;0;1;1;2;2
4064;701;271;1;0;0;0;0;0;0;1;3;3;2
4065;2867;271;0;0;0;2;0;0;0;0;2;2;2
4066;2710;272;1;0;0;0;0;1;0;0;4;1;5
4067;1750;272;0;0;0;0;2;0;0;0;2;2;5
4068;2603;272;1;0;0;0;0;0;3;0;4;4;3
4069;1180;272;1;0;0;0;0;2;0;0;4;2;5
4070;1159;272;1;0;0;0;0;0;0;1;3;1;5
4071;65;272;1;0;1;0;0;0;0;0;4;3;3
4072;1380;272;1;0;0;0;0;4;0;0;5;3;3
4073;2212;272;1;0;1;0;0;0;0;0;3;2;2
4074;2867;272;1;0;0;0;0;3;0;0;5;3;5
4075;701;272;0;0;3;0;0;0;0;0;2;4;2
4076;1625;272;0;0;0;0;1;0;0;0;2;1;4
4077;49;272;1;0;0;0;0;3;0;0;5;2;5
4078;1383;272;1;0;0;0;0;5;0;0;5;4;5
4079;2480;272;0;0;0;0;0;0;0;1;3;1;5
4080;164;272;0;4;1;0;0;0;0;0;1;3;2
4081;308;273;1;0;0;0;0;0;0;5;3;3;3
4082;1516;273;1;0;0;0;0;3;0;2;3;4;3
4083;288;273;0;0;0;0;0;0;4;0;2;1;3
4084;2280;273;1;0;0;0;0;4;0;0;3;3;4
4085;719;273;1;0;0;0;0;0;0;3;3;1;3
4086;718;273;0;0;0;0;0;0;0;3;3;1;3
4087;140;273;0;0;0;4;0;0;0;0;2;1;4
4088;122;273;1;0;0;0;0;4;0;0;4;2;5
4089;1437;273;1;0;0;0;0;5;0;0;5;3;4
4090;2710;273;1;0;0;0;0;0;0;4;4;4;2
4091;2274;273;1;0;0;0;0;3;0;4;4;2;2
4092;1750;273;0;0;0;0;3;0;0;4;2;1;1
4093;1180;273;1;0;0;0;0;3;0;5;4;3;4
4094;1159;273;1;0;0;0;0;0;0;4;4;3;3
4095;2603;273;1;0;0;0;0;3;2;4;5;5;3
4096;286;274;1;0;2;0;0;4;2;0;5;4;3
4097;1875;274;1;0;1;3;0;5;4;0;5;3;3
4098;740;274;0;0;4;0;2;0;0;0;2;2;2
4099;2710;274;1;0;0;0;0;5;0;0;5;3;4
4100;1180;274;1;0;0;0;0;3;0;0;5;1;5
4101;2603;274;1;0;0;0;0;4;4;0;5;3;5
4102;2274;274;1;0;0;0;0;5;0;0;5;5;3
4103;1750;274;0;0;2;0;5;0;0;0;2;1;3
4104;1159;274;1;0;0;0;0;0;0;4;3;3;5
4105;65;274;1;0;1;0;0;3;0;0;4;2;3
4106;2867;274;0;0;4;5;0;0;3;0;3;3;2
4107;2212;274;1;0;0;0;0;2;0;3;3;1;4
4108;1380;274;1;0;0;0;0;5;0;0;5;4;3
4109;701;274;1;0;0;0;0;2;0;2;3;2;5
4110;1625;274;0;0;0;0;1;0;0;4;3;1;4
4111;1400;275;1;0;0;0;0;5;0;0;5;4;3
4112;176;275;1;0;0;0;0;0;0;5;3;1;2
4113;1963;275;1;0;0;0;0;0;0;5;3;1;2
4114;553;275;1;0;0;0;0;0;0;5;3;1;2
4115;1766;275;1;0;0;0;0;0;0;5;3;1;3
4116;843;275;1;0;0;0;0;3;0;0;4;2;2
4117;1582;275;1;0;0;0;0;5;0;0;5;2;3
4118;608;275;1;0;0;0;0;0;0;5;3;1;2
4119;2760;275;1;0;0;0;0;0;3;0;4;2;3
4120;2710;275;1;0;0;0;0;3;0;0;3;2;3
4121;2603;275;1;0;0;0;0;0;0;5;3;1;1
4122;1750;275;1;0;0;0;0;0;0;3;3;2;2
4123;2274;275;1;0;0;0;0;5;0;0;5;3;3
4124;1159;275;1;0;0;0;0;0;0;5;3;1;1
4125;1180;275;1;0;0;0;0;4;0;0;4;2;3
4126;663;276;1;0;0;0;0;5;0;0;5;1;1
4127;135;276;0;0;0;2;0;0;0;0;2;1;1
4128;795;276;1;0;0;0;0;5;0;0;5;4;5
4129;1303;276;0;0;0;0;5;0;0;0;1;5;2
4130;2997;276;1;0;0;0;5;0;0;0;1;1;1
4131;2628;276;1;0;0;0;0;5;0;0;5;1;5
4132;3053;276;0;0;0;0;5;0;0;0;1;2;2
4133;121;276;1;0;0;0;0;5;0;0;5;1;5
4134;2580;276;1;0;0;0;0;5;0;0;5;1;1
4135;192;276;1;0;0;0;0;5;0;0;5;4;5
4136;1400;276;1;0;0;0;0;5;0;0;5;1;5
4137;2578;276;1;0;0;0;0;0;0;1;4;2;1
4138;2760;276;0;0;0;0;0;0;0;1;1;5;1
4139;2197;276;1;0;0;0;0;5;0;0;5;1;5
4140;2710;276;1;0;0;0;0;5;0;0;5;1;5
4141;1875;277;0;0;0;0;3;0;0;0;1;2;2
4142;1963;277;1;0;0;0;5;0;0;0;2;3;2
4143;140;277;0;0;0;5;0;0;0;0;1;1;1
4144;843;277;0;0;4;0;0;0;0;0;3;2;2
4145;135;277;0;0;0;0;5;0;0;0;2;2;2
4146;608;277;1;0;0;0;0;5;0;0;4;4;4
4147;1582;277;0;0;0;0;0;0;0;3;2;1;2
4148;663;277;1;0;0;0;0;5;0;0;4;3;3
4149;1303;277;1;5;0;0;0;0;0;0;3;2;2
4150;795;277;0;0;1;0;0;0;0;0;2;2;2
4151;286;277;1;0;0;0;0;5;0;0;5;5;5
4152;2578;277;0;0;0;0;0;0;0;3;1;2;2
4153;2197;277;1;0;0;0;0;1;0;0;3;3;3
4154;1400;277;1;0;0;0;0;5;0;0;4;4;4
4155;2760;277;0;0;5;0;0;0;0;0;4;3;4
4156;1516;278;1;0;0;0;0;0;4;0;5;1;2
4157;1766;278;0;0;0;0;3;0;0;0;2;2;2
4158;140;278;0;0;4;0;0;0;0;0;1;4;3
4159;719;278;0;0;0;0;3;0;0;0;3;2;2
4160;121;278;1;0;0;0;0;4;0;0;4;2;4
4161;122;278;1;0;0;0;0;4;0;0;5;1;4
4162;663;278;1;0;0;0;0;0;3;0;5;2;1
4163;2580;278;1;0;0;0;0;4;0;0;4;1;4
4164;3053;278;0;0;0;0;3;0;0;0;2;2;1
4165;1582;278;1;0;0;0;0;0;0;3;4;1;2
4166;795;278;1;0;0;0;0;0;4;0;3;1;2
4167;2578;278;1;0;0;0;0;0;5;0;5;3;1
4168;1400;278;1;0;0;0;0;5;0;0;5;3;5
4169;2197;278;1;0;0;0;0;3;0;0;4;1;3
4170;2760;278;0;0;0;0;0;0;0;2;3;1;1
4171;192;279;1;0;0;0;0;0;0;5;3;2;1
4172;1303;279;0;4;4;0;2;0;0;0;3;3;4
4173;122;279;1;0;0;0;0;0;0;5;3;1;1
4174;2628;279;1;0;0;0;0;4;0;2;4;2;2
4175;286;279;1;0;2;0;0;0;3;0;4;3;3
4176;663;279;1;0;0;0;0;0;0;5;3;1;1
4177;2280;279;1;0;0;0;0;0;0;5;3;1;1
4178;2997;279;0;3;0;0;5;0;0;0;1;3;4
4179;608;279;1;0;0;0;0;0;0;5;3;1;1
4180;288;279;0;0;4;4;0;0;0;0;2;2;2
4181;308;279;0;0;0;0;0;5;0;0;4;2;2
4182;1400;279;1;0;0;0;0;5;1;0;5;3;2
4183;2197;279;1;0;0;0;0;3;0;0;4;1;2
4184;2578;279;1;0;0;0;0;0;0;5;3;1;1
4185;2760;279;0;0;2;0;0;0;3;0;3;2;3
4186;843;280;1;0;0;0;0;3;0;0;4;3;1
4187;2628;280;1;0;0;0;0;5;0;0;3;4;3
4188;1875;280;0;0;0;0;0;0;0;5;3;2;1
4189;2580;280;1;0;0;0;0;0;0;5;3;3;1
4190;2280;280;1;0;0;0;0;0;0;5;3;3;1
4191;135;280;0;0;0;4;0;0;0;0;3;1;1
4192;1766;280;0;0;0;0;2;0;0;0;1;1;1
4193;1582;280;1;0;0;0;0;0;0;5;3;3;1
4194;122;280;1;0;0;0;0;3;0;0;3;3;1
4195;608;280;1;0;0;0;0;2;0;0;3;2;1
4196;795;280;0;0;2;0;0;0;0;0;1;1;1
4197;1303;280;0;1;0;0;0;0;0;0;1;1;1
4198;140;280;0;0;0;3;0;0;0;0;2;3;2
4199;286;280;0;0;4;0;0;0;0;0;1;1;1
4200;663;280;1;0;0;0;0;0;0;5;1;1;1
4201;121;281;1;0;0;0;0;2;0;0;3;2;2
4202;1875;281;1;0;0;0;1;0;0;0;3;1;1
4203;1766;281;1;0;0;0;0;0;0;3;3;1;1
4204;2628;281;1;0;0;0;0;5;0;0;5;2;1
4205;2280;281;1;0;0;0;0;4;0;0;4;1;1
4206;135;281;1;0;0;0;4;0;0;0;2;2;1
4207;2580;281;1;0;0;0;0;3;0;0;5;2;1
4208;843;281;1;0;0;0;0;1;0;0;3;1;1
4209;286;281;1;0;0;0;0;1;0;0;3;1;1
4210;608;281;1;0;0;0;0;0;0;2;3;1;1
4211;1582;281;1;0;0;0;0;0;0;1;3;1;1
4212;122;281;1;0;0;0;0;0;0;1;3;1;1
4213;1303;281;1;0;2;0;0;0;0;0;2;1;1
4214;795;281;1;0;0;0;0;0;0;1;3;1;1
4215;140;281;1;0;1;0;0;0;0;0;3;1;1
4216;308;282;0;0;0;0;0;0;0;2;3;2;3
4217;288;282;0;0;0;0;4;0;0;0;1;1;1
4218;2997;282;0;0;0;0;0;4;0;0;4;3;3
4219;1516;282;1;0;0;0;0;5;0;0;5;4;4
4220;1963;282;1;0;0;0;0;0;4;0;3;4;4
4221;719;282;1;0;0;0;3;0;0;0;3;3;3
4222;192;282;1;0;0;0;0;0;4;0;4;4;4
4223;121;282;1;0;0;0;0;5;0;0;5;4;5
4224;2580;282;1;0;0;0;0;5;0;0;5;3;4
4225;1875;282;1;0;0;0;4;0;0;0;2;2;2
4226;2280;282;1;0;0;0;0;4;0;0;4;2;4
4227;135;282;0;0;0;0;3;0;0;0;1;1;1
4228;2628;282;1;0;0;0;0;4;0;0;4;3;4
4229;843;282;0;0;0;0;0;0;3;0;2;2;3
4230;1766;282;1;0;0;0;5;0;0;0;1;4;3
4231;1516;283;1;0;3;0;4;0;0;0;2;2;1
4232;719;283;1;0;0;0;0;0;0;4;3;1;4
4233;288;283;0;0;0;5;0;0;0;0;2;1;2
4234;2997;283;0;0;0;0;3;0;0;0;2;1;3
4235;192;283;1;0;0;0;0;0;3;0;4;3;3
4236;3053;283;1;0;0;0;0;0;0;4;3;1;5
4237;1963;283;1;0;0;0;5;0;0;0;1;4;4
4238;121;283;1;0;0;0;0;5;0;0;5;4;4
4239;2628;283;1;0;0;0;0;5;0;0;5;4;4
4240;135;283;0;0;3;1;0;0;0;0;2;3;2
4241;2280;283;1;0;0;0;0;4;0;0;4;3;5
4242;2580;283;1;0;0;0;0;5;0;0;5;3;4
4243;1875;283;0;0;0;0;2;0;0;0;3;2;3
4244;843;283;1;0;0;0;0;0;3;0;4;3;4
4245;1766;283;0;0;0;0;2;0;0;0;3;1;5
4246;3011;284;0;0;0;0;3;0;0;0;2;1;4
4247;1277;284;1;0;0;0;0;2;0;0;3;3;3
4248;553;284;1;0;0;0;0;4;0;0;5;1;5
4249;1437;284;1;0;0;0;0;5;0;0;5;1;4
4250;718;284;0;0;0;0;0;0;0;3;3;1;3
4251;176;284;1;0;0;0;0;0;0;3;3;1;3
4252;740;284;1;0;0;0;0;0;0;3;3;1;3
4253;308;284;0;3;0;0;0;0;0;0;2;1;3
4254;3053;284;1;0;0;0;2;0;0;0;2;1;3
4255;1516;284;1;0;0;0;0;3;0;0;4;1;3
4256;2997;284;0;0;0;0;4;0;0;0;2;1;2
4257;288;284;0;0;0;2;0;0;0;0;2;1;3
4258;1963;284;1;0;2;0;0;0;0;0;3;1;3
4259;192;284;1;0;0;0;0;0;0;3;4;4;5
4260;719;284;1;0;0;0;0;0;0;2;3;1;5
4261;783;285;1;0;0;0;0;0;0;5;3;3;3
4262;1466;285;1;0;3;0;0;4;5;0;3;4;5
4263;1540;285;1;0;3;0;4;0;0;0;2;3;3
4264;2542;285;0;3;0;0;0;0;0;0;2;2;2
4265;339;285;0;4;4;4;4;0;4;0;1;3;5
4266;2407;285;1;0;3;0;0;0;0;0;3;3;3
4267;3011;285;0;4;0;0;4;0;0;0;1;1;2
4268;1277;285;1;0;0;0;0;0;0;3;3;1;2
4269;718;285;1;0;0;0;0;0;0;4;3;2;4
4270;553;285;1;0;0;0;0;5;0;0;5;4;4
4271;176;285;1;0;0;0;0;3;0;0;4;3;3
4272;1437;285;1;0;0;0;0;5;0;0;5;4;4
4273;740;285;1;0;0;0;5;0;0;0;1;1;2
4274;3053;285;0;0;0;0;5;0;0;0;1;1;1
4275;308;285;0;0;0;0;0;0;0;4;3;2;3
4276;1760;286;0;0;0;0;5;0;0;0;1;2;4
4277;1053;286;1;0;0;0;0;4;0;0;5;4;3
4278;1466;286;1;0;0;0;0;2;0;0;4;3;3
4279;2542;286;0;0;0;0;0;0;0;4;3;1;1
4280;2407;286;1;0;0;0;3;3;0;0;4;3;3
4281;783;286;1;0;0;0;0;2;0;3;4;3;2
4282;1540;286;1;0;2;0;0;0;0;3;2;2;3
4283;339;286;0;4;0;0;5;0;0;0;1;4;4
4284;3011;286;0;0;0;0;5;0;0;0;1;4;4
4285;1277;286;0;0;0;0;0;0;0;4;5;1;3
4286;718;286;1;0;0;0;0;0;0;4;3;1;2
4287;1437;286;1;0;0;0;0;5;0;0;5;4;4
4288;553;286;1;0;0;0;0;4;0;0;4;4;4
4289;176;286;1;0;0;0;0;2;0;4;4;3;3
4290;740;286;0;0;0;0;2;0;0;0;2;1;3
4291;1760;287;0;0;0;0;0;0;0;4;2;3;1
4292;1053;287;1;0;0;0;0;0;0;4;4;1;1
4293;1466;287;1;0;0;0;0;0;0;4;3;1;1
4294;1540;287;0;0;0;0;0;0;0;4;2;1;1
4295;339;287;0;0;0;0;0;0;0;4;3;1;1
4296;2542;287;0;0;0;0;0;0;0;5;3;1;1
4297;2407;287;0;0;0;0;0;0;0;4;2;1;1
4298;783;287;0;0;0;0;0;0;0;4;3;1;1
4299;1277;287;1;0;0;0;0;1;0;3;4;1;2
4300;3011;287;0;0;0;0;2;0;0;0;1;2;2
4301;553;287;1;0;0;0;0;0;0;4;4;1;1
4302;1437;287;1;0;0;0;0;0;0;4;3;1;1
4303;176;287;1;0;0;0;0;0;0;4;3;1;1
4304;718;287;1;0;0;0;0;0;0;4;4;1;1
4305;740;287;0;0;0;0;0;0;0;4;3;1;1
4306;1053;288;1;0;0;0;0;4;0;0;4;3;1
4307;1760;288;0;0;0;0;5;0;0;0;1;1;2
4308;2407;288;1;0;0;0;0;0;3;0;3;3;1
4309;339;288;0;4;0;0;0;0;0;0;2;1;2
4310;1540;288;1;0;0;0;0;0;2;0;3;2;1
4311;2542;288;0;0;0;0;0;0;0;1;3;1;1
4312;783;288;0;0;0;0;2;0;0;0;2;1;1
4313;1466;288;1;0;1;0;0;0;0;0;3;2;2
4314;1277;288;1;0;0;0;0;3;0;0;4;3;2
4315;3011;288;0;0;0;0;5;0;0;0;1;1;3
4316;176;288;1;0;0;0;0;3;0;0;3;1;1
4317;553;288;1;0;0;0;0;4;0;0;4;3;3
4318;1437;288;1;0;0;0;0;5;0;0;5;4;4
4319;740;288;0;0;0;0;5;0;0;0;1;1;3
4320;718;288;0;0;3;0;0;0;0;0;2;2;3
4321;2090;289;1;0;0;0;0;5;0;0;3;1;3
4322;2554;289;1;0;0;0;0;5;0;0;3;1;3
4323;13;289;0;0;3;0;0;0;0;0;3;1;3
4324;325;289;0;0;0;0;3;0;0;0;3;1;3
4325;1528;289;1;0;0;0;0;0;0;5;3;1;3
4326;860;289;0;0;0;0;5;0;0;0;3;1;3
4327;134;289;0;0;0;0;5;0;0;0;3;1;3
4328;1760;289;0;0;0;0;5;0;0;0;3;1;3
4329;1053;289;1;0;0;0;0;3;0;0;3;1;3
4330;783;289;0;0;0;0;2;0;0;0;3;1;3
4331;2542;289;0;0;0;0;0;0;0;5;3;1;3
4332;2407;289;1;0;0;0;0;0;0;5;3;1;3
4333;1466;289;1;0;3;0;0;0;0;0;3;1;3
4334;339;289;0;0;0;5;0;0;0;0;3;1;3
4335;1540;289;0;0;0;0;5;0;0;0;3;1;3
4336;375;290;1;0;2;0;0;0;3;0;3;3;5
4337;1344;290;1;0;0;0;0;4;0;0;5;4;5
4338;314;290;1;0;0;0;0;4;3;0;4;3;5
4339;727;290;1;0;0;0;0;0;0;5;3;1;5
4340;2967;290;1;0;0;0;0;2;0;3;3;2;4
4341;555;290;1;0;0;0;0;4;0;0;4;2;5
4342;13;290;1;0;1;0;0;0;3;0;3;3;4
4343;1528;290;1;0;2;0;0;3;0;0;4;4;4
4344;2090;290;1;0;0;0;0;4;0;0;4;2;5
4345;325;290;1;0;3;2;0;0;3;0;2;4;3
4346;134;290;0;0;0;3;4;0;3;0;1;3;2
4347;2554;290;1;0;0;0;0;4;2;0;4;2;5
4348;860;290;1;0;0;0;4;0;0;0;2;2;5
4349;1053;290;1;0;0;0;0;5;0;0;5;4;5
4350;1760;290;1;0;0;0;4;0;0;0;2;2;4
4351;2952;291;1;0;1;0;2;4;3;0;4;3;4
4352;533;291;1;0;2;0;0;5;0;0;5;4;2
4353;314;291;0;0;4;0;2;2;3;0;2;4;2
4354;1344;291;1;1;0;0;0;4;2;0;4;2;3
4355;2967;291;1;0;0;1;1;3;0;0;3;2;2
4356;375;291;0;1;3;1;2;2;4;0;2;3;1
4357;727;291;1;0;0;0;2;2;0;0;2;2;4
4358;555;291;1;0;0;0;2;5;3;0;5;4;3
4359;1528;291;1;0;1;0;0;4;2;0;4;4;2
4360;860;291;0;2;1;0;3;3;0;0;3;3;2
4361;13;291;0;0;3;1;0;0;4;0;2;4;2
4362;325;291;1;2;1;0;3;3;0;0;3;3;3
4363;2090;291;1;0;1;0;0;5;0;0;5;3;2
4364;134;291;0;4;0;2;4;0;1;0;1;4;1
4365;2554;291;0;0;0;0;2;3;0;3;3;2;3
4366;2952;292;1;0;0;0;0;1;0;0;3;3;3
4367;533;292;1;0;0;0;0;3;0;0;5;1;4
4368;2967;292;1;0;0;0;0;3;0;0;5;3;3
4369;727;292;1;0;0;0;0;4;0;0;5;3;4
4370;1344;292;1;0;0;0;0;5;0;0;5;5;5
4371;314;292;1;0;0;0;0;5;0;0;5;5;5
4372;375;292;0;0;3;0;5;0;0;0;1;5;5
4373;555;292;1;0;0;0;0;3;0;0;3;2;3
4374;2090;292;1;0;0;0;0;4;0;0;5;4;4
4375;13;292;0;0;5;0;0;0;0;0;1;5;5
4376;860;292;0;0;0;0;5;0;0;0;1;5;5
4377;2554;292;1;0;0;0;0;5;0;0;5;4;4
4378;134;292;0;0;0;0;5;0;0;0;1;5;5
4379;325;292;0;5;0;0;0;0;0;0;1;5;5
4380;1528;292;1;0;0;0;0;0;0;3;3;3;3
4381;533;293;0;0;0;5;0;0;0;0;1;2;4
4382;2952;293;1;0;0;0;0;5;0;0;5;2;4
4383;727;293;0;0;0;0;3;0;0;0;2;3;3
4384;2967;293;1;0;0;0;0;0;4;0;4;2;3
4385;314;293;0;0;0;0;0;0;0;3;3;1;1
4386;375;293;1;0;5;0;0;0;0;0;4;4;5
4387;1344;293;1;0;0;0;0;4;0;0;5;3;4
4388;555;293;1;0;0;0;0;4;0;0;5;2;4
4389;1528;293;1;0;0;0;0;5;0;0;5;3;5
4390;325;293;1;0;5;0;0;0;0;0;2;3;5
4391;2554;293;1;0;0;0;0;4;0;0;5;2;4
4392;2090;293;1;0;0;0;0;4;0;0;4;1;3
4393;13;293;0;0;0;5;0;0;0;0;1;4;5
4394;860;293;0;0;0;0;0;0;0;2;2;2;2
4395;134;293;0;0;0;0;5;0;0;0;2;2;4
4396;2431;294;1;0;0;0;3;0;0;0;3;2;2
4397;1794;294;0;0;0;0;4;0;0;0;2;1;1
4398;2025;294;0;0;0;0;4;0;0;0;2;1;1
4399;3061;294;0;0;0;0;0;0;0;3;1;1;1
4400;285;294;1;0;0;0;0;4;0;0;4;4;4
4401;2929;294;1;0;2;0;0;4;4;0;4;4;4
4402;2616;294;1;0;0;0;0;5;0;0;3;3;3
4403;533;294;1;0;0;0;0;0;0;4;2;1;1
4404;2952;294;1;0;0;0;0;0;2;0;2;1;2
4405;1344;294;1;0;0;0;0;4;3;0;3;3;2
4406;727;294;0;0;2;0;3;0;0;0;1;1;1
4407;375;294;0;0;5;0;2;0;0;0;3;1;1
4408;314;294;1;0;0;0;0;4;3;0;3;2;3
4409;555;294;1;0;0;0;4;0;0;0;4;1;1
4410;2967;294;0;0;0;0;4;0;0;0;3;1;1
4411;1101;295;1;0;0;0;0;5;3;0;4;3;3
4412;510;295;0;0;2;1;0;0;4;0;3;2;1
4413;2672;295;1;0;2;1;5;0;0;0;2;2;2
4414;1381;295;1;0;0;0;0;5;0;0;5;2;1
4415;1336;295;0;0;0;0;0;2;0;0;4;1;1
4416;2128;295;1;0;0;0;0;5;0;0;5;2;1
4417;285;295;0;0;3;1;0;0;0;0;3;1;1
4418;3061;295;1;0;0;0;0;0;0;5;3;1;1
4419;2616;295;1;0;0;0;4;3;0;0;2;3;2
4420;2025;295;0;0;0;0;1;0;0;0;3;1;1
4421;1794;295;1;0;0;0;4;0;0;0;3;2;1
4422;2431;295;1;0;0;0;5;4;0;0;2;3;3
4423;2929;295;1;0;0;0;0;1;0;5;3;1;1
4424;2952;295;1;0;0;0;0;3;0;0;4;1;1
4425;533;295;1;0;0;2;0;0;0;0;3;1;1
4426;3040;296;1;0;0;0;0;0;0;1;3;1;5
4427;2140;296;1;0;0;0;0;2;0;0;4;4;5
4428;2672;296;1;0;0;0;0;2;0;0;3;3;5
4429;1336;296;1;0;0;0;0;0;0;2;3;2;4
4430;1381;296;1;0;0;0;0;4;0;0;4;3;4
4431;510;296;1;0;0;0;0;0;4;0;4;4;4
4432;1101;296;1;0;0;0;0;0;0;1;3;2;5
4433;2128;296;1;0;0;0;0;4;0;0;4;4;4
4434;1794;296;1;0;0;0;2;0;0;0;2;3;4
4435;2431;296;1;0;0;0;0;4;0;0;4;4;5
4436;3061;296;1;0;0;0;0;2;0;0;3;3;5
4437;2616;296;1;0;0;0;0;5;0;0;5;5;4
4438;285;296;1;0;0;0;0;2;0;0;4;3;5
4439;2025;296;1;0;0;0;1;0;0;0;3;2;5
4440;2929;296;1;0;0;0;0;3;0;0;3;3;5
4441;2140;297;1;0;0;0;0;2;0;0;4;1;3
4442;3040;297;1;0;0;0;0;1;0;5;3;2;3
4443;510;297;1;0;0;0;0;3;0;0;4;3;3
4444;2128;297;1;0;0;0;0;1;0;3;4;1;3
4445;2672;297;0;0;0;2;0;0;0;1;3;1;3
4446;1336;297;1;0;0;0;0;4;0;0;4;2;3
4447;1381;297;1;0;0;0;1;2;0;0;3;1;3
4448;1101;297;1;0;0;0;0;1;0;2;4;1;3
4449;1794;297;1;0;0;0;1;0;1;0;2;2;2
4450;3061;297;1;0;0;0;1;0;0;0;2;1;2
4451;2431;297;1;0;0;0;0;0;0;3;3;1;3
4452;2616;297;1;0;0;0;0;2;0;0;4;1;3
4453;2025;297;0;0;0;0;1;0;0;2;2;1;3
4454;2929;297;1;0;0;0;0;0;0;2;4;1;3
4455;285;297;1;0;0;0;0;3;1;0;4;2;3
4456;2140;298;0;0;0;0;0;0;1;3;3;2;1
4457;3040;298;0;0;0;0;0;0;0;3;3;1;1
4458;1381;298;1;0;0;0;0;4;0;0;5;2;2
4459;1336;298;1;0;0;0;0;3;0;3;4;1;1
4460;1101;298;1;0;0;0;0;1;0;3;4;1;1
4461;2672;298;1;0;0;0;0;0;2;0;3;1;1
4462;2128;298;1;0;0;0;0;1;0;2;4;1;1
4463;510;298;1;0;0;0;0;1;3;0;4;2;1
4464;2929;298;1;0;0;0;0;3;0;0;4;1;1
4465;1794;298;0;0;0;0;2;0;0;0;2;1;1
4466;2025;298;0;0;0;0;1;0;0;2;3;1;1
4467;2431;298;1;0;0;0;0;0;0;3;3;1;1
4468;3061;298;1;0;0;0;0;0;0;3;3;1;1
4469;2616;298;1;0;0;0;0;0;0;3;3;1;1
4470;285;298;1;0;0;0;0;0;2;3;3;1;1
4471;1072;299;1;0;0;0;0;3;0;0;4;3;3
4472;2969;299;1;0;0;0;0;0;0;4;3;1;1
4473;1597;299;1;0;0;0;3;0;0;0;2;1;2
4474;1592;299;1;0;0;0;0;0;0;4;5;3;2
4475;1113;299;1;0;0;0;0;5;0;0;5;3;3
4476;368;299;0;0;5;0;0;0;0;0;1;5;4
4477;540;299;1;0;0;0;0;5;0;0;5;4;4
4478;2140;299;1;0;0;0;0;5;0;0;5;5;4
4479;3040;299;0;0;0;0;0;0;0;3;2;3;2
4480;2672;299;0;0;0;0;5;0;0;0;2;3;3
4481;1101;299;1;0;0;0;0;0;0;4;3;3;3
4482;2128;299;1;0;0;0;0;5;5;0;5;5;3
4483;510;299;1;0;0;0;0;0;0;3;3;3;3
4484;1336;299;1;0;0;0;0;5;0;0;5;4;3
4485;1381;299;1;0;0;0;0;0;0;5;3;3;3
4486;2899;300;0;0;3;4;0;0;5;0;2;4;3
4487;2343;300;1;0;0;0;0;3;3;0;4;2;2
4488;1016;300;1;0;3;2;0;0;0;0;2;3;3
4489;1189;300;1;0;0;0;0;2;3;4;3;3;3
4490;1920;300;0;0;0;0;0;0;2;5;2;1;2
4491;1449;300;1;0;0;0;0;4;2;0;4;4;4
4492;1592;300;1;0;0;0;0;4;0;0;5;4;1
4493;368;300;0;1;2;4;0;0;0;0;1;5;4
4494;1113;300;1;0;0;0;0;3;0;3;3;1;1
4495;2969;300;1;0;0;0;0;3;0;0;4;3;2
4496;540;300;1;0;0;0;0;4;3;0;5;3;3
4497;1072;300;0;0;0;2;0;0;0;0;2;1;1
4498;1597;300;0;1;0;2;0;0;0;0;2;2;2
4499;3040;300;0;0;1;2;0;2;0;0;3;2;1
4500;2140;300;0;5;4;5;0;0;0;0;1;5;4
4501;2978;301;1;0;0;0;1;0;0;0;1;1;1
4502;315;301;0;0;0;0;0;0;0;5;3;2;1
4503;2343;301;0;0;0;0;0;0;0;4;1;1;1
4504;1189;301;0;0;0;0;0;4;0;0;1;1;1
4505;2899;301;0;0;0;3;0;0;0;0;2;1;2
4506;1449;301;1;0;0;0;0;0;4;0;3;3;2
4507;1016;301;1;0;4;0;0;0;0;0;1;3;3
4508;1920;301;0;0;0;0;0;0;0;4;1;1;1
4509;2969;301;1;0;0;0;0;3;0;0;4;3;3
4510;368;301;0;0;0;5;0;0;0;0;1;1;1
4511;1597;301;1;0;0;0;0;0;0;5;3;3;3
4512;1592;301;0;0;0;0;0;0;0;3;1;1;1
4513;1072;301;0;0;0;4;0;0;0;0;1;1;1
4514;540;301;1;0;0;0;0;5;0;0;5;4;3
4515;1113;301;1;0;0;0;0;3;0;0;4;3;4
4516;315;302;0;5;0;0;5;0;0;0;1;5;1
4517;2978;302;1;0;0;0;4;0;0;0;1;4;2
4518;2343;302;1;0;0;0;3;5;0;0;4;3;3
4519;2899;302;0;0;0;5;0;0;0;0;3;2;3
4520;1449;302;0;0;0;0;0;0;0;4;3;3;3
4521;1016;302;0;0;3;0;0;0;3;0;3;3;2
4522;1920;302;1;0;0;0;0;0;0;1;3;3;3
4523;1189;302;1;0;0;0;0;4;0;0;3;3;3
4524;1113;302;1;0;0;0;0;5;0;0;4;3;3
4525;1072;302;1;0;0;0;0;0;0;1;3;3;3
4526;540;302;1;0;0;0;5;5;0;0;4;4;3
4527;1597;302;0;0;4;5;4;0;0;0;2;3;2
4528;1592;302;1;0;0;0;0;0;0;1;3;3;3
4529;2969;302;1;0;0;0;0;0;4;0;3;4;3
4530;368;302;0;0;0;5;0;0;0;0;2;2;4
4531;2978;303;1;0;0;0;2;0;0;0;2;2;1
4532;315;303;1;0;2;0;0;0;2;0;3;5;2
4533;2343;303;1;0;0;0;0;5;4;0;5;5;3
4534;1449;303;1;0;0;0;0;5;4;0;2;4;1
4535;2899;303;1;0;4;0;0;0;0;0;2;1;1
4536;1016;303;0;0;5;4;0;0;3;0;2;4;1
4537;1189;303;0;0;0;0;0;0;2;0;2;1;3
4538;1920;303;1;0;0;3;2;0;0;0;3;4;3
4539;2969;303;1;0;0;0;0;4;4;0;5;4;2
4540;1072;303;1;0;0;0;0;0;2;0;3;4;2
4541;1592;303;1;0;0;0;0;5;5;0;4;4;4
4542;368;303;0;0;0;5;0;0;0;0;1;1;1
4543;1113;303;1;0;0;0;0;5;2;0;5;5;4
4544;540;303;1;0;0;0;0;5;2;0;4;5;2
4545;1597;303;0;0;4;0;0;0;0;0;2;4;2
4546;1811;304;1;4;0;0;0;2;0;0;4;1;2
4547;1868;304;1;0;0;0;0;0;0;4;3;4;4
4548;1701;304;1;0;0;0;0;0;0;5;5;1;1
4549;351;304;0;0;5;0;0;0;0;0;1;1;1
4550;69;304;0;0;0;0;0;0;0;5;4;1;1
4551;2974;304;1;0;0;0;0;2;0;0;5;2;2
4552;1571;304;1;0;0;0;0;0;0;5;5;5;5
4553;2978;304;1;0;0;0;0;0;0;5;3;3;3
4554;315;304;1;0;0;0;0;0;2;0;4;4;4
4555;2343;304;0;0;0;0;0;0;0;1;1;1;1
4556;1449;304;1;0;0;0;0;0;0;3;3;3;3
4557;2899;304;1;0;0;0;0;2;0;0;5;5;5
4558;1189;304;0;4;0;0;0;0;0;0;1;1;1
4559;1920;304;0;0;0;0;0;0;0;2;3;3;3
4560;1016;304;1;0;0;0;0;5;0;0;5;5;5
4561;1990;305;0;0;0;0;4;0;0;0;2;2;4
4562;1823;305;0;1;0;0;0;0;0;4;3;3;3
4563;2623;305;0;0;0;0;0;0;3;0;4;3;4
4564;59;305;1;0;0;0;0;4;0;0;4;4;5
4565;1995;305;1;0;0;0;0;0;3;3;3;3;3
4566;562;305;1;0;0;0;0;5;4;0;5;5;5
4567;357;305;0;0;3;2;3;0;0;0;2;2;2
4568;315;305;1;0;4;0;0;0;3;0;3;2;2
4569;2978;305;1;0;0;0;0;0;0;3;3;3;3
4570;2343;305;1;0;0;0;0;4;5;0;5;5;5
4571;2899;305;0;0;0;3;0;0;3;0;3;3;5
4572;1189;305;1;0;0;0;0;5;0;3;5;5;5
4573;1449;305;1;0;1;0;0;0;4;0;3;4;1
4574;1920;305;0;0;0;0;0;0;0;3;3;3;3
4575;1016;305;0;0;3;0;0;0;3;0;2;1;2
4576;2686;306;1;0;0;0;0;1;0;3;5;2;3
4577;1221;306;0;0;0;0;0;2;2;3;3;2;2
4578;455;306;1;0;0;0;0;4;2;0;5;4;3
4579;1116;306;1;0;0;0;0;2;0;2;3;2;4
4580;1611;306;1;0;0;0;0;3;1;0;4;3;3
4581;975;306;0;4;0;2;3;0;0;0;2;2;2
4582;1481;306;1;0;2;0;0;0;2;0;3;2;2
4583;315;306;0;0;2;0;2;0;4;0;2;2;1
4584;2978;306;0;1;0;0;4;0;0;0;1;3;2
4585;1189;306;1;0;0;0;0;0;4;0;3;2;3
4586;1016;306;0;0;4;2;0;0;2;0;3;4;2
4587;1449;306;1;0;2;0;0;0;2;0;4;4;3
4588;2899;306;1;0;0;2;1;0;1;0;3;3;4
4589;1920;306;1;0;0;0;0;3;1;0;4;2;4
4590;2343;306;1;0;0;0;2;4;0;0;4;3;2
4591;1498;307;1;3;0;0;4;0;0;0;2;4;5
4592;2623;307;1;0;0;0;0;4;4;0;5;5;3
4593;2974;307;1;0;0;0;5;0;0;0;1;5;5
4594;1701;307;1;0;0;0;0;0;0;5;5;2;2
4595;69;307;1;0;0;0;0;5;0;0;5;5;5
4596;1995;307;1;0;0;0;0;0;0;5;3;3;3
4597;562;307;1;0;0;0;0;5;0;0;5;5;2
4598;1823;307;1;0;0;0;0;3;0;0;4;2;2
4599;1990;307;0;0;4;0;5;0;0;0;1;2;5
4600;351;307;0;4;3;0;5;0;0;0;1;5;5
4601;1868;307;0;0;4;5;0;0;0;0;1;2;2
4602;59;307;1;0;0;0;0;0;0;5;3;3;3
4603;357;307;0;0;4;0;0;0;4;0;3;1;3
4604;1811;307;1;0;0;0;0;5;0;0;5;2;2
4605;1571;307;1;0;0;0;0;3;0;0;5;2;2
4606;351;308;0;5;2;1;2;0;0;0;2;4;4
4607;1611;308;1;0;0;0;0;3;0;3;3;1;1
4608;1701;308;1;0;0;0;0;5;0;0;4;3;3
4609;1811;308;0;0;0;0;0;0;3;0;3;1;2
4610;1571;308;1;0;0;0;0;4;4;0;5;2;3
4611;975;308;0;0;0;0;0;0;0;5;3;2;1
4612;1116;308;1;0;0;0;0;5;0;0;3;2;2
4613;69;308;1;0;0;0;0;5;0;0;5;2;4
4614;357;308;0;0;0;0;0;0;0;3;3;2;1
4615;2686;308;1;0;0;0;0;3;5;0;4;3;3
4616;2623;308;1;0;0;0;0;0;5;0;3;3;3
4617;1995;308;1;0;0;0;0;4;0;0;3;2;3
4618;1823;308;1;0;0;0;0;4;0;0;3;2;3
4619;2974;308;1;0;0;0;2;5;0;0;4;3;4
4620;1990;308;1;0;0;0;0;0;0;5;3;2;3
4621;2686;309;1;0;0;0;0;0;0;5;3;4;5
4622;59;309;1;0;4;0;0;0;0;0;2;1;4
4623;1611;309;1;0;0;0;0;4;0;0;5;3;2
4624;1116;309;1;0;0;0;0;0;0;5;3;1;4
4625;1990;309;0;0;4;0;5;0;0;0;1;1;1
4626;1811;309;0;0;0;0;0;0;0;5;3;1;1
4627;1701;309;1;0;0;0;0;0;0;5;4;2;4
4628;1571;309;1;0;0;0;0;5;0;0;5;4;2
4629;1995;309;1;0;0;0;0;0;0;5;2;2;2
4630;351;309;0;5;0;0;5;0;4;0;1;1;1
4631;2974;309;1;0;0;0;0;4;0;0;4;2;4
4632;1823;309;1;0;0;0;0;0;0;5;3;2;1
4633;2623;309;1;0;0;0;0;0;0;5;3;2;3
4634;357;309;0;0;0;0;0;0;5;0;3;1;3
4635;69;309;1;0;0;0;0;5;0;0;4;3;5
4636;59;310;1;0;0;0;0;0;3;0;4;1;3
4637;1116;310;0;0;0;0;0;0;0;5;2;3;3
4638;2686;310;1;0;0;0;0;4;0;0;5;4;2
4639;562;310;1;0;0;0;0;4;0;0;4;2;4
4640;1823;310;1;0;0;0;0;0;0;1;4;1;4
4641;351;310;0;3;0;3;5;0;5;0;1;2;1
4642;1995;310;1;0;0;0;0;0;0;1;3;1;3
4643;2974;310;1;0;0;0;2;4;0;0;4;4;3
4644;1811;310;0;0;0;0;0;3;2;0;4;2;3
4645;1990;310;1;0;0;0;3;3;0;0;3;1;3
4646;1571;310;1;0;0;0;0;0;2;0;4;1;2
4647;1701;310;1;0;0;0;0;4;0;0;4;3;4
4648;69;310;1;0;0;0;0;4;3;0;5;3;2
4649;2623;310;1;0;0;0;0;0;4;0;4;2;2
4650;357;310;0;0;0;0;0;0;5;0;3;3;3
4651;1116;311;0;0;0;0;0;0;0;3;3;1;1
4652;2686;311;1;0;1;0;2;0;0;0;3;3;3
4653;562;311;1;0;0;0;0;3;0;0;4;3;3
4654;1868;311;1;0;0;3;0;0;0;0;3;2;3
4655;1823;311;0;0;0;0;0;0;0;3;3;1;1
4656;357;311;1;0;2;0;0;0;0;0;3;4;3
4657;1811;311;0;2;0;3;0;0;0;0;3;4;2
4658;1995;311;1;0;0;0;0;3;0;0;4;5;2
4659;69;311;1;0;0;0;0;4;0;0;5;3;3
4660;2974;311;0;0;0;3;3;0;0;0;2;3;2
4661;1701;311;1;0;0;0;0;4;0;0;4;3;3
4662;1990;311;1;0;1;0;3;0;0;0;2;2;2
4663;1571;311;1;0;0;0;0;0;0;3;3;1;2
4664;2623;311;0;2;0;0;0;0;0;0;2;3;2
4665;351;311;0;0;0;4;0;0;0;0;2;2;1
4666;1541;312;0;0;2;0;4;0;0;0;3;1;3
4667;385;312;0;0;5;5;5;0;0;0;1;3;1
4668;1198;312;1;0;0;0;0;4;0;0;5;2;3
4669;1158;312;1;0;0;0;0;0;4;3;5;2;3
4670;1481;312;0;0;3;0;4;0;0;0;2;2;2
4671;455;312;1;0;0;0;0;4;0;0;5;3;3
4672;1221;312;1;0;0;0;0;4;0;0;5;2;3
4673;1498;312;0;2;3;0;0;0;0;0;2;4;2
4674;1868;312;0;0;2;4;0;0;0;0;2;2;3
4675;975;312;1;0;0;0;0;0;0;4;3;1;3
4676;562;312;1;0;0;0;0;4;2;0;4;3;3
4677;1611;312;1;0;0;0;0;2;0;4;4;2;3
4678;1116;312;1;0;0;0;0;2;3;0;3;2;3
4679;2686;312;1;0;0;0;3;0;3;0;3;3;2
4680;59;312;0;0;4;5;0;0;0;0;1;5;1
4681;1206;313;1;0;0;0;1;4;0;0;4;2;3
4682;195;313;1;0;1;0;0;4;0;0;4;4;2
4683;338;313;1;1;2;2;2;0;0;0;2;2;2
4684;984;313;1;0;0;0;0;2;3;0;3;3;3
4685;1198;313;1;0;0;0;0;4;0;0;4;1;3
4686;385;313;1;0;3;0;2;0;1;0;2;3;2
4687;1158;313;1;0;0;0;0;2;3;0;4;2;3
4688;1541;313;1;0;0;0;0;0;0;5;3;1;3
4689;1481;313;1;0;2;0;0;0;0;0;2;4;2
4690;1221;313;1;0;0;0;0;4;0;0;4;1;3
4691;455;313;1;0;0;0;0;5;0;0;5;4;3
4692;1498;313;1;0;3;0;0;0;0;0;2;3;3
4693;975;313;1;0;0;1;1;0;0;1;2;2;2
4694;1868;313;1;0;1;4;0;0;0;0;2;2;2
4695;1611;313;1;0;0;0;0;1;0;0;3;3;3
4696;633;314;1;0;0;0;0;0;0;5;3;2;4
4697;3069;314;1;0;0;0;0;0;3;0;4;3;4
4698;1369;314;1;0;0;0;0;4;0;0;5;3;4
4699;1781;314;1;0;3;0;4;0;0;0;2;1;2
4700;385;314;1;0;5;0;3;0;0;0;1;5;1
4701;1541;314;1;0;0;0;0;1;2;4;4;1;5
4702;1198;314;1;0;0;0;0;4;0;0;5;2;3
4703;1158;314;1;0;0;0;0;2;3;3;3;3;3
4704;1221;314;1;0;0;0;0;3;0;2;5;2;4
4705;1498;314;1;0;3;0;0;2;0;0;3;5;3
4706;455;314;1;0;0;0;0;3;0;2;4;2;4
4707;1481;314;1;0;0;0;0;3;0;4;3;2;3
4708;975;314;0;2;0;4;4;0;0;0;1;2;4
4709;1611;314;1;0;0;0;0;4;0;0;5;4;5
4710;1868;314;1;0;0;0;0;0;3;3;4;2;5
4711;1781;315;0;0;0;0;4;0;0;0;1;1;1
4712;3069;315;0;0;4;0;0;0;0;0;2;4;3
4713;984;315;1;0;0;0;0;0;0;3;3;3;3
4714;338;315;0;4;0;0;0;0;0;0;2;3;1
4715;1369;315;1;0;0;0;0;4;0;0;4;1;3
4716;633;315;1;0;0;0;0;0;0;3;3;3;3
4717;1206;315;1;0;0;0;0;5;0;0;5;3;5
4718;385;315;0;0;5;0;0;0;0;0;1;5;4
4719;1541;315;1;0;0;0;0;0;0;5;3;3;3
4720;1198;315;1;0;0;0;0;5;0;0;5;2;3
4721;1158;315;1;0;0;0;0;3;0;0;4;3;3
4722;1498;315;0;5;0;0;0;0;0;0;2;4;2
4723;1481;315;0;0;3;0;0;0;0;0;3;4;2
4724;1221;315;1;0;0;0;0;5;0;0;5;2;5
4725;455;315;1;0;0;0;0;5;0;0;5;4;5
4726;1367;316;1;0;0;0;0;4;0;0;4;3;2
4727;143;316;0;0;0;1;5;0;5;0;1;1;3
4728;859;316;1;0;0;0;0;0;0;5;3;1;4
4729;195;316;1;0;0;0;0;0;4;3;4;2;3
4730;1206;316;1;0;0;0;0;4;0;0;5;3;4
4731;1369;316;1;0;0;0;0;5;0;0;5;4;4
4732;633;316;1;0;0;0;0;0;0;4;3;1;3
4733;1781;316;0;0;0;0;4;0;0;0;1;1;2
4734;338;316;0;4;4;0;4;0;0;0;1;1;2
4735;3069;316;0;0;3;0;0;0;4;0;3;1;2
4736;984;316;0;0;0;0;0;0;0;5;3;1;1
4737;1198;316;1;0;0;0;0;4;0;0;5;1;2
4738;385;316;0;0;4;0;5;0;0;0;1;1;1
4739;1541;316;0;0;0;0;0;0;0;5;3;1;1
4740;1158;316;1;0;0;0;0;0;0;5;3;1;2
4741;1964;317;1;0;0;0;0;0;0;4;3;2;3
4742;2176;317;1;0;0;0;0;4;4;0;4;4;3
4743;2106;317;1;0;0;0;0;4;3;0;4;3;3
4744;195;317;1;0;0;0;0;5;4;0;5;4;4
4745;1781;317;1;0;0;0;0;0;2;4;2;1;3
4746;984;317;0;0;1;0;0;0;3;3;2;3;3
4747;3069;317;0;0;0;0;0;0;2;4;3;1;3
4748;1369;317;1;0;0;0;0;0;2;4;3;2;3
4749;633;317;1;0;0;0;1;0;3;4;3;2;3
4750;1206;317;1;0;0;0;0;4;2;0;4;3;3
4751;338;317;0;0;0;0;4;0;0;0;1;2;2
4752;1198;317;1;0;0;0;0;2;0;0;3;2;3
4753;1541;317;1;0;0;0;0;0;0;5;3;2;3
4754;1158;317;1;0;0;0;0;0;4;0;3;2;3
4755;385;317;0;0;0;0;4;0;5;0;1;3;3
4756;446;318;1;0;0;0;0;4;0;0;5;3;2
4757;1367;318;1;0;0;0;0;0;3;0;5;3;4
4758;1964;318;1;0;0;0;5;0;0;0;1;1;1
4759;859;318;1;0;5;0;0;0;0;0;2;1;1
4760;143;318;0;0;0;5;0;0;0;0;3;1;1
4761;2176;318;1;0;0;0;0;0;3;0;4;2;2
4762;2106;318;1;0;0;0;0;5;0;0;5;4;3
4763;195;318;1;0;0;0;0;5;0;0;5;5;5
4764;1781;318;0;0;0;0;5;0;0;0;1;1;1
4765;1206;318;1;0;0;0;0;5;0;0;5;3;3
4766;1369;318;1;0;0;0;0;0;3;0;3;1;1
4767;984;318;1;0;0;0;0;0;5;0;5;4;4
4768;633;318;0;3;0;4;0;0;0;0;2;1;1
4769;3069;318;1;0;0;0;0;0;4;0;4;3;3
4770;338;318;1;0;5;4;5;0;0;0;2;3;1
4771;2363;319;1;0;0;0;0;2;0;4;4;1;2
4772;2971;319;1;0;0;0;0;0;0;4;4;1;2
4773;2956;319;1;0;2;0;0;2;3;0;4;3;2
4774;239;319;0;0;4;0;2;0;3;0;2;4;1
4775;2500;319;1;0;0;0;0;0;0;4;3;1;1
4776;1902;319;0;0;0;0;0;0;0;3;3;1;1
4777;330;319;0;0;0;0;4;0;0;0;1;1;1
4778;446;319;1;0;0;0;0;2;0;4;4;1;1
4779;1367;319;1;0;0;0;0;4;2;0;5;3;2
4780;2176;319;1;0;0;0;0;3;2;0;5;2;1
4781;1964;319;1;0;0;0;2;0;0;0;3;1;1
4782;2106;319;1;0;0;0;0;5;3;0;5;3;2
4783;143;319;0;0;0;4;3;0;0;0;2;1;1
4784;859;319;1;0;0;0;0;0;0;5;3;1;1
4785;195;319;1;0;0;0;0;4;3;0;4;3;3
4786;104;320;1;0;0;0;0;3;0;0;4;2;2
4787;2917;320;1;0;0;0;0;0;0;4;3;1;1
4788;1062;320;1;0;0;0;0;3;0;0;4;3;4
4789;2296;320;1;0;0;0;0;0;0;5;3;1;2
4790;1991;320;1;0;0;0;2;0;0;0;3;1;1
4791;2075;320;1;0;0;0;0;5;0;0;4;3;4
4792;362;320;1;0;0;0;1;2;1;0;3;1;3
4793;446;320;1;0;0;0;0;0;0;3;3;1;1
4794;859;320;1;0;0;0;0;0;0;3;3;1;1
4795;143;320;1;0;0;0;0;0;2;0;3;2;1
4796;1964;320;1;0;0;0;0;1;0;0;4;1;2
4797;2106;320;1;0;0;0;0;3;0;0;4;2;3
4798;1367;320;1;0;0;0;0;5;0;0;5;4;4
4799;2176;320;1;0;0;0;0;4;0;0;5;4;3
4800;195;320;1;0;0;0;0;2;0;0;4;2;1
4801;637;321;1;0;0;0;0;0;0;4;3;1;1
4802;851;321;0;0;0;0;4;0;0;0;2;1;1
4803;1962;321;0;0;0;0;5;0;0;0;1;3;3
4804;2084;321;1;0;0;0;0;5;0;0;4;1;2
4805;1671;321;1;0;0;0;0;5;2;0;5;1;1
4806;3027;321;0;0;4;1;4;0;0;0;2;1;1
4807;2659;321;0;0;0;0;5;0;0;0;3;1;1
4808;446;321;1;0;0;0;0;3;0;0;3;2;2
4809;1367;321;1;0;0;0;0;5;0;0;3;2;2
4810;2106;321;1;0;0;0;0;5;5;0;5;3;3
4811;859;321;0;0;4;0;0;0;0;0;3;1;1
4812;2176;321;1;1;3;0;5;0;0;0;2;3;3
4813;143;321;0;0;5;2;5;0;5;0;1;4;5
4814;1964;321;0;0;4;0;5;0;0;0;3;2;2
4815;195;321;1;0;0;0;0;0;0;4;3;1;1
4816;33;322;1;0;0;0;0;3;0;0;4;2;3
4817;1902;322;0;0;0;2;0;0;0;0;2;1;2
4818;2956;322;1;0;0;0;0;2;0;0;3;4;3
4819;2971;322;1;0;0;0;0;0;0;4;3;2;2
4820;2500;322;1;0;0;0;0;0;2;0;2;3;3
4821;2363;322;1;0;0;0;0;0;0;3;3;2;2
4822;239;322;0;0;3;0;5;0;0;0;1;1;1
4823;330;322;0;0;0;0;4;0;0;0;2;1;1
4824;446;322;1;0;0;0;0;3;0;0;4;2;3
4825;1367;322;1;0;0;0;0;4;0;0;4;3;2
4826;2106;322;1;0;0;0;0;5;3;0;5;5;2
4827;859;322;0;0;1;0;0;0;0;0;2;1;2
4828;143;322;0;0;3;4;3;0;0;0;1;1;1
4829;1964;322;1;0;1;0;2;0;0;0;2;1;2
4830;2176;322;1;0;0;0;0;3;2;0;4;3;2
4831;1368;323;0;0;0;0;0;0;0;4;3;1;3
4832;982;323;0;0;0;0;4;0;0;0;1;3;3
4833;203;323;1;0;0;0;0;3;0;0;4;3;3
4834;1064;323;1;0;0;0;0;4;0;0;4;3;4
4835;2484;323;0;0;0;0;0;0;0;3;3;3;3
4836;1707;323;1;0;0;0;0;0;0;4;3;3;3
4837;1422;323;1;0;0;0;0;5;0;0;5;4;3
4838;446;323;1;0;0;0;0;0;0;3;4;3;3
4839;143;323;0;0;1;4;0;0;0;0;1;2;1
4840;1964;323;1;0;0;0;0;0;4;0;5;5;3
4841;859;323;0;0;0;0;0;0;0;3;3;3;3
4842;2106;323;1;0;0;0;0;5;0;0;5;5;4
4843;2176;323;1;0;0;0;0;5;0;0;5;4;4
4844;1367;323;1;0;0;0;0;5;0;0;5;4;3
4845;195;323;1;0;0;0;0;0;0;4;4;3;3
4846;1688;324;0;0;0;0;0;0;0;5;3;1;5
4847;2363;324;1;0;0;0;0;0;0;5;4;2;5
4848;239;324;0;0;0;0;0;0;3;0;3;1;3
4849;2500;324;0;0;0;0;0;0;0;5;3;1;5
4850;2971;324;0;0;0;0;0;0;0;5;3;1;5
4851;330;324;0;0;0;0;4;0;0;0;2;2;3
4852;2956;324;1;0;0;0;0;0;0;5;4;2;5
4853;1902;324;0;0;0;0;0;0;3;0;3;2;3
4854;446;324;0;0;0;0;0;0;0;5;3;1;5
4855;859;324;0;0;0;0;0;0;0;5;3;1;5
4856;2176;324;1;0;0;0;0;0;0;5;3;1;5
4857;1964;324;1;0;0;0;0;3;0;0;4;1;5
4858;1367;324;0;0;0;0;0;0;0;5;3;1;5
4859;2106;324;1;0;0;0;0;4;0;0;4;2;5
4860;143;324;0;0;0;5;0;0;0;0;1;1;4
4861;2917;325;1;0;0;0;0;3;3;5;4;4;1
4862;1991;325;1;0;0;0;2;0;0;0;1;1;3
4863;1671;325;1;0;0;0;0;0;0;5;4;3;4
4864;1902;325;0;0;0;5;0;0;0;0;3;1;4
4865;3027;325;0;4;0;0;4;0;0;0;2;1;5
4866;2956;325;1;0;0;0;0;3;0;5;5;4;3
4867;239;325;0;0;5;0;5;0;0;0;1;5;5
4868;2500;325;1;0;0;0;0;0;5;0;3;5;5
4869;104;325;1;0;0;0;0;5;0;0;5;3;5
4870;2084;325;1;0;0;0;0;5;0;0;5;3;5
4871;851;325;0;5;0;1;4;0;0;0;2;4;4
4872;637;325;1;0;0;0;2;0;0;0;3;2;3
4873;1062;325;1;0;0;0;0;0;0;5;3;3;4
4874;2075;325;1;0;0;0;0;4;0;0;5;3;2
4875;446;325;1;0;0;0;0;5;0;0;5;5;5
4876;104;326;1;0;0;0;0;0;0;2;4;2;1
4877;851;326;0;0;0;0;1;0;0;0;2;2;2
4878;637;326;1;0;0;0;0;3;0;0;4;3;2
4879;1062;326;1;0;0;0;0;0;0;1;3;1;1
4880;1671;326;1;0;0;0;0;4;0;0;4;3;3
4881;3027;326;0;0;0;0;3;0;0;0;2;1;3
4882;1991;326;1;0;0;0;0;0;2;0;4;3;3
4883;2075;326;1;0;0;0;0;0;0;2;3;2;2
4884;2363;326;1;0;0;0;1;0;0;0;2;2;3
4885;330;326;0;4;0;2;4;0;0;0;1;1;4
4886;2971;326;1;0;0;0;0;0;0;3;4;1;1
4887;239;326;0;0;0;0;3;0;0;0;2;1;3
4888;1902;326;0;0;0;3;0;0;0;0;2;1;4
4889;2956;326;1;0;0;0;0;4;0;0;4;3;3
4890;2500;326;0;0;1;0;0;0;0;0;3;3;3
4891;1064;327;1;0;0;0;0;0;0;5;3;1;1
4892;982;327;1;2;0;0;0;0;0;0;2;1;2
4893;2917;327;1;0;0;0;0;4;0;0;4;3;3
4894;2084;327;1;0;0;0;0;5;0;0;5;5;5
4895;104;327;1;0;0;0;0;3;0;0;4;2;2
4896;851;327;1;0;0;0;0;0;0;5;3;1;1
4897;3027;327;1;0;0;3;0;0;0;0;2;1;1
4898;637;327;1;0;0;0;0;3;0;0;3;1;1
4899;2075;327;1;0;0;0;0;3;0;0;4;2;1
4900;1991;327;1;0;0;0;3;0;0;0;2;1;1
4901;1062;327;1;0;0;2;0;4;0;0;4;1;1
4902;1671;327;1;0;0;0;0;5;3;0;5;5;5
4903;2971;327;1;0;0;0;0;0;0;5;3;1;1
4904;2363;327;1;0;0;0;0;0;0;5;3;1;1
4905;330;327;0;0;0;5;3;0;0;0;1;1;3
4906;33;328;0;0;4;0;0;0;0;0;2;1;4
4907;2484;328;1;0;0;0;0;0;0;3;2;2;2
4908;1422;328;1;0;2;0;0;0;0;0;3;2;4
4909;982;328;0;3;3;4;0;0;0;0;2;2;4
4910;1064;328;1;0;0;0;0;0;0;3;2;2;2
4911;2917;328;1;0;3;0;0;2;0;0;2;3;2
4912;2084;328;1;0;0;0;0;3;3;0;2;4;2
4913;851;328;0;3;3;0;3;0;0;0;2;1;4
4914;1671;328;1;0;0;0;0;3;0;0;2;3;2
4915;3027;328;1;0;0;0;4;0;0;0;2;2;2
4916;2075;328;1;0;0;0;0;3;3;0;1;4;1
4917;1062;328;1;0;0;0;0;5;0;0;2;5;1
4918;637;328;1;0;0;0;0;4;4;0;2;3;1
4919;1991;328;1;0;0;0;3;0;0;0;2;2;2
4920;104;328;1;0;0;0;3;0;0;0;1;2;1
4921;203;329;1;0;0;0;0;5;0;0;5;3;4
4922;1688;329;1;0;0;0;0;0;0;5;3;1;2
4923;1368;329;1;0;0;0;0;0;0;5;3;2;2
4924;1707;329;1;0;0;0;0;5;0;0;5;4;5
4925;1962;329;0;0;3;0;5;0;0;0;1;1;1
4926;2296;329;1;0;0;0;0;0;0;5;3;2;2
4927;362;329;0;0;0;0;4;0;0;0;2;1;3
4928;2659;329;1;0;0;0;0;0;0;3;3;1;2
4929;1422;329;1;0;0;0;0;5;0;0;5;3;4
4930;2484;329;1;0;0;0;3;3;0;3;3;2;3
4931;33;329;1;0;0;0;0;5;0;0;4;2;3
4932;982;329;0;2;3;0;5;0;0;0;2;1;2
4933;1064;329;1;0;0;0;0;5;0;0;4;1;4
4934;2917;329;1;0;0;0;0;5;0;0;4;2;3
4935;2084;329;1;0;0;0;0;5;0;0;5;3;5
4936;362;330;0;0;0;1;4;0;0;0;1;2;4
4937;1688;330;1;0;0;0;0;1;0;3;4;3;4
4938;1962;330;1;0;0;0;2;0;0;1;2;1;4
4939;203;330;1;0;0;0;0;4;1;0;5;3;2
4940;1707;330;1;0;0;0;0;5;2;0;5;4;3
4941;1368;330;1;0;0;0;0;0;0;3;3;3;2
4942;2659;330;1;3;0;0;4;0;0;0;2;2;3
4943;2296;330;1;0;0;0;0;0;0;3;3;1;1
4944;2484;330;1;0;0;0;0;3;0;0;4;3;4
4945;33;330;1;0;0;0;0;4;2;0;5;2;2
4946;1422;330;1;0;0;0;0;4;3;0;5;4;4
4947;1064;330;0;0;0;2;0;0;0;3;3;1;2
4948;982;330;1;2;0;4;2;0;0;0;2;1;5
4949;2917;330;1;0;0;0;0;0;0;5;3;1;1
4950;2084;330;1;0;0;0;0;2;0;2;5;3;4
4951;362;331;0;0;4;1;2;0;0;0;2;4;2
4952;2659;331;0;0;0;1;1;0;0;1;3;2;3
4953;203;331;1;0;0;0;0;3;5;0;4;5;5
4954;1688;331;1;0;0;0;0;2;0;5;4;4;5
4955;1707;331;1;0;0;0;0;5;0;0;5;5;5
4956;1368;331;1;0;0;0;0;4;0;0;4;4;5
4957;2296;331;1;0;0;0;0;2;0;5;4;3;4
4958;1962;331;1;0;0;0;4;4;0;0;4;5;2
4959;33;331;1;0;0;0;4;0;0;0;3;3;4
4960;2484;331;1;0;0;0;3;0;0;5;3;3;3
4961;1422;331;1;0;0;0;0;0;4;0;4;4;5
4962;982;331;1;0;0;0;0;0;5;0;5;5;3
4963;1064;331;1;0;0;0;0;5;0;0;5;5;5
4964;2084;331;1;0;0;0;0;1;0;5;2;1;5
4965;2917;331;1;0;0;0;0;0;3;0;3;2;5
4966;788;332;0;0;0;0;0;0;0;3;3;1;1
4967;249;332;0;0;0;1;0;0;0;0;3;2;3
4968;1491;332;1;0;0;0;0;3;0;0;3;3;5
4969;1779;332;0;0;0;0;1;0;0;0;3;3;3
4970;2061;332;1;0;0;0;0;1;0;1;3;3;3
4971;1635;332;1;0;0;0;0;5;0;0;5;3;4
4972;2705;332;1;0;0;0;0;5;0;0;5;3;4
4973;203;332;1;0;0;0;0;3;3;0;3;3;3
4974;2296;332;1;0;0;0;0;5;0;0;5;2;5
4975;1962;332;1;0;0;0;3;0;0;0;3;3;3
4976;1707;332;1;0;0;0;0;2;0;0;3;3;3
4977;2659;332;1;0;0;0;1;0;0;0;2;2;2
4978;1688;332;1;0;0;0;0;4;0;0;4;4;4
4979;362;332;0;5;0;0;0;0;4;0;1;3;1
4980;1368;332;1;0;0;0;0;0;0;5;4;1;4
4981;2309;333;1;1;1;1;1;4;1;3;4;1;4
4982;899;333;0;5;3;1;5;1;2;2;1;2;3
4983;1692;333;1;1;1;1;1;5;3;2;5;2;5
4984;2927;333;1;1;1;1;1;4;4;1;5;1;4
4985;900;333;0;5;2;2;5;1;2;1;2;2;2
4986;90;333;1;1;1;2;1;4;3;2;4;2;2
4987;523;333;1;1;1;2;1;4;2;4;4;1;4
4988;2107;333;1;1;1;1;1;3;1;5;3;1;4
4989;1491;333;1;1;1;1;1;4;4;1;5;2;3
4990;1635;333;1;1;1;1;1;3;4;2;4;2;4
4991;1779;333;0;1;3;1;4;1;3;1;1;3;1
4992;2705;333;1;1;2;1;1;4;2;3;4;1;4
4993;249;333;0;1;1;1;1;1;4;2;3;2;3
4994;788;333;1;2;1;1;3;2;4;1;2;2;5
4995;2061;333;1;1;1;1;1;4;1;3;4;2;3
4996;2543;334;0;0;0;0;2;0;0;0;2;1;3
4997;1399;334;1;0;0;0;0;4;0;0;4;3;2
4998;2145;334;1;0;0;0;0;0;0;3;3;1;5
4999;2384;334;1;0;0;0;0;2;0;0;4;4;3
5000;2870;334;1;0;2;1;0;0;2;0;2;4;2
5001;2602;334;1;0;0;0;0;1;0;0;3;3;5
5002;2261;334;1;0;0;0;0;2;0;0;4;2;4
5003;1655;334;1;0;0;0;0;0;4;0;4;4;1
5004;2061;334;1;0;0;0;0;2;4;0;4;4;2
5005;2705;334;1;0;1;0;0;1;0;3;3;3;3
5006;788;334;0;0;0;1;2;0;0;0;2;2;2
5007;1491;334;1;0;0;0;0;3;3;0;4;4;2
5008;1779;334;0;0;0;0;1;0;0;2;2;2;2
5009;249;334;1;0;1;1;0;1;2;0;3;2;3
5010;1635;334;1;0;0;0;0;3;3;0;4;2;3
5011;2107;335;1;0;0;0;0;0;0;2;4;1;1
5012;900;335;0;0;0;0;0;0;4;0;3;4;1
5013;899;335;0;0;0;0;0;0;3;4;4;2;1
5014;2145;335;1;0;0;0;0;2;0;3;5;2;1
5015;1655;335;1;0;0;0;0;5;0;2;5;3;1
5016;523;335;0;0;0;0;0;0;3;3;3;1;1
5017;2870;335;1;0;1;0;0;0;2;0;3;2;2
5018;2927;335;1;0;0;0;1;0;0;3;3;1;1
5019;2061;335;1;0;0;0;0;3;0;0;4;2;1
5020;788;335;0;0;0;0;0;0;2;2;3;2;1
5021;1779;335;1;0;0;0;2;0;2;2;2;2;1
5022;249;335;0;0;1;1;0;0;4;0;3;3;1
5023;1635;335;1;0;0;0;0;3;0;1;5;2;1
5024;1491;335;1;0;0;0;0;5;0;0;5;4;2
5025;2705;335;1;0;0;0;0;2;0;2;3;3;1
5026;2543;336;0;0;5;5;3;0;0;0;1;2;1
5027;1655;336;1;0;0;0;2;5;0;0;5;4;4
5028;2602;336;1;0;2;0;0;5;0;0;5;4;4
5029;1692;336;1;0;2;0;0;5;0;0;5;4;4
5030;2261;336;0;2;0;0;2;0;0;0;2;2;2
5031;899;336;0;3;4;0;4;0;0;0;2;2;1
5032;2870;336;1;0;0;0;0;4;3;0;4;4;4
5033;2384;336;1;0;1;0;0;5;3;0;4;4;4
5034;249;336;1;0;0;0;0;0;4;0;3;3;3
5035;1635;336;1;0;1;0;0;4;3;0;3;3;3
5036;1779;336;1;1;4;0;5;0;0;0;2;2;2
5037;2705;336;1;0;1;0;0;5;0;0;4;4;4
5038;2061;336;1;0;1;0;0;5;3;0;3;3;3
5039;1491;336;1;0;0;0;0;5;0;0;4;4;4
5040;788;336;1;1;0;0;2;3;0;0;3;3;3
5041;2309;337;0;0;0;1;0;0;0;0;3;3;4
5042;90;337;0;0;0;3;0;0;0;0;2;3;4
5043;523;337;0;0;0;2;0;1;0;0;3;3;3
5044;1692;337;1;0;0;0;0;0;3;0;4;3;3
5045;2107;337;1;0;1;0;2;1;0;0;4;4;4
5046;2145;337;0;0;0;0;0;0;0;1;3;1;1
5047;900;337;1;0;0;0;0;0;2;0;3;4;3
5048;2261;337;1;0;0;0;0;0;0;1;3;1;1
5049;2543;337;1;0;2;0;0;0;0;0;3;3;4
5050;2602;337;0;0;0;0;0;0;0;1;2;1;1
5051;2927;337;1;0;0;0;0;0;0;1;3;1;1
5052;2384;337;1;0;0;0;0;2;2;0;3;4;3
5053;2870;337;0;0;3;1;0;0;0;0;1;4;4
5054;899;337;1;0;0;0;0;0;2;0;3;3;3
5055;1655;337;1;0;0;0;0;0;2;0;3;4;4
5056;2309;338;1;0;0;0;0;4;0;3;4;1;3
5057;90;338;1;0;0;0;0;3;0;0;2;2;2
5058;900;338;0;4;5;0;5;0;0;0;1;2;1
5059;523;338;1;0;0;0;0;1;0;3;4;1;4
5060;1692;338;1;0;0;0;0;3;0;3;4;1;3
5061;2602;338;1;0;0;0;0;3;0;3;4;1;3
5062;2543;338;0;0;2;0;4;0;0;0;1;2;1
5063;2384;338;1;0;0;0;0;3;0;3;4;1;3
5064;2927;338;1;0;0;0;0;4;0;0;5;3;4
5065;2107;338;1;0;0;0;0;0;0;3;3;1;3
5066;2261;338;1;0;0;0;0;0;0;3;3;1;3
5067;2145;338;1;0;0;0;3;0;0;3;2;2;1
5068;899;338;0;4;5;0;4;0;0;0;1;3;1
5069;1655;338;1;0;0;0;0;0;0;3;3;1;3
5070;2870;338;1;0;0;0;0;2;0;0;4;2;3
5071;2309;339;1;0;0;0;0;0;0;5;3;1;1
5072;90;339;0;0;0;0;2;0;0;4;3;1;1
5073;2261;339;0;0;0;0;0;0;0;4;3;1;1
5074;2107;339;1;0;0;0;0;3;0;4;3;1;1
5075;2602;339;1;0;0;0;0;4;0;0;3;1;1
5076;2384;339;1;0;0;0;4;0;0;0;3;1;1
5077;523;339;1;0;0;0;0;0;3;0;3;1;1
5078;2927;339;1;0;0;0;0;0;0;5;3;1;1
5079;900;339;0;2;2;3;0;0;0;0;3;1;1
5080;2145;339;1;0;0;0;0;4;0;0;3;1;1
5081;1692;339;1;0;0;0;0;5;0;0;3;1;1
5082;2543;339;0;2;4;3;0;0;0;0;3;1;1
5083;2870;339;0;0;5;5;0;0;0;0;3;2;2
5084;899;339;0;2;2;2;0;0;0;0;3;1;1
5085;1655;339;1;0;0;0;4;4;0;0;3;1;1
5086;2309;340;1;0;0;0;0;0;0;3;4;3;1
5087;90;340;1;0;0;0;0;0;2;0;4;1;1
5088;2602;340;1;0;0;0;0;4;0;0;4;1;1
5089;2543;340;0;0;4;0;2;0;0;0;2;1;2
5090;2927;340;1;0;0;0;0;4;1;0;5;3;2
5091;900;340;0;0;2;0;2;0;3;0;2;3;3
5092;2145;340;1;0;0;0;0;0;0;4;3;1;1
5093;523;340;1;0;0;0;0;4;1;0;5;4;2
5094;1692;340;1;0;0;0;0;5;0;0;5;4;2
5095;2384;340;0;0;2;0;4;0;0;0;2;3;2
5096;2107;340;1;0;0;0;0;0;0;4;3;3;1
5097;2261;340;1;0;0;0;0;3;0;0;4;2;1
5098;2870;340;0;0;4;1;0;0;2;0;2;4;5
5099;1655;340;1;0;0;0;0;5;0;0;5;2;1
5100;899;340;0;0;2;0;0;0;3;0;3;2;3
5101;387;341;1;0;0;0;0;1;1;5;3;1;1
5102;72;341;1;0;0;2;0;1;5;0;5;4;4
5103;1793;341;0;0;0;0;3;0;0;0;2;1;1
5104;955;341;0;0;0;3;1;0;0;0;2;1;1
5105;2403;341;1;0;0;0;0;1;0;3;3;1;1
5106;646;341;1;0;0;0;0;2;1;0;4;3;3
5107;854;341;0;0;0;0;2;0;0;2;3;1;1
5108;2312;341;1;0;0;0;0;2;1;0;5;5;4
5109;1827;341;0;1;0;1;0;0;0;3;2;1;2
5110;11;341;0;0;0;0;0;0;0;5;3;1;1
5111;2007;341;1;0;0;0;0;0;0;5;4;1;1
5112;2988;341;0;0;5;0;0;0;0;0;2;3;2
5113;779;341;0;0;0;0;0;0;0;5;3;1;1
5114;343;341;0;0;0;0;0;0;0;5;3;1;1
5115;1399;341;0;0;0;0;0;0;0;4;3;1;1
5116;20;342;0;3;0;4;0;0;0;0;3;3;3
5117;3043;342;0;0;0;0;0;0;0;4;3;1;3
5118;1472;342;1;0;0;0;0;4;0;0;3;3;3
5119;502;342;1;0;0;0;0;4;0;0;3;3;3
5120;333;342;0;0;0;0;0;0;0;4;3;1;3
5121;101;342;0;0;0;0;3;0;0;0;3;1;3
5122;1002;342;0;0;0;0;0;0;0;3;3;1;3
5123;1911;342;0;0;0;0;0;0;0;4;3;1;3
5124;157;342;0;4;0;4;4;0;0;0;4;4;4
5125;2163;342;1;0;0;0;0;4;0;0;3;1;3
5126;482;342;1;0;0;0;0;3;0;0;3;2;3
5127;3031;342;0;0;0;0;3;0;0;0;3;3;4
5128;1897;342;0;3;0;0;3;0;0;0;3;3;3
5129;1786;342;0;0;0;0;0;0;0;3;3;1;3
5130;1399;342;0;0;0;0;0;0;0;3;3;1;3
5131;671;343;1;0;0;0;0;3;0;3;4;2;3
5132;2264;343;1;0;0;0;0;3;0;4;3;3;3
5133;1399;343;1;0;0;0;3;3;0;0;4;3;3
5134;2309;343;1;0;0;0;0;0;0;5;3;1;1
5135;90;343;1;0;0;0;0;3;0;3;3;2;3
5136;2543;343;0;0;0;0;4;0;0;3;2;3;3
5137;1692;343;1;0;0;0;0;4;0;3;4;3;3
5138;2145;343;1;0;0;0;0;0;2;3;3;3;3
5139;2927;343;1;0;0;0;0;0;2;3;3;3;3
5140;2602;343;1;0;0;0;0;2;0;3;3;3;3
5141;2384;343;1;0;0;0;0;4;0;0;3;3;3
5142;2107;343;1;0;0;0;0;3;0;0;3;4;3
5143;2261;343;1;0;0;0;0;0;0;3;3;3;3
5144;900;343;1;0;3;0;3;0;0;0;3;3;3
5145;523;343;1;0;0;0;0;4;0;0;3;3;3
5146;482;344;0;0;0;0;0;0;0;5;3;3;3
5147;2403;344;1;0;2;0;0;4;0;0;5;5;2
5148;671;344;1;0;0;0;0;5;0;0;5;5;4
5149;101;344;1;0;0;0;4;0;0;0;2;1;1
5150;387;344;1;0;0;0;0;0;0;5;3;3;3
5151;854;344;1;4;0;4;5;0;0;0;1;1;1
5152;343;344;1;5;0;0;5;0;0;0;1;1;1
5153;779;344;0;0;0;0;0;0;2;0;3;3;2
5154;646;344;1;0;0;0;0;4;0;0;4;4;3
5155;955;344;0;5;0;3;5;0;0;0;1;1;1
5156;1793;344;0;0;0;0;0;0;0;5;3;1;3
5157;3031;344;0;4;0;4;4;0;0;0;2;1;2
5158;1472;344;1;0;3;0;0;0;0;0;3;3;1
5159;2264;344;0;0;0;0;0;3;0;0;3;3;3
5160;1399;344;0;0;0;0;0;4;0;0;4;4;3
5161;20;345;0;0;0;2;0;0;0;0;3;1;4
5162;101;345;0;0;0;0;2;0;0;0;3;1;5
5163;3031;345;0;0;0;0;0;0;0;3;3;1;5
5164;2403;345;1;0;0;0;0;0;0;5;4;1;5
5165;671;345;1;0;0;0;0;0;0;5;4;1;5
5166;2264;345;1;0;0;0;0;0;0;5;4;1;5
5167;387;345;1;0;0;0;0;3;0;0;4;1;5
5168;1793;345;1;0;0;0;0;0;0;5;4;1;5
5169;779;345;0;0;0;3;0;0;2;0;4;1;5
5170;1472;345;1;0;0;0;0;1;0;5;4;1;5
5171;854;345;0;0;0;0;3;0;0;0;3;1;5
5172;482;345;1;0;0;0;0;3;0;0;4;2;5
5173;955;345;0;0;0;4;0;0;0;0;3;3;4
5174;343;345;0;0;0;3;2;0;0;0;3;1;5
5175;646;345;1;0;0;0;0;0;0;5;5;1;5
5176;20;346;1;0;0;0;0;0;2;4;3;3;3
5177;1793;346;1;0;0;0;0;0;0;5;3;1;3
5178;482;346;1;0;0;0;0;4;0;0;4;3;3
5179;343;346;0;0;0;0;3;0;0;0;2;1;3
5180;854;346;0;0;0;0;4;0;0;0;2;1;3
5181;1472;346;1;0;0;0;0;0;2;0;3;3;3
5182;779;346;1;0;0;0;0;0;4;3;3;2;3
5183;955;346;0;0;0;3;3;0;0;0;2;1;3
5184;3031;346;0;2;0;0;2;0;0;0;2;1;3
5185;671;346;1;0;0;0;0;0;0;4;4;1;3
5186;2403;346;1;0;0;0;0;0;0;4;3;1;3
5187;2264;346;1;0;0;0;0;1;0;4;3;1;3
5188;387;346;1;0;0;0;0;1;0;4;3;1;3
5189;101;346;1;0;0;0;3;0;0;0;3;1;3
5190;646;346;1;0;0;0;0;0;0;4;3;1;3
5191;20;347;0;0;3;5;0;0;0;0;2;2;4
5192;671;347;1;0;0;0;0;3;0;0;4;3;2
5193;1472;347;1;0;2;0;0;4;4;0;4;4;3
5194;1793;347;0;0;0;0;3;0;0;1;2;1;4
5195;2264;347;1;0;0;0;0;4;0;1;4;3;3
5196;482;347;1;0;0;0;0;2;0;4;4;2;1
5197;854;347;1;0;0;0;3;5;0;0;4;3;4
5198;387;347;1;0;0;0;0;1;0;5;3;1;1
5199;955;347;0;3;3;4;4;0;2;0;2;1;4
5200;2403;347;1;0;0;0;0;4;4;0;5;4;4
5201;343;347;0;2;2;0;4;0;0;0;2;4;4
5202;646;347;1;0;0;0;0;4;2;0;5;4;4
5203;3031;347;0;5;4;5;5;0;0;0;1;5;5
5204;101;347;0;2;2;0;4;0;0;0;2;2;4
5205;779;347;1;2;4;0;5;0;5;0;2;3;3
5206;2163;348;1;0;0;0;0;1;0;0;4;1;3
5207;3043;348;0;0;0;0;0;0;3;0;2;3;2
5208;1911;348;1;0;0;0;3;0;0;0;2;2;3
5209;1002;348;0;0;0;0;0;0;0;5;3;1;5
5210;11;348;1;0;0;0;0;0;0;3;3;1;5
5211;157;348;0;4;0;0;0;0;0;0;1;3;3
5212;502;348;1;0;0;0;0;2;0;0;4;1;5
5213;333;348;1;0;0;0;0;0;0;5;4;1;5
5214;72;348;1;0;0;0;0;3;0;0;4;1;5
5215;2007;348;1;0;0;0;0;0;0;3;3;1;5
5216;2988;348;0;0;0;0;4;0;0;0;2;2;3
5217;1897;348;1;0;0;0;0;0;0;3;4;1;5
5218;1827;348;0;0;0;0;0;0;0;5;3;1;5
5219;1786;348;0;0;0;0;0;0;0;5;3;1;5
5220;20;348;0;0;0;5;0;0;0;0;1;3;2
5221;1786;349;1;0;0;0;0;0;0;5;3;3;3
5222;1002;349;1;0;0;0;0;0;1;0;3;3;3
5223;2163;349;1;0;0;0;0;0;0;5;4;2;1
5224;157;349;0;0;0;4;5;0;0;0;2;3;1
5225;502;349;1;0;0;0;0;0;0;5;3;1;1
5226;2312;349;1;0;0;0;0;5;0;0;4;2;4
5227;72;349;1;0;0;0;0;5;0;0;5;2;3
5228;333;349;1;0;0;0;0;0;0;5;3;1;3
5229;2007;349;0;0;0;0;0;0;0;3;3;1;3
5230;1911;349;0;0;0;0;0;0;0;3;2;1;1
5231;1827;349;1;0;0;0;0;4;3;0;4;1;3
5232;11;349;0;0;2;0;0;0;0;0;3;1;2
5233;3043;349;0;0;1;0;0;0;0;3;3;2;1
5234;2988;349;0;0;0;0;5;0;0;0;2;1;3
5235;20;349;0;0;4;5;0;0;0;0;1;1;1
5236;1897;350;1;0;0;0;0;0;0;3;4;2;1
5237;2312;350;1;0;0;0;0;0;0;3;4;2;1
5238;1911;350;1;0;0;0;0;0;0;3;4;2;1
5239;2163;350;1;0;0;0;0;3;0;0;4;2;1
5240;1002;350;1;0;0;0;0;0;0;3;4;2;1
5241;157;350;0;0;0;0;3;0;0;0;2;2;2
5242;333;350;1;0;0;0;0;0;0;3;3;2;1
5243;2007;350;0;0;0;0;0;0;0;3;3;2;1
5244;502;350;1;0;0;0;0;3;0;0;4;2;1
5245;3043;350;1;0;0;0;0;0;0;3;3;2;1
5246;1786;350;1;0;0;0;0;0;0;3;3;1;1
5247;1827;350;1;0;0;0;0;0;0;3;3;2;1
5248;2988;350;0;0;0;0;3;0;0;0;2;2;2
5249;72;350;1;0;0;0;0;0;0;3;3;2;1
5250;11;350;1;0;0;0;0;0;0;3;3;2;1
5251;1897;351;1;0;0;0;0;0;0;3;3;1;3
5252;2312;351;0;0;0;0;0;3;3;0;3;1;3
5253;502;351;1;0;0;0;3;4;0;0;5;3;3
5254;2988;351;0;3;0;0;3;0;0;0;2;2;3
5255;11;351;0;0;0;0;0;0;3;0;3;1;3
5256;1911;351;1;0;0;0;0;4;3;0;4;3;3
5257;1002;351;0;0;0;0;0;0;0;3;3;1;3
5258;1827;351;1;0;0;0;0;4;3;3;3;2;3
5259;333;351;0;0;0;0;0;0;0;3;3;1;3
5260;3043;351;0;4;0;4;3;0;0;0;3;1;3
5261;157;351;0;4;0;4;3;0;0;0;3;5;3
5262;2007;351;0;0;0;0;0;0;0;3;3;2;3
5263;2163;351;1;0;0;0;0;3;0;3;3;2;3
5264;72;351;1;0;0;0;0;5;0;0;3;3;3
5265;1786;351;1;0;0;0;0;4;0;0;3;2;3
5266;2562;352;1;0;0;0;0;0;0;5;3;1;3
5267;842;352;1;0;0;0;0;0;0;5;3;1;3
5268;2665;352;1;0;0;0;2;0;0;4;3;1;3
5269;915;352;1;0;0;0;0;0;0;5;3;1;3
5270;2869;352;1;0;0;0;0;3;3;2;3;1;3
5271;1490;352;1;0;0;0;0;4;0;2;4;1;3
5272;1266;352;1;0;0;0;0;0;0;5;3;1;3
5273;1037;352;1;0;0;0;0;0;0;4;3;2;3
5274;1;352;1;0;1;0;0;0;3;4;3;1;2
5275;432;352;1;0;0;0;0;0;4;4;3;2;3
5276;2574;352;1;0;0;0;0;4;0;3;3;1;3
5277;622;352;1;0;0;0;0;4;0;2;3;1;3
5278;754;352;0;0;1;0;1;0;0;2;3;1;3
5279;2312;352;1;0;0;0;0;4;0;2;3;1;3
5280;1897;352;1;0;1;0;0;0;3;0;3;1;2
5281;2653;353;0;0;0;2;4;0;0;5;3;1;1
5282;2697;353;1;0;1;0;0;3;0;5;4;2;1
5283;622;353;1;0;0;0;0;4;1;5;5;2;1
5284;915;353;0;0;0;0;3;0;1;5;2;1;1
5285;1490;353;1;0;1;0;0;4;4;5;5;3;1
5286;2869;353;1;0;0;0;0;3;0;5;3;1;1
5287;2562;353;1;0;0;0;0;1;0;5;3;1;1
5288;754;353;0;0;1;0;0;0;0;5;3;1;1
5289;432;353;1;0;0;0;0;5;4;3;5;3;1
5290;1;353;0;0;3;0;1;0;5;2;2;3;1
5291;2665;353;0;0;4;0;0;0;4;3;3;2;1
5292;842;353;1;0;0;0;0;0;3;5;3;1;1
5293;1037;353;0;0;0;0;0;0;0;5;3;1;1
5294;2574;353;1;0;0;0;0;3;3;5;4;1;1
5295;1266;353;1;0;0;0;3;0;0;5;3;1;1
5296;2653;354;0;0;0;2;0;0;0;0;3;1;2
5297;2697;354;0;1;1;0;0;0;0;0;2;2;2
5298;842;354;0;0;0;0;0;0;0;5;3;2;3
5299;1266;354;0;0;0;3;1;0;2;0;2;3;4
5300;915;354;0;5;0;5;0;0;0;0;1;5;5
5301;2665;354;0;0;1;0;0;0;0;0;1;1;2
5302;1490;354;1;0;0;0;0;3;4;0;4;4;3
5303;2869;354;1;0;0;0;0;0;0;5;3;1;1
5304;2562;354;1;0;0;3;0;0;0;1;2;3;3
5305;432;354;1;0;0;0;0;5;0;0;5;5;5
5306;2574;354;1;0;0;0;0;4;0;0;4;2;3
5307;754;354;1;4;0;0;2;0;0;0;2;4;4
5308;1;354;1;0;0;3;0;0;4;0;3;4;4
5309;1037;354;0;0;2;4;1;0;0;0;2;4;4
5310;622;354;0;0;0;0;0;0;0;5;3;1;1
5311;2697;355;1;0;1;0;0;0;0;0;3;2;2
5312;2653;355;1;0;0;0;0;0;2;0;3;1;3
5313;1490;355;1;0;0;0;0;0;4;0;3;4;3
5314;1037;355;0;0;0;0;0;0;0;1;3;1;3
5315;1;355;0;0;0;1;0;0;0;0;2;1;3
5316;622;355;1;0;0;0;0;2;0;0;4;1;4
5317;754;355;0;0;4;0;0;0;0;0;2;4;2
5318;1266;355;1;0;0;0;0;4;0;0;5;1;3
5319;2665;355;0;0;3;0;0;0;0;0;3;3;2
5320;432;355;1;0;0;0;0;0;0;3;4;2;3
5321;2574;355;1;0;0;0;0;4;0;0;5;1;3
5322;2869;355;0;0;0;5;0;0;0;0;2;3;3
5323;842;355;0;0;1;0;0;0;4;0;3;2;2
5324;915;355;1;0;0;0;0;5;0;0;5;4;2
5325;2562;355;0;1;3;0;0;0;2;0;2;4;1
5326;2697;356;1;0;0;0;0;0;0;4;3;2;4
5327;2653;356;1;0;0;0;0;4;3;0;4;4;4
5328;1266;356;1;0;0;0;0;0;0;4;3;2;4
5329;754;356;1;0;0;0;0;0;2;3;3;4;3
5330;2665;356;1;0;0;1;0;0;3;3;3;3;3
5331;432;356;1;0;0;0;0;3;0;0;4;4;4
5332;622;356;1;0;0;0;0;3;3;0;4;3;3
5333;1037;356;1;0;0;0;0;0;4;0;4;4;4
5334;2869;356;1;0;0;0;0;4;3;0;4;3;4
5335;2574;356;1;0;0;0;0;5;0;0;5;4;4
5336;2562;356;0;0;0;2;0;0;2;3;2;2;4
5337;842;356;1;0;0;0;0;5;4;0;5;4;4
5338;1;356;1;0;0;0;0;0;2;4;3;4;4
5339;1490;356;1;0;0;0;0;5;5;0;4;5;3
5340;915;356;0;2;0;3;2;0;2;0;1;2;2
5341;506;357;1;0;0;0;0;0;0;3;4;1;3
5342;2311;357;0;0;0;0;0;0;2;0;3;2;3
5343;910;357;1;0;0;0;0;0;4;0;3;2;3
5344;2645;357;0;0;0;0;0;0;0;2;2;1;2
5345;434;357;1;0;0;0;0;3;0;0;3;2;3
5346;772;357;0;0;1;0;0;0;0;0;2;3;4
5347;579;357;1;0;0;0;0;2;0;0;3;3;3
5348;2486;357;0;0;0;0;0;0;0;3;3;1;2
5349;1928;357;0;0;1;0;0;0;0;0;2;2;2
5350;1167;357;0;0;0;0;0;0;3;0;3;3;3
5351;297;357;1;0;0;0;0;0;0;1;3;2;2
5352;2225;357;0;0;0;0;0;2;0;0;3;2;2
5353;1542;357;1;0;0;0;0;0;0;3;3;2;2
5354;2653;357;1;0;0;0;0;0;4;0;4;3;3
5355;2697;357;0;0;0;0;0;0;0;3;3;2;2
5356;595;358;1;0;0;0;0;3;0;3;4;3;3
5357;2294;358;1;0;0;0;0;4;3;0;4;4;3
5358;910;358;0;3;2;0;3;0;0;0;2;2;1
5359;506;358;0;0;0;0;0;0;3;3;4;1;3
5360;1542;358;1;0;0;0;0;4;0;0;4;2;4
5361;2486;358;0;0;0;0;0;3;0;0;3;1;3
5362;2311;358;1;0;0;0;0;4;4;0;4;3;4
5363;2225;358;0;0;0;0;3;0;0;2;2;1;2
5364;2645;358;0;0;0;2;0;0;0;0;2;1;1
5365;579;358;0;0;0;0;1;0;0;0;3;1;3
5366;1928;358;0;3;0;0;0;0;0;0;3;4;5
5367;434;358;0;0;0;0;0;3;0;0;3;2;3
5368;1167;358;1;0;1;0;0;3;0;0;4;4;5
5369;297;358;0;0;3;0;3;0;0;0;2;4;2
5370;772;358;0;0;0;0;0;0;2;0;3;2;3
5371;2294;359;1;0;0;0;0;4;0;0;2;3;2
5372;2294;360;1;0;0;0;0;4;0;0;2;3;2
5373;595;359;1;0;2;0;0;4;0;0;4;5;4
5374;2294;361;1;0;0;0;0;4;0;0;2;3;2
5375;595;360;1;0;2;0;0;4;0;0;4;5;4
5376;2311;359;1;0;0;0;0;0;0;2;2;3;3
5377;595;361;1;0;2;0;0;4;0;0;4;5;4
5378;2311;360;1;0;0;0;0;0;0;2;2;3;3
5379;2311;361;1;0;0;0;0;0;0;2;2;3;3
5380;434;359;0;0;0;0;0;0;0;5;2;1;3
5381;434;361;0;0;0;0;0;0;0;5;2;1;3
5382;434;360;0;0;0;0;0;0;0;5;2;1;3
5383;2294;362;1;0;0;0;0;4;0;0;2;3;2
5384;772;361;0;0;0;0;0;0;2;0;2;1;1
5385;772;359;0;0;0;0;0;0;2;0;2;1;1
5386;772;360;0;0;0;0;0;0;2;0;2;1;1
5387;595;362;1;0;2;0;0;4;0;0;4;5;4
5388;1542;359;0;0;0;0;0;0;0;2;4;1;3
5389;1542;361;0;0;0;0;0;0;0;2;4;1;3
5390;2311;362;1;0;0;0;0;0;0;2;2;3;3
5391;1542;360;0;0;0;0;0;0;0;2;4;1;3
5392;506;359;1;0;0;0;0;0;3;0;3;4;3
5393;506;361;1;0;0;0;0;0;3;0;3;4;3
5394;506;360;1;0;0;0;0;0;3;0;3;4;3
5395;434;362;0;0;0;0;0;0;0;5;2;1;3
5396;910;359;1;0;4;0;1;0;0;0;1;2;1
5397;910;361;1;0;4;0;1;0;0;0;1;2;1
5398;910;360;1;0;4;0;1;0;0;0;1;2;1
5399;772;362;0;0;0;0;0;0;2;0;2;1;1
5400;2486;361;1;0;0;0;0;0;0;2;4;3;3
5401;2486;359;1;0;0;0;0;0;0;2;4;3;3
5402;2486;360;1;0;0;0;0;0;0;2;4;3;3
5403;2294;363;1;0;0;0;0;4;0;0;2;3;2
5404;1928;361;0;0;0;0;1;0;0;5;3;1;2
5405;1928;360;0;0;0;0;1;0;0;5;3;1;2
5406;1542;362;0;0;0;0;0;0;0;2;4;1;3
5407;1928;359;0;0;0;0;1;0;0;5;3;1;2
5408;595;363;1;0;2;0;0;4;0;0;4;5;4
5409;2225;361;0;0;0;0;0;0;0;5;2;1;1
5410;2225;360;0;0;0;0;0;0;0;5;2;1;1
5411;2225;359;0;0;0;0;0;0;0;5;2;1;1
5412;506;362;1;0;0;0;0;0;3;0;3;4;3
5413;2311;363;1;0;0;0;0;0;0;2;2;3;3
5414;2645;361;1;0;0;0;0;2;4;0;5;4;2
5415;910;362;1;0;4;0;1;0;0;0;1;2;1
5416;2645;360;1;0;0;0;0;2;4;0;5;4;2
5417;2645;359;1;0;0;0;0;2;4;0;5;4;2
5418;434;363;0;0;0;0;0;0;0;5;2;1;3
5419;772;363;0;0;0;0;0;0;2;0;2;1;1
5420;297;359;1;0;0;0;0;4;0;0;5;5;5
5421;297;360;1;0;0;0;0;4;0;0;5;5;5
5422;297;361;1;0;0;0;0;4;0;0;5;5;5
5423;2486;362;1;0;0;0;0;0;0;2;4;3;3
5424;1542;363;0;0;0;0;0;0;0;2;4;1;3
5425;1167;360;0;0;3;0;0;0;0;0;2;2;1
5426;1167;361;0;0;3;0;0;0;0;0;2;2;1
5427;1167;359;0;0;3;0;0;0;0;0;2;2;1
5428;1928;362;0;0;0;0;1;0;0;5;3;1;2
5429;506;363;1;0;0;0;0;0;3;0;3;4;3
5430;579;359;1;0;0;0;0;3;0;0;3;3;3
5431;579;360;1;0;0;0;0;3;0;0;3;3;3
5432;579;361;1;0;0;0;0;3;0;0;3;3;3
5433;2225;362;0;0;0;0;0;0;0;5;2;1;1
5434;910;363;1;0;4;0;1;0;0;0;1;2;1
5435;2645;362;1;0;0;0;0;2;4;0;5;4;2
5436;2486;363;1;0;0;0;0;0;0;2;4;3;3
5437;297;362;1;0;0;0;0;4;0;0;5;5;5
5438;1928;363;0;0;0;0;1;0;0;5;3;1;2
5439;1167;362;0;0;3;0;0;0;0;0;2;2;1
5440;2225;363;0;0;0;0;0;0;0;5;2;1;1
5441;2645;363;1;0;0;0;0;2;4;0;5;4;2
5442;579;362;1;0;0;0;0;3;0;0;3;3;3
5443;297;363;1;0;0;0;0;4;0;0;5;5;5
5444;1167;363;0;0;3;0;0;0;0;0;2;2;1
5445;579;363;1;0;0;0;0;3;0;0;4;3;3
5446;253;364;0;1;2;1;1;1;3;5;3;1;1
5447;628;364;1;1;1;1;1;4;3;2;4;3;1
5448;210;364;1;1;1;1;1;4;4;2;4;4;3
5449;1030;364;1;1;1;1;1;3;3;2;3;3;2
5450;1203;364;1;1;1;1;1;4;4;2;4;2;1
5451;2750;364;0;1;1;1;2;2;1;0;2;2;1
5452;366;364;0;3;1;2;4;1;3;0;2;3;2
5453;1653;364;1;1;1;1;1;5;3;0;5;4;2
5454;911;364;0;3;2;2;4;1;3;0;2;3;3
5455;2759;364;0;1;1;1;1;1;5;0;3;3;1
5456;1478;364;0;1;1;1;1;3;1;0;3;1;1
5457;418;364;1;1;1;1;1;5;5;0;5;4;3
5458;397;364;1;1;1;1;1;3;2;0;3;1;2
5459;1494;364;0;1;1;1;2;1;1;0;3;1;1
5460;2078;364;1;1;1;1;1;4;3;0;4;1;1
5461;418;365;1;0;0;0;0;3;0;0;4;2;3
5462;253;365;0;0;0;0;0;0;0;3;3;1;2
5463;2759;365;1;0;0;0;0;0;0;4;3;3;3
5464;1494;365;1;0;0;0;2;4;0;0;3;2;5
5465;628;365;1;0;0;0;0;5;0;0;5;1;5
5466;366;365;0;0;0;3;0;0;0;0;1;1;4
5467;397;365;1;0;0;0;0;3;0;0;4;2;5
5468;2078;365;1;0;0;0;0;5;0;0;5;2;5
5469;210;365;1;0;0;0;0;5;5;0;5;2;5
5470;1653;365;1;0;0;0;0;5;0;0;5;2;5
5471;1030;365;1;0;0;0;0;3;0;3;4;1;4
5472;1478;365;0;0;0;0;0;0;0;3;3;1;5
5473;911;365;0;0;0;0;0;0;0;3;2;1;5
5474;2750;365;0;4;0;3;0;2;0;0;3;2;5
5475;1203;365;1;0;0;0;0;5;0;0;5;2;5
5476;1653;366;1;0;0;0;0;5;0;0;5;2;3
5477;1203;366;1;0;4;0;0;0;0;0;2;2;1
5478;210;366;1;0;0;0;0;4;5;0;5;4;1
5479;2750;366;1;0;0;0;0;5;4;0;5;4;5
5480;1478;366;1;0;4;0;0;0;4;0;3;3;3
5481;1494;366;0;0;0;0;0;0;0;5;3;3;3
5482;366;366;1;5;0;5;5;0;0;0;1;1;4
5483;1030;366;1;0;0;0;0;0;0;5;3;3;3
5484;2078;366;1;0;0;0;0;5;5;0;5;5;5
5485;253;366;0;0;4;4;0;0;0;0;3;2;4
5486;2759;366;1;0;0;0;0;0;0;5;3;3;3
5487;418;366;1;0;0;0;0;5;0;0;5;5;5
5488;911;366;0;4;5;0;4;0;0;0;2;1;3
5489;397;366;1;0;0;0;0;5;0;0;5;5;5
5490;628;366;1;0;0;0;0;4;4;0;4;4;3
5491;2078;367;1;0;0;0;0;5;0;0;4;1;3
5492;1030;367;1;0;0;0;0;4;0;0;3;2;4
5493;2750;367;1;0;0;0;0;4;0;0;4;2;2
5494;366;367;0;0;5;5;5;0;5;0;1;5;3
5495;628;367;1;0;0;0;0;4;0;0;4;1;3
5496;210;367;1;0;0;0;0;0;4;0;3;4;1
5497;911;367;0;0;0;0;4;0;0;0;2;3;1
5498;1494;367;1;0;5;0;0;0;0;0;2;3;2
5499;418;367;1;0;0;0;0;5;0;0;4;3;3
5500;1203;367;1;0;0;0;0;4;0;0;5;2;3
5501;2759;367;0;0;0;0;0;0;0;5;3;1;3
5502;1478;367;1;0;0;0;0;3;0;0;3;1;2
5503;1653;367;1;0;0;0;0;5;0;0;4;1;3
5504;397;367;1;0;0;0;0;3;0;0;4;1;3
5505;253;367;0;0;5;3;0;0;0;0;1;4;3
5506;1203;368;1;0;2;0;1;4;0;0;4;1;1
5507;397;368;0;1;0;0;1;4;0;0;4;2;1
5508;911;368;0;1;1;0;4;0;3;0;2;2;1
5509;1478;368;0;0;1;0;1;0;0;3;3;1;1
5510;366;368;0;2;0;0;4;0;3;0;2;3;3
5511;253;368;0;0;3;3;0;0;2;0;3;3;4
5512;2759;368;0;0;0;0;0;0;0;5;3;1;1
5513;418;368;0;0;0;0;1;3;0;0;4;1;1
5514;2078;368;1;0;0;0;0;4;0;0;4;2;2
5515;1494;368;1;0;1;0;0;4;0;0;4;1;1
5516;628;368;1;0;0;0;0;5;0;0;5;1;2
5517;1653;368;1;0;0;0;1;3;0;0;4;1;1
5518;2750;368;1;0;0;0;1;0;0;5;4;1;1
5519;210;368;1;0;2;0;0;4;2;0;3;2;2
5520;1030;368;1;0;0;0;1;2;0;5;3;1;1
5521;1398;369;1;0;0;0;0;5;4;0;5;4;3
5522;2687;369;0;3;4;5;0;0;0;0;1;3;1
5523;918;369;1;0;0;0;2;3;5;0;3;3;1
5524;2321;369;1;0;0;0;0;5;3;0;4;3;3
5525;272;369;1;2;5;0;0;0;0;0;3;5;4
5526;2739;369;1;0;1;0;0;3;5;0;5;5;1
5527;477;369;1;0;0;0;0;5;2;0;5;2;3
5528;2464;369;1;0;1;2;4;2;2;0;3;3;1
5529;1347;369;1;5;0;0;0;3;3;0;3;5;4
5530;2888;369;1;3;5;0;0;3;4;0;3;5;3
5531;1826;369;1;0;0;0;0;4;5;0;5;5;3
5532;1108;369;1;0;0;0;0;5;0;0;3;4;2
5533;1606;369;1;0;0;0;0;3;5;0;4;4;3
5534;1678;369;1;0;0;0;0;5;2;0;3;3;3
5535;2441;369;1;0;0;0;3;2;4;0;3;3;2
5536;2321;370;1;0;0;0;0;1;0;0;3;1;1
5537;1826;370;1;0;0;0;0;0;0;1;3;1;1
5538;2888;370;1;0;0;0;0;3;0;0;3;2;2
5539;2464;370;1;0;0;0;0;0;0;3;2;2;2
5540;2687;370;0;0;0;0;1;0;0;0;2;1;1
5541;918;370;0;0;0;0;0;0;0;1;3;1;1
5542;2739;370;1;0;0;0;0;2;0;0;4;2;1
5543;477;370;1;0;0;0;0;3;0;0;4;2;2
5544;1606;370;1;0;0;0;0;0;0;1;3;1;1
5545;1108;370;1;0;0;0;0;0;0;3;4;2;1
5546;1347;370;1;0;0;0;0;5;0;0;5;3;2
5547;1398;370;1;0;0;0;0;4;0;0;5;2;1
5548;2441;370;0;0;0;0;0;0;0;1;3;1;1
5549;272;370;1;0;0;0;0;0;3;0;4;2;1
5550;1678;370;1;0;0;0;0;3;0;0;4;2;1
5551;1826;371;1;0;0;0;0;2;0;0;5;1;2
5552;1678;371;1;0;0;0;0;4;0;0;5;4;3
5553;2739;371;1;0;5;0;0;0;0;0;4;5;1
5554;477;371;1;0;0;0;0;4;0;0;5;3;4
5555;2441;371;0;0;0;0;4;0;0;0;2;3;2
5556;1347;371;0;0;0;0;0;0;3;0;2;2;3
5557;2321;371;0;0;1;0;0;0;0;0;2;2;1
5558;1606;371;1;0;3;0;0;0;0;0;2;2;2
5559;918;371;0;0;0;0;3;0;0;0;1;1;2
5560;1108;371;1;0;0;0;0;4;0;0;5;2;4
5561;2464;371;0;0;3;0;0;0;0;0;1;2;1
5562;272;371;1;0;0;0;0;4;0;0;5;4;4
5563;2888;371;1;0;3;0;0;0;0;0;2;2;3
5564;1398;371;1;0;0;0;0;3;0;0;4;2;3
5565;2687;371;0;0;0;0;0;0;0;3;3;2;3
5566;2464;372;1;0;0;0;1;0;0;3;4;1;3
5567;477;372;1;0;0;0;0;4;0;0;5;2;3
5568;2687;372;1;0;1;0;4;0;0;0;2;2;4
5569;918;372;1;0;0;0;1;0;0;2;2;1;3
5570;2739;372;1;0;1;0;0;0;3;0;4;2;5
5571;1398;372;1;0;0;0;0;5;3;0;5;4;4
5572;272;372;1;0;3;0;0;2;2;0;4;4;3
5573;1678;372;1;0;0;0;0;3;0;2;4;2;5
5574;1606;372;1;0;2;0;0;2;0;2;4;5;5
5575;2321;372;1;0;0;0;0;2;0;3;3;1;2
5576;2888;372;1;0;4;0;0;0;3;0;3;3;3
5577;1826;372;1;0;0;0;0;3;5;0;5;2;4
5578;1108;372;1;0;0;0;0;0;0;3;3;2;1
5579;2441;372;0;0;4;0;3;0;0;0;2;3;4
5580;1347;372;1;0;0;0;0;5;0;0;4;4;4
5581;2321;373;1;0;0;0;0;0;0;4;4;1;1
5582;1398;373;1;0;0;0;0;4;0;0;5;2;1
5583;2739;373;1;0;0;0;0;2;0;3;3;2;4
5584;1678;373;1;0;2;0;2;0;0;0;3;3;4
5585;2888;373;0;0;0;2;0;0;1;0;2;1;2
5586;2464;373;1;0;2;1;0;0;3;0;3;2;2
5587;2687;373;0;0;0;0;0;0;0;4;2;1;1
5588;477;373;1;0;0;0;0;3;0;0;4;1;2
5589;1606;373;1;0;0;0;0;3;0;2;4;2;2
5590;1347;373;1;0;0;0;0;4;0;0;5;3;2
5591;1826;373;1;0;0;0;0;4;0;0;4;2;1
5592;2441;373;1;0;2;0;0;0;0;4;2;3;4
5593;272;373;1;0;0;0;0;0;4;0;4;3;5
5594;918;373;0;0;0;0;2;0;0;3;3;1;3
5595;1108;373;0;0;0;0;0;0;0;5;3;1;3
5596;477;374;1;0;0;0;0;0;0;5;3;3;3
5597;1826;374;0;0;0;0;0;0;0;4;3;3;3
5598;1108;374;0;0;0;3;0;0;0;0;2;1;3
5599;2687;374;1;0;3;0;0;0;0;0;2;3;2
5600;2739;374;1;0;0;0;0;0;0;3;4;2;3
5601;2441;374;1;0;0;0;0;0;3;0;4;2;3
5602;918;374;0;0;0;0;0;0;0;5;3;3;3
5603;1606;374;1;0;0;0;0;5;0;0;5;2;3
5604;2888;374;1;0;0;0;0;0;5;0;4;4;2
5605;2321;374;1;0;0;0;0;0;0;3;3;3;3
5606;1347;374;1;0;0;0;0;5;0;0;5;2;3
5607;1678;374;1;0;0;0;0;4;0;0;4;2;3
5608;2464;374;1;0;2;0;0;0;0;0;3;3;2
5609;1398;374;1;0;0;0;0;4;0;0;4;2;4
5610;272;374;1;0;0;0;0;0;4;0;3;4;3
5611;1347;375;1;0;0;0;0;2;0;0;5;2;1
5612;2687;375;0;0;2;3;0;0;0;0;1;3;1
5613;1398;375;1;0;0;0;0;4;0;0;5;1;1
5614;918;375;1;0;0;0;0;0;0;2;1;1;1
5615;2464;375;1;0;0;0;0;0;3;0;3;3;1
5616;2441;375;0;0;0;0;4;0;0;0;1;1;2
5617;2739;375;1;0;0;0;0;0;4;0;4;3;1
5618;272;375;1;0;0;0;0;0;3;0;4;4;2
5619;2321;375;1;0;0;0;0;3;0;3;3;1;1
5620;1678;375;1;0;0;0;0;0;3;0;4;2;2
5621;2888;375;0;0;2;3;0;0;0;0;2;3;1
5622;477;375;1;0;0;0;0;3;0;2;4;1;1
5623;1108;375;1;0;0;0;0;3;0;2;4;1;3
5624;1606;375;1;0;0;0;0;3;2;0;3;1;1
5625;1826;375;1;0;0;0;0;4;0;0;5;3;1
5626;2888;376;1;0;3;0;0;0;3;0;3;2;3
5627;1606;376;1;0;0;0;0;3;0;4;4;1;3
5628;1826;376;1;0;0;0;0;3;0;5;3;2;3
5629;2739;376;1;0;0;0;0;4;4;0;4;3;2
5630;1347;376;1;0;0;0;0;5;0;0;5;3;4
5631;2464;376;1;0;3;1;2;0;0;3;2;3;2
5632;918;376;1;0;0;0;0;0;0;3;3;1;3
5633;2687;376;1;0;0;3;0;0;0;4;3;2;3
5634;477;376;1;0;0;0;0;0;0;5;3;1;3
5635;1678;376;1;0;0;0;0;4;2;0;4;1;2
5636;2321;376;1;0;0;0;0;3;0;3;3;1;2
5637;2441;376;1;0;0;0;0;3;0;3;4;2;3
5638;1398;376;1;0;0;0;0;5;0;0;4;2;4
5639;272;376;1;0;3;0;0;3;3;0;3;3;3
5640;1108;376;1;0;0;0;0;3;0;0;3;1;3
5641;1678;377;1;0;0;0;0;3;0;0;5;2;2
5642;2464;377;1;0;0;4;0;0;4;0;4;3;2
5643;1826;377;1;0;0;0;0;5;0;0;4;1;1
5644;2739;377;1;0;0;0;0;5;5;0;5;1;2
5645;1398;377;1;0;0;0;0;3;0;0;4;1;2
5646;2687;377;1;0;0;3;0;0;3;0;3;3;3
5647;2888;377;1;0;0;0;0;5;0;0;5;1;2
5648;2321;377;1;0;0;0;0;0;0;3;3;1;2
5649;1347;377;1;0;0;0;0;5;4;0;4;2;2
5650;1606;377;1;0;0;0;0;5;0;0;5;2;2
5651;918;377;1;0;0;0;0;0;4;3;3;1;2
5652;2441;377;1;0;3;0;0;0;0;0;2;3;2
5653;477;377;1;0;0;0;0;5;0;0;4;1;2
5654;272;377;1;0;0;0;0;5;5;0;5;3;3
5655;1108;377;1;0;0;2;0;3;0;0;2;3;2
5656;2739;378;1;0;0;0;0;0;0;5;3;1;3
5657;1826;378;0;0;0;0;0;3;5;0;3;2;3
5658;1678;378;1;0;0;0;0;0;0;5;4;2;3
5659;918;378;0;0;0;0;0;0;0;5;3;1;3
5660;1108;378;0;0;0;0;0;0;0;4;3;1;3
5661;1347;378;1;0;0;0;0;4;0;0;4;2;3
5662;477;378;0;0;0;0;0;3;0;0;3;1;3
5663;2441;378;1;0;0;0;1;0;0;0;4;2;3
5664;2888;378;1;0;0;0;0;0;3;0;4;2;3
5665;1606;378;1;0;0;0;0;4;0;0;4;2;3
5666;272;378;1;0;0;0;0;3;4;0;4;2;3
5667;2321;378;0;0;0;0;0;0;0;5;3;1;1
5668;2464;378;1;0;4;2;3;0;0;0;2;2;2
5669;2687;378;0;0;0;4;3;0;0;0;1;1;2
5670;1398;378;1;0;0;0;0;5;0;0;4;2;2
5671;272;379;1;0;0;0;0;0;0;5;3;1;3
5672;2464;379;1;0;0;3;0;0;0;0;3;1;3
5673;1826;379;1;0;0;0;0;0;0;2;3;1;3
5674;2888;379;1;0;1;0;0;0;0;0;3;1;3
5675;1108;379;1;0;0;0;0;0;0;5;3;1;3
5676;2441;379;1;0;0;0;0;2;0;0;3;1;3
5677;1678;379;1;0;0;0;0;0;0;3;3;1;3
5678;2739;379;1;0;0;0;0;0;0;3;3;1;3
5679;2321;379;1;0;0;0;0;0;0;5;3;1;3
5680;918;379;1;0;0;0;0;0;0;3;3;1;3
5681;477;379;1;0;0;0;0;0;0;3;3;1;3
5682;1606;379;1;0;0;0;0;0;0;1;3;1;3
5683;2687;379;0;0;0;0;0;0;0;1;3;1;3
5684;1398;379;1;0;0;0;0;3;0;0;3;1;3
5685;1347;379;1;0;0;0;0;4;0;0;3;1;3
5686;1678;380;1;0;0;0;0;2;0;4;3;1;1
5687;2888;380;0;0;0;0;0;0;2;4;3;2;3
5688;1606;380;1;0;0;0;0;4;3;0;4;3;2
5689;1398;380;1;0;0;0;0;5;5;0;5;4;3
5690;2464;380;1;0;2;0;0;0;2;0;2;2;2
5691;918;380;1;0;0;0;3;0;4;0;3;1;2
5692;477;380;1;0;0;0;0;3;0;5;3;2;3
5693;272;380;1;0;0;0;0;0;5;0;3;1;3
5694;2441;380;1;0;0;0;0;4;4;0;3;1;2
5695;2739;380;1;1;0;0;0;0;4;0;3;1;1
5696;1826;380;1;0;0;0;0;5;5;0;5;3;3
5697;2321;380;1;0;0;0;0;3;0;5;3;2;5
5698;1108;380;1;0;0;0;0;5;0;0;5;4;5
5699;2687;380;1;0;4;3;0;0;3;0;2;4;1
5700;1347;380;1;0;0;0;0;5;0;2;4;4;3
5701;1826;381;0;0;0;0;0;0;0;3;3;3;3
5702;2687;381;0;0;0;0;0;0;0;4;3;3;3
5703;272;381;0;0;0;0;0;0;0;3;3;3;3
5704;2321;381;1;0;0;0;0;0;0;3;3;3;3
5705;2464;381;1;0;0;0;0;0;0;3;3;3;3
5706;2888;381;1;0;0;0;0;0;0;4;3;3;3
5707;2441;381;1;0;0;0;0;0;0;5;3;3;3
5708;1347;381;1;0;0;0;0;1;0;0;4;3;3
5709;2739;381;1;0;0;0;0;0;0;2;3;3;3
5710;918;381;1;0;0;0;0;0;0;1;3;3;3
5711;477;381;0;0;0;0;0;0;0;1;3;3;3
5712;1678;381;1;0;0;0;0;0;0;3;3;3;3
5713;1108;381;0;0;0;0;1;0;0;0;3;3;3
5714;1606;381;1;0;0;0;0;0;0;3;3;3;3
5715;1398;381;0;0;0;0;0;0;0;1;3;3;3
5716;918;382;1;0;0;0;0;3;0;4;5;1;2
5717;1347;382;1;0;1;0;0;4;0;2;3;3;2
5718;1606;382;1;0;0;0;0;3;1;0;4;2;1
5719;2888;382;1;0;2;0;0;1;3;0;3;3;2
5720;2441;382;1;0;0;0;2;0;0;0;2;1;1
5721;1108;382;1;0;0;0;0;3;1;1;4;2;1
5722;1826;382;1;0;0;0;0;3;3;0;4;2;2
5723;272;382;1;0;2;0;0;4;1;0;4;3;2
5724;2687;382;1;0;1;0;0;0;2;0;3;2;1
5725;1398;382;1;0;0;0;0;4;1;1;4;3;2
5726;2321;382;1;0;0;0;0;0;0;3;3;1;1
5727;1678;382;1;0;0;0;1;1;1;0;2;2;1
5728;2464;382;1;0;0;1;0;3;2;0;3;2;2
5729;477;382;1;0;0;0;0;3;0;1;4;2;1
5730;2739;382;1;0;0;0;0;4;0;2;4;2;2
5731;1678;383;1;0;0;0;0;0;0;4;3;2;3
5732;1826;383;0;0;0;0;0;0;0;3;3;1;3
5733;1398;383;1;0;0;0;0;2;0;0;3;1;3
5734;2739;383;1;0;0;0;0;0;0;3;3;3;3
5735;1108;383;0;0;0;0;0;0;0;3;3;1;3
5736;2888;383;1;0;0;0;0;0;4;0;3;3;3
5737;918;383;0;0;0;0;0;0;0;1;3;1;3
5738;477;383;1;0;0;0;0;0;0;3;1;3;3
5739;1347;383;1;0;0;0;0;4;0;0;3;3;3
5740;272;383;1;0;0;0;0;0;4;0;4;4;4
5741;2464;383;1;0;0;0;0;0;4;0;3;3;3
5742;1606;383;1;0;0;0;0;0;0;3;3;3;3
5743;2441;383;1;0;0;0;0;0;0;3;3;3;3
5744;2687;383;1;0;0;3;0;0;0;0;3;3;3
5745;2321;383;1;0;0;0;0;3;0;0;3;3;3
5746;918;384;1;0;0;0;0;4;0;2;4;2;3
5747;272;384;0;0;3;0;2;0;0;0;2;2;4
5748;1398;384;0;2;0;0;0;0;0;0;2;1;1
5749;2464;384;1;0;0;0;0;4;3;0;4;3;1
5750;1606;384;1;0;0;0;0;4;2;0;4;2;2
5751;2441;384;1;0;1;0;2;0;0;0;2;2;2
5752;1826;384;1;2;0;0;0;4;0;0;3;3;3
5753;1108;384;0;0;0;0;0;2;2;0;3;1;3
5754;1678;384;1;0;0;0;0;3;0;0;4;2;1
5755;477;384;0;0;3;0;0;0;3;0;2;3;3
5756;2888;384;1;0;3;0;0;0;0;0;2;3;3
5757;1347;384;0;4;3;0;0;0;0;0;1;3;4
5758;2739;384;0;0;3;0;0;0;3;0;2;3;2
5759;2321;384;1;0;0;0;0;0;3;2;4;2;3
5760;2687;384;0;0;0;3;3;0;0;0;2;2;2
5761;1108;385;1;1;1;1;1;1;1;5;3;3;3
5762;1398;385;1;1;1;1;1;2;2;3;4;3;3
5763;2441;385;1;1;1;1;2;2;0;0;3;3;3
5764;2888;385;0;0;0;0;0;0;0;3;2;1;1
5765;1606;385;1;0;0;0;0;3;0;0;4;4;3
5766;2739;385;0;0;0;0;0;0;0;5;2;2;2
5767;272;385;1;0;0;0;0;5;0;0;5;5;3
5768;2687;385;0;3;3;5;5;0;0;0;1;1;3
5769;2464;385;0;0;0;0;0;0;0;3;3;3;3
5770;477;385;1;0;0;0;0;0;0;3;3;3;3
5771;2321;385;0;0;0;0;0;0;0;5;3;3;3
5772;1826;385;1;0;0;0;0;0;0;5;3;3;3
5773;1678;385;1;0;0;0;0;2;0;0;3;3;2
5774;1347;385;1;0;0;0;0;1;0;0;4;3;2
5775;918;385;0;0;0;0;0;0;0;3;3;3;3
5776;272;386;1;0;0;0;0;4;0;0;4;3;3
5777;1606;386;0;1;0;1;2;3;0;0;3;3;3
5778;1108;386;1;0;0;0;0;5;2;0;5;4;4
5779;2441;386;0;0;1;0;3;1;0;0;3;3;2
5780;2739;386;1;0;0;0;0;3;3;0;4;3;2
5781;1826;386;1;1;0;0;0;5;2;0;4;4;2
5782;2464;386;0;2;0;5;5;0;1;0;1;1;2
5783;2687;386;0;2;1;5;4;0;1;0;1;2;1
5784;1398;386;1;0;0;0;0;5;1;0;5;3;2
5785;2888;386;0;0;2;5;4;0;1;0;2;1;1
5786;918;386;0;0;0;0;1;0;0;5;3;1;1
5787;1678;386;1;0;0;0;0;5;1;0;4;2;1
5788;477;386;1;0;0;0;0;4;2;0;5;3;2
5789;2321;386;1;0;0;0;0;5;1;0;4;2;1
5790;1347;386;1;0;1;1;0;4;2;0;4;3;2
5791;2321;387;1;0;0;0;0;0;0;4;3;1;2
5792;2888;387;0;0;0;4;0;0;0;0;3;4;3
5793;272;387;1;0;0;0;0;4;4;0;5;5;4
5794;1398;387;1;0;0;0;0;3;0;0;4;3;3
5795;2739;387;1;0;0;0;0;4;3;0;3;4;4
5796;1347;387;0;3;3;0;0;0;0;0;4;3;5
5797;918;387;1;0;0;0;1;0;3;0;3;4;4
5798;477;387;1;0;0;0;0;3;0;3;1;2;2
5799;1678;387;1;0;0;0;0;4;5;0;3;4;3
5800;2464;387;1;0;2;0;0;0;3;2;3;2;2
5801;2441;387;0;0;0;0;0;2;0;3;2;2;3
5802;2687;387;0;1;4;2;2;0;0;0;1;2;3
5803;1606;387;1;0;0;0;1;5;3;0;1;4;4
5804;1108;387;1;0;0;0;0;2;0;0;3;2;2
5805;1826;387;1;0;0;0;0;3;2;0;3;1;4
5806;2739;388;1;0;0;0;0;0;0;5;2;4;2
5807;1398;388;1;0;0;0;0;5;0;0;4;2;3
5808;1606;388;1;0;0;0;0;3;0;3;3;2;2
5809;2321;388;0;0;0;0;0;0;0;5;3;1;2
5810;2888;388;0;0;0;3;0;0;0;2;3;1;2
5811;272;388;1;0;0;0;0;0;3;0;3;3;2
5812;1826;388;1;0;0;0;0;0;0;3;3;1;2
5813;2687;388;0;4;0;3;0;0;0;0;2;4;3
5814;477;388;1;0;0;0;0;0;0;3;3;1;3
5815;2441;388;1;0;0;0;2;0;0;3;2;1;3
5816;2464;388;1;3;0;2;0;0;0;0;2;3;2
5817;1108;388;1;0;0;0;0;0;0;3;3;1;3
5818;1678;388;1;0;0;0;0;4;0;0;4;2;3
5819;918;388;1;0;0;0;0;0;0;3;3;1;2
5820;1347;388;1;0;0;0;0;0;2;3;3;2;1
5821;1826;389;1;0;0;0;0;4;2;0;5;3;2
5822;2441;389;1;0;1;0;2;0;0;0;3;1;2
5823;2687;389;1;0;1;4;3;0;0;0;2;1;1
5824;477;389;1;0;0;0;0;2;0;0;4;1;2
5825;2888;389;1;0;2;0;1;0;0;0;2;2;2
5826;1347;389;1;3;0;0;0;2;0;0;3;4;3
5827;2739;389;1;0;0;0;3;3;0;0;3;1;2
5828;1678;389;1;0;0;0;0;3;0;0;3;2;2
5829;1108;389;1;0;0;0;0;4;0;0;4;3;3
5830;2321;389;1;0;0;0;0;0;0;4;3;1;2
5831;1606;389;1;0;0;0;0;3;0;1;4;2;2
5832;2464;389;1;0;2;3;2;0;0;0;2;2;2
5833;1398;389;1;0;0;2;0;4;2;0;4;3;2
5834;272;389;1;0;3;0;0;3;1;0;5;5;3
5835;918;389;1;0;0;0;0;0;0;2;3;2;2
5836;1606;390;1;0;0;0;0;3;0;4;4;2;2
5837;1347;390;1;0;0;0;0;5;0;0;4;5;4
5838;2464;390;1;0;2;0;0;0;1;3;3;2;2
5839;918;390;1;0;0;0;0;2;0;5;2;2;4
5840;477;390;1;0;0;0;0;4;0;3;5;3;5
5841;2739;390;1;0;1;0;0;0;3;3;4;1;5
5842;2441;390;1;0;0;0;3;0;0;2;2;1;3
5843;272;390;1;0;2;0;0;3;3;0;5;5;5
5844;1678;390;1;0;0;0;0;3;0;5;4;2;5
5845;1108;390;1;0;0;0;0;3;0;0;4;1;5
5846;1398;390;1;0;0;0;0;5;0;0;3;5;5
5847;2888;390;1;0;4;0;0;0;3;0;3;3;5
5848;2687;390;1;0;0;2;0;0;0;4;2;1;2
5849;2321;390;1;0;0;0;0;2;0;4;2;2;4
5850;1826;390;1;0;0;0;0;4;2;0;4;4;5
5851;2321;391;0;0;0;0;0;0;0;3;3;1;1
5852;477;391;1;0;0;0;0;2;0;0;4;1;1
5853;2687;391;0;0;1;3;0;0;1;0;2;2;2
5854;2464;391;1;0;0;0;1;0;2;0;3;1;1
5855;1678;391;1;0;0;0;1;0;1;0;3;1;1
5856;272;391;1;0;0;0;0;2;2;0;4;3;2
5857;1606;391;1;0;1;0;0;0;2;0;3;2;1
5858;2888;391;0;0;2;3;0;0;0;0;3;2;2
5859;1108;391;1;0;0;0;0;3;0;0;3;2;1
5860;1347;391;1;0;0;0;0;2;0;0;3;1;3
5861;918;391;1;0;0;0;0;0;0;1;3;1;1
5862;1398;391;1;0;0;0;0;3;0;0;3;2;2
5863;2441;391;1;0;0;0;0;1;1;0;3;2;2
5864;2739;391;1;0;0;0;0;0;1;1;3;2;2
5865;1826;391;1;0;0;0;0;1;1;0;3;1;1
5866;2108;392;1;0;0;0;0;0;0;3;3;3;5
5867;2607;392;1;0;0;0;0;4;0;0;4;2;5
5868;2194;392;1;0;0;0;0;5;0;0;5;4;5
5869;895;392;0;0;0;0;4;0;0;0;1;1;2
5870;716;392;1;0;0;0;0;3;0;0;4;2;5
5871;2082;392;1;0;0;0;0;5;0;0;5;4;3
5872;641;392;1;0;0;0;0;5;0;0;5;3;5
5873;2156;392;1;0;0;0;0;5;0;0;5;4;4
5874;2490;392;0;0;0;0;1;0;0;0;2;3;3
5875;2558;392;1;0;0;0;0;5;0;0;5;4;5
5876;2452;392;1;0;0;0;0;0;0;3;2;1;3
5877;2104;392;1;0;0;0;0;5;0;0;5;4;3
5878;2666;392;0;0;3;0;0;0;0;0;1;4;2
5879;2599;392;1;0;0;0;0;5;0;0;4;2;5
5880;1102;392;1;0;0;0;0;4;0;0;5;4;5
5881;641;393;1;0;0;0;0;5;0;0;5;2;3
5882;2607;393;1;0;0;0;0;0;4;0;4;1;2
5883;2108;393;1;0;0;0;0;4;0;0;4;1;3
5884;1102;393;1;0;0;0;0;5;0;0;5;2;3
5885;2490;393;1;0;0;0;0;0;4;0;3;1;2
5886;2156;393;1;0;0;0;0;3;0;0;3;1;2
5887;2666;393;1;0;0;0;0;0;4;0;2;1;2
5888;716;393;1;0;0;0;0;4;0;0;3;1;2
5889;2599;393;1;0;0;0;0;5;0;0;3;2;3
5890;2452;393;1;0;0;0;0;0;4;0;3;1;2
5891;2194;393;1;0;0;0;0;4;0;0;3;1;2
5892;2082;393;1;0;0;0;0;4;0;0;3;1;3
5893;2104;393;1;0;0;0;0;5;0;0;3;1;3
5894;895;393;1;0;0;0;0;0;4;0;3;1;3
5895;2558;393;1;0;0;0;0;0;4;0;3;1;3
5896;2607;394;1;0;0;0;0;0;0;4;3;5;5
5897;2156;394;1;0;0;0;0;4;0;0;3;3;3
5898;2452;394;1;0;0;0;0;0;3;0;3;2;2
5899;2194;394;1;0;0;0;0;3;0;0;3;3;3
5900;2666;394;1;0;0;0;2;0;0;0;2;2;3
5901;716;394;1;0;0;0;0;3;0;0;3;3;3
5902;2082;394;1;0;0;0;0;3;0;0;3;3;3
5903;2108;394;1;0;0;0;0;0;0;3;2;3;3
5904;2104;394;1;0;0;0;0;3;0;0;3;4;3
5905;895;394;1;0;0;0;3;0;0;0;3;3;3
5906;2599;394;1;0;0;0;0;0;2;0;2;2;2
5907;641;394;1;0;0;0;0;2;0;0;3;3;3
5908;2558;394;1;0;0;0;0;3;0;0;3;2;3
5909;2490;394;1;3;0;0;0;0;0;0;3;4;3
5910;1102;394;1;0;0;0;0;4;0;0;3;2;3
5911;2156;395;1;0;0;0;0;4;0;0;3;2;2
5912;2082;395;1;0;0;0;0;4;0;0;4;3;4
5913;2666;395;0;0;0;0;3;0;0;0;1;1;1
5914;2558;395;1;0;0;0;0;4;0;0;4;3;3
5915;641;395;1;0;0;0;0;5;0;0;5;5;5
5916;2490;395;1;0;0;0;0;0;0;1;1;1;1
5917;1102;395;1;0;0;0;0;4;0;0;3;3;3
5918;895;395;0;0;0;0;4;0;0;0;1;1;1
5919;2452;395;0;0;0;0;0;0;0;3;1;1;1
5920;716;395;0;0;0;0;0;0;0;3;1;1;1
5921;2108;395;1;0;0;0;0;0;4;0;3;3;3
5922;2104;395;1;0;0;0;0;3;0;0;3;3;3
5923;2599;395;1;0;0;0;0;0;0;3;3;3;3
5924;2607;395;1;0;0;0;3;0;0;0;3;3;3
5925;2194;395;1;0;0;0;0;5;0;0;4;4;4
5926;895;396;0;0;0;0;0;0;0;5;3;3;3
5927;2108;396;1;0;0;0;0;0;0;5;3;3;5
5928;2558;396;1;0;0;0;0;3;0;0;4;3;3
5929;2104;396;1;0;0;0;0;0;0;3;3;3;3
5930;2666;396;0;0;0;0;0;0;1;0;3;3;3
5931;2156;396;1;0;0;0;0;3;0;0;5;3;5
5932;2452;396;0;0;0;0;0;0;0;5;3;3;4
5933;1102;396;1;0;0;0;0;1;0;0;3;3;5
5934;2607;396;1;0;0;0;0;0;0;1;3;3;3
5935;2082;396;1;0;0;0;0;0;0;1;3;3;3
5936;2599;396;1;0;0;0;0;3;0;0;4;3;5
5937;641;396;1;0;0;0;0;3;0;0;3;3;3
5938;2490;396;0;0;0;0;0;0;0;1;3;1;5
5939;716;396;1;0;0;0;0;0;0;1;3;3;3
5940;2194;396;1;0;0;0;0;4;0;0;5;1;5
5941;1570;397;0;0;4;0;0;0;0;0;2;1;1
5942;2910;397;1;0;2;0;0;3;0;0;3;3;2
5943;2136;397;1;0;0;0;0;5;0;0;5;4;3
5944;317;397;0;5;0;5;5;0;5;0;1;5;1
5945;224;397;0;5;5;2;5;0;5;0;1;4;1
5946;2235;397;1;0;0;0;0;0;0;5;3;1;3
5947;1307;397;1;0;0;0;0;3;0;0;5;2;3
5948;89;397;1;0;0;0;2;0;0;0;2;1;3
5949;1999;397;0;0;0;0;4;0;0;0;2;1;3
5950;1301;397;1;0;0;0;0;3;0;3;5;2;3
5951;2830;397;1;0;0;0;0;0;0;5;3;1;3
5952;1379;397;1;0;0;0;0;2;0;3;4;1;3
5953;149;397;0;0;0;5;5;0;5;0;1;1;1
5954;2568;397;1;0;0;0;0;4;0;0;4;1;3
5955;2758;397;0;0;0;0;4;0;0;0;2;1;2
5956;527;398;1;0;0;0;0;5;0;0;3;5;5
5957;2080;398;1;0;0;0;0;5;0;0;4;4;4
5958;475;398;1;0;0;0;0;5;0;0;4;3;4
5959;609;398;1;0;0;0;0;4;0;0;4;4;4
5960;275;398;1;0;0;0;0;0;0;4;2;1;1
5961;82;398;1;0;0;0;0;4;0;0;3;3;3
5962;2752;398;0;0;3;0;4;0;0;0;3;1;1
5963;2504;398;0;2;0;0;3;0;0;0;1;1;1
5964;206;398;1;0;0;0;0;4;0;0;3;4;3
5965;2643;398;1;0;0;0;0;0;0;4;1;1;1
5966;1333;398;1;0;0;0;0;4;0;0;3;1;2
5967;2112;398;1;0;0;0;0;4;0;0;3;4;4
5968;103;398;1;0;0;0;0;4;4;0;2;3;2
5969;261;398;1;0;5;0;0;0;0;0;1;1;1
5970;196;398;1;0;0;0;0;3;0;0;1;2;2
5971;1307;399;1;0;0;0;0;4;0;0;4;2;3
5972;1301;399;1;0;0;0;0;4;4;0;5;3;3
5973;2758;399;1;0;2;0;0;0;0;3;3;1;4
5974;2235;399;1;0;0;0;2;0;0;0;3;1;2
5975;1379;399;1;0;0;0;0;5;0;0;4;3;3
5976;89;399;1;1;1;0;3;0;0;0;3;2;3
5977;2568;399;1;0;0;0;0;3;0;0;4;1;1
5978;149;399;0;0;2;3;2;0;0;0;2;3;4
5979;1999;399;0;0;3;0;4;0;0;0;1;3;3
5980;2830;399;1;0;0;0;0;0;0;3;3;1;2
5981;1570;399;1;0;1;0;0;0;0;0;3;2;2
5982;2136;399;1;0;0;0;0;3;0;0;4;1;3
5983;317;399;0;2;0;0;5;0;0;0;1;3;2
5984;224;399;0;5;5;0;5;0;0;0;1;5;2
5985;2910;399;1;0;0;0;0;0;0;3;3;1;3
5986;2112;400;1;0;0;0;0;5;0;0;5;4;5
5987;2504;400;0;0;0;0;0;0;3;0;3;1;1
5988;89;400;1;0;0;0;4;0;0;0;3;1;2
5989;149;400;0;0;0;0;5;0;0;0;1;1;1
5990;206;400;1;0;0;0;0;5;0;0;4;4;4
5991;475;400;1;0;0;0;0;5;0;0;5;4;4
5992;1379;400;1;0;0;0;0;5;0;0;5;5;5
5993;2830;400;1;0;5;0;0;0;0;0;2;2;2
5994;317;400;0;5;0;0;5;0;0;0;1;1;1
5995;1307;400;1;0;0;0;0;5;0;0;3;3;3
5996;1570;400;1;0;0;0;0;0;0;5;3;1;1
5997;2080;400;1;0;0;0;0;0;0;5;3;1;1
5998;527;400;1;0;0;0;0;5;5;0;4;3;4
5999;609;400;1;0;0;0;0;0;0;5;3;2;3
6000;2758;400;0;0;0;0;0;0;0;5;2;1;1
6001;2490;401;1;4;2;1;1;1;1;3;3;1;3
6002;2156;401;1;0;0;0;0;5;0;0;5;3;3
6003;2194;401;1;0;0;0;0;5;0;0;5;5;1
6004;895;401;0;0;0;3;0;0;0;5;2;2;2
6005;716;401;1;0;0;0;0;4;2;0;4;3;1
6006;2558;401;1;0;0;0;0;4;0;0;3;2;4
6007;2599;401;1;0;0;0;0;4;0;0;4;3;5
6008;2607;401;1;0;0;0;0;0;0;4;3;1;4
6009;2104;401;1;0;2;0;0;4;0;0;3;4;1
6010;2666;401;0;0;4;0;5;0;0;0;2;4;1
6011;641;401;1;3;5;0;5;0;0;0;1;4;1
6012;2108;401;0;4;5;0;5;0;0;0;1;5;1
6013;2082;401;1;0;2;0;0;4;0;0;2;3;1
6014;2452;401;0;0;0;3;0;0;0;3;2;1;3
6015;1102;401;1;0;0;0;0;5;5;0;5;5;3
6016;2108;402;1;0;3;0;0;0;0;0;5;3;3
6017;2607;402;1;0;0;0;4;0;0;0;4;2;5
6018;2558;402;1;0;0;0;0;5;0;0;5;3;4
6019;2156;402;1;0;0;0;0;4;0;0;3;4;4
6020;2194;402;1;0;0;0;0;5;0;0;5;5;5
6021;2599;402;1;0;0;0;0;0;0;3;4;2;2
6022;2490;402;1;0;0;4;0;0;0;0;2;1;1
6023;2104;402;1;0;0;0;0;0;5;0;4;4;4
6024;2082;402;1;0;5;0;0;0;0;0;5;5;5
6025;2452;402;1;0;0;0;0;0;0;3;3;3;3
6026;2666;402;1;0;0;0;5;0;0;0;4;5;2
6027;716;402;1;0;0;0;0;5;0;0;3;3;3
6028;641;402;1;0;0;0;0;0;3;4;3;3;3
6029;895;402;1;0;0;0;0;0;4;0;5;2;3
6030;1102;402;1;0;0;0;0;5;0;0;2;2;3
6031;206;403;1;0;0;0;0;2;0;5;3;3;3
6032;2136;403;1;0;0;0;0;5;4;0;5;4;4
6033;1301;403;1;0;0;0;0;3;0;0;3;1;3
6034;224;403;0;5;3;5;5;0;0;0;1;1;1
6035;2235;403;0;0;0;0;0;0;0;5;2;1;5
6036;2910;403;1;0;0;0;0;0;0;3;3;1;1
6037;609;403;1;0;0;0;0;4;0;0;5;2;2
6038;1379;403;1;0;0;0;0;4;0;0;5;3;3
6039;1307;403;1;0;0;0;0;5;0;0;5;3;3
6040;2830;403;1;0;0;0;0;0;0;4;5;3;3
6041;149;403;0;0;3;0;5;0;5;0;1;4;1
6042;89;403;0;0;0;0;4;0;0;0;1;1;1
6043;2758;403;1;0;3;0;2;0;0;0;2;1;1
6044;317;403;0;3;0;0;5;0;0;0;1;1;1
6045;1570;403;1;0;2;0;0;0;3;0;2;2;1
6046;206;404;1;0;0;0;0;5;0;0;5;5;5
6047;2910;404;1;0;0;0;0;4;0;0;4;3;3
6048;224;404;0;5;0;0;0;0;0;0;1;1;1
6049;2136;404;1;0;0;0;0;5;0;0;5;4;4
6050;2235;404;1;0;0;0;0;4;0;0;4;4;4
6051;1301;404;0;0;0;0;0;0;3;0;3;2;3
6052;609;404;1;0;0;0;0;0;4;0;3;2;3
6053;1570;404;0;0;0;0;0;0;3;0;3;2;2
6054;1379;404;1;0;0;0;0;0;4;0;3;3;3
6055;2758;404;0;0;0;0;0;0;2;0;2;2;2
6056;149;404;0;0;4;0;0;0;0;0;1;1;1
6057;1307;404;1;0;0;0;0;5;0;0;5;5;5
6058;2830;404;0;0;0;0;3;0;0;0;2;1;2
6059;317;404;0;5;0;0;0;0;0;0;1;1;1
6060;89;404;0;0;0;0;0;0;2;0;2;2;2
6061;275;405;1;0;0;0;0;0;0;3;3;3;3
6062;2504;405;1;0;0;0;5;0;0;0;1;1;1
6063;527;405;1;0;0;0;0;4;0;0;4;4;4
6064;2112;405;0;0;0;0;0;0;0;4;4;4;4
6065;475;405;1;0;0;0;0;4;0;0;4;4;4
6066;2568;405;1;0;0;0;0;0;0;3;3;3;3
6067;2080;405;1;0;0;0;0;0;0;3;3;3;3
6068;1999;405;1;0;0;0;5;0;0;0;1;1;1
6069;2235;405;1;0;0;0;0;0;0;2;2;2;2
6070;224;405;0;0;5;0;5;0;0;0;1;1;1
6071;609;405;1;0;0;0;0;0;0;3;3;3;3
6072;1301;405;0;0;0;0;0;2;0;0;2;2;2
6073;206;405;1;0;0;0;0;0;0;3;3;3;3
6074;2136;405;1;0;0;0;0;4;0;0;4;4;4
6075;2910;405;1;0;2;0;0;0;0;0;2;2;2
6076;196;406;1;0;0;0;0;4;0;0;3;4;5
6077;1999;406;0;0;0;0;5;0;0;0;3;1;1
6078;527;406;1;0;0;0;0;0;0;4;3;3;3
6079;2080;406;1;0;0;0;0;3;0;0;3;4;4
6080;2504;406;1;0;0;0;0;0;0;3;3;3;3
6081;475;406;1;0;0;0;0;4;0;0;4;4;4
6082;2568;406;1;0;0;0;0;4;0;0;4;2;3
6083;2112;406;1;0;0;0;0;4;0;0;3;4;4
6084;206;406;1;0;0;0;0;0;0;3;3;3;5
6085;1301;406;1;0;0;0;0;4;0;0;3;3;3
6086;2136;406;1;0;0;0;0;0;0;4;3;3;4
6087;2235;406;1;0;0;0;0;0;0;3;3;3;3
6088;224;406;0;4;4;4;4;0;0;0;4;4;4
6089;2910;406;1;0;0;0;0;4;4;0;4;4;4
6090;609;406;1;0;0;0;0;4;0;0;4;4;4
6091;261;407;1;1;3;1;1;1;4;1;2;2;5
6092;2643;407;0;0;0;0;3;0;3;0;3;3;4
6093;1333;407;1;0;0;0;0;2;0;3;1;1;5
6094;2752;407;1;0;0;2;4;0;4;0;2;3;4
6095;82;407;1;0;0;0;0;4;2;0;4;2;3
6096;103;407;1;0;0;0;0;0;5;0;2;2;4
6097;275;407;1;0;0;0;0;3;3;0;4;2;4
6098;196;407;1;0;2;0;0;4;0;0;3;4;3
6099;2080;407;1;0;0;0;0;0;0;5;3;3;3
6100;527;407;1;0;0;0;0;2;0;5;3;3;3
6101;2568;407;1;0;0;0;0;4;0;2;3;1;3
6102;2504;407;1;0;0;0;4;0;3;0;2;3;4
6103;475;407;1;0;0;0;0;4;0;0;3;4;3
6104;2112;407;1;0;0;0;0;4;0;0;4;4;2
6105;1999;407;1;0;3;0;5;0;0;0;2;4;2
6106;103;408;0;0;0;2;0;0;1;4;3;3;2
6107;261;408;1;0;1;0;0;0;4;0;4;4;4
6108;1333;408;1;0;0;0;0;4;0;0;5;3;3
6109;2752;408;0;0;3;5;0;0;0;0;2;4;2
6110;82;408;1;0;0;0;0;5;0;0;5;3;4
6111;2643;408;1;0;0;0;0;5;3;0;5;4;2
6112;275;408;1;1;3;0;0;2;0;0;4;4;4
6113;196;408;1;0;1;0;0;4;3;0;5;4;5
6114;2504;408;1;0;0;0;0;4;0;2;4;2;3
6115;475;408;1;0;0;0;0;5;0;0;5;4;3
6116;2080;408;1;0;2;0;0;4;1;0;4;4;2
6117;1999;408;1;0;0;0;5;0;0;0;2;2;2
6118;2568;408;1;0;0;0;0;5;3;0;5;3;4
6119;527;408;1;0;0;0;2;3;0;0;4;2;3
6120;2112;408;1;0;0;0;0;4;1;0;4;2;3
6121;493;409;1;0;0;0;3;0;0;0;4;1;1
6122;2397;409;1;0;0;0;2;4;0;0;4;3;1
6123;2488;409;1;0;0;0;0;0;0;3;3;1;1
6124;2423;409;1;0;0;0;2;0;0;0;2;1;1
6125;2906;409;0;0;0;0;0;0;0;2;3;1;1
6126;774;409;0;0;1;1;1;0;0;0;3;2;2
6127;2188;409;1;0;0;0;2;0;2;0;2;2;2
6128;1333;409;1;0;0;0;0;4;0;0;3;3;3
6129;103;409;1;0;0;0;0;0;1;1;3;1;1
6130;2643;409;1;0;0;0;0;0;3;0;4;3;2
6131;2752;409;0;0;0;1;5;0;0;0;1;2;2
6132;82;409;1;0;0;0;0;4;0;0;4;2;2
6133;261;409;1;0;3;0;0;0;0;0;3;3;3
6134;196;409;1;0;4;0;0;3;1;0;3;4;2
6135;275;409;1;0;0;0;0;0;0;5;3;1;1
6136;1408;410;1;0;0;0;0;3;0;0;4;4;5
6137;539;410;1;0;0;0;0;5;0;0;5;3;3
6138;2817;410;1;0;0;0;0;0;0;4;3;1;1
6139;3017;410;0;0;0;0;0;0;3;0;2;1;1
6140;1878;410;1;0;0;0;4;0;0;0;2;2;1
6141;2785;410;0;0;0;0;0;2;0;0;3;1;5
6142;521;410;1;0;0;0;0;0;4;0;5;4;1
6143;82;410;1;0;0;0;0;4;0;0;5;4;3
6144;261;410;1;0;3;0;0;0;0;0;3;4;1
6145;1333;410;0;0;0;0;0;2;0;0;4;1;2
6146;2643;410;1;0;0;0;0;0;0;4;3;1;4
6147;2752;410;0;0;0;0;4;0;0;0;1;3;2
6148;103;410;1;0;0;0;0;3;0;0;4;2;3
6149;196;410;1;0;0;0;0;0;4;0;4;4;1
6150;275;410;1;0;3;0;0;0;0;0;4;4;3
6151;1767;411;0;0;3;0;4;0;0;0;2;3;4
6152;539;411;1;0;0;0;0;3;0;2;4;2;2
6153;2785;411;0;0;0;0;0;0;0;4;3;1;1
6154;3017;411;1;1;0;0;2;0;0;0;3;2;2
6155;2906;411;1;0;0;0;0;3;0;0;4;2;2
6156;2817;411;0;0;3;0;0;0;0;0;3;2;1
6157;1408;411;1;0;0;0;0;4;0;0;4;3;3
6158;2488;411;1;0;0;0;0;0;1;3;3;1;1
6159;2397;411;1;0;0;0;0;2;0;4;3;2;2
6160;2423;411;1;0;2;0;0;1;0;2;3;3;3
6161;493;411;1;0;0;0;0;0;0;4;3;1;1
6162;1878;411;1;0;1;1;0;0;0;0;3;2;1
6163;774;411;1;0;1;2;0;0;0;0;3;4;3
6164;521;411;1;0;0;0;1;3;1;0;4;2;2
6165;2188;411;0;1;3;0;5;0;3;0;1;4;4
6166;2790;412;0;0;2;0;0;0;0;0;2;2;2
6167;2785;412;1;0;0;0;0;0;4;0;4;4;3
6168;521;412;1;0;0;0;0;5;3;0;5;4;5
6169;2188;412;0;0;4;0;3;0;3;0;1;2;1
6170;2906;412;1;0;0;0;0;2;0;3;3;3;5
6171;2397;412;1;0;0;0;0;4;0;0;4;2;5
6172;2488;412;1;0;0;0;0;0;3;3;3;4;2
6173;2423;412;1;0;0;0;0;0;0;3;3;3;2
6174;774;412;1;0;0;0;0;2;0;3;3;1;4
6175;1878;412;1;0;4;0;0;0;0;0;3;4;2
6176;2817;412;0;0;4;0;0;0;0;0;2;2;4
6177;493;412;1;0;0;0;0;0;3;0;4;3;2
6178;3017;412;1;0;0;0;2;0;0;0;2;2;3
6179;1408;412;1;0;0;0;0;5;0;0;5;3;1
6180;539;412;1;0;0;0;0;3;0;0;4;2;2
6181;1767;413;0;0;0;0;3;0;0;0;1;1;5
6182;2817;413;1;0;0;0;0;0;0;3;3;3;3
6183;521;413;1;0;0;0;0;0;5;0;5;5;5
6184;2423;413;1;0;0;0;2;0;0;0;4;3;3
6185;2188;413;1;0;2;0;5;0;0;0;4;2;5
6186;2488;413;1;0;0;0;2;0;0;5;4;3;5
6187;539;413;1;0;0;0;0;5;0;0;5;5;5
6188;774;413;1;0;0;0;5;0;0;0;5;5;5
6189;2906;413;1;0;0;0;0;4;0;0;4;4;4
6190;493;413;1;0;0;0;0;0;0;3;4;3;4
6191;1878;413;1;0;0;0;4;0;0;0;4;3;3
6192;2785;413;1;0;2;0;4;0;0;0;4;2;5
6193;3017;413;0;0;0;0;4;0;0;2;4;3;3
6194;1408;413;1;0;0;0;0;4;1;0;4;4;5
6195;2397;413;1;0;0;0;0;0;0;4;2;3;5
6196;1767;414;1;0;0;0;0;0;0;5;5;1;5
6197;1878;414;1;0;0;0;0;0;0;5;5;1;5
6198;2817;414;0;0;0;0;0;0;0;5;5;1;5
6199;2397;414;1;0;0;0;0;0;1;5;5;1;5
6200;539;414;0;0;0;0;0;0;0;5;5;1;5
6201;2785;414;1;0;0;0;0;0;0;5;5;1;5
6202;774;414;1;0;0;0;0;0;0;5;5;1;5
6203;2488;414;0;0;0;0;0;0;0;5;5;1;5
6204;1408;414;1;0;0;0;0;3;0;5;5;1;5
6205;3017;414;1;0;0;0;0;0;0;5;5;1;5
6206;521;414;1;0;0;0;0;0;0;5;5;1;5
6207;2423;414;1;0;0;0;0;0;0;5;5;1;5
6208;2906;414;0;0;0;0;0;0;0;5;5;1;5
6209;2188;414;1;0;0;0;0;0;0;5;5;1;5
6210;493;414;1;0;0;0;0;0;3;5;5;1;5
6211;1884;415;0;0;0;0;0;0;0;5;3;3;3
6212;2028;415;1;0;0;0;4;0;0;0;4;2;4
6213;91;415;1;0;0;0;0;5;0;0;5;3;4
6214;704;415;1;0;4;0;0;0;0;0;4;4;4
6215;1196;415;1;0;0;0;0;5;0;0;5;4;4
6216;1696;415;1;0;0;0;0;0;0;5;5;5;5
6217;2183;415;1;0;0;0;0;5;4;0;4;3;3
6218;1791;415;1;0;0;0;0;0;0;5;5;5;5
6219;3010;415;0;0;0;4;0;0;0;0;5;1;1
6220;201;415;1;0;0;0;0;4;4;0;4;4;4
6221;3019;415;1;0;5;0;0;0;5;0;5;5;5
6222;112;415;1;0;0;0;0;5;5;0;5;5;5
6223;2826;415;1;0;0;0;0;0;0;5;3;3;3
6224;2790;415;1;0;0;4;0;0;0;0;3;3;4
6225;1767;415;1;0;0;0;5;0;0;0;5;5;5
6226;538;416;1;0;0;0;0;0;0;4;4;2;3
6227;884;416;1;1;0;0;0;0;2;0;2;4;3
6228;957;416;1;0;1;0;0;2;2;0;4;4;3
6229;2359;416;1;0;0;0;0;0;0;2;4;4;4
6230;1517;416;0;0;2;0;2;0;1;0;2;3;2
6231;64;416;1;0;0;2;0;0;2;0;3;2;2
6232;2205;416;1;0;0;0;0;2;2;0;4;4;4
6233;1040;416;1;0;0;0;0;3;0;0;4;4;4
6234;2725;416;0;0;2;0;0;0;1;0;2;2;2
6235;3073;416;0;0;3;2;3;0;0;0;1;2;2
6236;1579;416;1;0;3;0;0;2;0;0;2;3;2
6237;1018;416;0;0;2;2;0;0;0;0;2;3;2
6238;624;416;0;0;3;0;2;0;2;0;2;2;1
6239;2790;416;0;0;2;2;0;0;0;0;2;2;2
6240;1767;416;0;0;3;0;3;0;2;0;1;2;1
6241;826;417;0;0;0;0;5;0;0;0;1;1;1
6242;518;417;1;0;0;0;0;5;0;0;5;3;5
6243;2700;417;1;0;0;0;0;3;0;0;4;3;3
6244;621;417;1;0;0;0;0;5;0;0;5;4;3
6245;2851;417;1;0;0;0;0;0;0;5;2;2;2
6246;326;417;0;0;0;0;5;0;0;0;1;1;1
6247;2496;417;0;5;0;0;5;0;0;0;1;1;1
6248;2035;417;0;0;0;0;5;0;0;0;1;1;1
6249;2721;417;1;0;0;0;0;5;0;0;5;5;5
6250;1899;417;0;4;0;0;0;0;0;0;1;1;1
6251;2761;417;1;0;0;0;0;0;0;1;2;2;2
6252;264;417;1;0;5;0;0;0;0;0;3;3;3
6253;742;417;1;0;0;0;0;0;3;0;3;3;3
6254;2790;417;1;0;3;0;0;0;0;0;2;2;2
6255;1767;417;1;0;0;0;4;0;0;0;2;2;2
6256;2609;418;1;0;0;0;0;0;0;1;3;1;3
6257;1590;418;1;0;0;0;0;3;0;0;3;3;3
6258;2566;418;1;0;0;0;0;5;0;0;5;5;5
6259;792;418;0;0;0;0;0;0;2;0;1;1;1
6260;876;418;0;0;0;0;5;0;0;0;1;1;1
6261;585;418;1;0;0;0;0;5;0;0;5;5;5
6262;755;418;0;0;0;3;0;0;0;0;1;1;1
6263;1293;418;1;0;0;0;0;3;0;0;4;3;3
6264;576;418;1;0;0;0;0;4;0;0;5;5;4
6265;2047;418;0;0;0;0;5;0;0;0;1;1;1
6266;2308;418;1;0;0;0;0;0;0;3;3;3;3
6267;535;418;1;0;0;0;0;5;0;0;5;5;5
6268;1263;418;1;0;0;0;0;5;0;0;5;5;5
6269;2790;418;0;0;0;0;0;0;0;3;1;1;1
6270;1767;418;0;0;0;0;5;0;0;0;1;1;1
6271;2028;419;1;0;2;0;4;0;0;0;2;2;4
6272;704;419;0;0;0;0;2;0;0;0;3;1;5
6273;2826;419;0;0;0;0;0;0;0;3;3;1;5
6274;91;419;1;0;0;0;1;3;2;0;4;4;3
6275;112;419;1;0;0;0;0;4;2;0;5;3;4
6276;1696;419;0;0;0;0;0;0;0;2;4;1;5
6277;3019;419;1;0;0;0;2;2;1;0;4;4;3
6278;2183;419;1;0;0;0;0;2;4;0;4;4;4
6279;1884;419;1;0;1;0;0;0;3;0;4;4;2
6280;3010;419;1;2;0;0;0;0;0;0;2;3;2
6281;201;419;1;0;1;0;0;4;1;0;4;4;2
6282;1196;419;1;0;0;0;0;3;0;0;4;2;5
6283;1791;419;1;2;2;0;0;0;0;0;2;3;4
6284;2790;419;1;0;0;0;0;0;0;2;3;1;5
6285;1767;419;1;0;2;0;4;0;0;0;2;3;2
6286;755;420;0;0;4;0;0;0;0;0;3;3;3
6287;1263;420;1;0;0;0;0;5;0;0;4;4;4
6288;1791;420;1;0;0;0;3;0;0;0;3;3;3
6289;2028;420;1;0;0;0;5;0;0;0;2;2;2
6290;112;420;1;0;0;0;0;5;0;0;5;2;3
6291;1196;420;1;0;0;0;0;3;0;3;2;1;2
6292;704;420;0;0;3;0;0;0;0;0;2;1;2
6293;2826;420;1;0;4;0;0;0;0;3;3;3;3
6294;3010;420;1;0;0;0;4;0;0;0;3;3;3
6295;1884;420;1;0;0;0;0;0;0;2;1;1;1
6296;1696;420;1;0;0;0;0;0;0;1;1;1;1
6297;201;420;1;0;0;0;0;0;0;4;3;3;3
6298;2183;420;1;0;0;0;0;0;0;3;1;1;1
6299;3019;420;1;0;3;0;0;0;0;0;4;3;3
6300;91;420;1;0;0;0;0;0;0;3;1;1;1
6301;566;421;1;0;0;0;0;5;0;0;5;2;1
6302;1749;421;0;0;0;0;5;0;0;0;1;2;4
6303;1618;421;1;0;0;0;0;0;5;0;4;2;3
6304;1952;421;1;0;2;0;4;0;3;0;4;3;3
6305;2911;421;1;0;0;0;0;5;0;0;5;2;1
6306;2272;421;1;0;0;0;0;3;2;0;3;3;4
6307;2018;421;1;0;1;0;5;0;0;0;2;2;3
6308;594;421;1;0;0;0;4;5;0;0;4;1;2
6309;293;421;1;0;0;0;0;0;0;5;4;2;1
6310;360;421;1;0;5;4;3;0;5;0;2;3;4
6311;1029;421;1;4;4;0;0;4;0;0;4;1;3
6312;670;421;1;0;0;0;3;5;0;0;5;3;1
6313;1467;421;1;0;3;0;4;4;0;0;4;3;3
6314;2790;421;1;0;3;1;0;5;0;0;4;4;5
6315;1767;421;1;0;1;0;5;0;0;0;2;3;3
6316;755;422;1;0;0;0;0;0;0;5;3;1;1
6317;1263;422;0;0;0;0;0;0;0;5;3;1;1
6318;112;422;1;0;0;0;0;3;0;0;4;1;1
6319;1791;422;1;0;0;0;0;1;0;0;4;1;1
6320;91;422;1;0;0;0;0;4;0;0;5;2;1
6321;1884;422;1;0;0;0;0;0;0;3;3;1;1
6322;3010;422;0;0;0;0;0;0;0;3;3;1;1
6323;1696;422;0;0;0;0;0;0;0;3;3;1;1
6324;1196;422;0;0;0;0;0;0;0;1;3;1;1
6325;2028;422;1;0;0;0;1;0;0;0;2;1;1
6326;704;422;1;0;0;0;0;1;0;0;4;1;1
6327;3019;422;1;1;1;0;1;0;0;0;2;2;1
6328;201;422;1;0;0;0;0;0;0;1;4;1;1
6329;2183;422;1;0;0;0;0;0;1;0;3;1;1
6330;2826;422;1;0;0;0;0;0;0;1;3;1;1
6331;1263;423;0;0;0;0;0;4;0;0;4;3;4
6332;755;423;1;0;0;0;0;0;0;5;2;5;5
6333;91;423;0;0;4;0;0;0;0;0;4;4;4
6334;1696;423;1;0;0;0;0;4;4;0;4;2;4
6335;2826;423;0;0;0;0;0;0;5;0;3;1;4
6336;3019;423;0;0;0;0;0;0;3;0;4;2;4
6337;2028;423;1;0;0;0;2;0;0;0;4;4;1
6338;112;423;1;0;0;0;0;4;0;0;4;2;5
6339;1791;423;0;0;0;0;5;0;0;0;3;3;5
6340;704;423;1;0;5;0;0;0;0;0;5;4;2
6341;1884;423;0;0;4;0;0;0;2;0;5;4;3
6342;1196;423;1;0;0;0;0;4;0;0;5;4;5
6343;201;423;1;0;0;0;0;4;5;0;4;4;2
6344;2183;423;1;0;0;0;5;0;3;0;4;3;4
6345;3010;423;1;0;0;0;0;0;4;0;4;4;2
6346;1952;424;0;0;3;0;0;0;0;0;3;1;4
6347;535;424;1;0;0;0;0;4;0;0;5;4;3
6348;566;424;1;0;0;0;4;0;0;0;1;1;4
6349;2272;424;1;0;0;0;0;3;0;0;4;5;3
6350;594;424;1;0;0;0;0;0;5;0;5;5;4
6351;2609;424;1;0;0;4;0;0;0;0;3;2;4
6352;1618;424;1;0;0;0;0;0;3;0;4;3;3
6353;2721;424;1;0;0;0;0;0;4;0;4;3;3
6354;1517;424;1;0;4;0;0;0;0;0;3;2;4
6355;826;424;1;0;0;0;0;4;0;0;5;4;3
6356;538;424;1;0;0;0;0;0;3;0;3;3;3
6357;576;424;0;0;4;0;0;0;0;0;2;2;3
6358;1899;424;0;0;4;0;0;0;0;0;2;2;4
6359;1263;424;1;0;0;0;0;4;0;0;5;5;3
6360;755;424;0;0;4;0;0;0;0;0;2;2;3
6361;566;425;1;0;0;0;2;0;0;0;2;1;2
6362;64;425;0;0;0;3;0;0;0;0;3;2;1
6363;1618;425;1;0;0;0;0;4;3;0;5;3;4
6364;2308;425;1;0;0;0;0;4;0;0;4;1;3
6365;826;425;1;0;0;0;0;5;4;0;5;2;4
6366;1293;425;1;0;0;0;0;0;0;3;3;1;3
6367;1018;425;0;0;0;0;0;0;0;1;3;1;3
6368;1029;425;1;0;0;0;0;4;0;0;4;2;5
6369;2047;425;1;0;0;0;0;0;0;1;2;1;3
6370;2700;425;1;0;0;0;0;5;0;0;5;1;5
6371;3073;425;1;2;0;0;0;0;0;0;3;3;4
6372;2359;425;0;0;0;0;0;0;0;3;3;1;3
6373;1899;425;1;0;1;0;0;0;0;0;3;3;1
6374;755;425;1;0;2;0;0;0;0;0;3;1;3
6375;1263;425;1;0;0;0;0;0;0;3;3;1;3
6376;1018;426;1;0;0;0;0;0;0;4;3;3;3
6377;670;426;1;0;0;0;0;4;0;0;5;4;3
6378;2721;426;1;0;3;0;0;0;0;0;4;4;4
6379;1517;426;1;0;0;0;0;0;3;3;4;4;4
6380;2609;426;0;0;0;0;0;0;0;2;3;3;2
6381;538;426;1;0;0;0;0;0;0;4;3;3;3
6382;826;426;1;0;0;0;0;2;0;0;4;4;4
6383;1952;426;0;0;0;0;0;0;0;5;1;1;1
6384;2272;426;0;0;0;4;0;0;0;0;2;2;2
6385;566;426;0;0;0;0;0;0;0;4;3;3;3
6386;535;426;1;0;0;0;0;4;0;0;4;4;4
6387;1899;426;0;0;2;4;0;0;0;0;3;3;3
6388;1618;426;0;0;0;0;0;0;0;3;3;3;3
6389;594;426;1;0;0;0;0;0;0;2;3;3;3
6390;576;426;1;0;0;0;0;0;0;3;3;3;3
6391;3073;427;0;0;0;0;4;0;0;0;2;3;1
6392;1517;427;1;0;1;0;0;3;0;0;4;4;1
6393;624;427;1;0;2;0;0;3;0;0;2;3;1
6394;566;427;1;0;0;0;0;5;3;0;4;1;3
6395;64;427;0;0;0;5;0;0;0;0;4;1;3
6396;585;427;1;0;4;0;0;0;0;0;3;3;4
6397;538;427;1;0;0;0;0;4;0;0;4;2;4
6398;264;427;1;0;5;0;0;0;0;0;3;4;2
6399;621;427;1;0;0;0;0;5;0;0;4;4;1
6400;1899;427;0;0;4;0;2;0;0;0;2;2;2
6401;2721;427;1;0;0;0;0;5;0;0;5;1;3
6402;518;427;1;0;0;0;0;4;0;4;5;1;4
6403;2496;427;0;0;3;4;5;0;0;0;1;4;1
6404;755;427;0;0;4;0;5;0;0;0;1;4;1
6405;1263;427;1;0;0;0;0;5;0;0;4;2;4
6406;742;428;0;0;0;0;0;0;0;3;3;3;3
6407;742;429;0;0;0;0;0;0;0;3;3;3;3
6408;742;430;0;0;0;0;0;0;0;3;3;3;3
6409;518;429;1;0;0;0;0;4;0;0;4;3;3
6410;518;428;1;0;0;0;0;4;0;0;4;3;3
6411;518;430;1;0;0;0;0;4;0;0;4;3;3
6412;1899;428;0;0;2;0;0;0;0;0;2;2;3
6413;1899;429;0;0;2;0;0;0;0;0;2;2;3
6414;1899;430;0;0;2;0;0;0;0;0;2;2;3
6415;535;428;1;0;0;0;0;4;0;0;5;4;3
6416;535;430;1;0;0;0;0;4;0;0;5;4;3
6417;535;429;1;0;0;0;0;4;0;0;5;4;3
6418;566;428;1;0;0;0;0;2;0;3;3;3;3
6419;566;430;1;0;0;0;0;2;0;3;3;3;3
6420;566;429;1;0;0;0;0;2;0;3;3;3;3
6421;826;430;1;0;3;0;0;0;0;3;3;4;2
6422;826;428;1;0;3;0;0;0;0;3;3;4;2
6423;826;429;1;0;3;0;0;0;0;3;3;4;2
6424;1618;430;1;0;0;0;0;5;0;0;4;3;4
6425;1618;428;1;0;0;0;0;5;0;0;4;3;4
6426;1618;429;1;0;0;0;0;5;0;0;4;3;4
6427;594;429;1;0;0;0;0;4;0;0;4;3;3
6428;594;428;1;0;0;0;0;4;0;0;4;3;3
6429;594;430;1;0;0;0;0;4;0;0;4;3;3
6430;2272;429;1;0;0;0;0;3;0;3;4;3;3
6431;2272;430;1;0;0;0;0;3;0;3;4;3;3
6432;2272;428;1;0;0;0;0;3;0;3;4;3;3
6433;2609;428;1;3;0;0;0;0;0;0;3;2;2
6434;2609;430;1;3;0;0;0;0;0;0;3;2;2
6435;2609;429;1;3;0;0;0;0;0;0;3;2;2
6436;576;429;0;0;0;0;1;0;0;3;3;3;3
6437;576;428;0;0;0;0;1;0;0;3;3;3;3
6438;576;430;0;0;0;0;1;0;0;3;3;3;3
6439;538;429;1;0;0;0;0;0;0;4;3;2;3
6440;538;430;1;0;0;0;0;0;0;4;3;2;3
6441;538;428;1;0;0;0;0;0;0;4;3;2;3
6442;1517;429;1;0;0;0;0;3;2;0;4;4;5
6443;1517;430;1;0;0;0;0;3;2;0;4;4;5
6444;1517;428;1;0;0;0;0;3;2;0;4;4;5
6445;2721;430;1;0;0;0;0;0;0;4;3;3;3
6446;2721;428;1;0;0;0;0;0;0;4;3;3;3
6447;2721;429;1;0;0;0;0;0;0;4;3;3;3
6448;1952;430;0;0;0;0;0;0;3;4;2;2;3
6449;1952;428;0;0;0;0;0;0;3;4;2;2;3
6450;1952;429;0;0;0;0;0;0;3;4;2;2;3
6451;2047;431;1;0;0;0;4;0;0;0;1;2;3
6452;2047;432;1;0;0;0;4;0;0;0;1;2;3
6453;1952;431;1;0;0;0;0;0;0;4;3;3;3
6454;2272;431;1;0;0;0;0;3;0;3;4;1;4
6455;1952;432;1;0;0;0;0;0;0;4;3;3;3
6456;2047;433;1;0;0;0;4;0;0;0;1;2;3
6457;2272;432;1;0;0;0;0;3;0;3;4;1;4
6458;2721;431;1;0;0;0;0;4;4;0;5;2;3
6459;1952;433;1;0;0;0;0;0;0;4;3;3;3
6460;2047;434;1;0;0;0;4;0;0;0;1;2;3
6461;2721;432;1;0;0;0;0;4;4;0;5;2;3
6462;2609;431;1;0;0;4;0;0;0;0;3;3;3
6463;2272;433;1;0;0;0;0;3;0;3;4;1;4
6464;2609;432;1;0;0;4;0;0;0;0;3;3;3
6465;576;431;1;0;0;0;0;4;0;0;3;3;3
6466;1952;434;1;0;0;0;0;0;0;4;3;3;3
6467;576;432;1;0;0;0;0;4;0;0;3;3;3
6468;2721;433;1;0;0;0;0;4;4;0;5;2;3
6469;594;432;1;0;0;0;0;3;0;0;3;3;3
6470;2272;434;1;0;0;0;0;3;0;3;4;1;4
6471;594;431;1;0;0;0;0;3;0;0;3;3;3
6472;2609;433;1;0;0;4;0;0;0;0;3;3;3
6473;1517;432;1;0;4;0;0;0;0;0;3;3;3
6474;2721;434;1;0;0;0;0;4;4;0;5;2;3
6475;576;433;1;0;0;0;0;4;0;0;3;3;3
6476;535;432;1;0;0;0;0;4;0;0;3;3;3
6477;1517;431;1;0;4;0;0;0;0;0;3;3;3
6478;1018;432;1;0;0;0;0;0;0;3;3;3;3
6479;2609;434;1;0;0;4;0;0;0;0;3;3;3
6480;535;431;1;0;0;0;0;4;0;0;3;3;3
6481;594;433;1;0;0;0;0;3;0;0;3;3;3
6482;538;432;1;0;0;0;0;4;0;0;5;2;4
6483;576;434;1;0;0;0;0;4;0;0;3;3;3
6484;1018;431;1;0;0;0;0;0;0;3;3;3;3
6485;1517;433;1;0;4;0;0;0;0;0;3;3;3
6486;1618;432;1;0;0;0;0;0;0;4;3;3;3
6487;594;434;1;0;0;0;0;3;0;0;3;3;3
6488;1899;432;1;0;0;4;0;0;0;0;2;3;3
6489;535;433;1;0;0;0;0;4;0;0;3;3;3
6490;538;431;1;0;0;0;0;4;0;0;5;2;4
6491;1517;434;1;0;4;0;0;0;0;0;3;3;3
6492;826;432;1;2;5;0;5;0;0;0;1;5;5
6493;1018;433;1;0;0;0;0;0;0;3;3;3;3
6494;1618;431;1;0;0;0;0;0;0;4;3;3;3
6495;535;434;1;0;0;0;0;4;0;0;3;3;3
6496;566;432;1;0;0;0;0;4;0;0;5;2;4
6497;538;433;1;0;0;0;0;4;0;0;5;2;4
6498;1899;431;1;0;0;4;0;0;0;0;2;3;3
6499;1018;434;1;0;0;0;0;0;0;3;3;3;3
6500;826;431;1;2;5;0;5;0;0;0;1;5;5
6501;1618;433;1;0;0;0;0;0;0;4;3;3;3
6502;538;434;1;0;0;0;0;4;0;0;5;2;4
6503;1899;433;1;0;0;4;0;0;0;0;2;3;3
6504;566;431;1;0;0;0;0;4;0;0;5;2;4
6505;1618;434;1;0;0;0;0;0;0;4;3;3;3
6506;1899;434;1;0;0;4;0;0;0;0;2;3;3
6507;826;433;1;2;5;0;5;0;0;0;1;5;5
6508;826;434;1;2;5;0;5;0;0;0;1;5;5
6509;566;433;1;0;0;0;0;4;0;0;5;2;4
6510;566;434;1;0;0;0;0;4;0;0;5;2;4
6511;585;435;0;0;0;0;0;0;0;5;3;1;2
6512;2700;435;0;1;1;0;0;0;0;4;2;2;4
6513;2359;435;1;1;0;0;0;0;0;4;4;3;4
6514;1293;435;1;0;0;0;0;3;0;0;5;2;3
6515;2308;435;0;0;0;0;0;0;0;5;3;2;3
6516;624;435;0;0;1;0;0;0;0;5;2;2;2
6517;621;435;1;0;0;0;0;0;0;5;4;2;4
6518;264;435;1;0;0;0;0;0;0;5;4;3;4
6519;2496;435;0;0;0;4;0;0;0;0;1;4;4
6520;1029;435;0;0;0;0;0;0;0;5;3;1;3
6521;670;435;1;0;0;0;0;3;0;4;5;3;4
6522;518;435;1;0;0;0;0;4;0;0;4;2;3
6523;742;435;0;0;0;0;0;0;0;5;2;1;3
6524;64;435;0;0;0;4;0;0;0;0;2;4;3
6525;3073;435;0;0;1;5;0;0;0;0;1;2;2
6526;2496;436;1;0;0;3;3;0;0;0;2;2;1
6527;1293;436;1;0;0;0;0;3;0;0;4;3;1
6528;2308;436;1;0;0;0;0;4;1;0;4;4;2
6529;585;436;1;0;0;0;1;3;0;0;4;4;3
6530;2700;436;1;0;1;0;0;4;0;0;4;4;2
6531;621;436;1;0;1;0;0;3;0;0;3;3;2
6532;670;436;1;0;0;0;0;5;0;0;5;5;2
6533;624;436;1;0;2;0;1;0;0;0;3;3;1
6534;264;436;1;0;2;0;0;1;1;0;3;4;1
6535;1029;436;1;0;0;0;1;3;0;0;3;3;1
6536;2359;436;0;0;1;0;1;2;0;0;3;3;2
6537;742;436;1;0;1;0;1;0;0;0;2;3;2
6538;64;436;0;0;3;2;0;0;3;0;2;3;1
6539;518;436;1;0;0;0;0;3;0;0;5;1;3
6540;3073;436;0;0;3;0;1;0;1;0;2;3;2
6541;621;437;1;0;0;0;0;3;0;0;4;3;3
6542;1293;437;0;0;0;0;0;0;0;1;3;1;1
6543;2359;437;0;1;0;0;0;0;0;0;3;4;2
6544;585;437;1;0;0;0;0;5;0;0;5;3;3
6545;264;437;1;0;0;0;0;2;1;0;4;3;3
6546;670;437;1;0;0;0;0;4;0;0;4;3;4
6547;624;437;1;0;0;0;0;2;2;0;3;2;2
6548;2700;437;1;0;0;0;0;0;0;1;3;1;1
6549;2496;437;0;5;2;4;2;0;3;0;1;5;4
6550;1029;437;0;0;0;0;0;0;0;1;3;1;1
6551;2308;437;1;0;0;0;0;2;0;0;4;2;2
6552;742;437;1;0;0;0;0;0;0;1;3;1;1
6553;64;437;1;0;2;2;0;0;0;0;2;2;1
6554;3073;437;0;0;4;4;0;0;0;0;2;1;2
6555;518;437;1;0;0;0;0;3;0;0;4;1;2
6556;1029;438;1;0;0;0;0;3;0;0;4;2;3
6557;264;438;1;0;0;0;0;3;0;0;3;2;3
6558;2496;438;0;0;0;3;0;0;0;0;2;4;4
6559;670;438;1;0;0;0;0;4;0;0;4;3;4
6560;2308;438;1;0;0;0;0;0;0;3;2;2;3
6561;624;438;0;0;0;0;0;0;0;2;2;2;3
6562;2700;438;0;0;0;0;0;0;0;2;2;2;3
6563;2359;438;1;0;0;0;0;2;0;0;2;2;3
6564;621;438;0;0;0;0;0;2;0;0;2;2;3
6565;585;438;1;0;0;0;0;4;0;0;4;3;4
6566;1293;438;1;0;0;0;0;4;0;0;4;3;4
6567;742;438;1;0;0;0;0;0;0;3;3;2;3
6568;3073;438;0;0;2;0;0;0;0;0;2;2;3
6569;518;438;1;0;0;0;0;4;0;0;3;3;4
6570;64;438;0;0;3;0;0;0;0;0;3;2;4
6571;884;439;1;0;0;0;0;0;0;4;3;3;3
6572;792;439;0;0;0;3;0;0;0;0;2;2;2
6573;957;439;0;4;0;0;0;0;0;0;1;1;1
6574;1579;439;1;0;0;0;0;4;0;0;4;4;4
6575;2851;439;1;0;4;0;0;0;0;0;3;3;3
6576;2035;439;0;0;0;0;5;0;0;0;3;3;3
6577;1040;439;1;0;0;0;0;3;0;0;3;3;3
6578;326;439;0;4;0;0;0;0;0;0;3;3;4
6579;1749;439;0;0;0;0;3;0;0;0;3;3;3
6580;2205;439;1;0;0;0;0;0;0;3;3;3;3
6581;2761;439;1;0;0;0;0;0;0;4;3;3;3
6582;1467;439;1;0;0;0;0;0;0;4;3;3;3
6583;2725;439;1;0;0;0;0;0;4;0;3;3;3
6584;876;439;0;0;0;0;0;0;0;3;3;3;3
6585;1590;439;0;0;0;0;0;0;0;3;3;3;3
6586;2018;440;0;0;1;0;4;0;0;0;3;3;2
6587;884;440;1;0;1;0;2;0;4;0;4;2;2
6588;1040;440;1;0;0;0;0;5;3;0;5;2;4
6589;2205;440;1;0;0;0;0;4;0;2;5;3;3
6590;1749;440;0;1;3;0;4;0;0;0;2;4;4
6591;1467;440;1;0;0;0;0;0;0;3;3;1;1
6592;2851;440;1;0;2;0;2;0;0;0;3;2;2
6593;2035;440;0;0;1;0;4;0;0;0;2;3;2
6594;2725;440;1;0;0;0;0;2;0;4;3;1;1
6595;876;440;0;0;4;0;5;0;0;0;1;4;2
6596;792;440;1;0;0;0;0;0;0;5;3;1;1
6597;360;440;0;0;0;5;0;0;0;0;2;3;3
6598;2911;440;1;0;0;0;0;5;4;0;5;3;2
6599;293;440;1;0;1;0;0;0;3;0;3;2;1
6600;1579;440;1;0;0;0;0;0;0;5;3;1;1
6601;2761;441;0;0;3;0;0;0;0;0;3;3;2
6602;957;441;1;0;0;0;0;2;2;0;5;1;2
6603;293;441;1;0;0;0;0;0;0;2;3;3;2
6604;2911;441;1;0;0;0;0;4;0;0;5;1;3
6605;2851;441;0;0;3;0;0;0;0;0;2;2;3
6606;876;441;1;0;0;0;0;0;0;3;3;1;2
6607;1579;441;1;0;0;0;0;5;0;0;4;1;3
6608;1040;441;1;0;0;0;0;0;0;2;3;1;2
6609;2205;441;1;0;0;0;0;2;0;0;3;1;3
6610;2725;441;1;0;0;3;2;0;0;0;3;2;3
6611;2035;441;1;0;3;0;4;0;0;0;2;2;2
6612;884;441;1;0;0;0;0;0;0;3;3;1;2
6613;792;441;0;0;0;3;0;0;0;0;3;1;2
6614;1467;441;1;0;0;0;0;3;0;0;4;1;3
6615;1749;441;1;0;1;0;3;0;0;0;2;3;3
6616;957;442;0;0;1;3;0;0;2;0;3;2;2
6617;2761;442;1;0;0;0;0;0;0;5;3;1;2
6618;2911;442;1;0;0;0;0;1;0;5;4;1;2
6619;293;442;0;0;0;3;0;0;1;2;2;2;4
6620;1579;442;1;0;0;0;0;4;0;0;5;1;1
6621;792;442;0;0;1;0;0;0;0;4;2;1;3
6622;1749;442;0;0;0;0;1;0;0;3;3;1;2
6623;884;442;0;0;0;0;0;0;0;5;3;1;1
6624;1467;442;1;0;0;0;0;0;0;5;3;1;1
6625;876;442;0;0;0;0;0;0;0;5;3;1;2
6626;2205;442;1;0;0;0;0;1;0;4;3;1;2
6627;1040;442;0;0;0;4;0;0;0;1;2;2;3
6628;2851;442;1;0;0;0;0;0;0;5;3;1;1
6629;2725;442;0;0;0;0;0;0;0;3;3;2;3
6630;2035;442;0;0;0;0;1;0;0;4;3;1;1
6631;58;443;1;0;0;0;0;0;0;1;4;1;1
6632;513;443;1;0;0;0;0;3;0;0;4;3;2
6633;466;443;1;0;0;0;0;3;0;0;5;3;2
6634;2173;443;1;0;0;0;0;3;0;0;5;2;2
6635;1469;443;0;0;1;0;0;0;0;0;3;1;1
6636;1258;443;1;0;0;0;0;2;0;0;4;1;1
6637;2566;443;1;0;0;0;0;3;0;0;4;1;1
6638;326;443;0;0;0;0;3;0;0;0;1;2;3
6639;2018;443;0;0;0;0;4;0;0;0;1;1;3
6640;1590;443;1;0;0;0;0;0;0;2;4;1;1
6641;360;443;0;0;3;0;0;0;0;0;2;2;3
6642;2761;443;0;0;0;0;0;0;2;0;3;1;1
6643;2911;443;1;0;0;0;0;4;0;0;5;2;2
6644;293;443;1;0;0;0;0;3;0;0;4;2;1
6645;957;443;1;0;0;0;0;0;3;0;3;1;1
6646;581;444;1;0;0;0;0;0;0;5;3;1;5
6647;1386;444;1;0;0;0;0;4;0;0;4;2;5
6648;1957;444;0;0;0;0;0;0;0;5;3;1;5
6649;410;444;0;0;0;0;0;2;0;0;3;1;5
6650;513;444;1;0;0;0;0;2;0;0;3;2;5
6651;466;444;0;0;0;0;0;0;0;5;4;2;5
6652;58;444;0;0;0;0;0;0;0;5;1;1;5
6653;1469;444;0;0;0;0;0;0;0;5;2;1;5
6654;1258;444;1;0;0;0;0;3;0;0;3;3;5
6655;2173;444;0;0;0;0;0;0;0;5;1;1;5
6656;2566;444;1;0;0;0;0;0;0;5;2;1;5
6657;326;444;0;0;0;0;0;0;2;0;3;2;5
6658;360;444;0;0;0;0;0;0;0;5;2;1;5
6659;2018;444;1;0;0;0;2;0;0;0;3;1;5
6660;1590;444;0;0;0;0;0;0;0;5;3;1;5
6661;581;445;0;0;0;0;0;0;0;5;3;1;5
6662;1386;445;1;0;0;0;0;0;0;5;3;1;5
6663;1957;445;0;0;0;0;4;0;0;0;2;1;5
6664;410;445;1;0;0;0;0;3;0;0;3;3;5
6665;1258;445;1;0;0;0;0;5;0;0;5;5;5
6666;466;445;1;0;0;0;0;0;2;0;4;3;5
6667;513;445;1;0;0;0;5;0;0;0;1;2;3
6668;58;445;1;0;3;0;0;0;0;0;2;3;1
6669;1469;445;1;0;0;0;0;3;0;0;4;2;4
6670;2173;445;1;0;0;0;0;5;0;0;5;3;4
6671;2566;445;1;0;0;0;0;2;0;0;4;3;5
6672;2018;445;1;0;0;0;5;0;0;0;1;1;5
6673;326;445;0;3;5;5;0;0;0;0;1;5;5
6674;360;445;0;5;5;5;5;0;0;0;1;5;5
6675;1590;445;1;0;0;0;0;3;0;0;4;3;5
6676;1603;446;1;0;0;0;0;0;0;1;3;1;1
6677;191;446;1;0;0;0;0;2;0;0;3;1;1
6678;394;446;1;0;0;0;0;3;0;0;3;1;1
6679;2942;446;1;0;0;0;0;0;0;1;3;1;1
6680;410;446;1;0;0;0;0;2;0;0;3;1;1
6681;1386;446;1;0;0;0;0;4;0;0;4;1;1
6682;1957;446;0;0;0;0;1;0;0;0;3;1;1
6683;581;446;1;0;0;0;0;2;0;0;3;1;1
6684;58;446;1;0;0;0;0;2;3;0;3;2;1
6685;2173;446;1;0;0;0;0;2;0;0;3;1;1
6686;1258;446;1;0;0;0;0;5;0;0;5;2;1
6687;466;446;1;0;0;0;2;0;0;0;3;1;1
6688;1469;446;1;0;0;0;0;0;3;0;3;2;2
6689;513;446;1;0;0;0;2;0;0;0;3;1;1
6690;2566;446;1;0;0;0;0;2;0;0;3;1;1
6691;2912;447;1;1;1;1;1;3;1;5;3;1;1
6692;1603;447;1;1;1;1;1;1;1;3;3;1;1
6693;2942;447;1;1;1;1;1;4;1;3;3;1;1
6694;394;447;1;1;1;1;1;4;3;3;4;2;1
6695;191;447;1;1;1;1;1;4;4;3;4;1;1
6696;1386;447;1;1;1;1;1;5;1;2;5;3;1
6697;1957;447;1;1;2;1;3;1;2;3;2;2;1
6698;410;447;1;1;1;1;1;5;1;3;3;1;1
6699;581;447;1;1;1;1;1;3;1;3;4;1;1
6700;513;447;1;1;1;1;2;2;1;3;3;1;1
6701;2173;447;1;1;1;1;1;5;4;3;5;2;1
6702;466;447;1;1;1;1;1;3;1;3;3;1;1
6703;1258;447;1;1;1;1;1;5;1;1;5;4;2
6704;58;447;1;1;2;1;1;1;2;3;3;1;1
6705;1469;447;1;1;3;1;1;1;3;2;3;2;1
6706;173;448;1;0;0;0;0;4;3;0;5;3;4
6707;672;448;1;0;0;0;0;0;0;3;3;2;2
6708;301;448;1;0;0;0;0;0;0;2;3;4;4
6709;507;448;1;0;0;0;0;0;0;4;4;2;3
6710;1009;448;0;0;0;2;0;0;2;0;3;2;2
6711;2814;448;1;0;2;0;3;0;0;0;2;4;5
6712;2912;448;1;0;0;0;0;0;2;0;4;2;3
6713;191;448;1;0;3;0;0;0;4;0;4;5;4
6714;1603;448;0;0;0;0;0;0;0;3;3;1;1
6715;394;448;1;0;0;0;0;4;3;0;5;4;4
6716;2942;448;1;0;0;0;0;2;3;0;4;4;4
6717;410;448;1;0;0;0;0;3;2;0;5;3;4
6718;581;448;1;0;0;0;0;3;0;0;4;1;3
6719;1957;448;1;0;3;0;4;0;0;0;2;2;5
6720;1386;448;1;0;0;0;0;4;0;0;5;2;4
6721;665;449;0;0;0;0;0;2;0;4;4;3;3
6722;2391;449;1;0;2;0;3;0;3;0;5;4;3
6723;1587;449;0;0;0;0;0;0;0;3;3;3;3
6724;1184;449;1;0;0;0;2;4;3;3;2;2;2
6725;173;449;1;0;0;0;0;4;0;0;4;4;4
6726;2814;449;0;0;4;0;4;0;5;0;2;2;2
6727;507;449;1;0;0;0;0;3;0;5;3;2;2
6728;301;449;1;0;0;0;0;0;0;5;3;3;3
6729;1009;449;0;2;0;2;0;3;0;0;1;1;1
6730;672;449;1;0;5;0;5;0;5;0;3;3;3
6731;2912;449;1;3;3;0;3;0;3;0;2;2;3
6732;1603;449;1;0;0;0;0;0;0;5;4;1;1
6733;2942;449;1;0;0;0;1;3;3;1;3;3;3
6734;394;449;0;0;0;0;5;5;0;0;5;4;4
6735;191;449;0;0;4;0;3;4;0;0;5;5;5
6736;2704;450;1;0;0;0;0;4;0;0;5;2;4
6737;2210;450;1;0;0;0;0;5;0;0;5;4;4
6738;2615;450;1;0;0;0;0;4;0;0;5;2;3
6739;893;450;0;3;4;0;0;0;0;0;2;2;2
6740;1009;450;0;0;0;0;0;0;2;0;3;1;1
6741;672;450;1;0;4;0;5;0;0;0;2;3;4
6742;301;450;1;0;0;0;0;0;0;3;4;2;3
6743;507;450;1;0;0;0;0;4;0;0;5;2;3
6744;2814;450;0;0;3;4;0;0;0;0;2;2;2
6745;173;450;1;0;0;0;0;5;0;0;5;3;3
6746;2912;450;1;0;0;0;0;3;0;0;4;2;2
6747;1603;450;0;0;0;0;0;0;0;3;2;2;2
6748;394;450;1;0;0;0;0;5;0;0;5;3;3
6749;2942;450;1;0;0;0;0;5;0;0;5;4;4
6750;191;450;1;0;4;0;0;5;4;0;5;4;3
6751;949;451;0;0;0;1;0;0;2;5;3;2;4
6752;1048;451;1;0;0;0;0;4;1;0;5;4;5
6753;1759;451;0;0;1;0;3;0;2;0;2;1;4
6754;833;451;1;0;1;0;0;0;1;3;3;2;3
6755;173;451;1;0;0;0;0;3;2;4;4;4;4
6756;1009;451;1;0;0;1;0;0;3;3;3;2;4
6757;2814;451;1;0;1;0;0;0;2;3;3;2;4
6758;301;451;1;0;0;0;0;3;2;3;5;3;5
6759;507;451;1;0;0;0;0;3;0;3;3;3;5
6760;672;451;1;0;3;0;0;2;2;0;4;3;3
6761;2912;451;1;0;0;0;0;3;0;3;4;3;5
6762;1603;451;0;0;0;0;0;0;4;4;3;2;5
6763;2942;451;1;0;0;0;0;4;2;0;4;4;5
6764;191;451;1;0;2;0;0;2;4;0;4;3;4
6765;394;451;1;0;0;0;0;3;3;0;5;3;5
6766;2033;452;0;0;0;0;3;0;2;0;2;1;2
6767;3079;452;0;0;0;0;0;0;4;0;3;1;2
6768;1718;452;1;0;0;0;0;4;0;0;4;3;3
6769;1200;452;1;0;0;0;0;3;0;0;4;3;3
6770;173;452;1;0;0;0;0;4;0;0;4;3;3
6771;301;452;1;0;0;0;0;3;3;0;4;3;3
6772;672;452;1;0;0;0;1;0;3;0;3;2;3
6773;507;452;1;0;0;0;0;0;0;4;3;1;3
6774;2814;452;1;0;0;0;0;0;0;4;3;3;3
6775;1009;452;0;0;0;0;0;0;4;3;3;2;3
6776;2912;452;1;0;0;0;0;3;0;0;3;3;3
6777;1603;452;0;0;0;0;0;0;0;4;3;2;3
6778;394;452;1;0;0;0;0;0;0;4;3;2;3
6779;2942;452;1;0;0;0;0;3;0;0;3;2;3
6780;191;452;1;0;2;0;0;3;0;0;3;3;3
6781;1200;453;1;0;0;0;0;0;0;1;3;2;2
6782;833;453;0;0;4;0;0;0;0;0;2;3;3
6783;949;453;0;0;0;0;4;0;0;0;2;2;4
6784;1184;453;1;0;0;0;0;0;2;0;3;3;4
6785;1759;453;0;0;0;0;4;0;0;0;1;2;3
6786;3079;453;0;0;0;0;0;0;0;2;3;3;3
6787;2704;453;1;0;0;0;0;0;0;2;3;3;3
6788;1587;453;1;0;0;0;0;0;2;0;3;3;3
6789;665;453;1;0;0;0;0;3;0;0;4;3;2
6790;1718;453;1;0;0;0;0;2;0;0;4;3;3
6791;893;453;0;4;0;0;0;0;0;0;2;4;4
6792;1048;453;1;0;0;0;0;3;3;0;5;3;3
6793;2391;453;0;0;4;0;0;0;0;0;2;5;4
6794;2033;453;0;0;0;0;5;0;0;0;1;5;5
6795;2615;453;1;0;0;0;0;5;0;0;5;2;2
6796;2391;454;1;0;0;0;0;0;0;3;3;1;3
6797;665;454;1;0;0;0;0;3;0;0;4;2;3
6798;2210;454;1;0;0;0;0;4;0;3;5;2;3
6799;2615;454;1;0;0;0;0;0;0;3;4;1;2
6800;1587;454;1;0;0;0;0;3;0;3;4;2;3
6801;1184;454;1;0;0;0;0;4;0;0;4;1;3
6802;893;454;0;0;5;0;5;0;0;0;1;4;1
6803;2704;454;1;0;0;0;0;4;0;0;4;2;4
6804;173;454;0;2;0;0;0;0;0;0;1;4;3
6805;2814;454;0;0;0;0;3;0;0;0;3;3;2
6806;672;454;1;0;0;0;0;0;0;3;3;1;3
6807;507;454;1;0;0;0;0;0;0;3;4;1;3
6808;301;454;1;0;0;0;0;3;0;3;4;1;3
6809;1009;454;1;0;0;0;0;0;0;4;3;1;3
6810;2912;454;1;0;0;0;0;4;0;0;3;1;3
6811;1759;455;1;0;0;0;4;0;0;0;2;5;3
6812;2033;455;1;0;1;0;3;0;0;0;2;1;3
6813;2704;455;1;0;0;0;0;0;0;2;3;2;3
6814;833;455;1;1;3;0;3;0;0;0;1;1;3
6815;1184;455;1;0;0;0;0;0;0;1;3;3;3
6816;2391;455;1;0;0;0;0;0;0;1;3;3;3
6817;1048;455;1;0;0;0;0;0;0;1;3;3;3
6818;665;455;1;0;0;0;0;0;0;1;3;3;3
6819;1587;455;0;0;0;0;0;0;0;5;3;3;3
6820;949;455;0;0;0;2;3;0;0;0;2;1;4
6821;2615;455;1;0;0;0;0;0;0;1;3;3;3
6822;893;455;0;4;4;0;4;0;0;0;1;1;5
6823;1200;455;1;0;0;0;0;0;0;1;3;3;3
6824;1718;455;1;0;0;0;0;0;0;1;3;3;3
6825;2210;455;1;0;0;0;0;1;0;0;3;4;2
6826;1048;456;1;0;0;0;0;5;5;0;5;4;4
6827;833;456;0;0;0;0;4;0;0;0;3;2;2
6828;1200;456;1;0;0;0;0;5;0;0;5;5;4
6829;665;456;1;0;0;0;0;4;4;0;5;5;4
6830;949;456;1;0;0;0;3;0;0;5;3;3;3
6831;2391;456;1;0;0;0;0;0;0;5;3;3;3
6832;1718;456;1;0;0;0;0;4;0;0;4;4;4
6833;1587;456;1;0;0;0;0;0;4;4;4;4;4
6834;2615;456;1;0;0;0;0;0;4;4;4;4;4
6835;2704;456;1;0;0;0;0;4;0;4;4;4;4
6836;3079;456;0;0;0;0;4;0;0;0;2;2;2
6837;1759;456;1;0;0;0;4;0;0;0;3;2;3
6838;1184;456;1;0;0;0;0;0;0;4;3;3;3
6839;2210;456;1;0;0;0;0;5;0;0;4;4;4
6840;2033;456;1;0;0;0;4;0;0;0;3;3;3
6841;949;457;0;3;0;5;4;0;0;0;2;4;4
6842;1759;457;0;3;4;0;5;0;0;0;2;4;4
6843;1718;457;1;0;2;0;0;4;0;3;4;2;3
6844;665;457;1;0;0;0;0;3;0;4;4;1;2
6845;1587;457;1;0;1;0;0;3;0;0;4;4;3
6846;2615;457;1;0;0;0;0;0;0;5;4;1;1
6847;2210;457;1;0;0;0;0;5;0;0;5;5;5
6848;1200;457;1;0;0;0;0;4;0;3;4;2;4
6849;3079;457;1;0;4;0;0;0;4;0;3;1;1
6850;893;457;0;5;5;0;5;0;0;0;1;5;5
6851;2391;457;1;0;2;0;4;2;0;0;3;1;1
6852;2033;457;0;1;5;0;4;1;3;0;1;5;4
6853;833;457;0;5;5;0;5;0;0;0;1;5;5
6854;1184;457;1;0;0;0;0;5;3;0;5;4;3
6855;1048;457;1;0;0;1;0;3;0;2;3;1;1
6856;665;458;1;0;0;0;0;0;0;5;4;5;5
6857;2210;458;1;0;0;0;0;5;0;0;5;3;3
6858;1184;458;1;0;0;0;0;5;0;0;5;2;3
6859;893;458;0;0;0;0;4;0;0;0;2;3;5
6860;2615;458;1;0;0;0;0;4;0;0;4;2;3
6861;1587;458;1;0;0;0;0;0;0;5;3;1;2
6862;2391;458;1;0;0;0;0;0;0;3;3;1;2
6863;2704;458;1;0;0;0;0;0;0;3;3;1;2
6864;672;458;1;0;0;0;0;0;0;5;3;1;1
6865;173;458;1;0;0;0;0;5;0;0;5;2;3
6866;2814;458;1;0;0;0;0;0;4;0;3;3;4
6867;1009;458;0;0;0;4;0;0;0;0;2;1;3
6868;301;458;0;0;0;0;0;0;0;3;3;1;2
6869;507;458;1;0;0;0;0;5;0;0;5;3;4
6870;2912;458;1;0;0;0;0;5;0;0;5;3;4
6871;444;459;1;0;0;0;0;2;0;0;4;1;3
6872;1354;459;1;0;0;0;0;5;0;0;5;4;3
6873;554;459;1;0;0;0;0;3;0;0;4;1;2
6874;1153;459;1;0;0;0;0;2;0;0;3;1;2
6875;1260;459;1;0;0;0;0;0;0;5;3;1;2
6876;1173;459;1;0;0;0;0;0;0;5;3;1;2
6877;1832;459;1;0;0;0;0;0;0;5;3;1;2
6878;1157;459;1;0;0;0;0;2;3;0;4;2;2
6879;3084;459;0;0;3;0;5;0;5;0;1;1;3
6880;863;459;0;0;2;0;4;0;0;0;2;1;2
6881;2044;459;0;0;4;0;2;0;0;0;2;1;2
6882;1723;459;1;0;0;0;0;3;0;0;4;2;3
6883;2493;459;0;0;0;0;0;0;0;5;3;1;2
6884;536;459;1;0;0;0;0;0;0;5;4;1;2
6885;3079;459;0;0;4;0;2;0;3;0;2;2;2
6886;1674;460;1;0;0;0;0;0;0;3;4;2;1
6887;1173;460;1;0;0;0;0;0;2;5;3;1;2
6888;2044;460;0;0;2;0;3;0;0;0;2;3;2
6889;3084;460;0;0;3;0;0;0;0;0;3;3;2
6890;1832;460;1;0;0;0;0;0;0;2;4;2;2
6891;554;460;1;0;0;0;0;4;0;0;4;1;3
6892;1260;460;0;0;1;0;0;0;1;0;3;2;2
6893;1354;460;1;0;0;0;0;4;0;0;5;3;3
6894;444;460;1;0;0;0;0;5;0;0;5;4;3
6895;2493;460;1;0;0;0;0;0;0;3;4;1;3
6896;1723;460;1;0;0;0;0;3;0;0;4;3;3
6897;1153;460;1;0;1;0;0;0;0;2;3;1;1
6898;863;460;0;0;3;0;4;0;0;0;2;3;1
6899;1157;460;0;0;4;0;0;0;2;0;3;2;2
6900;536;460;1;0;0;0;0;5;0;0;5;3;4
6901;1674;461;1;0;0;0;0;5;4;0;5;4;2
6902;1153;461;1;0;0;0;0;0;0;5;3;1;5
6903;1354;461;1;0;0;0;0;4;0;0;5;2;5
6904;1832;461;0;0;0;0;0;0;0;5;3;1;5
6905;536;461;1;0;0;0;0;3;0;0;3;1;5
6906;1173;461;1;0;0;0;0;0;0;5;3;1;5
6907;444;461;0;0;0;0;0;0;0;5;3;1;5
6908;554;461;1;0;0;0;0;0;0;5;3;1;5
6909;1723;461;1;0;0;0;0;4;0;0;4;2;5
6910;1157;461;0;0;0;2;0;0;0;3;2;1;4
6911;2044;461;0;0;0;0;3;0;0;2;2;2;4
6912;1260;461;0;0;0;0;0;0;0;5;3;1;5
6913;2493;461;0;0;0;1;0;0;0;4;3;1;5
6914;3084;461;1;0;0;0;4;0;0;0;2;3;4
6915;863;461;1;0;0;0;0;0;4;0;3;2;5
6916;1674;462;1;0;0;0;0;3;0;0;3;3;2
6917;554;462;1;0;0;0;0;4;0;0;4;2;3
6918;536;462;1;0;0;0;0;0;0;4;3;1;3
6919;1832;462;1;0;0;0;0;0;0;5;3;2;3
6920;1260;462;0;0;0;0;0;0;0;5;3;2;3
6921;1354;462;1;0;0;0;0;4;3;0;5;4;4
6922;2044;462;0;0;0;0;2;0;0;0;2;1;2
6923;1157;462;1;0;0;0;0;0;0;3;3;2;3
6924;1153;462;1;0;0;0;0;0;3;0;3;1;3
6925;444;462;1;0;0;0;0;3;0;0;4;3;4
6926;1723;462;1;0;0;0;0;3;2;0;4;2;3
6927;3084;462;0;0;3;0;0;0;0;0;2;3;2
6928;1173;462;0;0;0;0;0;1;0;3;3;1;3
6929;2493;462;1;0;0;0;0;0;0;3;3;1;4
6930;863;462;1;0;2;0;2;0;3;0;2;3;2
6931;1674;463;1;0;0;0;0;4;0;0;5;4;2
6932;1260;463;0;0;0;0;0;0;0;3;3;1;2
6933;554;463;1;0;0;0;0;3;0;0;4;2;3
6934;1832;463;0;0;0;2;0;0;0;0;2;2;4
6935;1173;463;0;0;0;0;0;0;0;2;2;2;3
6936;863;463;1;0;0;0;0;0;3;0;4;3;2
6937;1153;463;1;0;0;0;0;0;3;0;3;1;2
6938;3084;463;0;0;3;0;0;0;0;0;2;2;4
6939;2044;463;0;0;0;0;2;0;0;0;2;2;2
6940;1157;463;1;0;0;0;0;0;3;0;3;2;2
6941;2493;463;0;0;0;4;0;0;0;0;2;3;2
6942;1723;463;1;0;0;0;0;5;0;0;4;3;2
6943;536;463;0;2;0;0;0;0;0;0;2;2;2
6944;444;463;0;0;0;0;2;0;0;0;2;2;3
6945;1354;463;1;0;0;0;0;0;2;0;3;2;2
6946;1674;464;1;0;0;0;0;4;0;0;5;2;2
6947;554;464;1;0;0;0;0;4;0;0;4;2;3
6948;444;464;1;0;0;0;0;4;0;0;5;3;3
6949;863;464;1;0;0;0;0;0;0;3;3;3;2
6950;1153;464;1;0;0;0;0;4;0;0;4;3;3
6951;1354;464;1;0;0;0;0;5;0;0;5;5;3
6952;1260;464;1;0;0;0;0;4;0;0;4;3;3
6953;536;464;1;0;0;0;0;4;0;0;4;4;3
6954;1173;464;1;0;0;0;0;4;0;0;4;4;3
6955;3084;464;1;0;3;0;0;0;0;0;3;3;2
6956;2493;464;1;0;0;0;0;0;0;3;3;3;3
6957;1832;464;1;0;0;0;0;4;0;0;4;3;3
6958;1157;464;1;0;0;0;0;4;0;0;4;4;3
6959;1723;464;1;0;0;0;0;4;0;0;5;4;2
6960;2044;464;1;0;0;0;4;0;0;0;2;3;2
6961;1476;465;1;0;0;0;4;0;0;0;4;2;4
6962;668;465;1;0;0;0;0;3;0;3;4;3;4
6963;905;465;1;0;0;0;0;0;0;5;3;1;3
6964;1231;465;1;0;0;0;0;0;3;0;4;1;3
6965;2355;465;1;0;0;0;0;4;0;0;5;4;4
6966;22;465;1;0;0;2;0;0;0;4;3;4;2
6967;2157;465;1;0;0;0;0;0;2;5;3;2;3
6968;2031;465;0;0;0;0;4;0;0;0;2;3;4
6969;1758;465;1;0;0;0;2;0;0;4;3;3;3
6970;765;465;0;0;0;0;0;0;4;0;3;3;4
6971;575;465;1;0;0;0;0;5;0;2;5;4;5
6972;2846;465;0;0;0;0;0;0;0;5;3;3;3
6973;2862;465;1;0;0;0;0;0;5;0;4;2;3
6974;2354;465;1;0;0;0;0;0;4;3;5;4;5
6975;2931;465;1;0;0;0;0;0;0;4;4;3;5
6976;2846;466;1;0;0;0;0;0;0;4;3;3;3
6977;905;466;1;3;0;0;3;0;0;0;2;2;4
6978;2157;466;1;0;0;0;0;4;0;0;4;2;5
6979;668;466;1;0;0;0;0;0;0;3;3;3;4
6980;2355;466;1;0;0;0;0;4;0;0;4;2;4
6981;1758;466;1;0;4;0;0;0;0;0;2;2;4
6982;575;466;1;0;0;0;0;5;0;0;5;4;4
6983;2862;466;1;0;0;0;0;0;0;3;3;2;4
6984;22;466;1;0;0;2;0;0;0;0;2;1;3
6985;2931;466;1;0;0;0;0;4;0;0;4;3;2
6986;1476;466;1;0;2;0;0;3;0;0;3;2;4
6987;1231;466;1;0;0;0;0;4;0;0;4;4;4
6988;2031;466;1;0;0;0;2;0;0;0;2;2;3
6989;2354;466;1;0;3;0;0;0;0;0;3;2;3
6990;765;466;1;4;0;5;4;0;0;0;2;1;2
6991;765;467;0;2;0;3;0;0;0;0;3;1;3
6992;22;467;0;0;0;2;0;0;0;0;2;1;1
6993;2157;467;1;0;0;0;0;0;2;4;3;2;3
6994;2354;467;1;2;0;0;2;0;0;0;3;2;3
6995;1231;467;1;0;0;0;0;3;4;0;4;3;5
6996;575;467;1;0;0;0;0;4;0;0;3;4;3
6997;2355;467;1;0;0;0;0;3;0;0;2;2;3
6998;2931;467;1;0;0;0;0;0;2;0;3;3;3
6999;668;467;1;0;0;0;0;5;0;0;4;4;5
7000;905;467;1;0;2;0;3;0;0;0;2;1;3
7001;1758;467;0;0;2;0;3;0;0;0;2;1;3
7002;2846;467;0;0;0;0;3;0;0;0;2;1;1
7003;2031;467;1;0;0;0;2;0;0;0;2;2;1
7004;2862;467;1;0;0;0;0;4;5;0;5;3;4
7005;1476;467;1;3;0;0;0;0;0;0;3;3;3
7006;2931;468;1;2;0;0;0;2;4;0;4;3;2
7007;2354;468;1;0;2;0;1;0;0;3;3;2;2
7008;22;468;0;0;3;4;0;0;0;0;2;4;2
7009;2355;468;1;0;0;0;0;3;3;0;4;3;2
7010;1231;468;1;0;1;0;0;3;0;0;3;2;3
7011;668;468;1;0;0;0;0;2;2;3;5;2;4
7012;2031;468;0;0;2;0;2;0;0;0;3;2;3
7013;2157;468;1;0;0;0;0;4;0;0;4;2;4
7014;2846;468;0;0;0;0;4;0;0;0;2;3;2
7015;575;468;1;0;0;0;0;4;3;0;5;4;3
7016;1476;468;1;0;0;0;0;3;2;0;3;2;2
7017;765;468;0;2;0;2;2;0;1;0;2;2;3
7018;905;468;0;3;3;0;2;0;0;0;2;3;2
7019;2862;468;1;0;0;2;0;3;3;0;3;4;3
7020;1758;468;0;0;2;0;3;0;0;0;2;2;2
7021;127;469;1;0;0;0;0;4;4;0;3;4;3
7022;1832;469;1;0;0;0;0;0;0;3;4;2;3
7023;444;469;1;0;0;0;0;4;0;0;4;5;4
7024;1173;469;0;0;0;0;0;0;0;3;2;1;2
7025;2493;469;0;3;0;0;0;0;0;0;4;2;4
7026;1153;469;1;0;0;0;0;3;4;0;4;5;4
7027;1354;469;1;0;0;0;0;5;3;0;3;3;4
7028;863;469;1;0;0;0;0;0;3;0;5;3;5
7029;1723;469;1;0;0;0;0;4;4;0;3;4;3
7030;554;469;1;0;0;0;0;4;3;0;3;4;3
7031;2044;469;0;0;3;0;4;0;0;0;2;2;3
7032;536;469;1;0;0;0;0;3;3;0;2;4;5
7033;3084;469;0;2;3;0;4;0;0;0;2;1;1
7034;1157;469;0;0;3;2;0;0;0;0;2;2;2
7035;1260;469;0;0;0;0;0;0;0;3;1;1;1
7036;1758;470;0;0;0;0;2;0;0;0;3;1;1
7037;2931;470;1;0;0;0;0;0;3;0;3;2;3
7038;2354;470;1;0;0;0;0;0;0;3;3;1;3
7039;2157;470;1;0;0;0;0;0;4;0;3;3;3
7040;1231;470;1;0;0;0;0;0;4;0;4;4;4
7041;575;470;1;0;0;0;0;5;0;0;5;3;4
7042;1476;470;1;0;0;0;4;0;0;0;3;4;4
7043;668;470;1;0;0;0;0;4;0;0;4;3;5
7044;2846;470;0;0;0;0;3;0;0;0;2;4;3
7045;2862;470;1;0;0;0;0;0;0;3;4;2;4
7046;2031;470;0;0;0;0;2;0;0;0;4;3;4
7047;2355;470;1;0;3;0;0;0;0;0;4;3;5
7048;765;470;0;0;0;0;4;0;0;0;1;1;3
7049;22;470;0;0;0;5;0;0;0;0;1;3;2
7050;905;470;1;0;0;0;0;0;0;4;3;2;4
7051;1063;471;1;0;0;0;0;0;0;3;3;1;3
7052;707;471;1;0;0;0;0;0;0;3;3;3;3
7053;1698;471;1;0;0;0;0;0;0;3;3;5;4
7054;1829;471;1;0;1;0;0;0;0;0;3;1;2
7055;1531;471;0;0;0;0;0;0;3;0;3;4;2
7056;950;471;0;2;0;5;0;0;4;0;2;3;1
7057;1248;471;1;0;0;0;0;5;4;0;5;4;4
7058;1981;471;0;0;0;0;0;0;4;0;3;4;4
7059;1447;471;1;0;0;0;0;5;5;0;5;5;5
7060;2256;471;1;0;3;0;0;0;5;0;2;3;2
7061;2019;471;0;0;1;0;1;0;4;0;2;3;1
7062;2048;471;0;0;0;0;0;0;0;5;3;3;4
7063;2432;471;1;0;0;0;0;4;4;0;5;2;3
7064;229;471;1;2;1;0;0;5;4;0;5;5;5
7065;127;471;1;0;0;0;0;4;4;0;5;2;3
7066;2432;472;1;0;0;0;0;4;0;0;5;1;5
7067;1829;472;1;0;3;0;0;0;0;0;4;4;2
7068;1447;472;1;0;0;0;2;0;0;0;3;2;4
7069;1698;472;1;0;0;0;0;5;0;0;5;1;5
7070;1531;472;0;0;0;0;0;0;3;0;3;3;1
7071;2019;472;1;0;0;0;5;0;0;0;1;2;3
7072;1248;472;1;0;0;0;0;5;0;0;5;1;5
7073;229;472;0;0;5;0;0;0;0;0;1;5;1
7074;707;472;1;0;0;0;0;0;3;0;3;2;4
7075;2048;472;1;0;0;0;5;0;0;0;1;2;3
7076;2256;472;0;0;0;0;0;0;0;4;3;1;4
7077;950;472;0;0;0;5;0;0;0;0;1;2;2
7078;1981;472;0;0;0;0;5;0;0;0;1;1;3
7079;1063;472;1;0;0;0;0;2;0;0;4;1;5
7080;127;472;1;0;0;0;0;4;0;0;5;1;4
7081;950;473;1;0;0;0;0;0;0;5;3;1;1
7082;707;473;1;0;0;0;0;0;0;5;1;1;1
7083;2019;473;1;0;0;0;4;0;0;0;4;2;2
7084;1447;473;1;0;5;0;0;0;0;0;4;5;3
7085;2048;473;1;0;0;0;5;0;0;0;5;4;2
7086;2432;473;1;0;0;0;0;0;4;0;4;5;2
7087;1063;473;1;0;0;0;0;0;0;5;4;5;4
7088;1531;473;1;0;0;0;0;0;0;5;1;1;1
7089;1248;473;1;0;0;0;0;5;0;0;5;1;1
7090;1981;473;1;0;0;0;5;0;0;0;5;4;3
7091;1829;473;1;0;0;0;0;4;0;0;5;3;3
7092;229;473;1;0;4;0;0;0;0;0;4;5;4
7093;2256;473;1;0;0;0;0;4;0;0;4;4;4
7094;1698;473;1;0;0;0;0;4;0;0;5;4;4
7095;127;473;1;0;0;0;0;5;0;0;5;3;5
7096;950;474;0;0;0;4;5;0;0;0;1;1;1
7097;1698;474;1;0;0;0;0;3;0;5;2;2;1
7098;1981;474;0;0;5;0;3;0;0;0;1;1;1
7099;1447;474;0;0;5;0;0;0;0;0;1;1;2
7100;2019;474;0;0;0;0;4;0;0;0;1;1;1
7101;1248;474;0;0;0;0;0;0;0;3;1;1;1
7102;1531;474;1;0;0;0;0;0;0;5;1;1;1
7103;2256;474;1;0;0;0;0;0;0;4;1;1;1
7104;229;474;0;0;5;0;0;0;5;0;1;1;5
7105;1829;474;1;0;0;0;0;0;0;5;1;1;1
7106;707;474;1;0;0;0;0;0;0;5;1;1;1
7107;2048;474;0;0;0;0;2;0;0;0;1;1;1
7108;1063;474;1;0;0;0;0;0;0;3;1;1;1
7109;2432;474;1;0;0;0;0;0;0;5;1;1;1
7110;127;474;0;0;0;0;0;2;0;0;1;1;1
7111;1412;475;0;0;0;0;0;0;0;5;3;1;3
7112;2432;475;1;0;0;0;0;4;0;0;5;4;4
7113;707;475;1;0;0;0;0;0;0;2;3;1;1
7114;1981;475;0;0;0;0;4;0;0;0;1;1;3
7115;1248;475;1;0;0;0;0;4;0;0;5;5;4
7116;2019;475;0;0;0;0;4;0;0;0;1;1;2
7117;1447;475;1;0;3;0;0;0;0;0;3;3;3
7118;950;475;0;0;0;0;5;0;0;0;1;1;3
7119;1698;475;1;0;0;0;0;4;0;0;5;5;5
7120;1063;475;1;0;0;0;0;0;0;4;5;3;3
7121;229;475;0;0;4;0;0;0;0;0;1;1;5
7122;2048;475;0;0;0;0;4;0;0;0;1;1;3
7123;1829;475;1;0;0;0;0;0;0;4;4;1;3
7124;1531;475;1;0;0;0;0;0;0;4;3;3;1
7125;2256;475;1;0;0;0;0;0;0;4;3;2;1
7126;2141;476;1;0;0;0;0;0;0;5;3;1;2
7127;229;476;0;0;5;0;0;0;0;0;2;5;5
7128;2019;476;1;0;0;0;5;0;0;0;2;4;4
7129;1829;476;1;0;0;0;0;0;0;5;4;1;3
7130;1248;476;1;0;0;0;0;0;5;0;4;2;3
7131;1981;476;1;0;0;0;5;0;0;0;2;1;4
7132;1531;476;1;0;0;0;0;5;3;0;5;3;4
7133;2048;476;1;0;0;0;4;0;0;0;2;1;4
7134;2432;476;1;0;4;0;0;5;0;0;5;4;5
7135;1447;476;1;0;0;0;0;0;5;0;3;5;5
7136;950;476;0;0;0;0;5;0;0;0;1;1;5
7137;707;476;0;0;0;3;0;0;0;3;1;1;1
7138;1063;476;1;0;0;0;0;5;0;0;5;3;3
7139;2256;476;1;0;0;0;0;5;4;0;5;3;4
7140;1698;476;1;0;0;0;0;5;0;0;5;4;4
7141;717;477;0;0;0;0;3;0;0;0;2;1;2
7142;1531;477;1;0;0;0;0;0;0;3;3;1;2
7143;1063;477;1;0;0;0;0;5;0;0;5;3;3
7144;1248;477;1;0;0;0;0;4;0;0;3;2;2
7145;2256;477;1;0;0;0;0;3;0;0;3;2;2
7146;2048;477;0;0;0;0;5;0;0;0;1;1;1
7147;1447;477;1;0;0;0;0;0;3;0;3;2;2
7148;1829;477;1;0;0;0;0;3;0;0;3;2;3
7149;2019;477;0;0;0;0;3;0;0;0;2;2;2
7150;1698;477;1;0;0;0;0;5;0;0;2;2;2
7151;707;477;0;0;0;0;0;0;0;2;1;1;1
7152;2432;477;1;0;0;0;0;5;0;0;2;2;2
7153;950;477;0;5;0;0;0;0;0;0;2;2;2
7154;229;477;0;0;5;0;0;0;0;0;1;1;1
7155;1981;477;0;0;0;0;1;0;0;0;2;2;2
7156;520;478;1;0;0;0;0;0;0;4;3;2;2
7157;1447;478;1;0;0;0;0;3;0;0;5;4;3
7158;1829;478;1;0;0;0;0;0;0;3;3;2;2
7159;1063;478;1;0;0;0;0;3;0;0;3;2;2
7160;2048;478;1;0;0;0;4;0;0;0;1;4;4
7161;2432;478;1;0;0;0;0;4;0;0;5;3;3
7162;1248;478;1;0;0;0;0;5;0;0;5;5;4
7163;229;478;1;0;4;0;0;0;4;0;1;5;5
7164;707;478;0;0;0;0;0;0;0;3;3;3;3
7165;1698;478;1;0;0;0;0;4;0;0;5;4;4
7166;950;478;1;4;0;0;0;0;0;0;1;5;4
7167;1981;478;1;0;0;0;3;0;0;0;4;3;3
7168;1531;478;1;0;0;0;0;0;0;3;3;1;1
7169;2019;478;1;0;4;0;5;0;0;0;1;5;4
7170;2256;478;1;0;0;0;0;0;0;3;3;1;1
7171;424;479;1;0;0;0;0;4;0;0;4;3;3
7172;1809;479;1;0;0;0;4;0;0;0;2;3;3
7173;1547;479;1;0;0;0;0;0;0;5;3;2;2
7174;1001;479;1;0;0;0;0;0;0;5;3;2;1
7175;81;479;1;0;0;0;0;0;0;4;3;2;2
7176;1252;479;1;0;0;0;0;2;0;0;3;2;2
7177;185;479;1;0;0;0;0;0;2;0;3;2;2
7178;2377;479;1;0;0;0;0;5;0;0;3;4;4
7179;1270;479;1;0;0;0;0;0;0;3;3;2;2
7180;1613;479;1;0;0;0;0;3;0;0;3;2;2
7181;1866;479;1;0;0;0;0;0;3;0;3;3;3
7182;2606;479;0;0;0;2;0;0;0;0;3;3;3
7183;512;479;1;0;0;0;0;5;0;0;3;3;3
7184;1985;479;1;0;0;0;3;0;0;0;3;3;3
7185;1412;479;1;0;0;0;0;0;0;3;3;2;2
7186;1742;480;1;0;0;0;0;0;3;0;5;1;3
7187;1829;480;1;0;0;0;0;4;0;0;5;3;3
7188;2019;480;1;0;0;0;5;0;0;0;3;1;1
7189;1981;480;0;0;0;0;5;0;0;0;1;1;1
7190;2256;480;1;0;0;0;0;0;0;5;3;2;4
7191;707;480;1;0;0;0;0;2;3;0;4;3;3
7192;1063;480;1;0;0;0;0;0;0;2;4;3;5
7193;950;480;0;5;0;5;0;0;0;0;1;5;1
7194;2048;480;0;0;0;0;4;0;0;0;1;1;1
7195;229;480;0;0;5;0;0;0;3;0;1;1;1
7196;1698;480;1;0;0;0;0;4;0;0;5;4;4
7197;1447;480;1;0;2;0;0;0;0;0;3;4;3
7198;1248;480;1;0;0;0;0;0;0;3;3;2;3
7199;2432;480;1;0;0;0;0;4;0;0;4;4;4
7200;1531;480;1;0;0;0;0;0;0;2;3;3;3
7201;2972;481;1;0;0;0;0;2;0;0;3;2;1
7202;306;481;1;0;0;0;0;3;0;0;4;2;2
7203;1163;481;1;0;0;0;3;0;0;0;2;2;2
7204;398;481;1;0;0;0;0;4;0;0;4;2;2
7205;2290;481;0;0;0;0;0;0;0;4;3;1;1
7206;359;481;0;0;3;0;0;0;4;0;2;3;3
7207;971;481;0;1;2;2;5;0;0;0;1;3;2
7208;1992;481;0;0;0;0;3;0;2;0;2;2;1
7209;1109;481;0;0;0;0;0;0;2;3;3;1;1
7210;479;481;1;0;0;0;0;2;0;3;4;2;1
7211;294;481;1;0;0;0;0;3;4;0;4;3;2
7212;2100;481;1;0;2;0;0;3;0;0;4;3;2
7213;2141;481;1;0;2;0;0;4;0;0;3;3;2
7214;717;481;0;0;4;1;4;0;2;0;2;3;3
7215;1412;481;1;0;0;0;0;4;2;0;5;3;3
7216;520;482;1;0;0;0;0;0;4;0;4;4;4
7217;2972;482;1;0;0;0;0;5;0;0;5;3;4
7218;1270;482;1;0;0;0;0;0;0;4;3;3;3
7219;1809;482;1;0;0;0;3;0;0;0;3;3;3
7220;294;482;1;0;0;0;0;0;0;3;3;2;3
7221;1547;482;1;0;0;0;0;0;0;4;3;2;2
7222;359;482;1;0;0;0;3;0;4;0;3;1;3
7223;1985;482;1;0;0;0;0;0;0;4;2;1;2
7224;398;482;1;0;0;0;0;3;0;0;3;2;2
7225;81;482;1;0;0;0;0;3;0;0;3;2;2
7226;2100;482;1;0;0;0;0;4;0;0;4;4;4
7227;306;482;1;0;0;0;0;4;0;0;5;3;3
7228;717;482;1;0;0;0;4;0;0;0;3;2;2
7229;2141;482;1;0;0;0;4;4;0;0;4;3;4
7230;1412;482;1;0;0;0;0;0;0;3;3;1;1
7231;2972;483;1;0;0;0;0;4;0;0;4;3;4
7232;359;483;1;0;0;0;3;0;4;5;4;4;4
7233;398;483;1;0;0;0;0;3;0;5;4;4;4
7234;1809;483;1;0;0;0;4;0;0;3;4;3;3
7235;294;483;0;3;4;0;0;0;0;0;2;5;3
7236;520;483;1;0;0;0;0;5;0;0;5;4;4
7237;1270;483;0;0;0;3;0;0;0;5;4;3;3
7238;2100;483;1;0;3;0;0;4;4;0;4;3;4
7239;81;483;0;0;4;0;0;0;3;0;2;4;3
7240;306;483;1;0;0;0;0;4;3;0;4;3;4
7241;1985;483;0;0;4;0;4;0;0;0;4;4;3
7242;1547;483;1;3;0;0;0;0;0;4;3;3;3
7243;2141;483;1;0;0;0;0;4;3;0;5;3;4
7244;717;483;1;3;4;3;4;0;0;0;2;4;3
7245;1412;483;1;0;0;0;0;5;4;0;5;3;4
7246;2972;484;1;0;0;0;0;4;0;0;4;3;4
7247;359;484;1;0;0;0;3;0;4;5;4;4;4
7248;398;484;1;0;0;0;0;3;0;5;4;4;4
7249;1809;484;1;0;0;0;4;0;0;3;4;3;3
7250;294;484;0;3;4;0;0;0;0;0;2;5;3
7251;520;484;1;0;0;0;0;5;0;0;5;4;4
7252;1270;484;0;0;0;3;0;0;0;5;4;3;3
7253;2100;484;1;0;3;0;0;4;4;0;4;3;4
7254;81;484;0;0;4;0;0;0;3;0;2;4;3
7255;306;484;1;0;0;0;0;4;3;0;4;3;4
7256;1985;484;0;0;4;0;4;0;0;0;4;4;3
7257;1547;484;1;3;0;0;0;0;0;4;3;3;3
7258;2141;484;1;0;0;0;0;4;3;0;5;3;4
7259;717;484;1;3;4;3;4;0;0;0;2;4;3
7260;1412;484;1;0;0;0;0;5;4;0;5;3;4
7261;1163;485;1;0;0;0;0;0;0;2;3;1;1
7262;971;485;1;0;0;0;0;0;0;3;3;1;1
7263;1866;485;1;0;0;0;0;3;0;0;3;2;2
7264;1809;485;0;0;1;2;1;0;0;0;3;1;2
7265;359;485;0;0;0;4;0;0;0;0;3;2;3
7266;81;485;1;0;0;0;0;2;0;0;3;2;2
7267;520;485;1;0;0;0;0;5;0;0;3;4;4
7268;1985;485;0;0;2;0;4;0;0;0;3;2;3
7269;1270;485;1;0;0;0;0;2;0;0;3;1;2
7270;1547;485;1;0;0;0;0;4;0;0;3;3;2
7271;2100;485;1;0;4;0;0;3;0;0;3;3;3
7272;2972;485;1;0;0;0;3;3;0;0;3;3;3
7273;398;485;1;0;0;0;0;4;0;0;3;2;3
7274;306;485;1;0;0;0;0;3;0;0;3;3;3
7275;294;485;1;0;1;0;0;4;0;0;4;4;2
7276;1742;486;1;0;0;0;0;0;0;3;3;1;1
7277;2377;486;1;0;0;0;0;1;0;0;4;1;2
7278;1992;486;1;0;0;0;0;0;1;3;3;1;1
7279;424;486;0;0;1;1;0;0;3;0;2;1;2
7280;1252;486;1;0;0;0;0;1;0;3;3;1;1
7281;2290;486;1;0;0;0;0;1;0;3;4;1;1
7282;1001;486;1;0;0;0;0;0;2;0;3;1;1
7283;1109;486;1;0;0;0;0;0;0;4;3;1;1
7284;1613;486;1;0;0;0;0;3;0;0;4;2;2
7285;2606;486;1;0;0;0;0;0;0;3;3;1;1
7286;479;486;1;0;0;0;0;0;0;3;3;1;1
7287;512;486;1;0;0;0;0;4;0;0;5;2;2
7288;971;486;0;1;0;3;2;0;0;0;2;1;1
7289;1866;486;0;0;0;0;0;0;3;0;2;1;2
7290;1163;486;1;0;0;0;0;1;0;3;4;1;1
7291;512;487;1;0;0;0;0;0;0;4;5;5;3
7292;1109;487;1;0;0;0;0;5;0;0;5;5;4
7293;1613;487;1;0;0;0;0;0;4;0;5;5;4
7294;1001;487;1;0;0;0;0;0;0;3;3;2;2
7295;479;487;1;0;0;0;0;5;0;0;5;5;5
7296;1742;487;0;0;0;0;4;0;0;0;1;1;1
7297;424;487;1;0;0;0;0;5;0;0;5;5;4
7298;2377;487;1;0;0;0;0;4;0;0;5;5;3
7299;1992;487;0;0;0;0;5;0;0;0;1;1;1
7300;2606;487;0;0;0;0;0;0;2;0;4;4;3
7301;2290;487;0;0;0;0;0;0;0;2;3;1;1
7302;1252;487;1;0;0;0;0;2;0;0;4;3;2
7303;971;487;0;0;4;0;0;0;0;0;1;1;1
7304;1866;487;1;0;0;0;0;0;3;0;4;4;3
7305;1163;487;1;0;0;0;0;0;0;3;3;2;2
7306;424;488;1;0;0;0;0;0;0;4;3;2;1
7307;1742;488;1;0;0;0;0;0;0;5;2;2;2
7308;1109;488;1;0;0;0;0;0;0;5;3;1;1
7309;512;488;1;0;0;0;0;4;0;0;5;4;3
7310;1001;488;1;0;0;0;0;0;0;5;3;2;2
7311;2606;488;1;0;0;3;0;0;0;0;3;3;2
7312;1613;488;1;0;0;0;0;5;0;0;4;3;3
7313;2377;488;1;0;0;0;0;5;0;0;5;3;3
7314;1252;488;1;0;0;2;0;0;0;0;3;2;2
7315;1992;488;1;0;0;0;4;0;0;0;2;3;3
7316;2290;488;1;0;0;0;0;0;0;4;2;2;2
7317;479;488;1;0;0;0;0;4;0;0;4;3;3
7318;971;488;1;0;4;0;0;0;0;0;2;3;2
7319;1866;488;1;0;0;0;0;0;4;0;4;3;3
7320;1163;488;1;0;0;0;0;0;0;5;3;2;2
7321;1006;489;1;0;0;0;0;0;0;1;3;1;3
7322;1304;489;1;0;0;0;0;4;0;0;4;3;3
7323;185;489;1;0;0;0;0;0;0;1;3;1;3
7324;1613;489;1;0;0;0;0;4;0;0;4;3;3
7325;2290;489;1;0;0;0;0;3;0;0;4;3;3
7326;512;489;1;0;0;0;0;3;0;0;4;2;3
7327;1252;489;1;0;0;0;0;0;0;1;3;1;2
7328;479;489;1;0;0;0;0;3;0;0;4;3;3
7329;1109;489;1;0;0;0;0;3;0;0;4;2;2
7330;1742;489;1;0;0;0;2;0;0;0;3;3;3
7331;2606;489;1;0;0;0;0;2;0;0;3;3;3
7332;1001;489;1;0;0;0;0;0;0;1;3;1;2
7333;2377;489;1;0;0;0;0;3;0;0;3;3;3
7334;424;489;1;0;0;0;0;4;0;0;4;4;3
7335;1992;489;1;0;0;0;2;0;0;0;3;3;3
7336;495;490;1;0;0;0;0;0;0;4;4;1;3
7337;2898;490;1;0;0;0;0;0;0;3;5;1;3
7338;439;490;1;0;0;0;0;5;0;0;5;2;3
7339;995;490;1;0;0;0;0;5;0;0;5;3;3
7340;1145;490;1;0;0;0;0;0;0;3;3;1;3
7341;541;490;1;0;0;0;0;0;4;0;4;2;4
7342;1836;490;1;0;0;0;0;3;0;0;5;3;4
7343;1212;490;1;0;0;0;0;4;0;0;5;2;3
7344;1278;490;1;0;0;2;0;3;0;0;3;1;4
7345;1682;490;1;0;0;0;0;5;0;0;5;3;4
7346;1161;490;1;0;0;0;0;0;0;3;3;1;3
7347;1831;490;1;0;0;0;0;0;0;3;3;1;3
7348;1006;490;1;0;0;0;0;0;0;3;3;1;3
7349;1304;490;1;0;0;0;0;0;0;3;3;1;3
7350;185;490;1;0;0;0;0;4;0;0;5;2;3
7351;1145;491;0;0;0;0;1;0;0;4;3;1;1
7352;495;491;1;0;0;0;0;3;1;2;4;4;4
7353;541;491;1;0;0;0;0;3;3;2;4;4;4
7354;439;491;1;0;0;0;0;2;0;3;4;2;3
7355;2898;491;1;0;0;1;0;4;4;0;5;4;4
7356;995;491;0;0;0;0;0;0;0;4;3;1;1
7357;1831;491;1;0;0;0;0;0;0;4;3;1;2
7358;1682;491;1;0;0;0;0;4;4;0;5;4;4
7359;1836;491;1;0;0;0;0;0;4;0;4;3;3
7360;1278;491;0;2;0;0;0;0;0;5;3;2;1
7361;1161;491;1;0;0;0;0;0;4;0;4;3;3
7362;1212;491;0;0;0;0;0;0;0;5;4;2;2
7363;1304;491;0;0;0;0;0;0;0;5;3;2;2
7364;1006;491;0;0;2;3;0;0;0;4;3;2;2
7365;185;491;1;0;3;0;0;1;3;0;5;4;4
7366;1145;492;1;0;0;0;0;0;0;4;4;2;3
7367;1161;492;1;0;0;0;0;0;5;0;4;4;3
7368;995;492;0;0;2;0;0;0;0;0;3;2;2
7369;439;492;1;0;0;0;0;5;0;0;5;4;4
7370;1836;492;1;0;0;0;0;0;0;3;3;2;2
7371;541;492;1;0;0;0;0;0;0;3;3;1;1
7372;1682;492;1;0;0;0;0;0;4;0;4;3;3
7373;2898;492;1;0;0;1;0;0;0;0;3;2;2
7374;1212;492;1;0;0;0;0;2;0;0;4;2;1
7375;495;492;1;0;0;0;0;0;4;0;5;4;3
7376;1278;492;1;0;0;0;0;0;0;4;3;2;1
7377;1831;492;1;0;0;0;0;3;0;0;4;3;3
7378;1304;492;1;0;0;0;0;2;0;0;4;2;2
7379;1006;492;0;0;0;0;0;0;0;4;3;1;1
7380;185;492;1;0;0;0;0;0;0;4;3;2;1
7381;1501;493;1;0;5;0;0;0;2;0;3;4;4
7382;541;493;1;0;0;0;2;4;0;0;4;3;4
7383;1212;493;1;0;0;0;0;4;4;0;5;4;5
7384;1145;493;1;0;0;0;0;0;0;5;4;3;3
7385;2898;493;1;0;0;4;0;0;3;0;4;4;4
7386;995;493;1;0;4;0;0;0;3;0;2;4;4
7387;1836;493;1;0;0;0;0;0;0;5;3;3;4
7388;1831;493;1;0;0;0;0;4;3;0;5;3;5
7389;439;493;0;0;0;0;0;0;0;4;2;2;2
7390;495;493;1;0;0;0;0;5;0;0;5;5;5
7391;1278;493;0;0;0;0;0;0;0;4;2;1;2
7392;1682;493;1;0;0;0;0;5;0;0;5;5;5
7393;1161;493;1;0;0;0;0;0;0;5;3;2;2
7394;1304;493;1;0;0;0;0;4;0;0;5;4;4
7395;1006;493;0;0;5;0;0;0;0;0;1;3;5
7396;1577;494;1;0;0;0;0;5;0;0;4;3;3
7397;1837;494;1;0;0;0;0;0;0;3;3;2;2
7398;1501;494;1;0;0;0;0;2;3;0;3;2;3
7399;439;494;1;0;0;0;0;0;0;3;3;1;1
7400;1831;494;1;0;0;0;0;3;0;0;4;1;2
7401;995;494;0;0;3;0;0;0;0;0;2;1;3
7402;1278;494;1;0;0;0;0;0;0;5;3;1;1
7403;1212;494;1;0;0;0;0;0;0;5;3;1;1
7404;1161;494;1;0;0;0;0;0;3;0;4;1;2
7405;495;494;1;0;0;0;0;5;0;0;5;3;2
7406;1145;494;0;0;4;0;0;0;0;0;2;3;3
7407;1836;494;1;0;0;0;0;0;0;3;3;1;1
7408;1682;494;1;0;0;0;0;0;4;0;4;2;2
7409;2898;494;0;0;0;5;0;0;0;0;2;2;3
7410;541;494;1;0;0;0;0;3;0;0;4;1;1
